date,liquidity_factor
1978-06-13,-1.0274492771355423
1978-06-14,-1.0288592673589496
1978-06-15,-1.0280517421945459
1978-06-16,-1.0254113208286968
1978-06-17,-1.0244606838495112
1978-06-18,-1.0235370533174009
1978-06-19,-1.0222500669928112
1978-06-20,-1.021828593474859
1978-06-21,-1.0183884216846195
1978-06-22,-1.0103302539079873
1978-06-23,-1.009153664719708
1978-06-24,-1.0082677778826223
1978-06-25,-1.0074191018767074
1978-06-26,-1.012742576943459
1978-06-27,-1.0102191809912842
1978-06-28,-1.013749729740763
1978-06-29,-1.0144862874333889
1978-06-30,-1.0163287434715524
1978-07-01,-1.0154702879870043
1978-07-02,-1.0146140825094316
1978-07-03,-1.013754243636189
1978-07-04,-1.0128469746827802
1978-07-05,-1.01416130580977
1978-07-06,-1.0139504510929853
1978-07-07,-1.0140499741002424
1978-07-08,-1.0132007457923202
1978-07-09,-1.0123537232872462
1978-07-10,-1.0122904883208355
1978-07-11,-1.0166776765650267
1978-07-12,-1.016215860870388
1978-07-13,-1.0051787696668835
1978-07-14,-0.9994053959265088
1978-07-15,-0.9971384858854422
1978-07-16,-0.9964791025645909
1978-07-17,-1.0404741686094194
1978-07-18,-1.0320758094771747
1978-07-19,-1.0369129948523104
1978-07-20,-1.0484793626134834
1978-07-21,-1.0262926089270474
1978-07-22,-1.025313702089311
1978-07-23,-1.024670793448254
1978-07-24,-1.0333207190571172
1978-07-25,-0.9898021605768261
1978-07-26,-0.9780159173228051
1978-07-27,-0.9987342680911524
1978-07-28,-0.9234794885061542
1978-07-29,-0.9226825130046732
1978-07-30,-0.9219585674893196
1978-07-31,-0.8980954868661912
1978-08-01,-0.9189729712569981
1978-08-02,-0.8986497328617937
1978-08-03,-0.894266304385736
1978-08-04,-0.8918334169748781
1978-08-05,-0.8911650175917862
1978-08-06,-0.8902611486066707
1978-08-07,-0.8696449614035391
1978-08-08,-0.8637774548131573
1978-08-09,-0.864081523499604
1978-08-10,-0.8634473445424049
1978-08-11,-0.8608874423910733
1978-08-12,-0.8602677904414835
1978-08-13,-0.8595038571918165
1978-08-14,-0.8675531902841875
1978-08-15,-0.8653947113674969
1978-08-16,-0.8616390869885211
1978-08-17,-0.8667349713877652
1978-08-18,-0.8696147749977579
1978-08-19,-0.8689698443938993
1978-08-20,-0.8682049340687638
1978-08-21,-0.866148829673989
1978-08-22,-0.8668038001978435
1978-08-23,-0.8679423893917995
1978-08-24,-0.8640461056576278
1978-08-25,-0.866496298730088
1978-08-26,-0.8649590920481245
1978-08-27,-0.8643260924506158
1978-08-28,-0.8671875074043055
1978-08-29,-0.8652658231389612
1978-08-30,-0.8562470911472613
1978-08-31,-0.8530306905871113
1978-09-01,-0.8622954216846341
1978-09-02,-0.8616644708516292
1978-09-03,-0.8610963505289113
1978-09-04,-0.8600264145482343
1978-09-05,-0.8595546283407858
1978-09-06,-0.8568488633718377
1978-09-07,-0.8596114541536528
1978-09-08,-0.8607063099458536
1978-09-09,-0.8600781052342042
1978-09-10,-0.8594513457360093
1978-09-11,-0.8615015329246039
1978-09-12,-0.8616248940128877
1978-09-13,-0.8577469667026765
1978-09-14,-0.8576345557582565
1978-09-15,-0.8518221524533103
1978-09-16,-0.8512067181983243
1978-09-17,-0.8505706347486173
1978-09-18,-0.849247361787103
1978-09-19,-0.8471621402283456
1978-09-20,-0.8628556163027534
1978-09-21,-0.864823948769512
1978-09-22,-0.8643317658923853
1978-09-23,-0.8652460746141231
1978-09-24,-0.8645810043090816
1978-09-25,-0.8575738268934868
1978-09-26,-0.8562702797225383
1978-09-27,-0.8614696901429484
1978-09-28,-0.8713127164760905
1978-09-29,-0.8702326574013437
1978-09-30,-0.869595437647543
1978-10-01,-0.8689596933781609
1978-10-02,-0.8687889427028135
1978-10-03,-0.8632546033714219
1978-10-04,-0.8575087035914088
1978-10-05,-0.8572305039346424
1978-10-06,-0.8544897921102068
1978-10-07,-0.8538761850211417
1978-10-08,-0.8531418706087677
1978-10-09,-0.8515219100841362
1978-10-10,-0.8520198653843463
1978-10-11,-0.8761083825319532
1978-10-12,-0.8752339201417243
1978-10-13,-0.8862284656519517
1978-10-14,-0.885568944489667
1978-10-15,-0.8847259347774082
1978-10-16,-0.8940470348214957
1978-10-17,-0.8815501110902559
1978-10-18,-0.8950701992796275
1978-10-19,-0.8755518992390212
1978-10-20,-0.8831680184642816
1978-10-21,-0.882629166817029
1978-10-22,-0.8819983089354191
1978-10-23,-0.8747326593927336
1978-10-24,-0.911932468614666
1978-10-25,-0.8040984433566845
1978-10-26,-0.7833369014993371
1978-10-27,-0.8128828389373667
1978-10-28,-0.8127157268802132
1978-10-29,-0.8116494655063897
1978-10-30,-0.8075956109837561
1978-10-31,-0.7936650652985415
1978-11-01,-0.8052270242549079
1978-11-02,-0.8104870089224483
1978-11-03,-0.8052747223048922
1978-11-04,-0.8047231273653349
1978-11-05,-0.8041727270271575
1978-11-06,-0.8200197267033613
1978-11-07,-0.8125935389714101
1978-11-08,-0.799727361198443
1978-11-09,-0.8059015098013572
1978-11-10,-0.8138399035249297
1978-11-11,-0.8148051926446576
1978-11-12,-0.8103289963222724
1978-11-13,-0.8048109887077914
1978-11-14,-0.8018921144250472
1978-11-15,-0.7882823694591914
1978-11-16,-0.7830314467236501
1978-11-17,-0.782338545841573
1978-11-18,-0.7815987057275309
1978-11-19,-0.7810855379905706
1978-11-20,-0.7811662012490589
1978-11-21,-0.7805614032302365
1978-11-22,-0.7797619396708338
1978-11-23,-0.7792540496686642
1978-11-24,-0.7790215148713105
1978-11-25,-0.7785155391421773
1978-11-26,-0.7783520992598796
1978-11-27,-0.7752581482292012
1978-11-28,-0.7744021819359996
1978-11-29,-0.7691191176909575
1978-11-30,-0.7645252663844422
1978-12-01,-0.7613946304134795
1978-12-02,-0.7609121074961489
1978-12-03,-0.7603489126233016
1978-12-04,-0.7576468192987255
1978-12-05,-0.7536416516748654
1978-12-06,-0.7548164027858648
1978-12-07,-0.7544094226954825
1978-12-08,-0.7546518981310172
1978-12-09,-0.7542046964858398
1978-12-10,-0.7537339266936269
1978-12-11,-0.7518308628001937
1978-12-12,-0.7559118839363306
1978-12-13,-0.7496779092592247
1978-12-14,-0.7523744604128462
1978-12-15,-0.7522328397800004
1978-12-16,-0.7507858160814664
1978-12-17,-0.7503223572032381
1978-12-18,-0.7474083049028271
1978-12-19,-0.7535241130654825
1978-12-20,-0.7519262135267726
1978-12-21,-0.7718707563887124
1978-12-22,-0.7690617011209357
1978-12-23,-0.7682796153172154
1978-12-24,-0.7678335361541764
1978-12-25,-0.7673448908174656
1978-12-26,-0.7677518942930268
1978-12-27,-0.767215360439713
1978-12-28,-0.7673196152692697
1978-12-29,-0.7667952063226618
1978-12-30,-0.7663093256159746
1978-12-31,-0.7658244147136619
1979-01-01,-0.7653404702806234
1979-01-02,-0.7650987090087852
1979-01-03,-0.7655384866630465
1979-01-04,-0.7618775431589682
1979-01-05,-0.7585409314419181
1979-01-06,-0.7580687109214124
1979-01-07,-0.7575974148641013
1979-01-08,-0.7534997663357221
1979-01-09,-0.7533776004849252
1979-01-10,-0.7531706375565819
1979-01-11,-0.7608661592650638
1979-01-12,-0.7672411810914789
1979-01-13,-0.7659169801826867
1979-01-14,-0.7646026178670426
1979-01-15,-0.7649313959330648
1979-01-16,-0.7521347338730149
1979-01-17,-0.7725239968162914
1979-01-18,-0.7797751597429259
1979-01-19,-0.7654859287548912
1979-01-20,-0.7653744787529478
1979-01-21,-0.7649007329665156
1979-01-22,-0.7458573303475343
1979-01-23,-0.7575898426068159
1979-01-24,-0.7386189791440427
1979-01-25,-0.8103121306989393
1979-01-26,-0.8213705040436097
1979-01-27,-0.8208034544745524
1979-01-28,-0.8279912030262261
1979-01-29,-0.8088873965292845
1979-01-30,-0.80937334110776
1979-01-31,-0.8578118740068245
1979-02-01,-0.8738709141936767
1979-02-02,-0.808566471088528
1979-02-03,-0.808006133933097
1979-02-04,-0.807411200524112
1979-02-05,-0.8282487239624873
1979-02-06,-0.8253103420924784
1979-02-07,-0.7605362873087895
1979-02-08,-0.7815692413392394
1979-02-09,-0.7611416647346082
1979-02-10,-0.7611143693547988
1979-02-11,-0.7613911190249947
1979-02-12,-0.774903499910872
1979-02-13,-0.7814553916400376
1979-02-14,-0.7782672806850367
1979-02-15,-0.7684958382619581
1979-02-16,-0.7894088632565475
1979-02-17,-0.7898340316353922
1979-02-18,-0.7892807041206076
1979-02-19,-0.7893772392054783
1979-02-20,-0.778048441905629
1979-02-21,-0.7889734155926201
1979-02-22,-0.7857032490933111
1979-02-23,-0.7801464746763794
1979-02-24,-0.7803404316436255
1979-02-25,-0.7795289039710902
1979-02-26,-0.7610582210732398
1979-02-27,-0.7638417556570307
1979-02-28,-0.7630164119563286
1979-03-01,-0.7555681579316736
1979-03-02,-0.753254356442504
1979-03-03,-0.7529898752180955
1979-03-04,-0.7531181714192287
1979-03-05,-0.7525681517377656
1979-03-06,-0.7518951268174053
1979-03-07,-0.7496782462984617
1979-03-08,-0.7460545045502277
1979-03-09,-0.752419450345913
1979-03-10,-0.751935758832717
1979-03-11,-0.7514530547208349
1979-03-12,-0.7448552678339139
1979-03-13,-0.7425217496888744
1979-03-14,-0.7390183418216419
1979-03-15,-0.7369422655773461
1979-03-16,-0.7351640203352366
1979-03-17,-0.7338682175623327
1979-03-18,-0.7334138160282229
1979-03-19,-0.7323448137759112
1979-03-20,-0.734173156500599
1979-03-21,-0.7370277054427539
1979-03-22,-0.734610790919876
1979-03-23,-0.7394472013692719
1979-03-24,-0.7389860366174392
1979-03-25,-0.7386556827367137
1979-03-26,-0.7396232509466698
1979-03-27,-0.7389286394084768
1979-03-28,-0.7420660508374526
1979-03-29,-0.7443475859160693
1979-03-30,-0.7420372540394027
1979-03-31,-0.7417009614983279
1979-04-01,-0.7411845930269307
1979-04-02,-0.745941754641289
1979-04-03,-0.7444732288866674
1979-04-04,-0.7390405658169675
1979-04-05,-0.73818909216039
1979-04-06,-0.7377149705506514
1979-04-07,-0.7372134307490619
1979-04-08,-0.7368238927250749
1979-04-09,-0.7355349886396582
1979-04-10,-0.7335100719261988
1979-04-11,-0.7228638056753566
1979-04-12,-0.7126874063882781
1979-04-13,-0.7169883247040073
1979-04-14,-0.7160463945187774
1979-04-15,-0.7156950612918922
1979-04-16,-0.7146738367412475
1979-04-17,-0.7135770213803748
1979-04-18,-0.7288011289067944
1979-04-19,-0.7504636730997649
1979-04-20,-0.7479123896975459
1979-04-21,-0.7475581771325217
1979-04-22,-0.7474598731006218
1979-04-23,-0.7388930651685566
1979-04-24,-0.7223868541577283
1979-04-25,-0.6563143809525125
1979-04-26,-0.6870344897741412
1979-04-27,-0.6496978783952632
1979-04-28,-0.6494531021237326
1979-04-29,-0.6497001931984798
1979-04-30,-0.6112483778137437
1979-05-01,-0.6163447310245336
1979-05-02,-0.627507494316234
1979-05-03,-0.6283431325804809
1979-05-04,-0.6281927667405441
1979-05-05,-0.6280779868315362
1979-05-06,-0.6276866362242438
1979-05-07,-0.6214646122185578
1979-05-08,-0.6157083106329855
1979-05-09,-0.6067228612979376
1979-05-10,-0.6050632786682795
1979-05-11,-0.599612814592503
1979-05-12,-0.5990781438377539
1979-05-13,-0.5988150932025224
1979-05-14,-0.596597714662727
1979-05-15,-0.5959079629637595
1979-05-16,-0.5904158140855295
1979-05-17,-0.5892421827166253
1979-05-18,-0.5860571242699125
1979-05-19,-0.583381076405138
1979-05-20,-0.5831010235248193
1979-05-21,-0.5790251443863645
1979-05-22,-0.5723190225338743
1979-05-23,-0.5524861867498617
1979-05-24,-0.540714415676759
1979-05-25,-0.5349132390342102
1979-05-26,-0.5346729493002265
1979-05-27,-0.5344329907802083
1979-05-28,-0.5302741909719251
1979-05-29,-0.5359681173714657
1979-05-30,-0.5364130603724924
1979-05-31,-0.5377842832289514
1979-06-01,-0.536394797800203
1979-06-02,-0.536154669431359
1979-06-03,-0.5359096241135137
1979-06-04,-0.5348827807223699
1979-06-05,-0.5350519947356064
1979-06-06,-0.5312236154059865
1979-06-07,-0.5203366181449148
1979-06-08,-0.5188782527298386
1979-06-09,-0.5176572548039671
1979-06-10,-0.5174320387410898
1979-06-11,-0.5190101301852877
1979-06-12,-0.5248216424873723
1979-06-13,-0.5571808140452199
1979-06-14,-0.5564173936653147
1979-06-15,-0.5609914023420944
1979-06-16,-0.5606986796066957
1979-06-17,-0.5605714133469728
1979-06-18,-0.5590237368414331
1979-06-19,-0.5632249795622685
1979-06-20,-0.565503286250638
1979-06-21,-0.5651058323824233
1979-06-22,-0.5743897248528995
1979-06-23,-0.57404180801841
1979-06-24,-0.5682307433196164
1979-06-25,-0.5725134908687788
1979-06-26,-0.5712948990686584
1979-06-27,-0.5733274208521999
1979-06-28,-0.5741679260035503
1979-06-29,-0.5734697838074061
1979-06-30,-0.5732031367721163
1979-07-01,-0.5729368724724014
1979-07-02,-0.5702689518390165
1979-07-03,-0.5709808826715461
1979-07-04,-0.5707164795536909
1979-07-05,-0.5688005428973817
1979-07-06,-0.5680972365250709
1979-07-07,-0.5678355031752127
1979-07-08,-0.5675741418732194
1979-07-09,-0.5640224961858745
1979-07-10,-0.5529996975266522
1979-07-11,-0.5589608638549739
1979-07-12,-0.5707994310426431
1979-07-13,-0.5744026431948323
1979-07-14,-0.574148604369676
1979-07-15,-0.5738341665383369
1979-07-16,-0.5731388871416896
1979-07-17,-0.5771618062822
1979-07-18,-0.5840655107027701
1979-07-19,-0.5947463550525596
1979-07-20,-0.6179441950417481
1979-07-21,-0.6175341076962901
1979-07-22,-0.6168956762292778
1979-07-23,-0.633644331689587
1979-07-24,-0.6180582222973826
1979-07-25,-0.5256237406448081
1979-07-26,-0.48792282161752687
1979-07-27,-0.44601750025843084
1979-07-28,-0.4469713254586032
1979-07-29,-0.44678692291897193
1979-07-30,-0.44587302961641784
1979-07-31,-0.4466351312124238
1979-08-01,-0.44335305952120013
1979-08-02,-0.4709226422659111
1979-08-03,-0.48567189346530826
1979-08-04,-0.485229849028995
1979-08-05,-0.48490709553421496
1979-08-06,-0.4908005133160466
1979-08-07,-0.4958279253032455
1979-08-08,-0.4926852146879779
1979-08-09,-0.4830330854377755
1979-08-10,-0.49733709685872646
1979-08-11,-0.49752692972864143
1979-08-12,-0.4974921391401418
1979-08-13,-0.5042453196928163
1979-08-14,-0.500834583805007
1979-08-15,-0.5020478843617497
1979-08-16,-0.48570255543568824
1979-08-17,-0.4850884561117262
1979-08-18,-0.48441614611401723
1979-08-19,-0.48420843626723165
1979-08-20,-0.48280000192788
1979-08-21,-0.47971967331003984
1979-08-22,-0.4907646142484471
1979-08-23,-0.49718554849798524
1979-08-24,-0.49226071150879425
1979-08-25,-0.5000292405729467
1979-08-26,-0.5000847442593427
1979-08-27,-0.5029045075674076
1979-08-28,-0.5060676593989453
1979-08-29,-0.5064757540810702
1979-08-30,-0.5090507773391022
1979-08-31,-0.4969243279781469
1979-09-01,-0.496505927272371
1979-09-02,-0.4961542101995455
1979-09-03,-0.4958660865441375
1979-09-04,-0.497411186730538
1979-09-05,-0.4981149355601827
1979-09-06,-0.4979752504893387
1979-09-07,-0.4975668540869912
1979-09-08,-0.49735552806562405
1979-09-09,-0.49714447738511575
1979-09-10,-0.4928036562224785
1979-09-11,-0.49021396008278345
1979-09-12,-0.4862839507844441
1979-09-13,-0.48966033658469543
1979-09-14,-0.48649190340183035
1979-09-15,-0.4865844485054662
1979-09-16,-0.48628071679542767
1979-09-17,-0.4815477935640078
1979-09-18,-0.4882948309395996
1979-09-19,-0.4902256715775083
1979-09-20,-0.49228829741036195
1979-09-21,-0.4977193884260571
1979-09-22,-0.4975100081042563
1979-09-23,-0.49730838140600186
1979-09-24,-0.4903679551419903
1979-09-25,-0.4923615492082558
1979-09-26,-0.4920468483425957
1979-09-27,-0.49251001928133287
1979-09-28,-0.4949432809635457
1979-09-29,-0.49429540887393575
1979-09-30,-0.49513343895686257
1979-10-01,-0.49520749015509685
1979-10-02,-0.49658360575780147
1979-10-03,-0.5010331159760921
1979-10-04,-0.5033070572591314
1979-10-05,-0.5057563069368801
1979-10-06,-0.5053044554493704
1979-10-07,-0.5050922485977666
1979-10-08,-0.5069926576595595
1979-10-09,-0.5031149434016429
1979-10-10,-0.5086074872166402
1979-10-11,-0.5052092248279961
1979-10-12,-0.5318036791460926
1979-10-13,-0.5317404364628651
1979-10-14,-0.5315075729253899
1979-10-15,-0.5474905554038987
1979-10-16,-0.5124504663955816
1979-10-17,-0.5058486157686677
1979-10-18,-0.50551305635528
1979-10-19,-0.504854840282057
1979-10-20,-0.5041599970541939
1979-10-21,-0.5039612399593199
1979-10-22,-0.5055573649972764
1979-10-23,-0.5180772147155299
1979-10-24,-0.5347943952401037
1979-10-25,-0.5021328833794741
1979-10-26,-0.5502080430393319
1979-10-27,-0.5284058955634592
1979-10-28,-0.5281964102549114
1979-10-29,-0.4760883474885124
1979-10-30,-0.45369954275886604
1979-10-31,-0.4339594418892302
1979-11-01,-0.42870842877072407
1979-11-02,-0.42637214346743424
1979-11-03,-0.4262244251547046
1979-11-04,-0.4265641288190542
1979-11-05,-0.43215858790390527
1979-11-06,-0.4367631593482959
1979-11-07,-0.4403086726951251
1979-11-08,-0.4504735965182259
1979-11-09,-0.46381737133378365
1979-11-10,-0.46310852943976466
1979-11-11,-0.4628507684260863
1979-11-12,-0.46750672382162484
1979-11-13,-0.4640255221688227
1979-11-14,-0.47100749937785646
1979-11-15,-0.4697090010726329
1979-11-16,-0.470381022844932
1979-11-17,-0.4691283434345687
1979-11-18,-0.4688933670162656
1979-11-19,-0.45770295965607644
1979-11-20,-0.473683961335302
1979-11-21,-0.45812203018277964
1979-11-22,-0.4579587590323413
1979-11-23,-0.4570242815357515
1979-11-24,-0.457103910257106
1979-11-25,-0.4549213955294188
1979-11-26,-0.4578391337776898
1979-11-27,-0.46394991058166885
1979-11-28,-0.46527920504563747
1979-11-29,-0.46956563222009706
1979-11-30,-0.47134885646369684
1979-12-01,-0.4696292988384739
1979-12-02,-0.46945977147916973
1979-12-03,-0.46638953789363125
1979-12-04,-0.4693181316654501
1979-12-05,-0.47185351716872703
1979-12-06,-0.47428031263685744
1979-12-07,-0.47459508070597545
1979-12-08,-0.4744252173573811
1979-12-09,-0.4740184716573965
1979-12-10,-0.4756554648990974
1979-12-11,-0.47382526508177925
1979-12-12,-0.4735700758768713
1979-12-13,-0.46822129104418897
1979-12-14,-0.45972850077344496
1979-12-15,-0.4594202942319813
1979-12-16,-0.4592588408633442
1979-12-17,-0.4566944914276101
1979-12-18,-0.4579749384363164
1979-12-19,-0.4589502236813041
1979-12-20,-0.44702037222477814
1979-12-21,-0.4400008934625494
1979-12-22,-0.4396959880238662
1979-12-23,-0.4395462916256869
1979-12-24,-0.43938378787841414
1979-12-25,-0.4392343998341728
1979-12-26,-0.43974809384887104
1979-12-27,-0.4309929896364875
1979-12-28,-0.4307004116776606
1979-12-29,-0.43045398794917944
1979-12-30,-0.4303098364402723
1979-12-31,-0.43123042137196965
1980-01-01,-0.4308886258677642
1980-01-02,-0.4305379207099609
1980-01-03,-0.4344854478482123
1980-01-04,-0.43470284618117594
1980-01-05,-0.4345572437452943
1980-01-06,-0.4344117884015618
1980-01-07,-0.43611972575473756
1980-01-08,-0.4375434691057478
1980-01-09,-0.439087449641265
1980-01-10,-0.43235077748607686
1980-01-11,-0.4333361028434852
1980-01-12,-0.4330974777603661
1980-01-13,-0.43295365216159015
1980-01-14,-0.4325695545230284
1980-01-15,-0.4297301119373998
1980-01-16,-0.34427555884940503
1980-01-17,-0.34855210828830496
1980-01-18,-0.3407460440501624
1980-01-19,-0.3406429574641069
1980-01-20,-0.340539964395889
1980-01-21,-0.32102603672034197
1980-01-22,-0.3944075111583942
1980-01-23,-0.3984333358310938
1980-01-24,-0.4022655879861154
1980-01-25,-0.43818322742816024
1980-01-26,-0.43794712968717686
1980-01-27,-0.43780443227922483
1980-01-28,-0.4393840909507285
1980-01-29,-0.4312631058210177
1980-01-30,-0.49198320795272066
1980-01-31,-0.5087085539801326
1980-02-01,-0.4985316656659976
1980-02-02,-0.4984803950268123
1980-02-03,-0.49831235118352
1980-02-04,-0.49646492209985094
1980-02-05,-0.6239033857215537
1980-02-06,-0.6091820164230783
1980-02-07,-0.5865642176603385
1980-02-08,-0.6218986357727179
1980-02-09,-0.6216657525117899
1980-02-10,-0.621365237684197
1980-02-11,-0.6160472736935789
1980-02-12,-0.591247220109015
1980-02-13,-0.5817152447910644
1980-02-14,-0.5607923890543565
1980-02-15,-0.5546653168990342
1980-02-16,-0.5544714788286955
1980-02-17,-0.5543033183142676
1980-02-18,-0.5521480639854757
1980-02-19,-0.5429915650957124
1980-02-20,-0.5372004216741524
1980-02-21,-0.5523813764598398
1980-02-22,-0.6558727759443665
1980-02-23,-0.6555508367835297
1980-02-24,-0.6552497354429232
1980-02-25,-0.6607707103349434
1980-02-26,-0.6639628204857797
1980-02-27,-0.6567451809371103
1980-02-28,-0.6551734212835563
1980-02-29,-0.6529423803687391
1980-03-01,-0.6528161790100762
1980-03-02,-0.6525692966955345
1980-03-03,-0.6547193521967609
1980-03-04,-0.6599711831434558
1980-03-05,-0.6543024318393484
1980-03-06,-0.6514087972601454
1980-03-07,-0.6547708169048112
1980-03-08,-0.6553215494038582
1980-03-09,-0.6550738097636074
1980-03-10,-0.6558465622297402
1980-03-11,-0.6956948430096584
1980-03-12,-0.6981128393892867
1980-03-13,-0.6914167373711894
1980-03-14,-0.6919968284513764
1980-03-15,-0.6917264294889778
1980-03-16,-0.6914563479543032
1980-03-17,-0.6915057889291849
1980-03-18,-0.6913851353432053
1980-03-19,-0.6939303049180845
1980-03-20,-0.694798493898281
1980-03-21,-0.6972654743677107
1980-03-22,-0.6970546609998669
1980-03-23,-0.6967827765195934
1980-03-24,-0.6969328617935626
1980-03-25,-0.6980258530084713
1980-03-26,-0.7031696603022684
1980-03-27,-0.7032244728183796
1980-03-28,-0.7049041869363213
1980-03-29,-0.7046277829995626
1980-03-30,-0.7043517045058123
1980-03-31,-0.706227870204791
1980-04-01,-0.6879526947071857
1980-04-02,-0.6849789734461816
1980-04-03,-0.6852895808772003
1980-04-04,-0.682242626696696
1980-04-05,-0.6819821374811732
1980-04-06,-0.6817219466791253
1980-04-07,-0.6813382173677516
1980-04-08,-0.6792852063219776
1980-04-09,-0.6797769363781913
1980-04-10,-0.7118351913908417
1980-04-11,-0.7130055977794049
1980-04-12,-0.7121510641908761
1980-04-13,-0.7116971126294437
1980-04-14,-0.7653837949723024
1980-04-15,-0.7541907484489467
1980-04-16,-0.7520089374636256
1980-04-17,-0.7154681551676418
1980-04-18,-0.7261101736185929
1980-04-19,-0.7257595620351545
1980-04-20,-0.7255234187420498
1980-04-21,-0.7224550466433839
1980-04-22,-0.760380872844514
1980-04-23,-0.8102457269291892
1980-04-24,-0.7838166343153821
1980-04-25,-0.7373861341830874
1980-04-26,-0.7365980338821307
1980-04-27,-0.7371307424001441
1980-04-28,-0.7431945865895226
1980-04-29,-0.7478854504548917
1980-04-30,-0.7521290723742776
1980-05-01,-0.7404731015477058
1980-05-02,-0.7386976095872742
1980-05-03,-0.7384036924210164
1980-05-04,-0.7376418445068516
1980-05-05,-0.7315423588333201
1980-05-06,-0.7471273902659845
1980-05-07,-0.7473955796743835
1980-05-08,-0.7423830589925428
1980-05-09,-0.7394722351746972
1980-05-10,-0.739179749209804
1980-05-11,-0.7393475315566824
1980-05-12,-0.7396489265383084
1980-05-13,-0.7398857566274197
1980-05-14,-0.7371793281956487
1980-05-15,-0.7333627622911443
1980-05-16,-0.7304404779383603
1980-05-17,-0.7296485559550405
1980-05-18,-0.729363802617687
1980-05-19,-0.7300026846690906
1980-05-20,-0.735272854211396
1980-05-21,-0.7909848604843039
1980-05-22,-0.7994603443626118
1980-05-23,-0.7934226874385498
1980-05-24,-0.7930925156129115
1980-05-25,-0.791962671052918
1980-05-26,-0.790285281570369
1980-05-27,-0.7901215005308077
1980-05-28,-0.7863147657361893
1980-05-29,-0.7913934385824303
1980-05-30,-0.7952534345971658
1980-05-31,-0.7949232104638466
1980-06-01,-0.7946061168661777
1980-06-02,-0.7907823382002164
1980-06-03,-0.7922734150833748
1980-06-04,-0.7938506693381879
1980-06-05,-0.7945549947779523
1980-06-06,-0.7894698047066309
1980-06-07,-0.7891445905963752
1980-06-08,-0.7881476128349381
1980-06-09,-0.7854452778744248
1980-06-10,-0.7837721871082368
1980-06-11,-0.783534825884808
1980-06-12,-0.7838102935492284
1980-06-13,-1.1591503914294228
1980-06-14,-1.1577616924627283
1980-06-15,-1.1561745248945707
1980-06-16,-1.1558179026093995
1980-06-17,-1.1446246351910656
1980-06-18,-1.141079064080664
1980-06-19,-1.1381347020264618
1980-06-20,-1.137334964848723
1980-06-21,-1.135997108158483
1980-06-22,-1.1346656128751489
1980-06-23,-1.1306689519012358
1980-06-24,-1.1307848024917855
1980-06-25,-1.1188211450822243
1980-06-26,-1.1193126630251216
1980-06-27,-1.1147645978790826
1980-06-28,-1.1134862332548734
1980-06-29,-1.112213766988279
1980-06-30,-1.1144546831972495
1980-07-01,-1.1138286837106546
1980-07-02,-1.1114431330319192
1980-07-03,-1.1066292053479339
1980-07-04,-1.105392144559241
1980-07-05,-1.1005603518732487
1980-07-06,-1.0993587551759287
1980-07-07,-1.0974808651969041
1980-07-08,-1.10293005391497
1980-07-09,-1.112682501790746
1980-07-10,-1.1188972757729567
1980-07-11,-1.1082692696516385
1980-07-12,-1.107042110698684
1980-07-13,-1.1057814660185334
1980-07-14,-1.0802250415178556
1980-07-15,-1.0843541724837327
1980-07-16,-1.072117509924415
1980-07-17,-1.070114972306707
1980-07-18,-1.0339343732084203
1980-07-19,-1.0327916685136211
1980-07-20,-1.032031780726232
1980-07-21,-1.0529206217812292
1980-07-22,-0.9800670737752467
1980-07-23,-1.004827805678216
1980-07-24,-0.9653248656997357
1980-07-25,-0.9765916091908112
1980-07-26,-0.9755862146737053
1980-07-27,-0.9758187762576019
1980-07-28,-1.0176391394217492
1980-07-29,-1.0440904118650038
1980-07-30,-1.0420088106040437
1980-07-31,-1.0001140440962617
1980-08-01,-0.9714870980320444
1980-08-02,-0.9514735826959271
1980-08-03,-0.9507358339668496
1980-08-04,-0.9535237563572551
1980-08-05,-0.951839570638885
1980-08-06,-0.9536908759282334
1980-08-07,-0.9550442259092936
1980-08-08,-0.9449511717798451
1980-08-09,-0.944096396443381
1980-08-10,-0.9447488573009087
1980-08-11,-0.944340514773551
1980-08-12,-0.952654117882096
1980-08-13,-0.9331750313201269
1980-08-14,-0.934675740078998
1980-08-15,-0.9333718234081388
1980-08-16,-0.9325772436375871
1980-08-17,-0.9315724667931985
1980-08-18,-0.9284165282192344
1980-08-19,-0.9209882601651366
1980-08-20,-0.9063186758613888
1980-08-21,-0.9004797325040567
1980-08-22,-0.8987184103420081
1980-08-23,-0.8979121103262401
1980-08-24,-0.8970427717362458
1980-08-25,-0.8888689657719432
1980-08-26,-0.8877889861605931
1980-08-27,-0.8875373645352537
1980-08-28,-0.8827471568180275
1980-08-29,-0.8836004620065392
1980-08-30,-0.8827828728808748
1980-08-31,-0.8820371926627191
1980-09-01,-0.8807743253209942
1980-09-02,-0.8819405370030152
1980-09-03,-0.8765695141697444
1980-09-04,-0.8712944044398374
1980-09-05,-0.8715540682018511
1980-09-06,-0.8709457200186895
1980-09-07,-0.8702300586858772
1980-09-08,-0.8693039840439688
1980-09-09,-0.8710884606015642
1980-09-10,-0.8783600444955901
1980-09-11,-0.8802105638579913
1980-09-12,-0.8758936413920871
1980-09-13,-0.8751797796089598
1980-09-14,-0.8744311146308871
1980-09-15,-0.8696845239911902
1980-09-16,-0.8643105839063608
1980-09-17,-0.8679502329397689
1980-09-18,-0.8673315705458701
1980-09-19,-0.8714703406783593
1980-09-20,-0.8707645943674058
1980-09-21,-0.8700610088910098
1980-09-22,-0.8683633398513427
1980-09-23,-0.8675231644833531
1980-09-24,-0.863473325907897
1980-09-25,-0.8617257552211667
1980-09-26,-0.8629132177119753
1980-09-27,-0.8622290379622116
1980-09-28,-0.861546906114544
1980-09-29,-0.860401142873418
1980-09-30,-0.8564596663418164
1980-10-01,-0.8520627821839106
1980-10-02,-0.8521767426740562
1980-10-03,-0.8514613478737609
1980-10-04,-0.8507964538652417
1980-10-05,-0.8500339042297648
1980-10-06,-0.8472047715427212
1980-10-07,-0.8353736353734936
1980-10-08,-0.8374311322907729
1980-10-09,-0.8320698178785205
1980-10-10,-0.8357563495800154
1980-10-11,-0.8351100215144518
1980-10-12,-0.8346570384807418
1980-10-13,-0.806248239241213
1980-10-14,-0.8092698658389303
1980-10-15,-0.8070735897057464
1980-10-16,-0.8081762711991933
1980-10-17,-0.8215551503855623
1980-10-18,-0.8177420544009436
1980-10-19,-0.8125790819553499
1980-10-20,-0.8325302402084502
1980-10-21,-0.8920379358197597
1980-10-22,-0.8973502939268014
1980-10-23,-0.990822118123959
1980-10-24,-1.0020793288420446
1980-10-25,-1.0024792610791111
1980-10-26,-1.001802081594185
1980-10-27,-1.0260966499296245
1980-10-28,-0.9820041179048166
1980-10-29,-0.9437757658938765
1980-10-30,-0.9677752844730493
1980-10-31,-0.9657675396843771
1980-11-01,-0.9649603189228323
1980-11-02,-0.9641473120959437
1980-11-03,-0.9596919447189384
1980-11-04,-0.9643957824106776
1980-11-05,-0.9618841560402744
1980-11-06,-0.962003293097155
1980-11-07,-0.9489387975087332
1980-11-08,-0.9476520881948369
1980-11-09,-0.9468959691297617
1980-11-10,-0.9465190779726637
1980-11-11,-0.9570419628218865
1980-11-12,-0.9303296504633161
1980-11-13,-0.9278328424240891
1980-11-14,-0.9268351689473744
1980-11-15,-0.925542274852003
1980-11-16,-0.9245851530560579
1980-11-17,-0.9282994149709571
1980-11-18,-0.9487458113641658
1980-11-19,-0.9512808939949124
1980-11-20,-0.9492608728388131
1980-11-21,-0.9534135503290343
1980-11-22,-0.9525960678562134
1980-11-23,-0.9518128905143497
1980-11-24,-0.9386894294873064
1980-11-25,-0.9401982834806325
1980-11-26,-0.9483845935082901
1980-11-27,-0.9475986576187699
1980-11-28,-0.9470397092608961
1980-11-29,-0.9462580588073827
1980-11-30,-0.9454789015787751
1980-12-01,-0.9412436762284818
1980-12-02,-0.9410342435903768
1980-12-03,-0.9360383919414687
1980-12-04,-0.9348805124421734
1980-12-05,-0.9305514812344419
1980-12-06,-0.929394435914605
1980-12-07,-0.9286722653024473
1980-12-08,-0.9284065711647588
1980-12-09,-0.9328133312955694
1980-12-10,-0.9272939746923147
1980-12-11,-0.9257285194936026
1980-12-12,-0.929692461776971
1980-12-13,-0.928942217188673
1980-12-14,-0.9281943040896355
1980-12-15,-0.8799052041907102
1980-12-16,-0.8826100844876198
1980-12-17,-0.8807709356066095
1980-12-18,-0.8742304906586842
1980-12-19,-0.8737150622850954
1980-12-20,-0.8730337282551627
1980-12-21,-0.8723405562633757
1980-12-22,-0.8646177731258176
1980-12-23,-0.8666480124804989
1980-12-24,-0.8664225554362733
1980-12-25,-0.8657524610487481
1980-12-26,-0.8652647348293252
1980-12-27,-0.8645976109099216
1980-12-28,-0.8639997710324271
1980-12-29,-0.8636309487759405
1980-12-30,-0.8628432155924749
1980-12-31,-0.8590230313495134
1981-01-01,-0.8583686838962103
1981-01-02,-0.8571028216540589
1981-01-03,-0.8561627815402314
1981-01-04,-0.8555157139937147
1981-01-05,-0.8563015832315882
1981-01-06,-0.8531925739720151
1981-01-07,-0.8523983989882485
1981-01-08,-0.851112916620416
1981-01-09,-0.8526606081984678
1981-01-10,-0.8520236537109271
1981-01-11,-0.8513885037010821
1981-01-12,-0.8494810593305812
1981-01-13,-0.8463456448431987
1981-01-14,-0.8462456145702762
1981-01-15,-0.8436429774334226
1981-01-16,-0.8421921816902874
1981-01-17,-0.8415635183640052
1981-01-18,-0.84104936410001
1981-01-19,-0.9258720670015347
1981-01-20,-0.9222934998847722
1981-01-21,-0.9152999574755875
1981-01-22,-0.906435048102398
1981-01-23,-1.0341182107959528
1981-01-24,-1.0322567769587472
1981-01-25,-1.0315808949695653
1981-01-26,-1.0689692112079203
1981-01-27,-1.076445554801369
1981-01-28,-1.0444070149281552
1981-01-29,-1.1192556063837014
1981-01-30,-1.1126311182889848
1981-01-31,-1.1113607249653332
1981-02-01,-1.1112107496893882
1981-02-02,-1.0877146631212427
1981-02-03,-1.0401211076757726
1981-02-04,-0.990878599535782
1981-02-05,-0.9738011772317906
1981-02-06,-0.9814787055203875
1981-02-07,-0.9807268453823844
1981-02-08,-0.9799771731965761
1981-02-09,-0.97771794960704
1981-02-10,-0.9577279469040002
1981-02-11,-1.031545404001357
1981-02-12,-1.0218913862440695
1981-02-13,-1.0210560140943532
1981-02-14,-1.0212513468247462
1981-02-15,-1.0204825291314241
1981-02-16,-1.0200219510016428
1981-02-17,-1.0481578154269269
1981-02-18,-1.0386255536323572
1981-02-19,-1.0392578653786557
1981-02-20,-0.9711524273198116
1981-02-21,-0.9720737295663202
1981-02-22,-0.9711167089219422
1981-02-23,-0.9626956981683739
1981-02-24,-0.9488694646892718
1981-02-25,-0.9288753249014506
1981-02-26,-0.916358125474492
1981-02-27,-0.9231296515301133
1981-02-28,-0.9225228645959967
1981-03-01,-0.9219272071547078
1981-03-02,-0.9152530569173084
1981-03-03,-0.9006637139561624
1981-03-04,-0.8994459354102952
1981-03-05,-0.8942760377314469
1981-03-06,-0.8958003877378821
1981-03-07,-0.8954867993774337
1981-03-08,-0.8942851195909555
1981-03-09,-0.8929720339000662
1981-03-10,-0.881055097847649
1981-03-11,-0.8803338353443714
1981-03-12,-0.7860476324841389
1981-03-13,-0.7443438094883508
1981-03-14,-0.7439578263797243
1981-03-15,-0.7435904322807169
1981-03-16,-0.7444705965302186
1981-03-17,-0.7384611294762978
1981-03-18,-0.7325750046078091
1981-03-19,-0.7278570242569407
1981-03-20,-0.7212087467802327
1981-03-21,-0.7208094860919232
1981-03-22,-0.7207120216775825
1981-03-23,-0.7183404408536798
1981-03-24,-0.7196239604843839
1981-03-25,-0.7203929710938971
1981-03-26,-0.7163434348508787
1981-03-27,-0.7144342390688742
1981-03-28,-0.7140472682133305
1981-03-29,-0.7135888537178975
1981-03-30,-0.7121874440111519
1981-03-31,-0.7135078106224692
1981-04-01,-0.7164419499196573
1981-04-02,-0.73117952900121
1981-04-03,-0.732572166352761
1981-04-04,-0.7321769741657178
1981-04-05,-0.73204503934264
1981-04-06,-0.7290388408183772
1981-04-07,-0.519087367337493
1981-04-08,-0.520284420584485
1981-04-09,-0.5689205402988371
1981-04-10,-0.5739608613370111
1981-04-11,-0.5736437483412937
1981-04-12,-0.5733272622236467
1981-04-13,-0.5386144819911606
1981-04-14,-0.49740515334053065
1981-04-15,-0.5029909169038015
1981-04-16,-0.38150115716161026
1981-04-17,-0.36319057668782573
1981-04-18,-0.3623029072372386
1981-04-19,-0.36239772022256944
1981-04-20,-0.35229298628658445
1981-04-21,-0.3396744179168557
1981-04-22,-0.316202120213249
1981-04-23,-0.16253065838920125
1981-04-24,-0.19574132120278964
1981-04-25,-0.19229882075859944
1981-04-26,-0.19263195930002314
1981-04-27,-0.2527010081094657
1981-04-28,-0.15133267560457056
1981-04-29,-0.13298285573817498
1981-04-30,-0.11876437540828344
1981-05-01,-0.08117485573553562
1981-05-02,-0.08230909195934388
1981-05-03,-0.0833596437867149
1981-05-04,-0.02434854826485794
1981-05-05,-0.04206072309038672
1981-05-06,0.2864332184824663
1981-05-07,0.2597721351227527
1981-05-08,0.24381288709941695
1981-05-09,0.23851224477898914
1981-05-10,0.23364195170283286
1981-05-11,0.2566285730396174
1981-05-12,0.24674052550870912
1981-05-13,0.25206009595695605
1981-05-14,0.24246189972283982
1981-05-15,0.2274634251849066
1981-05-16,0.22243593609474388
1981-05-17,0.2174586232233594
1981-05-18,0.21526274808976847
1981-05-19,0.2152181154432652
1981-05-20,0.21790182783515727
1981-05-21,0.22129690003131336
1981-05-22,0.22914757277783854
1981-05-23,0.22477987141714356
1981-05-24,0.2204204518251182
1981-05-25,0.2161959575669703
1981-05-26,0.21102501386761802
1981-05-27,0.20887522248909834
1981-05-28,0.2049879599431319
1981-05-29,0.19963117553206794
1981-05-30,0.1954385297327984
1981-05-31,0.1913164864907806
1981-06-01,0.18547791274278036
1981-06-02,0.17306158004942396
1981-06-03,0.17468376388349477
1981-06-04,0.1704300429220787
1981-06-05,0.1674335163795851
1981-06-06,0.16378686679286086
1981-06-07,0.16019722834065803
1981-06-08,0.16821228223371637
1981-06-09,0.15338242670534347
1981-06-10,0.15152490757612735
1981-06-11,0.14796029052860504
1981-06-12,0.14687865769633934
1981-06-13,-0.4321677103136992
1981-06-14,-0.433568521355194
1981-06-15,-0.43112925770115557
1981-06-16,-0.43655385275379816
1981-06-17,-0.436117097273154
1981-06-18,-0.4357273069937668
1981-06-19,-0.5025541659862843
1981-06-20,-0.5054903532076026
1981-06-21,-0.5060563297230564
1981-06-22,-0.5061073478658037
1981-06-23,-0.5060033051410019
1981-06-24,-0.5174726194821967
1981-06-25,-0.5183991474945617
1981-06-26,-0.5098543282019875
1981-06-27,-0.510285905501879
1981-06-28,-0.5107078786092513
1981-06-29,-0.5112390609084762
1981-06-30,-0.5105596536604003
1981-07-01,-0.5086290829573216
1981-07-02,-0.5127870866550289
1981-07-03,-0.5131569707557998
1981-07-04,-0.5135183346737467
1981-07-05,-0.5138713349861883
1981-07-06,-0.5679609328601868
1981-07-07,-0.5682418314812422
1981-07-08,-0.5704068477197836
1981-07-09,-0.5736942015174133
1981-07-10,-0.5727592883486677
1981-07-11,-0.5786863562780128
1981-07-12,-0.5786059413340906
1981-07-13,-0.5751271026416075
1981-07-14,-0.5730711603020081
1981-07-15,-0.569213374582992
1981-07-16,-0.5685586491604998
1981-07-17,-0.6081674222954369
1981-07-18,-0.6110281848615143
1981-07-19,-0.6108373936679548
1981-07-20,-0.6086551327659852
1981-07-21,-0.5666876102731452
1981-07-22,-0.5711647427574413
1981-07-23,-0.7297434960542066
1981-07-24,-0.8239446026593034
1981-07-25,-0.8246933296707261
1981-07-26,-0.8240462669128807
1981-07-27,-0.8477387389295571
1981-07-28,-0.9305301410796014
1981-07-29,-1.0146333117096686
1981-07-30,-1.0351126974669138
1981-07-31,-1.0359718031759595
1981-08-01,-1.0317623143770172
1981-08-02,-1.0298932804857057
1981-08-03,-1.036149496381633
1981-08-04,-1.0173466501923316
1981-08-05,-1.078854703291634
1981-08-06,-1.087345481636558
1981-08-07,-1.0826540435089698
1981-08-08,-1.0813192679710306
1981-08-09,-1.0796562890253916
1981-08-10,-1.0597645331696293
1981-08-11,-1.0725662710075867
1981-08-12,-1.0637625338360526
1981-08-13,-1.0650553488302164
1981-08-14,-1.069777262832475
1981-08-15,-1.0684647708786255
1981-08-16,-1.0672545616808427
1981-08-17,-0.9995359466328523
1981-08-18,-1.0125579680795058
1981-08-19,-1.018989459729262
1981-08-20,-1.0203209057688696
1981-08-21,-1.019794706999342
1981-08-22,-1.0184892891360953
1981-08-23,-1.01724422052423
1981-08-24,-1.0170161410038858
1981-08-25,-1.0100061251776034
1981-08-26,-1.006841343733639
1981-08-27,-1.0009747546948942
1981-08-28,-0.9736614579995267
1981-08-29,-0.9720663652307081
1981-08-30,-0.9746385175920995
1981-08-31,-1.0064558340497138
1981-09-01,-1.0040844968557356
1981-09-02,-1.0023158841123445
1981-09-03,-0.9998572334784629
1981-09-04,-0.9981389214475896
1981-09-05,-0.9969577813155412
1981-09-06,-0.9958034771404621
1981-09-07,-0.9946327921686317
1981-09-08,-0.9937225592699344
1981-09-09,-1.0046940414381653
1981-09-10,-1.0076859247168555
1981-09-11,-1.0074561252846508
1981-09-12,-1.0063946338942322
1981-09-13,-1.0049225454790491
1981-09-14,-1.0115030248770447
1981-09-15,-1.0099298283530074
1981-09-16,-1.0285337400025478
1981-09-17,-1.0131949953089079
1981-09-18,-1.0687601025706381
1981-09-19,-1.06739322388007
1981-09-20,-1.0660326695893507
1981-09-21,-1.0642959217567762
1981-09-22,-1.0637790432156986
1981-09-23,-1.0626644366924094
1981-09-24,-1.0569786391180704
1981-09-25,-1.0642098136335019
1981-09-26,-1.0628305912825653
1981-09-27,-1.0615417748912745
1981-09-28,-1.0503081901343727
1981-09-29,-1.0490568890608818
1981-09-30,-1.0446842977878477
1981-10-01,-1.0447222627294692
1981-10-02,-1.0449008206091255
1981-10-03,-1.0436324043431273
1981-10-04,-1.0423694654639093
1981-10-05,-1.041555630132932
1981-10-06,-1.041868556986323
1981-10-07,-1.0337805060172307
1981-10-08,-1.0440987274282236
1981-10-09,-1.047462808639636
1981-10-10,-1.0462274519442598
1981-10-11,-1.044962070811439
1981-10-12,-1.0085170818193585
1981-10-13,-1.0178777235953897
1981-10-14,-1.0266676188628978
1981-10-15,-1.0293081135633122
1981-10-16,-1.0994714846626399
1981-10-17,-1.0997157871824508
1981-10-18,-1.0980999381769967
1981-10-19,-1.1096882599105804
1981-10-20,-1.111004348563274
1981-10-21,-1.1302422126058667
1981-10-22,-1.1523011823077551
1981-10-23,-1.184029823100347
1981-10-24,-1.1809970753315868
1981-10-25,-1.1795032014616316
1981-10-26,-1.2662997982165425
1981-10-27,-1.4079062551966866
1981-10-28,-1.3498893604644764
1981-10-29,-1.4313689442546336
1981-10-30,-1.4163992143290394
1981-10-31,-1.4142997972138656
1981-11-01,-1.412203229110423
1981-11-02,-1.4147636080079362
1981-11-03,-1.4179767831464918
1981-11-04,-1.5229154628133805
1981-11-05,-1.5195314220467182
1981-11-06,-1.5244105892538216
1981-11-07,-1.5222196921112994
1981-11-08,-1.5201996933568693
1981-11-09,-1.5155991893714955
1981-11-10,-1.5117365847764066
1981-11-11,-1.5178513773907083
1981-11-12,-1.5427665201391345
1981-11-13,-1.537691380280264
1981-11-14,-1.5355847436106806
1981-11-15,-1.533652885462715
1981-11-16,-1.5489317119858412
1981-11-17,-1.5436833570690955
1981-11-18,-1.5323677210091098
1981-11-19,-1.5300092696789858
1981-11-20,-1.553269608347436
1981-11-21,-1.5512369263887082
1981-11-22,-1.549067538678809
1981-11-23,-1.549609133655539
1981-11-24,-1.5572182899688454
1981-11-25,-1.5558350095720768
1981-11-26,-1.5536760026794136
1981-11-27,-1.5517471223205952
1981-11-28,-1.548708566149574
1981-11-29,-1.546591860388653
1981-11-30,-1.539084974375956
1981-12-01,-1.539207630091746
1981-12-02,-1.5357495586856453
1981-12-03,-1.5323176462350798
1981-12-04,-1.531016821064626
1981-12-05,-1.528984131355519
1981-12-06,-1.5270343443493932
1981-12-07,-1.5254227340156954
1981-12-08,-1.5030774597136982
1981-12-09,-1.5011922897481622
1981-12-10,-1.498948092007118
1981-12-11,-1.497298422602557
1981-12-12,-1.4953574741878333
1981-12-13,-1.4938255661998119
1981-12-14,-1.485986463606859
1981-12-15,-1.4814740652618965
1981-12-16,-1.4866478079257188
1981-12-17,-1.4894166032647418
1981-12-18,-1.4824093089037023
1981-12-19,-1.4805259607797516
1981-12-20,-1.479303026800066
1981-12-21,-1.4774259065477127
1981-12-22,-1.4763750070713773
1981-12-23,-1.468827149645069
1981-12-24,-1.46702331736295
1981-12-25,-1.4652342089181862
1981-12-26,-1.4646296153520613
1981-12-27,-1.4628514452944215
1981-12-28,-1.4602369037347398
1981-12-29,-1.4586136492478525
1981-12-30,-1.4576862176023637
1981-12-31,-1.4558823490986645
1982-01-01,-1.454142647432395
1982-01-02,-1.4524109963828726
1982-01-03,-1.4506873223830048
1982-01-04,-1.449262505391558
1982-01-05,-1.4345860629210954
1982-01-06,-1.4354464808749732
1982-01-07,-1.4358555152352597
1982-01-08,-1.4340115893101382
1982-01-09,-1.432445567632649
1982-01-10,-1.43077699550683
1982-01-11,-1.4251294846298654
1982-01-12,-1.4272101243721842
1982-01-13,-1.4263259981976937
1982-01-14,-1.4076905139324845
1982-01-15,-1.4062881953649053
1982-01-16,-1.4051335469353672
1982-01-17,-1.4034810354476586
1982-01-18,-1.3711941899854245
1982-01-19,-1.3898160845734393
1982-01-20,-1.3409324693535065
1982-01-21,-1.3358867048276313
1982-01-22,-1.3170577185326813
1982-01-23,-1.3067891528178783
1982-01-24,-1.3053731935804957
1982-01-25,-1.2723847734295042
1982-01-26,-1.1735148203215986
1982-01-27,-1.238672459808163
1982-01-28,-1.1988065195777176
1982-01-29,-1.081132861069713
1982-01-30,-1.079989336039169
1982-01-31,-1.078538774723946
1982-02-01,-1.0898772610109524
1982-02-02,-1.0580176189049129
1982-02-03,-0.9803019789442654
1982-02-04,-0.9462154707167879
1982-02-05,-0.9566159029171356
1982-02-06,-0.9535252576222416
1982-02-07,-0.9520473478545807
1982-02-08,-0.9265626021887893
1982-02-09,-0.9167101544209536
1982-02-10,-0.8443454612096336
1982-02-11,-0.8297034669355203
1982-02-12,-0.732687805503903
1982-02-13,-0.7343560401138998
1982-02-14,-0.7343174506698312
1982-02-15,-0.7337431890136523
1982-02-16,-0.7428786087441271
1982-02-17,-0.776793839953975
1982-02-18,-0.7787726103903353
1982-02-19,-0.7761329628197972
1982-02-20,-0.7755941156402509
1982-02-21,-0.7751032813528115
1982-02-22,-0.7854487868352228
1982-02-23,-0.7658549017316111
1982-02-24,-0.767374930755607
1982-02-25,-0.7689005606730982
1982-02-26,-0.7737984347203536
1982-02-27,-0.7732341384907017
1982-02-28,-0.7728565416206022
1982-03-01,-0.7737335463884207
1982-03-02,-0.7757424032946748
1982-03-03,-0.7731296670409143
1982-03-04,-0.7585122742715115
1982-03-05,-0.7679352358603572
1982-03-06,-0.7675191059816973
1982-03-07,-0.7669887093914006
1982-03-08,-0.768664814062129
1982-03-09,-0.7827381762456364
1982-03-10,-0.7800559838672569
1982-03-11,-0.7812315079623925
1982-03-12,-0.7863106467484009
1982-03-13,-0.7857001605608639
1982-03-14,-0.7848614238858534
1982-03-15,-0.7857028153864459
1982-03-16,-0.7822119435090705
1982-03-17,-0.7767344464168099
1982-03-18,-0.7773400241588616
1982-03-19,-0.7736239741173758
1982-03-20,-0.772980691026448
1982-03-21,-0.772503473922768
1982-03-22,-0.7719669403591038
1982-03-23,-0.7715703005741972
1982-03-24,-0.785085078412252
1982-03-25,-0.807775913712228
1982-03-26,-0.8076540657178836
1982-03-27,-0.8070361066731886
1982-03-28,-0.8062939634737513
1982-03-29,-0.8083118512124973
1982-03-30,-0.8032835651879138
1982-03-31,-0.8054414796819058
1982-04-01,-0.8030871930917373
1982-04-02,-0.7851204939421502
1982-04-03,-0.7844563006454349
1982-04-04,-0.7837401926985583
1982-04-05,-0.7960621546223994
1982-04-06,-0.7959872495399164
1982-04-07,-0.7960979531664137
1982-04-08,-0.7946030648343531
1982-04-09,-0.7937689751115622
1982-04-10,-0.7928539015336269
1982-04-11,-0.7920254086999345
1982-04-12,-0.793676074508412
1982-04-13,-0.7938940206999404
1982-04-14,-0.8059946291501793
1982-04-15,-0.8286089023581011
1982-04-16,-0.8362521332475548
1982-04-17,-0.8355721520802403
1982-04-18,-0.831880618862645
1982-04-19,-0.8418879145402599
1982-04-20,-0.883106351570128
1982-04-21,-0.7885657400343659
1982-04-22,-0.8641153086188259
1982-04-23,-0.866668833528593
1982-04-24,-0.8677964306503486
1982-04-25,-0.8664287315852007
1982-04-26,-0.9308597470580713
1982-04-27,-0.9775065180794501
1982-04-28,-1.2908579574311123
1982-04-29,-1.2203220916475028
1982-04-30,-1.312120600166948
1982-05-01,-1.3102519620338982
1982-05-02,-1.3078245849282295
1982-05-03,-1.279782251209365
1982-05-04,-1.2803171962498945
1982-05-05,-1.4374975268659382
1982-05-06,-1.3905186960051843
1982-05-07,-1.388012021770704
1982-05-08,-1.385984123693233
1982-05-09,-1.3818825738536817
1982-05-10,-1.3762145300958526
1982-05-11,-1.3808018888488605
1982-05-12,-1.382163774612609
1982-05-13,-1.3623164843666054
1982-05-14,-1.3645825288121143
1982-05-15,-1.3634966546225777
1982-05-16,-1.3605738703240788
1982-05-17,-1.372200501831711
1982-05-18,-1.3762074145244692
1982-05-19,-1.3789661976750136
1982-05-20,-1.3833194739149157
1982-05-21,-1.3822424734136813
1982-05-22,-1.3805986709213531
1982-05-23,-1.3789548187144156
1982-05-24,-1.3773833803410007
1982-05-25,-1.378086045179374
1982-05-26,-1.3770123884331849
1982-05-27,-1.3739642588526275
1982-05-28,-1.3728839180908048
1982-05-29,-1.370754721516273
1982-05-30,-1.368800724886576
1982-05-31,-1.3668848679401282
1982-06-01,-1.3653142395830862
1982-06-02,-1.364070060195541
1982-06-03,-1.3644969974300256
1982-06-04,-1.3631159820738157
1982-06-05,-1.361244796195961
1982-06-06,-1.359361707577291
1982-06-07,-1.3627045966444766
1982-06-08,-1.3617654081247743
1982-06-09,-1.3556602536678868
1982-06-10,-1.3731616453867366
1982-06-11,-1.3714513975969453
1982-06-12,-1.369570171105728
1982-06-13,-1.3678576375621792
1982-06-14,-1.3666224884803304
1982-06-15,-1.3559503590086166
1982-06-16,-1.3589143563552162
1982-06-17,-1.3608311248219334
1982-06-18,-1.3594330805370738
1982-06-19,-1.3575713001999332
1982-06-20,-1.3557238745905138
1982-06-21,-1.3540934108496339
1982-06-22,-1.3521982768088625
1982-06-23,-1.347806872493457
1982-06-24,-1.344877015876495
1982-06-25,-1.3424734978939519
1982-06-26,-1.340673589549193
1982-06-27,-1.338906185970827
1982-06-28,-1.337694803538141
1982-06-29,-1.3358618677170373
1982-06-30,-1.3338410513058647
1982-07-01,-1.3322025741544805
1982-07-02,-1.3283770093500702
1982-07-03,-1.3266548886682041
1982-07-04,-1.3250528770880632
1982-07-05,-1.323302456338183
1982-07-06,-1.322231989187148
1982-07-07,-1.318539637983961
1982-07-08,-1.3149532029305786
1982-07-09,-1.3162558583762518
1982-07-10,-1.3146696093621657
1982-07-11,-1.3130125358735223
1982-07-12,-1.3145722999192937
1982-07-13,-1.3132109564764975
1982-07-14,-1.3206654121207126
1982-07-15,-1.3222793877803047
1982-07-16,-1.3337688722726977
1982-07-17,-1.3321455919276775
1982-07-18,-1.3304147022576067
1982-07-19,-1.4416657717242796
1982-07-20,-1.4111511172666962
1982-07-21,-1.3970045662432018
1982-07-22,-1.3958969720375853
1982-07-23,-1.3794059290932639
1982-07-24,-1.376865033812656
1982-07-25,-1.3750417680859208
1982-07-26,-1.4358923527795635
1982-07-27,-1.3990083616195594
1982-07-28,-1.4081098712179092
1982-07-29,-1.4263000931067802
1982-07-30,-1.53170445154072
1982-07-31,-1.5298815621316357
1982-08-01,-1.5279658009317911
1982-08-02,-1.5010888139765992
1982-08-03,-1.5103624059905112
1982-08-04,-1.5240411215619905
1982-08-05,-1.5334493368922486
1982-08-06,-1.51832045131773
1982-08-07,-1.5164398584845247
1982-08-08,-1.5147562230806695
1982-08-09,-1.5054126550189337
1982-08-10,-1.5341754608571436
1982-08-11,-1.535485600351338
1982-08-12,-1.5241640145735698
1982-08-13,-1.5220790700020153
1982-08-14,-1.520212595092041
1982-08-15,-1.517623695705745
1982-08-16,-1.5182778780224853
1982-08-17,-1.508651360205196
1982-08-18,-1.5005536706677107
1982-08-19,-1.4951042291642043
1982-08-20,-1.4939210233283866
1982-08-21,-1.492333938890183
1982-08-22,-1.4912373643193344
1982-08-23,-1.4904297522372414
1982-08-24,-1.4870159454377723
1982-08-25,-1.4865019566808753
1982-08-26,-1.4876472593440073
1982-08-27,-1.486833826455773
1982-08-28,-1.485151333081294
1982-08-29,-1.4830661723209022
1982-08-30,-1.4791864253047962
1982-08-31,-1.4814606383977462
1982-09-01,-1.4803917794787111
1982-09-02,-1.4816681981497029
1982-09-03,-1.4805795333588996
1982-09-04,-1.4789053009848911
1982-09-05,-1.4773112374285977
1982-09-06,-1.4756067750484236
1982-09-07,-1.4742761287106425
1982-09-08,-1.4638998329136392
1982-09-09,-1.4631377090537656
1982-09-10,-1.4616744456395103
1982-09-11,-1.460027851160258
1982-09-12,-1.4583244731675433
1982-09-13,-1.4402455391536053
1982-09-14,-1.4380016343635802
1982-09-15,-1.4374872087738664
1982-09-16,-1.436355575916519
1982-09-17,-1.434317663113337
1982-09-18,-1.4327519360613035
1982-09-19,-1.4312208347858872
1982-09-20,-1.4654749768022661
1982-09-21,-1.4607450498918866
1982-09-22,-1.4591911151228933
1982-09-23,-1.457227047082019
1982-09-24,-1.453238209469718
1982-09-25,-1.451559483266981
1982-09-26,-1.449558578693967
1982-09-27,-1.4471346059217598
1982-09-28,-1.4451509648278016
1982-09-29,-1.4424905327358186
1982-09-30,-1.4454602135789572
1982-10-01,-1.4430923393131303
1982-10-02,-1.4414946211882274
1982-10-03,-1.4398842969965626
1982-10-04,-1.442143246008648
1982-10-05,-1.4402834057688698
1982-10-06,-1.4390143250021723
1982-10-07,-1.4378050803386266
1982-10-08,-1.4294156302664727
1982-10-09,-1.4279130985960362
1982-10-10,-1.426407377093617
1982-10-11,-1.4244595472242436
1982-10-12,-1.4235495856718146
1982-10-13,-1.4266107540697677
1982-10-14,-1.408889446775163
1982-10-15,-1.4183513452520475
1982-10-16,-1.4168650695773521
1982-10-17,-1.4150942554868955
1982-10-18,-1.3866114893402663
1982-10-19,-1.2805422535519202
1982-10-20,-1.2814364089241501
1982-10-21,-1.2954112119709469
1982-10-22,-1.371902505220869
1982-10-23,-1.3701842790845886
1982-10-24,-1.3696737157456658
1982-10-25,-1.3552982009724015
1982-10-26,-1.20686989491258
1982-10-27,-1.1008538550241989
1982-10-28,-1.0816570827224856
1982-10-29,-1.0198012820041764
1982-10-30,-1.0187320482852216
1982-10-31,-1.0177855181681292
1982-11-01,-1.0412260334235073
1982-11-02,-1.0316621042988354
1982-11-03,-1.0187442396944117
1982-11-04,-0.9955224518833014
1982-11-05,-0.9919359830614338
1982-11-06,-0.9908625195463037
1982-11-07,-0.989798471416763
1982-11-08,-0.9865270431889558
1982-11-09,-0.9815747610059761
1982-11-10,-0.9984447805947486
1982-11-11,-1.0174158286168777
1982-11-12,-0.9936098983281879
1982-11-13,-0.9925499800135841
1982-11-14,-0.9913031302425016
1982-11-15,-0.993199912844369
1982-11-16,-1.0134239269831244
1982-11-17,-0.9987963010424892
1982-11-18,-0.9944782028907132
1982-11-19,-0.9956279108787234
1982-11-20,-0.9941673968753036
1982-11-21,-0.9931267435143729
1982-11-22,-0.9982968358606888
1982-11-23,-0.9957265784700841
1982-11-24,-0.9907214165130082
1982-11-25,-0.9890050780164681
1982-11-26,-0.9882946284410878
1982-11-27,-0.9872724358759727
1982-11-28,-0.9862343944350619
1982-11-29,-0.9826317941595121
1982-11-30,-0.9829788259229106
1982-12-01,-0.9802475033707746
1982-12-02,-0.9784228756634832
1982-12-03,-0.9756404159329013
1982-12-04,-0.9746072339300434
1982-12-05,-0.9736369552920445
1982-12-06,-0.9832835759825412
1982-12-07,-0.9793492945444355
1982-12-08,-0.9520087348025127
1982-12-09,-0.9459820474920893
1982-12-10,-0.9449718570449281
1982-12-11,-0.9440757553930347
1982-12-12,-0.9430885701163433
1982-12-13,-0.9360331227877693
1982-12-14,-0.9354640176414541
1982-12-15,-0.940810934967761
1982-12-16,-0.9339841382310956
1982-12-17,-0.9320957457368072
1982-12-18,-0.9313151526350198
1982-12-19,-0.9307437449826215
1982-12-20,-0.9363100629533917
1982-12-21,-0.9363824891846049
1982-12-22,-0.9524307979689293
1982-12-23,-0.9455262101763355
1982-12-24,-0.9445566649326155
1982-12-25,-0.9436001514684166
1982-12-26,-0.942646827328185
1982-12-27,-0.9416397599707137
1982-12-28,-0.9409071334850824
1982-12-29,-0.9352028179939476
1982-12-30,-0.9333555744961378
1982-12-31,-0.9331783070371708
1983-01-01,-0.9321952338484906
1983-01-02,-0.9312602051653841
1983-01-03,-0.9303181339616211
1983-01-04,-0.924575268471842
1983-01-05,-0.9176487826436702
1983-01-06,-0.9179732985237526
1983-01-07,-0.9145561895216218
1983-01-08,-0.9136648437138803
1983-01-09,-0.9126928003706096
1983-01-10,-0.9153301508799978
1983-01-11,-0.9120791812324596
1983-01-12,-0.908136234263095
1983-01-13,-0.9053695356106534
1983-01-14,-0.9161764271374097
1983-01-15,-0.9152694874389141
1983-01-16,-0.9143338856107618
1983-01-17,-0.9160412054428416
1983-01-18,-0.8781519868919685
1983-01-19,-0.8993316800352432
1983-01-20,-0.8754734504003793
1983-01-21,-0.6258407053647307
1983-01-22,-0.6254294406875349
1983-01-23,-0.6245550342349385
1983-01-24,-0.580535880319499
1983-01-25,-0.5975553738695004
1983-01-26,-0.6238293027233991
1983-01-27,-0.6794115589969425
1983-01-28,-0.7933321143682336
1983-01-29,-0.7792741841836474
1983-01-30,-0.7785069186274375
1983-01-31,-0.7676770323487764
1983-02-01,-0.7753181867085703
1983-02-02,-0.7691916472831304
1983-02-03,-0.7768291827169668
1983-02-04,-0.7397883063088205
1983-02-05,-0.7392786487243289
1983-02-06,-0.7388123432055013
1983-02-07,-0.7297826408003809
1983-02-08,-0.7014210091482234
1983-02-09,-0.7021302402076307
1983-02-10,-0.7204099411721451
1983-02-11,-0.8533476957323809
1983-02-12,-0.8548135749015678
1983-02-13,-0.8531698691811999
1983-02-14,-0.8429172684004752
1983-02-15,-0.6820663709122606
1983-02-16,-0.690189087771174
1983-02-17,-0.6904897540123334
1983-02-18,-0.6804729874878855
1983-02-19,-0.6798778212381441
1983-02-20,-0.679510642315281
1983-02-21,-0.6790863086021801
1983-02-22,-0.6961096795992633
1983-02-23,-0.6956572011016954
1983-02-24,-0.6978587381925418
1983-02-25,-0.6894247975811499
1983-02-26,-0.6889832778078979
1983-02-27,-0.6880766840307809
1983-02-28,-0.6719541067308538
1983-03-01,-0.6615924099045749
1983-03-02,-0.645709121201992
1983-03-03,-0.6342276511735829
1983-03-04,-0.6334986282100691
1983-03-05,-0.6330358300911999
1983-03-06,-0.6320035929868356
1983-03-07,-0.6194540714770099
1983-03-08,-0.6182447370504773
1983-03-09,-0.6126570873769575
1983-03-10,-0.6156565707683487
1983-03-11,-0.5870342778948765
1983-03-12,-0.5852941200149829
1983-03-13,-0.5847791931910211
1983-03-14,-0.5840759060042547
1983-03-15,-0.5733594952531186
1983-03-16,-0.5631773162539517
1983-03-17,-0.5527458809100033
1983-03-18,-0.5440136624703502
1983-03-19,-0.5437149676273644
1983-03-20,-0.5428560225636606
1983-03-21,-0.5247659629350975
1983-03-22,-0.5308590421036175
1983-03-23,-0.5287464319750393
1983-03-24,-0.5264162530428909
1983-03-25,-0.5260444718460947
1983-03-26,-0.5256969476147269
1983-03-27,-0.5253199377160331
1983-03-28,-0.5120611216490744
1983-03-29,-0.5090492738129745
1983-03-30,-0.5089409752430177
1983-03-31,-0.5060450058232573
1983-04-01,-0.5033305844320819
1983-04-02,-0.5029273264755798
1983-04-03,-0.502621368710506
1983-04-04,-0.5145866699394588
1983-04-05,-0.5177217526382424
1983-04-06,-0.5137025673537031
1983-04-07,-0.5043636359552904
1983-04-08,-0.5044828192017445
1983-04-09,-0.5034837633772119
1983-04-10,-0.5029374520667129
1983-04-11,-0.5026275772728938
1983-04-12,-0.501605074969893
1983-04-13,-0.49795151090024525
1983-04-14,-0.5103635732651388
1983-04-15,-0.5019518746072232
1983-04-16,-0.5023650557181699
1983-04-17,-0.5005867504495641
1983-04-18,-0.5032046265412976
1983-04-19,-0.5260129326288424
1983-04-20,-0.5245187475151409
1983-04-21,-0.575591393549163
1983-04-22,-0.5775170682741018
1983-04-23,-0.5772802062234522
1983-04-24,-0.5780076362836349
1983-04-25,-0.5539618040242332
1983-04-26,-0.4839999430229079
1983-04-27,-0.37005495384632825
1983-04-28,-0.3314166394202372
1983-04-29,-0.1489141944773573
1983-04-30,-0.1483352446601178
1983-05-01,-0.1480905603272317
1983-05-02,-0.15308721435374428
1983-05-03,-0.0014790405952896934
1983-05-04,-0.0028303296496290744
1983-05-05,0.027391538640004282
1983-05-06,-0.14840595118867894
1983-05-07,-0.18068322905499926
1983-05-08,-0.18059443765015862
1983-05-09,-0.18569455626055706
1983-05-10,-0.21476568189087988
1983-05-11,-0.21934479329613263
1983-05-12,-0.2340736057966105
1983-05-13,-0.2351965981736561
1983-05-14,-0.23422284740941088
1983-05-15,-0.23314531917054762
1983-05-16,-0.23667477461410247
1983-05-17,-0.23736132030068313
1983-05-18,-0.24422095329708318
1983-05-19,-0.2416642355070219
1983-05-20,-0.2589986147201813
1983-05-21,-0.2584228380534299
1983-05-22,-0.2583117705821305
1983-05-23,-0.2559189961827102
1983-05-24,-0.2547158807117804
1983-05-25,-0.22192829007241419
1983-05-26,-0.2589354283255534
1983-05-27,-0.2565840274111892
1983-05-28,-0.25571279048226625
1983-05-29,-0.25563504719529767
1983-05-30,-0.25596168208223213
1983-05-31,-0.25924803441095784
1983-06-01,-0.26331536607888273
1983-06-02,-0.2629953682120436
1983-06-03,-0.27211442925870694
1983-06-04,-0.2719674686430016
1983-06-05,-0.27168993120756557
1983-06-06,-0.2796109362963776
1983-06-07,-0.2748680330423566
1983-06-08,-0.27374616305448213
1983-06-09,-0.27464516193331606
1983-06-10,-0.274239202125028
1983-06-11,-0.27396625232550154
1983-06-12,-0.27334344295046936
1983-06-13,-0.27318238672569645
1983-06-14,-0.269825702103003
1983-06-15,-0.27046408012196316
1983-06-16,-0.2683324286989915
1983-06-17,-0.250991083778153
1983-06-18,-0.25074726408773823
1983-06-19,-0.25052834094632126
1983-06-20,-0.25289066701037294
1983-06-21,-0.24887922692137768
1983-06-22,-0.24802565261878273
1983-06-23,-0.24325660990844286
1983-06-24,-0.24114643432026925
1983-06-25,-0.24092744834329008
1983-06-26,-0.2404917783911539
1983-06-27,-0.23735560734750474
1983-06-28,-0.23889029914448198
1983-06-29,-0.2372249664038301
1983-06-30,-0.2354435123835966
1983-07-01,-0.23527985488356404
1983-07-02,-0.23510901462119974
1983-07-03,-0.23332694720226566
1983-07-04,-0.2333847062819978
1983-07-05,-0.19992735289925792
1983-07-06,-0.19936278459510662
1983-07-07,-0.19877697774027311
1983-07-08,-0.1973921198039146
1983-07-09,-0.19722069132224052
1983-07-10,-0.19535475139176328
1983-07-11,-0.19761067120331685
1983-07-12,-0.19382421696288757
1983-07-13,-0.1850541176006134
1983-07-14,-0.1558588482349886
1983-07-15,-0.13580484961970848
1983-07-16,-0.13584638723210696
1983-07-17,-0.1353437441646936
1983-07-18,-0.0683113268061496
1983-07-19,-0.057775762636242546
1983-07-20,-0.08589335938903651
1983-07-21,-0.03597256189992889
1983-07-22,0.057233786691435605
1983-07-23,0.057335192572185036
1983-07-24,0.05489661896750061
1983-07-25,0.07700263665730704
1983-07-26,0.08868166322645606
1983-07-27,0.22005480115449183
1983-07-28,0.24594567664397438
1983-07-29,0.07025179566435848
1983-07-30,0.06974231367359945
1983-07-31,0.06983286817884059
1983-08-01,0.08217057723006997
1983-08-02,0.12350038736479076
1983-08-03,0.19729855935973917
1983-08-04,0.19014766410898698
1983-08-05,0.28537415569470614
1983-08-06,0.3031521230463133
1983-08-07,0.30056582699034057
1983-08-08,0.3497715605614518
1983-08-09,0.3582334647573993
1983-08-10,0.37130123305995294
1983-08-11,0.37252557325479274
1983-08-12,0.3911389856229805
1983-08-13,0.3905532098132782
1983-08-14,0.38962076414113117
1983-08-15,0.3892172685593625
1983-08-16,0.3691196160199656
1983-08-17,0.37696882078213984
1983-08-18,0.379542288070605
1983-08-19,0.3800118324285209
1983-08-20,0.3794882693300863
1983-08-21,0.3798170300086572
1983-08-22,0.3792974267432965
1983-08-23,0.3805810262881819
1983-08-24,0.38554167731134736
1983-08-25,0.3888322004559219
1983-08-26,0.39610005956200967
1983-08-27,0.39611116345924086
1983-08-28,0.3955849688857544
1983-08-29,0.38495764104914104
1983-08-30,0.38478027476014326
1983-08-31,0.3816157977962729
1983-09-01,0.3803357370817884
1983-09-02,0.3847356949432676
1983-09-03,0.38416963844574764
1983-09-04,0.38354340277210697
1983-09-05,0.3826631596148607
1983-09-06,0.38248468299461996
1983-09-07,0.3856884651741
1983-09-08,0.3993343586962579
1983-09-09,0.3973204028887394
1983-09-10,0.3971111439898439
1983-09-11,0.3964444684652171
1983-09-12,0.3822253764942545
1983-09-13,0.3809839988729961
1983-09-14,0.3836523808891253
1983-09-15,0.3830623812700369
1983-09-16,0.3816689287814865
1983-09-17,0.38119455258376905
1983-09-18,0.3807538043779995
1983-09-19,0.3820226845603553
1983-09-20,0.3838819727891103
1983-09-21,0.3752946551471343
1983-09-22,0.37312075645233267
1983-09-23,0.3940216370075902
1983-09-24,0.39354617854264823
1983-09-25,0.3933840376176943
1983-09-26,0.39667302376646124
1983-09-27,0.3969445648498143
1983-09-28,0.3977775576662401
1983-09-29,0.40498781167963765
1983-09-30,0.40613180019354284
1983-10-01,0.4055785167311346
1983-10-02,0.4051764584075614
1983-10-03,0.4047621582749945
1983-10-04,0.4042450284496432
1983-10-05,0.40496553371518035
1983-10-06,0.40730597236720595
1983-10-07,0.40666978156335115
1983-10-08,0.4060651969291505
1983-10-09,0.40484328833179944
1983-10-10,0.4018833109484106
1983-10-11,0.35996842905285537
1983-10-12,0.3621444464108376
1983-10-13,0.3713171277069473
1983-10-14,0.3951873367100238
1983-10-15,0.3957557584425257
1983-10-16,0.39837122913759115
1983-10-17,0.3747289486050222
1983-10-18,0.4434067714877645
1983-10-19,0.4027524587595072
1983-10-20,0.495632107313305
1983-10-21,0.5632435978608318
1983-10-22,0.5498433812330322
1983-10-23,0.5424030358990053
1983-10-24,0.5464673501550069
1983-10-25,0.5118945672381119
1983-10-26,0.5336094773111958
1983-10-27,0.7054104616393896
1983-10-28,0.761677118005209
1983-10-29,0.7598885449825783
1983-10-30,0.7620191499240656
1983-10-31,0.7828509543903236
1983-11-01,0.7259678745050611
1983-11-02,0.7338573276633431
1983-11-03,0.7761564599917851
1983-11-04,0.8589020658420919
1983-11-05,0.8564196385786497
1983-11-06,0.8541851719461354
1983-11-07,0.8626841273745613
1983-11-08,0.8600399080575015
1983-11-09,0.8721967915971548
1983-11-10,0.906380010148562
1983-11-11,0.8844683352571451
1983-11-12,0.8817814236370428
1983-11-13,0.8797377260491165
1983-11-14,0.8700375115672525
1983-11-15,0.854324819541972
1983-11-16,0.8238788818819724
1983-11-17,0.8270936012903652
1983-11-18,0.8215303197886087
1983-11-19,0.8193768285027202
1983-11-20,0.8169318154302387
1983-11-21,0.8155742152910127
1983-11-22,0.8253344093259888
1983-11-23,0.830661744870044
1983-11-24,0.8284359499829272
1983-11-25,0.8263005610991189
1983-11-26,0.827101769682299
1983-11-27,0.8249692419617166
1983-11-28,0.8228577548767254
1983-11-29,0.8191217193988768
1983-11-30,0.8111579306125934
1983-12-01,0.812408924387826
1983-12-02,0.8145545465690467
1983-12-03,0.8124225306744433
1983-12-04,0.8104128081968368
1983-12-05,0.805038415723267
1983-12-06,0.8089106603345549
1983-12-07,0.8095864523276702
1983-12-08,0.8069226924779057
1983-12-09,0.8056984274219247
1983-12-10,0.8037399954770144
1983-12-11,0.8020808944559049
1983-12-12,0.8093902792860929
1983-12-13,0.8027835299207723
1983-12-14,0.8127399600316249
1983-12-15,0.8114132107605451
1983-12-16,0.8103825375289868
1983-12-17,0.8093345764078147
1983-12-18,0.8071883833700767
1983-12-19,0.8051047794071494
1983-12-20,0.8029015960484617
1983-12-21,0.8007830170346892
1983-12-22,0.7993431036850374
1983-12-23,0.7981645903890898
1983-12-24,0.7962350768000276
1983-12-25,0.7943226718234576
1983-12-26,0.7924677671934699
1983-12-27,0.790596997710046
1983-12-28,0.7915081931925464
1983-12-29,0.7894761268626591
1983-12-30,0.7883112404119453
1983-12-31,0.7864934317152129
1984-01-01,0.7846703933010736
1984-01-02,0.7828640070931296
1984-01-03,0.7811142969785781
1984-01-04,0.7787039135308137
1984-01-05,0.7782244048711382
1984-01-06,0.7710553709676947
1984-01-07,0.7693823787414984
1984-01-08,0.7677085702047499
1984-01-09,0.7589785967579927
1984-01-10,0.7566572901072132
1984-01-11,0.7566358423740649
1984-01-12,0.7461856364409535
1984-01-13,0.7433047710282245
1984-01-14,0.7418969960727765
1984-01-15,0.7403252829463076
1984-01-16,0.7339031704427964
1984-01-17,0.7146527440512167
1984-01-18,0.6863251954701469
1984-01-19,0.6582050439825561
1984-01-20,0.49724925149358573
1984-01-21,0.4939941824652669
1984-01-22,0.4942126285259752
1984-01-23,0.5372166106906163
1984-01-24,0.54442682930285
1984-01-25,0.5332751176383268
1984-01-26,0.634737585123182
1984-01-27,0.5895533022664506
1984-01-28,0.5873727517107303
1984-01-29,0.5863949067491309
1984-01-30,0.5896222608759443
1984-01-31,0.6383531253898052
1984-02-01,0.5852907987533466
1984-02-02,0.5841932270370204
1984-02-03,0.5609623632471319
1984-02-04,0.5573603757822201
1984-02-05,0.5637377221293766
1984-02-06,0.5626970359069053
1984-02-07,0.5998921470001841
1984-02-08,0.7526934517830833
1984-02-09,0.8640819236688245
1984-02-10,0.8536077350014241
1984-02-11,0.8508839237036737
1984-02-12,0.849993101360954
1984-02-13,0.8511330423247728
1984-02-14,0.8607825526208536
1984-02-15,0.8653069576037454
1984-02-16,0.8109661077991208
1984-02-17,0.8272479981027582
1984-02-18,0.8257331161511262
1984-02-19,0.8245820623498464
1984-02-20,0.8237181582782682
1984-02-21,0.8140026794331848
1984-02-22,0.7324894983024876
1984-02-23,0.7525161042611055
1984-02-24,0.7593362602385064
1984-02-25,0.7564755018366346
1984-02-26,0.7553602914182799
1984-02-27,0.7587879116085064
1984-02-28,0.759389805157153
1984-02-29,0.7676417610398301
1984-03-01,0.7656102208571575
1984-03-02,0.7655546107160145
1984-03-03,0.7644502208296845
1984-03-04,0.7631894026665743
1984-03-05,0.7639775415989675
1984-03-06,0.7606307047825336
1984-03-07,0.7635731463990566
1984-03-08,0.7740546984502702
1984-03-09,0.7778318364306488
1984-03-10,0.776681816904348
1984-03-11,0.7756426304912334
1984-03-12,0.7605606351798132
1984-03-13,0.7631484547215616
1984-03-14,0.762512963019972
1984-03-15,0.7911187159842163
1984-03-16,0.8022618281120346
1984-03-17,0.8093801635043617
1984-03-18,0.8083611458732949
1984-03-19,0.8047460107771847
1984-03-20,0.7932019993079473
1984-03-21,0.7910701429168326
1984-03-22,0.7917647447811479
1984-03-23,0.7787661688656543
1984-03-24,0.7783012695924146
1984-03-25,0.7776837912421858
1984-03-26,0.7727716045968139
1984-03-27,0.7724122991262058
1984-03-28,0.7713825686002646
1984-03-29,0.7721742180295527
1984-03-30,0.7750612261032348
1984-03-31,0.774216229716442
1984-04-01,0.7727833636330939
1984-04-02,0.7939849145638957
1984-04-03,0.8053310349867356
1984-04-04,0.7975395517167767
1984-04-05,0.7970476675865026
1984-04-06,0.7970598997494577
1984-04-07,0.7960553038535895
1984-04-08,0.7950437564400508
1984-04-09,0.7941610366770163
1984-04-10,0.791297212036025
1984-04-11,0.7692653596878389
1984-04-12,0.7385085346576932
1984-04-13,0.7373726898284222
1984-04-14,0.7354660163397898
1984-04-15,0.734406599393281
1984-04-16,0.7552038904846974
1984-04-17,0.7615074284219533
1984-04-18,0.8543212588525514
1984-04-19,0.9079431451173298
1984-04-20,0.8624209349474962
1984-04-21,0.8637505936585939
1984-04-22,0.8658320894276116
1984-04-23,0.9813229151557601
1984-04-24,0.9678607817373169
1984-04-25,1.0020487658389265
1984-04-26,0.9651364234185217
1984-04-27,0.953893048076365
1984-04-28,0.9509000454556036
1984-04-29,0.9480229043607888
1984-04-30,0.9899420716000877
1984-05-01,0.9524007298989301
1984-05-02,0.9634186053457432
1984-05-03,0.9736298282615898
1984-05-04,0.9805335230134299
1984-05-05,0.9808584668537693
1984-05-06,0.9783889310459467
1984-05-07,1.0001848775161915
1984-05-08,1.0014856479092238
1984-05-09,1.0317761253997622
1984-05-10,1.0248434086206726
1984-05-11,1.0177482552001738
1984-05-12,1.015378439704098
1984-05-13,1.0126581263631946
1984-05-14,0.996023593675869
1984-05-15,1.03881804773529
1984-05-16,1.0411101941746523
1984-05-17,1.1146756975049563
1984-05-18,1.1426980647109901
1984-05-19,1.1385903315166175
1984-05-20,1.1342775438205066
1984-05-21,1.1372879884344576
1984-05-22,1.13147200452851
1984-05-23,1.1195111570196694
1984-05-24,1.1120151283135198
1984-05-25,1.1074591564582639
1984-05-26,1.1059003021404297
1984-05-27,1.1020249428014848
1984-05-28,1.0979418084034351
1984-05-29,1.0968772647202678
1984-05-30,1.0974563342567216
1984-05-31,1.0959068108551302
1984-06-01,1.089121237153885
1984-06-02,1.0854172336884997
1984-06-03,1.081831493139311
1984-06-04,1.073422637549751
1984-06-05,1.07036234634619
1984-06-06,1.0653453937189685
1984-06-07,1.0672607396299727
1984-06-08,1.0447840666673935
1984-06-09,1.041703636180945
1984-06-10,1.0386262315257955
1984-06-11,1.036296404198857
1984-06-12,1.0358448336031825
1984-06-13,1.0351026656529663
1984-06-14,0.9210552760637362
1984-06-15,0.9175990652432282
1984-06-16,0.9148363968873133
1984-06-17,0.9120201123883169
1984-06-18,0.9076937163395473
1984-06-19,0.9066716492943964
1984-06-20,0.8966513860289805
1984-06-21,0.8918677134890873
1984-06-22,0.8874895502216705
1984-06-23,0.887067819116727
1984-06-24,0.8844173807136119
1984-06-25,0.8807951463315037
1984-06-26,0.8713396855432832
1984-06-27,0.8682959192546099
1984-06-28,0.8665892657772921
1984-06-29,0.862161190948313
1984-06-30,0.8595770491116356
1984-07-01,0.8571654109085048
1984-07-02,0.8530158048685603
1984-07-03,0.8506707137443726
1984-07-04,0.8483296976527392
1984-07-05,0.8466190628106399
1984-07-06,0.8234098754290562
1984-07-07,0.8213273095434777
1984-07-08,0.8192351986978607
1984-07-09,0.8223066591733829
1984-07-10,0.8192310101825236
1984-07-11,0.8196982800075291
1984-07-12,0.8282809589699465
1984-07-13,0.8231828617947158
1984-07-14,0.8213240915275418
1984-07-15,0.819417919006379
1984-07-16,0.8123476231275958
1984-07-17,0.8763365663347463
1984-07-18,0.8711066089783649
1984-07-19,0.8488829535937475
1984-07-20,0.8354934209327736
1984-07-21,0.8333790726862981
1984-07-22,0.8181882448864619
1984-07-23,0.7249740770627259
1984-07-24,0.7298557649184526
1984-07-25,0.7418900591160633
1984-07-26,0.7435570009265491
1984-07-27,0.7464645452014569
1984-07-28,0.7448209295810134
1984-07-29,0.724935483976095
1984-07-30,0.7327853971306412
1984-07-31,0.7017318231235649
1984-08-01,0.6853029580299118
1984-08-02,0.6860521534264562
1984-08-03,0.6456247547951438
1984-08-04,0.6429351427583462
1984-08-05,0.6405657712014087
1984-08-06,0.620939249092953
1984-08-07,0.5863018426648426
1984-08-08,0.5790492434413638
1984-08-09,0.5234043992665544
1984-08-10,0.39875442629679697
1984-08-11,0.39699640093655447
1984-08-12,0.3955959297679961
1984-08-13,0.3823043989798107
1984-08-14,0.38548857639625694
1984-08-15,0.3787700324682135
1984-08-16,0.3665929787067436
1984-08-17,0.3713987424810115
1984-08-18,0.3700886195677926
1984-08-19,0.36846595128037446
1984-08-20,0.36802442318575324
1984-08-21,0.3675891077342129
1984-08-22,0.3645885246721305
1984-08-23,0.35959884117463364
1984-08-24,0.35671494436133694
1984-08-25,0.3552508006443023
1984-08-26,0.353833581639651
1984-08-27,0.35535810978170174
1984-08-28,0.35478234024007893
1984-08-29,0.35279277725059366
1984-08-30,0.3496769992787124
1984-08-31,0.33931795481602217
1984-09-01,0.33806791452447466
1984-09-02,0.3368842923309338
1984-09-03,0.33679941009587305
1984-09-04,0.33785584723318457
1984-09-05,0.33782115568341015
1984-09-06,0.33350233069539675
1984-09-07,0.3256658594237282
1984-09-08,0.3244795178305386
1984-09-09,0.3255975188548528
1984-09-10,0.31973376528127023
1984-09-11,0.3198981086795003
1984-09-12,0.3136621096036118
1984-09-13,0.31295031543422563
1984-09-14,0.3097463353707796
1984-09-15,0.30754725618665796
1984-09-16,0.30644426189390545
1984-09-17,0.3026329379302308
1984-09-18,0.30160886180383767
1984-09-19,0.2955524094273316
1984-09-20,0.2945406843539062
1984-09-21,0.29448069040673713
1984-09-22,0.2934171825776457
1984-09-23,0.2922860679699657
1984-09-24,0.28071947553344234
1984-09-25,0.2799894263638692
1984-09-26,0.26407154878375755
1984-09-27,0.2617138021055552
1984-09-28,0.2653421973792855
1984-09-29,0.26438781791983434
1984-09-30,0.2634030290018872
1984-10-01,0.2623160881737081
1984-10-02,0.261442174046588
1984-10-03,0.26112356393354424
1984-10-04,0.2586585397048147
1984-10-05,0.25664340431368265
1984-10-06,0.25567748111442734
1984-10-07,0.25475454262916036
1984-10-08,0.25383858565507755
1984-10-09,0.24726551831892477
1984-10-10,0.24821828259925194
1984-10-11,0.1911563544080055
1984-10-12,0.17064371463510253
1984-10-13,0.1702766076687884
1984-10-14,0.1695671771053041
1984-10-15,0.1811961181998428
1984-10-16,0.16723581798500486
1984-10-17,0.1946574452941249
1984-10-18,0.1719432978063433
1984-10-19,0.094048483033377
1984-10-20,0.09575175441954308
1984-10-21,0.09517827152789365
1984-10-22,0.13042167241940456
1984-10-23,0.11388755267622963
1984-10-24,0.03407744538862667
1984-10-25,-0.01641110577746833
1984-10-26,-0.14531027690586146
1984-10-27,-0.1455911748773741
1984-10-28,-0.1466058728649384
1984-10-29,-0.1603354967829661
1984-10-30,-0.16841166777677855
1984-10-31,-0.1649294027482412
1984-11-01,-0.1909273413937335
1984-11-02,-0.19794438946754842
1984-11-03,-0.19810802034514344
1984-11-04,-0.19782868454060956
1984-11-05,-0.19183959807468043
1984-11-06,-0.18899484119303253
1984-11-07,-0.2615817558724037
1984-11-08,-0.2470169276618709
1984-11-09,-0.2468865323771728
1984-11-10,-0.24039477532742215
1984-11-11,-0.2422714661943688
1984-11-12,-0.2541525772512705
1984-11-13,-0.2568066358322216
1984-11-14,-0.2591304844761076
1984-11-15,-0.25915152269167024
1984-11-16,-0.2677232038918929
1984-11-17,-0.267193134291745
1984-11-18,-0.26733996790013775
1984-11-19,-0.2699555990045901
1984-11-20,-0.2717656462740772
1984-11-21,-0.27601815021471143
1984-11-22,-0.2777253391904954
1984-11-23,-0.2778483596875347
1984-11-24,-0.2776786621202358
1984-11-25,-0.2775967796372134
1984-11-26,-0.28080049509926425
1984-11-27,-0.283984188408289
1984-11-28,-0.28374073577756126
1984-11-29,-0.2838371927233097
1984-11-30,-0.2839965318816014
1984-12-01,-0.2833440179770941
1984-12-02,-0.28332138269457746
1984-12-03,-0.2801781239373794
1984-12-04,-0.2831874601782231
1984-12-05,-0.2886040388823145
1984-12-06,-0.2861890715832019
1984-12-07,-0.2928492968682633
1984-12-08,-0.29284220898169366
1984-12-09,-0.2930137316355026
1984-12-10,-0.2981878331351948
1984-12-11,-0.29916487123580904
1984-12-12,-0.29976184983945253
1984-12-13,-0.29924771547864815
1984-12-14,-0.29501096600355803
1984-12-15,-0.29495442764015783
1984-12-16,-0.2951649910308413
1984-12-17,-0.296567177716244
1984-12-18,-0.2988606730867777
1984-12-19,-0.2945525175748109
1984-12-20,-0.29804455182690126
1984-12-21,-0.29728171566756106
1984-12-22,-0.2972855564910255
1984-12-23,-0.29644822523962716
1984-12-24,-0.29661936507645653
1984-12-25,-0.2965975483483749
1984-12-26,-0.29682563597113065
1984-12-27,-0.2977129244643593
1984-12-28,-0.297059322161684
1984-12-29,-0.297154224213475
1984-12-30,-0.2960566884284367
1984-12-31,-0.2963046698667048
1985-01-01,-0.29628570351319666
1985-01-02,-0.2957180509057624
1985-01-03,-0.2955093951536395
1985-01-04,-0.2956352726045882
1985-01-05,-0.2956152560441494
1985-01-06,-0.2955496620244073
1985-01-07,-0.29533232323936137
1985-01-08,-0.2933823067688628
1985-01-09,-0.2940957328167067
1985-01-10,-0.29592952249105475
1985-01-11,-0.2975627748888214
1985-01-12,-0.2975382010495408
1985-01-13,-0.2974013610713772
1985-01-14,-0.29741450872090536
1985-01-15,-0.30474851434422534
1985-01-16,-0.31159175695937474
1985-01-17,-0.2887015252393202
1985-01-18,-0.3103254715914725
1985-01-19,-0.3101763880978658
1985-01-20,-0.3101254137516205
1985-01-21,-0.3143431609976047
1985-01-22,-0.3236380296786329
1985-01-23,-0.3248993249985946
1985-01-24,-0.37292757197802756
1985-01-25,-0.5302742360093872
1985-01-26,-0.5301400462324596
1985-01-27,-0.5307696536493148
1985-01-28,-0.4867649256084227
1985-01-29,-0.4378476597657693
1985-01-30,-0.42851871258678176
1985-01-31,-0.44920909109396984
1985-02-01,-0.4224666782939095
1985-02-02,-0.42269603787076987
1985-02-03,-0.4224349211298048
1985-02-04,-0.43630882475236654
1985-02-05,-0.4205754074917654
1985-02-06,-0.4174023822374562
1985-02-07,-0.3583309035273046
1985-02-08,-0.39404126342537465
1985-02-09,-0.3939504287643707
1985-02-10,-0.39432456784512376
1985-02-11,-0.3967056015656934
1985-02-12,-0.4411063176214543
1985-02-13,-0.40491817099758576
1985-02-14,-0.3639941075747157
1985-02-15,-0.37502145372532203
1985-02-16,-0.3748522032903609
1985-02-17,-0.37475912238582937
1985-02-18,-0.37452482106266843
1985-02-19,-0.36334195282830634
1985-02-20,-0.3503523831437347
1985-02-21,-0.3612054640030337
1985-02-22,-0.3514296724389994
1985-02-23,-0.3508163008893948
1985-02-24,-0.350750314044266
1985-02-25,-0.36090298009267124
1985-02-26,-0.3622891764775855
1985-02-27,-0.35907480917718404
1985-02-28,-0.35949015827557806
1985-03-01,-0.3595281760116836
1985-03-02,-0.35914630968935546
1985-03-03,-0.35889826529623586
1985-03-04,-0.3558756503404707
1985-03-05,-0.353546204212628
1985-03-06,-0.35756274920844683
1985-03-07,-0.3603528778599696
1985-03-08,-0.3693878999027897
1985-03-09,-0.36928678066897147
1985-03-10,-0.369414058262286
1985-03-11,-0.372694196791815
1985-03-12,-0.3747975231000161
1985-03-13,-0.3744634496782207
1985-03-14,-0.3644408682786094
1985-03-15,-0.38109634093319683
1985-03-16,-0.38112047552372985
1985-03-17,-0.3806350707377765
1985-03-18,-0.3743566213472471
1985-03-19,-0.36375108818944596
1985-03-20,-0.35568521619329213
1985-03-21,-0.343133891554056
1985-03-22,-0.3382585044157456
1985-03-23,-0.33827708427734365
1985-03-24,-0.33802121293394244
1985-03-25,-0.3384290816070981
1985-03-26,-0.33890885953307853
1985-03-27,-0.3236322470852914
1985-03-28,-0.32334097363009046
1985-03-29,-0.32828597273584476
1985-03-30,-0.32824370487318855
1985-03-31,-0.3282092988948182
1985-04-01,-0.32610967462219204
1985-04-02,-0.32064656228767013
1985-04-03,-0.31751449621676436
1985-04-04,-0.31842589502989743
1985-04-05,-0.3172087027984818
1985-04-06,-0.31718647978048614
1985-04-07,-0.31706091666181285
1985-04-08,-0.3255155808737846
1985-04-09,-0.3248293846341635
1985-04-10,-0.3511951657719358
1985-04-11,-0.37160439246256566
1985-04-12,-0.3867845711534354
1985-04-13,-0.3866636014028275
1985-04-14,-0.38675879650800876
1985-04-15,-0.3890410630927749
1985-04-16,-0.36506737162388786
1985-04-17,-0.3977589992927735
1985-04-18,-0.4092004448253422
1985-04-19,-0.4581362523079209
1985-04-20,-0.4573574927309374
1985-04-21,-0.45733497800046297
1985-04-22,-0.4705561383971751
1985-04-23,-0.4936963069385445
1985-04-24,-0.5089488427982999
1985-04-25,-0.5107517725454133
1985-04-26,-0.46554429031283145
1985-04-27,-0.46570760031362807
1985-04-28,-0.46491341679433695
1985-04-29,-0.49024342874736976
1985-04-30,-0.5040986225233449
1985-05-01,-0.4840449552742038
1985-05-02,-0.49038533413518576
1985-05-03,-0.4967824742714286
1985-05-04,-0.49854740627267374
1985-05-05,-0.4978554481546705
1985-05-06,-0.5050597548769091
1985-05-07,-0.49977530130231934
1985-05-08,-0.532316552618721
1985-05-09,-0.5334086106192616
1985-05-10,-0.5446490924535783
1985-05-11,-0.5443624586531998
1985-05-12,-0.5451272282348729
1985-05-13,-0.5471515607470824
1985-05-14,-0.5486856054175898
1985-05-15,-0.545376389371597
1985-05-16,-0.5462406914665562
1985-05-17,-0.5438096479435343
1985-05-18,-0.5473616516927654
1985-05-19,-0.5476858654974537
1985-05-20,-0.541312881744985
1985-05-21,-0.5474521231777889
1985-05-22,-0.5409413655564599
1985-05-23,-0.5458335651457286
1985-05-24,-0.5456433012311787
1985-05-25,-0.5454029408110168
1985-05-26,-0.5451588766550827
1985-05-27,-0.5448465712313477
1985-05-28,-0.5456241343792377
1985-05-29,-0.54547302979273
1985-05-30,-0.5452056035141669
1985-05-31,-0.5485898449612003
1985-06-01,-0.5483924492739322
1985-06-02,-0.5483637691335677
1985-06-03,-0.5478522759141436
1985-06-04,-0.5467894336416249
1985-06-05,-0.5443788835983482
1985-06-06,-0.5429961171399443
1985-06-07,-0.5372430734953082
1985-06-08,-0.5363470335076193
1985-06-09,-0.5361311984435123
1985-06-10,-0.536040044363911
1985-06-11,-0.5336880868045476
1985-06-12,-0.513603074682252
1985-06-13,-0.5129592697750506
1985-06-14,-0.5129280664284818
1985-06-15,-0.5127096289238099
1985-06-16,-0.5126576154423698
1985-06-17,-0.5131190214246698
1985-06-18,-0.5071334781789792
1985-06-19,-0.5083205604981399
1985-06-20,-0.5076522349731184
1985-06-21,-0.5014727155734919
1985-06-22,-0.5013006388822098
1985-06-23,-0.5003473401175395
1985-06-24,-0.5007950726900291
1985-06-25,-0.4986689068550862
1985-06-26,-0.49438817696390763
1985-06-27,-0.4970397591248797
1985-06-28,-0.4965079066927081
1985-06-29,-0.49918181828675734
1985-06-30,-0.4990292431136991
1985-07-01,-0.4979534493392534
1985-07-02,-0.497338312318606
1985-07-03,-0.49490806173011687
1985-07-04,-0.49474021306452953
1985-07-05,-0.49322607504422383
1985-07-06,-0.49303854664621705
1985-07-07,-0.4928555163790603
1985-07-08,-0.4896696247890726
1985-07-09,-0.4879901213468125
1985-07-10,-0.4860870700068329
1985-07-11,-0.5047674206581857
1985-07-12,-0.5036899688875822
1985-07-13,-0.5033179775786164
1985-07-14,-0.5100939080974561
1985-07-15,-0.5051641605602603
1985-07-16,-0.5134465384080485
1985-07-17,-0.4992079623848154
1985-07-18,-0.4585740064825787
1985-07-19,-0.43378200215109414
1985-07-20,-0.433579905211122
1985-07-21,-0.4337778416269606
1985-07-22,-0.4503930231625557
1985-07-23,-0.4801206708176775
1985-07-24,-0.4664405155600034
1985-07-25,-0.4490913085650812
1985-07-26,-0.42452571324056204
1985-07-27,-0.42534656145093036
1985-07-28,-0.42568191495573243
1985-07-29,-0.43486957788623065
1985-07-30,-0.4279163613224906
1985-07-31,-0.4232563273407237
1985-08-01,-0.4282796724500227
1985-08-02,-0.4238854469854796
1985-08-03,-0.4242065559062613
1985-08-04,-0.42402245552726087
1985-08-05,-0.44728859063311566
1985-08-06,-0.44850068979125884
1985-08-07,-0.530842103522469
1985-08-08,-0.4892427178653144
1985-08-09,-0.5382632501157666
1985-08-10,-0.5382866713081483
1985-08-11,-0.5382638612152317
1985-08-12,-0.5392569597485276
1985-08-13,-0.5388672944409746
1985-08-14,-0.5425035634311345
1985-08-15,-0.5400386462926936
1985-08-16,-0.5333021138153513
1985-08-17,-0.5334104880436673
1985-08-18,-0.533949536818513
1985-08-19,-0.5389909003200493
1985-08-20,-0.5335227672840066
1985-08-21,-0.5217905554321729
1985-08-22,-0.5200320045837393
1985-08-23,-0.5183008483886032
1985-08-24,-0.5180895668372338
1985-08-25,-0.518016265144864
1985-08-26,-0.516640496697239
1985-08-27,-0.517458026845654
1985-08-28,-0.5163326221246866
1985-08-29,-0.516592946326622
1985-08-30,-0.5101882240474921
1985-08-31,-0.49869174378544656
1985-09-01,-0.4985627705802238
1985-09-02,-0.4984032684659045
1985-09-03,-0.4983697261936024
1985-09-04,-0.4996782229930934
1985-09-05,-0.4984582505311555
1985-09-06,-0.4903049865194659
1985-09-07,-0.49017229049712424
1985-09-08,-0.49013494023674015
1985-09-09,-0.48854720289058057
1985-09-10,-0.48826935632062324
1985-09-11,-0.4890085225941217
1985-09-12,-0.488896928218026
1985-09-13,-0.4886980552092866
1985-09-14,-0.48852923409505716
1985-09-15,-0.4882426837626765
1985-09-16,-0.48767043160757867
1985-09-17,-0.4866095781840436
1985-09-18,-0.4857341297207641
1985-09-19,-0.48720743956538765
1985-09-20,-0.48554152805949286
1985-09-21,-0.4853537793346782
1985-09-22,-0.4849241217867686
1985-09-23,-0.4844124108247396
1985-09-24,-0.48215073233509326
1985-09-25,-0.48236594557149665
1985-09-26,-0.4827496644710488
1985-09-27,-0.4828220992294856
1985-09-28,-0.4826994858539231
1985-09-29,-0.48258774441493396
1985-09-30,-0.4903277306323328
1985-10-01,-0.48602473281274566
1985-10-02,-0.48521652725944137
1985-10-03,-0.48613434014154305
1985-10-04,-0.48314847198645033
1985-10-05,-0.4829914433406824
1985-10-06,-0.48286758153821463
1985-10-07,-0.48252990976179944
1985-10-08,-0.48072603003876835
1985-10-09,-0.47713419564418297
1985-10-10,-0.46850630518775754
1985-10-11,-0.4623265799543921
1985-10-12,-0.46913896444885533
1985-10-13,-0.4692805135481519
1985-10-14,-0.44409905882308864
1985-10-15,-0.4262123011954757
1985-10-16,-0.41604111519837633
1985-10-17,-0.3638527990320653
1985-10-18,-0.36851382220768425
1985-10-19,-0.3708019701853244
1985-10-20,-0.3707601625400474
1985-10-21,-0.36790169898315145
1985-10-22,-0.3639198341127394
1985-10-23,-0.4069469320680552
1985-10-24,-0.4218881733009035
1985-10-25,-0.3992937829757355
1985-10-26,-0.3979769884640267
1985-10-27,-0.3978869548470752
1985-10-28,-0.38451876374940913
1985-10-29,-0.36593287427958726
1985-10-30,-0.38478539819396174
1985-10-31,-0.3727889915495702
1985-11-01,-0.3937940744165564
1985-11-02,-0.393664495150784
1985-11-03,-0.39341347114887215
1985-11-04,-0.3966304834367869
1985-11-05,-0.3938609357290516
1985-11-06,-0.3461518956689738
1985-11-07,-0.3254125605404928
1985-11-08,-0.29305344112266823
1985-11-09,-0.2925448236445786
1985-11-10,-0.2925885478888048
1985-11-11,-0.28501234739504305
1985-11-12,-0.2697697588758888
1985-11-13,-0.289066780295033
1985-11-14,-0.30370167093977646
1985-11-15,-0.3002446485696146
1985-11-16,-0.3004102185407567
1985-11-17,-0.30028214847241863
1985-11-18,-0.30697446906185216
1985-11-19,-0.31342630789687304
1985-11-20,-0.3138947738021521
1985-11-21,-0.31348483909443053
1985-11-22,-0.31293650081244134
1985-11-23,-0.3128225416276709
1985-11-24,-0.31262076668774835
1985-11-25,-0.3120530728673569
1985-11-26,-0.3129826189250689
1985-11-27,-0.30773444123433064
1985-11-28,-0.30784256628015033
1985-11-29,-0.30890095066290646
1985-11-30,-0.3084079456173678
1985-12-01,-0.30827317435430973
1985-12-02,-0.30791248571407753
1985-12-03,-0.30937405552441527
1985-12-04,-0.30821641770077474
1985-12-05,-0.30904669968595
1985-12-06,-0.3030935368816019
1985-12-07,-0.30298645024183135
1985-12-08,-0.30300745558773334
1985-12-09,-0.30288638962626213
1985-12-10,-0.30389439701256
1985-12-11,-0.30431302207712546
1985-12-12,-0.30574995786567954
1985-12-13,-0.30484714299277516
1985-12-14,-0.3047537166519565
1985-12-15,-0.30461153874868724
1985-12-16,-0.2980924307943204
1985-12-17,-0.2962798768615204
1985-12-18,-0.29587951126120826
1985-12-19,-0.2956812334023428
1985-12-20,-0.30245640982463257
1985-12-21,-0.3034731853498398
1985-12-22,-0.30339388062521416
1985-12-23,-0.2971927374640633
1985-12-24,-0.2970360039492615
1985-12-25,-0.29694949069052384
1985-12-26,-0.29752534692996074
1985-12-27,-0.2969830512635469
1985-12-28,-0.2968801204596567
1985-12-29,-0.29672675470141124
1985-12-30,-0.2966283082346612
1985-12-31,-0.29564052371327226
1986-01-01,-0.29552691620858834
1986-01-02,-0.2963857480613406
1986-01-03,-0.30059392241294847
1986-01-04,-0.3004820321588691
1986-01-05,-0.3003762282062343
1986-01-06,-0.30005039935335925
1986-01-07,-0.29908393679968925
1986-01-08,-0.29770005978300346
1986-01-09,-0.2981203349738434
1986-01-10,-0.2931192487416151
1986-01-11,-0.29301154560554105
1986-01-12,-0.2929042411284905
1986-01-13,-0.2936286281825713
1986-01-14,-0.2918363313212253
1986-01-15,-0.28558244647986375
1986-01-16,-0.26082241585393445
1986-01-17,-0.15838899956783378
1986-01-18,-0.15832203384613258
1986-01-19,-0.15828618889598942
1986-01-20,-0.16791818423292093
1986-01-21,-0.16810701194491381
1986-01-22,-0.15455489479987614
1986-01-23,-0.1284998461608452
1986-01-24,-0.07895547767690242
1986-01-25,-0.07909654032620962
1986-01-26,-0.07920740486432394
1986-01-27,-0.22008980850833515
1986-01-28,-0.2604340490458895
1986-01-29,-0.3098963651590347
1986-01-30,-0.32650790806578456
1986-01-31,-0.35377129865424667
1986-02-01,-0.35535469279184656
1986-02-02,-0.3555432532134332
1986-02-03,-0.3744561277185199
1986-02-04,-0.44891742824518954
1986-02-05,-0.4441706799193718
1986-02-06,-0.4890087686322577
1986-02-07,-0.4542107616635902
1986-02-08,-0.45378643420492576
1986-02-09,-0.45351609446039726
1986-02-10,-0.4521821020194064
1986-02-11,-0.4912368274495961
1986-02-12,-0.4960406732574922
1986-02-13,-0.512664641774716
1986-02-14,-0.5337635127953976
1986-02-15,-0.5338833425134645
1986-02-16,-0.5335903801512148
1986-02-17,-0.5328992906620745
1986-02-18,-0.5387142418980215
1986-02-19,-0.4889189781477971
1986-02-20,-0.49945270800055036
1986-02-21,-0.4974353243996863
1986-02-22,-0.4968152172107741
1986-02-23,-0.49993516273298616
1986-02-24,-0.514259300697907
1986-02-25,-0.5122485028140351
1986-02-26,-0.50218032255279
1986-02-27,-0.5031676090550242
1986-02-28,-0.4944374678411451
1986-03-01,-0.4941552624895669
1986-03-02,-0.4939624643815397
1986-03-03,-0.4955433369139819
1986-03-04,-0.49011382925978336
1986-03-05,-0.4928122358968676
1986-03-06,-0.49071270164266817
1986-03-07,-0.4867492796394253
1986-03-08,-0.48641122527742175
1986-03-09,-0.48620323069530036
1986-03-10,-0.4883425899295472
1986-03-11,-0.48833960856966163
1986-03-12,-0.48405386993257404
1986-03-13,-0.48368032569222824
1986-03-14,-0.463830505322466
1986-03-15,-0.4601158884643106
1986-03-16,-0.4598699970540463
1986-03-17,-0.45752661324214405
1986-03-18,-0.4587316768642729
1986-03-19,-0.46188190627611053
1986-03-20,-0.44746097001715396
1986-03-21,-0.45222279559757905
1986-03-22,-0.4519868476255208
1986-03-23,-0.45129763798043193
1986-03-24,-0.460382523743247
1986-03-25,-0.4717010125620842
1986-03-26,-0.472184639460862
1986-03-27,-0.46603997467393654
1986-03-28,-0.46726152096350165
1986-03-29,-0.4666138230441786
1986-03-30,-0.466363470945778
1986-03-31,-0.45938363983760594
1986-04-01,-0.45810590030021575
1986-04-02,-0.4527546054622878
1986-04-03,-0.4524059032419399
1986-04-04,-0.4550239350332623
1986-04-05,-0.4550173335971672
1986-04-06,-0.4550352866401002
1986-04-07,-0.4587877980980492
1986-04-08,-0.47816692259007637
1986-04-09,-0.4668574729444579
1986-04-10,-0.46314100983250467
1986-04-11,-0.45333101287737754
1986-04-12,-0.4531549701292652
1986-04-13,-0.4525402880715476
1986-04-14,-0.4731303544956223
1986-04-15,-0.4754676805521451
1986-04-16,-0.43921515509344183
1986-04-17,-0.4121494038906754
1986-04-18,-0.44395594074395955
1986-04-19,-0.4481338562128035
1986-04-20,-0.4447569053409504
1986-04-21,-0.48473843666321254
1986-04-22,-0.514439250824111
1986-04-23,-0.5467274903551133
1986-04-24,-0.5475440958298877
1986-04-25,-0.5423817331874498
1986-04-26,-0.550360480642299
1986-04-27,-0.5501218009471337
1986-04-28,-0.5311709728049424
1986-04-29,-0.48144984737376345
1986-04-30,-0.4400188849269297
1986-05-01,-0.3585408407619368
1986-05-02,-0.343252954251579
1986-05-03,-0.3428683377465935
1986-05-04,-0.3426322491806544
1986-05-05,-0.2854141139761907
1986-05-06,-0.2821428351755458
1986-05-07,-0.3438323095333271
1986-05-08,-0.3463487146966748
1986-05-09,-0.3738689915853792
1986-05-10,-0.37374108769749803
1986-05-11,-0.372961735465357
1986-05-12,-0.37609165707131603
1986-05-13,-0.38011411602728273
1986-05-14,-0.41123825354463656
1986-05-15,-0.4153417334829665
1986-05-16,-0.43876549660175374
1986-05-17,-0.43780684429457706
1986-05-18,-0.4403829401121368
1986-05-19,-0.4385282317369697
1986-05-20,-0.43338311614557257
1986-05-21,-0.4356860011978229
1986-05-22,-0.4362145996717139
1986-05-23,-0.4286576716315369
1986-05-24,-0.42851522276567006
1986-05-25,-0.42831568441217227
1986-05-26,-0.4313358634169862
1986-05-27,-0.43850970939613737
1986-05-28,-0.4441021140784705
1986-05-29,-0.44460660299101445
1986-05-30,-0.44458857187972683
1986-05-31,-0.44443991402975264
1986-06-01,-0.44428837877768207
1986-06-02,-0.4444705194966147
1986-06-03,-0.4448027996650225
1986-06-04,-0.44596171535664775
1986-06-05,-0.4456433450764348
1986-06-06,-0.45155528692674435
1986-06-07,-0.45142459648221944
1986-06-08,-0.4512488896655385
1986-06-09,-0.45188679253745995
1986-06-10,-0.452277838663058
1986-06-11,-0.4521465139302565
1986-06-12,-0.4526647088473979
1986-06-13,-0.4537796937642497
1986-06-14,-0.45365322036752787
1986-06-15,-0.4441117916583077
1986-06-16,-0.4440896827309679
1986-06-17,-0.4431778168735987
1986-06-18,-0.438360781173178
1986-06-19,-0.4388274021748475
1986-06-20,-0.4386503358210187
1986-06-21,-0.43869853435360523
1986-06-22,-0.438646307473344
1986-06-23,-0.43769689096524284
1986-06-24,-0.431621563731817
1986-06-25,-0.4178657533565615
1986-06-26,-0.4166803370404691
1986-06-27,-0.4174848055879056
1986-06-28,-0.41734357141622364
1986-06-29,-0.41721575344978507
1986-06-30,-0.4110193834456237
1986-07-01,-0.4108249772895117
1986-07-02,-0.40932189681245895
1986-07-03,-0.40902666866352694
1986-07-04,-0.4088864346794834
1986-07-05,-0.40890676285767524
1986-07-06,-0.40864473121435
1986-07-07,-0.40777412835483196
1986-07-08,-0.4033022129697293
1986-07-09,-0.38920224281428517
1986-07-10,-0.38883778648504963
1986-07-11,-0.41444801912630685
1986-07-12,-0.4142963626552914
1986-07-13,-0.41421066795332484
1986-07-14,-0.40864713588430135
1986-07-15,-0.3720048640546754
1986-07-16,-0.34916893395159804
1986-07-17,-0.32156590207600694
1986-07-18,-0.3203879342400291
1986-07-19,-0.3178975501452772
1986-07-20,-0.3177969126361096
1986-07-21,-0.32362551192638533
1986-07-22,-0.3494977751612336
1986-07-23,-0.36007888787638226
1986-07-24,-0.38501361011892365
1986-07-25,-0.3557667963747344
1986-07-26,-0.3587262050835777
1986-07-27,-0.355407075035947
1986-07-28,-0.3750697403735929
1986-07-29,-0.3536205818524156
1986-07-30,-0.36167148492280426
1986-07-31,-0.3988240833458711
1986-08-01,-0.3935652391274414
1986-08-02,-0.39347802565012974
1986-08-03,-0.3933624858634765
1986-08-04,-0.4012538709429488
1986-08-05,-0.4014295507343748
1986-08-06,-0.4050924333895538
1986-08-07,-0.36490481644553235
1986-08-08,-0.3355556470454706
1986-08-09,-0.3354324354583298
1986-08-10,-0.3345306213111882
1986-08-11,-0.29535681244788314
1986-08-12,-0.2745410076066303
1986-08-13,-0.2669454201563493
1986-08-14,-0.2623224253448366
1986-08-15,-0.26190605729755523
1986-08-16,-0.2617809485700989
1986-08-17,-0.2614603240848253
1986-08-18,-0.26799138939525474
1986-08-19,-0.2630228779422926
1986-08-20,-0.26046823648397427
1986-08-21,-0.26136070810471307
1986-08-22,-0.26010763310086865
1986-08-23,-0.2597235267146715
1986-08-24,-0.2595835556596257
1986-08-25,-0.26002614804701407
1986-08-26,-0.2580220952526628
1986-08-27,-0.2411150282829124
1986-08-28,-0.24145107036570698
1986-08-29,-0.2407295778748866
1986-08-30,-0.24066830982079354
1986-08-31,-0.2405637722383452
1986-09-01,-0.24049665449945815
1986-09-02,-0.24016680561592063
1986-09-03,-0.23927606449454883
1986-09-04,-0.24091315625179635
1986-09-05,-0.24286607766136084
1986-09-06,-0.24277757921812756
1986-09-07,-0.24172343464401128
1986-09-08,-0.23644284066176113
1986-09-09,-0.23637858491829356
1986-09-10,-0.23900765750610356
1986-09-11,-0.2305680419535089
1986-09-12,-0.22990131231352065
1986-09-13,-0.2297141195158804
1986-09-14,-0.22960083117981775
1986-09-15,-0.22990369779737643
1986-09-16,-0.23079266030619072
1986-09-17,-0.23134459182418055
1986-09-18,-0.2344175900482901
1986-09-19,-0.23060501681253806
1986-09-20,-0.23047421169758198
1986-09-21,-0.23038810167237603
1986-09-22,-0.23108180976931328
1986-09-23,-0.23156096129375045
1986-09-24,-0.23079936879430477
1986-09-25,-0.23022863969972782
1986-09-26,-0.23027442550078672
1986-09-27,-0.23021821563747805
1986-09-28,-0.23006023211759297
1986-09-29,-0.22981571445450247
1986-09-30,-0.22950898145269596
1986-10-01,-0.22931958629895402
1986-10-02,-0.22844613415360726
1986-10-03,-0.2282552138403188
1986-10-04,-0.22810355172536423
1986-10-05,-0.22818703550870453
1986-10-06,-0.227966839164046
1986-10-07,-0.22933337672207177
1986-10-08,-0.23409663163749098
1986-10-09,-0.23284049854271371
1986-10-10,-0.23944598091305924
1986-10-11,-0.23935722273997215
1986-10-12,-0.2392863124904567
1986-10-13,-0.2407722632487319
1986-10-14,-0.27300491468848764
1986-10-15,-0.2836788612324645
1986-10-16,-0.2706003463312016
1986-10-17,-0.2784174360242835
1986-10-18,-0.277987612148288
1986-10-19,-0.27794089812359585
1986-10-20,-0.27466348042920974
1986-10-21,-0.30537298471311997
1986-10-22,-0.28263075364310225
1986-10-23,-0.2650707022118473
1986-10-24,-0.2599662100302611
1986-10-25,-0.24645546618875167
1986-10-26,-0.24397638381491685
1986-10-27,-0.19014032739965067
1986-10-28,-0.2083244478530566
1986-10-29,-0.17351652949323967
1986-10-30,-0.1690744689609446
1986-10-31,-0.14902995948365322
1986-11-01,-0.15475251207429205
1986-11-02,-0.15309607051354074
1986-11-03,-0.1481417275164262
1986-11-04,-0.14987124152987807
1986-11-05,-0.15487437287584266
1986-11-06,-0.13716606065350267
1986-11-07,-0.14444616969407817
1986-11-08,-0.14750378913857007
1986-11-09,-0.14748719588978762
1986-11-10,-0.14588460595573088
1986-11-11,-0.13953510732898622
1986-11-12,-0.1430492256473058
1986-11-13,-0.13037634705246706
1986-11-14,-0.10201985290857594
1986-11-15,-0.10114970355379325
1986-11-16,-0.10115175741605185
1986-11-17,-0.11480081832071269
1986-11-18,-0.10850487432482193
1986-11-19,-0.12692287526583898
1986-11-20,-0.13291652867350282
1986-11-21,-0.13209868194915034
1986-11-22,-0.13202141940050519
1986-11-23,-0.13179864062718216
1986-11-24,-0.13506934971264709
1986-11-25,-0.13480260813313202
1986-11-26,-0.13844477655811746
1986-11-27,-0.13845807852756054
1986-11-28,-0.10860758657769663
1986-11-29,-0.1088124033577219
1986-11-30,-0.10867925596379857
1986-12-01,-0.1039748709513472
1986-12-02,-0.10487070819273124
1986-12-03,-0.10795052764098421
1986-12-04,-0.10822076027660915
1986-12-05,-0.11021177154390605
1986-12-06,-0.11063589017780368
1986-12-07,-0.11050650558660745
1986-12-08,-0.11091444659061096
1986-12-09,-0.10582488164058496
1986-12-10,-0.1012801406175834
1986-12-11,-0.09424535407772423
1986-12-12,-0.09102986731304091
1986-12-13,-0.09258696366775969
1986-12-14,-0.09257012613961874
1986-12-15,-0.0921779197044586
1986-12-16,-0.09054801687295062
1986-12-17,-0.09729913165228488
1986-12-18,-0.09866159724485525
1986-12-19,-0.10038974410627798
1986-12-20,-0.10080909584776958
1986-12-21,-0.1005575499044656
1986-12-22,-0.09928022233981405
1986-12-23,-0.10424857099972877
1986-12-24,-0.10856187172275106
1986-12-25,-0.10854816039860427
1986-12-26,-0.10861331191949052
1986-12-27,-0.1086217706170311
1986-12-28,-0.10859827790641831
1986-12-29,-0.10813506714401296
1986-12-30,-0.11329857184355818
1986-12-31,-0.11185567686987462
1987-01-01,-0.11182365108523329
1987-01-02,-0.10536091469250754
1987-01-03,-0.1053438217384825
1987-01-04,-0.10539308918970934
1987-01-05,-0.10647766612275662
1987-01-06,-0.10629061902132714
1987-01-07,-0.11067698309250866
1987-01-08,-0.10813378119680168
1987-01-09,-0.10989457278073135
1987-01-10,-0.10982480120949563
1987-01-11,-0.10984046763687243
1987-01-12,-0.10865735843575676
1987-01-13,-0.1078884724809404
1987-01-14,-0.1108924850897743
1987-01-15,-0.11271299652654898
1987-01-16,-0.08232647417509752
1987-01-17,-0.08201751060870306
1987-01-18,-0.08202090905613486
1987-01-19,-0.09063922813544933
1987-01-20,-0.15988002613607263
1987-01-21,-0.13283153393989958
1987-01-22,-0.16375898784946225
1987-01-23,-0.21869969443711126
1987-01-24,-0.2189476578045871
1987-01-25,-0.21887172009651243
1987-01-26,-0.21547349891279133
1987-01-27,-0.2780286512319648
1987-01-28,-0.30188927849279906
1987-01-29,-0.3021036476945149
1987-01-30,-0.37860797696472215
1987-01-31,-0.3786513429288028
1987-02-01,-0.37886920230498916
1987-02-02,-0.37230372786514704
1987-02-03,-0.38502787867391497
1987-02-04,-0.36359417858646575
1987-02-05,-0.34744509228531406
1987-02-06,-0.34196232704945334
1987-02-07,-0.341756254513282
1987-02-08,-0.3381025990262674
1987-02-09,-0.3373812229742718
1987-02-10,-0.341976579414456
1987-02-11,-0.3472811077621039
1987-02-12,-0.39814809342128354
1987-02-13,-0.42336002010495316
1987-02-14,-0.42408322698721984
1987-02-15,-0.42384311060861507
1987-02-16,-0.4235151477094539
1987-02-17,-0.3775351793903332
1987-02-18,-0.36235946279190506
1987-02-19,-0.3466159741368318
1987-02-20,-0.35001187075244666
1987-02-21,-0.34986675352556285
1987-02-22,-0.34990680646695776
1987-02-23,-0.35024005205176373
1987-02-24,-0.3399692591899454
1987-02-25,-0.34221873630580274
1987-02-26,-0.33412413992879436
1987-02-27,-0.3398328002047732
1987-02-28,-0.33766596686021955
1987-03-01,-0.3368592962271399
1987-03-02,-0.3386518972890849
1987-03-03,-0.3418710627665757
1987-03-04,-0.341007140540579
1987-03-05,-0.3639732552588611
1987-03-06,-0.3622500027756021
1987-03-07,-0.36230043604437623
1987-03-08,-0.3624391808311997
1987-03-09,-0.3623684427618519
1987-03-10,-0.3575898364663476
1987-03-11,-0.3625029667032978
1987-03-12,-0.36636921914955417
1987-03-13,-0.3619565529720892
1987-03-14,-0.36150198912938536
1987-03-15,-0.36142764373996245
1987-03-16,-0.360123972947417
1987-03-17,-0.36593828527701905
1987-03-18,-0.35375944783626734
1987-03-19,-0.3412316942170978
1987-03-20,-0.36076785797866834
1987-03-21,-0.3604857474626968
1987-03-22,-0.36028185643828275
1987-03-23,-0.361311800269645
1987-03-24,-0.36172006433750176
1987-03-25,-0.36158455436290843
1987-03-26,-0.3512457820953592
1987-03-27,-0.3470986228472377
1987-03-28,-0.347089710774433
1987-03-29,-0.34754928468485424
1987-03-30,-0.34703498835316937
1987-03-31,-0.34738346274518833
1987-04-01,-0.35078291685986773
1987-04-02,-0.35175507977240955
1987-04-03,-0.3482741916490242
1987-04-04,-0.3477146756019461
1987-04-05,-0.34669675311821235
1987-04-06,-0.33779901443336163
1987-04-07,-0.34119606283218507
1987-04-08,-0.34159691927219776
1987-04-09,-0.3418605649391718
1987-04-10,-0.3325740070817371
1987-04-11,-0.33248077766551626
1987-04-12,-0.33226030417260205
1987-04-13,-0.33334756629090007
1987-04-14,-0.34390264904590123
1987-04-15,-0.3366388393710909
1987-04-16,-0.24984726263919965
1987-04-17,-0.281778248697013
1987-04-18,-0.28153526006138657
1987-04-19,-0.28091556892277575
1987-04-20,-0.2871814244709755
1987-04-21,-0.23227428735541691
1987-04-22,-0.1666367851350672
1987-04-23,-0.11398496290262601
1987-04-24,-0.07157645641736049
1987-04-25,-0.09389906305075936
1987-04-26,-0.09460392028664343
1987-04-27,-0.16935966438055663
1987-04-28,-0.1955355774854343
1987-04-29,-0.1698909373634151
1987-04-30,-0.09344776900720397
1987-05-01,-0.005549715693353645
1987-05-02,-0.006514608712649805
1987-05-03,-0.006374514372682975
1987-05-04,-0.04064945605020013
1987-05-05,-0.05716075645437774
1987-05-06,-0.05091918327586605
1987-05-07,-0.010424821144924231
1987-05-08,0.025239714483216175
1987-05-09,0.025761608205659186
1987-05-10,0.025227190513097353
1987-05-11,0.028824061340098423
1987-05-12,0.03154039147907933
1987-05-13,0.027980534081037938
1987-05-14,0.052966936747640914
1987-05-15,0.056392324457110544
1987-05-16,0.06490157675001156
1987-05-17,0.06493707386262217
1987-05-18,0.05992307552979246
1987-05-19,0.07448253194710186
1987-05-20,0.05167151283154057
1987-05-21,0.0534010262627859
1987-05-22,0.05362092071610194
1987-05-23,0.05369008905445225
1987-05-24,0.053664150609531114
1987-05-25,0.05353482451610059
1987-05-26,0.054194930517888186
1987-05-27,0.05995720373458526
1987-05-28,0.061403858783768604
1987-05-29,0.06017241656673089
1987-05-30,0.060125101872612295
1987-05-31,0.06043205259463517
1987-06-01,0.05953377757320466
1987-06-02,0.059518573490143646
1987-06-03,0.08314284534660187
1987-06-04,0.08381266344506251
1987-06-05,0.1007570556352576
1987-06-06,0.10063837841259571
1987-06-07,0.09537514971357709
1987-06-08,0.09277933301222412
1987-06-09,0.09920121619962108
1987-06-10,0.09916531769344127
1987-06-11,0.09627431553884214
1987-06-12,0.09644761544993745
1987-06-13,0.09660646409305089
1987-06-14,0.09652007196269485
1987-06-15,0.1009975937790396
1987-06-16,0.0985813842546532
1987-06-17,0.09635155341037853
1987-06-18,0.0971414923051455
1987-06-19,0.08919522785718774
1987-06-20,0.08866616627786117
1987-06-21,0.08865269957415654
1987-06-22,0.08349456646950798
1987-06-23,0.07939963123533884
1987-06-24,0.07969862265515905
1987-06-25,0.07791666944591806
1987-06-26,0.07584737827070444
1987-06-27,0.07575187449685927
1987-06-28,0.07574822087399989
1987-06-29,0.0710062844122014
1987-06-30,0.07493230581820465
1987-07-01,0.07630878394210645
1987-07-02,0.07787438523392713
1987-07-03,0.07815735456056665
1987-07-04,0.07808232267591746
1987-07-05,0.07802320128741495
1987-07-06,0.07760697230582646
1987-07-07,0.0759268485485275
1987-07-08,0.07601223387422686
1987-07-09,0.15285987317519115
1987-07-10,0.16203660376522375
1987-07-11,0.16183816899415218
1987-07-12,0.16170645455260538
1987-07-13,0.15687606032776627
1987-07-14,0.12445684262840762
1987-07-15,0.13039744728703118
1987-07-16,0.12876975162710458
1987-07-17,0.16643076708386187
1987-07-18,0.16600820483910475
1987-07-19,0.1659286786073693
1987-07-20,0.15273040554644468
1987-07-21,0.15250635087837708
1987-07-22,0.18448582617617207
1987-07-23,0.18701158182009658
1987-07-24,0.2251888806071759
1987-07-25,0.22551356293262556
1987-07-26,0.22741726641107615
1987-07-27,0.2352180561140592
1987-07-28,0.24843980822839082
1987-07-29,0.23929926639112412
1987-07-30,0.24621104683784467
1987-07-31,0.24103994201425172
1987-08-01,0.24070912518050458
1987-08-02,0.2405793114863046
1987-08-03,0.22638411914238643
1987-08-04,0.23347014345603942
1987-08-05,0.21772002904452825
1987-08-06,0.21682590906569477
1987-08-07,0.21073048319190382
1987-08-08,0.21032146854814082
1987-08-09,0.21058547936549263
1987-08-10,0.2093261942762006
1987-08-11,0.20823515652245306
1987-08-12,0.20751801902801492
1987-08-13,0.14675703711395488
1987-08-14,0.13698837148137835
1987-08-15,0.1370646587816042
1987-08-16,0.13722827184588332
1987-08-17,0.13527817693696945
1987-08-18,0.13902315050999933
1987-08-19,0.14210969398568118
1987-08-20,0.14377249642601114
1987-08-21,0.14209481022020123
1987-08-22,0.14193306292692176
1987-08-23,0.1418460512773395
1987-08-24,0.14439305092967944
1987-08-25,0.13721523357127727
1987-08-26,0.11783736409306018
1987-08-27,0.10059372151827702
1987-08-28,0.09721874179283574
1987-08-29,0.09715661505643082
1987-08-30,0.10072239108674652
1987-08-31,0.10873432043759801
1987-09-01,0.10988168590899582
1987-09-02,0.11228384234986123
1987-09-03,0.11202824002155136
1987-09-04,0.11046528564869977
1987-09-05,0.11048427218337742
1987-09-06,0.11040071399617857
1987-09-07,0.11032009498222184
1987-09-08,0.10736617548313938
1987-09-09,0.10994338796764695
1987-09-10,0.10635289014693994
1987-09-11,0.10264125645696236
1987-09-12,0.10260454839443016
1987-09-13,0.10278489615060608
1987-09-14,0.1055696537568656
1987-09-15,0.1000368515149896
1987-09-16,0.10243648499293971
1987-09-17,0.10390503226822756
1987-09-18,0.10430018785423634
1987-09-19,0.10224072132853224
1987-09-20,0.10227559909718797
1987-09-21,0.10118182159082366
1987-09-22,0.1029226550541031
1987-09-23,0.1029844992571219
1987-09-24,0.10204750999840768
1987-09-25,0.10314129590092447
1987-09-26,0.1030607988654116
1987-09-27,0.10499597897009004
1987-09-28,0.10372332558362425
1987-09-29,0.10761552852529988
1987-09-30,0.10474376686184937
1987-10-01,0.11131515830497
1987-10-02,0.11163762562644657
1987-10-03,0.1114772107944157
1987-10-04,0.11131183467299167
1987-10-05,0.11136093148371844
1987-10-06,0.11122928582049697
1987-10-07,0.10936430606974022
1987-10-08,0.1130640703454187
1987-10-09,0.11389244150283379
1987-10-10,0.11386452775942618
1987-10-11,0.11351290970548995
1987-10-12,0.11413771564441282
1987-10-13,0.1327391826509745
1987-10-14,0.11194900716018741
1987-10-15,0.16235896244460798
1987-10-16,0.20161265744337054
1987-10-17,0.20160492010712117
1987-10-18,0.20137281702472395
1987-10-19,0.2184462165164177
1987-10-20,0.2405636989342985
1987-10-21,0.24162782118513762
1987-10-22,0.24609230913887134
1987-10-23,0.24106562621156544
1987-10-24,0.23760370741033868
1987-10-25,0.24268602710759316
1987-10-26,0.26141277461080153
1987-10-27,0.23997099751393738
1987-10-28,0.13416406390624644
1987-10-29,0.12358121043281117
1987-10-30,0.12240031531098898
1987-10-31,0.1255757266461394
1987-11-01,0.12386819946911616
1987-11-02,0.12888121795656463
1987-11-03,0.13576559254472323
1987-11-04,0.13867136256507875
1987-11-05,0.15228296002335395
1987-11-06,0.12807035422676663
1987-11-07,0.1376937900747193
1987-11-08,0.13750578665551158
1987-11-09,0.1424267982288773
1987-11-10,0.1461164767389854
1987-11-11,0.15276634339575304
1987-11-12,0.15620201077955273
1987-11-13,0.11581182384343225
1987-11-14,0.09623481030690745
1987-11-15,0.0981833214968205
1987-11-16,0.09675377497561059
1987-11-17,0.09120005825072902
1987-11-18,0.08859423110111198
1987-11-19,0.10051338116612196
1987-11-20,0.1063600099802617
1987-11-21,0.10402799660700829
1987-11-22,0.10290837050063069
1987-11-23,0.10989319065644924
1987-11-24,0.10891219590248452
1987-11-25,0.10792977638884278
1987-11-26,0.10782966574529601
1987-11-27,0.10036048777265139
1987-11-28,0.10016598521259762
1987-11-29,0.10004994258577539
1987-11-30,0.12310971532038346
1987-12-01,0.12369957288462273
1987-12-02,0.11890222573978605
1987-12-03,0.1195885346709185
1987-12-04,0.10925158076501451
1987-12-05,0.10896666467148523
1987-12-06,0.10889633411238105
1987-12-07,0.10279728099904861
1987-12-08,0.09648342570533558
1987-12-09,0.09697749396668848
1987-12-10,0.0894341437336952
1987-12-11,0.09157580288158457
1987-12-12,0.09146538924245295
1987-12-13,0.09150789644188884
1987-12-14,0.09300579565577405
1987-12-15,0.09105913414264945
1987-12-16,0.09205014776293435
1987-12-17,0.09016534111797186
1987-12-18,0.08616337458336283
1987-12-19,0.08612458233525051
1987-12-20,0.08605778294900884
1987-12-21,0.08987026320744812
1987-12-22,0.08922628810947086
1987-12-23,0.0886324223864739
1987-12-24,0.08852718980984896
1987-12-25,0.08845405304753011
1987-12-26,0.08837421486273454
1987-12-27,0.08816888607384138
1987-12-28,0.08810232603385643
1987-12-29,0.08766676718383726
1987-12-30,0.0866070208856717
1987-12-31,0.08705221738399022
1988-01-01,0.0869434523933525
1988-01-02,0.08687174306090163
1988-01-03,0.08676363263543173
1988-01-04,0.10017653481086923
1988-01-05,0.10008191119293453
1988-01-06,0.10194917708343276
1988-01-07,0.11318982180412722
1988-01-08,0.11272228302179127
1988-01-09,0.11262445447999221
1988-01-10,0.11253312341871231
1988-01-11,0.11181219885253019
1988-01-12,0.11091108128502118
1988-01-13,0.11810302794645233
1988-01-14,0.12212721699883962
1988-01-15,0.12469348633442201
1988-01-16,0.12464996283976974
1988-01-17,0.12447542324634218
1988-01-18,0.12480069467036219
1988-01-19,0.15075193782363658
1988-01-20,0.1709489275620647
1988-01-21,0.17534026005435324
1988-01-22,0.2611620155051007
1988-01-23,0.26122188101001
1988-01-24,0.260046730299486
1988-01-25,0.22331066463816052
1988-01-26,0.20661132582688269
1988-01-27,0.1389044135008428
1988-01-28,0.2104620929753158
1988-01-29,0.2913923109043494
1988-01-30,0.2900301787372184
1988-01-31,0.28913836702971846
1988-02-01,0.21036985974242162
1988-02-02,0.29221321704863906
1988-02-03,0.2778473859730623
1988-02-04,0.25749429473705726
1988-02-05,0.26035137141923126
1988-02-06,0.27067431536395054
1988-02-07,0.26968664792208435
1988-02-08,0.3262708549714128
1988-02-09,0.4044033040452762
1988-02-10,0.2705015009342768
1988-02-11,0.2593366693399855
1988-02-12,0.2528718740795895
1988-02-13,0.25112434373265485
1988-02-14,0.2401823553794135
1988-02-15,0.23264505351453155
1988-02-16,0.20332336050546893
1988-02-17,0.20246909081172929
1988-02-18,0.14555492651266444
1988-02-19,0.13251277619152094
1988-02-20,0.13312097105348192
1988-02-21,0.13379555005821397
1988-02-22,0.11297723835059105
1988-02-23,0.12355930661778648
1988-02-24,0.13372866110230391
1988-02-25,0.14846386721617275
1988-02-26,0.14650167648133275
1988-02-27,0.14645698404044658
1988-02-28,0.10271540690240587
1988-02-29,0.09353415920935904
1988-03-01,0.0876690144034344
1988-03-02,0.08946487617978617
1988-03-03,0.09923068680195153
1988-03-04,0.09674734424542679
1988-03-05,0.09718048890260468
1988-03-06,0.09713400756661554
1988-03-07,0.09645473441617707
1988-03-08,0.0995944983371459
1988-03-09,0.09946320466525181
1988-03-10,0.11060182571901427
1988-03-11,0.1128665310429428
1988-03-12,0.11138054794244101
1988-03-13,0.11123759317455702
1988-03-14,0.10203728769483687
1988-03-15,0.09059099534994931
1988-03-16,0.08448392159678338
1988-03-17,0.10151008661289833
1988-03-18,0.1075190624999998
1988-03-19,0.10768135959426382
1988-03-20,0.10766336744522458
1988-03-21,0.10371148437013102
1988-03-22,0.09561555338920573
1988-03-23,0.09517724025577173
1988-03-24,0.09746805448395185
1988-03-25,0.09784188652060621
1988-03-26,0.09788650017926126
1988-03-27,0.09789483487957822
1988-03-28,0.09830890439018054
1988-03-29,0.09653498888044525
1988-03-30,0.09260242343360459
1988-03-31,0.0915390892107638
1988-04-01,0.09044603640960423
1988-04-02,0.09052227582965926
1988-04-03,0.08999351066694565
1988-04-04,0.08951223674520621
1988-04-05,0.08761890488197373
1988-04-06,0.09123183329198929
1988-04-07,0.08878525737022143
1988-04-08,0.05395660692907676
1988-04-09,0.0539146583958951
1988-04-10,0.05390635773480812
1988-04-11,0.05588637904985675
1988-04-12,0.05613900453758791
1988-04-13,0.008051091433791032
1988-04-14,0.05143462573063715
1988-04-15,0.054038356306123046
1988-04-16,0.05415159532782952
1988-04-17,0.05794998155641964
1988-04-18,0.07457659891884326
1988-04-19,-0.00787749624656714
1988-04-20,-0.05233894694753997
1988-04-21,-0.13531909875293907
1988-04-22,-0.2401205558258448
1988-04-23,-0.23992124396260106
1988-04-24,-0.24017725784842855
1988-04-25,-0.34815897559408454
1988-04-26,-0.3518431409609228
1988-04-27,-0.4392932688358187
1988-04-28,-0.5257016324531821
1988-04-29,-0.5363166742640205
1988-04-30,-0.5361878939033788
1988-05-01,-0.5357835411071007
1988-05-02,-0.5247083981781665
1988-05-03,-0.5458575443327746
1988-05-04,-0.5499454894927239
1988-05-05,-0.542697695698957
1988-05-06,-0.5452634280623934
1988-05-07,-0.5456407870875298
1988-05-08,-0.5456032292808649
1988-05-09,-0.5649654431250878
1988-05-10,-0.5617259249364267
1988-05-11,-0.5555522728907262
1988-05-12,-0.584603969998255
1988-05-13,-0.5690389250239383
1988-05-14,-0.5682212483220659
1988-05-15,-0.5676386213795628
1988-05-16,-0.5437970102248587
1988-05-17,-0.5453734936627191
1988-05-18,-0.5581955224119266
1988-05-19,-0.5667589313592306
1988-05-20,-0.5925380742404026
1988-05-21,-0.5918989382367025
1988-05-22,-0.5916623793402606
1988-05-23,-0.5934756260399588
1988-05-24,-0.5962745422315815
1988-05-25,-0.6042021056167867
1988-05-26,-0.6293785475712097
1988-05-27,-0.6380271278585411
1988-05-28,-0.6378736012823573
1988-05-29,-0.637649252597963
1988-05-30,-0.637332021592629
1988-05-31,-0.6369162227561951
1988-06-01,-0.638301526996598
1988-06-02,-0.6385138636941555
1988-06-03,-0.6395428944686185
1988-06-04,-0.6390048372161398
1988-06-05,-0.6388427344270396
1988-06-06,-0.6319836254294425
1988-06-07,-0.6311493018447839
1988-06-08,-0.6345498874151214
1988-06-09,-0.656729617707832
1988-06-10,-0.6815966846766246
1988-06-11,-0.6813922381388094
1988-06-12,-0.6811464612613536
1988-06-13,-0.6811395368289133
1988-06-14,-0.680298914829152
1988-06-15,-0.6790906716861761
1988-06-16,-0.6783978542609609
1988-06-17,-0.6764500540023696
1988-06-18,-0.6762139159710056
1988-06-19,-0.6760028271109934
1988-06-20,-0.6748796362907967
1988-06-21,-0.6738408385547264
1988-06-22,-0.6754787888668502
1988-06-23,-0.6757408654729248
1988-06-24,-0.6756425129201934
1988-06-25,-0.6756319211670188
1988-06-26,-0.6754378400528829
1988-06-27,-0.6812561740311592
1988-06-28,-0.6808237190496492
1988-06-29,-0.684338646972439
1988-06-30,-0.6858733337210524
1988-07-01,-0.6858350326491615
1988-07-02,-0.6855750253667346
1988-07-03,-0.6853384612332017
1988-07-04,-0.6851018376909742
1988-07-05,-0.6846936335152546
1988-07-06,-0.684531207809607
1988-07-07,-0.6857456242666894
1988-07-08,-0.7131430538389117
1988-07-09,-0.7128526942628192
1988-07-10,-0.7126085417372862
1988-07-11,-0.7092614920126236
1988-07-12,-0.7055569909024914
1988-07-13,-0.7452626067864512
1988-07-14,-0.7433069654379031
1988-07-15,-0.7472027131009554
1988-07-16,-0.7471751703592796
1988-07-17,-0.7469132818065929
1988-07-18,-0.7722604936557359
1988-07-19,-0.7470137197450488
1988-07-20,-0.7389171983823855
1988-07-21,-0.704052588001773
1988-07-22,-0.7136024141430996
1988-07-23,-0.7140326736852413
1988-07-24,-0.7204903639838823
1988-07-25,-0.6859485845679457
1988-07-26,-0.6430559416304155
1988-07-27,-0.6710500012889372
1988-07-28,-0.6425384711571108
1988-07-29,-0.65275706826397
1988-07-30,-0.6524064549789416
1988-07-31,-0.6521077832084478
1988-08-01,-0.6650113234732687
1988-08-02,-0.6556654855741018
1988-08-03,-0.6336860704555004
1988-08-04,-0.6316004592449526
1988-08-05,-0.6527172286246213
1988-08-06,-0.6530973228047868
1988-08-07,-0.6523342544077729
1988-08-08,-0.6544826969703034
1988-08-09,-0.6537867444495843
1988-08-10,-0.5790613950092454
1988-08-11,-0.595337162560141
1988-08-12,-0.6244754232347874
1988-08-13,-0.6237409125621743
1988-08-14,-0.6229687290694045
1988-08-15,-0.5902298313948283
1988-08-16,-0.5882076367576193
1988-08-17,-0.6135552481969399
1988-08-18,-0.6057966891310386
1988-08-19,-0.6061767289354126
1988-08-20,-0.6053382446039194
1988-08-21,-0.602998706106057
1988-08-22,-0.6010265150403462
1988-08-23,-0.6002380545504563
1988-08-24,-0.598230258975007
1988-08-25,-0.5640886568802023
1988-08-26,-0.5634914275301205
1988-08-27,-0.5634372325655838
1988-08-28,-0.5632083174622554
1988-08-29,-0.5755150706092304
1988-08-30,-0.5774012686955324
1988-08-31,-0.5687467153893939
1988-09-01,-0.5701927697664391
1988-09-02,-0.5704190728025751
1988-09-03,-0.5705039767495467
1988-09-04,-0.5703488889489591
1988-09-05,-0.5701361002557205
1988-09-06,-0.5689342621300473
1988-09-07,-0.5706339769066918
1988-09-08,-0.563774968473139
1988-09-09,-0.5601541762872909
1988-09-10,-0.5600125066428722
1988-09-11,-0.5599181124457682
1988-09-12,-0.5623830048667585
1988-09-13,-0.5648279616926248
1988-09-14,-0.5663890594912787
1988-09-15,-0.5670592867937502
1988-09-16,-0.5688714068306803
1988-09-17,-0.5667117718921318
1988-09-18,-0.5667123853524146
1988-09-19,-0.5677794495633053
1988-09-20,-0.5728207834819222
1988-09-21,-0.5737426943758805
1988-09-22,-0.573034634860015
1988-09-23,-0.5724293876576801
1988-09-24,-0.5723511317322149
1988-09-25,-0.572258613433058
1988-09-26,-0.5724032794428081
1988-09-27,-0.5740688465327343
1988-09-28,-0.5747493966972775
1988-09-29,-0.573504682606809
1988-09-30,-0.5721230432886473
1988-10-01,-0.5720886732400644
1988-10-02,-0.5719421519291235
1988-10-03,-0.5718329461595187
1988-10-04,-0.5731830155956906
1988-10-05,-0.5723864746691083
1988-10-06,-0.5698773824702351
1988-10-07,-0.5603077947002726
1988-10-08,-0.5601658120868248
1988-10-09,-0.5599033954902216
1988-10-10,-0.5597358811660004
1988-10-11,-0.5980033991153592
1988-10-12,-0.60320821310825
1988-10-13,-0.6029189293001663
1988-10-14,-0.6131767784001297
1988-10-15,-0.6129962768856099
1988-10-16,-0.6129093676607599
1988-10-17,-0.6259856247843598
1988-10-18,-0.6229299840380212
1988-10-19,-0.6173776351547287
1988-10-20,-0.6558739320166707
1988-10-21,-0.650512579666214
1988-10-22,-0.6510906815158702
1988-10-23,-0.6510271614774221
1988-10-24,-0.6388930062955629
1988-10-25,-0.6070208910362301
1988-10-26,-0.6269720516209285
1988-10-27,-0.6352881025778045
1988-10-28,-0.588203647945932
1988-10-29,-0.5954636578428935
1988-10-30,-0.5925884088377241
1988-10-31,-0.627048335364213
1988-11-01,-0.6248474913747839
1988-11-02,-0.6356926756428772
1988-11-03,-0.6206756905081615
1988-11-04,-0.6239039761251713
1988-11-05,-0.6273328010660827
1988-11-06,-0.626582243783163
1988-11-07,-0.5965361255878824
1988-11-08,-0.6054288390584786
1988-11-09,-0.6096280502556611
1988-11-10,-0.6030527322216165
1988-11-11,-0.5927460321533455
1988-11-12,-0.5911610425428999
1988-11-13,-0.59110901366319
1988-11-14,-0.6037242036582119
1988-11-15,-0.6107992912462684
1988-11-16,-0.6054313899502645
1988-11-17,-0.6391784537118198
1988-11-18,-0.6386146161532292
1988-11-19,-0.6384928886340806
1988-11-20,-0.6384827817947678
1988-11-21,-0.6411950518718633
1988-11-22,-0.6453528245754777
1988-11-23,-0.640815273271398
1988-11-24,-0.6407744444346978
1988-11-25,-0.6409672783827924
1988-11-26,-0.6407639252359758
1988-11-27,-0.6406040231166654
1988-11-28,-0.6403326411782094
1988-11-29,-0.6402133757802798
1988-11-30,-0.637436981132283
1988-12-01,-0.6210871708999183
1988-12-02,-0.6204977744730101
1988-12-03,-0.6204100672371942
1988-12-04,-0.6202390436673457
1988-12-05,-0.6212605824829008
1988-12-06,-0.6176689086201355
1988-12-07,-0.6145425218873378
1988-12-08,-0.6056766957728854
1988-12-09,-0.6054173111185112
1988-12-10,-0.6052729995747167
1988-12-11,-0.6050944406036121
1988-12-12,-0.6043438061445672
1988-12-13,-0.6044008518814239
1988-12-14,-0.6041212004349551
1988-12-15,-0.6042220591394455
1988-12-16,-0.5992995075562587
1988-12-17,-0.5999127882563761
1988-12-18,-0.6001998706056378
1988-12-19,-0.5980022721288762
1988-12-20,-0.5993560166051487
1988-12-21,-0.5965592411424636
1988-12-22,-0.5922305930513986
1988-12-23,-0.5928619232247382
1988-12-24,-0.5923518313642916
1988-12-25,-0.5922239955472994
1988-12-26,-0.5920974462583896
1988-12-27,-0.5921740978881198
1988-12-28,-0.5925909401609643
1988-12-29,-0.5921880701918801
1988-12-30,-0.5959538453281324
1988-12-31,-0.5958243031655633
1989-01-01,-0.5956948470375878
1989-01-02,-0.5956335757002947
1989-01-03,-0.6080659445631784
1989-01-04,-0.6090903764835461
1989-01-05,-0.6094279739919145
1989-01-06,-0.6099522261574891
1989-01-07,-0.6097985189743401
1989-01-08,-0.6096642651956204
1989-01-09,-0.6105419314143307
1989-01-10,-0.6217336515688877
1989-01-11,-0.6269822537962059
1989-01-12,-0.6268278983900176
1989-01-13,-0.6275496994605866
1989-01-14,-0.6274430313683119
1989-01-15,-0.6272689912760767
1989-01-16,-0.6146543753307844
1989-01-17,-0.6164194092196992
1989-01-18,-0.6152599915283687
1989-01-19,-0.599812587058832
1989-01-20,-0.5432229242419905
1989-01-21,-0.5413864482059492
1989-01-22,-0.5411766089745011
1989-01-23,-0.6148637409428312
1989-01-24,-0.6252090412821812
1989-01-25,-0.7729136910909368
1989-01-26,-0.507242450147225
1989-01-27,-0.4877447215059645
1989-01-28,-0.4892687284679718
1989-01-29,-0.4821667408620625
1989-01-30,-0.4824133170236797
1989-01-31,-0.4566902454573552
1989-02-01,-0.5442152747460655
1989-02-02,-0.5052830678689125
1989-02-03,-0.6423377120766598
1989-02-04,-0.6418244016269514
1989-02-05,-0.6416535029735038
1989-02-06,-0.6539364746151644
1989-02-07,-0.6802324690985052
1989-02-08,-0.7432845135954048
1989-02-09,-0.7619400503346658
1989-02-10,-0.7570205497650452
1989-02-11,-0.7565082289459103
1989-02-12,-0.7562613654432724
1989-02-13,-0.7566756975216083
1989-02-14,-0.7259252077886597
1989-02-15,-0.7337436319786325
1989-02-16,-0.7412269203234598
1989-02-17,-0.7507517291380178
1989-02-18,-0.7503845203211196
1989-02-19,-0.7501790293303312
1989-02-20,-0.7496729098553008
1989-02-21,-0.6985712795668985
1989-02-22,-0.7067186938754729
1989-02-23,-0.7101064853463667
1989-02-24,-0.6861561634079814
1989-02-25,-0.686872639778595
1989-02-26,-0.6866605575938106
1989-02-27,-0.6707393598797005
1989-02-28,-0.6687644025193711
1989-03-01,-0.6710228144802652
1989-03-02,-0.7289583393945613
1989-03-03,-0.7500095943271846
1989-03-04,-0.749770476425437
1989-03-05,-0.7494779090744496
1989-03-06,-0.7500497350865177
1989-03-07,-0.7434491877034514
1989-03-08,-0.7489020844121651
1989-03-09,-0.7373141528556028
1989-03-10,-0.7349189108333901
1989-03-11,-0.7347941464451481
1989-03-12,-0.7345836230672292
1989-03-13,-0.7361586880274844
1989-03-14,-0.738434052326875
1989-03-15,-0.7243252070741198
1989-03-16,-0.7251978031812755
1989-03-17,-0.7208408337423927
1989-03-18,-0.7206914448642193
1989-03-19,-0.7204321482382846
1989-03-20,-0.7187530454197093
1989-03-21,-0.7163835721331197
1989-03-22,-0.7151139988427405
1989-03-23,-0.7161506316848261
1989-03-24,-0.716771326478904
1989-03-25,-0.7164295849860493
1989-03-26,-0.716125594973296
1989-03-27,-0.7163395552090063
1989-03-28,-0.7151015591785029
1989-03-29,-0.7204244072890021
1989-03-30,-0.7224994648683962
1989-03-31,-0.7288696816897074
1989-04-01,-0.728393031927809
1989-04-02,-0.7284578574239099
1989-04-03,-0.7157145622481025
1989-04-04,-0.7179103091666538
1989-04-05,-0.7181055061073768
1989-04-06,-0.717214168887503
1989-04-07,-0.7180448045769552
1989-04-08,-0.7178164796696738
1989-04-09,-0.7176454947740636
1989-04-10,-0.7428476856499272
1989-04-11,-0.7404038753332521
1989-04-12,-0.7428064558943422
1989-04-13,-0.7528161762156477
1989-04-14,-0.7761187947466867
1989-04-15,-0.7767501558451279
1989-04-16,-0.7778504328331931
1989-04-17,-0.7975041365191361
1989-04-18,-0.8021047722114801
1989-04-19,-0.8148146453059454
1989-04-20,-0.7154275669153188
1989-04-21,-0.6710717740639169
1989-04-22,-0.6724247192117042
1989-04-23,-0.6733301211352059
1989-04-24,-0.6689950339179203
1989-04-25,-0.6015845521338492
1989-04-26,-0.5450346278601036
1989-04-27,-0.6092524241667095
1989-04-28,-0.626084282249297
1989-04-29,-0.6282515818929754
1989-04-30,-0.6266387215742568
1989-05-01,-0.601647534411737
1989-05-02,-0.4928559653653806
1989-05-03,-0.6808731820524198
1989-05-04,-0.6986067919188669
1989-05-05,-0.6948494341014575
1989-05-06,-0.6944584232418803
1989-05-07,-0.6942817005530885
1989-05-08,-0.6699158457617878
1989-05-09,-0.6820492545811541
1989-05-10,-0.6821534215300288
1989-05-11,-0.6978449737675825
1989-05-12,-0.6838382445356025
1989-05-13,-0.6835474358494301
1989-05-14,-0.6836621026246333
1989-05-15,-0.6810389490951035
1989-05-16,-0.7120998226874459
1989-05-17,-0.7148230877191226
1989-05-18,-0.7117323919810502
1989-05-19,-0.7071111302206766
1989-05-20,-0.7072920339334879
1989-05-21,-0.7071505307537002
1989-05-22,-0.7121633178478585
1989-05-23,-0.7156211474514467
1989-05-24,-0.7257776348790627
1989-05-25,-0.7277350800797535
1989-05-26,-0.7032222355242078
1989-05-27,-0.7030428292565386
1989-05-28,-0.7028432251596284
1989-05-29,-0.7030429476355242
1989-05-30,-0.7023488604733449
1989-05-31,-0.7040671864744201
1989-06-01,-0.7193628585359099
1989-06-02,-0.7207178740607922
1989-06-03,-0.7205011859470521
1989-06-04,-0.7202644890926964
1989-06-05,-0.7196144222424516
1989-06-06,-0.7198550321436109
1989-06-07,-0.6925022907835648
1989-06-08,-0.6931742660591383
1989-06-09,-0.6841075980874262
1989-06-10,-0.6839509286554414
1989-06-11,-0.6837565321949953
1989-06-12,-0.6928238098247722
1989-06-13,-0.6960671635529981
1989-06-14,-0.6970258365965808
1989-06-15,-0.6984707329420693
1989-06-16,-0.6975589915470021
1989-06-17,-0.6973682965455872
1989-06-18,-0.6971858002088457
1989-06-19,-0.6965134401182037
1989-06-20,-0.6941797237377006
1989-06-21,-0.6951153722740758
1989-06-22,-0.6941818514517255
1989-06-23,-0.6944670079311748
1989-06-24,-0.6942767418356571
1989-06-25,-0.6941178628933318
1989-06-26,-0.6940994926986405
1989-06-27,-0.693218863608689
1989-06-28,-0.6937713500249026
1989-06-29,-0.691664458086852
1989-06-30,-0.6916934051759691
1989-07-01,-0.6915541190395266
1989-07-02,-0.691342521880221
1989-07-03,-0.6921214187876218
1989-07-04,-0.6919332227476932
1989-07-05,-0.6870844562182358
1989-07-06,-0.6767081928077023
1989-07-07,-0.6764755476018363
1989-07-08,-0.6762744987351802
1989-07-09,-0.6736163097050748
1989-07-10,-0.6711908358491653
1989-07-11,-0.6729506835475273
1989-07-12,-0.6405559123120719
1989-07-13,-0.6432763049534461
1989-07-14,-0.64122133170451
1989-07-15,-0.6410564329699823
1989-07-16,-0.6409534040963387
1989-07-17,-0.6391673692564023
1989-07-18,-0.6447994432358956
1989-07-19,-0.6666880290703944
1989-07-20,-0.6876255161269634
1989-07-21,-0.6947855531506271
1989-07-22,-0.6926923012768689
1989-07-23,-0.6928271995016551
1989-07-24,-0.6614209513077718
1989-07-25,-0.6420339693153516
1989-07-26,-0.5783438424079915
1989-07-27,-0.5889150377244886
1989-07-28,-0.5986053548428959
1989-07-29,-0.6023507631012502
1989-07-30,-0.6020911140687426
1989-07-31,-0.5472324051553237
1989-08-01,-0.5876728124235538
1989-08-02,-0.6465569578618586
1989-08-03,-0.6630184423607265
1989-08-04,-0.631330920515954
1989-08-05,-0.6308696954882823
1989-08-06,-0.6316160466599939
1989-08-07,-0.6234260964815963
1989-08-08,-0.6188190471951395
1989-08-09,-0.6015499467444839
1989-08-10,-0.5648465915941095
1989-08-11,-0.5926630795701848
1989-08-12,-0.5924153805704772
1989-08-13,-0.5924542313379485
1989-08-14,-0.5614406408278325
1989-08-15,-0.5922535022527179
1989-08-16,-0.589963104585581
1989-08-17,-0.5877367045357428
1989-08-18,-0.5898062764959119
1989-08-19,-0.5900370438923269
1989-08-20,-0.5900400469419949
1989-08-21,-0.5860889395574262
1989-08-22,-0.5866927865743248
1989-08-23,-0.588788181667654
1989-08-24,-0.5904418729560598
1989-08-25,-0.6249993192940776
1989-08-26,-0.6248621968987281
1989-08-27,-0.6247128481728629
1989-08-28,-0.6194604299548507
1989-08-29,-0.6201826235876321
1989-08-30,-0.6219854032541209
1989-08-31,-0.6202437365742283
1989-09-01,-0.6210417258187756
1989-09-02,-0.6208773152053272
1989-09-03,-0.6211020821654253
1989-09-04,-0.6210134003919814
1989-09-05,-0.6216116970409767
1989-09-06,-0.6216600836052363
1989-09-07,-0.6291382830408291
1989-09-08,-0.6279906446020814
1989-09-09,-0.6278626352066831
1989-09-10,-0.6279408166297233
1989-09-11,-0.6263504363918744
1989-09-12,-0.6249570240817497
1989-09-13,-0.6269133930725747
1989-09-14,-0.6287225850488085
1989-09-15,-0.6283863179977627
1989-09-16,-0.6275359595927206
1989-09-17,-0.6273725697351669
1989-09-18,-0.6343442943985159
1989-09-19,-0.6293534857134592
1989-09-20,-0.6392174622158877
1989-09-21,-0.639635009931273
1989-09-22,-0.6399240218798091
1989-09-23,-0.6397224586086517
1989-09-24,-0.6395840550195395
1989-09-25,-0.6417425080531808
1989-09-26,-0.6385950004325766
1989-09-27,-0.6390461300260167
1989-09-28,-0.6380382630868713
1989-09-29,-0.6391842030103061
1989-09-30,-0.6370384674733435
1989-10-01,-0.6369450744482337
1989-10-02,-0.6371272383275239
1989-10-03,-0.6357179274781396
1989-10-04,-0.635891299061623
1989-10-05,-0.6376156480436208
1989-10-06,-0.6369776001294003
1989-10-07,-0.6368459448685361
1989-10-08,-0.636714353773566
1989-10-09,-0.6359150383678499
1989-10-10,-0.6420745430640923
1989-10-11,-0.6371440042591329
1989-10-12,-0.6394033642192688
1989-10-13,-0.6535230171263041
1989-10-14,-0.6533875583731609
1989-10-15,-0.6532368924550719
1989-10-16,-0.661984248562746
1989-10-17,-0.628197097478261
1989-10-18,-0.6280243261256596
1989-10-19,-0.6538116125251737
1989-10-20,-0.6590761887247711
1989-10-21,-0.6583340952060238
1989-10-22,-0.6585177101684455
1989-10-23,-0.7026659591675705
1989-10-24,-0.7171926501474467
1989-10-25,-0.6993030078132806
1989-10-26,-0.7936598304376427
1989-10-27,-0.8343741344158957
1989-10-28,-0.8364431134308846
1989-10-29,-0.8362050218206415
1989-10-30,-0.8380000740579963
1989-10-31,-0.826741366786235
1989-11-01,-0.8449563077699943
1989-11-02,-0.8408415079450205
1989-11-03,-0.8347838374987276
1989-11-04,-0.8419693356899672
1989-11-05,-0.8187376754386434
1989-11-06,-0.8124376617475321
1989-11-07,-0.8058599262752683
1989-11-08,-0.7402436397898532
1989-11-09,-0.7404536778191027
1989-11-10,-0.7724434586809469
1989-11-11,-0.7728022557126516
1989-11-12,-0.7729761503612694
1989-11-13,-0.7582418972524679
1989-11-14,-0.7659025439272725
1989-11-15,-0.7576908019978346
1989-11-16,-0.7593338177195078
1989-11-17,-0.74641198906615
1989-11-18,-0.7461949075455235
1989-11-19,-0.745943331184873
1989-11-20,-0.7572601465008266
1989-11-21,-0.7531808593120837
1989-11-22,-0.7206024486669066
1989-11-23,-0.7203679836637606
1989-11-24,-0.7198088831203945
1989-11-25,-0.7196119002055257
1989-11-26,-0.719445230049506
1989-11-27,-0.7160508998297392
1989-11-28,-0.707442714450227
1989-11-29,-0.7067421603903904
1989-11-30,-0.7099359166872415
1989-12-01,-0.7099821880120168
1989-12-02,-0.7098001558919567
1989-12-03,-0.7081564453763395
1989-12-04,-0.7067662492748118
1989-12-05,-0.7020678893683593
1989-12-06,-0.7014285879247654
1989-12-07,-0.7005211638537072
1989-12-08,-0.7007819678484015
1989-12-09,-0.7005398989611168
1989-12-10,-0.7003237023085016
1989-12-11,-0.7004628593711733
1989-12-12,-0.6999769958377734
1989-12-13,-0.7009508156653026
1989-12-14,-0.7088018878414032
1989-12-15,-0.7081378869619886
1989-12-16,-0.7079471318483807
1989-12-17,-0.7077983554239268
1989-12-18,-0.7121494395431397
1989-12-19,-0.7098112291483782
1989-12-20,-0.7091923066999968
1989-12-21,-0.7100160280881727
1989-12-22,-0.7126676364528315
1989-12-23,-0.7124396889911528
1989-12-24,-0.7122313149375356
1989-12-25,-0.7120231432571432
1989-12-26,-0.7112785081011163
1989-12-27,-0.7108537734804719
1989-12-28,-0.7110811971087013
1989-12-29,-0.7106198191139721
1989-12-30,-0.7104155283730614
1989-12-31,-0.7102439003538805
1990-01-01,-0.7100375625253946
1990-01-02,-0.7096461472542114
1990-01-03,-0.7033252599177283
1990-01-04,-0.7026321421061236
1990-01-05,-0.7010881929790616
1990-01-06,-0.7009157578175623
1990-01-07,-0.7007477132220891
1990-01-08,-0.6958740318135891
1990-01-09,-0.6550424370036155
1990-01-10,-0.645222653033576
1990-01-11,-0.6419328129676541
1990-01-12,-0.6418861333748928
1990-01-13,-0.6418120744257906
1990-01-14,-0.6415634562843148
1990-01-15,-0.6162252114932656
1990-01-16,-0.6140359480434413
1990-01-17,-0.6868479397127413
1990-01-18,-0.711148419880669
1990-01-19,-0.6258745008592973
1990-01-20,-0.6288524235014917
1990-01-21,-0.6286973231948904
1990-01-22,-0.6270124352727257
1990-01-23,-0.6092482144428983
1990-01-24,-0.6007196031128869
1990-01-25,-0.6269829101118489
1990-01-26,-0.6987706502017903
1990-01-27,-0.6985597804510172
1990-01-28,-0.6982683493562032
1990-01-29,-0.6849154674294615
1990-01-30,-0.6953358404041343
1990-01-31,-0.6923330315577072
1990-02-01,-0.6674084159028649
1990-02-02,-0.6905761433485145
1990-02-03,-0.6906661832638988
1990-02-04,-0.6967274025669669
1990-02-05,-0.7112981992983672
1990-02-06,-0.7398179758514928
1990-02-07,-0.8543703884825264
1990-02-08,-0.8478787153321523
1990-02-09,-0.853206373483108
1990-02-10,-0.8528895610923594
1990-02-11,-0.8526473764114736
1990-02-12,-0.8605321329797477
1990-02-13,-0.8908417618509304
1990-02-14,-0.9147537831419656
1990-02-15,-1.0835416863401435
1990-02-16,-1.0959287019772248
1990-02-17,-1.095754655917356
1990-02-18,-1.0953382938230378
1990-02-19,-1.09740444642096
1990-02-20,-1.1438293674507227
1990-02-21,-1.1546072238570788
1990-02-22,-1.1705535483281735
1990-02-23,-1.195326854065035
1990-02-24,-1.1928671630688867
1990-02-25,-1.1924589660291158
1990-02-26,-1.200597287012937
1990-02-27,-1.1945688143513444
1990-02-28,-1.1971132693488877
1990-03-01,-1.216087949354937
1990-03-02,-1.2209235558633433
1990-03-03,-1.2203977801219759
1990-03-04,-1.2199583903505706
1990-03-05,-1.223149992641206
1990-03-06,-1.2262127051390903
1990-03-07,-1.2258645897221332
1990-03-08,-1.2288448069934488
1990-03-09,-1.2268732733817977
1990-03-10,-1.2263600204719738
1990-03-11,-1.2259473857662524
1990-03-12,-1.2267742213392774
1990-03-13,-1.2250413887465532
1990-03-14,-1.226586637512186
1990-03-15,-1.2119884506931853
1990-03-16,-1.2117651798805391
1990-03-17,-1.2112841788617155
1990-03-18,-1.210664771890995
1990-03-19,-1.2101144744582362
1990-03-20,-1.2137048694074248
1990-03-21,-1.2116259202510549
1990-03-22,-1.2014660536415125
1990-03-23,-1.2012095334585746
1990-03-24,-1.2006367451438438
1990-03-25,-1.200196294294863
1990-03-26,-1.199695370178076
1990-03-27,-1.199657571809029
1990-03-28,-1.1987553824676744
1990-03-29,-1.1960396066417032
1990-03-30,-1.1917875320205142
1990-03-31,-1.1914643012517956
1990-04-01,-1.1908906107156547
1990-04-02,-1.2029943971501793
1990-04-03,-1.2051755907410193
1990-04-04,-1.200983174400682
1990-04-05,-1.204368320058738
1990-04-06,-1.203050986116516
1990-04-07,-1.2026172012804637
1990-04-08,-1.2016568073037872
1990-04-09,-1.1983825274883744
1990-04-10,-1.1968812002958942
1990-04-11,-1.190817525846782
1990-04-12,-1.1993816662641308
1990-04-13,-1.1982736943128618
1990-04-14,-1.1978313102100775
1990-04-15,-1.1974694142297257
1990-04-16,-1.1816729870044427
1990-04-17,-1.2503930971979484
1990-04-18,-1.2468585085104311
1990-04-19,-1.2488037966910437
1990-04-20,-1.222951706532927
1990-04-21,-1.2225928122621699
1990-04-22,-1.2223315949150397
1990-04-23,-1.2543540799972461
1990-04-24,-1.2849347670442188
1990-04-25,-1.3063880424846417
1990-04-26,-1.3490342525803694
1990-04-27,-1.378447123453727
1990-04-28,-1.374334905994685
1990-04-29,-1.3728867679587105
1990-04-30,-1.334590674265416
1990-05-01,-1.3344483276101389
1990-05-02,-1.334704108868415
1990-05-03,-1.2914275165183677
1990-05-04,-1.2949222064229067
1990-05-05,-1.2942345751840376
1990-05-06,-1.2934584634186737
1990-05-07,-1.3034649936397744
1990-05-08,-1.3082996309525374
1990-05-09,-1.3084619669333934
1990-05-10,-1.319538361352573
1990-05-11,-1.3187638743697674
1990-05-12,-1.3183877246076647
1990-05-13,-1.317831625763582
1990-05-14,-1.316726645918367
1990-05-15,-1.3230537889073952
1990-05-16,-1.3163100400017222
1990-05-17,-1.3087136882485455
1990-05-18,-1.309194748719934
1990-05-19,-1.3141443131234516
1990-05-20,-1.3135429824705969
1990-05-21,-1.3137361410701829
1990-05-22,-1.315556839145856
1990-05-23,-1.3013255458461888
1990-05-24,-1.3014255370860262
1990-05-25,-1.3200433938838532
1990-05-26,-1.319520466534349
1990-05-27,-1.318988044517398
1990-05-28,-1.3185271052831393
1990-05-29,-1.3176266462125243
1990-05-30,-1.3177537321758594
1990-05-31,-1.3175545265564386
1990-06-01,-1.3173342558719103
1990-06-02,-1.316813339132154
1990-06-03,-1.3162757076379437
1990-06-04,-1.3160946846752826
1990-06-05,-1.3172933930752457
1990-06-06,-1.3159473359149143
1990-06-07,-1.3345978331572423
1990-06-08,-1.3346426697726024
1990-06-09,-1.3340881110530594
1990-06-10,-1.3335548684654934
1990-06-11,-1.3329187429829674
1990-06-12,-1.3322905141050956
1990-06-13,-1.3255610759984557
1990-06-14,-1.3271557790421393
1990-06-15,-1.3242649372600195
1990-06-16,-1.3236388638658723
1990-06-17,-1.3231254012316107
1990-06-18,-1.3226314128140129
1990-06-19,-1.3035322230532773
1990-06-20,-1.3038624618985155
1990-06-21,-1.3015910065340688
1990-06-22,-1.2997414269949485
1990-06-23,-1.2992357287070537
1990-06-24,-1.2987324434441818
1990-06-25,-1.3013132283434123
1990-06-26,-1.2986129604140995
1990-06-27,-1.298983646967559
1990-06-28,-1.2996789927028403
1990-06-29,-1.2994776564054902
1990-06-30,-1.2989042538399505
1990-07-01,-1.298406884378572
1990-07-02,-1.2963090432093716
1990-07-03,-1.2963817977438514
1990-07-04,-1.2958917189087213
1990-07-05,-1.2990302709469403
1990-07-06,-1.2988262960979804
1990-07-07,-1.2983988734437342
1990-07-08,-1.2979331033439
1990-07-09,-1.2984607895545028
1990-07-10,-1.2963362354107528
1990-07-11,-1.3054436661831579
1990-07-12,-1.3074160524009923
1990-07-13,-1.3054530540410165
1990-07-14,-1.3049529617658133
1990-07-15,-1.304187276899447
1990-07-16,-1.2828621008766927
1990-07-17,-1.28635806977531
1990-07-18,-1.2459745593560605
1990-07-19,-1.255055322200492
1990-07-20,-1.3237628950004139
1990-07-21,-1.3231873915428276
1990-07-22,-1.3226027097943984
1990-07-23,-1.307024783754007
1990-07-24,-1.2665686747098674
1990-07-25,-1.321864577865989
1990-07-26,-1.3283739328341453
1990-07-27,-1.3200745279497732
1990-07-28,-1.3195800804100903
1990-07-29,-1.3197078813265286
1990-07-30,-1.3075288091985635
1990-07-31,-1.2964056600967433
1990-08-01,-1.29095349639189
1990-08-02,-1.2903821558540343
1990-08-03,-1.2963193121693681
1990-08-04,-1.2985494931773616
1990-08-05,-1.2982420248438185
1990-08-06,-1.295274593182694
1990-08-07,-1.292323749114012
1990-08-08,-1.2770047966581426
1990-08-09,-1.2440388638882218
1990-08-10,-1.2574081634589824
1990-08-11,-1.2568937623492864
1990-08-12,-1.2564971053681144
1990-08-13,-1.2564268455484766
1990-08-14,-1.2505703749367962
1990-08-15,-1.2493846130368518
1990-08-16,-1.2439321293722954
1990-08-17,-1.2396522255806905
1990-08-18,-1.2387816790172232
1990-08-19,-1.2381075001247541
1990-08-20,-1.238310564879072
1990-08-21,-1.2399179389805095
1990-08-22,-1.2386558360921414
1990-08-23,-1.2411009128871602
1990-08-24,-1.2493537200920015
1990-08-25,-1.2489006156278168
1990-08-26,-1.2485883302239038
1990-08-27,-1.2492844851299216
1990-08-28,-1.244680864581165
1990-08-29,-1.250778787586437
1990-08-30,-1.252151142125293
1990-08-31,-1.2551915933106346
1990-09-01,-1.2547418818931204
1990-09-02,-1.254265319773028
1990-09-03,-1.2534812211220268
1990-09-04,-1.2525601819530454
1990-09-05,-1.2498619966294315
1990-09-06,-1.247448489585906
1990-09-07,-1.244759202353831
1990-09-08,-1.2445965731463622
1990-09-09,-1.2441491237624598
1990-09-10,-1.2426364731289385
1990-09-11,-1.2427058806767246
1990-09-12,-1.2413610686932381
1990-09-13,-1.2404249907136788
1990-09-14,-1.2402997658488868
1990-09-15,-1.2398522092947233
1990-09-16,-1.2393242726749139
1990-09-17,-1.2445046752198092
1990-09-18,-1.2440696792426982
1990-09-19,-1.2516246511496858
1990-09-20,-1.2515764609937623
1990-09-21,-1.2493390367481154
1990-09-22,-1.248823699702584
1990-09-23,-1.24834006013217
1990-09-24,-1.2469361438999382
1990-09-25,-1.2449823466755185
1990-09-26,-1.2420587267310415
1990-09-27,-1.24264434410542
1990-09-28,-1.2428230465476453
1990-09-29,-1.2424501293107542
1990-09-30,-1.242040833339998
1990-10-01,-1.2419650192717946
1990-10-02,-1.2418497167313851
1990-10-03,-1.2407702888525887
1990-10-04,-1.2402712363420492
1990-10-05,-1.2401520694527177
1990-10-06,-1.2397310386755442
1990-10-07,-1.2393216993755514
1990-10-08,-1.2389722403204408
1990-10-09,-1.2465162729768229
1990-10-10,-1.2477302775220365
1990-10-11,-1.250580847647577
1990-10-12,-1.2523269087211926
1990-10-13,-1.251875348415721
1990-10-14,-1.2516246569106981
1990-10-15,-1.2447678525911667
1990-10-16,-1.2564972492350956
1990-10-17,-1.2923687858272797
1990-10-18,-1.3158409375392293
1990-10-19,-1.3113679063833503
1990-10-20,-1.3109950039176514
1990-10-21,-1.3110422875066072
1990-10-22,-1.2864221993273797
1990-10-23,-1.285890589424845
1990-10-24,-1.300731174967143
1990-10-25,-1.3265778825325008
1990-10-26,-1.318765422349289
1990-10-27,-1.3175990067909262
1990-10-28,-1.3172303124276377
1990-10-29,-1.331128938110165
1990-10-30,-1.3242321703402145
1990-10-31,-1.347221975752409
1990-11-01,-1.3513040818129716
1990-11-02,-1.3923247427215726
1990-11-03,-1.3917504252772004
1990-11-04,-1.3912167440471641
1990-11-05,-1.410725155011148
1990-11-06,-1.4199487408970228
1990-11-07,-1.4255426262530342
1990-11-08,-1.4192578253916182
1990-11-09,-1.3688922914096455
1990-11-10,-1.3685839302780813
1990-11-11,-1.3679046290592156
1990-11-12,-1.365499405046349
1990-11-13,-1.368630852381405
1990-11-14,-1.3742316541089175
1990-11-15,-1.3713696031162674
1990-11-16,-1.3891249248778699
1990-11-17,-1.3884776869680442
1990-11-18,-1.3890528360257492
1990-11-19,-1.3964493299024412
1990-11-20,-1.3951671543774202
1990-11-21,-1.3968251384886845
1990-11-22,-1.3964097256954995
1990-11-23,-1.3952075649268558
1990-11-24,-1.3947154471492886
1990-11-25,-1.394181953892824
1990-11-26,-1.4122797230033601
1990-11-27,-1.4141725561057992
1990-11-28,-1.4154065040250121
1990-11-29,-1.416225344881389
1990-11-30,-1.413158637674072
1990-12-01,-1.4125901400661656
1990-12-02,-1.4117561570800012
1990-12-03,-1.412787349160489
1990-12-04,-1.4133687325221242
1990-12-05,-1.4134457766121198
1990-12-06,-1.414663945760047
1990-12-07,-1.416636845934665
1990-12-08,-1.4161017083542016
1990-12-09,-1.4156402681737588
1990-12-10,-1.4157050782472018
1990-12-11,-1.4225894346209105
1990-12-12,-1.421492068626809
1990-12-13,-1.4229331736649387
1990-12-14,-1.423338550025503
1990-12-15,-1.422795345420827
1990-12-16,-1.4223524522944377
1990-12-17,-1.4111405406792075
1990-12-18,-1.4095594949630321
1990-12-19,-1.4103237040040835
1990-12-20,-1.4076428934130292
1990-12-21,-1.4068717930489407
1990-12-22,-1.406319419225604
1990-12-23,-1.4057293899488867
1990-12-24,-1.405693333955008
1990-12-25,-1.405156105192152
1990-12-26,-1.4046438311428162
1990-12-27,-1.4043735446565313
1990-12-28,-1.403957536024303
1990-12-29,-1.403182340434445
1990-12-30,-1.4026451174931205
1990-12-31,-1.4020493082523269
1991-01-01,-1.4015168522575931
1991-01-02,-1.4012256774095795
1991-01-03,-1.3990995059445102
1991-01-04,-1.3999042294470083
1991-01-05,-1.3993753078361078
1991-01-06,-1.3988482146167638
1991-01-07,-1.407208539754991
1991-01-08,-1.4206927688790307
1991-01-09,-1.4223896742769295
1991-01-10,-1.4228463944943128
1991-01-11,-1.4239818584013086
1991-01-12,-1.4233872143402004
1991-01-13,-1.4228067475180828
1991-01-14,-1.4187932142856674
1991-01-15,-1.417307688945933
1991-01-16,-1.3987269500036217
1991-01-17,-1.4218145376577258
1991-01-18,-1.4193175283058288
1991-01-19,-1.4187956928818768
1991-01-20,-1.4182518399279118
1991-01-21,-1.4108868829133303
1991-01-22,-1.4462667431507221
1991-01-23,-1.4657945999799125
1991-01-24,-1.4811483004614647
1991-01-25,-1.4734235511408678
1991-01-26,-1.4727336117631662
1991-01-27,-1.4721618140295936
1991-01-28,-1.4442896056495902
1991-01-29,-1.4487321372989204
1991-01-30,-1.4533763794346746
1991-01-31,-1.4726097413234076
1991-02-01,-1.4614927862201699
1991-02-02,-1.4610241839166829
1991-02-03,-1.4604745149357967
1991-02-04,-1.457785788200941
1991-02-05,-1.4451508524635843
1991-02-06,-1.436856131829409
1991-02-07,-1.4651767479625228
1991-02-08,-1.4692385840239275
1991-02-09,-1.469697609058919
1991-02-10,-1.4691756197506656
1991-02-11,-1.4788729931317963
1991-02-12,-1.4742760180904222
1991-02-13,-1.4326653466107893
1991-02-14,-1.4215224051844189
1991-02-15,-1.4118624298011995
1991-02-16,-1.4129548879575644
1991-02-17,-1.4124398288050128
1991-02-18,-1.4124047743001087
1991-02-19,-1.4110591762127342
1991-02-20,-1.4195736243943087
1991-02-21,-1.4519104753224281
1991-02-22,-1.450445534243466
1991-02-23,-1.4483124739894482
1991-02-24,-1.4479178010968015
1991-02-25,-1.4493178802067133
1991-02-26,-1.4506222798658088
1991-02-27,-1.4453545691170377
1991-02-28,-1.4431501185584057
1991-03-01,-1.4334191690490343
1991-03-02,-1.4333049477066346
1991-03-03,-1.4329671730569447
1991-03-04,-1.4325309497819678
1991-03-05,-1.4295522233186932
1991-03-06,-1.4142478995924597
1991-03-07,-1.413850434380189
1991-03-08,-1.4124634302634702
1991-03-09,-1.4120128117892614
1991-03-10,-1.4114742696357379
1991-03-11,-1.4080786798496632
1991-03-12,-1.4046675075640993
1991-03-13,-1.3977598625844714
1991-03-14,-1.3946629567278859
1991-03-15,-1.3932902167843855
1991-03-16,-1.3929392342648912
1991-03-17,-1.3924445823363565
1991-03-18,-1.3892412588484235
1991-03-19,-1.3880921356396543
1991-03-20,-1.3831044219371365
1991-03-21,-1.3834873543082526
1991-03-22,-1.385758744194229
1991-03-23,-1.3849108382927209
1991-03-24,-1.3873714029435256
1991-03-25,-1.3874355749284115
1991-03-26,-1.386509469852032
1991-03-27,-1.385073075567939
1991-03-28,-1.3835928802254134
1991-03-29,-1.383436727607034
1991-03-30,-1.3830006846967038
1991-03-31,-1.3825573454281563
1991-04-01,-1.394409224419084
1991-04-02,-1.3930016267805545
1991-04-03,-1.3890738818319555
1991-04-04,-1.3773003239342418
1991-04-05,-1.4219989899100225
1991-04-06,-1.4214028837921022
1991-04-07,-1.4208664533010964
1991-04-08,-1.4178148266647117
1991-04-09,-1.4179250995250186
1991-04-10,-1.4165348937146043
1991-04-11,-1.3997640222395002
1991-04-12,-1.378443431437795
1991-04-13,-1.377765714490522
1991-04-14,-1.3773836535442217
1991-04-15,-1.3473704043925698
1991-04-16,-1.2751845516381173
1991-04-17,-1.303601091107913
1991-04-18,-1.311589716985514
1991-04-19,-1.3289708505893267
1991-04-20,-1.3303503502793144
1991-04-21,-1.3290430965126963
1991-04-22,-1.3410045958298504
1991-04-23,-1.306825686918739
1991-04-24,-1.2514906592637094
1991-04-25,-1.1704242916474124
1991-04-26,-1.1908649705283363
1991-04-27,-1.193181762499247
1991-04-28,-1.1926315214706082
1991-04-29,-1.1688873268836437
1991-04-30,-1.1366922677840587
1991-05-01,-1.1175535435120205
1991-05-02,-1.1082332090723914
1991-05-03,-1.1190129496687407
1991-05-04,-1.103244373819295
1991-05-05,-1.1027841064127946
1991-05-06,-1.1138479126935645
1991-05-07,-1.1106025284912657
1991-05-08,-1.1112806601023586
1991-05-09,-1.0978686782443992
1991-05-10,-1.099481026551766
1991-05-11,-1.0996594673004991
1991-05-12,-1.0989818166576992
1991-05-13,-1.105440619465946
1991-05-14,-1.0943524997971168
1991-05-15,-1.0893688683260256
1991-05-16,-1.078630347401454
1991-05-17,-1.0605100617412566
1991-05-18,-1.059554182716243
1991-05-19,-1.0589519544855965
1991-05-20,-1.0620767849052786
1991-05-21,-1.0831462485001284
1991-05-22,-1.067838048426568
1991-05-23,-1.0846443698872463
1991-05-24,-1.0863110269790774
1991-05-25,-1.0859639958606193
1991-05-26,-1.0856726517111193
1991-05-27,-1.0852781425629328
1991-05-28,-1.0854674734014849
1991-05-29,-1.0869300496527565
1991-05-30,-1.0842344742759364
1991-05-31,-1.0836451913939116
1991-06-01,-1.083223471719957
1991-06-02,-1.082900837149296
1991-06-03,-1.083164859464785
1991-06-04,-1.0807752143821265
1991-06-05,-1.083347385621482
1991-06-06,-1.082029540304714
1991-06-07,-1.0808448942527809
1991-06-08,-1.0805001447957314
1991-06-09,-1.0801672513552472
1991-06-10,-1.0783754813194404
1991-06-11,-1.0788929856579006
1991-06-12,-1.0826966672131002
1991-06-13,-1.0785995043979673
1991-06-14,-1.072928407893861
1991-06-15,-1.072539034692293
1991-06-16,-1.0722054180017084
1991-06-17,-1.0717256967132582
1991-06-18,-1.0675169642057185
1991-06-19,-1.0708332040813657
1991-06-20,-1.0705051347503662
1991-06-21,-1.07019230901668
1991-06-22,-1.0696320801965367
1991-06-23,-1.0693086902393703
1991-06-24,-1.0685787670287228
1991-06-25,-1.0684499204373055
1991-06-26,-1.0650966342091595
1991-06-27,-1.0643179917043468
1991-06-28,-1.0636918054167086
1991-06-29,-1.0632939849379777
1991-06-30,-1.0629705232802003
1991-07-01,-1.067685620705393
1991-07-02,-1.068124586845923
1991-07-03,-1.068006534404538
1991-07-04,-1.067673686889482
1991-07-05,-1.0672573228382907
1991-07-06,-1.0669029697083514
1991-07-07,-1.0664273923749141
1991-07-08,-1.0658397775018387
1991-07-09,-1.0602692405555334
1991-07-10,-1.0638985901077185
1991-07-11,-1.0627927016765117
1991-07-12,-1.0585900668708097
1991-07-13,-1.0582018161440578
1991-07-14,-1.0578307550644706
1991-07-15,-1.0505906285458695
1991-07-16,-1.0519777288089933
1991-07-17,-1.009260781804954
1991-07-18,-0.9682452229279619
1991-07-19,-1.0085824306372497
1991-07-20,-1.0078855377587204
1991-07-21,-1.0074914745547041
1991-07-22,-1.0443961611397574
1991-07-23,-1.077262964848482
1991-07-24,-1.094280367904984
1991-07-25,-1.106960446074898
1991-07-26,-1.1067506767477264
1991-07-27,-1.1062683044608892
1991-07-28,-1.1054504571230397
1991-07-29,-1.0839021695593727
1991-07-30,-1.0821918583002035
1991-07-31,-1.0842254564842775
1991-08-01,-1.0804701503627678
1991-08-02,-1.11891041493675
1991-08-03,-1.120986392589512
1991-08-04,-1.121021979703798
1991-08-05,-1.1281454410025693
1991-08-06,-1.1194820228182856
1991-08-07,-1.1096293022632293
1991-08-08,-1.109250285596972
1991-08-09,-1.1342370993143847
1991-08-10,-1.1343388319867795
1991-08-11,-1.1324844603862545
1991-08-12,-1.128758814907478
1991-08-13,-1.123676848838333
1991-08-14,-1.1282116943019658
1991-08-15,-1.1273001129168423
1991-08-16,-1.126584578473499
1991-08-17,-1.1256609383216107
1991-08-18,-1.1262897966616265
1991-08-19,-1.12751115247315
1991-08-20,-1.1281581453578187
1991-08-21,-1.1238133840763285
1991-08-22,-1.122635660419158
1991-08-23,-1.112368731069248
1991-08-24,-1.1120104403091442
1991-08-25,-1.1115648168947156
1991-08-26,-1.1113046531659465
1991-08-27,-1.1088388937817164
1991-08-28,-1.1175401502795792
1991-08-29,-1.1163277132471376
1991-08-30,-1.1167985083857603
1991-08-31,-1.1165197272779837
1991-09-01,-1.1165155891113858
1991-09-02,-1.1161907807548133
1991-09-03,-1.115477661932989
1991-09-04,-1.1167827155544232
1991-09-05,-1.1165422335577762
1991-09-06,-1.1171689987185924
1991-09-07,-1.1168444640403044
1991-09-08,-1.1159739148779835
1991-09-09,-1.11493185570549
1991-09-10,-1.116023393233095
1991-09-11,-1.1139613508814126
1991-09-12,-1.1133648663087026
1991-09-13,-1.111360765165397
1991-09-14,-1.1110333282729352
1991-09-15,-1.1107132130226465
1991-09-16,-1.1100808466965482
1991-09-17,-1.1111799763086998
1991-09-18,-1.11092998911457
1991-09-19,-1.110285443352747
1991-09-20,-1.1091092879807636
1991-09-21,-1.1085499146172708
1991-09-22,-1.1082231573609114
1991-09-23,-1.1075680815208875
1991-09-24,-1.1069126401055727
1991-09-25,-1.1141371184180227
1991-09-26,-1.1162619588620075
1991-09-27,-1.115404266371731
1991-09-28,-1.1150559932341624
1991-09-29,-1.1146577670390598
1991-09-30,-1.115226913653543
1991-10-01,-1.1138026007390882
1991-10-02,-1.1171170794583236
1991-10-03,-1.1156139774274532
1991-10-04,-1.1154245682316095
1991-10-05,-1.1151032622790942
1991-10-06,-1.1149338926052126
1991-10-07,-1.11398581367373
1991-10-08,-1.112182663863723
1991-10-09,-1.1108388512635246
1991-10-10,-1.1044932459291426
1991-10-11,-1.0905448212150233
1991-10-12,-1.0900417680710355
1991-10-13,-1.0897052006653363
1991-10-14,-1.0879064564024683
1991-10-15,-1.089864034005702
1991-10-16,-1.083192855278399
1991-10-17,-1.0759343054892017
1991-10-18,-1.0547692330947978
1991-10-19,-1.0545369242578584
1991-10-20,-1.0540642774499267
1991-10-21,-1.034556055774264
1991-10-22,-1.0421710897291787
1991-10-23,-1.0088295265127265
1991-10-24,-0.9729345045187676
1991-10-25,-0.9646520277281468
1991-10-26,-0.9696357872500897
1991-10-27,-0.9669120004210027
1991-10-28,-0.9176485010230496
1991-10-29,-0.8812383150359123
1991-10-30,-0.8769770098931179
1991-10-31,-0.8544339785405183
1991-11-01,-0.8625336250906375
1991-11-02,-0.8620802317812425
1991-11-03,-0.8610998809258369
1991-11-04,-0.8435958848837677
1991-11-05,-0.7938923998262174
1991-11-06,-0.7901955253943523
1991-11-07,-0.7874541046581438
1991-11-08,-0.7880129670669299
1991-11-09,-0.7881538595517554
1991-11-10,-0.7875834954983971
1991-11-11,-0.7826664097836485
1991-11-12,-0.7852293741637482
1991-11-13,-0.7825679779430997
1991-11-14,-0.7568795296056955
1991-11-15,-0.7633589998135318
1991-11-16,-0.7631865594029953
1991-11-17,-0.7635780971984086
1991-11-18,-0.7560631460084127
1991-11-19,-0.7708487766473561
1991-11-20,-0.7724221808999393
1991-11-21,-0.7786261594015299
1991-11-22,-0.7745424329747036
1991-11-23,-0.7743055958603596
1991-11-24,-0.7741852558295537
1991-11-25,-0.7733489963863108
1991-11-26,-0.7713873189072089
1991-11-27,-0.7702333817725693
1991-11-28,-0.7781254877454534
1991-11-29,-0.7778074737946641
1991-11-30,-0.7768675877614034
1991-12-01,-0.7768149869176891
1991-12-02,-0.7760180966731202
1991-12-03,-0.7739105742092803
1991-12-04,-0.765050434407268
1991-12-05,-0.7624653852305219
1991-12-06,-0.7605908914269174
1991-12-07,-0.7603540334519986
1991-12-08,-0.7601016661095824
1991-12-09,-0.7586234859078272
1991-12-10,-0.7589173787645351
1991-12-11,-0.7619898079596176
1991-12-12,-0.7617152959254754
1991-12-13,-0.7631953830870825
1991-12-14,-0.7629524567546581
1991-12-15,-0.7623879782595772
1991-12-16,-0.7621002932835882
1991-12-17,-0.7615859505041703
1991-12-18,-0.7628415818132908
1991-12-19,-0.7611857768523492
1991-12-20,-0.7620021914727761
1991-12-21,-0.7617633125195561
1991-12-22,-0.7614399627974446
1991-12-23,-0.7621962391902447
1991-12-24,-0.7615306534041331
1991-12-25,-0.7612930510926986
1991-12-26,-0.7610267840731401
1991-12-27,-0.7607737808346345
1991-12-28,-0.7605260995194002
1991-12-29,-0.7602884316479996
1991-12-30,-0.7600475896224784
1991-12-31,-0.7599296789885774
1992-01-01,-0.7597692022428563
1992-01-02,-0.7594364059958361
1992-01-03,-0.7603352051020043
1992-01-04,-0.7600766043480621
1992-01-05,-0.7598398610745386
1992-01-06,-0.7591854072427422
1992-01-07,-0.7730192447796984
1992-01-08,-0.7720570530838115
1992-01-09,-0.7678133405311579
1992-01-10,-0.7672422158836963
1992-01-11,-0.7670082217290707
1992-01-12,-0.7666714215485563
1992-01-13,-0.7660592487690195
1992-01-14,-0.7743114193212067
1992-01-15,-0.7559917353839066
1992-01-16,-0.766011892484484
1992-01-17,-0.7986362375761532
1992-01-18,-0.7982250457045703
1992-01-19,-0.797949908461082
1992-01-20,-0.8358070269870574
1992-01-21,-0.8249703440194943
1992-01-22,-0.8333475396790023
1992-01-23,-0.8610983660189043
1992-01-24,-0.9005880027317206
1992-01-25,-0.9006059278889431
1992-01-26,-0.9002942473257525
1992-01-27,-0.8978626771701944
1992-01-28,-0.9075853223871756
1992-01-29,-0.9007517873949737
1992-01-30,-0.9000531057423574
1992-01-31,-0.8973516573175001
1992-02-01,-0.896708895468392
1992-02-02,-0.8948582769841948
1992-02-03,-0.8978653295120699
1992-02-04,-0.8935787311266626
1992-02-05,-0.8930060267486609
1992-02-06,-0.8782707204908674
1992-02-07,-0.8837029872865335
1992-02-08,-0.8832366012290845
1992-02-09,-0.8829270390612853
1992-02-10,-0.8763663019197856
1992-02-11,-0.8617887990170888
1992-02-12,-0.9033251985646776
1992-02-13,-0.8646953423802439
1992-02-14,-0.8448573354496061
1992-02-15,-0.8446090265020807
1992-02-16,-0.844218242060999
1992-02-17,-0.8444107469310173
1992-02-18,-0.8421326481307428
1992-02-19,-0.8242373120124236
1992-02-20,-0.7941932878445019
1992-02-21,-0.7849529281855632
1992-02-22,-0.7841234756351994
1992-02-23,-0.7851119741509666
1992-02-24,-0.7932321600082451
1992-02-25,-0.7870370481568475
1992-02-26,-0.7794670777205036
1992-02-27,-0.7759102660793742
1992-02-28,-0.7738747573199948
1992-02-29,-0.7735340176461379
1992-03-01,-0.7736889111196218
1992-03-02,-0.7708012988558856
1992-03-03,-0.754593638311975
1992-03-04,-0.7529171283562331
1992-03-05,-0.7623889473944018
1992-03-06,-0.7595296347364958
1992-03-07,-0.7592471581922876
1992-03-08,-0.7590029120235986
1992-03-09,-0.760281235849846
1992-03-10,-0.788949905611303
1992-03-11,-0.780165724821373
1992-03-12,-0.7675479885723293
1992-03-13,-0.7682517903697414
1992-03-14,-0.7682055562192582
1992-03-15,-0.7679584894369541
1992-03-16,-0.7624540414990184
1992-03-17,-0.7628058494024529
1992-03-18,-0.7510072088912852
1992-03-19,-0.752516725173448
1992-03-20,-0.7466715679122534
1992-03-21,-0.7464367943436003
1992-03-22,-0.7462063194146143
1992-03-23,-0.7493995145487257
1992-03-24,-0.7459561801855404
1992-03-25,-0.7493859027106872
1992-03-26,-0.7475621580858096
1992-03-27,-0.7484955686879403
1992-03-28,-0.7480497451464153
1992-03-29,-0.747817236950195
1992-03-30,-0.7470198704437103
1992-03-31,-0.7477210661278599
1992-04-01,-0.7477487264320329
1992-04-02,-0.752375361051388
1992-04-03,-0.7516752543197409
1992-04-04,-0.7513858793234606
1992-04-05,-0.7511030717063485
1992-04-06,-0.7495594737304413
1992-04-07,-0.7500709041072234
1992-04-08,-0.7447193782403113
1992-04-09,-0.7512000901674254
1992-04-10,-0.7623412668994857
1992-04-11,-0.7621239356783417
1992-04-12,-0.7617468978244416
1992-04-13,-0.7491437531311608
1992-04-14,-0.7404885270395108
1992-04-15,-0.6785012114070071
1992-04-16,-0.6776820650351696
1992-04-17,-0.6285587627820286
1992-04-18,-0.627670405995339
1992-04-19,-0.6274323837404913
1992-04-20,-0.6213573117033452
1992-04-21,-0.5883876991897018
1992-04-22,-0.6204327852895546
1992-04-23,-0.595836054432325
1992-04-24,-0.622576471267637
1992-04-25,-0.6222769229250141
1992-04-26,-0.6207615525178855
1992-04-27,-0.7197472078327684
1992-04-28,-0.7618848485232004
1992-04-29,-0.739075046274423
1992-04-30,-0.7248874802892499
1992-05-01,-0.7221246376732013
1992-05-02,-0.7220650603337692
1992-05-03,-0.7218433626912194
1992-05-04,-0.71163926781495
1992-05-05,-0.7164287407353229
1992-05-06,-0.7257616503688737
1992-05-07,-0.7040777228167174
1992-05-08,-0.6877610615451921
1992-05-09,-0.6875722688908749
1992-05-10,-0.6873106760483525
1992-05-11,-0.7025425089883672
1992-05-12,-0.7135124149944524
1992-05-13,-0.716697417631595
1992-05-14,-0.7234583178939209
1992-05-15,-0.7089754001037871
1992-05-16,-0.7076450389319257
1992-05-17,-0.70655834151303
1992-05-18,-0.7114904391462574
1992-05-19,-0.7272159218473607
1992-05-20,-0.7300801841754078
1992-05-21,-0.7110440228412832
1992-05-22,-0.7170305278437189
1992-05-23,-0.7168769759832511
1992-05-24,-0.7160806341875688
1992-05-25,-0.7159192869661352
1992-05-26,-0.7172775671595227
1992-05-27,-0.7173899921409679
1992-05-28,-0.7202188504131924
1992-05-29,-0.7197778596200539
1992-05-30,-0.7196111226268426
1992-05-31,-0.7194466335119839
1992-06-01,-0.7180224114900774
1992-06-02,-0.7168196720545442
1992-06-03,-0.7212761476379349
1992-06-04,-0.722963817863203
1992-06-05,-0.7234493148731539
1992-06-06,-0.7233043022816469
1992-06-07,-0.7230630245448094
1992-06-08,-0.7235033050678871
1992-06-09,-0.722293418022438
1992-06-10,-0.7215294941259516
1992-06-11,-0.7218127835172184
1992-06-12,-0.7220719670921952
1992-06-13,-0.7222823953356535
1992-06-14,-0.7221176328351023
1992-06-15,-0.7222786677457952
1992-06-16,-0.7223018530405945
1992-06-17,-0.7216866920122591
1992-06-18,-0.7177595955829909
1992-06-19,-0.7171516141257013
1992-06-20,-0.716983916503897
1992-06-21,-0.7168258373603015
1992-06-22,-0.717008063665451
1992-06-23,-0.7157101107445379
1992-06-24,-0.7156221963946302
1992-06-25,-0.7181205612450858
1992-06-26,-0.7188226075098086
1992-06-27,-0.7186652435162842
1992-06-28,-0.7185003201243524
1992-06-29,-0.7167925261500369
1992-06-30,-0.71506442725171
1992-07-01,-0.7147277609390997
1992-07-02,-0.716652628413497
1992-07-03,-0.7165049402631071
1992-07-04,-0.7163410072997284
1992-07-05,-0.7159993459583328
1992-07-06,-0.7170490027504712
1992-07-07,-0.7178258153080539
1992-07-08,-0.7211247327138349
1992-07-09,-0.7183638739236992
1992-07-10,-0.7054593132929812
1992-07-11,-0.7052990944079315
1992-07-12,-0.7051420847858244
1992-07-13,-0.7096166774569427
1992-07-14,-0.6932935043796217
1992-07-15,-0.6837580652935742
1992-07-16,-0.6716761498478491
1992-07-17,-0.6684583157250894
1992-07-18,-0.6682368303514282
1992-07-19,-0.6680814583795516
1992-07-20,-0.6980101327278968
1992-07-21,-0.7048825460974192
1992-07-22,-0.7336443338701927
1992-07-23,-0.6838511550357449
1992-07-24,-0.6832913203910778
1992-07-25,-0.6868488522796885
1992-07-26,-0.6881997275157081
1992-07-27,-0.6214627304259145
1992-07-28,-0.6524559533869271
1992-07-29,-0.6525563378498812
1992-07-30,-0.6985588746210096
1992-07-31,-0.6854113715129603
1992-08-01,-0.6856430507029229
1992-08-02,-0.6855559719693556
1992-08-03,-0.6855363395634444
1992-08-04,-0.6633778015635715
1992-08-05,-0.6594566644496128
1992-08-06,-0.6528661679607182
1992-08-07,-0.6274765169297082
1992-08-08,-0.6272484989267142
1992-08-09,-0.6269061276917702
1992-08-10,-0.6257056603062431
1992-08-11,-0.6136208005920123
1992-08-12,-0.6202931175876162
1992-08-13,-0.619421281389279
1992-08-14,-0.6059161407451295
1992-08-15,-0.6056132649146058
1992-08-16,-0.6055326369030615
1992-08-17,-0.6063249927144435
1992-08-18,-0.6137085751655685
1992-08-19,-0.6121063962147204
1992-08-20,-0.6115351059537394
1992-08-21,-0.6112356028820756
1992-08-22,-0.6111138699425311
1992-08-23,-0.6109506258926212
1992-08-24,-0.613122482728781
1992-08-25,-0.6109551811915875
1992-08-26,-0.6103470659523333
1992-08-27,-0.6047173432166679
1992-08-28,-0.6067943936907131
1992-08-29,-0.6067358023179856
1992-08-30,-0.606515496447758
1992-08-31,-0.6075526330794413
1992-09-01,-0.6078572936565424
1992-09-02,-0.6167792802042528
1992-09-03,-0.6154511222544932
1992-09-04,-0.6156533819551837
1992-09-05,-0.6155183543475237
1992-09-06,-0.6153834326002269
1992-09-07,-0.6153139304771759
1992-09-08,-0.6155430707617391
1992-09-09,-0.6175484977740998
1992-09-10,-0.6185591475013219
1992-09-11,-0.6191248779620658
1992-09-12,-0.6176454732187031
1992-09-13,-0.6175074571706568
1992-09-14,-0.6176275512751294
1992-09-15,-0.6182836018742902
1992-09-16,-0.6179313311705096
1992-09-17,-0.6211712739586678
1992-09-18,-0.6252291725103277
1992-09-19,-0.6250909836835831
1992-09-20,-0.6249223586290845
1992-09-21,-0.6238880870465179
1992-09-22,-0.622300790324891
1992-09-23,-0.6210885700555251
1992-09-24,-0.6212010478012931
1992-09-25,-0.6208873868813157
1992-09-26,-0.620742745825099
1992-09-27,-0.6205998021301903
1992-09-28,-0.6158272768076285
1992-09-29,-0.6155764647511441
1992-09-30,-0.6110358276034592
1992-10-01,-0.6106436326401662
1992-10-02,-0.6099633552989182
1992-10-03,-0.6098789161966576
1992-10-04,-0.6097746643954031
1992-10-05,-0.609596634079602
1992-10-06,-0.6108968009524066
1992-10-07,-0.608331519479675
1992-10-08,-0.6104228396663084
1992-10-09,-0.6076136931092557
1992-10-10,-0.607494942983915
1992-10-11,-0.6073666096508307
1992-10-12,-0.6116979278069805
1992-10-13,-0.6142092697000583
1992-10-14,-0.679161090697356
1992-10-15,-0.6601590264939636
1992-10-16,-0.6761272207062139
1992-10-17,-0.6756418787930945
1992-10-18,-0.6754983497869897
1992-10-19,-0.632701088611432
1992-10-20,-0.6285126116252407
1992-10-21,-0.6280457718971749
1992-10-22,-0.6260842047388689
1992-10-23,-0.6421044109261321
1992-10-24,-0.6430440950745863
1992-10-25,-0.6423636249420077
1992-10-26,-0.6326008680518626
1992-10-27,-0.6137990033286448
1992-10-28,-0.60549574985933
1992-10-29,-0.6026579777218669
1992-10-30,-0.6070237766480061
1992-10-31,-0.6069156694793192
1992-11-01,-0.6065484801854405
1992-11-02,-0.6166941009023998
1992-11-03,-0.6180180303387178
1992-11-04,-0.6300533892475747
1992-11-05,-0.6496713503149287
1992-11-06,-0.6445479347374187
1992-11-07,-0.6443651361515322
1992-11-08,-0.6431812400614217
1992-11-09,-0.6398974568608241
1992-11-10,-0.6324397132572047
1992-11-11,-0.6256925420746587
1992-11-12,-0.6384329067928111
1992-11-13,-0.659250875910873
1992-11-14,-0.6591480308051872
1992-11-15,-0.6587465483217144
1992-11-16,-0.6827373552958745
1992-11-17,-0.6875126421354039
1992-11-18,-0.6835148800334777
1992-11-19,-0.6887882364183765
1992-11-20,-0.6766246094353906
1992-11-21,-0.676446292612051
1992-11-22,-0.6763092705207437
1992-11-23,-0.6754185995881468
1992-11-24,-0.6727779325427569
1992-11-25,-0.670710155563418
1992-11-26,-0.670559386039264
1992-11-27,-0.6698731960335088
1992-11-28,-0.6692743356596508
1992-11-29,-0.6690049337093757
1992-11-30,-0.6691905809480009
1992-12-01,-0.6691108655746255
1992-12-02,-0.6790669513025201
1992-12-03,-0.6803930384184677
1992-12-04,-0.6834558235165828
1992-12-05,-0.6833275143713503
1992-12-06,-0.683200335173217
1992-12-07,-0.6842903144790854
1992-12-08,-0.6755288471791779
1992-12-09,-0.6751387539921306
1992-12-10,-0.6729609312012013
1992-12-11,-0.6728742029329725
1992-12-12,-0.6727558706669045
1992-12-13,-0.6726357567603273
1992-12-14,-0.672733444594941
1992-12-15,-0.6700806639410897
1992-12-16,-0.6731636333452858
1992-12-17,-0.6777178803306882
1992-12-18,-0.6788397684500681
1992-12-19,-0.678728150274663
1992-12-20,-0.6786063722461247
1992-12-21,-0.681814538154636
1992-12-22,-0.6803497025247415
1992-12-23,-0.6768526468970449
1992-12-24,-0.6761415074013124
1992-12-25,-0.6760180797941193
1992-12-26,-0.6758947353900792
1992-12-27,-0.6756765938281518
1992-12-28,-0.6758326098343203
1992-12-29,-0.6757958990451601
1992-12-30,-0.6768231588835901
1992-12-31,-0.6767776658980867
1993-01-01,-0.6766542959368772
1993-01-02,-0.6765310089952687
1993-01-03,-0.6764099445495563
1993-01-04,-0.6764259949411539
1993-01-05,-0.6761198399196767
1993-01-06,-0.6761827177144157
1993-01-07,-0.6773568048633659
1993-01-08,-0.6788978471420241
1993-01-09,-0.6787743525260153
1993-01-10,-0.6786509406782066
1993-01-11,-0.6780448186991958
1993-01-12,-0.6780646872112398
1993-01-13,-0.6681807052608367
1993-01-14,-0.6514548851469651
1993-01-15,-0.6575266792887088
1993-01-16,-0.6574248921887609
1993-01-17,-0.6574754537735578
1993-01-18,-0.6559163839375651
1993-01-19,-0.712800000505284
1993-01-20,-0.7334990067473127
1993-01-21,-0.6796038178069438
1993-01-22,-0.6627641795471265
1993-01-23,-0.6632709391907456
1993-01-24,-0.6658008915785901
1993-01-25,-0.6864537059228053
1993-01-26,-0.7397842530418325
1993-01-27,-0.7572569398189087
1993-01-28,-0.7471469473728657
1993-01-29,-0.7369043191460237
1993-01-30,-0.7367527580560794
1993-01-31,-0.7365900883171133
1993-02-01,-0.7409555440636749
1993-02-02,-0.7408869743412052
1993-02-03,-0.7496640205033805
1993-02-04,-0.7638993597615218
1993-02-05,-0.7628314177053649
1993-02-06,-0.7612001332238134
1993-02-07,-0.7610261657890379
1993-02-08,-0.7629508352779296
1993-02-09,-0.7345982562382177
1993-02-10,-0.7258642049741172
1993-02-11,-0.7036459692203324
1993-02-12,-0.7034073033455005
1993-02-13,-0.7024673840025759
1993-02-14,-0.7028296671131532
1993-02-15,-0.7023666857206838
1993-02-16,-0.7052520812190707
1993-02-17,-0.698149432834863
1993-02-18,-0.7104566451336796
1993-02-19,-0.7316283073249977
1993-02-20,-0.7314109954086279
1993-02-21,-0.7274280295821068
1993-02-22,-0.7113019435088339
1993-02-23,-0.7091676823325508
1993-02-24,-0.7171039094892627
1993-02-25,-0.723680002412936
1993-02-26,-0.7173572481603325
1993-02-27,-0.7246699293344556
1993-02-28,-0.7141230659858429
1993-03-01,-0.7239279738390905
1993-03-02,-0.7117003828462377
1993-03-03,-0.7086248677639353
1993-03-04,-0.7007936920624993
1993-03-05,-0.6987901554224537
1993-03-06,-0.6986244130562761
1993-03-07,-0.6986018609516794
1993-03-08,-0.692934722168073
1993-03-09,-0.6925344308190046
1993-03-10,-0.6894946915913361
1993-03-11,-0.6856903425426132
1993-03-12,-0.6871769159258023
1993-03-13,-0.6872455159913612
1993-03-14,-0.6871154927869837
1993-03-15,-0.6879550867857739
1993-03-16,-0.6859561282119695
1993-03-17,-0.6975865674307289
1993-03-18,-0.6998257826007315
1993-03-19,-0.7011968576832581
1993-03-20,-0.7011266056374863
1993-03-21,-0.7010444160961503
1993-03-22,-0.699199569533207
1993-03-23,-0.6999519479670862
1993-03-24,-0.6998210636416027
1993-03-25,-0.7004816808255975
1993-03-26,-0.7008151627758409
1993-03-27,-0.7006968039282055
1993-03-28,-0.7008747587881095
1993-03-29,-0.7029352569655994
1993-03-30,-0.700302986974747
1993-03-31,-0.7020786661798204
1993-04-01,-0.7034953540949308
1993-04-02,-0.7343983955003418
1993-04-03,-0.7343041283847525
1993-04-04,-0.7342039155148116
1993-04-05,-0.734017415681321
1993-04-06,-0.7204187840490212
1993-04-07,-0.7270017685580011
1993-04-08,-0.7292180350067005
1993-04-09,-0.7270705347539658
1993-04-10,-0.7269227278766008
1993-04-11,-0.7254343400895444
1993-04-12,-0.7129115745578956
1993-04-13,-0.7217522591684934
1993-04-14,-0.7272352720864975
1993-04-15,-0.7228763727299029
1993-04-16,-0.7253793241154223
1993-04-17,-0.7250382876747697
1993-04-18,-0.7233756672319434
1993-04-19,-0.6754063499078139
1993-04-20,-0.6253495986762113
1993-04-21,-0.6276999950181241
1993-04-22,-0.6150179302176672
1993-04-23,-0.6146631054626384
1993-04-24,-0.6132873058872017
1993-04-25,-0.6134323011425719
1993-04-26,-0.5532642283377952
1993-04-27,-0.5048961677375486
1993-04-28,-0.491897301556466
1993-04-29,-0.4085114503320027
1993-04-30,-0.4325979914838229
1993-05-01,-0.43249564200194496
1993-05-02,-0.4316718271700497
1993-05-03,-0.44333921767296625
1993-05-04,-0.4517274976645265
1993-05-05,-0.45007593955849695
1993-05-06,-0.4360480731320195
1993-05-07,-0.44078981214402657
1993-05-08,-0.4398881769332303
1993-05-09,-0.43930339281057385
1993-05-10,-0.44128626662759257
1993-05-11,-0.44382933999786367
1993-05-12,-0.44942347824416173
1993-05-13,-0.4464212223582758
1993-05-14,-0.4377671530994307
1993-05-15,-0.4380054371023175
1993-05-16,-0.43767197772188865
1993-05-17,-0.4437816816002851
1993-05-18,-0.45628884627104777
1993-05-19,-0.47501576553184005
1993-05-20,-0.49732257310363553
1993-05-21,-0.47901265970677986
1993-05-22,-0.47883835175481093
1993-05-23,-0.4787390490715431
1993-05-24,-0.4799316183214697
1993-05-25,-0.47772456185566026
1993-05-26,-0.4758604208557378
1993-05-27,-0.4690489291150195
1993-05-28,-0.4681870265135378
1993-05-29,-0.46813651370528797
1993-05-30,-0.46805563994296057
1993-05-31,-0.46796771605694515
1993-06-01,-0.46921264239825855
1993-06-02,-0.46876330918583625
1993-06-03,-0.46390866527545715
1993-06-04,-0.4625857738340242
1993-06-05,-0.46250346531734393
1993-06-06,-0.4624856807962365
1993-06-07,-0.46237602654315363
1993-06-08,-0.46067371821747144
1993-06-09,-0.4598132877968921
1993-06-10,-0.46117554474928163
1993-06-11,-0.4603696417721211
1993-06-12,-0.4598749826149944
1993-06-13,-0.4597654442808848
1993-06-14,-0.46028215997418204
1993-06-15,-0.4613733314658755
1993-06-16,-0.45954329312255
1993-06-17,-0.4590830892354237
1993-06-18,-0.45987006508920386
1993-06-19,-0.45979062720818176
1993-06-20,-0.4595528416380073
1993-06-21,-0.45963478064950386
1993-06-22,-0.45644472488069887
1993-06-23,-0.4582271534593068
1993-06-24,-0.4555151963822883
1993-06-25,-0.4557086455226041
1993-06-26,-0.4556300694989526
1993-06-27,-0.45555835873354705
1993-06-28,-0.45554354276231385
1993-06-29,-0.44989575527636533
1993-06-30,-0.450168315563191
1993-07-01,-0.4460439006790145
1993-07-02,-0.44446459373604413
1993-07-03,-0.44438193955315314
1993-07-04,-0.4443062243273393
1993-07-05,-0.4442305526159011
1993-07-06,-0.44683305081897445
1993-07-07,-0.4445006008108104
1993-07-08,-0.44429561703077386
1993-07-09,-0.44385178506141104
1993-07-10,-0.4437753501652127
1993-07-11,-0.44370014350725134
1993-07-12,-0.4514528151634691
1993-07-13,-0.45333944137399157
1993-07-14,-0.44939068680823574
1993-07-15,-0.47578928162121453
1993-07-16,-0.531645489521306
1993-07-17,-0.5315615385352238
1993-07-18,-0.5311812707804305
1993-07-19,-0.48753696928049145
1993-07-20,-0.49994267203184384
1993-07-21,-0.5963878180410521
1993-07-22,-0.5900625756443332
1993-07-23,-0.6068427062730496
1993-07-24,-0.6066542066292396
1993-07-25,-0.6032541004091357
1993-07-26,-0.6438563858881672
1993-07-27,-0.6524728023905796
1993-07-28,-0.6025336475885408
1993-07-29,-0.522501496162878
1993-07-30,-0.5347780296290955
1993-07-31,-0.534564788762852
1993-08-01,-0.5342681955631633
1993-08-02,-0.5415190781832057
1993-08-03,-0.5242990167414971
1993-08-04,-0.5188542837043288
1993-08-05,-0.5202766543652964
1993-08-06,-0.5250727788118129
1993-08-07,-0.5250207256992486
1993-08-08,-0.5248655459703092
1993-08-09,-0.5241823065843599
1993-08-10,-0.5241647618065338
1993-08-11,-0.5202420669208608
1993-08-12,-0.5135715453900022
1993-08-13,-0.5297618725822633
1993-08-14,-0.5296311501610342
1993-08-15,-0.5294108353328277
1993-08-16,-0.5390339406328549
1993-08-17,-0.5463538622411731
1993-08-18,-0.5477633353857624
1993-08-19,-0.5432693237906395
1993-08-20,-0.5369466091661343
1993-08-21,-0.5368464337699789
1993-08-22,-0.5367873304609017
1993-08-23,-0.5357687966492598
1993-08-24,-0.5317465294501861
1993-08-25,-0.5279852853021956
1993-08-26,-0.5285761104655663
1993-08-27,-0.5254615360047272
1993-08-28,-0.5253072694187183
1993-08-29,-0.5252681520462988
1993-08-30,-0.52936327435908
1993-08-31,-0.5297382154170202
1993-09-01,-0.5337394966914717
1993-09-02,-0.5254704966850764
1993-09-03,-0.5257282200164772
1993-09-04,-0.5251071397717862
1993-09-05,-0.5251232653493979
1993-09-06,-0.5250399305843388
1993-09-07,-0.5254271671109094
1993-09-08,-0.5214275674983474
1993-09-09,-0.5165064247567003
1993-09-10,-0.5097709907104889
1993-09-11,-0.5096893241766222
1993-09-12,-0.5093186655035346
1993-09-13,-0.509541268344945
1993-09-14,-0.5097657371432485
1993-09-15,-0.5114995782811012
1993-09-16,-0.5113782488434019
1993-09-17,-0.5123296082001095
1993-09-18,-0.5132145289636029
1993-09-19,-0.5131425985103676
1993-09-20,-0.5098423699845082
1993-09-21,-0.5130131531852533
1993-09-22,-0.5137596975615369
1993-09-23,-0.5125199348994202
1993-09-24,-0.5107608354161837
1993-09-25,-0.5106818575996748
1993-09-26,-0.5106346919956033
1993-09-27,-0.5080057973458448
1993-09-28,-0.5075179575957974
1993-09-29,-0.5096689466477199
1993-09-30,-0.5090032276615163
1993-10-01,-0.5089163581081918
1993-10-02,-0.508782954155183
1993-10-03,-0.5086540419569641
1993-10-04,-0.5088444264438147
1993-10-05,-0.5090141774671982
1993-10-06,-0.5099911134116003
1993-10-07,-0.510040592397779
1993-10-08,-0.5025849680126097
1993-10-09,-0.5025084721964272
1993-10-10,-0.5024377799109788
1993-10-11,-0.4960923005182243
1993-10-12,-0.4906316147635559
1993-10-13,-0.4841107872017237
1993-10-14,-0.49336948816484233
1993-10-15,-0.46899529155636555
1993-10-16,-0.4684286955169929
1993-10-17,-0.468597118101655
1993-10-18,-0.47343661811219523
1993-10-19,-0.4658878912062101
1993-10-20,-0.4442080343413555
1993-10-21,-0.4383553345759024
1993-10-22,-0.4525633295731762
1993-10-23,-0.4523926345172275
1993-10-24,-0.444344722430231
1993-10-25,-0.4723267256167671
1993-10-26,-0.4683194276689429
1993-10-27,-0.5192836172180143
1993-10-28,-0.4947328461717051
1993-10-29,-0.4544602556514687
1993-10-30,-0.4543367981097752
1993-10-31,-0.4529730316661003
1993-11-01,-0.46755337346599585
1993-11-02,-0.4491406743648177
1993-11-03,-0.46619467264689907
1993-11-04,-0.4450968578436138
1993-11-05,-0.44786584779201527
1993-11-06,-0.4484805369617017
1993-11-07,-0.4484443376736271
1993-11-08,-0.44777418594167545
1993-11-09,-0.4511853247829789
1993-11-10,-0.44831167156653356
1993-11-11,-0.44041756027681095
1993-11-12,-0.432242666598952
1993-11-13,-0.432283402259589
1993-11-14,-0.431603055883152
1993-11-15,-0.42884387731381796
1993-11-16,-0.42888116665803855
1993-11-17,-0.42346656357512397
1993-11-18,-0.43330120801523814
1993-11-19,-0.430659560656326
1993-11-20,-0.4304529418053897
1993-11-21,-0.43038210459215315
1993-11-22,-0.4322765768028774
1993-11-23,-0.43159455519081796
1993-11-24,-0.43126541385206923
1993-11-25,-0.43117225487591226
1993-11-26,-0.4191909274165139
1993-11-27,-0.41912283445492055
1993-11-28,-0.41904951221102915
1993-11-29,-0.4069073549056452
1993-11-30,-0.406331523450441
1993-12-01,-0.3994822965127322
1993-12-02,-0.3982859506388645
1993-12-03,-0.4003585159696874
1993-12-04,-0.4003074609831008
1993-12-05,-0.40024807072374485
1993-12-06,-0.40019208991766636
1993-12-07,-0.3996516941353241
1993-12-08,-0.40137317199938655
1993-12-09,-0.40348598773936634
1993-12-10,-0.4035790505588219
1993-12-11,-0.4035140630462697
1993-12-12,-0.40411308179116207
1993-12-13,-0.4023232226254676
1993-12-14,-0.39927774645697767
1993-12-15,-0.40160767874330433
1993-12-16,-0.39738960579214333
1993-12-17,-0.39615399883945973
1993-12-18,-0.39610739580939275
1993-12-19,-0.3960287391900721
1993-12-20,-0.3946270856662452
1993-12-21,-0.39918397142184675
1993-12-22,-0.3987779424012768
1993-12-23,-0.3993458708262283
1993-12-24,-0.39929339446301854
1993-12-25,-0.3992310516534489
1993-12-26,-0.3991687416948102
1993-12-27,-0.3988624865319681
1993-12-28,-0.39905590664629603
1993-12-29,-0.399155191444486
1993-12-30,-0.39784554788242343
1993-12-31,-0.3977741382106783
1994-01-01,-0.39771212646298765
1994-01-02,-0.3976501473118906
1994-01-03,-0.3976240030706572
1994-01-04,-0.39800184806543437
1994-01-05,-0.3972516698842116
1994-01-06,-0.3979253197681179
1994-01-07,-0.397662933492635
1994-01-08,-0.39759757413693353
1994-01-09,-0.39753576799393575
1994-01-10,-0.39907367848513214
1994-01-11,-0.3944153826910523
1994-01-12,-0.3850948866322181
1994-01-13,-0.3757765827661726
1994-01-14,-0.3782345787726735
1994-01-15,-0.37805894456452727
1994-01-16,-0.3779824219604569
1994-01-17,-0.37341573712354226
1994-01-18,-0.3791767082548821
1994-01-19,-0.40097173320398544
1994-01-20,-0.469595338425002
1994-01-21,-0.4736319634497821
1994-01-22,-0.473556379869009
1994-01-23,-0.47096054052402936
1994-01-24,-0.46092287319030584
1994-01-25,-0.38745813036975746
1994-01-26,-0.39298077690367966
1994-01-27,-0.40784620063436633
1994-01-28,-0.43613711175604886
1994-01-29,-0.43292217790706533
1994-01-30,-0.4276393559224972
1994-01-31,-0.42302857018306134
1994-02-01,-0.3568769452495277
1994-02-02,-0.3279174029604995
1994-02-03,-0.33264637983821416
1994-02-04,-0.34891257761550537
1994-02-05,-0.35180465490154916
1994-02-06,-0.34344591944727637
1994-02-07,-0.3285735553315701
1994-02-08,-0.3320424873946844
1994-02-09,-0.3410176492706736
1994-02-10,-0.3432059732730766
1994-02-11,-0.3617184613380923
1994-02-12,-0.3619971574954968
1994-02-13,-0.3615389804102731
1994-02-14,-0.3589810745452366
1994-02-15,-0.35146922978563183
1994-02-16,-0.36316464687001976
1994-02-17,-0.35933262246729725
1994-02-18,-0.34928185860143063
1994-02-19,-0.348590700904484
1994-02-20,-0.34852619159207393
1994-02-21,-0.3596524361313898
1994-02-22,-0.3503341636398111
1994-02-23,-0.3328429891221415
1994-02-24,-0.3130672466591578
1994-02-25,-0.31083840186439476
1994-02-26,-0.32500302355894245
1994-02-27,-0.3262529093731286
1994-02-28,-0.306649717652199
1994-03-01,-0.3030428788503378
1994-03-02,-0.29824675184823257
1994-03-03,-0.2929711912995598
1994-03-04,-0.28511529661030544
1994-03-05,-0.285003848118857
1994-03-06,-0.2816414427532449
1994-03-07,-0.27359669433391925
1994-03-08,-0.2739025031060607
1994-03-09,-0.27248309063820964
1994-03-10,-0.2623602615477045
1994-03-11,-0.2598117113297562
1994-03-12,-0.2597707793775144
1994-03-13,-0.25932395340683384
1994-03-14,-0.2588814049324541
1994-03-15,-0.2512567467204358
1994-03-16,-0.2538838166358847
1994-03-17,-0.2572694746459641
1994-03-18,-0.2546605993835642
1994-03-19,-0.25409566299143793
1994-03-20,-0.2545258831187907
1994-03-21,-0.25350327721446436
1994-03-22,-0.2542675856753024
1994-03-23,-0.2650936623704369
1994-03-24,-0.26245316815536
1994-03-25,-0.2575731170307324
1994-03-26,-0.25744018129429513
1994-03-27,-0.2570686972490344
1994-03-28,-0.25644284577540544
1994-03-29,-0.31686909111742284
1994-03-30,-0.31661644918340565
1994-03-31,-0.31029964491950707
1994-04-01,-0.31143023374733064
1994-04-02,-0.3100276865342166
1994-04-03,-0.3098728599348054
1994-04-04,-0.30418241931098217
1994-04-05,-0.3034844694817864
1994-04-06,-0.30276367848534486
1994-04-07,-0.3011307508615276
1994-04-08,-0.2999407876987387
1994-04-09,-0.29988911367338095
1994-04-10,-0.2998347147958396
1994-04-11,-0.3067301313091914
1994-04-12,-0.307348701836814
1994-04-13,-0.31274358447361744
1994-04-14,-0.31263075931693857
1994-04-15,-0.3042827354650212
1994-04-16,-0.3041555437731093
1994-04-17,-0.3044631966486853
1994-04-18,-0.3001937994277975
1994-04-19,-0.33371122782837254
1994-04-20,-0.3453907962984552
1994-04-21,-0.292579662669788
1994-04-22,-0.33638567964434385
1994-04-23,-0.33608803118642167
1994-04-24,-0.3355978286103482
1994-04-25,-0.3600979255778784
1994-04-26,-0.3844784831953185
1994-04-27,-0.3848516003087981
1994-04-28,-0.3867942827458845
1994-04-29,-0.3707211419848247
1994-04-30,-0.3713188296790053
1994-05-01,-0.37125552512211724
1994-05-02,-0.36818542005955757
1994-05-03,-0.3678287093717097
1994-05-04,-0.37957819525131553
1994-05-05,-0.3585604095668835
1994-05-06,-0.3632085475314762
1994-05-07,-0.36372103640945325
1994-05-08,-0.36138375889937085
1994-05-09,-0.36535071750062165
1994-05-10,-0.3712792280453015
1994-05-11,-0.3715265380116761
1994-05-12,-0.36055277987414175
1994-05-13,-0.3583119604282752
1994-05-14,-0.3550609720229449
1994-05-15,-0.353369972549026
1994-05-16,-0.37719795530026956
1994-05-17,-0.37991538403784036
1994-05-18,-0.39012680919067644
1994-05-19,-0.39439400921528894
1994-05-20,-0.4103907302451934
1994-05-21,-0.41028399862262543
1994-05-22,-0.4103529186080543
1994-05-23,-0.4071682206433251
1994-05-24,-0.4036706864688082
1994-05-25,-0.4042987797734907
1994-05-26,-0.40128328380740325
1994-05-27,-0.3989985199799834
1994-05-28,-0.3989572317722099
1994-05-29,-0.39892632724105886
1994-05-30,-0.39887656574207947
1994-05-31,-0.39776435871082455
1994-06-01,-0.4009595319206343
1994-06-02,-0.3938113415812959
1994-06-03,-0.39395489475734397
1994-06-04,-0.39401980408425613
1994-06-05,-0.3940287345835125
1994-06-06,-0.393663420356612
1994-06-07,-0.3951875053656054
1994-06-08,-0.38555008207932634
1994-06-09,-0.38546032027571586
1994-06-10,-0.38432456115795416
1994-06-11,-0.3842679143642851
1994-06-12,-0.3842151436813501
1994-06-13,-0.3860191326806737
1994-06-14,-0.38691897988451934
1994-06-15,-0.38610626344402266
1994-06-16,-0.3852283326518269
1994-06-17,-0.38562914323636505
1994-06-18,-0.38557748281697973
1994-06-19,-0.3853486729359885
1994-06-20,-0.3827316517697848
1994-06-21,-0.38254176075570623
1994-06-22,-0.38289348305237386
1994-06-23,-0.38137985652036493
1994-06-24,-0.381440117258026
1994-06-25,-0.381378726782984
1994-06-26,-0.38131736577320097
1994-06-27,-0.38089883193526486
1994-06-28,-0.38074275490513426
1994-06-29,-0.3808957877310719
1994-06-30,-0.3808835082379293
1994-07-01,-0.3806903784411937
1994-07-02,-0.3805378166294016
1994-07-03,-0.3804824920501395
1994-07-04,-0.3804215166283052
1994-07-05,-0.38039138362395036
1994-07-06,-0.3739165877619266
1994-07-07,-0.3733293996168204
1994-07-08,-0.37441045231981457
1994-07-09,-0.37435038905330437
1994-07-10,-0.3742869805250029
1994-07-11,-0.38190410685010673
1994-07-12,-0.36693783285902604
1994-07-13,-0.366205014102722
1994-07-14,-0.3658227134888939
1994-07-15,-0.3435748645773018
1994-07-16,-0.31774704234020806
1994-07-17,-0.3174341711747373
1994-07-18,-0.329377768557449
1994-07-19,-0.3218532332116637
1994-07-20,-0.2585270141025534
1994-07-21,-0.21573754867100794
1994-07-22,-0.15992443686934313
1994-07-23,-0.16059733383838729
1994-07-24,-0.15669995863484873
1994-07-25,-0.13731561351965046
1994-07-26,-0.08709029985190958
1994-07-27,-0.04278110145330318
1994-07-28,-0.11532722980239234
1994-07-29,-0.05939326096345884
1994-07-30,-0.05954352556136951
1994-07-31,-0.05890008359088106
1994-08-01,-0.087401528896499
1994-08-02,-0.08588271733949303
1994-08-03,-0.07574908228314702
1994-08-04,-0.0832034467440829
1994-08-05,-0.08845117489641492
1994-08-06,-0.08882779222214253
1994-08-07,-0.08879459951159435
1994-08-08,-0.10392079621484523
1994-08-09,-0.10607639277034521
1994-08-10,-0.1124635035831143
1994-08-11,-0.11995826220033186
1994-08-12,-0.10437692914476422
1994-08-13,-0.10438874697726802
1994-08-14,-0.10373544545958786
1994-08-15,-0.10639361623374044
1994-08-16,-0.10573637842617768
1994-08-17,-0.10245458124761979
1994-08-18,-0.10150849073534311
1994-08-19,-0.09998211492313859
1994-08-20,-0.1000899806469931
1994-08-21,-0.10011200271702508
1994-08-22,-0.10244103039276488
1994-08-23,-0.09958388112838085
1994-08-24,-0.10416856213531522
1994-08-25,-0.10357739909249665
1994-08-26,-0.05572294686795953
1994-08-27,-0.05571805698699217
1994-08-28,-0.05577609925955768
1994-08-29,-0.056541087021702297
1994-08-30,-0.05804712643912818
1994-08-31,-0.054706171217062706
1994-09-01,-0.061688284411038664
1994-09-02,-0.06629244596855267
1994-09-03,-0.06623259007727678
1994-09-04,-0.0661875384573838
1994-09-05,-0.06610635322917963
1994-09-06,-0.06620512948529356
1994-09-07,-0.06564914671271439
1994-09-08,-0.062170563144933445
1994-09-09,-0.058296514761098685
1994-09-10,-0.05833034968771748
1994-09-11,-0.05822343030802377
1994-09-12,-0.05833484134540109
1994-09-13,-0.05372090199304014
1994-09-14,-0.05293000515441909
1994-09-15,-0.05343826362408995
1994-09-16,-0.053512554413881974
1994-09-17,-0.05346960787560815
1994-09-18,-0.05357031402960575
1994-09-19,-0.05340658113160407
1994-09-20,-0.05904166508444294
1994-09-21,-0.059634029308158254
1994-09-22,-0.05654763495696261
1994-09-23,-0.05652530098975015
1994-09-24,-0.05655642046312712
1994-09-25,-0.056487518690747106
1994-09-26,-0.05619823494170367
1994-09-27,-0.055321237955578105
1994-09-28,-0.05523236985902271
1994-09-29,-0.05623727464301598
1994-09-30,-0.05659655613458555
1994-10-01,-0.05657790775199693
1994-10-02,-0.056574781193169
1994-10-03,-0.05583101671967411
1994-10-04,-0.05812240587997366
1994-10-05,-0.05811753542930953
1994-10-06,-0.05773343724735852
1994-10-07,-0.06203934148747764
1994-10-08,-0.0633759619664253
1994-10-09,-0.06336911113380024
1994-10-10,-0.06391600338024235
1994-10-11,-0.07248647698256022
1994-10-12,-0.08810353894402868
1994-10-13,-0.08366276771674806
1994-10-14,-0.06890548579089946
1994-10-15,-0.06869177153080701
1994-10-16,-0.06915100281823183
1994-10-17,-0.054659607765483065
1994-10-18,-0.07013257341906017
1994-10-19,-0.04721379074783142
1994-10-20,-0.08606171160302377
1994-10-21,-0.05909181929632747
1994-10-22,-0.0598811913291746
1994-10-23,-0.05990802864654593
1994-10-24,-0.026722121868391995
1994-10-25,-0.005608571957619953
1994-10-26,-0.0343658997844688
1994-10-27,-0.005509082387047652
1994-10-28,-0.018505381060489306
1994-10-29,-0.018703961055103968
1994-10-30,-0.0166208996676932
1994-10-31,-0.02301212695170844
1994-11-01,-0.007240546480874392
1994-11-02,-0.019406119055904985
1994-11-03,-0.003631582863090991
1994-11-04,-0.0063616503215058184
1994-11-05,-0.006336696289772847
1994-11-06,-0.006355937832423571
1994-11-07,-0.010561060697234392
1994-11-08,-0.0007350869499717083
1994-11-09,-0.02226337247269779
1994-11-10,-0.04091416398727551
1994-11-11,-0.04608044057342479
1994-11-12,-0.04621322338357888
1994-11-13,-0.04473450730509417
1994-11-14,-0.054092654600126945
1994-11-15,-0.04496370592001786
1994-11-16,-0.05431718092947927
1994-11-17,-0.06805512380378043
1994-11-18,-0.08226554376858863
1994-11-19,-0.08196669449428436
1994-11-20,-0.08198030852685696
1994-11-21,-0.08183450223996014
1994-11-22,-0.08686001603190636
1994-11-23,-0.0863523816597535
1994-11-24,-0.085090112991329
1994-11-25,-0.08531347451457323
1994-11-26,-0.08530551385768374
1994-11-27,-0.08510651769339835
1994-11-28,-0.08626078520202955
1994-11-29,-0.08101495654708328
1994-11-30,-0.07965701740133757
1994-12-01,-0.08801241575548562
1994-12-02,-0.07400822913517302
1994-12-03,-0.07397502983544994
1994-12-04,-0.07393656520509806
1994-12-05,-0.07046172428459874
1994-12-06,-0.06948988716870479
1994-12-07,-0.06963610943886385
1994-12-08,-0.07161223798810945
1994-12-09,-0.07235685550519828
1994-12-10,-0.0723237881886674
1994-12-11,-0.0723193539945078
1994-12-12,-0.07191478988051236
1994-12-13,-0.07129566548290008
1994-12-14,-0.06760242250199662
1994-12-15,-0.06851833564817426
1994-12-16,-0.06116707807793783
1994-12-17,-0.06114623757142087
1994-12-18,-0.06200775136653547
1994-12-19,-0.06305069387132219
1994-12-20,-0.0625671079131187
1994-12-21,-0.06589836730268821
1994-12-22,-0.06556630292572145
1994-12-23,-0.06799668272214503
1994-12-24,-0.06797014478201883
1994-12-25,-0.06794779848767758
1994-12-26,-0.06855337424786172
1994-12-27,-0.06905233539039742
1994-12-28,-0.06906453391466016
1994-12-29,-0.06906571805652169
1994-12-30,-0.06935525365322719
1994-12-31,-0.06932440484529634
1995-01-01,-0.06929358573392803
1995-01-02,-0.0692381936853906
1995-01-03,-0.06982036534454701
1995-01-04,-0.07019888886785157
1995-01-05,-0.06966043044175729
1995-01-06,-0.06962765497282097
1995-01-07,-0.06959688018928985
1995-01-08,-0.06959736564155732
1995-01-09,-0.07545315770159722
1995-01-10,-0.06752102433368427
1995-01-11,-0.0700799613422038
1995-01-12,-0.05786155397777012
1995-01-13,-0.053622584989182154
1995-01-14,-0.05358879040547474
1995-01-15,-0.052737654864767
1995-01-16,-0.062224228298703964
1995-01-17,-0.055430901834420045
1995-01-18,-0.028705058728130894
1995-01-19,-0.012829045757396074
1995-01-20,0.03837038371380865
1995-01-21,0.03831474204857471
1995-01-22,0.038302548001395244
1995-01-23,0.019281584650908346
1995-01-24,0.01955632632384985
1995-01-25,0.07856064419098667
1995-01-26,0.03340338130243511
1995-01-27,0.028229492428199925
1995-01-28,0.0281726188227579
1995-01-29,0.03298609963090197
1995-01-30,0.009144741216255784
1995-01-31,0.01194924055731276
1995-02-01,0.02869959912312725
1995-02-02,-0.014610115406303303
1995-02-03,-0.0308706468184677
1995-02-04,-0.02911372590268768
1995-02-05,-0.02870357199767881
1995-02-06,-0.027840893133409466
1995-02-07,-0.039090935774038216
1995-02-08,-0.02909021792731703
1995-02-09,-0.032172643208724296
1995-02-10,-0.030419016652710112
1995-02-11,-0.017208984411073065
1995-02-12,-0.01756982783195334
1995-02-13,-0.03158747811562516
1995-02-14,-0.03264653882494517
1995-02-15,-0.03455347350009411
1995-02-16,-0.02780312343382448
1995-02-17,-0.018763070460092623
1995-02-18,-0.018496427984068326
1995-02-19,-0.018523478263676656
1995-02-20,-0.018418245598517458
1995-02-21,-0.02231061523847448
1995-02-22,-0.019906126096093917
1995-02-23,-0.04244910116084196
1995-02-24,-0.03453984728745781
1995-02-25,-0.03474632703493008
1995-02-26,-0.03218377600719735
1995-02-27,-0.02445677055093128
1995-02-28,-0.008609473135158844
1995-03-01,-0.006075500702274583
1995-03-02,-0.005680319985747917
1995-03-03,-0.004580601150566281
1995-03-04,-0.00586847195598698
1995-03-05,-0.005790299857573363
1995-03-06,-0.0053601045995644485
1995-03-07,-0.004988579484494345
1995-03-08,0.003914218109899781
1995-03-09,-0.0013110518445654067
1995-03-10,-0.001562549727246047
1995-03-11,-0.0015035834575914582
1995-03-12,-0.0013887519668929205
1995-03-13,-0.002012566876689973
1995-03-14,0.0008386543159108287
1995-03-15,-7.730515660571886e-05
1995-03-16,0.0031956632666075104
1995-03-17,-0.0031713236444949424
1995-03-18,-0.0032127066035115095
1995-03-19,-0.003132760077091031
1995-03-20,-0.0006971807208679218
1995-03-21,-0.0010008695562401988
1995-03-22,0.06384584430568137
1995-03-23,0.07402837627863328
1995-03-24,0.07395714584549838
1995-03-25,0.07371705835597021
1995-03-26,0.07367150863431245
1995-03-27,0.07451669592887371
1995-03-28,0.07237987789528615
1995-03-29,0.07307595799298111
1995-03-30,0.06813683542493305
1995-03-31,0.05997044905096094
1995-04-01,0.06023832575203462
1995-04-02,0.05748648592505878
1995-04-03,0.05847246024498006
1995-04-04,0.05915150001183853
1995-04-05,0.06340352082332514
1995-04-06,0.06625775522493181
1995-04-07,0.06680934506504617
1995-04-08,0.06689833686167361
1995-04-09,0.06695272849937861
1995-04-10,0.06396391096981967
1995-04-11,0.06462491589705954
1995-04-12,0.06934769763356587
1995-04-13,0.04249373475297136
1995-04-14,0.03871874790666019
1995-04-15,0.03886510497987988
1995-04-16,0.04175173133839527
1995-04-17,0.06674426091174664
1995-04-18,0.08164069956419158
1995-04-19,0.09800247430117133
1995-04-20,0.14867293634404352
1995-04-21,0.10222012512864359
1995-04-22,0.10078336897017182
1995-04-23,0.10059531749357402
1995-04-24,0.11805816048446922
1995-04-25,0.07927462609457632
1995-04-26,0.11853491055898537
1995-04-27,0.12483137799990644
1995-04-28,0.13167668323473977
1995-04-29,0.13152235022682582
1995-04-30,0.1345526837050573
1995-05-01,0.1309695265287506
1995-05-02,0.12674744251927098
1995-05-03,0.11951159088577985
1995-05-04,0.12956079522048006
1995-05-05,0.12039719471681591
1995-05-06,0.11975677992532092
1995-05-07,0.11991369111341499
1995-05-08,0.09609250197910679
1995-05-09,0.09171493564573434
1995-05-10,0.09390203144186308
1995-05-11,0.08876551196843295
1995-05-12,0.09464964803140985
1995-05-13,0.09614573582366011
1995-05-14,0.09436935291303628
1995-05-15,0.0900971199818023
1995-05-16,0.07349307623303673
1995-05-17,0.06599439616021095
1995-05-18,0.06301407946479376
1995-05-19,0.052663963970578355
1995-05-20,0.05275792642130748
1995-05-21,0.0527209688447469
1995-05-22,0.052617435384476274
1995-05-23,0.0554279541930372
1995-05-24,0.057435186759276204
1995-05-25,0.06015279428649798
1995-05-26,0.05780790211914529
1995-05-27,0.057754902385718454
1995-05-28,0.057306869469803456
1995-05-29,0.05722851082680654
1995-05-30,0.025276687081495625
1995-05-31,0.14867336957324848
1995-06-01,0.14799550750798077
1995-06-02,0.14989126571723949
1995-06-03,0.1498480492933355
1995-06-04,0.1498116791992418
1995-06-05,0.14895618146185116
1995-06-06,0.14780255773431386
1995-06-07,0.1451797709079046
1995-06-08,0.14315673870070447
1995-06-09,0.1354085784601312
1995-06-10,0.13537946526376746
1995-06-11,0.13535579236752485
1995-06-12,0.13565217472177163
1995-06-13,0.13474736618547176
1995-06-14,0.13272443477327267
1995-06-15,0.12941917568092917
1995-06-16,0.1284840420231589
1995-06-17,0.12849602502416513
1995-06-18,0.11122394621759323
1995-06-19,0.1110820975872218
1995-06-20,0.1063568520708366
1995-06-21,0.1077037379250569
1995-06-22,0.10901220605804936
1995-06-23,0.11013818283941841
1995-06-24,0.11012734360434946
1995-06-25,0.11010254625359422
1995-06-26,0.10901925362381987
1995-06-27,0.11148658722563652
1995-06-28,0.11082103974476744
1995-06-29,0.109406779994634
1995-06-30,0.10875202150454773
1995-07-01,0.10862957939149694
1995-07-02,0.10862909421386326
1995-07-03,0.10774328916243621
1995-07-04,0.10771911813800294
1995-07-05,0.10764834800172607
1995-07-06,0.10915330758092905
1995-07-07,0.11405992277732992
1995-07-08,0.11406046645647451
1995-07-09,0.1140349076416332
1995-07-10,0.12509876504640968
1995-07-11,0.12854155589850136
1995-07-12,0.1339325785596571
1995-07-13,0.12431316078570175
1995-07-14,0.13193877822598657
1995-07-15,0.1321230508545093
1995-07-16,0.1422710128334573
1995-07-17,0.12643917936301904
1995-07-18,0.1433418785920437
1995-07-19,0.1682372251509456
1995-07-20,0.1358166052342713
1995-07-21,0.17795277830024778
1995-07-22,0.17578168521679927
1995-07-23,0.17659028252296563
1995-07-24,0.1764348582491857
1995-07-25,0.18109104592118133
1995-07-26,0.1890174232256825
1995-07-27,0.2415142064365762
1995-07-28,0.2646239088674358
1995-07-29,0.26490697499593213
1995-07-30,0.2651556291785966
1995-07-31,0.26912380113406503
1995-08-01,0.3348255586054019
1995-08-02,0.3369374274707196
1995-08-03,0.3461504306857697
1995-08-04,0.3531849809462772
1995-08-05,0.35261719828704335
1995-08-06,0.353128002247159
1995-08-07,0.36676984424268766
1995-08-08,0.3624810961488631
1995-08-09,0.3738560490180012
1995-08-10,0.36905196892447706
1995-08-11,0.35817910271561887
1995-08-12,0.3581976214258984
1995-08-13,0.3578275547934182
1995-08-14,0.36357422878350903
1995-08-15,0.3741247876610794
1995-08-16,0.3760922376400983
1995-08-17,0.37051800669650453
1995-08-18,0.3675378844563544
1995-08-19,0.36734695805948175
1995-08-20,0.36719672828468425
1995-08-21,0.36705262232470376
1995-08-22,0.367678662110775
1995-08-23,0.36065693177661684
1995-08-24,0.37024335282770554
1995-08-25,0.37210931074950954
1995-08-26,0.3735163983232037
1995-08-27,0.3734476154064237
1995-08-28,0.3751742164994239
1995-08-29,0.3762059494979773
1995-08-30,0.2805524766149583
1995-08-31,0.2867220284450787
1995-09-01,0.28630802291164686
1995-09-02,0.2862868453963452
1995-09-03,0.28623630995766264
1995-09-04,0.2862193008472282
1995-09-05,0.28593621029994565
1995-09-06,0.2860617445007634
1995-09-07,0.2893448104870446
1995-09-08,0.2884013002686066
1995-09-09,0.28835102181099326
1995-09-10,0.2882761810634807
1995-09-11,0.2896960749549137
1995-09-12,0.28991636133926735
1995-09-13,0.29106360796990033
1995-09-14,0.2909543954841407
1995-09-15,0.2902915801387786
1995-09-16,0.29025890052121717
1995-09-17,0.29015524761738026
1995-09-18,0.2924999092878086
1995-09-19,0.2919324799294243
1995-09-20,0.29465919134934115
1995-09-21,0.28548362074467154
1995-09-22,0.290222432425598
1995-09-23,0.2901710624918071
1995-09-24,0.29018138369488483
1995-09-25,0.29011846359730675
1995-09-26,0.2869942030451073
1995-09-27,0.2886863355775132
1995-09-28,0.2885979884758508
1995-09-29,0.28975409020936205
1995-09-30,0.289682940635293
1995-10-01,0.2896801887521773
1995-10-02,0.28948219491253924
1995-10-03,0.28946856717372244
1995-10-04,0.2894279226661862
1995-10-05,0.2893294675018378
1995-10-06,0.2943404145593772
1995-10-07,0.29429838717200146
1995-10-08,0.2941573158636361
1995-10-09,0.293242678307477
1995-10-10,0.29238544705331443
1995-10-11,0.3009423164768053
1995-10-12,0.3126024328037808
1995-10-13,0.31481491006429546
1995-10-14,0.3132484036591132
1995-10-15,0.31553202462268987
1995-10-16,0.3895024166652274
1995-10-17,0.40116791027455556
1995-10-18,0.30207639926287455
1995-10-19,0.26599622561246367
1995-10-20,0.28876062855463136
1995-10-21,0.29557358948605134
1995-10-22,0.30293472226560964
1995-10-23,0.29445172818847404
1995-10-24,0.2701311163175109
1995-10-25,0.32468631204023096
1995-10-26,0.3048940456707587
1995-10-27,0.32387454399073706
1995-10-28,0.32556977919820657
1995-10-29,0.3266299362112357
1995-10-30,0.31037404980877215
1995-10-31,0.2982425517016219
1995-11-01,0.3031232810278635
1995-11-02,0.29927643969310197
1995-11-03,0.3049306962977001
1995-11-04,0.3068827706277066
1995-11-05,0.3069719581885177
1995-11-06,0.29572459125083883
1995-11-07,0.28351526840313973
1995-11-08,0.31043986199911705
1995-11-09,0.31067585866507846
1995-11-10,0.31089256243991575
1995-11-11,0.3108463484238016
1995-11-12,0.3108828294421706
1995-11-13,0.3136237110501437
1995-11-14,0.32236286064891334
1995-11-15,0.3280254359380746
1995-11-16,0.33232939871843986
1995-11-17,0.3480817358152
1995-11-18,0.3481157703302859
1995-11-19,0.3469877114522972
1995-11-20,0.3466380139703948
1995-11-21,0.34346242796601917
1995-11-22,0.3454827864222986
1995-11-23,0.3454363903580086
1995-11-24,0.3453191296706463
1995-11-25,0.3451733079133245
1995-11-26,0.3450578650130333
1995-11-27,0.34793421347774145
1995-11-28,0.34787271704540546
1995-11-29,0.3497689275016815
1995-11-30,0.3531171080634709
1995-12-01,0.3579583551242707
1995-12-02,0.35787446445613796
1995-12-03,0.35774796352353583
1995-12-04,0.3609563900829375
1995-12-05,0.3605691349730606
1995-12-06,0.36488249267320033
1995-12-07,0.3641982015992173
1995-12-08,0.3566309447801069
1995-12-09,0.35661982183441077
1995-12-10,0.35657286502116287
1995-12-11,0.35653037795508374
1995-12-12,0.35531952750234347
1995-12-13,0.3536448723458754
1995-12-14,0.35585393234143486
1995-12-15,0.3543646739985304
1995-12-16,0.3543717960468061
1995-12-17,0.35431764715321346
1995-12-18,0.35478745676320905
1995-12-19,0.3541034650127446
1995-12-20,0.35234011781474656
1995-12-21,0.349880084417541
1995-12-22,0.3527449383314079
1995-12-23,0.3527119011408167
1995-12-24,0.35696650121535606
1995-12-25,0.35689551539978365
1995-12-26,0.3579118694883068
1995-12-27,0.3579356243169878
1995-12-28,0.357547358692391
1995-12-29,0.3568709308863516
1995-12-30,0.3568149875943381
1995-12-31,0.35696299929714304
1996-01-01,0.356892200621268
1996-01-02,0.3568715263821384
1996-01-03,0.3565253343129204
1996-01-04,0.35859913932144866
1996-01-05,0.35897511350951133
1996-01-06,0.35880912810861876
1996-01-07,0.35873947424828456
1996-01-08,0.35820226226394664
1996-01-09,0.3562536269536505
1996-01-10,0.3526826055726319
1996-01-11,0.35672445872326114
1996-01-12,0.34960511131652217
1996-01-13,0.3495390301093652
1996-01-14,0.34958288071691856
1996-01-15,0.3516602067602948
1996-01-16,0.3778396282671257
1996-01-17,0.4406025508504181
1996-01-18,0.43872836108478336
1996-01-19,0.4646465900401487
1996-01-20,0.4125879486344532
1996-01-21,0.41284156962240176
1996-01-22,0.41983123963908814
1996-01-23,0.4215212177800991
1996-01-24,0.42869077315876386
1996-01-25,0.30144402341146836
1996-01-26,0.25128222331102584
1996-01-27,0.251172496630395
1996-01-28,0.2520493116111871
1996-01-29,0.22375916925464226
1996-01-30,0.27317201879909797
1996-01-31,0.2944805567785571
1996-02-01,0.28031683946583846
1996-02-02,0.28021912958961753
1996-02-03,0.2798487357823507
1996-02-04,0.27983655214714026
1996-02-05,0.10706742783627715
1996-02-06,0.07728511492267465
1996-02-07,0.07031375088365348
1996-02-08,0.08468154467936728
1996-02-09,0.0775453633151728
1996-02-10,0.07733355633597568
1996-02-11,0.07805606109157821
1996-02-12,0.07577531738465705
1996-02-13,0.07228140300044272
1996-02-14,0.07334101766478096
1996-02-15,0.06163285748531211
1996-02-16,0.04043244386908059
1996-02-17,0.040747350635253664
1996-02-18,0.040706560150451376
1996-02-19,0.0452583613773991
1996-02-20,0.047681159534892825
1996-02-21,0.04530672594539955
1996-02-22,0.047153270423034986
1996-02-23,0.05849965973807655
1996-02-24,0.05845673151972578
1996-02-25,0.057884448538419266
1996-02-26,0.05775172663097431
1996-02-27,0.06037790907533441
1996-02-28,0.07065590518576405
1996-02-29,0.07278682973478945
1996-03-01,0.0744868642762576
1996-03-02,0.07443984713754885
1996-03-03,0.07463093371198652
1996-03-04,0.07835492268733395
1996-03-05,0.07883486649893678
1996-03-06,0.05751780168424109
1996-03-07,0.08820308403382116
1996-03-08,0.08746195621536297
1996-03-09,0.08748106982905439
1996-03-10,0.08746150482080661
1996-03-11,0.09053197495767418
1996-03-12,0.09016687994123172
1996-03-13,0.09532869248059139
1996-03-14,0.10773688258333726
1996-03-15,0.10655410527448489
1996-03-16,0.10650490305680359
1996-03-17,0.1066052235144634
1996-03-18,0.10697886463193129
1996-03-19,0.11049292490468858
1996-03-20,0.11259155744038847
1996-03-21,0.10895701986980626
1996-03-22,0.10969693612126119
1996-03-23,0.10968288796336671
1996-03-24,0.1090951126637817
1996-03-25,0.10644961808742083
1996-03-26,0.10876805153452766
1996-03-27,0.10689664557516904
1996-03-28,0.10926170416872233
1996-03-29,0.10798151588362219
1996-03-30,0.10823513745570078
1996-03-31,0.10769448016542842
1996-04-01,0.09431503339905817
1996-04-02,0.09134633361008977
1996-04-03,0.09305129794755902
1996-04-04,0.09332313299251578
1996-04-05,0.08733062325648051
1996-04-06,0.08733992460682123
1996-04-07,0.08732624366701909
1996-04-08,0.08832344721071715
1996-04-09,0.08946420511401636
1996-04-10,0.06933804198263814
1996-04-11,0.057757854405864305
1996-04-12,0.021388112880841043
1996-04-13,0.02145543158889059
1996-04-14,0.025293284956856676
1996-04-15,0.026606024433358872
1996-04-16,0.06885431279325377
1996-04-17,0.07251915405490512
1996-04-18,0.04339987706241085
1996-04-19,0.038612881197780426
1996-04-20,0.040000565710334356
1996-04-21,0.040267899597548694
1996-04-22,0.05486580645690418
1996-04-23,0.08104629087061532
1996-04-24,0.055371444518347114
1996-04-25,0.08757427916000908
1996-04-26,0.08534211334637494
1996-04-27,0.08537917468514226
1996-04-28,0.08774698915084596
1996-04-29,0.1048549057287081
1996-04-30,0.11513827873297218
1996-05-01,0.13181742184000142
1996-05-02,0.10863410329952934
1996-05-03,0.10416928233563183
1996-05-04,0.10408730262784183
1996-05-05,0.10422834095216116
1996-05-06,0.1135795677385963
1996-05-07,0.10697460244900188
1996-05-08,0.1222611912948705
1996-05-09,0.14652456801794245
1996-05-10,0.18217224493044884
1996-05-11,0.1820686780956111
1996-05-12,0.18189780862819135
1996-05-13,0.18423398624582585
1996-05-14,0.18887231581739086
1996-05-15,0.20256396999494286
1996-05-16,0.2090035024627089
1996-05-17,0.2090077779597643
1996-05-18,0.20896389769040527
1996-05-19,0.20877816220875164
1996-05-20,0.1865491766589897
1996-05-21,0.18706863248607375
1996-05-22,0.18880414688591582
1996-05-23,0.17524148257884942
1996-05-24,0.1852754285579612
1996-05-25,0.18518675248576622
1996-05-26,0.18512574361184445
1996-05-27,0.1850891076793663
1996-05-28,0.1844235282552716
1996-05-29,0.18113257054709483
1996-05-30,0.1830351164165648
1996-05-31,0.18391080984684782
1996-06-01,0.1839318541349776
1996-06-02,0.18387070824788168
1996-06-03,0.19685317448837666
1996-06-04,0.19823813565392423
1996-06-05,0.19162850281785807
1996-06-06,0.18900521985432353
1996-06-07,0.18962683150460577
1996-06-08,0.18951944856716652
1996-06-09,0.1894736800731742
1996-06-10,0.19016651096964463
1996-06-11,0.19250213586119239
1996-06-12,0.19298255429431907
1996-06-13,0.19448640783374352
1996-06-14,0.19447079584400506
1996-06-15,0.19446834383308756
1996-06-16,0.19439799894561094
1996-06-17,0.1937636970494351
1996-06-18,0.18464534181577907
1996-06-19,0.185954219828396
1996-06-20,0.19275060587481016
1996-06-21,0.19291597757053935
1996-06-22,0.19283611346003582
1996-06-23,0.1927779369258457
1996-06-24,0.19298217771523474
1996-06-25,0.1924419646037259
1996-06-26,0.1908712310592008
1996-06-27,0.18972249551244158
1996-06-28,0.1893253629373041
1996-06-29,0.18927293511998056
1996-06-30,0.18708473773160308
1996-07-01,0.19437947644603562
1996-07-02,0.19230134401774301
1996-07-03,0.191691272948561
1996-07-04,0.19163604294152126
1996-07-05,0.19154719452694915
1996-07-06,0.19149216640450017
1996-07-07,0.19143718559709563
1996-07-08,0.18688312254305198
1996-07-09,0.180481637080525
1996-07-10,0.1796846241736525
1996-07-11,0.1791857650625915
1996-07-12,0.1731081329699535
1996-07-13,0.17305946427872862
1996-07-14,0.17261096627230568
1996-07-15,0.16885205289162494
1996-07-16,0.12335538150047709
1996-07-17,0.12241900181969716
1996-07-18,0.1423735408033727
1996-07-19,0.12813269815311878
1996-07-20,0.12771995159311153
1996-07-21,0.12297845443698675
1996-07-22,0.11009285011682453
1996-07-23,0.07023877300698718
1996-07-24,0.1320316482324224
1996-07-25,0.0855150946489887
1996-07-26,0.09941538380532992
1996-07-27,0.10004898950600934
1996-07-28,0.10103455734651268
1996-07-29,0.1136406489784132
1996-07-30,0.10175771042300037
1996-07-31,0.09640514397293387
1996-08-01,0.03605963186853737
1996-08-02,0.014868902143330734
1996-08-03,0.014843169661037492
1996-08-04,0.01693789225065741
1996-08-05,0.01388722027560548
1996-08-06,0.009676643579869712
1996-08-07,0.011750326588324126
1996-08-08,0.017904266489182936
1996-08-09,0.019623269733516874
1996-08-10,0.01956817439605163
1996-08-11,0.020342196292095178
1996-08-12,0.009746433437446855
1996-08-13,0.011215818878834716
1996-08-14,0.005513919452171574
1996-08-15,-0.004681882788237113
1996-08-16,-0.004799408077325706
1996-08-17,-0.004663065063275369
1996-08-18,-0.004783674502982079
1996-08-19,-0.00505965523788654
1996-08-20,-0.0024795007943230565
1996-08-21,-0.013353036708984098
1996-08-22,-0.01815477137358527
1996-08-23,-0.01516672461826718
1996-08-24,-0.015163401009550862
1996-08-25,-0.015172303870016224
1996-08-26,-0.015183687947665336
1996-08-27,-0.016953003714191988
1996-08-28,-0.0158040955685463
1996-08-29,-0.03227775543355168
1996-08-30,-0.03483052921346452
1996-08-31,-0.034886861732154384
1996-09-01,-0.03489167614917421
1996-09-02,-0.03487471999080605
1996-09-03,-0.03533693585216924
1996-09-04,-0.03442914784052401
1996-09-05,-0.03809009627780435
1996-09-06,-0.03837426630047439
1996-09-07,-0.03838466526273535
1996-09-08,-0.03838925240913249
1996-09-09,-0.03817896967551412
1996-09-10,-0.03784489848615088
1996-09-11,-0.029986315575950735
1996-09-12,-0.03072558192749882
1996-09-13,-0.021200118529237127
1996-09-14,-0.020898977448844946
1996-09-15,-0.020510857866801697
1996-09-16,-0.020713317909150986
1996-09-17,-0.014403063224423565
1996-09-18,-0.016371725303064338
1996-09-19,-0.01722735384669131
1996-09-20,-0.014160468355389496
1996-09-21,-0.014172652892228244
1996-09-22,-0.014184816107006504
1996-09-23,-0.013622727950778199
1996-09-24,-0.012241979988771412
1996-09-25,-0.009946933179612002
1996-09-26,-0.008719474464462898
1996-09-27,-0.008638266455023377
1996-09-28,-0.008641276597768588
1996-09-29,-0.00865326641562858
1996-09-30,-0.009461990326981029
1996-10-01,-0.009627104738218742
1996-10-02,-0.01041537523419378
1996-10-03,-0.010382709855555153
1996-10-04,-0.010072964572960696
1996-10-05,-0.010086022069188552
1996-10-06,-0.010092045054331367
1996-10-07,-0.01172589942517425
1996-10-08,-0.0076373324214697265
1996-10-09,-0.010048438727884116
1996-10-10,-0.003410031337832057
1996-10-11,-0.0024777794403425166
1996-10-12,-0.0024912858194954626
1996-10-13,-0.00190211387529593
1996-10-14,-0.0031922834938614697
1996-10-15,0.04027213594913026
1996-10-16,0.023778711652576317
1996-10-17,0.01831084615603677
1996-10-18,0.06502477345443851
1996-10-19,0.0648690734409096
1996-10-20,0.06866531437449667
1996-10-21,0.06653164976636827
1996-10-22,0.11083008329217821
1996-10-23,0.06449868813692632
1996-10-24,0.0795368574956095
1996-10-25,0.08020445997629803
1996-10-26,0.0795869451477692
1996-10-27,0.08245825274734227
1996-10-28,0.07016327513809277
1996-10-29,0.061748904080442236
1996-10-30,0.04670457337024495
1996-10-31,0.07712353383695673
1996-11-01,0.0709082516422062
1996-11-02,0.07274928336880697
1996-11-03,0.0719166496146767
1996-11-04,0.07854204053079457
1996-11-05,0.08716533674889708
1996-11-06,0.07589987555616147
1996-11-07,0.0620105177137071
1996-11-08,0.05870652173163563
1996-11-09,0.06268360299604063
1996-11-10,0.0608512308245082
1996-11-11,0.06609073852674412
1996-11-12,0.06913236214454303
1996-11-13,0.06576136657342317
1996-11-14,0.05658773362996642
1996-11-15,0.056966542043445124
1996-11-16,0.05694793060475608
1996-11-17,0.057977358344482886
1996-11-18,0.05156296438966353
1996-11-19,0.05661698218132013
1996-11-20,0.04936929357771643
1996-11-21,0.05256410372043533
1996-11-22,0.05360917570859062
1996-11-23,0.05343256170626957
1996-11-24,0.05351062046508914
1996-11-25,0.05256507241077698
1996-11-26,0.047520014026555514
1996-11-27,0.047646004267690646
1996-11-28,0.0477716157484821
1996-11-29,0.04872015531689552
1996-11-30,0.04868061199769865
1996-12-01,0.04864145461312922
1996-12-02,0.05056136469882122
1996-12-03,0.05339516966284944
1996-12-04,0.043304132664937676
1996-12-05,0.041018437457952826
1996-12-06,0.039865804451674425
1996-12-07,0.03983065347441369
1996-12-08,0.039750575008906296
1996-12-09,0.044428142331596275
1996-12-10,0.04357986541074673
1996-12-11,0.04153003278764533
1996-12-12,0.04464462961168536
1996-12-13,0.044722569224694565
1996-12-14,0.04468219268546192
1996-12-15,0.044650849849335573
1996-12-16,0.04401788043335105
1996-12-17,0.042155944676360156
1996-12-18,0.03492115332985809
1996-12-19,0.04002778556119476
1996-12-20,0.04099665006444394
1996-12-21,0.04287800074277396
1996-12-22,0.04283777781667638
1996-12-23,0.04337343068423616
1996-12-24,0.043182082148248924
1996-12-25,0.043153639760676286
1996-12-26,0.04316159456352916
1996-12-27,0.04319720969672806
1996-12-28,0.0433101427871904
1996-12-29,0.04296884361032127
1996-12-30,0.0423642522459764
1996-12-31,0.0430072797208166
1997-01-01,0.04297636652155904
1997-01-02,0.04263305784540391
1997-01-03,0.04341317176919542
1997-01-04,0.04337124711985855
1997-01-05,0.043322387620451264
1997-01-06,0.04311521818069849
1997-01-07,0.04140278797191754
1997-01-08,0.04465310867336958
1997-01-09,0.05578083830815498
1997-01-10,0.05508424612910038
1997-01-11,0.05503620774015542
1997-01-12,0.0532281595763752
1997-01-13,0.05136331620882976
1997-01-14,0.053961880828812224
1997-01-15,0.0477434077020806
1997-01-16,0.04558146445628675
1997-01-17,0.0713547216476584
1997-01-18,0.07130865759543192
1997-01-19,0.07132220813599281
1997-01-20,0.10059490882199444
1997-01-21,0.013467327094688786
1997-01-22,0.10771915876103932
1997-01-23,0.11588515391337821
1997-01-24,0.1340785482178851
1997-01-25,0.13483834575922782
1997-01-26,0.13993587017440504
1997-01-27,0.311094763677116
1997-01-28,0.3000249324762252
1997-01-29,0.30195816975902073
1997-01-30,0.32043102434379606
1997-01-31,0.3407951625262284
1997-02-01,0.34109269394941893
1997-02-02,0.34197345284707975
1997-02-03,0.3413205299474995
1997-02-04,0.3306070435565697
1997-02-05,0.34220774339259213
1997-02-06,0.3515548253651959
1997-02-07,0.36125583198189287
1997-02-08,0.36118936593190587
1997-02-09,0.36170185101816105
1997-02-10,0.3752149426294571
1997-02-11,0.3768981907761551
1997-02-12,0.3759774513661764
1997-02-13,0.3749310400914508
1997-02-14,0.39910909411145945
1997-02-15,0.3990056058046399
1997-02-16,0.3985846022026914
1997-02-17,0.3985229786718785
1997-02-18,0.40620111115466884
1997-02-19,0.405596374270164
1997-02-20,0.3795992702755719
1997-02-21,0.3833725047945669
1997-02-22,0.3804259757886635
1997-02-23,0.3799398362618936
1997-02-24,0.370038399861798
1997-02-25,0.3862523575877985
1997-02-26,0.3824647899855063
1997-02-27,0.3848174362739885
1997-02-28,0.3764197765008817
1997-03-01,0.3761956387108798
1997-03-02,0.37746065169226517
1997-03-03,0.37113436107536496
1997-03-04,0.33694389724566304
1997-03-05,0.3362453231129862
1997-03-06,0.33659420239381294
1997-03-07,0.34946416582313305
1997-03-08,0.349925766532796
1997-03-09,0.3517107518190219
1997-03-10,0.3487106251068522
1997-03-11,0.350814701345397
1997-03-12,0.3571358985631486
1997-03-13,0.3625376980108062
1997-03-14,0.3504900873181194
1997-03-15,0.35048589511149136
1997-03-16,0.3510025517795137
1997-03-17,0.35902030779165556
1997-03-18,0.36024847403385957
1997-03-19,0.3586819032338782
1997-03-20,0.35829455843443575
1997-03-21,0.35711108494266935
1997-03-22,0.356989521599884
1997-03-23,0.3558070634399441
1997-03-24,0.35600929110995344
1997-03-25,0.3510010606275496
1997-03-26,0.34962922764212306
1997-03-27,0.3639227122668533
1997-03-28,0.36382276685384113
1997-03-29,0.3637382349183511
1997-03-30,0.36364364845233993
1997-03-31,0.3635103882321329
1997-04-01,0.36029177602086504
1997-04-02,0.36072645236686157
1997-04-03,0.36204592073886904
1997-04-04,0.3624991400293613
1997-04-05,0.3625245198790452
1997-04-06,0.36308850237685286
1997-04-07,0.37304363350033637
1997-04-08,0.38361795655394343
1997-04-09,0.38721764462663777
1997-04-10,0.38893366844267324
1997-04-11,0.3761177518180225
1997-04-12,0.3760256886942974
1997-04-13,0.37542038983126336
1997-04-14,0.36905713329972417
1997-04-15,0.3621235002889731
1997-04-16,0.3579490281272683
1997-04-17,0.30199634812392534
1997-04-18,0.3011920389734142
1997-04-19,0.3012809210772854
1997-04-20,0.3018690263324444
1997-04-21,0.34434081463574673
1997-04-22,0.4128562795034741
1997-04-23,0.46925155984159367
1997-04-24,0.47020769298657167
1997-04-25,0.46408482206005147
1997-04-26,0.46346355205598117
1997-04-27,0.46798805685306527
1997-04-28,0.4847309058953373
1997-04-29,0.4971313904576378
1997-04-30,0.47686774356315276
1997-05-01,0.47917332098750703
1997-05-02,0.5007961377317657
1997-05-03,0.5010032991890465
1997-05-04,0.5012745796968678
1997-05-05,0.4988412918144616
1997-05-06,0.4914139602243784
1997-05-07,0.4784053684219656
1997-05-08,0.4767593090718247
1997-05-09,0.4678656086121302
1997-05-10,0.46739876690640725
1997-05-11,0.46724092631067604
1997-05-12,0.4527264207145576
1997-05-13,0.4570843528695668
1997-05-14,0.4901659102549618
1997-05-15,0.46501463673540555
1997-05-16,0.44815235917279894
1997-05-17,0.4491141497202788
1997-05-18,0.4473266065291077
1997-05-19,0.4532730177311542
1997-05-20,0.4473014837794782
1997-05-21,0.4433071606215681
1997-05-22,0.44376126924708714
1997-05-23,0.4423491950626488
1997-05-24,0.44235233381648525
1997-05-25,0.44900795538758675
1997-05-26,0.4498705474401046
1997-05-27,0.43436411852196527
1997-05-28,0.43444383999526964
1997-05-29,0.41782466018268744
1997-05-30,0.4040448210232129
1997-05-31,0.4039967719640682
1997-06-01,0.40362034205510894
1997-06-02,0.3994391013731016
1997-06-03,0.38620531990940266
1997-06-04,0.3855889855682777
1997-06-05,0.3905370893550766
1997-06-06,0.3938102251910971
1997-06-07,0.39374488546361003
1997-06-08,0.3936029843706104
1997-06-09,0.39305266148870405
1997-06-10,0.3901320988537562
1997-06-11,0.38957313042872604
1997-06-12,0.39217668784476384
1997-06-13,0.3916189795699145
1997-06-14,0.39178569293996285
1997-06-15,0.3968539948579426
1997-06-16,0.3957803832306695
1997-06-17,0.3936550536948216
1997-06-18,0.39432941985056885
1997-06-19,0.3936188826200137
1997-06-20,0.39080280544572493
1997-06-21,0.3907397506362094
1997-06-22,0.39065160560750356
1997-06-23,0.39146752799821566
1997-06-24,0.39155859864631387
1997-06-25,0.3914454904239293
1997-06-26,0.39213212756503024
1997-06-27,0.3910016338417918
1997-06-28,0.3908760030339651
1997-06-29,0.3908081440246078
1997-06-30,0.39240384351240026
1997-07-01,0.3981663315302686
1997-07-02,0.39815671031746885
1997-07-03,0.3981306443565336
1997-07-04,0.39806761812961183
1997-07-05,0.39800652649168394
1997-07-06,0.39792437129341135
1997-07-07,0.4040212617259762
1997-07-08,0.40138183468217353
1997-07-09,0.39607581160792193
1997-07-10,0.39659656781893454
1997-07-11,0.3822321696341886
1997-07-12,0.38217003874864125
1997-07-13,0.38315546526649186
1997-07-14,0.39654301630115635
1997-07-15,0.3904072928262723
1997-07-16,0.48907343827714395
1997-07-17,0.5375910773660119
1997-07-18,0.5551535337449834
1997-07-19,0.5549156067075351
1997-07-20,0.5548137853187335
1997-07-21,0.5599287684092858
1997-07-22,0.5462015641845305
1997-07-23,0.48715731713422716
1997-07-24,0.4522596245718977
1997-07-25,0.43264585855072185
1997-07-26,0.4337917253154992
1997-07-27,0.4342154267338045
1997-07-28,0.4033049696472395
1997-07-29,0.39564869457652785
1997-07-30,0.36565395520682537
1997-07-31,0.3557837241131847
1997-08-01,0.3688386006470057
1997-08-02,0.36882540899476135
1997-08-03,0.36768808059308117
1997-08-04,0.3988586220859858
1997-08-05,0.4029575227310785
1997-08-06,0.39563061513859354
1997-08-07,0.3624602456571993
1997-08-08,0.3537374059882375
1997-08-09,0.35592984961792434
1997-08-10,0.3607704523916952
1997-08-11,0.370850828104476
1997-08-12,0.3552716366455559
1997-08-13,0.3401442884917072
1997-08-14,0.3304852974228501
1997-08-15,0.3406794451277007
1997-08-16,0.33999636647011067
1997-08-17,0.33820291117974005
1997-08-18,0.3276619616106257
1997-08-19,0.329924138602591
1997-08-20,0.3321653696373797
1997-08-21,0.3223215089829408
1997-08-22,0.3148534562272583
1997-08-23,0.314813475757993
1997-08-24,0.314741772366222
1997-08-25,0.31358754052194554
1997-08-26,0.31770848406040053
1997-08-27,0.31330587146466177
1997-08-28,0.3117462875141139
1997-08-29,0.31148908668880804
1997-08-30,0.31142194489267877
1997-08-31,0.31135512727356934
1997-09-01,0.31127468447862094
1997-09-02,0.33267237203590483
1997-09-03,0.33173770250070267
1997-09-04,0.3268838716193568
1997-09-05,0.3275227761122124
1997-09-06,0.3271950859601314
1997-09-07,0.3271252191758056
1997-09-08,0.3287202434014736
1997-09-09,0.33022256330762895
1997-09-10,0.32668088320243394
1997-09-11,0.3260514132600823
1997-09-12,0.32564557690934376
1997-09-13,0.32559090101553784
1997-09-14,0.32539833496735454
1997-09-15,0.3301474491921337
1997-09-16,0.3311846100341895
1997-09-17,0.3301626853394431
1997-09-18,0.3321338899903222
1997-09-19,0.33192806769702105
1997-09-20,0.33179605722462896
1997-09-21,0.33172615842907405
1997-09-22,0.336191329728986
1997-09-23,0.3423212370288275
1997-09-24,0.34307797048648564
1997-09-25,0.34408266415071637
1997-09-26,0.3482267576137486
1997-09-27,0.3481642208340349
1997-09-28,0.34808882189862844
1997-09-29,0.3478172250682164
1997-09-30,0.3474289072300511
1997-10-01,0.35012949136365235
1997-10-02,0.3519080241732951
1997-10-03,0.35141438086564697
1997-10-04,0.3513390398449537
1997-10-05,0.35126375762037076
1997-10-06,0.352928423476596
1997-10-07,0.35131299801343
1997-10-08,0.3502055083962692
1997-10-09,0.35068226064365576
1997-10-10,0.3388104468918594
1997-10-11,0.3388441872842753
1997-10-12,0.33876736979203753
1997-10-13,0.3389213286967478
1997-10-14,0.34123756601902416
1997-10-15,0.4151472705276816
1997-10-16,0.43502790597194724
1997-10-17,0.3411471154927601
1997-10-18,0.3413690975223686
1997-10-19,0.4008975046153161
1997-10-20,0.4735743920149016
1997-10-21,0.545205148203355
1997-10-22,0.5650899894002187
1997-10-23,0.5477105693332326
1997-10-24,0.5332391556008972
1997-10-25,0.5323614861858568
1997-10-26,0.5321266535743313
1997-10-27,0.5354101965485412
1997-10-28,0.5220876705152918
1997-10-29,0.5356679419180633
1997-10-30,0.533342623195439
1997-10-31,0.5368321075170667
1997-11-01,0.5363844554489635
1997-11-02,0.5361649094481583
1997-11-03,0.5313647073284891
1997-11-04,0.5249994717928479
1997-11-05,0.5421585130932521
1997-11-06,0.5511647441908469
1997-11-07,0.5514185143653302
1997-11-08,0.5546840212103276
1997-11-09,0.5547223215409685
1997-11-10,0.6022247279307782
1997-11-11,0.5988723612035476
1997-11-12,0.5651578472544001
1997-11-13,0.5578800627160786
1997-11-14,0.5575895717441941
1997-11-15,0.558470893078208
1997-11-16,0.564132413277263
1997-11-17,0.5868529787084587
1997-11-18,0.5770182109239901
1997-11-19,0.58073005081341
1997-11-20,0.5786883454186046
1997-11-21,0.5825316254280913
1997-11-22,0.5819995630887683
1997-11-23,0.5818809274066102
1997-11-24,0.5802594670038451
1997-11-25,0.5806724682514723
1997-11-26,0.5805433487569982
1997-11-27,0.5803811146596413
1997-11-28,0.5796255850505371
1997-11-29,0.5786495205964436
1997-11-30,0.5785093318562261
1997-12-01,0.5526396319875504
1997-12-02,0.5596187579785281
1997-12-03,0.5581455769967585
1997-12-04,0.5638371406373058
1997-12-05,0.5588386347207978
1997-12-06,0.5593815518696321
1997-12-07,0.5592624601905783
1997-12-08,0.5625171989610598
1997-12-09,0.5633853098341862
1997-12-10,0.5628956007308309
1997-12-11,0.5607099090375826
1997-12-12,0.5598588670336816
1997-12-13,0.5600232941800948
1997-12-14,0.5599145810336498
1997-12-15,0.5564409787902708
1997-12-16,0.5552217485545509
1997-12-17,0.5548325470911064
1997-12-18,0.5442885732326871
1997-12-19,0.5445529119118507
1997-12-20,0.5444199734377407
1997-12-21,0.5452823715292969
1997-12-22,0.546456979253473
1997-12-23,0.5451018262635089
1997-12-24,0.5451387017928289
1997-12-25,0.545005347972871
1997-12-26,0.5449110015473128
1997-12-27,0.5447778727672983
1997-12-28,0.544641290935874
1997-12-29,0.5439374783896854
1997-12-30,0.544291470090565
1997-12-31,0.5438914474837903
1998-01-01,0.54374400468696
1998-01-02,0.5436618123138174
1998-01-03,0.5435295703823069
1998-01-04,0.5433974414399348
1998-01-05,0.5424004484039054
1998-01-06,0.5415699400086936
1998-01-07,0.5414169099981906
1998-01-08,0.5410465659739346
1998-01-09,0.5409546834647238
1998-01-10,0.5408025910814994
1998-01-11,0.5406713841448775
1998-01-12,0.527018403355532
1998-01-13,0.5229320633896555
1998-01-14,0.5211976431233952
1998-01-15,0.46186011172244995
1998-01-16,0.6148456020851043
1998-01-17,0.6142600815995023
1998-01-18,0.6140646682683785
1998-01-19,0.6138321284878677
1998-01-20,0.6148237361714312
1998-01-21,0.6808420102021069
1998-01-22,0.6330055932569326
1998-01-23,0.599188237600757
1998-01-24,0.5990789070696794
1998-01-25,0.5989245604883869
1998-01-26,0.6323490633860832
1998-01-27,0.5822950493767619
1998-01-28,0.5231835090199556
1998-01-29,0.5410575041347193
1998-01-30,0.5519217500063683
1998-01-31,0.5518482676471663
1998-02-01,0.5516543211851661
1998-02-02,0.553830983305135
1998-02-03,0.5897763426340236
1998-02-04,0.5546233066801106
1998-02-05,0.5531439087797598
1998-02-06,0.5662198105950008
1998-02-07,0.5649697633180963
1998-02-08,0.5646624567290962
1998-02-09,0.5656256219518114
1998-02-10,0.5468613122433723
1998-02-11,0.5466640484618159
1998-02-12,0.5619808244440211
1998-02-13,0.5270826403688212
1998-02-14,0.5267101392017448
1998-02-15,0.5265884247664924
1998-02-16,0.5219778993755445
1998-02-17,0.5167068369791114
1998-02-18,0.5228304602282079
1998-02-19,0.5292519472410037
1998-02-20,0.5273231550355767
1998-02-21,0.5272797185486953
1998-02-22,0.5270712943735533
1998-02-23,0.5451753958868496
1998-02-24,0.5541409135499387
1998-02-25,0.5476488677327415
1998-02-26,0.5614126179302584
1998-02-27,0.5591181098232971
1998-02-28,0.5554865392149826
1998-03-01,0.5552442118175897
1998-03-02,0.5596971149549704
1998-03-03,0.578893138501512
1998-03-04,0.5780175535348536
1998-03-05,0.5816461829773322
1998-03-06,0.610964559383195
1998-03-07,0.610744519310351
1998-03-08,0.6105198435786462
1998-03-09,0.6071753138146502
1998-03-10,0.6100768174888856
1998-03-11,0.617132467787942
1998-03-12,0.6192297307929434
1998-03-13,0.6182280429616555
1998-03-14,0.6188861615686507
1998-03-15,0.6187120960472196
1998-03-16,0.6155412566284678
1998-03-17,0.6126057152525174
1998-03-18,0.6064561615801735
1998-03-19,0.6085239706381546
1998-03-20,0.6102362847199049
1998-03-21,0.6101211240586563
1998-03-22,0.6099746736445814
1998-03-23,0.6049160645274521
1998-03-24,0.6121781275173923
1998-03-25,0.6098659180237291
1998-03-26,0.6072387461267202
1998-03-27,0.6080608127453595
1998-03-28,0.6077965887496707
1998-03-29,0.6076174941904237
1998-03-30,0.6051920056025305
1998-03-31,0.5924692946508249
1998-04-01,0.5884216965338935
1998-04-02,0.5918388609822028
1998-04-03,0.5915967209996299
1998-04-04,0.591430863766004
1998-04-05,0.5913770901842689
1998-04-06,0.5861933837588192
1998-04-07,0.57917776744155
1998-04-08,0.5685034805454504
1998-04-09,0.5685850514942158
1998-04-10,0.5690561517657134
1998-04-11,0.5689002575480586
1998-04-12,0.5687576542265407
1998-04-13,0.5672388837079111
1998-04-14,0.5489964160164437
1998-04-15,0.45679622265142655
1998-04-16,0.5394614852360972
1998-04-17,0.5803036097766029
1998-04-18,0.5809099245152467
1998-04-19,0.5809479894887856
1998-04-20,0.5596492851003049
1998-04-21,0.5144449870890805
1998-04-22,0.5319149479931589
1998-04-23,0.5134661911488864
1998-04-24,0.5175580690944541
1998-04-25,0.517529088268998
1998-04-26,0.5168540243324757
1998-04-27,0.515927884553947
1998-04-28,0.5004878363439702
1998-04-29,0.42577348286510786
1998-04-30,0.4560877143756465
1998-05-01,0.463107039806232
1998-05-02,0.4632550489258094
1998-05-03,0.4630866478915779
1998-05-04,0.46828166822925277
1998-05-05,0.39736532353539866
1998-05-06,0.4123607519492298
1998-05-07,0.40446991751084016
1998-05-08,0.41287926770416633
1998-05-09,0.4127441484631595
1998-05-10,0.41286458997399894
1998-05-11,0.4143542568850243
1998-05-12,0.41099813818751413
1998-05-13,0.4285145802788068
1998-05-14,0.44260500382287643
1998-05-15,0.41786612016077757
1998-05-16,0.4190314776310366
1998-05-17,0.4187004916748951
1998-05-18,0.4221926570232047
1998-05-19,0.41501239643247084
1998-05-20,0.40316778958579214
1998-05-21,0.4177670932656326
1998-05-22,0.4309575559710989
1998-05-23,0.4308318612512389
1998-05-24,0.43066534506665016
1998-05-25,0.4251343399901466
1998-05-26,0.42928838154729826
1998-05-27,0.4038153939992651
1998-05-28,0.38943595301995143
1998-05-29,0.3901477795128638
1998-05-30,0.3900125457074543
1998-05-31,0.3898753310810977
1998-06-01,0.38737147601299116
1998-06-02,0.3893328048112849
1998-06-03,0.39032977522412987
1998-06-04,0.39679394542777646
1998-06-05,0.39674471982467585
1998-06-06,0.3966087453124061
1998-06-07,0.3964528822588123
1998-06-08,0.39614321255498375
1998-06-09,0.39705878861169114
1998-06-10,0.3970357498527662
1998-06-11,0.3927287779725816
1998-06-12,0.3927033435482059
1998-06-13,0.39270093471288625
1998-06-14,0.39250799251168283
1998-06-15,0.3956977247383571
1998-06-16,0.39607690140191876
1998-06-17,0.39242036158288546
1998-06-18,0.3763410552774669
1998-06-19,0.3766385269279973
1998-06-20,0.3765020999152946
1998-06-21,0.37636184537704004
1998-06-22,0.3758253551690504
1998-06-23,0.3745564698506061
1998-06-24,0.3759218865983072
1998-06-25,0.3753474896698205
1998-06-26,0.37504199976547037
1998-06-27,0.3749264955599912
1998-06-28,0.374838592844505
1998-06-29,0.3691932036037983
1998-06-30,0.36300927694311097
1998-07-01,0.36587343946589473
1998-07-02,0.36302032908704024
1998-07-03,0.3628011017592387
1998-07-04,0.36268136450935007
1998-07-05,0.362553039275342
1998-07-06,0.361081595286807
1998-07-07,0.3427488603151431
1998-07-08,0.34703473136682855
1998-07-09,0.3409970266948274
1998-07-10,0.34517179206812837
1998-07-11,0.34495721848024363
1998-07-12,0.34482364624815215
1998-07-13,0.32620092264139794
1998-07-14,0.30723014757311445
1998-07-15,0.24967307813587136
1998-07-16,0.14437510616952762
1998-07-17,0.13224105804148353
1998-07-18,0.13170628110231283
1998-07-19,0.13163922114661483
1998-07-20,0.18489176572401542
1998-07-21,0.2635467254196043
1998-07-22,0.25916675439865977
1998-07-23,0.36122299292195814
1998-07-24,0.3672077217897775
1998-07-25,0.3668121535380404
1998-07-26,0.37300858427085193
1998-07-27,0.38503794331999447
1998-07-28,0.4374472985900371
1998-07-29,0.43734857160931845
1998-07-30,0.4480870696586967
1998-07-31,0.44799346984240374
1998-08-01,0.44792289014648917
1998-08-02,0.44712822770171384
1998-08-03,0.4278113546506976
1998-08-04,0.7734684317072474
1998-08-05,0.7662462893566615
1998-08-06,0.7813453774290976
1998-08-07,0.7841100333797456
1998-08-08,0.784050854300789
1998-08-09,0.7833389675805497
1998-08-10,0.7841156029044537
1998-08-11,0.7934666679776251
1998-08-12,0.8031792871706044
1998-08-13,0.8002235255153675
1998-08-14,0.7906509461089173
1998-08-15,0.7913072974342885
1998-08-16,0.7941497850600231
1998-08-17,0.8036730756155662
1998-08-18,0.821411724299435
1998-08-19,0.8203898328410336
1998-08-20,0.8183982908475943
1998-08-21,0.8177178005921556
1998-08-22,0.8174283171192448
1998-08-23,0.8170891822047027
1998-08-24,0.8166503405834487
1998-08-25,0.8198245059544642
1998-08-26,0.8175840053839538
1998-08-27,0.8177701995009082
1998-08-28,0.8145020824151699
1998-08-29,0.8142538033321469
1998-08-30,0.813945305021312
1998-08-31,0.8138194258872596
1998-09-01,0.8133810255600501
1998-09-02,0.8140076549751587
1998-09-03,0.8129285052089865
1998-09-04,0.8165655813734167
1998-09-05,0.8162880885271749
1998-09-06,0.8159176825520337
1998-09-07,0.8156126480261063
1998-09-08,0.8181755249977831
1998-09-09,0.8168400115218799
1998-09-10,0.8195584973734568
1998-09-11,0.824599065505065
1998-09-12,0.8252678200873969
1998-09-13,0.8250197068930237
1998-09-14,0.8202666382279288
1998-09-15,0.8185455154558589
1998-09-16,0.8184143601937707
1998-09-17,0.8200953230284367
1998-09-18,0.8196905538770829
1998-09-19,0.8193866699488938
1998-09-20,0.8190861280226637
1998-09-21,0.8179548416519689
1998-09-22,0.8137165217832654
1998-09-23,0.8085081632952636
1998-09-24,0.805762371080041
1998-09-25,0.8064278975390383
1998-09-26,0.8061792488521718
1998-09-27,0.8058814647639302
1998-09-28,0.798287732937502
1998-09-29,0.7973338190757993
1998-09-30,0.7968670855851778
1998-10-01,0.7947879786800717
1998-10-02,0.794097325988051
1998-10-03,0.793797123570288
1998-10-04,0.7935002947069968
1998-10-05,0.7876631745510974
1998-10-06,0.7773311171591321
1998-10-07,0.7783437144283347
1998-10-08,0.7836375356819344
1998-10-09,0.7836276775337999
1998-10-10,0.7833498420741224
1998-10-11,0.7830527879642366
1998-10-12,0.7748666894252247
1998-10-13,0.8196139927659797
1998-10-14,0.775068066593195
1998-10-15,0.7431772867266196
1998-10-16,0.8489338191460062
1998-10-17,0.8480893675969637
1998-10-18,0.844784238360361
1998-10-19,0.7198232067247673
1998-10-20,0.7576054553460465
1998-10-21,0.6446587092438282
1998-10-22,0.6538928643671864
1998-10-23,0.6240006484376509
1998-10-24,0.5758058167908554
1998-10-25,0.5756776592778059
1998-10-26,0.48028737269092775
1998-10-27,0.5274734769676704
1998-10-28,0.5250706465283105
1998-10-29,0.4977416615235943
1998-10-30,0.48329149554171896
1998-10-31,0.48396139628075785
1998-11-01,0.4838035373487366
1998-11-02,0.46409817494268646
1998-11-03,0.44183080231160493
1998-11-04,0.45749910092373636
1998-11-05,0.4597636674185142
1998-11-06,0.4428853879202424
1998-11-07,0.44462577901272643
1998-11-08,0.44450085441601467
1998-11-09,0.4698944955303535
1998-11-10,0.48195533905444526
1998-11-11,0.46400701861653965
1998-11-12,0.4381520331438762
1998-11-13,0.4392530652401822
1998-11-14,0.44409004639460586
1998-11-15,0.44047291866505284
1998-11-16,0.39181808995330014
1998-11-17,0.37558367551938715
1998-11-18,0.3756839898014201
1998-11-19,0.37752759844104816
1998-11-20,0.37577694378589777
1998-11-21,0.37489113558627357
1998-11-22,0.37483422547256734
1998-11-23,0.3740492441655883
1998-11-24,0.3703747694428327
1998-11-25,0.366074266526017
1998-11-26,0.36616251203479183
1998-11-27,0.36605304719432025
1998-11-28,0.3659805765659345
1998-11-29,0.36594197607782103
1998-11-30,0.36925759277838366
1998-12-01,0.36745588604919627
1998-12-02,0.36365764778893034
1998-12-03,0.36270731689230296
1998-12-04,0.3647518821971065
1998-12-05,0.36472326624590073
1998-12-06,0.3646299533116156
1998-12-07,0.36423781220146
1998-12-08,0.36243656053427814
1998-12-09,0.36020544964856654
1998-12-10,0.35584781516490516
1998-12-11,0.35558862303102595
1998-12-12,0.355529035949034
1998-12-13,0.35546238396897856
1998-12-14,0.3517708097813823
1998-12-15,0.3502389799668113
1998-12-16,0.34946930760952544
1998-12-17,0.3517051894977275
1998-12-18,0.3511830667413724
1998-12-19,0.35111266007719316
1998-12-20,0.3510426516861827
1998-12-21,0.3496181669755976
1998-12-22,0.347311314008877
1998-12-23,0.36342394637590525
1998-12-24,0.36335024520737025
1998-12-25,0.3632793690261993
1998-12-26,0.3632085382710795
1998-12-27,0.3631432331051932
1998-12-28,0.3631005948291683
1998-12-29,0.36372214674931325
1998-12-30,0.3630471237627367
1998-12-31,0.36239512050871553
1999-01-01,0.36267594007382353
1999-01-02,0.36259081097983586
1999-01-03,0.36253186363898227
1999-01-04,0.36291455774070913
1999-01-05,0.36302911041604785
1999-01-06,0.36305624486484156
1999-01-07,0.36563297391477384
1999-01-08,0.3680663463094507
1999-01-09,0.36799581333963277
1999-01-10,0.3679253249908567
1999-01-11,0.3671657053316651
1999-01-12,0.36471902753042446
1999-01-13,0.3576811605462269
1999-01-14,0.3546423572303268
1999-01-15,0.37677455793728676
1999-01-16,0.37720710019242576
1999-01-17,0.37702278660034844
1999-01-18,0.3780119838848764
1999-01-19,0.38076914373630383
1999-01-20,0.2982720055724029
1999-01-21,0.49869984455746613
1999-01-22,0.25968784605740947
1999-01-23,0.259600488604175
1999-01-24,0.2595548805329007
1999-01-25,0.2633883674069211
1999-01-26,0.22124924728276862
1999-01-27,0.22090806550909514
1999-01-28,0.24970884075255273
1999-01-29,0.26028758867765633
1999-01-30,0.2602676321205279
1999-01-31,0.25880684150531424
1999-02-01,0.24766553940863223
1999-02-02,0.24077537052070686
1999-02-03,0.2511292341588179
1999-02-04,0.24347994916171445
1999-02-05,0.2539154574044529
1999-02-06,0.253714100753663
1999-02-07,0.25387795206433517
1999-02-08,0.281393115267911
1999-02-09,0.2801574236516727
1999-02-10,0.2914706480539911
1999-02-11,0.27961523773217956
1999-02-12,0.28662916428215357
1999-02-13,0.28659598093585464
1999-02-14,0.28631091617257537
1999-02-15,0.2850226106623344
1999-02-16,0.2907667687682394
1999-02-17,0.27756499640812154
1999-02-18,0.30867170399895477
1999-02-19,0.3103178702695522
1999-02-20,0.31056157507270715
1999-02-21,0.31047585731457067
1999-02-22,0.14217732079268566
1999-02-23,0.13969074747707488
1999-02-24,0.13443367056364933
1999-02-25,0.1480389601483738
1999-02-26,0.2040664666516323
1999-02-27,0.20415953192929467
1999-02-28,0.2039077444814701
1999-03-01,0.19843862010912128
1999-03-02,0.19974289023420247
1999-03-03,0.2044543373790474
1999-03-04,0.2000351565391385
1999-03-05,0.19977398500304264
1999-03-06,0.19978450676645973
1999-03-07,0.19983256761507293
1999-03-08,0.19803816780796843
1999-03-09,0.2165565950227828
1999-03-10,0.23352609691334184
1999-03-11,0.23528955293398549
1999-03-12,0.2462477036324694
1999-03-13,0.24416625270262723
1999-03-14,0.2442696419912903
1999-03-15,0.25345941341440154
1999-03-16,0.25435346204358483
1999-03-17,0.26149273519597116
1999-03-18,0.2653133628393974
1999-03-19,0.2646487679342872
1999-03-20,0.2646160230517801
1999-03-21,0.2645709012197347
1999-03-22,0.2682971170965312
1999-03-23,0.26801490815283224
1999-03-24,0.27004183158094464
1999-03-25,0.27503122155768717
1999-03-26,0.2679908532744771
1999-03-27,0.26781852651523574
1999-03-28,0.2684152700721864
1999-03-29,0.2561920330509159
1999-03-30,0.25799165075337605
1999-03-31,0.2544474448779184
1999-04-01,0.251385007626518
1999-04-02,0.2512050085389716
1999-04-03,0.2510905653341322
1999-04-04,0.25066566883875946
1999-04-05,0.24969975669295483
1999-04-06,0.25310551401741677
1999-04-07,0.25916556781593003
1999-04-08,0.25510217514917827
1999-04-09,0.2548301225053519
1999-04-10,0.254777086592351
1999-04-11,0.2545085120981138
1999-04-12,0.2542187734166786
1999-04-13,0.25327166338113
1999-04-14,0.27845484810809745
1999-04-15,0.1763287553051555
1999-04-16,0.21942942138941432
1999-04-17,0.21854156952177528
1999-04-18,0.21904820372357303
1999-04-19,0.2083472920763728
1999-04-20,0.23617132194913892
1999-04-21,0.2562916112048524
1999-04-22,0.22431338367752096
1999-04-23,0.26604676102852387
1999-04-24,0.26529372979272187
1999-04-25,0.26205738384928867
1999-04-26,0.4191440531740573
1999-04-27,0.41387279925029413
1999-04-28,0.4543751316008378
1999-04-29,0.4377473556976635
1999-04-30,0.4349334049282973
1999-05-01,0.43768803110071736
1999-05-02,0.4377516352805224
1999-05-03,0.4467388116112961
1999-05-04,0.45346782424122817
1999-05-05,0.44849729848864
1999-05-06,0.46610902889771016
1999-05-07,0.46407886736187454
1999-05-08,0.46407628755268515
1999-05-09,0.4644450623315873
1999-05-10,0.47131923664786707
1999-05-11,0.4516004537102057
1999-05-12,0.4252878312933497
1999-05-13,0.41825838530925613
1999-05-14,0.41820626489751894
1999-05-15,0.41636177301053506
1999-05-16,0.41613756676838176
1999-05-17,0.555754801763195
1999-05-18,0.5702132381055502
1999-05-19,0.5694447021776511
1999-05-20,0.5698083697713894
1999-05-21,0.5426998680043349
1999-05-22,0.5431639784148269
1999-05-23,0.5427613147407119
1999-05-24,0.5380977724214927
1999-05-25,0.5377064162849268
1999-05-26,0.5356602903869179
1999-05-27,0.5340053596292733
1999-05-28,0.5337633798304152
1999-05-29,0.5332735116408674
1999-05-30,0.5331276045987682
1999-05-31,0.5319057371253697
1999-06-01,0.5310483591465982
1999-06-02,0.5303606449790709
1999-06-03,0.5316391025122379
1999-06-04,0.5266243127980631
1999-06-05,0.5265963364568874
1999-06-06,0.5262950886860995
1999-06-07,0.5219687647769364
1999-06-08,0.5227127322205343
1999-06-09,0.5240246080436458
1999-06-10,0.5231752580518796
1999-06-11,0.5101654914068667
1999-06-12,0.5133175819633303
1999-06-13,0.5132287077844587
1999-06-14,0.510439585034023
1999-06-15,0.5092770693428993
1999-06-16,0.5050381977625439
1999-06-17,0.5052452446667192
1999-06-18,0.500758113632967
1999-06-19,0.5006019704816439
1999-06-20,0.5004134803166242
1999-06-21,0.5011935539185282
1999-06-22,0.5338055737569575
1999-06-23,0.5351327410143708
1999-06-24,0.5367229892454279
1999-06-25,0.5359436586195901
1999-06-26,0.5358035978970395
1999-06-27,0.5356441982320687
1999-06-28,0.5328472718471036
1999-06-29,0.5335633937183267
1999-06-30,0.5424056318368161
1999-07-01,0.543897134684808
1999-07-02,0.550117234019875
1999-07-03,0.5497471583624159
1999-07-04,0.5499573454657524
1999-07-05,0.5497882481505073
1999-07-06,0.5487856446448132
1999-07-07,0.5458660860159239
1999-07-08,0.5588694269894154
1999-07-09,0.5641315070482823
1999-07-10,0.5607709268696071
1999-07-11,0.560601013663819
1999-07-12,0.5625062425604697
1999-07-13,0.6054037296447288
1999-07-14,0.6245257218713234
1999-07-15,0.6685845791949441
1999-07-16,0.601568438134035
1999-07-17,0.6014634663963343
1999-07-18,0.6013888301597451
1999-07-19,0.49720721436450366
1999-07-20,0.530129007643693
1999-07-21,0.565538173199184
1999-07-22,0.5522678956813287
1999-07-23,0.6101263204724879
1999-07-24,0.6111191518238658
1999-07-25,0.6108671892842968
1999-07-26,0.6134626549852896
1999-07-27,0.4928894402598299
1999-07-28,0.5330666973727439
1999-07-29,0.31856730236282815
1999-07-30,0.33193288374534896
1999-07-31,0.33016935212411275
1999-08-01,0.33015541489587225
1999-08-02,0.1330366113240163
1999-08-03,0.11282209149801958
1999-08-04,0.09559639857251633
1999-08-05,0.09269761078529488
1999-08-06,0.0970485707485672
1999-08-07,0.0974167393502307
1999-08-08,0.09733450549940677
1999-08-09,0.11531982158300437
1999-08-10,0.12201373369144293
1999-08-11,0.12435006681390777
1999-08-12,0.1238496438421743
1999-08-13,0.1386212260739469
1999-08-14,0.1269560627227278
1999-08-15,0.12647372994798947
1999-08-16,0.07657104802229094
1999-08-17,0.08361421247619161
1999-08-18,0.08761179771880538
1999-08-19,0.08117481155622808
1999-08-20,0.08258096934805936
1999-08-21,0.08262730156182274
1999-08-22,0.082604996464774
1999-08-23,0.08330795631918846
1999-08-24,0.08634175834289708
1999-08-25,0.09275936460772922
1999-08-26,0.08602417729102785
1999-08-27,0.08754558821510194
1999-08-28,0.08750223617647597
1999-08-29,0.08745780800689507
1999-08-30,0.08702695078311302
1999-08-31,0.08182364158821531
1999-09-01,0.0902546510490017
1999-09-02,0.09136238866999029
1999-09-03,0.0912357804494784
1999-09-04,0.091241393664428
1999-09-05,0.09127717481746349
1999-09-06,0.09123449177390182
1999-09-07,0.08968822873519311
1999-09-08,0.09377898783266825
1999-09-09,0.09595656898403548
1999-09-10,0.09873319813270447
1999-09-11,0.0986888435461915
1999-09-12,0.09791836030273153
1999-09-13,0.09820481912250874
1999-09-14,0.10780715201386111
1999-09-15,0.10750760284209422
1999-09-16,0.10965097807588164
1999-09-17,0.1096548383386224
1999-09-18,0.10934160557659318
1999-09-19,0.11953087263458895
1999-09-20,0.11863064967466697
1999-09-21,0.11996956183557883
1999-09-22,0.11757545573808914
1999-09-23,0.11768512071010391
1999-09-24,0.11661835109308168
1999-09-25,0.11657087610666217
1999-09-26,0.11685748208413808
1999-09-27,0.13043828971825897
1999-09-28,0.12793725159932987
1999-09-29,0.12619458272934428
1999-09-30,0.12304857915098733
1999-10-01,0.1227940376465549
1999-10-02,0.1294363446869871
1999-10-03,0.12961246583541805
1999-10-04,0.12905074921706275
1999-10-05,0.1275465266732699
1999-10-06,0.11953827036636884
1999-10-07,0.11579236728937332
1999-10-08,0.11565567171481801
1999-10-09,0.11560756134530681
1999-10-10,0.11516199455177578
1999-10-11,0.11616218821228363
1999-10-12,0.1096646559381554
1999-10-13,0.11865646735671205
1999-10-14,0.13954230860258054
1999-10-15,0.10717613175158414
1999-10-16,0.12045060466196363
1999-10-17,0.1203975340595859
1999-10-18,0.09919243316034665
1999-10-19,0.1199257551489173
1999-10-20,0.1040307474764293
1999-10-21,0.13030965986329232
1999-10-22,0.13106440561614413
1999-10-23,0.12478739219960333
1999-10-24,0.12465786102261338
1999-10-25,0.1531518483593873
1999-10-26,0.1997297763131537
1999-10-27,0.17040923732840177
1999-10-28,0.13429906674667227
1999-10-29,0.11111559686856574
1999-10-30,0.11245234441691286
1999-10-31,0.11232742784607312
1999-11-01,0.16821646545092098
1999-11-02,0.20466229168887629
1999-11-03,0.21107227870784953
1999-11-04,0.21225586339908697
1999-11-05,0.2193791418083808
1999-11-06,0.2195055554100894
1999-11-07,0.2194631513285028
1999-11-08,0.18968580636470225
1999-11-09,0.17141590618000532
1999-11-10,0.17601426056139444
1999-11-11,0.1821487778568034
1999-11-12,0.183727084083439
1999-11-13,0.18452573533170966
1999-11-14,0.18437279481956267
1999-11-15,0.17706752854161767
1999-11-16,0.15454863192460266
1999-11-17,0.17789714238619367
1999-11-18,0.17882741207034777
1999-11-19,0.178717067882569
1999-11-20,0.17879568717727204
1999-11-21,0.1785486562772205
1999-11-22,0.17958868937466188
1999-11-23,0.18330413840357085
1999-11-24,0.18456542965805411
1999-11-25,0.18481364034280068
1999-11-26,0.18473326583050095
1999-11-27,0.1847034975360949
1999-11-28,0.18467374833412012
1999-11-29,0.185698292918965
1999-11-30,0.19386074472832757
1999-12-01,0.19434206164116818
1999-12-02,0.19338221060791846
1999-12-03,0.19328696236692164
1999-12-04,0.19325744594450642
1999-12-05,0.19286681912594847
1999-12-06,0.19303149775114073
1999-12-07,0.1955004091116442
1999-12-08,0.1988646846273695
1999-12-09,0.19347848791388936
1999-12-10,0.1846735747993055
1999-12-11,0.1976857394325994
1999-12-12,0.19765384848497733
1999-12-13,0.19705571648427325
1999-12-14,0.19258281962619608
1999-12-15,0.20372829293423156
1999-12-16,0.20115983435772766
1999-12-17,0.19580035024677278
1999-12-18,0.1958892208775599
1999-12-19,0.19585539145082476
1999-12-20,0.19918579969106712
1999-12-21,0.20225807967325313
1999-12-22,0.1987449572670756
1999-12-23,0.19868748562442629
1999-12-24,0.19864963681300232
1999-12-25,0.19861706828958092
1999-12-26,0.1985845202637225
1999-12-27,0.19854817805824124
1999-12-28,0.19876317655485032
1999-12-29,0.1987399244964468
1999-12-30,0.1987676099284382
1999-12-31,0.19714767061961017
2000-01-01,0.19658700132036325
2000-01-02,0.19661681012820872
2000-01-03,0.19484328417858834
2000-01-04,0.195545513552391
2000-01-05,0.19607777237392968
2000-01-06,0.19604580994685075
2000-01-07,0.19599002619567732
2000-01-08,0.1959582202650807
2000-01-09,0.1959264342587578
2000-01-10,0.19730888251035342
2000-01-11,0.1971312496183558
2000-01-12,0.200285112594721
2000-01-13,0.21403953020707456
2000-01-14,0.21362980675175247
2000-01-15,0.2112485742827519
2000-01-16,0.21116282399200256
2000-01-17,0.21430948072672462
2000-01-18,0.1863171994975238
2000-01-19,0.2407475176903553
2000-01-20,0.195202638739037
2000-01-21,0.20492654180567182
2000-01-22,0.20487110171926662
2000-01-23,0.20483301611317492
2000-01-24,0.22670705148353076
2000-01-25,0.29001408796039363
2000-01-26,0.2715707178092824
2000-01-27,0.2910151203733746
2000-01-28,0.28719724535582664
2000-01-29,0.2825667193017111
2000-01-30,0.28253023473793965
2000-01-31,0.307795774364037
2000-02-01,0.4093790174463039
2000-02-02,0.3862359849739148
2000-02-03,0.3337402741522452
2000-02-04,0.3563651002943795
2000-02-05,0.3563302339090961
2000-02-06,0.3562953791269776
2000-02-07,0.36412960640484376
2000-02-08,0.4163430593653745
2000-02-09,0.43126997225254976
2000-02-10,0.4412098493853048
2000-02-11,0.4391590871186204
2000-02-12,0.43921843489282253
2000-02-13,0.4381107901273012
2000-02-14,0.43794423921171105
2000-02-15,0.46046440602071775
2000-02-16,0.44885240554431344
2000-02-17,0.3805081581985856
2000-02-18,0.3908812098328849
2000-02-19,0.3894248921895906
2000-02-20,0.38554470533973123
2000-02-21,0.3891418796083848
2000-02-22,0.4175964805305346
2000-02-23,0.42156379881189165
2000-02-24,0.4285578790910643
2000-02-25,0.4254697010465785
2000-02-26,0.42559292191987835
2000-02-27,0.42480380805983997
2000-02-28,0.34505987655506115
2000-02-29,0.3500310593780749
2000-03-01,0.3484026916099257
2000-03-02,0.3457517264806939
2000-03-03,0.34978020773395063
2000-03-04,0.34976152490843787
2000-03-05,0.3493031350214255
2000-03-06,0.3533333926107347
2000-03-07,0.3562654181046168
2000-03-08,0.36195409804713313
2000-03-09,0.3731685108880407
2000-03-10,0.3722763326342832
2000-03-11,0.3722318307962511
2000-03-12,0.3723054009824402
2000-03-13,0.3897110587242861
2000-03-14,0.399279780318095
2000-03-15,0.39775356866591327
2000-03-16,0.40901215650150924
2000-03-17,0.40805880548969536
2000-03-18,0.40826384910814345
2000-03-19,0.40821286778895766
2000-03-20,0.41043560830731335
2000-03-21,0.41673722226941506
2000-03-22,0.4175469849475732
2000-03-23,0.41256060178211573
2000-03-24,0.4135533243425755
2000-03-25,0.4134821440223904
2000-03-26,0.41342979901682836
2000-03-27,0.4120927428343946
2000-03-28,0.4213659644951157
2000-03-29,0.40046284273410365
2000-03-30,0.4013741639841575
2000-03-31,0.40254484053538625
2000-04-01,0.40256914683640704
2000-04-02,0.4025213031894008
2000-04-03,0.4014686646210621
2000-04-04,0.4016384039339333
2000-04-05,0.4040471095709959
2000-04-06,0.4061553079304115
2000-04-07,0.40578133405551914
2000-04-08,0.4059121923518448
2000-04-09,0.40586020226339636
2000-04-10,0.4038072362496339
2000-04-11,0.4006122639972844
2000-04-12,0.41936046736849025
2000-04-13,0.3693685630322643
2000-04-14,0.39659466810264804
2000-04-15,0.3961305233894405
2000-04-16,0.40409254275199497
2000-04-17,0.4117918040985959
2000-04-18,0.41922162003543617
2000-04-19,0.4463985066679694
2000-04-20,0.4005202026466721
2000-04-21,0.4066441316442691
2000-04-22,0.40657176030060027
2000-04-23,0.4065242611668809
2000-04-24,0.5104131498076133
2000-04-25,0.38296521914533194
2000-04-26,0.43642908357446797
2000-04-27,0.4510243964492999
2000-04-28,0.41922635906615197
2000-04-29,0.422594794793762
2000-04-30,0.4219225718513675
2000-05-01,0.43211071784548255
2000-05-02,0.4177620515263884
2000-05-03,0.40947883125879175
2000-05-04,0.44428024047757814
2000-05-05,0.4619288319091766
2000-05-06,0.4618666842919041
2000-05-07,0.46177856138482737
2000-05-08,0.464008324041801
2000-05-09,0.472573862311431
2000-05-10,0.498969660681955
2000-05-11,0.49867992217422535
2000-05-12,0.48114642526234236
2000-05-13,0.4816896918725035
2000-05-14,0.48152900661528203
2000-05-15,0.49047894468368886
2000-05-16,0.494801743835292
2000-05-17,0.49716889355112226
2000-05-18,0.49301337383422855
2000-05-19,0.5186671554260299
2000-05-20,0.5236105631613514
2000-05-21,0.5234923796018724
2000-05-22,0.526569565944793
2000-05-23,0.5288040158507883
2000-05-24,0.5306557094021433
2000-05-25,0.5262862930522636
2000-05-26,0.5262350362385814
2000-05-27,0.5261159666701007
2000-05-28,0.525996988223928
2000-05-29,0.5254504626466937
2000-05-30,0.5257756316457499
2000-05-31,0.5307189515624686
2000-06-01,0.5245098451700075
2000-06-02,0.524241368785059
2000-06-03,0.5241243432032907
2000-06-04,0.524009164623615
2000-06-05,0.5219384496661755
2000-06-06,0.5238139581354891
2000-06-07,0.5243017365832605
2000-06-08,0.5244235672580401
2000-06-09,0.5265121209887275
2000-06-10,0.5272318558430348
2000-06-11,0.5271138391068136
2000-06-12,0.5495707305122636
2000-06-13,0.5403636440058985
2000-06-14,0.5429637483950126
2000-06-15,0.5466128250969627
2000-06-16,0.5473567858305208
2000-06-17,0.5472313104199665
2000-06-18,0.5471059298098707
2000-06-19,0.5467802824817456
2000-06-20,0.5734310948404324
2000-06-21,0.5753696629610767
2000-06-22,0.5799647050831273
2000-06-23,0.5793383708902081
2000-06-24,0.5791996156890685
2000-06-25,0.5790609684709431
2000-06-26,0.576962814553958
2000-06-27,0.5895268825127302
2000-06-28,0.5922933309939711
2000-06-29,0.5896122029919658
2000-06-30,0.5897693302896753
2000-07-01,0.5896568991226762
2000-07-02,0.5894249323553301
2000-07-03,0.5892816368889328
2000-07-04,0.589138454085255
2000-07-05,0.5883010010953763
2000-07-06,0.588781188583071
2000-07-07,0.5881218028346151
2000-07-08,0.5880557879903711
2000-07-09,0.5879135680379134
2000-07-10,0.5870222119768315
2000-07-11,0.5703045862439268
2000-07-12,0.559684531788291
2000-07-13,0.550695629783947
2000-07-14,0.5589370479891779
2000-07-15,0.5592398246067548
2000-07-16,0.5591089849093319
2000-07-17,0.5576902507233031
2000-07-18,0.6612983647701925
2000-07-19,0.6805033971475885
2000-07-20,0.6035793284439608
2000-07-21,0.6018241942179691
2000-07-22,0.6016754752332645
2000-07-23,0.6015268697073642
2000-07-24,0.6470230193678531
2000-07-25,0.7492984100569174
2000-07-26,0.7485033884092992
2000-07-27,0.7335918239618522
2000-07-28,0.7083672331931122
2000-07-29,0.7084359306187955
2000-07-30,0.7083662131002582
2000-07-31,0.6662954326708387
2000-08-01,0.6568679987507712
2000-08-02,0.6425328715287894
2000-08-03,0.6263251792549577
2000-08-04,0.6395874657328141
2000-08-05,0.6394705437924347
2000-08-06,0.6391744350360457
2000-08-07,0.6221485604025058
2000-08-08,0.6288371903012081
2000-08-09,0.6036910817251531
2000-08-10,0.6054602926950153
2000-08-11,0.6058420761693584
2000-08-12,0.6090433210153249
2000-08-13,0.6088753604133808
2000-08-14,0.5805845352012619
2000-08-15,0.6057998188396169
2000-08-16,0.6188147924394793
2000-08-17,0.6465518453952899
2000-08-18,0.6453672594586758
2000-08-19,0.6409676802228241
2000-08-20,0.6408100809631416
2000-08-21,0.6457946459185407
2000-08-22,0.648472061247627
2000-08-23,0.6461137356104073
2000-08-24,0.6464022077687414
2000-08-25,0.6464341155733249
2000-08-26,0.6462736196311977
2000-08-27,0.6461132460799315
2000-08-28,0.6455377850761357
2000-08-29,0.6458214269627396
2000-08-30,0.6485611202493659
2000-08-31,0.6474305988041834
2000-09-01,0.6476626301811276
2000-09-02,0.6475017919645699
2000-09-03,0.6473410764093137
2000-09-04,0.6471804833558309
2000-09-05,0.6448079736547958
2000-09-06,0.644199224597383
2000-09-07,0.6411878474076719
2000-09-08,0.6416068362763954
2000-09-09,0.6414677099259202
2000-09-10,0.6413124468524426
2000-09-11,0.6240004575396334
2000-09-12,0.6246570100212782
2000-09-13,0.6264123900778616
2000-09-14,0.6127440552022184
2000-09-15,0.6132044963930066
2000-09-16,0.6135776440981783
2000-09-17,0.6134344543256828
2000-09-18,0.6128349160081547
2000-09-19,0.6077459563598079
2000-09-20,0.6013996807798283
2000-09-21,0.5950038390301896
2000-09-22,0.5951707445925029
2000-09-23,0.5937466018393595
2000-09-24,0.5936112186627187
2000-09-25,0.5934767928558267
2000-09-26,0.5902734521435629
2000-09-27,0.5918418313290271
2000-09-28,0.5874402352909524
2000-09-29,0.5874736652685466
2000-09-30,0.5873409326125363
2000-10-01,0.587209430838218
2000-10-02,0.5842380919726068
2000-10-03,0.5853451394116255
2000-10-04,0.6066372384964078
2000-10-05,0.5998281377220863
2000-10-06,0.599626999906612
2000-10-07,0.5994861023017399
2000-10-08,0.5993603276531737
2000-10-09,0.5992706679092804
2000-10-10,0.5844226603769961
2000-10-11,0.5758342912940068
2000-10-12,0.5634098402595149
2000-10-13,0.559251105537935
2000-10-14,0.5591401691201916
2000-10-15,0.5656529462989458
2000-10-16,0.57999918736607
2000-10-17,0.6185422298966369
2000-10-18,0.5808222948018749
2000-10-19,0.5863072312492109
2000-10-20,0.5776515858665622
2000-10-21,0.5774844869128857
2000-10-22,0.5773370783409066
2000-10-23,0.5678804868439039
2000-10-24,0.6256213156268272
2000-10-25,0.5526848043315743
2000-10-26,0.5772534234621645
2000-10-27,0.6001413979033369
2000-10-28,0.6015073367538647
2000-10-29,0.6013429039087966
2000-10-30,0.5925598271204215
2000-10-31,0.565076871818981
2000-11-01,0.5635854279423403
2000-11-02,0.5491652768720452
2000-11-03,0.5540051021329752
2000-11-04,0.5541676063626501
2000-11-05,0.554131147473803
2000-11-06,0.5725874830950192
2000-11-07,0.5699595793085115
2000-11-08,0.5600137520453897
2000-11-09,0.5532476965644743
2000-11-10,0.551681408856241
2000-11-11,0.5518284370082499
2000-11-12,0.551067378499626
2000-11-13,0.5261913209268113
2000-11-14,0.5082226106853341
2000-11-15,0.5204659519449096
2000-11-16,0.522199395627365
2000-11-17,0.5276429613914354
2000-11-18,0.5302581005388233
2000-11-19,0.530123756925294
2000-11-20,0.5215655529799271
2000-11-21,0.5196691518143716
2000-11-22,0.5199304410039502
2000-11-23,0.5200972089995738
2000-11-24,0.5199657726996201
2000-11-25,0.5198362742808467
2000-11-26,0.5197068804340436
2000-11-27,0.5195077162326011
2000-11-28,0.5168247425854098
2000-11-29,0.5138949243907307
2000-11-30,0.5114188715242761
2000-12-01,0.5111152319891175
2000-12-02,0.5109907851800711
2000-12-03,0.5108664367357689
2000-12-04,0.5113664588403936
2000-12-05,0.5070670242832267
2000-12-06,0.5101127939221782
2000-12-07,0.5108390459894004
2000-12-08,0.5108877215783622
2000-12-09,0.5107608097520999
2000-12-10,0.5106349035021455
2000-12-11,0.5103186023923915
2000-12-12,0.5087467676428149
2000-12-13,0.5101662543374184
2000-12-14,0.510621152366794
2000-12-15,0.511136048185514
2000-12-16,0.5110421557867005
2000-12-17,0.5109150679513131
2000-12-18,0.5354386616961816
2000-12-19,0.5381585181153853
2000-12-20,0.5415375155418692
2000-12-21,0.5339913167274365
2000-12-22,0.5337589474567827
2000-12-23,0.5336627332366867
2000-12-24,0.5335250925438912
2000-12-25,0.5333875686956779
2000-12-26,0.5331103739141156
2000-12-27,0.5330931186838046
2000-12-28,0.5332105569680251
2000-12-29,0.5311300077986966
2000-12-30,0.5310069781089167
2000-12-31,0.5308713507691678
2001-01-01,0.5307358374448188
2001-01-02,0.5299785248868636
2001-01-03,0.5267930052122405
2001-01-04,0.5296844431527871
2001-01-05,0.5294251663360351
2001-01-06,0.5292894010215802
2001-01-07,0.5289382348900608
2001-01-08,0.5277731157487966
2001-01-09,0.5343905147550668
2001-01-10,0.5254426635623269
2001-01-11,0.5242722904048748
2001-01-12,0.5221376964378274
2001-01-13,0.5218423697228893
2001-01-14,0.5217087548532952
2001-01-15,0.5209767465752461
2001-01-16,0.5214992906023189
2001-01-17,0.496510894817348
2001-01-18,0.5131445263466009
2001-01-19,0.4908912880672183
2001-01-20,0.49154578377579866
2001-01-21,0.4905349416329808
2001-01-22,0.4556687229727833
2001-01-23,0.4669566566322871
2001-01-24,0.5049695091144516
2001-01-25,0.5212606713875404
2001-01-26,0.5677964248886981
2001-01-27,0.5676690545708428
2001-01-28,0.567546149581453
2001-01-29,0.6091962373349037
2001-01-30,0.5921099872897347
2001-01-31,0.5534188899095148
2001-02-01,0.6577245969663573
2001-02-02,0.6398156628766096
2001-02-03,0.6398400182108407
2001-02-04,0.6397226158931008
2001-02-05,0.548155790636936
2001-02-06,0.49382524224321656
2001-02-07,0.48856736456002875
2001-02-08,0.47083029052911457
2001-02-09,0.46784082064348026
2001-02-10,0.46779546968346564
2001-02-11,0.467743786817398
2001-02-12,0.4662062288358962
2001-02-13,0.4559772116473228
2001-02-14,0.4477389804481174
2001-02-15,0.4829684147749023
2001-02-16,0.435687265324191
2001-02-17,0.4346617353377364
2001-02-18,0.434617142227219
2001-02-19,0.4335233741650439
2001-02-20,0.4409946738188942
2001-02-21,0.4102535199596364
2001-02-22,0.40624936842169107
2001-02-23,0.40552453186382126
2001-02-24,0.4052627674119233
2001-02-25,0.4052303229087375
2001-02-26,0.4081347186953181
2001-02-27,0.43058132399088295
2001-02-28,0.4250045153385173
2001-03-01,0.42528482048226995
2001-03-02,0.42505560295780986
2001-03-03,0.4251186190794411
2001-03-04,0.42507366548954706
2001-03-05,0.42654588105592034
2001-03-06,0.4421149326164646
2001-03-07,0.4449925286888692
2001-03-08,0.4289158275862322
2001-03-09,0.43273437648049207
2001-03-10,0.44652271680857597
2001-03-11,0.44647795772365256
2001-03-12,0.44712716554368703
2001-03-13,0.4372079448027073
2001-03-14,0.43599675396271076
2001-03-15,0.4361905559051666
2001-03-16,0.43729617748714306
2001-03-17,0.4372890714923418
2001-03-18,0.4372459706331246
2001-03-19,0.4073565319251921
2001-03-20,0.40602048198085594
2001-03-21,0.3942728136782982
2001-03-22,0.395382857879675
2001-03-23,0.39575388253318494
2001-03-24,0.39548309646536706
2001-03-25,0.3954512225064421
2001-03-26,0.3979858282178344
2001-03-27,0.39546077322329737
2001-03-28,0.39884319437408333
2001-03-29,0.39918499296213206
2001-03-30,0.40181782775245184
2001-03-31,0.4027572947970561
2001-04-01,0.40276489752001227
2001-04-02,0.4051385372922259
2001-04-03,0.40574325619163226
2001-04-04,0.4048884464664848
2001-04-05,0.4076252209655733
2001-04-06,0.4080962816294466
2001-04-07,0.4080617052691899
2001-04-08,0.40802713371420785
2001-04-09,0.40895553127538714
2001-04-10,0.4162924158342243
2001-04-11,0.40324424660703145
2001-04-12,0.34917958761836454
2001-04-13,0.3500964968947749
2001-04-14,0.35008440155687737
2001-04-15,0.35006043873832055
2001-04-16,0.31846655562098625
2001-04-17,0.43432021228298606
2001-04-18,0.3990577911375346
2001-04-19,0.47036759628272057
2001-04-20,0.5317891286761613
2001-04-21,0.531719546808608
2001-04-22,0.5316418482260384
2001-04-23,0.6178230186410776
2001-04-24,0.5844348853372487
2001-04-25,0.5657844142131104
2001-04-26,0.4585565007422978
2001-04-27,0.47886875039043386
2001-04-28,0.4900179373864772
2001-04-29,0.48948067759828645
2001-04-30,0.46997026040640977
2001-05-01,0.4867789536761233
2001-05-02,0.4520335747038553
2001-05-03,0.45306151439083303
2001-05-04,0.4573253038509982
2001-05-05,0.4615227699500795
2001-05-06,0.4615236898865602
2001-05-07,0.4459948881602549
2001-05-08,0.4717200240684239
2001-05-09,0.4909999980209378
2001-05-10,0.4718044814814517
2001-05-11,0.4661702752764771
2001-05-12,0.46324983327796304
2001-05-13,0.4631332052180915
2001-05-14,0.4660671684026345
2001-05-15,0.43713799437861384
2001-05-16,0.4322141416234014
2001-05-17,0.4878829149631228
2001-05-18,0.4816232448788574
2001-05-19,0.4815316998707884
2001-05-20,0.48141279458987185
2001-05-21,0.4800637512703159
2001-05-22,0.4652921014932551
2001-05-23,0.459500330396992
2001-05-24,0.4406392495734754
2001-05-25,0.448826147345944
2001-05-26,0.44871176261447765
2001-05-27,0.44859747515850074
2001-05-28,0.4484484542519962
2001-05-29,0.4475919406777649
2001-05-30,0.44340790372096744
2001-05-31,0.4426063059631933
2001-06-01,0.44051441232555305
2001-06-02,0.4404010733092661
2001-06-03,0.4402878303693134
2001-06-04,0.43878850314908363
2001-06-05,0.437419123911853
2001-06-06,0.4368703366965551
2001-06-07,0.43357694490455323
2001-06-08,0.433687108528732
2001-06-09,0.4335741673486854
2001-06-10,0.43345754345200005
2001-06-11,0.4326818064799777
2001-06-12,0.4282824554892706
2001-06-13,0.4276520135982116
2001-06-14,0.426624518295166
2001-06-15,0.4269830600117151
2001-06-16,0.4269451082217079
2001-06-17,0.4268374901217104
2001-06-18,0.40042935578619837
2001-06-19,0.4018506255704226
2001-06-20,0.4031828400775351
2001-06-21,0.39802172025903815
2001-06-22,0.3960038748245009
2001-06-23,0.3958914788160972
2001-06-24,0.39578192916908345
2001-06-25,0.39548000752195156
2001-06-26,0.37577242946553646
2001-06-27,0.3761613057598132
2001-06-28,0.3785030497808604
2001-06-29,0.37828538354761293
2001-06-30,0.37817897904202463
2001-07-01,0.3780737662933003
2001-07-02,0.3780541214461188
2001-07-03,0.3854033006459899
2001-07-04,0.38529750730231055
2001-07-05,0.38511280407756027
2001-07-06,0.39603466133263493
2001-07-07,0.39592767562051145
2001-07-08,0.39582078038680474
2001-07-09,0.39683944573303415
2001-07-10,0.4031009545204555
2001-07-11,0.4072946157388591
2001-07-12,0.41350308451006285
2001-07-13,0.40816273106865086
2001-07-14,0.40810872859337866
2001-07-15,0.4083521444267271
2001-07-16,0.40017289848760945
2001-07-17,0.4304335357870459
2001-07-18,0.44010638839126354
2001-07-19,0.41617559136185456
2001-07-20,0.3535867236693142
2001-07-21,0.3535233541322873
2001-07-22,0.35341880031139367
2001-07-23,0.3971509331144034
2001-07-24,0.3371698011596515
2001-07-25,0.37791145619503336
2001-07-26,0.5109949853090106
2001-07-27,0.5537630895729801
2001-07-28,0.5534553379009927
2001-07-29,0.5532674086191778
2001-07-30,0.6180400828798479
2001-07-31,0.6007993846456122
2001-08-01,0.6809325516538195
2001-08-02,0.6773358848912082
2001-08-03,0.672853295007476
2001-08-04,0.672446100286118
2001-08-05,0.6718559359916535
2001-08-06,0.6779404396600014
2001-08-07,0.6355202419556316
2001-08-08,0.6426937985479102
2001-08-09,0.6305070358468037
2001-08-10,0.6331786084362735
2001-08-11,0.6325863269970159
2001-08-12,0.6323142055907399
2001-08-13,0.5947317656161397
2001-08-14,0.5807116036429663
2001-08-15,0.5797094142189861
2001-08-16,0.5608583859799711
2001-08-17,0.562718910073999
2001-08-18,0.5625118327316033
2001-08-19,0.5623139347649462
2001-08-20,0.5585223409414336
2001-08-21,0.5710680690742354
2001-08-22,0.5411046214342582
2001-08-23,0.5374176543064229
2001-08-24,0.5440544456284551
2001-08-25,0.5437629515442289
2001-08-26,0.543567376180707
2001-08-27,0.5423625671946103
2001-08-28,0.5429699639015796
2001-08-29,0.5457262648241307
2001-08-30,0.5452932039020496
2001-08-31,0.5442518912580765
2001-09-01,0.544056548520696
2001-09-02,0.5438614186460656
2001-09-03,0.5436664681295572
2001-09-04,0.5419813290285588
2001-09-05,0.541272418388458
2001-09-06,0.5351600977525102
2001-09-07,0.5346647697755927
2001-09-08,0.5343170614381255
2001-09-09,0.53412488941998
2001-09-10,0.5336458977304714
2001-09-11,0.5336142623519075
2001-09-12,0.532993806345245
2001-09-13,0.5417178798784827
2001-09-14,0.5403294586308242
2001-09-15,0.5404098557457347
2001-09-16,0.540218141053562
2001-09-17,0.5450321759505674
2001-09-18,0.547895148259297
2001-09-19,0.5520106350397959
2001-09-20,0.5568098214509942
2001-09-21,0.5565885311853367
2001-09-22,0.5563952709344603
2001-09-23,0.5562022164430832
2001-09-24,0.5603441063115736
2001-09-25,0.5525335128415559
2001-09-26,0.5492817665808879
2001-09-27,0.5492509738712239
2001-09-28,0.5480645006181267
2001-09-29,0.5478815037996815
2001-09-30,0.5476905729798659
2001-10-01,0.5461758909924432
2001-10-02,0.544536527478292
2001-10-03,0.5452629741287262
2001-10-04,0.549044632091589
2001-10-05,0.5487094515272283
2001-10-06,0.5484721640026263
2001-10-07,0.5483203563627446
2001-10-08,0.5468175631900222
2001-10-09,0.5595179872063228
2001-10-10,0.5617356152538915
2001-10-11,0.567437024623414
2001-10-12,0.5659106566228097
2001-10-13,0.5678814521832595
2001-10-14,0.567691414100224
2001-10-15,0.5610803271285825
2001-10-16,0.4514707435509456
2001-10-17,0.4338586093307524
2001-10-18,0.48426855050557077
2001-10-19,0.5222178131793652
2001-10-20,0.5222620316038847
2001-10-21,0.522095891714431
2001-10-22,0.5729145701016054
2001-10-23,0.5474117872125578
2001-10-24,0.47537713614619
2001-10-25,0.37655970664883504
2001-10-26,0.36090568055090283
2001-10-27,0.361468718728853
2001-10-28,0.3609523963810009
2001-10-29,0.34628671217402024
2001-10-30,0.35693852823100264
2001-10-31,0.3419185632296342
2001-11-01,0.3219491958924886
2001-11-02,0.329195892528332
2001-11-03,0.32907950722460466
2001-11-04,0.3289664707685996
2001-11-05,0.34461248324952914
2001-11-06,0.3345343036090081
2001-11-07,0.2973362382332037
2001-11-08,0.29760671140850675
2001-11-09,0.28909612430947856
2001-11-10,0.2890253630651091
2001-11-11,0.2889306713339254
2001-11-12,0.28732953439187087
2001-11-13,0.3238923463940481
2001-11-14,0.29492253559490894
2001-11-15,0.2936021989157749
2001-11-16,0.29265709778608323
2001-11-17,0.29256203982209544
2001-11-18,0.29245933179118966
2001-11-19,0.29226784853080506
2001-11-20,0.29668085327549193
2001-11-21,0.2971687051224971
2001-11-22,0.29738884195609
2001-11-23,0.2972069617089327
2001-11-24,0.29710450152599527
2001-11-25,0.29700213671833736
2001-11-26,0.2974902385716129
2001-11-27,0.29353959178130656
2001-11-28,0.29588739833381134
2001-11-29,0.2960677631687872
2001-11-30,0.2961952614267589
2001-12-01,0.2965389288951359
2001-12-02,0.29644023664614644
2001-12-03,0.29737447392236993
2001-12-04,0.3052674429466915
2001-12-05,0.30459432696623473
2001-12-06,0.29971837074555996
2001-12-07,0.29936049614491855
2001-12-08,0.2992354574229341
2001-12-09,0.2991356162186957
2001-12-10,0.29815471622362766
2001-12-11,0.2948317295034862
2001-12-12,0.29348344537369603
2001-12-13,0.2852684922743047
2001-12-14,0.2853120858142792
2001-12-15,0.28541424906481644
2001-12-16,0.28531849078792865
2001-12-17,0.2824600890415762
2001-12-18,0.2563265745847972
2001-12-19,0.24736642034767278
2001-12-20,0.2535695946591636
2001-12-21,0.2553192553433724
2001-12-22,0.2552304608940999
2001-12-23,0.25514175168955805
2001-12-24,0.25513857310032995
2001-12-25,0.255050006771207
2001-12-26,0.2549394671616081
2001-12-27,0.25500642299917115
2001-12-28,0.2547765160200745
2001-12-29,0.25468833854866985
2001-12-30,0.25460024538322923
2001-12-31,0.25452589640640216
2002-01-01,0.2544379699001192
2002-01-02,0.2538077898127937
2002-01-03,0.25360247350411774
2002-01-04,0.2531769317144387
2002-01-05,0.2529723658742695
2002-01-06,0.2528851749610119
2002-01-07,0.2527188990347526
2002-01-08,0.2532819034526963
2002-01-09,0.24975553160309713
2002-01-10,0.2479052047285768
2002-01-11,0.24775220534075593
2002-01-12,0.2476710535672082
2002-01-13,0.24758801888532989
2002-01-14,0.24243981557880598
2002-01-15,0.23836417624046644
2002-01-16,0.2402503563202519
2002-01-17,0.2673337165909055
2002-01-18,0.27669501617532016
2002-01-19,0.27595905419620226
2002-01-20,0.2758805397306446
2002-01-21,0.26332545973678234
2002-01-22,0.2182997286669007
2002-01-23,0.27173586392911936
2002-01-24,0.12094985155252358
2002-01-25,0.13665587858660197
2002-01-26,0.13663468287939382
2002-01-27,0.13661534143900805
2002-01-28,0.12343440670607599
2002-01-29,0.010952901551858721
2002-01-30,0.05096227122230412
2002-01-31,0.0202383672319613
2002-02-01,0.0027362066568481502
2002-02-02,0.0027310005636404324
2002-02-03,0.0027258015380995
2002-02-04,0.015471977794853245
2002-02-05,-0.01752634258276553
2002-02-06,-0.013950940260928154
2002-02-07,-0.04706607697046331
2002-02-08,-0.0396544424313659
2002-02-09,-0.03990919007606349
2002-02-10,-0.03990971821008007
2002-02-11,-0.028267771873429753
2002-02-12,-0.016174076167240963
2002-02-13,0.00764339419970352
2002-02-14,-0.0003736871985031513
2002-02-15,-0.033474273170976586
2002-02-16,-0.033393946954516786
2002-02-17,-0.033401213648285556
2002-02-18,-0.031852579346506905
2002-02-19,0.010706388633834349
2002-02-20,0.013212735055753358
2002-02-21,0.015838238339009453
2002-02-22,0.023144016454238452
2002-02-23,0.02270839350289498
2002-02-24,0.022692549243792288
2002-02-25,0.025986215334078005
2002-02-26,0.03647351194159124
2002-02-27,0.0359600066167449
2002-02-28,0.06025196582452924
2002-03-01,0.05739154583063061
2002-03-02,0.057371731754754886
2002-03-03,0.057320630743889545
2002-03-04,0.057378233779321185
2002-03-05,0.19343317636879576
2002-03-06,0.19688931702259724
2002-03-07,0.21414199853700214
2002-03-08,0.2114693557549363
2002-03-09,0.21141801186610223
2002-03-10,0.21136671560474898
2002-03-11,0.20727134706328912
2002-03-12,0.19444552690482542
2002-03-13,0.19465864762064297
2002-03-14,0.20269922393172005
2002-03-15,0.2032081439326039
2002-03-16,0.2031534436565252
2002-03-17,0.20309879731377176
2002-03-18,0.20585124362379928
2002-03-19,0.20701390905194916
2002-03-20,0.2153837430274533
2002-03-21,0.2416405938202293
2002-03-22,0.2352069107410724
2002-03-23,0.23514490047075498
2002-03-24,0.23508332883332347
2002-03-25,0.23828901259821256
2002-03-26,0.2418562939412693
2002-03-27,0.20868015227055822
2002-03-28,0.23742151606871995
2002-03-29,0.23753850014021172
2002-03-30,0.23782701883121346
2002-03-31,0.2537982038960067
2002-04-01,0.24548248051563237
2002-04-02,0.24564407123525953
2002-04-03,0.24570746237457305
2002-04-04,0.2460247294626409
2002-04-05,0.24076442613123725
2002-04-06,0.24070226808850012
2002-04-07,0.24064016820237308
2002-04-08,0.24121384384414815
2002-04-09,0.24493923064557158
2002-04-10,0.24573918062325548
2002-04-11,0.2519389306443656
2002-04-12,0.2518357046956897
2002-04-13,0.2528180437914642
2002-04-14,0.2527529387805935
2002-04-15,0.2822429988639378
2002-04-16,0.2820061092244741
2002-04-17,0.2732696583188175
2002-04-18,0.24251470432892833
2002-04-19,0.2702866289452548
2002-04-20,0.27021247114153774
2002-04-21,0.2701383847450421
2002-04-22,0.3092193851230346
2002-04-23,0.1990006620368078
2002-04-24,0.09242675364179191
2002-04-25,0.18721376063545225
2002-04-26,0.20503123742433813
2002-04-27,0.2049680023555235
2002-04-28,0.2049048291155046
2002-04-29,0.1942734651899344
2002-04-30,0.19998540341374127
2002-05-01,0.21671337334645513
2002-05-02,0.2279996989468653
2002-05-03,0.11065249766335257
2002-05-04,0.11074962353491417
2002-05-05,0.11084501743013359
2002-05-06,0.10934962199996108
2002-05-07,0.11460231021679657
2002-05-08,0.11535118714743396
2002-05-09,0.11260398610301707
2002-05-10,0.11347357389822012
2002-05-11,0.11292142574996539
2002-05-12,0.11287110033660341
2002-05-13,0.10753556532812363
2002-05-14,0.15792816434935605
2002-05-15,0.1746339119233736
2002-05-16,0.1960393949407645
2002-05-17,0.2060065119165363
2002-05-18,0.20593292848585887
2002-05-19,0.20585923383562998
2002-05-20,0.20757349718345108
2002-05-21,0.2239515658708194
2002-05-22,0.22856950800994077
2002-05-23,0.22059165573887474
2002-05-24,0.22212794079452927
2002-05-25,0.22204850162060885
2002-05-26,0.22196913731880352
2002-05-27,0.22188455025819284
2002-05-28,0.21579691882913288
2002-05-29,0.21674172443354886
2002-05-30,0.2157232908160298
2002-05-31,0.2184426860119858
2002-06-01,0.21836488792082165
2002-06-02,0.21828716285031133
2002-06-03,0.2180472121019147
2002-06-04,0.218154046021277
2002-06-05,0.2180835096832067
2002-06-06,0.21790732138362848
2002-06-07,0.21766777708457008
2002-06-08,0.21759000042624135
2002-06-09,0.2175122968229003
2002-06-10,0.21779809332330044
2002-06-11,0.21893247650008987
2002-06-12,0.22268761331792272
2002-06-13,0.22360307328173437
2002-06-14,0.21417287994794362
2002-06-15,0.21408341091232974
2002-06-16,0.21400678179367771
2002-06-17,0.21390403184827514
2002-06-18,0.2069209723859563
2002-06-19,0.205865467007157
2002-06-20,0.1961454411001088
2002-06-21,0.1961052075774836
2002-06-22,0.19606487413116427
2002-06-23,0.19621308058156614
2002-06-24,0.19696855998205468
2002-06-25,0.20465202129331397
2002-06-26,0.20499633043099444
2002-06-27,0.20971221880939686
2002-06-28,0.21025102041077384
2002-06-29,0.21037422819489546
2002-06-30,0.2102979443212741
2002-07-01,0.21237774689268166
2002-07-02,0.21104061062544513
2002-07-03,0.21096966673338194
2002-07-04,0.21089338865877916
2002-07-05,0.21044301110662553
2002-07-06,0.21036700431955566
2002-07-07,0.21029106876632428
2002-07-08,0.2042835595272067
2002-07-09,0.2062932385032369
2002-07-10,0.20599396418329743
2002-07-11,0.20862780181137383
2002-07-12,0.21796381642054438
2002-07-13,0.21864410900060519
2002-07-14,0.2185681172825872
2002-07-15,0.2192457760738377
2002-07-16,0.2219964834949466
2002-07-17,0.23229618154808476
2002-07-18,0.26644587823111054
2002-07-19,0.29344199060533765
2002-07-20,0.29457855635661967
2002-07-21,0.2948648824837092
2002-07-22,0.28416643833321403
2002-07-23,0.26530457734356844
2002-07-24,0.2759606920599504
2002-07-25,0.3665716622410124
2002-07-26,0.3823365840853586
2002-07-27,0.3821649112572871
2002-07-28,0.382056261311442
2002-07-29,0.3167719383385145
2002-07-30,0.3407185281484127
2002-07-31,0.33519126226768764
2002-08-01,0.31595986399166126
2002-08-02,0.3160894607280386
2002-08-03,0.3159938049989566
2002-08-04,0.3158889640272616
2002-08-05,0.31033906912813364
2002-08-06,0.315378642922398
2002-08-07,0.3273008732164415
2002-08-08,0.3650300707696057
2002-08-09,0.3618976548633451
2002-08-10,0.36183790311601666
2002-08-11,0.361741827473896
2002-08-12,0.36165409781803
2002-08-13,0.3559812317139291
2002-08-14,0.32722599492258725
2002-08-15,0.33776173524135783
2002-08-16,0.3377112773472744
2002-08-17,0.3376366417624374
2002-08-18,0.33752375991019923
2002-08-19,0.338590241330709
2002-08-20,0.3365141457719189
2002-08-21,0.3346970720258291
2002-08-22,0.3388749774282139
2002-08-23,0.33711460071675764
2002-08-24,0.33700093084587907
2002-08-25,0.3368873719728988
2002-08-26,0.3373628770070762
2002-08-27,0.3491961503812866
2002-08-28,0.3457706313161209
2002-08-29,0.3462949390200413
2002-08-30,0.3460056218403989
2002-08-31,0.34585370018298467
2002-09-01,0.3457423119373009
2002-09-02,0.3456197778331191
2002-09-03,0.3454459469731681
2002-09-04,0.3470246712879117
2002-09-05,0.3487977542304585
2002-09-06,0.3480719771355106
2002-09-07,0.34796051895277724
2002-09-08,0.3478491659480225
2002-09-09,0.3473292541037109
2002-09-10,0.3393710586495668
2002-09-11,0.3395162923093527
2002-09-12,0.3398883703822859
2002-09-13,0.34050968955798444
2002-09-14,0.34040368764977674
2002-09-15,0.3402977824673871
2002-09-16,0.33344662735412606
2002-09-17,0.33084843799327235
2002-09-18,0.32667999825253463
2002-09-19,0.3229515014313045
2002-09-20,0.32352764549619767
2002-09-21,0.32350800166331967
2002-09-22,0.3234074599014576
2002-09-23,0.33056280082109474
2002-09-24,0.32812474734622943
2002-09-25,0.3293635708952744
2002-09-26,0.32085259980532216
2002-09-27,0.32012077493555774
2002-09-28,0.32003309987179424
2002-09-29,0.3199347620149367
2002-09-30,0.32264861829118985
2002-10-01,0.3234839597948529
2002-10-02,0.323824101421123
2002-10-03,0.3219889384452121
2002-10-04,0.3220953003110365
2002-10-05,0.32199633451187765
2002-10-06,0.32220383815902426
2002-10-07,0.3220872859655648
2002-10-08,0.3094688929714477
2002-10-09,0.31529625146705054
2002-10-10,0.31240498700422153
2002-10-11,0.30249096314724294
2002-10-12,0.30237341783666244
2002-10-13,0.3024106105241501
2002-10-14,0.30546705051286455
2002-10-15,0.2766725539578651
2002-10-16,0.3488574659667994
2002-10-17,0.30285758102140736
2002-10-18,0.28821767614393395
2002-10-19,0.288102445265483
2002-10-20,0.3094485316094997
2002-10-21,0.3164346146136416
2002-10-22,0.40806430631374796
2002-10-23,0.4122715095635286
2002-10-24,0.4250064047998554
2002-10-25,0.43648303845226205
2002-10-26,0.43627680752547343
2002-10-27,0.43612757750150166
2002-10-28,0.43858763420343433
2002-10-29,0.4878389722762763
2002-10-30,0.45324397892047186
2002-10-31,0.4453943888612632
2002-11-01,0.4458345082335839
2002-11-02,0.4457213212874942
2002-11-03,0.4455614538957497
2002-11-04,0.4486337558192121
2002-11-05,0.44154089896227716
2002-11-06,0.42482901476333407
2002-11-07,0.41092857484530404
2002-11-08,0.40189287799008716
2002-11-09,0.4019179738607344
2002-11-10,0.4017730498205549
2002-11-11,0.40094209475968934
2002-11-12,0.3916087077359062
2002-11-13,0.35760489970256465
2002-11-14,0.40118199557054074
2002-11-15,0.40855807353906415
2002-11-16,0.40848877121405947
2002-11-17,0.4083517513930137
2002-11-18,0.4042642809549808
2002-11-19,0.387836585034224
2002-11-20,0.3871371507895396
2002-11-21,0.37922028345444764
2002-11-22,0.38238967787807043
2002-11-23,0.3822912036797443
2002-11-24,0.38217466280227774
2002-11-25,0.3808976846411551
2002-11-26,0.38216276596046656
2002-11-27,0.3796092505837771
2002-11-28,0.3816997640048044
2002-11-29,0.3816316545669845
2002-11-30,0.38151553130012417
2002-12-01,0.38126546677593737
2002-12-02,0.38116616803868614
2002-12-03,0.37781724860296223
2002-12-04,0.3772983321067917
2002-12-05,0.37748389749922184
2002-12-06,0.37686182698115717
2002-12-07,0.37674700194428895
2002-12-08,0.37663227109432
2002-12-09,0.3756781190640191
2002-12-10,0.3762492229233348
2002-12-11,0.37747542675171397
2002-12-12,0.37281104394167985
2002-12-13,0.37324959689740167
2002-12-14,0.37326879110846695
2002-12-15,0.37315628934897954
2002-12-16,0.3729767160638738
2002-12-17,0.36889572495862133
2002-12-18,0.37690355870513503
2002-12-19,0.3592292154061438
2002-12-20,0.4005952083506716
2002-12-21,0.4006190668228194
2002-12-22,0.4005088479175838
2002-12-23,0.39794625302466263
2002-12-24,0.3937571184779185
2002-12-25,0.3936486469883913
2002-12-26,0.39344457287945334
2002-12-27,0.3933847426531239
2002-12-28,0.39327652928507656
2002-12-29,0.3931684006010642
2002-12-30,0.39307024470974034
2002-12-31,0.3929242297069706
2003-01-01,0.39283275878708945
2003-01-02,0.39273327403631525
2003-01-03,0.39171287120886866
2003-01-04,0.3916056378025914
2003-01-05,0.39148939275950606
2003-01-06,0.39063800856293235
2003-01-07,0.3910677315596409
2003-01-08,0.3909395901441739
2003-01-09,0.39555965022181455
2003-01-10,0.39583894741522757
2003-01-11,0.3958256917295245
2003-01-12,0.39571719132183053
2003-01-13,0.3968951938027406
2003-01-14,0.40150783783816596
2003-01-15,0.40619759821171825
2003-01-16,0.42287070423147705
2003-01-17,0.4195136777399655
2003-01-18,0.4193937848189256
2003-01-19,0.4192739891079413
2003-01-20,0.41963618320086976
2003-01-21,0.41841888387123644
2003-01-22,0.43274635110363285
2003-01-23,0.4535322731760722
2003-01-24,0.4714200734816456
2003-01-25,0.4712615499389449
2003-01-26,0.4711201673890333
2003-01-27,0.4686806487353044
2003-01-28,0.5637214361702364
2003-01-29,0.5668321728011163
2003-01-30,0.5948316771714146
2003-01-31,0.6011030244295162
2003-02-01,0.6002325419119497
2003-02-02,0.6000635983049397
2003-02-03,0.6007085185551816
2003-02-04,0.621960058741879
2003-02-05,0.6414540963121987
2003-02-06,0.6344651881205133
2003-02-07,0.6333152768396064
2003-02-08,0.6331364424518875
2003-02-09,0.6323286610066227
2003-02-10,0.626482030821316
2003-02-11,0.6267695491717004
2003-02-12,0.6510516009492888
2003-02-13,0.6609740804793458
2003-02-14,0.6636371862565505
2003-02-15,0.662758103673076
2003-02-16,0.6625656375860421
2003-02-17,0.6618929259388615
2003-02-18,0.6752176850397748
2003-02-19,0.6808825747890604
2003-02-20,0.6929398554706849
2003-02-21,0.6821214372138517
2003-02-22,0.6819855158181959
2003-02-23,0.6887421404754605
2003-02-24,0.6828749501753483
2003-02-25,0.6707663552403526
2003-02-26,0.6760459696061359
2003-02-27,0.48625990715082024
2003-02-28,0.4865170367935822
2003-03-01,0.48735112879370934
2003-03-02,0.48765665904936456
2003-03-03,0.4843014193164019
2003-03-04,0.4710938534855635
2003-03-05,0.48007703858805756
2003-03-06,0.4796420602825635
2003-03-07,0.48010614850641026
2003-03-08,0.479420859238967
2003-03-09,0.4827353345039414
2003-03-10,0.4761477235133402
2003-03-11,0.48175952373044306
2003-03-12,0.48189977886473717
2003-03-13,0.4872602154859873
2003-03-14,0.4884862087859587
2003-03-15,0.4886321364174828
2003-03-16,0.48844581759032063
2003-03-17,0.4806543137040908
2003-03-18,0.47938521422960495
2003-03-19,0.47261933009645113
2003-03-20,0.4716318878633327
2003-03-21,0.4668904659152459
2003-03-22,0.4667045172025794
2003-03-23,0.46652069212779
2003-03-24,0.46891965166820143
2003-03-25,0.4822319577003294
2003-03-26,0.4816326826850205
2003-03-27,0.48227600905881546
2003-03-28,0.48495902897639337
2003-03-29,0.4851797724748024
2003-03-30,0.4849906387799378
2003-03-31,0.47077208895428413
2003-04-01,0.4748995467668911
2003-04-02,0.47521673842820084
2003-04-03,0.4752575384076547
2003-04-04,0.4760522422195945
2003-04-05,0.4758622110632799
2003-04-06,0.4756723886581615
2003-04-07,0.47599655742010283
2003-04-08,0.4759651159888989
2003-04-09,0.4796101757147791
2003-04-10,0.4786591784801875
2003-04-11,0.4742409194873378
2003-04-12,0.47405038404336963
2003-04-13,0.4738600575326015
2003-04-14,0.501875598779976
2003-04-15,0.5776624156283424
2003-04-16,0.5950942427721585
2003-04-17,0.6144079514316965
2003-04-18,0.614133380607488
2003-04-19,0.6139968801610985
2003-04-20,0.6137542490518707
2003-04-21,0.5971285727252681
2003-04-22,0.623244855110161
2003-04-23,0.6357373075693729
2003-04-24,0.6448581969272065
2003-04-25,0.6313470110196192
2003-04-26,0.6343270705200169
2003-04-27,0.6349796035300984
2003-04-28,0.5727184343487614
2003-04-29,0.66616920286787
2003-04-30,0.6553538702976659
2003-05-01,0.7152521949889185
2003-05-02,0.7751886289273563
2003-05-03,0.774894437216843
2003-05-04,0.7769221862088188
2003-05-05,0.7737886806097437
2003-05-06,0.7486407431477818
2003-05-07,0.8028139295168101
2003-05-08,0.7850125245915329
2003-05-09,0.7907143651345812
2003-05-10,0.7904176837818168
2003-05-11,0.7903287813988452
2003-05-12,0.8036190211828025
2003-05-13,0.793142434622705
2003-05-14,0.8052750749900883
2003-05-15,0.819905431961366
2003-05-16,0.8221759161133052
2003-05-17,0.8219281981238828
2003-05-18,0.8216274197768941
2003-05-19,0.8149564587794531
2003-05-20,0.8132135566223199
2003-05-21,0.81367836214918
2003-05-22,0.8037027483093363
2003-05-23,0.8030468621427683
2003-05-24,0.8029350533149406
2003-05-25,0.8026380988632645
2003-05-26,0.8023487891745275
2003-05-27,0.8021090525655833
2003-05-28,0.8045980738136916
2003-05-29,0.8009175910142966
2003-05-30,0.7986458540233761
2003-05-31,0.7982668106707941
2003-06-01,0.7979942627056062
2003-06-02,0.7981660545441822
2003-06-03,0.7993475877982478
2003-06-04,0.7998792044853665
2003-06-05,0.7976399001245307
2003-06-06,0.7973176465436014
2003-06-07,0.7970264348066496
2003-06-08,0.7967355724049843
2003-06-09,0.7967438031301176
2003-06-10,0.7974557861516313
2003-06-11,0.803663614003058
2003-06-12,0.8114489326110146
2003-06-13,0.8118441531857078
2003-06-14,0.8115476055622426
2003-06-15,0.8112514144136581
2003-06-16,0.8109377040434627
2003-06-17,0.8093457078681768
2003-06-18,0.8073457417116296
2003-06-19,0.828068219033777
2003-06-20,0.8278670108845604
2003-06-21,0.8275740664830753
2003-06-22,0.8272759407838605
2003-06-23,0.8261301539668464
2003-06-24,0.8265015445843272
2003-06-25,0.8262495833152835
2003-06-26,0.8318967727935299
2003-06-27,0.8316713758321929
2003-06-28,0.8313641075506824
2003-06-29,0.8310645745812978
2003-06-30,0.8303557515180381
2003-07-01,0.8283767218912527
2003-07-02,0.8288114841835114
2003-07-03,0.8282253327420364
2003-07-04,0.8274235902788288
2003-07-05,0.8271276522216288
2003-07-06,0.8268262593848713
2003-07-07,0.8265679674669549
2003-07-08,0.8263173819129345
2003-07-09,0.8344967643966111
2003-07-10,0.8314774447140062
2003-07-11,0.8232079974720935
2003-07-12,0.8229120259514312
2003-07-13,0.8226164041456464
2003-07-14,0.8227898787695368
2003-07-15,0.8267106294412133
2003-07-16,0.8661822328848189
2003-07-17,0.9108074597763944
2003-07-18,0.9058981823940258
2003-07-19,0.9054671924611014
2003-07-20,0.9051205241066381
2003-07-21,0.9349298937115464
2003-07-22,0.9325150156602077
2003-07-23,0.914140744108379
2003-07-24,0.8567647133421058
2003-07-25,0.833266089590818
2003-07-26,0.8329420209637742
2003-07-27,0.8326183862135322
2003-07-28,0.8648629501994467
2003-07-29,0.8179536270799138
2003-07-30,0.8151703184430047
2003-07-31,0.8136378652102293
2003-08-01,0.8078607023255712
2003-08-02,0.8075185698752403
2003-08-03,0.8071870346552087
2003-08-04,0.8132915540834594
2003-08-05,0.8170862386217755
2003-08-06,0.8103244794541457
2003-08-07,0.8115801205391723
2003-08-08,0.8231598064263945
2003-08-09,0.8228726377286785
2003-08-10,0.8225291872773686
2003-08-11,0.8208857442661581
2003-08-12,0.8954922100295226
2003-08-13,0.8627043302030083
2003-08-14,0.8552475784075143
2003-08-15,0.8629341967326719
2003-08-16,0.8635197840247848
2003-08-17,0.8633302834105482
2003-08-18,0.8648672187498464
2003-08-19,0.8962505036492824
2003-08-20,0.9031622540410167
2003-08-21,0.9064923863100235
2003-08-22,0.9064954935339519
2003-08-23,0.9061260449235499
2003-08-24,0.905751524884664
2003-08-25,0.9059803807036411
2003-08-26,0.8970105856297041
2003-08-27,0.8961720486207819
2003-08-28,0.8812888253207677
2003-08-29,0.8841108497454039
2003-08-30,0.8837456452479264
2003-08-31,0.8833809931987625
2003-09-01,0.8830168920944977
2003-09-02,0.8842283217782642
2003-09-03,0.890016198310839
2003-09-04,0.8877100324511379
2003-09-05,0.8872377713620091
2003-09-06,0.8868029452026974
2003-09-07,0.8864380047255088
2003-09-08,0.8899562385697367
2003-09-09,0.8911750996521373
2003-09-10,0.8910943551621618
2003-09-11,0.890711775316143
2003-09-12,0.8905310364054713
2003-09-13,0.8906156663809971
2003-09-14,0.8902510133470285
2003-09-15,0.8898380741419865
2003-09-16,0.8935524962739124
2003-09-17,0.8976131829751473
2003-09-18,0.9052453868232627
2003-09-19,0.9049982375494262
2003-09-20,0.9047553546204794
2003-09-21,0.9043897183841517
2003-09-22,0.9051698245011804
2003-09-23,0.9046525782681184
2003-09-24,0.9061190120638661
2003-09-25,0.9081875616122351
2003-09-26,0.90777116681266
2003-09-27,0.9074086790475752
2003-09-28,0.907044880620696
2003-09-29,0.9058634432383054
2003-09-30,0.9202025289323069
2003-10-01,0.9194476502366183
2003-10-02,0.9198339831057852
2003-10-03,0.9202980899316149
2003-10-04,0.9199262816991739
2003-10-05,0.9195635676145049
2003-10-06,0.9196702319876495
2003-10-07,0.9312684644315979
2003-10-08,0.9329592709679098
2003-10-09,0.9380437365296274
2003-10-10,0.9151599474344169
2003-10-11,0.9147914951157841
2003-10-12,0.9144235915930912
2003-10-13,0.9137364990356543
2003-10-14,0.9427935651334339
2003-10-15,0.9148447895959836
2003-10-16,0.872340241942862
2003-10-17,0.8731788915585375
2003-10-18,0.8728405624233465
2003-10-19,0.8724868535336223
2003-10-20,0.8866067125553921
2003-10-21,0.9574104208565046
2003-10-22,0.9561394188629512
2003-10-23,1.014345308800608
2003-10-24,1.0232602865622928
2003-10-25,1.022861422690851
2003-10-26,1.0224702922488045
2003-10-27,1.0187227328270885
2003-10-28,1.0270407533073385
2003-10-29,1.0366565734492612
2003-10-30,1.0315581848530373
2003-10-31,1.0482422344964195
2003-11-01,1.047821996254529
2003-11-02,1.0473538073733728
2003-11-03,1.0482303090951162
2003-11-04,1.068380641365519
2003-11-05,1.1072428493652915
2003-11-06,1.1287953893560403
2003-11-07,1.1313603428213608
2003-11-08,1.1309080641732876
2003-11-09,1.1304564923859342
2003-11-10,1.1482599751021274
2003-11-11,1.139128970906464
2003-11-12,1.1612674880077005
2003-11-13,1.1611392461474326
2003-11-14,1.1620544230316951
2003-11-15,1.1638280057354191
2003-11-16,1.1633870119940013
2003-11-17,1.1678679270379149
2003-11-18,1.1636435041090591
2003-11-19,1.1839925132957068
2003-11-20,1.1761696758058482
2003-11-21,1.176245733481149
2003-11-22,1.1758287088302521
2003-11-23,1.1753923606072645
2003-11-24,1.1766305248519429
2003-11-25,1.1731887251136535
2003-11-26,1.1718788091038919
2003-11-27,1.1714487052079579
2003-11-28,1.1710388335364397
2003-11-29,1.1706099482720396
2003-11-30,1.170181685575903
2003-12-01,1.1680078217452785
2003-12-02,1.1689476417042275
2003-12-03,1.1710969124977744
2003-12-04,1.1709691859281273
2003-12-05,1.171605506475793
2003-12-06,1.1713534385671742
2003-12-07,1.1709297975529493
2003-12-08,1.168665240548381
2003-12-09,1.16533347411253
2003-12-10,1.1656368718501142
2003-12-11,1.168330953676572
2003-12-12,1.1672471358149683
2003-12-13,1.1668297664538498
2003-12-14,1.1664129875255884
2003-12-15,1.1797511894136965
2003-12-16,1.1816385355142949
2003-12-17,1.1788818324983086
2003-12-18,1.1793629975920148
2003-12-19,1.1819987077596235
2003-12-20,1.1815831853639862
2003-12-21,1.1811682427958734
2003-12-22,1.1817758041402167
2003-12-23,1.1845461684533884
2003-12-24,1.1841263590455053
2003-12-25,1.1837147807491
2003-12-26,1.1832901985055229
2003-12-27,1.1828797616605888
2003-12-28,1.1824698908865001
2003-12-29,1.181706015667105
2003-12-30,1.1812831703477153
2003-12-31,1.1808753982012774
2004-01-01,1.1804681851963978
2004-01-02,1.1800615298925976
2004-01-03,1.179655430854837
2004-01-04,1.1792498866534842
2004-01-05,1.178274506736617
2004-01-06,1.1785680231797657
2004-01-07,1.1794134789634927
2004-01-08,1.1796954132923851
2004-01-09,1.1791817759179708
2004-01-10,1.1787785928869743
2004-01-11,1.178375955981784
2004-01-12,1.1784087463894533
2004-01-13,1.1780003413416278
2004-01-14,1.185828976022065
2004-01-15,1.1892982567557275
2004-01-16,1.1998103037904098
2004-01-17,1.199399177832963
2004-01-18,1.1989886007567607
2004-01-19,1.1988789049834778
2004-01-20,1.187721748950361
2004-01-21,1.2103195102626771
2004-01-22,1.142555145700656
2004-01-23,1.1342503248282596
2004-01-24,1.1342364915714673
2004-01-25,1.1338558717813616
2004-01-26,1.1455165619204601
2004-01-27,1.1441253334689911
2004-01-28,1.2361149195770422
2004-01-29,1.306595148111992
2004-01-30,1.3097543528233881
2004-01-31,1.309236400213259
2004-02-01,1.308719255906271
2004-02-02,1.2997115325086868
2004-02-03,1.274163304570874
2004-02-04,1.272497928386418
2004-02-05,1.2648023610827
2004-02-06,1.2693741337175561
2004-02-07,1.2688749718880623
2004-02-08,1.2683765784385879
2004-02-09,1.242394334767807
2004-02-10,1.2342612614437367
2004-02-11,1.2214878019611273
2004-02-12,1.20579196964568
2004-02-13,1.208771125953796
2004-02-14,1.2083267517384215
2004-02-15,1.2077906375878726
2004-02-16,1.2078608736861003
2004-02-17,1.220592617156283
2004-02-18,1.2226792260701485
2004-02-19,1.1781398277454176
2004-02-20,1.1791227060726863
2004-02-21,1.178654204609568
2004-02-22,1.1781864007124925
2004-02-23,1.17338915641177
2004-02-24,1.1677806236597792
2004-02-25,1.1675599555926504
2004-02-26,1.1492048164574602
2004-02-27,1.1527936747298388
2004-02-28,1.1528165256063874
2004-02-29,1.1524338902000888
2004-03-01,1.1566172713729215
2004-03-02,1.1646138149703924
2004-03-03,1.1724347795042818
2004-03-04,1.1813534295103805
2004-03-05,1.1808840951956314
2004-03-06,1.180435559818838
2004-03-07,1.1796855896376703
2004-03-08,1.1647538878260788
2004-03-09,1.1728912407317036
2004-03-10,1.1683809383492259
2004-03-11,1.1714454924501123
2004-03-12,1.171533279908463
2004-03-13,1.1710460826991829
2004-03-14,1.1705596562891316
2004-03-15,1.1688315304940424
2004-03-16,1.169548255732935
2004-03-17,1.168418038098232
2004-03-18,1.1812598289375909
2004-03-19,1.179048544567568
2004-03-20,1.1785554757787686
2004-03-21,1.1780631937807844
2004-03-22,1.181973477332143
2004-03-23,1.1846791832090735
2004-03-24,1.18312465083215
2004-03-25,1.1860927539375374
2004-03-26,1.1950744595307083
2004-03-27,1.1946048122470942
2004-03-28,1.1941067316156637
2004-03-29,1.193288186080155
2004-03-30,1.1935174425561685
2004-03-31,1.201378648366686
2004-04-01,1.2013771647853717
2004-04-02,1.2013568561947972
2004-04-03,1.2008521020475442
2004-04-04,1.2224422011625757
2004-04-05,1.2219826813758428
2004-04-06,1.2204314706932906
2004-04-07,1.229852928713469
2004-04-08,1.2313797823511363
2004-04-09,1.2309935906611598
2004-04-10,1.2304830040549453
2004-04-11,1.2299732332225382
2004-04-12,1.2272480647337867
2004-04-13,1.2356806287473845
2004-04-14,1.2367115856695277
2004-04-15,1.2292503475431458
2004-04-16,1.2284663783259686
2004-04-17,1.227962275081045
2004-04-18,1.2281811333341217
2004-04-19,1.2227295407000025
2004-04-20,1.2111995166818388
2004-04-21,1.2078958361823766
2004-04-22,1.225818248065049
2004-04-23,1.2133768632859931
2004-04-24,1.2121949729479347
2004-04-25,1.2116809777317472
2004-04-26,1.2323206257226478
2004-04-27,1.2553432022232787
2004-04-28,1.2714659282328982
2004-04-29,1.3162424602046092
2004-04-30,1.3448356515636106
2004-05-01,1.3443088798505902
2004-05-02,1.3430104576324757
2004-05-03,1.3465094448440056
2004-05-04,1.360352043597817
2004-05-05,1.3821467443732705
2004-05-06,1.3810699062712954
2004-05-07,1.398104280854435
2004-05-08,1.3975402261332592
2004-05-09,1.3969036733381166
2004-05-10,1.3705404292378862
2004-05-11,1.3764646021168572
2004-05-12,1.3748865803102068
2004-05-13,1.3555520809222763
2004-05-14,1.3570338508016249
2004-05-15,1.356498996355824
2004-05-16,1.3559026732499782
2004-05-17,1.3458079980594206
2004-05-18,1.338972009857016
2004-05-19,1.3405748176189725
2004-05-20,1.3382751648210096
2004-05-21,1.3375264114509395
2004-05-22,1.3369388549261456
2004-05-23,1.3363522788546927
2004-05-24,1.34088403335613
2004-05-25,1.3405476358407054
2004-05-26,1.3439068914202439
2004-05-27,1.3455216886278
2004-05-28,1.3465356385650586
2004-05-29,1.3459465536590782
2004-05-30,1.3453163096289913
2004-05-31,1.3447315940827196
2004-06-01,1.344090431425002
2004-06-02,1.3563736466429106
2004-06-03,1.3553054325596048
2004-06-04,1.3548186236309379
2004-06-05,1.3542367760955216
2004-06-06,1.35364882434343
2004-06-07,1.3533012911181392
2004-06-08,1.3525930462103268
2004-06-09,1.3559876348690778
2004-06-10,1.3547486652310488
2004-06-11,1.353370028951111
2004-06-12,1.353018810825258
2004-06-13,1.352433836040105
2004-06-14,1.3527868235606701
2004-06-15,1.3537994150505712
2004-06-16,1.3527045086110399
2004-06-17,1.3521154501977175
2004-06-18,1.3507710591099826
2004-06-19,1.3501918732200375
2004-06-20,1.3496136235738356
2004-06-21,1.350667176332956
2004-06-22,1.3484077995149424
2004-06-23,1.3523437030499956
2004-06-24,1.3524454958954573
2004-06-25,1.3516544328635962
2004-06-26,1.3510748986499177
2004-06-27,1.3504962999912475
2004-06-28,1.3500085960504526
2004-06-29,1.3459418405399612
2004-06-30,1.343852095724816
2004-07-01,1.3381688417978603
2004-07-02,1.3378201895952306
2004-07-03,1.33725486499413
2004-07-04,1.3366904429688649
2004-07-05,1.336126920880852
2004-07-06,1.3329891984917106
2004-07-07,1.334333576876489
2004-07-08,1.3337897183186291
2004-07-09,1.3350476630015864
2004-07-10,1.3344827835183393
2004-07-11,1.333918803270195
2004-07-12,1.3515694325812015
2004-07-13,1.351410936878601
2004-07-14,1.3514286234874664
2004-07-15,1.3570557493021642
2004-07-16,1.36162492388848
2004-07-17,1.361391606425568
2004-07-18,1.3608135000010673
2004-07-19,1.3545130413409214
2004-07-20,1.3538066732652883
2004-07-21,1.3350103210804332
2004-07-22,1.3800705195360774
2004-07-23,1.3881073187136233
2004-07-24,1.386876231080481
2004-07-25,1.3862414687265652
2004-07-26,1.4099137444876628
2004-07-27,1.4680750998680756
2004-07-28,1.4763212099482905
2004-07-29,1.5845200490253564
2004-07-30,1.592132824590945
2004-07-31,1.5909106671920334
2004-08-01,1.5917876813487453
2004-08-02,1.5617733416183688
2004-08-03,1.4492058532097545
2004-08-04,1.4594895328316442
2004-08-05,1.4046292993495264
2004-08-06,1.4088206377869785
2004-08-07,1.4081840977662248
2004-08-08,1.4074927511329232
2004-08-09,1.3798820907027087
2004-08-10,1.373334506770932
2004-08-11,1.372892521672436
2004-08-12,1.3913029587312724
2004-08-13,1.3913052481647217
2004-08-14,1.3908165439902263
2004-08-15,1.390119474763617
2004-08-16,1.388579930192644
2004-08-17,1.4054631723816486
2004-08-18,1.4240529091856289
2004-08-19,1.4179383468920712
2004-08-20,1.4166505204670574
2004-08-21,1.4159318905510307
2004-08-22,1.4152053511682159
2004-08-23,1.4169572394269574
2004-08-24,1.4127131425128867
2004-08-25,1.4059709176480901
2004-08-26,1.406713595629456
2004-08-27,1.4055109080215133
2004-08-28,1.4048390665593622
2004-08-29,1.404124845281179
2004-08-30,1.4033752692098702
2004-08-31,1.3875041084178834
2004-09-01,1.3872946001846562
2004-09-02,1.3693345898219855
2004-09-03,1.3788864445679676
2004-09-04,1.378616103966961
2004-09-05,1.377912569279343
2004-09-06,1.3772102929713634
2004-09-07,1.3756029582856308
2004-09-08,1.370925552532558
2004-09-09,1.369303499355934
2004-09-10,1.3687801792781318
2004-09-11,1.3680853835922138
2004-09-12,1.3673918219086376
2004-09-13,1.3660709880052593
2004-09-14,1.3606746903751514
2004-09-15,1.3595062846180885
2004-09-16,1.358492598894432
2004-09-17,1.3630104343085652
2004-09-18,1.3623210450672
2004-09-19,1.3616328746756088
2004-09-20,1.3591269768583552
2004-09-21,1.3573539356000708
2004-09-22,1.357292230001506
2004-09-23,1.353846040879935
2004-09-24,1.353725846388592
2004-09-25,1.3530461245786602
2004-09-26,1.3523675947300635
2004-09-27,1.3511787698764124
2004-09-28,1.3537647850038406
2004-09-29,1.3551654164157847
2004-09-30,1.3572957504317387
2004-10-01,1.357959143102755
2004-10-02,1.356921950577019
2004-10-03,1.356243619002278
2004-10-04,1.3556648498977095
2004-10-05,1.352431364986689
2004-10-06,1.3529043199672302
2004-10-07,1.3475824343810119
2004-10-08,1.3425637883499622
2004-10-09,1.3418953191430338
2004-10-10,1.3414488307076955
2004-10-11,1.3404606270536004
2004-10-12,1.3526221895016437
2004-10-13,1.344282612332197
2004-10-14,1.3236595983723494
2004-10-15,1.3219588465500316
2004-10-16,1.3213202626168334
2004-10-17,1.3206643327270509
2004-10-18,1.3281278604893607
2004-10-19,1.317381827077184
2004-10-20,1.366736995654234
2004-10-21,1.4013599504108063
2004-10-22,1.3701772519723925
2004-10-23,1.3694676988026606
2004-10-24,1.3687594033368027
2004-10-25,1.3874238208321812
2004-10-26,1.3575980010323718
2004-10-27,1.363793122183503
2004-10-28,1.364277135127929
2004-10-29,1.3646785841200924
2004-10-30,1.3639130602032232
2004-10-31,1.3633082195039938
2004-11-01,1.3458274519635804
2004-11-02,1.3440919380438938
2004-11-03,1.3474346843623624
2004-11-04,1.2793634912183065
2004-11-05,1.266380094660418
2004-11-06,1.2669732792363788
2004-11-07,1.266175777897801
2004-11-08,1.2550697476385737
2004-11-09,1.2232024333974796
2004-11-10,1.216622889066904
2004-11-11,1.2219224097565744
2004-11-12,1.2222021980329025
2004-11-13,1.2215773298742032
2004-11-14,1.2208867399841206
2004-11-15,1.21377079731005
2004-11-16,1.1941377057339817
2004-11-17,1.2185547126962346
2004-11-18,1.213251655327488
2004-11-19,1.2126025480262757
2004-11-20,1.211902591389164
2004-11-21,1.2112441289926628
2004-11-22,1.2061643506167212
2004-11-23,1.2006298945786331
2004-11-24,1.200521032389981
2004-11-25,1.1996504736115283
2004-11-26,1.1992877230422294
2004-11-27,1.198638687196688
2004-11-28,1.1979907881866585
2004-11-29,1.1960518579497583
2004-11-30,1.1867838439401448
2004-12-01,1.1828542380493883
2004-12-02,1.1839818732948608
2004-12-03,1.1826162331471795
2004-12-04,1.1819096724572589
2004-12-05,1.181282776019068
2004-12-06,1.1806656397448185
2004-12-07,1.1804644064253367
2004-12-08,1.1792240958890812
2004-12-09,1.1833180657917768
2004-12-10,1.181590132837326
2004-12-11,1.1809700201429063
2004-12-12,1.1803509609254776
2004-12-13,1.1789815789782914
2004-12-14,1.17833366336152
2004-12-15,1.1787650440178552
2004-12-16,1.1691732208195058
2004-12-17,1.1663415926027423
2004-12-18,1.1657351657312087
2004-12-19,1.1651297567079053
2004-12-20,1.189241020177566
2004-12-21,1.1934933259687461
2004-12-22,1.1910331324111267
2004-12-23,1.1910869629241132
2004-12-24,1.1907737164938514
2004-12-25,1.190163825438902
2004-12-26,1.189554950574057
2004-12-27,1.1889901571606512
2004-12-28,1.188903616584742
2004-12-29,1.1884786848281588
2004-12-30,1.1877348289008707
2004-12-31,1.187145856664509
2005-01-01,1.1865427184973516
2005-01-02,1.1859405775545808
2005-01-03,1.1837070629207656
2005-01-04,1.1839217776245599
2005-01-05,1.182495608667082
2005-01-06,1.186034859104357
2005-01-07,1.184730441881085
2005-01-08,1.184135771777602
2005-01-09,1.1835420738184277
2005-01-10,1.1797335673784204
2005-01-11,1.1793795833969887
2005-01-12,1.1842363927991588
2005-01-13,1.1857693302392494
2005-01-14,1.185098763992394
2005-01-15,1.184504615608076
2005-01-16,1.1839123697742426
2005-01-17,1.183321089002292
2005-01-18,1.194253350301956
2005-01-19,1.227715745044385
2005-01-20,1.2768929893277667
2005-01-21,1.2850077981060621
2005-01-22,1.284383413710678
2005-01-23,1.2837600524513006
2005-01-24,1.2874522180567782
2005-01-25,1.23885628558394
2005-01-26,1.204476446482938
2005-01-27,1.0134351071038805
2005-01-28,1.0783881806936029
2005-01-29,1.077977272899129
2005-01-30,1.077477516009841
2005-01-31,1.100014638437008
2005-02-01,1.1191743066009587
2005-02-02,1.0595865007113823
2005-02-03,1.053501130486657
2005-02-04,0.996880337481231
2005-02-05,0.9962987415087815
2005-02-06,0.9958101488741876
2005-02-07,0.9934659428879095
2005-02-08,0.9255913359611879
2005-02-09,0.9313302225686396
2005-02-10,0.9574311449195259
2005-02-11,0.9570824577866007
2005-02-12,0.9566197423170858
2005-02-13,0.9562505453698034
2005-02-14,0.9578991072639059
2005-02-15,0.9571764694558875
2005-02-16,0.9867099024911244
2005-02-17,1.0034054029980466
2005-02-18,0.9954517051879218
2005-02-19,0.9949780598732708
2005-02-20,0.9945051187571989
2005-02-21,0.9934817325868611
2005-02-22,1.0055036602823495
2005-02-23,1.027750203536933
2005-02-24,1.0068037532052518
2005-02-25,1.001539342369749
2005-02-26,1.0010531542949657
2005-02-27,1.0005676927904164
2005-02-28,0.9970764086522991
2005-03-01,0.9972447761307182
2005-03-02,1.003018842760369
2005-03-03,1.0002919845734064
2005-03-04,1.00334810171002
2005-03-05,1.0028378539564256
2005-03-06,1.0023367568805461
2005-03-07,1.0079702662966985
2005-03-08,1.0127037982202853
2005-03-09,1.0105088214089573
2005-03-10,1.0176407012525062
2005-03-11,1.0473593325212252
2005-03-12,1.0468277992097015
2005-03-13,1.0465113036865923
2005-03-14,1.0574204935465383
2005-03-15,1.0532686434629241
2005-03-16,1.0529950592243764
2005-03-17,1.0587867081662945
2005-03-18,1.0561625435856763
2005-03-19,1.0556256572706952
2005-03-20,1.0550896149337585
2005-03-21,1.0522340706936646
2005-03-22,1.0303902416592097
2005-03-23,1.030058088972047
2005-03-24,1.0273992129467981
2005-03-25,1.026791926797937
2005-03-26,1.026278786352428
2005-03-27,1.0257664315969381
2005-03-28,1.0253672514116117
2005-03-29,1.023053077652188
2005-03-30,1.0216405269968993
2005-03-31,1.017044706064995
2005-04-01,1.0224074776910435
2005-04-02,1.0220450900460154
2005-04-03,1.021535176601047
2005-04-04,1.021294921683147
2005-04-05,1.015441880394931
2005-04-06,1.0130229527103602
2005-04-07,1.0167429506586858
2005-04-08,1.0162927728246383
2005-04-09,1.0157859126516102
2005-04-10,1.0152798237407914
2005-04-11,1.0162738863786334
2005-04-12,1.0053442609720544
2005-04-13,1.0047560626055592
2005-04-14,0.9853346256300232
2005-04-15,0.9540186447994765
2005-04-16,0.953577841839755
2005-04-17,0.9531305784326589
2005-04-18,0.941435535849131
2005-04-19,0.9023076531818498
2005-04-20,0.880066748087908
2005-04-21,0.8966424359552363
2005-04-22,0.886410190984828
2005-04-23,0.8840760859344355
2005-04-24,0.8839602715009404
2005-04-25,0.8582627700790736
2005-04-26,0.9209483856786168
2005-04-27,0.9063120093942206
2005-04-28,0.9200179138835001
2005-04-29,0.9171920328056732
2005-04-30,0.9160012182485259
2005-05-01,0.9155215531914797
2005-05-02,0.9148846361671383
2005-05-03,0.8910086246324495
2005-05-04,0.9008204078568841
2005-05-05,0.9277138489176912
2005-05-06,0.9069284484800564
2005-05-07,0.906656799464676
2005-05-08,0.9060381663731611
2005-05-09,0.8746667794068873
2005-05-10,0.8420491905213264
2005-05-11,0.8291418869646469
2005-05-12,0.819553209743748
2005-05-13,0.8217168405380896
2005-05-14,0.8215722680958312
2005-05-15,0.8211382123105487
2005-05-16,0.8169764284517926
2005-05-17,0.8043795615881129
2005-05-18,0.8065116415962459
2005-05-19,0.7921760729379117
2005-05-20,0.7933609469616796
2005-05-21,0.7929722236382689
2005-05-22,0.7925840187744484
2005-05-23,0.7926877917576448
2005-05-24,0.7894487758484373
2005-05-25,0.7855929951175057
2005-05-26,0.7816197415019096
2005-05-27,0.7774795127645321
2005-05-28,0.7770987089933096
2005-05-29,0.776718408466118
2005-05-30,0.776338610099487
2005-05-31,0.7683854799773049
2005-06-01,0.7743872630746829
2005-06-02,0.7749853600066499
2005-06-03,0.7730588332983143
2005-06-04,0.7726866723460765
2005-06-05,0.7723109018266116
2005-06-06,0.7715791270098705
2005-06-07,0.7444735715020084
2005-06-08,0.7504392024027746
2005-06-09,0.7524474366945689
2005-06-10,0.7505382331509911
2005-06-11,0.7501715678629841
2005-06-12,0.7498052308080717
2005-06-13,0.7533716610505558
2005-06-14,0.7502794720169604
2005-06-15,0.7492887919265532
2005-06-16,0.7535912172261052
2005-06-17,0.7535236939647248
2005-06-18,0.753160884295551
2005-06-19,0.7527985403870803
2005-06-20,0.7518272564401958
2005-06-21,0.7514183989666163
2005-06-22,0.7519942380606874
2005-06-23,0.7493206639374028
2005-06-24,0.748965346858916
2005-06-25,0.748729076258018
2005-06-26,0.7483713292117172
2005-06-27,0.7485443802875671
2005-06-28,0.7484211975372809
2005-06-29,0.7177955933765258
2005-06-30,0.7236866230126031
2005-07-01,0.7233374564630277
2005-07-02,0.7229774456942669
2005-07-03,0.7226178980463139
2005-07-04,0.7222588125544647
2005-07-05,0.721870833834913
2005-07-06,0.7210455233818366
2005-07-07,0.7194932839891287
2005-07-08,0.7193155329053472
2005-07-09,0.7189562731929243
2005-07-10,0.7185974754194229
2005-07-11,0.7197125301748845
2005-07-12,0.7213750542732842
2005-07-13,0.7260617310102075
2005-07-14,0.7314056115358847
2005-07-15,0.734497196930199
2005-07-16,0.7341560608524457
2005-07-17,0.7344304518177575
2005-07-18,0.7329474917649734
2005-07-19,0.7636057382968308
2005-07-20,0.7228685454937481
2005-07-21,0.7231389735525654
2005-07-22,0.6694005466691442
2005-07-23,0.6693886997794875
2005-07-24,0.6690149496435923
2005-07-25,0.6841819697470916
2005-07-26,0.6647172170282664
2005-07-27,0.6729212862592556
2005-07-28,0.6447273295181621
2005-07-29,0.6749864399371273
2005-07-30,0.6665976719986112
2005-07-31,0.6661872789343106
2005-08-01,0.6742090851312499
2005-08-02,0.6720765287721119
2005-08-03,0.6791389505957238
2005-08-04,0.7018547131868808
2005-08-05,0.7086807627106578
2005-08-06,0.7082654843687245
2005-08-07,0.7038776851257329
2005-08-08,0.7089331447972359
2005-08-09,0.755956401564017
2005-08-10,0.7672379313511329
2005-08-11,0.7630245093985529
2005-08-12,0.7651148322663405
2005-08-13,0.7652334597255116
2005-08-14,0.7647849791602495
2005-08-15,0.7736288365305174
2005-08-16,0.7514421133753287
2005-08-17,0.7455637149598352
2005-08-18,0.738335791117421
2005-08-19,0.7367832461789684
2005-08-20,0.7363632545371428
2005-08-21,0.7359207512662351
2005-08-22,0.7350805326544302
2005-08-23,0.7335340009367014
2005-08-24,0.7312102629533284
2005-08-25,0.7275547458667763
2005-08-26,0.7277843426211216
2005-08-27,0.7273426685390199
2005-08-28,0.726901645876396
2005-08-29,0.7261222614244515
2005-08-30,0.7256756101459398
2005-08-31,0.7255277449587515
2005-09-01,0.7313729470923551
2005-09-02,0.731912150296802
2005-09-03,0.7314701638458909
2005-09-04,0.7310288307889791
2005-09-05,0.7305881495362426
2005-09-06,0.7295732167724424
2005-09-07,0.7433929277674612
2005-09-08,0.7390376014748287
2005-09-09,0.73867533294934
2005-09-10,0.7382425692238949
2005-09-11,0.7378094272751619
2005-09-12,0.7368652225134226
2005-09-13,0.7394343441536796
2005-09-14,0.7389300338464233
2005-09-15,0.7404525388434938
2005-09-16,0.7407229392859568
2005-09-17,0.7402532938216985
2005-09-18,0.739822818948543
2005-09-19,0.7461202608293234
2005-09-20,0.7450140549917204
2005-09-21,0.7494294490881068
2005-09-22,0.7468779425081489
2005-09-23,0.7463607784170154
2005-09-24,0.7461787713212736
2005-09-25,0.7457435318762352
2005-09-26,0.7442481351745024
2005-09-27,0.744741561517702
2005-09-28,0.7448496931792267
2005-09-29,0.7420719021276242
2005-09-30,0.7356986718413348
2005-10-01,0.7320587560465907
2005-10-02,0.7316326537195819
2005-10-03,0.7311422244111522
2005-10-04,0.730984262998882
2005-10-05,0.7298640458703751
2005-10-06,0.7284227514902906
2005-10-07,0.728259681912891
2005-10-08,0.7278372036601274
2005-10-09,0.7274153296961625
2005-10-10,0.7303315272137887
2005-10-11,0.7315771240492809
2005-10-12,0.7356394326788781
2005-10-13,0.7336004984859611
2005-10-14,0.7379144664215628
2005-10-15,0.7375005555732166
2005-10-16,0.7370748357308677
2005-10-17,0.7352574550520637
2005-10-18,0.6890412084152754
2005-10-19,0.6925322852798943
2005-10-20,0.6961174191707865
2005-10-21,0.6871082272037183
2005-10-22,0.6892975651826031
2005-10-23,0.6888722426717697
2005-10-24,0.7016093630241391
2005-10-25,0.6930123378403968
2005-10-26,0.6994271103321421
2005-10-27,0.6539610217400068
2005-10-28,0.6677298919046407
2005-10-29,0.6672863357931685
2005-10-30,0.6670600247228884
2005-10-31,0.6694472686713194
2005-11-01,0.6609449159235314
2005-11-02,0.6565384244617244
2005-11-03,0.6814967124500253
2005-11-04,0.7248654115706038
2005-11-05,0.7243946595871701
2005-11-06,0.7239518396931932
2005-11-07,0.6548484151253926
2005-11-08,0.6332745180840882
2005-11-09,0.6504537153715294
2005-11-10,0.6537006558293877
2005-11-11,0.655370947760244
2005-11-12,0.6549618829664242
2005-11-13,0.6545534565064283
2005-11-14,0.6510671988338936
2005-11-15,0.6377961250235357
2005-11-16,0.6310990655726183
2005-11-17,0.6151883130257245
2005-11-18,0.6142948465305409
2005-11-19,0.6139222941965503
2005-11-20,0.6135376079024432
2005-11-21,0.6153858960006924
2005-11-22,0.6116571366329776
2005-11-23,0.6216382915832374
2005-11-24,0.621251499056274
2005-11-25,0.6208647342595114
2005-11-26,0.6204791167795701
2005-11-27,0.6200940846309093
2005-11-28,0.6178531709620382
2005-11-29,0.6165335198756788
2005-11-30,0.6185300435096247
2005-12-01,0.617740865822504
2005-12-02,0.6137706725968223
2005-12-03,0.6133904138178566
2005-12-04,0.6130107277462836
2005-12-05,0.6128353503268088
2005-12-06,0.6049747836715932
2005-12-07,0.604301582701769
2005-12-08,0.5995629328376835
2005-12-09,0.5992448149593411
2005-12-10,0.5989251812126029
2005-12-11,0.5985534207991294
2005-12-12,0.5977121415656742
2005-12-13,0.5908895929043841
2005-12-14,0.5904039131799311
2005-12-15,0.5866155297694613
2005-12-16,0.5782619203468707
2005-12-17,0.577900776449077
2005-12-18,0.5775401659299794
2005-12-19,0.5761189496247809
2005-12-20,0.5751654441582493
2005-12-21,0.5756891468156561
2005-12-22,0.5679307291501546
2005-12-23,0.56786255487563
2005-12-24,0.5675069336818224
2005-12-25,0.567151834065856
2005-12-26,0.5667972547277755
2005-12-27,0.5664446744105132
2005-12-28,0.5651321517922702
2005-12-29,0.5649366412905122
2005-12-30,0.56426375875401
2005-12-31,0.5641504414151151
2006-01-01,0.5637990307269637
2006-01-02,0.5634481314221417
2006-01-03,0.5621283518844425
2006-01-04,0.5625446193244396
2006-01-05,0.5525044346517872
2006-01-06,0.5521827935821085
2006-01-07,0.5518352759413677
2006-01-08,0.5515333997434716
2006-01-09,0.5556833207262868
2006-01-10,0.5515173941277448
2006-01-11,0.551255352944165
2006-01-12,0.5498121077541657
2006-01-13,0.5494260053789185
2006-01-14,0.5490809283822837
2006-01-15,0.5487363507686854
2006-01-16,0.5483997296977982
2006-01-17,0.5676681150690481
2006-01-18,0.5580495096078116
2006-01-19,0.5869819115769443
2006-01-20,0.5636742207630157
2006-01-21,0.5633173652073377
2006-01-22,0.5629610305997481
2006-01-23,0.5439074469864801
2006-01-24,0.5254933626990848
2006-01-25,0.5378026007074287
2006-01-26,0.6004575426182783
2006-01-27,0.5970882502499878
2006-01-28,0.590537426234153
2006-01-29,0.5902076965213431
2006-01-30,0.5950453578887436
2006-01-31,0.5487286807837827
2006-02-01,0.5221446472693186
2006-02-02,0.5317134305116777
2006-02-03,0.5299215221950361
2006-02-04,0.5318106779067092
2006-02-05,0.5314968480797658
2006-02-06,0.537467982632615
2006-02-07,0.5373151708992226
2006-02-08,0.5335379628927238
2006-02-09,0.5217127799805304
2006-02-10,0.5249175643769216
2006-02-11,0.5246080109447786
2006-02-12,0.5242988817783651
2006-02-13,0.531185436632162
2006-02-14,0.5341464406868688
2006-02-15,0.5220455014611669
2006-02-16,0.5122074849360209
2006-02-17,0.5050593289376115
2006-02-18,0.5047567147813502
2006-02-19,0.5044558166808981
2006-02-20,0.5030985967475124
2006-02-21,0.5190518427425025
2006-02-22,0.5084750773564545
2006-02-23,0.5253921216417587
2006-02-24,0.5290124005891058
2006-02-25,0.5288363026575769
2006-02-26,0.5285181135718942
2006-02-27,0.5231313679332851
2006-02-28,0.5200739851416166
2006-03-01,0.55295129548041
2006-03-02,0.5505803834381735
2006-03-03,0.5518455797696435
2006-03-04,0.5526284717253876
2006-03-05,0.552875948366096
2006-03-06,0.5834226516171238
2006-03-07,0.5637992402716997
2006-03-08,0.5700640906593017
2006-03-09,0.5815027740347067
2006-03-10,0.5760287829736773
2006-03-11,0.575669328578108
2006-03-12,0.5753103853729852
2006-03-13,0.5706531423276411
2006-03-14,0.5654446466206119
2006-03-15,0.5773993264428625
2006-03-16,0.5781929110874808
2006-03-17,0.5777446855390075
2006-03-18,0.577383166236146
2006-03-19,0.5776644899271434
2006-03-20,0.5917419751306568
2006-03-21,0.5915807846052515
2006-03-22,0.5989881317918438
2006-03-23,0.5978244624104215
2006-03-24,0.5975182109974454
2006-03-25,0.5971568700842358
2006-03-26,0.5967770820503752
2006-03-27,0.5950324192202019
2006-03-28,0.5952512620504268
2006-03-29,0.594093045913575
2006-03-30,0.5980373455218894
2006-03-31,0.5946550409744331
2006-04-01,0.5956657870338115
2006-04-02,0.5953003814878012
2006-04-03,0.5948116498828949
2006-04-04,0.593845329301853
2006-04-05,0.5935343843092776
2006-04-06,0.5954870880380397
2006-04-07,0.594837646651724
2006-04-08,0.594464160555471
2006-04-09,0.5940939776377363
2006-04-10,0.6032644646529813
2006-04-11,0.6000619423591681
2006-04-12,0.6061445806518985
2006-04-13,0.5995435740720568
2006-04-14,0.598773193249945
2006-04-15,0.5983709438404459
2006-04-16,0.5980179359017789
2006-04-17,0.5951674028846868
2006-04-18,0.5901006571442212
2006-04-19,0.5763952547428125
2006-04-20,0.5481121784225577
2006-04-21,0.5469697858052601
2006-04-22,0.5466813970657545
2006-04-23,0.546393353753061
2006-04-24,0.5588145075535443
2006-04-25,0.5644108049659674
2006-04-26,0.5515679931928982
2006-04-27,0.4926529598258003
2006-04-28,0.47896965177090484
2006-04-29,0.4787795245910506
2006-04-30,0.4784881102139416
2006-05-01,0.48109383461856425
2006-05-02,0.4529906731110788
2006-05-03,0.33824265054598124
2006-05-04,0.31969450140086714
2006-05-05,0.2827123964843025
2006-05-06,0.28301156898404173
2006-05-07,0.28281066242906383
2006-05-08,0.3908223191235834
2006-05-09,0.43269321676312006
2006-05-10,0.42533974654747536
2006-05-11,0.431830021902371
2006-05-12,0.43091409393992636
2006-05-13,0.43045685801543504
2006-05-14,0.43011130532135994
2006-05-15,0.4138626196574349
2006-05-16,0.4078830279675803
2006-05-17,0.4068191407186647
2006-05-18,0.40003224595395187
2006-05-19,0.39890952891865394
2006-05-20,0.398671516373837
2006-05-21,0.3983631756560017
2006-05-22,0.3945740664883451
2006-05-23,0.4071153140972213
2006-05-24,0.40778356506867236
2006-05-25,0.4073147603601271
2006-05-26,0.4075287914523645
2006-05-27,0.40721889293606317
2006-05-28,0.4069094779339561
2006-05-29,0.4066028123626697
2006-05-30,0.40690834068395537
2006-05-31,0.40010815322796195
2006-06-01,0.399314934480242
2006-06-02,0.3989719261421449
2006-06-03,0.398666468162823
2006-06-04,0.39836148564978663
2006-06-05,0.40105416288350026
2006-06-06,0.4014033943126023
2006-06-07,0.39934995129967205
2006-06-08,0.396537358705818
2006-06-09,0.3961811768355011
2006-06-10,0.39601667356862125
2006-06-11,0.3957154757100276
2006-06-12,0.3956789854384029
2006-06-13,0.3905770407905971
2006-06-14,0.39104698296353463
2006-06-15,0.3879835932664504
2006-06-16,0.3872185700777237
2006-06-17,0.3869237086808343
2006-06-18,0.386629297900929
2006-06-19,0.38614698562785016
2006-06-20,0.3863687727636859
2006-06-21,0.38620847526940705
2006-06-22,0.42578031968440194
2006-06-23,0.4234111934440596
2006-06-24,0.4231861308784793
2006-06-25,0.42290012736749905
2006-06-26,0.4250743122687897
2006-06-27,0.42383904424924407
2006-06-28,0.42654653468362375
2006-06-29,0.4367538989520372
2006-06-30,0.43735201520621425
2006-07-01,0.4370625248454722
2006-07-02,0.43677346394191763
2006-07-03,0.43648483146651573
2006-07-04,0.4361966263936919
2006-07-05,0.4359088477013188
2006-07-06,0.435561555184855
2006-07-07,0.4361554970091002
2006-07-08,0.4358680699089654
2006-07-09,0.4355810675590825
2006-07-10,0.43398691242859017
2006-07-11,0.4354096339754067
2006-07-12,0.4328322413563201
2006-07-13,0.43421373893394755
2006-07-14,0.43379770817473773
2006-07-15,0.43352073994976476
2006-07-16,0.4332292587371687
2006-07-17,0.4293145720638612
2006-07-18,0.4081374476119923
2006-07-19,0.38673452669680025
2006-07-20,0.3893872236942855
2006-07-21,0.3790958085261536
2006-07-22,0.3784462119744014
2006-07-23,0.3781698091495253
2006-07-24,0.36957036192668125
2006-07-25,0.3889424276387405
2006-07-26,0.3672959074406495
2006-07-27,0.396465011814312
2006-07-28,0.4043545468775356
2006-07-29,0.4039886562993226
2006-07-30,0.4036782982744227
2006-07-31,0.28751379549146777
2006-08-01,0.31132696411333066
2006-08-02,0.27775986823365734
2006-08-03,0.30517803686735673
2006-08-04,0.33209866821777134
2006-08-05,0.33191712979906646
2006-08-06,0.33111351375113873
2006-08-07,0.33975819393945733
2006-08-08,0.32284693204613096
2006-08-09,0.31958174061459255
2006-08-10,0.3201823349791887
2006-08-11,0.3193420477407926
2006-08-12,0.3192546884256924
2006-08-13,0.3191834873049243
2006-08-14,0.3215950046600688
2006-08-15,0.3095021361344646
2006-08-16,0.3146694146767857
2006-08-17,0.3178114535906917
2006-08-18,0.31845684251414924
2006-08-19,0.3183009467028132
2006-08-20,0.31810601213221473
2006-08-21,0.31509665218774746
2006-08-22,0.316549031593165
2006-08-23,0.31541313392854803
2006-08-24,0.3206076052125976
2006-08-25,0.32019625868854623
2006-08-26,0.3199286042643939
2006-08-27,0.319731950816244
2006-08-28,0.31928200381243727
2006-08-29,0.3189592572617443
2006-08-30,0.3214224716229525
2006-08-31,0.3171373109529037
2006-09-01,0.3186863291789926
2006-09-02,0.3184906777609935
2006-09-03,0.318295264851155
2006-09-04,0.31810008998896855
2006-09-05,0.3189607334017227
2006-09-06,0.3185132447835863
2006-09-07,0.3177250785832632
2006-09-08,0.31759006716800026
2006-09-09,0.3171540250360125
2006-09-10,0.3169598014832566
2006-09-11,0.3174397440866343
2006-09-12,0.31721993945280264
2006-09-13,0.3255976646741738
2006-09-14,0.3250356227921509
2006-09-15,0.3246112470298849
2006-09-16,0.32440744687938217
2006-09-17,0.32420571538293824
2006-09-18,0.32372797811264925
2006-09-19,0.32168790555324506
2006-09-20,0.322190691449825
2006-09-21,0.31762176243296425
2006-09-22,0.31740602745151625
2006-09-23,0.31720592719146645
2006-09-24,0.31700607642291856
2006-09-25,0.3152023723764661
2006-09-26,0.3129400336749442
2006-09-27,0.31259747177716096
2006-09-28,0.31524722875359745
2006-09-29,0.31563008365824463
2006-09-30,0.3154328783958661
2006-10-01,0.3152359171657733
2006-10-02,0.31495804188420556
2006-10-03,0.31508216575452186
2006-10-04,0.3160562004493513
2006-10-05,0.31413113186035385
2006-10-06,0.31303664322556685
2006-10-07,0.3134286695652126
2006-10-08,0.3132340937663623
2006-10-09,0.31299072609401135
2006-10-10,0.303235240425951
2006-10-11,0.30657798196923164
2006-10-12,0.3113780865889533
2006-10-13,0.306245512218363
2006-10-14,0.30605949467700627
2006-10-15,0.30587899343502295
2006-10-16,0.3027275122708017
2006-10-17,0.29912674043431914
2006-10-18,0.2961259922498121
2006-10-19,0.29475144660393404
2006-10-20,0.29167406282531483
2006-10-21,0.28752479449258134
2006-10-22,0.287404939049434
2006-10-23,0.2786705634312118
2006-10-24,0.2723597141916919
2006-10-25,0.24549763803700866
2006-10-26,0.18700869984906698
2006-10-27,0.19395715260678068
2006-10-28,0.1943152987669833
2006-10-29,0.1941757209610467
2006-10-30,0.18381966296862473
2006-10-31,0.18431942419184635
2006-11-01,0.151532925133626
2006-11-02,0.16199695455465513
2006-11-03,0.2162452687657881
2006-11-04,0.21584023756471424
2006-11-05,0.21567901469569026
2006-11-06,0.18532641991098256
2006-11-07,0.20400883861001193
2006-11-08,0.18659735823449694
2006-11-09,0.19819249405095363
2006-11-10,0.19376290387135067
2006-11-11,0.1936045501603807
2006-11-12,0.19344638999338715
2006-11-13,0.17695356443290677
2006-11-14,0.16928754867213638
2006-11-15,0.1645331607155227
2006-11-16,0.1730934315532051
2006-11-17,0.17218293599278656
2006-11-18,0.17206092624235367
2006-11-19,0.1719200360720922
2006-11-20,0.1637309336145636
2006-11-21,0.1678639820200479
2006-11-22,0.16697209416887518
2006-11-23,0.1669225793761416
2006-11-24,0.16678486727116368
2006-11-25,0.16664731836516375
2006-11-26,0.16650993236248113
2006-11-27,0.16755323259469002
2006-11-28,0.1684433722397964
2006-11-29,0.1680290745872938
2006-11-30,0.16919218781476233
2006-12-01,0.16929795390887362
2006-12-02,0.16952375263181818
2006-12-03,0.16938620928014333
2006-12-04,0.16885833057149877
2006-12-05,0.17042840278040286
2006-12-06,0.1706870773490028
2006-12-07,0.17028303604141
2006-12-08,0.16890317999387547
2006-12-09,0.16876689008607992
2006-12-10,0.16863076061829063
2006-12-11,0.16795116756643025
2006-12-12,0.1690807357042413
2006-12-13,0.170652642538736
2006-12-14,0.16844304554714915
2006-12-15,0.16781878473878234
2006-12-16,0.16763261020561226
2006-12-17,0.1674979511228902
2006-12-18,0.17142972992150673
2006-12-19,0.17251288264672496
2006-12-20,0.1704521177156818
2006-12-21,0.1748404155196286
2006-12-22,0.17551289981424123
2006-12-23,0.17538696819111996
2006-12-24,0.1752553253985227
2006-12-25,0.1751238347721302
2006-12-26,0.17499249604251302
2006-12-27,0.17488328760178226
2006-12-28,0.1749857248469758
2006-12-29,0.17543668172543592
2006-12-30,0.17530578945993933
2006-12-31,0.17517504776284823
2007-01-01,0.17604638583137955
2007-01-02,0.17591542824695583
2007-01-03,0.17624040838489333
2007-01-04,0.17496675162779782
2007-01-05,0.1749656417677374
2007-01-06,0.17481675908617844
2007-01-07,0.17468741717900263
2007-01-08,0.17261806099081686
2007-01-09,0.1764778015849792
2007-01-10,0.18194922057494903
2007-01-11,0.1819635341757632
2007-01-12,0.18180542847304948
2007-01-13,0.18167872445038166
2007-01-14,0.1815521623638939
2007-01-15,0.1814841683476811
2007-01-16,0.19699492815450573
2007-01-17,0.20077781831348732
2007-01-18,0.19254695429807966
2007-01-19,0.17893501107120305
2007-01-20,0.1788108332172503
2007-01-21,0.17867709944039442
2007-01-22,0.20513624577411993
2007-01-23,0.13303417809433937
2007-01-24,0.11217239675885023
2007-01-25,0.11177159421390137
2007-01-26,0.1271794791192735
2007-01-27,0.12695833347891772
2007-01-28,0.12705289544861734
2007-01-29,0.14345515587381305
2007-01-30,0.12827298629694894
2007-01-31,0.2843701340181102
2007-02-01,0.4361960896850297
2007-02-02,0.4235640903138728
2007-02-03,0.4234138780714767
2007-02-04,0.42362487212862443
2007-02-05,0.42269609839377553
2007-02-06,0.40326757395394847
2007-02-07,0.41527554532553673
2007-02-08,0.44090912571618596
2007-02-09,0.44536643503609136
2007-02-10,0.44665049031365767
2007-02-11,0.4475726421360566
2007-02-12,0.45948442218944346
2007-02-13,0.46951028415818147
2007-02-14,0.45304269577658834
2007-02-15,0.4538992195210659
2007-02-16,0.4645469186331051
2007-02-17,0.4643649630233602
2007-02-18,0.46422806876850986
2007-02-19,0.476040247741143
2007-02-20,0.45614943478420295
2007-02-21,0.4964011755306328
2007-02-22,0.5091513095337575
2007-02-23,0.516015050347305
2007-02-24,0.5158526666398497
2007-02-25,0.5156904271865169
2007-02-26,0.5146959574105171
2007-02-27,0.46312435297398075
2007-02-28,0.4540160769830634
2007-03-01,0.4968283143973749
2007-03-02,0.4977384455528382
2007-03-03,0.49915898170805884
2007-03-04,0.49898370459299085
2007-03-05,0.4990903370701818
2007-03-06,0.5006667916279498
2007-03-07,0.4965425320277221
2007-03-08,0.5004243865387802
2007-03-09,0.5049487360502356
2007-03-10,0.5051001079496452
2007-03-11,0.5049252019230731
2007-03-12,0.5044295782662048
2007-03-13,0.5072291940555803
2007-03-14,0.5376557364032017
2007-03-15,0.5352612443928099
2007-03-16,0.5425881347514778
2007-03-17,0.5422823595527757
2007-03-18,0.5420895578584494
2007-03-19,0.5422149859377141
2007-03-20,0.5118562755444378
2007-03-21,0.5112064850775787
2007-03-22,0.5143730985777171
2007-03-23,0.5141644469730677
2007-03-24,0.5140008997704356
2007-03-25,0.5138119140420496
2007-03-26,0.5157910197422674
2007-03-27,0.517825001055416
2007-03-28,0.5189174568138432
2007-03-29,0.5190391275053706
2007-03-30,0.5204198996679753
2007-03-31,0.5202205401913305
2007-04-01,0.5200306999281422
2007-04-02,0.5213746449667102
2007-04-03,0.5210491094395516
2007-04-04,0.5268537513379349
2007-04-05,0.5254413641589212
2007-04-06,0.5252600297568462
2007-04-07,0.5250667414479138
2007-04-08,0.5248736449739582
2007-04-09,0.5283377504135388
2007-04-10,0.5309561559674584
2007-04-11,0.5358253061485373
2007-04-12,0.5355684439103886
2007-04-13,0.5340867215104923
2007-04-14,0.533900736629272
2007-04-15,0.5337098700271348
2007-04-16,0.5329650577612995
2007-04-17,0.573810847266801
2007-04-18,0.5372438282012283
2007-04-19,0.5306009819953205
2007-04-20,0.5358676830613711
2007-04-21,0.5358780763113931
2007-04-22,0.5356967066560879
2007-04-23,0.4463189574384388
2007-04-24,0.439879850001711
2007-04-25,0.46001971704336314
2007-04-26,0.4485922474863973
2007-04-27,0.4492602362218874
2007-04-28,0.4493293346904641
2007-04-29,0.44916192735347066
2007-04-30,0.47469024337774224
2007-05-01,0.47345690884910857
2007-05-02,0.5045915783461828
2007-05-03,0.5036963689545448
2007-05-04,0.5147445098755375
2007-05-05,0.5145590785820703
2007-05-06,0.5144223814924981
2007-05-07,0.5173433718273963
2007-05-08,0.4890405071633161
2007-05-09,0.4997693691635054
2007-05-10,0.4850933798763619
2007-05-11,0.4708828305058459
2007-05-12,0.48291692900259614
2007-05-13,0.4827431260965625
2007-05-14,0.4829821430522607
2007-05-15,0.47959723278082317
2007-05-16,0.47186277013935135
2007-05-17,0.474260247691536
2007-05-18,0.47409518938567147
2007-05-19,0.4739733588867843
2007-05-20,0.4738488759010681
2007-05-21,0.4702977828591128
2007-05-22,0.45966942628690804
2007-05-23,0.464287155437285
2007-05-24,0.46568683651360915
2007-05-25,0.4700031485318494
2007-05-26,0.47005264160325044
2007-05-27,0.4699311187852344
2007-05-28,0.47020484051514416
2007-05-29,0.47288048819187395
2007-05-30,0.4724627031075416
2007-05-31,0.4974343322150721
2007-06-01,0.497337606395863
2007-06-02,0.49721369603757964
2007-06-03,0.49708987041308705
2007-06-04,0.5009803111971641
2007-06-05,0.4986797208679981
2007-06-06,0.4995685003879384
2007-06-07,0.49995651030548766
2007-06-08,0.5011106234064727
2007-06-09,0.5010020574683504
2007-06-10,0.5008220254327037
2007-06-11,0.5005002206353201
2007-06-12,0.5003267871023562
2007-06-13,0.49795193332515275
2007-06-14,0.4999175228135144
2007-06-15,0.4998208413166531
2007-06-16,0.4996974663456208
2007-06-17,0.4995741751396558
2007-06-18,0.49917220016276515
2007-06-19,0.501193484371575
2007-06-20,0.4997115118423055
2007-06-21,0.5027094063632876
2007-06-22,0.5025918613566805
2007-06-23,0.5024680920864707
2007-06-24,0.5023634471708713
2007-06-25,0.4993569451497575
2007-06-26,0.49853434270163316
2007-06-27,0.49820260074543615
2007-06-28,0.494334087986543
2007-06-29,0.49127471180371546
2007-06-30,0.4925735798959952
2007-07-01,0.49245014747924504
2007-07-02,0.4879672576870843
2007-07-03,0.4879155610594865
2007-07-04,0.48779298317219144
2007-07-05,0.4874495062591135
2007-07-06,0.48687983429166365
2007-07-07,0.4867477573354171
2007-07-08,0.486625511105498
2007-07-09,0.48701637459194885
2007-07-10,0.4828825185395236
2007-07-11,0.4878383448277685
2007-07-12,0.48409627049582676
2007-07-13,0.4771958648386494
2007-07-14,0.47707527484168827
2007-07-15,0.47696027598147034
2007-07-16,0.47866885945633886
2007-07-17,0.5333357490527638
2007-07-18,0.502831948949772
2007-07-19,0.47782158919072043
2007-07-20,0.4881158847399651
2007-07-21,0.48812919986487385
2007-07-22,0.4882683715422591
2007-07-23,0.4891279746118986
2007-07-24,0.49989970465055417
2007-07-25,0.5055968239493658
2007-07-26,0.4491264642839541
2007-07-27,0.4621518010783768
2007-07-28,0.46272748039697903
2007-07-29,0.4625954426265051
2007-07-30,0.4693314892839993
2007-07-31,0.5486601257423721
2007-08-01,0.5999725626386613
2007-08-02,0.6120624908836817
2007-08-03,0.621015033235325
2007-08-04,0.6141791406844438
2007-08-05,0.6139864443113715
2007-08-06,0.6064458926851526
2007-08-07,0.597530281805655
2007-08-08,0.6201676775694032
2007-08-09,0.697357141609866
2007-08-10,0.6841941134831776
2007-08-11,0.6837023603077093
2007-08-12,0.6834410575060043
2007-08-13,0.6985386494492034
2007-08-14,0.716147436757863
2007-08-15,0.7126149088812245
2007-08-16,0.712667691271344
2007-08-17,0.7124495184085863
2007-08-18,0.7122458857874833
2007-08-19,0.7120424437776472
2007-08-20,0.7115813275756381
2007-08-21,0.7053633782607655
2007-08-22,0.7171126371070108
2007-08-23,0.7206562949949595
2007-08-24,0.7176883470977162
2007-08-25,0.7173958071197971
2007-08-26,0.7171904420413511
2007-08-27,0.7178713508223195
2007-08-28,0.7178333032244867
2007-08-29,0.718477529308395
2007-08-30,0.7262823229142944
2007-08-31,0.7244388131156808
2007-09-01,0.7240590126106747
2007-09-02,0.723854352429862
2007-09-03,0.72364988454712
2007-09-04,0.7226758301006754
2007-09-05,0.7225744777523314
2007-09-06,0.7166916141820482
2007-09-07,0.7175055823732439
2007-09-08,0.7173989833305146
2007-09-09,0.7171974774851949
2007-09-10,0.7168895935614067
2007-09-11,0.7167249496666609
2007-09-12,0.7176439225710554
2007-09-13,0.7179389332416785
2007-09-14,0.7184526041067213
2007-09-15,0.7181865449120726
2007-09-16,0.7180779136420704
2007-09-17,0.7146465672792012
2007-09-18,0.7071353262265284
2007-09-19,0.7060270209282323
2007-09-20,0.7138586389454856
2007-09-21,0.7121152266337565
2007-09-22,0.711688776570934
2007-09-23,0.711489695101522
2007-09-24,0.710708780056294
2007-09-25,0.7109866384051653
2007-09-26,0.7034659394090577
2007-09-27,0.7049098137299028
2007-09-28,0.7054501452866607
2007-09-29,0.7052846606146103
2007-09-30,0.7050872662328715
2007-10-01,0.7019664103414301
2007-10-02,0.699612885560185
2007-10-03,0.6979238358212417
2007-10-04,0.6971493680095918
2007-10-05,0.6985294965567274
2007-10-06,0.698333734209951
2007-10-07,0.6981381524297835
2007-10-08,0.6980572851571448
2007-10-09,0.7007742875273274
2007-10-10,0.6930599438015493
2007-10-11,0.6886861183425329
2007-10-12,0.6809577160757204
2007-10-13,0.6809274805772079
2007-10-14,0.6807412418150046
2007-10-15,0.6745262919159476
2007-10-16,0.6837767754941885
2007-10-17,0.6925512410321676
2007-10-18,0.738707390082083
2007-10-19,0.7338646874507034
2007-10-20,0.743692117655825
2007-10-21,0.7437143465804305
2007-10-22,0.8108687388695487
2007-10-23,0.8189963222873503
2007-10-24,0.8415090203401313
2007-10-25,0.8597626288598094
2007-10-26,0.8618389506296754
2007-10-27,0.8616395654056089
2007-10-28,0.8614403425833287
2007-10-29,0.8491573040987829
2007-10-30,0.8275644230394393
2007-10-31,0.842504355598411
2007-11-01,0.8496764665960236
2007-11-02,0.8363017869763983
2007-11-03,0.8359482636732997
2007-11-04,0.8357368930507834
2007-11-05,0.8145830137388939
2007-11-06,0.7926608053266836
2007-11-07,0.804898203058872
2007-11-08,0.7870329394241224
2007-11-09,0.7892865272150654
2007-11-10,0.7965862470376198
2007-11-11,0.7963384542990369
2007-11-12,0.7953218528367495
2007-11-13,0.7615252500705384
2007-11-14,0.7423327113133883
2007-11-15,0.7446625434905783
2007-11-16,0.7438715606880524
2007-11-17,0.7436754878916748
2007-11-18,0.7434918575418505
2007-11-19,0.7482632299437855
2007-11-20,0.7443988424609363
2007-11-21,0.7402784125790897
2007-11-22,0.7400996019285723
2007-11-23,0.7398995655733233
2007-11-24,0.7397282840329152
2007-11-25,0.7395499073627043
2007-11-26,0.7389880073640859
2007-11-27,0.7353566964140065
2007-11-28,0.735555719728766
2007-11-29,0.7363625158692976
2007-11-30,0.7379745381747936
2007-12-01,0.7378188158826533
2007-12-02,0.7376422221544278
2007-12-03,0.7383602410633522
2007-12-04,0.7393182114764881
2007-12-05,0.7390638807864968
2007-12-06,0.7361919770601171
2007-12-07,0.7362115367053838
2007-12-08,0.7371119408607697
2007-12-09,0.7369369933616005
2007-12-10,0.7266667256203055
2007-12-11,0.730118998083508
2007-12-12,0.7295183978113435
2007-12-13,0.7348110768055971
2007-12-14,0.7337894665927346
2007-12-15,0.7336166252246726
2007-12-16,0.7334439207144868
2007-12-17,0.7341878842096925
2007-12-18,0.7228091515357568
2007-12-19,0.7357634501296682
2007-12-20,0.7291129838983151
2007-12-21,0.7264731530150548
2007-12-22,0.7263475671829722
2007-12-23,0.7261782552874942
2007-12-24,0.7260090760815232
2007-12-25,0.7258400293807273
2007-12-26,0.7256293781229611
2007-12-27,0.7255127727451791
2007-12-28,0.7252233431667694
2007-12-29,0.7250547646272837
2007-12-30,0.7248863177882306
2007-12-31,0.7240936882369136
2008-01-01,0.7239256023881059
2008-01-02,0.7237321006663846
2008-01-03,0.7194573072294048
2008-01-04,0.7194095812668108
2008-01-05,0.7192430796542292
2008-01-06,0.7190767069284382
2008-01-07,0.7184991081878644
2008-01-08,0.7220496208309045
2008-01-09,0.7133935818470863
2008-01-10,0.712938436416621
2008-01-11,0.7133913035214509
2008-01-12,0.7132251614583538
2008-01-13,0.7130591486277447
2008-01-14,0.7140030139515151
2008-01-15,0.7201961409363445
2008-01-16,0.7189816096623468
2008-01-17,0.7706165928808234
2008-01-18,0.7544843427177755
2008-01-19,0.7543118773663705
2008-01-20,0.7541395460235686
2008-01-21,0.7552250681585964
2008-01-22,0.8252524813956091
2008-01-23,0.813903322493422
2008-01-24,0.802413485305177
2008-01-25,0.8062037896950652
2008-01-26,0.8028822623949309
2008-01-27,0.8026969787591084
2008-01-28,0.7975145358712045
2008-01-29,0.7748292671253029
2008-01-30,0.7298835317053761
2008-01-31,0.7104801130642996
2008-02-01,0.7045833300551854
2008-02-02,0.7044148898207959
2008-02-03,0.7042465856378258
2008-02-04,0.6675068626026729
2008-02-05,0.6660608305385843
2008-02-06,0.667778388814237
2008-02-07,0.6649692113722669
2008-02-08,0.6634246847021839
2008-02-09,0.6621245931950792
2008-02-10,0.6619642499641581
2008-02-11,0.6602102222616261
2008-02-12,0.5835850763149054
2008-02-13,0.6021968819675977
2008-02-14,0.6083335330978117
2008-02-15,0.6050166443201249
2008-02-16,0.6049152073639
2008-02-17,0.6047688045454164
2008-02-18,0.6032723943587844
2008-02-19,0.6009396129566822
2008-02-20,0.5940551736941044
2008-02-21,0.5659280233295586
2008-02-22,0.5644547335484306
2008-02-23,0.5643483408379003
2008-02-24,0.5642553973836892
2008-02-25,0.5446320889505609
2008-02-26,0.5594701774016582
2008-02-27,0.5546169039443735
2008-02-28,0.5220286389410863
2008-02-29,0.48403396117563796
2008-03-01,0.48209859306131814
2008-03-02,0.4819665140824487
2008-03-03,0.47976757874703063
2008-03-04,0.4778972668723138
2008-03-05,0.4802439213899666
2008-03-06,0.4811067849669923
2008-03-07,0.4839697339316753
2008-03-08,0.48409709700132436
2008-03-09,0.4839583152116394
2008-03-10,0.48373746154196967
2008-03-11,0.47892328633319375
2008-03-12,0.47634541540856623
2008-03-13,0.473154526924366
2008-03-14,0.47387141614656264
2008-03-15,0.4737247811265502
2008-03-16,0.47358726224131215
2008-03-17,0.47405617825716684
2008-03-18,0.44669394859684114
2008-03-19,0.444025747363467
2008-03-20,0.446298582400674
2008-03-21,0.44645407095363593
2008-03-22,0.4463073846292391
2008-03-23,0.44617165178907636
2008-03-24,0.4421533457083397
2008-03-25,0.4482220726729926
2008-03-26,0.4651231006624046
2008-03-27,0.46348130737346516
2008-03-28,0.4685503216086426
2008-03-29,0.46847412390148246
2008-03-30,0.46833704877742766
2008-03-31,0.4629544739773012
2008-04-01,0.46331207799903457
2008-04-02,0.4720227708343195
2008-04-03,0.4730579727918167
2008-04-04,0.47491772720570974
2008-04-05,0.47477802019365617
2008-04-06,0.4746384239586208
2008-04-07,0.4724513364136201
2008-04-08,0.47152500063390096
2008-04-09,0.4707691038980039
2008-04-10,0.4739870404806658
2008-04-11,0.428168918589888
2008-04-12,0.428038055023457
2008-04-13,0.42790729226750174
2008-04-14,0.42692411547088893
2008-04-15,0.4503634594024241
2008-04-16,0.4265056538512872
2008-04-17,0.4191820470291394
2008-04-18,0.415149148308588
2008-04-19,0.4147139273933967
2008-04-20,0.41459186648911767
2008-04-21,0.4607108262334787
2008-04-22,0.43325449765626933
2008-04-23,0.40522703895191076
2008-04-24,0.47089241854426933
2008-04-25,0.47182929527085227
2008-04-26,0.47763154084504267
2008-04-27,0.47749925107230123
2008-04-28,0.48565241937272846
2008-04-29,0.5291582746275545
2008-04-30,0.5336144325783065
2008-05-01,0.529223128970321
2008-05-02,0.46421925502764627
2008-05-03,0.4671368595809642
2008-05-04,0.46712577691099816
2008-05-05,0.46546367743710415
2008-05-06,0.4507512654133356
2008-05-07,0.4370680209530898
2008-05-08,0.4337894847421209
2008-05-09,0.4109206429020533
2008-05-10,0.41182743430042884
2008-05-11,0.41166959614251103
2008-05-12,0.42369531325076587
2008-05-13,0.41736069680628424
2008-05-14,0.4055816482140149
2008-05-15,0.3905769394485438
2008-05-16,0.3885277065604327
2008-05-17,0.3883810762844991
2008-05-18,0.3882261395912174
2008-05-19,0.39191843309527613
2008-05-20,0.38918252103385753
2008-05-21,0.3975029329514701
2008-05-22,0.39541756700350067
2008-05-23,0.3950854357725883
2008-05-24,0.39492914511567573
2008-05-25,0.3947730100994822
2008-05-26,0.3946170304644472
2008-05-27,0.39401521407815315
2008-05-28,0.3938063491679948
2008-05-29,0.37923334650061036
2008-05-30,0.3797268469547237
2008-05-31,0.3795735585529991
2008-06-01,0.3794204221597437
2008-06-02,0.3765317406447111
2008-06-03,0.3736598925012164
2008-06-04,0.3714720123155446
2008-06-05,0.3703289103603991
2008-06-06,0.3695146302493831
2008-06-07,0.36936383404160145
2008-06-08,0.3692131870036242
2008-06-09,0.36892813917407946
2008-06-10,0.3702586005347516
2008-06-11,0.37038868866581964
2008-06-12,0.3705149967241268
2008-06-13,0.3698540784092503
2008-06-14,0.3705706888411388
2008-06-15,0.370420463235171
2008-06-16,0.369863124974801
2008-06-17,0.3703805361899461
2008-06-18,0.37022945446291394
2008-06-19,0.36574063877414825
2008-06-20,0.36579668081379485
2008-06-21,0.36564886115807943
2008-06-22,0.3655011857451833
2008-06-23,0.3657142490532319
2008-06-24,0.37051732025921763
2008-06-25,0.3715527041289919
2008-06-26,0.370180075683394
2008-06-27,0.36955406979726374
2008-06-28,0.37074769528931956
2008-06-29,0.370600683468208
2008-06-30,0.3724866392507266
2008-07-01,0.3703170727005923
2008-07-02,0.36900870915066913
2008-07-03,0.36896836289270746
2008-07-04,0.3688200879816577
2008-07-05,0.36867195729886565
2008-07-06,0.3685239706108642
2008-07-07,0.36834143506274925
2008-07-08,0.3707602082133967
2008-07-09,0.37093597168835285
2008-07-10,0.37144550804062776
2008-07-11,0.3877330704568643
2008-07-12,0.3875812270176833
2008-07-13,0.3874295323692669
2008-07-14,0.3874591816452262
2008-07-15,0.37458396516009235
2008-07-16,0.39913034309734013
2008-07-17,0.4249603659021277
2008-07-18,0.44068793789910315
2008-07-19,0.4412623731168222
2008-07-20,0.44110225589897634
2008-07-21,0.4366616276181842
2008-07-22,0.4525772825126806
2008-07-23,0.40264988107500227
2008-07-24,0.3941025488451888
2008-07-25,0.40109129630976126
2008-07-26,0.40092070247758604
2008-07-27,0.40075029082227553
2008-07-28,0.3938257403137914
2008-07-29,0.39504187200643215
2008-07-30,0.4277781056667105
2008-07-31,0.4493682437901747
2008-08-01,0.42385526069232343
2008-08-02,0.4239069008417567
2008-08-03,0.4236907690817478
2008-08-04,0.37521398158858005
2008-08-05,0.3848104982194201
2008-08-06,0.3891187794031186
2008-08-07,0.4086258678086563
2008-08-08,0.3717800598085958
2008-08-09,0.3716247989007046
2008-08-10,0.3713888903034707
2008-08-11,0.3381185423077981
2008-08-12,0.2861281786047944
2008-08-13,0.2929930148990682
2008-08-14,0.2981194656498174
2008-08-15,0.3015530517412845
2008-08-16,0.3014215844559998
2008-08-17,0.30131255915773897
2008-08-18,0.31815850677008134
2008-08-19,0.32904953396260844
2008-08-20,0.3235026000818409
2008-08-21,0.3247731539070251
2008-08-22,0.32408857153510356
2008-08-23,0.32387265834609325
2008-08-24,0.3236570510073382
2008-08-25,0.3232657388580616
2008-08-26,0.3188750429938507
2008-08-27,0.31574312979547936
2008-08-28,0.31414061326032594
2008-08-29,0.3140964287913508
2008-08-30,0.3138872798380529
2008-08-31,0.3116717136643075
2008-09-01,0.31146330522331306
2008-09-02,0.31195798761835863
2008-09-03,0.3095837248916764
2008-09-04,0.3269874672990964
2008-09-05,0.3260495453309872
2008-09-06,0.32583501717943836
2008-09-07,0.325668794035038
2008-09-08,0.3253258888801823
2008-09-09,0.3242873087198003
2008-09-10,0.32433069330581715
2008-09-11,0.32440088909097226
2008-09-12,0.32415768745801454
2008-09-13,0.32394459117374585
2008-09-14,0.3237322376295944
2008-09-15,0.32247795720813743
2008-09-16,0.3222279817058821
2008-09-17,0.32352873348685995
2008-09-18,0.3209967476846578
2008-09-19,0.32144676183608695
2008-09-20,0.32123536879547626
2008-09-21,0.3210242713984535
2008-09-22,0.32092317755719985
2008-09-23,0.32075627753530994
2008-09-24,0.322492807586415
2008-09-25,0.32084522312246594
2008-09-26,0.3164228207862812
2008-09-27,0.3162138153309097
2008-09-28,0.3160051006117253
2008-09-29,0.32185166913368013
2008-09-30,0.32376377040659104
2008-10-01,0.3268877337946925
2008-10-02,0.3254358175560251
2008-10-03,0.32600858149318646
2008-10-04,0.3258006379999144
2008-10-05,0.3255929816440078
2008-10-06,0.3259486821504897
2008-10-07,0.32511303198770886
2008-10-08,0.3260622993053419
2008-10-09,0.3172369315778781
2008-10-10,0.2927622416997131
2008-10-11,0.2925919740345286
2008-10-12,0.2924004628135258
2008-10-13,0.2918330580235699
2008-10-14,0.2726607744320581
2008-10-15,0.27113744673480206
2008-10-16,0.2771702813484744
2008-10-17,0.2659664704134827
2008-10-18,0.26016317593978605
2008-10-19,0.25997695690966105
2008-10-20,0.17888168192287432
2008-10-21,0.17004386418191267
2008-10-22,0.12039361538865993
2008-10-23,0.13270286569386291
2008-10-24,0.1293796037833903
2008-10-25,0.12999733087396517
2008-10-26,0.12982121810509573
2008-10-27,0.14147397864309452
2008-10-28,0.16544973219289408
2008-10-29,0.12420197696472084
2008-10-30,0.11379999264789571
2008-10-31,0.14618982019462887
2008-11-01,0.1459296815361967
2008-11-02,0.1460967256162351
2008-11-03,0.1590217640470355
2008-11-04,0.157550486832175
2008-11-05,0.16533543303851542
2008-11-06,0.18424190315499436
2008-11-07,0.18370235073316085
2008-11-08,0.18410545180675653
2008-11-09,0.1838925029419292
2008-11-10,0.19328303820787887
2008-11-11,0.19228244135412761
2008-11-12,0.184878831155698
2008-11-13,0.17395763879516127
2008-11-14,0.16804108678529195
2008-11-15,0.16835972855768247
2008-11-16,0.16814435842258843
2008-11-17,0.16273432062627732
2008-11-18,0.1624330023638243
2008-11-19,0.16129427344300065
2008-11-20,0.16427651401954382
2008-11-21,0.16108929156277071
2008-11-22,0.1608159665461364
2008-11-23,0.16060913304653038
2008-11-24,0.14165196514368064
2008-11-25,0.13949283787439692
2008-11-26,0.1353846822803376
2008-11-27,0.13523135194778443
2008-11-28,0.13580545705743216
2008-11-29,0.13560568841236673
2008-11-30,0.1331555493207499
2008-12-01,0.1324076922335858
2008-12-02,0.13401511914022066
2008-12-03,0.13059929568537706
2008-12-04,0.12496923213953726
2008-12-05,0.12480684827277155
2008-12-06,0.12461150207841842
2008-12-07,0.1244164512979707
2008-12-08,0.12579864110218128
2008-12-09,0.12378652240942352
2008-12-10,0.12362627112933773
2008-12-11,0.1191749458228802
2008-12-12,0.12085868328922207
2008-12-13,0.12066666116955631
2008-12-14,0.1204750052092262
2008-12-15,0.11992621637271994
2008-12-16,0.1164058115716955
2008-12-17,0.11363764219025481
2008-12-18,0.0881001539562974
2008-12-19,0.08698529157033492
2008-12-20,0.08680324374413047
2008-12-21,0.08662147053874536
2008-12-22,0.08418174301678394
2008-12-23,0.08293429625228425
2008-12-24,0.08276188255250323
2008-12-25,0.08258197087584336
2008-12-26,0.08240232990515572
2008-12-27,0.08222295903703965
2008-12-28,0.08204385766993627
2008-12-29,0.08136697855268375
2008-12-30,0.0808368749307286
2008-12-31,0.0810220974745312
2009-01-01,0.08086606024822836
2009-01-02,0.08068905031870566
2009-01-03,0.08051158955442705
2009-01-04,0.08033439420246835
2009-01-05,0.08276574326521587
2009-01-06,0.08249261552221758
2009-01-07,0.07971897871678439
2009-01-08,0.07694906064632352
2009-01-09,0.07560432194764011
2009-01-10,0.0754310920745865
2009-01-11,0.0752581191187125
2009-01-12,0.07457795518034005
2009-01-13,0.07407882004441284
2009-01-14,0.07358558630113854
2009-01-15,0.0650998296700432
2009-01-16,0.04390687558110725
2009-01-17,0.04374296259326008
2009-01-18,0.0435463407779065
2009-01-19,0.042464460181018016
2009-01-20,0.04296295533911376
2009-01-21,0.009552222870751637
2009-01-22,0.0018379524977399548
2009-01-23,0.08936955342128046
2009-01-24,0.08890342089038665
2009-01-25,0.08872643487689331
2009-01-26,0.05642762747155583
2009-01-27,0.0816194976408567
2009-01-28,0.0470083448804098
2009-01-29,0.00956785906554932
2009-01-30,-0.04788980837891758
2009-01-31,-0.047965459619568884
2009-02-01,-0.04804100656586926
2009-02-02,-0.05617042018425603
2009-02-03,-0.042429198209755103
2009-02-04,-0.04179130862696501
2009-02-05,-0.042199307654539574
2009-02-06,-0.03003989916229884
2009-02-07,-0.0300967748368058
2009-02-08,-0.03015295630354246
2009-02-09,-0.035703234331656265
2009-02-10,-0.036103551275899225
2009-02-11,-0.05464115789646554
2009-02-12,-0.09003308435421054
2009-02-13,-0.09968973124071871
2009-02-14,-0.09975164855670937
2009-02-15,-0.0997770396408059
2009-02-16,-0.10224864739470152
2009-02-17,-0.09668976151341895
2009-02-18,-0.11966782217231271
2009-02-19,-0.12982756558135336
2009-02-20,-0.14848123565096993
2009-02-21,-0.14888469873514354
2009-02-22,-0.14888587196543376
2009-02-23,-0.15017716200811085
2009-02-24,-0.1694845738711794
2009-02-25,-0.17680101708526955
2009-02-26,-0.1637341632294299
2009-02-27,-0.16547960800477357
2009-02-28,-0.16404829909819804
2009-03-01,-0.1640401886259415
2009-03-02,-0.1884188649692824
2009-03-03,-0.18808717770707917
2009-03-04,-0.18392991907550585
2009-03-05,-0.18322345730774167
2009-03-06,-0.18651104835344665
2009-03-07,-0.1864336654238815
2009-03-08,-0.18641729797919407
2009-03-09,-0.1875372860308987
2009-03-10,-0.18911259809149025
2009-03-11,-0.1932252058076396
2009-03-12,-0.19343212639642393
2009-03-13,-0.193019543755883
2009-03-14,-0.1930028058943495
2009-03-15,-0.19298447630134666
2009-03-16,-0.19915594365919354
2009-03-17,-0.1990464100886592
2009-03-18,-0.20188300316473448
2009-03-19,-0.19513304787271982
2009-03-20,-0.1941808154014956
2009-03-21,-0.19416105904022726
2009-03-22,-0.19414131482182684
2009-03-23,-0.18689528736440797
2009-03-24,-0.18652475730077508
2009-03-25,-0.1833038955701832
2009-03-26,-0.1636179396841835
2009-03-27,-0.16460965899846133
2009-03-28,-0.16445550738009898
2009-03-29,-0.1644671294047362
2009-03-30,-0.1841721883150723
2009-03-31,-0.18525104647535054
2009-04-01,-0.1845252625661107
2009-04-02,-0.1866782604941899
2009-04-03,-0.1862763762583283
2009-04-04,-0.18625704183861416
2009-04-05,-0.18623772010331838
2009-04-06,-0.18628855277548398
2009-04-07,-0.17937362788029132
2009-04-08,-0.18040461368965013
2009-04-09,-0.1807535016494809
2009-04-10,-0.1806631281486216
2009-04-11,-0.18064581059327012
2009-04-12,-0.18062850390049423
2009-04-13,-0.1813477030470072
2009-04-14,-0.18153056865892178
2009-04-15,-0.17773783926390033
2009-04-16,-0.15256617779022763
2009-04-17,-0.14874042980017166
2009-04-18,-0.14873395745762732
2009-04-19,-0.14852158889125897
2009-04-20,-0.1242620815937318
2009-04-21,-0.05349293244737141
2009-04-22,-0.07891849164197733
2009-04-23,-0.031450847499648514
2009-04-24,-0.01580988260088974
2009-04-25,-0.016394299715546696
2009-04-26,-0.016334685089144225
2009-04-27,-0.05367029892321329
2009-04-28,0.0001140017045149581
2009-04-29,0.0075971941246210095
2009-04-30,-0.015995427148689734
2009-05-01,-0.009407696293080544
2009-05-02,-0.009308445637596955
2009-05-03,-0.00933864656084534
2009-05-04,-0.013999639713770162
2009-05-05,0.008547959387902648
2009-05-06,0.03695234456996203
2009-05-07,-0.028376770789892498
2009-05-08,0.12648051736569757
2009-05-09,0.16362042644994657
2009-05-10,0.16355315822453712
2009-05-11,0.15986803930003235
2009-05-12,0.1658190035733876
2009-05-13,0.1675619513292421
2009-05-14,0.15946903179903832
2009-05-15,0.15342530884859593
2009-05-16,0.15677255329703085
2009-05-17,0.1567064734341113
2009-05-18,0.15629582624021446
2009-05-19,0.16862508138006427
2009-05-20,0.19106761080833204
2009-05-21,0.1901812623353906
2009-05-22,0.19017454108101414
2009-05-23,0.1901903316417454
2009-05-24,0.19011757349497413
2009-05-25,0.19071890856975557
2009-05-26,0.19059157443651187
2009-05-27,0.19399741964467596
2009-05-28,0.19947368397804285
2009-05-29,0.19787715762039185
2009-05-30,0.19780854456737154
2009-05-31,0.19774777072591132
2009-06-01,0.19537206751787686
2009-06-02,0.19619267215346578
2009-06-03,0.1963147089785766
2009-06-04,0.19807835810064447
2009-06-05,0.19823752026662778
2009-06-06,0.19825089621845207
2009-06-07,0.19817649719232255
2009-06-08,0.19905703875283332
2009-06-09,0.19854239138750232
2009-06-10,0.19762348482117278
2009-06-11,0.19936328060937625
2009-06-12,0.19919939068919443
2009-06-13,0.19912501956647644
2009-06-14,0.1990507019136232
2009-06-15,0.19956232373117086
2009-06-16,0.2012323862362183
2009-06-17,0.2004653287252931
2009-06-18,0.20205453491510653
2009-06-19,0.2026068255649001
2009-06-20,0.2035061252499825
2009-06-21,0.2034313512696991
2009-06-22,0.20732846808343183
2009-06-23,0.2193043834158479
2009-06-24,0.21874408028443695
2009-06-25,0.22790478509156697
2009-06-26,0.22771113775319587
2009-06-27,0.22763135785795455
2009-06-28,0.22755163536091372
2009-06-29,0.23264707159256345
2009-06-30,0.23309895602400454
2009-07-01,0.23267996220674017
2009-07-02,0.2322355567584328
2009-07-03,0.2321549469592933
2009-07-04,0.23207439510211544
2009-07-05,0.2319533210315788
2009-07-06,0.23270962831235367
2009-07-07,0.23264810454827853
2009-07-08,0.22957728077760606
2009-07-09,0.22829948573762834
2009-07-10,0.23417566169339232
2009-07-11,0.23409495758292345
2009-07-12,0.2340143114762775
2009-07-13,0.2344437267219773
2009-07-14,0.24158276744488816
2009-07-15,0.24261081313905866
2009-07-16,0.2637926035842715
2009-07-17,0.2755097419706429
2009-07-18,0.27541849598010154
2009-07-19,0.2753273170388933
2009-07-20,0.2727939074907034
2009-07-21,0.29664390683465097
2009-07-22,0.4106016552231748
2009-07-23,0.4845992369955863
2009-07-24,0.46575465382892406
2009-07-25,0.46698540888746765
2009-07-26,0.4663697335491664
2009-07-27,0.5053086195746538
2009-07-28,0.5202968911490015
2009-07-29,0.557506768753795
2009-07-30,0.521580834358942
2009-07-31,0.5440457876649559
2009-08-01,0.5437573474018264
2009-08-02,0.5436125406150388
2009-08-03,0.5689196013141982
2009-08-04,0.5623090200792781
2009-08-05,0.5662649871951126
2009-08-06,0.6081911076805925
2009-08-07,0.6253941089837252
2009-08-08,0.626068014130162
2009-08-09,0.6259111591843256
2009-08-10,0.6236842562990869
2009-08-11,0.6248944938322835
2009-08-12,0.6442220427317
2009-08-13,0.658478787273744
2009-08-14,0.6608574316854128
2009-08-15,0.660909577450997
2009-08-16,0.6607424871158866
2009-08-17,0.6662522881515561
2009-08-18,0.6806281117592508
2009-08-19,0.6812802464441424
2009-08-20,0.6629622190249668
2009-08-21,0.6631896978876622
2009-08-22,0.6630228143851411
2009-08-23,0.6628560811977655
2009-08-24,0.6630129760187927
2009-08-25,0.6649133251015441
2009-08-26,0.6658203136960563
2009-08-27,0.6740555300050394
2009-08-28,0.6761807773922732
2009-08-29,0.6760119205627011
2009-08-30,0.67584321598518
2009-08-31,0.6773097970472058
2009-09-01,0.6766184195608306
2009-09-02,0.6754435641442137
2009-09-03,0.6746184367927275
2009-09-04,0.6742382312922378
2009-09-05,0.6740705235247679
2009-09-06,0.6739029660398147
2009-09-07,0.6737355585974978
2009-09-08,0.6763801055494071
2009-09-09,0.654090910755942
2009-09-10,0.6543777387342377
2009-09-11,0.653215891101229
2009-09-12,0.6530529907615876
2009-09-13,0.6528902340479178
2009-09-14,0.6515640743120037
2009-09-15,0.6521739959109755
2009-09-16,0.6818797267551769
2009-09-17,0.6801142352885604
2009-09-18,0.6796298164674188
2009-09-19,0.6794608473056988
2009-09-20,0.6792920299414781
2009-09-21,0.6793197579071046
2009-09-22,0.6916630958825966
2009-09-23,0.6936297415716147
2009-09-24,0.6927620720628976
2009-09-25,0.6936002528787139
2009-09-26,0.6934294013461221
2009-09-27,0.6932587026168925
2009-09-28,0.6937060960013198
2009-09-29,0.6962045170408562
2009-09-30,0.6962986118137993
2009-10-01,0.6985920889000597
2009-10-02,0.6983941133860293
2009-10-03,0.6982223617994766
2009-10-04,0.6980507642247687
2009-10-05,0.6950675965258687
2009-10-06,0.6969393843132373
2009-10-07,0.7035867883408677
2009-10-08,0.7107328900163151
2009-10-09,0.7117260285604162
2009-10-10,0.7144926195072646
2009-10-11,0.71431793911221
2009-10-12,0.7142731693116854
2009-10-13,0.7189254397234137
2009-10-14,0.7293554117424805
2009-10-15,0.7503859247866305
2009-10-16,0.7879983187988779
2009-10-17,0.7878121503864044
2009-10-18,0.7876261515671423
2009-10-19,0.7875579645446713
2009-10-20,0.8424403358164394
2009-10-21,0.8979061033774022
2009-10-22,1.0000635923020382
2009-10-23,1.041726907515273
2009-10-24,1.0414900310175585
2009-10-25,1.0412533852641164
2009-10-26,1.049546606603983
2009-10-27,1.0832906983175408
2009-10-28,1.1119287616908038
2009-10-29,1.2679509121274017
2009-10-30,1.2566002356885941
2009-10-31,1.2567795859399935
2009-11-01,1.2565143753269794
2009-11-02,1.2662075953180327
2009-11-03,1.3145119179944114
2009-11-04,1.3189600996919897
2009-11-05,1.3457141494448706
2009-11-06,1.3514609534156925
2009-11-07,1.3526377545671975
2009-11-08,1.3523085421952714
2009-11-09,1.3680409246809777
2009-11-10,1.3669866535752417
2009-11-11,1.3731369894633192
2009-11-12,1.3741657313053437
2009-11-13,1.3924965832262506
2009-11-14,1.39236129437585
2009-11-15,1.3920305142866791
2009-11-16,1.39095765733321
2009-11-17,1.384599062789914
2009-11-18,1.3873417813189928
2009-11-19,1.388841956982956
2009-11-20,1.3864431000276225
2009-11-21,1.3904767440687251
2009-11-22,1.3901728040669525
2009-11-23,1.3972170819695044
2009-11-24,1.4002004236803367
2009-11-25,1.400771155483475
2009-11-26,1.4018663002051175
2009-11-27,1.4908949241317024
2009-11-28,1.4905453063628842
2009-11-29,1.4901960508595646
2009-11-30,1.4899059314233538
2009-12-01,1.4957845613712244
2009-12-02,1.4892398263225874
2009-12-03,1.4927466751961938
2009-12-04,1.4933249789974579
2009-12-05,1.4929762667082966
2009-12-06,1.492627912781585
2009-12-07,1.4939741295946243
2009-12-08,1.4951848757457222
2009-12-09,1.4968376310599643
2009-12-10,1.503744171939932
2009-12-11,1.503448077016211
2009-12-12,1.5030978424919648
2009-12-13,1.5027479651340736
2009-12-14,1.502876828515401
2009-12-15,1.494647303403496
2009-12-16,1.4962536385994085
2009-12-17,1.5183676727972746
2009-12-18,1.5142392594051792
2009-12-19,1.5138892335535366
2009-12-20,1.5135395572537684
2009-12-21,1.5218296773164826
2009-12-22,1.5279905316085551
2009-12-23,1.5282264202173368
2009-12-24,1.5278735598256779
2009-12-25,1.5275202755372443
2009-12-26,1.527167341149343
2009-12-27,1.5268147559693723
2009-12-28,1.5269428336829647
2009-12-29,1.52661375099885
2009-12-30,1.5262619951473664
2009-12-31,1.5258955057842807
2010-01-01,1.5255444471805626
2010-01-02,1.525193733897548
2010-01-03,1.5248433652563866
2010-01-04,1.5244419098942164
2010-01-05,1.518907296584491
2010-01-06,1.5162871799888602
2010-01-07,1.51692458512134
2010-01-08,1.516794676803908
2010-01-09,1.5164494248166598
2010-01-10,1.5162806248044784
2010-01-11,1.520212423820462
2010-01-12,1.519969979377951
2010-01-13,1.5197906347913122
2010-01-14,1.5280971536499877
2010-01-15,1.528158476284582
2010-01-16,1.5277725060907834
2010-01-17,1.5274244155902172
2010-01-18,1.5282785134218935
2010-01-19,1.5334948764842455
2010-01-20,1.5558691506975133
2010-01-21,1.5994238591303134
2010-01-22,1.5380130526537625
2010-01-23,1.5376468433180372
2010-01-24,1.5372810023792025
2010-01-25,1.5526857391999724
2010-01-26,1.5996444157087613
2010-01-27,1.6602741676656947
2010-01-28,1.688369922497243
2010-01-29,1.7037712451004154
2010-01-30,1.7033086592831053
2010-01-31,1.7028465787865603
2010-02-01,1.7246671313585507
2010-02-02,1.7511349682005342
2010-02-03,1.6336009917154757
2010-02-04,1.6286336794622536
2010-02-05,1.6545956283698449
2010-02-06,1.654157025033131
2010-02-07,1.6537188688894346
2010-02-08,1.662985615000924
2010-02-09,1.6594866552714944
2010-02-10,1.6538216011807974
2010-02-11,1.7178413964101107
2010-02-12,1.7218408965087646
2010-02-13,1.7217670345867218
2010-02-14,1.7213012646246497
2010-02-15,1.7370856426718395
2010-02-16,1.6796724033322097
2010-02-17,1.71978995009267
2010-02-18,1.699813657558482
2010-02-19,1.6982762352958343
2010-02-20,1.697937156060803
2010-02-21,1.6974128786414389
2010-02-22,1.7328361083604076
2010-02-23,1.7387421714671654
2010-02-24,1.7315426005179324
2010-02-25,1.7608695427902106
2010-02-26,1.778324010037324
2010-02-27,1.8052264023640137
2010-02-28,1.8043541283088633
2010-03-01,1.8054841141074025
2010-03-02,1.8176017445126702
2010-03-03,1.814200700120269
2010-03-04,1.7880269087807037
2010-03-05,1.7891590933075125
2010-03-06,1.788487898829632
2010-03-07,1.7879710814788803
2010-03-08,1.7785702913676922
2010-03-09,1.7801744642298634
2010-03-10,1.7830260549285295
2010-03-11,1.7933036422120867
2010-03-12,1.7935312662150764
2010-03-13,1.7932603747158369
2010-03-14,1.7927384270501614
2010-03-15,1.794086169166727
2010-03-16,1.794659180509229
2010-03-17,1.795925915187479
2010-03-18,1.7949619704649136
2010-03-19,1.7957030540857764
2010-03-20,1.795632121124186
2010-03-21,1.7951096079823843
2010-03-22,1.7966548255074652
2010-03-23,1.7949652999066343
2010-03-24,1.790606050585149
2010-03-25,1.7665421123502945
2010-03-26,1.7667612001637278
2010-03-27,1.7662694964037755
2010-03-28,1.7653020831089092
2010-03-29,1.7597885566920155
2010-03-30,1.7625706257377136
2010-03-31,1.7762008462927465
2010-04-01,1.7769634289442509
2010-04-02,1.7765075722691173
2010-04-03,1.7760006380447013
2010-04-04,1.7755021612737256
2010-04-05,1.7747385455304243
2010-04-06,1.7744222368103095
2010-04-07,1.7765364948923155
2010-04-08,1.7757484148995324
2010-04-09,1.7757577633118524
2010-04-10,1.7752521793036766
2010-04-11,1.7747276833474057
2010-04-12,1.7660831171374891
2010-04-13,1.7760780138426122
2010-04-14,1.7758437738332755
2010-04-15,1.7631646025951688
2010-04-16,1.759443769274289
2010-04-17,1.7589466049377036
2010-04-18,1.758449975637984
2010-04-19,1.7634498664912839
2010-04-20,1.7689200941451648
2010-04-21,1.6900412600955388
2010-04-22,1.6675062671600067
2010-04-23,1.6455869963323904
2010-04-24,1.644658868374899
2010-04-25,1.6442373338393599
2010-04-26,1.6394494591612079
2010-04-27,1.6395387180919634
2010-04-28,1.6246691341954094
2010-04-29,1.67937841728413
2010-04-30,1.6609802692265336
2010-05-01,1.6646672407812486
2010-05-02,1.6642544645132993
2010-05-03,1.6604145984201846
2010-05-04,1.5328219898575968
2010-05-05,1.5253587136539
2010-05-06,1.5350588446861266
2010-05-07,1.534960239584801
2010-05-08,1.5388780332319465
2010-05-09,1.5385257267466177
2010-05-10,1.5448535872208768
2010-05-11,1.546920346302172
2010-05-12,1.5005709110486434
2010-05-13,1.5264661048025625
2010-05-14,1.528897037369932
2010-05-15,1.528584083961226
2010-05-16,1.5282390159207768
2010-05-17,1.5260389516854704
2010-05-18,1.4944389039664283
2010-05-19,1.4838213932968525
2010-05-20,1.4674162073092922
2010-05-21,1.4660975598105452
2010-05-22,1.4657746280331676
2010-05-23,1.4652782585603463
2010-05-24,1.466167405063376
2010-05-25,1.4701544639979807
2010-05-26,1.4701662824635537
2010-05-27,1.465212014622038
2010-05-28,1.4441488721530849
2010-05-29,1.4438341317563452
2010-05-30,1.443519672569014
2010-05-31,1.4432054940969454
2010-06-01,1.4421153481662954
2010-06-02,1.4416011140470235
2010-06-03,1.4402893881765386
2010-06-04,1.4404337151335767
2010-06-05,1.4401216562905323
2010-06-06,1.439809874030461
2010-06-07,1.4395949635230687
2010-06-08,1.4376389729754375
2010-06-09,1.4331810251803672
2010-06-10,1.4363282294064963
2010-06-11,1.4358791438199923
2010-06-12,1.4355694281000477
2010-06-13,1.4352599858114543
2010-06-14,1.430838569602835
2010-06-15,1.4326682673203095
2010-06-16,1.4350341404266604
2010-06-17,1.4349640674171562
2010-06-18,1.4346366228068554
2010-06-19,1.434351785733746
2010-06-20,1.4340433131031978
2010-06-21,1.4334529525557567
2010-06-22,1.418406525364632
2010-06-23,1.4190016618689898
2010-06-24,1.4258181210595302
2010-06-25,1.425196488046898
2010-06-26,1.4248884966300794
2010-06-27,1.4245807765023242
2010-06-28,1.4295352876572107
2010-06-29,1.427960249459013
2010-06-30,1.4261646688981457
2010-07-01,1.4252584499243832
2010-07-02,1.4249425263902697
2010-07-03,1.4246365377467025
2010-07-04,1.4243308159537336
2010-07-05,1.4240253605552293
2010-07-06,1.4237205755807132
2010-07-07,1.4230612934941869
2010-07-08,1.4218116833812635
2010-07-09,1.4209883298087809
2010-07-10,1.420704875191826
2010-07-11,1.420401638799422
2010-07-12,1.420423076490789
2010-07-13,1.4346486451969145
2010-07-14,1.4299052166169168
2010-07-15,1.420810074344164
2010-07-16,1.417654304195697
2010-07-17,1.4173477925513112
2010-07-18,1.4170415510487082
2010-07-19,1.3976131497374913
2010-07-20,1.388434254547765
2010-07-21,1.391895146070027
2010-07-22,1.3389002738390154
2010-07-23,1.3280759329892828
2010-07-24,1.3277923535527896
2010-07-25,1.3275090168001038
2010-07-26,1.338535362855765
2010-07-27,1.288620671178786
2010-07-28,1.2726726097135697
2010-07-29,1.3238740244741367
2010-07-30,1.3091055370909601
2010-07-31,1.3088157038320458
2010-08-01,1.3085261236482124
2010-08-02,1.2893465244748061
2010-08-03,1.2174627875862802
2010-08-04,1.2070232893193917
2010-08-05,1.2000445163398654
2010-08-06,1.1925321726474136
2010-08-07,1.1931995624486964
2010-08-08,1.192920764254738
2010-08-09,1.1859354778559885
2010-08-10,1.1831481803068977
2010-08-11,1.1843566962962315
2010-08-12,1.1816462921716804
2010-08-13,1.1772266050297824
2010-08-14,1.1785183335032638
2010-08-15,1.1782368782017743
2010-08-16,1.175500056330366
2010-08-17,1.1686806257205031
2010-08-18,1.1658774445207734
2010-08-19,1.1213541876078834
2010-08-20,1.1229198460065588
2010-08-21,1.1226454208051058
2010-08-22,1.122371246873853
2010-08-23,1.127403592318092
2010-08-24,1.1258168183573598
2010-08-25,1.121962721499117
2010-08-26,1.1198500277395897
2010-08-27,1.1198421311029378
2010-08-28,1.1195679256463018
2010-08-29,1.119158079710344
2010-08-30,1.1184844951424953
2010-08-31,1.1174572700457353
2010-09-01,1.1138738976840334
2010-09-02,1.10994684054305
2010-09-03,1.1097034230407845
2010-09-04,1.1094331820151027
2010-09-05,1.1091631863565632
2010-09-06,1.1088934356665991
2010-09-07,1.1064238458292464
2010-09-08,1.110835309053112
2010-09-09,1.1090280037973452
2010-09-10,1.109336727796788
2010-09-11,1.1090681982270365
2010-09-12,1.108799910637666
2010-09-13,1.108516411841259
2010-09-14,1.1070576976307178
2010-09-15,1.1066760831508082
2010-09-16,1.0920944640640702
2010-09-17,1.091894623889587
2010-09-18,1.0916731284923584
2010-09-19,1.0914056824171097
2010-09-20,1.090761172558778
2010-09-21,1.0912455971172539
2010-09-22,1.092182612973744
2010-09-23,1.0867481978346307
2010-09-24,1.0864566077161288
2010-09-25,1.086188863423481
2010-09-26,1.0859213617450425
2010-09-27,1.0869574046167543
2010-09-28,1.0843157815770275
2010-09-29,1.0839914921468685
2010-09-30,1.0819657001575385
2010-10-01,1.081845407316784
2010-10-02,1.0815799609590284
2010-10-03,1.0813147537954297
2010-10-04,1.079441132889951
2010-10-05,1.0813782210194531
2010-10-06,1.0784488632884175
2010-10-07,1.075071196535599
2010-10-08,1.0747717971840092
2010-10-09,1.0745080125287947
2010-10-10,1.074244465478056
2010-10-11,1.0722647558031564
2010-10-12,1.0775466041594808
2010-10-13,1.0770811360358967
2010-10-14,1.076528789306235
2010-10-15,1.0720307322335634
2010-10-16,1.0717635073547476
2010-10-17,1.0714965258745286
2010-10-18,1.0631523002317362
2010-10-19,1.0920740893417593
2010-10-20,1.0548123593480405
2010-10-21,1.0216023176211775
2010-10-22,1.037508993781807
2010-10-23,1.0372291930243742
2010-10-24,1.0369496518286887
2010-10-25,1.0434556867580962
2010-10-26,1.0601641139699856
2010-10-27,1.0691109119326117
2010-10-28,1.0231206338152694
2010-10-29,1.008001675351375
2010-10-30,1.00897452916334
2010-10-31,1.008737973706971
2010-11-01,1.029486236230576
2010-11-02,0.956175299726965
2010-11-03,0.9618429701039659
2010-11-04,0.9618890350714552
2010-11-05,0.9644381051761552
2010-11-06,0.9650498756544962
2010-11-07,0.964360916731732
2010-11-08,0.9530735531934263
2010-11-09,0.9360373770251448
2010-11-10,0.9345666739292612
2010-11-11,0.9326044238488923
2010-11-12,0.9272813777863167
2010-11-13,0.9270872690215454
2010-11-14,0.9269046757605196
2010-11-15,0.9232688734642399
2010-11-16,0.9259303066252085
2010-11-17,0.9270541535222075
2010-11-18,0.9325142959786349
2010-11-19,0.9349681357222126
2010-11-20,0.9349815580894155
2010-11-21,0.9347196175602294
2010-11-22,0.9176818242207889
2010-11-23,0.9132148854274371
2010-11-24,0.9701587155181599
2010-11-25,0.9698867508696098
2010-11-26,0.9692259620069983
2010-11-27,0.9689545993844577
2010-11-28,0.9686834925484838
2010-11-29,0.970018268075516
2010-11-30,0.9685093844072538
2010-12-01,0.9659368766634167
2010-12-02,0.9658613098322707
2010-12-03,0.9654063761185366
2010-12-04,0.9651368982602863
2010-12-05,0.9648676727026108
2010-12-06,0.9637926576055097
2010-12-07,0.9615527866214587
2010-12-08,0.9609787593512843
2010-12-09,0.9609658966698839
2010-12-10,0.9601239013624632
2010-12-11,0.9598602845992618
2010-12-12,0.9595943596260613
2010-12-13,0.9591930288820819
2010-12-14,0.9567666881536546
2010-12-15,0.9558030350132842
2010-12-16,0.9653498737645032
2010-12-17,0.9659470779469564
2010-12-18,0.9656818007661716
2010-12-19,0.9654167676326946
2010-12-20,0.9673257988135436
2010-12-21,0.9622267156416161
2010-12-22,0.9526550623546967
2010-12-23,0.952071228013085
2010-12-24,0.9527761046104422
2010-12-25,0.9525164155051833
2010-12-26,0.9522569627816578
2010-12-27,0.9518328944486477
2010-12-28,0.9516127072879627
2010-12-29,0.9510969382438376
2010-12-30,0.950798952499373
2010-12-31,0.9505407364666776
2011-01-01,0.9502827544996836
2011-01-02,0.9500250062263161
2011-01-03,0.9497623323564458
2011-01-04,0.9572331758901585
2011-01-05,0.9556463527179638
2011-01-06,0.9563369222600077
2011-01-07,0.9550564842541993
2011-01-08,0.9547990778946881
2011-01-09,0.9545419038193018
2011-01-10,0.9556690464892689
2011-01-11,0.958764870785275
2011-01-12,0.9587232667923349
2011-01-13,0.9569588471313623
2011-01-14,0.9576814661033562
2011-01-15,0.9574221452604513
2011-01-16,0.9571630589680558
2011-01-17,0.9568902171317166
2011-01-18,0.945436088704084
2011-01-19,0.9456558934454594
2011-01-20,0.9439520519289489
2011-01-21,0.926763704637997
2011-01-22,0.9265002517397463
2011-01-23,0.9259234420975234
2011-01-24,0.9337656923578335
2011-01-25,0.8789423523242083
2011-01-26,0.8187586542196632
2011-01-27,0.8135782790121944
2011-01-28,0.8182849535565756
2011-01-29,0.8182843380047636
2011-01-30,0.8181961213077759
2011-01-31,0.8029895662468625
2011-02-01,0.996466306380655
2011-02-02,1.0112083783448085
2011-02-03,1.121044450117622
2011-02-04,1.0898202164150537
2011-02-05,1.0895553338659507
2011-02-06,1.0892906874813975
2011-02-07,1.0900406677809404
2011-02-08,1.1053436953898315
2011-02-09,1.0684030526879535
2011-02-10,1.077807243262503
2011-02-11,1.0743463206373978
2011-02-12,1.073366404218401
2011-02-13,1.0731000257525252
2011-02-14,1.0658253757503864
2011-02-15,1.079917327180232
2011-02-16,1.1196094399107765
2011-02-17,1.0877450239442263
2011-02-18,1.0870178737333582
2011-02-19,1.0867434702491041
2011-02-20,1.086469317414229
2011-02-21,1.0859281148942628
2011-02-22,1.078515410401025
2011-02-23,1.063808777347952
2011-02-24,1.055217780136214
2011-02-25,1.0506320102810858
2011-02-26,1.0547235982248233
2011-02-27,1.0544436186975432
2011-02-28,1.046515142811087
2011-03-01,1.0493616040995912
2011-03-02,1.0536553820225127
2011-03-03,1.0571575130342168
2011-03-04,1.056217881506663
2011-03-05,1.055344870789025
2011-03-06,1.055061670395232
2011-03-07,1.0638081478430699
2011-03-08,1.070824056184308
2011-03-09,1.0705905966277642
2011-03-10,1.0704789751582062
2011-03-11,1.069386017031436
2011-03-12,1.0692798432554906
2011-03-13,1.0689956454154705
2011-03-14,1.0664450481389656
2011-03-15,1.0763808880160441
2011-03-16,1.0733993419485808
2011-03-17,1.0712002147601218
2011-03-18,1.070937161415799
2011-03-19,1.0706502896809653
2011-03-20,1.0703636856234604
2011-03-21,1.0701396874808713
2011-03-22,1.0725785369236147
2011-03-23,1.0709873057829993
2011-03-24,1.1092511080818832
2011-03-25,1.107010762541613
2011-03-26,1.1065630470751506
2011-03-27,1.1062686927971515
2011-03-28,1.1007775070342738
2011-03-29,1.1005275845255929
2011-03-30,1.0974703244801864
2011-03-31,1.1002221271542807
2011-04-01,1.0992284403386388
2011-04-02,1.098938752133859
2011-04-03,1.0986493334194904
2011-04-04,1.0989006428795178
2011-04-05,1.1122056457381415
2011-04-06,1.1142201128458489
2011-04-07,1.1178860356198494
2011-04-08,1.1208826241962153
2011-04-09,1.1205806641932745
2011-04-10,1.1202789891227936
2011-04-11,1.1178107929855174
2011-04-12,1.1176683682242519
2011-04-13,1.1173304381279183
2011-04-14,1.119817254346289
2011-04-15,1.117378819546581
2011-04-16,1.1170768364842438
2011-04-17,1.11675122999093
2011-04-18,1.1120188947123146
2011-04-19,1.0469753220411224
2011-04-20,1.144374130797148
2011-04-21,1.2026990440065275
2011-04-22,1.201355349577231
2011-04-23,1.2012190069666386
2011-04-24,1.201856307331741
2011-04-25,1.2041409288406564
2011-04-26,1.1882198193626061
2011-04-27,1.192527422814923
2011-04-28,1.2040858386432263
2011-04-29,1.2135781621708004
2011-04-30,1.2266313808449885
2011-05-01,1.2263440977384865
2011-05-02,1.2038768548497014
2011-05-03,1.1936102477747206
2011-05-04,1.2032651709099795
2011-05-05,1.2254694667199202
2011-05-06,1.2199608625589224
2011-05-07,1.219587099687098
2011-05-08,1.2193079940403704
2011-05-09,1.2077773626952368
2011-05-10,1.2015531408431481
2011-05-11,1.2411976367798225
2011-05-12,1.2334314612346082
2011-05-13,1.2820350628945185
2011-05-14,1.281745515685075
2011-05-15,1.28145782679113
2011-05-16,1.259780997213448
2011-05-17,1.2568701240236704
2011-05-18,1.2607140994270096
2011-05-19,1.267373701303143
2011-05-20,1.2664760808514428
2011-05-21,1.2662023764136272
2011-05-22,1.265928889978542
2011-05-23,1.266839934320205
2011-05-24,1.2673313073677723
2011-05-25,1.2625496264647642
2011-05-26,1.2562429419401713
2011-05-27,1.2563136502613483
2011-05-28,1.256045154015232
2011-05-29,1.2557768693219316
2011-05-30,1.2555087958777411
2011-05-31,1.2530745863965034
2011-06-01,1.2550487120707483
2011-06-02,1.2572463877057127
2011-06-03,1.2569544691728654
2011-06-04,1.256686234968976
2011-06-05,1.2564182118172333
2011-06-06,1.2561124286505079
2011-06-07,1.2589912970823323
2011-06-08,1.262175294476451
2011-06-09,1.2612836173244968
2011-06-10,1.258592540462273
2011-06-11,1.2583247669817157
2011-06-12,1.2580572033806143
2011-06-13,1.2575482606028983
2011-06-14,1.2606765584713209
2011-06-15,1.260108493200308
2011-06-16,1.2573443224800032
2011-06-17,1.2570783252313311
2011-06-18,1.2568125353860289
2011-06-19,1.2565469526495239
2011-06-20,1.2563646167111948
2011-06-21,1.2617642159108202
2011-06-22,1.2676419104223708
2011-06-23,1.2815920256242295
2011-06-24,1.2813301892211688
2011-06-25,1.2810569433015502
2011-06-26,1.2807839127074447
2011-06-27,1.2768732030067707
2011-06-28,1.2757205125180595
2011-06-29,1.2808589500140515
2011-06-30,1.2800925270300036
2011-07-01,1.2798214174354783
2011-07-02,1.2795505196203822
2011-07-03,1.2792798332829733
2011-07-04,1.2790093581221373
2011-07-05,1.2787324100944775
2011-07-06,1.2793188711955563
2011-07-07,1.2798578414313662
2011-07-08,1.2792998836958158
2011-07-09,1.2790301552100916
2011-07-10,1.278760636316927
2011-07-11,1.2819795058092298
2011-07-12,1.2824504828195822
2011-07-13,1.2793417102772977
2011-07-14,1.2913712086342872
2011-07-15,1.2911949351878984
2011-07-16,1.2909200621244834
2011-07-17,1.2906454027835481
2011-07-18,1.3006266647602036
2011-07-19,1.2906194608972499
2011-07-20,1.25860120312439
2011-07-21,1.2846203294153806
2011-07-22,1.3092229662719965
2011-07-23,1.3089397914998564
2011-07-24,1.3086568356612338
2011-07-25,1.3317934410394414
2011-07-26,1.3515825041361997
2011-07-27,1.370254761448809
2011-07-28,1.3510838804163718
2011-07-29,1.3615312695817872
2011-07-30,1.361395669824175
2011-07-31,1.3610880605684172
2011-08-01,1.3543119564314592
2011-08-02,1.3559586404213968
2011-08-03,1.3852821940734454
2011-08-04,1.3891496105767276
2011-08-05,1.4007036156536545
2011-08-06,1.399406001910901
2011-08-07,1.3990868595785078
2011-08-08,1.4061185602917072
2011-08-09,1.4023060890942416
2011-08-10,1.408850160323609
2011-08-11,1.4039265789090274
2011-08-12,1.4024206721814707
2011-08-13,1.4024640250655784
2011-08-14,1.4021394311326263
2011-08-15,1.405553074834793
2011-08-16,1.3918226462665242
2011-08-17,1.3822112299125031
2011-08-18,1.395954169534799
2011-08-19,1.3956202728662142
2011-08-20,1.3952972975496465
2011-08-21,1.3949745818668446
2011-08-22,1.3951884550394433
2011-08-23,1.404539044808417
2011-08-24,1.430296126228557
2011-08-25,1.4273746925147648
2011-08-26,1.4262582586723875
2011-08-27,1.4259232652885367
2011-08-28,1.4248374789358103
2011-08-29,1.4243302329471303
2011-08-30,1.4215963087470553
2011-08-31,1.4155554832898256
2011-09-01,1.41568114817538
2011-09-02,1.4147849536726447
2011-09-03,1.414569962320524
2011-09-04,1.4142407032447835
2011-09-05,1.4139117071692784
2011-09-06,1.4121408981381034
2011-09-07,1.4074115651855
2011-09-08,1.4065348911665831
2011-09-09,1.405908555319251
2011-09-10,1.405599120823803
2011-09-11,1.4052750927990632
2011-09-12,1.404563232134797
2011-09-13,1.4049659453543615
2011-09-14,1.404204976613314
2011-09-15,1.4024176053483914
2011-09-16,1.4021715425005186
2011-09-17,1.4018498401652533
2011-09-18,1.4015283906782088
2011-09-19,1.400879899541783
2011-09-20,1.3816419179362505
2011-09-21,1.3783502670835819
2011-09-22,1.3752715656768426
2011-09-23,1.3762136827327078
2011-09-24,1.3758976095748452
2011-09-25,1.375581786486296
2011-09-26,1.3751913039680241
2011-09-27,1.3699389716744976
2011-09-28,1.3691339895980523
2011-09-29,1.3657520040612772
2011-09-30,1.3642022399058769
2011-10-01,1.3638904878684717
2011-10-02,1.363578981224794
2011-10-03,1.3632364992817554
2011-10-04,1.3611694195470125
2011-10-05,1.361213906489451
2011-10-06,1.361260621730974
2011-10-07,1.361569377096817
2011-10-08,1.3612587152587186
2011-10-09,1.3609482976045628
2011-10-10,1.3606074028610886
2011-10-11,1.362738336387148
2011-10-12,1.3639311704081374
2011-10-13,1.3666336072983818
2011-10-14,1.3630106499661545
2011-10-15,1.362697940171447
2011-10-16,1.3623854764698322
2011-10-17,1.3684881090628813
2011-10-18,1.325036537688218
2011-10-19,1.313153932979726
2011-10-20,1.2976989908297163
2011-10-21,1.2903826323263436
2011-10-22,1.2877973007611643
2011-10-23,1.2875022597249213
2011-10-24,1.1942141348851898
2011-10-25,1.177109185624809
2011-10-26,1.121306850270767
2011-10-27,1.126396257676986
2011-10-28,1.1460657116522095
2011-10-29,1.1465374455174926
2011-10-30,1.1462685454303998
2011-10-31,1.138216958153424
2011-11-01,1.1439806089899405
2011-11-02,1.0871771453347228
2011-11-03,1.032089798419926
2011-11-04,0.9949670831694478
2011-11-05,0.9943766689569736
2011-11-06,0.9933704055742657
2011-11-07,0.9872408353170563
2011-11-08,0.9907787529184295
2011-11-09,0.9854749363002858
2011-11-10,0.9889317352576441
2011-11-11,0.9884263667164185
2011-11-12,0.9880718515814696
2011-11-13,0.9878561315283184
2011-11-14,0.977845690200185
2011-11-15,0.9556775372405478
2011-11-16,0.9573105334570274
2011-11-17,0.9476081901780843
2011-11-18,0.9463536259637252
2011-11-19,0.9461165226022654
2011-11-20,0.9458796138318265
2011-11-21,0.9159279876874402
2011-11-22,0.7718804996612666
2011-11-23,0.7715471671949038
2011-11-24,0.771339826087463
2011-11-25,0.7711326490063847
2011-11-26,0.7709256357341124
2011-11-27,0.7707187860534948
2011-11-28,0.7709031799320204
2011-11-29,0.7702857148083257
2011-11-30,0.7680897527344227
2011-12-01,0.7644712126566112
2011-12-02,0.7640918019899018
2011-12-03,0.7638884336192785
2011-12-04,0.763631102062464
2011-12-05,0.7639256943548699
2011-12-06,0.7630136698939006
2011-12-07,0.761349370744944
2011-12-08,0.7572120487583032
2011-12-09,0.754071079014718
2011-12-10,0.7538584781146106
2011-12-11,0.7536583456874902
2011-12-12,0.7532135798202519
2011-12-13,0.7510651543181197
2011-12-14,0.7537876974667643
2011-12-15,0.7534711985201552
2011-12-16,0.7525630385993834
2011-12-17,0.7523641848810456
2011-12-18,0.7521654851041374
2011-12-19,0.751872261052843
2011-12-20,0.7406097969165097
2011-12-21,0.7401799109170296
2011-12-22,0.7394118157435935
2011-12-23,0.7388950495939985
2011-12-24,0.7387024621878145
2011-12-25,0.7385100207515123
2011-12-26,0.7383177251001358
2011-12-27,0.7381570299683763
2011-12-28,0.7380216928669222
2011-12-29,0.7368029802490352
2011-12-30,0.736622823872561
2011-12-31,0.7364317933451291
2012-01-01,0.7362409068535419
2012-01-02,0.7361682958725
2012-01-03,0.7353723930747829
2012-01-04,0.7290337390789445
2012-01-05,0.7246604965547427
2012-01-06,0.7254365635397151
2012-01-07,0.7252488286916838
2012-01-08,0.7250612341373408
2012-01-09,0.724287264199222
2012-01-10,0.7240404481631305
2012-01-11,0.7238707917256262
2012-01-12,0.7244485907930517
2012-01-13,0.7242361473687838
2012-01-14,0.7240491939420638
2012-01-15,0.7238623798466716
2012-01-16,0.7236757049093416
2012-01-17,0.7229443797506043
2012-01-18,0.7276791424151421
2012-01-19,0.7047979652451569
2012-01-20,0.6948488014083942
2012-01-21,0.6946579764062374
2012-01-22,0.6944672986239429
2012-01-23,0.6984515431141558
2012-01-24,0.7209846701397797
2012-01-25,0.7316706495255532
2012-01-26,0.7237236112372275
2012-01-27,0.735217430341819
2012-01-28,0.7344323277983683
2012-01-29,0.7346212538131279
2012-01-30,0.7401671632601481
2012-01-31,0.6837082939259215
2012-02-01,0.6480331315878903
2012-02-02,0.6252879192465445
2012-02-03,0.6240060237678277
2012-02-04,0.6239577532635789
2012-02-05,0.6237885517405427
2012-02-06,0.624160871317679
2012-02-07,0.5785691878098782
2012-02-08,0.5566212698970365
2012-02-09,0.5629347360958532
2012-02-10,0.5577094684865755
2012-02-11,0.5575081368353164
2012-02-12,0.557352046062415
2012-02-13,0.560905206406043
2012-02-14,0.5649548082351683
2012-02-15,0.5514386829773713
2012-02-16,0.5268388422739138
2012-02-17,0.5368050030396752
2012-02-18,0.5424910471813792
2012-02-19,0.5423409160700781
2012-02-20,0.5416546809501573
2012-02-21,0.5596278196943257
2012-02-22,0.5915434954860089
2012-02-23,0.5848066663867509
2012-02-24,0.5830309908587592
2012-02-25,0.582904688267516
2012-02-26,0.5826724526379367
2012-02-27,0.5832135912321731
2012-02-28,0.5496068228718219
2012-02-29,0.5373202879745672
2012-03-01,0.5384016021376902
2012-03-02,0.5376345484738507
2012-03-03,0.5375264734987464
2012-03-04,0.5373891145783217
2012-03-05,0.5363641343154025
2012-03-06,0.5354243663284528
2012-03-07,0.5347028238585488
2012-03-08,0.5411050933633313
2012-03-09,0.5408782441584238
2012-03-10,0.5407365939290222
2012-03-11,0.5405966117500848
2012-03-12,0.5424749759927164
2012-03-13,0.5426994836924496
2012-03-14,0.5440458697846017
2012-03-15,0.543702564705148
2012-03-16,0.5412947067521833
2012-03-17,0.5411547395105448
2012-03-18,0.5410148651279933
2012-03-19,0.5387029860228638
2012-03-20,0.5255931197230869
2012-03-21,0.526623440270102
2012-03-22,0.5322643259518994
2012-03-23,0.5323138770417086
2012-03-24,0.5322402959203495
2012-03-25,0.5321000818804418
2012-03-26,0.5297285958051081
2012-03-27,0.5291375437089362
2012-03-28,0.5274962517588572
2012-03-29,0.5235207340997526
2012-03-30,0.5219185300106982
2012-03-31,0.5219897461772715
2012-04-01,0.5218503466242024
2012-04-02,0.5207693482831726
2012-04-03,0.5206204094084731
2012-04-04,0.5242852814429009
2012-04-05,0.523455569049245
2012-04-06,0.5232602348670058
2012-04-07,0.5231195139246935
2012-04-08,0.5229788876785361
2012-04-09,0.5227472014593451
2012-04-10,0.5227111471002436
2012-04-11,0.5228569836157181
2012-04-12,0.5410099052753193
2012-04-13,0.5412834328382529
2012-04-14,0.541140233509412
2012-04-15,0.5409971306146302
2012-04-16,0.5361324104913089
2012-04-17,0.6082973022226871
2012-04-18,0.6195825788564757
2012-04-19,0.579186911304662
2012-04-20,0.5641350455558825
2012-04-21,0.5639871189938672
2012-04-22,0.5640745708141139
2012-04-23,0.5702174495089138
2012-04-24,0.5376156410881259
2012-04-25,0.5574457814916118
2012-04-26,0.499730666415755
2012-04-27,0.4587207999567329
2012-04-28,0.4587613560119587
2012-04-29,0.4586528104184953
2012-04-30,0.4563092522795946
2012-05-01,0.42377399471413635
2012-05-02,0.4129785222515235
2012-05-03,0.40692016917522694
2012-05-04,0.42477387262608407
2012-05-05,0.42476620641408297
2012-05-06,0.4246501999946521
2012-05-07,0.42619425948925294
2012-05-08,0.43254530337565705
2012-05-09,0.4235173712837879
2012-05-10,0.4470926482986825
2012-05-11,0.4491723637753609
2012-05-12,0.4489802809683834
2012-05-13,0.4488612201251346
2012-05-14,0.44755287964389323
2012-05-15,0.4449414733104315
2012-05-16,0.4826167142664259
2012-05-17,0.47282304097758043
2012-05-18,0.473847211478068
2012-05-19,0.4737056650323442
2012-05-20,0.4735620725630356
2012-05-21,0.47750582641721095
2012-05-22,0.47057998402798384
2012-05-23,0.4771471393098021
2012-05-24,0.4813014154438719
2012-05-25,0.4801079551305878
2012-05-26,0.4802800006449643
2012-05-27,0.48013796376212237
2012-05-28,0.48032353937404326
2012-05-29,0.48049980435179096
2012-05-30,0.4801300561048452
2012-05-31,0.48032525992327413
2012-06-01,0.4803285066024596
2012-06-02,0.47996592625256707
2012-06-03,0.47982457099358594
2012-06-04,0.4793620867343725
2012-06-05,0.4793766459867313
2012-06-06,0.4779668966777573
2012-06-07,0.4758257563620824
2012-06-08,0.4756175343357744
2012-06-09,0.47547748901664355
2012-06-10,0.475337540946847
2012-06-11,0.47506815850804607
2012-06-12,0.47533080023768476
2012-06-13,0.4749241857824189
2012-06-14,0.4760509776237824
2012-06-15,0.4763564591694199
2012-06-16,0.47623289094235144
2012-06-17,0.4760931716257664
2012-06-18,0.4608680994800185
2012-06-19,0.46393101845119483
2012-06-20,0.46021211834450765
2012-06-21,0.456805547115199
2012-06-22,0.4561808645645497
2012-06-23,0.4560423767684065
2012-06-24,0.45590398583681524
2012-06-25,0.4533882755951906
2012-06-26,0.45364231540080097
2012-06-27,0.4509674339082803
2012-06-28,0.45074198392260073
2012-06-29,0.45270528948736466
2012-06-30,0.452567214001953
2012-07-01,0.45242923518069483
2012-07-02,0.4523838927563397
2012-07-03,0.4524256387457401
2012-07-04,0.45211859789012715
2012-07-05,0.4516954034864245
2012-07-06,0.45155282161905896
2012-07-07,0.4514154368694699
2012-07-08,0.4512781480396233
2012-07-09,0.44913672261952575
2012-07-10,0.4497304780212474
2012-07-11,0.4503403912847874
2012-07-12,0.44733895046800737
2012-07-13,0.44692025617710146
2012-07-14,0.44678392891404356
2012-07-15,0.4466476966827401
2012-07-16,0.44680936552713546
2012-07-17,0.350815472157141
2012-07-18,0.34595081977158165
2012-07-19,0.32901483227057104
2012-07-20,0.30417128492496265
2012-07-21,0.3040572408300094
2012-07-22,0.30394328016719213
2012-07-23,0.2890853236534163
2012-07-24,0.29195614014832494
2012-07-25,0.27293697019091745
2012-07-26,0.31009976222605623
2012-07-27,0.32391408705341795
2012-07-28,0.3237840878031996
2012-07-29,0.3236541930663747
2012-07-30,0.3269339504186856
2012-07-31,0.3332215950042614
2012-08-01,0.3413700625324188
2012-08-02,0.3644647549396201
2012-08-03,0.35455109844608074
2012-08-04,0.35469831427199267
2012-08-05,0.3545522124417448
2012-08-06,0.34279767897375285
2012-08-07,0.3084790830936612
2012-08-08,0.26007110570436337
2012-08-09,0.2635314604754923
2012-08-10,0.2611862713235295
2012-08-11,0.2610761216046888
2012-08-12,0.2609562787603068
2012-08-13,0.2556581635583312
2012-08-14,0.2513707794559239
2012-08-15,0.2331163206602381
2012-08-16,0.23684585066036176
2012-08-17,0.23745819283835287
2012-08-18,0.23734590834225808
2012-08-19,0.23723372252018984
2012-08-20,0.23858725453814753
2012-08-21,0.2264137254990618
2012-08-22,0.20671219820135311
2012-08-23,0.21045529670651786
2012-08-24,0.2101187721328811
2012-08-25,0.21001978097688612
2012-08-26,0.20992087454258654
2012-08-27,0.21178495275854473
2012-08-28,0.21018139575803188
2012-08-29,0.2105830327946873
2012-08-30,0.21013010828014714
2012-08-31,0.21026693035308486
2012-09-01,0.21012153296888525
2012-09-02,0.2100180620038117
2012-09-03,0.2099191988307144
2012-09-04,0.20859574512105397
2012-09-05,0.20884023678377672
2012-09-06,0.20612057568911082
2012-09-07,0.20489338366637702
2012-09-08,0.2048274573802922
2012-09-09,0.20473063107509568
2012-09-10,0.20461816699640267
2012-09-11,0.20507368940966467
2012-09-12,0.2044310562505737
2012-09-13,0.2044952194830998
2012-09-14,0.19795320582954615
2012-09-15,0.19786283803164087
2012-09-16,0.1977682587060078
2012-09-17,0.19773167314650827
2012-09-18,0.1999400296052201
2012-09-19,0.1984971108446393
2012-09-20,0.19392993128455838
2012-09-21,0.1937074542007581
2012-09-22,0.19361614707706445
2012-09-23,0.1935249168910916
2012-09-24,0.19394860274917058
2012-09-25,0.20109803671874169
2012-09-26,0.20241647348216696
2012-09-27,0.20894048665011464
2012-09-28,0.2046518491448582
2012-09-29,0.2045575089075561
2012-09-30,0.20446324790460943
2012-10-01,0.20412921628710123
2012-10-02,0.19958874676299188
2012-10-03,0.202236413625584
2012-10-04,0.20221477190057743
2012-10-05,0.20294939335764461
2012-10-06,0.20285557554116393
2012-10-07,0.20276183640332368
2012-10-08,0.20268515764212255
2012-10-09,0.2013828858564092
2012-10-10,0.1978102671188846
2012-10-11,0.19825898439753775
2012-10-12,0.20146855621808535
2012-10-13,0.20137521066650368
2012-10-14,0.20128194340546077
2012-10-15,0.20093052683533197
2012-10-16,0.1897507096812737
2012-10-17,0.22555479589112348
2012-10-18,0.2316168005365101
2012-10-19,0.2585036992676078
2012-10-20,0.2566930368423031
2012-10-21,0.25658489685351377
2012-10-22,0.3240068676605914
2012-10-23,0.2923012409139274
2012-10-24,0.2812736557053264
2012-10-25,0.31952645077457914
2012-10-26,0.37165155359497
2012-10-27,0.3725149488842941
2012-10-28,0.3723886566970503
2012-10-29,0.3697204322286692
2012-10-30,0.40988183307886183
2012-10-31,0.43064782205187363
2012-11-01,0.380640250748967
2012-11-02,0.40086869727950303
2012-11-03,0.40099759531710616
2012-11-04,0.40310633405771035
2012-11-05,0.42777040188808235
2012-11-06,0.462949892171602
2012-11-07,0.47273504505550185
2012-11-08,0.45950882915730346
2012-11-09,0.4619793836422308
2012-11-10,0.4584199351266913
2012-11-11,0.45829350982856204
2012-11-12,0.4567576823689163
2012-11-13,0.4451897264612365
2012-11-14,0.44940684201134756
2012-11-15,0.43665065931017066
2012-11-16,0.43542971426847177
2012-11-17,0.43552028494994216
2012-11-18,0.43540033882676554
2012-11-19,0.438670750208953
2012-11-20,0.4588895264242046
2012-11-21,0.4607395874032942
2012-11-22,0.4606674448960371
2012-11-23,0.46054130846423597
2012-11-24,0.4604192080473009
2012-11-25,0.460286166031179
2012-11-26,0.4594382784435069
2012-11-27,0.45981300687551774
2012-11-28,0.46069446142048176
2012-11-29,0.4620858360675731
2012-11-30,0.4617993450773535
2012-12-01,0.46167747169585577
2012-12-02,0.4615556754498677
2012-12-03,0.46079831852920844
2012-12-04,0.46181935190587414
2012-12-05,0.4613281119799688
2012-12-06,0.46417614706199367
2012-12-07,0.4643543561346013
2012-12-08,0.46411822150228454
2012-12-09,0.4639965741320628
2012-12-10,0.46396348020658146
2012-12-11,0.4634906766015263
2012-12-12,0.4623107313749761
2012-12-13,0.4633206573141435
2012-12-14,0.46306266619020436
2012-12-15,0.462941617785454
2012-12-16,0.46282065215167
2012-12-17,0.4642958757322962
2012-12-18,0.4800392586145253
2012-12-19,0.4778014039202227
2012-12-20,0.4776824211479016
2012-12-21,0.4814356957802555
2012-12-22,0.482317116530213
2012-12-23,0.4821373170444871
2012-12-24,0.48201584330374575
2012-12-25,0.48189444466724257
2012-12-26,0.4817845992215039
2012-12-27,0.4817314511111097
2012-12-28,0.4816151018250767
2012-12-29,0.48149399057258885
2012-12-30,0.4813729540626163
2012-12-31,0.4810848309636288
2013-01-01,0.4809639635190994
2013-01-02,0.4808902408341896
2013-01-03,0.4806299542923571
2013-01-04,0.48214222024068737
2013-01-05,0.4820216609280436
2013-01-06,0.48190117571064306
2013-01-07,0.48077333420953616
2013-01-08,0.4862711344193782
2013-01-09,0.4864402312232785
2013-01-10,0.4865643340365848
2013-01-11,0.48530678852857473
2013-01-12,0.485186673094453
2013-01-13,0.4850666310481741
2013-01-14,0.48521341784807254
2013-01-15,0.4817647005091686
2013-01-16,0.47535053538875394
2013-01-17,0.5097988194643643
2013-01-18,0.5119452305267769
2013-01-19,0.5118204415421505
2013-01-20,0.5116957292059738
2013-01-21,0.5115710934423965
2013-01-22,0.48345659635683985
2013-01-23,0.518605431868735
2013-01-24,0.5570038571030057
2013-01-25,0.5545462846432292
2013-01-26,0.5544151200700415
2013-01-27,0.5542840364114653
2013-01-28,0.5430840685256776
2013-01-29,0.5893127434849547
2013-01-30,0.6263412510478771
2013-01-31,0.6487160273466877
2013-02-01,0.6551076056797469
2013-02-02,0.6549705951149498
2013-02-03,0.6548336677588714
2013-02-04,0.6037946319977373
2013-02-05,0.6427459568045414
2013-02-06,0.6300547500578636
2013-02-07,0.6248285728131858
2013-02-08,0.6229671731480781
2013-02-09,0.6228417020664545
2013-02-10,0.6227176031636296
2013-02-11,0.626244111858416
2013-02-12,0.6332465525178161
2013-02-13,0.6463997379617927
2013-02-14,0.6359122714630152
2013-02-15,0.6381594570100119
2013-02-16,0.6380193545564432
2013-02-17,0.6378971417308238
2013-02-18,0.6338884418596855
2013-02-19,0.6313849043434626
2013-02-20,0.6192846602512009
2013-02-21,0.6154538810265843
2013-02-22,0.6189470006834353
2013-02-23,0.618827093559089
2013-02-24,0.6163822319301663
2013-02-25,0.6093315010517322
2013-02-26,0.6100202545524672
2013-02-27,0.6353602632418253
2013-02-28,0.6437648679926252
2013-03-01,0.6445588833253618
2013-03-02,0.6446964539693456
2013-03-03,0.6445671386186588
2013-03-04,0.6510118476930966
2013-03-05,0.6516182955923923
2013-03-06,0.6515169699262894
2013-03-07,0.6487671133642311
2013-03-08,0.6497988300706233
2013-03-09,0.6496690247489364
2013-03-10,0.6495392980093618
2013-03-11,0.6484406583564263
2013-03-12,0.6596165947163289
2013-03-13,0.6629187962649185
2013-03-14,0.6649500618724494
2013-03-15,0.6621316039648449
2013-03-16,0.661999426806672
2013-03-17,0.6618673299831027
2013-03-18,0.6610965766158389
2013-03-19,0.6636645611990751
2013-03-20,0.6743180760898699
2013-03-21,0.6779733953680949
2013-03-22,0.6783021732696589
2013-03-23,0.6781682310189133
2013-03-24,0.6780343704249813
2013-03-25,0.6769742467687608
2013-03-26,0.6763806120176726
2013-03-27,0.6791450884763984
2013-03-28,0.6796165555159878
2013-03-29,0.6794480994666442
2013-03-30,0.6793139959056473
2013-03-31,0.6791802930016506
2013-04-01,0.6794007771847772
2013-04-02,0.6783802942986986
2013-04-03,0.6817156430340967
2013-04-04,0.6812071342746361
2013-04-05,0.6809184919262964
2013-04-06,0.6807842048217124
2013-04-07,0.68064999926114
2013-04-08,0.6785289722450116
2013-04-09,0.6784219340752117
2013-04-10,0.6800067110337903
2013-04-11,0.6799869774978885
2013-04-12,0.680074152942499
2013-04-13,0.6799402930388387
2013-04-14,0.6798065142105693
2013-04-15,0.6783717406309487
2013-04-16,0.6589921193562518
2013-04-17,0.625215845246732
2013-04-18,0.675842232377882
2013-04-19,0.6982183883543503
2013-04-20,0.6980809385965164
2013-04-21,0.6987932128477023
2013-04-22,0.6951231381877075
2013-04-23,0.7298746671684907
2013-04-24,0.7070471748239266
2013-04-25,0.7063671465510395
2013-04-26,0.6963090237277308
2013-04-27,0.696722832461723
2013-04-28,0.6965848393186321
2013-04-29,0.6875669865808849
2013-04-30,0.7575250795607523
2013-05-01,0.7191903030129433
2013-05-02,0.7217271951149451
2013-05-03,0.7267314694066607
2013-05-04,0.7268013929441436
2013-05-05,0.7266468561514844
2013-05-06,0.7297176211060042
2013-05-07,0.7333108163876952
2013-05-08,0.7566273460983419
2013-05-09,0.735025209423232
2013-05-10,0.7401610111436829
2013-05-11,0.7399438046395699
2013-05-12,0.7397780430603239
2013-05-13,0.7380503479626865
2013-05-14,0.7381865133321451
2013-05-15,0.7283241131618389
2013-05-16,0.7140370121626605
2013-05-17,0.7136281462555285
2013-05-18,0.7135150123612588
2013-05-19,0.71319953633393
2013-05-20,0.7131623489097919
2013-05-21,0.7697068341467735
2013-05-22,0.754336419146323
2013-05-23,0.7511726625704925
2013-05-24,0.7511597332648092
2013-05-25,0.750995293419539
2013-05-26,0.7508309611568058
2013-05-27,0.7506667363583476
2013-05-28,0.7496568572426855
2013-05-29,0.7490473704967743
2013-05-30,0.7505423627671434
2013-05-31,0.7502916977547875
2013-06-01,0.7501280829026201
2013-06-02,0.7499645747178981
2013-06-03,0.747959484917831
2013-06-04,0.7475032270917538
2013-06-05,0.7458045081200461
2013-06-06,0.7469398056719406
2013-06-07,0.7470598275130206
2013-06-08,0.7468974760387134
2013-06-09,0.7467352299426824
2013-06-10,0.7483032430015241
2013-06-11,0.7480983874708708
2013-06-12,0.751233523937446
2013-06-13,0.751160071989961
2013-06-14,0.7500085746274733
2013-06-15,0.7498469074980395
2013-06-16,0.7496847287074265
2013-06-17,0.7482894070242437
2013-06-18,0.746124910037385
2013-06-19,0.7501617455266407
2013-06-20,0.7497210223954477
2013-06-21,0.7503831801290755
2013-06-22,0.7502206193412514
2013-06-23,0.7500581640545078
2013-06-24,0.7498176369723332
2013-06-25,0.7466891613995857
2013-06-26,0.7434019609530766
2013-06-27,0.748000622674871
2013-06-28,0.7487398756204696
2013-06-29,0.750929708133243
2013-06-30,0.7507689332499159
2013-07-01,0.7495206048931831
2013-07-02,0.7501906853999607
2013-07-03,0.7502628901663764
2013-07-04,0.7501024285675332
2013-07-05,0.7499420701365652
2013-07-06,0.7497818147619038
2013-07-07,0.7496216623321503
2013-07-08,0.7485572373270823
2013-07-09,0.747484640153146
2013-07-10,0.7468435890442985
2013-07-11,0.7468377155469513
2013-07-12,0.7465975484777464
2013-07-13,0.7464383780952332
2013-07-14,0.7462793095568223
2013-07-15,0.7467691452225248
2013-07-16,0.8261957129185662
2013-07-17,0.8163644589408076
2013-07-18,0.8452216124058296
2013-07-19,0.8640507708647686
2013-07-20,0.8638837281477064
2013-07-21,0.8637167907269822
2013-07-22,0.8635839622281035
2013-07-23,0.8289658259472888
2013-07-24,0.8649939968343044
2013-07-25,0.8760288139096725
2013-07-26,0.8780883094710717
2013-07-27,0.878053225466949
2013-07-28,0.8778685534575791
2013-07-29,0.8854386862981819
2013-07-30,0.8479439816310975
2013-07-31,0.8644264229084477
2013-08-01,0.8130402771928505
2013-08-02,0.7975178327053651
2013-08-03,0.7973589762262775
2013-08-04,0.7972002192732957
2013-08-05,0.7969796240171144
2013-08-06,0.7831135112698154
2013-08-07,0.7792176157834773
2013-08-08,0.7651184387332067
2013-08-09,0.8288308049895817
2013-08-10,0.8296075783165072
2013-08-11,0.8294640296885731
2013-08-12,0.8281829331944682
2013-08-13,0.8291154638724532
2013-08-14,0.84174043585596
2013-08-15,0.8560818969140418
2013-08-16,0.8675019796164732
2013-08-17,0.8673548093709716
2013-08-18,0.8672077229967504
2013-08-19,0.8672207842450904
2013-08-20,0.8830713341586204
2013-08-21,0.8813590750565031
2013-08-22,0.8797195242791219
2013-08-23,0.8785759206956336
2013-08-24,0.878425985873497
2013-08-25,0.8782761370594873
2013-08-26,0.8775869406099308
2013-08-27,0.8778771226196356
2013-08-28,0.8852864329103544
2013-08-29,0.8803256398931841
2013-08-30,0.879966055634774
2013-08-31,0.8798152034321937
2013-09-01,0.8796644380327691
2013-09-02,0.8795137593494996
2013-09-03,0.8797994918600262
2013-09-04,0.8805991461119129
2013-09-05,0.881639129780775
2013-09-06,0.8842103656679616
2013-09-07,0.8829453812752268
2013-09-08,0.8827944704525209
2013-09-09,0.881830239521476
2013-09-10,0.8818290433106322
2013-09-11,0.8811789081403513
2013-09-12,0.8834490036810485
2013-09-13,0.8834004417912706
2013-09-14,0.8832498067984668
2013-09-15,0.8830992581377193
2013-09-16,0.8829384544648914
2013-09-17,0.8785928643131289
2013-09-18,0.8921183328347911
2013-09-19,0.8915336737196532
2013-09-20,0.8912325239133415
2013-09-21,0.8910819265518128
2013-09-22,0.8909314153425908
2013-09-23,0.8905654497887298
2013-09-24,0.8945018573474961
2013-09-25,0.890538088791058
2013-09-26,0.8861294180803162
2013-09-27,0.8824646465734466
2013-09-28,0.8823147316195971
2013-09-29,0.8821824534630515
2013-09-30,0.8819322486519131
2013-10-01,0.8861958066048105
2013-10-02,0.8811095662582812
2013-10-03,0.879318681289527
2013-10-04,0.8791652394836826
2013-10-05,0.8790149442475724
2013-10-06,0.8788647352916609
2013-10-07,0.8786251051956678
2013-10-08,0.8791451224879494
2013-10-09,0.8831825493970477
2013-10-10,0.8908977255692903
2013-10-11,0.8888654847831576
2013-10-12,0.8892404156762134
2013-10-13,0.8849524368897791
2013-10-14,0.8855459875270165
2013-10-15,0.8631022444241186
2013-10-16,0.849041317787616
2013-10-17,0.9738345942969061
2013-10-18,0.9498666299841929
2013-10-19,0.949690396838394
2013-10-20,0.9495128372851508
2013-10-21,0.9545950600624421
2013-10-22,0.9706046532233669
2013-10-23,0.9676099936028152
2013-10-24,0.9826338610444734
2013-10-25,0.9814875969661934
2013-10-26,0.981303997576536
2013-10-27,0.9811205176600071
2013-10-28,0.9287219491547205
2013-10-29,0.9556846405362845
2013-10-30,0.9471488579402748
2013-10-31,0.9470695570298434
2013-11-01,0.9244527260353431
2013-11-02,0.9233439593380991
2013-11-03,0.9231675078413918
2013-11-04,0.9137666634783193
2013-11-05,0.9006646937170976
2013-11-06,0.9224466186341633
2013-11-07,0.9358620848232676
2013-11-08,0.934454778905697
2013-11-09,0.9345924346041429
2013-11-10,0.9344126855378375
2013-11-11,0.9356305972242772
2013-11-12,0.93523779803982
2013-11-13,0.9372744023017999
2013-11-14,0.9372361040225665
2013-11-15,0.9360426478313335
2013-11-16,0.9358643741145077
2013-11-17,0.9356862173656676
2013-11-18,0.9365339261515758
2013-11-19,0.9443376794701335
2013-11-20,0.9495744310441854
2013-11-21,0.9491162390018442
2013-11-22,0.9489209512923464
2013-11-23,0.948745932437067
2013-11-24,0.9515028105346439
2013-11-25,0.9427869715935028
2013-11-26,0.9379351383063711
2013-11-27,0.937962003493286
2013-11-28,0.9377320395268512
2013-11-29,0.9385124049781647
2013-11-30,0.938340573961507
2013-12-01,0.938168852463562
2013-12-02,0.9379304045643807
2013-12-03,0.9398010393798854
2013-12-04,0.9409191346548167
2013-12-05,0.9400033098621545
2013-12-06,0.9402500322750544
2013-12-07,0.9400788571169487
2013-12-08,0.9399077905692902
2013-12-09,0.9406822627189441
2013-12-10,0.937774771591195
2013-12-11,0.935317485538237
2013-12-12,0.9339122672664519
2013-12-13,0.9336658298543506
2013-12-14,0.9336475954399015
2013-12-15,0.9334789350050329
2013-12-16,0.933368887622389
2013-12-17,0.9324954803376851
2013-12-18,0.9151209866216207
2013-12-19,0.9080525872207138
2013-12-20,0.9020391495168162
2013-12-21,0.9018743668267897
2013-12-22,0.9017096871635081
2013-12-23,0.9016684242390403
2013-12-24,0.9015091979232311
2013-12-25,0.9013447042552168
2013-12-26,0.9011803132860307
2013-12-27,0.901028157828568
2013-12-28,0.9008639723709067
2013-12-29,0.9006998892720034
2013-12-30,0.9006647430884035
2013-12-31,0.9005366992529223
2014-01-01,0.9003728930379289
2014-01-02,0.9001651384587084
2014-01-03,0.8999777780805647
2014-01-04,0.8998142892954762
2014-01-05,0.8996509020950452
2014-01-06,0.8993210546022156
2014-01-07,0.8977771046300601
2014-01-08,0.8899837354864416
2014-01-09,0.8879399252988458
2014-01-10,0.8893849423407992
2014-01-11,0.8892263331463713
2014-01-12,0.8890678212749691
2014-01-13,0.8891074032247696
2014-01-14,0.8897254354584287
2014-01-15,0.8895674021322425
2014-01-16,0.8647866680330636
2014-01-17,0.8835947284103584
2014-01-18,0.8834350930383515
2014-01-19,0.8832755562713989
2014-01-20,0.883116118001758
2014-01-21,0.9633049095945129
2014-01-22,0.9490221120458812
2014-01-23,0.9627091354294689
2014-01-24,0.9872776731145038
2014-01-25,0.9869253162987759
2014-01-26,0.9867428737652673
2014-01-27,0.9620293316566165
2014-01-28,0.9245604267294377
2014-01-29,0.9574342770997033
2014-01-30,0.92512173423594
2014-01-31,0.9151849397987205
2014-02-01,0.9149955957305181
2014-02-02,0.9148063805354516
2014-02-03,0.9140073018343265
2014-02-04,0.8416198572376962
2014-02-05,0.8449330106837497
2014-02-06,0.8570346031842232
2014-02-07,0.8631773040609065
2014-02-08,0.8630029414833826
2014-02-09,0.8628286932382334
2014-02-10,0.8609692452121743
2014-02-11,0.8680721519033784
2014-02-12,0.8475646873810178
2014-02-13,0.8546878705576263
2014-02-14,0.860566614626364
2014-02-15,0.8605650373807526
2014-02-16,0.8603897769706834
2014-02-17,0.8712847008621902
2014-02-18,0.8900763395518485
2014-02-19,0.901368210684535
2014-02-20,0.9101627877719115
2014-02-21,0.8971357146602218
2014-02-22,0.896993480251592
2014-02-23,0.8968132383822184
2014-02-24,0.9006929743237934
2014-02-25,0.9234038613540535
2014-02-26,0.8965941488617061
2014-02-27,0.8928494919279121
2014-02-28,0.8889989607996153
2014-03-01,0.9003545983312072
2014-03-02,0.9001766887191064
2014-03-03,0.9030098014423653
2014-03-04,0.9013998655742368
2014-03-05,0.8992952815927938
2014-03-06,0.8948857959191208
2014-03-07,0.8954441493895452
2014-03-08,0.8952680188095624
2014-03-09,0.8950920069623142
2014-03-10,0.894704226412478
2014-03-11,0.8928486202560766
2014-03-12,0.8921250789532583
2014-03-13,0.8944840815445524
2014-03-14,0.8953983432655938
2014-03-15,0.895201321241494
2014-03-16,0.8950249298547712
2014-03-17,0.8981664278488117
2014-03-18,0.8996553842205692
2014-03-19,0.8936683554798068
2014-03-20,0.8903560703325596
2014-03-21,0.8887853883867859
2014-03-22,0.88887106047159
2014-03-23,0.8886948016357453
2014-03-24,0.8881675026808006
2014-03-25,0.886389035617642
2014-03-26,0.8870624717220758
2014-03-27,0.8820471367670885
2014-03-28,0.8826946870662864
2014-03-29,0.882518686994367
2014-03-30,0.882333752449283
2014-03-31,0.8800375988595829
2014-04-01,0.8788425757166648
2014-04-02,0.882099953000227
2014-04-03,0.8843252199135719
2014-04-04,0.8837402582444941
2014-04-05,0.8835638555436957
2014-04-06,0.8833875718653825
2014-04-07,0.883404540491084
2014-04-08,0.8853373233004289
2014-04-09,0.8836043326567626
2014-04-10,0.8828486228727197
2014-04-11,0.8825478119677302
2014-04-12,0.8823682001804366
2014-04-13,0.882192861233556
2014-04-14,0.8822977975593104
2014-04-15,0.8790949010169721
2014-04-16,0.8630018102481278
2014-04-17,0.8229234838049692
2014-04-18,0.8227547182964962
2014-04-19,0.8225860648815702
2014-04-20,0.822417523429752
2014-04-21,0.8199534643965033
2014-04-22,0.848165801600774
2014-04-23,0.7743111473750329
2014-04-24,0.5911673806212111
2014-04-25,0.5908899770001397
2014-04-26,0.5907773472573882
2014-04-27,0.5906647815838739
2014-04-28,0.591474030856082
2014-04-29,0.5927269272979925
2014-04-30,0.610397078455104
2014-05-01,0.6042190363302918
2014-05-02,0.5859048953565098
2014-05-03,0.5857005576583431
2014-05-04,0.5855887425473262
2014-05-05,0.5699815699251385
2014-05-06,0.5659754862622824
2014-05-07,0.575197454562531
2014-05-08,0.5687702241119544
2014-05-09,0.5537461833681345
2014-05-10,0.5535675611554791
2014-05-11,0.5534624721326383
2014-05-12,0.6213178358857505
2014-05-13,0.624385658421887
2014-05-14,0.6624444790549101
2014-05-15,0.6525009117609389
2014-05-16,0.6527191387344788
2014-05-17,0.6525591454793637
2014-05-18,0.6524438391936158
2014-05-19,0.6518385908322443
2014-05-20,0.6197774310577998
2014-05-21,0.6150896182004184
2014-05-22,0.6136292613241981
2014-05-23,0.6134763500591187
2014-05-24,0.6122762343005523
2014-05-25,0.6121635680477405
2014-05-26,0.6120509638381735
2014-05-27,0.6118481946475084
2014-05-28,0.6152181621903284
2014-05-29,0.6132956424218557
2014-05-30,0.6132726424619538
2014-05-31,0.6131588183561408
2014-06-01,0.6130450570512408
2014-06-02,0.6127213624382742
2014-06-03,0.6099950006554812
2014-06-04,0.6077092279258492
2014-06-05,0.611770770530106
2014-06-06,0.611499549412781
2014-06-07,0.6108179107835724
2014-06-08,0.6107051419274415
2014-06-09,0.6113588421213159
2014-06-10,0.6112592890035563
2014-06-11,0.614682763792508
2014-06-12,0.6145798082061985
2014-06-13,0.6145994510962169
2014-06-14,0.6144860934226183
2014-06-15,0.6143727980443151
2014-06-16,0.614453725563421
2014-06-17,0.6143240694215901
2014-06-18,0.6097000051693063
2014-06-19,0.6199951687179865
2014-06-20,0.6194051393352273
2014-06-21,0.61921702936235
2014-06-22,0.619102571542795
2014-06-23,0.6175198825443294
2014-06-24,0.6171381088228595
2014-06-25,0.6154962968201455
2014-06-26,0.6148600602276101
2014-06-27,0.6140927330949477
2014-06-28,0.6139795136664913
2014-06-29,0.6138663561744381
2014-06-30,0.6138088094924142
2014-07-01,0.6141871653197125
2014-07-02,0.6142950123858051
2014-07-03,0.6143188820230305
2014-07-04,0.6142057447207053
2014-07-05,0.6140926692334855
2014-07-06,0.6139796555032944
2014-07-07,0.6138900109373382
2014-07-08,0.6158891017358276
2014-07-09,0.6155680344805984
2014-07-10,0.6168211803032916
2014-07-11,0.6168030553583544
2014-07-12,0.6166902110157753
2014-07-13,0.6165774280775395
2014-07-14,0.6164309201962701
2014-07-15,0.608285171090765
2014-07-16,0.5976335012314108
2014-07-17,0.5888136119943767
2014-07-18,0.6028235916033892
2014-07-19,0.6027097138842628
2014-07-20,0.6025958983427704
2014-07-21,0.6120347530623222
2014-07-22,0.5455006225706577
2014-07-23,0.5976387837296725
2014-07-24,0.6225704761222336
2014-07-25,0.6223352946125232
2014-07-26,0.6222173299087069
2014-07-27,0.6221433238679053
2014-07-28,0.6203987851868065
2014-07-29,0.6258236182913542
2014-07-30,0.6327434041274693
2014-07-31,0.6687049459266029
2014-08-01,0.6876494393684697
2014-08-02,0.6879361323230054
2014-08-03,0.6878146493332421
2014-08-04,0.6846920855795345
2014-08-05,0.6995833116733126
2014-08-06,0.7086516948122735
2014-08-07,0.7127524862789137
2014-08-08,0.7162997676079824
2014-08-09,0.7162087275365673
2014-08-10,0.7160766822726762
2014-08-11,0.6678155540467744
2014-08-12,0.680126741890312
2014-08-13,0.6862890922819108
2014-08-14,0.6813802996162385
2014-08-15,0.6818510514534198
2014-08-16,0.6817264329359599
2014-08-17,0.681601882093033
2014-08-18,0.6813790663811851
2014-08-19,0.6864272768167758
2014-08-20,0.69154358529119
2014-08-21,0.6913014483385217
2014-08-22,0.6907287657282278
2014-08-23,0.6906049893317361
2014-08-24,0.6897061654446773
2014-08-25,0.6893773673835356
2014-08-26,0.6817837707397754
2014-08-27,0.6716908402347768
2014-08-28,0.6760227136438259
2014-08-29,0.6757412855641771
2014-08-30,0.675621621733722
2014-08-31,0.675502021391632
2014-09-01,0.6753824844805115
2014-09-02,0.6755205800153478
2014-09-03,0.6767666774355322
2014-09-04,0.6775558482443333
2014-09-05,0.6773887069023773
2014-09-06,0.6772692776505554
2014-09-07,0.6771499115680326
2014-09-08,0.6763843831476134
2014-09-09,0.6829621666458973
2014-09-10,0.6843262814105341
2014-09-11,0.6835451607600714
2014-09-12,0.6833152279948415
2014-09-13,0.6831954401799668
2014-09-14,0.6830757156070754
2014-09-15,0.6828563031649811
2014-09-16,0.6870464802904775
2014-09-17,0.6833475023948319
2014-09-18,0.7116359481686002
2014-09-19,0.7120607523393939
2014-09-20,0.7119379032972536
2014-09-21,0.7118151196972248
2014-09-22,0.7115512913718506
2014-09-23,0.7164796814858018
2014-09-24,0.7196272707998158
2014-09-25,0.7190687730422912
2014-09-26,0.7214308866672535
2014-09-27,0.7213066213280969
2014-09-28,0.7211824222572405
2014-09-29,0.7215707310435836
2014-09-30,0.723154061740699
2014-10-01,0.7231622012937411
2014-10-02,0.7249206898357774
2014-10-03,0.7247971466777935
2014-10-04,0.7246731808388849
2014-10-05,0.7245492808696573
2014-10-06,0.7244161343042136
2014-10-07,0.7240949369214897
2014-10-08,0.7331613851599666
2014-10-09,0.7242956757437309
2014-10-10,0.7255248432048002
2014-10-11,0.7254004678649326
2014-10-12,0.7252761588617872
2014-10-13,0.7251519161343096
2014-10-14,0.7121882212859014
2014-10-15,0.7234515699996535
2014-10-16,0.7257169100250694
2014-10-17,0.7382264221060075
2014-10-18,0.7381012080393233
2014-10-19,0.7379760607442449
2014-10-20,0.6761923675625111
2014-10-21,0.6214933119938179
2014-10-22,0.597250055345393
2014-10-23,0.5653513413671618
2014-10-24,0.5555475494865952
2014-10-25,0.5554821564234572
2014-10-26,0.5553648376901279
2014-10-27,0.5393407109074182
2014-10-28,0.537392994543883
2014-10-29,0.5556361287420014
2014-10-30,0.5507237454078376
2014-10-31,0.5458889188795336
2014-11-01,0.5458008676788363
2014-11-02,0.5439648561769177
2014-11-03,0.5402050649632401
2014-11-04,0.5268457644022796
2014-11-05,0.4811159090351181
2014-11-06,0.47121563589391274
2014-11-07,0.47062315557132833
2014-11-08,0.4705943984442471
2014-11-09,0.4704892930916464
2014-11-10,0.47285278901537525
2014-11-11,0.47354172253969185
2014-11-12,0.4876334381851138
2014-11-13,0.46761455388032497
2014-11-14,0.46965721601853966
2014-11-15,0.4698950666733184
2014-11-16,0.46977950880214675
2014-11-17,0.4676732640823686
2014-11-18,0.4494175002880833
2014-11-19,0.44908532857019884
2014-11-20,0.44762080239580876
2014-11-21,0.44639239660041946
2014-11-22,0.4462835206251543
2014-11-23,0.4461747085310386
2014-11-24,0.44797378756585715
2014-11-25,0.4413336201756582
2014-11-26,0.4414261979605019
2014-11-27,0.4414699180663741
2014-11-28,0.4413633505446437
2014-11-29,0.4412557445193898
2014-11-30,0.4411482014270096
2014-12-01,0.4412075292252407
2014-12-02,0.44017508639200975
2014-12-03,0.4389214735777749
2014-12-04,0.4369569881734287
2014-12-05,0.4366771593866911
2014-12-06,0.4365706893388488
2014-12-07,0.43646428136113674
2014-12-08,0.4350532738468234
2014-12-09,0.43448826088683984
2014-12-10,0.43541881597642407
2014-12-11,0.43521916112760445
2014-12-12,0.4357172624605939
2014-12-13,0.43561138843170205
2014-12-14,0.43550557590795114
2014-12-15,0.4356527381120154
2014-12-16,0.43393509666044405
2014-12-17,0.41718546014250224
2014-12-18,0.4202439636702873
2014-12-19,0.4197261444354103
2014-12-20,0.41962345041540755
2014-12-21,0.41952081573029165
2014-12-22,0.4189303853039869
2014-12-23,0.4624657745897538
2014-12-24,0.4623270520554737
2014-12-25,0.4622188487696767
2014-12-26,0.4621338025907018
2014-12-27,0.46202572083866467
2014-12-28,0.46191770104636
2014-12-29,0.4617991260923076
2014-12-30,0.46147897532348087
2014-12-31,0.4613496323494602
2015-01-01,0.4612419021090295
2015-01-02,0.4611342335170015
2015-01-03,0.4610266265169088
2015-01-04,0.46091908105235696
2015-01-05,0.46080420021251606
2015-01-06,0.45816476920161003
2015-01-07,0.4550371685340655
2015-01-08,0.45605027360574896
2015-01-09,0.45589240210032683
2015-01-10,0.4557631137528173
2015-01-11,0.45565730366636154
2015-01-12,0.44892188861245935
2015-01-13,0.4507014331918869
2015-01-14,0.4500347470820993
2015-01-15,0.4240160696649824
2015-01-16,0.42390763848212476
2015-01-17,0.4238066527366529
2015-01-18,0.42370572442165183
2015-01-19,0.42360009466969145
2015-01-20,0.40136082042761073
2015-01-21,0.4042133973422486
2015-01-22,0.4109831931188444
2015-01-23,0.405475586316231
2015-01-24,0.40537392011790696
2015-01-25,0.40527231325128993
2015-01-26,0.3941641874583923
2015-01-27,0.4347139463918998
2015-01-28,0.3965332780279954
2015-01-29,0.4190989478089195
2015-01-30,0.3920963736627932
2015-01-31,0.3925323841266914
2015-02-01,0.39243050063697565
2015-02-02,0.40924871872925794
2015-02-03,0.4086531011047853
2015-02-04,0.4562014931272446
2015-02-05,0.4872106020216318
2015-02-06,0.47588351012516084
2015-02-07,0.4767992741508114
2015-02-08,0.47668288009293036
2015-02-09,0.4686812703576994
2015-02-10,0.4476502383547804
2015-02-11,0.4342104086636726
2015-02-12,0.4429005729460547
2015-02-13,0.4314953583658909
2015-02-14,0.4314432099902708
2015-02-15,0.4313342933486646
2015-02-16,0.43042312907848884
2015-02-17,0.4918762017965111
2015-02-18,0.4831685564461143
2015-02-19,0.4724829519501241
2015-02-20,0.47296892598583345
2015-02-21,0.47285290840280964
2015-02-22,0.47262641191842764
2015-02-23,0.4886076192902194
2015-02-24,0.4860111382505181
2015-02-25,0.510696875678913
2015-02-26,0.4977893670766164
2015-02-27,0.49507790534197565
2015-02-28,0.48515753672253553
2015-03-01,0.4850385287595191
2015-03-02,0.4611876220910047
2015-03-03,0.43669353446640935
2015-03-04,0.43697467531144474
2015-03-05,0.4321273131404264
2015-03-06,0.4336724194489567
2015-03-07,0.43356321578009727
2015-03-08,0.4336661381500659
2015-03-09,0.43247410016975724
2015-03-10,0.42909961607709796
2015-03-11,0.430161965227839
2015-03-12,0.4305689860320631
2015-03-13,0.4305219949503174
2015-03-14,0.43024249260593983
2015-03-15,0.4301335938530762
2015-03-16,0.42815778161947415
2015-03-17,0.4184597198825551
2015-03-18,0.42501369803739397
2015-03-19,0.4264405888880556
2015-03-20,0.4272778804783561
2015-03-21,0.42716953700494903
2015-03-22,0.42706126029826136
2015-03-23,0.42720303378434726
2015-03-24,0.42749580892214206
2015-03-25,0.4295923809872387
2015-03-26,0.4309390616991075
2015-03-27,0.42803226953014867
2015-03-28,0.4287658248085951
2015-03-29,0.4286581138810106
2015-03-30,0.42915224542150376
2015-03-31,0.4278077885148804
2015-04-01,0.43515803638478695
2015-04-02,0.4349969000346072
2015-04-03,0.43482435078745585
2015-04-04,0.4347152382200002
2015-04-05,0.43460619275727225
2015-04-06,0.4342994512500389
2015-04-07,0.433796822481012
2015-04-08,0.4356610174905977
2015-04-09,0.3940968222665538
2015-04-10,0.39381527174441433
2015-04-11,0.39371198433125687
2015-04-12,0.39360876036398285
2015-04-13,0.39344298999984906
2015-04-14,0.39035491768617786
2015-04-15,0.39410284643085464
2015-04-16,0.38603117439992557
2015-04-17,0.38007084251938034
2015-04-18,0.37835607366403085
2015-04-19,0.3782550424412496
2015-04-20,0.3866480327352652
2015-04-21,0.43820193082363285
2015-04-22,0.4703301459404985
2015-04-23,0.48327556333112226
2015-04-24,0.48834283035404225
2015-04-25,0.48824036231332607
2015-04-26,0.48813795099192364
2015-04-27,0.4743882670211776
2015-04-28,0.4243068547735001
2015-04-29,0.43152565766774753
2015-04-30,0.423530644900419
2015-05-01,0.4423151916340285
2015-05-02,0.445521816979564
2015-05-03,0.4451427938790132
2015-05-04,0.4357331160453984
2015-05-05,0.4386758425693669
2015-05-06,0.428130987345309
2015-05-07,0.388699879823131
2015-05-08,0.38711203239976094
2015-05-09,0.38570896023624224
2015-05-10,0.3856169669252148
2015-05-11,0.3950430485922531
2015-05-12,0.3942603744240505
2015-05-13,0.36639316618854895
2015-05-14,0.3688284853318082
2015-05-15,0.3688472113607613
2015-05-16,0.3690023755625182
2015-05-17,0.368913811145038
2015-05-18,0.30157055650118436
2015-05-19,0.27830923139622943
2015-05-20,0.2758977885179175
2015-05-21,0.3024296171334185
2015-05-22,0.30424239364934663
2015-05-23,0.3039820976271897
2015-05-24,0.303904388631806
2015-05-25,0.3033933122169059
2015-05-26,0.3042699934371655
2015-05-27,0.2986891529198608
2015-05-28,0.2962047883818904
2015-05-29,0.29606929467231746
2015-05-30,0.2959934026328824
2015-05-31,0.29591755939193365
2015-06-01,0.2964681677714269
2015-06-02,0.2450323075041317
2015-06-03,0.24503223125462728
2015-06-04,0.24390128372936348
2015-06-05,0.24393126523806372
2015-06-06,0.24386655880871108
2015-06-07,0.2438018940415719
2015-06-08,0.24162722042758075
2015-06-09,0.24199191853546978
2015-06-10,0.24156755354362938
2015-06-11,0.24108866969850448
2015-06-12,0.24108468537984298
2015-06-13,0.24102388502252423
2015-06-14,0.2409597003875322
2015-06-15,0.2409483967653001
2015-06-16,0.24137754172133719
2015-06-17,0.27452435799359276
2015-06-18,0.27745464060731384
2015-06-19,0.27805734370501745
2015-06-20,0.27798550229061125
2015-06-21,0.277913707239013
2015-06-22,0.27783667079804236
2015-06-23,0.27886313271683755
2015-06-24,0.2783807972451344
2015-06-25,0.2785129504998049
2015-06-26,0.27839385760539676
2015-06-27,0.278322415841671
2015-06-28,0.2782510199992072
2015-06-29,0.27829260639395254
2015-06-30,0.2792262635413754
2015-07-01,0.2796706590039469
2015-07-02,0.2791612032822965
2015-07-03,0.27908957750663843
2015-07-04,0.27901799783556186
2015-07-05,0.2789464642210906
2015-07-06,0.28002106092346774
2015-07-07,0.280018721777565
2015-07-08,0.27938886119201345
2015-07-09,0.28411611130145725
2015-07-10,0.28424840582536826
2015-07-11,0.28417601158506817
2015-07-12,0.28410366391274205
2015-07-13,0.2828044149096258
2015-07-14,0.2880490222839833
2015-07-15,0.2975141165637054
2015-07-16,0.31542252794029507
2015-07-17,0.31166813434143226
2015-07-18,0.3117305894790406
2015-07-19,0.3116541048418387
2015-07-20,0.3101974230020135
2015-07-21,0.3170455837174855
2015-07-22,0.3373588831755288
2015-07-23,0.30562637004487303
2015-07-24,0.3021408622657824
2015-07-25,0.30245648679198767
2015-07-26,0.30238366315478316
2015-07-27,0.30835976979040486
2015-07-28,0.3194210472647463
2015-07-29,0.3593659695812068
2015-07-30,0.3920186957163793
2015-07-31,0.38795201519575545
2015-08-01,0.38784086351024466
2015-08-02,0.3876305055287199
2015-08-03,0.3861764560277045
2015-08-04,0.37463936821236316
2015-08-05,0.3863892886393791
2015-08-06,0.3742502880664171
2015-08-07,0.40195088427652975
2015-08-08,0.40022668071047257
2015-08-09,0.40013975947371305
2015-08-10,0.3871568932034783
2015-08-11,0.3867257547117404
2015-08-12,0.4054353962850035
2015-08-13,0.3947281347660041
2015-08-14,0.39403285348097744
2015-08-15,0.3939960047400178
2015-08-16,0.3939095319894916
2015-08-17,0.3955975120114821
2015-08-18,0.4005557376807774
2015-08-19,0.4000831561675322
2015-08-20,0.3999977869592035
2015-08-21,0.39880053422094114
2015-08-22,0.39871291182357543
2015-08-23,0.3986253427808612
2015-08-24,0.39819894161196107
2015-08-25,0.3961044237329235
2015-08-26,0.3915933387814106
2015-08-27,0.38919412903942524
2015-08-28,0.38911480060105186
2015-08-29,0.38902888523363477
2015-08-30,0.388943022267391
2015-08-31,0.3892636979906958
2015-09-01,0.3664643026683366
2015-09-02,0.3664231017497139
2015-09-03,0.36153880172368585
2015-09-04,0.3612851624247322
2015-09-05,0.36120485231010885
2015-09-06,0.36112459086400905
2015-09-07,0.3610443780375287
2015-09-08,0.35923479096152855
2015-09-09,0.3571002623060327
2015-09-10,0.35624373914545865
2015-09-11,0.35157481909063
2015-09-12,0.3536848012404323
2015-09-13,0.35360606802868927
2015-09-14,0.35352491518694046
2015-09-15,0.3526805065726917
2015-09-16,0.3146867789624996
2015-09-17,0.30723090753747223
2015-09-18,0.3070530609039201
2015-09-19,0.30698135640865115
2015-09-20,0.3069096964974219
2015-09-21,0.3063262863546791
2015-09-22,0.30826030902209106
2015-09-23,0.30860905116729526
2015-09-24,0.30328540583658736
2015-09-25,0.30346833205433915
2015-09-26,0.30339442010163437
2015-09-27,0.3033235200770433
2015-09-28,0.30442634641224225
2015-09-29,0.30406566028154497
2015-09-30,0.3046310186545858
2015-10-01,0.2995961877917717
2015-10-02,0.29952553112453234
2015-10-03,0.2994555913998463
2015-10-04,0.2993856949060435
2015-10-05,0.2993091364656089
2015-10-06,0.3067796265182275
2015-10-07,0.3141489307080059
2015-10-08,0.3088965162829896
2015-10-09,0.3088631406653058
2015-10-10,0.30879694244861094
2015-10-11,0.3083362133256849
2015-10-12,0.3080462488989182
2015-10-13,0.34656475199570974
2015-10-14,0.34554518543091767
2015-10-15,0.34454865599984785
2015-10-16,0.33541975443870803
2015-10-17,0.3353422803059322
2015-10-18,0.3352648542178045
2015-10-19,0.3295541248089287
2015-10-20,0.302458491514688
2015-10-21,0.27547526296988983
2015-10-22,0.22204873114271262
2015-10-23,0.2315512137033454
2015-10-24,0.23149441727737527
2015-10-25,0.23143765638332228
2015-10-26,0.23021312550734666
2015-10-27,0.20247104248124112
2015-10-28,0.2140861940289709
2015-10-29,0.1780800513279587
2015-10-30,0.20951848170222256
2015-10-31,0.21640924317467478
2015-11-01,0.2163507728210425
2015-11-02,0.21073326489494862
2015-11-03,0.21181831950983562
2015-11-04,0.18428608433572694
2015-11-05,0.1699649158970118
2015-11-06,0.1690559471500471
2015-11-07,0.1711039282195231
2015-11-08,0.17113619326169757
2015-11-09,0.16148279552181383
2015-11-10,0.16256276408772627
2015-11-11,0.15951850719650548
2015-11-12,0.1667561187205304
2015-11-13,0.16290732689373913
2015-11-14,0.16256612128175718
2015-11-15,0.1625167257964213
2015-11-16,0.16100631018020747
2015-11-17,0.15947600701929804
2015-11-18,0.15867618147704246
2015-11-19,0.15442444021316828
2015-11-20,0.15381823735388978
2015-11-21,0.15340006784768345
2015-11-22,0.15335357160310062
2015-11-23,0.15608366803999163
2015-11-24,0.17445322533266058
2015-11-25,0.1672900790354563
2015-11-26,0.16735477863529283
2015-11-27,0.16725169819280591
2015-11-28,0.16720272285001814
2015-11-29,0.16715377729913475
2015-11-30,0.16539685435233406
2015-12-01,0.16571289293402508
2015-12-02,0.1667805072385272
2015-12-03,0.15878643308934826
2015-12-04,0.15709095936238823
2015-12-05,0.15704393248952306
2015-12-06,0.15699693409703994
2015-12-07,0.1547448716154155
2015-12-08,0.15293544070282628
2015-12-09,0.15227817010610553
2015-12-10,0.15253618652843964
2015-12-11,0.15275923933850785
2015-12-12,0.15271333154402644
2015-12-13,0.15266745151581665
2015-12-14,0.15234694311606156
2015-12-15,0.152590743981683
2015-12-16,0.16660990385036822
2015-12-17,0.17209828119259615
2015-12-18,0.16906901456320886
2015-12-19,0.16902145358913734
2015-12-20,0.1689739209264762
2015-12-21,0.17011743156037495
2015-12-22,0.17265601878094605
2015-12-23,0.17280549393578984
2015-12-24,0.17246071804623564
2015-12-25,0.1724127291447096
2015-12-26,0.17236476872823703
2015-12-27,0.17231683677076393
2015-12-28,0.1712303260869302
2015-12-29,0.1711474658028006
2015-12-30,0.17109984464189107
2015-12-31,0.1710498978602688
2016-01-01,0.17100233346975022
2016-01-02,0.17095479724820492
2016-01-03,0.17090728916993855
2016-01-04,0.17085980920929034
2016-01-05,0.17140365384521808
2016-01-06,0.1590322086469378
2016-01-07,0.1272192454530404
2016-01-08,0.12632657113445112
2016-01-09,0.1262878040064542
2016-01-10,0.12624906052090676
2016-01-11,0.13040071286196708
2016-01-12,0.1320083940803366
2016-01-13,0.1306646771418977
2016-01-14,0.1522263245599437
2016-01-15,0.15214483965915118
2016-01-16,0.152101310988342
2016-01-17,0.15205780842731775
2016-01-18,0.15197817115549742
2016-01-19,0.1425400734107858
2016-01-20,0.14419207842611695
2016-01-21,0.1663327615059874
2016-01-22,0.13819398500170013
2016-01-23,0.13815016592093474
2016-01-24,0.13810637392386763
2016-01-25,0.18750203869678198
2016-01-26,0.13521988724197745
2016-01-27,0.15697057403018003
2016-01-28,0.16392733760837652
2016-01-29,0.13157279879557593
2016-01-30,0.1315246147035417
2016-01-31,0.13147646211448683
2016-02-01,0.1049487021726591
2016-02-02,0.10283165584162458
2016-02-03,0.05334468610847868
2016-02-04,0.039746885255140474
2016-02-05,0.04288595431572847
2016-02-06,0.04312008427407569
2016-02-07,0.04309039625758008
2016-02-08,0.02838492873500535
2016-02-09,0.00035728883192365224
2016-02-10,0.0009722670697790795
2016-02-11,0.0036979680088133162
2016-02-12,0.00452306026314971
2016-02-13,0.004505927607376077
2016-02-14,0.004485937122228889
2016-02-15,0.0023069803637543926
2016-02-16,0.013711367125918953
2016-02-17,0.011681995880987542
2016-02-18,-0.02907577316133599
2016-02-19,-0.03520846574021116
2016-02-20,-0.03315131002830196
2016-02-21,-0.03316467339901874
2016-02-22,-0.060365208318065466
2016-02-23,-0.06387957373825948
2016-02-24,-0.07981230851346022
2016-02-25,-0.10598556614393469
2016-02-26,-0.10454172471214447
2016-02-27,-0.10834568376031246
2016-02-28,-0.10833678022704374
2016-02-29,-0.11690419375488297
2016-03-01,-0.17000754828699208
2016-03-02,-0.17111214959418397
2016-03-03,-0.1724551931961361
2016-03-04,-0.17013706417439034
2016-03-05,-0.16958498541000475
2016-03-06,-0.1695518203767187
2016-03-07,-0.1680585792824351
2016-03-08,-0.1723248903958482
2016-03-09,-0.17456198550436688
2016-03-10,-0.17542752243143425
2016-03-11,-0.18119723001146548
2016-03-12,-0.18070541278812946
2016-03-13,-0.1806744323754165
2016-03-14,-0.18113339235517098
2016-03-15,-0.19075391353734503
2016-03-16,-0.19280701881161147
2016-03-17,-0.1925516848001024
2016-03-18,-0.19212748828449652
2016-03-19,-0.1920821321446942
2016-03-20,-0.19204190019023248
2016-03-21,-0.19352993628198298
2016-03-22,-0.1936336136514202
2016-03-23,-0.19577748621522126
2016-03-24,-0.19080967184744455
2016-03-25,-0.1906775206089155
2016-03-26,-0.19063820082647956
2016-03-27,-0.19059891687269684
2016-03-28,-0.19005687606300603
2016-03-29,-0.19062369732777548
2016-03-30,-0.19558598367043897
2016-03-31,-0.19307944334206317
2016-04-01,-0.19459368702398527
2016-04-02,-0.19455301198197625
2016-04-03,-0.19451237383302386
2016-04-04,-0.19447582653330983
2016-04-05,-0.1646739189675116
2016-04-06,-0.1690695516172096
2016-04-07,-0.16403587927952493
2016-04-08,-0.16380933239726006
2016-04-09,-0.16693720814272806
2016-04-10,-0.1669089484359998
2016-04-11,-0.16864028116514607
2016-04-12,-0.16877134096868726
2016-04-13,-0.1692137355711015
2016-04-14,-0.17055887875242037
2016-04-15,-0.17042530863324104
2016-04-16,-0.17039597287194388
2016-04-17,-0.17036666208797566
2016-04-18,-0.15455834164526971
2016-04-19,-0.17776303424942863
2016-04-20,-0.18765323200754389
2016-04-21,-0.19249714865724696
2016-04-22,-0.22164100282815655
2016-04-23,-0.221592690069126
2016-04-24,-0.22154441931639224
2016-04-25,-0.23194305967653517
2016-04-26,-0.15024706191435075
2016-04-27,-0.13769132941994955
2016-04-28,-0.20890471259512142
2016-04-29,-0.19500605674338545
2016-04-30,-0.21283379362120905
2016-05-01,-0.21279642721863626
2016-05-02,-0.20392305141807832
2016-05-03,-0.21823699637473348
2016-05-04,-0.2785363703833807
2016-05-05,-0.24213800452981263
2016-05-06,-0.2603546822935818
2016-05-07,-0.2538106531153716
2016-05-08,-0.25348732697260185
2016-05-09,-0.2654554013821666
2016-05-10,-0.2643425383505878
2016-05-11,-0.2596192276143589
2016-05-12,-0.2653586879339113
2016-05-13,-0.263610226091856
2016-05-14,-0.2635555588150347
2016-05-15,-0.2634491748414541
2016-05-16,-0.2652599563885589
2016-05-17,-0.2610561710760984
2016-05-18,-0.24456846857259298
2016-05-19,-0.254015084560389
2016-05-20,-0.25260526226429364
2016-05-21,-0.25255901634473693
2016-05-22,-0.2525128052748126
2016-05-23,-0.2523449107986077
2016-05-24,-0.24845702353924845
2016-05-25,-0.24950156317801495
2016-05-26,-0.25697410593427233
2016-05-27,-0.2571970585311652
2016-05-28,-0.2571475236407785
2016-05-29,-0.2570980272262758
2016-05-30,-0.25704856923697217
2016-05-31,-0.23674966338388623
2016-06-01,-0.23679876214988593
2016-06-02,-0.23540254194333463
2016-06-03,-0.23538458916093433
2016-06-04,-0.2353440061077663
2016-06-05,-0.23530345237169556
2016-06-06,-0.23522672164942016
2016-06-07,-0.25974364612106854
2016-06-08,-0.26094922273375665
2016-06-09,-0.26465378078480434
2016-06-10,-0.2646894315860043
2016-06-11,-0.2644939352362841
2016-06-12,-0.26444077044981024
2016-06-13,-0.26411287121752786
2016-06-14,-0.26485943047232735
2016-06-15,-0.26417046606831146
2016-06-16,-0.2857782290261566
2016-06-17,-0.28568831632337277
2016-06-18,-0.28562490701646026
2016-06-19,-0.28556155103785713
2016-06-20,-0.2854982483132256
2016-06-21,-0.2861754660896935
2016-06-22,-0.2844399336549728
2016-06-23,-0.28396177716649734
2016-06-24,-0.28376418989265567
2016-06-25,-0.28369304733170714
2016-06-26,-0.2836307772585584
2016-06-27,-0.28335500471339375
2016-06-28,-0.2872136890221628
2016-06-29,-0.2856430725807609
2016-06-30,-0.27974622628943396
2016-07-01,-0.27984907672921827
2016-07-02,-0.27978717267131087
2016-07-03,-0.2797253206602765
2016-07-04,-0.27966352062376587
2016-07-05,-0.27956440457504184
2016-07-06,-0.28322523263865934
2016-07-07,-0.2823519554605437
2016-07-08,-0.28228840001861716
2016-07-09,-0.28222489854183347
2016-07-10,-0.28216145095464407
2016-07-11,-0.27985064928550085
2016-07-12,-0.2787415048907123
2016-07-13,-0.2776672463129124
2016-07-14,-0.2744131280313315
2016-07-15,-0.27414451300460607
2016-07-16,-0.2740747068965558
2016-07-17,-0.27401373470703283
2016-07-18,-0.2765399988332551
2016-07-19,-0.2748512016048646
2016-07-20,-0.31350493412663294
2016-07-21,-0.3719743859820981
2016-07-22,-0.3846517443212401
2016-07-23,-0.3845424121432517
2016-07-24,-0.38443318727222064
2016-07-25,-0.3646586393168508
2016-07-26,-0.42138129273970587
2016-07-27,-0.35380425933252196
2016-07-28,-0.30952021536184676
2016-07-29,-0.28088269265961247
2016-07-30,-0.2809655971758221
2016-07-31,-0.28089977205518823
2016-08-01,-0.3043620932416797
2016-08-02,-0.3344971130899661
2016-08-03,-0.3075788741346492
2016-08-04,-0.29019287004584576
2016-08-05,-0.2760502160735076
2016-08-06,-0.27577654332452045
2016-08-07,-0.27570996497357975
2016-08-08,-0.2859153775518872
2016-08-09,-0.24004190711207274
2016-08-10,-0.24449462472720404
2016-08-11,-0.23991844592229947
2016-08-12,-0.25523350226310465
2016-08-13,-0.2552159427622646
2016-08-14,-0.25516397316389866
2016-08-15,-0.2381048546598714
2016-08-16,-0.23854715012559433
2016-08-17,-0.26381073418906503
2016-08-18,-0.25134232119014044
2016-08-19,-0.2520060057393128
2016-08-20,-0.2519081825451647
2016-08-21,-0.25185811993697055
2016-08-22,-0.2520348369698358
2016-08-23,-0.2501472449641891
2016-08-24,-0.25112719865064287
2016-08-25,-0.2503319366114836
2016-08-26,-0.2501126021574987
2016-08-27,-0.2500644975290011
2016-08-28,-0.2500164306423482
2016-08-29,-0.24992774861373593
2016-08-30,-0.24647106524239826
2016-08-31,-0.2487954497975071
2016-09-01,-0.24915675943714968
2016-09-02,-0.2489376744264229
2016-09-03,-0.2489044897908209
2016-09-04,-0.2488569912008538
2016-09-05,-0.24880952959280814
2016-09-06,-0.24668422520717068
2016-09-07,-0.24712966628165622
2016-09-08,-0.24840830445587128
2016-09-09,-0.24898346760757084
2016-09-10,-0.24864647260318198
2016-09-11,-0.2486000905940667
2016-09-12,-0.2484588531683073
2016-09-13,-0.24835380051665776
2016-09-14,-0.2479643762554559
2016-09-15,-0.20009811571595723
2016-09-16,-0.20007729518238407
2016-09-17,-0.20004927590865962
2016-09-18,-0.19999745769548274
2016-09-19,-0.19988025960451686
2016-09-20,-0.19943224592748554
2016-09-21,-0.19674795245552867
2016-09-22,-0.19090717054814857
2016-09-23,-0.19089829165160746
2016-09-24,-0.1908735724060826
2016-09-25,-0.19084886774247325
2016-09-26,-0.1911932396236252
2016-09-27,-0.1915730936744745
2016-09-28,-0.19436600644513213
2016-09-29,-0.1934673085794303
2016-09-30,-0.19332348790248285
2016-10-01,-0.19329677420914693
2016-10-02,-0.19327007725608714
2016-10-03,-0.19330162766735284
2016-10-04,-0.19416690490612964
2016-10-05,-0.19382958558439287
2016-10-06,-0.19399569671654648
2016-10-07,-0.194151101493282
2016-10-08,-0.19413183489064154
2016-10-09,-0.19410504941097165
2016-10-10,-0.19407828068496866
2016-10-11,-0.1910627265873767
2016-10-12,-0.19094146344258678
2016-10-13,-0.18884755605675374
2016-10-14,-0.1887961805787349
2016-10-15,-0.18877110993701587
2016-10-16,-0.18874605447227066
2016-10-17,-0.19474304124985808
2016-10-18,-0.21568796320507685
2016-10-19,-0.1854205011380247
2016-10-20,-0.05166618541989526
2016-10-21,-0.0542335503517463
2016-10-22,-0.03733590063526515
2016-10-23,-0.0363971592366558
2016-10-24,-0.0319087619939441
2016-10-25,0.03586146337067816
2016-10-26,0.02010761637102641
2016-10-27,0.0557112817958982
2016-10-28,0.056171344372046565
2016-10-29,0.05673033770368698
2016-10-30,0.05668455104097602
2016-10-31,0.057169173607542784
2016-11-01,0.08224311378804368
2016-11-02,0.20229737239724352
2016-11-03,0.2243946738626846
2016-11-04,0.25534709841428
2016-11-05,0.2570583380020745
2016-11-06,0.26110017295127763
2016-11-07,0.25101163488824635
2016-11-08,0.25176760249127983
2016-11-09,0.24002003776776493
2016-11-10,0.24706228035384484
2016-11-11,0.24615603619752804
2016-11-12,0.24606014336511728
2016-11-13,0.24580751437668588
2016-11-14,0.26172977963900157
2016-11-15,0.25343879532030167
2016-11-16,0.2706735129616653
2016-11-17,0.2592146311186983
2016-11-18,0.25945852549142717
2016-11-19,0.2593829421591134
2016-11-20,0.2593074110660185
2016-11-21,0.25970454940169363
2016-11-22,0.252253492626628
2016-11-23,0.25096762613784374
2016-11-24,0.2519259418788345
2016-11-25,0.25186909220817855
2016-11-26,0.2517950681773143
2016-11-27,0.2517210951559892
2016-11-28,0.25159977394257654
2016-11-29,0.2493082524403468
2016-11-30,0.2499353837816197
2016-12-01,0.24791458676161812
2016-12-02,0.24800398324893447
2016-12-03,0.24793090529165754
2016-12-04,0.247857877579205
2016-12-05,0.24599752097807817
2016-12-06,0.24541949425397455
2016-12-07,0.25114256934404655
2016-12-08,0.25631606829996606
2016-12-09,0.25642605407362346
2016-12-10,0.2563527395347998
2016-12-11,0.2562794747826689
2016-12-12,0.2563037284489576
2016-12-13,0.25625696938117076
2016-12-14,0.256221566021261
2016-12-15,0.21641821712582177
2016-12-16,0.2163312877904967
2016-12-17,0.2162643570722328
2016-12-18,0.21619747190017602
2016-12-19,0.21660877215191063
2016-12-20,0.21749979338918302
2016-12-21,0.21265025286589365
2016-12-22,0.21329224905421884
2016-12-23,0.2131085279550767
2016-12-24,0.21304224598126797
2016-12-25,0.2129760089915224
2016-12-26,0.2129098169382726
2016-12-27,0.21288959106819383
2016-12-28,0.21285576991135402
2016-12-29,0.2127876157683768
2016-12-30,0.2126488612161043
2016-12-31,0.21302584546391598
2017-01-01,0.21295984821584177
2017-01-02,0.21289389563762642
2017-01-03,0.21282798768216152
2017-01-04,0.21208056400077036
2017-01-05,0.22006822934941583
2017-01-06,0.22010529973384138
2017-01-07,0.22003882188119384
2017-01-08,0.21997238847843423
2017-01-09,0.220531552561394
2017-01-10,0.22052464744767009
2017-01-11,0.21946954331070367
2017-01-12,0.21950116259276023
2017-01-13,0.21669903816117542
2017-01-14,0.21676095417730687
2017-01-15,0.2166954378136896
2017-01-16,0.2166842838475865
2017-01-17,0.2142587008359987
2017-01-18,0.21386649312342465
2017-01-19,0.21808701082291368
2017-01-20,0.21398804126497972
2017-01-21,0.21392484296442663
2017-01-22,0.21386168639824485
2017-01-23,0.17679127365207892
2017-01-24,0.18964531118240568
2017-01-25,0.21320273511137736
2017-01-26,0.13305485590432678
2017-01-27,0.15182601183448968
2017-01-28,0.15177201221925699
2017-01-29,0.15171804925791513
2017-01-30,0.1535977395029504
2017-01-31,0.17068849467184086
2017-02-01,0.18576634679461632
2017-02-02,0.16875335779045023
2017-02-03,0.1777105040635396
2017-02-04,0.17779814200590768
2017-02-05,0.1777673905217545
2017-02-06,0.18765571779693102
2017-02-07,0.19955250579742376
2017-02-08,0.15224931778727765
2017-02-09,0.1746912866477072
2017-02-10,0.17665168348408192
2017-02-11,0.17608285117237807
2017-02-12,0.1765534874668798
2017-02-13,0.1708103643438086
2017-02-14,0.14086821985748674
2017-02-15,0.15859963683841308
2017-02-16,0.13530791602870287
2017-02-17,0.1315759298824217
2017-02-18,0.13498308105577891
2017-02-19,0.1349318710805447
2017-02-20,0.13511060481676918
2017-02-21,0.13204232084467546
2017-02-22,0.1677306267570712
2017-02-23,0.19514577992946347
2017-02-24,0.19373467516142076
2017-02-25,0.15874636676672524
2017-02-26,0.15869065449501177
2017-02-27,0.18547117268334368
2017-02-28,0.18961048134168476
2017-03-01,0.19152274652561385
2017-03-02,0.14875541752454036
2017-03-03,0.142528507230076
2017-03-04,0.1424831346231495
2017-03-05,0.1424339357163986
2017-03-06,0.1437853827747717
2017-03-07,0.14679068178841612
2017-03-08,0.1517176737573831
2017-03-09,0.1523140779992044
2017-03-10,0.15084895661482464
2017-03-11,0.1508014531703353
2017-03-12,0.15075166732975162
2017-03-13,0.15153296664290009
2017-03-14,0.1484635896179651
2017-03-15,0.15838623013804215
2017-03-16,0.15795237083912053
2017-03-17,0.15588354178382655
2017-03-18,0.1558339311077774
2017-03-19,0.1557843476353956
2017-03-20,0.155810377567938
2017-03-21,0.1623944571610558
2017-03-22,0.16188122069359837
2017-03-23,0.16100025033619053
2017-03-24,0.1612388019670242
2017-03-25,0.16118877530236705
2017-03-26,0.16113877591515666
2017-03-27,0.1623621376169558
2017-03-28,0.16019138261600094
2017-03-29,0.16231939950995092
2017-03-30,0.16269117221641816
2017-03-31,0.1619630734122717
2017-04-01,0.1619791261958519
2017-04-02,0.16192937475012278
2017-04-03,0.1619447097477035
2017-04-04,0.16320194885067654
2017-04-05,0.17189226216087264
2017-04-06,0.17404790614335428
2017-04-07,0.17398392373799512
2017-04-08,0.17393298729263917
2017-04-09,0.17388207830288285
2017-04-10,0.17351067576447765
2017-04-11,0.17352957062140761
2017-04-12,0.1716541352893054
2017-04-13,0.17186837014561637
2017-04-14,0.17181001041910302
2017-04-15,0.17175946390109717
2017-04-16,0.17170894457601005
2017-04-17,0.17212337361953542
2017-04-18,0.1337806991627727
2017-04-19,0.07357668784225842
2017-04-20,0.07777048654997347
2017-04-21,0.050422148403220214
2017-04-22,0.050385728440632764
2017-04-23,0.05010563048102934
2017-04-24,0.05578741491182972
2017-04-25,0.08683148253726684
2017-04-26,0.09935446663493656
2017-04-27,0.25781584397182095
2017-04-28,0.2747307874877008
2017-04-29,0.27460644265614187
2017-04-30,0.2745500198215168
2017-05-01,0.28051924054190586
2017-05-02,0.2856043189355575
2017-05-03,0.2973312112407363
2017-05-04,0.3831067642229908
2017-05-05,0.40698347218115316
2017-05-06,0.4069136560806165
2017-05-07,0.4080414774108491
2017-05-08,0.37355259978988914
2017-05-09,0.36526620958462036
2017-05-10,0.3543971544730673
2017-05-11,0.3648238921579103
2017-05-12,0.3684249411269964
2017-05-13,0.36837728433373745
2017-05-14,0.3683136416131281
2017-05-15,0.3698170265671134
2017-05-16,0.36825539705222116
2017-05-17,0.3471081077403619
2017-05-18,0.35717347735247285
2017-05-19,0.35799903561881674
2017-05-20,0.35795091953260405
2017-05-21,0.3584899601406903
2017-05-22,0.3590457091414083
2017-05-23,0.36095728396578913
2017-05-24,0.353615757577763
2017-05-25,0.36153514102030887
2017-05-26,0.36411781994313636
2017-05-27,0.36405493280167356
2017-05-28,0.3639920781992891
2017-05-29,0.36392925610756377
2017-05-30,0.37182154031519987
2017-05-31,0.3492316180235287
2017-06-01,0.3428300199071665
2017-06-02,0.3419637781600782
2017-06-03,0.34190207776716797
2017-06-04,0.34184040948110583
2017-06-05,0.3417258793642081
2017-06-06,0.34233940824870296
2017-06-07,0.3436126296771076
2017-06-08,0.3432501680314133
2017-06-09,0.34301789317685755
2017-06-10,0.3429563866979735
2017-06-11,0.34289491212230144
2017-06-12,0.34228799343273364
2017-06-13,0.3422553962085217
2017-06-14,0.34170434172743286
2017-06-15,0.34199336225913607
2017-06-16,0.3419320079684646
2017-06-17,0.34187068548298477
2017-06-18,0.3418093947750789
2017-06-19,0.34174651301036335
2017-06-20,0.34538839403141713
2017-06-21,0.34230255954279826
2017-06-22,0.33727014738447564
2017-06-23,0.34063027478189456
2017-06-24,0.34056859737552164
2017-06-25,0.34050695206242393
2017-06-26,0.34018498757801413
2017-06-27,0.3403217371177301
2017-06-28,0.3388562017830976
2017-06-29,0.32827950899270436
2017-06-30,0.32821283297961107
2017-07-01,0.3281522707323819
2017-07-02,0.3280917399139381
2017-07-03,0.3278599550242761
2017-07-04,0.3277994890803362
2017-07-05,0.3277800180572721
2017-07-06,0.3276570180020804
2017-07-07,0.327591594461436
2017-07-08,0.3275312696308213
2017-07-09,0.3274709760290841
2017-07-10,0.32807143884455237
2017-07-11,0.3305481465645019
2017-07-12,0.33065618152457477
2017-07-13,0.3319305293504425
2017-07-14,0.3326846084526485
2017-07-15,0.3326240183978767
2017-07-16,0.3325634595837055
2017-07-17,0.3362022426362035
2017-07-18,0.24106843019339355
2017-07-19,0.26498928355738743
2017-07-20,0.27275668199065334
2017-07-21,0.3108679914089056
2017-07-22,0.3108110413039991
2017-07-23,0.31012139132894706
2017-07-24,0.3155767358309801
2017-07-25,0.39025680665687806
2017-07-26,0.3755414153939589
2017-07-27,0.410221336642917
2017-07-28,0.38221644688401835
2017-07-29,0.3827867709743303
2017-07-30,0.3826195658954588
2017-07-31,0.38450169449278393
2017-08-01,0.3788727113828736
2017-08-02,0.399108936936897
2017-08-03,0.4192695114821152
2017-08-04,0.4217759405287415
2017-08-05,0.42181499803245354
2017-08-06,0.42214507577619637
2017-08-07,0.42029971719127546
2017-08-08,0.44099393280377325
2017-08-09,0.4253038462548391
2017-08-10,0.4310193528932114
2017-08-11,0.4312550084024394
2017-08-12,0.43118962625261853
2017-08-13,0.4311253070129664
2017-08-14,0.41840409593686695
2017-08-15,0.4289756920081382
2017-08-16,0.43418119408280087
2017-08-17,0.43599411228409046
2017-08-18,0.43818054300156967
2017-08-19,0.43811242563449526
2017-08-20,0.4380443436447939
2017-08-21,0.4375302062616639
2017-08-22,0.434353983383082
2017-08-23,0.44335325126796293
2017-08-24,0.44847508151221827
2017-08-25,0.4472561470205633
2017-08-26,0.4471882498515551
2017-08-27,0.44712038762881495
2017-08-28,0.44724476763399124
2017-08-29,0.4459413447141877
2017-08-30,0.4349997006270397
2017-08-31,0.4360372475465522
2017-09-01,0.43595294751002384
2017-09-02,0.4358970242719405
2017-09-03,0.4358305939703788
2017-09-04,0.4357641975709012
2017-09-05,0.4431820421973491
2017-09-06,0.44395556415366016
2017-09-07,0.4436852592452065
2017-09-08,0.44604312236949584
2017-09-09,0.4459760067769036
2017-09-10,0.44590892541698773
2017-09-11,0.4458360590360623
2017-09-12,0.4457803638772026
2017-09-13,0.4428737403017362
2017-09-14,0.41062250955486396
2017-09-15,0.41067329649810097
2017-09-16,0.41060749419382053
2017-09-17,0.4105013730380847
2017-09-18,0.41117307782922236
2017-09-19,0.41271898570073035
2017-09-20,0.4122802353606765
2017-09-21,0.4119059237906897
2017-09-22,0.41082818057477116
2017-09-23,0.4107626649901747
2017-09-24,0.41069718323919835
2017-09-25,0.41182450770784307
2017-09-26,0.4234554586749386
2017-09-27,0.4229781495168963
2017-09-28,0.4256848532518296
2017-09-29,0.42619031584928785
2017-09-30,0.4261225700659472
2017-10-01,0.4260601537329225
2017-10-02,0.42596528428104263
2017-10-03,0.425116338082526
2017-10-04,0.42524690679683913
2017-10-05,0.4307157424526713
2017-10-06,0.4307135210078032
2017-10-07,0.43064660947924643
2017-10-08,0.43057973242048125
2017-10-09,0.4305128898009362
2017-10-10,0.4305375058269094
2017-10-11,0.4290544247738642
2017-10-12,0.42905037055338596
2017-10-13,0.4291774001349571
2017-10-14,0.4291108603905082
2017-10-15,0.4290443548125736
2017-10-16,0.42782997253580857
2017-10-17,0.4594740547759974
2017-10-18,0.45757453647023283
2017-10-19,0.4678091708212138
2017-10-20,0.4564959856471142
2017-10-21,0.4564288914208002
2017-10-22,0.4563241724722711
2017-10-23,0.4569130772077911
2017-10-24,0.49619986764924856
2017-10-25,0.4174462163083088
2017-10-26,0.426332827148602
2017-10-27,0.432820664822301
2017-10-28,0.432747548991726
2017-10-29,0.4326744729232783
2017-10-30,0.4284158385096056
2017-10-31,0.4580770113946659
2017-11-01,0.4264617676386475
2017-11-02,0.44756904718446383
2017-11-03,0.4308925351849699
2017-11-04,0.4306024377765474
2017-11-05,0.4289790119882424
2017-11-06,0.43146881615706484
2017-11-07,0.42612840189731144
2017-11-08,0.43146015858460157
2017-11-09,0.42454741752615605
2017-11-10,0.4249719993733969
2017-11-11,0.4248796651505222
2017-11-12,0.42480863834982024
2017-11-13,0.42118298866088094
2017-11-14,0.41457772724962644
2017-11-15,0.4015070660496957
2017-11-16,0.393521346123298
2017-11-17,0.393261580571473
2017-11-18,0.39317931461352695
2017-11-19,0.3930467755833707
2017-11-20,0.39259314780201865
2017-11-21,0.40794893040139346
2017-11-22,0.41081798579050793
2017-11-23,0.4107489905897695
2017-11-24,0.4106779071765548
2017-11-25,0.41060898351229436
2017-11-26,0.41054009543064457
2017-11-27,0.41078802447793583
2017-11-28,0.4110606455496661
2017-11-29,0.4158344932380515
2017-11-30,0.42633581301118756
2017-12-01,0.4260587640352191
2017-12-02,0.4259893222337057
2017-12-03,0.42591991607098484
2017-12-04,0.42612857901869766
2017-12-05,0.42611634305251117
2017-12-06,0.44339825047244535
2017-12-07,0.4438586550584951
2017-12-08,0.44382150574975304
2017-12-09,0.44375067826010683
2017-12-10,0.4436798871301703
2017-12-11,0.44405187629823617
2017-12-12,0.4437692969116181
2017-12-13,0.4433298326528708
2017-12-14,0.5052190942876318
2017-12-15,0.5053840257851182
2017-12-16,0.504634604142641
2017-12-17,0.5045608563063045
2017-12-18,0.504358177117631
2017-12-19,0.5030860152436896
2017-12-20,0.5038637324731895
2017-12-21,0.5016882052559662
2017-12-22,0.5016436892357815
2017-12-23,0.5015704828439086
2017-12-24,0.5014973134481514
2017-12-25,0.5014241810155909
2017-12-26,0.5013510855133525
2017-12-27,0.501268550578518
2017-12-28,0.5012177640457397
2017-12-29,0.5012317059638144
2017-12-30,0.5011587556129581
2017-12-31,0.5010858420283918
2018-01-01,0.5010129651774875
2018-01-02,0.5009460911956519
2018-01-03,0.49795498497138974
2018-01-04,0.4938579050881258
2018-01-05,0.49350704596167055
2018-01-06,0.49343546186141785
2018-01-07,0.49336391344166475
2018-01-08,0.492264362709075
2018-01-09,0.4923339033309803
2018-01-10,0.4941033615506946
2018-01-11,0.4906365248534783
2018-01-12,0.4873241574710665
2018-01-13,0.487253751790739
2018-01-14,0.4871833809200596
2018-01-15,0.4871130448287974
2018-01-16,0.4933120529371511
2018-01-17,0.49460615587073903
2018-01-18,0.4897292050189228
2018-01-19,0.4880718847334919
2018-01-20,0.4880017875976235
2018-01-21,0.48793172459911954
2018-01-22,0.4888017099273485
2018-01-23,0.5304280262683441
2018-01-24,0.5226032623448242
2018-01-25,0.5502781067853283
2018-01-26,0.5446587787106667
2018-01-27,0.5445773482423754
2018-01-28,0.5444959564931388
2018-01-29,0.5506570246276916
2018-01-30,0.5651925317114365
2018-01-31,0.6543453451326863
2018-02-01,0.7089663339937369
2018-02-02,0.7376467314406098
2018-02-03,0.7375199796711277
2018-02-04,0.7373932960696851
2018-02-05,0.7467203928025036
2018-02-06,0.7483396833007195
2018-02-07,0.7571091321300051
2018-02-08,0.8041162985364618
2018-02-09,0.8088482148661452
2018-02-10,0.8087089652292536
2018-02-11,0.8085607319683996
2018-02-12,0.7928299853604927
2018-02-13,0.8186149160951652
2018-02-14,0.8308571456604917
2018-02-15,0.8359640278547357
2018-02-16,0.8385272707385812
2018-02-17,0.8396532746185509
2018-02-18,0.8394821817032149
2018-02-19,0.8425161397397524
2018-02-20,0.8671460637045209
2018-02-21,0.8757239246508458
2018-02-22,0.8737511737554368
2018-02-23,0.874721801375797
2018-02-24,0.9582414309773624
2018-02-25,0.9580072558440001
2018-02-26,0.9548873963988406
2018-02-27,0.9437172599114351
2018-02-28,0.9455484392328435
2018-03-01,0.9570122820230106
2018-03-02,0.9607352164434108
2018-03-03,0.9610753257046268
2018-03-04,0.9608223429892426
2018-03-05,0.9618653279116821
2018-03-06,0.9649158627247086
2018-03-07,0.9623374569399772
2018-03-08,0.954094309732184
2018-03-09,0.9557099304633073
2018-03-10,0.9554311752313852
2018-03-11,0.9551757324212599
2018-03-12,0.9561675397301999
2018-03-13,0.9570295704710571
2018-03-14,0.9583894118253101
2018-03-15,0.9471589291732908
2018-03-16,0.9508748566721898
2018-03-17,0.9499116964624826
2018-03-18,0.949644571518323
2018-03-19,0.934285286053493
2018-03-20,0.9346024611271716
2018-03-21,0.9341926565150377
2018-03-22,0.9449663247223388
2018-03-23,0.9445012886903937
2018-03-24,0.9442307530145903
2018-03-25,0.943960502068577
2018-03-26,0.944548896617329
2018-03-27,0.9458254646606652
2018-03-28,0.9414014289755368
2018-03-29,0.945161528447088
2018-03-30,0.9457841631956709
2018-03-31,0.9441046729095124
2018-04-01,0.9438337632550202
2018-04-02,0.9422836584459766
2018-04-03,0.9434473994815592
2018-04-04,0.940005628698314
2018-04-05,0.9436169006407947
2018-04-06,0.9422722102720332
2018-04-07,0.9420011279459247
2018-04-08,0.9417303313396438
2018-04-09,0.9432612171951261
2018-04-10,0.9432240751923873
2018-04-11,0.9430769618467402
2018-04-12,0.9430095369438192
2018-04-13,0.9470918245561976
2018-04-14,0.9468607704286578
2018-04-15,0.9465898460518547
2018-04-16,0.9458657830757206
2018-04-17,0.9604514978842768
2018-04-18,0.975187974014649
2018-04-19,0.9505806620411646
2018-04-20,0.9344050911180807
2018-04-21,0.9341528131370206
2018-04-22,0.9339007848090475
2018-04-23,0.9117037215641611
2018-04-24,0.8446832505206325
2018-04-25,0.7965111000268178
2018-04-26,0.6530730946967709
2018-04-27,0.6209691740532933
2018-04-28,0.6208450079616101
2018-04-29,0.6190725423556915
2018-04-30,0.6189012841716002
2018-05-01,0.5487540858394803
2018-05-02,0.6765828932871202
2018-05-03,0.6692066633384863
2018-05-04,0.6388689434217368
2018-05-05,0.6434265671576128
2018-05-06,0.6436980071973694
2018-05-07,0.6354143694060531
2018-05-08,0.6101622997764817
2018-05-09,0.6013529535875336
2018-05-10,0.6029078224843203
2018-05-11,0.6100604690085675
2018-05-12,0.6101112178985758
2018-05-13,0.6100210026497729
2018-05-14,0.6086143809124281
2018-05-15,0.6092255096426015
2018-05-16,0.5720630590718279
2018-05-17,0.5654922243721469
2018-05-18,0.563578162914852
2018-05-19,0.5634991941777537
2018-05-20,0.563420258036857
2018-05-21,0.5651573980707993
2018-05-22,0.5695517272250757
2018-05-23,0.5610983290881105
2018-05-24,0.5363728410577938
2018-05-25,0.5365456454337313
2018-05-26,0.5364692596483809
2018-05-27,0.5363929052250364
2018-05-28,0.5363165821424816
2018-05-29,0.5384080638202926
2018-05-30,0.5422518630869148
2018-05-31,0.5464600437860606
2018-06-01,0.5462917263428931
2018-06-02,0.546216380707266
2018-06-03,0.5461410654924275
2018-06-04,0.545673473294511
2018-06-05,0.5446094632328532
2018-06-06,0.5472912379251095
2018-06-07,0.5416576945556669
2018-06-08,0.5418010451395772
2018-06-09,0.5417081163405942
2018-06-10,0.541634530274294
2018-06-11,0.5420850773154411
2018-06-12,0.5458167717107512
2018-06-13,0.5456844172259195
2018-06-14,0.5457219966547576
2018-06-15,0.5450478603755449
2018-06-16,0.5449765599664037
2018-06-17,0.5449027579681248
2018-06-18,0.5447501236398805
2018-06-19,0.5261145186638484
2018-06-20,0.5225318159559948
2018-06-21,0.5255628564559712
2018-06-22,0.5229968115027771
2018-06-23,0.5229237907973777
2018-06-24,0.5228507994191206
2018-06-25,0.5238017252512103
2018-06-26,0.5236202893523844
2018-06-27,0.519643943374788
2018-06-28,0.5213788188151481
2018-06-29,0.5203102037546671
2018-06-30,0.5202380723098252
2018-07-01,0.5201659696461284
2018-07-02,0.5201905796997008
2018-07-03,0.5204105878707057
2018-07-04,0.5203524295100138
2018-07-05,0.5198098926171214
2018-07-06,0.5197467752307402
2018-07-07,0.5196749293313819
2018-07-08,0.5196031120265395
2018-07-09,0.5196768286754715
2018-07-10,0.5109122111240288
2018-07-11,0.5111563196843439
2018-07-12,0.5129682776439446
2018-07-13,0.5098655846508089
2018-07-14,0.5097940364611439
2018-07-15,0.5097225168544233
2018-07-16,0.5124982748733462
2018-07-17,0.601185914818913
2018-07-18,0.5894726521688587
2018-07-19,0.5860535086901795
2018-07-20,0.5770857810787522
2018-07-21,0.5770060473463855
2018-07-22,0.5769263463843458
2018-07-23,0.5483230888950305
2018-07-24,0.456172444293838
2018-07-25,0.31935854928539614
2018-07-26,0.19706713276246526
2018-07-27,0.1905597576321747
2018-07-28,0.19051039675027162
2018-07-29,0.19019737104313114
2018-07-30,0.1854922330651705
2018-07-31,0.10260530890375674
2018-08-01,0.07837180491176203
2018-08-02,0.026676869364383255
2018-08-03,0.01871500191711924
2018-08-04,-0.014222190855050498
2018-08-05,-0.014260032256137034
2018-08-06,-0.021510991039142262
2018-08-07,-0.02580220012471553
2018-08-08,-0.019558704721969078
2018-08-09,-0.021441129097099092
2018-08-10,-0.022627544322329867
2018-08-11,-0.022648154650444785
2018-08-12,-0.022664243584317623
2018-08-13,-0.02317379083205003
2018-08-14,-0.03248222416638299
2018-08-15,-0.04838846572018637
2018-08-16,-0.02552562940030671
2018-08-17,-0.028781340722020876
2018-08-18,-0.028703302918983375
2018-08-19,-0.028718646446103224
2018-08-20,-0.01779701311045904
2018-08-21,-0.012803946985105416
2018-08-22,-0.0011294755306184105
2018-08-23,0.003187844349696989
2018-08-24,0.0024051671054099444
2018-08-25,0.002385883705293468
2018-08-26,0.0023666093920368856
2018-08-27,0.0021509108445863325
2018-08-28,-0.009424203383307997
2018-08-29,-0.01862044975952441
2018-08-30,-0.018318166346699805
2018-08-31,-0.018349815417109006
2018-09-01,-0.018366437345946895
2018-09-02,-0.018383051100019736
2018-09-03,-0.018399656684399912
2018-09-04,-0.018000691600925656
2018-09-05,-0.017489704171222347
2018-09-06,-0.03905965965542487
2018-09-07,-0.03894698590032353
2018-09-08,-0.03896049587901155
2018-09-09,-0.03897399884180878
2018-09-10,-0.038982589760775586
2018-09-11,-0.039271177120082025
2018-09-12,-0.039120775730130654
2018-09-13,-0.048503062312848955
2018-09-14,-0.046929490612258186
2018-09-15,-0.04694175039824618
2018-09-16,-0.046954003638997675
2018-09-17,-0.08605183945295129
2018-09-18,-0.08613189427357341
2018-09-19,-0.08691516648152542
2018-09-20,-0.08839113561359362
2018-09-21,-0.08839731950880629
2018-09-22,-0.0884034989711399
2018-09-23,-0.08840967400360662
2018-09-24,-0.08680691399509007
2018-09-25,-0.08889797433515345
2018-09-26,-0.08815048199681748
2018-09-27,-0.08357948419668763
2018-09-28,-0.08310808909974354
2018-09-29,-0.08309927123066152
2018-09-30,-0.08310633620279213
2018-10-01,-0.08304646680439993
2018-10-02,-0.08558584673103609
2018-10-03,-0.08270025909690781
2018-10-04,-0.08201314019234925
2018-10-05,-0.08203482003870777
2018-10-06,-0.08204201420866346
2018-10-07,-0.08204920357247918
2018-10-08,-0.08201827024010182
2018-10-09,-0.0819085174912384
2018-10-10,-0.08203307407347105
2018-10-11,-0.07206192224710435
2018-10-12,-0.07196395910604969
2018-10-13,-0.0719724087632928
2018-10-14,-0.07368099398051593
2018-10-15,-0.07399841934018699
2018-10-16,-0.0819878467057572
2018-10-17,-0.07112963943996187
2018-10-18,-0.07869941429642473
2018-10-19,-0.06224982559007634
2018-10-20,-0.06225942736352652
2018-10-21,-0.06226902344334947
2018-10-22,-0.06237673747433944
2018-10-23,-0.046995658559860286
2018-10-24,-0.10116482377018665
2018-10-25,-0.04782342770663953
2018-10-26,-0.050252862795365116
2018-10-27,-0.04999991501636758
2018-10-28,-0.04802266431701959
2018-10-29,-0.04270317131386473
2018-10-30,-0.03285304714115034
2018-10-31,-0.025692396321264077
2018-11-01,-0.0734129281156078
2018-11-02,-0.044241612118509965
2018-11-03,-0.06468444500988113
2018-11-04,-0.06470217034824173
2018-11-05,-0.050034338599835936
2018-11-06,-0.05081572101074864
2018-11-07,-0.21146624307394965
2018-11-08,-0.2271721244034598
2018-11-09,-0.22824136827047334
2018-11-10,-0.22801147030557836
2018-11-11,-0.22799643359277802
2018-11-12,-0.2277810963572751
2018-11-13,-0.23221188018375719
2018-11-14,-0.2529226651149998
2018-11-15,-0.27334520652118793
2018-11-16,-0.2758897942213335
2018-11-17,-0.27562371896078713
2018-11-18,-0.27559852826782355
2018-11-19,-0.27977562598483513
2018-11-20,-0.29883354810048374
2018-11-21,-0.3031401441197568
2018-11-22,-0.30310778934192173
2018-11-23,-0.3028788509761224
2018-11-24,-0.3028465496103822
2018-11-25,-0.30281426187460453
2018-11-26,-0.30446091180485263
2018-11-27,-0.30102057639734386
2018-11-28,-0.3025665637513661
2018-11-29,-0.31326444854598057
2018-11-30,-0.3170246980290126
2018-12-01,-0.31654960119432796
2018-12-02,-0.31651262505613076
2018-12-03,-0.3169113007658257
2018-12-04,-0.31406482591314794
2018-12-05,-0.31211850674992236
2018-12-06,-0.32867549939662244
2018-12-07,-0.3290721755271974
2018-12-08,-0.32903232429477214
2018-12-09,-0.3289924915889297
2018-12-10,-0.32923666179716443
2018-12-11,-0.3296740540942686
2018-12-12,-0.33017987871896226
2018-12-13,-0.33817689695816383
2018-12-14,-0.33786964337001857
2018-12-15,-0.3377047904138782
2018-12-16,-0.337662725123321
2018-12-17,-0.3933792727099741
2018-12-18,-0.39571960890772956
2018-12-19,-0.3945707538050332
2018-12-20,-0.39699828622021033
2018-12-21,-0.3970463221336155
2018-12-22,-0.39698504022948483
2018-12-23,-0.3969237919371036
2018-12-24,-0.39686671259589784
2018-12-25,-0.39680553017319437
2018-12-26,-0.396729186713991
2018-12-27,-0.396586490423412
2018-12-28,-0.396527068196968
2018-12-29,-0.39650572720304456
2018-12-30,-0.3964447370326494
2018-12-31,-0.3963806475721691
2019-01-01,-0.3963197250812329
2019-01-02,-0.39627037187947894
2019-01-03,-0.39581394150244176
2019-01-04,-0.39724678387985085
2019-01-05,-0.39718560212119375
2019-01-06,-0.3971244538322731
2019-01-07,-0.39848125263897005
2019-01-08,-0.39828790278197185
2019-01-09,-0.403766752854757
2019-01-10,-0.4034986961052785
2019-01-11,-0.39982722242578167
2019-01-12,-0.3997659954991084
2019-01-13,-0.3997048018112152
2019-01-14,-0.39970738635415604
2019-01-15,-0.4028661217149507
2019-01-16,-0.41431499571112546
2019-01-17,-0.4174092889445382
2019-01-18,-0.4106815934575369
2019-01-19,-0.41061740378028366
2019-01-20,-0.4105532492314478
2019-01-21,-0.41031702142658344
2019-01-22,-0.43374419463436875
2019-01-23,-0.49795991288650604
2019-01-24,-0.5043677453415232
2019-01-25,-0.5209055398722754
2019-01-26,-0.5208117228196593
2019-01-27,-0.5207179607812232
2019-01-28,-0.5253129708282367
2019-01-29,-0.4530839023721729
2019-01-30,-0.5075433898185433
2019-01-31,-0.5051329353872499
2019-02-01,-0.5250351544684947
2019-02-02,-0.5249420157595991
2019-02-03,-0.5248489306368982
2019-02-04,-0.5079249523030932
2019-02-05,-0.5225420838486351
2019-02-06,-0.4343858767816462
2019-02-07,-0.5717536179027695
2019-02-08,-0.5794179841188701
2019-02-09,-0.5787278406822591
2019-02-10,-0.578610833104646
2019-02-11,-0.5712465260459181
2019-02-12,-0.5734067394657685
2019-02-13,-0.6175201414592607
2019-02-14,-0.6263683536804896
2019-02-15,-0.6305380178494883
2019-02-16,-0.630399285337719
2019-02-17,-0.6302606520695114
2019-02-18,-0.6317604983510564
2019-02-19,-0.6394016803167308
2019-02-20,-0.7856967137472973
2019-02-21,-0.7914284152496466
2019-02-22,-0.7939398192213806
2019-02-23,-0.7928795334945448
2019-02-24,-0.7927608713032348
2019-02-25,-0.7968591837470737
2019-02-26,-0.7983311017535774
2019-02-27,-0.7855590744145857
2019-02-28,-0.8349003611892739
2019-03-01,-0.859141768560936
2019-03-02,-0.8587959034647054
2019-03-03,-0.8585637628758668
2019-03-04,-0.858158280087944
2019-03-05,-0.8624765981938644
2019-03-06,-0.8619043156793177
2019-03-07,-0.8639419679795216
2019-03-08,-0.8636373909039792
2019-03-09,-0.8632835948190242
2019-03-10,-0.8630438361409326
2019-03-11,-0.8628556076370604
2019-03-12,-0.8617199105670891
2019-03-13,-0.8615400550106899
2019-03-14,-0.8726504482694665
2019-03-15,-0.8790349042582907
2019-03-16,-0.8788506815097037
2019-03-17,-0.8786077376889695
2019-03-18,-0.8749608130394337
2019-03-19,-0.873063717161623
2019-03-20,-0.8798629733000904
2019-03-21,-0.8775430013301494
2019-03-22,-0.8773356804116675
2019-03-23,-0.8770911238637281
2019-03-24,-0.8768467913237629
2019-03-25,-0.8765038526875073
2019-03-26,-0.8769481600830252
2019-03-27,-0.8763673621232008
2019-03-28,-0.8685498484685295
2019-03-29,-0.8730521903090933
2019-03-30,-0.87294004902389
2019-03-31,-0.872699697167762
2019-04-01,-0.872005404027744
2019-04-02,-0.8698209945601625
2019-04-03,-0.8689419913006056
2019-04-04,-0.8680627502147596
2019-04-05,-0.867945682035749
2019-04-06,-0.8675688196464068
2019-04-07,-0.8673309942897349
2019-04-08,-0.8686677902885519
2019-04-09,-0.8685210991884844
2019-04-10,-0.8700884709951199
2019-04-11,-0.8693525506646624
2019-04-12,-0.8698741375522253
2019-04-13,-0.8696363034867699
2019-04-14,-0.8693986822043763
2019-04-15,-0.8681841817092014
2019-04-16,-0.8687383497537927
2019-04-17,-0.882135861454997
2019-04-18,-0.8834813349596345
2019-04-19,-0.8832472083214489
2019-04-20,-0.8830132830508276
2019-04-21,-0.8827795588395503
2019-04-22,-0.8857221289644759
2019-04-23,-0.8851406736568453
2019-04-24,-0.903828866296557
2019-04-25,-0.888496834389993
2019-04-26,-0.9208857166093235
2019-04-27,-0.9200946816514074
2019-04-28,-0.9198559087618198
2019-04-29,-0.9131023505604551
2019-04-30,-0.9779677908238185
2019-05-01,-1.0441284318549833
2019-05-02,-1.0368009208103721
2019-05-03,-1.0503894966089857
2019-05-04,-1.0515026036277426
2019-05-05,-1.0562587715565006
2019-05-06,-1.0599511745630592
2019-05-07,-1.0867868660091389
2019-05-08,-1.1069875978515626
2019-05-09,-1.152510660922369
2019-05-10,-1.15540595752446
2019-05-11,-1.1545504375798248
2019-05-12,-1.1541857940741
2019-05-13,-1.1537157658292183
2019-05-14,-1.1538725391135387
2019-05-15,-1.1334909433802938
2019-05-16,-1.1272831737964508
2019-05-17,-1.1261163462986936
2019-05-18,-1.1257707059521362
2019-05-19,-1.1254274459605467
2019-05-20,-1.1257857422210642
2019-05-21,-1.1380007747441827
2019-05-22,-1.1313626913389994
2019-05-23,-1.1137046604332215
2019-05-24,-1.1145107922162962
2019-05-25,-1.1141751653176055
2019-05-26,-1.1138398875234712
2019-05-27,-1.1135049581617267
2019-05-28,-1.1139601680094262
2019-05-29,-1.1205727972556971
2019-05-30,-1.1332802721904776
2019-05-31,-1.133987316047963
2019-06-01,-1.1336378012378703
2019-06-02,-1.1332886616086126
2019-06-03,-1.133104813304707
2019-06-04,-1.1367854975309006
2019-06-05,-1.1387270387342683
2019-06-06,-1.1401931558843696
2019-06-07,-1.139790081807088
2019-06-08,-1.1394369432793947
2019-06-09,-1.1390841864331331
2019-06-10,-1.1381439509525522
2019-06-11,-1.1367880972699125
2019-06-12,-1.1378455121117022
2019-06-13,-1.138973550811415
2019-06-14,-1.1386766791544771
2019-06-15,-1.1383310167879326
2019-06-16,-1.1379797635038404
2019-06-17,-1.1374822067984476
2019-06-18,-1.1385482277580312
2019-06-19,-1.1346547453282223
2019-06-20,-1.133348634446858
2019-06-21,-1.1345452516303245
2019-06-22,-1.134197184994255
2019-06-23,-1.13384948947987
2019-06-24,-1.133527733688559
2019-06-25,-1.1339677204634042
2019-06-26,-1.133697049365935
2019-06-27,-1.1335230474178954
2019-06-28,-1.1331287044400906
2019-06-29,-1.1327839043137515
2019-06-30,-1.1324394681691619
2019-07-01,-1.1320930834348137
2019-07-02,-1.1309643270732919
2019-07-03,-1.130556946410951
2019-07-04,-1.130213262396109
2019-07-05,-1.1298712342653117
2019-07-06,-1.1295295647996242
2019-07-07,-1.1291882533015494
2019-07-08,-1.1288073268806775
2019-07-09,-1.1291680646760411
2019-07-10,-1.1296803167615501
2019-07-11,-1.128231197254008
2019-07-12,-1.128928270758385
2019-07-13,-1.1285871580871434
2019-07-14,-1.1282464020576006
2019-07-15,-1.1282187715056538
2019-07-16,-1.134358934437804
2019-07-17,-1.0343777441811028
2019-07-18,-1.0185249205335802
2019-07-19,-1.0133934267785596
2019-07-20,-1.0131117604676765
2019-07-21,-1.012830359756214
2019-07-22,-1.0111926122407688
2019-07-23,-1.0134890735057551
2019-07-24,-0.9339894564939256
2019-07-25,-0.7678631765718009
2019-07-26,-0.733030271489162
2019-07-27,-0.7311441980813954
2019-07-28,-0.7309737754638678
2019-07-29,-0.7306125761115813
2019-07-30,-0.6223692849685479
2019-07-31,-0.5613879903291802
2019-08-01,-0.6247502605031438
2019-08-02,-0.5833476606410083
2019-08-03,-0.5847726120806938
2019-08-04,-0.584656322988261
2019-08-05,-0.5878508372275667
2019-08-06,-0.5509592221589387
2019-08-07,-0.5396820869081614
2019-08-08,-0.5391494586683417
2019-08-09,-0.5397017065815878
2019-08-10,-0.5411126206872021
2019-08-11,-0.5410190176322542
2019-08-12,-0.5371651225933644
2019-08-13,-0.5382696464499607
2019-08-14,-0.5373656651809186
2019-08-15,-0.5432539723079682
2019-08-16,-0.5435078804487107
2019-08-17,-0.5434149006430894
2019-08-18,-0.5433219709678788
2019-08-19,-0.5428730459330872
2019-08-20,-0.5414245289866144
2019-08-21,-0.5446104597248372
2019-08-22,-0.5376429592594117
2019-08-23,-0.5380008215254124
2019-08-24,-0.5378697897332047
2019-08-25,-0.537776608502357
2019-08-26,-0.5378203860524251
2019-08-27,-0.5366520399852058
2019-08-28,-0.5375010107571692
2019-08-29,-0.5335201082674362
2019-08-30,-0.5340004047362759
2019-08-31,-0.5339079844818242
2019-09-01,-0.5338156145312694
2019-09-02,-0.5337232948384106
2019-09-03,-0.5318459434748851
2019-09-04,-0.5361744278114782
2019-09-05,-0.5363390050806868
2019-09-06,-0.5368612212569679
2019-09-07,-0.5367681907292469
2019-09-08,-0.5366752109863944
2019-09-09,-0.5365644455320701
2019-09-10,-0.5372079494431246
2019-09-11,-0.5240059753062608
2019-09-12,-0.5113894320365268
2019-09-13,-0.5113012336526448
2019-09-14,-0.5112077655285091
2019-09-15,-0.511122014493058
2019-09-16,-0.5110875969537485
2019-09-17,-0.5099475421941339
2019-09-18,-0.5094157730321859
2019-09-19,-0.5092352516171812
2019-09-20,-0.5094547584085453
2019-09-21,-0.5093690161974029
2019-09-22,-0.5092833186389191
2019-09-23,-0.5093816451285369
2019-09-24,-0.509657545515316
2019-09-25,-0.5089110703927823
2019-09-26,-0.5025618360447742
2019-09-27,-0.5024170230268362
2019-09-28,-0.502332271530241
2019-09-29,-0.5022475642994798
2019-09-30,-0.5028980961668613
2019-10-01,-0.5025625942993363
2019-10-02,-0.5033551137333592
2019-10-03,-0.4869717825349129
2019-10-04,-0.48729278125460196
2019-10-05,-0.48721105201438175
2019-10-06,-0.48712936511122296
2019-10-07,-0.4870679147693266
2019-10-08,-0.48660522808935913
2019-10-09,-0.4864502884395245
2019-10-10,-0.48531343407304695
2019-10-11,-0.4849667918780834
2019-10-12,-0.48488577254753257
2019-10-13,-0.4848047950572159
2019-10-14,-0.4847238593711894
2019-10-15,-0.494087804553462
2019-10-16,-0.627329259819721
2019-10-17,-0.6140844144855316
2019-10-18,-0.6132852983545152
2019-10-19,-0.6130010084999754
2019-10-20,-0.6128811385960609
2019-10-21,-0.6108003487253529
2019-10-22,-0.6015717521646513
2019-10-23,-0.5889654945856821
2019-10-24,-0.5915800810257429
2019-10-25,-0.6010015978587118
2019-10-26,-0.601292224621522
2019-10-27,-0.6039557428321509
2019-10-28,-0.6157620073234517
2019-10-29,-0.6266061264018031
2019-10-30,-0.5658193977574036
2019-10-31,-0.5426434806883701
2019-11-01,-0.5647857899753973
2019-11-02,-0.522667726771701
2019-11-03,-0.5226125178430369
2019-11-04,-0.5388062255313815
2019-11-05,-0.5332195307838374
2019-11-06,-0.470949812597744
2019-11-07,-0.4499133791585364
2019-11-08,-0.44722074107973797
2019-11-09,-0.44710557040355486
2019-11-10,-0.44703393183380236
2019-11-11,-0.44755362770240154
2019-11-12,-0.44398328602666154
2019-11-13,-0.4311821375662069
2019-11-14,-0.41797612128355927
2019-11-15,-0.41478905454609755
2019-11-16,-0.4146450135823965
2019-11-17,-0.4146782870372263
2019-11-18,-0.4148064130930093
2019-11-19,-0.4156206025693905
2019-11-20,-0.4188344331763287
2019-11-21,-0.43261714085726055
2019-11-22,-0.43243367565878915
2019-11-23,-0.4323669261514111
2019-11-24,-0.432300207298643
2019-11-25,-0.4358096431296042
2019-11-26,-0.45265863268794204
2019-11-27,-0.45238274681105456
2019-11-28,-0.4523126519896888
2019-11-29,-0.4521777071138799
2019-11-30,-0.45210769681333446
2019-12-01,-0.45203771829991357
2019-12-02,-0.45185009095118484
2019-12-03,-0.4456376111230598
2019-12-04,-0.44591076517758754
2019-12-05,-0.44506306952523794
2019-12-06,-0.44427393212903965
2019-12-07,-0.4442125160587828
2019-12-08,-0.44414459003295165
2019-12-09,-0.4456913987955951
2019-12-10,-0.44592409831719343
2019-12-11,-0.44635603738713775
2019-12-12,-0.4342706274019359
2019-12-13,-0.43416075777199853
2019-12-14,-0.43409656310521844
2019-12-15,-0.4340323961148414
2019-12-16,-0.4339002405528534
2019-12-17,-0.438016591989108
2019-12-18,-0.43712483523955675
2019-12-19,-0.43791867872497486
2019-12-20,-0.44322954854233837
2019-12-21,-0.4431632458201639
2019-12-22,-0.4430969719127018
2019-12-23,-0.44300898166956976
2019-12-24,-0.4429427638983429
2019-12-25,-0.44287657488336435
2019-12-26,-0.44283833698508984
2019-12-27,-0.44245957303146666
2019-12-28,-0.44163204258068456
2019-12-29,-0.44156617707825996
2019-12-30,-0.44150636207384014
2019-12-31,-0.44144259690151194
2020-01-01,-0.44137681521582
2020-01-02,-0.4413406447667269
2020-01-03,-0.4410525641500535
2020-01-04,-0.44098692768222314
2020-01-05,-0.44092131960873077
2020-01-06,-0.4398096715971284
2020-01-07,-0.43967025638088203
2020-01-08,-0.4406416184327959
2020-01-09,-0.44244665042877135
2020-01-10,-0.4420530317192017
2020-01-11,-0.44198768911762415
2020-01-12,-0.4419223745468564
2020-01-13,-0.4418670280602817
2020-01-14,-0.4400185292189263
2020-01-15,-0.4405242556651825
2020-01-16,-0.44022009601581197
2020-01-17,-0.4431485766706597
2020-01-18,-0.44308289179027743
2020-01-19,-0.44301723516016694
2020-01-20,-0.44272890006155013
2020-01-21,-0.44047983662845525
2020-01-22,-0.4175566248599756
2020-01-23,-0.40881952884240463
2020-01-24,-0.4072128484424425
2020-01-25,-0.4071527202341197
2020-01-26,-0.4070926177316732
2020-01-27,-0.4065704842480275
2020-01-28,-0.4040702043823532
2020-01-29,-0.3655337921753983
2020-01-30,-0.41638489365458886
2020-01-31,-0.4197657766314589
2020-02-01,-0.4196964643615275
2020-02-02,-0.4196274779960713
2020-02-03,-0.4366192635136155
2020-02-04,-0.4131455832548115
2020-02-05,-0.4105755597235765
2020-02-06,-0.45615995853378183
2020-02-07,-0.39283766067425746
2020-02-08,-0.3927804817053044
2020-02-09,-0.3927120508431834
2020-02-10,-0.39009201248508835
2020-02-11,-0.3791631552142309
2020-02-12,-0.2807737628758234
2020-02-13,-0.27069199353579526
2020-02-14,-0.2620009698409106
2020-02-15,-0.2619314965849569
2020-02-16,-0.261882555221218
2020-02-17,-0.261296674608103
2020-02-18,-0.25688523412328895
2020-02-19,-0.25898542327868207
2020-02-20,-0.26756826798728905
2020-02-21,-0.273302661339021
2020-02-22,-0.2569684899314199
2020-02-23,-0.2569197281932891
2020-02-24,-0.25095955049277524
2020-02-25,-0.2523125946821814
2020-02-26,-0.24659546092750226
2020-02-27,-0.2343914976786403
2020-02-28,-0.23458967955697804
2020-02-29,-0.23454356256294814
2020-03-01,-0.23449746754310696
2020-03-02,-0.23658189828340662
2020-03-03,-0.2272977476562029
2020-03-04,-0.22021332547010194
2020-03-05,-0.21653750542935493
2020-03-06,-0.21635446076035628
2020-03-07,-0.21631215810582902
2020-03-08,-0.21626987542917545
2020-03-09,-0.21546762880959358
2020-03-10,-0.21335593748108914
2020-03-11,-0.2130376452462409
2020-03-12,-0.18688051074887424
2020-03-13,-0.18647929071164124
2020-03-14,-0.18639926536051787
2020-03-15,-0.1863636923991185
2020-03-16,-0.18326533253520907
2020-03-17,-0.18023221764914132
2020-03-18,-0.17980780979196112
2020-03-19,-0.1792962152441915
2020-03-20,-0.17996737469552104
2020-03-21,-0.17991725374724774
2020-03-22,-0.17988202311195267
2020-03-23,-0.18005069623281958
2020-03-24,-0.1828487078263751
2020-03-25,-0.18225162716176543
2020-03-26,-0.18769971665473095
2020-03-27,-0.18751215648402583
2020-03-28,-0.1874447854795297
2020-03-29,-0.1874084689909813
2020-03-30,-0.1864828191900726
2020-03-31,-0.18282974755876277
2020-04-01,-0.18252327962080528
2020-04-02,-0.18122830425768433
2020-04-03,-0.1810855057209255
2020-04-04,-0.1810504722318785
2020-04-05,-0.18101545480426687
2020-04-06,-0.1810845759634199
2020-04-07,-0.18092954708925327
2020-04-08,-0.18142075468510746
2020-04-09,-0.18136362067302472
2020-04-10,-0.182208638787856
2020-04-11,-0.18217332581399892
2020-04-12,-0.18213802904852636
2020-04-13,-0.18238420384344556
2020-04-14,-0.1695839848630818
2020-04-15,-0.1683720502265571
2020-04-16,-0.16788449998723368
2020-04-17,-0.15020213102994903
2020-04-18,-0.15017016816404785
2020-04-19,-0.15013822009367683
2020-04-20,-0.1587573932556192
2020-04-21,-0.13316226740283651
2020-04-22,-0.12605331024563282
2020-04-23,-0.06941599598469254
2020-04-24,-0.05451576976376038
2020-04-25,-0.05449553399377952
2020-04-26,-0.05447530791760916
2020-04-27,-0.05194253635482182
2020-04-28,-0.036862399620831376
2020-04-29,0.0943590773671454
2020-04-30,0.14238118789177442
2020-05-01,0.22592646647568362
2020-05-02,0.16905459946178525
2020-05-03,0.16905647419665706
2020-05-04,0.17072057975196187
2020-05-05,0.24180394228132485
2020-05-06,0.24233511472412908
2020-05-07,0.3129820635790759
2020-05-08,0.33620482731032925
2020-05-09,0.34115691587066815
2020-05-10,0.34113274869902915
2020-05-11,0.3739560825909292
2020-05-12,0.37973908815642554
2020-05-13,0.3987271867260505
2020-05-14,0.39107092819699263
2020-05-15,0.4336660645667966
2020-05-16,0.43454816533658686
2020-05-17,0.43451259221316585
2020-05-18,0.43005675496820195
2020-05-19,0.468135088530287
2020-05-20,0.4849915645093463
2020-05-21,0.5121116101055584
2020-05-22,0.5206181337680936
2020-05-23,0.5205671812005308
2020-05-24,0.5205162434573974
2020-05-25,0.5204653205314486
2020-05-26,0.5225604689936401
2020-05-27,0.5249511641862507
2020-05-28,0.5746424388490822
2020-05-29,0.5777984378192279
2020-05-30,0.5804574911029318
2020-05-31,0.5803948536479632
2020-06-01,0.5875779841526709
2020-06-02,0.5950368759670565
2020-06-03,0.6011725629712662
2020-06-04,0.6143457455952759
2020-06-05,0.6154690526121256
2020-06-06,0.6153931703725555
2020-06-07,0.6153250869285745
2020-06-08,0.6149345841308748
2020-06-09,0.6258562782975777
2020-06-10,0.6271757471037006
2020-06-11,0.6292806182376243
2020-06-12,0.629624001079027
2020-06-13,0.629553408048339
2020-06-14,0.6294828386543785
2020-06-15,0.6306098149715131
2020-06-16,0.6974444768065391
2020-06-17,0.6990742354964329
2020-06-18,0.7156598141712256
2020-06-19,0.7166537917966272
2020-06-20,0.7165679691686334
2020-06-21,0.716482177614155
2020-06-22,0.7167162851795452
2020-06-23,0.7163379736878608
2020-06-24,0.7174024511504733
2020-06-25,0.7414054121845824
2020-06-26,0.7414758174587717
2020-06-27,0.7414142594263412
2020-06-28,0.7413239984124017
2020-06-29,0.7489514055539263
2020-06-30,0.7630781619384385
2020-07-01,0.7750421553987206
2020-07-02,0.7740024837290833
2020-07-03,0.7740605718780754
2020-07-04,0.7739637106196056
2020-07-05,0.7738668863431107
2020-07-06,0.7733365398434361
2020-07-07,0.7737452200895828
2020-07-08,0.7759732744509632
2020-07-09,0.777365300245651
2020-07-10,0.7781268960584171
2020-07-11,0.7780292595933455
2020-07-12,0.777931660522765
2020-07-13,0.7757560985759735
2020-07-14,0.7928342042162367
2020-07-15,0.7952453486412647
2020-07-16,0.7988941389509736
2020-07-17,0.8003536418929622
2020-07-18,0.8002498405003843
2020-07-19,0.8001460803075268
2020-07-20,0.7104620362640581
2020-07-21,0.715778729865206
2020-07-22,0.7146659667226613
2020-07-23,0.800177553602284
2020-07-24,0.8541535464633846
2020-07-25,0.8540359405677181
2020-07-26,0.8539183837518513
2020-07-27,0.8605719354977657
2020-07-28,0.968164796758675
2020-07-29,1.0786414408303964
2020-07-30,1.237239877086891
2020-07-31,1.222858336083407
2020-08-01,1.222676511742897
2020-08-02,1.2237254623269236
2020-08-03,1.2360333814177191
2020-08-04,1.3273052832730379
2020-08-05,1.3623283187256439
2020-08-06,1.3526708460172125
2020-08-07,1.3546024571034276
2020-08-08,1.332511249741114
2020-08-09,1.332297804249488
2020-08-10,1.349911933879617
2020-08-11,1.364142797668767
2020-08-12,1.3787558957845796
2020-08-13,1.3853453985224797
2020-08-14,1.386356856137984
2020-08-15,1.3869240868832318
2020-08-16,1.3866971372500494
2020-08-17,1.3875126873352357
2020-08-18,1.4210736645301407
2020-08-19,1.4239685102033306
2020-08-20,1.429070679412362
2020-08-21,1.4304873274954362
2020-08-22,1.430245779376475
2020-08-23,1.4300043699029326
2020-08-24,1.437112544850826
2020-08-25,1.4619331666483435
2020-08-26,1.4637842058360935
2020-08-27,1.4657300292316853
2020-08-28,1.4683985906958297
2020-08-29,1.4681457876922188
2020-08-30,1.4678931318891728
2020-08-31,1.4699412951918642
2020-09-01,1.4743316066479941
2020-09-02,1.4777853229688398
2020-09-03,1.4732301708213502
2020-09-04,1.4730002173186938
2020-09-05,1.4730306507056843
2020-09-06,1.4727769324413098
2020-09-07,1.4725233618873712
2020-09-08,1.4700037847133007
2020-09-09,1.4713651895717383
2020-09-10,1.4579706482174206
2020-09-11,1.4572469411290685
2020-09-12,1.4569967316537038
2020-09-13,1.4567466684058819
2020-09-14,1.4573148734729362
2020-09-15,1.47176999899144
2020-09-16,1.4712654396418252
2020-09-17,1.4717137820989217
2020-09-18,1.471444025805634
2020-09-19,1.4711897223543158
2020-09-20,1.4709355683702157
2020-09-21,1.4708438500416996
2020-09-22,1.4780426757566107
2020-09-23,1.4822051645485466
2020-09-24,1.4890221822921503
2020-09-25,1.489010999180455
2020-09-26,1.4887524436983837
2020-09-27,1.4884940404491387
2020-09-28,1.4884834046642268
2020-09-29,1.4826254447544276
2020-09-30,1.4825007258709206
2020-10-01,1.4778105898255685
2020-10-02,1.4775565824937489
2020-10-03,1.4773027231103377
2020-10-04,1.4770490115203427
2020-10-05,1.4767954475690086
2020-10-06,1.4763094641163332
2020-10-07,1.4761963449710491
2020-10-08,1.4760223978624925
2020-10-09,1.4757688465961605
2020-10-10,1.4755169923427764
2020-10-11,1.4752644453262895
2020-10-12,1.4750820289000057
2020-10-13,1.5226683304091664
2020-10-14,1.5417073247771984
2020-10-15,1.540057205044101
2020-10-16,1.540911866375688
2020-10-17,1.5406354808420997
2020-10-18,1.5403592630381808
2020-10-19,1.6688124945158702
2020-10-20,1.6574359879607663
2020-10-21,1.6911763493727758
2020-10-22,1.6696629694973657
2020-10-23,1.6808158200055698
2020-10-24,1.6802800477009405
2020-10-25,1.6802965396754057
2020-10-26,1.688436399159136
2020-10-27,1.7091586583980118
2020-10-28,1.6962693448177701
2020-10-29,1.7181569533500924
2020-10-30,1.7068135258538415
2020-10-31,1.706572544987681
2020-11-01,1.7050242308726362
2020-11-02,1.7093287938251374
2020-11-03,1.7148156324107042
2020-11-04,1.7155393437468127
2020-11-05,1.7152442959905037
2020-11-06,1.710016151548726
2020-11-07,1.691694369979996
2020-11-08,1.6913805666222916
2020-11-09,1.6891522818832334
2020-11-10,1.6920903942938434
2020-11-11,1.6924836979279185
2020-11-12,1.711002716406754
2020-11-13,1.7118348004707584
2020-11-14,1.7114806815555565
2020-11-15,1.7111844529491085
2020-11-16,1.7088965100616684
2020-11-17,1.7035631317782
2020-11-18,1.693920131288709
2020-11-19,1.688549805254809
2020-11-20,1.6899175979113565
2020-11-21,1.689603702437493
2020-11-22,1.689290000291579
2020-11-23,1.6927182862373116
2020-11-24,1.706926316945206
2020-11-25,1.7027505733453319
2020-11-26,1.7024301753975362
2020-11-27,1.702098879127635
2020-11-28,1.701778885060284
2020-11-29,1.701459090477005
2020-11-30,1.703660947621545
2020-12-01,1.698021573728216
2020-12-02,1.7005142656800365
2020-12-03,1.6962182907973702
2020-12-04,1.7001262816189062
2020-12-05,1.6937169455771945
2020-12-06,1.693400221185919
2020-12-07,1.6962861693578242
2020-12-08,1.6927357334589777
2020-12-09,1.6922109776312653
2020-12-10,1.6887432980363413
2020-12-11,1.6903549453073632
2020-12-12,1.6900398436424027
2020-12-13,1.6897249363584945
2020-12-14,1.6893114008089227
2020-12-15,1.688751480320618
2020-12-16,1.6895150099900273
2020-12-17,1.6961562869475284
2020-12-18,1.7024777207156303
2020-12-19,1.7021571088154699
2020-12-20,1.70183343483727
2020-12-21,1.70196375066799
2020-12-22,1.699953393258294
2020-12-23,1.6998286595454946
2020-12-24,1.6995078124377019
2020-12-25,1.6991888232884504
2020-12-26,1.698870032201966
2020-12-27,1.6985514389622454
2020-12-28,1.6979327182012327
2020-12-29,1.69761594630928
2020-12-30,1.6973396299107693
2020-12-31,1.696988087223137
2021-01-01,1.6966706196803447
2021-01-02,1.6963533486108229
2021-01-03,1.6960362738010204
2021-01-04,1.6957163513790743
2021-01-05,1.695694475577268
2021-01-06,1.694485799647208
2021-01-07,1.6927339739785368
2021-01-08,1.6924549180779536
2021-01-09,1.6921397295475316
2021-01-10,1.6918247350086695
2021-01-11,1.696935177205816
2021-01-12,1.6958553722076817
2021-01-13,1.694983579175884
2021-01-14,1.680568492313346
2021-01-15,1.6802287976748536
2021-01-16,1.6799199388864194
2021-01-17,1.679611267461676
2021-01-18,1.6804920045641927
2021-01-19,1.6785409753935863
2021-01-20,1.6770055086729228
2021-01-21,1.7018025624710402
2021-01-22,1.7074353968419311
2021-01-23,1.7071146753659718
2021-01-24,1.7067941525595118
2021-01-25,1.7054632629518711
2021-01-26,1.7359405268677717
2021-01-27,1.7013944746097118
2021-01-28,1.6785182304311317
2021-01-29,1.6850984507241975
2021-01-30,1.684793012326501
2021-01-31,1.6844877538281204
2021-02-01,1.6888703671984773
2021-02-02,1.6929821013134958
2021-02-03,1.6282781830438935
2021-02-04,1.5933951134054984
2021-02-05,1.6152172411139816
2021-02-06,1.6154330411736477
2021-02-07,1.6151479626196432
2021-02-08,1.599115607680023
2021-02-09,1.5772686834161374
2021-02-10,1.5631661901151965
2021-02-11,1.5614811680485818
2021-02-12,1.5605457092207198
2021-02-13,1.5604105733242413
2021-02-14,1.5601438235727425
2021-02-15,1.547105821341301
2021-02-16,1.541956937151369
2021-02-17,1.5534015185549588
2021-02-18,1.5603485002799593
2021-02-19,1.565599322841372
2021-02-20,1.5652161336569674
2021-02-21,1.5648704032470855
2021-02-22,1.567407419297033
2021-02-23,1.5518499033193678
2021-02-24,1.5273722400649374
2021-02-25,1.5895650974581228
2021-02-26,1.5850746669539284
2021-02-27,1.6071312759093501
2021-02-28,1.604168061359583
2021-03-01,1.6239837228527856
2021-03-02,1.6342776009725728
2021-03-03,1.6310094318580102
2021-03-04,1.633623368159567
2021-03-05,1.6329668871145462
2021-03-06,1.632671286956595
2021-03-07,1.6323758533317825
2021-03-08,1.633924453868915
2021-03-09,1.6350384885424736
2021-03-10,1.638681593588912
2021-03-11,1.65147918304847
2021-03-12,1.6516191817771582
2021-03-13,1.651323639025095
2021-03-14,1.6510196549444416
2021-03-15,1.655809290473938
2021-03-16,1.6548285500666158
2021-03-17,1.656377345707037
2021-03-18,1.657704457450383
2021-03-19,1.6626972739063293
2021-03-20,1.6623881472696624
2021-03-21,1.6620791997457651
2021-03-22,1.662472090113748
2021-03-23,1.6654661996944367
2021-03-24,1.6636626039581053
2021-03-25,1.6647747033687275
2021-03-26,1.6649460935093146
2021-03-27,1.664395857636876
2021-03-28,1.6640848736491796
2021-03-29,1.6676237714183493
2021-03-30,1.6693229045548443
2021-03-31,1.6751472377022498
2021-04-01,1.6749709097358396
2021-04-02,1.674652018176471
2021-04-03,1.6743379519273212
2021-04-04,1.6740240704134983
2021-04-05,1.6737373226029861
2021-04-06,1.672439508699575
2021-04-07,1.6741012357784142
2021-04-08,1.6743070829698545
2021-04-09,1.673999550316544
2021-04-10,1.6736861342748461
2021-04-11,1.673372902393746
2021-04-12,1.6731074477761727
2021-04-13,1.6731627077397182
2021-04-14,1.673442540078833
2021-04-15,1.654818109365112
2021-04-16,1.6550235792352346
2021-04-17,1.6547156511544552
2021-04-18,1.6544079034346033
2021-04-19,1.6351580085162236
2021-04-20,1.6346171982759967
2021-04-21,1.614191137426104
2021-04-22,1.652797706668226
2021-04-23,1.6462549483876092
2021-04-24,1.6459343164603937
2021-04-25,1.6456138861750966
2021-04-26,1.627829300311001
2021-04-27,1.588716188830179
2021-04-28,1.4624418958397862
2021-04-29,1.4648918930042167
2021-04-30,1.4307507090587903
2021-05-01,1.4255524032265343
2021-05-02,1.425296799416973
2021-05-03,1.3866110670964034
2021-05-04,1.4179737462508815
2021-05-05,1.4131326582462878
2021-05-06,1.4077271569184724
2021-05-07,1.3902097030495078
2021-05-08,1.390214567631654
2021-05-09,1.3899552681666638
2021-05-10,1.3974199526292026
2021-05-11,1.4015657091688292
2021-05-12,1.4059485047048614
2021-05-13,1.383961747270644
2021-05-14,1.385690455787386
2021-05-15,1.3855477234209828
2021-05-16,1.3854569151035145
2021-05-17,1.3909453321329153
2021-05-18,1.3719526955449837
2021-05-19,1.3409811521391515
2021-05-20,1.3313418571764208
2021-05-21,1.3178804131714303
2021-05-22,1.317626792422648
2021-05-23,1.317373327460695
2021-05-24,1.3195540898051248
2021-05-25,1.317258348058905
2021-05-26,1.2914322959675812
2021-05-27,1.2758229902807405
2021-05-28,1.2771074078082438
2021-05-29,1.276695939591011
2021-05-30,1.2764474983315368
2021-05-31,1.2762859582163968
2021-06-01,1.2731592327588965
2021-06-02,1.2732087547970068
2021-06-03,1.259135281567156
2021-06-04,1.2580949289274643
2021-06-05,1.257852540841758
2021-06-06,1.2576102985276505
2021-06-07,1.2571122048271626
2021-06-08,1.2545029949549344
2021-06-09,1.255283437735988
2021-06-10,1.2531772283999725
2021-06-11,1.2539366925202244
2021-06-12,1.2536950570278946
2021-06-13,1.2534535666565152
2021-06-14,1.2532533252148488
2021-06-15,1.2215801779521793
2021-06-16,1.220440530246053
2021-06-17,1.2178921796295594
2021-06-18,1.2177212419731036
2021-06-19,1.2174940391808007
2021-06-20,1.217266967922195
2021-06-21,1.216876716384377
2021-06-22,1.2280959353769727
2021-06-23,1.2282243927369547
2021-06-24,1.1912110241546559
2021-06-25,1.1911116925356113
2021-06-26,1.1908897963966985
2021-06-27,1.1906680276655888
2021-06-28,1.1895645311541563
2021-06-29,1.1888132331257886
2021-06-30,1.1847689457855692
2021-07-01,1.1832256874062703
2021-07-02,1.1830348330030036
2021-07-03,1.1828148521211173
2021-07-04,1.1825949971787881
2021-07-05,1.1823752680548838
2021-07-06,1.182290487008393
2021-07-07,1.180717257305882
2021-07-08,1.1789089934809591
2021-07-09,1.1781799765649394
2021-07-10,1.1779613906647344
2021-07-11,1.177742929491507
2021-07-12,1.1774872818259994
2021-07-13,1.1785044760650614
2021-07-14,1.1649315668596485
2021-07-15,1.161852567274311
2021-07-16,1.1590664083113946
2021-07-17,1.158852507508781
2021-07-18,1.158706286718462
2021-07-19,1.155289287369304
2021-07-20,1.1557699061968927
2021-07-21,1.1679468966373934
2021-07-22,1.1341467566531849
2021-07-23,1.1114842427585874
2021-07-24,1.1112690626527912
2021-07-25,1.111054005956918
2021-07-26,1.1043120325919642
2021-07-27,1.0601235329510963
2021-07-28,0.9577157277509274
2021-07-29,0.9160832933968059
2021-07-30,0.9350569459000034
2021-07-31,0.9348741555522334
2021-08-01,0.9393151463961171
2021-08-02,0.9390687230998128
2021-08-03,0.8153693544881414
2021-08-04,0.7901333089630316
2021-08-05,0.7472156764818833
2021-08-06,0.7324957417384271
2021-08-07,0.748082671083922
2021-08-08,0.7479071340708221
2021-08-09,0.7208094959976522
2021-08-10,0.7043254107785039
2021-08-11,0.7261777903385834
2021-08-12,0.7143604877771196
2021-08-13,0.7150197335545151
2021-08-14,0.71477161068342
2021-08-15,0.7145969278092515
2021-08-16,0.7169353428755381
2021-08-17,0.7056618677858671
2021-08-18,0.7158581053975032
2021-08-19,0.7158258366378059
2021-08-20,0.7168067806298944
2021-08-21,0.7166225512277283
2021-08-22,0.7164372909721098
2021-08-23,0.7127286743433476
2021-08-24,0.701339583988353
2021-08-25,0.6970200437910249
2021-08-26,0.6843912374256083
2021-08-27,0.6826904203222638
2021-08-28,0.6825441723076532
2021-08-29,0.6823644162480375
2021-08-30,0.6817332825844237
2021-08-31,0.6811809170176542
2021-09-01,0.6804134405750594
2021-09-02,0.6832682016929921
2021-09-03,0.6826713499098002
2021-09-04,0.6824907077394968
2021-09-05,0.6823101953119556
2021-09-06,0.6821298124712154
2021-09-07,0.6810996108501778
2021-09-08,0.687436860941041
2021-09-09,0.6852706067228732
2021-09-10,0.6854019203550834
2021-09-11,0.6852211649351841
2021-09-12,0.6850405392327169
2021-09-13,0.6709019654465327
2021-09-14,0.6712059794450921
2021-09-15,0.6710333795429899
2021-09-16,0.6709191158799058
2021-09-17,0.6707475838760621
2021-09-18,0.6705712147087651
2021-09-19,0.6703949705757455
2021-09-20,0.6709092400389626
2021-09-21,0.6649038118386924
2021-09-22,0.6632147235829078
2021-09-23,0.6479861701180354
2021-09-24,0.6447098929884004
2021-09-25,0.6445343682524595
2021-09-26,0.6443589692200599
2021-09-27,0.644221558969797
2021-09-28,0.6555925941882705
2021-09-29,0.6509744477083614
2021-09-30,0.6499733863002416
2021-10-01,0.6497973562009126
2021-10-02,0.6496206056964435
2021-10-03,0.6494439824277699
2021-10-04,0.6492510367917458
2021-10-05,0.6497248207522325
2021-10-06,0.6480386684132551
2021-10-07,0.6482146028806388
2021-10-08,0.6480750003099158
2021-10-09,0.6478995946735077
2021-10-10,0.6477243146074044
2021-10-11,0.6475491599616715
2021-10-12,0.6473110627124775
2021-10-13,0.6408663992929885
2021-10-14,0.6420539270815256
2021-10-15,0.6411618779708327
2021-10-16,0.6409867080890073
2021-10-17,0.6408116638233642
2021-10-18,0.6437938180183398
2021-10-19,0.6120166458309186
2021-10-20,0.5974424129683836
2021-10-21,0.6215774364886365
2021-10-22,0.6168254001177585
2021-10-23,0.6166459720238501
2021-10-24,0.6164455884587752
2021-10-25,0.5991775964297906
2021-10-26,0.601634587960867
2021-10-27,0.6250332906914126
2021-10-28,0.5967525815196392
2021-10-29,0.627137111272773
2021-10-30,0.6269362607468718
2021-10-31,0.6267355762589686
2021-11-01,0.6273365922323383
2021-11-02,0.6282731616102629
2021-11-03,0.566001099192039
2021-11-04,0.5517189185271031
2021-11-05,0.5471446566030072
2021-11-06,0.5333247011699557
2021-11-07,0.5331601854432378
2021-11-08,0.531734387060302
2021-11-09,0.5275631628005769
2021-11-10,0.5338579764276336
2021-11-11,0.5321469218967528
2021-11-12,0.5222515725049691
2021-11-13,0.5217234589088765
2021-11-14,0.5215627988552697
2021-11-15,0.5309245037840987
2021-11-16,0.5387916455652535
2021-11-17,0.5409241358690746
2021-11-18,0.5387280259418199
2021-11-19,0.5367317696551982
2021-11-20,0.5365265719060698
2021-11-21,0.5363673761590543
2021-11-22,0.535115893999482
2021-11-23,0.5515150086637489
2021-11-24,0.5533503375471279
2021-11-25,0.5531846420391447
2021-11-26,0.5530372265937161
2021-11-27,0.5528717705668474
2021-11-28,0.5527064349419618
2021-11-29,0.5524444929629178
2021-11-30,0.5477674721760792
2021-12-01,0.5410160389900485
2021-12-02,0.5427284305208493
2021-12-03,0.5422051687548859
2021-12-04,0.5420421707631146
2021-12-05,0.5418792905952884
2021-12-06,0.5415711581179927
2021-12-07,0.5399457326841978
2021-12-08,0.5416774092573489
2021-12-09,0.5236634628614016
2021-12-10,0.5224452810276484
2021-12-11,0.5222858094010062
2021-12-12,0.5221179636999153
2021-12-13,0.5218550841056455
2021-12-14,0.5219128208647957
2021-12-15,0.5195309767543692
2021-12-16,0.5085120914974957
2021-12-17,0.5072085428455273
2021-12-18,0.5070508261820081
2021-12-19,0.5068932233637234
2021-12-20,0.506584911361608
2021-12-21,0.5074172505032448
2021-12-22,0.5090238204064276
2021-12-23,0.5088343026241674
2021-12-24,0.5086778656175565
2021-12-25,0.5085215405425378
2021-12-26,0.5083653272656897
2021-12-27,0.5082053465623996
2021-12-28,0.5080170959120863
2021-12-29,0.5076062045398003
2021-12-30,0.5200645555266458
2021-12-31,0.5199020512327001
2022-01-01,0.5197396662059354
2022-01-02,0.5195774002999805
2022-01-03,0.5194152533687224
2022-01-04,0.5192119702683485
2022-01-05,0.5185467207717507
2022-01-06,0.5286963483277612
2022-01-07,0.5286162236127251
2022-01-08,0.528449691129736
2022-01-09,0.5282832830565826
2022-01-10,0.5266120450170736
2022-01-11,0.5163529778528054
2022-01-12,0.5146959745829665
2022-01-13,0.5191183373823843
2022-01-14,0.5174272160860429
2022-01-15,0.5172591383608787
2022-01-16,0.517095072851817
2022-01-17,0.516931129712047
2022-01-18,0.5162054969508696
2022-01-19,0.5150191775528666
2022-01-20,0.5079160232334162
2022-01-21,0.5082628795076739
2022-01-22,0.5083690450479255
2022-01-23,0.5082059452043196
2022-01-24,0.5142280604073532
2022-01-25,0.4689589270369838
2022-01-26,0.41918335063372547
2022-01-27,0.45073966739308474
2022-01-28,0.46164371334451876
2022-01-29,0.46160941459348814
2022-01-30,0.4614425653247946
2022-01-31,0.46277179117399864
2022-02-01,0.504253342462582
2022-02-02,0.467962765011785
2022-02-03,0.5304480051589339
2022-02-04,0.53603494870988
2022-02-05,0.5357987754190129
2022-02-06,0.536005058831349
2022-02-07,0.5357530136811809
2022-02-08,0.5426815042935347
2022-02-09,0.5435200735445277
2022-02-10,0.5130285604023779
2022-02-11,0.5102140397199758
2022-02-12,0.5099909588372077
2022-02-13,0.5097629858890677
2022-02-14,0.5135802396566957
2022-02-15,0.5267965251717086
2022-02-16,0.5138954685824184
2022-02-17,0.5084413086909206
2022-02-18,0.5016463729651321
2022-02-19,0.5015379845303299
2022-02-20,0.5012999857220143
2022-02-21,0.5031840956057935
2022-02-22,0.5057026057825594
2022-02-23,0.46937922685777766
2022-02-24,0.4327021555032442
2022-02-25,0.44437862567797587
2022-02-26,0.49445104465780115
2022-02-27,0.49415770825626937
2022-02-28,0.4732410573142918
2022-03-01,0.4406723126881779
2022-03-02,0.44070542132086593
2022-03-03,0.4355187717186195
2022-03-04,0.43510712582861116
2022-03-05,0.4348182619266922
2022-03-06,0.4345297808125008
2022-03-07,0.4353881924357381
2022-03-08,0.43576830514485915
2022-03-09,0.43492741250861094
2022-03-10,0.44503755211726514
2022-03-11,0.4424640600677749
2022-03-12,0.4420049236781567
2022-03-13,0.4417148516122003
2022-03-14,0.440779665186551
2022-03-15,0.4394935921943557
2022-03-16,0.4366674453726653
2022-03-17,0.43781853787249153
2022-03-18,0.4383113291510014
2022-03-19,0.43802847529621497
2022-03-20,0.4377426107119134
2022-03-21,0.4327544215162901
2022-03-22,0.42558747151536186
2022-03-23,0.42665293356350503
2022-03-24,0.4286196191795361
2022-03-25,0.4280836620182193
2022-03-26,0.4278008516837968
2022-03-27,0.4275184102538481
2022-03-28,0.4267015978477251
2022-03-29,0.4266266992659811
2022-03-30,0.4269826176252092
2022-03-31,0.4160622172943227
2022-04-01,0.4157731574184995
2022-04-02,0.4155261704418283
2022-04-03,0.41525397869568786
2022-04-04,0.415108177288767
2022-04-05,0.41687531381448234
2022-04-06,0.415620607279189
2022-04-07,0.4128048767849651
2022-04-08,0.4124497450993565
2022-04-09,0.4121795573228781
2022-04-10,0.41190971213968947
2022-04-11,0.4117142875554063
2022-04-12,0.41181995918613845
2022-04-13,0.4076399462901137
2022-04-14,0.40614365915121997
2022-04-15,0.40575875048444005
2022-04-16,0.40553662521743616
2022-04-17,0.4052699060065766
2022-04-18,0.40399881824684564
2022-04-19,0.39744096503480936
2022-04-20,0.38404479866833346
2022-04-21,0.41657833147807394
2022-04-22,0.4243424420178456
2022-04-23,0.42408226187005155
2022-04-24,0.4238223996998835
2022-04-25,0.4182078117970763
2022-04-26,0.28712422411810823
2022-04-27,0.23378075043116855
2022-04-28,0.2211677977836651
2022-04-29,0.22775209271449856
2022-04-30,0.12605833100089722
2022-05-01,0.12591935349027286
2022-05-02,0.10964996150127582
2022-05-03,0.07994057787765274
2022-05-04,0.0737306006477479
2022-05-05,0.02586530242198252
2022-05-06,0.04604290882808848
2022-05-07,0.04542813162428209
2022-05-08,0.04528702941580098
2022-05-09,0.04520989816712865
2022-05-10,0.03399405251690091
2022-05-11,0.026469646782344352
2022-05-12,0.014688381611458098
2022-05-13,0.012354996964835848
2022-05-14,0.012283721150967652
2022-05-15,0.012173637627422998
2022-05-16,0.006757027843571202
2022-05-17,-0.001928916754684984
2022-05-18,0.010706982606616918
2022-05-19,0.0053780784306998175
2022-05-20,0.006437789213943335
2022-05-21,0.006300256459752
2022-05-22,0.006162884034603966
2022-05-23,0.004646536951107949
2022-05-24,0.007482588967539468
2022-05-25,7.960440569580267e-05
2022-05-26,-0.014571533793688548
2022-05-27,-0.013776422802646016
2022-05-28,-0.016647031472248885
2022-05-29,-0.01677684521420712
2022-05-30,-0.016906507557840733
2022-05-31,-0.018900332950588423
2022-06-01,-0.021735834494027866
2022-06-02,-0.023406123830303455
2022-06-03,-0.023547012144526924
2022-06-04,-0.02367414180062292
2022-06-05,-0.023801123441076728
2022-06-06,-0.02394193700867997
2022-06-07,-0.024502566801352616
2022-06-08,-0.024578204776046036
2022-06-09,-0.024804986945944574
2022-06-10,-0.02516998362653733
2022-06-11,-0.0252964793673703
2022-06-12,-0.025422827882613408
2022-06-13,-0.04102482651251704
2022-06-14,-0.04159630839695372
2022-06-15,-0.04178053851634197
2022-06-16,-0.0451374234907013
2022-06-17,-0.045333255887587263
2022-06-18,-0.04545579549109857
2022-06-19,-0.04557819011404618
2022-06-20,-0.04569069209871568
2022-06-21,-0.04459355865178982
2022-06-22,-0.044619358713284374
2022-06-23,-0.04214387112472906
2022-06-24,-0.04262668034819953
2022-06-25,-0.042749484491420686
2022-06-26,-0.042872143899143365
2022-06-27,-0.046778966346693394
2022-06-28,-0.0470948188646525
2022-06-29,-0.048358724118094866
2022-06-30,-0.04696666184196219
2022-07-01,-0.04710915208122405
2022-07-02,-0.047230528478767964
2022-07-03,-0.04735176176196557
2022-07-04,-0.04747285216661264
2022-07-05,-0.04759379992797941
2022-07-06,-0.04773370404983727
2022-07-07,-0.048181085629654806
2022-07-08,-0.04832067192265269
2022-07-09,-0.04844078159632326
2022-07-10,-0.048560750192225166
2022-07-11,-0.04885561851607453
2022-07-12,-0.05053846517507125
2022-07-13,-0.051799618022940606
2022-07-14,-0.04906076412455729
2022-07-15,-0.04919177364382706
2022-07-16,-0.049310595841986014
2022-07-17,-0.04942927916464609
2022-07-18,-0.04875704837207236
2022-07-19,-0.057301066651081735
2022-07-20,-0.06145365811911141
2022-07-21,-0.10792761667936657
2022-07-22,-0.10440521499375814
2022-07-23,-0.1053865032185537
2022-07-24,-0.10566562439026035
2022-07-25,-0.10931294971921786
2022-07-26,-0.15036922182082776
2022-07-27,-0.20156153650998765
2022-07-28,-0.2340415686713425
2022-07-29,-0.21194273611418754
2022-07-30,-0.2120419611948614
2022-07-31,-0.21214103665994175
2022-08-01,-0.21157058908393567
2022-08-02,-0.19856847260331745
2022-08-03,-0.21107101861332364
2022-08-04,-0.22363013810693877
2022-08-05,-0.21648009824491124
2022-08-06,-0.21445801406363793
2022-08-07,-0.21457896154823866
2022-08-08,-0.21525747021076755
2022-08-09,-0.24907816008341208
2022-08-10,-0.2461908862021233
2022-08-11,-0.2512411443858365
2022-08-12,-0.2520641680130504
2022-08-13,-0.25178972838174785
2022-08-14,-0.2519037395058031
2022-08-15,-0.251327358921213
2022-08-16,-0.23760385793380748
2022-08-17,-0.25191092768047824
2022-08-18,-0.2516695847206927
2022-08-19,-0.2536392041766748
2022-08-20,-0.25375882802180283
2022-08-21,-0.2538782469658432
2022-08-22,-0.2555919597684915
2022-08-23,-0.2646900112900887
2022-08-24,-0.2869518473631681
2022-08-25,-0.2876485814489653
2022-08-26,-0.2874519116232332
2022-08-27,-0.2875579819643373
2022-08-28,-0.28766386368096536
2022-08-29,-0.28760902636830415
2022-08-30,-0.28675800503722493
2022-08-31,-0.289798978121957
2022-09-01,-0.28897260291696253
2022-09-02,-0.28950941632377064
2022-09-03,-0.2896138491504481
2022-09-04,-0.2897180960254297
2022-09-05,-0.2898221573298579
2022-09-06,-0.289939312379603
2022-09-07,-0.2943978230119835
2022-09-08,-0.29628279220157544
2022-09-09,-0.29739075725586206
2022-09-10,-0.2974919174130362
2022-09-11,-0.29759289550665985
2022-09-12,-0.31953095412485183
2022-09-13,-0.3191891600147061
2022-09-14,-0.31942703480358187
2022-09-15,-0.31921081013983105
2022-09-16,-0.3193041675258554
2022-09-17,-0.31939716338609053
2022-09-18,-0.3194899879259503
2022-09-19,-0.31955173717854374
2022-09-20,-0.3197462789929761
2022-09-21,-0.31926108199373227
2022-09-22,-0.3113389158900548
2022-09-23,-0.31137476814186255
2022-09-24,-0.311470477598768
2022-09-25,-0.31156601371937415
2022-09-26,-0.31166478954645505
2022-09-27,-0.31655227919275325
2022-09-28,-0.31605148665994004
2022-09-29,-0.32446967340928445
2022-09-30,-0.32291438342938766
2022-10-01,-0.3230049512278081
2022-10-02,-0.32309488133881814
2022-10-03,-0.3232841842438396
2022-10-04,-0.3235151671719476
2022-10-05,-0.3227603824545228
2022-10-06,-0.3219883300332184
2022-10-07,-0.32201675634930393
2022-10-08,-0.3221173785582015
2022-10-09,-0.3222068965591777
2022-10-10,-0.3222962504506228
2022-10-11,-0.32317264924556843
2022-10-12,-0.32201322808060157
2022-10-13,-0.3232988715209664
2022-10-14,-0.323420384270703
2022-10-15,-0.32350864265841545
2022-10-16,-0.3235967391453543
2022-10-17,-0.3235934992008093
2022-10-18,-0.31920337800457105
2022-10-19,-0.3126679376007678
2022-10-20,-0.30979671574597445
2022-10-21,-0.31621932271706993
2022-10-22,-0.31630944967031277
2022-10-23,-0.31639941449674797
2022-10-24,-0.31993524940315726
2022-10-25,-0.3426879918853574
2022-10-26,-0.3379327489020032
2022-10-27,-0.4468411611187027
2022-10-28,-0.42200940115160734
2022-10-29,-0.4220414020327646
2022-10-30,-0.42207331482641136
2022-10-31,-0.4204706140978581
2022-11-01,-0.43722842062658174
2022-11-02,-0.45020757946004525
2022-11-03,-0.4808444719456158
2022-11-04,-0.484893915348904
2022-11-05,-0.4939671829131737
2022-11-06,-0.4939681893810037
2022-11-07,-0.49949757369882014
2022-11-08,-0.5176852543666995
2022-11-09,-0.5178975542160295
2022-11-10,-0.5353229573216324
2022-11-11,-0.5357209864208513
2022-11-12,-0.5357064167019235
2022-11-13,-0.5356842644542484
2022-11-14,-0.5475587873124091
2022-11-15,-0.5510174969941767
2022-11-16,-0.5598517867872591
2022-11-17,-0.5578421766332805
2022-11-18,-0.5581571294198956
2022-11-19,-0.5581240038632945
2022-11-20,-0.558090859619809
2022-11-21,-0.5660008874077268
2022-11-22,-0.570708095993305
2022-11-23,-0.5703529886043934
2022-11-24,-0.5703154688381283
2022-11-25,-0.570307176330532
2022-11-26,-0.5702696175057883
2022-11-27,-0.5702320437074458
2022-11-28,-0.5701775206294833
2022-11-29,-0.5733194773861117
2022-11-30,-0.5660129362812535
2022-12-01,-0.5646606715608244
2022-12-02,-0.5646805603508748
2022-12-03,-0.5646652485305946
2022-12-04,-0.564629457128083
2022-12-05,-0.5647174034455393
2022-12-06,-0.5665237666743318
2022-12-07,-0.5660143946875626
2022-12-08,-0.563953912541907
2022-12-09,-0.5639224164976387
2022-12-10,-0.5638863275196752
2022-12-11,-0.5638502239399084
2022-12-12,-0.5573641542030908
2022-12-13,-0.5571932640926781
2022-12-14,-0.5547542338536658
2022-12-15,-0.5539070877716147
2022-12-16,-0.5526229309169344
2022-12-17,-0.5525908387968533
2022-12-18,-0.5525587294321238
2022-12-19,-0.5523297017045545
2022-12-20,-0.5617779361908368
2022-12-21,-0.5598936830944212
2022-12-22,-0.5606598500240433
2022-12-23,-0.5605919558587221
2022-12-24,-0.5605566699261516
2022-12-25,-0.5605213694908588
2022-12-26,-0.5604860545973978
2022-12-27,-0.5603249245765166
2022-12-28,-0.5599520552728295
2022-12-29,-0.5640359239218588
2022-12-30,-0.5641232334169876
2022-12-31,-0.5640853350074654
2023-01-01,-0.5640474253688474
2023-01-02,-0.5640095045400736
2023-01-03,-0.5641717046794213
2023-01-04,-0.5641962947483565
2023-01-05,-0.5672288997238103
2023-01-06,-0.5673351786524173
2023-01-07,-0.5672963201536337
2023-01-08,-0.5672574512176732
2023-01-09,-0.5676562866466678
2023-01-10,-0.5644468853540977
2023-01-11,-0.5643163329417997
2023-01-12,-0.5656132169135377
2023-01-13,-0.5675547024580685
2023-01-14,-0.5675165590324772
2023-01-15,-0.5674784045431557
2023-01-16,-0.5674402390284727
2023-01-17,-0.5713169576682205
2023-01-18,-0.5698239673339066
2023-01-19,-0.5726280881405518
2023-01-20,-0.5751941891390802
2023-01-21,-0.5751530550189995
2023-01-22,-0.5751119127898666
2023-01-23,-0.5786374485707929
2023-01-24,-0.5428873172523057
2023-01-25,-0.5390919756822977
2023-01-26,-0.5283014534593052
2023-01-27,-0.5332130379402124
2023-01-28,-0.5331819735252233
2023-01-29,-0.5331508993085401
2023-01-30,-0.5357956252479262
2023-01-31,-0.5658178308374154
2023-02-01,-0.5537485851511621
2023-02-02,-0.5174599292292305
2023-02-03,-0.5096398792820286
2023-02-04,-0.5095895495574574
2023-02-05,-0.509555653253526
2023-02-06,-0.5113416604995353
2023-02-07,-0.4814550868792826
2023-02-08,-0.5147444637434445
2023-02-09,-0.5169312023252297
2023-02-10,-0.5178162666723359
2023-02-11,-0.517774473217308
2023-02-12,-0.5175575357838433
2023-02-13,-0.5194609712576459
2023-02-14,-0.5130633266463506
2023-02-15,-0.501750522489983
2023-02-16,-0.5152574821344865
2023-02-17,-0.5168016595802997
2023-02-18,-0.516757015287357
2023-02-19,-0.516712381168437
2023-02-20,-0.5174245089169978
2023-02-21,-0.5142461365692815
2023-02-22,-0.5217030438233321
2023-02-23,-0.516822446058165
2023-02-24,-0.5181347868301666
2023-02-25,-0.49620746633359625
2023-02-26,-0.4961690432166687
2023-02-27,-0.49401953072496907
2023-02-28,-0.508330922029696
2023-03-01,-0.5018879597792377
2023-03-02,-0.47048285815982704
2023-03-03,-0.47062020133398974
2023-03-04,-0.47058865452673143
2023-03-05,-0.4705571101225438
2023-03-06,-0.47071027656450354
2023-03-07,-0.4683611910331966
2023-03-08,-0.4711624743584542
2023-03-09,-0.4682565267339727
2023-03-10,-0.4674279570904332
2023-03-11,-0.46755693917190383
2023-03-12,-0.4675254009975223
2023-03-13,-0.47053455474480493
2023-03-14,-0.4721826338378439
2023-03-15,-0.47078722195516537
2023-03-16,-0.46291190993023096
2023-03-17,-0.4637367696535248
2023-03-18,-0.46370547705910203
2023-03-19,-0.46367418746314604
2023-03-20,-0.46253436525194314
2023-03-21,-0.4627018123638029
2023-03-22,-0.46150332364898317
2023-03-23,-0.46153240747844365
2023-03-24,-0.4611067476634747
2023-03-25,-0.4614669045345637
2023-03-26,-0.4614358320336674
2023-03-27,-0.45947282923788796
2023-03-28,-0.45781982466725996
2023-03-29,-0.4587379806067882
2023-03-30,-0.45986850432441956
2023-03-31,-0.4588004055333364
2023-04-01,-0.4586133748647743
2023-04-02,-0.458582801512409
2023-04-03,-0.45834504691246175
2023-04-04,-0.45868819429855207
2023-04-05,-0.459007968987353
2023-04-06,-0.45805018005841824
2023-04-07,-0.4579985209536768
2023-04-08,-0.4579679284996228
2023-04-09,-0.457937338997247
2023-04-10,-0.45816386836384365
2023-04-11,-0.4626589414755322
2023-04-12,-0.46254866039068315
2023-04-13,-0.46437794780944897
2023-04-14,-0.4643068393386643
2023-04-15,-0.4643028225492644
2023-04-16,-0.4642709730251486
2023-04-17,-0.4645063651746664
2023-04-18,-0.4648768680137317
2023-04-19,-0.46092676978221353
2023-04-20,-0.48282412277873804
2023-04-21,-0.485339146521161
2023-04-22,-0.485301123842977
2023-04-23,-0.4852631083328649
2023-04-24,-0.4805940682216976
2023-04-25,-0.3989431061774673
2023-04-26,-0.404031096033584
2023-04-27,-0.3324596602963908
2023-04-28,-0.3593484758666154
2023-04-29,-0.35944967258243027
2023-04-30,-0.35943484453033125
2023-05-01,-0.36246418366148525
2023-05-02,-0.3509961017341284
2023-05-03,-0.35099380453940804
2023-05-04,-0.352913367144203
2023-05-05,-0.3478118879562957
2023-05-06,-0.29099182956289277
2023-05-07,-0.2909855691149434
2023-05-08,-0.3012613777906446
2023-05-09,-0.305905432731197
2023-05-10,-0.29924290151000377
2023-05-11,-0.2928886261785291
2023-05-12,-0.30243789188361925
2023-05-13,-0.30272942834648425
2023-05-14,-0.3027194217092031
2023-05-15,-0.30105275460588693
2023-05-16,-0.30634546067133867
2023-05-17,-0.3009668819094763
2023-05-18,-0.2964434593570627
2023-05-19,-0.2937763942334099
2023-05-20,-0.29376646864702854
2023-05-21,-0.293756541866548
2023-05-22,-0.29485482701720606
2023-05-23,-0.2856996408625401
2023-05-24,-0.2792011209767306
2023-05-25,-0.2803585955489815
2023-05-26,-0.28093016039854807
2023-05-27,-0.28094928629522636
2023-05-28,-0.28094169216647075
2023-05-29,-0.28093409592625906
2023-05-30,-0.2805773712134856
2023-05-31,-0.27866415743838646
2023-06-01,-0.2740212100985594
2023-06-02,-0.2740664816611021
2023-06-03,-0.27405950230402293
2023-06-04,-0.2740525207776387
2023-06-05,-0.27474255076827586
2023-06-06,-0.27324552918146794
2023-06-07,-0.27188555172753637
2023-06-08,-0.2722297153794582
2023-06-09,-0.2721776243184189
2023-06-10,-0.2721708852838218
2023-06-11,-0.2721641440123382
2023-06-12,-0.26749782054554033
2023-06-13,-0.2674034038028833
2023-06-14,-0.26722291078649835
2023-06-15,-0.261673583339515
2023-06-16,-0.2617127486737613
2023-06-17,-0.26170762334619424
2023-06-18,-0.26170249518380506
2023-06-19,-0.2616942050878299
2023-06-20,-0.25933258513847673
2023-06-21,-0.25909648209657876
2023-06-22,-0.25388900795489305
2023-06-23,-0.25309244712891704
2023-06-24,-0.25286072469101145
2023-06-25,-0.2528570219884952
2023-06-26,-0.25510703544964924
2023-06-27,-0.2566408967823676
2023-06-28,-0.2569645158342165
2023-06-29,-0.2559540591421952
2023-06-30,-0.2567183165436782
2023-07-01,-0.2567005976888807
2023-07-02,-0.2566962085968752
2023-07-03,-0.2567532464226208
2023-07-04,-0.2567488438213343
2023-07-05,-0.2567421663005138
2023-07-06,-0.25650529140495676
2023-07-07,-0.2567512457429134
2023-07-08,-0.25674682454814285
2023-07-09,-0.2567424003028614
2023-07-10,-0.256852565839036
2023-07-11,-0.2568094879048845
2023-07-12,-0.2568012896960222
2023-07-13,-0.2577715515119086
2023-07-14,-0.25747737624877537
2023-07-15,-0.2574729341398997
2023-07-16,-0.25746848894574187
2023-07-17,-0.2574710349924395
2023-07-18,-0.2557617903510436
2023-07-19,-0.25369937691395367
2023-07-20,-0.2650627916682011
2023-07-21,-0.2628540951098834
2023-07-22,-0.2628487161972207
2023-07-23,-0.2628433343748657
2023-07-24,-0.25985911726259286
2023-07-25,-0.2110038364649479
2023-07-26,-0.1338173244315234
2023-07-27,-0.11685927701604841
2023-07-28,-0.14492278752855892
2023-07-29,-0.14488026652741162
2023-07-30,-0.14488482873176445
2023-07-31,-0.1454886545184688
2023-08-01,-0.12514840078525424
2023-08-02,-0.11678472042016604
2023-08-03,-0.1353232692333857
2023-08-04,-0.1377921457954608
2023-08-05,-0.13798154290668094
2023-08-06,-0.13768041334853298
2023-08-07,-0.11044809022817725
2023-08-08,-0.10927207315921195
2023-08-09,-0.1059413407568542
2023-08-10,-0.0991900732994131
2023-08-11,-0.0949269547679964
2023-08-12,-0.09484197137911025
2023-08-13,-0.0948440288716312
2023-08-14,-0.09373675758083481
2023-08-15,-0.09616955096705397
2023-08-16,-0.0833150819351769
2023-08-17,-0.07215484210637553
2023-08-18,-0.0744204060303656
2023-08-19,-0.07437944902128406
2023-08-20,-0.07438381620032423
2023-08-21,-0.07135059432247078
2023-08-22,-0.06402454022324848
2023-08-23,-0.04860906825408647
2023-08-24,-0.05108291340672074
2023-08-25,-0.050812069787925886
2023-08-26,-0.05081757230939299
2023-08-27,-0.05082307220355561
2023-08-28,-0.049323472140900236
2023-08-29,-0.05424345027118401
2023-08-30,-0.05742486555572379
2023-08-31,-0.057209435806160704
2023-09-01,-0.058750582823291896
2023-09-02,-0.058755501348203655
2023-09-03,-0.05876041737877765
2023-09-04,-0.05876533091636915
2023-09-05,-0.05835139874322148
2023-09-06,-0.05705114613660437
2023-09-07,-0.059521514715231816
2023-09-08,-0.05929239955934288
2023-09-09,-0.059297255218595225
2023-09-10,-0.05930210839774978
2023-09-11,-0.0475410542820747
2023-09-12,-0.04718906013700793
2023-09-13,-0.047360144311986284
2023-09-14,-0.04521888070729877
2023-09-15,-0.04525165170140866
2023-09-16,-0.04525717577543568
2023-09-17,-0.04526269727339716
2023-09-18,-0.04515927033377135
2023-09-19,-0.04460806717113708
2023-09-20,-0.0442484176624545
2023-09-21,-0.04531057071773977
2023-09-22,-0.04531439653829139
2023-09-23,-0.04530907230287592
2023-09-24,-0.04531448208709025
2023-09-25,-0.045572401753246915
2023-09-26,-0.042943299569380956
2023-09-27,-0.03765806068174826
2023-09-28,-0.0395055105277089
2023-09-29,-0.04349919073658611
2023-09-30,-0.04350438115749992
2023-10-01,-0.043509569201341226
2023-10-02,-0.04350713920653274
2023-10-03,-0.044140909907513924
2023-10-04,-0.0444823030710465
2023-10-05,-0.04396256974379779
2023-10-06,-0.04397097344557832
2023-10-07,-0.043976186712436194
2023-10-08,-0.04398139757874205
2023-10-09,-0.044024751293663754
2023-10-10,-0.04073820604773933
2023-10-11,-0.04075316120914311
2023-10-12,-0.03757419786039725
2023-10-13,-0.037511725431185604
2023-10-14,-0.03751721407996186
2023-10-15,-0.03752270030418344
2023-10-16,-0.0374902250342373
2023-10-17,-0.039147380653637466
2023-10-18,-0.04167916161781834
2023-10-19,-0.04265421294626637
2023-10-20,-0.042850686150088246
2023-10-21,-0.04282346674226604
2023-10-22,-0.042828775498818104
2023-10-23,-0.04387635182948587
2023-10-24,-0.012231740719096088
2023-10-25,0.0030969520044034082
2023-10-26,0.008472630323838418
2023-10-27,-0.02945987911273318
2023-10-28,-0.029303435975907455
2023-10-29,-0.029313211695970565
2023-10-30,-0.0268097819280384
2023-10-31,0.01889559841868042
2023-11-01,0.017452009712688527
2023-11-02,0.07377398276406544
2023-11-03,0.05569676698966919
2023-11-04,0.05283062633890612
2023-11-05,0.05282039986179654
2023-11-06,0.04633119875370273
2023-11-07,0.05795104092698652
2023-11-08,0.06270458066640076
2023-11-09,0.0632083930326961
2023-11-10,0.07641411226881324
2023-11-11,0.07645371656130336
2023-11-12,0.07644332485457517
2023-11-13,0.07412997568022328
2023-11-14,0.06632662677684446
2023-11-15,0.06537581552899148
2023-11-16,0.058107411783265984
2023-11-17,0.05657296923280475
2023-11-18,0.05648419515144184
2023-11-19,0.05647661291288578
2023-11-20,0.058060741340135835
2023-11-21,0.06182330960387546
2023-11-22,0.0608648213149362
2023-11-23,0.06090495303203591
2023-11-24,0.06089387634328295
2023-11-25,0.06088574407177957
2023-11-26,0.06087761409584014
2023-11-27,0.06137713058029807
2023-11-28,0.06198678120786775
2023-11-29,0.0636337687070036
2023-11-30,0.06654176071666766
2023-12-01,0.06663556703937529
2023-12-02,0.0666272128504839
2023-12-03,0.06661886099269028
2023-12-04,0.06625687361277598
2023-12-05,0.07531914435516011
2023-12-06,0.07105213689311646
2023-12-07,0.0683672419260814
2023-12-08,0.06843154216237979
2023-12-09,0.06845250007439001
2023-12-10,0.0684439208195486
2023-12-11,0.06788438091420773
2023-12-12,0.06550623221905362
2023-12-13,0.06777716863726231
2023-12-14,0.06866967260549399
2023-12-15,0.06616844328574385
2023-12-16,0.06616029814543552
2023-12-17,0.0661521552670843
2023-12-18,0.06500807026239425
2023-12-19,0.06978868138120935
2023-12-20,0.06216770093890885
2023-12-21,0.06604357796499614
2023-12-22,0.06604100303776562
2023-12-23,0.06606142138758969
2023-12-24,0.0660535567294356
2023-12-25,0.06604569423356603
2023-12-26,0.06604469207912213
2023-12-27,0.06618594876080824
2023-12-28,0.06616523494869701
2023-12-29,0.06600836753572314
2023-12-30,0.06600172317419369
2023-12-31,0.06599388310094671
2024-01-01,0.06598604517960792
2024-01-02,0.06598119989508479
2024-01-03,0.06573493913028207
2024-01-04,0.06286347197935215
2024-01-05,0.06259123404866995
2024-01-06,0.06258367808722587
2024-01-07,0.0625761241990666
2024-01-08,0.0628792868780077
2024-01-09,0.06157716261429239
2024-01-10,0.061557781480100604
2024-01-11,0.06302879514930428
2024-01-12,0.0659644308555067
2024-01-13,0.06595660681117178
2024-01-14,0.06594878492281737
2024-01-15,0.06594081808067043
2024-01-16,0.06580643682519631
2024-01-17,0.06508741284606122
2024-01-18,0.06480622935149154
2024-01-19,0.06694983820613427
2024-01-20,0.06694215318560008
2024-01-21,0.0669344702425555
2024-01-22,0.0669790381585415
2024-01-23,0.04222098218236755
2024-01-24,0.05411892648064901
2024-01-25,0.04038529991501353
2024-01-26,0.041680313077533726
2024-01-27,0.04152034459992552
2024-01-28,0.04151606398546126
2024-01-29,0.041742074226974145
2024-01-30,-0.17844582729570976
2024-01-31,-0.18380542494946728
2024-02-01,-0.1881003666807434
2024-02-02,-0.18641413380414626
2024-02-03,-0.18639570622457757
2024-02-04,-0.18637728443574822
2024-02-05,-0.19372097022277004
2024-02-06,-0.2550511056430093
2024-02-07,-0.2722448872116476
2024-02-08,-0.28742957130558466
2024-02-09,-0.2842050253920619
2024-02-10,-0.2841718107701974
2024-02-11,-0.28413860762733173
2024-02-12,-0.2843695828919939
2024-02-13,-0.2897067673425741
2024-02-14,-0.29501175807535074
2024-02-15,-0.3062798134792648
2024-02-16,-0.3048845571276714
2024-02-17,-0.30463383304628056
2024-02-18,-0.3045966490019902
2024-02-19,-0.3040531773424888
2024-02-20,-0.29187925844388174
2024-02-21,-0.2583168603471536
2024-02-22,-0.27561425573331927
2024-02-23,-0.2753123860757752
2024-02-24,-0.2769465949602968
2024-02-25,-0.2769130148127077
2024-02-26,-0.2744092000175934
2024-02-27,-0.2821573609978865
2024-02-28,-0.2774535230093432
2024-02-29,-0.27855028555358385
2024-03-01,-0.2777143839948777
2024-03-02,-0.2775609487598125
2024-03-03,-0.2775264943765006
2024-03-04,-0.2807040298686012
2024-03-05,-0.27768849782366256
2024-03-06,-0.27521318470579265
2024-03-07,-0.3059443429720007
2024-03-08,-0.3046177545492232
2024-03-09,-0.3044893926183005
2024-03-10,-0.3044514698006637
2024-03-11,-0.30364367984814905
2024-03-12,-0.3043567535749094
2024-03-13,-0.30517643070817974
2024-03-14,-0.31066928317672343
2024-03-15,-0.30790599224886334
2024-03-16,-0.307861114251101
2024-03-17,-0.3078222299487204
2024-03-18,-0.3077378191242806
2024-03-19,-0.30825474393437274
2024-03-20,-0.3073975508772682
2024-03-21,-0.31628173270683024
2024-03-22,-0.316014429810556
2024-03-23,-0.3159270841004684
2024-03-24,-0.31588784829625555
2024-03-25,-0.3160536114282009
2024-03-26,-0.3148119606973114
2024-03-27,-0.3147167669571785
2024-03-28,-0.31177848182758366
2024-03-29,-0.3113868161138605
2024-03-30,-0.3109956223000199
2024-03-31,-0.3109569038462963
2024-04-01,-0.3116730636893123
2024-04-02,-0.3109983978515845
2024-04-03,-0.30969144154181394
2024-04-04,-0.3105545109754387
2024-04-05,-0.31064326977271
2024-04-06,-0.31060464798203485
2024-04-07,-0.31056604015818123
2024-04-08,-0.31055869537022474
2024-04-09,-0.3103649162505932
2024-04-10,-0.3122961071706334
2024-04-11,-0.310957716985586
2024-04-12,-0.31117021800620853
2024-04-13,-0.31113146189710267
2024-04-14,-0.3110927197935183
2024-04-15,-0.3110435870028377
2024-04-16,-0.2990317259834137
2024-04-17,-0.2959291763976703
2024-04-18,-0.2990682450991982
2024-04-19,-0.2983624881455332
2024-04-20,-0.2983272148909365
2024-04-21,-0.2982919541520636
2024-04-22,-0.2976669386621663
2024-04-23,-0.29031158231375637
2024-04-24,-0.30592889166643855
2024-04-25,-0.34223757486812567
2024-04-26,-0.33906910945195684
2024-04-27,-0.33871380064399087
2024-04-28,-0.33867592867544866
2024-04-29,-0.3425114008079859
2024-04-30,-0.3264012276178007
2024-05-01,-0.363913412832094
2024-05-02,-0.42190902252980406
2024-05-03,-0.4252276779850308
2024-05-04,-0.4453075044891006
2024-05-05,-0.44532937313553056
2024-05-06,-0.4351090465659777
2024-05-07,-0.45431550842827456
2024-05-08,-0.46158606048584533
2024-05-09,-0.4475088383385975
2024-05-10,-0.445422812454815
2024-05-11,-0.44472347870037265
2024-05-12,-0.4446693720723507
2024-05-13,-0.44531016442680627
2024-05-14,-0.4328295768989218
2024-05-15,-0.4453395626519962
2024-05-16,-0.451354302294444
2024-05-17,-0.45065837859725183
2024-05-18,-0.4505991086584213
2024-05-19,-0.45054710928628144
2024-05-20,-0.4535242236380231
2024-05-21,-0.4594382538270621
2024-05-22,-0.4462165904666608
2024-05-23,-0.4482180989852124
2024-05-24,-0.4479007753862884
2024-05-25,-0.4478483732699751
2024-05-26,-0.44779598903163614
2024-05-27,-0.4477436226613635
2024-05-28,-0.44727471852454276
2024-05-29,-0.4436724106585869
2024-05-30,-0.4417960539153425
2024-05-31,-0.44184446854721343
2024-06-01,-0.4417927058851759
2024-06-02,-0.4417409608756624
2024-06-03,-0.44251675398096474
2024-06-04,-0.44390498377350324
2024-06-05,-0.447142256289581
2024-06-06,-0.44872641424508375
2024-06-07,-0.44827693794876233
2024-06-08,-0.44816843821700103
2024-06-09,-0.44811591695196
2024-06-10,-0.4484059979200836
2024-06-11,-0.4510184441383573
2024-06-12,-0.45310823056509864
2024-06-13,-0.45123940540274293
2024-06-14,-0.45102660002778044
2024-06-15,-0.4509698272256793
2024-06-16,-0.4509166729745453
2024-06-17,-0.45202994474553587
2024-06-18,-0.452328867178023
2024-06-19,-0.45220666507984236
2024-06-20,-0.45998464661172095
2024-06-21,-0.46039653104308126
2024-06-22,-0.4603418981806609
2024-06-23,-0.46028728426590987
2024-06-24,-0.46056553473402184
2024-06-25,-0.46072858252398224
2024-06-26,-0.4620163031796052
2024-06-27,-0.4599457515150986
2024-06-28,-0.45954665038668957
2024-06-29,-0.4594920882009396
2024-06-30,-0.45943754494315936
2024-07-01,-0.4592368039763848
2024-07-02,-0.45847083592379856
2024-07-03,-0.45774952177038486
2024-07-04,-0.4576953315151003
2024-07-05,-0.457640055719622
2024-07-06,-0.4575859030311455
2024-07-07,-0.4575317690716689
2024-07-08,-0.45740190775282247
2024-07-09,-0.45755588254418567
2024-07-10,-0.4575239362149248
2024-07-11,-0.45832444491514684
2024-07-12,-0.45841019891671464
2024-07-13,-0.4584458809073079
2024-07-14,-0.4583918167244167
2024-07-15,-0.4583379708629241
2024-07-16,-0.45880290998221546
2024-07-17,-0.46911857296743764
2024-07-18,-0.46794163009958795
2024-07-19,-0.4650164286105504
2024-07-20,-0.464307413676534
2024-07-21,-0.46425154456276935
2024-07-22,-0.4753421852192902
2024-07-23,-0.5066547284855191
2024-07-24,-0.5225857222694521
2024-07-25,-0.5699015391593788
2024-07-26,-0.5769278133011265
2024-07-27,-0.5768496049925207
2024-07-28,-0.5767714281002763
2024-07-29,-0.5754828108648778
2024-07-30,-0.5852036264189838
2024-07-31,-0.6106759540801187
2024-08-01,-0.6020846347313719
2024-08-02,-0.6008759756668803
2024-08-03,-0.5511991814176036
2024-08-04,-0.5511251039319204
2024-08-05,-0.548858158335926
2024-08-06,-0.5639494589245344
2024-08-07,-0.585955289275267
2024-08-08,-0.5964228098799466
2024-08-09,-0.6023701905156896
2024-08-10,-0.6011645973625045
2024-08-11,-0.6010765041243186
2024-08-12,-0.5990267856246466
2024-08-13,-0.6050747580526242
2024-08-14,-0.6033793221612235
2024-08-15,-0.6063673541185587
2024-08-16,-0.6064439796189686
2024-08-17,-0.6064470551066089
2024-08-18,-0.6063587160945819
2024-08-19,-0.6017618248141204
2024-08-20,-0.5974812862655265
2024-08-21,-0.5991084599740164
2024-08-22,-0.6054725361697821
2024-08-23,-0.6052612423741928
2024-08-24,-0.6051729194254388
2024-08-25,-0.6050846354682925
2024-08-26,-0.6050054335758331
2024-08-27,-0.5963312231912725
2024-08-28,-0.5886872987117345
2024-08-29,-0.5930973130390038
2024-08-30,-0.5927661965732786
2024-08-31,-0.5926809838075232
2024-09-01,-0.5925958082262841
2024-09-02,-0.5925106698026995
2024-09-03,-0.594689770958681
2024-09-04,-0.5942266338371133
2024-09-05,-0.6023311374686838
2024-09-06,-0.6020882430786186
2024-09-07,-0.6019994045422092
2024-09-08,-0.6019106058331828
2024-09-09,-0.6029680921299866
2024-09-10,-0.5944322659450371
2024-09-11,-0.5942742547316479
2024-09-12,-0.5957950676431613
2024-09-13,-0.5955805213975554
2024-09-14,-0.5955130770494699
2024-09-15,-0.5954264604394027
2024-09-16,-0.5953693711386262
2024-09-17,-0.5947302545107199
2024-09-18,-0.5943335933469628
2024-09-19,-0.5961463613361825
2024-09-20,-0.595995830451777
2024-09-21,-0.5959092236482648
2024-09-22,-0.5958226550354974
2024-09-23,-0.5957776329679818
2024-09-24,-0.5950849601305636
2024-09-25,-0.6008830942993196
2024-09-26,-0.6065010375854157
2024-09-27,-0.6065355538788177
2024-09-28,-0.6064337868679817
2024-09-29,-0.6063449621657736
2024-09-30,-0.6025193113511816
2024-10-01,-0.6031186239728558
2024-10-02,-0.6026563819965971
2024-10-03,-0.6036135481611539
2024-10-04,-0.6028054001355598
2024-10-05,-0.6026364621261617
2024-10-06,-0.602548293238097
2024-10-07,-0.6024359360262822
2024-10-08,-0.6036146588536261
2024-10-09,-0.6034219472814233
2024-10-10,-0.6032886434052042
2024-10-11,-0.6032948384095824
2024-10-12,-0.6032507881284089
2024-10-13,-0.6031629745702016
2024-10-14,-0.6030752000053703
2024-10-15,-0.6099267959257162
2024-10-16,-0.6052707770493053
2024-10-17,-0.6045611733768494
2024-10-18,-0.603184154773316
2024-10-19,-0.6030946407678403
2024-10-20,-0.60300516727395
2024-10-21,-0.6057511279859376
2024-10-22,-0.5911209092128665
2024-10-23,-0.6000735152053506
2024-10-24,-0.5803394147709108
2024-10-25,-0.5786785238209999
2024-10-26,-0.5781487911232156
2024-10-27,-0.5780630666599085
2024-10-28,-0.5734712675185927
2024-10-29,-0.6057937033047694
2024-10-30,-0.5954366974769351
2024-10-31,-0.594635135721343
2024-11-01,-0.5973799248018979
2024-11-02,-0.5785237103189114
2024-11-03,-0.5784381549403107
2024-11-04,-0.580617884662843
2024-11-05,-0.5744094415049686
2024-11-06,-0.5928977181379503
2024-11-07,-0.590805488258951
2024-11-08,-0.5899860789171281
2024-11-09,-0.589704334703911
2024-11-10,-0.5896232065545886
2024-11-11,-0.5900396617540159
2024-11-12,-0.5794726441176304
2024-11-13,-0.5635354431716358
2024-11-14,-0.56801333606398
2024-11-15,-0.5650994466634282
2024-11-16,-0.5649821703521778
2024-11-17,-0.5648913583971916
2024-11-18,-0.5645472609395196
2024-11-19,-0.5590609791733461
2024-11-20,-0.5490926820252849
2024-11-21,-0.551824175946667
2024-11-22,-0.5515280106798204
2024-11-23,-0.5514405583674089
2024-11-24,-0.5513531468971546
2024-11-25,-0.5523931135096231
2024-11-26,-0.551392894705525
2024-11-27,-0.5522159572398616
2024-11-28,-0.5521304305123896
2024-11-29,-0.5522047920965107
2024-11-30,-0.5520467882935467
2024-12-01,-0.5519607135434482
2024-12-02,-0.551608571561316
2024-12-03,-0.5520160751085008
2024-12-04,-0.5477210961428521
2024-12-05,-0.5163324978367104
2024-12-06,-0.5175710196573634
2024-12-07,-0.5173689548153324
2024-12-08,-0.5172875526969974
2024-12-09,-0.5140099618684033
2024-12-10,-0.5149426211267808
2024-12-11,-0.5178924331459377
2024-12-12,-0.5181885673659897
2024-12-13,-0.5181700893564697
2024-12-14,-0.518088216773878
2024-12-15,-0.518006381955436
2024-12-16,-0.5178744672946299
2024-12-17,-0.5171463171198546
2024-12-18,-0.5133975754663068
2024-12-19,-0.5025765760147841
2024-12-20,-0.5037173147208088
2024-12-21,-0.5036399645381932
2024-12-22,-0.5035626489681151
2024-12-23,-0.5036368462427149
2024-12-24,-0.5035344634981275
2024-12-25,-0.5034572164112112
2024-12-26,-0.5033423741346658
2024-12-27,-0.5034434739962904
2024-12-28,-0.5033662883207807
2024-12-29,-0.503289137134351
2024-12-30,-0.5030900330398355
2024-12-31,-0.5030668982244105
2025-01-01,-0.5028387131012081
2025-01-02,-0.5027163379492435
2025-01-03,-0.5026826244141495
2025-01-04,-0.5026057313177585
2025-01-05,-0.5025288725051217
2025-01-06,-0.5033771323428483
2025-01-07,-0.5026219911943114
2025-01-08,-0.5020039082371238
2025-01-09,-0.5019282876552218
2025-01-10,-0.5041378122346037
2025-01-11,-0.504107251816848
2025-01-12,-0.5040305151371219
2025-01-13,-0.5039457460003798
2025-01-14,-0.5035375791694864
2025-01-15,-0.500193532784892
2025-01-16,-0.5005729389931544
2025-01-17,-0.5004938634083177
2025-01-18,-0.5004178040762833
2025-01-19,-0.50034177839313
2025-01-20,-0.5002040063840795
2025-01-21,-0.4981247665886137
2025-01-22,-0.4678530030057149
2025-01-23,-0.4753134296426347
2025-01-24,-0.4752767994708443
2025-01-25,-0.4752073925330209
2025-01-26,-0.4751380153054003
2025-01-27,-0.4775883537123851
2025-01-28,-0.4539127377806523
2025-01-29,-0.31650311062562636
2025-01-30,-0.324549442195042
2025-01-31,-0.3436451550357457
2025-02-01,-0.3436055251499841
2025-02-02,-0.3435659094602077
2025-02-03,-0.3428688996999461
2025-02-04,-0.27363088135868924
2025-02-05,-0.25415901523524037
2025-02-06,-0.3176053176188179
2025-02-07,-0.32226807924289774
2025-02-08,-0.3204140470642206
2025-02-09,-0.3203499944027962
2025-02-10,-0.3258002993018228
2025-02-11,-0.32874570988170915
2025-02-12,-0.32533096969197056
2025-02-13,-0.3387290021042169
2025-02-14,-0.34293472659378144
2025-02-15,-0.34289096392293184
2025-02-16,-0.34284724691205604
2025-02-17,-0.34434012971288563
2025-02-18,-0.350838152467768
2025-02-19,-0.3537054337855318
2025-02-20,-0.34253344091938026
2025-02-21,-0.33890133263724537
2025-02-22,-0.34909909185539223
2025-02-23,-0.3490528461121937
2025-02-24,-0.3467701777870878
2025-02-25,-0.3480734199695154
2025-02-26,-0.3454673095330471
2025-02-27,-0.36251254899159385
2025-02-28,-0.35658764300745593
2025-03-01,-0.3566356496366379
2025-03-02,-0.3565891965892665
2025-03-03,-0.35404913818507655
2025-03-04,-0.35113333291791426
2025-03-05,-0.34880960721998244
2025-03-06,-0.3477789181456578
2025-03-07,-0.35009731425563073
2025-03-08,-0.35005199924148345
2025-03-09,-0.3500067023756186
2025-03-10,-0.34301507892793737
2025-03-11,-0.34290797523121985
2025-03-12,-0.33853850022332505
2025-03-13,-0.33666007980185225
2025-03-14,-0.33687363419525695
2025-03-15,-0.3367154791506684
2025-03-16,-0.33667208460385645
2025-03-17,-0.33730070943230084
2025-03-18,-0.33603033412347844
2025-03-19,-0.3399840329209331
2025-03-20,-0.3382722685024497
2025-03-21,-0.33854678968145796
2025-03-22,-0.3384656090085582
2025-03-23,-0.33842195989339013
2025-03-24,-0.3385160497771172
2025-03-25,-0.3366555823432169
2025-03-26,-0.33513544611955504
2025-03-27,-0.3357943526382287
2025-03-28,-0.33466353049605263
2025-03-29,-0.33450293404842046
2025-03-30,-0.3344614147488077
2025-03-31,-0.3344466116925194
2025-04-01,-0.33465251429479287
2025-04-02,-0.33234888722683575
2025-04-03,-0.33387847890061245
2025-04-04,-0.3339967584840502
2025-04-05,-0.3339540745793113
2025-04-06,-0.33391140752549847
2025-04-07,-0.3339678834306019
2025-04-08,-0.3332188636726055
2025-04-09,-0.3352588276885071
2025-04-10,-0.33491883847052967
2025-04-11,-0.33488496716829746
2025-04-12,-0.3348420937899641
2025-04-13,-0.334799237376705
2025-04-14,-0.3349539944901451
2025-04-15,-0.30409467802822826
2025-04-16,-0.311613885563975
2025-04-17,-0.31455476338909677
2025-04-18,-0.3145058044302168
2025-04-19,-0.31446548830920096
2025-04-20,-0.3144251881504355
2025-04-21,-0.3144125009903145
2025-04-22,-0.34032931948004536
2025-04-23,-0.36468758527810374
2025-04-24,-0.34198756534008945
2025-04-25,-0.34634954140100116
2025-04-26,-0.3470126115612156
2025-04-27,-0.3469660285427299
2025-04-28,-0.34317835922565765
2025-04-29,-0.31131662732722937
2025-04-30,-0.3231804004588913
2025-05-01,-0.33714733766056204
2025-05-02,-0.3427520957425349
2025-05-03,-0.3590027487507205
2025-05-04,-0.35895749611534283
2025-05-05,-0.3577893156012762
2025-05-06,-0.35911660189432243
2025-05-07,-0.35276407385709313
2025-05-08,-0.36391780242939825
2025-05-09,-0.3617330700453025
2025-05-10,-0.36162566711963945
2025-05-11,-0.36208758867762625
2025-05-12,-0.3635755894863404
2025-05-13,-0.36702526558873405
2025-05-14,-0.36592916095061473
2025-05-15,-0.36771959312671293
2025-05-16,-0.36751975305784207
2025-05-17,-0.3674719687783583
2025-05-18,-0.3674242044911355
2025-05-19,-0.3674252245318847
2025-05-20,-0.3651786267053467
2025-05-21,-0.3727452142566117
2025-05-22,-0.3707196546650497
2025-05-23,-0.36810330410862563
2025-05-24,-0.36805093807518974
2025-05-25,-0.3680034880981757
2025-05-26,-0.3679560579137379
2025-05-27,-0.3654960680262369
2025-05-28,-0.3416805942299705
2025-05-29,-0.33416248763091905
2025-05-30,-0.3341417724388999
2025-05-31,-0.3340921378879052
2025-06-01,-0.33404787972994304
2025-06-02,-0.3347960244678046
2025-06-03,-0.33631263144298035
2025-06-04,-0.33753159982674724
2025-06-05,-0.3305551940285992
2025-06-06,-0.3302832150995335
2025-06-07,-0.33023946678257615
2025-06-08,-0.33019573667348523
2025-06-09,-0.3301505710389842
2025-06-10,-0.3257513615579503
2025-06-11,-0.3371704196217085
2025-06-12,-0.34116058313983855
2025-06-13,-0.34102429710690224
2025-06-14,-0.3409795912629196
2025-06-15,-0.340934904124037
2025-06-16,-0.34068141494191706
2025-06-17,-0.3406454975118254
2025-06-18,-0.340820184547397
2025-06-19,-0.3407754742872726
2025-06-20,-0.33665542007025895
2025-06-21,-0.33661114125507924
2025-06-22,-0.3365668810304134
2025-06-23,-0.33596418998026795
2025-06-24,-0.3351420839695271
2025-06-25,-0.3300235560056544
2025-06-26,-0.33260449536877085
2025-06-27,-0.3254863292714589
2025-06-28,-0.32544474747980706
2025-06-29,-0.3254026006198033
2025-06-30,-0.32558645273449627
2025-07-01,-0.3259741954068026
2025-07-02,-0.32590567634925144
2025-07-03,-0.32585548924823887
2025-07-04,-0.3258133655465913
2025-07-05,-0.3257712591443174
2025-07-06,-0.32572917002955076
2025-07-07,-0.3257151001916143
2025-07-08,-0.32562580760502957
2025-07-09,-0.3260525358812114
2025-07-10,-0.3252327176170135
2025-07-11,-0.3252072323842882
2025-07-12,-0.3251654220799854
2025-07-13,-0.32512362891563235
2025-07-14,-0.32518374645559067
2025-07-15,-0.32615964781394535
2025-07-16,-0.3734418747845716
2025-07-17,-0.36125141865613847
2025-07-18,-0.3609583115139179
2025-07-19,-0.3609126463543388
2025-07-20,-0.36086699992875415
2025-07-21,-0.36214133217671723
2025-07-22,-0.3417276684131532
2025-07-23,-0.3183029243292415
2025-07-24,-0.3066143569499653
2025-07-25,-0.31183867722031294
2025-07-26,-0.3117986833763034
2025-07-27,-0.311758706357063
2025-07-28,-0.31094094304789405
2025-07-29,-0.3147149925166194
2025-07-30,-0.33373041315745877
2025-07-31,-0.2729121473365106
2025-08-01,-0.2565919079418202
2025-08-02,-0.2759544869244406
2025-08-03,-0.2759196890846355
2025-08-04,-0.27131743092774313
2025-08-05,-0.2482498763300082
2025-08-06,-0.2255171938391183
2025-08-07,-0.225286515391927
2025-08-08,-0.2232261755082113
2025-08-09,-0.22442211231583006
2025-08-10,-0.22460451148018987
2025-08-11,-0.21923110025855563
2025-08-12,-0.2284505165504768
2025-08-13,-0.22481956589757332
2025-08-14,-0.23378707225352016
2025-08-15,-0.2337350749729403
2025-08-16,-0.23375901275231095
2025-08-17,-0.23372601259444548
2025-08-18,-0.23429797827031176
2025-08-19,-0.21676838504272142
2025-08-20,-0.21434597664833022
2025-08-21,-0.21338329746542006
2025-08-22,-0.21242935238993751
2025-08-23,-0.21238851078717005
2025-08-24,-0.2123572655659948
2025-08-25,-0.21513549650478067
2025-08-26,-0.21361860417994624
2025-08-27,-0.18992361084212558
2025-08-28,-0.18398609223510468
2025-08-29,-0.18350879058206018
2025-08-30,-0.18348045554576034
2025-08-31,-0.1834521343419506
2025-09-01,-0.18342382696010248
2025-09-02,-0.1779575201691497
2025-09-03,-0.18117559648244455
2025-09-04,-0.1653542031204176
2025-09-05,-0.16388512480315745
2025-09-06,-0.16385771042318456
2025-09-07,-0.1638303095605593
2025-09-08,-0.16358293246662878
2025-09-09,-0.1997768253444219
2025-09-10,-0.1994294224735684
2025-09-11,-0.20050883737867817
2025-09-12,-0.1993229361579959
2025-09-13,-0.19929277625315767
2025-09-14,-0.19926263106495046
2025-09-15,-0.19906897677022373
2025-09-16,-0.1984769067859747
2025-09-17,-0.19752314657618655
2025-09-18,-0.19474795822863578
2025-09-19,-0.19479862212157018
2025-09-20,-0.19476881530083057
2025-09-21,-0.19473902305186883
2025-09-22,-0.19479692819871727
2025-09-23,-0.19226953310788655
2025-09-24,-0.1911957634371054
2025-09-25,-0.18619137693222695
2025-09-26,-0.1861371818775722
2025-09-27,-0.18610801190315593
2025-09-28,-0.1860788562928751
2025-09-29,-0.1840304160069136
2025-09-30,-0.18253772830423234
2025-10-01,-0.18267836244416613
2025-10-02,-0.18264603876608776
2025-10-03,-0.18261368662325503
2025-10-04,-0.18258523976304777
2025-10-05,-0.18255680688905485
2025-10-06,-0.18240664365701267
2025-10-07,-0.18279386626880775
2025-10-08,-0.18263841653813198
2025-10-09,-0.1809254823188463
2025-10-10,-0.1800887753605267
2025-10-11,-0.18006106583071116
2025-10-12,-0.18003336978171394
2025-10-13,-0.1799808760034984
2025-10-14,-0.16597178996526665
2025-10-15,-0.16773132041145408
2025-10-16,-0.1655683985063953
2025-10-17,-0.1647141291822499
2025-10-18,-0.16468762861181738
2025-10-19,-0.1646611409623148
2025-10-20,-0.16495279633062074
2025-10-21,-0.15221923669414728
2025-10-22,-0.13425064290855393
2025-10-23,-0.09332291110578621
2025-10-24,-0.09644653467025337
2025-10-25,-0.09642833300630427
2025-10-26,-0.09640813756571025
2025-10-27,-0.09471165183231611
2025-10-28,-0.10117513599786414
2025-10-29,-0.09704289040736554
2025-10-30,-0.09175003564966792
2025-10-31,-0.06477846699800478
2025-11-01,-0.056257950191641225
2025-11-02,-0.05624509373363703
2025-11-03,-0.0522198167649777
2025-11-04,-0.016119517173217652
2025-11-05,0.0003744456084110448
2025-11-06,0.025900533173823275
2025-11-07,0.02429353563433989
2025-11-08,0.026161601477552754
2025-11-09,0.026016839093114252
2025-11-10,0.02960560422024468
2025-11-11,0.04438185063993039
2025-11-12,0.03633062152530986
2025-11-13,0.03418576872754853
2025-11-14,0.035836325939562465
2025-11-15,0.03628549044647004
2025-11-16,0.03629130799315446
2025-11-17,0.03618096091369375
2025-11-18,0.03460114010405221
2025-11-19,0.05069770664291584
2025-11-20,0.043656160031548485
2025-11-21,0.04033948582437685
2025-11-22,0.04034470123349224
2025-11-23,0.040349912989928884
2025-11-24,0.035832135029514954
2025-11-25,0.03551378301845424
2025-11-26,0.035172786800412394
2025-11-27,0.0351780932352331
2025-11-28,0.035139197636056
2025-11-29,0.03514450067655658
2025-11-30,0.035149800103335314
2025-12-01,0.03851146550662502
2025-12-02,0.043886553736727785
2025-12-03,0.036125231774258304
2025-12-04,0.010034865857387628
2025-12-05,0.01028400249006948
2025-12-06,0.01028999539803562
2025-12-07,0.01029598470108791
2025-12-08,0.010372910207444241
2025-12-09,0.009896341332702896
2025-12-10,0.024185937199847334
2025-12-11,0.03921658292022671
2025-12-12,0.0391802811977305
2025-12-13,0.0391827317070312
2025-12-14,0.039185180076618496
2025-12-15,0.03965571521022674
2025-12-16,0.04078037170914554
2025-12-17,0.04066346891530215
2025-12-18,0.028859481759150613
2025-12-19,0.026165105811299678
2025-12-20,0.026399062570395
2025-12-21,0.02640203437193493
2025-12-22,0.026580978776067427
2025-12-23,0.027064782765591395
2025-12-24,0.02710134362345092
2025-12-25,0.027104268960582156
2025-12-26,0.027107192090125243
2025-12-27,0.027110113013777932
2025-12-28,0.027113031733235576
2025-12-29,0.027117239670111593
2025-12-30,0.026995411372234972
2025-12-31,0.0269837309632871
2026-01-01,0.026986649630376298
2026-01-02,0.026989566099141344
2026-01-03,0.026992480371269445
2026-01-04,0.026995392448447064
2026-01-05,0.026998302332359225
2026-01-06,0.027127217425022592
2026-01-07,0.031015224961123262
2026-01-08,0.0378870637917742
2026-01-09,0.03788677898920626
2026-01-10,0.037888863053770185
2026-01-11,0.03789094521519284
2026-01-12,0.03789299412379584
2026-01-13,0.03943595587637979
2026-01-14,0.034086220552971835
2026-01-15,0.034260935936110015
2026-01-16,0.034262441397632605
2026-01-17,0.03426481665640713
2026-01-18,0.03426718991223684
2026-01-19,0.034240368130323974
2026-01-20,0.029774208689117326
2026-01-21,0.020249432997890986
2026-01-22,0.04990531305553433
2026-01-23,0.050246765375522785
2026-01-24,0.050248122847706966
2026-01-25,0.049858218977038425
2026-01-26,0.05807140463944186
2026-01-27,0.05646749766746569
2026-01-28,0.14815301903479047
2026-01-29,0.21775083698623457
2026-01-30,0.23744993264944195
2026-01-31,0.24300853085800878
2026-02-01,0.24299066612912468
2026-02-02,0.23783224276648549
2026-02-03,0.21418284473259933
2026-02-04,0.2992946538382732
2026-02-05,0.34512952088422777
2026-02-06,0.3459702429739826
2026-02-07,0.3459493685349566
2026-02-08,0.3458391636548151
2026-02-09,0.34111026632563046
2026-02-10,0.31515744099052473
2026-02-11,0.30970392513781575
2026-02-12,0.311329939476601
2026-02-13,0.3187983004684155
2026-02-14,0.3184481028876329
2026-02-15,0.31843239347710506
2026-02-16,0.3191409617124183
2026-02-17,0.3050414076228657
2026-02-18,0.3174857776299661
2026-02-19,0.3228517316792258
2026-02-20,0.3255596373834455
2026-02-21,0.3253509328655781
2026-02-22,0.3253366789061366
2026-02-23,0.328448336933786
2026-02-24,0.33871495593612916
2026-02-25,0.33406395411147005
2026-02-26,0.35432956169165664
2026-02-27,0.35640906550501733
2026-02-28,0.3204084387081954
2026-03-01,0.3203930306897383
2026-03-02,0.323168557988544
2026-03-03,0.3337253355036032
2026-03-04,0.3362827142175826
2026-03-05,0.3448503767643707
2026-03-06,0.34477551330641143
2026-03-07,0.34470239187049917
2026-03-08,0.3446852260736155
2026-03-09,0.3463274022184377
2026-03-10,0.4128161631759104
2026-03-11,0.395664062603613
2026-03-12,0.3973626779797382
2026-03-13,0.39730935238768605
2026-03-14,0.39732661478535897
2026-03-15,0.39732474150760994
2026-03-16,0.3977404827650055
2026-03-17,0.3981357424247012
2026-03-18,0.4311655298775585
2026-03-19,0.42496552001662335
2026-03-20,0.42645323341422303
2026-03-21,0.42546964294508555
2026-03-22,0.42544238907571125
2026-03-23,0.4254215632337866
2026-03-24,0.4243405765591371
2026-03-25,0.4273651819739503
2026-03-26,0.4227871733829609
2026-03-27,0.4221798089808207
2026-03-28,0.42231135579952245
2026-03-29,0.4222847140005677
2026-03-30,0.4259516518467139
2026-03-31,0.4296333094784445
2026-04-01,0.42923418358677007
2026-04-02,0.4305787160750804
2026-04-03,0.4305411994592289
2026-04-04,0.4305063819254619
2026-04-05,0.43047832620739834
2026-04-06,0.43043932374653093
2026-04-07,0.4306518340407832
2026-04-08,0.42825038063510873
2026-04-09,0.42790299170350776
2026-04-10,0.42826805554924907
2026-04-11,0.42824048428993616
2026-04-12,0.4282129188962605
2026-04-13,0.4276701981619027
2026-04-14,0.40199576797930964
2026-04-15,0.40075344698002974
2026-04-16,0.4067535834220806
2026-04-17,0.4064966149812559
2026-04-18,0.40647200057654587
2026-04-19,0.40644739091359067
2026-04-20,0.4049139682791047
2026-04-21,0.39911503622715766
2026-04-22,0.377464234352112
2026-04-23,0.40566180165823934
2026-04-24,0.4104577388889538
2026-04-25,0.41043038570619633
2026-04-26,0.4107611026319602
2026-04-27,0.38718920835649967
2026-04-28,0.35272104598529025
2026-04-29,0.447763564008004
2026-04-30,0.4499886699679612
2026-05-01,0.433024033525716
2026-05-02,0.4332455719414172
2026-05-03,0.43321459474775
2026-05-04,0.4381074442655657
2026-05-05,0.46177439242646806
2026-05-06,0.43654950714708846
2026-05-07,0.4487916486710956
2026-05-08,0.43992084625847755
2026-05-09,0.43988761974893603
2026-05-10,0.4390296310792012
2026-05-11,0.43798149869077757
2026-05-12,0.4401107906608693
2026-05-13,0.47020993006894257
2026-05-14,0.47673432398111837
2026-05-15,0.47818036695857685
2026-05-16,0.4781400079634839
2026-05-17,0.47798205583168585
2026-05-18,0.4784573444377636
2026-05-19,0.47620770490953057
2026-05-20,0.5187918416667855
2026-05-21,0.50787113754875
2026-05-22,0.5069347205345477
2026-05-23,0.5068841320461462
2026-05-24,0.5068335619657084
2026-05-25,0.5067830102813934
2026-05-26,0.5066961882920914
2026-05-27,0.4885150889462094
2026-05-28,0.4862137814646923
2026-05-29,0.4861423008715054
2026-05-30,0.48609444681055775
2026-05-31,0.4860582675784328
2026-06-01,0.49225058814819583
2026-06-02,0.4859373358239476
2026-06-03,0.4986158908397765
2026-06-04,0.49914090965401364
2026-06-05,0.49898637459841505
2026-06-06,0.4989358210245299
2026-06-07,0.498885285988599
2026-06-08,0.49960138420601047
2026-06-09,0.5005444344316189
2026-06-10,0.49523290836074163
2026-06-11,0.4963169890435675
2026-06-12,0.4962307422913943
2026-06-13,0.49618102527720515
2026-06-14,0.49613132636036994
2026-06-15,0.495991552159507
2026-06-16,0.49667294568997944
2026-06-17,0.49626496807634285
2026-06-18,0.49445912639516704
2026-06-19,0.49440927737316426
2026-06-20,0.49435944657884495
2026-06-21,0.49430963400044287
2026-06-22,0.4943129019242214
2026-06-23,0.49909331676227087
2026-06-24,0.5367681249620943
2026-06-25,0.534822703314832
2026-06-26,0.5347138446589481
2026-06-27,0.534654979953204
2026-06-28,0.534596138269185
2026-06-29,0.534926164652067
2026-06-30,0.5381829322067658
2026-07-01,0.5379508216675181
2026-07-02,0.5377814921520514
2026-07-03,0.5377221588310889
2026-07-04,0.5376628487840883
2026-07-05,0.5376035619953172
2026-07-06,0.5375450655454972
2026-07-07,0.5373146950015696
2026-07-08,0.5374461470756483
2026-07-09,0.5380557602455477
2026-07-10,0.5381570403965109
2026-07-11,0.5380976750113419
2026-07-12,0.5380383329075372
2026-07-13,0.5379216810922989
2026-07-14,0.5373635883331628
2026-07-15,0.5860452449664906
2026-07-16,0.5697327372752584
2026-07-17,0.5699976453371102
2026-07-18,0.5699328820675421
2026-07-19,0.5698681450960582
2026-07-20,0.5722625815842498
2026-07-21,0.5628612615526712
2026-07-22,0.8751810049156701
2026-07-23,0.8511550294065926
2026-07-24,0.852178803443573
2026-07-25,0.8520314852110188
2026-07-26,0.8525021637343575
2026-07-27,0.8530213640278634
2026-07-28,0.8658863052096027
2026-07-29,0.8594107567583453
2026-07-30,0.8520119207410334
2026-07-31,0.9031734159286859
2026-08-01,0.9036045329613162
2026-08-02,0.9034257793642624
2026-08-03,0.9457529680574037
2026-08-04,0.9649789781103172
2026-08-05,1.0055134596051465
2026-08-06,0.9888453809944958
2026-08-07,0.9910672302153166
2026-08-08,0.9569331201332526
2026-08-09,0.9571754147710578
2026-08-10,0.9431571969285804
2026-08-11,0.9655093222836598
2026-08-12,0.9647545882281306
2026-08-13,0.9769946307255339
2026-08-14,0.9772600670205406
2026-08-15,0.9770138043584481
2026-08-16,0.976767742584609
2026-08-17,0.9761609944161765
2026-08-18,0.9775174586920979
2026-08-19,0.9748829911354852
2026-08-20,0.9803905379605521
2026-08-21,0.9804273005604441
2026-08-22,0.9801797253409487
2026-08-23,0.9799323532389375
2026-08-24,0.9797005030489917
2026-08-25,0.9766876586695847
2026-08-26,1.0792704274657823
2026-08-27,1.0757899026566216
2026-08-28,1.0754663733241865
2026-08-29,1.075175930501893
2026-08-30,1.074885743544063
2026-08-31,1.0747099115374033
2026-09-01,1.0701770116737321
2026-09-02,1.08834355650662
2026-09-03,1.0892442793360024
2026-09-04,1.0888737927584478
2026-09-05,1.0885827943802198
2026-09-06,1.088292051319738
2026-09-07,1.088001563205123
2026-09-08,1.0721333602800251
2026-09-09,1.068015626671376
2026-09-10,1.0758769531788703
2026-09-11,1.0737937935616435
2026-09-12,1.0735126681374074
2026-09-13,1.073231784459329
2026-09-14,1.072607339841083
2026-09-15,1.0724048532872308
2026-09-16,1.0720966124736
2026-09-17,1.0719534045022994
2026-09-18,1.0716736575370127
2026-09-19,1.07139430548759
2026-09-20,1.0711151926708629
2026-09-21,1.0708735162153469
2026-09-22,1.0708605288007924
2026-09-23,1.069921479124847
2026-09-24,1.0709357898784113
2026-09-25,1.0732045891480384
2026-09-26,1.0729237453325242
2026-09-27,1.0726431428101373
2026-09-28,1.072303065836614
2026-09-29,1.0714628630536582
2026-09-30,1.1115557491729786
2026-10-01,1.1146400252536666
2026-10-02,0.7281782887658421
