date,pe_ratio
1975-01-01,6.379616
1975-01-02,6.3872194
1975-01-03,6.3862085
1975-01-04,6.3862085
1975-01-05,6.385359
1975-01-06,6.3851023
1975-01-07,6.384795
1975-01-08,6.3849463
1975-01-09,6.3902645
1975-01-10,6.3920436
1975-01-11,6.3920436
1975-01-12,6.392047
1975-01-13,6.379494
1975-01-14,6.373757
1975-01-15,6.404532
1975-01-16,6.422679
1975-01-17,6.4356365
1975-01-18,6.435546
1975-01-19,6.435592
1975-01-20,6.415303
1975-01-21,6.453222
1975-01-22,6.458036
1975-01-23,6.5387964
1975-01-24,6.591664
1975-01-25,6.591664
1975-01-26,6.591598
1975-01-27,6.692337
1975-01-28,6.7521486
1975-01-29,6.826229
1975-01-30,6.9260416
1975-01-31,7.0190797
1975-02-01,7.0183926
1975-02-02,7.018175
1975-02-03,7.0093603
1975-02-04,6.8671517
1975-02-05,6.904838
1975-02-06,6.9584
1975-02-07,6.9690614
1975-02-08,6.9701266
1975-02-09,6.967475
1975-02-10,6.970115
1975-02-11,6.987359
1975-02-12,7.017336
1975-02-13,7.031473
1975-02-14,7.0294614
1975-02-15,7.0294614
1975-02-16,7.0294337
1975-02-17,7.0295587
1975-02-18,7.0251155
1975-02-19,7.058343
1975-02-20,7.0735044
1975-02-21,6.964176
1975-02-22,6.963932
1975-02-23,6.963918
1975-02-24,6.971622
1975-02-25,7.0087924
1975-02-26,7.0118427
1975-02-27,7.025103
1975-02-28,7.0406814
1975-03-01,7.0403795
1975-03-02,7.0400367
1975-03-03,7.046623
1975-03-04,7.046693
1975-03-05,7.0605936
1975-03-06,7.0605383
1975-03-07,7.0692854
1975-03-08,7.069892
1975-03-09,7.069892
1975-03-10,7.086453
1975-03-11,7.0961266
1975-03-12,7.103999
1975-03-13,7.2270484
1975-03-14,7.2264104
1975-03-15,7.2262645
1975-03-16,7.2262645
1975-03-17,7.2342095
1975-03-18,7.226507
1975-03-19,7.2235084
1975-03-20,7.2250133
1975-03-21,7.216991
1975-03-22,7.2169905
1975-03-23,7.216737
1975-03-24,7.2205157
1975-03-25,7.2309747
1975-03-26,7.2398133
1975-03-27,7.232836
1975-03-28,7.2350483
1975-03-29,7.235106
1975-03-30,7.235138
1975-03-31,7.2289543
1975-04-01,7.2174196
1975-04-02,7.215964
1975-04-03,7.2133865
1975-04-04,7.229881
1975-04-05,7.230066
1975-04-06,7.23006
1975-04-07,7.2333503
1975-04-08,7.253531
1975-04-09,7.313136
1975-04-10,7.443881
1975-04-11,7.5301814
1975-04-12,7.5273824
1975-04-13,7.5272684
1975-04-14,7.533079
1975-04-15,7.651277
1975-04-16,7.738864
1975-04-17,7.8321013
1975-04-18,7.9787498
1975-04-19,7.979221
1975-04-20,7.9795084
1975-04-21,8.118482
1975-04-22,8.407999
1975-04-23,8.523218
1975-04-24,8.721867
1975-04-25,8.7698
1975-04-26,8.767157
1975-04-27,8.767326
1975-04-28,9.108169
1975-04-29,9.227882
1975-04-30,9.2468605
1975-05-01,9.256184
1975-05-02,9.2516365
1975-05-03,9.247396
1975-05-04,9.248366
1975-05-05,9.273749
1975-05-06,9.281736
1975-05-07,9.254516
1975-05-08,9.267519
1975-05-09,9.273361
1975-05-10,9.273361
1975-05-11,9.273327
1975-05-12,9.264284
1975-05-13,9.267029
1975-05-14,9.278659
1975-05-15,9.233064
1975-05-16,9.241164
1975-05-17,9.2410965
1975-05-18,9.241216
1975-05-19,9.25158
1975-05-20,9.252764
1975-05-21,9.339167
1975-05-22,9.42089
1975-05-23,9.42238
1975-05-24,9.4226265
1975-05-25,9.4226265
1975-05-26,9.422536
1975-05-27,9.425499
1975-05-28,9.418379
1975-05-29,9.534923
1975-05-30,9.567986
1975-05-31,9.56805
1975-06-01,9.56805
1975-06-02,9.569864
1975-06-03,9.570627
1975-06-04,9.567375
1975-06-05,9.586617
1975-06-06,9.585745
1975-06-07,9.585745
1975-06-08,9.585745
1975-06-09,9.582651
1975-06-10,9.583029
1975-06-11,9.574486
1975-06-12,9.576609
1975-06-13,9.575422
1975-06-14,9.574911
1975-06-15,9.573159
1975-06-16,9.57429
1975-06-17,9.573828
1975-06-18,9.584806
1975-06-19,9.50409
1975-06-20,9.509973
1975-06-21,9.509973
1975-06-22,9.510105
1975-06-23,9.509236
1975-06-24,9.512274
1975-06-25,9.526766
1975-06-26,9.517575
1975-06-27,9.503114
1975-06-28,9.503114
1975-06-29,9.503114
1975-06-30,9.506962
1975-07-01,9.512586
1975-07-02,9.509469
1975-07-03,9.505769
1975-07-04,9.505769
1975-07-05,9.505769
1975-07-06,9.503499
1975-07-07,9.506965
1975-07-08,9.501666
1975-07-09,9.492048
1975-07-10,9.487254
1975-07-11,9.477128
1975-07-12,9.47786
1975-07-13,9.47786
1975-07-14,9.473563
1975-07-15,9.48265
1975-07-16,9.490856
1975-07-17,9.5476465
1975-07-18,9.544809
1975-07-19,9.544809
1975-07-20,9.544809
1975-07-21,9.585896
1975-07-22,9.660735
1975-07-23,9.648723
1975-07-24,9.6995535
1975-07-25,9.732168
1975-07-26,9.734703
1975-07-27,9.734822
1975-07-28,9.803013
1975-07-29,9.849343
1975-07-30,9.815563
1975-07-31,9.774893
1975-08-01,9.818956
1975-08-02,9.819927
1975-08-03,9.819927
1975-08-04,9.842009
1975-08-05,9.863801
1975-08-06,9.879527
1975-08-07,9.870156
1975-08-08,9.880899
1975-08-09,9.881142
1975-08-10,9.881334
1975-08-11,9.888099
1975-08-12,9.907569
1975-08-13,9.915374
1975-08-14,9.923015
1975-08-15,9.9355545
1975-08-16,9.9355545
1975-08-17,9.935636
1975-08-18,10.093086
1975-08-19,10.080312
1975-08-20,10.080754
1975-08-21,10.061185
1975-08-22,10.061785
1975-08-23,10.060992
1975-08-24,10.058972
1975-08-25,10.057289
1975-08-26,10.055142
1975-08-27,10.044645
1975-08-28,10.042631
1975-08-29,10.034365
1975-08-30,10.033663
1975-08-31,10.033619
1975-09-01,10.033758
1975-09-02,10.031622
1975-09-03,10.04899
1975-09-04,10.054583
1975-09-05,10.056656
1975-09-06,10.056656
1975-09-07,10.056656
1975-09-08,10.093224
1975-09-09,10.095846
1975-09-10,10.096471
1975-09-11,10.102035
1975-09-12,10.101457
1975-09-13,10.102589
1975-09-14,10.1034975
1975-09-15,10.106232
1975-09-16,10.104583
1975-09-17,10.072606
1975-09-18,10.072384
1975-09-19,10.068344
1975-09-20,10.068344
1975-09-21,10.068344
1975-09-22,10.065883
1975-09-23,10.063495
1975-09-24,10.066651
1975-09-25,10.064931
1975-09-26,10.063906
1975-09-27,10.063889
1975-09-28,10.063889
1975-09-29,10.059536
1975-09-30,10.060163
1975-10-01,10.054326
1975-10-02,10.0594635
1975-10-03,10.059609
1975-10-04,10.059609
1975-10-05,10.059609
1975-10-06,10.05855
1975-10-07,10.055929
1975-10-08,10.006622
1975-10-09,9.991149
1975-10-10,9.95513
1975-10-11,9.95513
1975-10-12,9.955044
1975-10-13,9.89928
1975-10-14,9.885982
1975-10-15,9.822496
1975-10-16,9.687727
1975-10-17,9.599369
1975-10-18,9.599369
1975-10-19,9.599369
1975-10-20,9.500269
1975-10-21,9.455378
1975-10-22,9.356581
1975-10-23,9.226245
1975-10-24,9.1591215
1975-10-25,9.158303
1975-10-26,9.159633
1975-10-27,9.103391
1975-10-28,9.0561
1975-10-29,8.952635
1975-10-30,8.833035
1975-10-31,8.825028
1975-11-01,8.825359
1975-11-02,8.825005
1975-11-03,8.810337
1975-11-04,8.775011
1975-11-05,8.747681
1975-11-06,8.747545
1975-11-07,8.749881
1975-11-08,8.749414
1975-11-09,8.749414
1975-11-10,8.734422
1975-11-11,8.727867
1975-11-12,8.706561
1975-11-13,8.696674
1975-11-14,8.694935
1975-11-15,8.692798
1975-11-16,8.692786
1975-11-17,8.681075
1975-11-18,8.54261
1975-11-19,8.538522
1975-11-20,8.538789
1975-11-21,8.535467
1975-11-22,8.5354595
1975-11-23,8.535544
1975-11-24,8.53149
1975-11-25,8.527892
1975-11-26,8.531107
1975-11-27,8.531107
1975-11-28,8.530049
1975-11-29,8.529756
1975-11-30,8.529756
1975-12-01,8.525248
1975-12-02,8.522536
1975-12-03,8.519457
1975-12-04,8.516445
1975-12-05,8.513948
1975-12-06,8.513948
1975-12-07,8.513948
1975-12-08,8.512604
1975-12-09,8.511945
1975-12-10,8.512108
1975-12-11,8.505483
1975-12-12,8.502065
1975-12-13,8.50194
1975-12-14,8.500976
1975-12-15,8.4982605
1975-12-16,8.469689
1975-12-17,8.513166
1975-12-18,8.51788
1975-12-19,8.515882
1975-12-20,8.50563
1975-12-21,8.505431
1975-12-22,8.504891
1975-12-23,8.504361
1975-12-24,8.504135
1975-12-25,8.504176
1975-12-26,8.504247
1975-12-27,8.504247
1975-12-28,8.504247
1975-12-29,8.505666
1975-12-30,8.509414
1975-12-31,8.508886
1976-01-01,8.508886
1976-01-02,8.510453
1976-01-03,8.510453
1976-01-04,8.510453
1976-01-05,8.49798
1976-01-06,8.4964
1976-01-07,8.498411
1976-01-08,8.496075
1976-01-09,8.494707
1976-01-10,8.494707
1976-01-11,8.494707
1976-01-12,8.508391
1976-01-13,8.514311
1976-01-14,8.51366
1976-01-15,8.531627
1976-01-16,8.540649
1976-01-17,8.540536
1976-01-18,8.540566
1976-01-19,8.57052
1976-01-20,8.5795
1976-01-21,8.60793
1976-01-22,8.629251
1976-01-23,8.653362
1976-01-24,8.651628
1976-01-25,8.651893
1976-01-26,8.725611
1976-01-27,8.781899
1976-01-28,8.7814
1976-01-29,8.83463
1976-01-30,8.849998
1976-01-31,8.850592
1976-02-01,8.849978
1976-02-02,8.846442
1976-02-03,8.855535
1976-02-04,8.736602
1976-02-05,8.797782
1976-02-06,8.807037
1976-02-07,8.808362
1976-02-08,8.810109
1976-02-09,8.806744
1976-02-10,8.807967
1976-02-11,8.781505
1976-02-12,8.799988
1976-02-13,8.933613
1976-02-14,8.933606
1976-02-15,8.933301
1976-02-16,8.93329
1976-02-17,8.937817
1976-02-18,8.913405
1976-02-19,8.921071
1976-02-20,8.924928
1976-02-21,8.924882
1976-02-22,8.924753
1976-02-23,8.911785
1976-02-24,8.899631
1976-02-25,8.958631
1976-02-26,8.959425
1976-02-27,8.956633
1976-02-28,8.953816
1976-02-29,8.953816
1976-03-01,8.946902
1976-03-02,8.958107
1976-03-03,8.98394
1976-03-04,9.005646
1976-03-05,9.011312
1976-03-06,9.011148
1976-03-07,9.012335
1976-03-08,9.006465
1976-03-09,8.979029
1976-03-10,8.952219
1976-03-11,8.968957
1976-03-12,8.9691515
1976-03-13,8.9691515
1976-03-14,8.969056
1976-03-15,8.974186
1976-03-16,8.954874
1976-03-17,8.983487
1976-03-18,8.980586
1976-03-19,8.9227085
1976-03-20,8.9227085
1976-03-21,8.935368
1976-03-22,8.920146
1976-03-23,8.908844
1976-03-24,8.916839
1976-03-25,8.914888
1976-03-26,8.915456
1976-03-27,8.915456
1976-03-28,8.915691
1976-03-29,8.891992
1976-03-30,8.8983555
1976-03-31,8.904254
1976-04-01,8.892606
1976-04-02,8.891566
1976-04-03,8.894684
1976-04-04,8.8935175
1976-04-05,8.896946
1976-04-06,8.904481
1976-04-07,8.914318
1976-04-08,8.910346
1976-04-09,8.913137
1976-04-10,8.912804
1976-04-11,8.912804
1976-04-12,8.9127035
1976-04-13,8.942074
1976-04-14,9.055433
1976-04-15,9.092934
1976-04-16,9.098075
1976-04-17,9.098075
1976-04-18,9.09816
1976-04-19,9.139838
1976-04-20,9.2042
1976-04-21,9.2726
1976-04-22,9.315839
1976-04-23,9.325323
1976-04-24,9.325734
1976-04-25,9.327823
1976-04-26,9.364371
1976-04-27,9.342357
1976-04-28,9.405596
1976-04-29,9.416759
1976-04-30,9.42366
1976-05-01,9.423653
1976-05-02,9.425116
1976-05-03,9.4167
1976-05-04,9.43206
1976-05-05,9.412284
1976-05-06,9.428964
1976-05-07,9.490652
1976-05-08,9.491721
1976-05-09,9.491707
1976-05-10,9.494901
1976-05-11,9.490472
1976-05-12,9.483198
1976-05-13,9.490436
1976-05-14,9.486954
1976-05-15,9.486954
1976-05-16,9.487086
1976-05-17,9.60618
1976-05-18,9.626323
1976-05-19,9.65693
1976-05-20,9.691028
1976-05-21,9.6917095
1976-05-22,9.692035
1976-05-23,9.691998
1976-05-24,9.68934
1976-05-25,9.671714
1976-05-26,9.687668
1976-05-27,9.723392
1976-05-28,9.766879
1976-05-29,9.766964
1976-05-30,9.766964
1976-05-31,9.766871
1976-06-01,9.775844
1976-06-02,9.779375
1976-06-03,9.774436
1976-06-04,9.775703
1976-06-05,9.775703
1976-06-06,9.775703
1976-06-07,9.7646055
1976-06-08,9.757875
1976-06-09,9.746733
1976-06-10,9.748706
1976-06-11,9.747734
1976-06-12,9.747734
1976-06-13,9.747734
1976-06-14,9.692476
1976-06-15,9.68532
1976-06-16,9.683221
1976-06-17,9.684181
1976-06-18,9.68485
1976-06-19,9.68485
1976-06-20,9.68485
1976-06-21,9.692693
1976-06-22,9.684067
1976-06-23,9.681714
1976-06-24,9.681077
1976-06-25,9.686487
1976-06-26,9.686487
1976-06-27,9.6869
1976-06-28,9.678245
1976-06-29,9.660272
1976-06-30,9.66087
1976-07-01,9.659417
1976-07-02,9.661008
1976-07-03,9.6605015
1976-07-04,9.6605015
1976-07-05,9.660776
1976-07-06,9.647716
1976-07-07,9.648261
1976-07-08,9.644321
1976-07-09,9.6369705
1976-07-10,9.6369705
1976-07-11,9.6369705
1976-07-12,9.619944
1976-07-13,9.6064205
1976-07-14,9.592639
1976-07-15,9.586926
1976-07-16,9.542513
1976-07-17,9.5424385
1976-07-18,9.542364
1976-07-19,9.50947
1976-07-20,9.504493
1976-07-21,9.458007
1976-07-22,9.457279
1976-07-23,9.423657
1976-07-24,9.423518
1976-07-25,9.423302
1976-07-26,9.441125
1976-07-27,9.38315
1976-07-28,9.433671
1976-07-29,9.437153
1976-07-30,9.446308
1976-07-31,9.446018
1976-08-01,9.445698
1976-08-02,9.464594
1976-08-03,9.480977
1976-08-04,9.463817
1976-08-05,9.4551
1976-08-06,9.475043
1976-08-07,9.473135
1976-08-08,9.473036
1976-08-09,9.492287
1976-08-10,9.493738
1976-08-11,9.4954815
1976-08-12,9.493144
1976-08-13,9.500247
1976-08-14,9.500974
1976-08-15,9.501056
1976-08-16,9.516483
1976-08-17,9.517808
1976-08-18,9.518717
1976-08-19,9.534309
1976-08-20,9.530506
1976-08-21,9.516489
1976-08-22,9.516333
1976-08-23,9.512729
1976-08-24,9.470372
1976-08-25,9.476373
1976-08-26,9.477512
1976-08-27,9.478901
1976-08-28,9.479764
1976-08-29,9.479846
1976-08-30,9.488838
1976-08-31,9.490014
1976-09-01,9.488442
1976-09-02,9.488913
1976-09-03,9.491412
1976-09-04,9.491412
1976-09-05,9.491412
1976-09-06,9.491359
1976-09-07,9.501865
1976-09-08,9.501769
1976-09-09,9.504187
1976-09-10,9.519976
1976-09-11,9.519976
1976-09-12,9.519917
1976-09-13,9.528332
1976-09-14,9.529804
1976-09-15,9.532987
1976-09-16,9.537274
1976-09-17,9.535274
1976-09-18,9.535352
1976-09-19,9.535376
1976-09-20,9.533957
1976-09-21,9.53284
1976-09-22,9.502445
1976-09-23,9.505067
1976-09-24,9.500496
1976-09-25,9.500528
1976-09-26,9.500444
1976-09-27,9.504096
1976-09-28,9.501312
1976-09-29,9.502839
1976-09-30,9.504551
1976-10-01,9.504732
1976-10-02,9.504732
1976-10-03,9.504889
1976-10-04,9.504327
1976-10-05,9.511871
1976-10-06,9.510225
1976-10-07,9.50781
1976-10-08,9.514003
1976-10-09,9.514003
1976-10-10,9.514003
1976-10-11,9.51089
1976-10-12,9.514323
1976-10-13,9.533607
1976-10-14,9.527055
1976-10-15,9.512112
1976-10-16,9.512207
1976-10-17,9.512387
1976-10-18,9.524082
1976-10-19,9.471871
1976-10-20,9.455475
1976-10-21,9.477248
1976-10-22,9.464601
1976-10-23,9.465149
1976-10-24,9.464888
1976-10-25,9.511623
1976-10-26,9.53874
1976-10-27,9.452485
1976-10-28,9.61247
1976-10-29,9.630227
1976-10-30,9.630188
1976-10-31,9.630212
1976-11-01,9.592218
1976-11-02,9.588546
1976-11-03,9.575869
1976-11-04,9.569206
1976-11-05,9.581709
1976-11-06,9.581974
1976-11-07,9.582096
1976-11-08,9.562802
1976-11-09,9.566289
1976-11-10,9.544056
1976-11-11,9.550519
1976-11-12,9.547377
1976-11-13,9.547868
1976-11-14,9.547913
1976-11-15,9.549579
1976-11-16,9.533021
1976-11-17,9.534981
1976-11-18,9.530411
1976-11-19,9.572934
1976-11-20,9.557471
1976-11-21,9.55714
1976-11-22,9.557694
1976-11-23,9.561612
1976-11-24,9.554142
1976-11-25,9.554142
1976-11-26,9.554484
1976-11-27,9.554484
1976-11-28,9.5551195
1976-11-29,9.554617
1976-11-30,9.5501375
1976-12-01,9.550395
1976-12-02,9.550021
1976-12-03,9.552985
1976-12-04,9.552985
1976-12-05,9.55296
1976-12-06,9.549796
1976-12-07,9.547067
1976-12-08,9.544903
1976-12-09,9.562301
1976-12-10,9.551672
1976-12-11,9.551672
1976-12-12,9.551554
1976-12-13,9.540577
1976-12-14,9.531538
1976-12-15,9.527857
1976-12-16,9.544779
1976-12-17,9.527568
1976-12-18,9.527508
1976-12-19,9.527536
1976-12-20,9.520386
1976-12-21,9.521015
1976-12-22,9.518613
1976-12-23,9.519462
1976-12-24,9.520004
1976-12-25,9.520004
1976-12-26,9.527436
1976-12-27,9.530667
1976-12-28,9.530536
1976-12-29,9.53063
1976-12-30,9.530458
1976-12-31,9.5305
1977-01-01,9.5305
1977-01-02,9.5305
1977-01-03,9.523255
1977-01-04,9.523534
1977-01-05,9.5256815
1977-01-06,9.527767
1977-01-07,9.526066
1977-01-08,9.526066
1977-01-09,9.526066
1977-01-10,9.522669
1977-01-11,9.5301485
1977-01-12,9.531608
1977-01-13,9.541479
1977-01-14,9.542062
1977-01-15,9.542021
1977-01-16,9.541846
1977-01-17,9.499399
1977-01-18,9.504947
1977-01-19,9.493293
1977-01-20,9.507096
1977-01-21,9.5349245
1977-01-22,9.5349245
1977-01-23,9.534793
1977-01-24,9.526695
1977-01-25,9.540544
1977-01-26,9.577975
1977-01-27,9.631182
1977-01-28,9.656919
1977-01-29,9.656859
1977-01-30,9.656848
1977-01-31,9.64867
1977-02-01,9.6576605
1977-02-02,9.662149
1977-02-03,9.717695
1977-02-04,9.723326
1977-02-05,9.723368
1977-02-06,9.72335
1977-02-07,9.720317
1977-02-08,9.562283
1977-02-09,9.563184
1977-02-10,9.522112
1977-02-11,9.485425
1977-02-12,9.485654
1977-02-13,9.48565
1977-02-14,9.501539
1977-02-15,9.501664
1977-02-16,9.499134
1977-02-17,9.504069
1977-02-18,9.511712
1977-02-19,9.511899
1977-02-20,9.511957
1977-02-21,9.51007
1977-02-22,9.499283
1977-02-23,9.497376
1977-02-24,9.500318
1977-02-25,9.498399
1977-02-26,9.498242
1977-02-27,9.498242
1977-02-28,9.510417
1977-03-01,9.504082
1977-03-02,9.520988
1977-03-03,9.518311
1977-03-04,9.528903
1977-03-05,9.528961
1977-03-06,9.528939
1977-03-07,9.529986
1977-03-08,9.508964
1977-03-09,9.477359
1977-03-10,9.443195
1977-03-11,9.448708
1977-03-12,9.448708
1977-03-13,9.448708
1977-03-14,9.473244
1977-03-15,9.478593
1977-03-16,9.464889
1977-03-17,9.51117
1977-03-18,9.501023
1977-03-19,9.501023
1977-03-20,9.501023
1977-03-21,9.505687
1977-03-22,9.423802
1977-03-23,9.398402
1977-03-24,9.3951845
1977-03-25,9.393318
1977-03-26,9.393368
1977-03-27,9.392777
1977-03-28,9.394482
1977-03-29,9.394305
1977-03-30,9.377809
1977-03-31,9.377831
1977-04-01,9.373002
1977-04-02,9.372864
1977-04-03,9.372745
1977-04-04,9.373436
1977-04-05,9.373063
1977-04-06,9.380848
1977-04-07,9.378644
1977-04-08,9.378659
1977-04-09,9.378659
1977-04-10,9.378659
1977-04-11,9.374724
1977-04-12,9.376148
1977-04-13,9.384725
1977-04-14,9.378476
1977-04-15,9.395817
1977-04-16,9.396008
1977-04-17,9.396008
1977-04-18,9.378409
1977-04-19,9.35034
1977-04-20,9.284715
1977-04-21,9.308874
1977-04-22,9.289309
1977-04-23,9.288305
1977-04-24,9.288855
1977-04-25,9.251832
1977-04-26,9.201864
1977-04-27,9.155989
1977-04-28,9.052452
1977-04-29,9.033724
1977-04-30,9.03332
1977-05-01,9.033844
1977-05-02,8.955686
1977-05-03,8.800184
1977-05-04,8.792167
1977-05-05,8.791836
1977-05-06,8.794765
1977-05-07,8.785981
1977-05-08,8.784887
1977-05-09,8.777957
1977-05-10,8.781557
1977-05-11,8.760968
1977-05-12,8.757306
1977-05-13,8.810065
1977-05-14,8.809146
1977-05-15,8.804165
1977-05-16,8.87059
1977-05-17,8.886769
1977-05-18,8.919786
1977-05-19,8.943756
1977-05-20,8.966995
1977-05-21,8.966995
1977-05-22,8.967517
1977-05-23,8.962546
1977-05-24,8.973239
1977-05-25,8.95896
1977-05-26,8.9653
1977-05-27,8.949526
1977-05-28,8.949526
1977-05-29,8.949377
1977-05-30,8.948806
1977-05-31,8.952652
1977-06-01,8.951933
1977-06-02,8.952099
1977-06-03,8.946494
1977-06-04,8.946494
1977-06-05,8.946494
1977-06-06,8.949331
1977-06-07,8.947942
1977-06-08,8.948648
1977-06-09,8.942884
1977-06-10,8.949251
1977-06-11,8.949215
1977-06-12,8.949215
1977-06-13,8.948015
1977-06-14,8.942179
1977-06-15,8.9547825
1977-06-16,8.8949995
1977-06-17,8.89444
1977-06-18,8.894449
1977-06-19,8.894449
1977-06-20,8.893819
1977-06-21,8.895955
1977-06-22,8.872517
1977-06-23,8.868646
1977-06-24,8.868272
1977-06-25,8.868272
1977-06-26,8.868272
1977-06-27,8.860658
1977-06-28,8.858269
1977-06-29,8.854268
1977-06-30,8.840662
1977-07-01,8.839668
1977-07-02,8.839668
1977-07-03,8.839668
1977-07-04,8.839668
1977-07-05,8.833888
1977-07-06,8.832832
1977-07-07,8.83099
1977-07-08,8.828661
1977-07-09,8.828661
1977-07-10,8.828661
1977-07-11,8.825439
1977-07-12,8.806565
1977-07-13,8.775902
1977-07-14,8.750719
1977-07-15,8.728337
1977-07-16,8.727903
1977-07-17,8.727817
1977-07-18,8.648238
1977-07-19,8.648528
1977-07-20,8.611221
1977-07-21,8.562639
1977-07-22,8.482372
1977-07-23,8.482372
1977-07-24,8.482916
1977-07-25,8.509622
1977-07-26,8.508534
1977-07-27,8.498708
1977-07-28,8.410164
1977-07-29,8.435859
1977-07-30,8.437055
1977-07-31,8.439471
1977-08-01,8.448013
1977-08-02,8.429642
1977-08-03,8.441221
1977-08-04,8.433873
1977-08-05,8.456721
1977-08-06,8.456732
1977-08-07,8.465044
1977-08-08,8.469198
1977-08-09,8.451261
1977-08-10,8.443184
1977-08-11,8.462728
1977-08-12,8.464051
1977-08-13,8.465288
1977-08-14,8.465564
1977-08-15,8.490645
1977-08-16,8.493797
1977-08-17,8.498891
1977-08-18,8.5041485
1977-08-19,8.550487
1977-08-20,8.55042
1977-08-21,8.55042
1977-08-22,8.553784
1977-08-23,8.533126
1977-08-24,8.5351
1977-08-25,8.529814
1977-08-26,8.532428
1977-08-27,8.532428
1977-08-28,8.532428
1977-08-29,8.535871
1977-08-30,8.535177
1977-08-31,8.533878
1977-09-01,8.534382
1977-09-02,8.534583
1977-09-03,8.535329
1977-09-04,8.535329
1977-09-05,8.535329
1977-09-06,8.534153
1977-09-07,8.540814
1977-09-08,8.538144
1977-09-09,8.534764
1977-09-10,8.534764
1977-09-11,8.534764
1977-09-12,8.541286
1977-09-13,8.5403185
1977-09-14,8.539265
1977-09-15,8.539475
1977-09-16,8.541575
1977-09-17,8.541575
1977-09-18,8.541511
1977-09-19,8.5413885
1977-09-20,8.541371
1977-09-21,8.54156
1977-09-22,8.510541
1977-09-23,8.511377
1977-09-24,8.511801
1977-09-25,8.511794
1977-09-26,8.511488
1977-09-27,8.50926
1977-09-28,8.512588
1977-09-29,8.510162
1977-09-30,8.512583
1977-10-01,8.512583
1977-10-02,8.512583
1977-10-03,8.513608
1977-10-04,8.515863
1977-10-05,8.527872
1977-10-06,8.532549
1977-10-07,8.535585
1977-10-08,8.535585
1977-10-09,8.535585
1977-10-10,8.533137
1977-10-11,8.526733
1977-10-12,8.534865
1977-10-13,8.506287
1977-10-14,8.479436
1977-10-15,8.479057
1977-10-16,8.479086
1977-10-17,8.462799
1977-10-18,8.482834
1977-10-19,8.459423
1977-10-20,8.444891
1977-10-21,8.442767
1977-10-22,8.442767
1977-10-23,8.442801
1977-10-24,8.355202
1977-10-25,8.330066
1977-10-26,8.297223
1977-10-27,8.52462
1977-10-28,8.530533
1977-10-29,8.530854
1977-10-30,8.529398
1977-10-31,8.47884
1977-11-01,8.472394
1977-11-02,8.437368
1977-11-03,8.440622
1977-11-04,8.439406
1977-11-05,8.439559
1977-11-06,8.4394655
1977-11-07,8.4569845
1977-11-08,8.4496355
1977-11-09,8.451369
1977-11-10,8.44606
1977-11-11,8.433218
1977-11-12,8.43327
1977-11-13,8.433402
1977-11-14,8.43198
1977-11-15,8.418201
1977-11-16,8.426122
1977-11-17,8.413167
1977-11-18,8.401518
1977-11-19,8.401646
1977-11-20,8.401472
1977-11-21,8.400073
1977-11-22,8.394694
1977-11-23,8.384617
1977-11-24,8.384462
1977-11-25,8.38457
1977-11-26,8.38457
1977-11-27,8.384992
1977-11-28,8.380561
1977-11-29,8.370882
1977-11-30,8.355827
1977-12-01,8.362252
1977-12-02,8.3615
1977-12-03,8.359774
1977-12-04,8.359752
1977-12-05,8.357814
1977-12-06,8.367103
1977-12-07,8.363967
1977-12-08,8.355506
1977-12-09,8.35391
1977-12-10,8.353908
1977-12-11,8.353908
1977-12-12,8.3501625
1977-12-13,8.345864
1977-12-14,8.34364
1977-12-15,8.345289
1977-12-16,8.334072
1977-12-17,8.3333435
1977-12-18,8.333234
1977-12-19,8.32865
1977-12-20,8.334852
1977-12-21,8.336463
1977-12-22,8.333416
1977-12-23,8.328202
1977-12-24,8.328218
1977-12-25,8.328218
1977-12-26,8.3280325
1977-12-27,8.327824
1977-12-28,8.328767
1977-12-29,8.332509
1977-12-30,8.333116
1977-12-31,8.333396
1978-01-01,8.333148
1978-01-02,8.333148
1978-01-03,8.333098
1978-01-04,8.333303
1978-01-05,8.319657
1978-01-06,8.322721
1978-01-07,8.322721
1978-01-08,8.322746
1978-01-09,8.321347
1978-01-10,8.322098
1978-01-11,8.319725
1978-01-12,8.314842
1978-01-13,8.310594
1978-01-14,8.31083
1978-01-15,8.31083
1978-01-16,8.313262
1978-01-17,8.279878
1978-01-18,8.281511
1978-01-19,8.28317
1978-01-20,8.273952
1978-01-21,8.274103
1978-01-22,8.274103
1978-01-23,8.313897
1978-01-24,8.344145
1978-01-25,8.32917
1978-01-26,8.309253
1978-01-27,8.337921
1978-01-28,8.337921
1978-01-29,8.337686
1978-01-30,8.344497
1978-01-31,8.354584
1978-02-01,8.325519
1978-02-02,8.313729
1978-02-03,8.314745
1978-02-04,8.314856
1978-02-05,8.31482
1978-02-06,8.32078
1978-02-07,8.321077
1978-02-08,8.111649
1978-02-09,8.087221
1978-02-10,8.044458
1978-02-11,8.045333
1978-02-12,8.039454
1978-02-13,8.0330925
1978-02-14,8.01937
1978-02-15,8.007333
1978-02-16,7.9914503
1978-02-17,7.935939
1978-02-18,7.935846
1978-02-19,7.9353886
1978-02-20,7.935324
1978-02-21,7.9396143
1978-02-22,7.93537
1978-02-23,7.945443
1978-02-24,7.935451
1978-02-25,7.935356
1978-02-26,7.935426
1978-02-27,7.893849
1978-02-28,7.8938513
1978-03-01,7.885026
1978-03-02,7.8833313
1978-03-03,7.8861117
1978-03-04,7.88612
1978-03-05,7.88612
1978-03-06,7.884085
1978-03-07,7.8863516
1978-03-08,7.842456
1978-03-09,7.8378153
1978-03-10,7.8363967
1978-03-11,7.836259
1978-03-12,7.836542
1978-03-13,7.8358483
1978-03-14,7.8400164
1978-03-15,7.788667
1978-03-16,7.774473
1978-03-17,7.772897
1978-03-18,7.772849
1978-03-19,7.77279
1978-03-20,7.7786474
1978-03-21,7.75766
1978-03-22,7.73608
1978-03-23,7.7146697
1978-03-24,7.7415853
1978-03-25,7.7415853
1978-03-26,7.7416134
1978-03-27,7.744903
1978-03-28,7.7450156
1978-03-29,7.7467747
1978-03-30,7.7517076
1978-03-31,7.751626
1978-04-01,7.7517695
1978-04-02,7.751547
1978-04-03,7.7504516
1978-04-04,7.748095
1978-04-05,7.746661
1978-04-06,7.7419305
1978-04-07,7.741318
1978-04-08,7.7413282
1978-04-09,7.7413282
1978-04-10,7.7692766
1978-04-11,7.77111
1978-04-12,7.771387
1978-04-13,7.7943425
1978-04-14,7.7954454
1978-04-15,7.7954454
1978-04-16,7.7957077
1978-04-17,7.7904077
1978-04-18,7.794621
1978-04-19,7.776757
1978-04-20,7.780269
1978-04-21,7.701593
1978-04-22,7.7008524
1978-04-23,7.700677
1978-04-24,7.7222486
1978-04-25,7.6294904
1978-04-26,7.613683
1978-04-27,7.5522075
1978-04-28,7.6000595
1978-04-29,7.596912
1978-04-30,7.597119
1978-05-01,7.5749383
1978-05-02,7.580736
1978-05-03,7.5508146
1978-05-04,7.5383096
1978-05-05,7.538217
1978-05-06,7.5382304
1978-05-07,7.529322
1978-05-08,7.5096216
1978-05-09,7.514529
1978-05-10,7.5180044
1978-05-11,7.510753
1978-05-12,7.5140095
1978-05-13,7.5139613
1978-05-14,7.5142517
1978-05-15,7.5492296
1978-05-16,7.543438
1978-05-17,7.5684767
1978-05-18,7.604209
1978-05-19,7.6240206
1978-05-20,7.623612
1978-05-21,7.623612
1978-05-22,7.6257524
1978-05-23,7.6276484
1978-05-24,7.624152
1978-05-25,7.626375
1978-05-26,7.684083
1978-05-27,7.684083
1978-05-28,7.684083
1978-05-29,7.6836567
1978-05-30,7.6865506
1978-05-31,7.689004
1978-06-01,7.6969194
1978-06-02,7.697094
1978-06-03,7.697094
1978-06-04,7.697094
1978-06-05,7.6948266
1978-06-06,7.6979847
1978-06-07,7.6981196
1978-06-08,7.708517
1978-06-09,7.710431
1978-06-10,7.710431
1978-06-11,7.710489
1978-06-12,7.7104306
1978-06-13,7.7172866
1978-06-14,7.713251
1978-06-15,7.7137785
1978-06-16,7.7142024
1978-06-17,7.714195
1978-06-18,7.7142105
1978-06-19,7.7156754
1978-06-20,7.7183466
1978-06-21,7.721029
1978-06-22,7.6931534
1978-06-23,7.692538
1978-06-24,7.6924596
1978-06-25,7.6924596
1978-06-26,7.688487
1978-06-27,7.6853337
1978-06-28,7.678217
1978-06-29,7.680763
1978-06-30,7.6889086
1978-07-01,7.6889086
1978-07-02,7.6889086
1978-07-03,7.6886864
1978-07-04,7.6883626
1978-07-05,7.686198
1978-07-06,7.690193
1978-07-07,7.6835427
1978-07-08,7.6835427
1978-07-09,7.6835427
1978-07-10,7.683988
1978-07-11,7.678865
1978-07-12,7.675964
1978-07-13,7.643912
1978-07-14,7.6053376
1978-07-15,7.6048894
1978-07-16,7.6047864
1978-07-17,7.5821934
1978-07-18,7.5595374
1978-07-19,7.541314
1978-07-20,7.4849467
1978-07-21,7.4674406
1978-07-22,7.466674
1978-07-23,7.4685407
1978-07-24,7.4404154
1978-07-25,7.4079742
1978-07-26,7.3799663
1978-07-27,7.3544683
1978-07-28,7.2331305
1978-07-29,7.2329288
1978-07-30,7.2342
1978-07-31,7.249871
1978-08-01,7.2554054
1978-08-02,7.260721
1978-08-03,7.2566404
1978-08-04,7.256488
1978-08-05,7.2562475
1978-08-06,7.25623
1978-08-07,7.3021216
1978-08-08,7.291844
1978-08-09,7.2811856
1978-08-10,7.2731028
1978-08-11,7.297648
1978-08-12,7.2967467
1978-08-13,7.2970786
1978-08-14,7.2976823
1978-08-15,7.2967854
1978-08-16,7.276606
1978-08-17,7.289232
1978-08-18,7.2859287
1978-08-19,7.2859793
1978-08-20,7.286314
1978-08-21,7.2846527
1978-08-22,7.2812343
1978-08-23,7.26213
1978-08-24,7.264967
1978-08-25,7.267902
1978-08-26,7.267754
1978-08-27,7.267754
1978-08-28,7.2607203
1978-08-29,7.2614484
1978-08-30,7.2610283
1978-08-31,7.258156
1978-09-01,7.2583523
1978-09-02,7.2582693
1978-09-03,7.2588854
1978-09-04,7.25953
1978-09-05,7.256925
1978-09-06,7.257549
1978-09-07,7.265336
1978-09-08,7.2658024
1978-09-09,7.2658024
1978-09-10,7.2315135
1978-09-11,7.2319503
1978-09-12,7.2317343
1978-09-13,7.232141
1978-09-14,7.235167
1978-09-15,7.2296004
1978-09-16,7.229721
1978-09-17,7.229721
1978-09-18,7.231157
1978-09-19,7.2290473
1978-09-20,7.2018957
1978-09-21,7.200873
1978-09-22,7.201151
1978-09-23,7.2027507
1978-09-24,7.203686
1978-09-25,7.203887
1978-09-26,7.2050858
1978-09-27,7.207977
1978-09-28,7.2144203
1978-09-29,7.220213
1978-09-30,7.217579
1978-10-01,7.217579
1978-10-02,7.2194085
1978-10-03,7.219931
1978-10-04,7.2182274
1978-10-05,7.2200994
1978-10-06,7.223578
1978-10-07,7.223578
1978-10-08,7.223575
1978-10-09,7.226337
1978-10-10,7.2331877
1978-10-11,7.273107
1978-10-12,7.2916102
1978-10-13,7.2915688
1978-10-14,7.2915688
1978-10-15,7.29152
1978-10-16,7.3050222
1978-10-17,7.3207536
1978-10-18,7.3269744
1978-10-19,7.3499475
1978-10-20,7.3749485
1978-10-21,7.3746247
1978-10-22,7.375119
1978-10-23,7.4488854
1978-10-24,7.4847994
1978-10-25,7.479478
1978-10-26,7.5152993
1978-10-27,7.5162063
1978-10-28,7.5154433
1978-10-29,7.515746
1978-10-30,7.696223
1978-10-31,7.6911683
1978-11-01,7.7088385
1978-11-02,7.7324424
1978-11-03,7.742031
1978-11-04,7.7424345
1978-11-05,7.742216
1978-11-06,7.7267394
1978-11-07,7.7133207
1978-11-08,7.730401
1978-11-09,7.727463
1978-11-10,7.7411385
1978-11-11,7.7388296
1978-11-12,7.7405114
1978-11-13,7.7393775
1978-11-14,7.7337227
1978-11-15,7.7419844
1978-11-16,7.744456
1978-11-17,7.7345333
1978-11-18,7.7349973
1978-11-19,7.7360716
1978-11-20,7.7351866
1978-11-21,7.7155685
1978-11-22,7.71046
1978-11-23,7.71046
1978-11-24,7.7085366
1978-11-25,7.7085366
1978-11-26,7.7085614
1978-11-27,7.739299
1978-11-28,7.737267
1978-11-29,7.7280817
1978-11-30,7.7264395
1978-12-01,7.7541876
1978-12-02,7.7541766
1978-12-03,7.75415
1978-12-04,7.7503695
1978-12-05,7.74789
1978-12-06,7.7442236
1978-12-07,7.7440095
1978-12-08,7.7402406
1978-12-09,7.7400827
1978-12-10,7.7400827
1978-12-11,7.740845
1978-12-12,7.7412615
1978-12-13,7.737796
1978-12-14,7.727182
1978-12-15,7.7266364
1978-12-16,7.726595
1978-12-17,7.726595
1978-12-18,7.722209
1978-12-19,7.726892
1978-12-20,7.7179794
1978-12-21,7.711033
1978-12-22,7.7237973
1978-12-23,7.723495
1978-12-24,7.7234035
1978-12-25,7.7234035
1978-12-26,7.7217526
1978-12-27,7.721287
1978-12-28,7.7207665
1978-12-29,7.7201986
1978-12-30,7.7201986
1978-12-31,7.7201986
1979-01-01,7.7201986
1979-01-02,7.7203746
1979-01-03,7.7204437
1979-01-04,7.7158427
1979-01-05,7.7142186
1979-01-06,7.7142186
1979-01-07,7.7142186
1979-01-08,7.7105
1979-01-09,7.7157407
1979-01-10,7.715359
1979-01-11,7.71471
1979-01-12,7.7027755
1979-01-13,7.7017226
1979-01-14,7.701762
1979-01-15,7.6899486
1979-01-16,7.624008
1979-01-17,7.6089935
1979-01-18,7.593373
1979-01-19,7.5647593
1979-01-20,7.5645823
1979-01-21,7.564422
1979-01-22,7.531366
1979-01-23,7.5332785
1979-01-24,7.499337
1979-01-25,7.2932024
1979-01-26,7.2839284
1979-01-27,7.2839284
1979-01-28,7.3213096
1979-01-29,7.316932
1979-01-30,7.3044815
1979-01-31,7.253983
1979-02-01,7.20915
1979-02-02,7.1472454
1979-02-03,7.1472454
1979-02-04,7.1474314
1979-02-05,7.1455355
1979-02-06,7.13135
1979-02-07,6.958862
1979-02-08,6.925507
1979-02-09,6.9052243
1979-02-10,6.9052467
1979-02-11,6.906151
1979-02-12,6.916702
1979-02-13,6.9035034
1979-02-14,6.88499
1979-02-15,6.859201
1979-02-16,6.868985
1979-02-17,6.868344
1979-02-18,6.86838
1979-02-19,6.8687234
1979-02-20,6.8728757
1979-02-21,6.8415647
1979-02-22,6.8303614
1979-02-23,6.820867
1979-02-24,6.815519
1979-02-25,6.815556
1979-02-26,6.8351846
1979-02-27,6.858851
1979-02-28,6.858629
1979-03-01,6.8437495
1979-03-02,6.8441343
1979-03-03,6.844796
1979-03-04,6.8447757
1979-03-05,6.8414984
1979-03-06,6.8388853
1979-03-07,6.837897
1979-03-08,6.8427463
1979-03-09,6.844666
1979-03-10,6.844666
1979-03-11,6.844666
1979-03-12,6.8019567
1979-03-13,6.798315
1979-03-14,6.763661
1979-03-15,6.7510433
1979-03-16,6.7455864
1979-03-17,6.745274
1979-03-18,6.745274
1979-03-19,6.7031384
1979-03-20,6.7101603
1979-03-21,6.6926656
1979-03-22,6.6950483
1979-03-23,6.6875496
1979-03-24,6.6875496
1979-03-25,6.687464
1979-03-26,6.6871643
1979-03-27,6.687908
1979-03-28,6.678208
1979-03-29,6.663086
1979-03-30,6.656335
1979-03-31,6.6562977
1979-04-01,6.65629
1979-04-02,6.6522303
1979-04-03,6.6517053
1979-04-04,6.657041
1979-04-05,6.654667
1979-04-06,6.654654
1979-04-07,6.6546593
1979-04-08,6.6513176
1979-04-09,6.6542845
1979-04-10,6.6512256
1979-04-11,6.628571
1979-04-12,6.786976
1979-04-13,6.790545
1979-04-14,6.7905765
1979-04-15,6.7905765
1979-04-16,6.8129797
1979-04-17,6.7997103
1979-04-18,6.795611
1979-04-19,6.7975984
1979-04-20,6.8062015
1979-04-21,6.807807
1979-04-22,6.807769
1979-04-23,6.8319035
1979-04-24,6.8357177
1979-04-25,6.7781153
1979-04-26,6.837176
1979-04-27,6.8095517
1979-04-28,6.8070545
1979-04-29,6.807763
1979-04-30,6.779828
1979-05-01,6.7830706
1979-05-02,6.7813783
1979-05-03,6.793382
1979-05-04,6.785715
1979-05-05,6.7868996
1979-05-06,6.7869577
1979-05-07,6.773563
1979-05-08,6.7718654
1979-05-09,6.7625337
1979-05-10,6.7616754
1979-05-11,6.763722
1979-05-12,6.763704
1979-05-13,6.763917
1979-05-14,6.7648907
1979-05-15,6.786328
1979-05-16,6.790591
1979-05-17,6.8096175
1979-05-18,6.7619705
1979-05-19,6.7620597
1979-05-20,6.761903
1979-05-21,6.7256155
1979-05-22,6.7608123
1979-05-23,6.7867584
1979-05-24,6.8377223
1979-05-25,6.8777847
1979-05-26,6.8777847
1979-05-27,6.8777847
1979-05-28,6.877866
1979-05-29,6.881251
1979-05-30,6.880282
1979-05-31,6.885676
1979-06-01,6.888047
1979-06-02,6.888047
1979-06-03,6.888028
1979-06-04,6.8902416
1979-06-05,6.895832
1979-06-06,6.896919
1979-06-07,6.8952327
1979-06-08,6.8966503
1979-06-09,6.8966503
1979-06-10,6.8966503
1979-06-11,6.8976746
1979-06-12,6.8975463
1979-06-13,6.899765
1979-06-14,6.9002595
1979-06-15,6.9027576
1979-06-16,6.9027643
1979-06-17,6.902796
1979-06-18,6.903564
1979-06-19,6.864225
1979-06-20,6.8616548
1979-06-21,6.861992
1979-06-22,6.857464
1979-06-23,6.8574867
1979-06-24,6.852036
1979-06-25,6.8469706
1979-06-26,6.851489
1979-06-27,6.8495426
1979-06-28,6.848023
1979-06-29,6.8464804
1979-06-30,6.8464804
1979-07-01,6.8464804
1979-07-02,6.8452444
1979-07-03,6.8424206
1979-07-04,6.8424206
1979-07-05,6.8362436
1979-07-06,6.838671
1979-07-07,6.838671
1979-07-08,6.838671
1979-07-09,6.839247
1979-07-10,6.836251
1979-07-11,6.8362255
1979-07-12,6.799185
1979-07-13,6.7619333
1979-07-14,6.761868
1979-07-15,6.761788
1979-07-16,6.749371
1979-07-17,6.7299075
1979-07-18,6.678132
1979-07-19,6.6236234
1979-07-20,6.6280155
1979-07-21,6.6280556
1979-07-22,6.628264
1979-07-23,6.614024
1979-07-24,6.6530967
1979-07-25,6.63187
1979-07-26,6.602242
1979-07-27,6.516277
1979-07-28,6.517594
1979-07-29,6.5170255
1979-07-30,6.527186
1979-07-31,6.5276446
1979-08-01,6.4815617
1979-08-02,6.488566
1979-08-03,6.510293
1979-08-04,6.5104704
1979-08-05,6.509721
1979-08-06,6.513732
1979-08-07,6.5269103
1979-08-08,6.522682
1979-08-09,6.532039
1979-08-10,6.5499835
1979-08-11,6.5499835
1979-08-12,6.549928
1979-08-13,6.552245
1979-08-14,6.553017
1979-08-15,6.5647635
1979-08-16,6.567149
1979-08-17,6.570319
1979-08-18,6.5701685
1979-08-19,6.570292
1979-08-20,6.5506034
1979-08-21,6.5507383
1979-08-22,6.5483694
1979-08-23,6.526409
1979-08-24,6.529
1979-08-25,6.525143
1979-08-26,6.525143
1979-08-27,6.530877
1979-08-28,6.530061
1979-08-29,6.5298367
1979-08-30,6.52823
1979-08-31,6.525704
1979-09-01,6.526188
1979-09-02,6.5268517
1979-09-03,6.52738
1979-09-04,6.5294185
1979-09-05,6.529644
1979-09-06,6.529052
1979-09-07,6.5328894
1979-09-08,6.5328894
1979-09-09,6.5328894
1979-09-10,6.519815
1979-09-11,6.5196214
1979-09-12,6.51884
1979-09-13,6.5173597
1979-09-14,6.5173
1979-09-15,6.5171423
1979-09-16,6.517308
1979-09-17,6.521818
1979-09-18,6.5184875
1979-09-19,6.514139
1979-09-20,6.5038376
1979-09-21,6.485242
1979-09-22,6.4852285
1979-09-23,6.4856725
1979-09-24,6.487265
1979-09-25,6.4882455
1979-09-26,6.4876137
1979-09-27,6.490699
1979-09-28,6.491323
1979-09-29,6.4913397
1979-09-30,6.491944
1979-10-01,6.4943514
1979-10-02,6.4974875
1979-10-03,6.4973297
1979-10-04,6.497977
1979-10-05,6.4990554
1979-10-06,6.499071
1979-10-07,6.499071
1979-10-08,6.5029006
1979-10-09,6.512934
1979-10-10,6.5195675
1979-10-11,6.538987
1979-10-12,6.519268
1979-10-13,6.519456
1979-10-14,6.519456
1979-10-15,6.506752
1979-10-16,6.5219955
1979-10-17,6.542062
1979-10-18,6.5748324
1979-10-19,6.5979705
1979-10-20,6.5977845
1979-10-21,6.598079
1979-10-22,6.6003804
1979-10-23,6.770735
1979-10-24,6.775684
1979-10-25,6.835276
1979-10-26,6.8522916
1979-10-27,6.8514915
1979-10-28,6.851562
1979-10-29,6.8443975
1979-10-30,6.858926
1979-10-31,6.8809214
1979-11-01,6.8429637
1979-11-02,6.8445086
1979-11-03,6.8445277
1979-11-04,6.84442
1979-11-05,6.850343
1979-11-06,6.860132
1979-11-07,6.861929
1979-11-08,6.8679595
1979-11-09,6.86955
1979-11-10,6.867069
1979-11-11,6.86713
1979-11-12,6.870749
1979-11-13,6.852766
1979-11-14,6.8557863
1979-11-15,6.8596106
1979-11-16,6.854116
1979-11-17,6.85423
1979-11-18,6.8543005
1979-11-19,6.8542266
1979-11-20,6.854199
1979-11-21,6.8404756
1979-11-22,6.8404756
1979-11-23,6.836287
1979-11-24,6.8358436
1979-11-25,6.8358436
1979-11-26,6.8365726
1979-11-27,6.82922
1979-11-28,6.8349714
1979-11-29,6.835682
1979-11-30,6.8346605
1979-12-01,6.832345
1979-12-02,6.832333
1979-12-03,6.8308196
1979-12-04,6.829167
1979-12-05,6.8280506
1979-12-06,6.825902
1979-12-07,6.8363333
1979-12-08,6.835753
1979-12-09,6.8356066
1979-12-10,6.834043
1979-12-11,6.8494315
1979-12-12,6.8482475
1979-12-13,6.847214
1979-12-14,6.842517
1979-12-15,6.8424945
1979-12-16,6.8424945
1979-12-17,6.841763
1979-12-18,6.8360004
1979-12-19,6.8305993
1979-12-20,6.80562
1979-12-21,6.800611
1979-12-22,6.800611
1979-12-23,6.800611
1979-12-24,6.8000097
1979-12-25,6.8000097
1979-12-26,6.8022003
1979-12-27,6.802296
1979-12-28,6.802141
1979-12-29,6.802141
1979-12-30,6.802141
1979-12-31,6.802154
1980-01-01,6.802154
1980-01-02,6.8020215
1980-01-03,6.7963753
1980-01-04,6.797691
1980-01-05,6.797691
1980-01-06,6.797691
1980-01-07,6.7978373
1980-01-08,6.7994246
1980-01-09,6.797745
1980-01-10,6.794772
1980-01-11,6.7974033
1980-01-12,6.797392
1980-01-13,6.797392
1980-01-14,6.7968946
1980-01-15,6.779545
1980-01-16,6.70327
1980-01-17,6.69085
1980-01-18,6.7347083
1980-01-19,6.7351084
1980-01-20,6.7351246
1980-01-21,6.752991
1980-01-22,6.7909093
1980-01-23,6.879252
1980-01-24,6.8542705
1980-01-25,6.866497
1980-01-26,6.86713
1980-01-27,6.86713
1980-01-28,6.8146067
1980-01-29,6.814631
1980-01-30,6.8335376
1980-01-31,6.7814317
1980-02-01,6.772476
1980-02-02,6.773146
1980-02-03,6.773133
1980-02-04,6.76867
1980-02-05,6.668562
1980-02-06,6.6646457
1980-02-07,6.658706
1980-02-08,6.6636963
1980-02-09,6.6636963
1980-02-10,6.6636934
1980-02-11,6.671908
1980-02-12,6.6693435
1980-02-13,6.6681514
1980-02-14,6.674759
1980-02-15,6.614614
1980-02-16,6.6150565
1980-02-17,6.614179
1980-02-18,6.6130524
1980-02-19,6.6163
1980-02-20,6.589955
1980-02-21,6.599149
1980-02-22,6.613757
1980-02-23,6.6136184
1980-02-24,6.613619
1980-02-25,6.6184473
1980-02-26,6.6221743
1980-02-27,6.6303225
1980-02-28,6.630431
1980-02-29,6.5964613
1980-03-01,6.5974174
1980-03-02,6.5974174
1980-03-03,6.5953846
1980-03-04,6.602719
1980-03-05,6.590823
1980-03-06,6.5917945
1980-03-07,6.594703
1980-03-08,6.5947847
1980-03-09,6.5947714
1980-03-10,6.596775
1980-03-11,6.6027493
1980-03-12,6.603688
1980-03-13,6.5382986
1980-03-14,6.445108
1980-03-15,6.445108
1980-03-16,6.445108
1980-03-17,6.4485245
1980-03-18,6.41791
1980-03-19,6.4023633
1980-03-20,6.3817763
1980-03-21,6.3816595
1980-03-22,6.384759
1980-03-23,6.384759
1980-03-24,6.385685
1980-03-25,6.380093
1980-03-26,6.3708634
1980-03-27,6.3716946
1980-03-28,6.3724318
1980-03-29,6.372444
1980-03-30,6.3726697
1980-03-31,6.374
1980-04-01,6.377313
1980-04-02,6.380288
1980-04-03,6.379855
1980-04-04,6.376048
1980-04-05,6.376048
1980-04-06,6.376048
1980-04-07,6.376553
1980-04-08,6.372915
1980-04-09,6.363713
1980-04-10,6.333065
1980-04-11,6.3626122
1980-04-12,6.3626122
1980-04-13,6.3628473
1980-04-14,6.3913755
1980-04-15,6.3893433
1980-04-16,6.369566
1980-04-17,6.276844
1980-04-18,6.214206
1980-04-19,6.2142515
1980-04-20,6.2143936
1980-04-21,6.182842
1980-04-22,6.138065
1980-04-23,6.099732
1980-04-24,6.036081
1980-04-25,5.9135346
1980-04-26,5.914944
1980-04-27,5.911729
1980-04-28,5.873254
1980-04-29,5.851243
1980-04-30,5.822262
1980-05-01,5.8263865
1980-05-02,5.7577252
1980-05-03,5.7578406
1980-05-04,5.757012
1980-05-05,5.7551866
1980-05-06,5.745964
1980-05-07,5.734725
1980-05-08,5.733151
1980-05-09,5.7303333
1980-05-10,5.7303333
1980-05-11,5.731026
1980-05-12,5.7291355
1980-05-13,5.728234
1980-05-14,5.725133
1980-05-15,5.6912775
1980-05-16,5.6830764
1980-05-17,5.683042
1980-05-18,5.6830225
1980-05-19,5.686559
1980-05-20,5.7005086
1980-05-21,5.8224187
1980-05-22,5.853065
1980-05-23,5.8633447
1980-05-24,5.8633447
1980-05-25,5.863327
1980-05-26,5.862017
1980-05-27,5.8635473
1980-05-28,5.8611746
1980-05-29,5.8634114
1980-05-30,5.8656635
1980-05-31,5.8656635
1980-06-01,5.8656936
1980-06-02,5.8622966
1980-06-03,5.861562
1980-06-04,5.8618565
1980-06-05,5.8597145
1980-06-06,5.868456
1980-06-07,5.868456
1980-06-08,5.868298
1980-06-09,5.8648944
1980-06-10,5.8664412
1980-06-11,5.8654065
1980-06-12,5.865482
1980-06-13,5.8663664
1980-06-14,5.8663664
1980-06-15,5.8664026
1980-06-16,5.8683662
1980-06-17,5.870508
1980-06-18,5.8714094
1980-06-19,5.8847837
1980-06-20,5.884502
1980-06-21,5.884502
1980-06-22,5.884502
1980-06-23,5.8822393
1980-06-24,5.8803067
1980-06-25,5.8759527
1980-06-26,5.8758054
1980-06-27,5.8747377
1980-06-28,5.8747377
1980-06-29,5.8747377
1980-06-30,5.874708
1980-07-01,5.8761077
1980-07-02,5.8770204
1980-07-03,5.8750143
1980-07-04,5.8750143
1980-07-05,5.8743486
1980-07-06,5.8743415
1980-07-07,5.8738127
1980-07-08,5.8780184
1980-07-09,5.862919
1980-07-10,5.8645377
1980-07-11,5.868252
1980-07-12,5.868252
1980-07-13,5.868111
1980-07-14,5.8654437
1980-07-15,5.868219
1980-07-16,5.8699574
1980-07-17,5.902927
1980-07-18,6.0142956
1980-07-19,6.0142956
1980-07-20,6.0142684
1980-07-21,6.069911
1980-07-22,6.322165
1980-07-23,6.381153
1980-07-24,6.5011115
1980-07-25,6.610237
1980-07-26,6.610237
1980-07-27,6.611931
1980-07-28,6.6707797
1980-07-29,6.7167673
1980-07-30,6.737361
1980-07-31,6.801047
1980-08-01,6.8100486
1980-08-02,6.825105
1980-08-03,6.825751
1980-08-04,6.82564
1980-08-05,6.8519716
1980-08-06,6.9273796
1980-08-07,6.923438
1980-08-08,6.940621
1980-08-09,6.940725
1980-08-10,6.9434237
1980-08-11,6.945775
1980-08-12,6.9611034
1980-08-13,6.977101
1980-08-14,6.9794555
1980-08-15,6.9973383
1980-08-16,6.99732
1980-08-17,6.997464
1980-08-18,7.012824
1980-08-19,7.0382195
1980-08-20,7.0437336
1980-08-21,7.0463657
1980-08-22,7.062227
1980-08-23,7.062988
1980-08-24,7.0631943
1980-08-25,7.070519
1980-08-26,7.068705
1980-08-27,7.0759635
1980-08-28,7.0786095
1980-08-29,7.0855274
1980-08-30,7.085684
1980-08-31,7.0856724
1980-09-01,7.0856686
1980-09-02,7.089938
1980-09-03,7.1035013
1980-09-04,7.1054897
1980-09-05,7.1025925
1980-09-06,7.102557
1980-09-07,7.102557
1980-09-08,7.103526
1980-09-09,7.1035852
1980-09-10,7.143102
1980-09-11,7.145731
1980-09-12,7.1501975
1980-09-13,7.1501975
1980-09-14,7.1501913
1980-09-15,7.158009
1980-09-16,7.1630464
1980-09-17,7.1655984
1980-09-18,7.149836
1980-09-19,7.1519365
1980-09-20,7.1519365
1980-09-21,7.1519365
1980-09-22,7.1512556
1980-09-23,7.150748
1980-09-24,7.1538167
1980-09-25,7.1602283
1980-09-26,7.1608143
1980-09-27,7.1608143
1980-09-28,7.1606574
1980-09-29,7.1621017
1980-09-30,7.1603103
1980-10-01,7.1618066
1980-10-02,7.164822
1980-10-03,7.1646814
1980-10-04,7.1646814
1980-10-05,7.164755
1980-10-06,7.168238
1980-10-07,7.169795
1980-10-08,7.173644
1980-10-09,7.2003326
1980-10-10,7.2135487
1980-10-11,7.2135377
1980-10-12,7.213932
1980-10-13,7.21247
1980-10-14,7.230657
1980-10-15,7.2512126
1980-10-16,7.2724466
1980-10-17,7.2956996
1980-10-18,7.295379
1980-10-19,7.294022
1980-10-20,7.260658
1980-10-21,7.3334723
1980-10-22,7.3876305
1980-10-23,7.381373
1980-10-24,7.4595203
1980-10-25,7.459542
1980-10-26,7.4599304
1980-10-27,7.509111
1980-10-28,7.5315423
1980-10-29,7.5166154
1980-10-30,7.5139995
1980-10-31,7.5315094
1980-11-01,7.5319357
1980-11-02,7.53194
1980-11-03,7.5436573
1980-11-04,7.5493917
1980-11-05,7.5596504
1980-11-06,7.573175
1980-11-07,7.572407
1980-11-08,7.571767
1980-11-09,7.571425
1980-11-10,7.573016
1980-11-11,7.5776196
1980-11-12,7.542615
1980-11-13,7.556492
1980-11-14,7.554671
1980-11-15,7.5546155
1980-11-16,7.5548043
1980-11-17,7.5554066
1980-11-18,7.5561676
1980-11-19,7.558126
1980-11-20,7.543744
1980-11-21,7.537905
1980-11-22,7.537905
1980-11-23,7.537905
1980-11-24,7.542534
1980-11-25,7.539703
1980-11-26,7.5478587
1980-11-27,7.5478587
1980-11-28,7.5483465
1980-11-29,7.5483465
1980-11-30,7.5483465
1980-12-01,7.7052794
1980-12-02,7.70488
1980-12-03,7.7012753
1980-12-04,7.7075934
1980-12-05,7.7062397
1980-12-06,7.7064047
1980-12-07,7.7064047
1980-12-08,7.704093
1980-12-09,7.712329
1980-12-10,7.7103424
1980-12-11,7.709636
1980-12-12,7.7050347
1980-12-13,7.7050347
1980-12-14,7.704586
1980-12-15,7.703534
1980-12-16,7.6981487
1980-12-17,7.695591
1980-12-18,7.6760135
1980-12-19,7.672484
1980-12-20,7.672484
1980-12-21,7.6726103
1980-12-22,7.6707973
1980-12-23,7.672542
1980-12-24,7.6726556
1980-12-25,7.6726556
1980-12-26,7.672794
1980-12-27,7.672794
1980-12-28,7.672794
1980-12-29,7.672393
1980-12-30,7.6733866
1980-12-31,7.67494
1981-01-01,7.67494
1981-01-02,7.67494
1981-01-03,7.67494
1981-01-04,7.6756287
1981-01-05,7.677539
1981-01-06,7.6768003
1981-01-07,7.676922
1981-01-08,7.6799603
1981-01-09,7.68175
1981-01-10,7.68175
1981-01-11,7.68175
1981-01-12,7.6784544
1981-01-13,7.678589
1981-01-14,7.6948357
1981-01-15,7.682803
1981-01-16,7.687895
1981-01-17,7.6880674
1981-01-18,7.687923
1981-01-19,7.622893
1981-01-20,7.600759
1981-01-21,7.6011233
1981-01-22,7.609623
1981-01-23,7.747482
1981-01-24,7.7471237
1981-01-25,7.747489
1981-01-26,7.8621254
1981-01-27,7.8860226
1981-01-28,7.934111
1981-01-29,8.028998
1981-01-30,8.041387
1981-01-31,8.044572
1981-02-01,8.044976
1981-02-02,8.027112
1981-02-03,8.01843
1981-02-04,8.021236
1981-02-05,7.960094
1981-02-06,7.961738
1981-02-07,7.961738
1981-02-08,7.961738
1981-02-09,7.9735823
1981-02-10,7.989761
1981-02-11,7.9789886
1981-02-12,7.981266
1981-02-13,8.019056
1981-02-14,8.016434
1981-02-15,8.016448
1981-02-16,8.017117
1981-02-17,8.024373
1981-02-18,8.025681
1981-02-19,8.052129
1981-02-20,8.067075
1981-02-21,8.067608
1981-02-22,8.068346
1981-02-23,8.078228
1981-02-24,8.073216
1981-02-25,8.087025
1981-02-26,8.088605
1981-02-27,8.085381
1981-02-28,8.085381
1981-03-01,8.085381
1981-03-02,8.08649
1981-03-03,8.06149
1981-03-04,8.057687
1981-03-05,8.06417
1981-03-06,8.068671
1981-03-07,8.068484
1981-03-08,8.068731
1981-03-09,8.062572
1981-03-10,8.05828
1981-03-11,8.052504
1981-03-12,8.014009
1981-03-13,8.135945
1981-03-14,8.132164
1981-03-15,8.13225
1981-03-16,8.129265
1981-03-17,8.091434
1981-03-18,8.083209
1981-03-19,8.140566
1981-03-20,8.127089
1981-03-21,8.127169
1981-03-22,8.129317
1981-03-23,8.132648
1981-03-24,8.138451
1981-03-25,8.132991
1981-03-26,8.123795
1981-03-27,8.1277485
1981-03-28,8.1277485
1981-03-29,8.1277485
1981-03-30,8.127589
1981-03-31,8.125985
1981-04-01,8.123169
1981-04-02,8.127291
1981-04-03,8.121888
1981-04-04,8.121888
1981-04-05,8.121888
1981-04-06,8.120215
1981-04-07,8.117818
1981-04-08,8.1180935
1981-04-09,8.124427
1981-04-10,8.121801
1981-04-11,8.121801
1981-04-12,8.121801
1981-04-13,8.222583
1981-04-14,8.259475
1981-04-15,8.261281
1981-04-16,8.3066635
1981-04-17,8.341125
1981-04-18,8.350829
1981-04-19,8.352332
1981-04-20,8.341185
1981-04-21,8.327558
1981-04-22,8.316113
1981-04-23,8.271749
1981-04-24,8.157187
1981-04-25,8.152791
1981-04-26,8.152532
1981-04-27,8.156154
1981-04-28,8.1385
1981-04-29,8.070694
1981-04-30,8.053865
1981-05-01,8.042298
1981-05-02,8.042298
1981-05-03,8.042114
1981-05-04,8.027386
1981-05-05,8.057766
1981-05-06,8.025782
1981-05-07,8.012993
1981-05-08,8.005332
1981-05-09,8.005338
1981-05-10,8.005786
1981-05-11,8.006519
1981-05-12,8.007002
1981-05-13,8.002549
1981-05-14,8.029726
1981-05-15,8.034025
1981-05-16,8.034025
1981-05-17,8.035567
1981-05-18,8.066411
1981-05-19,8.095721
1981-05-20,8.1328535
1981-05-21,8.167887
1981-05-22,8.044175
1981-05-23,8.041853
1981-05-24,8.041853
1981-05-25,8.041853
1981-05-26,8.042495
1981-05-27,8.058365
1981-05-28,8.0428
1981-05-29,8.048051
1981-05-30,8.048051
1981-05-31,8.048051
1981-06-01,8.05143
1981-06-02,8.049779
1981-06-03,8.04297
1981-06-04,8.04768
1981-06-05,8.048307
1981-06-06,8.048307
1981-06-07,8.048307
1981-06-08,8.048676
1981-06-09,8.052022
1981-06-10,8.0584345
1981-06-11,8.059443
1981-06-12,8.0606985
1981-06-13,8.060675
1981-06-14,8.060718
1981-06-15,8.062013
1981-06-16,8.07568
1981-06-17,8.104129
1981-06-18,8.105449
1981-06-19,8.102756
1981-06-20,8.103216
1981-06-21,8.103216
1981-06-22,8.098983
1981-06-23,8.104609
1981-06-24,8.101922
1981-06-25,8.103019
1981-06-26,8.117151
1981-06-27,8.117151
1981-06-28,8.117151
1981-06-29,8.116022
1981-06-30,8.113227
1981-07-01,8.113252
1981-07-02,8.114114
1981-07-03,8.114114
1981-07-04,8.114114
1981-07-05,8.114114
1981-07-06,8.114786
1981-07-07,8.115595
1981-07-08,8.115071
1981-07-09,8.116455
1981-07-10,8.104453
1981-07-11,8.104453
1981-07-12,8.104453
1981-07-13,8.1038475
1981-07-14,8.073485
1981-07-15,8.063241
1981-07-16,8.047907
1981-07-17,8.021735
1981-07-18,8.018828
1981-07-19,8.018828
1981-07-20,8.050612
1981-07-21,8.039912
1981-07-22,7.991192
1981-07-23,7.871963
1981-07-24,7.8772817
1981-07-25,7.8730164
1981-07-26,7.872701
1981-07-27,7.8761606
1981-07-28,7.861801
1981-07-29,7.784186
1981-07-30,7.760314
1981-07-31,7.747527
1981-08-01,7.7516227
1981-08-02,7.765694
1981-08-03,7.761343
1981-08-04,7.7609906
1981-08-05,7.7728567
1981-08-06,7.798305
1981-08-07,7.797675
1981-08-08,7.797675
1981-08-09,7.797675
1981-08-10,7.7976627
1981-08-11,7.8094344
1981-08-12,7.810031
1981-08-13,7.8099265
1981-08-14,7.8056674
1981-08-15,7.805469
1981-08-16,7.805469
1981-08-17,7.8088865
1981-08-18,7.8088903
1981-08-19,7.803486
1981-08-20,7.8024035
1981-08-21,7.8000145
1981-08-22,7.799779
1981-08-23,7.7997565
1981-08-24,7.799585
1981-08-25,7.79024
1981-08-26,7.7878776
1981-08-27,7.7872415
1981-08-28,7.788549
1981-08-29,7.788549
1981-08-30,7.7886553
1981-08-31,7.8623304
1981-09-01,7.8627963
1981-09-02,7.860799
1981-09-03,7.861448
1981-09-04,7.862563
1981-09-05,7.862563
1981-09-06,7.8626776
1981-09-07,7.8626776
1981-09-08,7.8633246
1981-09-09,7.8630567
1981-09-10,7.861122
1981-09-11,7.861616
1981-09-12,7.8616304
1981-09-13,7.8620005
1981-09-14,7.8586297
1981-09-15,7.8571362
1981-09-16,7.853818
1981-09-17,7.7843447
1981-09-18,7.7754993
1981-09-19,7.7754993
1981-09-20,7.7754993
1981-09-21,7.774987
1981-09-22,7.768829
1981-09-23,7.768276
1981-09-24,7.762985
1981-09-25,7.759477
1981-09-26,7.759477
1981-09-27,7.759477
1981-09-28,7.754813
1981-09-29,7.7550516
1981-09-30,7.749548
1981-10-01,7.749383
1981-10-02,7.7497725
1981-10-03,7.7497725
1981-10-04,7.7497725
1981-10-05,7.749578
1981-10-06,7.7474756
1981-10-07,7.753229
1981-10-08,7.7504845
1981-10-09,7.7407904
1981-10-10,7.7409267
1981-10-11,7.7409167
1981-10-12,7.7404447
1981-10-13,7.7541103
1981-10-14,7.763091
1981-10-15,7.6921225
1981-10-16,7.638806
1981-10-17,7.638823
1981-10-18,7.6390753
1981-10-19,7.5940294
1981-10-20,7.5319576
1981-10-21,7.5003963
1981-10-22,7.439035
1981-10-23,7.3699875
1981-10-24,7.3694105
1981-10-25,7.3691173
1981-10-26,7.3666687
1981-10-27,7.4218674
1981-10-28,7.31322
1981-10-29,7.2855616
1981-10-30,7.266067
1981-10-31,7.266067
1981-11-01,7.266067
1981-11-02,7.259156
1981-11-03,7.238373
1981-11-04,7.246078
1981-11-05,7.2394075
1981-11-06,7.205302
1981-11-07,7.2052784
1981-11-08,7.205209
1981-11-09,7.1963425
1981-11-10,7.1880116
1981-11-11,7.1615467
1981-11-12,7.15814
1981-11-13,7.157489
1981-11-14,7.157489
1981-11-15,7.157429
1981-11-16,7.149647
1981-11-17,7.1539426
1981-11-18,7.1463823
1981-11-19,7.140979
1981-11-20,7.137268
1981-11-21,7.137237
1981-11-22,7.136917
1981-11-23,7.1350317
1981-11-24,7.1339207
1981-11-25,7.1347365
1981-11-26,7.1347365
1981-11-27,7.136557
1981-11-28,7.136557
1981-11-29,7.136545
1981-11-30,7.1353483
1981-12-01,7.1347456
1981-12-02,7.13122
1981-12-03,7.128797
1981-12-04,7.1262307
1981-12-05,7.126168
1981-12-06,7.1254334
1981-12-07,7.12699
1981-12-08,7.100988
1981-12-09,7.1007967
1981-12-10,7.1003075
1981-12-11,7.1003084
1981-12-12,7.1003084
1981-12-13,7.100563
1981-12-14,7.093314
1981-12-15,7.0873303
1981-12-16,7.087101
1981-12-17,7.086326
1981-12-18,7.0930476
1981-12-19,7.093058
1981-12-20,7.0915093
1981-12-21,7.0853634
1981-12-22,7.0832925
1981-12-23,7.0798464
1981-12-24,7.080629
1981-12-25,7.080629
1981-12-26,7.0846486
1981-12-27,7.0846486
1981-12-28,7.0840917
1981-12-29,7.084342
1981-12-30,7.0839143
1981-12-31,7.084078
1982-01-01,7.084078
1982-01-02,7.084078
1982-01-03,7.084078
1982-01-04,7.085072
1982-01-05,7.0776696
1982-01-06,7.0766754
1982-01-07,7.076131
1982-01-08,7.075574
1982-01-09,7.075526
1982-01-10,7.075557
1982-01-11,7.057133
1982-01-12,7.0778465
1982-01-13,7.079183
1982-01-14,7.0789294
1982-01-15,7.079068
1982-01-16,7.079193
1982-01-17,7.0796785
1982-01-18,7.024737
1982-01-19,7.022573
1982-01-20,7.022131
1982-01-21,7.0456533
1982-01-22,7.104123
1982-01-23,7.0806
1982-01-24,7.0806
1982-01-25,7.1030293
1982-01-26,7.1245756
1982-01-27,7.3492107
1982-01-28,7.257265
1982-01-29,7.270512
1982-01-30,7.2706676
1982-01-31,7.2709064
1982-02-01,7.3132014
1982-02-02,7.417392
1982-02-03,7.4271393
1982-02-04,7.44923
1982-02-05,7.466437
1982-02-06,7.46633
1982-02-07,7.46633
1982-02-08,7.461911
1982-02-09,7.4752097
1982-02-10,7.470381
1982-02-11,7.4622707
1982-02-12,7.4076424
1982-02-13,7.4082956
1982-02-14,7.408343
1982-02-15,7.4095407
1982-02-16,7.4244924
1982-02-17,7.3959475
1982-02-18,7.440558
1982-02-19,7.43813
1982-02-20,7.43813
1982-02-21,7.438107
1982-02-22,7.447
1982-02-23,7.447313
1982-02-24,7.45446
1982-02-25,7.4626927
1982-02-26,7.4534664
1982-02-27,7.4535728
1982-02-28,7.453556
1982-03-01,7.4588885
1982-03-02,7.433335
1982-03-03,7.434697
1982-03-04,7.4060073
1982-03-05,7.405988
1982-03-06,7.405988
1982-03-07,7.4061127
1982-03-08,7.4087696
1982-03-09,7.4288187
1982-03-10,7.4176006
1982-03-11,7.3983493
1982-03-12,7.4077454
1982-03-13,7.4077454
1982-03-14,7.4083366
1982-03-15,7.41437
1982-03-16,7.404467
1982-03-17,7.3926363
1982-03-18,7.366186
1982-03-19,7.365405
1982-03-20,7.365405
1982-03-21,7.3658686
1982-03-22,7.3666363
1982-03-23,7.369226
1982-03-24,7.377651
1982-03-25,7.3902
1982-03-26,7.3893895
1982-03-27,7.3892474
1982-03-28,7.389362
1982-03-29,7.3890314
1982-03-30,7.3898797
1982-03-31,7.4011097
1982-04-01,7.402001
1982-04-02,7.3776417
1982-04-03,7.3776417
1982-04-04,7.3791947
1982-04-05,7.3758783
1982-04-06,7.3725038
1982-04-07,7.3921475
1982-04-08,7.393155
1982-04-09,7.390483
1982-04-10,7.390483
1982-04-11,7.3905907
1982-04-12,7.396018
1982-04-13,7.3965216
1982-04-14,7.4350767
1982-04-15,7.5313163
1982-04-16,7.539713
1982-04-17,7.540417
1982-04-18,7.5191884
1982-04-19,7.505309
1982-04-20,7.5307875
1982-04-21,7.5098615
1982-04-22,7.544586
1982-04-23,7.455942
1982-04-24,7.451568
1982-04-25,7.451461
1982-04-26,7.4687786
1982-04-27,7.512784
1982-04-28,7.59288
1982-04-29,7.6909027
1982-04-30,7.6352983
1982-05-01,7.6358776
1982-05-02,7.635981
1982-05-03,7.6361647
1982-05-04,7.6279635
1982-05-05,7.582225
1982-05-06,7.575266
1982-05-07,7.528219
1982-05-08,7.528409
1982-05-09,7.530923
1982-05-10,7.527623
1982-05-11,7.5275793
1982-05-12,7.5366173
1982-05-13,7.478733
1982-05-14,7.4792056
1982-05-15,7.478366
1982-05-16,7.4817934
1982-05-17,7.4870267
1982-05-18,7.5468283
1982-05-19,7.598942
1982-05-20,7.625833
1982-05-21,7.6492496
1982-05-22,7.6488853
1982-05-23,7.6488304
1982-05-24,7.6480565
1982-05-25,7.657816
1982-05-26,7.6614976
1982-05-27,7.6676855
1982-05-28,7.678931
1982-05-29,7.678866
1982-05-30,7.678866
1982-05-31,7.678785
1982-06-01,7.678576
1982-06-02,7.6862984
1982-06-03,7.696377
1982-06-04,7.6965446
1982-06-05,7.6965547
1982-06-06,7.696634
1982-06-07,7.79378
1982-06-08,7.7888894
1982-06-09,7.788549
1982-06-10,7.7999887
1982-06-11,7.800373
1982-06-12,7.800477
1982-06-13,7.8009667
1982-06-14,7.798811
1982-06-15,7.7818756
1982-06-16,7.7879257
1982-06-17,7.8159747
1982-06-18,7.8152604
1982-06-19,7.8152604
1982-06-20,7.8153214
1982-06-21,7.817811
1982-06-22,7.816464
1982-06-23,7.809224
1982-06-24,7.8079634
1982-06-25,7.805342
1982-06-26,7.805342
1982-06-27,7.805337
1982-06-28,7.80494
1982-06-29,7.8058953
1982-06-30,7.806207
1982-07-01,7.8066583
1982-07-02,7.8000164
1982-07-03,7.8000183
1982-07-04,7.799996
1982-07-05,7.8000383
1982-07-06,7.799792
1982-07-07,7.8036346
1982-07-08,7.7991757
1982-07-09,7.781205
1982-07-10,7.781289
1982-07-11,7.781307
1982-07-12,7.7743015
1982-07-13,7.7727633
1982-07-14,7.7023277
1982-07-15,7.6746297
1982-07-16,7.6418242
1982-07-17,7.641875
1982-07-18,7.64179
1982-07-19,7.6592813
1982-07-20,7.6191635
1982-07-21,7.578512
1982-07-22,7.602841
1982-07-23,7.550871
1982-07-24,7.5519867
1982-07-25,7.5517774
1982-07-26,7.5713744
1982-07-27,7.478668
1982-07-28,7.501887
1982-07-29,7.4981017
1982-07-30,7.522212
1982-07-31,7.5223374
1982-08-01,7.521062
1982-08-02,7.5349617
1982-08-03,7.5543065
1982-08-04,7.565812
1982-08-05,7.5847654
1982-08-06,7.593139
1982-08-07,7.593277
1982-08-08,7.593191
1982-08-09,7.6033187
1982-08-10,7.601294
1982-08-11,7.6098347
1982-08-12,7.6236115
1982-08-13,7.6356287
1982-08-14,7.635703
1982-08-15,7.6369557
1982-08-16,7.647987
1982-08-17,7.6364202
1982-08-18,7.6249323
1982-08-19,7.6170692
1982-08-20,7.6144934
1982-08-21,7.614459
1982-08-22,7.61469
1982-08-23,7.6141663
1982-08-24,7.6194425
1982-08-25,7.6106534
1982-08-26,7.6089
1982-08-27,7.605434
1982-08-28,7.60533
1982-08-29,7.606273
1982-08-30,7.6067405
1982-08-31,7.6328983
1982-09-01,7.6322017
1982-09-02,7.6280103
1982-09-03,7.6303806
1982-09-04,7.6302
1982-09-05,7.630187
1982-09-06,7.629896
1982-09-07,7.630034
1982-09-08,7.6273317
1982-09-09,7.6275344
1982-09-10,7.625802
1982-09-11,7.6259084
1982-09-12,7.625939
1982-09-13,7.6242433
1982-09-14,7.6226344
1982-09-15,7.6241794
1982-09-16,7.622508
1982-09-17,7.6236115
1982-09-18,7.623374
1982-09-19,7.623317
1982-09-20,7.5991936
1982-09-21,7.594299
1982-09-22,7.5967827
1982-09-23,7.59664
1982-09-24,7.5952725
1982-09-25,7.5952725
1982-09-26,7.5960217
1982-09-27,7.597404
1982-09-28,7.5992327
1982-09-29,7.6015906
1982-09-30,7.6029587
1982-10-01,7.609016
1982-10-02,7.609016
1982-10-03,7.6089635
1982-10-04,7.618677
1982-10-05,7.6198993
1982-10-06,7.6228237
1982-10-07,7.6303396
1982-10-08,7.6571712
1982-10-09,7.657206
1982-10-10,7.657756
1982-10-11,7.6584573
1982-10-12,7.656634
1982-10-13,7.66638
1982-10-14,7.7398157
1982-10-15,7.7668805
1982-10-16,7.7668076
1982-10-17,7.7670174
1982-10-18,7.782379
1982-10-19,7.7996945
1982-10-20,7.8390255
1982-10-21,7.877398
1982-10-22,7.8835845
1982-10-23,7.883835
1982-10-24,7.889911
1982-10-25,7.8674374
1982-10-26,7.941952
1982-10-27,7.9637594
1982-10-28,7.9942174
1982-10-29,7.9582767
1982-10-30,7.957992
1982-10-31,7.9605722
1982-11-01,7.9747014
1982-11-02,7.9826884
1982-11-03,7.985535
1982-11-04,7.993282
1982-11-05,7.9881444
1982-11-06,7.9882364
1982-11-07,7.989197
1982-11-08,7.9817986
1982-11-09,7.9784784
1982-11-10,8.004994
1982-11-11,8.024184
1982-11-12,7.993924
1982-11-13,7.9930253
1982-11-14,7.9936213
1982-11-15,8.000949
1982-11-16,8.01572
1982-11-17,8.030537
1982-11-18,8.047552
1982-11-19,8.05072
1982-11-20,8.050705
1982-11-21,8.050921
1982-11-22,8.052718
1982-11-23,8.063132
1982-11-24,8.075494
1982-11-25,8.075187
1982-11-26,8.076798
1982-11-27,8.076798
1982-11-28,8.07697
1982-11-29,8.075052
1982-11-30,8.076934
1982-12-01,8.0805645
1982-12-02,8.080985
1982-12-03,8.080993
1982-12-04,8.080993
1982-12-05,8.080739
1982-12-06,8.0845375
1982-12-07,8.089189
1982-12-08,8.088737
1982-12-09,8.089952
1982-12-10,8.090423
1982-12-11,8.090424
1982-12-12,8.090375
1982-12-13,8.0903225
1982-12-14,8.095229
1982-12-15,8.103624
1982-12-16,8.1223545
1982-12-17,8.1264515
1982-12-18,8.125655
1982-12-19,8.126755
1982-12-20,8.128388
1982-12-21,8.129393
1982-12-22,8.13313
1982-12-23,8.194474
1982-12-24,8.194537
1982-12-25,8.194537
1982-12-26,8.194537
1982-12-27,8.19501
1982-12-28,8.19595
1982-12-29,8.19911
1982-12-30,8.199116
1982-12-31,8.200889
1983-01-01,8.200874
1983-01-02,8.200871
1983-01-03,8.200972
1983-01-04,8.1721945
1983-01-05,8.177111
1983-01-06,8.178438
1983-01-07,8.190507
1983-01-08,8.190529
1983-01-09,8.191409
1983-01-10,8.221987
1983-01-11,8.227181
1983-01-12,8.242299
1983-01-13,8.244544
1983-01-14,8.252163
1983-01-15,8.252349
1983-01-16,8.252675
1983-01-17,8.272896
1983-01-18,8.299172
1983-01-19,8.3341055
1983-01-20,8.3695755
1983-01-21,8.441841
1983-01-22,8.442252
1983-01-23,8.444818
1983-01-24,8.476558
1983-01-25,8.403586
1983-01-26,8.6139765
1983-01-27,8.673876
1983-01-28,8.711563
1983-01-29,8.7135935
1983-01-30,8.713672
1983-01-31,8.773784
1983-02-01,8.82011
1983-02-02,8.843762
1983-02-03,8.877732
1983-02-04,8.9047985
1983-02-05,8.90477
1983-02-06,8.904815
1983-02-07,8.930154
1983-02-08,8.948078
1983-02-09,8.981075
1983-02-10,9.042554
1983-02-11,9.037759
1983-02-12,9.037919
1983-02-13,9.037876
1983-02-14,9.0740385
1983-02-15,9.082058
1983-02-16,9.102368
1983-02-17,9.170725
1983-02-18,9.18765
1983-02-19,9.18763
1983-02-20,9.187729
1983-02-21,9.215326
1983-02-22,9.237704
1983-02-23,9.24779
1983-02-24,9.2706785
1983-02-25,9.324122
1983-02-26,9.323932
1983-02-27,9.323573
1983-02-28,9.294392
1983-03-01,9.300129
1983-03-02,9.154744
1983-03-03,9.153981
1983-03-04,9.154612
1983-03-05,9.156597
1983-03-06,9.159502
1983-03-07,9.165496
1983-03-08,9.16829
1983-03-09,9.133294
1983-03-10,9.120776
1983-03-11,8.9502535
1983-03-12,8.9507265
1983-03-13,8.950944
1983-03-14,8.952747
1983-03-15,8.927066
1983-03-16,8.894977
1983-03-17,8.896322
1983-03-18,8.893463
1983-03-19,8.893881
1983-03-20,8.894752
1983-03-21,8.908138
1983-03-22,8.92487
1983-03-23,8.926824
1983-03-24,8.92642
1983-03-25,8.92984
1983-03-26,8.929884
1983-03-27,8.9296465
1983-03-28,8.930321
1983-03-29,8.927059
1983-03-30,8.927119
1983-03-31,8.935573
1983-04-01,8.931093
1983-04-02,8.931121
1983-04-03,8.931266
1983-04-04,8.935578
1983-04-05,8.970049
1983-04-06,8.968303
1983-04-07,8.977223
1983-04-08,8.996947
1983-04-09,8.997605
1983-04-10,8.998116
1983-04-11,8.992211
1983-04-12,9.00452
1983-04-13,9.078407
1983-04-14,9.09838
1983-04-15,9.326104
1983-04-16,9.325193
1983-04-17,9.3278885
1983-04-18,9.358209
1983-04-19,9.425947
1983-04-20,9.449087
1983-04-21,9.488484
1983-04-22,9.562024
1983-04-23,9.565989
1983-04-24,9.567094
1983-04-25,9.590527
1983-04-26,9.806202
1983-04-27,10.140797
1983-04-28,10.180139
1983-04-29,10.240703
1983-04-30,10.242253
1983-05-01,10.241956
1983-05-02,10.254927
1983-05-03,10.209714
1983-05-04,10.274604
1983-05-05,10.287981
1983-05-06,10.283882
1983-05-07,10.279208
1983-05-08,10.279425
1983-05-09,10.271155
1983-05-10,10.272085
1983-05-11,10.2741165
1983-05-12,10.318569
1983-05-13,10.342248
1983-05-14,10.342468
1983-05-15,10.34331
1983-05-16,10.401629
1983-05-17,10.423969
1983-05-18,10.591977
1983-05-19,10.604132
1983-05-20,10.700072
1983-05-21,10.699951
1983-05-22,10.7003145
1983-05-23,10.7019415
1983-05-24,10.723617
1983-05-25,10.739921
1983-05-26,10.865233
1983-05-27,10.880224
1983-05-28,10.881549
1983-05-29,10.882002
1983-05-30,10.889927
1983-05-31,10.891604
1983-06-01,10.905913
1983-06-02,10.905346
1983-06-03,10.912246
1983-06-04,10.912358
1983-06-05,10.912244
1983-06-06,10.913576
1983-06-07,10.914582
1983-06-08,10.916278
1983-06-09,10.925938
1983-06-10,10.928132
1983-06-11,10.928204
1983-06-12,10.92826
1983-06-13,10.928945
1983-06-14,10.914374
1983-06-15,10.925029
1983-06-16,10.928196
1983-06-17,10.802855
1983-06-18,10.802777
1983-06-19,10.80289
1983-06-20,10.807221
1983-06-21,10.807378
1983-06-22,10.808113
1983-06-23,10.806677
1983-06-24,10.809265
1983-06-25,10.809265
1983-06-26,10.80951
1983-06-27,10.811273
1983-06-28,10.825651
1983-06-29,10.827844
1983-06-30,10.840374
1983-07-01,10.839838
1983-07-02,10.840951
1983-07-03,10.842852
1983-07-04,10.849985
1983-07-05,10.84847
1983-07-06,10.838672
1983-07-07,10.8380375
1983-07-08,10.840664
1983-07-09,10.841191
1983-07-10,10.846022
1983-07-11,10.845673
1983-07-12,10.852446
1983-07-13,10.854228
1983-07-14,10.801574
1983-07-15,10.77199
1983-07-16,10.772107
1983-07-17,10.775634
1983-07-18,10.777606
1983-07-19,10.717562
1983-07-20,10.7555895
1983-07-21,10.69031
1983-07-22,10.704078
1983-07-23,10.70255
1983-07-24,10.705606
1983-07-25,10.72334
1983-07-26,10.700664
1983-07-27,10.624261
1983-07-28,10.601794
1983-07-29,10.6132345
1983-07-30,10.615243
1983-07-31,10.617805
1983-08-01,10.593262
1983-08-02,10.646994
1983-08-03,10.677502
1983-08-04,10.7057085
1983-08-05,10.725893
1983-08-06,10.7312765
1983-08-07,10.731412
1983-08-08,10.739404
1983-08-09,10.750847
1983-08-10,10.755071
1983-08-11,10.753368
1983-08-12,10.741092
1983-08-13,10.741259
1983-08-14,10.741258
1983-08-15,10.72577
1983-08-16,10.739958
1983-08-17,10.758278
1983-08-18,10.749056
1983-08-19,10.749571
1983-08-20,10.7501545
1983-08-21,10.752357
1983-08-22,10.766246
1983-08-23,10.769808
1983-08-24,10.773049
1983-08-25,10.770117
1983-08-26,10.7716465
1983-08-27,10.77424
1983-08-28,10.774369
1983-08-29,10.773671
1983-08-30,10.775875
1983-08-31,10.782307
1983-09-01,10.784661
1983-09-02,10.783878
1983-09-03,10.783721
1983-09-04,10.783977
1983-09-05,10.784249
1983-09-06,10.7837305
1983-09-07,10.780585
1983-09-08,10.773824
1983-09-09,10.771936
1983-09-10,10.771927
1983-09-11,10.771618
1983-09-12,10.786263
1983-09-13,10.791524
1983-09-14,10.794211
1983-09-15,10.795172
1983-09-16,10.794953
1983-09-17,10.795757
1983-09-18,10.79589
1983-09-19,10.79004
1983-09-20,10.7828045
1983-09-21,10.783225
1983-09-22,10.79054
1983-09-23,10.790508
1983-09-24,10.790641
1983-09-25,10.791327
1983-09-26,10.785763
1983-09-27,10.785795
1983-09-28,10.792363
1983-09-29,10.799788
1983-09-30,10.805554
1983-10-01,10.805299
1983-10-02,10.805246
1983-10-03,10.802833
1983-10-04,10.802941
1983-10-05,10.799767
1983-10-06,10.794254
1983-10-07,10.792165
1983-10-08,10.792179
1983-10-09,10.792191
1983-10-10,10.798659
1983-10-11,10.784903
1983-10-12,10.779061
1983-10-13,10.754184
1983-10-14,10.745754
1983-10-15,10.746554
1983-10-16,10.74418
1983-10-17,10.7418
1983-10-18,10.713056
1983-10-19,10.670576
1983-10-20,10.736216
1983-10-21,10.662826
1983-10-22,10.6721945
1983-10-23,10.671806
1983-10-24,10.566516
1983-10-25,10.515696
1983-10-26,10.384512
1983-10-27,10.25977
1983-10-28,10.195469
1983-10-29,10.194291
1983-10-30,10.185881
1983-10-31,10.1340475
1983-11-01,10.133656
1983-11-02,10.139013
1983-11-03,10.09958
1983-11-04,10.092974
1983-11-05,10.092634
1983-11-06,10.09229
1983-11-07,10.095969
1983-11-08,10.090336
1983-11-09,10.08047
1983-11-10,10.067511
1983-11-11,10.067474
1983-11-12,10.067307
1983-11-13,10.067187
1983-11-14,10.077408
1983-11-15,10.06654
1983-11-16,10.049807
1983-11-17,10.011248
1983-11-18,10.006458
1983-11-19,10.00547
1983-11-20,10.005222
1983-11-21,10.006614
1983-11-22,10.001998
1983-11-23,10.001539
1983-11-24,10.001539
1983-11-25,9.999332
1983-11-26,9.995025
1983-11-27,9.995359
1983-11-28,9.996977
1983-11-29,9.999953
1983-11-30,9.996286
1983-12-01,9.994506
1983-12-02,9.9918165
1983-12-03,9.991811
1983-12-04,9.9921
1983-12-05,9.990786
1983-12-06,9.989814
1983-12-07,9.981203
1983-12-08,9.978943
1983-12-09,9.977832
1983-12-10,9.977924
1983-12-11,9.977825
1983-12-12,9.973992
1983-12-13,9.971943
1983-12-14,9.973488
1983-12-15,9.9712305
1983-12-16,9.958639
1983-12-17,9.959412
1983-12-18,9.959333
1983-12-19,9.958127
1983-12-20,9.945974
1983-12-21,9.930232
1983-12-22,9.929352
1983-12-23,9.929033
1983-12-24,9.929033
1983-12-25,9.929033
1983-12-26,9.929059
1983-12-27,9.928282
1983-12-28,9.929249
1983-12-29,9.929225
1983-12-30,9.9305935
1983-12-31,9.9305935
1984-01-01,9.9305935
1984-01-02,9.930602
1984-01-03,9.930632
1984-01-04,9.929169
1984-01-05,9.927879
1984-01-06,9.926434
1984-01-07,9.926466
1984-01-08,9.92646
1984-01-09,9.921779
1984-01-10,9.927607
1984-01-11,9.929928
1984-01-12,9.921834
1984-01-13,9.919729
1984-01-14,9.918549
1984-01-15,9.918524
1984-01-16,9.914311
1984-01-17,9.880403
1984-01-18,9.877834
1984-01-19,9.762146
1984-01-20,9.76066
1984-01-21,9.759429
1984-01-22,9.7591915
1984-01-23,9.729829
1984-01-24,9.782554
1984-01-25,9.771597
1984-01-26,9.825134
1984-01-27,10.105698
1984-01-28,10.106476
1984-01-29,10.1080475
1984-01-30,10.112127
1984-01-31,10.082058
1984-02-01,10.043948
1984-02-02,10.030354
1984-02-03,9.995789
1984-02-04,9.995971
1984-02-05,9.995789
1984-02-06,9.999822
1984-02-07,9.930139
1984-02-08,9.776501
1984-02-09,9.775118
1984-02-10,9.77024
1984-02-11,9.769806
1984-02-12,9.772235
1984-02-13,9.769845
1984-02-14,9.685438
1984-02-15,9.648334
1984-02-16,9.668921
1984-02-17,9.671131
1984-02-18,9.670412
1984-02-19,9.670294
1984-02-20,9.667839
1984-02-21,9.679626
1984-02-22,9.708048
1984-02-23,9.694528
1984-02-24,9.685993
1984-02-25,9.679329
1984-02-26,9.679482
1984-02-27,9.694621
1984-02-28,9.677711
1984-02-29,9.626615
1984-03-01,9.624991
1984-03-02,9.6248865
1984-03-03,9.624904
1984-03-04,9.624876
1984-03-05,9.614286
1984-03-06,9.613027
1984-03-07,9.620619
1984-03-08,9.554449
1984-03-09,9.546919
1984-03-10,9.546846
1984-03-11,9.547052
1984-03-12,9.537232
1984-03-13,9.502559
1984-03-14,9.479594
1984-03-15,9.312027
1984-03-16,9.276115
1984-03-17,9.295315
1984-03-18,9.295685
1984-03-19,9.295618
1984-03-20,9.296711
1984-03-21,9.299071
1984-03-22,9.300703
1984-03-23,9.301857
1984-03-24,9.301083
1984-03-25,9.300628
1984-03-26,9.290402
1984-03-27,9.2896805
1984-03-28,9.288641
1984-03-29,9.283519
1984-03-30,9.273821
1984-03-31,9.274058
1984-04-01,9.270845
1984-04-02,9.260298
1984-04-03,9.260826
1984-04-04,9.257795
1984-04-05,9.2508135
1984-04-06,9.248763
1984-04-07,9.24846
1984-04-08,9.248433
1984-04-09,9.247934
1984-04-10,9.250247
1984-04-11,9.2476
1984-04-12,9.356792
1984-04-13,9.348833
1984-04-14,9.3487625
1984-04-15,9.347306
1984-04-16,9.322557
1984-04-17,9.287401
1984-04-18,9.196893
1984-04-19,8.875094
1984-04-20,8.886927
1984-04-21,8.886327
1984-04-22,8.887064
1984-04-23,8.844254
1984-04-24,8.882334
1984-04-25,8.957482
1984-04-26,8.839845
1984-04-27,8.782089
1984-04-28,8.781821
1984-04-29,8.781768
1984-04-30,8.569219
1984-05-01,8.56975
1984-05-02,8.570562
1984-05-03,8.530778
1984-05-04,8.521819
1984-05-05,8.523328
1984-05-06,8.523171
1984-05-07,8.532983
1984-05-08,8.532839
1984-05-09,8.535378
1984-05-10,8.53646
1984-05-11,8.540463
1984-05-12,8.540459
1984-05-13,8.540897
1984-05-14,8.585595
1984-05-15,8.688267
1984-05-16,8.700238
1984-05-17,8.698724
1984-05-18,8.712166
1984-05-19,8.712233
1984-05-20,8.712255
1984-05-21,8.71332
1984-05-22,8.71807
1984-05-23,8.745248
1984-05-24,8.766919
1984-05-25,8.767427
1984-05-26,8.76719
1984-05-27,8.767154
1984-05-28,8.767417
1984-05-29,8.770071
1984-05-30,8.758836
1984-05-31,8.759034
1984-06-01,8.762043
1984-06-02,8.762036
1984-06-03,8.76217
1984-06-04,8.761619
1984-06-05,8.758757
1984-06-06,8.758904
1984-06-07,8.758252
1984-06-08,8.755632
1984-06-09,8.755632
1984-06-10,8.755525
1984-06-11,8.756186
1984-06-12,8.748878
1984-06-13,8.752111
1984-06-14,8.750367
1984-06-15,8.754441
1984-06-16,8.754311
1984-06-17,8.754462
1984-06-18,8.755167
1984-06-19,8.750837
1984-06-20,8.748463
1984-06-21,8.735561
1984-06-22,8.730895
1984-06-23,8.730906
1984-06-24,8.730919
1984-06-25,8.733192
1984-06-26,8.740659
1984-06-27,8.734924
1984-06-28,8.725948
1984-06-29,8.725348
1984-06-30,8.721199
1984-07-01,8.721386
1984-07-02,8.722595
1984-07-03,8.715737
1984-07-04,8.715737
1984-07-05,8.714417
1984-07-06,8.719946
1984-07-07,8.719889
1984-07-08,8.719892
1984-07-09,8.718175
1984-07-10,8.716551
1984-07-11,8.696896
1984-07-12,8.576239
1984-07-13,8.448442
1984-07-14,8.448432
1984-07-15,8.4476795
1984-07-16,8.40506
1984-07-17,8.34414
1984-07-18,8.295767
1984-07-19,8.229643
1984-07-20,8.164895
1984-07-21,8.1632395
1984-07-22,8.175302
1984-07-23,8.154486
1984-07-24,8.125111
1984-07-25,8.072864
1984-07-26,7.9941425
1984-07-27,7.9758697
1984-07-28,7.9531136
1984-07-29,7.9538536
1984-07-30,7.955674
1984-07-31,8.014083
1984-08-01,8.027212
1984-08-02,8.037767
1984-08-03,8.04298
1984-08-04,8.042197
1984-08-05,8.042481
1984-08-06,8.039468
1984-08-07,8.058184
1984-08-08,8.0623865
1984-08-09,8.062594
1984-08-10,8.0818
1984-08-11,8.081728
1984-08-12,8.081805
1984-08-13,8.067547
1984-08-14,8.068444
1984-08-15,8.063984
1984-08-16,8.053496
1984-08-17,8.056141
1984-08-18,8.056183
1984-08-19,8.056761
1984-08-20,8.058826
1984-08-21,8.046849
1984-08-22,8.04998
1984-08-23,8.050346
1984-08-24,8.045875
1984-08-25,8.0455885
1984-08-26,8.045486
1984-08-27,8.04871
1984-08-28,8.043906
1984-08-29,8.042858
1984-08-30,8.038645
1984-08-31,8.047161
1984-09-01,8.047161
1984-09-02,8.046876
1984-09-03,8.046757
1984-09-04,8.044418
1984-09-05,8.044694
1984-09-06,8.04645
1984-09-07,8.040984
1984-09-08,8.040984
1984-09-09,8.041128
1984-09-10,8.0433035
1984-09-11,8.041579
1984-09-12,8.039151
1984-09-13,8.0397005
1984-09-14,8.04044
1984-09-15,8.050254
1984-09-16,8.050288
1984-09-17,8.050708
1984-09-18,8.051961
1984-09-19,8.055
1984-09-20,8.05275
1984-09-21,8.061033
1984-09-22,8.061033
1984-09-23,8.061014
1984-09-24,8.058289
1984-09-25,8.058854
1984-09-26,8.059101
1984-09-27,8.061054
1984-09-28,8.065727
1984-09-29,8.065787
1984-09-30,8.065787
1984-10-01,8.065964
1984-10-02,8.067582
1984-10-03,8.070373
1984-10-04,8.073552
1984-10-05,8.079953
1984-10-06,8.079943
1984-10-07,8.079916
1984-10-08,8.079926
1984-10-09,8.08037
1984-10-10,8.082801
1984-10-11,8.148149
1984-10-12,8.219915
1984-10-13,8.220225
1984-10-14,8.220225
1984-10-15,8.224513
1984-10-16,8.245444
1984-10-17,8.2667675
1984-10-18,8.295094
1984-10-19,8.325211
1984-10-20,8.324878
1984-10-21,8.325109
1984-10-22,8.29488
1984-10-23,8.3681
1984-10-24,8.594527
1984-10-25,8.714979
1984-10-26,8.76599
1984-10-27,8.765971
1984-10-28,8.766272
1984-10-29,8.931765
1984-10-30,8.920566
1984-10-31,8.920415
1984-11-01,8.9214325
1984-11-02,8.927851
1984-11-03,8.927798
1984-11-04,8.928286
1984-11-05,8.928272
1984-11-06,8.921155
1984-11-07,8.919395
1984-11-08,8.904543
1984-11-09,8.913684
1984-11-10,8.898234
1984-11-11,8.897432
1984-11-12,8.894706
1984-11-13,8.892812
1984-11-14,8.880061
1984-11-15,8.888376
1984-11-16,8.8805895
1984-11-17,8.880518
1984-11-18,8.880434
1984-11-19,8.87995
1984-11-20,8.870389
1984-11-21,8.873784
1984-11-22,8.879544
1984-11-23,8.879149
1984-11-24,8.879149
1984-11-25,8.879171
1984-11-26,8.881574
1984-11-27,8.879894
1984-11-28,8.882556
1984-11-29,8.882716
1984-11-30,8.884283
1984-12-01,8.884485
1984-12-02,8.884601
1984-12-03,8.878697
1984-12-04,8.880794
1984-12-05,8.876201
1984-12-06,8.879653
1984-12-07,8.883092
1984-12-08,8.8831415
1984-12-09,8.882944
1984-12-10,8.884511
1984-12-11,8.885678
1984-12-12,8.887261
1984-12-13,8.886188
1984-12-14,8.880725
1984-12-15,8.880752
1984-12-16,8.880347
1984-12-17,8.880641
1984-12-18,8.882938
1984-12-19,8.871728
1984-12-20,8.874025
1984-12-21,8.871261
1984-12-22,8.871348
1984-12-23,8.867104
1984-12-24,8.867076
1984-12-25,8.867076
1984-12-26,8.868427
1984-12-27,8.868147
1984-12-28,8.862589
1984-12-29,8.862491
1984-12-30,8.862594
1984-12-31,8.863088
1985-01-01,8.862409
1985-01-02,8.8634
1985-01-03,8.872551
1985-01-04,8.873445
1985-01-05,8.873437
1985-01-06,8.873437
1985-01-07,8.875961
1985-01-08,8.880885
1985-01-09,8.880588
1985-01-10,8.880613
1985-01-11,8.881983
1985-01-12,8.881983
1985-01-13,8.882007
1985-01-14,8.882641
1985-01-15,8.901622
1985-01-16,8.913309
1985-01-17,8.900806
1985-01-18,8.797995
1985-01-19,8.79748
1985-01-20,8.797698
1985-01-21,8.830073
1985-01-22,8.846468
1985-01-23,8.896782
1985-01-24,8.959908
1985-01-25,9.01913
1985-01-26,9.019116
1985-01-27,9.019515
1985-01-28,9.034356
1985-01-29,9.002961
1985-01-30,8.981754
1985-01-31,9.022497
1985-02-01,9.041772
1985-02-02,9.04188
1985-02-03,9.042122
1985-02-04,9.041628
1985-02-05,8.9347725
1985-02-06,8.939927
1985-02-07,8.9615555
1985-02-08,8.969503
1985-02-09,8.969503
1985-02-10,8.97232
1985-02-11,8.9444685
1985-02-12,8.972439
1985-02-13,8.950404
1985-02-14,8.8616495
1985-02-15,8.7950945
1985-02-16,8.793473
1985-02-17,8.793232
1985-02-18,8.7932
1985-02-19,8.824124
1985-02-20,8.817458
1985-02-21,8.860092
1985-02-22,8.865552
1985-02-23,8.865835
1985-02-24,8.865935
1985-02-25,8.870771
1985-02-26,8.874378
1985-02-27,8.864492
1985-02-28,8.848478
1985-03-01,8.855473
1985-03-02,8.855207
1985-03-03,8.8544655
1985-03-04,8.853333
1985-03-05,8.846998
1985-03-06,8.8364105
1985-03-07,8.873342
1985-03-08,8.815325
1985-03-09,8.815333
1985-03-10,8.815499
1985-03-11,8.816218
1985-03-12,8.819994
1985-03-13,8.826631
1985-03-14,8.831317
1985-03-15,8.833223
1985-03-16,8.835873
1985-03-17,8.83286
1985-03-18,8.795892
1985-03-19,8.765558
1985-03-20,8.760659
1985-03-21,8.764103
1985-03-22,8.774695
1985-03-23,8.774699
1985-03-24,8.774621
1985-03-25,8.773295
1985-03-26,8.772921
1985-03-27,8.774823
1985-03-28,8.715172
1985-03-29,8.719349
1985-03-30,8.719306
1985-03-31,8.719306
1985-04-01,8.71969
1985-04-02,8.718698
1985-04-03,8.706108
1985-04-04,8.705649
1985-04-05,8.704967
1985-04-06,8.704971
1985-04-07,8.705332
1985-04-08,8.727849
1985-04-09,8.724823
1985-04-10,8.72443
1985-04-11,8.974686
1985-04-12,9.055794
1985-04-13,9.055794
1985-04-14,9.056044
1985-04-15,9.082653
1985-04-16,9.129714
1985-04-17,9.184177
1985-04-18,9.24318
1985-04-19,9.321923
1985-04-20,9.3353195
1985-04-21,9.334972
1985-04-22,9.328588
1985-04-23,9.384253
1985-04-24,9.487641
1985-04-25,9.609115
1985-04-26,9.576606
1985-04-27,9.576489
1985-04-28,9.581133
1985-04-29,9.568341
1985-04-30,9.575538
1985-05-01,9.602001
1985-05-02,9.59613
1985-05-03,9.630002
1985-05-04,9.633834
1985-05-05,9.633928
1985-05-06,9.637674
1985-05-07,9.644649
1985-05-08,9.6440735
1985-05-09,9.665164
1985-05-10,9.668981
1985-05-11,9.668757
1985-05-12,9.665418
1985-05-13,9.67334
1985-05-14,9.686045
1985-05-15,9.703521
1985-05-16,9.704675
1985-05-17,9.708124
1985-05-18,9.701856
1985-05-19,9.702485
1985-05-20,9.69356
1985-05-21,9.722528
1985-05-22,9.7691965
1985-05-23,9.842462
1985-05-24,9.883448
1985-05-25,9.883569
1985-05-26,9.883611
1985-05-27,9.883637
1985-05-28,9.885186
1985-05-29,9.885331
1985-05-30,9.883994
1985-05-31,9.893388
1985-06-01,9.89333
1985-06-02,9.893346
1985-06-03,9.893613
1985-06-04,9.897515
1985-06-05,9.914865
1985-06-06,9.929818
1985-06-07,9.891367
1985-06-08,9.887951
1985-06-09,9.88797
1985-06-10,9.88895
1985-06-11,9.896565
1985-06-12,9.930834
1985-06-13,9.930784
1985-06-14,9.931003
1985-06-15,9.930954
1985-06-16,9.931046
1985-06-17,9.938973
1985-06-18,9.931873
1985-06-19,9.9389715
1985-06-20,9.913275
1985-06-21,9.937342
1985-06-22,9.937469
1985-06-23,9.937874
1985-06-24,9.936872
1985-06-25,9.936514
1985-06-26,9.935322
1985-06-27,9.935985
1985-06-28,9.934457
1985-06-29,9.934627
1985-06-30,9.935419
1985-07-01,9.934096
1985-07-02,9.928621
1985-07-03,9.927152
1985-07-04,9.927152
1985-07-05,9.927148
1985-07-06,9.927156
1985-07-07,9.927106
1985-07-08,9.919908
1985-07-09,9.922573
1985-07-10,9.909714
1985-07-11,9.895995
1985-07-12,9.872267
1985-07-13,9.872203
1985-07-14,9.874585
1985-07-15,9.857131
1985-07-16,9.740406
1985-07-17,9.784893
1985-07-18,9.779144
1985-07-19,9.670902
1985-07-20,9.670677
1985-07-21,9.670641
1985-07-22,9.715539
1985-07-23,9.683209
1985-07-24,9.829751
1985-07-25,9.808188
1985-07-26,9.795585
1985-07-27,9.793472
1985-07-28,9.793497
1985-07-29,9.862749
1985-07-30,9.830706
1985-07-31,9.816826
1985-08-01,9.839345
1985-08-02,9.857578
1985-08-03,9.856983
1985-08-04,9.857017
1985-08-05,9.89347
1985-08-06,9.896451
1985-08-07,9.916979
1985-08-08,9.980719
1985-08-09,9.938233
1985-08-10,9.942825
1985-08-11,9.943072
1985-08-12,9.945103
1985-08-13,9.946028
1985-08-14,9.940002
1985-08-15,9.943013
1985-08-16,9.938586
1985-08-17,9.947696
1985-08-18,9.948005
1985-08-19,9.951409
1985-08-20,9.963874
1985-08-21,9.9658785
1985-08-22,9.971636
1985-08-23,9.97302
1985-08-24,9.97302
1985-08-25,9.973122
1985-08-26,9.973449
1985-08-27,9.97439
1985-08-28,9.977165
1985-08-29,9.977918
1985-08-30,9.98015
1985-08-31,9.98015
1985-09-01,9.98015
1985-09-02,9.980087
1985-09-03,9.980941
1985-09-04,9.977316
1985-09-05,9.987339
1985-09-06,9.978076
1985-09-07,9.978076
1985-09-08,9.9784975
1985-09-09,9.973469
1985-09-10,9.97302
1985-09-11,9.972338
1985-09-12,9.974076
1985-09-13,9.975207
1985-09-14,9.9752245
1985-09-15,9.975168
1985-09-16,9.9757595
1985-09-17,9.987284
1985-09-18,9.990116
1985-09-19,9.992469
1985-09-20,10.0053
1985-09-21,10.005175
1985-09-22,10.00453
1985-09-23,10.003312
1985-09-24,9.993533
1985-09-25,10.001033
1985-09-26,10.000407
1985-09-27,9.999539
1985-09-28,9.999573
1985-09-29,9.999572
1985-09-30,10.002725
1985-10-01,9.997491
1985-10-02,9.997494
1985-10-03,10.004745
1985-10-04,9.9947605
1985-10-05,9.994778
1985-10-06,9.994581
1985-10-07,9.996711
1985-10-08,9.994347
1985-10-09,9.996082
1985-10-10,10.01517
1985-10-11,10.012216
1985-10-12,10.003844
1985-10-13,10.003545
1985-10-14,10.0086355
1985-10-15,9.972088
1985-10-16,9.960324
1985-10-17,9.850554
1985-10-18,9.807552
1985-10-19,9.793689
1985-10-20,9.793642
1985-10-21,9.708441
1985-10-22,9.756281
1985-10-23,9.80999
1985-10-24,9.753826
1985-10-25,9.665907
1985-10-26,9.661
1985-10-27,9.661178
1985-10-28,9.719256
1985-10-29,9.782929
1985-10-30,9.808778
1985-10-31,9.784652
1985-11-01,9.783158
1985-11-02,9.783139
1985-11-03,9.783194
1985-11-04,9.764113
1985-11-05,9.748541
1985-11-06,9.757801
1985-11-07,9.736743
1985-11-08,9.828626
1985-11-09,9.828707
1985-11-10,9.828631
1985-11-11,9.826542
1985-11-12,9.827918
1985-11-13,9.832371
1985-11-14,9.833251
1985-11-15,9.840365
1985-11-16,9.840648
1985-11-17,9.840522
1985-11-18,9.820182
1985-11-19,9.790274
1985-11-20,9.766305
1985-11-21,9.773417
1985-11-22,9.77217
1985-11-23,9.772104
1985-11-24,9.772128
1985-11-25,9.773031
1985-11-26,9.773161
1985-11-27,9.769199
1985-11-28,9.769426
1985-11-29,9.770174
1985-11-30,9.770158
1985-12-01,9.770158
1985-12-02,9.77017
1985-12-03,9.775833
1985-12-04,9.768591
1985-12-05,9.766152
1985-12-06,9.759244
1985-12-07,9.759244
1985-12-08,9.759745
1985-12-09,9.762677
1985-12-10,9.763803
1985-12-11,9.764095
1985-12-12,9.762791
1985-12-13,9.786889
1985-12-14,9.786889
1985-12-15,9.786887
1985-12-16,9.787009
1985-12-17,9.781294
1985-12-18,9.781044
1985-12-19,9.776925
1985-12-20,9.775524
1985-12-21,9.773772
1985-12-22,9.773755
1985-12-23,9.778761
1985-12-24,9.776936
1985-12-25,9.776641
1985-12-26,9.777199
1985-12-27,9.776918
1985-12-28,9.776936
1985-12-29,9.776897
1985-12-30,9.776478
1985-12-31,9.778813
1986-01-01,9.7788925
1986-01-02,9.780112
1986-01-03,9.784913
1986-01-04,9.784904
1986-01-05,9.784904
1986-01-06,9.784547
1986-01-07,9.803587
1986-01-08,9.802566
1986-01-09,9.802126
1986-01-10,9.802009
1986-01-11,9.802001
1986-01-12,9.802001
1986-01-13,9.80593
1986-01-14,9.7957
1986-01-15,9.783598
1986-01-16,9.773983
1986-01-17,9.647871
1986-01-18,9.647871
1986-01-19,9.64795
1986-01-20,9.666343
1986-01-21,9.689051
1986-01-22,9.757046
1986-01-23,9.870707
1986-01-24,9.957509
1986-01-25,9.957683
1986-01-26,9.957641
1986-01-27,10.011218
1986-01-28,10.127715
1986-01-29,10.043038
1986-01-30,10.0819
1986-01-31,10.1376705
1986-02-01,10.136536
1986-02-02,10.136702
1986-02-03,10.127157
1986-02-04,9.993971
1986-02-05,10.017071
1986-02-06,10.020134
1986-02-07,10.030191
1986-02-08,10.027166
1986-02-09,10.029335
1986-02-10,10.020254
1986-02-11,10.11688
1986-02-12,10.120313
1986-02-13,10.132022
1986-02-14,10.126425
1986-02-15,10.128322
1986-02-16,10.128301
1986-02-17,10.102326
1986-02-18,10.116722
1986-02-19,10.152299
1986-02-20,10.151681
1986-02-21,10.155415
1986-02-22,10.153956
1986-02-23,10.167364
1986-02-24,10.299086
1986-02-25,10.28912
1986-02-26,10.30417
1986-02-27,10.332721
1986-02-28,10.28177
1986-03-01,10.28163
1986-03-02,10.283113
1986-03-03,10.281273
1986-03-04,10.268781
1986-03-05,10.287008
1986-03-06,10.285129
1986-03-07,10.266192
1986-03-08,10.266182
1986-03-09,10.266243
1986-03-10,10.2730255
1986-03-11,10.297874
1986-03-12,10.2975
1986-03-13,10.299594
1986-03-14,10.186457
1986-03-15,10.169246
1986-03-16,10.169253
1986-03-17,10.167621
1986-03-18,10.172092
1986-03-19,10.146585
1986-03-20,10.11113
1986-03-21,10.120633
1986-03-22,10.120779
1986-03-23,10.121128
1986-03-24,10.119048
1986-03-25,10.120881
1986-03-26,10.117235
1986-03-27,10.119408
1986-03-28,10.121411
1986-03-29,10.121349
1986-03-30,10.121349
1986-03-31,10.114622
1986-04-01,10.116625
1986-04-02,10.129593
1986-04-03,10.131096
1986-04-04,10.135577
1986-04-05,10.135576
1986-04-06,10.136953
1986-04-07,10.133481
1986-04-08,10.133641
1986-04-09,10.149329
1986-04-10,10.246284
1986-04-11,10.278013
1986-04-12,10.278026
1986-04-13,10.278023
1986-04-14,10.654394
1986-04-15,10.752868
1986-04-16,10.826002
1986-04-17,10.845741
1986-04-18,11.052854
1986-04-19,11.036807
1986-04-20,11.039721
1986-04-21,11.077961
1986-04-22,11.3007345
1986-04-23,11.351006
1986-04-24,11.42012
1986-04-25,11.453159
1986-04-26,11.462156
1986-04-27,11.460177
1986-04-28,11.469284
1986-04-29,11.478958
1986-04-30,11.653056
1986-05-01,11.667337
1986-05-02,11.6718235
1986-05-03,11.671171
1986-05-04,11.671642
1986-05-05,11.649239
1986-05-06,11.669716
1986-05-07,11.677158
1986-05-08,11.699333
1986-05-09,11.716971
1986-05-10,11.716971
1986-05-11,11.716977
1986-05-12,11.723473
1986-05-13,11.760468
1986-05-14,11.813194
1986-05-15,11.867613
1986-05-16,11.947469
1986-05-17,11.947165
1986-05-18,11.9478
1986-05-19,11.948115
1986-05-20,11.999871
1986-05-21,12.172403
1986-05-22,12.174439
1986-05-23,12.181203
1986-05-24,12.181203
1986-05-25,12.181248
1986-05-26,12.222502
1986-05-27,12.240586
1986-05-28,12.264863
1986-05-29,12.269379
1986-05-30,12.282559
1986-05-31,12.282559
1986-06-01,12.282613
1986-06-02,12.295371
1986-06-03,12.307229
1986-06-04,12.320887
1986-06-05,12.323554
1986-06-06,12.455633
1986-06-07,12.455633
1986-06-08,12.455566
1986-06-09,12.456348
1986-06-10,12.4577265
1986-06-11,12.458799
1986-06-12,12.45882
1986-06-13,12.460427
1986-06-14,12.460472
1986-06-15,12.441187
1986-06-16,12.447779
1986-06-17,12.453525
1986-06-18,12.450115
1986-06-19,12.467528
1986-06-20,12.471954
1986-06-21,12.471571
1986-06-22,12.472031
1986-06-23,12.475031
1986-06-24,12.469416
1986-06-25,12.466616
1986-06-26,12.472391
1986-06-27,12.473182
1986-06-28,12.473182
1986-06-29,12.473548
1986-06-30,12.472082
1986-07-01,12.475886
1986-07-02,12.4740505
1986-07-03,12.472463
1986-07-04,12.472463
1986-07-05,12.472463
1986-07-06,12.472463
1986-07-07,12.4703245
1986-07-08,12.43114
1986-07-09,12.417648
1986-07-10,12.433839
1986-07-11,12.410977
1986-07-12,12.410916
1986-07-13,12.410917
1986-07-14,12.38396
1986-07-15,12.305098
1986-07-16,12.261185
1986-07-17,12.323291
1986-07-18,12.3931465
1986-07-19,12.388701
1986-07-20,12.38942
1986-07-21,12.461795
1986-07-22,12.4120035
1986-07-23,12.3634615
1986-07-24,12.333448
1986-07-25,12.383405
1986-07-26,12.383457
1986-07-27,12.384871
1986-07-28,12.433044
1986-07-29,12.4922085
1986-07-30,12.536908
1986-07-31,12.55491
1986-08-01,12.562277
1986-08-02,12.562277
1986-08-03,12.56235
1986-08-04,12.57242
1986-08-05,12.572051
1986-08-06,12.576829
1986-08-07,12.617744
1986-08-08,12.681652
1986-08-09,12.681634
1986-08-10,12.681276
1986-08-11,12.700907
1986-08-12,12.651828
1986-08-13,12.679693
1986-08-14,12.701216
1986-08-15,12.69843
1986-08-16,12.701283
1986-08-17,12.70169
1986-08-18,12.742734
1986-08-19,12.756468
1986-08-20,12.75065
1986-08-21,12.721709
1986-08-22,12.727713
1986-08-23,12.727619
1986-08-24,12.7276745
1986-08-25,12.725064
1986-08-26,12.721385
1986-08-27,12.716329
1986-08-28,12.714914
1986-08-29,12.713483
1986-08-30,12.713473
1986-08-31,12.713496
1986-09-01,12.7135315
1986-09-02,12.716358
1986-09-03,12.715928
1986-09-04,12.71199
1986-09-05,12.71056
1986-09-06,12.710562
1986-09-07,12.712861
1986-09-08,12.710182
1986-09-09,12.709443
1986-09-10,12.71333
1986-09-11,12.710624
1986-09-12,12.711938
1986-09-13,12.711937
1986-09-14,12.712015
1986-09-15,12.709439
1986-09-16,12.709489
1986-09-17,12.707464
1986-09-18,12.709096
1986-09-19,12.709323
1986-09-20,12.708957
1986-09-21,12.708957
1986-09-22,12.709347
1986-09-23,12.70867
1986-09-24,12.706822
1986-09-25,12.705271
1986-09-26,12.704253
1986-09-27,12.7041
1986-09-28,12.704468
1986-09-29,12.705076
1986-09-30,12.705141
1986-10-01,12.7047
1986-10-02,12.707007
1986-10-03,12.706337
1986-10-04,12.706158
1986-10-05,12.706998
1986-10-06,12.706184
1986-10-07,12.7043915
1986-10-08,12.690471
1986-10-09,12.680834
1986-10-10,12.624896
1986-10-11,12.624815
1986-10-12,12.624815
1986-10-13,12.626903
1986-10-14,12.623908
1986-10-15,12.591725
1986-10-16,12.513779
1986-10-17,12.361139
1986-10-18,12.343602
1986-10-19,12.343197
1986-10-20,12.280165
1986-10-21,12.194864
1986-10-22,12.244145
1986-10-23,12.424487
1986-10-24,12.398374
1986-10-25,12.401062
1986-10-26,12.390906
1986-10-27,12.446693
1986-10-28,12.397537
1986-10-29,12.377211
1986-10-30,12.355414
1986-10-31,12.243182
1986-11-01,12.250315
1986-11-02,12.234875
1986-11-03,12.199088
1986-11-04,12.123847
1986-11-05,12.17335
1986-11-06,12.171833
1986-11-07,12.186493
1986-11-08,12.181925
1986-11-09,12.181463
1986-11-10,12.1842575
1986-11-11,12.1564245
1986-11-12,12.119204
1986-11-13,12.098862
1986-11-14,12.123893
1986-11-15,12.124227
1986-11-16,12.123805
1986-11-17,12.097557
1986-11-18,12.092592
1986-11-19,12.084896
1986-11-20,12.077942
1986-11-21,12.062808
1986-11-22,12.062929
1986-11-23,12.063359
1986-11-24,12.070494
1986-11-25,12.06853
1986-11-26,12.054195
1986-11-27,12.054176
1986-11-28,12.053909
1986-11-29,12.053229
1986-11-30,12.055243
1986-12-01,12.05581
1986-12-02,12.054767
1986-12-03,12.052802
1986-12-04,12.052971
1986-12-05,12.05492
1986-12-06,12.05492
1986-12-07,12.05492
1986-12-08,12.045498
1986-12-09,12.043543
1986-12-10,12.049673
1986-12-11,12.037828
1986-12-12,12.038859
1986-12-13,12.037674
1986-12-14,12.037674
1986-12-15,12.037182
1986-12-16,12.036957
1986-12-17,12.0317745
1986-12-18,12.034129
1986-12-19,12.03268
1986-12-20,12.038676
1986-12-21,12.038676
1986-12-22,12.038236
1986-12-23,12.041007
1986-12-24,12.041656
1986-12-25,12.041656
1986-12-26,12.041689
1986-12-27,12.041453
1986-12-28,12.041453
1986-12-29,12.041817
1986-12-30,12.043258
1986-12-31,12.043417
1987-01-01,12.043417
1987-01-02,12.030094
1987-01-03,12.030063
1987-01-04,12.0300045
1987-01-05,12.027934
1987-01-06,12.03131
1987-01-07,12.034139
1987-01-08,12.025712
1987-01-09,12.025799
1987-01-10,12.025864
1987-01-11,12.025855
1987-01-12,12.02878
1987-01-13,12.021843
1987-01-14,11.997149
1987-01-15,11.998886
1987-01-16,12.002529
1987-01-17,12.003425
1987-01-18,12.003414
1987-01-19,11.94507
1987-01-20,11.839501
1987-01-21,11.823232
1987-01-22,11.857435
1987-01-23,11.955575
1987-01-24,11.908777
1987-01-25,11.907688
1987-01-26,11.913048
1987-01-27,11.971429
1987-01-28,12.043072
1987-01-29,12.094337
1987-01-30,12.264178
1987-01-31,12.264634
1987-02-01,12.264581
1987-02-02,12.2682085
1987-02-03,12.311606
1987-02-04,12.259147
1987-02-05,12.195283
1987-02-06,12.232167
1987-02-07,12.231914
1987-02-08,12.232949
1987-02-09,12.291351
1987-02-10,12.31264
1987-02-11,12.319177
1987-02-12,12.331677
1987-02-13,12.2428255
1987-02-14,12.243888
1987-02-15,12.24363
1987-02-16,12.243344
1987-02-17,12.332308
1987-02-18,12.303451
1987-02-19,12.258414
1987-02-20,12.245459
1987-02-21,12.24592
1987-02-22,12.244899
1987-02-23,12.285034
1987-02-24,12.274878
1987-02-25,12.420868
1987-02-26,12.435326
1987-02-27,12.442782
1987-02-28,12.442704
1987-03-01,12.4432535
1987-03-02,12.443368
1987-03-03,12.4503355
1987-03-04,12.42049
1987-03-05,12.432472
1987-03-06,12.42693
1987-03-07,12.4268875
1987-03-08,12.431486
1987-03-09,12.425434
1987-03-10,12.41284
1987-03-11,12.4193
1987-03-12,12.370394
1987-03-13,12.351244
1987-03-14,12.3508625
1987-03-15,12.350893
1987-03-16,12.35608
1987-03-17,12.368975
1987-03-18,12.300062
1987-03-19,12.271946
1987-03-20,12.295273
1987-03-21,12.296055
1987-03-22,12.296055
1987-03-23,12.277661
1987-03-24,12.269652
1987-03-25,12.274951
1987-03-26,12.270887
1987-03-27,12.274708
1987-03-28,12.274698
1987-03-29,12.275102
1987-03-30,12.2592535
1987-03-31,12.256951
1987-04-01,12.253722
1987-04-02,12.271995
1987-04-03,12.271602
1987-04-04,12.271526
1987-04-05,12.271648
1987-04-06,12.269767
1987-04-07,12.277138
1987-04-08,12.285623
1987-04-09,12.284527
1987-04-10,12.498782
1987-04-11,12.498782
1987-04-12,12.498955
1987-04-13,12.552383
1987-04-14,12.83635
1987-04-15,12.982682
1987-04-16,13.256089
1987-04-17,13.356278
1987-04-18,13.356566
1987-04-19,13.358342
1987-04-20,13.352464
1987-04-21,13.489881
1987-04-22,13.564412
1987-04-23,13.881076
1987-04-24,13.75846
1987-04-25,13.7592945
1987-04-26,13.762707
1987-04-27,13.931731
1987-04-28,14.023428
1987-04-29,14.011859
1987-04-30,13.911403
1987-05-01,13.9007015
1987-05-02,13.901926
1987-05-03,13.902536
1987-05-04,13.899312
1987-05-05,13.891119
1987-05-06,13.91063
1987-05-07,13.930225
1987-05-08,13.954607
1987-05-09,13.955282
1987-05-10,13.95582
1987-05-11,13.9613085
1987-05-12,14.058727
1987-05-13,14.110552
1987-05-14,14.124738
1987-05-15,14.137358
1987-05-16,14.132868
1987-05-17,14.133502
1987-05-18,14.138153
1987-05-19,14.204423
1987-05-20,14.411722
1987-05-21,14.413628
1987-05-22,14.454732
1987-05-23,14.453409
1987-05-24,14.453409
1987-05-25,14.453562
1987-05-26,14.453748
1987-05-27,14.440751
1987-05-28,14.441748
1987-05-29,14.440898
1987-05-30,14.440898
1987-05-31,14.440904
1987-06-01,14.453677
1987-06-02,14.462655
1987-06-03,14.478944
1987-06-04,14.481303
1987-06-05,14.519786
1987-06-06,14.520037
1987-06-07,14.519275
1987-06-08,14.517962
1987-06-09,14.513787
1987-06-10,14.513544
1987-06-11,14.516449
1987-06-12,14.516326
1987-06-13,14.516105
1987-06-14,14.516196
1987-06-15,14.505202
1987-06-16,14.501672
1987-06-17,14.498697
1987-06-18,14.492864
1987-06-19,14.464281
1987-06-20,14.462911
1987-06-21,14.4630995
1987-06-22,14.453615
1987-06-23,14.440205
1987-06-24,14.440953
1987-06-25,14.431353
1987-06-26,14.425478
1987-06-27,14.425395
1987-06-28,14.425387
1987-06-29,14.423306
1987-06-30,14.42926
1987-07-01,14.425613
1987-07-02,14.425744
1987-07-03,14.425744
1987-07-04,14.425744
1987-07-05,14.425772
1987-07-06,14.425539
1987-07-07,14.424325
1987-07-08,14.424451
1987-07-09,14.309109
1987-07-10,14.266564
1987-07-11,14.266505
1987-07-12,14.266842
1987-07-13,14.284125
1987-07-14,14.200263
1987-07-15,14.144226
1987-07-16,13.973565
1987-07-17,13.85223
1987-07-18,13.850243
1987-07-19,13.85076
1987-07-20,13.902513
1987-07-21,13.877615
1987-07-22,13.655134
1987-07-23,13.555209
1987-07-24,13.566755
1987-07-25,13.567219
1987-07-26,13.567005
1987-07-27,13.5622015
1987-07-28,13.571089
1987-07-29,13.55148
1987-07-30,13.544409
1987-07-31,13.560613
1987-08-01,13.561033
1987-08-02,13.561249
1987-08-03,13.576807
1987-08-04,13.56798
1987-08-05,13.651051
1987-08-06,13.655839
1987-08-07,13.684634
1987-08-08,13.6860485
1987-08-09,13.685994
1987-08-10,13.686431
1987-08-11,13.685508
1987-08-12,13.740882
1987-08-13,13.745793
1987-08-14,13.777674
1987-08-15,13.77681
1987-08-16,13.777579
1987-08-17,13.774874
1987-08-18,13.788784
1987-08-19,13.805547
1987-08-20,13.806126
1987-08-21,13.805974
1987-08-22,13.805973
1987-08-23,13.805788
1987-08-24,13.807594
1987-08-25,13.806484
1987-08-26,13.807139
1987-08-27,13.799973
1987-08-28,13.800422
1987-08-29,13.800533
1987-08-30,13.802801
1987-08-31,13.805228
1987-09-01,13.80806
1987-09-02,13.817993
1987-09-03,13.820429
1987-09-04,13.821548
1987-09-05,13.821548
1987-09-06,13.821584
1987-09-07,13.822026
1987-09-08,13.822899
1987-09-09,13.860066
1987-09-10,13.847911
1987-09-11,13.849052
1987-09-12,13.849023
1987-09-13,13.849023
1987-09-14,13.852142
1987-09-15,13.855378
1987-09-16,13.856224
1987-09-17,13.852291
1987-09-18,13.849919
1987-09-19,13.849844
1987-09-20,13.849912
1987-09-21,13.846175
1987-09-22,13.853603
1987-09-23,13.865918
1987-09-24,13.865248
1987-09-25,13.869276
1987-09-26,13.869257
1987-09-27,13.869257
1987-09-28,13.863748
1987-09-29,13.864166
1987-09-30,13.870645
1987-10-01,13.8747835
1987-10-02,13.875382
1987-10-03,13.875099
1987-10-04,13.874821
1987-10-05,13.876659
1987-10-06,13.877089
1987-10-07,13.887588
1987-10-08,13.915149
1987-10-09,13.916178
1987-10-10,13.915652
1987-10-11,13.91481
1987-10-12,13.913973
1987-10-13,13.895572
1987-10-14,14.000995
1987-10-15,14.045726
1987-10-16,13.93408
1987-10-17,13.933544
1987-10-18,13.933404
1987-10-19,13.848323
1987-10-20,13.825408
1987-10-21,13.794459
1987-10-22,13.806592
1987-10-23,13.865911
1987-10-24,13.885793
1987-10-25,13.883789
1987-10-26,13.855913
1987-10-27,14.0823345
1987-10-28,14.167559
1987-10-29,14.173052
1987-10-30,14.15083
1987-10-31,14.147118
1987-11-01,14.147931
1987-11-02,14.076536
1987-11-03,14.066579
1987-11-04,14.0441
1987-11-05,14.005051
1987-11-06,14.005512
1987-11-07,13.987752
1987-11-08,13.988037
1987-11-09,13.980623
1987-11-10,13.958347
1987-11-11,13.927054
1987-11-12,13.896223
1987-11-13,13.877442
1987-11-14,13.87315
1987-11-15,13.862286
1987-11-16,13.876338
1987-11-17,13.801596
1987-11-18,13.772034
1987-11-19,13.728232
1987-11-20,13.740618
1987-11-21,13.740888
1987-11-22,13.740782
1987-11-23,13.722153
1987-11-24,13.699529
1987-11-25,13.672016
1987-11-26,13.672016
1987-11-27,13.6688795
1987-11-28,13.668828
1987-11-29,13.668828
1987-11-30,13.643808
1987-12-01,13.632658
1987-12-02,13.616005
1987-12-03,13.605397
1987-12-04,13.574669
1987-12-05,13.575196
1987-12-06,13.5752
1987-12-07,13.560072
1987-12-08,13.548853
1987-12-09,13.546838
1987-12-10,13.540673
1987-12-11,13.53763
1987-12-12,13.537615
1987-12-13,13.538186
1987-12-14,13.536818
1987-12-15,13.529874
1987-12-16,13.5163965
1987-12-17,13.503766
1987-12-18,13.47069
1987-12-19,13.470627
1987-12-20,13.470507
1987-12-21,13.466605
1987-12-22,13.453112
1987-12-23,13.440556
1987-12-24,13.440591
1987-12-25,13.440591
1987-12-26,13.440591
1987-12-27,13.439816
1987-12-28,13.439848
1987-12-29,13.4394
1987-12-30,13.4385195
1987-12-31,13.432347
1988-01-01,13.432275
1988-01-02,13.432275
1988-01-03,13.432427
1988-01-04,13.417578
1988-01-05,13.407512
1988-01-06,13.38642
1988-01-07,13.36247
1988-01-08,13.360426
1988-01-09,13.360426
1988-01-10,13.360339
1988-01-11,13.336238
1988-01-12,13.317848
1988-01-13,13.2523365
1988-01-14,13.246099
1988-01-15,13.208397
1988-01-16,13.208389
1988-01-17,13.208542
1988-01-18,13.117184
1988-01-19,12.76367
1988-01-20,12.6497345
1988-01-21,12.542793
1988-01-22,12.447696
1988-01-23,12.446727
1988-01-24,12.444164
1988-01-25,12.266775
1988-01-26,12.25247
1988-01-27,12.111962
1988-01-28,11.996246
1988-01-29,11.974058
1988-01-30,11.972341
1988-01-31,11.97534
1988-02-01,11.930507
1988-02-02,11.849418
1988-02-03,11.897893
1988-02-04,11.797343
1988-02-05,11.651615
1988-02-06,11.655247
1988-02-07,11.655285
1988-02-08,11.595081
1988-02-09,11.441729
1988-02-10,11.413803
1988-02-11,11.3856125
1988-02-12,11.360573
1988-02-13,11.365587
1988-02-14,11.301379
1988-02-15,11.319056
1988-02-16,11.281941
1988-02-17,11.243787
1988-02-18,11.263323
1988-02-19,11.155865
1988-02-20,11.155867
1988-02-21,11.145603
1988-02-22,11.189648
1988-02-23,11.144158
1988-02-24,11.116266
1988-02-25,11.014379
1988-02-26,11.015493
1988-02-27,11.01462
1988-02-28,10.980816
1988-02-29,10.971939
1988-03-01,10.943282
1988-03-02,10.929991
1988-03-03,10.825703
1988-03-04,10.815074
1988-03-05,10.815074
1988-03-06,10.815119
1988-03-07,10.801976
1988-03-08,10.818517
1988-03-09,10.817826
1988-03-10,10.752654
1988-03-11,10.748116
1988-03-12,10.747458
1988-03-13,10.747459
1988-03-14,10.750799
1988-03-15,10.727825
1988-03-16,10.684912
1988-03-17,10.674704
1988-03-18,10.67085
1988-03-19,10.671016
1988-03-20,10.671016
1988-03-21,10.668829
1988-03-22,10.668847
1988-03-23,10.673389
1988-03-24,10.672979
1988-03-25,10.673936
1988-03-26,10.675015
1988-03-27,10.675015
1988-03-28,10.673597
1988-03-29,10.674343
1988-03-30,10.673176
1988-03-31,10.672279
1988-04-01,10.670361
1988-04-02,10.669878
1988-04-03,10.669899
1988-04-04,10.668528
1988-04-05,10.694661
1988-04-06,10.696368
1988-04-07,10.7283325
1988-04-08,10.658551
1988-04-09,10.6584835
1988-04-10,10.658494
1988-04-11,10.660049
1988-04-12,10.646434
1988-04-13,10.874379
1988-04-14,10.895447
1988-04-15,10.932343
1988-04-16,10.932716
1988-04-17,10.933663
1988-04-18,10.911043
1988-04-19,10.905871
1988-04-20,10.833796
1988-04-21,10.886122
1988-04-22,10.915186
1988-04-23,10.910147
1988-04-24,10.910069
1988-04-25,11.007384
1988-04-26,10.924416
1988-04-27,10.823478
1988-04-28,10.685864
1988-04-29,10.603876
1988-04-30,10.605054
1988-05-01,10.603909
1988-05-02,10.608112
1988-05-03,10.592983
1988-05-04,10.595365
1988-05-05,10.590572
1988-05-06,10.591318
1988-05-07,10.591159
1988-05-08,10.590992
1988-05-09,10.597399
1988-05-10,10.635412
1988-05-11,10.632167
1988-05-12,10.678406
1988-05-13,10.722017
1988-05-14,10.722374
1988-05-15,10.721237
1988-05-16,10.709206
1988-05-17,10.758789
1988-05-18,10.843146
1988-05-19,10.852408
1988-05-20,10.853613
1988-05-21,10.8535185
1988-05-22,10.853521
1988-05-23,10.85984
1988-05-24,10.857012
1988-05-25,10.857119
1988-05-26,10.905462
1988-05-27,10.972529
1988-05-28,10.972529
1988-05-29,10.972529
1988-05-30,10.972149
1988-05-31,10.977225
1988-06-01,10.981339
1988-06-02,10.97785
1988-06-03,10.983487
1988-06-04,10.983439
1988-06-05,10.9840765
1988-06-06,11.015035
1988-06-07,11.012686
1988-06-08,11.023032
1988-06-09,11.12417
1988-06-10,11.118292
1988-06-11,11.118292
1988-06-12,11.118321
1988-06-13,11.118969
1988-06-14,11.119494
1988-06-15,11.118965
1988-06-16,11.11795
1988-06-17,11.115775
1988-06-18,11.115797
1988-06-19,11.115847
1988-06-20,11.11297
1988-06-21,11.110479
1988-06-22,11.110048
1988-06-23,11.107157
1988-06-24,11.105378
1988-06-25,11.105284
1988-06-26,11.105233
1988-06-27,11.094818
1988-06-28,11.096127
1988-06-29,11.093338
1988-06-30,11.089229
1988-07-01,11.085176
1988-07-02,11.085146
1988-07-03,11.085052
1988-07-04,11.085052
1988-07-05,11.082771
1988-07-06,11.083465
1988-07-07,11.084895
1988-07-08,11.076506
1988-07-09,11.076677
1988-07-10,11.076677
1988-07-11,11.073057
1988-07-12,11.078641
1988-07-13,11.060572
1988-07-14,11.070334
1988-07-15,11.077678
1988-07-16,11.078408
1988-07-17,11.0784025
1988-07-18,11.090093
1988-07-19,11.072589
1988-07-20,11.035518
1988-07-21,10.850067
1988-07-22,10.733954
1988-07-23,10.727756
1988-07-24,10.724422
1988-07-25,10.744111
1988-07-26,10.777762
1988-07-27,10.717263
1988-07-28,10.660892
1988-07-29,10.66882
1988-07-30,10.674786
1988-07-31,10.6760025
1988-08-01,10.692498
1988-08-02,10.699145
1988-08-03,10.708681
1988-08-04,10.713046
1988-08-05,10.737912
1988-08-06,10.737712
1988-08-07,10.739611
1988-08-08,10.751771
1988-08-09,10.741509
1988-08-10,10.748135
1988-08-11,10.783085
1988-08-12,10.812152
1988-08-13,10.809745
1988-08-14,10.813957
1988-08-15,10.813145
1988-08-16,10.803536
1988-08-17,10.800783
1988-08-18,10.806204
1988-08-19,10.760972
1988-08-20,10.761127
1988-08-21,10.761463
1988-08-22,10.75841
1988-08-23,10.762782
1988-08-24,10.7580185
1988-08-25,10.760967
1988-08-26,10.756339
1988-08-27,10.756538
1988-08-28,10.756462
1988-08-29,10.756359
1988-08-30,10.755133
1988-08-31,10.755104
1988-09-01,10.75515
1988-09-02,10.75328
1988-09-03,10.753338
1988-09-04,10.753357
1988-09-05,10.753515
1988-09-06,10.752153
1988-09-07,10.74233
1988-09-08,10.733264
1988-09-09,10.739942
1988-09-10,10.7399845
1988-09-11,10.7399845
1988-09-12,10.73852
1988-09-13,10.732297
1988-09-14,10.741349
1988-09-15,10.739993
1988-09-16,10.741885
1988-09-17,10.737377
1988-09-18,10.737281
1988-09-19,10.704979
1988-09-20,10.708968
1988-09-21,10.70685
1988-09-22,10.708048
1988-09-23,10.705735
1988-09-24,10.705505
1988-09-25,10.705636
1988-09-26,10.708515
1988-09-27,10.702482
1988-09-28,10.700939
1988-09-29,10.702163
1988-09-30,10.702121
1988-10-01,10.701174
1988-10-02,10.701174
1988-10-03,10.701333
1988-10-04,10.6886
1988-10-05,10.694245
1988-10-06,10.692288
1988-10-07,10.685104
1988-10-08,10.685104
1988-10-09,10.684545
1988-10-10,10.684691
1988-10-11,10.691315
1988-10-12,10.699403
1988-10-13,10.693768
1988-10-14,10.610276
1988-10-15,10.6101055
1988-10-16,10.610154
1988-10-17,10.613776
1988-10-18,10.576522
1988-10-19,10.410623
1988-10-20,10.430592
1988-10-21,10.446708
1988-10-22,10.454063
1988-10-23,10.453377
1988-10-24,10.358176
1988-10-25,10.319028
1988-10-26,10.398138
1988-10-27,10.486734
1988-10-28,10.460532
1988-10-29,10.469009
1988-10-30,10.4671335
1988-10-31,10.449
1988-11-01,10.413764
1988-11-02,10.414514
1988-11-03,10.388795
1988-11-04,10.373027
1988-11-05,10.37298
1988-11-06,10.374279
1988-11-07,10.370034
1988-11-08,10.359199
1988-11-09,10.350354
1988-11-10,10.34515
1988-11-11,10.342223
1988-11-12,10.341804
1988-11-13,10.341795
1988-11-14,10.294627
1988-11-15,10.302182
1988-11-16,10.3040495
1988-11-17,10.266088
1988-11-18,10.267656
1988-11-19,10.267669
1988-11-20,10.267729
1988-11-21,10.262686
1988-11-22,10.265076
1988-11-23,10.262325
1988-11-24,10.263091
1988-11-25,10.26285
1988-11-26,10.26287
1988-11-27,10.26287
1988-11-28,10.264592
1988-11-29,10.263621
1988-11-30,10.265858
1988-12-01,10.257875
1988-12-02,10.260482
1988-12-03,10.260487
1988-12-04,10.260405
1988-12-05,10.260657
1988-12-06,10.253754
1988-12-07,10.253745
1988-12-08,10.242749
1988-12-09,10.241587
1988-12-10,10.24159
1988-12-11,10.241607
1988-12-12,10.242044
1988-12-13,10.240849
1988-12-14,10.235034
1988-12-15,10.237604
1988-12-16,10.239455
1988-12-17,10.239451
1988-12-18,10.239446
1988-12-19,10.238849
1988-12-20,10.2363405
1988-12-21,10.2501135
1988-12-22,10.237524
1988-12-23,10.231873
1988-12-24,10.23187
1988-12-25,10.23187
1988-12-26,10.231832
1988-12-27,10.231544
1988-12-28,10.231691
1988-12-29,10.231416
1988-12-30,10.231362
1988-12-31,10.231362
1989-01-01,10.231362
1989-01-02,10.231362
1989-01-03,10.224513
1989-01-04,10.225138
1989-01-05,10.225321
1989-01-06,10.222199
1989-01-07,10.222199
1989-01-08,10.222199
1989-01-09,10.223716
1989-01-10,10.220738
1989-01-11,10.2152195
1989-01-12,10.215485
1989-01-13,10.214504
1989-01-14,10.214502
1989-01-15,10.214502
1989-01-16,10.201446
1989-01-17,10.224362
1989-01-18,10.2130995
1989-01-19,10.056314
1989-01-20,10.050486
1989-01-21,10.05181
1989-01-22,10.051355
1989-01-23,10.194036
1989-01-24,10.279299
1989-01-25,10.385453
1989-01-26,10.535824
1989-01-27,10.54686
1989-01-28,10.549605
1989-01-29,10.550094
1989-01-30,10.586074
1989-01-31,10.625584
1989-02-01,10.620439
1989-02-02,10.582752
1989-02-03,10.525237
1989-02-04,10.524988
1989-02-05,10.524988
1989-02-06,10.519513
1989-02-07,10.542977
1989-02-08,10.594951
1989-02-09,10.589558
1989-02-10,10.638688
1989-02-11,10.638698
1989-02-12,10.638815
1989-02-13,10.624018
1989-02-14,10.549416
1989-02-15,10.579193
1989-02-16,10.5144415
1989-02-17,10.500797
1989-02-18,10.500832
1989-02-19,10.500865
1989-02-20,10.500819
1989-02-21,10.552913
1989-02-22,10.538709
1989-02-23,10.543357
1989-02-24,10.556136
1989-02-25,10.556501
1989-02-26,10.556569
1989-02-27,10.601041
1989-02-28,10.605162
1989-03-01,10.577678
1989-03-02,10.576405
1989-03-03,10.605733
1989-03-04,10.605733
1989-03-05,10.60588
1989-03-06,10.609577
1989-03-07,10.602326
1989-03-08,10.607777
1989-03-09,10.561267
1989-03-10,10.5319195
1989-03-11,10.531884
1989-03-12,10.531884
1989-03-13,10.531049
1989-03-14,10.523886
1989-03-15,10.469035
1989-03-16,10.471063
1989-03-17,10.471784
1989-03-18,10.471789
1989-03-19,10.471692
1989-03-20,10.475898
1989-03-21,10.4738655
1989-03-22,10.475123
1989-03-23,10.478619
1989-03-24,10.47411
1989-03-25,10.473525
1989-03-26,10.4740305
1989-03-27,10.473508
1989-03-28,10.471105
1989-03-29,10.476211
1989-03-30,10.490673
1989-03-31,10.48066
1989-04-01,10.480677
1989-04-02,10.480702
1989-04-03,10.501483
1989-04-04,10.50549
1989-04-05,10.507326
1989-04-06,10.5024395
1989-04-07,10.500505
1989-04-08,10.500405
1989-04-09,10.50054
1989-04-10,10.493078
1989-04-11,10.482159
1989-04-12,10.518468
1989-04-13,10.540976
1989-04-14,10.786989
1989-04-15,10.775958
1989-04-16,10.784518
1989-04-17,10.785525
1989-04-18,10.790937
1989-04-19,10.789016
1989-04-20,10.747877
1989-04-21,10.65301
1989-04-22,10.650374
1989-04-23,10.6525545
1989-04-24,10.718565
1989-04-25,10.536081
1989-04-26,10.566202
1989-04-27,10.396567
1989-04-28,10.381129
1989-04-29,10.378534
1989-04-30,10.378405
1989-05-01,10.3560705
1989-05-02,10.342222
1989-05-03,10.37954
1989-05-04,10.474108
1989-05-05,10.455779
1989-05-06,10.456192
1989-05-07,10.456243
1989-05-08,10.462972
1989-05-09,10.4811535
1989-05-10,10.507352
1989-05-11,10.503152
1989-05-12,10.276376
1989-05-13,10.27562
1989-05-14,10.274974
1989-05-15,10.272833
1989-05-16,10.3245125
1989-05-17,10.351408
1989-05-18,10.36238
1989-05-19,10.366458
1989-05-20,10.366041
1989-05-21,10.367669
1989-05-22,10.370684
1989-05-23,10.385249
1989-05-24,10.352834
1989-05-25,10.356531
1989-05-26,10.367297
1989-05-27,10.367307
1989-05-28,10.367307
1989-05-29,10.367283
1989-05-30,10.367462
1989-05-31,10.366328
1989-06-01,10.457476
1989-06-02,10.459709
1989-06-03,10.459682
1989-06-04,10.459709
1989-06-05,10.459518
1989-06-06,10.481749
1989-06-07,10.485498
1989-06-08,10.487701
1989-06-09,10.465745
1989-06-10,10.465745
1989-06-11,10.465747
1989-06-12,10.466435
1989-06-13,10.47622
1989-06-14,10.49346
1989-06-15,10.49845
1989-06-16,10.498602
1989-06-17,10.498629
1989-06-18,10.498629
1989-06-19,10.498256
1989-06-20,10.499014
1989-06-21,10.496045
1989-06-22,10.495365
1989-06-23,10.49589
1989-06-24,10.49589
1989-06-25,10.49589
1989-06-26,10.495114
1989-06-27,10.495368
1989-06-28,10.492371
1989-06-29,10.492573
1989-06-30,10.49997
1989-07-01,10.49997
1989-07-02,10.500152
1989-07-03,10.498259
1989-07-04,10.498559
1989-07-05,10.503183
1989-07-06,10.49815
1989-07-07,10.497538
1989-07-08,10.497538
1989-07-09,10.496265
1989-07-10,10.500785
1989-07-11,10.504741
1989-07-12,10.526171
1989-07-13,10.512122
1989-07-14,10.501851
1989-07-15,10.501833
1989-07-16,10.5018
1989-07-17,10.490209
1989-07-18,10.456832
1989-07-19,10.505024
1989-07-20,10.498415
1989-07-21,10.544682
1989-07-22,10.544128
1989-07-23,10.543631
1989-07-24,10.623865
1989-07-25,10.871225
1989-07-26,10.903086
1989-07-27,11.065814
1989-07-28,11.108259
1989-07-29,11.109106
1989-07-30,11.102015
1989-07-31,11.148091
1989-08-01,11.186261
1989-08-02,11.202707
1989-08-03,11.209432
1989-08-04,11.2339115
1989-08-05,11.232464
1989-08-06,11.2318535
1989-08-07,11.254034
1989-08-08,11.267016
1989-08-09,11.287059
1989-08-10,11.403997
1989-08-11,11.5235
1989-08-12,11.523815
1989-08-13,11.524101
1989-08-14,11.551241
1989-08-15,11.554241
1989-08-16,11.561376
1989-08-17,11.565528
1989-08-18,11.48623
1989-08-19,11.485914
1989-08-20,11.486003
1989-08-21,11.48989
1989-08-22,11.499558
1989-08-23,11.509098
1989-08-24,11.509027
1989-08-25,11.512838
1989-08-26,11.512838
1989-08-27,11.512844
1989-08-28,11.516469
1989-08-29,11.519638
1989-08-30,11.521424
1989-08-31,11.532219
1989-09-01,11.537348
1989-09-02,11.53753
1989-09-03,11.537234
1989-09-04,11.537272
1989-09-05,11.542668
1989-09-06,11.541966
1989-09-07,11.5452385
1989-09-08,11.545761
1989-09-09,11.545777
1989-09-10,11.545791
1989-09-11,11.547704
1989-09-12,11.548112
1989-09-13,11.553841
1989-09-14,11.552451
1989-09-15,11.553026
1989-09-16,11.552925
1989-09-17,11.552888
1989-09-18,11.571109
1989-09-19,11.556384
1989-09-20,11.565888
1989-09-21,11.569208
1989-09-22,11.567289
1989-09-23,11.567375
1989-09-24,11.567375
1989-09-25,11.571469
1989-09-26,11.577366
1989-09-27,11.584876
1989-09-28,11.585442
1989-09-29,11.586907
1989-09-30,11.580427
1989-10-01,11.580641
1989-10-02,11.58473
1989-10-03,11.594302
1989-10-04,11.599513
1989-10-05,11.585464
1989-10-06,11.59359
1989-10-07,11.59359
1989-10-08,11.59359
1989-10-09,11.594871
1989-10-10,11.623597
1989-10-11,11.644978
1989-10-12,11.684375
1989-10-13,11.724529
1989-10-14,11.724529
1989-10-15,11.724362
1989-10-16,11.837969
1989-10-17,11.841941
1989-10-18,11.930275
1989-10-19,11.972077
1989-10-20,12.175737
1989-10-21,12.175737
1989-10-22,12.178101
1989-10-23,11.950031
1989-10-24,11.943369
1989-10-25,12.012744
1989-10-26,12.437128
1989-10-27,12.480065
1989-10-28,12.501669
1989-10-29,12.501989
1989-10-30,12.494959
1989-10-31,12.489427
1989-11-01,12.507205
1989-11-02,12.476165
1989-11-03,12.471473
1989-11-04,12.470553
1989-11-05,12.444588
1989-11-06,12.436912
1989-11-07,12.409775
1989-11-08,12.407154
1989-11-09,12.410127
1989-11-10,12.54921
1989-11-11,12.549191
1989-11-12,12.549229
1989-11-13,12.5235
1989-11-14,12.500159
1989-11-15,12.501189
1989-11-16,12.482826
1989-11-17,12.465034
1989-11-18,12.464908
1989-11-19,12.464858
1989-11-20,12.468511
1989-11-21,12.451713
1989-11-22,12.441228
1989-11-23,12.441369
1989-11-24,12.437406
1989-11-25,12.437406
1989-11-26,12.437547
1989-11-27,12.440455
1989-11-28,12.439836
1989-11-29,12.439619
1989-11-30,12.444442
1989-12-01,12.444419
1989-12-02,12.444419
1989-12-03,12.444483
1989-12-04,12.445234
1989-12-05,12.44271
1989-12-06,12.4418125
1989-12-07,12.448642
1989-12-08,12.4480095
1989-12-09,12.447878
1989-12-10,12.447792
1989-12-11,12.447735
1989-12-12,12.442493
1989-12-13,12.444284
1989-12-14,12.460263
1989-12-15,12.46755
1989-12-16,12.46755
1989-12-17,12.467611
1989-12-18,12.477229
1989-12-19,12.471549
1989-12-20,12.456773
1989-12-21,12.458534
1989-12-22,12.458441
1989-12-23,12.458506
1989-12-24,12.458506
1989-12-25,12.458506
1989-12-26,12.458783
1989-12-27,12.461571
1989-12-28,12.462502
1989-12-29,12.461851
1989-12-30,12.461851
1989-12-31,12.461851
1990-01-01,12.461851
1990-01-02,12.463844
1990-01-03,12.456588
1990-01-04,12.456085
1990-01-05,12.450071
1990-01-06,12.449944
1990-01-07,12.449942
1990-01-08,12.450183
1990-01-09,12.450837
1990-01-10,12.455599
1990-01-11,12.457802
1990-01-12,12.45842
1990-01-13,12.458529
1990-01-14,12.458474
1990-01-15,12.442365
1990-01-16,12.426422
1990-01-17,12.452266
1990-01-18,12.534611
1990-01-19,12.5408745
1990-01-20,12.553628
1990-01-21,12.553628
1990-01-22,12.658093
1990-01-23,12.797147
1990-01-24,12.98257
1990-01-25,13.173662
1990-01-26,13.163627
1990-01-27,13.163561
1990-01-28,13.163973
1990-01-29,13.243181
1990-01-30,13.224425
1990-01-31,13.266576
1990-02-01,13.3525305
1990-02-02,13.384747
1990-02-03,13.384845
1990-02-04,13.385369
1990-02-05,13.283443
1990-02-06,13.390882
1990-02-07,13.48029
1990-02-08,13.411746
1990-02-09,13.541876
1990-02-10,13.541876
1990-02-11,13.542196
1990-02-12,13.526302
1990-02-13,13.528129
1990-02-14,13.478835
1990-02-15,13.457888
1990-02-16,13.482205
1990-02-17,13.484424
1990-02-18,13.484495
1990-02-19,13.483208
1990-02-20,13.459734
1990-02-21,13.421892
1990-02-22,13.31863
1990-02-23,13.367574
1990-02-24,13.352389
1990-02-25,13.35302
1990-02-26,13.348757
1990-02-27,13.26211
1990-02-28,13.256644
1990-03-01,13.287196
1990-03-02,13.263553
1990-03-03,13.263925
1990-03-04,13.263899
1990-03-05,13.258341
1990-03-06,13.214579
1990-03-07,13.187699
1990-03-08,13.175768
1990-03-09,13.166175
1990-03-10,13.166115
1990-03-11,13.166204
1990-03-12,13.159453
1990-03-13,13.149999
1990-03-14,13.144003
1990-03-15,13.054684
1990-03-16,13.058027
1990-03-17,13.058939
1990-03-18,13.058805
1990-03-19,13.049629
1990-03-20,13.050719
1990-03-21,13.180303
1990-03-22,13.122982
1990-03-23,13.121184
1990-03-24,13.121214
1990-03-25,13.121205
1990-03-26,13.121003
1990-03-27,13.113116
1990-03-28,13.105755
1990-03-29,13.114386
1990-03-30,13.116607
1990-03-31,13.120182
1990-04-01,13.120243
1990-04-02,13.113453
1990-04-03,13.128791
1990-04-04,13.131023
1990-04-05,13.133757
1990-04-06,13.1379
1990-04-07,13.13789
1990-04-08,13.141516
1990-04-09,13.136696
1990-04-10,13.142248
1990-04-11,13.144572
1990-04-12,13.140017
1990-04-13,13.130916
1990-04-14,13.130945
1990-04-15,13.130283
1990-04-16,12.941608
1990-04-17,13.047346
1990-04-18,13.056662
1990-04-19,12.980074
1990-04-20,12.955664
1990-04-21,12.955288
1990-04-22,12.955351
1990-04-23,12.744831
1990-04-24,12.9359455
1990-04-25,12.851072
1990-04-26,12.83056
1990-04-27,12.82132
1990-04-28,12.823132
1990-04-29,12.820731
1990-04-30,12.786836
1990-05-01,12.815779
1990-05-02,12.866812
1990-05-03,12.866795
1990-05-04,12.8437805
1990-05-05,12.84741
1990-05-06,12.8473425
1990-05-07,12.8873825
1990-05-08,12.918992
1990-05-09,12.951348
1990-05-10,13.009779
1990-05-11,13.0050745
1990-05-12,13.005151
1990-05-13,13.006069
1990-05-14,13.008711
1990-05-15,13.095019
1990-05-16,13.077872
1990-05-17,13.196368
1990-05-18,13.198879
1990-05-19,13.198682
1990-05-20,13.198566
1990-05-21,13.204392
1990-05-22,13.207502
1990-05-23,13.233365
1990-05-24,13.223796
1990-05-25,13.273723
1990-05-26,13.273723
1990-05-27,13.273678
1990-05-28,13.273685
1990-05-29,13.274341
1990-05-30,13.2837925
1990-05-31,13.283773
1990-06-01,13.28206
1990-06-02,13.282096
1990-06-03,13.282106
1990-06-04,13.283691
1990-06-05,13.284619
1990-06-06,13.2904
1990-06-07,13.276744
1990-06-08,13.277707
1990-06-09,13.277707
1990-06-10,13.27774
1990-06-11,13.273712
1990-06-12,13.27438
1990-06-13,13.213984
1990-06-14,13.215921
1990-06-15,13.221183
1990-06-16,13.22107
1990-06-17,13.221373
1990-06-18,13.222609
1990-06-19,13.213804
1990-06-20,13.2125025
1990-06-21,13.212483
1990-06-22,13.210255
1990-06-23,13.210256
1990-06-24,13.210256
1990-06-25,13.213743
1990-06-26,13.210569
1990-06-27,13.205648
1990-06-28,13.2166605
1990-06-29,13.217302
1990-06-30,13.217304
1990-07-01,13.217269
1990-07-02,13.208248
1990-07-03,13.189339
1990-07-04,13.189339
1990-07-05,13.1918335
1990-07-06,13.193726
1990-07-07,13.193795
1990-07-08,13.193795
1990-07-09,13.197259
1990-07-10,13.206938
1990-07-11,13.192325
1990-07-12,13.179788
1990-07-13,13.197425
1990-07-14,13.1974945
1990-07-15,13.197517
1990-07-16,13.1027975
1990-07-17,13.1306715
1990-07-18,13.180647
1990-07-19,13.135747
1990-07-20,13.204106
1990-07-21,13.20417
1990-07-22,13.204706
1990-07-23,13.204822
1990-07-24,12.981307
1990-07-25,12.900397
1990-07-26,12.923888
1990-07-27,12.856817
1990-07-28,12.861706
1990-07-29,12.865584
1990-07-30,12.854468
1990-07-31,12.854167
1990-08-01,12.812147
1990-08-02,12.859385
1990-08-03,12.8592
1990-08-04,12.859239
1990-08-05,12.860476
1990-08-06,12.872396
1990-08-07,12.849476
1990-08-08,12.841726
1990-08-09,12.916247
1990-08-10,13.00023
1990-08-11,13.000816
1990-08-12,13.000286
1990-08-13,13.00317
1990-08-14,13.025024
1990-08-15,13.011265
1990-08-16,13.014601
1990-08-17,13.02723
1990-08-18,13.027249
1990-08-19,13.027177
1990-08-20,13.027878
1990-08-21,13.021494
1990-08-22,13.027021
1990-08-23,13.025239
1990-08-24,13.020439
1990-08-25,13.020452
1990-08-26,13.020462
1990-08-27,13.024683
1990-08-28,13.025014
1990-08-29,13.030411
1990-08-30,13.034035
1990-08-31,13.033396
1990-09-01,13.033396
1990-09-02,13.033398
1990-09-03,13.033404
1990-09-04,13.032453
1990-09-05,13.033079
1990-09-06,13.03115
1990-09-07,13.007062
1990-09-08,13.007068
1990-09-09,13.007061
1990-09-10,13.01083
1990-09-11,13.014119
1990-09-12,13.015241
1990-09-13,13.011852
1990-09-14,13.009584
1990-09-15,13.0095
1990-09-16,13.009741
1990-09-17,12.992916
1990-09-18,12.993552
1990-09-19,12.996838
1990-09-20,12.981641
1990-09-21,12.9749
1990-09-22,12.975176
1990-09-23,12.975131
1990-09-24,12.972375
1990-09-25,12.968771
1990-09-26,12.978953
1990-09-27,12.977148
1990-09-28,12.976855
1990-09-29,12.976844
1990-09-30,12.976844
1990-10-01,12.9761
1990-10-02,12.960057
1990-10-03,12.962978
1990-10-04,12.963501
1990-10-05,12.963291
1990-10-06,12.96329
1990-10-07,12.96329
1990-10-08,12.962154
1990-10-09,12.962515
1990-10-10,12.964461
1990-10-11,12.941159
1990-10-12,12.940469
1990-10-13,12.940538
1990-10-14,12.940148
1990-10-15,12.937282
1990-10-16,12.812407
1990-10-17,12.59489
1990-10-18,12.422412
1990-10-19,12.252023
1990-10-20,12.25189
1990-10-21,12.252052
1990-10-22,12.1222515
1990-10-23,12.115925
1990-10-24,11.87881
1990-10-25,11.826594
1990-10-26,11.749492
1990-10-27,11.751479
1990-10-28,11.75164
1990-10-29,11.782986
1990-10-30,11.758216
1990-10-31,11.83368
1990-11-01,11.807227
1990-11-02,11.78176
1990-11-03,11.781614
1990-11-04,11.781043
1990-11-05,11.742491
1990-11-06,11.720695
1990-11-07,11.730435
1990-11-08,11.628567
1990-11-09,11.428559
1990-11-10,11.428547
1990-11-11,11.428492
1990-11-12,11.417334
1990-11-13,11.381897
1990-11-14,11.39574
1990-11-15,11.368642
1990-11-16,11.32772
1990-11-17,11.327417
1990-11-18,11.327276
1990-11-19,11.324178
1990-11-20,11.316383
1990-11-21,11.313271
1990-11-22,11.31332
1990-11-23,11.308151
1990-11-24,11.308151
1990-11-25,11.308097
1990-11-26,11.306009
1990-11-27,11.285004
1990-11-28,11.282202
1990-11-29,11.2751
1990-11-30,11.269699
1990-12-01,11.269708
1990-12-02,11.269676
1990-12-03,11.268656
1990-12-04,11.263931
1990-12-05,11.260319
1990-12-06,11.261879
1990-12-07,11.246335
1990-12-08,11.246336
1990-12-09,11.246615
1990-12-10,11.235976
1990-12-11,11.232429
1990-12-12,11.227962
1990-12-13,11.232905
1990-12-14,11.228214
1990-12-15,11.228199
1990-12-16,11.228216
1990-12-17,11.227588
1990-12-18,11.225303
1990-12-19,11.224607
1990-12-20,11.224466
1990-12-21,11.210268
1990-12-22,11.210248
1990-12-23,11.210248
1990-12-24,11.21015
1990-12-25,11.21015
1990-12-26,11.210146
1990-12-27,11.210079
1990-12-28,11.209868
1990-12-29,11.209868
1990-12-30,11.209833
1990-12-31,11.209833
1991-01-01,11.209833
1991-01-02,11.211191
1991-01-03,11.209027
1991-01-04,11.207607
1991-01-05,11.207599
1991-01-06,11.207599
1991-01-07,11.208557
1991-01-08,11.242187
1991-01-09,11.2421055
1991-01-10,11.240366
1991-01-11,11.250619
1991-01-12,11.25062
1991-01-13,11.250483
1991-01-14,11.25091
1991-01-15,11.261647
1991-01-16,11.243749
1991-01-17,11.136861
1991-01-18,11.156214
1991-01-19,11.156229
1991-01-20,11.157179
1991-01-21,11.214729
1991-01-22,11.389308
1991-01-23,11.434142
1991-01-24,11.433316
1991-01-25,11.503533
1991-01-26,11.503446
1991-01-27,11.503463
1991-01-28,11.5957575
1991-01-29,11.580722
1991-01-30,11.615311
1991-01-31,11.684062
1991-02-01,11.680421
1991-02-02,11.680735
1991-02-03,11.681
1991-02-04,11.812846
1991-02-05,11.861606
1991-02-06,11.867385
1991-02-07,11.863159
1991-02-08,11.888578
1991-02-09,11.888578
1991-02-10,11.888885
1991-02-11,11.922076
1991-02-12,11.858927
1991-02-13,11.868917
1991-02-14,11.876443
1991-02-15,11.868428
1991-02-16,11.868274
1991-02-17,11.868168
1991-02-18,11.870748
1991-02-19,11.872084
1991-02-20,11.874375
1991-02-21,11.931296
1991-02-22,11.937408
1991-02-23,11.938989
1991-02-24,11.931308
1991-02-25,11.949644
1991-02-26,11.9541025
1991-02-27,11.997852
1991-02-28,11.983585
1991-03-01,11.966568
1991-03-02,11.967074
1991-03-03,11.96705
1991-03-04,11.957116
1991-03-05,11.945472
1991-03-06,11.874576
1991-03-07,11.888067
1991-03-08,11.882642
1991-03-09,11.882383
1991-03-10,11.882387
1991-03-11,11.88896
1991-03-12,11.834323
1991-03-13,11.8019905
1991-03-14,11.78195
1991-03-15,11.777993
1991-03-16,11.777994
1991-03-17,11.777994
1991-03-18,11.781416
1991-03-19,11.784279
1991-03-20,11.82657
1991-03-21,11.827891
1991-03-22,11.839563
1991-03-23,11.8396015
1991-03-24,11.8391075
1991-03-25,11.836318
1991-03-26,11.850182
1991-03-27,11.854708
1991-03-28,11.850782
1991-03-29,11.850538
1991-03-30,11.849928
1991-03-31,11.849455
1991-04-01,11.85016
1991-04-02,11.851101
1991-04-03,11.864438
1991-04-04,11.882062
1991-04-05,11.880956
1991-04-06,11.880925
1991-04-07,11.88092
1991-04-08,11.893744
1991-04-09,11.909474
1991-04-10,11.900103
1991-04-11,11.934711
1991-04-12,12.352637
1991-04-13,12.353144
1991-04-14,12.3528805
1991-04-15,12.50007
1991-04-16,12.588151
1991-04-17,12.842612
1991-04-18,12.950391
1991-04-19,13.040177
1991-04-20,13.036129
1991-04-21,13.038826
1991-04-22,13.088508
1991-04-23,13.277847
1991-04-24,13.171698
1991-04-25,13.304378
1991-04-26,13.383725
1991-04-27,13.408084
1991-04-28,13.409168
1991-04-29,13.451399
1991-04-30,13.431032
1991-05-01,13.463678
1991-05-02,13.467769
1991-05-03,13.460543
1991-05-04,13.45038
1991-05-05,13.450364
1991-05-06,13.457274
1991-05-07,13.4970665
1991-05-08,13.519446
1991-05-09,13.653922
1991-05-10,13.659154
1991-05-11,13.787725
1991-05-12,13.787923
1991-05-13,13.808267
1991-05-14,13.900747
1991-05-15,13.9067545
1991-05-16,13.951559
1991-05-17,14.098142
1991-05-18,14.09852
1991-05-19,14.098232
1991-05-20,14.230676
1991-05-21,14.259736
1991-05-22,14.254657
1991-05-23,14.409493
1991-05-24,14.430417
1991-05-25,14.430424
1991-05-26,14.430424
1991-05-27,14.430227
1991-05-28,14.436461
1991-05-29,14.435861
1991-05-30,14.437347
1991-05-31,14.435959
1991-06-01,14.435959
1991-06-02,14.435962
1991-06-03,14.436006
1991-06-04,14.44173
1991-06-05,14.433865
1991-06-06,14.437355
1991-06-07,14.4412565
1991-06-08,14.441217
1991-06-09,14.441223
1991-06-10,14.446859
1991-06-11,14.450656
1991-06-12,14.445224
1991-06-13,14.446953
1991-06-14,14.45621
1991-06-15,14.456199
1991-06-16,14.456241
1991-06-17,14.455033
1991-06-18,14.450409
1991-06-19,14.451934
1991-06-20,14.449907
1991-06-21,14.450446
1991-06-22,14.450514
1991-06-23,14.450541
1991-06-24,14.450583
1991-06-25,14.454699
1991-06-26,14.450238
1991-06-27,14.454861
1991-06-28,14.469932
1991-06-29,14.470193
1991-06-30,14.470193
1991-07-01,14.504413
1991-07-02,14.500453
1991-07-03,14.500174
1991-07-04,14.500174
1991-07-05,14.499948
1991-07-06,14.499754
1991-07-07,14.49876
1991-07-08,14.506325
1991-07-09,14.507774
1991-07-10,14.519642
1991-07-11,14.503573
1991-07-12,14.496054
1991-07-13,14.496106
1991-07-14,14.496115
1991-07-15,14.502757
1991-07-16,14.488989
1991-07-17,14.240241
1991-07-18,14.218271
1991-07-19,14.271659
1991-07-20,14.271801
1991-07-21,14.269661
1991-07-22,14.3568735
1991-07-23,14.450331
1991-07-24,14.72246
1991-07-25,14.804238
1991-07-26,14.850159
1991-07-27,14.850412
1991-07-28,14.850969
1991-07-29,14.863988
1991-07-30,14.853906
1991-07-31,14.813849
1991-08-01,14.800964
1991-08-02,14.817149
1991-08-03,14.846267
1991-08-04,14.846725
1991-08-05,14.851928
1991-08-06,14.835737
1991-08-07,14.821999
1991-08-08,14.826083
1991-08-09,14.957811
1991-08-10,14.957947
1991-08-11,14.957917
1991-08-12,14.950534
1991-08-13,14.9601345
1991-08-14,14.974892
1991-08-15,14.975466
1991-08-16,14.983407
1991-08-17,14.983476
1991-08-18,15.002242
1991-08-19,15.002763
1991-08-20,15.018881
1991-08-21,15.038
1991-08-22,15.037432
1991-08-23,15.012014
1991-08-24,15.011919
1991-08-25,15.01189
1991-08-26,15.006981
1991-08-27,14.986587
1991-08-28,14.985879
1991-08-29,14.9847765
1991-08-30,14.985913
1991-08-31,14.985944
1991-09-01,14.985988
1991-09-02,14.985978
1991-09-03,14.999419
1991-09-04,15.009902
1991-09-05,15.00682
1991-09-06,15.011549
1991-09-07,15.011549
1991-09-08,15.011439
1991-09-09,15.011083
1991-09-10,14.986403
1991-09-11,14.989344
1991-09-12,14.991205
1991-09-13,14.994482
1991-09-14,14.994498
1991-09-15,14.994598
1991-09-16,14.996039
1991-09-17,15.063742
1991-09-18,15.064602
1991-09-19,15.069476
1991-09-20,15.076638
1991-09-21,15.076721
1991-09-22,15.076727
1991-09-23,15.082549
1991-09-24,15.081965
1991-09-25,15.0728445
1991-09-26,15.072417
1991-09-27,15.075178
1991-09-28,15.075537
1991-09-29,15.075505
1991-09-30,15.075095
1991-10-01,15.080689
1991-10-02,15.082643
1991-10-03,15.079916
1991-10-04,15.08172
1991-10-05,15.08172
1991-10-06,15.081584
1991-10-07,15.082993
1991-10-08,15.072701
1991-10-09,15.093286
1991-10-10,15.09174
1991-10-11,15.108116
1991-10-12,15.108095
1991-10-13,15.108041
1991-10-14,15.110793
1991-10-15,14.951052
1991-10-16,15.113974
1991-10-17,15.127306
1991-10-18,15.075793
1991-10-19,15.075886
1991-10-20,15.077455
1991-10-21,15.0233555
1991-10-22,14.969461
1991-10-23,15.051023
1991-10-24,14.877807
1991-10-25,14.874524
1991-10-26,14.874698
1991-10-27,14.874699
1991-10-28,14.86777
1991-10-29,14.894626
1991-10-30,14.882477
1991-10-31,14.86302
1991-11-01,14.86965
1991-11-02,14.86917
1991-11-03,14.868867
1991-11-04,14.878781
1991-11-05,14.857629
1991-11-06,14.847436
1991-11-07,14.827508
1991-11-08,14.827698
1991-11-09,14.827592
1991-11-10,14.827577
1991-11-11,14.788977
1991-11-12,14.750537
1991-11-13,14.753585
1991-11-14,14.7516165
1991-11-15,14.74869
1991-11-16,14.748809
1991-11-17,14.7489
1991-11-18,14.752255
1991-11-19,14.770433
1991-11-20,14.782313
1991-11-21,14.785279
1991-11-22,14.778756
1991-11-23,14.778756
1991-11-24,14.778786
1991-11-25,14.78055
1991-11-26,14.7957945
1991-11-27,14.793437
1991-11-28,14.79098
1991-11-29,14.785076
1991-11-30,14.784912
1991-12-01,14.784867
1991-12-02,14.783666
1991-12-03,14.79001
1991-12-04,14.788648
1991-12-05,14.67479
1991-12-06,14.673892
1991-12-07,14.673892
1991-12-08,14.673937
1991-12-09,14.691602
1991-12-10,14.691223
1991-12-11,14.714902
1991-12-12,14.717844
1991-12-13,14.714899
1991-12-14,14.7149105
1991-12-15,14.716693
1991-12-16,14.713971
1991-12-17,14.722164
1991-12-18,14.715236
1991-12-19,14.703118
1991-12-20,14.700524
1991-12-21,14.700503
1991-12-22,14.7002735
1991-12-23,14.697429
1991-12-24,14.698468
1991-12-25,14.698468
1991-12-26,14.6986265
1991-12-27,14.69819
1991-12-28,14.698174
1991-12-29,14.698135
1991-12-30,14.698076
1991-12-31,14.698619
1992-01-01,14.697605
1992-01-02,14.699885
1992-01-03,14.702615
1992-01-04,14.702615
1992-01-05,14.70261
1992-01-06,14.693417
1992-01-07,14.698391
1992-01-08,14.696033
1992-01-09,14.6692095
1992-01-10,14.668825
1992-01-11,14.66885
1992-01-12,14.6684885
1992-01-13,14.665732
1992-01-14,14.666135
1992-01-15,14.743714
1992-01-16,14.817818
1992-01-17,14.816872
1992-01-18,14.816956
1992-01-19,14.816947
1992-01-20,14.988348
1992-01-21,15.075896
1992-01-22,15.168807
1992-01-23,15.447801
1992-01-24,15.71563
1992-01-25,15.714304
1992-01-26,15.716198
1992-01-27,15.768342
1992-01-28,15.86686
1992-01-29,16.12643
1992-01-30,16.252953
1992-01-31,16.326752
1992-02-01,16.327307
1992-02-02,16.328434
1992-02-03,16.324856
1992-02-04,16.345924
1992-02-05,16.361086
1992-02-06,16.468449
1992-02-07,16.496416
1992-02-08,16.496143
1992-02-09,16.496092
1992-02-10,16.4867
1992-02-11,16.511625
1992-02-12,16.485195
1992-02-13,16.680927
1992-02-14,16.719728
1992-02-15,16.719501
1992-02-16,16.7197
1992-02-17,16.720385
1992-02-18,16.762295
1992-02-19,16.706938
1992-02-20,16.710772
1992-02-21,16.795052
1992-02-22,16.79504
1992-02-23,16.812784
1992-02-24,16.78297
1992-02-25,16.709967
1992-02-26,16.692934
1992-02-27,16.739351
1992-02-28,16.737745
1992-02-29,16.737745
1992-03-01,16.736944
1992-03-02,16.778984
1992-03-03,16.673458
1992-03-04,16.673994
1992-03-05,16.67689
1992-03-06,16.678371
1992-03-07,16.678387
1992-03-08,16.678219
1992-03-09,16.67514
1992-03-10,16.667116
1992-03-11,16.610865
1992-03-12,16.51708
1992-03-13,16.519611
1992-03-14,16.519762
1992-03-15,16.52003
1992-03-16,16.529192
1992-03-17,16.528158
1992-03-18,16.531345
1992-03-19,16.51574
1992-03-20,16.519709
1992-03-21,16.519773
1992-03-22,16.51977
1992-03-23,16.519745
1992-03-24,16.522087
1992-03-25,16.531324
1992-03-26,16.536308
1992-03-27,16.536709
1992-03-28,16.536709
1992-03-29,16.53673
1992-03-30,16.517927
1992-03-31,16.524557
1992-04-01,16.524399
1992-04-02,16.529303
1992-04-03,16.54695
1992-04-04,16.54625
1992-04-05,16.546183
1992-04-06,16.536844
1992-04-07,16.541391
1992-04-08,16.558908
1992-04-09,16.56653
1992-04-10,16.55263
1992-04-11,16.552675
1992-04-12,16.552675
1992-04-13,16.625284
1992-04-14,16.430794
1992-04-15,16.442675
1992-04-16,16.352238
1992-04-17,16.208889
1992-04-18,16.208517
1992-04-19,16.21013
1992-04-20,16.128695
1992-04-21,15.974979
1992-04-22,15.995833
1992-04-23,15.984138
1992-04-24,15.918449
1992-04-25,15.920534
1992-04-26,15.91514
1992-04-27,16.080118
1992-04-28,16.03141
1992-04-29,16.11082
1992-04-30,16.089561
1992-05-01,16.082014
1992-05-02,16.082125
1992-05-03,16.081898
1992-05-04,16.06569
1992-05-05,16.06072
1992-05-06,16.074062
1992-05-07,16.091883
1992-05-08,16.094328
1992-05-09,16.092958
1992-05-10,16.093248
1992-05-11,16.200747
1992-05-12,16.234024
1992-05-13,16.25144
1992-05-14,16.255838
1992-05-15,16.05968
1992-05-16,16.059687
1992-05-17,16.062105
1992-05-18,16.0979
1992-05-19,16.32141
1992-05-20,16.32573
1992-05-21,16.30852
1992-05-22,16.33893
1992-05-23,16.33879
1992-05-24,16.337914
1992-05-25,16.337896
1992-05-26,16.327562
1992-05-27,16.326693
1992-05-28,16.37006
1992-05-29,16.36991
1992-05-30,16.36991
1992-05-31,16.36991
1992-06-01,16.368715
1992-06-02,16.370808
1992-06-03,16.377321
1992-06-04,16.375141
1992-06-05,16.375893
1992-06-06,16.375904
1992-06-07,16.375923
1992-06-08,16.385471
1992-06-09,16.37861
1992-06-10,16.372616
1992-06-11,16.3741
1992-06-12,16.370651
1992-06-13,16.370686
1992-06-14,16.370506
1992-06-15,16.36081
1992-06-16,16.357176
1992-06-17,16.352625
1992-06-18,16.2969
1992-06-19,16.294292
1992-06-20,16.294292
1992-06-21,16.294277
1992-06-22,16.280508
1992-06-23,16.28203
1992-06-24,16.281048
1992-06-25,16.26617
1992-06-26,16.262392
1992-06-27,16.262392
1992-06-28,16.262392
1992-06-29,16.235256
1992-06-30,16.218119
1992-07-01,16.21835
1992-07-02,16.212969
1992-07-03,16.212868
1992-07-04,16.212868
1992-07-05,16.21366
1992-07-06,16.212576
1992-07-07,16.214697
1992-07-08,16.186419
1992-07-09,16.186712
1992-07-10,16.170809
1992-07-11,16.170809
1992-07-12,16.170809
1992-07-13,16.17036
1992-07-14,16.15469
1992-07-15,15.922985
1992-07-16,15.729378
1992-07-17,15.747275
1992-07-18,15.7474375
1992-07-19,15.747459
1992-07-20,15.682698
1992-07-21,15.602702
1992-07-22,15.584556
1992-07-23,15.691252
1992-07-24,15.711395
1992-07-25,15.71223
1992-07-26,15.719713
1992-07-27,15.703007
1992-07-28,15.558588
1992-07-29,15.529736
1992-07-30,15.675992
1992-07-31,15.679481
1992-08-01,15.678343
1992-08-02,15.678088
1992-08-03,15.712781
1992-08-04,15.69848
1992-08-05,15.739989
1992-08-06,15.718905
1992-08-07,15.825779
1992-08-08,15.825779
1992-08-09,15.825658
1992-08-10,15.74478
1992-08-11,15.745223
1992-08-12,15.796116
1992-08-13,15.792254
1992-08-14,15.795002
1992-08-15,15.795114
1992-08-16,15.793168
1992-08-17,15.792647
1992-08-18,15.770543
1992-08-19,15.782977
1992-08-20,15.7818575
1992-08-21,15.781609
1992-08-22,15.781609
1992-08-23,15.781752
1992-08-24,15.774453
1992-08-25,15.763933
1992-08-26,15.782667
1992-08-27,15.76815
1992-08-28,15.766069
1992-08-29,15.76608
1992-08-30,15.76608
1992-08-31,15.76515
1992-09-01,15.760573
1992-09-02,15.782649
1992-09-03,15.781373
1992-09-04,15.779949
1992-09-05,15.779949
1992-09-06,15.779949
1992-09-07,15.779928
1992-09-08,15.784994
1992-09-09,15.789666
1992-09-10,15.79165
1992-09-11,15.790175
1992-09-12,15.790147
1992-09-13,15.790128
1992-09-14,15.792726
1992-09-15,15.799621
1992-09-16,15.801242
1992-09-17,15.810057
1992-09-18,15.824895
1992-09-19,15.824895
1992-09-20,15.824982
1992-09-21,15.804515
1992-09-22,15.80214
1992-09-23,15.826253
1992-09-24,15.826614
1992-09-25,15.823185
1992-09-26,15.823169
1992-09-27,15.823169
1992-09-28,15.780317
1992-09-29,15.780559
1992-09-30,15.784165
1992-10-01,15.767061
1992-10-02,15.767053
1992-10-03,15.767069
1992-10-04,15.767114
1992-10-05,15.766509
1992-10-06,15.770636
1992-10-07,15.769962
1992-10-08,15.790235
1992-10-09,15.788673
1992-10-10,15.788948
1992-10-11,15.788946
1992-10-12,15.795049
1992-10-13,15.810427
1992-10-14,15.7818
1992-10-15,15.801759
1992-10-16,15.894642
1992-10-17,15.891938
1992-10-18,15.891721
1992-10-19,15.818145
1992-10-20,15.7772455
1992-10-21,15.682633
1992-10-22,15.596435
1992-10-23,15.514122
1992-10-24,15.515588
1992-10-25,15.5156
1992-10-26,15.451528
1992-10-27,15.396952
1992-10-28,15.296399
1992-10-29,15.229233
1992-10-30,15.226642
1992-10-31,15.226611
1992-11-01,15.225725
1992-11-02,15.215659
1992-11-03,15.222461
1992-11-04,15.226539
1992-11-05,15.128063
1992-11-06,15.118541
1992-11-07,15.118526
1992-11-08,15.105017
1992-11-09,15.101511
1992-11-10,15.129246
1992-11-11,15.110475
1992-11-12,15.057067
1992-11-13,15.034807
1992-11-14,15.034855
1992-11-15,15.032965
1992-11-16,15.051827
1992-11-17,15.025385
1992-11-18,15.02872
1992-11-19,15.036819
1992-11-20,15.039451
1992-11-21,15.039474
1992-11-22,15.039514
1992-11-23,15.041395
1992-11-24,15.034295
1992-11-25,15.029027
1992-11-26,15.029019
1992-11-27,15.02321
1992-11-28,15.02321
1992-11-29,15.023202
1992-11-30,15.0219145
1992-12-01,15.021239
1992-12-02,15.008885
1992-12-03,15.010426
1992-12-04,15.123694
1992-12-05,15.123694
1992-12-06,15.123694
1992-12-07,15.125575
1992-12-08,15.07389
1992-12-09,15.078609
1992-12-10,15.081079
1992-12-11,15.084814
1992-12-12,15.084852
1992-12-13,15.0848675
1992-12-14,15.084393
1992-12-15,15.084092
1992-12-16,15.080104
1992-12-17,15.100674
1992-12-18,15.11549
1992-12-19,15.1155
1992-12-20,15.1155
1992-12-21,15.116798
1992-12-22,15.1140585
1992-12-23,15.097936
1992-12-24,15.097997
1992-12-25,15.097997
1992-12-26,15.097997
1992-12-27,15.097376
1992-12-28,15.097309
1992-12-29,15.09737
1992-12-30,15.099906
1992-12-31,15.0998955
1993-01-01,15.0998955
1993-01-02,15.0998955
1993-01-03,15.099912
1993-01-04,15.101822
1993-01-05,15.108325
1993-01-06,15.115154
1993-01-07,15.136885
1993-01-08,15.133814
1993-01-09,15.133814
1993-01-10,15.133814
1993-01-11,15.132952
1993-01-12,15.129917
1993-01-13,15.080158
1993-01-14,15.06817
1993-01-15,15.085784
1993-01-16,15.085784
1993-01-17,15.085784
1993-01-18,15.112139
1993-01-19,15.219437
1993-01-20,15.258589
1993-01-21,15.059871
1993-01-22,15.036775
1993-01-23,15.040168
1993-01-24,15.045458
1993-01-25,14.938581
1993-01-26,14.856711
1993-01-27,14.889709
1993-01-28,14.90193
1993-01-29,14.984107
1993-01-30,14.984124
1993-01-31,14.985194
1993-02-01,15.022965
1993-02-02,15.099798
1993-02-03,15.187868
1993-02-04,15.243406
1993-02-05,15.261914
1993-02-06,15.260693
1993-02-07,15.260693
1993-02-08,15.267013
1993-02-09,15.341092
1993-02-10,15.392525
1993-02-11,15.384812
1993-02-12,15.381677
1993-02-13,15.379806
1993-02-14,15.3798685
1993-02-15,15.380005
1993-02-16,15.372151
1993-02-17,15.361328
1993-02-18,15.349725
1993-02-19,15.370149
1993-02-20,15.370169
1993-02-21,15.370169
1993-02-22,15.418093
1993-02-23,15.380479
1993-02-24,15.414794
1993-02-25,15.383428
1993-02-26,15.318003
1993-02-27,15.317855
1993-02-28,15.221096
1993-03-01,15.269827
1993-03-02,15.253685
1993-03-03,15.223765
1993-03-04,15.195641
1993-03-05,15.192235
1993-03-06,15.192235
1993-03-07,15.193219
1993-03-08,15.175736
1993-03-09,15.137658
1993-03-10,15.118455
1993-03-11,15.114866
1993-03-12,15.145629
1993-03-13,15.145629
1993-03-14,15.145629
1993-03-15,15.131191
1993-03-16,15.13504
1993-03-17,15.16331
1993-03-18,15.156071
1993-03-19,15.161867
1993-03-20,15.159876
1993-03-21,15.159827
1993-03-22,15.160673
1993-03-23,15.178521
1993-03-24,15.180673
1993-03-25,15.178839
1993-03-26,15.183854
1993-03-27,15.183857
1993-03-28,15.183857
1993-03-29,15.169852
1993-03-30,15.162044
1993-03-31,15.154859
1993-04-01,15.149871
1993-04-02,15.148906
1993-04-03,15.148883
1993-04-04,15.148743
1993-04-05,15.139942
1993-04-06,15.133362
1993-04-07,15.156189
1993-04-08,15.136535
1993-04-09,15.139343
1993-04-10,15.13923
1993-04-11,15.13922
1993-04-12,15.14036
1993-04-13,15.13983
1993-04-14,15.206869
1993-04-15,15.233825
1993-04-16,15.260911
1993-04-17,15.260833
1993-04-18,15.2539425
1993-04-19,15.302574
1993-04-20,15.260755
1993-04-21,15.658958
1993-04-22,15.585938
1993-04-23,15.619975
1993-04-24,15.618711
1993-04-25,15.620195
1993-04-26,15.675892
1993-04-27,15.941431
1993-04-28,15.895471
1993-04-29,15.886854
1993-04-30,15.894656
1993-05-01,15.89459
1993-05-02,15.892901
1993-05-03,15.866186
1993-05-04,15.850622
1993-05-05,15.850759
1993-05-06,15.816413
1993-05-07,15.8080435
1993-05-08,15.808044
1993-05-09,15.809778
1993-05-10,15.864369
1993-05-11,15.94433
1993-05-12,15.973362
1993-05-13,16.000156
1993-05-14,16.04734
1993-05-15,16.047636
1993-05-16,16.048723
1993-05-17,16.19524
1993-05-18,16.368052
1993-05-19,16.382093
1993-05-20,16.473053
1993-05-21,16.510077
1993-05-22,16.509342
1993-05-23,16.509735
1993-05-24,16.515774
1993-05-25,16.511095
1993-05-26,16.509438
1993-05-27,16.531458
1993-05-28,16.532955
1993-05-29,16.53294
1993-05-30,16.53294
1993-05-31,16.532887
1993-06-01,16.531565
1993-06-02,16.528084
1993-06-03,16.517054
1993-06-04,16.515776
1993-06-05,16.515776
1993-06-06,16.515558
1993-06-07,16.515417
1993-06-08,16.520382
1993-06-09,16.527464
1993-06-10,16.52414
1993-06-11,16.52449
1993-06-12,16.524406
1993-06-13,16.524336
1993-06-14,16.539753
1993-06-15,16.548449
1993-06-16,16.548262
1993-06-17,16.540493
1993-06-18,16.54266
1993-06-19,16.54685
1993-06-20,16.54685
1993-06-21,16.543228
1993-06-22,16.546215
1993-06-23,16.54622
1993-06-24,16.490578
1993-06-25,16.4918
1993-06-26,16.4918
1993-06-27,16.4918
1993-06-28,16.49787
1993-06-29,16.477034
1993-06-30,16.470947
1993-07-01,16.464746
1993-07-02,16.465574
1993-07-03,16.465574
1993-07-04,16.465574
1993-07-05,16.465574
1993-07-06,16.455847
1993-07-07,16.430103
1993-07-08,16.435911
1993-07-09,16.429558
1993-07-10,16.429558
1993-07-11,16.429558
1993-07-12,16.426064
1993-07-13,16.42621
1993-07-14,16.548801
1993-07-15,16.4844
1993-07-16,16.50477
1993-07-17,16.504787
1993-07-18,16.490496
1993-07-19,16.49141
1993-07-20,16.378212
1993-07-21,16.156786
1993-07-22,16.174036
1993-07-23,16.251717
1993-07-24,16.253483
1993-07-25,16.252247
1993-07-26,16.196384
1993-07-27,16.30352
1993-07-28,15.931482
1993-07-29,15.83352
1993-07-30,15.833971
1993-07-31,15.835973
1993-08-01,15.835835
1993-08-02,15.844458
1993-08-03,15.860449
1993-08-04,15.7163315
1993-08-05,15.764338
1993-08-06,15.926336
1993-08-07,15.926305
1993-08-08,15.92632
1993-08-09,15.927014
1993-08-10,15.87565
1993-08-11,15.879568
1993-08-12,15.878483
1993-08-13,15.88802
1993-08-14,15.888
1993-08-15,15.887775
1993-08-16,15.877974
1993-08-17,15.912293
1993-08-18,15.909899
1993-08-19,15.903483
1993-08-20,15.89471
1993-08-21,15.894061
1993-08-22,15.894065
1993-08-23,15.893487
1993-08-24,15.868455
1993-08-25,15.864492
1993-08-26,15.841149
1993-08-27,15.842633
1993-08-28,15.842633
1993-08-29,15.843114
1993-08-30,15.844841
1993-08-31,15.845978
1993-09-01,15.839217
1993-09-02,15.845023
1993-09-03,15.845801
1993-09-04,15.845801
1993-09-05,15.845776
1993-09-06,15.845776
1993-09-07,15.845842
1993-09-08,15.823044
1993-09-09,15.816884
1993-09-10,15.813157
1993-09-11,15.813157
1993-09-12,15.812706
1993-09-13,15.816152
1993-09-14,15.821295
1993-09-15,15.821587
1993-09-16,15.822382
1993-09-17,15.855326
1993-09-18,15.857098
1993-09-19,15.857098
1993-09-20,15.827179
1993-09-21,15.823733
1993-09-22,15.837966
1993-09-23,15.839937
1993-09-24,15.825428
1993-09-25,15.825428
1993-09-26,15.825428
1993-09-27,15.735513
1993-09-28,15.732107
1993-09-29,15.740274
1993-09-30,15.740239
1993-10-01,15.743064
1993-10-02,15.743064
1993-10-03,15.743566
1993-10-04,15.739787
1993-10-05,15.740616
1993-10-06,15.749633
1993-10-07,15.788941
1993-10-08,15.791378
1993-10-09,15.791378
1993-10-10,15.791384
1993-10-11,15.800598
1993-10-12,15.829875
1993-10-13,15.736654
1993-10-14,15.793138
1993-10-15,15.851787
1993-10-16,15.851421
1993-10-17,15.855223
1993-10-18,15.834728
1993-10-19,15.724269
1993-10-20,15.670838
1993-10-21,15.751601
1993-10-22,15.668595
1993-10-23,15.668647
1993-10-24,15.662824
1993-10-25,15.62951
1993-10-26,15.631794
1993-10-27,15.658275
1993-10-28,15.501873
1993-10-29,15.492076
1993-10-30,15.491772
1993-10-31,15.491424
1993-11-01,15.486462
1993-11-02,15.511867
1993-11-03,15.524406
1993-11-04,15.507605
1993-11-05,15.507704
1993-11-06,15.504488
1993-11-07,15.504484
1993-11-08,15.482686
1993-11-09,15.485264
1993-11-10,15.502636
1993-11-11,15.498618
1993-11-12,15.4545555
1993-11-13,15.4569435
1993-11-14,15.457403
1993-11-15,15.474614
1993-11-16,15.473314
1993-11-17,15.475238
1993-11-18,15.461767
1993-11-19,15.493354
1993-11-20,15.493333
1993-11-21,15.493303
1993-11-22,15.498518
1993-11-23,15.489893
1993-11-24,15.492858
1993-11-25,15.492873
1993-11-26,15.493595
1993-11-27,15.493584
1993-11-28,15.493612
1993-11-29,15.493612
1993-11-30,15.4853945
1993-12-01,15.487035
1993-12-02,15.500091
1993-12-03,15.6109
1993-12-04,15.6110935
1993-12-05,15.6110935
1993-12-06,15.608464
1993-12-07,15.616102
1993-12-08,15.608219
1993-12-09,15.60601
1993-12-10,15.605859
1993-12-11,15.605859
1993-12-12,15.604774
1993-12-13,15.604718
1993-12-14,15.598023
1993-12-15,15.596643
1993-12-16,15.597973
1993-12-17,15.597648
1993-12-18,15.597816
1993-12-19,15.597816
1993-12-20,15.596959
1993-12-21,15.58977
1993-12-22,15.591579
1993-12-23,15.590438
1993-12-24,15.590438
1993-12-25,15.590438
1993-12-26,15.590438
1993-12-27,15.591534
1993-12-28,15.591618
1993-12-29,15.59169
1993-12-30,15.594129
1993-12-31,15.594129
1994-01-01,15.594129
1994-01-02,15.594129
1994-01-03,15.594132
1994-01-04,15.59866
1994-01-05,15.598377
1994-01-06,15.621807
1994-01-07,15.617704
1994-01-08,15.61759
1994-01-09,15.61759
1994-01-10,15.618047
1994-01-11,15.597998
1994-01-12,15.590859
1994-01-13,15.555688
1994-01-14,15.551678
1994-01-15,15.551678
1994-01-16,15.551697
1994-01-17,15.536186
1994-01-18,15.554414
1994-01-19,15.543661
1994-01-20,15.4918585
1994-01-21,15.651932
1994-01-22,15.651824
1994-01-23,15.651734
1994-01-24,15.647993
1994-01-25,15.618767
1994-01-26,15.922038
1994-01-27,16.021284
1994-01-28,16.034681
1994-01-29,16.034708
1994-01-30,16.016607
1994-01-31,16.044218
1994-02-01,16.044058
1994-02-02,16.079847
1994-02-03,16.096867
1994-02-04,16.245752
1994-02-05,16.242691
1994-02-06,16.241056
1994-02-07,16.2415
1994-02-08,16.185257
1994-02-09,16.249418
1994-02-10,16.178131
1994-02-11,16.177622
1994-02-12,16.176104
1994-02-13,16.156488
1994-02-14,16.156382
1994-02-15,16.126795
1994-02-16,16.087564
1994-02-17,16.06824
1994-02-18,16.085981
1994-02-19,16.085981
1994-02-20,16.085989
1994-02-21,16.096289
1994-02-22,15.937329
1994-02-23,15.90128
1994-02-24,15.850593
1994-02-25,15.901101
1994-02-26,15.9104395
1994-02-27,15.8791065
1994-02-28,15.862598
1994-03-01,15.852268
1994-03-02,15.846868
1994-03-03,15.839546
1994-03-04,15.821475
1994-03-05,15.820965
1994-03-06,15.820965
1994-03-07,15.842261
1994-03-08,15.812315
1994-03-09,15.811757
1994-03-10,15.661979
1994-03-11,15.629008
1994-03-12,15.629084
1994-03-13,15.628561
1994-03-14,15.63635
1994-03-15,15.622622
1994-03-16,15.621225
1994-03-17,15.629087
1994-03-18,15.64341
1994-03-19,15.6398115
1994-03-20,15.640149
1994-03-21,15.632912
1994-03-22,15.640154
1994-03-23,15.645238
1994-03-24,15.635222
1994-03-25,15.642573
1994-03-26,15.642121
1994-03-27,15.6421795
1994-03-28,15.63067
1994-03-29,15.512082
1994-03-30,15.513888
1994-03-31,15.512277
1994-04-01,15.515103
1994-04-02,15.562993
1994-04-03,15.56258
1994-04-04,15.563374
1994-04-05,15.556728
1994-04-06,15.543818
1994-04-07,15.548058
1994-04-08,15.547664
1994-04-09,15.547664
1994-04-10,15.547612
1994-04-11,15.572472
1994-04-12,15.580909
1994-04-13,15.626034
1994-04-14,15.596456
1994-04-15,15.561264
1994-04-16,15.561264
1994-04-17,15.561283
1994-04-18,15.521855
1994-04-19,15.302422
1994-04-20,15.03395
1994-04-21,15.021844
1994-04-22,15.020635
1994-04-23,15.020547
1994-04-24,15.01766
1994-04-25,15.019062
1994-04-26,15.004844
1994-04-27,14.986328
1994-04-28,14.8656845
1994-04-29,14.925919
1994-04-30,14.925902
1994-05-01,14.924213
1994-05-02,14.917633
1994-05-03,14.917036
1994-05-04,14.885484
1994-05-05,14.883434
1994-05-06,14.869794
1994-05-07,14.868928
1994-05-08,14.868994
1994-05-09,14.931229
1994-05-10,14.997282
1994-05-11,15.048538
1994-05-12,14.95253
1994-05-13,14.952161
1994-05-14,14.95174
1994-05-15,14.951811
1994-05-16,15.171884
1994-05-17,15.213198
1994-05-18,15.3023615
1994-05-19,15.3345175
1994-05-20,15.332443
1994-05-21,15.332324
1994-05-22,15.3318205
1994-05-23,15.333468
1994-05-24,15.312693
1994-05-25,15.310496
1994-05-26,15.309265
1994-05-27,15.312565
1994-05-28,15.312574
1994-05-29,15.312532
1994-05-30,15.312532
1994-05-31,15.31474
1994-06-01,15.32712
1994-06-02,15.326473
1994-06-03,15.323328
1994-06-04,15.323126
1994-06-05,15.323126
1994-06-06,15.32196
1994-06-07,15.325143
1994-06-08,15.3260765
1994-06-09,15.329585
1994-06-10,15.3296
1994-06-11,15.3296
1994-06-12,15.3296
1994-06-13,15.3226595
1994-06-14,15.326784
1994-06-15,15.318969
1994-06-16,15.317458
1994-06-17,15.315696
1994-06-18,15.315696
1994-06-19,15.313913
1994-06-20,15.308356
1994-06-21,15.305698
1994-06-22,15.308312
1994-06-23,15.2967
1994-06-24,15.297346
1994-06-25,15.297346
1994-06-26,15.297346
1994-06-27,15.300538
1994-06-28,15.288874
1994-06-29,15.279544
1994-06-30,15.262979
1994-07-01,15.251559
1994-07-02,15.251559
1994-07-03,15.251559
1994-07-04,15.251559
1994-07-05,15.251205
1994-07-06,15.242025
1994-07-07,15.231655
1994-07-08,15.231034
1994-07-09,15.231034
1994-07-10,15.231034
1994-07-11,15.175247
1994-07-12,15.172772
1994-07-13,15.139709
1994-07-14,15.140968
1994-07-15,15.056532
1994-07-16,15.074993
1994-07-17,15.066939
1994-07-18,14.97056
1994-07-19,14.903615
1994-07-20,14.4486265
1994-07-21,14.304124
1994-07-22,14.247584
1994-07-23,14.247584
1994-07-24,14.24624
1994-07-25,14.312273
1994-07-26,14.386952
1994-07-27,14.295461
1994-07-28,14.234188
1994-07-29,14.038617
1994-07-30,14.041181
1994-07-31,14.038612
1994-08-01,14.032669
1994-08-02,14.002984
1994-08-03,13.992676
1994-08-04,13.968691
1994-08-05,13.957325
1994-08-06,13.956554
1994-08-07,13.956364
1994-08-08,13.945798
1994-08-09,13.944652
1994-08-10,13.987704
1994-08-11,13.972339
1994-08-12,14.055447
1994-08-13,14.055473
1994-08-14,14.055461
1994-08-15,13.990087
1994-08-16,13.989208
1994-08-17,13.980326
1994-08-18,13.959272
1994-08-19,13.959648
1994-08-20,13.96031
1994-08-21,13.960347
1994-08-22,13.961496
1994-08-23,13.95676
1994-08-24,13.953586
1994-08-25,13.93574
1994-08-26,13.936179
1994-08-27,13.936179
1994-08-28,13.936179
1994-08-29,13.937108
1994-08-30,13.938371
1994-08-31,13.940392
1994-09-01,13.937797
1994-09-02,13.937639
1994-09-03,13.937639
1994-09-04,13.937665
1994-09-05,13.937503
1994-09-06,13.937504
1994-09-07,13.937838
1994-09-08,13.946042
1994-09-09,13.945776
1994-09-10,13.945657
1994-09-11,13.94563
1994-09-12,13.946313
1994-09-13,13.947568
1994-09-14,13.954933
1994-09-15,13.955601
1994-09-16,13.957274
1994-09-17,13.957274
1994-09-18,13.956965
1994-09-19,13.951461
1994-09-20,13.966948
1994-09-21,13.965235
1994-09-22,13.969813
1994-09-23,13.964918
1994-09-24,13.964918
1994-09-25,13.964847
1994-09-26,13.96275
1994-09-27,13.961196
1994-09-28,13.9560995
1994-09-29,13.95856
1994-09-30,13.961712
1994-10-01,13.961577
1994-10-02,13.961577
1994-10-03,13.962338
1994-10-04,13.960858
1994-10-05,13.96774
1994-10-06,13.969041
1994-10-07,13.969359
1994-10-08,13.969359
1994-10-09,13.969238
1994-10-10,13.980821
1994-10-11,14.063149
1994-10-12,14.071627
1994-10-13,14.044765
1994-10-14,14.033932
1994-10-15,14.033904
1994-10-16,14.033549
1994-10-17,14.048639
1994-10-18,14.123292
1994-10-19,14.156285
1994-10-20,14.464711
1994-10-21,14.38855
1994-10-22,14.401215
1994-10-23,14.40097
1994-10-24,14.383687
1994-10-25,14.22556
1994-10-26,14.110899
1994-10-27,14.189078
1994-10-28,14.152071
1994-10-29,14.149183
1994-10-30,14.155568
1994-10-31,14.127635
1994-11-01,14.107234
1994-11-02,14.144689
1994-11-03,14.132653
1994-11-04,14.135069
1994-11-05,14.135078
1994-11-06,14.135648
1994-11-07,14.138586
1994-11-08,14.1174345
1994-11-09,14.1125345
1994-11-10,14.122166
1994-11-11,14.1448555
1994-11-12,14.144774
1994-11-13,14.145119
1994-11-14,14.176356
1994-11-15,14.1603565
1994-11-16,14.181173
1994-11-17,14.184587
1994-11-18,14.171837
1994-11-19,14.171619
1994-11-20,14.171651
1994-11-21,14.162912
1994-11-22,14.151112
1994-11-23,14.148816
1994-11-24,14.144578
1994-11-25,14.1460705
1994-11-26,14.1460705
1994-11-27,14.146821
1994-11-28,14.147647
1994-11-29,14.143988
1994-11-30,14.152117
1994-12-01,14.154123
1994-12-02,14.103584
1994-12-03,14.103584
1994-12-04,14.1036625
1994-12-05,14.109087
1994-12-06,14.112185
1994-12-07,14.110059
1994-12-08,14.1131935
1994-12-09,14.113635
1994-12-10,14.113635
1994-12-11,14.113727
1994-12-12,14.112987
1994-12-13,14.120411
1994-12-14,14.117158
1994-12-15,14.105318
1994-12-16,14.104012
1994-12-17,14.103983
1994-12-18,14.103796
1994-12-19,14.102398
1994-12-20,14.105946
1994-12-21,14.086554
1994-12-22,14.088097
1994-12-23,14.105124
1994-12-24,14.105151
1994-12-25,14.105215
1994-12-26,14.105215
1994-12-27,14.104922
1994-12-28,14.104411
1994-12-29,14.104892
1994-12-30,14.105698
1994-12-31,14.105698
1995-01-01,14.105698
1995-01-02,14.105698
1995-01-03,14.102886
1995-01-04,14.110355
1995-01-05,14.109108
1995-01-06,14.107216
1995-01-07,14.107216
1995-01-08,14.108379
1995-01-09,14.103068
1995-01-10,14.084907
1995-01-11,14.062044
1995-01-12,14.010571
1995-01-13,14.008879
1995-01-14,14.008862
1995-01-15,14.008859
1995-01-16,14.055513
1995-01-17,13.976406
1995-01-18,14.09846
1995-01-19,14.078714
1995-01-20,14.185018
1995-01-21,14.185209
1995-01-22,14.1847725
1995-01-23,13.985424
1995-01-24,14.001289
1995-01-25,13.8214035
1995-01-26,13.773174
1995-01-27,13.791033
1995-01-28,13.790526
1995-01-29,13.760547
1995-01-30,13.794977
1995-01-31,13.647695
1995-02-01,13.608825
1995-02-02,13.571039
1995-02-03,13.564219
1995-02-04,13.560599
1995-02-05,13.560899
1995-02-06,13.569035
1995-02-07,13.57358
1995-02-08,13.547235
1995-02-09,13.56105
1995-02-10,13.557455
1995-02-11,13.55724
1995-02-12,13.55571
1995-02-13,13.556086
1995-02-14,13.545828
1995-02-15,13.537892
1995-02-16,13.511239
1995-02-17,13.494778
1995-02-18,13.495028
1995-02-19,13.49499
1995-02-20,13.498585
1995-02-21,13.513291
1995-02-22,13.456065
1995-02-23,13.381714
1995-02-24,13.18001
1995-02-25,13.179752
1995-02-26,13.179044
1995-02-27,13.137658
1995-02-28,13.050546
1995-03-01,13.037315
1995-03-02,13.0253
1995-03-03,13.026565
1995-03-04,13.026186
1995-03-05,13.025953
1995-03-06,13.042642
1995-03-07,13.013558
1995-03-08,12.923438
1995-03-09,12.845507
1995-03-10,12.840282
1995-03-11,12.84042
1995-03-12,12.84042
1995-03-13,12.836492
1995-03-14,12.810496
1995-03-15,12.831087
1995-03-16,12.836155
1995-03-17,12.837339
1995-03-18,12.837322
1995-03-19,12.83726
1995-03-20,12.828943
1995-03-21,12.8350315
1995-03-22,12.83512
1995-03-23,12.8513775
1995-03-24,12.851431
1995-03-25,12.851218
1995-03-26,12.851247
1995-03-27,12.843709
1995-03-28,12.844147
1995-03-29,12.838104
1995-03-30,12.84494
1995-03-31,12.838633
1995-04-01,12.838854
1995-04-02,12.874309
1995-04-03,12.87495
1995-04-04,12.878412
1995-04-05,12.86778
1995-04-06,12.858527
1995-04-07,12.878886
1995-04-08,12.878884
1995-04-09,12.878884
1995-04-10,12.890444
1995-04-11,12.950917
1995-04-12,12.937386
1995-04-13,12.977031
1995-04-14,13.000302
1995-04-15,13.000848
1995-04-16,12.979388
1995-04-17,12.936044
1995-04-18,13.007972
1995-04-19,13.004411
1995-04-20,12.849605
1995-04-21,12.8601465
1995-04-22,12.864255
1995-04-23,12.864612
1995-04-24,12.945147
1995-04-25,13.126784
1995-04-26,13.17455
1995-04-27,13.176394
1995-04-28,13.211869
1995-04-29,13.211475
1995-04-30,13.215478
1995-05-01,13.210151
1995-05-02,13.214098
1995-05-03,13.257917
1995-05-04,13.272209
1995-05-05,13.271983
1995-05-06,13.2702265
1995-05-07,13.270907
1995-05-08,13.314964
1995-05-09,13.348223
1995-05-10,13.343553
1995-05-11,13.356639
1995-05-12,13.4662285
1995-05-13,13.466896
1995-05-14,13.469588
1995-05-15,13.479148
1995-05-16,13.64285
1995-05-17,13.748545
1995-05-18,13.758225
1995-05-19,13.747663
1995-05-20,13.747816
1995-05-21,13.747816
1995-05-22,13.749766
1995-05-23,13.751033
1995-05-24,13.757578
1995-05-25,13.753209
1995-05-26,13.754203
1995-05-27,13.754203
1995-05-28,13.754219
1995-05-29,13.754219
1995-05-30,13.748161
1995-05-31,13.747417
1995-06-01,13.74894
1995-06-02,13.749744
1995-06-03,13.749744
1995-06-04,13.749723
1995-06-05,13.749869
1995-06-06,13.756769
1995-06-07,13.759939
1995-06-08,13.763234
1995-06-09,13.76422
1995-06-10,13.76422
1995-06-11,13.76422
1995-06-12,13.760931
1995-06-13,13.772595
1995-06-14,13.77793
1995-06-15,13.782248
1995-06-16,13.781958
1995-06-17,13.781958
1995-06-18,13.793628
1995-06-19,13.794398
1995-06-20,13.784324
1995-06-21,13.781153
1995-06-22,13.778765
1995-06-23,13.78334
1995-06-24,13.78334
1995-06-25,13.78334
1995-06-26,13.788823
1995-06-27,13.787099
1995-06-28,13.786687
1995-06-29,13.782333
1995-06-30,13.778063
1995-07-01,13.77775
1995-07-02,13.77775
1995-07-03,13.77776
1995-07-04,13.77776
1995-07-05,13.774632
1995-07-06,13.7741785
1995-07-07,13.769289
1995-07-08,13.769283
1995-07-09,13.769283
1995-07-10,13.756839
1995-07-11,13.768773
1995-07-12,13.722605
1995-07-13,13.729073
1995-07-14,13.734887
1995-07-15,13.73551
1995-07-16,13.751521
1995-07-17,13.789419
1995-07-18,13.8753
1995-07-19,13.818511
1995-07-20,13.96749
1995-07-21,13.940872
1995-07-22,13.943167
1995-07-23,13.941688
1995-07-24,13.937012
1995-07-25,13.965522
1995-07-26,14.002883
1995-07-27,14.035453
1995-07-28,14.040012
1995-07-29,14.036415
1995-07-30,14.037943
1995-07-31,14.026475
1995-08-01,14.016867
1995-08-02,14.004472
1995-08-03,14.01277
1995-08-04,14.014428
1995-08-05,14.014402
1995-08-06,14.014211
1995-08-07,14.012152
1995-08-08,14.004194
1995-08-09,14.079641
1995-08-10,14.082599
1995-08-11,14.119167
1995-08-12,14.11798
1995-08-13,14.118
1995-08-14,14.119164
1995-08-15,14.1046095
1995-08-16,14.142776
1995-08-17,14.175502
1995-08-18,14.175262
1995-08-19,14.1748495
1995-08-20,14.1748495
1995-08-21,14.174579
1995-08-22,14.173534
1995-08-23,14.176392
1995-08-24,14.162105
1995-08-25,14.175934
1995-08-26,14.175486
1995-08-27,14.175486
1995-08-28,14.181062
1995-08-29,14.183722
1995-08-30,14.189833
1995-08-31,14.187662
1995-09-01,14.188162
1995-09-02,14.188162
1995-09-03,14.188162
1995-09-04,14.188092
1995-09-05,14.187648
1995-09-06,14.179222
1995-09-07,14.174537
1995-09-08,14.175879
1995-09-09,14.175879
1995-09-10,14.175751
1995-09-11,14.175176
1995-09-12,14.174697
1995-09-13,14.162077
1995-09-14,14.189796
1995-09-15,14.193925
1995-09-16,14.193925
1995-09-17,14.193832
1995-09-18,14.17069
1995-09-19,14.172485
1995-09-20,14.156037
1995-09-21,14.182089
1995-09-22,14.18239
1995-09-23,14.182382
1995-09-24,14.18291
1995-09-25,14.1831875
1995-09-26,14.187126
1995-09-27,14.173272
1995-09-28,14.173537
1995-09-29,14.175826
1995-09-30,14.175836
1995-10-01,14.175808
1995-10-02,14.177699
1995-10-03,14.183644
1995-10-04,14.181555
1995-10-05,14.185892
1995-10-06,14.188071
1995-10-07,14.188071
1995-10-08,14.188071
1995-10-09,14.187596
1995-10-10,14.23624
1995-10-11,14.223608
1995-10-12,14.222674
1995-10-13,14.219235
1995-10-14,14.225691
1995-10-15,14.219416
1995-10-16,14.185119
1995-10-17,14.156648
1995-10-18,14.7525
1995-10-19,14.8266535
1995-10-20,14.76747
1995-10-21,14.765304
1995-10-22,14.754643
1995-10-23,14.626531
1995-10-24,14.704884
1995-10-25,14.700681
1995-10-26,14.629738
1995-10-27,14.604692
1995-10-28,14.606523
1995-10-29,14.608155
1995-10-30,14.63838
1995-10-31,14.578122
1995-11-01,14.572529
1995-11-02,14.576882
1995-11-03,14.595974
1995-11-04,14.595611
1995-11-05,14.597593
1995-11-06,14.597282
1995-11-07,14.579938
1995-11-08,14.561659
1995-11-09,14.561739
1995-11-10,14.563908
1995-11-11,14.564159
1995-11-12,14.564175
1995-11-13,14.567532
1995-11-14,14.458086
1995-11-15,14.444606
1995-11-16,14.432512
1995-11-17,14.434217
1995-11-18,14.434288
1995-11-19,14.442388
1995-11-20,14.443671
1995-11-21,14.440191
1995-11-22,14.439855
1995-11-23,14.439594
1995-11-24,14.436692
1995-11-25,14.437118
1995-11-26,14.437086
1995-11-27,14.443629
1995-11-28,14.43234
1995-11-29,14.444446
1995-11-30,14.467704
1995-12-01,14.454746
1995-12-02,14.454746
1995-12-03,14.454746
1995-12-04,14.4552965
1995-12-05,14.45264
1995-12-06,14.442254
1995-12-07,14.443486
1995-12-08,14.463098
1995-12-09,14.463098
1995-12-10,14.463098
1995-12-11,14.462892
1995-12-12,14.461771
1995-12-13,14.469408
1995-12-14,14.462581
1995-12-15,14.443258
1995-12-16,14.443201
1995-12-17,14.443188
1995-12-18,14.442909
1995-12-19,14.465776
1995-12-20,14.490923
1995-12-21,14.48045
1995-12-22,14.491521
1995-12-23,14.490369
1995-12-24,14.490369
1995-12-25,14.490369
1995-12-26,14.49057
1995-12-27,14.49059
1995-12-28,14.490719
1995-12-29,14.490719
1995-12-30,14.490719
1995-12-31,14.490741
1996-01-01,14.490741
1996-01-02,14.490825
1996-01-03,14.495722
1996-01-04,14.495229
1996-01-05,14.498777
1996-01-06,14.498777
1996-01-07,14.498777
1996-01-08,14.49929
1996-01-09,14.469823
1996-01-10,14.467971
1996-01-11,14.459922
1996-01-12,14.464588
1996-01-13,14.464588
1996-01-14,14.464594
1996-01-15,14.463452
1996-01-16,14.539118
1996-01-17,14.587628
1996-01-18,14.672772
1996-01-19,14.617734
1996-01-20,14.671317
1996-01-21,14.6718645
1996-01-22,14.779249
1996-01-23,14.903117
1996-01-24,14.992613
1996-01-25,15.239162
1996-01-26,15.326057
1996-01-27,15.324584
1996-01-28,15.32448
1996-01-29,15.321626
1996-01-30,15.257622
1996-01-31,15.275441
1996-02-01,15.251037
1996-02-02,15.2624
1996-02-03,15.2624
1996-02-04,15.2624
1996-02-05,15.301945
1996-02-06,15.357026
1996-02-07,15.439539
1996-02-08,15.397549
1996-02-09,15.400385
1996-02-10,15.400585
1996-02-11,15.400226
1996-02-12,15.430034
1996-02-13,15.423096
1996-02-14,15.453302
1996-02-15,15.486549
1996-02-16,15.583019
1996-02-17,15.582774
1996-02-18,15.582807
1996-02-19,15.579349
1996-02-20,15.588963
1996-02-21,15.59814
1996-02-22,15.67295
1996-02-23,15.655339
1996-02-24,15.654514
1996-02-25,15.652419
1996-02-26,15.653747
1996-02-27,15.655986
1996-02-28,15.600613
1996-02-29,15.597334
1996-03-01,15.595832
1996-03-02,15.595832
1996-03-03,15.595682
1996-03-04,15.591965
1996-03-05,15.562804
1996-03-06,15.556804
1996-03-07,15.56204
1996-03-08,15.559908
1996-03-09,15.560156
1996-03-10,15.560156
1996-03-11,15.559819
1996-03-12,15.555946
1996-03-13,15.56594
1996-03-14,15.551202
1996-03-15,15.563979
1996-03-16,15.564009
1996-03-17,15.564009
1996-03-18,15.568232
1996-03-19,15.52944
1996-03-20,15.542584
1996-03-21,15.536239
1996-03-22,15.535791
1996-03-23,15.535791
1996-03-24,15.535791
1996-03-25,15.532176
1996-03-26,15.516972
1996-03-27,15.534984
1996-03-28,15.513654
1996-03-29,15.51544
1996-03-30,15.515611
1996-03-31,15.515755
1996-04-01,15.52629
1996-04-02,15.567449
1996-04-03,15.565832
1996-04-04,15.559812
1996-04-05,15.562065
1996-04-06,15.562093
1996-04-07,15.562093
1996-04-08,15.5606365
1996-04-09,15.552079
1996-04-10,15.507553
1996-04-11,15.573407
1996-04-12,15.572981
1996-04-13,15.57293
1996-04-14,15.584779
1996-04-15,15.609562
1996-04-16,15.604869
1996-04-17,15.748364
1996-04-18,15.854279
1996-04-19,15.893515
1996-04-20,15.893515
1996-04-21,15.8903265
1996-04-22,15.882394
1996-04-23,15.908735
1996-04-24,15.845005
1996-04-25,15.999088
1996-04-26,16.000084
1996-04-27,16.000084
1996-04-28,15.995339
1996-04-29,16.010195
1996-04-30,15.987038
1996-05-01,16.008913
1996-05-02,15.986626
1996-05-03,15.967558
1996-05-04,15.947402
1996-05-05,15.947402
1996-05-06,15.950008
1996-05-07,15.937555
1996-05-08,15.9562435
1996-05-09,15.970831
1996-05-10,15.745807
1996-05-11,15.74599
1996-05-12,15.746245
1996-05-13,15.827894
1996-05-14,15.950196
1996-05-15,15.9560795
1996-05-16,16.083893
1996-05-17,16.083881
1996-05-18,16.082258
1996-05-19,16.082323
1996-05-20,16.135223
1996-05-21,16.179735
1996-05-22,16.186357
1996-05-23,16.013783
1996-05-24,16.030966
1996-05-25,16.031076
1996-05-26,16.031069
1996-05-27,16.031206
1996-05-28,16.030577
1996-05-29,15.996137
1996-05-30,15.997554
1996-05-31,15.99687
1996-06-01,15.997085
1996-06-02,15.997246
1996-06-03,15.783054
1996-06-04,15.788033
1996-06-05,15.796489
1996-06-06,15.819454
1996-06-07,15.818806
1996-06-08,15.820309
1996-06-09,15.820309
1996-06-10,15.819148
1996-06-11,15.817449
1996-06-12,15.814613
1996-06-13,15.843572
1996-06-14,15.8467245
1996-06-15,15.8468685
1996-06-16,15.8468685
1996-06-17,15.84301
1996-06-18,15.892835
1996-06-19,15.89392
1996-06-20,15.841562
1996-06-21,15.841228
1996-06-22,15.841329
1996-06-23,15.841329
1996-06-24,15.848553
1996-06-25,15.851283
1996-06-26,15.877262
1996-06-27,15.882849
1996-06-28,15.883662
1996-06-29,15.883662
1996-06-30,15.883668
1996-07-01,15.826609
1996-07-02,15.833092
1996-07-03,15.83182
1996-07-04,15.83182
1996-07-05,15.834248
1996-07-06,15.834248
1996-07-07,15.834248
1996-07-08,15.836975
1996-07-09,15.962666
1996-07-10,15.966758
1996-07-11,15.996112
1996-07-12,16.021496
1996-07-13,16.021496
1996-07-14,16.024738
1996-07-15,16.014282
1996-07-16,16.029594
1996-07-17,15.711735
1996-07-18,15.649986
1996-07-19,15.676263
1996-07-20,15.676211
1996-07-21,15.680207
1996-07-22,15.775173
1996-07-23,15.779219
1996-07-24,15.811474
1996-07-25,15.694132
1996-07-26,15.612554
1996-07-27,15.612808
1996-07-28,15.602232
1996-07-29,15.541859
1996-07-30,15.528049
1996-07-31,15.516638
1996-08-01,15.555245
1996-08-02,15.720882
1996-08-03,15.720885
1996-08-04,15.722475
1996-08-05,15.71826
1996-08-06,15.737496
1996-08-07,15.754069
1996-08-08,15.768679
1996-08-09,15.768808
1996-08-10,15.768916
1996-08-11,15.76918
1996-08-12,15.772554
1996-08-13,15.768505
1996-08-14,15.7548065
1996-08-15,16.005043
1996-08-16,16.00673
1996-08-17,16.008463
1996-08-18,16.008198
1996-08-19,16.001873
1996-08-20,15.97436
1996-08-21,15.966705
1996-08-22,15.966428
1996-08-23,15.955158
1996-08-24,15.955158
1996-08-25,15.955176
1996-08-26,15.950261
1996-08-27,15.951514
1996-08-28,15.947497
1996-08-29,15.947192
1996-08-30,15.958658
1996-08-31,15.958654
1996-09-01,15.958654
1996-09-02,15.958564
1996-09-03,15.960138
1996-09-04,15.964953
1996-09-05,15.964842
1996-09-06,15.964606
1996-09-07,15.964695
1996-09-08,15.964695
1996-09-09,15.964788
1996-09-10,15.963563
1996-09-11,15.966317
1996-09-12,16.017054
1996-09-13,16.017189
1996-09-14,16.017513
1996-09-15,16.017513
1996-09-16,16.016521
1996-09-17,16.005878
1996-09-18,15.995376
1996-09-19,16.000593
1996-09-20,15.97687
1996-09-21,15.97687
1996-09-22,15.97687
1996-09-23,15.976788
1996-09-24,15.970569
1996-09-25,15.95068
1996-09-26,15.94921
1996-09-27,15.954986
1996-09-28,15.955029
1996-09-29,15.954944
1996-09-30,15.954524
1996-10-01,15.955198
1996-10-02,15.957741
1996-10-03,15.957408
1996-10-04,15.957615
1996-10-05,15.957615
1996-10-06,15.957615
1996-10-07,15.963789
1996-10-08,15.98484
1996-10-09,15.980497
1996-10-10,15.993031
1996-10-11,15.985611
1996-10-12,15.985611
1996-10-13,15.9866905
1996-10-14,16.037254
1996-10-15,16.094698
1996-10-16,16.46334
1996-10-17,16.366179
1996-10-18,16.257479
1996-10-19,16.257185
1996-10-20,16.237238
1996-10-21,16.346441
1996-10-22,16.356672
1996-10-23,16.30232
1996-10-24,16.260637
1996-10-25,16.219633
1996-10-26,16.21718
1996-10-27,16.22257
1996-10-28,16.18351
1996-10-29,16.14823
1996-10-30,16.154078
1996-10-31,16.109665
1996-11-01,16.075317
1996-11-02,16.076178
1996-11-03,16.076178
1996-11-04,16.0595
1996-11-05,16.080744
1996-11-06,16.085283
1996-11-07,16.098532
1996-11-08,16.084316
1996-11-09,16.084366
1996-11-10,16.083794
1996-11-11,16.078411
1996-11-12,16.08497
1996-11-13,16.090714
1996-11-14,16.113678
1996-11-15,16.107767
1996-11-16,16.10749
1996-11-17,16.105686
1996-11-18,16.094986
1996-11-19,16.048443
1996-11-20,16.038958
1996-11-21,16.035833
1996-11-22,16.051634
1996-11-23,16.051634
1996-11-24,16.051634
1996-11-25,16.050562
1996-11-26,16.06766
1996-11-27,16.06619
1996-11-28,16.064587
1996-11-29,16.064749
1996-11-30,16.06474
1996-12-01,16.064716
1996-12-02,16.060493
1996-12-03,16.067854
1996-12-04,16.068274
1996-12-05,16.069004
1996-12-06,16.075144
1996-12-07,16.075144
1996-12-08,16.075085
1996-12-09,16.084875
1996-12-10,16.083096
1996-12-11,16.08127
1996-12-12,16.072874
1996-12-13,16.07237
1996-12-14,16.07237
1996-12-15,16.072361
1996-12-16,16.08325
1996-12-17,16.094604
1996-12-18,16.103819
1996-12-19,16.123802
1996-12-20,16.123484
1996-12-21,16.123442
1996-12-22,16.123442
1996-12-23,16.126913
1996-12-24,16.127106
1996-12-25,16.127106
1996-12-26,16.127007
1996-12-27,16.126966
1996-12-28,16.127003
1996-12-29,16.127071
1996-12-30,16.12697
1996-12-31,16.126793
1997-01-01,16.126793
1997-01-02,16.128841
1997-01-03,16.128798
1997-01-04,16.128798
1997-01-05,16.128798
1997-01-06,16.136377
1997-01-07,16.130442
1997-01-08,16.126282
1997-01-09,16.128134
1997-01-10,16.128958
1997-01-11,16.129059
1997-01-12,16.128325
1997-01-13,16.127295
1997-01-14,16.1318
1997-01-15,16.125484
1997-01-16,16.120567
1997-01-17,16.153116
1997-01-18,16.153116
1997-01-19,16.153152
1997-01-20,16.226166
1997-01-21,16.092903
1997-01-22,16.112164
1997-01-23,16.126194
1997-01-24,16.152508
1997-01-25,16.15307
1997-01-26,16.151316
1997-01-27,16.176704
1997-01-28,16.308214
1997-01-29,16.297558
1997-01-30,16.313883
1997-01-31,16.384085
1997-02-01,16.38447
1997-02-02,16.381014
1997-02-03,16.416134
1997-02-04,16.379818
1997-02-05,16.482645
1997-02-06,16.473269
1997-02-07,16.447475
1997-02-08,16.447475
1997-02-09,16.447475
1997-02-10,16.455362
1997-02-11,16.672588
1997-02-12,16.598192
1997-02-13,16.58742
1997-02-14,16.60931
1997-02-15,16.609299
1997-02-16,16.60923
1997-02-17,16.608967
1997-02-18,16.613426
1997-02-19,16.622133
1997-02-20,16.64126
1997-02-21,16.622076
1997-02-22,16.63992
1997-02-23,16.640032
1997-02-24,16.692036
1997-02-25,16.553825
1997-02-26,16.540771
1997-02-27,16.527977
1997-02-28,16.540852
1997-03-01,16.53915
1997-03-02,16.539188
1997-03-03,16.523436
1997-03-04,16.449419
1997-03-05,16.400679
1997-03-06,16.439434
1997-03-07,16.402302
1997-03-08,16.39585
1997-03-09,16.399216
1997-03-10,16.406984
1997-03-11,16.397676
1997-03-12,16.338474
1997-03-13,16.321667
1997-03-14,16.318235
1997-03-15,16.318266
1997-03-16,16.31724
1997-03-17,16.305094
1997-03-18,16.30729
1997-03-19,16.312843
1997-03-20,16.261097
1997-03-21,16.262869
1997-03-22,16.26315
1997-03-23,16.263405
1997-03-24,16.259329
1997-03-25,16.256191
1997-03-26,16.254541
1997-03-27,16.124033
1997-03-28,16.120228
1997-03-29,16.120228
1997-03-30,16.120192
1997-03-31,16.11187
1997-04-01,16.109756
1997-04-02,16.110132
1997-04-03,16.10614
1997-04-04,16.100224
1997-04-05,16.098976
1997-04-06,16.099457
1997-04-07,16.094727
1997-04-08,16.092234
1997-04-09,16.088696
1997-04-10,16.068565
1997-04-11,16.091415
1997-04-12,16.091415
1997-04-13,16.091589
1997-04-14,16.15009
1997-04-15,16.06201
1997-04-16,16.034983
1997-04-17,16.194086
1997-04-18,16.181923
1997-04-19,16.181715
1997-04-20,16.180237
1997-04-21,16.31661
1997-04-22,16.234339
1997-04-23,16.388088
1997-04-24,16.40403
1997-04-25,16.373964
1997-04-26,16.373888
1997-04-27,16.35589
1997-04-28,16.307705
1997-04-29,16.305817
1997-04-30,16.310978
1997-05-01,16.297304
1997-05-02,16.224298
1997-05-03,16.22323
1997-05-04,16.223528
1997-05-05,16.224865
1997-05-06,16.161398
1997-05-07,16.171175
1997-05-08,16.176004
1997-05-09,16.192942
1997-05-10,16.192966
1997-05-11,16.192984
1997-05-12,16.318975
1997-05-13,16.312881
1997-05-14,16.38296
1997-05-15,16.448738
1997-05-16,16.671177
1997-05-17,16.672253
1997-05-18,16.672958
1997-05-19,16.7493
1997-05-20,16.794052
1997-05-21,16.857431
1997-05-22,16.86106
1997-05-23,16.872187
1997-05-24,16.8723
1997-05-25,16.869598
1997-05-26,16.865246
1997-05-27,16.802212
1997-05-28,16.802504
1997-05-29,16.866571
1997-05-30,16.874405
1997-05-31,16.874405
1997-06-01,16.874405
1997-06-02,16.87237
1997-06-03,16.87119
1997-06-04,16.86665
1997-06-05,16.865059
1997-06-06,16.86523
1997-06-07,16.86523
1997-06-08,16.86523
1997-06-09,16.863253
1997-06-10,16.861996
1997-06-11,16.860504
1997-06-12,16.862335
1997-06-13,16.8621
1997-06-14,16.862103
1997-06-15,16.862103
1997-06-16,16.869299
1997-06-17,16.848383
1997-06-18,16.849617
1997-06-19,16.839087
1997-06-20,16.850286
1997-06-21,16.850212
1997-06-22,16.850088
1997-06-23,16.848442
1997-06-24,16.880999
1997-06-25,16.885513
1997-06-26,16.888697
1997-06-27,16.883883
1997-06-28,16.883839
1997-06-29,16.88379
1997-06-30,16.89302
1997-07-01,16.896133
1997-07-02,16.89321
1997-07-03,16.895151
1997-07-04,16.895157
1997-07-05,16.89538
1997-07-06,16.895409
1997-07-07,16.892876
1997-07-08,16.922329
1997-07-09,16.94244
1997-07-10,17.006266
1997-07-11,17.118708
1997-07-12,17.118708
1997-07-13,17.125679
1997-07-14,17.14036
1997-07-15,17.282997
1997-07-16,17.042408
1997-07-17,17.103584
1997-07-18,17.111752
1997-07-19,17.112593
1997-07-20,17.11221
1997-07-21,17.298721
1997-07-22,17.490091
1997-07-23,17.683523
1997-07-24,17.687323
1997-07-25,17.675886
1997-07-26,17.6757
1997-07-27,17.67628
1997-07-28,17.6682
1997-07-29,17.679482
1997-07-30,17.666664
1997-07-31,17.827843
1997-08-01,17.877537
1997-08-02,17.876629
1997-08-03,17.876234
1997-08-04,17.88119
1997-08-05,17.994812
1997-08-06,18.01258
1997-08-07,18.15559
1997-08-08,18.187212
1997-08-09,18.186811
1997-08-10,18.201109
1997-08-11,18.203714
1997-08-12,18.214403
1997-08-13,18.233767
1997-08-14,18.240463
1997-08-15,18.280098
1997-08-16,18.28187
1997-08-17,18.285324
1997-08-18,18.358494
1997-08-19,18.404125
1997-08-20,18.453047
1997-08-21,18.453321
1997-08-22,18.470835
1997-08-23,18.470045
1997-08-24,18.470045
1997-08-25,18.47288
1997-08-26,18.478563
1997-08-27,18.475838
1997-08-28,18.47895
1997-08-29,18.480837
1997-08-30,18.480837
1997-08-31,18.480837
1997-09-01,18.480837
1997-09-02,18.500755
1997-09-03,18.497927
1997-09-04,18.52451
1997-09-05,18.54841
1997-09-06,18.550682
1997-09-07,18.550682
1997-09-08,18.54628
1997-09-09,18.54792
1997-09-10,18.538528
1997-09-11,18.540796
1997-09-12,18.541527
1997-09-13,18.541527
1997-09-14,18.541412
1997-09-15,18.472446
1997-09-16,18.553452
1997-09-17,18.560154
1997-09-18,18.53579
1997-09-19,18.51858
1997-09-20,18.51858
1997-09-21,18.518608
1997-09-22,18.529972
1997-09-23,18.530663
1997-09-24,18.529423
1997-09-25,18.529604
1997-09-26,18.529373
1997-09-27,18.529373
1997-09-28,18.52937
1997-09-29,18.531466
1997-09-30,18.537792
1997-10-01,18.538668
1997-10-02,18.545801
1997-10-03,18.547663
1997-10-04,18.547663
1997-10-05,18.547663
1997-10-06,18.543365
1997-10-07,18.548847
1997-10-08,18.56145
1997-10-09,18.622705
1997-10-10,18.65127
1997-10-11,18.651974
1997-10-12,18.651926
1997-10-13,18.709892
1997-10-14,18.976814
1997-10-15,19.257719
1997-10-16,19.249346
1997-10-17,19.258749
1997-10-18,19.258478
1997-10-19,19.177399
1997-10-20,19.218403
1997-10-21,19.319414
1997-10-22,19.471592
1997-10-23,19.37253
1997-10-24,19.404245
1997-10-25,19.404093
1997-10-26,19.404846
1997-10-27,19.428343
1997-10-28,19.379467
1997-10-29,19.394129
1997-10-30,19.401287
1997-10-31,19.38072
1997-11-01,19.380543
1997-11-02,19.380598
1997-11-03,19.394066
1997-11-04,19.37617
1997-11-05,19.35936
1997-11-06,19.354319
1997-11-07,19.35789
1997-11-08,19.357084
1997-11-09,19.347631
1997-11-10,19.387459
1997-11-11,19.434704
1997-11-12,19.441456
1997-11-13,19.453054
1997-11-14,19.421839
1997-11-15,19.422071
1997-11-16,19.422
1997-11-17,19.346571
1997-11-18,19.3471
1997-11-19,19.352478
1997-11-20,19.353992
1997-11-21,19.342306
1997-11-22,19.341734
1997-11-23,19.341734
1997-11-24,19.327309
1997-11-25,19.346085
1997-11-26,19.340508
1997-11-27,19.340513
1997-11-28,19.336428
1997-11-29,19.337156
1997-11-30,19.33717
1997-12-01,19.335413
1997-12-02,19.337597
1997-12-03,19.335508
1997-12-04,19.333242
1997-12-05,19.333065
1997-12-06,19.333025
1997-12-07,19.333025
1997-12-08,19.301521
1997-12-09,19.309769
1997-12-10,19.308466
1997-12-11,19.323353
1997-12-12,19.325783
1997-12-13,19.325783
1997-12-14,19.3258
1997-12-15,19.330069
1997-12-16,19.330524
1997-12-17,19.333769
1997-12-18,19.369059
1997-12-19,19.384453
1997-12-20,19.384577
1997-12-21,19.384521
1997-12-22,19.38791
1997-12-23,19.38746
1997-12-24,19.386631
1997-12-25,19.386631
1997-12-26,19.386631
1997-12-27,19.386631
1997-12-28,19.386684
1997-12-29,19.387066
1997-12-30,19.386433
1997-12-31,19.386923
1998-01-01,19.386923
1998-01-02,19.386923
1998-01-03,19.386923
1998-01-04,19.386923
1998-01-05,19.395754
1998-01-06,19.39128
1998-01-07,19.391258
1998-01-08,19.39173
1998-01-09,19.390759
1998-01-10,19.390703
1998-01-11,19.390703
1998-01-12,19.354303
1998-01-13,19.248098
1998-01-14,19.24617
1998-01-15,19.253185
1998-01-16,19.2616
1998-01-17,19.260872
1998-01-18,19.26089
1998-01-19,19.2577
1998-01-20,19.474474
1998-01-21,19.102337
1998-01-22,19.095419
1998-01-23,18.95323
1998-01-24,18.953192
1998-01-25,18.953537
1998-01-26,18.906366
1998-01-27,18.923855
1998-01-28,19.225815
1998-01-29,19.22954
1998-01-30,19.247314
1998-01-31,19.247288
1998-02-01,19.244387
1998-02-02,19.23832
1998-02-03,19.276482
1998-02-04,19.363117
1998-02-05,19.344378
1998-02-06,19.399746
1998-02-07,19.408533
1998-02-08,19.4087
1998-02-09,19.410496
1998-02-10,19.271341
1998-02-11,19.273273
1998-02-12,19.19446
1998-02-13,19.220999
1998-02-14,19.219654
1998-02-15,19.219654
1998-02-16,19.252144
1998-02-17,19.18665
1998-02-18,19.236902
1998-02-19,19.193085
1998-02-20,19.210016
1998-02-21,19.20994
1998-02-22,19.210072
1998-02-23,19.252443
1998-02-24,19.167477
1998-02-25,19.169392
1998-02-26,19.10472
1998-02-27,19.097466
1998-02-28,19.097454
1998-03-01,19.097286
1998-03-02,19.048405
1998-03-03,18.966785
1998-03-04,18.887753
1998-03-05,18.987663
1998-03-06,19.025978
1998-03-07,19.02556
1998-03-08,19.025566
1998-03-09,19.017296
1998-03-10,19.00582
1998-03-11,18.932516
1998-03-12,18.78209
1998-03-13,18.78357
1998-03-14,18.773655
1998-03-15,18.773651
1998-03-16,18.772242
1998-03-17,18.776146
1998-03-18,18.860647
1998-03-19,18.82272
1998-03-20,18.823355
1998-03-21,18.823143
1998-03-22,18.823143
1998-03-23,18.842518
1998-03-24,18.838505
1998-03-25,18.863997
1998-03-26,18.883083
1998-03-27,18.887697
1998-03-28,18.888464
1998-03-29,18.888424
1998-03-30,18.872217
1998-03-31,18.87937
1998-04-01,18.932503
1998-04-02,18.931091
1998-04-03,18.930872
1998-04-04,18.93094
1998-04-05,18.928795
1998-04-06,18.949528
1998-04-07,18.948687
1998-04-08,19.117962
1998-04-09,19.10589
1998-04-10,19.110847
1998-04-11,19.110968
1998-04-12,19.110968
1998-04-13,19.11098
1998-04-14,19.414658
1998-04-15,19.52581
1998-04-16,17.607607
1998-04-17,17.727385
1998-04-18,17.727839
1998-04-19,17.728079
1998-04-20,17.876072
1998-04-21,18.053955
1998-04-22,18.546284
1998-04-23,19.001648
1998-04-24,18.918877
1998-04-25,18.917723
1998-04-26,18.918571
1998-04-27,19.045519
1998-04-28,19.158327
1998-04-29,19.235306
1998-04-30,19.355396
1998-05-01,19.357172
1998-05-02,19.357826
1998-05-03,19.357885
1998-05-04,19.372456
1998-05-05,19.835526
1998-05-06,19.799952
1998-05-07,19.817028
1998-05-08,19.814667
1998-05-09,19.81392
1998-05-10,19.812971
1998-05-11,19.609411
1998-05-12,19.780575
1998-05-13,19.856455
1998-05-14,19.873743
1998-05-15,20.107513
1998-05-16,20.11127
1998-05-17,20.115274
1998-05-18,20.14502
1998-05-19,20.294006
1998-05-20,20.404587
1998-05-21,20.433681
1998-05-22,20.326881
1998-05-23,20.434435
1998-05-24,20.434435
1998-05-25,20.434425
1998-05-26,20.40224
1998-05-27,20.41506
1998-05-28,20.456388
1998-05-29,20.46214
1998-05-30,20.46214
1998-05-31,20.462145
1998-06-01,20.448713
1998-06-02,20.449644
1998-06-03,20.472311
1998-06-04,20.473034
1998-06-05,20.473352
1998-06-06,20.473412
1998-06-07,20.473627
1998-06-08,20.475111
1998-06-09,20.477848
1998-06-10,20.477926
1998-06-11,20.47964
1998-06-12,20.482285
1998-06-13,20.482586
1998-06-14,20.482586
1998-06-15,20.480482
1998-06-16,20.489143
1998-06-17,20.45467
1998-06-18,20.463146
1998-06-19,20.462433
1998-06-20,20.462528
1998-06-21,20.462517
1998-06-22,20.459671
1998-06-23,20.45243
1998-06-24,20.439537
1998-06-25,20.438196
1998-06-26,20.436708
1998-06-27,20.43679
1998-06-28,20.436708
1998-06-29,20.443031
1998-06-30,20.448343
1998-07-01,20.38009
1998-07-02,20.382133
1998-07-03,20.382133
1998-07-04,20.382133
1998-07-05,20.382133
1998-07-06,20.371092
1998-07-07,20.369993
1998-07-08,20.352102
1998-07-09,20.315075
1998-07-10,20.316126
1998-07-11,20.316126
1998-07-12,20.316126
1998-07-13,20.336105
1998-07-14,20.34931
1998-07-15,20.457626
1998-07-16,22.762009
1998-07-17,22.752583
1998-07-18,22.752525
1998-07-19,22.752665
1998-07-20,22.559788
1998-07-21,22.600016
1998-07-22,22.464275
1998-07-23,22.346956
1998-07-24,22.335918
1998-07-25,22.330423
1998-07-26,22.330395
1998-07-27,22.253277
1998-07-28,22.241446
1998-07-29,22.256859
1998-07-30,22.292463
1998-07-31,22.245861
1998-08-01,22.245836
1998-08-02,22.244337
1998-08-03,22.20493
1998-08-04,22.06794
1998-08-05,22.052973
1998-08-06,22.051062
1998-08-07,22.056534
1998-08-08,22.056116
1998-08-09,22.056211
1998-08-10,22.070686
1998-08-11,22.10843
1998-08-12,22.101952
1998-08-13,22.111956
1998-08-14,22.12268
1998-08-15,22.12274
1998-08-16,22.115831
1998-08-17,21.960152
1998-08-18,22.037716
1998-08-19,22.011871
1998-08-20,21.99551
1998-08-21,21.99503
1998-08-22,21.995037
1998-08-23,21.995106
1998-08-24,21.986414
1998-08-25,21.97938
1998-08-26,21.977926
1998-08-27,21.98039
1998-08-28,21.981203
1998-08-29,21.981203
1998-08-30,21.981203
1998-08-31,21.976313
1998-09-01,21.975714
1998-09-02,21.966839
1998-09-03,21.980131
1998-09-04,21.980158
1998-09-05,21.980217
1998-09-06,21.980217
1998-09-07,21.980217
1998-09-08,21.972467
1998-09-09,21.968712
1998-09-10,22.019787
1998-09-11,22.012407
1998-09-12,22.011316
1998-09-13,22.011297
1998-09-14,22.069841
1998-09-15,22.066439
1998-09-16,22.0306
1998-09-17,22.008768
1998-09-18,22.007248
1998-09-19,22.007236
1998-09-20,22.007236
1998-09-21,22.003714
1998-09-22,21.986898
1998-09-23,21.989527
1998-09-24,21.984676
1998-09-25,21.922045
1998-09-26,21.922045
1998-09-27,21.922045
1998-09-28,21.953323
1998-09-29,21.94528
1998-09-30,21.94382
1998-10-01,21.959948
1998-10-02,21.961288
1998-10-03,21.961288
1998-10-04,21.961256
1998-10-05,21.957851
1998-10-06,21.953356
1998-10-07,21.962254
1998-10-08,21.929167
1998-10-09,21.924097
1998-10-10,21.924084
1998-10-11,21.92386
1998-10-12,21.953386
1998-10-13,21.897282
1998-10-14,22.138031
1998-10-15,22.023924
1998-10-16,21.868155
1998-10-17,21.869751
1998-10-18,21.867836
1998-10-19,21.735586
1998-10-20,21.516157
1998-10-21,21.109634
1998-10-22,20.727636
1998-10-23,20.805176
1998-10-24,20.805393
1998-10-25,20.80531
1998-10-26,20.600021
1998-10-27,20.539179
1998-10-28,20.269396
1998-10-29,20.237099
1998-10-30,20.240501
1998-10-31,20.238953
1998-11-01,20.23882
1998-11-02,20.223318
1998-11-03,20.137997
1998-11-04,20.102968
1998-11-05,20.088743
1998-11-06,20.140034
1998-11-07,20.13996
1998-11-08,20.140095
1998-11-09,20.045332
1998-11-10,20.024261
1998-11-11,20.001364
1998-11-12,19.981232
1998-11-13,19.997097
1998-11-14,19.963236
1998-11-15,19.975182
1998-11-16,19.940605
1998-11-17,20.025486
1998-11-18,20.010414
1998-11-19,20.00414
1998-11-20,20.004152
1998-11-21,20.004251
1998-11-22,20.003853
1998-11-23,20.004944
1998-11-24,20.025913
1998-11-25,20.01749
1998-11-26,20.017488
1998-11-27,20.01747
1998-11-28,20.01747
1998-11-29,20.017342
1998-11-30,20.012363
1998-12-01,20.011356
1998-12-02,20.013268
1998-12-03,19.989056
1998-12-04,19.986748
1998-12-05,19.986748
1998-12-06,19.986795
1998-12-07,19.986727
1998-12-08,19.985012
1998-12-09,19.971182
1998-12-10,19.983948
1998-12-11,19.983746
1998-12-12,19.983921
1998-12-13,19.983871
1998-12-14,19.983927
1998-12-15,19.98622
1998-12-16,19.982548
1998-12-17,20.037346
1998-12-18,20.03857
1998-12-19,20.03857
1998-12-20,20.03857
1998-12-21,20.043036
1998-12-22,20.047815
1998-12-23,20.032393
1998-12-24,20.032335
1998-12-25,20.032335
1998-12-26,20.032335
1998-12-27,20.032335
1998-12-28,20.034061
1998-12-29,20.035122
1998-12-30,20.044357
1998-12-31,20.044603
1999-01-01,20.044554
1999-01-02,20.04473
1999-01-03,20.044592
1999-01-04,20.04573
1999-01-05,20.066986
1999-01-06,20.066946
1999-01-07,20.076014
1999-01-08,20.077589
1999-01-09,20.077589
1999-01-10,20.077589
1999-01-11,20.078894
1999-01-12,20.097914
1999-01-13,20.119076
1999-01-14,20.134169
1999-01-15,20.183302
1999-01-16,20.183313
1999-01-17,20.18348
1999-01-18,20.183895
1999-01-19,20.482216
1999-01-20,20.667353
1999-01-21,21.163742
1999-01-22,21.271984
1999-01-23,21.272863
1999-01-24,21.272863
1999-01-25,21.474972
1999-01-26,21.998627
1999-01-27,22.40283
1999-01-28,22.554369
1999-01-29,22.5944
1999-01-30,22.594416
1999-01-31,22.594393
1999-02-01,22.723106
1999-02-02,23.040173
1999-02-03,23.141117
1999-02-04,23.342873
1999-02-05,23.34684
1999-02-06,23.346836
1999-02-07,23.34725
1999-02-08,23.160347
1999-02-09,23.173609
1999-02-10,23.220451
1999-02-11,23.289545
1999-02-12,23.307335
1999-02-13,23.308384
1999-02-14,23.30852
1999-02-15,23.308348
1999-02-16,23.431782
1999-02-17,23.73408
1999-02-18,23.851109
1999-02-19,23.854122
1999-02-20,23.854557
1999-02-21,23.855103
1999-02-22,24.01771
1999-02-23,24.015862
1999-02-24,23.983541
1999-02-25,24.159271
1999-02-26,24.141958
1999-02-27,24.141874
1999-02-28,24.14267
1999-03-01,24.148485
1999-03-02,24.111572
1999-03-03,24.049995
1999-03-04,24.060102
1999-03-05,24.061369
1999-03-06,24.061668
1999-03-07,24.061668
1999-03-08,23.99454
1999-03-09,24.082064
1999-03-10,24.011229
1999-03-11,24.003973
1999-03-12,24.057196
1999-03-13,24.058037
1999-03-14,24.059597
1999-03-15,24.064003
1999-03-16,24.055777
1999-03-17,24.045925
1999-03-18,24.118256
1999-03-19,24.121592
1999-03-20,24.121592
1999-03-21,24.121592
1999-03-22,24.12172
1999-03-23,24.119717
1999-03-24,24.155918
1999-03-25,24.166492
1999-03-26,24.168695
1999-03-27,24.168758
1999-03-28,24.168663
1999-03-29,24.154951
1999-03-30,24.211163
1999-03-31,24.217672
1999-04-01,24.19057
1999-04-02,24.190575
1999-04-03,24.190575
1999-04-04,24.190126
1999-04-05,24.187443
1999-04-06,24.175652
1999-04-07,24.201435
1999-04-08,24.363024
1999-04-09,24.356522
1999-04-10,24.356522
1999-04-11,24.358433
1999-04-12,24.37508
1999-04-13,24.322248
1999-04-14,24.380932
1999-04-15,24.363777
1999-04-16,24.166811
1999-04-17,24.174913
1999-04-18,24.174913
1999-04-19,24.273897
1999-04-20,24.242943
1999-04-21,23.89513
1999-04-22,24.11686
1999-04-23,24.123867
1999-04-24,24.12386
1999-04-25,24.132698
1999-04-26,24.148401
1999-04-27,24.660242
1999-04-28,24.645123
1999-04-29,24.623884
1999-04-30,24.574965
1999-05-01,24.577595
1999-05-02,24.577465
1999-05-03,24.544453
1999-05-04,24.463768
1999-05-05,24.486263
1999-05-06,24.377974
1999-05-07,24.375406
1999-05-08,24.376143
1999-05-09,24.363485
1999-05-10,24.548904
1999-05-11,24.64381
1999-05-12,24.796774
1999-05-13,24.855326
1999-05-14,24.8004
1999-05-15,24.837032
1999-05-16,24.837038
1999-05-17,24.971813
1999-05-18,24.880922
1999-05-19,24.9159
1999-05-20,25.02893
1999-05-21,25.073223
1999-05-22,25.073606
1999-05-23,25.073606
1999-05-24,25.015799
1999-05-25,25.00169
1999-05-26,25.002596
1999-05-27,24.99616
1999-05-28,24.996801
1999-05-29,24.99688
1999-05-30,24.99678
1999-05-31,24.995243
1999-06-01,24.994884
1999-06-02,24.994467
1999-06-03,24.99126
1999-06-04,24.996761
1999-06-05,24.996822
1999-06-06,25.001026
1999-06-07,24.998272
1999-06-08,24.992336
1999-06-09,24.987394
1999-06-10,24.998951
1999-06-11,25.14589
1999-06-12,25.14589
1999-06-13,25.149805
1999-06-14,25.168095
1999-06-15,25.079924
1999-06-16,25.093023
1999-06-17,25.092089
1999-06-18,25.081528
1999-06-19,25.081478
1999-06-20,25.081581
1999-06-21,25.06966
1999-06-22,25.053545
1999-06-23,25.05854
1999-06-24,25.05968
1999-06-25,25.06246
1999-06-26,25.06202
1999-06-27,25.062159
1999-06-28,25.05158
1999-06-29,25.056097
1999-06-30,25.037006
1999-07-01,25.03725
1999-07-02,25.049458
1999-07-03,25.049196
1999-07-04,25.050148
1999-07-05,25.050148
1999-07-06,25.063488
1999-07-07,25.078192
1999-07-08,24.950531
1999-07-09,24.885628
1999-07-10,24.942732
1999-07-11,24.942732
1999-07-12,24.902407
1999-07-13,24.967777
1999-07-14,24.790255
1999-07-15,24.371574
1999-07-16,24.299288
1999-07-17,24.29923
1999-07-18,24.29923
1999-07-19,24.079071
1999-07-20,24.205585
1999-07-21,23.751617
1999-07-22,23.601963
1999-07-23,23.51814
1999-07-24,23.5193
1999-07-25,23.518938
1999-07-26,23.568077
1999-07-27,23.54747
1999-07-28,23.524212
1999-07-29,23.627579
1999-07-30,23.641851
1999-07-31,23.640804
1999-08-01,23.64079
1999-08-02,23.672352
1999-08-03,23.708954
1999-08-04,23.731184
1999-08-05,23.710443
1999-08-06,23.706385
1999-08-07,23.707222
1999-08-08,23.707333
1999-08-09,23.57912
1999-08-10,23.32514
1999-08-11,23.310509
1999-08-12,23.26256
1999-08-13,23.26441
1999-08-14,23.264147
1999-08-15,23.26395
1999-08-16,23.249508
1999-08-17,23.24639
1999-08-18,23.246336
1999-08-19,23.25636
1999-08-20,23.238897
1999-08-21,23.239132
1999-08-22,23.239132
1999-08-23,23.2233
1999-08-24,23.178802
1999-08-25,23.183874
1999-08-26,23.14396
1999-08-27,23.143564
1999-08-28,23.143564
1999-08-29,23.143564
1999-08-30,23.143002
1999-08-31,23.14644
1999-09-01,22.358349
1999-09-02,22.371159
1999-09-03,22.370478
1999-09-04,22.370478
1999-09-05,22.370386
1999-09-06,22.370386
1999-09-07,22.369762
1999-09-08,22.345886
1999-09-09,22.346733
1999-09-10,22.348032
1999-09-11,22.348032
1999-09-12,22.347937
1999-09-13,22.34712
1999-09-14,22.481247
1999-09-15,22.472967
1999-09-16,22.402945
1999-09-17,22.401478
1999-09-18,22.40189
1999-09-19,22.40189
1999-09-20,22.403128
1999-09-21,22.390171
1999-09-22,22.375624
1999-09-23,22.367796
1999-09-24,22.369696
1999-09-25,22.369696
1999-09-26,22.369406
1999-09-27,22.312006
1999-09-28,22.312145
1999-09-29,22.303055
1999-09-30,22.301197
1999-10-01,22.301332
1999-10-02,22.301323
1999-10-03,22.298313
1999-10-04,22.285131
1999-10-05,22.285286
1999-10-06,22.324255
1999-10-07,22.387476
1999-10-08,22.39035
1999-10-09,22.39035
1999-10-10,22.390646
1999-10-11,22.402758
1999-10-12,22.650314
1999-10-13,22.82839
1999-10-14,22.979618
1999-10-15,22.830557
1999-10-16,22.831139
1999-10-17,22.831488
1999-10-18,22.865438
1999-10-19,22.818737
1999-10-20,22.84047
1999-10-21,22.508484
1999-10-22,22.540247
1999-10-23,22.529129
1999-10-24,22.528946
1999-10-25,22.274967
1999-10-26,22.226282
1999-10-27,22.414936
1999-10-28,22.132397
1999-10-29,22.160332
1999-10-30,22.160318
1999-10-31,22.160475
1999-11-01,21.877607
1999-11-02,21.817167
1999-11-03,21.777182
1999-11-04,21.791784
1999-11-05,21.742893
1999-11-06,21.742943
1999-11-07,21.742916
1999-11-08,21.847483
1999-11-09,22.028988
1999-11-10,22.046553
1999-11-11,22.044144
1999-11-12,22.033403
1999-11-13,22.03246
1999-11-14,22.032454
1999-11-15,22.072119
1999-11-16,22.111656
1999-11-17,22.11181
1999-11-18,22.111427
1999-11-19,22.1109
1999-11-20,22.110945
1999-11-21,22.111395
1999-11-22,22.098778
1999-11-23,22.068407
1999-11-24,22.84171
1999-11-25,22.84171
1999-11-26,22.84171
1999-11-27,22.84171
1999-11-28,22.84171
1999-11-29,22.847136
1999-11-30,22.880423
1999-12-01,22.881147
1999-12-02,22.88991
1999-12-03,22.889885
1999-12-04,22.889885
1999-12-05,22.889923
1999-12-06,22.874006
1999-12-07,22.836044
1999-12-08,22.831537
1999-12-09,22.846125
1999-12-10,22.849295
1999-12-11,22.849295
1999-12-12,22.849295
1999-12-13,22.85021
1999-12-14,22.902554
1999-12-15,22.879993
1999-12-16,22.884525
1999-12-17,22.91479
1999-12-18,22.914762
1999-12-19,22.914762
1999-12-20,22.911018
1999-12-21,22.912306
1999-12-22,22.867823
1999-12-23,22.867807
1999-12-24,22.867807
1999-12-25,22.867807
1999-12-26,22.867807
1999-12-27,22.867828
1999-12-28,22.867702
1999-12-29,22.867702
1999-12-30,22.867702
1999-12-31,22.867693
2000-01-01,22.867699
2000-01-02,22.86769
2000-01-03,22.886501
2000-01-04,22.88331
2000-01-05,22.880686
2000-01-06,22.882078
2000-01-07,22.882235
2000-01-08,22.882235
2000-01-09,22.882235
2000-01-10,22.890947
2000-01-11,23.053461
2000-01-12,23.070395
2000-01-13,23.004694
2000-01-14,22.999786
2000-01-15,23.196579
2000-01-16,23.196548
2000-01-17,23.224855
2000-01-18,23.46603
2000-01-19,23.566502
2000-01-20,23.974455
2000-01-21,24.035074
2000-01-22,24.03501
2000-01-23,24.03501
2000-01-24,24.173279
2000-01-25,24.456877
2000-01-26,24.378613
2000-01-27,24.4379
2000-01-28,24.439255
2000-01-29,24.441511
2000-01-30,24.441511
2000-01-31,24.439499
2000-02-01,24.517744
2000-02-02,24.429197
2000-02-03,24.777811
2000-02-04,24.78376
2000-02-05,24.78376
2000-02-06,24.78376
2000-02-07,24.810926
2000-02-08,25.028461
2000-02-09,25.058928
2000-02-10,24.888346
2000-02-11,24.882109
2000-02-12,24.882212
2000-02-13,24.882212
2000-02-14,24.839508
2000-02-15,24.846132
2000-02-16,24.78869
2000-02-17,24.850763
2000-02-18,24.84889
2000-02-19,24.84889
2000-02-20,24.84889
2000-02-21,24.836304
2000-02-22,24.807478
2000-02-23,24.746586
2000-02-24,24.804684
2000-02-25,24.794514
2000-02-26,24.794514
2000-02-27,24.79171
2000-02-28,24.790888
2000-02-29,24.703184
2000-03-01,24.691927
2000-03-02,24.684734
2000-03-03,24.690212
2000-03-04,24.690212
2000-03-05,24.691685
2000-03-06,24.693268
2000-03-07,24.664917
2000-03-08,24.65559
2000-03-09,24.586103
2000-03-10,24.587727
2000-03-11,24.587727
2000-03-12,24.587727
2000-03-13,24.586351
2000-03-14,24.6728
2000-03-15,24.670776
2000-03-16,24.647253
2000-03-17,24.649864
2000-03-18,24.65098
2000-03-19,24.65098
2000-03-20,24.631212
2000-03-21,24.605011
2000-03-22,24.60582
2000-03-23,24.603338
2000-03-24,24.603342
2000-03-25,24.603342
2000-03-26,24.603342
2000-03-27,24.580187
2000-03-28,24.58537
2000-03-29,24.605824
2000-03-30,24.600834
2000-03-31,24.61919
2000-04-01,24.61919
2000-04-02,24.61919
2000-04-03,24.542898
2000-04-04,24.540514
2000-04-05,24.497244
2000-04-06,24.473492
2000-04-07,24.472939
2000-04-08,24.472939
2000-04-09,24.472939
2000-04-10,24.467283
2000-04-11,24.514267
2000-04-12,24.468067
2000-04-13,24.412146
2000-04-14,24.432312
2000-04-15,24.432432
2000-04-16,24.447777
2000-04-17,24.670153
2000-04-18,24.93757
2000-04-19,25.094976
2000-04-20,24.897648
2000-04-21,24.934963
2000-04-22,24.934963
2000-04-23,24.934963
2000-04-24,24.967844
2000-04-25,24.696617
2000-04-26,24.443127
2000-04-27,24.360699
2000-04-28,24.438692
2000-04-29,24.444233
2000-04-30,24.453415
2000-05-01,24.457253
2000-05-02,24.313427
2000-05-03,24.407042
2000-05-04,24.224821
2000-05-05,24.242168
2000-05-06,24.24201
2000-05-07,24.24201
2000-05-08,24.209246
2000-05-09,24.612474
2000-05-10,24.71691
2000-05-11,24.942253
2000-05-12,24.913624
2000-05-13,24.913916
2000-05-14,24.9141
2000-05-15,24.836124
2000-05-16,24.956305
2000-05-17,24.994267
2000-05-18,25.261124
2000-05-19,25.156305
2000-05-20,25.168123
2000-05-21,25.168123
2000-05-22,25.166311
2000-05-23,25.069489
2000-05-24,25.119282
2000-05-25,25.138536
2000-05-26,25.142897
2000-05-27,25.142897
2000-05-28,25.142897
2000-05-29,25.142897
2000-05-30,25.155071
2000-05-31,25.160212
2000-06-01,25.386162
2000-06-02,25.387766
2000-06-03,25.387766
2000-06-04,25.387949
2000-06-05,25.423817
2000-06-06,25.42743
2000-06-07,25.50657
2000-06-08,25.5352
2000-06-09,25.534721
2000-06-10,25.534721
2000-06-11,25.534721
2000-06-12,25.547787
2000-06-13,25.565392
2000-06-14,25.544071
2000-06-15,25.553732
2000-06-16,25.57235
2000-06-17,25.57235
2000-06-18,25.57235
2000-06-19,25.571877
2000-06-20,24.871151
2000-06-21,24.871208
2000-06-22,24.868055
2000-06-23,24.868576
2000-06-24,24.868576
2000-06-25,24.868576
2000-06-26,24.88148
2000-06-27,24.898397
2000-06-28,24.898525
2000-06-29,24.895348
2000-06-30,24.896038
2000-07-01,24.896038
2000-07-02,24.896038
2000-07-03,24.896038
2000-07-04,24.896038
2000-07-05,24.895655
2000-07-06,24.884764
2000-07-07,24.884565
2000-07-08,24.884565
2000-07-09,24.884565
2000-07-10,24.858273
2000-07-11,24.836983
2000-07-12,24.828629
2000-07-13,24.65912
2000-07-14,24.663086
2000-07-15,24.663355
2000-07-16,24.663355
2000-07-17,24.681145
2000-07-18,24.46775
2000-07-19,23.903057
2000-07-20,24.205633
2000-07-21,24.14825
2000-07-22,24.14825
2000-07-23,24.14825
2000-07-24,24.301157
2000-07-25,24.207705
2000-07-26,24.184883
2000-07-27,24.19161
2000-07-28,24.188578
2000-07-29,24.188742
2000-07-30,24.188742
2000-07-31,24.18449
2000-08-01,24.239204
2000-08-02,24.222506
2000-08-03,24.279657
2000-08-04,24.289423
2000-08-05,24.2895
2000-08-06,24.289633
2000-08-07,24.254505
2000-08-08,23.76032
2000-08-09,23.680595
2000-08-10,23.708185
2000-08-11,23.718111
2000-08-12,23.718298
2000-08-13,23.718338
2000-08-14,23.769218
2000-08-15,23.719666
2000-08-16,23.633204
2000-08-17,23.722052
2000-08-18,23.721836
2000-08-19,23.721869
2000-08-20,23.721869
2000-08-21,23.717258
2000-08-22,23.752617
2000-08-23,23.769863
2000-08-24,23.796558
2000-08-25,23.798534
2000-08-26,23.798534
2000-08-27,23.798534
2000-08-28,23.79651
2000-08-29,23.790228
2000-08-30,23.789297
2000-08-31,23.795307
2000-09-01,23.795212
2000-09-02,23.795212
2000-09-03,23.795212
2000-09-04,23.795212
2000-09-05,23.78998
2000-09-06,23.800673
2000-09-07,23.810228
2000-09-08,23.810415
2000-09-09,23.810415
2000-09-10,23.810415
2000-09-11,23.81793
2000-09-12,23.801725
2000-09-13,23.803413
2000-09-14,24.555082
2000-09-15,24.555355
2000-09-16,24.555355
2000-09-17,24.555355
2000-09-18,24.546017
2000-09-19,24.565361
2000-09-20,24.558363
2000-09-21,24.510798
2000-09-22,24.511356
2000-09-23,24.516367
2000-09-24,24.516367
2000-09-25,24.53623
2000-09-26,24.56504
2000-09-27,24.564863
2000-09-28,24.572374
2000-09-29,24.576216
2000-09-30,24.576216
2000-10-01,24.576216
2000-10-02,24.57787
2000-10-03,24.561787
2000-10-04,24.48688
2000-10-05,24.481016
2000-10-06,24.481956
2000-10-07,24.481956
2000-10-08,24.481956
2000-10-09,24.481956
2000-10-10,24.437311
2000-10-11,24.637568
2000-10-12,24.795137
2000-10-13,24.793234
2000-10-14,24.793234
2000-10-15,24.790955
2000-10-16,24.790411
2000-10-17,24.607937
2000-10-18,24.834585
2000-10-19,24.65428
2000-10-20,24.568296
2000-10-21,24.568296
2000-10-22,24.568296
2000-10-23,24.378838
2000-10-24,23.965616
2000-10-25,23.828896
2000-10-26,23.768562
2000-10-27,23.770403
2000-10-28,23.776842
2000-10-29,23.776842
2000-10-30,24.189512
2000-10-31,24.067308
2000-11-01,24.03256
2000-11-02,24.01397
2000-11-03,24.017921
2000-11-04,24.017933
2000-11-05,24.017933
2000-11-06,23.8789
2000-11-07,23.866909
2000-11-08,23.849524
2000-11-09,23.757273
2000-11-10,23.75117
2000-11-11,23.75155
2000-11-12,23.746689
2000-11-13,23.742373
2000-11-14,23.547842
2000-11-15,23.497595
2000-11-16,23.491991
2000-11-17,23.49264
2000-11-18,23.492718
2000-11-19,23.492718
2000-11-20,23.184793
2000-11-21,23.193754
2000-11-22,23.190205
2000-11-23,23.190205
2000-11-24,23.190205
2000-11-25,23.190205
2000-11-26,23.190205
2000-11-27,23.19173
2000-11-28,23.162315
2000-11-29,23.1674
2000-11-30,23.165092
2000-12-01,23.16487
2000-12-02,23.16487
2000-12-03,23.16487
2000-12-04,23.16229
2000-12-05,23.181503
2000-12-06,23.184383
2000-12-07,23.194908
2000-12-08,23.195795
2000-12-09,23.195803
2000-12-10,23.195803
2000-12-11,23.187178
2000-12-12,23.192223
2000-12-13,23.192917
2000-12-14,22.89944
2000-12-15,22.90091
2000-12-16,22.901258
2000-12-17,22.901258
2000-12-18,22.88316
2000-12-19,22.891611
2000-12-20,22.882595
2000-12-21,22.90158
2000-12-22,22.901527
2000-12-23,22.901527
2000-12-24,22.901527
2000-12-25,22.901527
2000-12-26,22.901527
2000-12-27,22.901527
2000-12-28,22.900507
2000-12-29,22.90053
2000-12-30,22.90053
2000-12-31,22.90053
2001-01-01,22.90053
2001-01-02,22.928188
2001-01-03,22.87298
2001-01-04,22.875563
2001-01-05,22.875526
2001-01-06,22.875526
2001-01-07,22.875181
2001-01-08,22.869942
2001-01-09,22.86384
2001-01-10,22.882423
2001-01-11,22.870874
2001-01-12,22.871498
2001-01-13,22.872965
2001-01-14,22.872965
2001-01-15,22.858786
2001-01-16,22.778008
2001-01-17,22.730263
2001-01-18,22.457018
2001-01-19,22.577135
2001-01-20,22.577135
2001-01-21,22.576368
2001-01-22,22.643055
2001-01-23,22.648373
2001-01-24,22.778751
2001-01-25,22.950085
2001-01-26,23.03795
2001-01-27,23.038214
2001-01-28,23.038214
2001-01-29,22.963408
2001-01-30,23.065752
2001-01-31,23.180935
2001-02-01,23.401968
2001-02-02,23.397013
2001-02-03,23.39712
2001-02-04,23.39712
2001-02-05,23.353502
2001-02-06,23.201511
2001-02-07,23.254318
2001-02-08,23.27713
2001-02-09,23.272203
2001-02-10,23.272203
2001-02-11,23.272203
2001-02-12,23.276308
2001-02-13,23.182348
2001-02-14,23.124487
2001-02-15,23.079294
2001-02-16,23.11023
2001-02-17,23.110718
2001-02-18,23.110718
2001-02-19,23.094046
2001-02-20,23.107794
2001-02-21,23.105469
2001-02-22,23.084497
2001-02-23,23.064793
2001-02-24,23.06508
2001-02-25,23.06508
2001-02-26,23.14345
2001-02-27,23.126951
2001-02-28,23.08722
2001-03-01,23.078358
2001-03-02,23.076975
2001-03-03,23.077711
2001-03-04,23.077711
2001-03-05,23.078445
2001-03-06,23.043917
2001-03-07,22.98998
2001-03-08,22.96694
2001-03-09,22.970142
2001-03-10,22.94372
2001-03-11,22.94372
2001-03-12,22.938675
2001-03-13,22.956114
2001-03-14,22.996862
2001-03-15,22.877161
2001-03-16,22.876125
2001-03-17,22.876139
2001-03-18,22.876139
2001-03-19,22.80455
2001-03-20,22.809332
2001-03-21,22.846344
2001-03-22,22.991636
2001-03-23,22.992012
2001-03-24,22.992012
2001-03-25,22.992012
2001-03-26,22.973402
2001-03-27,22.984602
2001-03-28,22.985897
2001-03-29,22.984402
2001-03-30,22.984285
2001-03-31,22.984917
2001-04-01,22.984917
2001-04-02,22.998495
2001-04-03,22.995346
2001-04-04,22.997095
2001-04-05,22.99871
2001-04-06,23.001518
2001-04-07,23.001518
2001-04-08,23.001518
2001-04-09,22.995287
2001-04-10,23.011238
2001-04-11,22.994816
2001-04-12,22.950262
2001-04-13,22.949741
2001-04-14,22.947811
2001-04-15,22.947811
2001-04-16,22.924568
2001-04-17,22.948296
2001-04-18,22.74521
2001-04-19,22.839897
2001-04-20,22.637014
2001-04-21,22.63706
2001-04-22,22.63706
2001-04-23,22.449018
2001-04-24,22.579292
2001-04-25,22.17606
2001-04-26,21.94671
2001-04-27,21.910074
2001-04-28,21.901697
2001-04-29,21.901697
2001-04-30,21.92738
2001-05-01,21.92353
2001-05-02,21.902666
2001-05-03,21.757763
2001-05-04,21.737766
2001-05-05,21.755129
2001-05-06,21.753988
2001-05-07,21.75069
2001-05-08,21.629786
2001-05-09,21.627605
2001-05-10,21.707638
2001-05-11,21.724943
2001-05-12,21.72198
2001-05-13,21.72198
2001-05-14,21.76787
2001-05-15,21.908617
2001-05-16,22.007553
2001-05-17,20.823267
2001-05-18,20.590015
2001-05-19,20.590015
2001-05-20,20.590015
2001-05-21,20.633839
2001-05-22,20.700293
2001-05-23,20.72147
2001-05-24,20.763214
2001-05-25,20.623426
2001-05-26,20.623426
2001-05-27,20.623426
2001-05-28,20.623426
2001-05-29,20.617643
2001-05-30,20.626038
2001-05-31,20.63179
2001-06-01,20.621668
2001-06-02,20.621668
2001-06-03,20.621668
2001-06-04,20.608116
2001-06-05,20.616552
2001-06-06,20.61534
2001-06-07,20.618586
2001-06-08,20.617699
2001-06-09,20.617699
2001-06-10,20.617699
2001-06-11,20.617609
2001-06-12,21.175756
2001-06-13,21.178652
2001-06-14,21.18474
2001-06-15,21.196472
2001-06-16,21.196472
2001-06-17,21.196472
2001-06-18,21.128036
2001-06-19,21.153702
2001-06-20,21.107841
2001-06-21,21.10432
2001-06-22,21.104303
2001-06-23,21.10429
2001-06-24,21.10429
2001-06-25,21.104727
2001-06-26,21.105984
2001-06-27,21.109379
2001-06-28,20.948175
2001-06-29,20.949898
2001-06-30,20.949863
2001-07-01,20.949863
2001-07-02,20.946924
2001-07-03,20.94502
2001-07-04,20.94502
2001-07-05,20.945055
2001-07-06,20.961744
2001-07-07,20.961744
2001-07-08,20.961744
2001-07-09,20.951206
2001-07-10,20.943611
2001-07-11,20.944958
2001-07-12,20.982204
2001-07-13,20.98259
2001-07-14,20.982588
2001-07-15,20.978617
2001-07-16,20.996834
2001-07-17,21.014841
2001-07-18,21.14634
2001-07-19,21.599981
2001-07-20,21.572317
2001-07-21,21.571667
2001-07-22,21.571667
2001-07-23,21.779669
2001-07-24,21.925909
2001-07-25,21.855492
2001-07-26,21.98681
2001-07-27,21.995712
2001-07-28,21.995989
2001-07-29,21.995989
2001-07-30,22.015547
2001-07-31,21.95352
2001-08-01,22.014633
2001-08-02,22.020233
2001-08-03,22.015585
2001-08-04,22.015907
2001-08-05,22.016445
2001-08-06,21.992916
2001-08-07,21.925446
2001-08-08,21.926119
2001-08-09,22.030952
2001-08-10,22.029573
2001-08-11,22.031569
2001-08-12,22.031569
2001-08-13,22.011719
2001-08-14,21.916388
2001-08-15,21.881458
2001-08-16,21.849915
2001-08-17,21.848751
2001-08-18,21.848753
2001-08-19,21.848753
2001-08-20,21.824854
2001-08-21,21.832113
2001-08-22,21.829897
2001-08-23,21.841871
2001-08-24,21.85005
2001-08-25,21.85005
2001-08-26,21.85005
2001-08-27,21.850054
2001-08-28,21.847229
2001-08-29,21.855387
2001-08-30,21.886303
2001-08-31,21.886433
2001-09-01,21.886433
2001-09-02,21.886433
2001-09-03,21.886412
2001-09-04,21.884846
2001-09-05,21.883883
2001-09-06,21.893143
2001-09-07,21.893156
2001-09-08,21.893156
2001-09-09,21.893156
2001-09-10,21.8997
2001-09-11,21.909657
2001-09-12,21.912405
2001-09-13,21.937973
2001-09-14,21.939445
2001-09-15,21.939987
2001-09-16,21.939987
2001-09-17,21.935078
2001-09-18,21.933006
2001-09-19,21.945509
2001-09-20,21.865982
2001-09-21,21.866245
2001-09-22,21.866245
2001-09-23,21.866245
2001-09-24,21.866934
2001-09-25,21.867327
2001-09-26,21.864054
2001-09-27,21.864595
2001-09-28,21.857927
2001-09-29,21.857927
2001-09-30,21.857927
2001-10-01,21.84658
2001-10-02,21.84598
2001-10-03,21.854225
2001-10-04,21.83195
2001-10-05,21.831812
2001-10-06,21.831766
2001-10-07,21.831657
2001-10-08,21.83981
2001-10-09,21.824003
2001-10-10,21.86317
2001-10-11,21.732153
2001-10-12,21.73299
2001-10-13,21.73299
2001-10-14,21.73299
2001-10-15,21.702362
2001-10-16,21.611311
2001-10-17,21.524353
2001-10-18,21.157635
2001-10-19,21.02307
2001-10-20,21.02307
2001-10-21,21.02307
2001-10-22,21.046776
2001-10-23,21.16465
2001-10-24,21.161282
2001-10-25,21.281883
2001-10-26,21.249846
2001-10-27,21.247389
2001-10-28,21.247389
2001-10-29,21.27018
2001-10-30,21.232267
2001-10-31,21.34438
2001-11-01,21.457672
2001-11-02,21.456583
2001-11-03,21.456583
2001-11-04,21.456583
2001-11-05,21.468334
2001-11-06,21.432568
2001-11-07,21.50888
2001-11-08,21.484983
2001-11-09,21.730265
2001-11-10,21.730436
2001-11-11,21.730436
2001-11-12,21.744518
2001-11-13,21.691042
2001-11-14,21.771702
2001-11-15,21.849773
2001-11-16,21.84285
2001-11-17,21.84285
2001-11-18,21.84285
2001-11-19,21.852663
2001-11-20,21.830244
2001-11-21,21.820185
2001-11-22,21.820185
2001-11-23,21.820185
2001-11-24,21.820185
2001-11-25,21.820185
2001-11-26,21.818346
2001-11-27,21.837143
2001-11-28,21.835537
2001-11-29,21.832697
2001-11-30,21.832506
2001-12-01,21.832506
2001-12-02,21.832506
2001-12-03,21.826551
2001-12-04,21.82109
2001-12-05,21.816395
2001-12-06,21.816011
2001-12-07,21.815908
2001-12-08,21.817644
2001-12-09,21.817644
2001-12-10,21.81703
2001-12-11,21.832848
2001-12-12,21.829296
2001-12-13,21.866978
2001-12-14,21.86659
2001-12-15,21.86664
2001-12-16,21.86664
2001-12-17,21.865252
2001-12-18,21.870169
2001-12-19,21.873575
2001-12-20,21.930214
2001-12-21,21.929884
2001-12-22,21.929884
2001-12-23,21.929884
2001-12-24,21.929884
2001-12-25,21.929884
2001-12-26,21.929884
2001-12-27,21.929869
2001-12-28,21.92987
2001-12-29,21.92987
2001-12-30,21.92987
2001-12-31,21.92987
2002-01-01,21.92987
2002-01-02,21.930468
2002-01-03,21.93308
2002-01-04,21.946028
2002-01-05,21.946028
2002-01-06,21.946028
2002-01-07,21.95037
2002-01-08,21.947704
2002-01-09,21.949245
2002-01-10,21.942673
2002-01-11,21.94336
2002-01-12,21.94336
2002-01-13,21.94336
2002-01-14,21.950268
2002-01-15,22.088509
2002-01-16,22.13067
2002-01-17,22.18122
2002-01-18,22.242949
2002-01-19,22.242949
2002-01-20,22.242949
2002-01-21,22.257845
2002-01-22,22.396236
2002-01-23,22.072115
2002-01-24,22.411097
2002-01-25,22.412703
2002-01-26,22.412703
2002-01-27,22.412703
2002-01-28,22.436413
2002-01-29,22.546228
2002-01-30,22.668411
2002-01-31,22.88737
2002-02-01,22.898361
2002-02-02,22.8997
2002-02-03,22.8997
2002-02-04,22.895123
2002-02-05,23.045012
2002-02-06,23.002253
2002-02-07,23.286451
2002-02-08,23.26432
2002-02-09,23.2646
2002-02-10,23.2646
2002-02-11,23.246155
2002-02-12,23.220917
2002-02-13,23.173553
2002-02-14,23.171444
2002-02-15,22.944735
2002-02-16,22.944735
2002-02-17,22.944735
2002-02-18,22.944208
2002-02-19,22.892605
2002-02-20,22.889359
2002-02-21,22.88543
2002-02-22,22.88766
2002-02-23,22.88766
2002-02-24,22.887661
2002-02-25,22.934956
2002-02-26,22.961493
2002-02-27,23.027018
2002-02-28,22.88542
2002-03-01,22.918528
2002-03-02,22.918528
2002-03-03,22.918528
2002-03-04,22.922026
2002-03-05,22.946598
2002-03-06,22.919718
2002-03-07,22.947254
2002-03-08,22.94783
2002-03-09,22.94783
2002-03-10,22.94783
2002-03-11,22.938236
2002-03-12,23.022404
2002-03-13,23.000494
2002-03-14,23.030872
2002-03-15,23.087492
2002-03-16,23.087492
2002-03-17,23.087492
2002-03-18,23.085447
2002-03-19,23.089737
2002-03-20,23.142466
2002-03-21,23.134287
2002-03-22,23.133438
2002-03-23,23.133434
2002-03-24,23.133434
2002-03-25,23.124407
2002-03-26,23.129091
2002-03-27,23.130077
2002-03-28,23.134314
2002-03-29,23.134802
2002-03-30,23.134802
2002-03-31,23.22765
2002-04-01,23.233784
2002-04-02,23.132666
2002-04-03,23.13503
2002-04-04,23.138805
2002-04-05,23.173454
2002-04-06,23.173454
2002-04-07,23.173454
2002-04-08,23.171785
2002-04-09,23.110476
2002-04-10,23.048174
2002-04-11,23.113367
2002-04-12,23.111265
2002-04-13,23.111265
2002-04-14,23.111265
2002-04-15,23.067093
2002-04-16,22.995373
2002-04-17,22.963964
2002-04-18,22.759087
2002-04-19,22.681078
2002-04-20,22.681078
2002-04-21,22.681078
2002-04-22,22.695053
2002-04-23,23.550655
2002-04-24,24.12649
2002-04-25,24.50375
2002-04-26,24.501852
2002-04-27,24.501852
2002-04-28,24.501852
2002-04-29,24.480358
2002-04-30,24.828077
2002-05-01,24.77249
2002-05-02,24.601923
2002-05-03,25.003681
2002-05-04,25.003544
2002-05-05,25.003544
2002-05-06,25.014965
2002-05-07,25.021885
2002-05-08,25.011913
2002-05-09,25.009321
2002-05-10,25.009514
2002-05-11,25.009514
2002-05-12,25.009514
2002-05-13,25.05328
2002-05-14,25.09169
2002-05-15,25.075932
2002-05-16,25.115263
2002-05-17,24.933733
2002-05-18,24.933731
2002-05-19,24.933731
2002-05-20,24.965776
2002-05-21,25.010033
2002-05-22,25.049746
2002-05-23,25.082811
2002-05-24,25.085625
2002-05-25,25.085625
2002-05-26,25.085625
2002-05-27,25.085625
2002-05-28,25.084206
2002-05-29,25.08974
2002-05-30,25.121588
2002-05-31,25.113163
2002-06-01,25.113163
2002-06-02,25.113163
2002-06-03,25.112427
2002-06-04,25.1118
2002-06-05,25.136135
2002-06-06,25.14305
2002-06-07,25.146658
2002-06-08,25.146658
2002-06-09,25.146658
2002-06-10,25.14624
2002-06-11,25.144226
2002-06-12,25.056347
2002-06-13,25.049526
2002-06-14,25.04956
2002-06-15,25.049686
2002-06-16,25.049686
2002-06-17,25.050491
2002-06-18,24.981363
2002-06-19,24.970135
2002-06-20,24.963396
2002-06-21,24.963228
2002-06-22,24.963228
2002-06-23,24.963228
2002-06-24,24.96917
2002-06-25,24.93661
2002-06-26,24.9256
2002-06-27,24.899323
2002-06-28,24.892185
2002-06-29,24.892185
2002-06-30,24.892185
2002-07-01,24.883028
2002-07-02,24.881731
2002-07-03,24.88162
2002-07-04,24.88162
2002-07-05,24.885681
2002-07-06,24.885681
2002-07-07,24.885681
2002-07-08,24.85335
2002-07-09,24.83677
2002-07-10,24.823597
2002-07-11,24.801554
2002-07-12,24.451378
2002-07-13,24.451378
2002-07-14,24.451378
2002-07-15,24.4379
2002-07-16,24.007904
2002-07-17,23.678518
2002-07-18,23.360733
2002-07-19,22.99097
2002-07-20,22.99097
2002-07-21,22.991077
2002-07-22,23.03218
2002-07-23,22.621382
2002-07-24,22.262392
2002-07-25,22.003881
2002-07-26,22.023676
2002-07-27,22.023676
2002-07-28,22.023676
2002-07-29,21.999651
2002-07-30,21.848469
2002-07-31,21.752653
2002-08-01,21.645254
2002-08-02,21.660624
2002-08-03,21.660295
2002-08-04,21.660295
2002-08-05,21.672968
2002-08-06,21.508413
2002-08-07,21.548038
2002-08-08,21.54759
2002-08-09,21.516611
2002-08-10,21.516716
2002-08-11,21.516672
2002-08-12,21.524435
2002-08-13,21.340954
2002-08-14,21.390911
2002-08-15,21.338951
2002-08-16,21.338192
2002-08-17,21.338192
2002-08-18,21.338192
2002-08-19,21.310612
2002-08-20,21.174026
2002-08-21,21.174168
2002-08-22,21.175093
2002-08-23,21.175694
2002-08-24,21.175694
2002-08-25,21.175694
2002-08-26,21.173794
2002-08-27,21.177347
2002-08-28,21.161982
2002-08-29,21.16567
2002-08-30,21.172163
2002-08-31,21.172163
2002-09-01,21.172163
2002-09-02,21.172163
2002-09-03,21.171438
2002-09-04,21.163984
2002-09-05,21.16325
2002-09-06,21.163235
2002-09-07,21.163235
2002-09-08,21.163235
2002-09-09,21.170729
2002-09-10,21.118773
2002-09-11,21.12089
2002-09-12,21.11183
2002-09-13,21.109648
2002-09-14,21.109648
2002-09-15,21.109648
2002-09-16,21.10986
2002-09-17,21.155148
2002-09-18,21.124147
2002-09-19,21.141125
2002-09-20,21.088535
2002-09-21,21.088535
2002-09-22,21.088535
2002-09-23,21.014658
2002-09-24,21.01278
2002-09-25,20.988527
2002-09-26,20.982761
2002-09-27,20.985014
2002-09-28,20.985184
2002-09-29,20.985184
2002-09-30,20.98098
2002-10-01,20.97182
2002-10-02,20.958319
2002-10-03,20.951458
2002-10-04,20.934338
2002-10-05,20.934338
2002-10-06,20.934473
2002-10-07,20.934832
2002-10-08,20.920391
2002-10-09,20.884031
2002-10-10,20.8484
2002-10-11,20.818314
2002-10-12,20.818314
2002-10-13,20.818314
2002-10-14,20.791103
2002-10-15,20.633852
2002-10-16,20.255901
2002-10-17,19.470493
2002-10-18,19.62463
2002-10-19,19.62463
2002-10-20,19.598267
2002-10-21,19.434048
2002-10-22,19.084064
2002-10-23,18.981588
2002-10-24,18.813414
2002-10-25,18.12517
2002-10-26,18.12517
2002-10-27,18.12517
2002-10-28,18.055521
2002-10-29,17.73855
2002-10-30,17.655474
2002-10-31,17.42382
2002-11-01,17.455832
2002-11-02,17.455837
2002-11-03,17.455837
2002-11-04,17.424995
2002-11-05,17.366167
2002-11-06,17.331121
2002-11-07,17.299725
2002-11-08,17.301643
2002-11-09,17.304365
2002-11-10,17.304901
2002-11-11,17.299824
2002-11-12,17.294958
2002-11-13,17.324293
2002-11-14,17.27158
2002-11-15,17.271225
2002-11-16,17.27158
2002-11-17,17.27158
2002-11-18,17.304281
2002-11-19,17.326689
2002-11-20,17.330578
2002-11-21,17.336756
2002-11-22,17.326853
2002-11-23,17.326853
2002-11-24,17.326853
2002-11-25,17.32543
2002-11-26,17.318783
2002-11-27,17.315636
2002-11-28,17.316721
2002-11-29,17.316828
2002-11-30,17.316828
2002-12-01,17.316828
2002-12-02,17.316828
2002-12-03,17.31339
2002-12-04,17.310326
2002-12-05,17.303947
2002-12-06,17.303072
2002-12-07,17.303072
2002-12-08,17.303072
2002-12-09,17.302708
2002-12-10,17.297144
2002-12-11,17.295017
2002-12-12,17.319118
2002-12-13,17.319193
2002-12-14,17.319193
2002-12-15,17.319193
2002-12-16,17.318432
2002-12-17,17.324493
2002-12-18,17.30767
2002-12-19,17.35244
2002-12-20,17.352364
2002-12-21,17.352892
2002-12-22,17.352892
2002-12-23,17.352077
2002-12-24,17.351854
2002-12-25,17.352034
2002-12-26,17.352037
2002-12-27,17.35159
2002-12-28,17.35159
2002-12-29,17.35159
2002-12-30,17.351938
2002-12-31,17.351984
2003-01-01,17.351984
2003-01-02,17.35198
2003-01-03,17.343628
2003-01-04,17.343628
2003-01-05,17.343628
2003-01-06,17.378727
2003-01-07,17.368805
2003-01-08,17.367706
2003-01-09,17.343775
2003-01-10,17.342957
2003-01-11,17.342957
2003-01-12,17.342957
2003-01-13,17.32337
2003-01-14,17.304083
2003-01-15,17.289824
2003-01-16,17.4264
2003-01-17,17.52929
2003-01-18,17.52929
2003-01-19,17.52929
2003-01-20,17.530645
2003-01-21,17.581743
2003-01-22,17.454538
2003-01-23,17.510912
2003-01-24,17.521805
2003-01-25,17.522087
2003-01-26,17.522087
2003-01-27,17.584368
2003-01-28,17.557817
2003-01-29,18.236671
2003-01-30,18.168653
2003-01-31,18.04871
2003-02-01,18.048698
2003-02-02,18.048698
2003-02-03,18.050755
2003-02-04,18.087952
2003-02-05,18.19986
2003-02-06,18.213205
2003-02-07,18.209946
2003-02-08,18.209946
2003-02-09,18.209946
2003-02-10,18.204199
2003-02-11,18.440191
2003-02-12,18.339188
2003-02-13,18.318113
2003-02-14,18.31266
2003-02-15,18.313158
2003-02-16,18.313158
2003-02-17,18.31131
2003-02-18,17.960028
2003-02-19,17.964977
2003-02-20,17.716328
2003-02-21,17.713802
2003-02-22,17.713799
2003-02-23,17.61203
2003-02-24,17.644068
2003-02-25,17.601892
2003-02-26,17.581919
2003-02-27,17.556631
2003-02-28,17.552568
2003-03-01,17.552568
2003-03-02,17.556675
2003-03-03,17.556461
2003-03-04,17.531633
2003-03-05,17.500992
2003-03-06,17.490593
2003-03-07,17.492111
2003-03-08,17.49197
2003-03-09,17.484024
2003-03-10,17.47546
2003-03-11,17.467827
2003-03-12,17.45545
2003-03-13,17.421741
2003-03-14,17.42665
2003-03-15,17.428349
2003-03-16,17.428349
2003-03-17,17.422506
2003-03-18,17.42603
2003-03-19,17.429989
2003-03-20,17.403803
2003-03-21,17.414848
2003-03-22,17.415815
2003-03-23,17.415815
2003-03-24,17.398817
2003-03-25,17.405045
2003-03-26,17.408323
2003-03-27,17.405333
2003-03-28,17.395945
2003-03-29,17.39603
2003-03-30,17.39603
2003-03-31,17.390974
2003-04-01,17.359406
2003-04-02,17.355515
2003-04-03,17.353739
2003-04-04,17.355354
2003-04-05,17.355354
2003-04-06,17.355354
2003-04-07,17.354439
2003-04-08,17.355177
2003-04-09,17.34214
2003-04-10,17.344042
2003-04-11,17.349817
2003-04-12,17.349817
2003-04-13,17.349817
2003-04-14,17.416836
2003-04-15,17.278156
2003-04-16,17.133215
2003-04-17,17.209599
2003-04-18,17.209494
2003-04-19,17.209494
2003-04-20,17.209494
2003-04-21,17.271091
2003-04-22,17.5575
2003-04-23,17.460962
2003-04-24,17.446568
2003-04-25,17.43673
2003-04-26,17.43721
2003-04-27,17.437925
2003-04-28,17.448318
2003-04-29,16.989704
2003-04-30,16.905363
2003-05-01,16.602034
2003-05-02,16.17213
2003-05-03,16.17213
2003-05-04,16.164143
2003-05-05,16.162022
2003-05-06,16.204683
2003-05-07,16.278337
2003-05-08,16.22838
2003-05-09,16.229439
2003-05-10,16.229336
2003-05-11,16.228752
2003-05-12,16.144804
2003-05-13,16.286676
2003-05-14,16.340046
2003-05-15,16.244827
2003-05-16,16.24406
2003-05-17,16.24406
2003-05-18,16.24406
2003-05-19,16.288347
2003-05-20,16.330017
2003-05-21,16.335493
2003-05-22,16.367815
2003-05-23,16.373526
2003-05-24,16.373114
2003-05-25,16.373114
2003-05-26,16.373114
2003-05-27,16.369009
2003-05-28,16.382692
2003-05-29,16.40714
2003-05-30,16.412502
2003-05-31,16.412477
2003-06-01,16.412468
2003-06-02,16.41167
2003-06-03,16.413439
2003-06-04,16.413939
2003-06-05,16.413443
2003-06-06,16.413424
2003-06-07,16.413424
2003-06-08,16.413424
2003-06-09,16.41157
2003-06-10,16.407608
2003-06-11,16.36946
2003-06-12,16.348185
2003-06-13,16.348738
2003-06-14,16.348738
2003-06-15,16.348738
2003-06-16,16.349846
2003-06-17,16.353346
2003-06-18,16.405254
2003-06-19,16.244019
2003-06-20,16.243982
2003-06-21,16.243982
2003-06-22,16.243982
2003-06-23,16.255337
2003-06-24,16.253912
2003-06-25,16.276878
2003-06-26,16.267485
2003-06-27,16.265972
2003-06-28,16.265972
2003-06-29,16.265972
2003-06-30,16.263668
2003-07-01,16.267527
2003-07-02,16.265854
2003-07-03,16.265612
2003-07-04,16.26538
2003-07-05,16.26538
2003-07-06,16.26538
2003-07-07,16.263794
2003-07-08,16.261322
2003-07-09,16.303053
2003-07-10,16.364061
2003-07-11,16.35625
2003-07-12,16.35625
2003-07-13,16.35625
2003-07-14,16.351702
2003-07-15,16.485655
2003-07-16,16.539639
2003-07-17,16.656702
2003-07-18,16.678087
2003-07-19,16.678087
2003-07-20,16.678192
2003-07-21,16.64923
2003-07-22,16.780424
2003-07-23,16.862225
2003-07-24,17.190096
2003-07-25,17.208557
2003-07-26,17.208557
2003-07-27,17.208557
2003-07-28,17.21343
2003-07-29,17.58583
2003-07-30,17.680435
2003-07-31,18.008207
2003-08-01,18.090876
2003-08-02,18.09095
2003-08-03,18.09095
2003-08-04,18.099937
2003-08-05,18.198957
2003-08-06,18.220022
2003-08-07,18.230206
2003-08-08,18.196402
2003-08-09,18.196478
2003-08-10,18.196478
2003-08-11,18.190641
2003-08-12,18.187777
2003-08-13,18.140636
2003-08-14,18.109873
2003-08-15,18.112335
2003-08-16,18.1132
2003-08-17,18.11269
2003-08-18,18.091326
2003-08-19,18.110518
2003-08-20,18.115612
2003-08-21,18.146267
2003-08-22,18.147245
2003-08-23,18.147245
2003-08-24,18.147245
2003-08-25,18.146997
2003-08-26,18.21006
2003-08-27,18.216335
2003-08-28,18.213259
2003-08-29,18.209097
2003-08-30,18.209097
2003-08-31,18.209097
2003-09-01,18.209097
2003-09-02,18.20978
2003-09-03,18.201126
2003-09-04,18.199686
2003-09-05,18.200607
2003-09-06,18.201166
2003-09-07,18.201166
2003-09-08,18.167147
2003-09-09,18.214764
2003-09-10,18.216076
2003-09-11,18.222677
2003-09-12,18.27213
2003-09-13,18.27213
2003-09-14,18.27213
2003-09-15,18.272259
2003-09-16,18.286825
2003-09-17,18.30696
2003-09-18,18.244364
2003-09-19,18.243763
2003-09-20,18.244043
2003-09-21,18.244043
2003-09-22,18.237297
2003-09-23,18.241808
2003-09-24,18.23591
2003-09-25,18.235886
2003-09-26,18.237295
2003-09-27,18.237295
2003-09-28,18.237247
2003-09-29,18.24206
2003-09-30,18.264359
2003-10-01,18.265583
2003-10-02,18.266909
2003-10-03,18.268883
2003-10-04,18.268883
2003-10-05,18.268883
2003-10-06,18.26879
2003-10-07,18.25236
2003-10-08,18.247204
2003-10-09,18.19256
2003-10-10,18.187834
2003-10-11,18.187834
2003-10-12,18.187834
2003-10-13,18.201578
2003-10-14,18.076944
2003-10-15,18.167213
2003-10-16,18.148626
2003-10-17,18.160952
2003-10-18,18.160952
2003-10-19,18.160952
2003-10-20,18.138332
2003-10-21,18.118479
2003-10-22,17.792015
2003-10-23,17.666843
2003-10-24,17.646822
2003-10-25,17.646822
2003-10-26,17.646822
2003-10-27,17.560123
2003-10-28,17.399977
2003-10-29,17.428568
2003-10-30,17.52355
2003-10-31,17.488535
2003-11-01,17.488535
2003-11-02,17.488535
2003-11-03,17.493559
2003-11-04,17.438503
2003-11-05,17.344887
2003-11-06,17.356754
2003-11-07,17.4232
2003-11-08,17.4232
2003-11-09,17.4232
2003-11-10,17.425356
2003-11-11,17.41975
2003-11-12,17.423786
2003-11-13,17.380316
2003-11-14,17.498276
2003-11-15,17.498743
2003-11-16,17.498743
2003-11-17,17.527039
2003-11-18,17.583143
2003-11-19,17.524122
2003-11-20,17.54018
2003-11-21,17.540321
2003-11-22,17.540321
2003-11-23,17.540321
2003-11-24,17.529377
2003-11-25,17.544819
2003-11-26,17.541357
2003-11-27,17.541357
2003-11-28,17.541357
2003-11-29,17.541357
2003-11-30,17.541357
2003-12-01,17.543583
2003-12-02,17.522537
2003-12-03,17.522804
2003-12-04,17.517775
2003-12-05,17.530088
2003-12-06,17.530088
2003-12-07,17.530088
2003-12-08,17.556763
2003-12-09,17.586899
2003-12-10,17.58902
2003-12-11,17.588238
2003-12-12,17.588152
2003-12-13,17.588152
2003-12-14,17.588152
2003-12-15,17.557037
2003-12-16,17.556482
2003-12-17,17.554285
2003-12-18,17.620491
2003-12-19,17.61699
2003-12-20,17.61699
2003-12-21,17.61699
2003-12-22,17.616924
2003-12-23,17.63886
2003-12-24,17.638905
2003-12-25,17.638905
2003-12-26,17.638905
2003-12-27,17.638905
2003-12-28,17.638905
2003-12-29,17.63294
2003-12-30,17.633097
2003-12-31,17.633097
2004-01-01,17.633097
2004-01-02,17.633097
2004-01-03,17.633097
2004-01-04,17.633097
2004-01-05,17.64552
2004-01-06,17.63958
2004-01-07,17.642141
2004-01-08,17.657442
2004-01-09,17.658941
2004-01-10,17.658941
2004-01-11,17.658941
2004-01-12,17.659676
2004-01-13,17.66308
2004-01-14,17.678045
2004-01-15,17.595095
2004-01-16,17.544334
2004-01-17,17.544334
2004-01-18,17.544334
2004-01-19,17.540312
2004-01-20,17.592438
2004-01-21,17.616419
2004-01-22,18.099598
2004-01-23,18.089008
2004-01-24,18.129305
2004-01-25,18.129305
2004-01-26,18.20604
2004-01-27,18.20317
2004-01-28,18.308172
2004-01-29,17.77715
2004-01-30,17.83344
2004-01-31,17.83344
2004-02-01,17.83344
2004-02-02,17.86216
2004-02-03,17.916264
2004-02-04,18.033323
2004-02-05,18.154963
2004-02-06,18.088324
2004-02-07,18.088324
2004-02-08,18.088324
2004-02-09,18.091469
2004-02-10,18.233698
2004-02-11,18.39598
2004-02-12,18.383976
2004-02-13,18.295786
2004-02-14,18.295788
2004-02-15,18.295788
2004-02-16,18.296846
2004-02-17,18.2702
2004-02-18,18.287174
2004-02-19,18.324764
2004-02-20,18.324448
2004-02-21,18.324448
2004-02-22,18.324448
2004-02-23,18.327398
2004-02-24,18.33212
2004-02-25,18.32542
2004-02-26,18.270214
2004-02-27,18.257608
2004-02-28,18.260895
2004-02-29,18.260895
2004-03-01,18.263437
2004-03-02,18.267078
2004-03-03,18.267412
2004-03-04,18.278227
2004-03-05,18.280315
2004-03-06,18.27996
2004-03-07,18.279875
2004-03-08,18.503193
2004-03-09,18.506222
2004-03-10,18.510193
2004-03-11,18.48129
2004-03-12,18.487598
2004-03-13,18.487598
2004-03-14,18.487598
2004-03-15,18.481329
2004-03-16,18.51136
2004-03-17,18.486147
2004-03-18,18.427305
2004-03-19,18.437555
2004-03-20,18.437555
2004-03-21,18.437555
2004-03-22,18.34091
2004-03-23,18.347355
2004-03-24,18.348455
2004-03-25,18.343672
2004-03-26,18.344755
2004-03-27,18.344755
2004-03-28,18.344755
2004-03-29,18.341528
2004-03-30,18.34217
2004-03-31,18.289246
2004-04-01,18.288189
2004-04-02,18.287882
2004-04-03,18.287876
2004-04-04,18.287205
2004-04-05,18.28709
2004-04-06,18.280937
2004-04-07,18.298273
2004-04-08,18.428373
2004-04-09,18.429333
2004-04-10,18.429333
2004-04-11,18.429333
2004-04-12,18.440468
2004-04-13,18.36456
2004-04-14,18.394232
2004-04-15,18.62158
2004-04-16,18.614347
2004-04-17,18.614347
2004-04-18,18.613836
2004-04-19,18.679064
2004-04-20,18.494673
2004-04-21,18.20689
2004-04-22,18.077404
2004-04-23,18.087011
2004-04-24,18.087011
2004-04-25,18.087011
2004-04-26,18.04151
2004-04-27,17.913671
2004-04-28,17.947815
2004-04-29,17.907576
2004-04-30,17.867588
2004-05-01,17.867256
2004-05-02,17.864561
2004-05-03,17.858177
2004-05-04,17.563622
2004-05-05,17.56768
2004-05-06,17.533024
2004-05-07,17.53875
2004-05-08,17.538267
2004-05-09,17.538267
2004-05-10,17.643858
2004-05-11,17.548218
2004-05-12,17.595095
2004-05-13,17.750664
2004-05-14,17.753048
2004-05-15,17.753048
2004-05-16,17.753048
2004-05-17,17.778755
2004-05-18,17.745407
2004-05-19,17.74651
2004-05-20,17.778769
2004-05-21,17.779047
2004-05-22,17.779047
2004-05-23,17.779047
2004-05-24,17.776785
2004-05-25,17.77796
2004-05-26,17.77181
2004-05-27,17.784922
2004-05-28,17.772102
2004-05-29,17.772102
2004-05-30,17.772102
2004-05-31,17.772102
2004-06-01,17.76898
2004-06-02,17.775122
2004-06-03,17.76664
2004-06-04,17.769773
2004-06-05,17.769741
2004-06-06,17.769741
2004-06-07,17.766886
2004-06-08,17.766886
2004-06-09,17.714584
2004-06-10,17.714851
2004-06-11,17.710905
2004-06-12,17.710905
2004-06-13,17.710905
2004-06-14,17.70545
2004-06-15,17.655542
2004-06-16,17.688334
2004-06-17,17.67735
2004-06-18,17.65517
2004-06-19,17.65517
2004-06-20,17.65517
2004-06-21,17.659473
2004-06-22,17.640125
2004-06-23,17.619537
2004-06-24,17.612116
2004-06-25,17.612614
2004-06-26,17.612614
2004-06-27,17.612614
2004-06-28,17.611616
2004-06-29,17.61669
2004-06-30,17.679571
2004-07-01,17.685562
2004-07-02,17.685562
2004-07-03,17.685562
2004-07-04,17.685562
2004-07-05,17.685562
2004-07-06,17.689365
2004-07-07,17.698277
2004-07-08,17.686136
2004-07-09,17.695656
2004-07-10,17.695656
2004-07-11,17.695656
2004-07-12,17.72743
2004-07-13,17.737558
2004-07-14,17.73939
2004-07-15,17.638567
2004-07-16,17.628113
2004-07-17,17.633799
2004-07-18,17.633799
2004-07-19,17.595026
2004-07-20,17.46717
2004-07-21,17.241188
2004-07-22,17.31478
2004-07-23,17.232172
2004-07-24,17.23263
2004-07-25,17.23263
2004-07-26,17.234104
2004-07-27,17.109758
2004-07-28,17.096924
2004-07-29,16.959011
2004-07-30,16.820536
2004-07-31,16.821024
2004-08-01,16.819365
2004-08-02,16.857851
2004-08-03,17.190615
2004-08-04,17.187504
2004-08-05,17.137268
2004-08-06,17.103088
2004-08-07,17.104927
2004-08-08,17.104927
2004-08-09,17.092434
2004-08-10,17.079302
2004-08-11,17.066666
2004-08-12,16.863401
2004-08-13,16.866558
2004-08-14,16.866587
2004-08-15,16.866587
2004-08-16,16.839901
2004-08-17,16.804651
2004-08-18,16.705563
2004-08-19,16.72097
2004-08-20,16.722057
2004-08-21,16.722057
2004-08-22,16.722057
2004-08-23,16.734148
2004-08-24,16.730099
2004-08-25,16.728376
2004-08-26,16.725409
2004-08-27,16.725285
2004-08-28,16.725285
2004-08-29,16.725285
2004-08-30,16.724678
2004-08-31,16.724545
2004-09-01,16.713852
2004-09-02,16.688053
2004-09-03,16.688044
2004-09-04,16.688044
2004-09-05,16.688044
2004-09-06,16.688044
2004-09-07,16.691093
2004-09-08,16.689753
2004-09-09,16.684092
2004-09-10,16.683226
2004-09-11,16.683226
2004-09-12,16.683226
2004-09-13,16.68958
2004-09-14,16.73401
2004-09-15,16.729038
2004-09-16,16.726498
2004-09-17,16.673399
2004-09-18,16.673399
2004-09-19,16.673399
2004-09-20,16.666874
2004-09-21,16.659248
2004-09-22,16.660769
2004-09-23,16.66824
2004-09-24,16.6682
2004-09-25,16.6682
2004-09-26,16.6682
2004-09-27,16.67165
2004-09-28,16.665983
2004-09-29,16.661486
2004-09-30,16.659893
2004-10-01,16.621962
2004-10-02,16.621454
2004-10-03,16.621454
2004-10-04,16.621807
2004-10-05,16.627577
2004-10-06,16.616049
2004-10-07,16.620981
2004-10-08,16.663082
2004-10-09,16.66306
2004-10-10,16.66306
2004-10-11,16.662617
2004-10-12,16.581434
2004-10-13,16.58039
2004-10-14,16.667461
2004-10-15,16.667845
2004-10-16,16.667858
2004-10-17,16.667858
2004-10-18,16.589428
2004-10-19,16.625673
2004-10-20,16.391241
2004-10-21,16.291487
2004-10-22,16.291964
2004-10-23,16.291964
2004-10-24,16.291964
2004-10-25,16.26102
2004-10-26,16.179468
2004-10-27,16.12759
2004-10-28,15.981112
2004-10-29,16.04295
2004-10-30,16.04295
2004-10-31,16.04295
2004-11-01,16.066689
2004-11-02,16.085772
2004-11-03,16.06998
2004-11-04,16.071484
2004-11-05,16.041342
2004-11-06,16.041948
2004-11-07,16.041948
2004-11-08,16.104101
2004-11-09,16.070627
2004-11-10,16.060604
2004-11-11,16.075268
2004-11-12,16.07363
2004-11-13,16.073658
2004-11-14,16.073658
2004-11-15,16.093655
2004-11-16,16.105562
2004-11-17,16.073263
2004-11-18,16.06658
2004-11-19,16.066975
2004-11-20,16.066975
2004-11-21,16.066975
2004-11-22,16.056923
2004-11-23,16.062838
2004-11-24,16.061422
2004-11-25,16.061445
2004-11-26,16.061405
2004-11-27,16.061405
2004-11-28,16.061405
2004-11-29,16.062674
2004-11-30,16.025717
2004-12-01,16.026255
2004-12-02,16.02062
2004-12-03,16.02158
2004-12-04,16.021383
2004-12-05,16.021383
2004-12-06,16.022182
2004-12-07,16.021664
2004-12-08,16.029757
2004-12-09,16.036882
2004-12-10,16.036716
2004-12-11,16.036716
2004-12-12,16.036716
2004-12-13,16.029142
2004-12-14,16.02818
2004-12-15,16.016953
2004-12-16,16.092075
2004-12-17,16.093342
2004-12-18,16.093342
2004-12-19,16.093342
2004-12-20,16.093452
2004-12-21,16.077366
2004-12-22,16.069662
2004-12-23,16.06727
2004-12-24,16.06727
2004-12-25,16.06727
2004-12-26,16.06727
2004-12-27,16.067827
2004-12-28,16.067823
2004-12-29,16.067799
2004-12-30,16.067562
2004-12-31,16.067562
2005-01-01,16.067562
2005-01-02,16.067562
2005-01-03,16.070467
2005-01-04,16.072119
2005-01-05,16.071245
2005-01-06,16.076231
2005-01-07,16.076342
2005-01-08,16.076342
2005-01-09,16.076342
2005-01-10,16.074219
2005-01-11,16.08281
2005-01-12,16.081322
2005-01-13,16.148895
2005-01-14,16.14776
2005-01-15,16.14776
2005-01-16,16.14776
2005-01-17,16.14776
2005-01-18,16.044096
2005-01-19,16.15172
2005-01-20,16.212854
2005-01-21,16.101551
2005-01-22,16.101551
2005-01-23,16.101551
2005-01-24,16.118214
2005-01-25,16.386799
2005-01-26,16.454489
2005-01-27,16.339075
2005-01-28,16.361988
2005-01-29,16.361195
2005-01-30,16.361195
2005-01-31,16.179108
2005-02-01,16.200232
2005-02-02,16.289997
2005-02-03,16.657822
2005-02-04,16.570486
2005-02-05,16.571415
2005-02-06,16.571415
2005-02-07,16.59113
2005-02-08,16.77166
2005-02-09,16.74807
2005-02-10,16.743599
2005-02-11,16.738262
2005-02-12,16.738173
2005-02-13,16.739197
2005-02-14,16.741386
2005-02-15,16.787354
2005-02-16,16.788033
2005-02-17,16.696634
2005-02-18,16.691984
2005-02-19,16.692007
2005-02-20,16.692007
2005-02-21,16.69156
2005-02-22,16.651997
2005-02-23,16.567684
2005-02-24,16.524412
2005-02-25,16.505953
2005-02-26,16.505953
2005-02-27,16.505953
2005-02-28,16.467674
2005-03-01,16.456614
2005-03-02,16.439743
2005-03-03,16.45326
2005-03-04,16.441534
2005-03-05,16.441534
2005-03-06,16.441534
2005-03-07,16.26687
2005-03-08,16.269096
2005-03-09,16.292389
2005-03-10,16.277502
2005-03-11,16.278952
2005-03-12,16.278952
2005-03-13,16.278818
2005-03-14,16.283207
2005-03-15,16.275393
2005-03-16,16.268513
2005-03-17,16.24342
2005-03-18,16.2437
2005-03-19,16.2437
2005-03-20,16.2437
2005-03-21,16.248064
2005-03-22,16.311045
2005-03-23,16.31084
2005-03-24,16.314426
2005-03-25,16.314192
2005-03-26,16.314192
2005-03-27,16.314192
2005-03-28,16.305475
2005-03-29,16.310461
2005-03-30,16.314981
2005-03-31,16.319965
2005-04-01,16.291153
2005-04-02,16.291466
2005-04-03,16.291466
2005-04-04,16.291208
2005-04-05,16.293203
2005-04-06,16.297064
2005-04-07,16.284815
2005-04-08,16.284842
2005-04-09,16.284842
2005-04-10,16.284842
2005-04-11,16.28002
2005-04-12,16.29872
2005-04-13,16.3103
2005-04-14,16.423891
2005-04-15,16.635698
2005-04-16,16.635706
2005-04-17,16.635706
2005-04-18,16.664305
2005-04-19,16.794937
2005-04-20,16.69338
2005-04-21,16.492702
2005-04-22,16.493355
2005-04-23,16.49315
2005-04-24,16.490149
2005-04-25,16.476694
2005-04-26,16.253927
2005-04-27,16.249453
2005-04-28,16.042345
2005-04-29,16.104353
2005-04-30,16.118584
2005-05-01,16.118584
2005-05-02,16.177557
2005-05-03,16.336916
2005-05-04,16.333345
2005-05-05,16.311432
2005-05-06,16.32253
2005-05-07,16.322481
2005-05-08,16.322536
2005-05-09,16.457983
2005-05-10,16.501577
2005-05-11,16.621939
2005-05-12,16.637167
2005-05-13,16.650253
2005-05-14,16.65038
2005-05-15,16.650305
2005-05-16,16.701675
2005-05-17,16.691133
2005-05-18,16.679176
2005-05-19,16.809284
2005-05-20,16.809431
2005-05-21,16.809431
2005-05-22,16.809431
2005-05-23,16.814663
2005-05-24,16.84278
2005-05-25,16.853046
2005-05-26,16.936693
2005-05-27,16.946556
2005-05-28,16.946556
2005-05-29,16.946556
2005-05-30,16.946556
2005-05-31,16.960682
2005-06-01,16.95031
2005-06-02,16.945835
2005-06-03,16.947113
2005-06-04,16.947113
2005-06-05,16.947113
2005-06-06,16.949064
2005-06-07,16.988892
2005-06-08,16.947817
2005-06-09,16.938927
2005-06-10,16.94124
2005-06-11,16.94124
2005-06-12,16.94124
2005-06-13,16.918499
2005-06-14,16.948511
2005-06-15,16.950485
2005-06-16,16.94295
2005-06-17,16.94215
2005-06-18,16.94215
2005-06-19,16.94215
2005-06-20,16.940773
2005-06-21,16.921047
2005-06-22,16.928091
2005-06-23,16.932983
2005-06-24,16.93256
2005-06-25,16.93256
2005-06-26,16.93256
2005-06-27,16.93139
2005-06-28,16.927496
2005-06-29,16.795946
2005-06-30,16.79651
2005-07-01,16.796257
2005-07-02,16.796268
2005-07-03,16.796268
2005-07-04,16.796268
2005-07-05,16.791792
2005-07-06,16.789307
2005-07-07,16.748766
2005-07-08,16.748713
2005-07-09,16.748713
2005-07-10,16.748713
2005-07-11,16.782042
2005-07-12,16.759571
2005-07-13,16.741827
2005-07-14,16.716406
2005-07-15,16.673769
2005-07-16,16.673769
2005-07-17,16.672434
2005-07-18,16.588816
2005-07-19,16.449514
2005-07-20,16.161158
2005-07-21,15.829118
2005-07-22,15.935729
2005-07-23,15.934516
2005-07-24,15.934516
2005-07-25,15.746887
2005-07-26,15.708883
2005-07-27,15.632537
2005-07-28,15.71694
2005-07-29,15.733855
2005-07-30,15.745057
2005-07-31,15.745057
2005-08-01,15.771109
2005-08-02,15.635763
2005-08-03,15.646232
2005-08-04,15.689645
2005-08-05,15.657577
2005-08-06,15.657496
2005-08-07,15.657015
2005-08-08,15.665877
2005-08-09,15.608891
2005-08-10,15.568116
2005-08-11,15.593765
2005-08-12,15.592094
2005-08-13,15.592185
2005-08-14,15.592185
2005-08-15,15.582374
2005-08-16,15.676287
2005-08-17,15.67423
2005-08-18,15.686106
2005-08-19,15.686651
2005-08-20,15.686626
2005-08-21,15.686626
2005-08-22,15.691234
2005-08-23,15.763221
2005-08-24,15.778894
2005-08-25,15.745763
2005-08-26,15.74972
2005-08-27,15.74972
2005-08-28,15.74972
2005-08-29,15.751572
2005-08-30,15.747784
2005-08-31,15.744771
2005-09-01,15.7525835
2005-09-02,15.753082
2005-09-03,15.753082
2005-09-04,15.753082
2005-09-05,15.753082
2005-09-06,15.754675
2005-09-07,15.75091
2005-09-08,15.754369
2005-09-09,15.754582
2005-09-10,15.754582
2005-09-11,15.754582
2005-09-12,15.758752
2005-09-13,15.771878
2005-09-14,15.773852
2005-09-15,15.771908
2005-09-16,15.771799
2005-09-17,15.771724
2005-09-18,15.771724
2005-09-19,15.702517
2005-09-20,15.709208
2005-09-21,15.69013
2005-09-22,15.737057
2005-09-23,15.737349
2005-09-24,15.737349
2005-09-25,15.737349
2005-09-26,15.73916
2005-09-27,15.736822
2005-09-28,15.73795
2005-09-29,15.77518
2005-09-30,15.775413
2005-10-01,15.775413
2005-10-02,15.775413
2005-10-03,15.77981
2005-10-04,15.779527
2005-10-05,15.775012
2005-10-06,15.76804
2005-10-07,15.7681
2005-10-08,15.7681
2005-10-09,15.7681
2005-10-10,15.780456
2005-10-11,15.779012
2005-10-12,15.780773
2005-10-13,15.793586
2005-10-14,15.730983
2005-10-15,15.731131
2005-10-16,15.731131
2005-10-17,15.740007
2005-10-18,15.729259
2005-10-19,15.7886305
2005-10-20,15.932844
2005-10-21,15.963502
2005-10-22,15.984003
2005-10-23,15.9841
2005-10-24,16.084473
2005-10-25,16.022078
2005-10-26,16.044878
2005-10-27,15.841401
2005-10-28,16.125679
2005-10-29,16.123966
2005-10-30,16.124054
2005-10-31,16.141502
2005-11-01,16.110525
2005-11-02,16.091066
2005-11-03,16.121592
2005-11-04,16.143742
2005-11-05,16.143705
2005-11-06,16.143705
2005-11-07,16.147274
2005-11-08,16.244068
2005-11-09,16.290545
2005-11-10,16.306915
2005-11-11,16.301184
2005-11-12,16.301184
2005-11-13,16.301184
2005-11-14,16.343306
2005-11-15,16.33505
2005-11-16,16.302834
2005-11-17,16.306248
2005-11-18,16.305286
2005-11-19,16.305286
2005-11-20,16.305286
2005-11-21,16.289148
2005-11-22,16.284128
2005-11-23,16.26555
2005-11-24,16.26555
2005-11-25,16.265461
2005-11-26,16.265461
2005-11-27,16.265461
2005-11-28,16.264696
2005-11-29,16.264688
2005-11-30,16.271702
2005-12-01,16.268557
2005-12-02,16.268406
2005-12-03,16.268406
2005-12-04,16.268406
2005-12-05,16.267702
2005-12-06,16.277107
2005-12-07,16.275179
2005-12-08,16.274672
2005-12-09,16.27489
2005-12-10,16.27489
2005-12-11,16.27489
2005-12-12,16.277807
2005-12-13,16.281845
2005-12-14,16.281187
2005-12-15,16.234022
2005-12-16,16.30144
2005-12-17,16.30144
2005-12-18,16.30144
2005-12-19,16.301847
2005-12-20,16.292927
2005-12-21,16.283829
2005-12-22,16.298338
2005-12-23,16.296043
2005-12-24,16.296043
2005-12-25,16.296043
2005-12-26,16.296043
2005-12-27,16.296055
2005-12-28,16.296055
2005-12-29,16.29585
2005-12-30,16.295834
2005-12-31,16.295834
2006-01-01,16.295834
2006-01-02,16.295834
2006-01-03,16.293726
2006-01-04,16.295689
2006-01-05,16.300562
2006-01-06,16.299946
2006-01-07,16.299946
2006-01-08,16.299988
2006-01-09,16.3018
2006-01-10,16.309998
2006-01-11,16.311409
2006-01-12,16.306309
2006-01-13,16.30635
2006-01-14,16.30635
2006-01-15,16.30635
2006-01-16,16.306345
2006-01-17,16.089071
2006-01-18,16.116543
2006-01-19,16.127916
2006-01-20,16.073841
2006-01-21,16.073841
2006-01-22,16.073841
2006-01-23,16.175697
2006-01-24,16.289406
2006-01-25,16.176334
2006-01-26,16.00517
2006-01-27,15.994527
2006-01-28,15.976132
2006-01-29,15.976132
2006-01-30,15.8200245
2006-01-31,15.962188
2006-02-01,16.012785
2006-02-02,15.888028
2006-02-03,15.87189
2006-02-04,15.87189
2006-02-05,15.87189
2006-02-06,15.835174
2006-02-07,15.868272
2006-02-08,15.832686
2006-02-09,15.84557
2006-02-10,15.767502
2006-02-11,15.767502
2006-02-12,15.767502
2006-02-13,15.712784
2006-02-14,15.692565
2006-02-15,15.51439
2006-02-16,15.430092
2006-02-17,15.669436
2006-02-18,15.669436
2006-02-19,15.669436
2006-02-20,15.667079
2006-02-21,15.588113
2006-02-22,15.532281
2006-02-23,15.476807
2006-02-24,15.4739065
2006-02-25,15.474148
2006-02-26,15.474148
2006-02-27,15.486223
2006-02-28,15.4859
2006-03-01,15.505485
2006-03-02,15.491773
2006-03-03,15.486067
2006-03-04,15.471443
2006-03-05,15.469157
2006-03-06,15.177696
2006-03-07,15.1605015
2006-03-08,15.159592
2006-03-09,15.144983
2006-03-10,15.138311
2006-03-11,15.138311
2006-03-12,15.138311
2006-03-13,15.146972
2006-03-14,15.143931
2006-03-15,15.105387
2006-03-16,15.085646
2006-03-17,15.087476
2006-03-18,15.087476
2006-03-19,15.08754
2006-03-20,15.085922
2006-03-21,15.078035
2006-03-22,15.109228
2006-03-23,15.134595
2006-03-24,15.132366
2006-03-25,15.132366
2006-03-26,15.132398
2006-03-27,15.123499
2006-03-28,15.079905
2006-03-29,15.092418
2006-03-30,15.057901
2006-03-31,15.053693
2006-04-01,15.054509
2006-04-02,15.054509
2006-04-03,15.054697
2006-04-04,15.056227
2006-04-05,15.028089
2006-04-06,14.956843
2006-04-07,14.961669
2006-04-08,14.961669
2006-04-09,14.961664
2006-04-10,14.926079
2006-04-11,14.912188
2006-04-12,14.906785
2006-04-13,15.024848
2006-04-14,15.025251
2006-04-15,15.025251
2006-04-16,15.025251
2006-04-17,15.038953
2006-04-18,15.142482
2006-04-19,15.112308
2006-04-20,15.097275
2006-04-21,15.10938
2006-04-22,15.10938
2006-04-23,15.10938
2006-04-24,15.142833
2006-04-25,15.196742
2006-04-26,15.378689
2006-04-27,15.623196
2006-04-28,15.628309
2006-04-29,15.627974
2006-04-30,15.627974
2006-05-01,15.624481
2006-05-02,15.769505
2006-05-03,15.852212
2006-05-04,15.923064
2006-05-05,16.153101
2006-05-06,16.153925
2006-05-07,16.153925
2006-05-08,14.708751
2006-05-09,14.7795315
2006-05-10,14.777989
2006-05-11,14.828686
2006-05-12,14.83128
2006-05-13,14.83128
2006-05-14,14.83128
2006-05-15,14.910728
2006-05-16,14.921482
2006-05-17,14.953082
2006-05-18,15.0228815
2006-05-19,15.023782
2006-05-20,15.026062
2006-05-21,15.026062
2006-05-22,15.022278
2006-05-23,15.001693
2006-05-24,15.015691
2006-05-25,15.015734
2006-05-26,15.0139065
2006-05-27,15.0139065
2006-05-28,15.0139065
2006-05-29,15.0139065
2006-05-30,15.010886
2006-05-31,15.018413
2006-06-01,15.037352
2006-06-02,15.03758
2006-06-03,15.03758
2006-06-04,15.03758
2006-06-05,15.036152
2006-06-06,15.035815
2006-06-07,15.038661
2006-06-08,15.042722
2006-06-09,15.042054
2006-06-10,15.042012
2006-06-11,15.042012
2006-06-12,15.0436535
2006-06-13,15.06832
2006-06-14,15.067006
2006-06-15,15.061215
2006-06-16,15.043045
2006-06-17,15.043045
2006-06-18,15.043045
2006-06-19,15.0518675
2006-06-20,15.046602
2006-06-21,15.04305
2006-06-22,15.093306
2006-06-23,15.09221
2006-06-24,15.092229
2006-06-25,15.092229
2006-06-26,15.093484
2006-06-27,15.089914
2006-06-28,15.05203
2006-06-29,15.032099
2006-06-30,15.029333
2006-07-01,15.029333
2006-07-02,15.029333
2006-07-03,15.029333
2006-07-04,15.029333
2006-07-05,15.029333
2006-07-06,15.021912
2006-07-07,15.021427
2006-07-08,15.021427
2006-07-09,15.021427
2006-07-10,15.023655
2006-07-11,15.007398
2006-07-12,14.994044
2006-07-13,14.96409
2006-07-14,14.895715
2006-07-15,14.895693
2006-07-16,14.895693
2006-07-17,14.892537
2006-07-18,14.807466
2006-07-19,14.703915
2006-07-20,14.701946
2006-07-21,14.674279
2006-07-22,14.673891
2006-07-23,14.673891
2006-07-24,14.666741
2006-07-25,14.554745
2006-07-26,14.387426
2006-07-27,14.230893
2006-07-28,14.11877
2006-07-29,14.120434
2006-07-30,14.120434
2006-07-31,15.450923
2006-08-01,15.339596
2006-08-02,15.309763
2006-08-03,15.280241
2006-08-04,15.277707
2006-08-05,15.2782345
2006-08-06,15.2782345
2006-08-07,15.296747
2006-08-08,15.249051
2006-08-09,15.244977
2006-08-10,15.21286
2006-08-11,15.211277
2006-08-12,15.210938
2006-08-13,15.210727
2006-08-14,15.193733
2006-08-15,15.11789
2006-08-16,15.143997
2006-08-17,15.14414
2006-08-18,15.143413
2006-08-19,15.143413
2006-08-20,15.143413
2006-08-21,15.1328535
2006-08-22,15.139075
2006-08-23,15.144925
2006-08-24,15.027105
2006-08-25,15.039996
2006-08-26,15.039996
2006-08-27,15.039996
2006-08-28,15.0410385
2006-08-29,15.038177
2006-08-30,15.039216
2006-08-31,15.015617
2006-09-01,15.015611
2006-09-02,15.015611
2006-09-03,15.015611
2006-09-04,15.015611
2006-09-05,15.006573
2006-09-06,15.006989
2006-09-07,15.001987
2006-09-08,15.002079
2006-09-09,15.001838
2006-09-10,15.001838
2006-09-11,15.006692
2006-09-12,15.007976
2006-09-13,15.008032
2006-09-14,15.011941
2006-09-15,15.011947
2006-09-16,15.011947
2006-09-17,15.011947
2006-09-18,15.012252
2006-09-19,15.051813
2006-09-20,15.044302
2006-09-21,14.989865
2006-09-22,14.989785
2006-09-23,14.989785
2006-09-24,14.989785
2006-09-25,15.001081
2006-09-26,15.007843
2006-09-27,15.007493
2006-09-28,15.013417
2006-09-29,15.012117
2006-09-30,15.012117
2006-10-01,15.012117
2006-10-02,15.012185
2006-10-03,15.00792
2006-10-04,15.007757
2006-10-05,15.014563
2006-10-06,15.01244
2006-10-07,15.01244
2006-10-08,15.01244
2006-10-09,15.01244
2006-10-10,15.009049
2006-10-11,15.008781
2006-10-12,15.007482
2006-10-13,15.024132
2006-10-14,15.02415
2006-10-15,15.02415
2006-10-16,15.010679
2006-10-17,15.063414
2006-10-18,15.112102
2006-10-19,15.108332
2006-10-20,15.13744
2006-10-21,15.15779
2006-10-22,15.135253
2006-10-23,15.07055
2006-10-24,15.090283
2006-10-25,15.176929
2006-10-26,15.170309
2006-10-27,15.180547
2006-10-28,15.180547
2006-10-29,15.180547
2006-10-30,15.150594
2006-10-31,15.040679
2006-11-01,14.953883
2006-11-02,14.933717
2006-11-03,14.846603
2006-11-04,14.84635
2006-11-05,14.84635
2006-11-06,14.801449
2006-11-07,14.753547
2006-11-08,14.784078
2006-11-09,14.746454
2006-11-10,14.749073
2006-11-11,14.749073
2006-11-12,14.749073
2006-11-13,14.822468
2006-11-14,14.731116
2006-11-15,14.729444
2006-11-16,14.730197
2006-11-17,14.729841
2006-11-18,14.729841
2006-11-19,14.729841
2006-11-20,14.733728
2006-11-21,14.745053
2006-11-22,14.743658
2006-11-23,14.743658
2006-11-24,14.743658
2006-11-25,14.743658
2006-11-26,14.743658
2006-11-27,14.744308
2006-11-28,14.740986
2006-11-29,14.732948
2006-11-30,14.728175
2006-12-01,14.731864
2006-12-02,14.731344
2006-12-03,14.731344
2006-12-04,14.737088
2006-12-05,14.741277
2006-12-06,14.740944
2006-12-07,14.745988
2006-12-08,14.741902
2006-12-09,14.741902
2006-12-10,14.741902
2006-12-11,14.741924
2006-12-12,14.745108
2006-12-13,14.744353
2006-12-14,14.74333
2006-12-15,14.743452
2006-12-16,14.743395
2006-12-17,14.743395
2006-12-18,14.749357
2006-12-19,14.751745
2006-12-20,14.773647
2006-12-21,14.817061
2006-12-22,14.816566
2006-12-23,14.816566
2006-12-24,14.816566
2006-12-25,14.816566
2006-12-26,14.816566
2006-12-27,14.81678
2006-12-28,14.816776
2006-12-29,14.816718
2006-12-30,14.816718
2006-12-31,14.816718
2007-01-01,14.8144045
2007-01-02,14.8144045
2007-01-03,14.815179
2007-01-04,14.831275
2007-01-05,14.832449
2007-01-06,14.832532
2007-01-07,14.832532
2007-01-08,14.864213
2007-01-09,14.885147
2007-01-10,14.884586
2007-01-11,14.88812
2007-01-12,14.888122
2007-01-13,14.888122
2007-01-14,14.888122
2007-01-15,14.888145
2007-01-16,14.872733
2007-01-17,14.851313
2007-01-18,14.756074
2007-01-19,14.769705
2007-01-20,14.769688
2007-01-21,14.769688
2007-01-22,14.8461075
2007-01-23,14.8681755
2007-01-24,14.921202
2007-01-25,15.154549
2007-01-26,15.161121
2007-01-27,15.161121
2007-01-28,15.160664
2007-01-29,15.235692
2007-01-30,15.379336
2007-01-31,15.477864
2007-02-01,15.524318
2007-02-02,15.489284
2007-02-03,15.489284
2007-02-04,15.489284
2007-02-05,15.522944
2007-02-06,15.548742
2007-02-07,15.53049
2007-02-08,15.53765
2007-02-09,15.543571
2007-02-10,15.538429
2007-02-11,15.539484
2007-02-12,15.547971
2007-02-13,15.550143
2007-02-14,15.618106
2007-02-15,15.721775
2007-02-16,15.7423
2007-02-17,15.742547
2007-02-18,15.742547
2007-02-19,15.747545
2007-02-20,15.691151
2007-02-21,15.101315
2007-02-22,15.17598
2007-02-23,15.193513
2007-02-24,15.193513
2007-02-25,15.193513
2007-02-26,15.188952
2007-02-27,15.155926
2007-02-28,15.160336
2007-03-01,15.009536
2007-03-02,15.011483
2007-03-03,15.011469
2007-03-04,15.011469
2007-03-05,15.020509
2007-03-06,15.02217
2007-03-07,15.197591
2007-03-08,15.21793
2007-03-09,15.210644
2007-03-10,15.210644
2007-03-11,15.210644
2007-03-12,15.213673
2007-03-13,15.195952
2007-03-14,15.174817
2007-03-15,15.171393
2007-03-16,15.172274
2007-03-17,15.172315
2007-03-18,15.172315
2007-03-19,15.172196
2007-03-20,15.156267
2007-03-21,15.187512
2007-03-22,15.198622
2007-03-23,15.198987
2007-03-24,15.198987
2007-03-25,15.198987
2007-03-26,15.186401
2007-03-27,15.192253
2007-03-28,15.184775
2007-03-29,15.182354
2007-03-30,15.183235
2007-03-31,15.183235
2007-04-01,15.183235
2007-04-02,15.179031
2007-04-03,15.182725
2007-04-04,15.11881
2007-04-05,15.123066
2007-04-06,15.123067
2007-04-07,15.123067
2007-04-08,15.123067
2007-04-09,15.151045
2007-04-10,15.131596
2007-04-11,15.1191025
2007-04-12,15.123103
2007-04-13,15.160373
2007-04-14,15.160373
2007-04-15,15.1603775
2007-04-16,15.165631
2007-04-17,15.199076
2007-04-18,15.21468
2007-04-19,15.299423
2007-04-20,15.193555
2007-04-21,15.193181
2007-04-22,15.193181
2007-04-23,15.159555
2007-04-24,15.100563
2007-04-25,15.21152
2007-04-26,15.181732
2007-04-27,15.150025
2007-04-28,15.147273
2007-04-29,15.147273
2007-04-30,15.155158
2007-05-01,15.211115
2007-05-02,15.278558
2007-05-03,15.449567
2007-05-04,15.537388
2007-05-05,15.537388
2007-05-06,15.537388
2007-05-07,15.592153
2007-05-08,15.675683
2007-05-09,15.66855
2007-05-10,15.638047
2007-05-11,15.808531
2007-05-12,15.773948
2007-05-13,15.773948
2007-05-14,15.792874
2007-05-15,15.846227
2007-05-16,15.843885
2007-05-17,15.866053
2007-05-18,15.866684
2007-05-19,15.866684
2007-05-20,15.866684
2007-05-21,15.864827
2007-05-22,15.870311
2007-05-23,15.966224
2007-05-24,15.973584
2007-05-25,15.9727125
2007-05-26,15.9727125
2007-05-27,15.9727125
2007-05-28,15.968084
2007-05-29,15.965076
2007-05-30,15.975271
2007-05-31,16.017855
2007-06-01,16.01784
2007-06-02,16.01784
2007-06-03,16.01784
2007-06-04,16.01509
2007-06-05,16.022371
2007-06-06,16.019306
2007-06-07,16.016895
2007-06-08,16.023888
2007-06-09,16.023542
2007-06-10,16.023542
2007-06-11,16.025618
2007-06-12,16.029108
2007-06-13,16.01915
2007-06-14,16.022
2007-06-15,16.021547
2007-06-16,16.021547
2007-06-17,16.021547
2007-06-18,16.021502
2007-06-19,16.050652
2007-06-20,16.033415
2007-06-21,16.000818
2007-06-22,16.000822
2007-06-23,16.000822
2007-06-24,16.000822
2007-06-25,16.055195
2007-06-26,16.035069
2007-06-27,16.04221
2007-06-28,16.04584
2007-06-29,16.041586
2007-06-30,16.04256
2007-07-01,16.04256
2007-07-02,16.03937
2007-07-03,16.038202
2007-07-04,16.038202
2007-07-05,16.03834
2007-07-06,16.034908
2007-07-07,16.036089
2007-07-08,16.036089
2007-07-09,16.042385
2007-07-10,16.043077
2007-07-11,16.037031
2007-07-12,16.05781
2007-07-13,16.043423
2007-07-14,16.043423
2007-07-15,16.043375
2007-07-16,16.039186
2007-07-17,16.030155
2007-07-18,15.921652
2007-07-19,16.009829
2007-07-20,16.020775
2007-07-21,16.020775
2007-07-22,16.020775
2007-07-23,16.046587
2007-07-24,15.866901
2007-07-25,15.987827
2007-07-26,15.921264
2007-07-27,15.893091
2007-07-28,15.892133
2007-07-29,15.892133
2007-07-30,15.834225
2007-07-31,15.745636
2007-08-01,16.202686
2007-08-02,16.181736
2007-08-03,16.175373
2007-08-04,16.171421
2007-08-05,16.171421
2007-08-06,16.173786
2007-08-07,16.171093
2007-08-08,16.122536
2007-08-09,16.15225
2007-08-10,16.154152
2007-08-11,16.154152
2007-08-12,16.154387
2007-08-13,16.132515
2007-08-14,16.064585
2007-08-15,16.07086
2007-08-16,16.07023
2007-08-17,16.07437
2007-08-18,16.07437
2007-08-19,16.07437
2007-08-20,16.053438
2007-08-21,16.053543
2007-08-22,16.004755
2007-08-23,16.012447
2007-08-24,16.00961
2007-08-25,16.009617
2007-08-26,16.009617
2007-08-27,16.010353
2007-08-28,16.010235
2007-08-29,16.008465
2007-08-30,16.011549
2007-08-31,16.009287
2007-09-01,16.009453
2007-09-02,16.009453
2007-09-03,16.009453
2007-09-04,16.008146
2007-09-05,16.007904
2007-09-06,15.910689
2007-09-07,15.911092
2007-09-08,15.911075
2007-09-09,15.911075
2007-09-10,15.911745
2007-09-11,15.911503
2007-09-12,15.911875
2007-09-13,15.906192
2007-09-14,15.906204
2007-09-15,15.90627
2007-09-16,15.906542
2007-09-17,15.902112
2007-09-18,15.888668
2007-09-19,15.880983
2007-09-20,15.873641
2007-09-21,15.872818
2007-09-22,15.872766
2007-09-23,15.872766
2007-09-24,15.8734865
2007-09-25,15.871522
2007-09-26,15.8664
2007-09-27,15.866845
2007-09-28,15.867064
2007-09-29,15.866844
2007-09-30,15.866844
2007-10-01,15.875906
2007-10-02,15.870732
2007-10-03,15.866765
2007-10-04,15.871396
2007-10-05,15.88472
2007-10-06,15.88472
2007-10-07,15.88472
2007-10-08,15.88158
2007-10-09,15.887253
2007-10-10,15.877965
2007-10-11,15.878674
2007-10-12,15.931422
2007-10-13,15.9303
2007-10-14,15.9303
2007-10-15,15.920267
2007-10-16,16.044634
2007-10-17,16.085283
2007-10-18,16.093678
2007-10-19,16.081535
2007-10-20,16.07578
2007-10-21,16.067392
2007-10-22,16.01988
2007-10-23,16.273315
2007-10-24,16.176624
2007-10-25,16.12909
2007-10-26,16.125301
2007-10-27,16.125301
2007-10-28,16.125301
2007-10-29,16.158426
2007-10-30,15.9813795
2007-10-31,15.962173
2007-11-01,15.978149
2007-11-02,15.9167385
2007-11-03,15.916685
2007-11-04,15.916685
2007-11-05,15.967092
2007-11-06,16.12233
2007-11-07,16.155901
2007-11-08,16.175705
2007-11-09,16.285204
2007-11-10,16.255497
2007-11-11,16.25571
2007-11-12,16.261671
2007-11-13,16.271805
2007-11-14,16.231894
2007-11-15,16.22794
2007-11-16,16.227211
2007-11-17,16.225376
2007-11-18,16.225376
2007-11-19,16.21747
2007-11-20,16.236311
2007-11-21,16.243856
2007-11-22,16.243856
2007-11-23,16.243847
2007-11-24,16.243853
2007-11-25,16.243853
2007-11-26,16.245794
2007-11-27,16.24274
2007-11-28,16.247051
2007-11-29,16.25734
2007-11-30,16.256475
2007-12-01,16.256708
2007-12-02,16.256708
2007-12-03,16.254839
2007-12-04,16.25493
2007-12-05,16.252407
2007-12-06,16.261011
2007-12-07,16.260527
2007-12-08,16.260527
2007-12-09,16.260527
2007-12-10,16.257917
2007-12-11,16.26594
2007-12-12,16.265577
2007-12-13,16.276472
2007-12-14,16.276352
2007-12-15,16.276352
2007-12-16,16.276352
2007-12-17,16.27649
2007-12-18,16.284399
2007-12-19,16.268755
2007-12-20,16.338223
2007-12-21,16.3239
2007-12-22,16.323906
2007-12-23,16.323906
2007-12-24,16.323906
2007-12-25,16.323906
2007-12-26,16.32407
2007-12-27,16.323555
2007-12-28,16.322508
2007-12-29,16.322508
2007-12-30,16.322508
2007-12-31,16.323893
2008-01-01,16.323893
2008-01-02,16.323805
2008-01-03,16.363743
2008-01-04,16.362772
2008-01-05,16.362772
2008-01-06,16.362772
2008-01-07,16.363707
2008-01-08,16.359562
2008-01-09,16.357399
2008-01-10,16.356853
2008-01-11,16.352852
2008-01-12,16.352852
2008-01-13,16.352852
2008-01-14,16.345818
2008-01-15,16.316727
2008-01-16,16.316225
2008-01-17,16.24111
2008-01-18,16.095364
2008-01-19,16.095364
2008-01-20,16.095364
2008-01-21,16.134321
2008-01-22,16.126461
2008-01-23,15.932904
2008-01-24,15.880095
2008-01-25,15.872221
2008-01-26,15.885786
2008-01-27,15.885786
2008-01-28,15.872586
2008-01-29,15.925346
2008-01-30,16.008171
2008-01-31,15.727251
2008-02-01,15.543413
2008-02-02,15.543413
2008-02-03,15.543413
2008-02-04,15.562259
2008-02-05,15.531211
2008-02-06,15.505796
2008-02-07,15.494445
2008-02-08,15.4705305
2008-02-09,15.468211
2008-02-10,15.468211
2008-02-11,15.47898
2008-02-12,15.56648
2008-02-13,15.613596
2008-02-14,15.586488
2008-02-15,15.572273
2008-02-16,15.572273
2008-02-17,15.572273
2008-02-18,15.570612
2008-02-19,15.520712
2008-02-20,15.560177
2008-02-21,15.471526
2008-02-22,15.468599
2008-02-23,15.468583
2008-02-24,15.468871
2008-02-25,15.483372
2008-02-26,15.420619
2008-02-27,15.3240385
2008-02-28,15.234263
2008-02-29,15.338853
2008-03-01,15.338378
2008-03-02,15.338378
2008-03-03,15.34172
2008-03-04,15.340441
2008-03-05,15.352164
2008-03-06,15.351324
2008-03-07,15.34198
2008-03-08,15.341998
2008-03-09,15.341998
2008-03-10,15.335444
2008-03-11,15.324649
2008-03-12,15.335915
2008-03-13,15.331827
2008-03-14,15.325902
2008-03-15,15.325902
2008-03-16,15.325902
2008-03-17,15.317375
2008-03-18,15.43332
2008-03-19,15.414954
2008-03-20,15.410503
2008-03-21,15.41013
2008-03-22,15.410138
2008-03-23,15.410138
2008-03-24,15.394858
2008-03-25,15.399589
2008-03-26,15.389626
2008-03-27,15.384406
2008-03-28,15.383998
2008-03-29,15.383944
2008-03-30,15.383944
2008-03-31,15.385371
2008-04-01,15.386613
2008-04-02,15.307529
2008-04-03,15.309644
2008-04-04,15.318183
2008-04-05,15.318183
2008-04-06,15.318183
2008-04-07,15.330678
2008-04-08,15.330013
2008-04-09,15.314705
2008-04-10,15.305911
2008-04-11,15.440234
2008-04-12,15.440234
2008-04-13,15.440234
2008-04-14,15.440899
2008-04-15,15.389034
2008-04-16,15.502607
2008-04-17,15.426474
2008-04-18,15.427538
2008-04-19,15.427538
2008-04-20,15.427538
2008-04-21,15.221087
2008-04-22,15.178478
2008-04-23,15.096909
2008-04-24,14.892365
2008-04-25,14.868216
2008-04-26,14.865598
2008-04-27,14.865598
2008-04-28,14.793588
2008-04-29,14.572719
2008-04-30,14.517883
2008-05-01,14.489506
2008-05-02,14.521747
2008-05-03,14.521263
2008-05-04,14.52079
2008-05-05,14.522739
2008-05-06,14.564835
2008-05-07,14.403402
2008-05-08,14.033342
2008-05-09,14.146115
2008-05-10,14.14598
2008-05-11,14.14598
2008-05-12,14.101957
2008-05-13,14.168666
2008-05-14,14.149737
2008-05-15,14.178288
2008-05-16,14.181831
2008-05-17,14.181792
2008-05-18,14.181792
2008-05-19,14.1816845
2008-05-20,14.1537695
2008-05-21,14.062069
2008-05-22,14.081445
2008-05-23,14.082526
2008-05-24,14.082526
2008-05-25,14.082526
2008-05-26,14.082526
2008-05-27,14.081001
2008-05-28,14.089073
2008-05-29,14.101462
2008-05-30,14.103671
2008-05-31,14.103671
2008-06-01,14.103671
2008-06-02,14.103339
2008-06-03,14.102959
2008-06-04,14.093051
2008-06-05,14.088909
2008-06-06,14.093858
2008-06-07,14.093858
2008-06-08,14.093858
2008-06-09,14.091761
2008-06-10,14.091976
2008-06-11,14.089981
2008-06-12,14.089071
2008-06-13,14.089014
2008-06-14,14.088812
2008-06-15,14.088812
2008-06-16,14.093325
2008-06-17,14.124151
2008-06-18,14.123124
2008-06-19,14.11661
2008-06-20,14.116452
2008-06-21,14.116452
2008-06-22,14.116452
2008-06-23,14.121818
2008-06-24,14.12115
2008-06-25,14.166056
2008-06-26,14.169618
2008-06-27,14.170355
2008-06-28,14.170355
2008-06-29,14.170355
2008-06-30,14.134979
2008-07-01,14.1343155
2008-07-02,14.134433
2008-07-03,14.134647
2008-07-04,14.134647
2008-07-05,14.134647
2008-07-06,14.134647
2008-07-07,14.13718
2008-07-08,14.115108
2008-07-09,14.113452
2008-07-10,14.106072
2008-07-11,13.963304
2008-07-12,13.963304
2008-07-13,13.963304
2008-07-14,13.95403
2008-07-15,13.967458
2008-07-16,13.93641
2008-07-17,13.837774
2008-07-18,13.871606
2008-07-19,13.870472
2008-07-20,13.870472
2008-07-21,13.972928
2008-07-22,13.952688
2008-07-23,13.792501
2008-07-24,13.676872
2008-07-25,13.6792
2008-07-26,13.6792
2008-07-27,13.6792
2008-07-28,13.666672
2008-07-29,13.551975
2008-07-30,13.330472
2008-07-31,13.290422
2008-08-01,13.287777
2008-08-02,13.284451
2008-08-03,13.284451
2008-08-04,13.305941
2008-08-05,13.260031
2008-08-06,13.279879
2008-08-07,13.254439
2008-08-08,13.156496
2008-08-09,13.15577
2008-08-10,13.15577
2008-08-11,13.379226
2008-08-12,13.389302
2008-08-13,13.42168
2008-08-14,13.410537
2008-08-15,13.4054
2008-08-16,13.4054
2008-08-17,13.404531
2008-08-18,13.345467
2008-08-19,13.294357
2008-08-20,13.292546
2008-08-21,13.284233
2008-08-22,13.279315
2008-08-23,13.279315
2008-08-24,13.279315
2008-08-25,13.27946
2008-08-26,13.278701
2008-08-27,13.276069
2008-08-28,13.313018
2008-08-29,13.314196
2008-08-30,13.314196
2008-08-31,13.32047
2008-09-01,13.32047
2008-09-02,13.319826
2008-09-03,13.310797
2008-09-04,13.292145
2008-09-05,13.292077
2008-09-06,13.292077
2008-09-07,13.292063
2008-09-08,13.290933
2008-09-09,13.290859
2008-09-10,13.290408
2008-09-11,13.288567
2008-09-12,13.288562
2008-09-13,13.288562
2008-09-14,13.288562
2008-09-15,13.287494
2008-09-16,13.291294
2008-09-17,13.289072
2008-09-18,13.28122
2008-09-19,13.277581
2008-09-20,13.277581
2008-09-21,13.277581
2008-09-22,13.267853
2008-09-23,13.26817
2008-09-24,13.26063
2008-09-25,13.254909
2008-09-26,13.2553215
2008-09-27,13.2553215
2008-09-28,13.2553215
2008-09-29,13.262546
2008-09-30,13.263377
2008-10-01,13.241697
2008-10-02,13.243796
2008-10-03,13.244646
2008-10-04,13.244646
2008-10-05,13.244646
2008-10-06,13.244658
2008-10-07,13.243635
2008-10-08,13.236165
2008-10-09,13.227588
2008-10-10,13.251841
2008-10-11,13.251841
2008-10-12,13.251841
2008-10-13,13.252461
2008-10-14,13.254446
2008-10-15,13.252182
2008-10-16,13.167717
2008-10-17,13.120834
2008-10-18,13.122092
2008-10-19,13.122092
2008-10-20,13.067202
2008-10-21,13.03292
2008-10-22,12.962139
2008-10-23,12.728909
2008-10-24,12.697878
2008-10-25,12.694911
2008-10-26,12.694911
2008-10-27,12.65103
2008-10-28,12.545962
2008-10-29,12.611555
2008-10-30,12.134357
2008-10-31,11.998381
2008-11-01,11.998274
2008-11-02,11.998475
2008-11-03,11.816124
2008-11-04,11.706336
2008-11-05,11.530634
2008-11-06,11.406409
2008-11-07,11.342157
2008-11-08,11.341296
2008-11-09,11.341296
2008-11-10,11.314408
2008-11-11,11.303691
2008-11-12,11.173793
2008-11-13,11.174884
2008-11-14,11.157284
2008-11-15,11.157036
2008-11-16,11.157036
2008-11-17,11.180279
2008-11-18,11.190014
2008-11-19,11.190981
2008-11-20,11.151909
2008-11-21,11.148071
2008-11-22,11.148071
2008-11-23,11.148071
2008-11-24,11.1228695
2008-11-25,11.119508
2008-11-26,11.116395
2008-11-27,11.116395
2008-11-28,11.1153
2008-11-29,11.1153
2008-11-30,11.115306
2008-12-01,11.1146965
2008-12-02,11.109163
2008-12-03,11.111705
2008-12-04,11.107771
2008-12-05,11.104345
2008-12-06,11.104345
2008-12-07,11.104345
2008-12-08,11.106591
2008-12-09,11.105612
2008-12-10,11.1024065
2008-12-11,11.101033
2008-12-12,11.100905
2008-12-13,11.100905
2008-12-14,11.100905
2008-12-15,11.099955
2008-12-16,11.085815
2008-12-17,11.07024
2008-12-18,11.006327
2008-12-19,11.005735
2008-12-20,11.005735
2008-12-21,11.005735
2008-12-22,10.994801
2008-12-23,10.994746
2008-12-24,10.994756
2008-12-25,10.994756
2008-12-26,10.994756
2008-12-27,10.994756
2008-12-28,10.994756
2008-12-29,10.994126
2008-12-30,10.993865
2008-12-31,10.993865
2009-01-01,10.993838
2009-01-02,10.993836
2009-01-03,10.993836
2009-01-04,10.993836
2009-01-05,10.974552
2009-01-06,10.973431
2009-01-07,10.9562
2009-01-08,10.954635
2009-01-09,10.95404
2009-01-10,10.95404
2009-01-11,10.95404
2009-01-12,10.9540415
2009-01-13,10.948526
2009-01-14,10.945255
2009-01-15,10.976156
2009-01-16,10.938121
2009-01-17,10.938121
2009-01-18,10.938121
2009-01-19,10.938921
2009-01-20,10.836985
2009-01-21,10.747971
2009-01-22,10.68002
2009-01-23,10.61844
2009-01-24,10.618334
2009-01-25,10.618334
2009-01-26,10.67923
2009-01-27,10.736042
2009-01-28,10.789973
2009-01-29,10.834063
2009-01-30,11.181083
2009-01-31,11.181083
2009-02-01,11.181083
2009-02-02,11.2255335
2009-02-03,11.213844
2009-02-04,11.262965
2009-02-05,11.217903
2009-02-06,11.234245
2009-02-07,11.234245
2009-02-08,11.234245
2009-02-09,11.21905
2009-02-10,11.194463
2009-02-11,11.192573
2009-02-12,11.348892
2009-02-13,11.3689995
2009-02-14,11.368917
2009-02-15,11.368917
2009-02-16,11.368726
2009-02-17,11.287254
2009-02-18,11.30948
2009-02-19,11.295428
2009-02-20,11.311902
2009-02-21,11.312591
2009-02-22,11.312591
2009-02-23,11.302228
2009-02-24,11.252975
2009-02-25,11.268019
2009-02-26,11.252723
2009-02-27,11.289704
2009-02-28,11.288911
2009-03-01,11.288911
2009-03-02,11.278155
2009-03-03,11.273649
2009-03-04,11.261077
2009-03-05,11.257762
2009-03-06,11.285816
2009-03-07,11.285816
2009-03-08,11.285833
2009-03-09,11.284493
2009-03-10,11.28567
2009-03-11,11.281981
2009-03-12,11.277712
2009-03-13,11.280169
2009-03-14,11.279855
2009-03-15,11.279855
2009-03-16,11.277608
2009-03-17,11.274501
2009-03-18,11.271593
2009-03-19,11.274319
2009-03-20,11.273762
2009-03-21,11.273762
2009-03-22,11.273762
2009-03-23,11.262841
2009-03-24,11.267154
2009-03-25,11.265501
2009-03-26,11.23643
2009-03-27,11.234787
2009-03-28,11.234787
2009-03-29,11.234787
2009-03-30,11.320146
2009-03-31,11.321495
2009-04-01,11.323243
2009-04-02,11.295519
2009-04-03,11.294669
2009-04-04,11.294669
2009-04-05,11.294669
2009-04-06,11.294802
2009-04-07,11.330281
2009-04-08,11.328213
2009-04-09,11.328323
2009-04-10,11.328323
2009-04-11,11.328323
2009-04-12,11.328323
2009-04-13,11.334978
2009-04-14,11.268802
2009-04-15,11.270459
2009-04-16,11.239911
2009-04-17,11.222129
2009-04-18,11.222129
2009-04-19,11.2216215
2009-04-20,11.309286
2009-04-21,11.292097
2009-04-22,11.282303
2009-04-23,11.446046
2009-04-24,11.437318
2009-04-25,11.431746
2009-04-26,11.43387
2009-04-27,11.424527
2009-04-28,11.619862
2009-04-29,11.591899
2009-04-30,11.734151
2009-05-01,11.8705015
2009-05-02,11.8705015
2009-05-03,11.8705015
2009-05-04,11.8704605
2009-05-05,11.867074
2009-05-06,11.78093
2009-05-07,11.8986435
2009-05-08,11.893523
2009-05-09,11.892702
2009-05-10,11.892702
2009-05-11,11.88469
2009-05-12,11.878655
2009-05-13,11.871629
2009-05-14,11.946966
2009-05-15,11.960294
2009-05-16,11.960294
2009-05-17,11.960294
2009-05-18,11.947834
2009-05-19,12.01435
2009-05-20,11.991951
2009-05-21,12.027228
2009-05-22,12.027286
2009-05-23,12.027286
2009-05-24,12.027286
2009-05-25,12.027905
2009-05-26,12.027892
2009-05-27,12.047115
2009-05-28,12.061182
2009-05-29,12.067055
2009-05-30,12.067055
2009-05-31,12.067055
2009-06-01,12.066228
2009-06-02,12.065189
2009-06-03,12.068055
2009-06-04,12.074053
2009-06-05,12.076827
2009-06-06,12.076827
2009-06-07,12.076827
2009-06-08,12.07942
2009-06-09,12.092902
2009-06-10,12.097203
2009-06-11,12.098775
2009-06-12,12.098925
2009-06-13,12.098925
2009-06-14,12.098925
2009-06-15,12.099501
2009-06-16,12.135182
2009-06-17,12.135385
2009-06-18,12.155156
2009-06-19,12.156084
2009-06-20,12.156084
2009-06-21,12.156084
2009-06-22,12.169476
2009-06-23,12.156306
2009-06-24,12.194291
2009-06-25,12.195301
2009-06-26,12.195491
2009-06-27,12.195491
2009-06-28,12.195491
2009-06-29,12.151354
2009-06-30,12.151886
2009-07-01,12.151397
2009-07-02,12.151615
2009-07-03,12.151615
2009-07-04,12.151615
2009-07-05,12.151567
2009-07-06,12.150329
2009-07-07,12.15076
2009-07-08,12.145115
2009-07-09,12.146944
2009-07-10,12.153748
2009-07-11,12.153748
2009-07-12,12.153748
2009-07-13,12.156695
2009-07-14,12.185416
2009-07-15,12.198349
2009-07-16,12.194524
2009-07-17,12.2199545
2009-07-18,12.2199545
2009-07-19,12.2199545
2009-07-20,12.2115135
2009-07-21,12.228342
2009-07-22,12.239186
2009-07-23,12.2188225
2009-07-24,12.261939
2009-07-25,12.262243
2009-07-26,12.26122
2009-07-27,12.24012
2009-07-28,12.290076
2009-07-29,12.342986
2009-07-30,12.348723
2009-07-31,12.25979
2009-08-01,12.381047
2009-08-02,12.381047
2009-08-03,12.530927
2009-08-04,12.601937
2009-08-05,12.781231
2009-08-06,12.717882
2009-08-07,12.604973
2009-08-08,12.604557
2009-08-09,12.604557
2009-08-10,12.640442
2009-08-11,12.624364
2009-08-12,12.926629
2009-08-13,12.8962
2009-08-14,12.899305
2009-08-15,12.899342
2009-08-16,12.899342
2009-08-17,12.884116
2009-08-18,12.873408
2009-08-19,12.8775625
2009-08-20,12.968113
2009-08-21,12.969355
2009-08-22,12.969355
2009-08-23,12.969355
2009-08-24,12.970391
2009-08-25,12.945892
2009-08-26,12.948269
2009-08-27,12.950395
2009-08-28,12.948773
2009-08-29,12.948773
2009-08-30,12.948773
2009-08-31,12.950772
2009-09-01,12.960504
2009-09-02,12.958413
2009-09-03,12.956936
2009-09-04,12.956102
2009-09-05,12.956102
2009-09-06,12.956102
2009-09-07,12.956102
2009-09-08,12.955285
2009-09-09,12.928033
2009-09-10,12.928518
2009-09-11,12.9369
2009-09-12,12.9369
2009-09-13,12.9369
2009-09-14,12.935256
2009-09-15,12.946986
2009-09-16,13.005244
2009-09-17,13.008599
2009-09-18,13.008599
2009-09-19,13.008599
2009-09-20,13.008599
2009-09-21,13.008614
2009-09-22,12.962191
2009-09-23,12.954976
2009-09-24,12.962158
2009-09-25,12.962137
2009-09-26,12.962137
2009-09-27,12.962137
2009-09-28,12.96222
2009-09-29,12.961886
2009-09-30,12.962106
2009-10-01,12.970519
2009-10-02,12.970445
2009-10-03,12.970445
2009-10-04,12.970445
2009-10-05,12.968593
2009-10-06,12.965391
2009-10-07,12.965935
2009-10-08,12.971113
2009-10-09,12.978364
2009-10-10,12.985491
2009-10-11,12.985491
2009-10-12,12.986141
2009-10-13,12.951194
2009-10-14,12.942874
2009-10-15,12.997562
2009-10-16,13.074343
2009-10-17,13.074343
2009-10-18,13.074343
2009-10-19,13.070669
2009-10-20,13.118304
2009-10-21,13.210973
2009-10-22,13.150214
2009-10-23,13.104856
2009-10-24,13.104856
2009-10-25,13.104856
2009-10-26,13.112629
2009-10-27,13.124728
2009-10-28,13.23779
2009-10-29,13.137182
2009-10-30,13.003777
2009-10-31,13.003904
2009-11-01,13.003341
2009-11-02,13.133202
2009-11-03,13.1296835
2009-11-04,13.3020115
2009-11-05,13.3723135
2009-11-06,13.412019
2009-11-07,13.410098
2009-11-08,13.410098
2009-11-09,13.414582
2009-11-10,13.41495
2009-11-11,13.420615
2009-11-12,13.478231
2009-11-13,13.495268
2009-11-14,13.495275
2009-11-15,13.495507
2009-11-16,13.5151
2009-11-17,13.566245
2009-11-18,13.567481
2009-11-19,13.579453
2009-11-20,13.578135
2009-11-21,13.578135
2009-11-22,13.578135
2009-11-23,13.535535
2009-11-24,13.50646
2009-11-25,13.509764
2009-11-26,13.510316
2009-11-27,13.550181
2009-11-28,13.550181
2009-11-29,13.550181
2009-11-30,13.550721
2009-12-01,13.539803
2009-12-02,13.53866
2009-12-03,13.529298
2009-12-04,13.529624
2009-12-05,13.529624
2009-12-06,13.529624
2009-12-07,13.531348
2009-12-08,13.5487385
2009-12-09,13.553397
2009-12-10,13.562484
2009-12-11,13.562566
2009-12-12,13.562566
2009-12-13,13.562566
2009-12-14,13.562661
2009-12-15,13.562663
2009-12-16,13.564654
2009-12-17,13.525107
2009-12-18,13.582026
2009-12-19,13.582026
2009-12-20,13.582026
2009-12-21,13.575366
2009-12-22,13.564809
2009-12-23,13.565558
2009-12-24,13.565579
2009-12-25,13.565579
2009-12-26,13.565579
2009-12-27,13.565579
2009-12-28,13.565323
2009-12-29,13.565323
2009-12-30,13.565323
2009-12-31,13.565357
2010-01-01,13.565357
2010-01-02,13.565357
2010-01-03,13.565357
2010-01-04,13.565252
2010-01-05,13.567607
2010-01-06,13.566718
2010-01-07,13.557556
2010-01-08,13.558628
2010-01-09,13.558628
2010-01-10,13.559165
2010-01-11,13.558022
2010-01-12,13.551764
2010-01-13,13.552657
2010-01-14,13.533314
2010-01-15,13.531556
2010-01-16,13.531556
2010-01-17,13.531556
2010-01-18,13.539982
2010-01-19,13.465911
2010-01-20,13.368109
2010-01-21,13.339744
2010-01-22,13.31577
2010-01-23,13.31577
2010-01-24,13.31577
2010-01-25,13.325396
2010-01-26,13.401254
2010-01-27,13.450191
2010-01-28,13.451479
2010-01-29,13.5188465
2010-01-30,13.518841
2010-01-31,13.518841
2010-02-01,13.442027
2010-02-02,13.575408
2010-02-03,13.697494
2010-02-04,14.017726
2010-02-05,14.032188
2010-02-06,14.032188
2010-02-07,14.032188
2010-02-08,14.033453
2010-02-09,14.09455
2010-02-10,14.000547
2010-02-11,13.977827
2010-02-12,13.9823675
2010-02-13,13.980594
2010-02-14,13.980594
2010-02-15,14.001529
2010-02-16,13.877346
2010-02-17,13.87686
2010-02-18,13.869479
2010-02-19,13.882299
2010-02-20,13.882299
2010-02-21,13.883311
2010-02-22,13.663925
2010-02-23,13.651012
2010-02-24,13.627254
2010-02-25,13.635322
2010-02-26,13.60517
2010-02-27,13.612518
2010-02-28,13.62554
2010-03-01,13.615898
2010-03-02,13.613274
2010-03-03,13.588767
2010-03-04,13.604085
2010-03-05,13.606964
2010-03-06,13.607365
2010-03-07,13.607365
2010-03-08,13.653406
2010-03-09,13.655399
2010-03-10,13.65037
2010-03-11,13.648572
2010-03-12,13.650368
2010-03-13,13.650368
2010-03-14,13.650368
2010-03-15,13.655342
2010-03-16,13.652858
2010-03-17,13.649726
2010-03-18,13.643827
2010-03-19,13.632077
2010-03-20,13.632091
2010-03-21,13.632091
2010-03-22,13.625469
2010-03-23,13.616922
2010-03-24,13.63166
2010-03-25,13.5595255
2010-03-26,13.557522
2010-03-27,13.557522
2010-03-28,13.557522
2010-03-29,13.565712
2010-03-30,13.569129
2010-03-31,13.55867
2010-04-01,13.562715
2010-04-02,13.562722
2010-04-03,13.562722
2010-04-04,13.562722
2010-04-05,13.562055
2010-04-06,13.561764
2010-04-07,13.5359535
2010-04-08,13.536567
2010-04-09,13.534801
2010-04-10,13.534801
2010-04-11,13.534801
2010-04-12,13.534837
2010-04-13,13.537368
2010-04-14,13.541679
2010-04-15,13.588017
2010-04-16,13.683864
2010-04-17,13.683864
2010-04-18,13.683864
2010-04-19,13.801685
2010-04-20,13.6954
2010-04-21,13.843367
2010-04-22,14.107702
2010-04-23,14.126508
2010-04-24,14.126265
2010-04-25,14.126265
2010-04-26,14.128651
2010-04-27,13.999445
2010-04-28,13.728662
2010-04-29,13.818547
2010-04-30,14.002097
2010-05-01,13.999346
2010-05-02,13.999346
2010-05-03,13.994532
2010-05-04,14.231127
2010-05-05,14.213969
2010-05-06,14.327347
2010-05-07,14.295243
2010-05-08,14.29533
2010-05-09,14.29533
2010-05-10,14.305929
2010-05-11,14.3178835
2010-05-12,14.361548
2010-05-13,13.976269
2010-05-14,13.987223
2010-05-15,13.98726
2010-05-16,13.987276
2010-05-17,13.985815
2010-05-18,14.095516
2010-05-19,14.118725
2010-05-20,14.166174
2010-05-21,14.165804
2010-05-22,14.165804
2010-05-23,14.165804
2010-05-24,14.1718235
2010-05-25,14.161417
2010-05-26,14.161817
2010-05-27,14.184405
2010-05-28,14.218213
2010-05-29,14.218213
2010-05-30,14.218213
2010-05-31,14.218213
2010-06-01,14.217857
2010-06-02,14.216644
2010-06-03,14.214718
2010-06-04,14.217283
2010-06-05,14.217283
2010-06-06,14.217283
2010-06-07,14.21722
2010-06-08,14.232162
2010-06-09,14.229238
2010-06-10,14.219724
2010-06-11,14.22028
2010-06-12,14.22028
2010-06-13,14.22028
2010-06-14,14.221821
2010-06-15,14.260312
2010-06-16,14.245004
2010-06-17,14.240968
2010-06-18,14.240968
2010-06-19,14.242027
2010-06-20,14.242027
2010-06-21,14.241731
2010-06-22,14.24222
2010-06-23,14.249289
2010-06-24,14.122016
2010-06-25,14.122378
2010-06-26,14.122378
2010-06-27,14.122378
2010-06-28,14.090418
2010-06-29,14.09644
2010-06-30,14.103975
2010-07-01,14.10248
2010-07-02,14.10248
2010-07-03,14.10248
2010-07-04,14.10248
2010-07-05,14.10248
2010-07-06,14.102477
2010-07-07,14.104021
2010-07-08,14.104941
2010-07-09,14.104853
2010-07-10,14.104833
2010-07-11,14.104833
2010-07-12,14.089601
2010-07-13,14.047164
2010-07-14,14.0652895
2010-07-15,14.027107
2010-07-16,13.924649
2010-07-17,13.924649
2010-07-18,13.924649
2010-07-19,13.831647
2010-07-20,13.789465
2010-07-21,13.58057
2010-07-22,13.086282
2010-07-23,12.972386
2010-07-24,12.972386
2010-07-25,12.972386
2010-07-26,12.941382
2010-07-27,12.870703
2010-07-28,12.480614
2010-07-29,12.279792
2010-07-30,12.219314
2010-07-31,12.219314
2010-08-01,12.219314
2010-08-02,12.196733
2010-08-03,12.08563
2010-08-04,11.999083
2010-08-05,11.786842
2010-08-06,11.849946
2010-08-07,11.854591
2010-08-08,11.854591
2010-08-09,11.863233
2010-08-10,11.826219
2010-08-11,11.812243
2010-08-12,11.801111
2010-08-13,11.802131
2010-08-14,11.802131
2010-08-15,11.802131
2010-08-16,11.734938
2010-08-17,11.678196
2010-08-18,11.672481
2010-08-19,11.653766
2010-08-20,11.654669
2010-08-21,11.654669
2010-08-22,11.654669
2010-08-23,11.651841
2010-08-24,11.648307
2010-08-25,11.551148
2010-08-26,11.549233
2010-08-27,11.547538
2010-08-28,11.547538
2010-08-29,11.547538
2010-08-30,11.548124
2010-08-31,11.541949
2010-09-01,11.539398
2010-09-02,11.543294
2010-09-03,11.544329
2010-09-04,11.544329
2010-09-05,11.544329
2010-09-06,11.544329
2010-09-07,11.542876
2010-09-08,11.537185
2010-09-09,11.52862
2010-09-10,11.529433
2010-09-11,11.529433
2010-09-12,11.529433
2010-09-13,11.528305
2010-09-14,11.523161
2010-09-15,11.522573
2010-09-16,11.549016
2010-09-17,11.548749
2010-09-18,11.548749
2010-09-19,11.548749
2010-09-20,11.548441
2010-09-21,11.489523
2010-09-22,11.475616
2010-09-23,11.472577
2010-09-24,11.47262
2010-09-25,11.47262
2010-09-26,11.47262
2010-09-27,11.470763
2010-09-28,11.463159
2010-09-29,11.465958
2010-09-30,11.464538
2010-10-01,11.464538
2010-10-02,11.464538
2010-10-03,11.464538
2010-10-04,11.471195
2010-10-05,11.469159
2010-10-06,11.463393
2010-10-07,11.485451
2010-10-08,11.485233
2010-10-09,11.485233
2010-10-10,11.485233
2010-10-11,11.484837
2010-10-12,11.483391
2010-10-13,11.487953
2010-10-14,11.500427
2010-10-15,11.518791
2010-10-16,11.518791
2010-10-17,11.518791
2010-10-18,11.50736
2010-10-19,11.48604
2010-10-20,11.598022
2010-10-21,11.371222
2010-10-22,11.347737
2010-10-23,11.347737
2010-10-24,11.347737
2010-10-25,11.349597
2010-10-26,11.494686
2010-10-27,11.535753
2010-10-28,11.643684
2010-10-29,11.742988
2010-10-30,11.742909
2010-10-31,11.742687
2010-11-01,11.7403555
2010-11-02,11.971093
2010-11-03,12.095512
2010-11-04,12.163042
2010-11-05,12.142216
2010-11-06,12.149394
2010-11-07,12.149394
2010-11-08,12.162888
2010-11-09,12.173022
2010-11-10,12.175508
2010-11-11,12.207756
2010-11-12,12.209409
2010-11-13,12.209417
2010-11-14,12.209417
2010-11-15,12.228218
2010-11-16,12.262607
2010-11-17,12.260673
2010-11-18,12.238097
2010-11-19,12.239581
2010-11-20,12.240737
2010-11-21,12.240737
2010-11-22,12.200145
2010-11-23,12.2135725
2010-11-24,12.281627
2010-11-25,12.281627
2010-11-26,12.282192
2010-11-27,12.282192
2010-11-28,12.282192
2010-11-29,12.283749
2010-11-30,12.2815695
2010-12-01,12.2791815
2010-12-02,12.252891
2010-12-03,12.265425
2010-12-04,12.265425
2010-12-05,12.265425
2010-12-06,12.26846
2010-12-07,12.278623
2010-12-08,12.286213
2010-12-09,12.282501
2010-12-10,12.282541
2010-12-11,12.282541
2010-12-12,12.282541
2010-12-13,12.283043
2010-12-14,12.278373
2010-12-15,12.279479
2010-12-16,12.2828455
2010-12-17,12.28267
2010-12-18,12.28267
2010-12-19,12.28267
2010-12-20,12.283427
2010-12-21,12.352155
2010-12-22,12.36646
2010-12-23,12.367736
2010-12-24,12.365408
2010-12-25,12.365408
2010-12-26,12.365408
2010-12-27,12.364967
2010-12-28,12.365008
2010-12-29,12.365056
2010-12-30,12.365083
2010-12-31,12.365083
2011-01-01,12.365083
2011-01-02,12.365083
2011-01-03,12.365147
2011-01-04,12.336509
2011-01-05,12.337579
2011-01-06,12.3611555
2011-01-07,12.364929
2011-01-08,12.364929
2011-01-09,12.364929
2011-01-10,12.350094
2011-01-11,12.351384
2011-01-12,12.351843
2011-01-13,12.353567
2011-01-14,12.353733
2011-01-15,12.353733
2011-01-16,12.353733
2011-01-17,12.353733
2011-01-18,12.268753
2011-01-19,12.269228
2011-01-20,12.2966
2011-01-21,12.339585
2011-01-22,12.339585
2011-01-23,12.342834
2011-01-24,12.375374
2011-01-25,12.415421
2011-01-26,13.08754
2011-01-27,13.161432
2011-01-28,13.234019
2011-01-29,13.233183
2011-01-30,13.232978
2011-01-31,13.244063
2011-02-01,12.996881
2011-02-02,13.022055
2011-02-03,12.918921
2011-02-04,12.93198
2011-02-05,12.93198
2011-02-06,12.93198
2011-02-07,12.954148
2011-02-08,12.960035
2011-02-09,12.935863
2011-02-10,12.940162
2011-02-11,12.948966
2011-02-12,12.94591
2011-02-13,12.94591
2011-02-14,12.957218
2011-02-15,12.963112
2011-02-16,12.889786
2011-02-17,12.902159
2011-02-18,12.92378
2011-02-19,12.92378
2011-02-20,12.92378
2011-02-21,12.924083
2011-02-22,12.885473
2011-02-23,12.909372
2011-02-24,12.877301
2011-02-25,12.902601
2011-02-26,12.836246
2011-02-27,12.836246
2011-02-28,12.7960205
2011-03-01,12.780877
2011-03-02,12.7951145
2011-03-03,12.809899
2011-03-04,12.809973
2011-03-05,12.810425
2011-03-06,12.810425
2011-03-07,12.817688
2011-03-08,12.803883
2011-03-09,12.799578
2011-03-10,12.801441
2011-03-11,12.801735
2011-03-12,12.802046
2011-03-13,12.802046
2011-03-14,12.800309
2011-03-15,12.746529
2011-03-16,12.744926
2011-03-17,12.740735
2011-03-18,12.741561
2011-03-19,12.741561
2011-03-20,12.741561
2011-03-21,12.739018
2011-03-22,12.745425
2011-03-23,12.76855
2011-03-24,12.755144
2011-03-25,12.753849
2011-03-26,12.753828
2011-03-27,12.753828
2011-03-28,12.765078
2011-03-29,12.772189
2011-03-30,12.791863
2011-03-31,12.791974
2011-04-01,12.791486
2011-04-02,12.791486
2011-04-03,12.791486
2011-04-04,12.791573
2011-04-05,12.627784
2011-04-06,12.58824
2011-04-07,12.5834055
2011-04-08,12.582677
2011-04-09,12.582677
2011-04-10,12.582677
2011-04-11,12.593948
2011-04-12,12.594743
2011-04-13,12.595498
2011-04-14,12.630833
2011-04-15,12.64158
2011-04-16,12.64158
2011-04-17,12.64154
2011-04-18,12.666089
2011-04-19,12.694564
2011-04-20,12.76262
2011-04-21,12.865386
2011-04-22,12.861627
2011-04-23,12.861627
2011-04-24,12.862248
2011-04-25,12.883875
2011-04-26,12.998219
2011-04-27,12.986828
2011-04-28,12.936896
2011-04-29,12.88303
2011-04-30,13.010348
2011-05-01,13.010199
2011-05-02,13.322267
2011-05-03,13.407215
2011-05-04,13.432614
2011-05-05,13.363557
2011-05-06,13.422597
2011-05-07,13.422597
2011-05-08,13.422597
2011-05-09,13.444465
2011-05-10,13.502744
2011-05-11,13.539664
2011-05-12,13.566197
2011-05-13,13.555699
2011-05-14,13.555746
2011-05-15,13.555746
2011-05-16,13.732884
2011-05-17,13.812692
2011-05-18,13.826223
2011-05-19,13.828217
2011-05-20,13.827587
2011-05-21,13.827587
2011-05-22,13.827587
2011-05-23,13.831179
2011-05-24,13.845194
2011-05-25,13.883865
2011-05-26,13.893822
2011-05-27,13.893584
2011-05-28,13.893584
2011-05-29,13.893584
2011-05-30,13.893584
2011-05-31,13.89365
2011-06-01,13.891772
2011-06-02,13.893992
2011-06-03,13.894726
2011-06-04,13.894726
2011-06-05,13.894726
2011-06-06,13.894344
2011-06-07,13.897436
2011-06-08,13.873876
2011-06-09,13.878578
2011-06-10,13.8794565
2011-06-11,13.8794565
2011-06-12,13.8794565
2011-06-13,13.879304
2011-06-14,13.904216
2011-06-15,13.90344
2011-06-16,13.905924
2011-06-17,13.905924
2011-06-18,13.905924
2011-06-19,13.905924
2011-06-20,13.905912
2011-06-21,13.903126
2011-06-22,13.891129
2011-06-23,13.84377
2011-06-24,13.843509
2011-06-25,13.843509
2011-06-26,13.843509
2011-06-27,13.83763
2011-06-28,13.837325
2011-06-29,13.852217
2011-06-30,13.867695
2011-07-01,13.867695
2011-07-02,13.867695
2011-07-03,13.867695
2011-07-04,13.867695
2011-07-05,13.867695
2011-07-06,13.867029
2011-07-07,13.86491
2011-07-08,13.866149
2011-07-09,13.866149
2011-07-10,13.866149
2011-07-11,13.865207
2011-07-12,13.863257
2011-07-13,13.859565
2011-07-14,13.801329
2011-07-15,13.797863
2011-07-16,13.797863
2011-07-17,13.797863
2011-07-18,13.74357
2011-07-19,13.68453
2011-07-20,13.667488
2011-07-21,13.565611
2011-07-22,13.461762
2011-07-23,13.461762
2011-07-24,13.461762
2011-07-25,13.421808
2011-07-26,13.404626
2011-07-27,13.301176
2011-07-28,13.261343
2011-07-29,13.158198
2011-07-30,13.158361
2011-07-31,13.158361
2011-08-01,13.150139
2011-08-02,13.140134
2011-08-03,13.103683
2011-08-04,13.059676
2011-08-05,12.9843445
2011-08-06,12.985201
2011-08-07,12.985201
2011-08-08,12.844924
2011-08-09,12.819035
2011-08-10,12.798589
2011-08-11,12.763552
2011-08-12,12.771384
2011-08-13,12.771384
2011-08-14,12.771384
2011-08-15,12.742987
2011-08-16,12.698686
2011-08-17,12.695034
2011-08-18,12.70176
2011-08-19,12.702293
2011-08-20,12.702293
2011-08-21,12.702293
2011-08-22,12.701554
2011-08-23,12.691442
2011-08-24,12.650691
2011-08-25,12.658402
2011-08-26,12.65959
2011-08-27,12.65959
2011-08-28,12.65959
2011-08-29,12.659056
2011-08-30,12.655652
2011-08-31,12.657619
2011-09-01,12.656776
2011-09-02,12.659588
2011-09-03,12.659588
2011-09-04,12.659588
2011-09-05,12.659588
2011-09-06,12.655892
2011-09-07,12.615915
2011-09-08,12.615829
2011-09-09,12.622641
2011-09-10,12.62266
2011-09-11,12.62266
2011-09-12,12.622793
2011-09-13,12.621464
2011-09-14,12.622747
2011-09-15,12.632612
2011-09-16,12.6326065
2011-09-17,12.6326065
2011-09-18,12.6326065
2011-09-19,12.631704
2011-09-20,12.505328
2011-09-21,12.497174
2011-09-22,12.493843
2011-09-23,12.498583
2011-09-24,12.498583
2011-09-25,12.498583
2011-09-26,12.498852
2011-09-27,12.479022
2011-09-28,12.480167
2011-09-29,12.479733
2011-09-30,12.471764
2011-10-01,12.471764
2011-10-02,12.471764
2011-10-03,12.470961
2011-10-04,12.465425
2011-10-05,12.455953
2011-10-06,12.453661
2011-10-07,12.45372
2011-10-08,12.45372
2011-10-09,12.45372
2011-10-10,12.453917
2011-10-11,12.45599
2011-10-12,12.432751
2011-10-13,12.423065
2011-10-14,12.414036
2011-10-15,12.414036
2011-10-16,12.414036
2011-10-17,12.378134
2011-10-18,12.363441
2011-10-19,12.357922
2011-10-20,12.24742
2011-10-21,12.179277
2011-10-22,12.178967
2011-10-23,12.178967
2011-10-24,12.163943
2011-10-25,12.035001
2011-10-26,11.91046
2011-10-27,11.556235
2011-10-28,11.493982
2011-10-29,11.491513
2011-10-30,11.491513
2011-10-31,11.468765
2011-11-01,11.242692
2011-11-02,11.071951
2011-11-03,10.929217
2011-11-04,10.946625
2011-11-05,10.946625
2011-11-06,10.950796
2011-11-07,10.922717
2011-11-08,10.895292
2011-11-09,10.904823
2011-11-10,10.890984
2011-11-11,10.882428
2011-11-12,10.882428
2011-11-13,10.880874
2011-11-14,10.887493
2011-11-15,10.918296
2011-11-16,10.922062
2011-11-17,10.915359
2011-11-18,10.909307
2011-11-19,10.909307
2011-11-20,10.909307
2011-11-21,10.951388
2011-11-22,10.979928
2011-11-23,10.980067
2011-11-24,10.980067
2011-11-25,10.980067
2011-11-26,10.980067
2011-11-27,10.980067
2011-11-28,10.980277
2011-11-29,10.978173
2011-11-30,10.994279
2011-12-01,10.992204
2011-12-02,10.993044
2011-12-03,10.993044
2011-12-04,10.992256
2011-12-05,10.994056
2011-12-06,11.001185
2011-12-07,11.000621
2011-12-08,11.006383
2011-12-09,11.005986
2011-12-10,11.005986
2011-12-11,11.005986
2011-12-12,11.005992
2011-12-13,11.003376
2011-12-14,10.996122
2011-12-15,10.992547
2011-12-16,10.994197
2011-12-17,10.994197
2011-12-18,10.994197
2011-12-19,10.995941
2011-12-20,11.082445
2011-12-21,11.088484
2011-12-22,11.088172
2011-12-23,11.088172
2011-12-24,11.088172
2011-12-25,11.088172
2011-12-26,11.088172
2011-12-27,11.087487
2011-12-28,11.087499
2011-12-29,11.090083
2011-12-30,11.090083
2011-12-31,11.090083
2012-01-01,11.090083
2012-01-02,11.090589
2012-01-03,11.090276
2012-01-04,11.07931
2012-01-05,11.105824
2012-01-06,11.104265
2012-01-07,11.104265
2012-01-08,11.104265
2012-01-09,11.105432
2012-01-10,11.105088
2012-01-11,11.105185
2012-01-12,11.101565
2012-01-13,11.101567
2012-01-14,11.101567
2012-01-15,11.101567
2012-01-16,11.101567
2012-01-17,11.102018
2012-01-18,11.057157
2012-01-19,11.079871
2012-01-20,11.085651
2012-01-21,11.085651
2012-01-22,11.085651
2012-01-23,11.109901
2012-01-24,11.062882
2012-01-25,11.200846
2012-01-26,11.249349
2012-01-27,11.04703
2012-01-28,11.047676
2012-01-29,11.048184
2012-01-30,11.052191
2012-01-31,11.303872
2012-02-01,11.294316
2012-02-02,11.566855
2012-02-03,11.568753
2012-02-04,11.568753
2012-02-05,11.568753
2012-02-06,11.516466
2012-02-07,11.475669
2012-02-08,11.584398
2012-02-09,11.683535
2012-02-10,11.722725
2012-02-11,11.722813
2012-02-12,11.722813
2012-02-13,11.723859
2012-02-14,11.727219
2012-02-15,11.781039
2012-02-16,11.882282
2012-02-17,11.883127
2012-02-18,11.883127
2012-02-19,11.883127
2012-02-20,11.88328
2012-02-21,11.898618
2012-02-22,11.877691
2012-02-23,11.856591
2012-02-24,11.873832
2012-02-25,11.8538885
2012-02-26,11.8538885
2012-02-27,11.887995
2012-02-28,11.957219
2012-02-29,11.97395
2012-03-01,11.977974
2012-03-02,11.972401
2012-03-03,11.972401
2012-03-04,11.972401
2012-03-05,11.971259
2012-03-06,11.970274
2012-03-07,11.974665
2012-03-08,11.956802
2012-03-09,11.955199
2012-03-10,11.955199
2012-03-11,11.955199
2012-03-12,11.958236
2012-03-13,11.954846
2012-03-14,11.950041
2012-03-15,11.949661
2012-03-16,11.948858
2012-03-17,11.948858
2012-03-18,11.948858
2012-03-19,11.951397
2012-03-20,11.925408
2012-03-21,11.925034
2012-03-22,11.912573
2012-03-23,11.908449
2012-03-24,11.908449
2012-03-25,11.908449
2012-03-26,11.912259
2012-03-27,11.913059
2012-03-28,11.927952
2012-03-29,11.9297695
2012-03-30,11.929039
2012-03-31,11.929152
2012-04-01,11.929152
2012-04-02,11.928112
2012-04-03,11.928895
2012-04-04,11.88566
2012-04-05,11.88409
2012-04-06,11.884049
2012-04-07,11.884049
2012-04-08,11.884049
2012-04-09,11.883938
2012-04-10,11.887561
2012-04-11,11.888549
2012-04-12,11.884549
2012-04-13,11.886627
2012-04-14,11.886627
2012-04-15,11.886627
2012-04-16,11.90459
2012-04-17,11.910641
2012-04-18,12.070103
2012-04-19,12.187144
2012-04-20,12.253931
2012-04-21,12.253931
2012-04-22,12.254095
2012-04-23,12.232811
2012-04-24,12.420757
2012-04-25,12.508726
2012-04-26,12.504123
2012-04-27,12.9380045
2012-04-28,12.937446
2012-04-29,12.937647
2012-04-30,12.9732065
2012-05-01,13.046718
2012-05-02,13.19252
2012-05-03,13.339485
2012-05-04,13.33941
2012-05-05,13.33941
2012-05-06,13.33941
2012-05-07,13.348529
2012-05-08,13.3966255
2012-05-09,13.447023
2012-05-10,13.516326
2012-05-11,13.507807
2012-05-12,13.5079775
2012-05-13,13.5079775
2012-05-14,13.510188
2012-05-15,13.516666
2012-05-16,13.432843
2012-05-17,13.494221
2012-05-18,13.492912
2012-05-19,13.492912
2012-05-20,13.492912
2012-05-21,13.493274
2012-05-22,13.483098
2012-05-23,13.47798
2012-05-24,13.497252
2012-05-25,13.505346
2012-05-26,13.505227
2012-05-27,13.505227
2012-05-28,13.505888
2012-05-29,13.508371
2012-05-30,13.510731
2012-05-31,13.507741
2012-06-01,13.50808
2012-06-02,13.508306
2012-06-03,13.508306
2012-06-04,13.513118
2012-06-05,13.515038
2012-06-06,13.528224
2012-06-07,13.5326805
2012-06-08,13.533219
2012-06-09,13.533219
2012-06-10,13.533219
2012-06-11,13.53252
2012-06-12,13.535876
2012-06-13,13.535877
2012-06-14,13.528643
2012-06-15,13.5284
2012-06-16,13.528211
2012-06-17,13.528211
2012-06-18,13.471617
2012-06-19,13.469228
2012-06-20,13.477138
2012-06-21,13.475492
2012-06-22,13.484566
2012-06-23,13.484566
2012-06-24,13.484566
2012-06-25,13.4802885
2012-06-26,13.4806
2012-06-27,13.475838
2012-06-28,13.470548
2012-06-29,13.472447
2012-06-30,13.472447
2012-07-01,13.472447
2012-07-02,13.471552
2012-07-03,13.471552
2012-07-04,13.471552
2012-07-05,13.471422
2012-07-06,13.471422
2012-07-07,13.471422
2012-07-08,13.471422
2012-07-09,13.471354
2012-07-10,13.471171
2012-07-11,13.467572
2012-07-12,13.4595585
2012-07-13,13.459949
2012-07-14,13.459949
2012-07-15,13.459949
2012-07-16,13.454595
2012-07-17,13.517649
2012-07-18,13.458286
2012-07-19,13.384198
2012-07-20,13.343672
2012-07-21,13.343672
2012-07-22,13.343672
2012-07-23,13.295347
2012-07-24,13.3562565
2012-07-25,13.19588
2012-07-26,13.017817
2012-07-27,12.945565
2012-07-28,12.945565
2012-07-29,12.945565
2012-07-30,12.927697
2012-07-31,12.803884
2012-08-01,12.706666
2012-08-02,12.594365
2012-08-03,12.600809
2012-08-04,12.599029
2012-08-05,12.599029
2012-08-06,12.562473
2012-08-07,12.4453125
2012-08-08,12.486522
2012-08-09,12.453402
2012-08-10,12.460945
2012-08-11,12.460791
2012-08-12,12.460791
2012-08-13,12.48182
2012-08-14,12.460771
2012-08-15,12.454042
2012-08-16,12.485431
2012-08-17,12.488301
2012-08-18,12.488301
2012-08-19,12.488301
2012-08-20,12.471771
2012-08-21,12.467609
2012-08-22,12.638419
2012-08-23,12.635913
2012-08-24,12.63621
2012-08-25,12.63621
2012-08-26,12.63621
2012-08-27,12.628974
2012-08-28,12.627713
2012-08-29,12.622236
2012-08-30,12.62201
2012-08-31,12.622998
2012-09-01,12.622331
2012-09-02,12.622331
2012-09-03,12.622331
2012-09-04,12.622873
2012-09-05,12.619122
2012-09-06,12.624036
2012-09-07,12.626078
2012-09-08,12.626179
2012-09-09,12.626179
2012-09-10,12.626948
2012-09-11,12.627174
2012-09-12,12.626427
2012-09-13,12.625849
2012-09-14,12.625545
2012-09-15,12.625545
2012-09-16,12.625545
2012-09-17,12.625545
2012-09-18,12.628576
2012-09-19,12.6149435
2012-09-20,12.693848
2012-09-21,12.69816
2012-09-22,12.69816
2012-09-23,12.69816
2012-09-24,12.713139
2012-09-25,12.661673
2012-09-26,12.661437
2012-09-27,12.65921
2012-09-28,12.672125
2012-09-29,12.672125
2012-09-30,12.672125
2012-10-01,12.673603
2012-10-02,12.6806965
2012-10-03,12.684108
2012-10-04,12.684112
2012-10-05,12.683889
2012-10-06,12.683889
2012-10-07,12.683889
2012-10-08,12.684
2012-10-09,12.678981
2012-10-10,12.674052
2012-10-11,12.675139
2012-10-12,12.675542
2012-10-13,12.675542
2012-10-14,12.675542
2012-10-15,12.676233
2012-10-16,12.624627
2012-10-17,12.620806
2012-10-18,12.73914
2012-10-19,12.791413
2012-10-20,12.789407
2012-10-21,12.789407
2012-10-22,12.666488
2012-10-23,12.746227
2012-10-24,12.7423525
2012-10-25,12.875255
2012-10-26,12.954317
2012-10-27,12.954265
2012-10-28,12.954265
2012-10-29,13.050703
2012-10-30,13.05824
2012-10-31,13.09661
2012-11-01,13.40963
2012-11-02,13.494775
2012-11-03,13.494721
2012-11-04,13.495267
2012-11-05,13.461097
2012-11-06,13.464753
2012-11-07,13.534115
2012-11-08,13.554501
2012-11-09,13.546312
2012-11-10,13.543023
2012-11-11,13.543023
2012-11-12,13.572332
2012-11-13,13.596159
2012-11-14,13.582432
2012-11-15,13.606266
2012-11-16,13.601747
2012-11-17,13.603181
2012-11-18,13.603181
2012-11-19,13.60844
2012-11-20,13.596815
2012-11-21,13.604843
2012-11-22,13.604843
2012-11-23,13.60481
2012-11-24,13.60481
2012-11-25,13.60487
2012-11-26,13.623768
2012-11-27,13.61448
2012-11-28,13.607708
2012-11-29,13.610848
2012-11-30,13.609988
2012-12-01,13.609988
2012-12-02,13.609988
2012-12-03,13.610212
2012-12-04,13.601515
2012-12-05,13.603498
2012-12-06,13.607216
2012-12-07,13.606585
2012-12-08,13.606627
2012-12-09,13.606627
2012-12-10,13.6071825
2012-12-11,13.607677
2012-12-12,13.623647
2012-12-13,13.624335
2012-12-14,13.624418
2012-12-15,13.624418
2012-12-16,13.624418
2012-12-17,13.625276
2012-12-18,13.593705
2012-12-19,13.592983
2012-12-20,13.665698
2012-12-21,13.664072
2012-12-22,13.664752
2012-12-23,13.664127
2012-12-24,13.664127
2012-12-25,13.664127
2012-12-26,13.6642885
2012-12-27,13.6642885
2012-12-28,13.664335
2012-12-29,13.664335
2012-12-30,13.664335
2012-12-31,13.664234
2013-01-01,13.664234
2013-01-02,13.663981
2013-01-03,13.664968
2013-01-04,13.654602
2013-01-05,13.654602
2013-01-06,13.654602
2013-01-07,13.653175
2013-01-08,13.672597
2013-01-09,13.6726885
2013-01-10,13.672002
2013-01-11,13.668925
2013-01-12,13.668925
2013-01-13,13.668925
2013-01-14,13.676202
2013-01-15,13.677008
2013-01-16,13.670623
2013-01-17,13.688169
2013-01-18,13.643093
2013-01-19,13.643093
2013-01-20,13.643093
2013-01-21,13.643093
2013-01-22,13.631592
2013-01-23,13.380926
2013-01-24,13.286859
2013-01-25,13.272935
2013-01-26,13.272935
2013-01-27,13.272935
2013-01-28,13.454351
2013-01-29,13.528554
2013-01-30,13.654511
2013-01-31,13.745063
2013-02-01,13.606083
2013-02-02,13.606083
2013-02-03,13.606083
2013-02-04,13.544839
2013-02-05,13.707636
2013-02-06,13.810387
2013-02-07,13.808809
2013-02-08,13.804021
2013-02-09,13.804021
2013-02-10,13.804021
2013-02-11,13.806087
2013-02-12,13.862132
2013-02-13,13.832472
2013-02-14,13.864382
2013-02-15,13.901322
2013-02-16,13.901322
2013-02-17,13.901322
2013-02-18,13.890099
2013-02-19,13.885055
2013-02-20,14.01255
2013-02-21,13.943513
2013-02-22,13.941894
2013-02-23,13.941894
2013-02-24,13.941894
2013-02-25,13.945901
2013-02-26,13.94113
2013-02-27,13.903551
2013-02-28,13.840461
2013-03-01,13.826878
2013-03-02,13.826878
2013-03-03,13.826878
2013-03-04,13.787269
2013-03-05,13.788242
2013-03-06,13.802022
2013-03-07,13.78124
2013-03-08,13.783863
2013-03-09,13.783863
2013-03-10,13.783863
2013-03-11,13.779103
2013-03-12,13.770191
2013-03-13,13.7636385
2013-03-14,13.722252
2013-03-15,13.728551
2013-03-16,13.728551
2013-03-17,13.728551
2013-03-18,13.729579
2013-03-19,13.731299
2013-03-20,13.77277
2013-03-21,13.763465
2013-03-22,13.754201
2013-03-23,13.754201
2013-03-24,13.754201
2013-03-25,13.754055
2013-03-26,13.751329
2013-03-27,13.757179
2013-03-28,13.740114
2013-03-29,13.739741
2013-03-30,13.739741
2013-03-31,13.739741
2013-04-01,13.738641
2013-04-02,13.744557
2013-04-03,13.701359
2013-04-04,13.702795
2013-04-05,13.702848
2013-04-06,13.702848
2013-04-07,13.702848
2013-04-08,13.707631
2013-04-09,13.706416
2013-04-10,13.6995325
2013-04-11,13.697738
2013-04-12,13.702796
2013-04-13,13.702796
2013-04-14,13.702796
2013-04-15,13.70259
2013-04-16,13.733335
2013-04-17,13.702458
2013-04-18,13.947751
2013-04-19,13.99514
2013-04-20,13.99514
2013-04-21,13.996016
2013-04-22,13.994969
2013-04-23,14.042076
2013-04-24,14.150975
2013-04-25,14.307336
2013-04-26,14.39473
2013-04-27,14.3934555
2013-04-28,14.3934555
2013-04-29,14.450247
2013-04-30,13.8056555
2013-05-01,13.877494
2013-05-02,14.090654
2013-05-03,14.113134
2013-05-04,14.113315
2013-05-05,14.113315
2013-05-06,14.120572
2013-05-07,14.237309
2013-05-08,14.223015
2013-05-09,14.237742
2013-05-10,14.24037
2013-05-11,14.239269
2013-05-12,14.239269
2013-05-13,14.236059
2013-05-14,14.237562
2013-05-15,14.277015
2013-05-16,14.418157
2013-05-17,14.41904
2013-05-18,14.41904
2013-05-19,14.419373
2013-05-20,14.424116
2013-05-21,14.387809
2013-05-22,14.425745
2013-05-23,14.466669
2013-05-24,14.4652195
2013-05-25,14.4652195
2013-05-26,14.4652195
2013-05-27,14.4652195
2013-05-28,14.472531
2013-05-29,14.472604
2013-05-30,14.518445
2013-05-31,14.5196495
2013-06-01,14.5196495
2013-06-02,14.5196495
2013-06-03,14.515273
2013-06-04,14.521311
2013-06-05,14.528441
2013-06-06,14.528153
2013-06-07,14.529673
2013-06-08,14.529673
2013-06-09,14.529673
2013-06-10,14.535156
2013-06-11,14.535398
2013-06-12,14.535139
2013-06-13,14.534495
2013-06-14,14.538225
2013-06-15,14.538225
2013-06-16,14.538225
2013-06-17,14.5382805
2013-06-18,14.541242
2013-06-19,14.545855
2013-06-20,14.485659
2013-06-21,14.486318
2013-06-22,14.486318
2013-06-23,14.486318
2013-06-24,14.48558
2013-06-25,14.488832
2013-06-26,14.529089
2013-06-27,14.548412
2013-06-28,14.549656
2013-06-29,14.549656
2013-06-30,14.549656
2013-07-01,14.54993
2013-07-02,14.552773
2013-07-03,14.55252
2013-07-04,14.55252
2013-07-05,14.55252
2013-07-06,14.55252
2013-07-07,14.55252
2013-07-08,14.552514
2013-07-09,14.562621
2013-07-10,14.558182
2013-07-11,14.559029
2013-07-12,14.554316
2013-07-13,14.554316
2013-07-14,14.554316
2013-07-15,14.552708
2013-07-16,14.49256
2013-07-17,14.467423
2013-07-18,14.559735
2013-07-19,14.539398
2013-07-20,14.539398
2013-07-21,14.539398
2013-07-22,14.527753
2013-07-23,14.628698
2013-07-24,14.463827
2013-07-25,14.327326
2013-07-26,14.310291
2013-07-27,14.310019
2013-07-28,14.310019
2013-07-29,14.275769
2013-07-30,14.883294
2013-07-31,14.5753765
2013-08-01,15.009797
2013-08-02,15.04359
2013-08-03,15.04359
2013-08-04,15.04359
2013-08-05,15.057942
2013-08-06,15.091216
2013-08-07,15.040176
2013-08-08,15.239378
2013-08-09,15.286245
2013-08-10,15.285434
2013-08-11,15.285434
2013-08-12,15.284017
2013-08-13,15.273405
2013-08-14,15.316601
2013-08-15,15.290865
2013-08-16,15.282786
2013-08-17,15.282786
2013-08-18,15.282786
2013-08-19,15.284487
2013-08-20,15.092923
2013-08-21,15.072055
2013-08-22,15.094824
2013-08-23,15.09885
2013-08-24,15.09885
2013-08-25,15.09885
2013-08-26,15.099209
2013-08-27,15.084613
2013-08-28,15.01807
2013-08-29,15.026672
2013-08-30,15.027211
2013-08-31,15.027211
2013-09-01,15.027211
2013-09-02,15.027211
2013-09-03,15.027195
2013-09-04,15.028732
2013-09-05,15.021065
2013-09-06,15.021276
2013-09-07,15.018634
2013-09-08,15.018634
2013-09-09,15.016312
2013-09-10,15.015864
2013-09-11,15.015275
2013-09-12,15.024177
2013-09-13,15.023321
2013-09-14,15.023321
2013-09-15,15.023321
2013-09-16,15.023229
2013-09-17,15.024282
2013-09-18,15.085506
2013-09-19,15.092849
2013-09-20,15.094059
2013-09-21,15.094059
2013-09-22,15.094059
2013-09-23,15.094344
2013-09-24,15.049652
2013-09-25,15.037522
2013-09-26,15.032742
2013-09-27,15.031479
2013-09-28,15.031479
2013-09-29,15.031479
2013-09-30,15.030602
2013-10-01,15.02833
2013-10-02,15.028585
2013-10-03,14.953688
2013-10-04,14.953548
2013-10-05,14.953548
2013-10-06,14.953548
2013-10-07,14.953494
2013-10-08,14.964206
2013-10-09,14.957949
2013-10-10,14.882204
2013-10-11,14.8871765
2013-10-12,14.8911915
2013-10-13,14.898774
2013-10-14,14.898537
2013-10-15,14.902123
2013-10-16,14.830934
2013-10-17,14.810425
2013-10-18,14.86111
2013-10-19,14.86111
2013-10-20,14.86111
2013-10-21,14.855473
2013-10-22,14.93986
2013-10-23,14.957136
2013-10-24,14.949136
2013-10-25,14.906418
2013-10-26,14.906418
2013-10-27,14.906418
2013-10-28,15.012537
2013-10-29,15.076871
2013-10-30,15.218276
2013-10-31,14.992838
2013-11-01,15.007393
2013-11-02,15.011731
2013-11-03,15.011731
2013-11-04,15.052997
2013-11-05,15.196799
2013-11-06,15.28055
2013-11-07,15.354649
2013-11-08,15.354051
2013-11-09,15.353312
2013-11-10,15.353312
2013-11-11,15.371815
2013-11-12,15.3492985
2013-11-13,15.358481
2013-11-14,15.376738
2013-11-15,15.3778
2013-11-16,15.3778
2013-11-17,15.3778
2013-11-18,15.381241
2013-11-19,15.410971
2013-11-20,15.442139
2013-11-21,15.44837
2013-11-22,15.445905
2013-11-23,15.445905
2013-11-24,15.449067
2013-11-25,15.525149
2013-11-26,15.53245
2013-11-27,15.532571
2013-11-28,15.532571
2013-11-29,15.532593
2013-11-30,15.532593
2013-12-01,15.532593
2013-12-02,15.532746
2013-12-03,15.532527
2013-12-04,15.525171
2013-12-05,15.536554
2013-12-06,15.534595
2013-12-07,15.534595
2013-12-08,15.534595
2013-12-09,15.53228
2013-12-10,15.541541
2013-12-11,15.566393
2013-12-12,15.571291
2013-12-13,15.571921
2013-12-14,15.571942
2013-12-15,15.571942
2013-12-16,15.572072
2013-12-17,15.574079
2013-12-18,15.569969
2013-12-19,15.637103
2013-12-20,15.646277
2013-12-21,15.646277
2013-12-22,15.646277
2013-12-23,15.646509
2013-12-24,15.646525
2013-12-25,15.646525
2013-12-26,15.646525
2013-12-27,15.64655
2013-12-28,15.64655
2013-12-29,15.64655
2013-12-30,15.645835
2013-12-31,15.645797
2014-01-01,15.645797
2014-01-02,15.645712
2014-01-03,15.645767
2014-01-04,15.645767
2014-01-05,15.645767
2014-01-06,15.646238
2014-01-07,15.718168
2014-01-08,15.827947
2014-01-09,15.837562
2014-01-10,15.837502
2014-01-11,15.837502
2014-01-12,15.837502
2014-01-13,15.837514
2014-01-14,15.8387985
2014-01-15,15.836122
2014-01-16,15.86701
2014-01-17,15.81401
2014-01-18,15.81401
2014-01-19,15.81401
2014-01-20,15.81401
2014-01-21,15.224218
2014-01-22,15.265616
2014-01-23,15.275929
2014-01-24,15.296385
2014-01-25,15.296631
2014-01-26,15.296631
2014-01-27,15.109868
2014-01-28,14.937451
2014-01-29,14.899915
2014-01-30,15.468116
2014-01-31,15.51366
2014-02-01,15.51366
2014-02-02,15.51366
2014-02-03,15.488947
2014-02-04,15.6460495
2014-02-05,15.77148
2014-02-06,15.839553
2014-02-07,15.838421
2014-02-08,15.838421
2014-02-09,15.838421
2014-02-10,15.8449335
2014-02-11,15.8730955
2014-02-12,15.952745
2014-02-13,16.003069
2014-02-14,16.014027
2014-02-15,16.014027
2014-02-16,16.014027
2014-02-17,15.9695015
2014-02-18,16.061422
2014-02-19,16.082714
2014-02-20,16.092701
2014-02-21,16.14127
2014-02-22,16.14169
2014-02-23,16.14169
2014-02-24,16.1322
2014-02-25,16.119158
2014-02-26,16.290455
2014-02-27,16.309313
2014-02-28,16.28775
2014-03-01,16.300978
2014-03-02,16.300978
2014-03-03,16.315819
2014-03-04,16.349152
2014-03-05,16.355688
2014-03-06,16.33939
2014-03-07,16.337042
2014-03-08,16.337042
2014-03-09,16.337042
2014-03-10,16.335373
2014-03-11,16.33156
2014-03-12,16.32654
2014-03-13,16.313963
2014-03-14,16.317886
2014-03-15,16.31844
2014-03-16,16.31844
2014-03-17,16.320347
2014-03-18,16.340288
2014-03-19,16.350279
2014-03-20,16.342981
2014-03-21,16.338692
2014-03-22,16.338692
2014-03-23,16.338692
2014-03-24,16.3389
2014-03-25,16.349113
2014-03-26,16.333488
2014-03-27,16.316433
2014-03-28,16.314547
2014-03-29,16.314547
2014-03-30,16.314547
2014-03-31,16.32056
2014-04-01,16.325464
2014-04-02,16.259216
2014-04-03,16.24554
2014-04-04,16.245975
2014-04-05,16.245975
2014-04-06,16.245975
2014-04-07,16.246288
2014-04-08,16.246098
2014-04-09,16.239773
2014-04-10,16.238491
2014-04-11,16.238256
2014-04-12,16.238256
2014-04-13,16.238256
2014-04-14,16.24076
2014-04-15,16.222158
2014-04-16,16.461647
2014-04-17,16.563534
2014-04-18,16.563534
2014-04-19,16.563534
2014-04-20,16.563534
2014-04-21,16.615202
2014-04-22,16.791435
2014-04-23,17.554407
2014-04-24,17.84284
2014-04-25,17.993643
2014-04-26,17.993643
2014-04-27,17.993643
2014-04-28,18.023668
2014-04-29,17.944378
2014-04-30,17.752226
2014-05-01,17.725842
2014-05-02,17.753708
2014-05-03,17.752647
2014-05-04,17.752647
2014-05-05,17.818691
2014-05-06,17.830027
2014-05-07,17.75889
2014-05-08,17.790468
2014-05-09,17.79453
2014-05-10,17.79453
2014-05-11,17.794525
2014-05-12,17.827229
2014-05-13,17.83543
2014-05-14,17.820854
2014-05-15,17.921724
2014-05-16,17.922153
2014-05-17,17.92235
2014-05-18,17.92235
2014-05-19,17.926706
2014-05-20,17.9419
2014-05-21,17.971334
2014-05-22,17.996563
2014-05-23,17.994179
2014-05-24,17.994179
2014-05-25,17.994179
2014-05-26,17.994179
2014-05-27,17.988314
2014-05-28,17.822187
2014-05-29,17.823692
2014-05-30,17.828405
2014-05-31,17.828405
2014-06-01,17.828405
2014-06-02,17.830084
2014-06-03,17.83541
2014-06-04,17.849916
2014-06-05,17.849524
2014-06-06,17.852333
2014-06-07,17.852333
2014-06-08,17.852333
2014-06-09,17.852644
2014-06-10,17.856722
2014-06-11,17.843262
2014-06-12,17.849842
2014-06-13,17.850138
2014-06-14,17.850138
2014-06-15,17.850138
2014-06-16,17.849827
2014-06-17,17.846827
2014-06-18,17.822283
2014-06-19,17.77142
2014-06-20,17.768517
2014-06-21,17.768919
2014-06-22,17.768919
2014-06-23,17.767658
2014-06-24,17.771765
2014-06-25,17.831615
2014-06-26,17.81354
2014-06-27,17.813389
2014-06-28,17.813389
2014-06-29,17.813389
2014-06-30,17.813446
2014-07-01,17.811481
2014-07-02,17.807833
2014-07-03,17.80305
2014-07-04,17.80305
2014-07-05,17.80305
2014-07-06,17.80305
2014-07-07,17.802927
2014-07-08,17.803381
2014-07-09,17.803925
2014-07-10,17.804766
2014-07-11,17.803705
2014-07-12,17.803705
2014-07-13,17.803705
2014-07-14,17.803638
2014-07-15,17.802048
2014-07-16,17.81812
2014-07-17,17.721136
2014-07-18,17.709839
2014-07-19,17.709839
2014-07-20,17.709839
2014-07-21,17.682995
2014-07-22,17.858185
2014-07-23,17.551325
2014-07-24,17.42311
2014-07-25,17.431252
2014-07-26,17.431252
2014-07-27,17.429886
2014-07-28,17.388458
2014-07-29,17.349056
2014-07-30,17.411625
2014-07-31,17.408947
2014-08-01,17.27405
2014-08-02,17.270594
2014-08-03,17.270594
2014-08-04,17.297787
2014-08-05,17.359177
2014-08-06,17.388615
2014-08-07,17.295279
2014-08-08,17.285814
2014-08-09,17.28509
2014-08-10,17.285082
2014-08-11,17.270292
2014-08-12,17.286774
2014-08-13,17.307627
2014-08-14,17.269068
2014-08-15,17.273418
2014-08-16,17.273418
2014-08-17,17.273418
2014-08-18,17.272612
2014-08-19,17.33788
2014-08-20,17.34473
2014-08-21,17.350256
2014-08-22,17.352581
2014-08-23,17.352581
2014-08-24,17.35238
2014-08-25,17.35002
2014-08-26,17.365831
2014-08-27,17.505915
2014-08-28,17.508116
2014-08-29,17.508902
2014-08-30,17.508902
2014-08-31,17.508902
2014-09-01,17.508902
2014-09-02,17.508244
2014-09-03,17.500261
2014-09-04,17.502722
2014-09-05,17.502705
2014-09-06,17.502705
2014-09-07,17.502705
2014-09-08,17.502882
2014-09-09,17.508415
2014-09-10,17.506666
2014-09-11,17.514093
2014-09-12,17.514957
2014-09-13,17.514957
2014-09-14,17.514957
2014-09-15,17.514366
2014-09-16,17.519552
2014-09-17,17.522585
2014-09-18,17.605522
2014-09-19,17.602945
2014-09-20,17.602945
2014-09-21,17.602945
2014-09-22,17.598911
2014-09-23,17.532005
2014-09-24,17.537085
2014-09-25,17.506853
2014-09-26,17.506088
2014-09-27,17.506088
2014-09-28,17.506088
2014-09-29,17.507818
2014-09-30,17.507746
2014-10-01,17.507135
2014-10-02,17.505682
2014-10-03,17.505684
2014-10-04,17.505684
2014-10-05,17.505684
2014-10-06,17.505795
2014-10-07,17.500015
2014-10-08,17.491121
2014-10-09,17.497734
2014-10-10,17.497911
2014-10-11,17.497911
2014-10-12,17.497911
2014-10-13,17.497911
2014-10-14,17.460777
2014-10-15,17.45111
2014-10-16,17.46599
2014-10-17,17.574165
2014-10-18,17.574165
2014-10-19,17.574165
2014-10-20,17.54095
2014-10-21,17.267418
2014-10-22,17.297989
2014-10-23,17.242508
2014-10-24,17.204157
2014-10-25,17.204157
2014-10-26,17.204157
2014-10-27,17.268139
2014-10-28,17.30099
2014-10-29,17.010891
2014-10-30,16.970905
2014-10-31,16.963884
2014-11-01,16.963778
2014-11-02,16.962147
2014-11-03,16.977772
2014-11-04,16.801771
2014-11-05,16.670197
2014-11-06,16.609846
2014-11-07,16.735176
2014-11-08,16.733997
2014-11-09,16.733385
2014-11-10,16.710312
2014-11-11,16.698938
2014-11-12,16.584322
2014-11-13,16.589222
2014-11-14,16.590631
2014-11-15,16.590832
2014-11-16,16.590818
2014-11-17,16.600634
2014-11-18,16.649796
2014-11-19,16.669914
2014-11-20,16.675331
2014-11-21,16.673658
2014-11-22,16.673658
2014-11-23,16.673658
2014-11-24,16.669996
2014-11-25,16.65509
2014-11-26,16.681664
2014-11-27,16.681664
2014-11-28,16.681664
2014-11-29,16.681664
2014-11-30,16.681664
2014-12-01,16.68305
2014-12-02,16.681953
2014-12-03,16.678686
2014-12-04,16.688772
2014-12-05,16.687523
2014-12-06,16.687523
2014-12-07,16.687523
2014-12-08,16.68298
2014-12-09,16.689177
2014-12-10,16.69137
2014-12-11,16.689445
2014-12-12,16.68987
2014-12-13,16.68987
2014-12-14,16.68987
2014-12-15,16.689013
2014-12-16,16.689413
2014-12-17,16.678736
2014-12-18,16.696903
2014-12-19,16.701254
2014-12-20,16.701254
2014-12-21,16.701254
2014-12-22,16.702349
2014-12-23,16.692095
2014-12-24,16.692066
2014-12-25,16.692066
2014-12-26,16.692122
2014-12-27,16.692122
2014-12-28,16.692122
2014-12-29,16.692122
2014-12-30,16.691414
2014-12-31,16.691214
2015-01-01,16.691214
2015-01-02,16.691214
2015-01-03,16.691214
2015-01-04,16.691214
2015-01-05,16.691214
2015-01-06,16.701971
2015-01-07,16.731195
2015-01-08,16.724886
2015-01-09,16.725065
2015-01-10,16.724989
2015-01-11,16.724989
2015-01-12,16.72448
2015-01-13,16.685442
2015-01-14,16.685541
2015-01-15,16.755291
2015-01-16,16.755268
2015-01-17,16.755268
2015-01-18,16.755268
2015-01-19,16.755283
2015-01-20,16.71465
2015-01-21,16.75278
2015-01-22,16.813618
2015-01-23,16.670498
2015-01-24,16.670498
2015-01-25,16.670498
2015-01-26,16.633017
2015-01-27,16.739702
2015-01-28,16.768862
2015-01-29,16.892279
2015-01-30,17.071045
2015-01-31,17.071045
2015-02-01,17.071045
2015-02-02,17.131508
2015-02-03,17.14028
2015-02-04,16.620548
2015-02-05,16.632132
2015-02-06,16.66612
2015-02-07,16.66612
2015-02-08,16.66612
2015-02-09,16.698965
2015-02-10,16.83235
2015-02-11,16.859106
2015-02-12,16.90228
2015-02-13,16.981125
2015-02-14,16.981125
2015-02-15,16.981125
2015-02-16,16.984276
2015-02-17,16.84629
2015-02-18,17.006565
2015-02-19,17.007254
2015-02-20,17.024101
2015-02-21,17.024101
2015-02-22,17.013714
2015-02-23,16.992474
2015-02-24,17.107483
2015-02-25,16.99753
2015-02-26,16.997723
2015-02-27,17.007683
2015-02-28,17.05587
2015-03-01,17.05587
2015-03-02,17.079151
2015-03-03,17.204596
2015-03-04,17.19837
2015-03-05,17.199905
2015-03-06,17.179289
2015-03-07,17.179289
2015-03-08,17.179737
2015-03-09,17.181345
2015-03-10,17.184103
2015-03-11,17.168161
2015-03-12,17.162485
2015-03-13,17.159359
2015-03-14,17.15935
2015-03-15,17.15935
2015-03-16,17.157642
2015-03-17,17.15535
2015-03-18,17.153744
2015-03-19,17.145933
2015-03-20,17.177866
2015-03-21,17.177866
2015-03-22,17.177866
2015-03-23,17.176548
2015-03-24,17.181623
2015-03-25,17.19091
2015-03-26,17.180504
2015-03-27,17.246408
2015-03-28,17.246422
2015-03-29,17.246422
2015-03-30,17.24617
2015-03-31,17.245594
2015-04-01,17.184515
2015-04-02,17.18536
2015-04-03,17.18536
2015-04-04,17.18536
2015-04-05,17.18536
2015-04-06,17.18554
2015-04-07,17.186365
2015-04-08,17.086468
2015-04-09,17.047552
2015-04-10,17.047571
2015-04-11,17.047571
2015-04-12,17.047571
2015-04-13,17.046692
2015-04-14,17.011591
2015-04-15,16.990814
2015-04-16,16.922007
2015-04-17,16.937046
2015-04-18,16.933332
2015-04-19,16.933332
2015-04-20,17.109642
2015-04-21,17.095465
2015-04-22,17.25735
2015-04-23,17.342741
2015-04-24,17.308472
2015-04-25,17.308472
2015-04-26,17.308472
2015-04-27,17.62805
2015-04-28,17.838985
2015-04-29,18.210112
2015-04-30,18.258432
2015-05-01,18.191244
2015-05-02,18.17409
2015-05-03,18.17427
2015-05-04,18.150476
2015-05-05,18.21515
2015-05-06,18.185867
2015-05-07,18.310383
2015-05-08,18.351141
2015-05-09,18.349598
2015-05-10,18.349598
2015-05-11,18.374372
2015-05-12,18.390596
2015-05-13,18.44609
2015-05-14,18.474562
2015-05-15,18.476994
2015-05-16,18.476994
2015-05-17,18.476994
2015-05-18,18.45962
2015-05-19,18.540827
2015-05-20,18.618307
2015-05-21,18.692478
2015-05-22,18.671486
2015-05-23,18.670877
2015-05-24,18.670877
2015-05-25,18.670877
2015-05-26,18.664759
2015-05-27,18.681454
2015-05-28,18.699833
2015-05-29,18.703173
2015-05-30,18.703173
2015-05-31,18.703173
2015-06-01,18.695059
2015-06-02,18.70746
2015-06-03,18.711744
2015-06-04,18.719213
2015-06-05,18.720583
2015-06-06,18.720583
2015-06-07,18.720583
2015-06-08,18.730474
2015-06-09,18.731236
2015-06-10,18.732458
2015-06-11,18.73465
2015-06-12,18.734436
2015-06-13,18.734436
2015-06-14,18.734436
2015-06-15,18.734983
2015-06-16,18.73028
2015-06-17,18.710217
2015-06-18,18.818853
2015-06-19,18.81708
2015-06-20,18.81708
2015-06-21,18.81708
2015-06-22,18.81618
2015-06-23,18.804407
2015-06-24,18.821999
2015-06-25,18.84019
2015-06-26,18.841959
2015-06-27,18.841959
2015-06-28,18.841959
2015-06-29,18.839645
2015-06-30,18.839695
2015-07-01,18.849543
2015-07-02,18.847488
2015-07-03,18.847488
2015-07-04,18.847488
2015-07-05,18.847488
2015-07-06,18.847488
2015-07-07,18.846336
2015-07-08,18.848063
2015-07-09,18.847815
2015-07-10,18.847511
2015-07-11,18.847511
2015-07-12,18.847511
2015-07-13,18.847448
2015-07-14,18.830847
2015-07-15,18.734383
2015-07-16,18.69
2015-07-17,18.805353
2015-07-18,18.805353
2015-07-19,18.805353
2015-07-20,18.78663
2015-07-21,18.96337
2015-07-22,18.773163
2015-07-23,18.753096
2015-07-24,18.694511
2015-07-25,18.689013
2015-07-26,18.689013
2015-07-27,18.662313
2015-07-28,18.47229
2015-07-29,18.37312
2015-07-30,18.330667
2015-07-31,18.483915
2015-08-01,18.483322
2015-08-02,18.48335
2015-08-03,18.484991
2015-08-04,18.576775
2015-08-05,18.571142
2015-08-06,18.613337
2015-08-07,18.790087
2015-08-08,18.797758
2015-08-09,18.797758
2015-08-10,18.80546
2015-08-11,18.807333
2015-08-12,18.821774
2015-08-13,18.826998
2015-08-14,18.82472
2015-08-15,18.825562
2015-08-16,18.825562
2015-08-17,18.82803
2015-08-18,18.76171
2015-08-19,18.734478
2015-08-20,18.735437
2015-08-21,18.753616
2015-08-22,18.753616
2015-08-23,18.753616
2015-08-24,18.754671
2015-08-25,18.744059
2015-08-26,18.760967
2015-08-27,18.770939
2015-08-28,18.772184
2015-08-29,18.772184
2015-08-30,18.772184
2015-08-31,18.771753
2015-09-01,18.77293
2015-09-02,18.766798
2015-09-03,18.820744
2015-09-04,18.820744
2015-09-05,18.820744
2015-09-06,18.820744
2015-09-07,18.820744
2015-09-08,18.818714
2015-09-09,18.83006
2015-09-10,18.828
2015-09-11,18.844652
2015-09-12,18.84661
2015-09-13,18.84661
2015-09-14,18.84632
2015-09-15,18.845697
2015-09-16,18.872944
2015-09-17,18.869905
2015-09-18,18.868843
2015-09-19,18.868843
2015-09-20,18.868843
2015-09-21,18.865759
2015-09-22,18.794928
2015-09-23,18.79324
2015-09-24,18.774994
2015-09-25,18.774324
2015-09-26,18.774324
2015-09-27,18.774324
2015-09-28,18.76812
2015-09-29,18.75061
2015-09-30,18.746996
2015-10-01,18.736473
2015-10-02,18.736473
2015-10-03,18.736473
2015-10-04,18.736473
2015-10-05,18.737072
2015-10-06,18.81538
2015-10-07,18.813602
2015-10-08,18.818699
2015-10-09,18.818424
2015-10-10,18.818424
2015-10-11,18.82197
2015-10-12,18.821676
2015-10-13,18.854353
2015-10-14,18.870348
2015-10-15,18.830246
2015-10-16,18.7892
2015-10-17,18.7892
2015-10-18,18.7892
2015-10-19,18.782883
2015-10-20,18.733797
2015-10-21,18.626978
2015-10-22,18.43359
2015-10-23,18.202272
2015-10-24,18.202272
2015-10-25,18.202272
2015-10-26,18.177443
2015-10-27,18.157545
2015-10-28,17.720562
2015-10-29,17.729368
2015-10-30,17.450964
2015-10-31,17.457476
2015-11-01,17.457476
2015-11-02,17.39467
2015-11-03,17.311548
2015-11-04,17.164583
2015-11-05,17.146152
2015-11-06,16.819796
2015-11-07,16.81969
2015-11-08,16.81976
2015-11-09,16.74922
2015-11-10,16.722742
2015-11-11,16.718021
2015-11-12,16.684462
2015-11-13,16.69134
2015-11-14,16.692091
2015-11-15,16.692091
2015-11-16,16.689081
2015-11-17,16.695303
2015-11-18,16.72304
2015-11-19,16.708372
2015-11-20,16.709488
2015-11-21,16.709488
2015-11-22,16.709488
2015-11-23,16.707626
2015-11-24,16.664776
2015-11-25,16.669613
2015-11-26,16.669052
2015-11-27,16.669085
2015-11-28,16.669085
2015-11-29,16.669085
2015-11-30,16.669289
2015-12-01,16.669369
2015-12-02,16.637539
2015-12-03,16.64162
2015-12-04,16.655273
2015-12-05,16.655273
2015-12-06,16.655273
2015-12-07,16.651316
2015-12-08,16.678059
2015-12-09,16.676655
2015-12-10,16.677145
2015-12-11,16.676966
2015-12-12,16.676966
2015-12-13,16.676966
2015-12-14,16.675491
2015-12-15,16.676533
2015-12-16,16.65624
2015-12-17,16.652077
2015-12-18,16.703516
2015-12-19,16.703516
2015-12-20,16.703516
2015-12-21,16.704107
2015-12-22,16.757973
2015-12-23,16.760105
2015-12-24,16.760113
2015-12-25,16.760113
2015-12-26,16.760113
2015-12-27,16.760113
2015-12-28,16.760113
2015-12-29,16.760279
2015-12-30,16.760279
2015-12-31,16.760279
2016-01-01,16.760279
2016-01-02,16.760279
2016-01-03,16.760279
2016-01-04,16.760279
2016-01-05,16.760317
2016-01-06,16.761183
2016-01-07,16.702244
2016-01-08,16.70286
2016-01-09,16.70286
2016-01-10,16.70286
2016-01-11,16.705719
2016-01-12,16.707563
2016-01-13,16.710037
2016-01-14,16.694532
2016-01-15,16.69655
2016-01-16,16.696075
2016-01-17,16.696075
2016-01-18,16.696112
2016-01-19,16.641672
2016-01-20,16.63239
2016-01-21,16.808928
2016-01-22,16.80722
2016-01-23,16.80722
2016-01-24,16.80722
2016-01-25,16.861458
2016-01-26,16.431728
2016-01-27,16.504398
2016-01-28,16.774904
2016-01-29,16.73178
2016-01-30,16.73178
2016-01-31,16.73178
2016-02-01,16.828766
2016-02-02,16.817884
2016-02-03,16.826883
2016-02-04,16.88849
2016-02-05,16.83394
2016-02-06,16.83365
2016-02-07,16.83365
2016-02-08,16.829891
2016-02-09,16.812551
2016-02-10,16.812887
2016-02-11,16.777794
2016-02-12,16.772032
2016-02-13,16.772032
2016-02-14,16.772032
2016-02-15,16.772036
2016-02-16,16.79392
2016-02-17,16.813437
2016-02-18,16.86065
2016-02-19,16.902908
2016-02-20,16.904148
2016-02-21,16.904148
2016-02-22,16.905
2016-02-23,16.907286
2016-02-24,16.908165
2016-02-25,16.945616
2016-02-26,16.890705
2016-02-27,17.107498
2016-02-28,17.107498
2016-02-29,17.085472
2016-03-01,17.044235
2016-03-02,17.035532
2016-03-03,17.01756
2016-03-04,17.017832
2016-03-05,17.018436
2016-03-06,17.018436
2016-03-07,17.011581
2016-03-08,17.00999
2016-03-09,17.007462
2016-03-10,16.9795
2016-03-11,16.974897
2016-03-12,16.974897
2016-03-13,16.974897
2016-03-14,16.97787
2016-03-15,16.91637
2016-03-16,16.915573
2016-03-17,16.89677
2016-03-18,16.890848
2016-03-19,16.890865
2016-03-20,16.890865
2016-03-21,16.887724
2016-03-22,16.867022
2016-03-23,16.880451
2016-03-24,16.82333
2016-03-25,16.823252
2016-03-26,16.823246
2016-03-27,16.823246
2016-03-28,16.827177
2016-03-29,16.83316
2016-03-30,16.83634
2016-03-31,16.837189
2016-04-01,16.841434
2016-04-02,16.841434
2016-04-03,16.841434
2016-04-04,16.841434
2016-04-05,16.844734
2016-04-06,16.833635
2016-04-07,16.83075
2016-04-08,16.84527
2016-04-09,16.823997
2016-04-10,16.823997
2016-04-11,16.825441
2016-04-12,16.831764
2016-04-13,16.831259
2016-04-14,16.83117
2016-04-15,16.831612
2016-04-16,16.831612
2016-04-17,16.831612
2016-04-18,17.019361
2016-04-19,17.049366
2016-04-20,17.173891
2016-04-21,17.650206
2016-04-22,17.94541
2016-04-23,17.94541
2016-04-24,17.94541
2016-04-25,17.91296
2016-04-26,18.10669
2016-04-27,18.6046
2016-04-28,19.051641
2016-04-29,19.153343
2016-04-30,19.167511
2016-05-01,19.167511
2016-05-02,19.148191
2016-05-03,19.127726
2016-05-04,19.312708
2016-05-05,19.279934
2016-05-06,19.3064
2016-05-07,19.3064
2016-05-08,19.307604
2016-05-09,19.313171
2016-05-10,19.297934
2016-05-11,19.348318
2016-05-12,19.396444
2016-05-13,19.396221
2016-05-14,19.395956
2016-05-15,19.396679
2016-05-16,19.395884
2016-05-17,19.393938
2016-05-18,19.513433
2016-05-19,19.606293
2016-05-20,19.596924
2016-05-21,19.596924
2016-05-22,19.596924
2016-05-23,19.595947
2016-05-24,19.556442
2016-05-25,19.573849
2016-05-26,19.63291
2016-05-27,19.636782
2016-05-28,19.636782
2016-05-29,19.636782
2016-05-30,19.636782
2016-05-31,19.647055
2016-06-01,19.65905
2016-06-02,19.660912
2016-06-03,19.660961
2016-06-04,19.660961
2016-06-05,19.660961
2016-06-06,19.65738
2016-06-07,19.674038
2016-06-08,19.662706
2016-06-09,19.65851
2016-06-10,19.658255
2016-06-11,19.658255
2016-06-12,19.658255
2016-06-13,19.659237
2016-06-14,19.66067
2016-06-15,19.661343
2016-06-16,19.611422
2016-06-17,19.612297
2016-06-18,19.612297
2016-06-19,19.612297
2016-06-20,19.612297
2016-06-21,19.61369
2016-06-22,19.63451
2016-06-23,19.673805
2016-06-24,19.673689
2016-06-25,19.673689
2016-06-26,19.673689
2016-06-27,19.673561
2016-06-28,19.637392
2016-06-29,19.66653
2016-06-30,19.662516
2016-07-01,19.66284
2016-07-02,19.66284
2016-07-03,19.66284
2016-07-04,19.66284
2016-07-05,19.661428
2016-07-06,19.647509
2016-07-07,19.57709
2016-07-08,19.576542
2016-07-09,19.576542
2016-07-10,19.576542
2016-07-11,19.567684
2016-07-12,19.559727
2016-07-13,19.550386
2016-07-14,19.489317
2016-07-15,19.488562
2016-07-16,19.488562
2016-07-17,19.488562
2016-07-18,19.419748
2016-07-19,19.481459
2016-07-20,19.440535
2016-07-21,19.312016
2016-07-22,18.98885
2016-07-23,18.98885
2016-07-24,18.98885
2016-07-25,18.9749
2016-07-26,19.59999
2016-07-27,19.17026
2016-07-28,18.939503
2016-07-29,18.959911
2016-07-30,18.959204
2016-07-31,18.959204
2016-08-01,18.972631
2016-08-02,19.107264
2016-08-03,19.144596
2016-08-04,19.135914
2016-08-05,19.15815
2016-08-06,19.156172
2016-08-07,19.156172
2016-08-08,19.154434
2016-08-09,18.877604
2016-08-10,18.87029
2016-08-11,18.878206
2016-08-12,18.870455
2016-08-13,18.870455
2016-08-14,18.870455
2016-08-15,18.875217
2016-08-16,18.831583
2016-08-17,18.79279
2016-08-18,18.759556
2016-08-19,18.774445
2016-08-20,18.774445
2016-08-21,18.774445
2016-08-22,18.774427
2016-08-23,18.774979
2016-08-24,18.78002
2016-08-25,18.816385
2016-08-26,18.818268
2016-08-27,18.818268
2016-08-28,18.818268
2016-08-29,18.815575
2016-08-30,18.816969
2016-08-31,18.8367
2016-09-01,18.83894
2016-09-02,18.837538
2016-09-03,18.838093
2016-09-04,18.838093
2016-09-05,18.838093
2016-09-06,18.835417
2016-09-07,18.756527
2016-09-08,18.749134
2016-09-09,18.777859
2016-09-10,18.777859
2016-09-11,18.777859
2016-09-12,18.773355
2016-09-13,18.773867
2016-09-14,18.776888
2016-09-15,18.84381
2016-09-16,18.84381
2016-09-17,18.84381
2016-09-18,18.84409
2016-09-19,18.843853
2016-09-20,18.83423
2016-09-21,18.831785
2016-09-22,18.828512
2016-09-23,18.827847
2016-09-24,18.827847
2016-09-25,18.827847
2016-09-26,18.774313
2016-09-27,18.748133
2016-09-28,18.747242
2016-09-29,18.723509
2016-09-30,18.72183
2016-10-01,18.72183
2016-10-02,18.72183
2016-10-03,18.722042
2016-10-04,18.723083
2016-10-05,18.727474
2016-10-06,18.727547
2016-10-07,18.727455
2016-10-08,18.727455
2016-10-09,18.727455
2016-10-10,18.727455
2016-10-11,18.72632
2016-10-12,18.728909
2016-10-13,18.742706
2016-10-14,18.738894
2016-10-15,18.738894
2016-10-16,18.738894
2016-10-17,18.688015
2016-10-18,18.562483
2016-10-19,18.564447
2016-10-20,18.292336
2016-10-21,18.350096
2016-10-22,18.341282
2016-10-23,18.342138
2016-10-24,18.31571
2016-10-25,18.496418
2016-10-26,18.621498
2016-10-27,19.128613
2016-10-28,19.047892
2016-10-29,19.04694
2016-10-30,19.04694
2016-10-31,18.986315
2016-11-01,19.024038
2016-11-02,18.906404
2016-11-03,18.96236
2016-11-04,18.804182
2016-11-05,18.797882
2016-11-06,18.791796
2016-11-07,18.809578
2016-11-08,18.752937
2016-11-09,18.75701
2016-11-10,18.772259
2016-11-11,18.777864
2016-11-12,18.777864
2016-11-13,18.777864
2016-11-14,18.704592
2016-11-15,18.705368
2016-11-16,18.750084
2016-11-17,18.774342
2016-11-18,18.774492
2016-11-19,18.774492
2016-11-20,18.774492
2016-11-21,18.77387
2016-11-22,18.908989
2016-11-23,18.928068
2016-11-24,18.92906
2016-11-25,18.92906
2016-11-26,18.92906
2016-11-27,18.92906
2016-11-28,18.928915
2016-11-29,18.940107
2016-11-30,18.933363
2016-12-01,18.92176
2016-12-02,18.921951
2016-12-03,18.921951
2016-12-04,18.921951
2016-12-05,18.921896
2016-12-06,18.9323
2016-12-07,18.93506
2016-12-08,18.935509
2016-12-09,18.928997
2016-12-10,18.928997
2016-12-11,18.928997
2016-12-12,18.928053
2016-12-13,18.929867
2016-12-14,18.938072
2016-12-15,18.90671
2016-12-16,18.90665
2016-12-17,18.90665
2016-12-18,18.90665
2016-12-19,18.902956
2016-12-20,18.978355
2016-12-21,18.995138
2016-12-22,18.990337
2016-12-23,18.98991
2016-12-24,18.98991
2016-12-25,18.98991
2016-12-26,18.98991
2016-12-27,18.989841
2016-12-28,18.989855
2016-12-29,18.990007
2016-12-30,18.990007
2016-12-31,18.990007
2017-01-01,18.990007
2017-01-02,18.990007
2017-01-03,18.990007
2017-01-04,18.991566
2017-01-05,19.026304
2017-01-06,19.025698
2017-01-07,19.025698
2017-01-08,19.025698
2017-01-09,19.029007
2017-01-10,19.026253
2017-01-11,19.027542
2017-01-12,19.074287
2017-01-13,19.07233
2017-01-14,19.071909
2017-01-15,19.071909
2017-01-16,19.071909
2017-01-17,19.1317
2017-01-18,19.151949
2017-01-19,19.069778
2017-01-20,18.98079
2017-01-21,18.98079
2017-01-22,18.98079
2017-01-23,18.987955
2017-01-24,18.882143
2017-01-25,18.783566
2017-01-26,18.874825
2017-01-27,19.01009
2017-01-28,19.01009
2017-01-29,19.01009
2017-01-30,19.014
2017-01-31,18.548449
2017-02-01,17.974855
2017-02-02,17.870106
2017-02-03,17.915495
2017-02-04,17.915367
2017-02-05,17.915367
2017-02-06,17.906477
2017-02-07,18.077227
2017-02-08,18.0897
2017-02-09,18.175434
2017-02-10,18.177107
2017-02-11,18.175726
2017-02-12,18.17
2017-02-13,18.167276
2017-02-14,18.114288
2017-02-15,18.02604
2017-02-16,18.105532
2017-02-17,18.134981
2017-02-18,18.118553
2017-02-19,18.118553
2017-02-20,18.121302
2017-02-21,18.171803
2017-02-22,18.065983
2017-02-23,18.085894
2017-02-24,18.096241
2017-02-25,18.185751
2017-02-26,18.185751
2017-02-27,18.193218
2017-02-28,18.1988
2017-03-01,18.250994
2017-03-02,18.247446
2017-03-03,18.24683
2017-03-04,18.24683
2017-03-05,18.24683
2017-03-06,18.253506
2017-03-07,18.1522
2017-03-08,18.158157
2017-03-09,18.115513
2017-03-10,18.11879
2017-03-11,18.11879
2017-03-12,18.11879
2017-03-13,18.11679
2017-03-14,18.117325
2017-03-15,18.194426
2017-03-16,18.192501
2017-03-17,18.189253
2017-03-18,18.189253
2017-03-19,18.189253
2017-03-20,18.190105
2017-03-21,18.212366
2017-03-22,18.209875
2017-03-23,18.165527
2017-03-24,18.173452
2017-03-25,18.173452
2017-03-26,18.173452
2017-03-27,18.169422
2017-03-28,18.194113
2017-03-29,18.192337
2017-03-30,18.193478
2017-03-31,18.192987
2017-04-01,18.193043
2017-04-02,18.193043
2017-04-03,18.193043
2017-04-04,18.192863
2017-04-05,18.111212
2017-04-06,18.111675
2017-04-07,18.111675
2017-04-08,18.111675
2017-04-09,18.111675
2017-04-10,18.112295
2017-04-11,18.112272
2017-04-12,18.114075
2017-04-13,18.11688
2017-04-14,18.117071
2017-04-15,18.117071
2017-04-16,18.117071
2017-04-17,18.1545
2017-04-18,18.303612
2017-04-19,18.590477
2017-04-20,18.660503
2017-04-21,18.824102
2017-04-22,18.824102
2017-04-23,18.82429
2017-04-24,18.854834
2017-04-25,18.818022
2017-04-26,18.862259
2017-04-27,18.754257
2017-04-28,18.42615
2017-04-29,18.425022
2017-04-30,18.425022
2017-05-01,18.452719
2017-05-02,19.562757
2017-05-03,19.55803
2017-05-04,19.43047
2017-05-05,19.594215
2017-05-06,19.5943
2017-05-07,19.597391
2017-05-08,19.67
2017-05-09,19.633904
2017-05-10,19.790596
2017-05-11,19.76915
2017-05-12,19.730621
2017-05-13,19.730621
2017-05-14,19.730621
2017-05-15,19.732288
2017-05-16,19.759878
2017-05-17,19.801756
2017-05-18,19.709839
2017-05-19,19.667377
2017-05-20,19.667377
2017-05-21,19.667377
2017-05-22,19.67227
2017-05-23,19.612745
2017-05-24,19.651787
2017-05-25,19.686258
2017-05-26,19.688858
2017-05-27,19.688858
2017-05-28,19.688858
2017-05-29,19.688858
2017-05-30,19.681423
2017-05-31,19.694986
2017-06-01,19.726357
2017-06-02,19.716883
2017-06-03,19.716883
2017-06-04,19.716883
2017-06-05,19.712923
2017-06-06,19.724607
2017-06-07,19.726994
2017-06-08,19.726215
2017-06-09,19.728333
2017-06-10,19.728333
2017-06-11,19.728333
2017-06-12,19.727396
2017-06-13,19.722347
2017-06-14,19.722832
2017-06-15,19.726486
2017-06-16,19.726486
2017-06-17,19.726486
2017-06-18,19.726486
2017-06-19,19.726486
2017-06-20,19.696747
2017-06-21,19.637121
2017-06-22,19.66196
2017-06-23,19.623383
2017-06-24,19.623383
2017-06-25,19.623383
2017-06-26,19.622879
2017-06-27,19.623777
2017-06-28,19.650526
2017-06-29,19.603756
2017-06-30,19.60393
2017-07-01,19.60393
2017-07-02,19.60393
2017-07-03,19.604372
2017-07-04,19.604372
2017-07-05,19.61244
2017-07-06,19.612362
2017-07-07,19.612366
2017-07-08,19.612366
2017-07-09,19.612366
2017-07-10,19.61252
2017-07-11,19.56584
2017-07-12,19.561832
2017-07-13,19.527025
2017-07-14,19.526852
2017-07-15,19.526852
2017-07-16,19.526852
2017-07-17,19.534822
2017-07-18,19.468061
2017-07-19,19.478888
2017-07-20,19.3897
2017-07-21,19.315834
2017-07-22,19.315834
2017-07-23,19.315834
2017-07-24,19.480875
2017-07-25,19.345488
2017-07-26,19.216206
2017-07-27,19.758146
2017-07-28,19.828922
2017-07-29,19.828922
2017-07-30,19.82976
2017-07-31,19.830976
2017-08-01,20.02866
2017-08-02,20.169586
2017-08-03,20.212738
2017-08-04,20.251461
2017-08-05,20.250837
2017-08-06,20.24926
2017-08-07,20.242407
2017-08-08,20.188595
2017-08-09,20.097115
2017-08-10,20.177372
2017-08-11,20.175665
2017-08-12,20.175665
2017-08-13,20.175709
2017-08-14,20.173523
2017-08-15,20.106558
2017-08-16,20.097864
2017-08-17,20.100805
2017-08-18,20.131475
2017-08-19,20.131475
2017-08-20,20.131475
2017-08-21,20.162628
2017-08-22,20.240028
2017-08-23,20.166037
2017-08-24,20.16073
2017-08-25,20.163836
2017-08-26,20.163836
2017-08-27,20.163836
2017-08-28,20.162453
2017-08-29,20.161486
2017-08-30,20.159918
2017-08-31,20.147785
2017-09-01,20.147785
2017-09-02,20.147785
2017-09-03,20.147785
2017-09-04,20.147785
2017-09-05,20.136211
2017-09-06,20.129715
2017-09-07,20.1359
2017-09-08,20.128506
2017-09-09,20.128506
2017-09-10,20.128506
2017-09-11,20.12824
2017-09-12,20.128296
2017-09-13,20.126076
2017-09-14,20.219576
2017-09-15,20.220522
2017-09-16,20.220522
2017-09-17,20.220522
2017-09-18,20.218824
2017-09-19,20.235815
2017-09-20,20.234413
2017-09-21,20.2348
2017-09-22,20.23754
2017-09-23,20.23754
2017-09-24,20.23754
2017-09-25,20.238152
2017-09-26,20.124935
2017-09-27,20.127562
2017-09-28,20.13549
2017-09-29,20.13549
2017-09-30,20.13549
2017-10-01,20.13549
2017-10-02,20.13549
2017-10-03,20.131523
2017-10-04,20.178658
2017-10-05,20.144388
2017-10-06,20.14441
2017-10-07,20.14441
2017-10-08,20.14441
2017-10-09,20.14441
2017-10-10,20.144716
2017-10-11,20.143488
2017-10-12,20.139658
2017-10-13,20.141436
2017-10-14,20.141436
2017-10-15,20.141436
2017-10-16,20.151123
2017-10-17,20.128248
2017-10-18,20.100386
2017-10-19,20.170677
2017-10-20,20.079533
2017-10-21,20.079533
2017-10-22,20.080242
2017-10-23,20.010181
2017-10-24,20.223825
2017-10-25,20.253828
2017-10-26,19.897163
2017-10-27,19.807047
2017-10-28,19.807047
2017-10-29,19.807047
2017-10-30,19.713293
2017-10-31,19.655325
2017-11-01,19.705622
2017-11-02,19.463768
2017-11-03,19.516087
2017-11-04,19.515692
2017-11-05,19.516266
2017-11-06,19.465723
2017-11-07,19.39545
2017-11-08,19.360565
2017-11-09,19.31978
2017-11-10,19.333057
2017-11-11,19.333057
2017-11-12,19.333057
2017-11-13,19.35064
2017-11-14,19.388039
2017-11-15,19.401241
2017-11-16,19.485481
2017-11-17,19.483957
2017-11-18,19.483957
2017-11-19,19.483738
2017-11-20,19.488323
2017-11-21,19.44429
2017-11-22,19.456757
2017-11-23,19.456757
2017-11-24,19.456757
2017-11-25,19.456757
2017-11-26,19.456757
2017-11-27,19.45818
2017-11-28,19.458351
2017-11-29,19.451868
2017-11-30,19.454035
2017-12-01,19.455336
2017-12-02,19.455336
2017-12-03,19.455336
2017-12-04,19.455364
2017-12-05,19.470049
2017-12-06,19.46889
2017-12-07,19.409472
2017-12-08,19.4078
2017-12-09,19.4078
2017-12-10,19.4078
2017-12-11,19.408445
2017-12-12,19.408037
2017-12-13,19.410305
2017-12-14,19.43182
2017-12-15,19.433813
2017-12-16,19.433813
2017-12-17,19.433813
2017-12-18,19.433989
2017-12-19,19.462742
2017-12-20,19.466066
2017-12-21,19.489388
2017-12-22,19.489445
2017-12-23,19.489445
2017-12-24,19.489445
2017-12-25,19.489445
2017-12-26,19.489445
2017-12-27,19.489449
2017-12-28,19.489218
2017-12-29,19.489204
2017-12-30,19.489204
2017-12-31,19.489204
2018-01-01,19.489204
2018-01-02,19.489204
2018-01-03,19.489086
2018-01-04,19.474573
2018-01-05,19.477505
2018-01-06,19.477505
2018-01-07,19.477505
2018-01-08,19.476063
2018-01-09,19.475485
2018-01-10,19.47144
2018-01-11,19.527376
2018-01-12,19.513496
2018-01-13,19.513496
2018-01-14,19.513496
2018-01-15,19.513496
2018-01-16,19.295727
2018-01-17,19.297834
2018-01-18,19.27932
2018-01-19,19.254124
2018-01-20,19.254124
2018-01-21,19.254124
2018-01-22,19.23053
2018-01-23,18.486311
2018-01-24,17.677704
2018-01-25,17.260347
2018-01-26,17.308838
2018-01-27,17.308838
2018-01-28,17.308838
2018-01-29,17.231047
2018-01-30,16.775991
2018-01-31,15.9710865
2018-02-01,15.356492
2018-02-02,14.451126
2018-02-03,14.451126
2018-02-04,14.451126
2018-02-05,14.472127
2018-02-06,14.177048
2018-02-07,14.003654
2018-02-08,13.829542
2018-02-09,13.786754
2018-02-10,13.787108
2018-02-11,13.787108
2018-02-12,13.762247
2018-02-13,13.753439
2018-02-14,13.532804
2018-02-15,13.479377
2018-02-16,13.202574
2018-02-17,13.202574
2018-02-18,13.202574
2018-02-19,13.23521
2018-02-20,13.19373
2018-02-21,13.100807
2018-02-22,12.953691
2018-02-23,12.913818
2018-02-24,12.244034
2018-02-25,12.244034
2018-02-26,12.238383
2018-02-27,12.009388
2018-02-28,12.012999
2018-03-01,11.92499
2018-03-02,11.936661
2018-03-03,11.936661
2018-03-04,11.936661
2018-03-05,11.9342785
2018-03-06,11.91828
2018-03-07,12.002866
2018-03-08,11.992838
2018-03-09,11.985662
2018-03-10,11.985853
2018-03-11,11.985853
2018-03-12,11.985798
2018-03-13,11.982946
2018-03-14,11.978935
2018-03-15,11.8440895
2018-03-16,11.84235
2018-03-17,11.842075
2018-03-18,11.842075
2018-03-19,11.841062
2018-03-20,11.81111
2018-03-21,11.796962
2018-03-22,11.789687
2018-03-23,11.789719
2018-03-24,11.789719
2018-03-25,11.789719
2018-03-26,11.786257
2018-03-27,11.779215
2018-03-28,11.76899
2018-03-29,11.7600765
2018-03-30,11.760516
2018-03-31,11.760432
2018-04-01,11.760432
2018-04-02,11.758818
2018-04-03,11.756884
2018-04-04,11.759986
2018-04-05,11.732974
2018-04-06,11.738461
2018-04-07,11.738461
2018-04-08,11.738461
2018-04-09,11.738423
2018-04-10,11.736552
2018-04-11,11.733278
2018-04-12,11.725935
2018-04-13,11.732596
2018-04-14,11.732596
2018-04-15,11.732596
2018-04-16,11.751922
2018-04-17,11.845096
2018-04-18,11.86656
2018-04-19,11.829878
2018-04-20,11.842133
2018-04-21,11.842133
2018-04-22,11.842133
2018-04-23,11.850981
2018-04-24,12.05215
2018-04-25,12.88952
2018-04-26,13.402737
2018-04-27,13.847554
2018-04-28,13.84391
2018-04-29,13.856057
2018-04-30,13.9235115
2018-05-01,14.532967
2018-05-02,15.36021
2018-05-03,15.511408
2018-05-04,15.534006
2018-05-05,15.533987
2018-05-06,15.532974
2018-05-07,15.628698
2018-05-08,15.683961
2018-05-09,15.963981
2018-05-10,15.978073
2018-05-11,15.9749975
2018-05-12,15.975262
2018-05-13,15.975262
2018-05-14,15.977422
2018-05-15,15.945629
2018-05-16,16.005598
2018-05-17,15.909736
2018-05-18,15.930577
2018-05-19,15.930577
2018-05-20,15.930577
2018-05-21,15.929385
2018-05-22,15.9449005
2018-05-23,15.953042
2018-05-24,15.993799
2018-05-25,15.992782
2018-05-26,15.992782
2018-05-27,15.992782
2018-05-28,15.992782
2018-05-29,16.023735
2018-05-30,16.046827
2018-05-31,16.112425
2018-06-01,16.114983
2018-06-02,16.114983
2018-06-03,16.114983
2018-06-04,16.114918
2018-06-05,16.122381
2018-06-06,16.124708
2018-06-07,16.248714
2018-06-08,16.248735
2018-06-09,16.248735
2018-06-10,16.248735
2018-06-11,16.24836
2018-06-12,16.241869
2018-06-13,16.242659
2018-06-14,16.257296
2018-06-15,16.257294
2018-06-16,16.257294
2018-06-17,16.257294
2018-06-18,16.257294
2018-06-19,16.242216
2018-06-20,16.227844
2018-06-21,16.18302
2018-06-22,16.17971
2018-06-23,16.17971
2018-06-24,16.17971
2018-06-25,16.170761
2018-06-26,16.167267
2018-06-27,16.214151
2018-06-28,16.208315
2018-06-29,16.216797
2018-06-30,16.216797
2018-07-01,16.216797
2018-07-02,16.21659
2018-07-03,16.217232
2018-07-04,16.217232
2018-07-05,16.223158
2018-07-06,16.223158
2018-07-07,16.223158
2018-07-08,16.223158
2018-07-09,16.221928
2018-07-10,16.204336
2018-07-11,16.203938
2018-07-12,16.18189
2018-07-13,16.18608
2018-07-14,16.18608
2018-07-15,16.18608
2018-07-16,16.207207
2018-07-17,16.184084
2018-07-18,15.890951
2018-07-19,15.79885
2018-07-20,15.789281
2018-07-21,15.789281
2018-07-22,15.789281
2018-07-23,16.046707
2018-07-24,15.966573
2018-07-25,16.12946
2018-07-26,15.910691
2018-07-27,15.947835
2018-07-28,15.947835
2018-07-29,15.94665
2018-07-30,15.93871
2018-07-31,16.051895
2018-08-01,16.288845
2018-08-02,16.471888
2018-08-03,16.40223
2018-08-04,17.252762
2018-08-05,17.252762
2018-08-06,17.317333
2018-08-07,17.50846
2018-08-08,17.602291
2018-08-09,17.59659
2018-08-10,17.602291
2018-08-11,17.602362
2018-08-12,17.602362
2018-08-13,17.601511
2018-08-14,17.548018
2018-08-15,17.490162
2018-08-16,17.499573
2018-08-17,17.515354
2018-08-18,17.515354
2018-08-19,17.515354
2018-08-20,17.395296
2018-08-21,17.405422
2018-08-22,17.395441
2018-08-23,17.419466
2018-08-24,17.425722
2018-08-25,17.425722
2018-08-26,17.425722
2018-08-27,17.425621
2018-08-28,17.437794
2018-08-29,17.440067
2018-08-30,17.427652
2018-08-31,17.427729
2018-09-01,17.427729
2018-09-02,17.427729
2018-09-03,17.427729
2018-09-04,17.42682
2018-09-05,17.4247
2018-09-06,17.549526
2018-09-07,17.549078
2018-09-08,17.549078
2018-09-09,17.549078
2018-09-10,17.54706
2018-09-11,17.547323
2018-09-12,17.54535
2018-09-13,17.619965
2018-09-14,17.620396
2018-09-15,17.620396
2018-09-16,17.620396
2018-09-17,17.678177
2018-09-18,17.672045
2018-09-19,17.673227
2018-09-20,17.649519
2018-09-21,17.649519
2018-09-22,17.649519
2018-09-23,17.649519
2018-09-24,17.649628
2018-09-25,17.665754
2018-09-26,17.666763
2018-09-27,17.614544
2018-09-28,17.614021
2018-09-29,17.614021
2018-09-30,17.614021
2018-10-01,17.61677
2018-10-02,17.589132
2018-10-03,17.585054
2018-10-04,17.56137
2018-10-05,17.56137
2018-10-06,17.56137
2018-10-07,17.56137
2018-10-08,17.561394
2018-10-09,17.561613
2018-10-10,17.564137
2018-10-11,17.548815
2018-10-12,17.54886
2018-10-13,17.54886
2018-10-14,17.550623
2018-10-15,17.551313
2018-10-16,17.598648
2018-10-17,17.610214
2018-10-18,17.904083
2018-10-19,17.781595
2018-10-20,17.781595
2018-10-21,17.781595
2018-10-22,17.777391
2018-10-23,17.792126
2018-10-24,17.864006
2018-10-25,17.584698
2018-10-26,17.566532
2018-10-27,17.565947
2018-10-28,17.56438
2018-10-29,17.527185
2018-10-30,17.480354
2018-10-31,17.373274
2018-11-01,17.32668
2018-11-02,17.144014
2018-11-03,16.914429
2018-11-04,16.914429
2018-11-05,16.90746
2018-11-06,16.933428
2018-11-07,16.944714
2018-11-08,17.025269
2018-11-09,17.035421
2018-11-10,17.024597
2018-11-11,17.024597
2018-11-12,17.024567
2018-11-13,17.03138
2018-11-14,17.058992
2018-11-15,17.10008
2018-11-16,17.10705
2018-11-17,17.10705
2018-11-18,17.10705
2018-11-19,17.16346
2018-11-20,17.206787
2018-11-21,17.211506
2018-11-22,17.211506
2018-11-23,17.211506
2018-11-24,17.211506
2018-11-25,17.211506
2018-11-26,17.211454
2018-11-27,17.219004
2018-11-28,17.217752
2018-11-29,17.200464
2018-11-30,17.20031
2018-12-01,17.20031
2018-12-02,17.20031
2018-12-03,17.201302
2018-12-04,17.197283
2018-12-05,17.192404
2018-12-06,17.195065
2018-12-07,17.195572
2018-12-08,17.195572
2018-12-09,17.195572
2018-12-10,17.196274
2018-12-11,17.195686
2018-12-12,17.19744
2018-12-13,17.207376
2018-12-14,17.207346
2018-12-15,17.207651
2018-12-16,17.207651
2018-12-17,17.204115
2018-12-18,17.228218
2018-12-19,17.228779
2018-12-20,17.291208
2018-12-21,17.290926
2018-12-22,17.290926
2018-12-23,17.290926
2018-12-24,17.290945
2018-12-25,17.290945
2018-12-26,17.290945
2018-12-27,17.291027
2018-12-28,17.290981
2018-12-29,17.29099
2018-12-30,17.29099
2018-12-31,17.29099
2019-01-01,17.29099
2019-01-02,17.29099
2019-01-03,17.290829
2019-01-04,17.291334
2019-01-05,17.291334
2019-01-06,17.291334
2019-01-07,17.292528
2019-01-08,17.292555
2019-01-09,17.313543
2019-01-10,17.311598
2019-01-11,17.313272
2019-01-12,17.313272
2019-01-13,17.313272
2019-01-14,17.313284
2019-01-15,17.338213
2019-01-16,17.344055
2019-01-17,17.338043
2019-01-18,17.319454
2019-01-19,17.319454
2019-01-20,17.319454
2019-01-21,17.315996
2019-01-22,17.330574
2019-01-23,17.402334
2019-01-24,17.453333
2019-01-25,17.483128
2019-01-26,17.483128
2019-01-27,17.483128
2019-01-28,17.516212
2019-01-29,17.070131
2019-01-30,16.806587
2019-01-31,16.629385
2019-02-01,16.637606
2019-02-02,16.637606
2019-02-03,16.637606
2019-02-04,16.662107
2019-02-05,16.596355
2019-02-06,16.064049
2019-02-07,16.521542
2019-02-08,16.477684
2019-02-09,16.480202
2019-02-10,16.480202
2019-02-11,16.46897
2019-02-12,16.464462
2019-02-13,16.451548
2019-02-14,16.50713
2019-02-15,16.324211
2019-02-16,16.324211
2019-02-17,16.324211
2019-02-18,16.316338
2019-02-19,16.121326
2019-02-20,16.11974
2019-02-21,16.126865
2019-02-22,16.13715
2019-02-23,16.138
2019-02-24,16.139425
2019-02-25,16.111916
2019-02-26,16.021923
2019-02-27,15.785232
2019-02-28,15.704473
2019-03-01,15.690468
2019-03-02,15.695207
2019-03-03,15.695207
2019-03-04,15.680907
2019-03-05,15.674077
2019-03-06,15.678957
2019-03-07,15.659149
2019-03-08,15.666456
2019-03-09,15.666456
2019-03-10,15.666456
2019-03-11,15.672848
2019-03-12,15.654522
2019-03-13,15.64275
2019-03-14,15.653974
2019-03-15,15.652188
2019-03-16,15.653182
2019-03-17,15.653182
2019-03-18,15.592318
2019-03-19,15.592277
2019-03-20,15.655604
2019-03-21,15.649476
2019-03-22,15.643531
2019-03-23,15.643531
2019-03-24,15.643531
2019-03-25,15.642496
2019-03-26,15.648669
2019-03-27,15.665717
2019-03-28,15.571666
2019-03-29,15.571131
2019-03-30,15.571131
2019-03-31,15.571131
2019-04-01,15.565731
2019-04-02,15.552488
2019-04-03,15.553146
2019-04-04,15.513892
2019-04-05,15.514013
2019-04-06,15.514013
2019-04-07,15.514013
2019-04-08,15.514085
2019-04-09,15.513649
2019-04-10,15.525114
2019-04-11,15.52544
2019-04-12,15.526161
2019-04-13,15.526161
2019-04-14,15.526161
2019-04-15,15.525482
2019-04-16,15.578059
2019-04-17,15.822648
2019-04-18,15.975734
2019-04-19,15.975734
2019-04-20,15.975734
2019-04-21,15.975734
2019-04-22,15.991965
2019-04-23,16.001102
2019-04-24,16.465786
2019-04-25,16.715666
2019-04-26,16.946972
2019-04-27,16.950298
2019-04-28,16.950298
2019-04-29,17.121355
2019-04-30,17.804573
2019-05-01,17.826208
2019-05-02,17.821712
2019-05-03,17.915138
2019-05-04,17.74469
2019-05-05,17.75052
2019-05-06,17.760155
2019-05-07,17.733887
2019-05-08,17.638584
2019-05-09,17.805733
2019-05-10,17.954275
2019-05-11,17.953922
2019-05-12,17.953922
2019-05-13,17.963486
2019-05-14,17.98393
2019-05-15,18.02893
2019-05-16,18.064209
2019-05-17,18.034357
2019-05-18,18.034357
2019-05-19,18.034357
2019-05-20,18.03108
2019-05-21,18.073626
2019-05-22,18.104984
2019-05-23,18.089472
2019-05-24,18.089224
2019-05-25,18.089224
2019-05-26,18.089224
2019-05-27,18.089224
2019-05-28,18.092464
2019-05-29,18.119955
2019-05-30,18.194345
2019-05-31,18.200487
2019-06-01,18.200487
2019-06-02,18.200487
2019-06-03,18.20161
2019-06-04,18.213827
2019-06-05,18.229645
2019-06-06,18.252594
2019-06-07,18.252533
2019-06-08,18.252533
2019-06-09,18.252533
2019-06-10,18.25294
2019-06-11,18.265707
2019-06-12,18.273218
2019-06-13,18.27698
2019-06-14,18.27688
2019-06-15,18.277225
2019-06-16,18.277225
2019-06-17,18.276764
2019-06-18,18.283361
2019-06-19,18.228088
2019-06-20,18.191847
2019-06-21,18.175062
2019-06-22,18.175062
2019-06-23,18.175062
2019-06-24,18.174948
2019-06-25,18.19692
2019-06-26,18.192493
2019-06-27,18.190918
2019-06-28,18.191744
2019-06-29,18.191744
2019-06-30,18.191744
2019-07-01,18.191637
2019-07-02,18.189592
2019-07-03,18.189943
2019-07-04,18.189943
2019-07-05,18.189943
2019-07-06,18.189943
2019-07-07,18.189943
2019-07-08,18.189276
2019-07-09,18.170105
2019-07-10,18.16933
2019-07-11,18.136736
2019-07-12,18.137281
2019-07-13,18.137281
2019-07-14,18.137281
2019-07-15,18.135763
2019-07-16,18.009533
2019-07-17,17.963223
2019-07-18,17.736052
2019-07-19,17.748707
2019-07-20,17.748707
2019-07-21,17.748707
2019-07-22,17.767712
2019-07-23,17.715656
2019-07-24,17.775372
2019-07-25,17.62094
2019-07-26,17.66819
2019-07-27,17.668211
2019-07-28,17.668211
2019-07-29,17.581299
2019-07-30,17.609503
2019-07-31,17.67423
2019-08-01,18.137283
2019-08-02,17.820656
2019-08-03,18.190346
2019-08-04,18.190346
2019-08-05,18.217749
2019-08-06,18.576422
2019-08-07,18.553139
2019-08-08,18.654598
2019-08-09,18.65515
2019-08-10,18.658268
2019-08-11,18.658268
2019-08-12,18.655317
2019-08-13,18.660162
2019-08-14,18.708326
2019-08-15,18.729017
2019-08-16,18.740551
2019-08-17,18.740551
2019-08-18,18.740551
2019-08-19,18.762398
2019-08-20,18.720268
2019-08-21,18.67326
2019-08-22,18.423277
2019-08-23,18.433054
2019-08-24,18.433054
2019-08-25,18.433054
2019-08-26,18.432337
2019-08-27,18.43623
2019-08-28,18.421951
2019-08-29,18.27237
2019-08-30,18.272532
2019-08-31,18.272532
2019-09-01,18.272532
2019-09-02,18.272532
2019-09-03,18.272602
2019-09-04,18.265724
2019-09-05,18.270433
2019-09-06,18.271215
2019-09-07,18.271215
2019-09-08,18.271215
2019-09-09,18.270422
2019-09-10,18.268034
2019-09-11,18.343674
2019-09-12,18.354109
2019-09-13,18.353882
2019-09-14,18.353882
2019-09-15,18.353882
2019-09-16,18.353733
2019-09-17,18.345238
2019-09-18,18.34956
2019-09-19,18.349579
2019-09-20,18.349579
2019-09-21,18.349579
2019-09-22,18.349579
2019-09-23,18.350111
2019-09-24,18.344204
2019-09-25,18.34362
2019-09-26,18.31157
2019-09-27,18.311293
2019-09-28,18.311293
2019-09-29,18.311293
2019-09-30,18.308256
2019-10-01,18.30821
2019-10-02,18.304483
2019-10-03,18.313059
2019-10-04,18.31242
2019-10-05,18.31242
2019-10-06,18.31242
2019-10-07,18.31242
2019-10-08,18.30645
2019-10-09,18.306658
2019-10-10,18.304615
2019-10-11,18.304752
2019-10-12,18.304752
2019-10-13,18.304752
2019-10-14,18.304752
2019-10-15,18.475687
2019-10-16,18.46399
2019-10-17,18.47147
2019-10-18,18.479753
2019-10-19,18.479753
2019-10-20,18.479753
2019-10-21,18.46143
2019-10-22,18.459394
2019-10-23,18.665783
2019-10-24,18.661356
2019-10-25,18.59959
2019-10-26,18.59959
2019-10-27,18.59959
2019-10-28,18.84968
2019-10-29,18.724352
2019-10-30,18.483406
2019-10-31,18.217709
2019-11-01,18.29002
2019-11-02,18.16749
2019-11-03,18.16749
2019-11-04,18.18626
2019-11-05,18.097897
2019-11-06,18.068237
2019-11-07,18.038166
2019-11-08,18.005718
2019-11-09,18.005718
2019-11-10,18.005718
2019-11-11,18.02348
2019-11-12,18.06042
2019-11-13,17.997738
2019-11-14,18.022295
2019-11-15,18.02981
2019-11-16,18.02981
2019-11-17,18.02981
2019-11-18,18.029114
2019-11-19,18.058846
2019-11-20,18.107733
2019-11-21,18.165506
2019-11-22,18.15963
2019-11-23,18.15963
2019-11-24,18.15963
2019-11-25,18.161547
2019-11-26,18.555841
2019-11-27,18.566042
2019-11-28,18.566042
2019-11-29,18.566034
2019-11-30,18.566034
2019-12-01,18.566034
2019-12-02,18.565832
2019-12-03,18.566923
2019-12-04,18.55761
2019-12-05,18.563314
2019-12-06,18.557318
2019-12-07,18.557318
2019-12-08,18.557318
2019-12-09,18.557468
2019-12-10,18.570314
2019-12-11,18.569386
2019-12-12,18.580502
2019-12-13,18.58052
2019-12-14,18.58052
2019-12-15,18.58052
2019-12-16,18.578924
2019-12-17,18.592142
2019-12-18,18.594162
2019-12-19,18.611837
2019-12-20,18.684244
2019-12-21,18.684244
2019-12-22,18.684244
2019-12-23,18.684044
2019-12-24,18.684044
2019-12-25,18.684044
2019-12-26,18.684044
2019-12-27,18.684341
2019-12-28,18.684341
2019-12-29,18.684341
2019-12-30,18.684341
2019-12-31,18.684341
2020-01-01,18.684341
2020-01-02,18.683956
2020-01-03,18.684114
2020-01-04,18.684114
2020-01-05,18.684114
2020-01-06,18.684721
2020-01-07,18.68471
2020-01-08,18.727192
2020-01-09,18.726059
2020-01-10,18.72031
2020-01-11,18.72031
2020-01-12,18.72031
2020-01-13,18.720217
2020-01-14,18.733768
2020-01-15,18.733768
2020-01-16,18.745157
2020-01-17,18.759598
2020-01-18,18.759598
2020-01-19,18.759598
2020-01-20,18.766617
2020-01-21,18.70806
2020-01-22,18.646864
2020-01-23,18.671204
2020-01-24,18.673006
2020-01-25,18.673006
2020-01-26,18.673006
2020-01-27,18.674837
2020-01-28,18.504396
2020-01-29,18.77078
2020-01-30,19.08788
2020-01-31,19.04007
2020-02-01,19.04007
2020-02-02,19.04007
2020-02-03,18.928621
2020-02-04,19.12645
2020-02-05,18.975082
2020-02-06,18.958267
2020-02-07,18.953693
2020-02-08,18.953693
2020-02-09,18.953693
2020-02-10,18.950024
2020-02-11,18.948841
2020-02-12,18.946566
2020-02-13,19.096123
2020-02-14,19.086796
2020-02-15,19.087116
2020-02-16,19.087116
2020-02-17,19.084967
2020-02-18,19.032553
2020-02-19,19.205872
2020-02-20,19.42542
2020-02-21,19.444492
2020-02-22,18.855146
2020-02-23,18.855146
2020-02-24,18.842693
2020-02-25,18.745327
2020-02-26,18.737823
2020-02-27,18.601648
2020-02-28,18.6017
2020-02-29,18.6017
2020-03-01,18.6017
2020-03-02,18.617779
2020-03-03,18.602076
2020-03-04,18.54026
2020-03-05,18.507591
2020-03-06,18.508108
2020-03-07,18.507833
2020-03-08,18.507833
2020-03-09,18.512709
2020-03-10,18.515694
2020-03-11,18.51321
2020-03-12,18.506374
2020-03-13,18.501247
2020-03-14,18.501247
2020-03-15,18.501247
2020-03-16,18.502193
2020-03-17,18.503256
2020-03-18,18.497585
2020-03-19,18.499365
2020-03-20,18.49299
2020-03-21,18.492939
2020-03-22,18.492939
2020-03-23,18.493177
2020-03-24,18.492481
2020-03-25,18.495886
2020-03-26,18.499197
2020-03-27,18.499598
2020-03-28,18.499598
2020-03-29,18.499598
2020-03-30,18.500341
2020-03-31,18.504364
2020-04-01,18.506325
2020-04-02,18.49011
2020-04-03,18.486868
2020-04-04,18.486868
2020-04-05,18.486868
2020-04-06,18.484734
2020-04-07,18.48212
2020-04-08,18.483753
2020-04-09,18.483269
2020-04-10,18.483269
2020-04-11,18.483269
2020-04-12,18.483269
2020-04-13,18.483292
2020-04-14,18.375671
2020-04-15,18.375767
2020-04-16,18.382826
2020-04-17,18.39143
2020-04-18,18.39143
2020-04-19,18.39143
2020-04-20,18.502895
2020-04-21,18.3678
2020-04-22,18.228039
2020-04-23,18.24275
2020-04-24,18.262077
2020-04-25,18.262077
2020-04-26,18.262077
2020-04-27,18.25135
2020-04-28,18.495213
2020-04-29,18.341042
2020-04-30,18.931585
2020-05-01,18.738543
2020-05-02,18.734772
2020-05-03,18.734772
2020-05-04,18.693245
2020-05-05,18.759169
2020-05-06,18.746708
2020-05-07,18.908813
2020-05-08,18.857702
2020-05-09,18.857391
2020-05-10,18.857391
2020-05-11,18.786772
2020-05-12,18.784418
2020-05-13,18.774858
2020-05-14,18.774536
2020-05-15,18.78567
2020-05-16,18.7857
2020-05-17,18.7857
2020-05-18,18.781355
2020-05-19,18.806786
2020-05-20,18.72882
2020-05-21,18.799665
2020-05-22,18.78871
2020-05-23,18.78871
2020-05-24,18.78871
2020-05-25,18.78871
2020-05-26,18.788576
2020-05-27,18.77402
2020-05-28,18.816528
2020-05-29,18.817698
2020-05-30,18.817698
2020-05-31,18.817698
2020-06-01,18.845886
2020-06-02,18.855782
2020-06-03,18.85682
2020-06-04,18.836956
2020-06-05,18.840725
2020-06-06,18.84067
2020-06-07,18.84067
2020-06-08,18.838509
2020-06-09,18.838682
2020-06-10,18.83377
2020-06-11,18.851803
2020-06-12,18.851648
2020-06-13,18.851648
2020-06-14,18.851648
2020-06-15,18.84545
2020-06-16,18.843435
2020-06-17,18.842829
2020-06-18,18.798338
2020-06-19,18.810186
2020-06-20,18.810186
2020-06-21,18.810186
2020-06-22,18.806986
2020-06-23,18.829395
2020-06-24,18.82863
2020-06-25,18.839315
2020-06-26,18.839743
2020-06-27,18.839743
2020-06-28,18.839743
2020-06-29,18.81476
2020-06-30,18.817596
2020-07-01,18.815008
2020-07-02,18.814901
2020-07-03,18.814901
2020-07-04,18.814901
2020-07-05,18.814901
2020-07-06,18.813555
2020-07-07,18.819273
2020-07-08,18.817797
2020-07-09,18.820364
2020-07-10,18.81954
2020-07-11,18.81954
2020-07-12,18.81954
2020-07-13,18.8146
2020-07-14,18.817387
2020-07-15,18.82339
2020-07-16,19.015907
2020-07-17,19.01924
2020-07-18,19.01924
2020-07-19,19.01924
2020-07-20,19.032728
2020-07-21,19.155132
2020-07-22,19.48489
2020-07-23,19.76776
2020-07-24,19.73174
2020-07-25,19.73174
2020-07-26,19.73174
2020-07-27,19.73559
2020-07-28,19.882536
2020-07-29,20.017984
2020-07-30,20.730476
2020-07-31,20.834688
2020-08-01,20.834688
2020-08-02,20.834917
2020-08-03,20.94159
2020-08-04,21.024752
2020-08-05,21.063488
2020-08-06,21.11775
2020-08-07,21.090687
2020-08-08,21.174358
2020-08-09,21.174358
2020-08-10,21.168495
2020-08-11,21.165873
2020-08-12,21.177008
2020-08-13,21.179531
2020-08-14,21.171795
2020-08-15,21.172523
2020-08-16,21.172523
2020-08-17,21.173912
2020-08-18,21.064295
2020-08-19,20.969847
2020-08-20,20.985104
2020-08-21,20.98987
2020-08-22,20.98987
2020-08-23,20.98987
2020-08-24,20.990513
2020-08-25,20.924725
2020-08-26,20.914577
2020-08-27,20.897463
2020-08-28,20.872711
2020-08-29,20.872711
2020-08-30,20.872711
2020-08-31,20.88205
2020-09-01,20.898146
2020-09-02,20.879318
2020-09-03,20.88584
2020-09-04,20.886036
2020-09-05,20.88603
2020-09-06,20.88603
2020-09-07,20.88603
2020-09-08,20.886986
2020-09-09,20.887266
2020-09-10,20.949049
2020-09-11,20.97318
2020-09-12,20.97318
2020-09-13,20.97318
2020-09-14,20.967466
2020-09-15,20.97973
2020-09-16,20.976551
2020-09-17,20.975704
2020-09-18,20.975704
2020-09-19,20.975704
2020-09-20,20.975704
2020-09-21,20.975407
2020-09-22,20.937757
2020-09-23,20.899963
2020-09-24,20.889336
2020-09-25,20.889378
2020-09-26,20.889378
2020-09-27,20.889378
2020-09-28,20.880203
2020-09-29,20.866016
2020-09-30,20.866253
2020-10-01,20.812084
2020-10-02,20.812084
2020-10-03,20.812084
2020-10-04,20.812084
2020-10-05,20.812084
2020-10-06,20.819485
2020-10-07,20.815414
2020-10-08,20.816776
2020-10-09,20.816776
2020-10-10,20.816776
2020-10-11,20.816776
2020-10-12,20.8169
2020-10-13,20.830994
2020-10-14,20.837433
2020-10-15,20.853151
2020-10-16,20.852362
2020-10-17,20.852362
2020-10-18,20.852362
2020-10-19,20.803465
2020-10-20,20.721106
2020-10-21,20.91391
2020-10-22,20.796436
2020-10-23,20.780573
2020-10-24,20.780853
2020-10-25,20.77696
2020-10-26,20.786785
2020-10-27,20.700249
2020-10-28,20.500143
2020-10-29,20.447512
2020-10-30,20.493872
2020-10-31,20.48778
2020-11-01,20.485943
2020-11-02,20.470028
2020-11-03,20.398773
2020-11-04,20.2742
2020-11-05,20.15724
2020-11-06,20.222412
2020-11-07,20.082201
2020-11-08,20.082201
2020-11-09,20.055904
2020-11-10,20.06351
2020-11-11,20.069847
2020-11-12,20.090502
2020-11-13,20.09337
2020-11-14,20.093945
2020-11-15,20.093945
2020-11-16,20.08805
2020-11-17,20.213963
2020-11-18,20.378283
2020-11-19,20.378023
2020-11-20,20.368303
2020-11-21,20.368301
2020-11-22,20.368301
2020-11-23,20.369482
2020-11-24,20.40557
2020-11-25,20.432623
2020-11-26,20.432623
2020-11-27,20.432135
2020-11-28,20.432135
2020-11-29,20.432135
2020-11-30,20.469795
2020-12-01,20.563442
2020-12-02,20.575457
2020-12-03,20.600697
2020-12-04,20.625418
2020-12-05,20.623383
2020-12-06,20.623383
2020-12-07,20.613815
2020-12-08,20.62793
2020-12-09,20.617388
2020-12-10,20.527163
2020-12-11,20.52681
2020-12-12,20.52681
2020-12-13,20.52681
2020-12-14,20.529053
2020-12-15,20.532242
2020-12-16,20.524012
2020-12-17,20.531998
2020-12-18,20.565353
2020-12-19,20.565353
2020-12-20,20.565224
2020-12-21,20.564121
2020-12-22,20.572165
2020-12-23,20.572693
2020-12-24,20.572693
2020-12-25,20.572693
2020-12-26,20.572693
2020-12-27,20.572693
2020-12-28,20.581516
2020-12-29,20.581532
2020-12-30,20.578531
2020-12-31,20.581766
2021-01-01,20.581766
2021-01-02,20.581766
2021-01-03,20.581766
2021-01-04,20.581766
2021-01-05,20.584396
2021-01-06,20.58858
2021-01-07,20.572668
2021-01-08,20.572668
2021-01-09,20.572668
2021-01-10,20.572668
2021-01-11,20.570562
2021-01-12,20.577858
2021-01-13,20.58887
2021-01-14,20.589203
2021-01-15,20.589296
2021-01-16,20.589296
2021-01-17,20.589296
2021-01-18,20.585493
2021-01-19,20.607285
2021-01-20,20.62414
2021-01-21,20.554401
2021-01-22,20.546886
2021-01-23,20.546886
2021-01-24,20.546886
2021-01-25,20.544405
2021-01-26,20.721972
2021-01-27,20.112694
2021-01-28,20.029627
2021-01-29,19.986082
2021-01-30,19.986082
2021-01-31,19.986082
2021-02-01,19.973627
2021-02-02,19.824854
2021-02-03,20.08977
2021-02-04,20.036886
2021-02-05,20.034323
2021-02-06,20.033531
2021-02-07,20.033531
2021-02-08,20.061396
2021-02-09,20.081324
2021-02-10,20.175846
2021-02-11,20.269836
2021-02-12,20.25406
2021-02-13,20.254002
2021-02-14,20.254002
2021-02-15,20.252089
2021-02-16,20.274796
2021-02-17,20.191242
2021-02-18,20.28977
2021-02-19,20.275871
2021-02-20,20.275885
2021-02-21,20.275885
2021-02-22,20.25991
2021-02-23,20.277119
2021-02-24,20.308565
2021-02-25,20.001728
2021-02-26,19.971992
2021-02-27,19.746075
2021-02-28,19.746075
2021-03-01,19.727425
2021-03-02,19.734648
2021-03-03,19.81633
2021-03-04,19.69539
2021-03-05,19.709232
2021-03-06,19.709232
2021-03-07,19.709232
2021-03-08,19.681112
2021-03-09,19.681522
2021-03-10,19.587873
2021-03-11,19.42861
2021-03-12,19.427977
2021-03-13,19.4283
2021-03-14,19.4283
2021-03-15,19.435125
2021-03-16,19.430563
2021-03-17,19.427774
2021-03-18,19.422453
2021-03-19,19.423231
2021-03-20,19.423231
2021-03-21,19.423231
2021-03-22,19.423643
2021-03-23,19.464815
2021-03-24,19.488989
2021-03-25,19.488045
2021-03-26,19.48806
2021-03-27,19.48806
2021-03-28,19.48806
2021-03-29,19.489021
2021-03-30,19.500696
2021-03-31,19.50536
2021-04-01,19.508799
2021-04-02,19.508799
2021-04-03,19.508799
2021-04-04,19.508799
2021-04-05,19.509502
2021-04-06,19.50597
2021-04-07,19.510805
2021-04-08,19.550507
2021-04-09,19.550507
2021-04-10,19.550507
2021-04-11,19.550507
2021-04-12,19.550646
2021-04-13,19.54844
2021-04-14,19.561642
2021-04-15,19.558958
2021-04-16,19.562342
2021-04-17,19.562342
2021-04-18,19.562342
2021-04-19,19.546461
2021-04-20,19.359316
2021-04-21,19.29803
2021-04-22,19.31133
2021-04-23,19.319527
2021-04-24,19.319527
2021-04-25,19.319527
2021-04-26,19.108896
2021-04-27,19.101736
2021-04-28,19.313541
2021-04-29,19.000887
2021-04-30,19.04059
2021-05-01,19.047834
2021-05-02,19.047834
2021-05-03,20.059883
2021-05-04,19.56717
2021-05-05,19.537216
2021-05-06,19.542473
2021-05-07,19.583101
2021-05-08,19.583042
2021-05-09,19.582634
2021-05-10,19.624193
2021-05-11,19.436033
2021-05-12,19.43822
2021-05-13,19.84653
2021-05-14,19.854816
2021-05-15,19.854816
2021-05-16,19.854816
2021-05-17,19.847355
2021-05-18,19.92012
2021-05-19,19.842106
2021-05-20,19.871147
2021-05-21,19.865313
2021-05-22,19.865313
2021-05-23,19.865313
2021-05-24,19.818743
2021-05-25,19.769083
2021-05-26,19.783457
2021-05-27,19.899666
2021-05-28,19.898045
2021-05-29,19.897001
2021-05-30,19.897001
2021-05-31,19.897001
2021-06-01,19.890152
2021-06-02,19.884071
2021-06-03,19.9595
2021-06-04,19.959436
2021-06-05,19.959436
2021-06-06,19.959436
2021-06-07,19.95395
2021-06-08,19.950602
2021-06-09,19.96211
2021-06-10,19.962004
2021-06-11,19.964375
2021-06-12,19.964375
2021-06-13,19.964375
2021-06-14,19.964392
2021-06-15,19.98963
2021-06-16,19.999157
2021-06-17,20.033901
2021-06-18,20.033901
2021-06-19,20.033901
2021-06-20,20.033901
2021-06-21,20.033901
2021-06-22,20.033812
2021-06-23,20.034412
2021-06-24,19.998524
2021-06-25,19.995485
2021-06-26,19.995485
2021-06-27,19.995485
2021-06-28,19.997208
2021-06-29,19.996548
2021-06-30,19.95272
2021-07-01,19.949358
2021-07-02,19.949358
2021-07-03,19.949358
2021-07-04,19.949358
2021-07-05,19.949358
2021-07-06,19.94939
2021-07-07,19.945251
2021-07-08,19.947655
2021-07-09,19.948914
2021-07-10,19.948914
2021-07-11,19.948914
2021-07-12,19.948048
2021-07-13,19.925854
2021-07-14,19.943892
2021-07-15,19.940035
2021-07-16,19.942366
2021-07-17,19.942366
2021-07-18,19.942366
2021-07-19,19.90851
2021-07-20,19.959503
2021-07-21,19.84086
2021-07-22,19.694582
2021-07-23,19.759148
2021-07-24,19.759148
2021-07-25,19.759148
2021-07-26,19.71839
2021-07-27,20.185028
2021-07-28,20.195637
2021-07-29,20.014528
2021-07-30,19.96657
2021-07-31,19.96657
2021-08-01,19.964231
2021-08-02,19.934534
2021-08-03,20.131208
2021-08-04,20.214012
2021-08-05,19.777338
2021-08-06,19.802448
2021-08-07,19.225012
2021-08-08,19.225012
2021-08-09,19.231003
2021-08-10,19.233936
2021-08-11,19.252844
2021-08-12,19.227852
2021-08-13,19.229538
2021-08-14,19.229727
2021-08-15,19.229727
2021-08-16,19.234308
2021-08-17,19.052462
2021-08-18,19.069305
2021-08-19,19.031858
2021-08-20,19.026648
2021-08-21,19.026648
2021-08-22,19.026648
2021-08-23,19.027765
2021-08-24,19.08652
2021-08-25,19.099804
2021-08-26,19.122858
2021-08-27,19.126152
2021-08-28,19.126152
2021-08-29,19.126152
2021-08-30,19.13405
2021-08-31,19.128014
2021-09-01,19.122927
2021-09-02,19.085848
2021-09-03,19.085876
2021-09-04,19.085876
2021-09-05,19.085876
2021-09-06,19.085876
2021-09-07,19.082624
2021-09-08,19.083584
2021-09-09,19.096767
2021-09-10,19.086546
2021-09-11,19.086546
2021-09-12,19.086546
2021-09-13,19.150492
2021-09-14,19.151337
2021-09-15,19.151318
2021-09-16,19.151314
2021-09-17,19.151188
2021-09-18,19.151188
2021-09-19,19.151188
2021-09-20,19.132233
2021-09-21,19.17204
2021-09-22,19.160887
2021-09-23,19.192974
2021-09-24,19.192715
2021-09-25,19.192715
2021-09-26,19.192715
2021-09-27,19.192228
2021-09-28,19.13219
2021-09-29,19.13173
2021-09-30,19.136127
2021-10-01,19.136127
2021-10-02,19.136127
2021-10-03,19.136127
2021-10-04,19.13614
2021-10-05,19.142225
2021-10-06,19.150276
2021-10-07,19.152359
2021-10-08,19.152359
2021-10-09,19.152359
2021-10-10,19.152359
2021-10-11,19.152359
2021-10-12,19.151304
2021-10-13,19.132175
2021-10-14,19.156261
2021-10-15,19.155453
2021-10-16,19.155453
2021-10-17,19.155453
2021-10-18,19.152412
2021-10-19,19.214077
2021-10-20,19.222918
2021-10-21,19.167177
2021-10-22,19.108421
2021-10-23,19.108421
2021-10-24,19.108448
2021-10-25,19.131874
2021-10-26,19.082853
2021-10-27,19.030874
2021-10-28,18.853973
2021-10-29,18.653112
2021-10-30,18.653112
2021-10-31,18.653112
2021-11-01,18.655441
2021-11-02,18.480541
2021-11-03,18.92532
2021-11-04,18.887962
2021-11-05,18.921354
2021-11-06,19.53095
2021-11-07,19.53095
2021-11-08,19.501814
2021-11-09,19.47318
2021-11-10,19.472685
2021-11-11,19.591232
2021-11-12,19.585196
2021-11-13,19.58466
2021-11-14,19.58466
2021-11-15,19.5656
2021-11-16,19.661161
2021-11-17,19.760843
2021-11-18,19.757124
2021-11-19,19.765337
2021-11-20,19.766214
2021-11-21,19.766214
2021-11-22,19.746851
2021-11-23,19.594082
2021-11-24,19.601608
2021-11-25,19.601608
2021-11-26,19.601608
2021-11-27,19.601608
2021-11-28,19.601608
2021-11-29,19.599596
2021-11-30,19.553596
2021-12-01,19.547777
2021-12-02,19.5756
2021-12-03,19.575369
2021-12-04,19.575369
2021-12-05,19.575369
2021-12-06,19.575792
2021-12-07,19.599628
2021-12-08,19.598835
2021-12-09,19.640007
2021-12-10,19.642134
2021-12-11,19.642134
2021-12-12,19.642134
2021-12-13,19.64154
2021-12-14,19.642727
2021-12-15,19.651552
2021-12-16,19.638592
2021-12-17,19.638592
2021-12-18,19.638592
2021-12-19,19.638592
2021-12-20,19.681395
2021-12-21,19.683876
2021-12-22,19.68907
2021-12-23,19.689241
2021-12-24,19.689241
2021-12-25,19.689241
2021-12-26,19.689241
2021-12-27,19.689184
2021-12-28,19.689585
2021-12-29,19.689564
2021-12-30,19.689564
2021-12-31,19.689564
2022-01-01,19.689564
2022-01-02,19.689564
2022-01-03,19.689564
2022-01-04,19.689692
2022-01-05,19.690044
2022-01-06,19.551142
2022-01-07,19.552439
2022-01-08,19.552439
2022-01-09,19.552439
2022-01-10,19.549742
2022-01-11,19.546814
2022-01-12,19.550253
2022-01-13,19.550268
2022-01-14,19.550385
2022-01-15,19.550463
2022-01-16,19.550463
2022-01-17,19.550463
2022-01-18,19.550816
2022-01-19,19.56847
2022-01-20,19.621334
2022-01-21,19.60048
2022-01-22,19.603575
2022-01-23,19.603575
2022-01-24,19.525845
2022-01-25,19.758009
2022-01-26,20.053164
2022-01-27,19.86942
2022-01-28,19.909672
2022-01-29,19.91616
2022-01-30,19.91616
2022-01-31,19.923326
2022-02-01,20.003677
2022-02-02,19.552347
2022-02-03,18.61955
2022-02-04,18.583998
2022-02-05,18.583998
2022-02-06,18.574282
2022-02-07,18.583187
2022-02-08,18.791016
2022-02-09,18.74862
2022-02-10,18.82061
2022-02-11,18.786957
2022-02-12,18.786957
2022-02-13,18.786957
2022-02-14,18.782402
2022-02-15,18.693914
2022-02-16,18.589144
2022-02-17,18.587694
2022-02-18,18.60757
2022-02-19,18.60757
2022-02-20,18.60757
2022-02-21,18.588549
2022-02-22,18.547007
2022-02-23,18.770073
2022-02-24,18.483204
2022-02-25,18.473417
2022-02-26,17.65729
2022-02-27,17.65729
2022-02-28,17.671951
2022-03-01,17.733013
2022-03-02,17.711195
2022-03-03,17.666748
2022-03-04,17.668983
2022-03-05,17.668983
2022-03-06,17.668983
2022-03-07,17.65902
2022-03-08,17.660723
2022-03-09,17.65389
2022-03-10,17.636742
2022-03-11,17.63572
2022-03-12,17.635916
2022-03-13,17.635916
2022-03-14,17.63407
2022-03-15,17.637043
2022-03-16,17.649984
2022-03-17,17.630508
2022-03-18,17.630508
2022-03-19,17.630508
2022-03-20,17.630508
2022-03-21,17.608568
2022-03-22,17.57194
2022-03-23,17.56594
2022-03-24,17.56357
2022-03-25,17.563707
2022-03-26,17.563707
2022-03-27,17.563707
2022-03-28,17.564625
2022-03-29,17.553408
2022-03-30,17.560514
2022-03-31,17.626732
2022-04-01,17.626732
2022-04-02,17.626732
2022-04-03,17.626732
2022-04-04,17.62747
2022-04-05,17.62813
2022-04-06,17.6291
2022-04-07,17.631613
2022-04-08,17.631613
2022-04-09,17.631613
2022-04-10,17.631613
2022-04-11,17.631483
2022-04-12,17.630777
2022-04-13,17.629436
2022-04-14,17.629622
2022-04-15,17.6308
2022-04-16,17.631025
2022-04-17,17.631025
2022-04-18,17.630877
2022-04-19,17.651419
2022-04-20,17.621986
2022-04-21,17.651123
2022-04-22,17.680435
2022-04-23,17.680435
2022-04-24,17.680435
2022-04-25,17.672628
2022-04-26,17.929663
2022-04-27,17.850891
2022-04-28,18.012678
2022-04-29,18.21264
2022-04-30,19.340508
2022-05-01,19.340508
2022-05-02,19.344835
2022-05-03,19.19896
2022-05-04,19.026815
2022-05-05,19.164831
2022-05-06,19.09362
2022-05-07,19.09362
2022-05-08,19.09362
2022-05-09,19.058989
2022-05-10,18.937778
2022-05-11,18.955053
2022-05-12,18.956003
2022-05-13,18.95559
2022-05-14,18.95559
2022-05-15,18.955921
2022-05-16,18.947048
2022-05-17,18.946419
2022-05-18,18.888422
2022-05-19,18.912685
2022-05-20,18.870728
2022-05-21,18.870728
2022-05-22,18.870728
2022-05-23,18.87119
2022-05-24,18.81934
2022-05-25,18.802279
2022-05-26,18.825258
2022-05-27,18.820332
2022-05-28,18.828915
2022-05-29,18.828915
2022-05-30,18.828915
2022-05-31,18.801636
2022-06-01,18.799818
2022-06-02,18.801968
2022-06-03,18.802044
2022-06-04,18.802044
2022-06-05,18.802044
2022-06-06,18.801027
2022-06-07,18.7955
2022-06-08,18.798557
2022-06-09,18.793327
2022-06-10,18.793718
2022-06-11,18.793718
2022-06-12,18.793718
2022-06-13,18.76086
2022-06-14,18.753168
2022-06-15,18.752758
2022-06-16,18.7475
2022-06-17,18.747492
2022-06-18,18.747492
2022-06-19,18.747492
2022-06-20,18.747324
2022-06-21,18.7183
2022-06-22,18.712988
2022-06-23,18.719015
2022-06-24,18.715282
2022-06-25,18.715282
2022-06-26,18.715282
2022-06-27,18.700336
2022-06-28,18.701927
2022-06-29,18.695576
2022-06-30,18.694391
2022-07-01,18.694391
2022-07-02,18.694391
2022-07-03,18.694391
2022-07-04,18.694391
2022-07-05,18.694391
2022-07-06,18.694466
2022-07-07,18.698662
2022-07-08,18.698662
2022-07-09,18.698662
2022-07-10,18.698662
2022-07-11,18.69898
2022-07-12,18.78984
2022-07-13,18.798664
2022-07-14,18.801659
2022-07-15,18.801672
2022-07-16,18.801672
2022-07-17,18.801672
2022-07-18,18.779894
2022-07-19,18.853645
2022-07-20,18.652424
2022-07-21,18.532978
2022-07-22,18.465115
2022-07-23,18.465115
2022-07-24,18.455433
2022-07-25,18.441696
2022-07-26,18.073055
2022-07-27,18.14692
2022-07-28,17.23478
2022-07-29,16.689909
2022-07-30,16.689878
2022-07-31,16.689878
2022-08-01,16.585213
2022-08-02,16.072943
2022-08-03,15.887187
2022-08-04,15.849446
2022-08-05,15.771323
2022-08-06,15.769887
2022-08-07,15.769887
2022-08-08,15.701865
2022-08-09,15.676757
2022-08-10,15.603633
2022-08-11,15.613065
2022-08-12,15.6116905
2022-08-13,15.612977
2022-08-14,15.612977
2022-08-15,15.606156
2022-08-16,15.388023
2022-08-17,15.387713
2022-08-18,15.375557
2022-08-19,15.377074
2022-08-20,15.377074
2022-08-21,15.377074
2022-08-22,15.390797
2022-08-23,15.390512
2022-08-24,15.4170685
2022-08-25,15.447981
2022-08-26,15.445492
2022-08-27,15.445492
2022-08-28,15.445492
2022-08-29,15.421291
2022-08-30,15.412771
2022-08-31,15.421215
2022-09-01,15.410321
2022-09-02,15.410317
2022-09-03,15.410317
2022-09-04,15.410317
2022-09-05,15.410317
2022-09-06,15.413302
2022-09-07,15.412917
2022-09-08,15.415009
2022-09-09,15.410825
2022-09-10,15.410825
2022-09-11,15.410825
2022-09-12,15.454697
2022-09-13,15.453039
2022-09-14,15.453067
2022-09-15,15.445869
2022-09-16,15.445849
2022-09-17,15.445849
2022-09-18,15.445849
2022-09-19,15.438796
2022-09-20,15.438425
2022-09-21,15.434343
2022-09-22,15.424918
2022-09-23,15.424638
2022-09-24,15.424638
2022-09-25,15.424638
2022-09-26,15.424643
2022-09-27,15.420802
2022-09-28,15.418799
2022-09-29,15.432703
2022-09-30,15.432608
2022-10-01,15.43263
2022-10-02,15.43263
2022-10-03,15.43263
2022-10-04,15.432102
2022-10-05,15.428221
2022-10-06,15.421297
2022-10-07,15.420983
2022-10-08,15.420983
2022-10-09,15.420983
2022-10-10,15.420983
2022-10-11,15.420717
2022-10-12,15.387223
2022-10-13,15.382507
2022-10-14,15.382517
2022-10-15,15.382517
2022-10-16,15.382517
2022-10-17,15.38255
2022-10-18,15.307014
2022-10-19,15.305313
2022-10-20,15.303127
2022-10-21,15.290508
2022-10-22,15.290508
2022-10-23,15.290508
2022-10-24,15.297517
2022-10-25,15.011559
2022-10-26,15.029673
2022-10-27,15.364726
2022-10-28,15.177946
2022-10-29,15.177946
2022-10-30,15.177946
2022-10-31,15.159476
2022-11-01,15.085249
2022-11-02,15.158999
2022-11-03,15.136398
2022-11-04,15.151933
2022-11-05,15.151927
2022-11-06,15.151927
2022-11-07,15.178321
2022-11-08,15.229488
2022-11-09,15.21211
2022-11-10,15.236617
2022-11-11,15.236332
2022-11-12,15.236332
2022-11-13,15.236332
2022-11-14,15.233572
2022-11-15,15.251258
2022-11-16,15.26245
2022-11-17,15.282692
2022-11-18,15.283414
2022-11-19,15.283414
2022-11-20,15.283414
2022-11-21,15.281149
2022-11-22,15.284744
2022-11-23,15.281136
2022-11-24,15.281136
2022-11-25,15.281136
2022-11-26,15.281136
2022-11-27,15.281136
2022-11-28,15.281304
2022-11-29,15.300542
2022-11-30,15.282852
2022-12-01,15.285952
2022-12-02,15.286385
2022-12-03,15.286385
2022-12-04,15.286385
2022-12-05,15.286651
2022-12-06,15.289312
2022-12-07,15.288537
2022-12-08,15.290554
2022-12-09,15.290604
2022-12-10,15.290604
2022-12-11,15.290604
2022-12-12,15.296975
2022-12-13,15.29691
2022-12-14,15.301982
2022-12-15,15.297004
2022-12-16,15.294257
2022-12-17,15.294257
2022-12-18,15.294257
2022-12-19,15.294015
2022-12-20,15.306366
2022-12-21,15.310518
2022-12-22,15.312635
2022-12-23,15.312635
2022-12-24,15.312635
2022-12-25,15.312635
2022-12-26,15.312635
2022-12-27,15.312635
2022-12-28,15.310555
2022-12-29,15.310546
2022-12-30,15.310546
2022-12-31,15.310546
2023-01-01,15.310546
2023-01-02,15.310546
2023-01-03,15.310485
2023-01-04,15.310306
2023-01-05,15.310315
2023-01-06,15.310303
2023-01-07,15.310303
2023-01-08,15.310303
2023-01-09,15.312608
2023-01-10,15.308599
2023-01-11,15.309699
2023-01-12,15.310025
2023-01-13,15.307764
2023-01-14,15.307764
2023-01-15,15.307764
2023-01-16,15.307764
2023-01-17,15.312871
2023-01-18,15.314749
2023-01-19,15.39217
2023-01-20,15.398781
2023-01-21,15.398781
2023-01-22,15.398781
2023-01-23,15.39808
2023-01-24,15.561686
2023-01-25,15.406514
2023-01-26,15.442038
2023-01-27,15.610995
2023-01-28,15.610995
2023-01-29,15.610995
2023-01-30,15.611549
2023-01-31,16.293001
2023-02-01,16.244225
2023-02-02,15.8990135
2023-02-03,15.90126
2023-02-04,15.90213
2023-02-05,15.90213
2023-02-06,15.916937
2023-02-07,15.920594
2023-02-08,16.154484
2023-02-09,16.428104
2023-02-10,16.437891
2023-02-11,16.43791
2023-02-12,16.43791
2023-02-13,16.468502
2023-02-14,16.55709
2023-02-15,16.566772
2023-02-16,16.756832
2023-02-17,16.781439
2023-02-18,16.781439
2023-02-19,16.781439
2023-02-20,16.78629
2023-02-21,16.917967
2023-02-22,17.240095
2023-02-23,17.044615
2023-02-24,17.080748
2023-02-25,16.649504
2023-02-26,16.649504
2023-02-27,16.550035
2023-02-28,16.573116
2023-03-01,16.53658
2023-03-02,16.44693
2023-03-03,16.447077
2023-03-04,16.447077
2023-03-05,16.447077
2023-03-06,16.453325
2023-03-07,16.474752
2023-03-08,16.491236
2023-03-09,16.5208
2023-03-10,16.519583
2023-03-11,16.519583
2023-03-12,16.519583
2023-03-13,16.54396
2023-03-14,16.566854
2023-03-15,16.56186
2023-03-16,16.542927
2023-03-17,16.542871
2023-03-18,16.542871
2023-03-19,16.542871
2023-03-20,16.545336
2023-03-21,16.549189
2023-03-22,16.555447
2023-03-23,16.556961
2023-03-24,16.548079
2023-03-25,16.557873
2023-03-26,16.557873
2023-03-27,16.556541
2023-03-28,16.538383
2023-03-29,16.534182
2023-03-30,16.535427
2023-03-31,16.533749
2023-04-01,16.533749
2023-04-02,16.533749
2023-04-03,16.533678
2023-04-04,16.5325
2023-04-05,16.53355
2023-04-06,16.53989
2023-04-07,16.538488
2023-04-08,16.538488
2023-04-09,16.538488
2023-04-10,16.538181
2023-04-11,16.539196
2023-04-12,16.539188
2023-04-13,16.539778
2023-04-14,16.539862
2023-04-15,16.539862
2023-04-16,16.539862
2023-04-17,16.540953
2023-04-18,16.5238
2023-04-19,16.739864
2023-04-20,16.822344
2023-04-21,16.86734
2023-04-22,16.86734
2023-04-23,16.86734
2023-04-24,16.850203
2023-04-25,16.915434
2023-04-26,17.089115
2023-04-27,17.119486
2023-04-28,17.128958
2023-04-29,17.130405
2023-04-30,17.130405
2023-05-01,17.161251
2023-05-02,17.251768
2023-05-03,17.31067
2023-05-04,17.99938
2023-05-05,17.98789
2023-05-06,17.426813
2023-05-07,17.426813
2023-05-08,17.492517
2023-05-09,17.581898
2023-05-10,17.637932
2023-05-11,17.621948
2023-05-12,17.6504
2023-05-13,17.6504
2023-05-14,17.6504
2023-05-15,17.653467
2023-05-16,17.645351
2023-05-17,17.643278
2023-05-18,17.815542
2023-05-19,17.779285
2023-05-20,17.779285
2023-05-21,17.779285
2023-05-22,17.775461
2023-05-23,17.677097
2023-05-24,17.749031
2023-05-25,17.790178
2023-05-26,17.791534
2023-05-27,17.791534
2023-05-28,17.791534
2023-05-29,17.791534
2023-05-30,17.782076
2023-05-31,17.826227
2023-06-01,17.869707
2023-06-02,17.869774
2023-06-03,17.869774
2023-06-04,17.869774
2023-06-05,17.87068
2023-06-06,17.870533
2023-06-07,17.868391
2023-06-08,17.868067
2023-06-09,17.868067
2023-06-10,17.868067
2023-06-11,17.868067
2023-06-12,17.845304
2023-06-13,17.845268
2023-06-14,17.837442
2023-06-15,17.83806
2023-06-16,17.83806
2023-06-17,17.83806
2023-06-18,17.83806
2023-06-19,17.838053
2023-06-20,17.815176
2023-06-21,17.813065
2023-06-22,17.80581
2023-06-23,17.805107
2023-06-24,17.80196
2023-06-25,17.80196
2023-06-26,17.801962
2023-06-27,17.818024
2023-06-28,17.81453
2023-06-29,17.81448
2023-06-30,17.818878
2023-07-01,17.818878
2023-07-02,17.818878
2023-07-03,17.818878
2023-07-04,17.818878
2023-07-05,17.818878
2023-07-06,17.819052
2023-07-07,17.818314
2023-07-08,17.818314
2023-07-09,17.818314
2023-07-10,17.818697
2023-07-11,17.818697
2023-07-12,17.818144
2023-07-13,17.780111
2023-07-14,17.780167
2023-07-15,17.780167
2023-07-16,17.780167
2023-07-17,17.780167
2023-07-18,17.777493
2023-07-19,17.842403
2023-07-20,17.751028
2023-07-21,17.744225
2023-07-22,17.744225
2023-07-23,17.744225
2023-07-24,17.749022
2023-07-25,18.005009
2023-07-26,18.10021
2023-07-27,18.331768
2023-07-28,18.444174
2023-07-29,18.444221
2023-07-30,18.444221
2023-07-31,18.467247
2023-08-01,18.847712
2023-08-02,18.91369
2023-08-03,19.662592
2023-08-04,19.701607
2023-08-05,19.701607
2023-08-06,19.701607
2023-08-07,19.75633
2023-08-08,19.73549
2023-08-09,19.71347
2023-08-10,19.70358
2023-08-11,19.703295
2023-08-12,19.7032
2023-08-13,19.7032
2023-08-14,19.696941
2023-08-15,19.686766
2023-08-16,19.673029
2023-08-17,19.464855
2023-08-18,19.46515
2023-08-19,19.46515
2023-08-20,19.46515
2023-08-21,19.461613
2023-08-22,19.557728
2023-08-23,19.633389
2023-08-24,19.750988
2023-08-25,19.772594
2023-08-26,19.772594
2023-08-27,19.772594
2023-08-28,19.773859
2023-08-29,19.788237
2023-08-30,19.764584
2023-08-31,19.823385
2023-09-01,19.809244
2023-09-02,19.809244
2023-09-03,19.809244
2023-09-04,19.809244
2023-09-05,19.808489
2023-09-06,19.80974
2023-09-07,19.80121
2023-09-08,19.80126
2023-09-09,19.80126
2023-09-10,19.80126
2023-09-11,19.845068
2023-09-12,19.8447
2023-09-13,19.843634
2023-09-14,19.86425
2023-09-15,19.864136
2023-09-16,19.864136
2023-09-17,19.864136
2023-09-18,19.864187
2023-09-19,19.849604
2023-09-20,19.865482
2023-09-21,19.87744
2023-09-22,19.877497
2023-09-23,19.877497
2023-09-24,19.877497
2023-09-25,19.879648
2023-09-26,19.84777
2023-09-27,19.84951
2023-09-28,19.872925
2023-09-29,19.842524
2023-09-30,19.842524
2023-10-01,19.842524
2023-10-02,19.842478
2023-10-03,19.845417
2023-10-04,19.844286
2023-10-05,19.827642
2023-10-06,19.82764
2023-10-07,19.82764
2023-10-08,19.82764
2023-10-09,19.82764
2023-10-10,19.805662
2023-10-11,19.805857
2023-10-12,19.829134
2023-10-13,19.829159
2023-10-14,19.829159
2023-10-15,19.829159
2023-10-16,19.828938
2023-10-17,19.835999
2023-10-18,19.76359
2023-10-19,19.769073
2023-10-20,19.768108
2023-10-21,19.768108
2023-10-22,19.768108
2023-10-23,19.777424
2023-10-24,19.621424
2023-10-25,19.524282
2023-10-26,19.202469
2023-10-27,19.058403
2023-10-28,19.05846
2023-10-29,19.05846
2023-10-30,19.03656
2023-10-31,18.929
2023-11-01,18.826431
2023-11-02,18.108812
2023-11-03,18.059685
2023-11-04,18.0606
2023-11-05,18.0606
2023-11-06,17.995098
2023-11-07,17.906424
2023-11-08,17.925646
2023-11-09,17.89642
2023-11-10,17.913918
2023-11-11,17.913918
2023-11-12,17.913918
2023-11-13,17.905993
2023-11-14,17.919918
2023-11-15,17.915157
2023-11-16,18.125433
2023-11-17,18.125391
2023-11-18,18.125391
2023-11-19,18.125391
2023-11-20,18.110464
2023-11-21,17.938496
2023-11-22,17.94854
2023-11-23,17.94857
2023-11-24,17.94857
2023-11-25,17.94857
2023-11-26,17.94857
2023-11-27,17.94909
2023-11-28,17.941414
2023-11-29,17.92201
2023-11-30,17.927505
2023-12-01,17.928246
2023-12-02,17.928246
2023-12-03,17.928246
2023-12-04,17.932806
2023-12-05,17.93691
2023-12-06,17.932138
2023-12-07,17.91376
2023-12-08,17.913906
2023-12-09,17.913906
2023-12-10,17.913906
2023-12-11,17.907425
2023-12-12,17.918743
2023-12-13,17.924154
2023-12-14,17.942762
2023-12-15,17.942524
2023-12-16,17.942524
2023-12-17,17.942524
2023-12-18,17.941694
2023-12-19,17.928238
2023-12-20,17.931536
2023-12-21,17.936344
2023-12-22,17.936287
2023-12-23,17.936287
2023-12-24,17.936287
2023-12-25,17.936287
2023-12-26,17.936846
2023-12-27,17.938124
2023-12-28,17.938124
2023-12-29,17.938124
2023-12-30,17.938124
2023-12-31,17.938124
2024-01-01,17.938124
2024-01-02,17.938084
2024-01-03,17.936897
2024-01-04,17.940613
2024-01-05,17.944307
2024-01-06,17.944307
2024-01-07,17.944307
2024-01-08,17.942287
2024-01-09,17.936636
2024-01-10,17.936583
2024-01-11,17.939425
2024-01-12,17.91117
2024-01-13,17.91117
2024-01-14,17.91117
2024-01-15,17.91117
2024-01-16,17.911123
2024-01-17,17.909992
2024-01-18,17.928259
2024-01-19,17.924776
2024-01-20,17.924776
2024-01-21,17.924776
2024-01-22,17.937824
2024-01-23,18.027006
2024-01-24,17.856733
2024-01-25,17.982368
2024-01-26,17.986506
2024-01-27,17.986506
2024-01-28,17.986506
2024-01-29,17.98392
2024-01-30,18.225048
2024-01-31,18.2933
2024-02-01,18.420107
2024-02-02,18.608902
2024-02-03,18.608902
2024-02-04,18.608902
2024-02-05,18.631693
2024-02-06,18.887236
2024-02-07,18.923151
2024-02-08,18.963013
2024-02-09,19.022661
2024-02-10,19.022661
2024-02-11,19.022661
2024-02-12,19.053072
2024-02-13,18.945562
2024-02-14,19.02938
2024-02-15,19.054375
2024-02-16,19.059412
2024-02-17,19.059412
2024-02-18,19.059412
2024-02-19,19.056505
2024-02-20,19.143063
2024-02-21,19.163763
2024-02-22,19.30114
2024-02-23,19.304928
2024-02-24,19.261461
2024-02-25,19.261461
2024-02-26,19.24039
2024-02-27,19.239447
2024-02-28,19.313417
2024-02-29,19.297123
2024-03-01,19.29725
2024-03-02,19.297247
2024-03-03,19.297247
2024-03-04,19.296412
2024-03-05,19.302631
2024-03-06,19.288395
2024-03-07,19.446095
2024-03-08,19.448315
2024-03-09,19.448313
2024-03-10,19.448313
2024-03-11,19.452463
2024-03-12,19.452724
2024-03-13,19.478323
2024-03-14,19.489948
2024-03-15,19.465605
2024-03-16,19.465605
2024-03-17,19.465605
2024-03-18,19.469305
2024-03-19,19.472801
2024-03-20,19.47686
2024-03-21,19.496279
2024-03-22,19.496178
2024-03-23,19.496178
2024-03-24,19.496178
2024-03-25,19.496288
2024-03-26,19.508118
2024-03-27,19.513147
2024-03-28,19.513329
2024-03-29,19.51312
2024-03-30,19.51312
2024-03-31,19.51312
2024-04-01,19.507763
2024-04-02,19.49993
2024-04-03,19.501469
2024-04-04,19.506464
2024-04-05,19.506044
2024-04-06,19.506044
2024-04-07,19.506044
2024-04-08,19.506044
2024-04-09,19.50645
2024-04-10,19.575752
2024-04-11,19.58279
2024-04-12,19.5842
2024-04-13,19.5842
2024-04-14,19.5842
2024-04-15,19.581867
2024-04-16,19.618223
2024-04-17,19.629894
2024-04-18,19.605604
2024-04-19,19.615936
2024-04-20,19.615936
2024-04-21,19.615936
2024-04-22,19.652887
2024-04-23,19.804222
2024-04-24,20.232737
2024-04-25,20.376318
2024-04-26,20.286816
2024-04-27,20.286175
2024-04-28,20.286175
2024-04-29,20.327343
2024-04-30,20.619532
2024-05-01,20.928808
2024-05-02,21.076462
2024-05-03,21.18889
2024-05-04,22.22931
2024-05-05,22.229645
2024-05-06,22.333746
2024-05-07,22.454838
2024-05-08,22.744135
2024-05-09,22.76349
2024-05-10,22.874445
2024-05-11,22.875862
2024-05-12,22.875862
2024-05-13,22.891214
2024-05-14,22.907196
2024-05-15,22.917448
2024-05-16,22.95805
2024-05-17,22.956362
2024-05-18,22.956362
2024-05-19,22.956362
2024-05-20,23.01609
2024-05-21,23.003218
2024-05-22,23.245636
2024-05-23,23.253239
2024-05-24,23.257294
2024-05-25,23.257294
2024-05-26,23.257294
2024-05-27,23.257294
2024-05-28,23.263317
2024-05-29,23.258951
2024-05-30,23.312729
2024-05-31,23.312729
2024-06-01,23.312729
2024-06-02,23.312729
2024-06-03,23.311016
2024-06-04,23.340908
2024-06-05,23.363626
2024-06-06,23.345768
2024-06-07,23.348352
2024-06-08,23.34864
2024-06-09,23.34864
2024-06-10,23.345922
2024-06-11,23.324955
2024-06-12,23.313543
2024-06-13,23.27286
2024-06-14,23.27258
2024-06-15,23.27258
2024-06-16,23.27258
2024-06-17,23.261116
2024-06-18,23.258621
2024-06-19,23.258621
2024-06-20,23.242832
2024-06-21,23.235773
2024-06-22,23.235773
2024-06-23,23.235773
2024-06-24,23.241753
2024-06-25,23.261518
2024-06-26,23.30958
2024-06-27,23.269976
2024-06-28,23.2786
2024-06-29,23.2786
2024-06-30,23.2786
2024-07-01,23.278616
2024-07-02,23.27787
2024-07-03,23.256376
2024-07-04,23.256401
2024-07-05,23.256401
2024-07-06,23.256401
2024-07-07,23.256401
2024-07-08,23.256432
2024-07-09,23.260216
2024-07-10,23.2594
2024-07-11,23.1481
2024-07-12,23.144657
2024-07-13,23.144657
2024-07-14,23.144657
2024-07-15,23.144737
2024-07-16,23.140224
2024-07-17,23.064114
2024-07-18,23.053892
2024-07-19,23.032381
2024-07-20,23.03278
2024-07-21,23.03278
2024-07-22,23.027454
2024-07-23,23.26047
2024-07-24,23.218975
2024-07-25,23.241856
2024-07-26,23.151075
2024-07-27,23.151075
2024-07-28,23.151075
2024-07-29,23.139015
2024-07-30,23.38876
2024-07-31,23.180113
2024-08-01,23.619293
2024-08-02,23.594362
2024-08-03,22.822523
2024-08-04,22.822523
2024-08-05,22.82393
2024-08-06,22.703896
2024-08-07,22.592113
2024-08-08,22.754185
2024-08-09,22.76297
2024-08-10,22.763596
2024-08-11,22.763596
2024-08-12,22.7551
2024-08-13,22.744596
2024-08-14,22.72037
2024-08-15,22.839092
2024-08-16,22.832714
2024-08-17,22.832714
2024-08-18,22.832714
2024-08-19,22.824146
2024-08-20,22.779972
2024-08-21,22.77476
2024-08-22,22.767778
2024-08-23,22.765553
2024-08-24,22.765553
2024-08-25,22.765553
2024-08-26,22.755726
2024-08-27,22.496365
2024-08-28,22.766106
2024-08-29,22.764278
2024-08-30,22.760624
2024-08-31,22.760624
2024-09-01,22.760624
2024-09-02,22.760624
2024-09-03,22.759678
2024-09-04,22.754713
2024-09-05,22.720161
2024-09-06,22.722137
2024-09-07,22.722137
2024-09-08,22.722137
2024-09-09,22.756474
2024-09-10,22.75789
2024-09-11,22.756554
2024-09-12,22.795637
2024-09-13,22.795631
2024-09-14,22.795631
2024-09-15,22.795631
2024-09-16,22.795794
2024-09-17,22.795637
2024-09-18,22.7934
2024-09-19,22.827776
2024-09-20,22.82776
2024-09-21,22.82776
2024-09-22,22.82776
2024-09-23,22.827364
2024-09-24,22.81977
2024-09-25,22.790443
2024-09-26,22.819962
2024-09-27,22.818731
2024-09-28,22.818731
2024-09-29,22.818731
2024-09-30,22.752726
2024-10-01,22.758663
2024-10-02,22.75017
2024-10-03,22.75017
2024-10-04,22.750254
2024-10-05,22.750254
2024-10-06,22.750254
2024-10-07,22.750257
2024-10-08,22.758034
2024-10-09,22.757284
2024-10-10,22.758823
2024-10-11,22.760843
2024-10-12,22.760843
2024-10-13,22.760843
2024-10-14,22.760843
2024-10-15,22.876873
2024-10-16,22.882948
2024-10-17,22.912489
2024-10-18,22.88054
2024-10-19,22.88054
2024-10-20,22.88054
2024-10-21,22.899755
2024-10-22,22.958498
2024-10-23,23.028427
2024-10-24,23.080477
2024-10-25,23.10396
2024-10-26,23.10396
2024-10-27,23.10396
2024-10-28,23.149982
2024-10-29,22.899311
2024-10-30,22.756145
2024-10-31,23.197235
2024-11-01,23.203283
2024-11-02,23.42204
2024-11-03,23.42204
2024-11-04,23.420786
2024-11-05,23.479078
2024-11-06,23.61338
2024-11-07,23.392094
2024-11-08,23.354488
2024-11-09,23.354488
2024-11-10,23.356493
2024-11-11,23.347849
2024-11-12,23.407553
2024-11-13,23.408916
2024-11-14,23.473303
2024-11-15,23.473516
2024-11-16,23.473516
2024-11-17,23.473516
2024-11-18,23.474388
2024-11-19,23.52968
2024-11-20,23.564388
2024-11-21,23.675709
2024-11-22,23.675194
2024-11-23,23.675194
2024-11-24,23.675194
2024-11-25,23.67405
2024-11-26,23.663082
2024-11-27,23.669186
2024-11-28,23.669186
2024-11-29,23.669662
2024-11-30,23.669662
2024-12-01,23.669662
2024-12-02,23.668293
2024-12-03,23.674381
2024-12-04,23.683664
2024-12-05,23.684055
2024-12-06,23.683882
2024-12-07,23.682755
2024-12-08,23.682755
2024-12-09,23.72415
2024-12-10,23.734312
2024-12-11,23.725224
2024-12-12,23.761253
2024-12-13,23.761337
2024-12-14,23.761337
2024-12-15,23.761337
2024-12-16,23.763662
2024-12-17,23.763498
2024-12-18,23.71984
2024-12-19,23.707438
2024-12-20,23.77259
2024-12-21,23.77259
2024-12-22,23.77259
2024-12-23,23.772068
2024-12-24,23.772068
2024-12-25,23.772068
2024-12-26,23.772068
2024-12-27,23.772106
2024-12-28,23.772106
2024-12-29,23.772106
2024-12-30,23.77189
2024-12-31,23.77189
2025-01-01,23.77189
2025-01-02,23.77196
2025-01-03,23.772015
2025-01-04,23.772015
2025-01-05,23.772015
2025-01-06,23.772015
2025-01-07,23.773424
2025-01-08,23.764229
2025-01-09,23.764229
2025-01-10,23.794144
2025-01-11,23.794144
2025-01-12,23.794144
2025-01-13,23.792685
2025-01-14,23.79276
2025-01-15,23.787739
2025-01-16,23.785824
2025-01-17,23.788841
2025-01-18,23.788841
2025-01-19,23.788841
2025-01-20,23.788877
2025-01-21,23.891481
2025-01-22,23.54267
2025-01-23,23.52959
2025-01-24,23.446486
2025-01-25,23.446486
2025-01-26,23.446486
2025-01-27,23.433283
2025-01-28,23.523296
2025-01-29,23.480125
2025-01-30,22.653728
2025-01-31,22.70991
2025-02-01,22.70991
2025-02-02,22.70991
2025-02-03,22.747286
2025-02-04,22.99554
2025-02-05,22.573927
2025-02-06,22.324217
2025-02-07,22.303938
2025-02-08,22.303938
2025-02-09,22.303938
2025-02-10,22.312204
2025-02-11,22.350702
2025-02-12,22.262753
2025-02-13,22.347837
2025-02-14,22.358753
2025-02-15,22.360178
2025-02-16,22.360178
2025-02-17,22.363274
2025-02-18,22.343264
2025-02-19,22.313099
2025-02-20,22.38533
2025-02-21,22.388372
2025-02-22,22.625175
2025-02-23,22.625175
2025-02-24,22.628515
2025-02-25,22.653975
2025-02-26,22.449228
2025-02-27,22.523249
2025-02-28,22.525473
2025-03-01,22.527084
2025-03-02,22.527084
2025-03-03,22.532707
2025-03-04,22.487766
2025-03-05,22.516338
2025-03-06,22.604431
2025-03-07,22.604137
2025-03-08,22.604229
2025-03-09,22.604229
2025-03-10,22.599798
2025-03-11,22.616896
2025-03-12,22.643843
2025-03-13,22.648594
2025-03-14,22.647758
2025-03-15,22.648853
2025-03-16,22.648853
2025-03-17,22.64413
2025-03-18,22.635149
2025-03-19,22.625076
2025-03-20,22.67196
2025-03-21,22.671967
2025-03-22,22.671967
2025-03-23,22.671967
2025-03-24,22.674301
2025-03-25,22.675093
2025-03-26,22.666908
2025-03-27,22.66149
2025-03-28,22.660984
2025-03-29,22.661
2025-03-30,22.660997
2025-03-31,22.654047
2025-04-01,22.654037
2025-04-02,22.642069
2025-04-03,22.645111
2025-04-04,22.645124
2025-04-05,22.645124
2025-04-06,22.645124
2025-04-07,22.647629
2025-04-08,22.640108
2025-04-09,22.658016
2025-04-10,22.659466
2025-04-11,22.65944
2025-04-12,22.65944
2025-04-13,22.65944
2025-04-14,22.659422
2025-04-15,22.433495
2025-04-16,22.731668
2025-04-17,22.686115
2025-04-18,22.686115
2025-04-19,22.686115
2025-04-20,22.686115
2025-04-21,22.683033
2025-04-22,22.61298
2025-04-23,22.741304
2025-04-24,22.265127
2025-04-25,22.35333
2025-04-26,22.35333
2025-04-27,22.35333
2025-04-28,22.385307
2025-04-29,22.39762
2025-04-30,22.34954
2025-05-01,22.758684
2025-05-02,22.683893
2025-05-03,23.355389
2025-05-04,23.355389
2025-05-05,23.404198
2025-05-06,23.378096
2025-05-07,23.615679
2025-05-08,23.66361
2025-05-09,23.648182
2025-05-10,23.648178
2025-05-11,23.644754
2025-05-12,23.632881
2025-05-13,23.623762
2025-05-14,23.617245
2025-05-15,23.55048
2025-05-16,23.548847
2025-05-17,23.548847
2025-05-18,23.548847
2025-05-19,23.551373
2025-05-20,23.504015
2025-05-21,23.494452
2025-05-22,23.411665
2025-05-23,23.41399
2025-05-24,23.41399
2025-05-25,23.41399
2025-05-26,23.41399
2025-05-27,23.46786
2025-05-28,23.479462
2025-05-29,23.492933
2025-05-30,23.493044
2025-05-31,23.493044
2025-06-01,23.493044
2025-06-02,23.496393
2025-06-03,23.48841
2025-06-04,23.49653
2025-06-05,23.46276
2025-06-06,23.464577
2025-06-07,23.464577
2025-06-08,23.464577
2025-06-09,23.463211
2025-06-10,23.467804
2025-06-11,23.443771
2025-06-12,23.441133
2025-06-13,23.441267
2025-06-14,23.441267
2025-06-15,23.441267
2025-06-16,23.4412
2025-06-17,23.435593
2025-06-18,23.43519
2025-06-19,23.43519
2025-06-20,23.397167
2025-06-21,23.397167
2025-06-22,23.397167
2025-06-23,23.394014
2025-06-24,23.346079
2025-06-25,23.353296
2025-06-26,23.363708
2025-06-27,23.364012
2025-06-28,23.364012
2025-06-29,23.364012
2025-06-30,23.363792
2025-07-01,23.361355
2025-07-02,23.360376
2025-07-03,23.360376
2025-07-04,23.360376
2025-07-05,23.360376
2025-07-06,23.360376
2025-07-07,23.360376
2025-07-08,23.360561
2025-07-09,23.354198
2025-07-10,23.269087
2025-07-11,23.269093
2025-07-12,23.269093
2025-07-13,23.269093
2025-07-14,23.269444
2025-07-15,23.266354
2025-07-16,23.47351
2025-07-17,23.559168
2025-07-18,23.56326
2025-07-19,23.56326
2025-07-20,23.56326
2025-07-21,23.555882
2025-07-22,23.562325
2025-07-23,23.847496
2025-07-24,23.808945
2025-07-25,23.789745
2025-07-26,23.789745
2025-07-27,23.789745
2025-07-28,23.774302
2025-07-29,23.679384
2025-07-30,24.156916
2025-07-31,23.625692
2025-08-01,23.525839
2025-08-02,23.173725
2025-08-03,23.173725
2025-08-04,23.233065
2025-08-05,23.181412
2025-08-06,23.17222
2025-08-07,22.877493
2025-08-08,22.936071
2025-08-09,22.9429
2025-08-10,22.942179
2025-08-11,22.93342
2025-08-12,22.96713
2025-08-13,22.982515
2025-08-14,23.01551
2025-08-15,23.016258
2025-08-16,23.01627
2025-08-17,23.01627
2025-08-18,23.026237
2025-08-19,22.989416
2025-08-20,22.970385
2025-08-21,22.973343
2025-08-22,22.970222
2025-08-23,22.970222
2025-08-24,22.970222
2025-08-25,22.97365
2025-08-26,22.969616
2025-08-27,23.352638
2025-08-28,23.364344
2025-08-29,23.362757
2025-08-30,23.362757
2025-08-31,23.362757
2025-09-01,23.362757
2025-09-02,23.360027
2025-09-03,23.361025
2025-09-04,23.581808
2025-09-05,23.581327
2025-09-06,23.581327
2025-09-07,23.581327
2025-09-08,23.578674
2025-09-09,23.687733
2025-09-10,23.688234
2025-09-11,23.681534
2025-09-12,23.681618
2025-09-13,23.681618
2025-09-14,23.681618
2025-09-15,23.682116
2025-09-16,23.675056
2025-09-17,23.638956
2025-09-18,23.669996
2025-09-19,23.670124
2025-09-20,23.670124
2025-09-21,23.670124
2025-09-22,23.669865
2025-09-23,23.621233
2025-09-24,23.617311
2025-09-25,23.585575
2025-09-26,23.585575
2025-09-27,23.585575
2025-09-28,23.585575
2025-09-29,23.539747
2025-09-30,23.526411
2025-10-01,23.535765
2025-10-02,23.535765
2025-10-03,23.535765
2025-10-04,23.535765
2025-10-05,23.535765
2025-10-06,23.5364
2025-10-07,23.53379
2025-10-08,23.537104
2025-10-09,23.515282
2025-10-10,23.516487
2025-10-11,23.516678
2025-10-12,23.516678
2025-10-13,23.519766
2025-10-14,23.567627
2025-10-15,23.572104
2025-10-16,23.5786
2025-10-17,23.591457
2025-10-18,23.591457
2025-10-19,23.591457
2025-10-20,23.58657
2025-10-21,23.54703
2025-10-22,23.611807
2025-10-23,23.413548
2025-10-24,23.463902
2025-10-25,23.463902
2025-10-26,23.463902
2025-10-27,23.44115
2025-10-28,23.347727
2025-10-29,24.094677
2025-10-30,24.44657
2025-10-31,24.62176
2025-11-01,23.9158
2025-11-02,23.9158
2025-11-03,23.936537
2025-11-04,23.678232
2025-11-05,23.789318
2025-11-06,23.802166
2025-11-07,23.74989
2025-11-08,23.764648
2025-11-09,23.76561
2025-11-10,23.748299
2025-11-11,23.749765
2025-11-12,23.737106
2025-11-13,23.8774
2025-11-14,23.894892
2025-11-15,23.898176
2025-11-16,23.898176
2025-11-17,23.904568
2025-11-18,23.926443
2025-11-19,24.00844
2025-11-20,24.036667
2025-11-21,24.036093
2025-11-22,24.037516
2025-11-23,24.037516
2025-11-24,24.025564
2025-11-25,24.01972
2025-11-26,24.022346
2025-11-27,24.022346
2025-11-28,24.022346
2025-11-29,24.022346
2025-11-30,24.022346
2025-12-01,24.026705
2025-12-02,23.972658
2025-12-03,23.969603
2025-12-04,23.98963
2025-12-05,23.989607
2025-12-06,23.989607
2025-12-07,23.989607
2025-12-08,23.987782
2025-12-09,24.004774
2025-12-10,23.828712
2025-12-11,23.834227
2025-12-12,23.834036
2025-12-13,23.834036
2025-12-14,23.834036
2025-12-15,23.8342
2025-12-16,23.837358
2025-12-17,23.845522
2025-12-18,23.794615
2025-12-19,23.840055
2025-12-20,23.840405
2025-12-21,23.840405
2025-12-22,23.840483
2025-12-23,23.840271
2025-12-24,23.840261
2025-12-25,23.840261
2025-12-26,23.840261
2025-12-27,23.840261
2025-12-28,23.840261
2025-12-29,23.83921
2025-12-30,23.840904
2025-12-31,23.840912
2026-01-01,23.840912
2026-01-02,23.840912
2026-01-03,23.840912
2026-01-04,23.840912
2026-01-05,23.840912
2026-01-06,23.841192
2026-01-07,23.837952
2026-01-08,23.837788
2026-01-09,23.838259
2026-01-10,23.838259
2026-01-11,23.838259
2026-01-12,23.838259
2026-01-13,23.84849
2026-01-14,23.855028
2026-01-15,23.857018
2026-01-16,23.857018
2026-01-17,23.857018
2026-01-18,23.857018
2026-01-19,23.857006
2026-01-20,23.832563
2026-01-21,23.814354
2026-01-22,23.834595
2026-01-23,23.83065
2026-01-24,23.83065
2026-01-25,23.819658
2026-01-26,23.8384
2026-01-27,23.617481
2026-01-28,22.646164
2026-01-29,22.360611
2026-01-30,22.505905
2026-01-31,22.508368
2026-02-01,22.508368
2026-02-02,22.467659
2026-02-03,22.622847
2026-02-04,23.116762
2026-02-05,23.280018
2026-02-06,23.349653
2026-02-07,23.349653
2026-02-08,23.355059
2026-02-09,23.35753
2026-02-10,23.34188
2026-02-11,23.298264
2026-02-12,23.372774
2026-02-13,23.377043
2026-02-14,23.377024
2026-02-15,23.377024
2026-02-16,23.364843
2026-02-17,23.375761
2026-02-18,23.350912
2026-02-19,23.51859
2026-02-20,23.519327
2026-02-21,23.519327
2026-02-22,23.519327
2026-02-23,23.50584
2026-02-24,23.578886
2026-02-25,23.033949
2026-02-26,22.999508
2026-02-27,22.998844
2026-02-28,23.393105
2026-03-01,23.393105
2026-03-02,23.370214
2026-03-03,23.349676
2026-03-04,23.304123
2026-03-05,23.359177
2026-03-06,23.465818
2026-03-07,23.465866
2026-03-08,23.465866
2026-03-09,23.46585
2026-03-10,23.487993
2026-03-11,23.491158
2026-03-12,23.478943
2026-03-13,23.476788
2026-03-14,23.476788
2026-03-15,23.476788
2026-03-16,23.462982
2026-03-17,23.45056
2026-03-18,23.204535
2026-03-19,23.19978
2026-03-20,23.18287
2026-03-21,23.203037
2026-03-22,23.203037
2026-03-23,23.204082
2026-03-24,23.20485
2026-03-25,23.205154
2026-03-26,23.21117
2026-03-27,23.220333
2026-03-28,23.220333
2026-03-29,23.220333
2026-03-30,23.148851
2026-03-31,23.110397
2026-04-01,23.109922
2026-04-02,23.106394
2026-04-03,23.106247
2026-04-04,23.106247
2026-04-05,23.106247
2026-04-06,23.106247
2026-04-07,23.106628
2026-04-08,23.122364
2026-04-09,23.121836
2026-04-10,23.121836
2026-04-11,23.121836
2026-04-12,23.121836
2026-04-13,23.122843
2026-04-14,23.152245
2026-04-15,23.155142
2026-04-16,23.07945
2026-04-17,23.081926
2026-04-18,23.081926
2026-04-19,23.081926
2026-04-20,23.077848
2026-04-21,23.080116
2026-04-22,23.046923
2026-04-23,23.003672
2026-04-24,23.044731
2026-04-25,23.044731
2026-04-26,23.044203
2026-04-27,22.963243
2026-04-28,22.854973
2026-04-29,21.150335
2026-04-30,21.154741
2026-05-01,21.400837
2026-05-02,21.656605
2026-05-03,21.656605
2026-05-04,21.669378
2026-05-05,21.693449
2026-05-06,21.48124
2026-05-07,21.495226
2026-05-08,21.490795
2026-05-09,21.490795
2026-05-10,21.490795
2026-05-11,21.475307
2026-05-12,21.436335
2026-05-13,21.436512
2026-05-14,21.427906
2026-05-15,21.412102
2026-05-16,21.412102
2026-05-17,21.41113
2026-05-18,21.410568
2026-05-19,21.368221
2026-05-20,20.912626
2026-05-21,20.908337
2026-05-22,20.89906
2026-05-23,20.89906
2026-05-24,20.89906
2026-05-25,20.89906
2026-05-26,20.90404
2026-05-27,20.92657
2026-05-28,20.90727
2026-05-29,20.908316
2026-05-30,20.908316
2026-05-31,20.908316
2026-06-01,20.908466
2026-06-02,20.903715
2026-06-03,20.985481
2026-06-04,21.012209
2026-06-05,21.012384
2026-06-06,21.012384
2026-06-07,21.012384
2026-06-08,21.009096
2026-06-09,20.999113
2026-06-10,21.0586
2026-06-11,21.059036
2026-06-12,21.059074
2026-06-13,21.059074
2026-06-14,21.059074
2026-06-15,21.059002
2026-06-16,21.04072
2026-06-17,21.03905
2026-06-18,21.019814
2026-06-19,21.019814
2026-06-20,21.019814
2026-06-21,21.019814
2026-06-22,21.019781
2026-06-23,20.995943
2026-06-24,20.807222
2026-06-25,20.825928
2026-06-26,20.826044
2026-06-27,20.826044
2026-06-28,20.826044
2026-06-29,20.823591
2026-06-30,20.787413
2026-07-01,20.78733
2026-07-02,20.787132
2026-07-03,20.787132
2026-07-04,20.787132
2026-07-05,20.787132
2026-07-06,20.787132
2026-07-07,20.786966
2026-07-08,20.788975
2026-07-09,20.761919
2026-07-10,20.756943
2026-07-11,20.756943
2026-07-12,20.756943
2026-07-13,20.75696
2026-07-14,20.75641
2026-07-15,20.754967
2026-07-16,20.790966
2026-07-17,20.789904
2026-07-18,20.789904
2026-07-19,20.789904
2026-07-20,20.786118
2026-07-21,20.836885
2026-07-22,19.935564
2026-07-23,19.712591
2026-07-24,19.686264
2026-07-25,19.686264
2026-07-26,19.690565
2026-07-27,19.699345
2026-07-28,19.819323
2026-07-29,20.282383
2026-07-30,19.430086
2026-07-31,18.874954
2026-08-01,18.874699
2026-08-02,18.874699
2026-08-03,18.648247
2026-08-04,18.703493
2026-08-05,18.623852
2026-08-06,18.48711
2026-08-07,18.504522
2026-08-08,18.211988
2026-08-09,18.211678
2026-08-10,18.205061
2026-08-11,18.17321
2026-08-12,18.196007
2026-08-13,18.234123
2026-08-14,18.226364
2026-08-15,18.226364
2026-08-16,18.226364
2026-08-17,18.22531
2026-08-18,18.236868
2026-08-19,18.184029
2026-08-20,18.124445
2026-08-21,18.118723
2026-08-22,18.118723
2026-08-23,18.118723
2026-08-24,18.115208
2026-08-25,18.139908
2026-08-26,18.08347
2026-08-27,18.074184
2026-08-28,18.071165
2026-08-29,18.071165
2026-08-30,18.071165
2026-08-31,18.071514
2026-09-01,18.091253
2026-09-02,17.976341
2026-09-03,17.974882
2026-09-04,17.974907
2026-09-05,17.974907
2026-09-06,17.974907
2026-09-07,17.974907
2026-09-08,17.974274
2026-09-09,17.961407
2026-09-10,17.899147
2026-09-11,17.902088
2026-09-12,17.902088
2026-09-13,17.902088
2026-09-14,17.903309
2026-09-15,17.903225
2026-09-16,17.903257
2026-09-17,17.903257
2026-09-18,17.903244
2026-09-19,17.903244
2026-09-20,17.903244
2026-09-21,17.902016
2026-09-22,17.89097
2026-09-23,17.893969
2026-09-24,17.869638
