date,gdp_growth
1990-01-01,1.841224402299362
1990-01-02,1.501306005580867
1990-01-03,1.5774867367502998
1990-01-04,1.5645133451600106
1990-01-05,1.6884231921709356
1990-01-06,1.6874885930255408
1990-01-07,1.6971701614041883
1990-01-08,1.6179628201195435
1990-01-09,1.670595534799494
1990-01-10,1.686391300953445
1990-01-11,1.642006694228275
1990-01-12,1.6167622458707778
1990-01-13,1.622656339446238
1990-01-14,1.6469468075339762
1990-01-15,1.745785474122092
1990-01-16,1.7667471110476587
1990-01-17,1.717435486331662
1990-01-18,1.6917090829210102
1990-01-19,1.737130158524567
1990-01-20,1.6851879537207386
1990-01-21,1.663098696776305
1990-01-22,1.7022687328741986
1990-01-23,1.80262354825143
1990-01-24,2.2722888926523557
1990-01-25,2.2539844172589856
1990-01-26,2.154479522481216
1990-01-27,2.1666560399858197
1990-01-28,2.1772366797002496
1990-01-29,2.245780097160719
1990-01-30,2.255449491710322
1990-01-31,2.39937477192592
1990-02-01,2.1927810951711684
1990-02-02,2.0031641370711206
1990-02-03,2.02817045132411
1990-02-04,2.029663253378553
1990-02-05,2.0070371470291137
1990-02-06,2.010610620558889
1990-02-07,1.8788351298604136
1990-02-08,1.706857963155925
1990-02-09,1.7517234559725814
1990-02-10,1.761264862583117
1990-02-11,1.722136738226609
1990-02-12,1.7532060835161092
1990-02-13,1.7508222128887472
1990-02-14,1.7696894314024416
1990-02-15,1.7385503147509274
1990-02-16,1.7312612601677837
1990-02-17,1.6110432456892665
1990-02-18,1.6365950706481114
1990-02-19,1.6999117520855265
1990-02-20,1.7798064091614765
1990-02-21,1.966220367515846
1990-02-22,1.9336601421516688
1990-02-23,1.79944744182145
1990-02-24,1.764916694052752
1990-02-25,1.8302796763087217
1990-02-26,1.8196790687348496
1990-02-27,1.8921620049235783
1990-02-28,1.8714955665180184
1990-03-01,1.949575514200805
1990-03-02,1.829524036602986
1990-03-03,1.7823289571178875
1990-03-04,1.7374793512059397
1990-03-05,1.874511410964223
1990-03-06,1.8650043669063232
1990-03-07,1.9318515407172112
1990-03-08,1.9066352427836093
1990-03-09,1.8890551746424031
1990-03-10,1.9305337779497576
1990-03-11,1.903444904654142
1990-03-12,2.012346023546882
1990-03-13,2.0897581033516803
1990-03-14,1.9836414342979811
1990-03-15,2.0081250264174404
1990-03-16,1.9332059356955575
1990-03-17,1.9590618383817997
1990-03-18,1.9203577970578425
1990-03-19,1.8802855580109104
1990-03-20,1.9046539472729187
1990-03-21,1.9309575806255168
1990-03-22,2.0011069851391254
1990-03-23,2.0052224141585984
1990-03-24,2.055289557339656
1990-03-25,2.0570696773692276
1990-03-26,2.0644111488638837
1990-03-27,2.069031177554789
1990-03-28,2.0851284309586324
1990-03-29,2.0577788180694507
1990-03-30,2.0599768639878246
1990-03-31,2.0579589323127925
1990-04-01,2.1770444789635435
1990-04-02,2.09015583981192
1990-04-03,2.0894113970785635
1990-04-04,2.085300507945492
1990-04-05,2.2063583657793826
1990-04-06,2.1475087863986317
1990-04-07,2.121181427976362
1990-04-08,2.1007354851989137
1990-04-09,2.1477881616422314
1990-04-10,2.1559382386102848
1990-04-11,2.155763437060393
1990-04-12,2.0753337069145705
1990-04-13,2.063488011495069
1990-04-14,2.0687804720107303
1990-04-15,2.0634786828548783
1990-04-16,2.001568583807524
1990-04-17,1.9769996352969157
1990-04-18,1.9495028558272784
1990-04-19,1.7685627775594182
1990-04-20,1.8143998386048537
1990-04-21,1.795458818327036
1990-04-22,1.7960397801594936
1990-04-23,1.7597768108810117
1990-04-24,1.8261256388456475
1990-04-25,1.768574481386657
1990-04-26,1.7137266973416032
1990-04-27,1.67914644783907
1990-04-28,1.687404009470408
1990-04-29,1.6944072808827708
1990-04-30,1.7000337581439304
1990-05-01,2.2493979971712084
1990-05-02,2.1543595996362024
1990-05-03,2.2487963652357146
1990-05-04,2.2764357648793174
1990-05-05,2.2883641504065046
1990-05-06,2.3244401946662343
1990-05-07,2.299634622360403
1990-05-08,2.323266077164145
1990-05-09,2.288421658043662
1990-05-10,2.23361977600387
1990-05-11,2.221628686588234
1990-05-12,2.2338229793022775
1990-05-13,2.235421551031659
1990-05-14,2.2490545406168923
1990-05-15,2.281749887447483
1990-05-16,2.1934562404835316
1990-05-17,2.420773576539054
1990-05-18,2.38856885168151
1990-05-19,2.4021552868002622
1990-05-20,2.1807503031191597
1990-05-21,2.1794841544337737
1990-05-22,2.100139457402004
1990-05-23,2.530324896719163
1990-05-24,2.421971065003215
1990-05-25,2.4466578217952692
1990-05-26,2.4376076270898532
1990-05-27,2.450436746272252
1990-05-28,2.502777490553274
1990-05-29,2.553371883652578
1990-05-30,2.563666359838769
1990-05-31,2.5531523067353374
1990-06-01,2.6218580727734606
1990-06-02,2.610375424875711
1990-06-03,2.5907292132274486
1990-06-04,2.554293315398621
1990-06-05,2.5697377842242473
1990-06-06,2.5455495299130253
1990-06-07,3.4483932871591225
1990-06-08,3.3729105106056148
1990-06-09,3.311836660339304
1990-06-10,3.3180637039498313
1990-06-11,3.3407239663429404
1990-06-12,3.3160517096181095
1990-06-13,3.3666800944974695
1990-06-14,3.312564165504207
1990-06-15,3.342966803019217
1990-06-16,3.3301660847902372
1990-06-17,3.3095372161298497
1990-06-18,3.3434150731149637
1990-06-19,3.2898350412936535
1990-06-20,3.3773796041793056
1990-06-21,3.350954715175747
1990-06-22,3.462732662215064
1990-06-23,3.440306571607042
1990-06-24,3.4298261234609644
1990-06-25,3.464828368246935
1990-06-26,3.48037634391544
1990-06-27,3.477799067211201
1990-06-28,3.5168670824771167
1990-06-29,3.5100839341505075
1990-06-30,3.516042128859927
1990-07-01,3.3968155667621356
1990-07-02,3.4617593569411524
1990-07-03,3.547964325812381
1990-07-04,3.4765794751049164
1990-07-05,3.559892421644778
1990-07-06,3.5700789807700364
1990-07-07,3.543708211862891
1990-07-08,3.5512840802737484
1990-07-09,3.512474760126762
1990-07-10,3.47718039410537
1990-07-11,3.4230538324348943
1990-07-12,3.400228373057904
1990-07-13,3.4019977231597514
1990-07-14,3.3906441310658173
1990-07-15,3.4150351657308424
1990-07-16,3.3857029374144765
1990-07-17,3.396832356105132
1990-07-18,3.472773536866282
1990-07-19,3.330342536629358
1990-07-20,3.304618639503553
1990-07-21,3.2760438084253356
1990-07-22,3.2707707798067904
1990-07-23,3.3057926292944724
1990-07-24,3.3454817799908656
1990-07-25,3.3485958438613475
1990-07-26,3.3706307227299255
1990-07-27,3.2628857418305284
1990-07-28,3.272028304139204
1990-07-29,3.26067251939174
1990-07-30,3.2646821789309657
1990-07-31,3.326836399686083
1990-08-01,3.314415297679024
1990-08-02,3.3365018877712815
1990-08-03,3.3011602138926905
1990-08-04,3.300799663990025
1990-08-05,3.315804554311343
1990-08-06,3.3160748590792912
1990-08-07,3.322012348254039
1990-08-08,3.3172914804977776
1990-08-09,3.4112829538951353
1990-08-10,3.4277109030330375
1990-08-11,3.4355694487488657
1990-08-12,3.406387285061085
1990-08-13,3.384523523934334
1990-08-14,3.3730563325928307
1990-08-15,3.403487342031727
1990-08-16,3.396905923258726
1990-08-17,3.399414096960383
1990-08-18,3.3956118283041996
1990-08-19,3.4083526179638524
1990-08-20,3.4033915702597684
1990-08-21,3.347969483611589
1990-08-22,3.320671071706577
1990-08-23,3.2781016960890783
1990-08-24,3.214352254850247
1990-08-25,3.2199138694368545
1990-08-26,3.201439121581049
1990-08-27,3.1919001288107713
1990-08-28,3.194011275807602
1990-08-29,3.162335243723135
1990-08-30,3.1442918727976066
1990-08-31,3.085324750868791
1990-09-01,3.1054701541233523
1990-09-02,3.1105680562241305
1990-09-03,3.11566983135221
1990-09-04,3.063034359405046
1990-09-05,2.988097409572447
1990-09-06,3.03165714268054
1990-09-07,3.0398574947398695
1990-09-08,3.083622764682314
1990-09-09,3.0794362508514945
1990-09-10,3.083207446140327
1990-09-11,3.117415745783922
1990-09-12,3.124122350074952
1990-09-13,3.1062890387679074
1990-09-14,3.0381900731008997
1990-09-15,3.012564510867306
1990-09-16,2.990840710797059
1990-09-17,2.9638638295497266
1990-09-18,2.8849935967134774
1990-09-19,2.862487513110982
1990-09-20,2.789199325428829
1990-09-21,2.835829608713067
1990-09-22,2.853815385185347
1990-09-23,2.8430268833429255
1990-09-24,2.8084987563816313
1990-09-25,2.8011601832537267
1990-09-26,2.759789862614848
1990-09-27,2.7698836303431915
1990-09-28,2.9020643949423457
1990-09-29,2.878535557119663
1990-09-30,2.8743660153210895
1990-10-01,2.784365317058484
1990-10-02,2.7934216579222833
1990-10-03,2.792370722334612
1990-10-04,2.780905182441836
1990-10-05,2.7718507991473187
1990-10-06,2.7787349367464387
1990-10-07,2.7861307283059915
1990-10-08,2.7666646690493373
1990-10-09,2.7582522070258717
1990-10-10,2.7917766878771406
1990-10-11,2.7715556958058585
1990-10-12,2.758020572005932
1990-10-13,2.6866706748924565
1990-10-14,2.713177243943792
1990-10-15,2.7125258686919542
1990-10-16,2.6784060366750575
1990-10-17,2.4622678802885853
1990-10-18,2.280450462835594
1990-10-19,2.1630503914696395
1990-10-20,2.149325207371013
1990-10-21,2.163540001089177
1990-10-22,2.1920078079550063
1990-10-23,1.9978832753759337
1990-10-24,1.7468783554912548
1990-10-25,1.5805402284360557
1990-10-26,1.559221985739896
1990-10-27,1.576158527043416
1990-10-28,1.5758414515094608
1990-10-29,1.5436462723588609
1990-10-30,1.5072964140438003
1990-10-31,1.425004873191799
1990-11-01,1.5045341039039482
1990-11-02,1.363985314713918
1990-11-03,1.3829772971588965
1990-11-04,1.363894735214568
1990-11-05,1.342524642247044
1990-11-06,1.3045876744837068
1990-11-07,1.2943954513639462
1990-11-08,1.3000512571345877
1990-11-09,1.269169869704181
1990-11-10,1.2485902945010947
1990-11-11,1.240101301830178
1990-11-12,1.219641529230442
1990-11-13,1.2394077343272054
1990-11-14,1.2667608711368588
1990-11-15,1.2332987346100732
1990-11-16,1.2012099751433258
1990-11-17,1.191400718011564
1990-11-18,1.2154124574722136
1990-11-19,1.2260087590275135
1990-11-20,1.2129609262979304
1990-11-21,1.161615469144999
1990-11-22,1.1524742084039823
1990-11-23,1.14204418774088
1990-11-24,1.133988934784328
1990-11-25,1.124598769727826
1990-11-26,1.0520104889310913
1990-11-27,1.0543095129560187
1990-11-28,1.0306282335277526
1990-11-29,1.021333227599888
1990-11-30,0.9894644035798912
1990-12-01,1.0952622805910497
1990-12-02,0.9317435026952072
1990-12-03,0.978492864330329
1990-12-04,1.0105866875098228
1990-12-05,0.989783749746781
1990-12-06,1.0163586252765724
1990-12-07,0.9717665423434196
1990-12-08,0.9864726884095868
1990-12-09,0.9961718298656552
1990-12-10,0.9132415549773653
1990-12-11,0.7948042243969744
1990-12-12,0.7885975199679103
1990-12-13,0.7249429758927826
1990-12-14,0.7535108210579087
1990-12-15,0.7998404428174029
1990-12-16,0.7976026798617397
1990-12-17,0.7867321251810844
1990-12-18,0.7890992374099435
1990-12-19,0.7916274914848418
1990-12-20,0.7508029639261822
1990-12-21,0.7202757474949668
1990-12-22,0.7077072604067154
1990-12-23,0.7196269946976024
1990-12-24,0.6956696084387097
1990-12-25,0.6990412365932381
1990-12-26,0.6732718811189891
1990-12-27,0.5369347920433558
1990-12-28,0.5183728954266522
1990-12-29,0.5142276693165102
1990-12-30,0.5124188629031989
1990-12-31,0.5080498065610937
1991-01-01,0.6696955329237548
1991-01-02,0.478154742242356
1991-01-03,0.5039313738089262
1991-01-04,0.5241342326052298
1991-01-05,0.5276326260207118
1991-01-06,0.5433240800974963
1991-01-07,0.5397498309822906
1991-01-08,0.5059458223282887
1991-01-09,0.514116478414242
1991-01-10,0.4926464367604115
1991-01-11,0.5253436434867247
1991-01-12,0.5085296040212048
1991-01-13,0.4890725413842123
1991-01-14,0.5131938715771547
1991-01-15,0.5345626440493962
1991-01-16,0.5407732277002761
1991-01-17,0.5089010530022593
1991-01-18,0.5062744564553738
1991-01-19,0.4946507306374141
1991-01-20,0.4892460738709112
1991-01-21,0.510113612344739
1991-01-22,0.5485079065686671
1991-01-23,0.4602373470394942
1991-01-24,0.4168491731265957
1991-01-25,0.4635015680375627
1991-01-26,0.4566552790354823
1991-01-27,0.4434480303446135
1991-01-28,0.506406759570599
1991-01-29,0.4850175887547956
1991-01-30,0.4880491906828101
1991-01-31,0.0411518395722079
1991-02-01,0.4177746940211349
1991-02-02,0.1388339988716582
1991-02-03,0.149948754889408
1991-02-04,0.2083203126620207
1991-02-05,0.2336692500433859
1991-02-06,0.2855312556168652
1991-02-07,0.1868228050068014
1991-02-08,0.1731843526895971
1991-02-09,0.1777675246629964
1991-02-10,0.1932038961807674
1991-02-11,0.2201683810089929
1991-02-12,0.180955416552389
1991-02-13,0.3852379327142472
1991-02-14,0.4595657940619091
1991-02-15,0.4781399284963452
1991-02-16,0.5067785789226207
1991-02-17,0.481450613550419
1991-02-18,0.4943742114694389
1991-02-19,0.5445685646221263
1991-02-20,0.4243519648655258
1991-02-21,0.3706407906835296
1991-02-22,0.3613965228654363
1991-02-23,0.376573694095812
1991-02-24,0.3760839629517432
1991-02-25,0.3332461903304198
1991-02-26,0.3870379349535153
1991-02-27,0.4136587931453355
1991-02-28,0.3416572806852467
1991-03-01,0.4834972798656585
1991-03-02,0.4068586334908839
1991-03-03,0.4398074730597243
1991-03-04,0.4202913931244896
1991-03-05,0.4446676232022253
1991-03-06,0.4218801342782998
1991-03-07,0.3890079154463097
1991-03-08,0.2417536793604302
1991-03-09,0.2738681020911384
1991-03-10,0.2746869010872106
1991-03-11,0.3738798142649453
1991-03-12,0.4989085237902722
1991-03-13,0.5231250520093247
1991-03-14,0.418907072294433
1991-03-15,0.485155976825526
1991-03-16,0.5009733785888981
1991-03-17,0.5006119329400982
1991-03-18,0.4831844524195117
1991-03-19,0.493415129438175
1991-03-20,0.4934606594610171
1991-03-21,0.5234931460778465
1991-03-22,0.5008362315526056
1991-03-23,0.5160615797223831
1991-03-24,0.5076361589203819
1991-03-25,0.5043712880388433
1991-03-26,0.5024714663868166
1991-03-27,0.4661676553922773
1991-03-28,0.460883059325019
1991-03-29,0.5465114803738027
1991-03-30,0.5361092605671449
1991-03-31,0.5353645487969585
1991-04-01,0.6303626011475543
1991-04-02,0.5882617097711593
1991-04-03,0.6208941179166967
1991-04-04,0.6470270015493953
1991-04-05,0.5728158531879939
1991-04-06,0.5779020150609373
1991-04-07,0.5617637699802525
1991-04-08,0.5617080045204572
1991-04-09,0.620623001922533
1991-04-10,0.5891011135102984
1991-04-11,0.653227649788771
1991-04-12,0.8170308515760223
1991-04-13,0.799275347086934
1991-04-14,0.8039410261564928
1991-04-15,0.9529988777508642
1991-04-16,1.0742997601525983
1991-04-17,1.2639191157723988
1991-04-18,1.415385239479426
1991-04-19,1.4533572655981195
1991-04-20,1.4616280289944823
1991-04-21,1.4634738869795565
1991-04-22,1.5278997969012753
1991-04-23,1.7166778937885026
1991-04-24,1.9269573741180115
1991-04-25,2.141828080827251
1991-04-26,2.1561024883753266
1991-04-27,2.151367446886721
1991-04-28,2.1630490150424744
1991-04-29,2.2486467184925627
1991-04-30,2.4732500015847725
1991-05-01,2.3349831087477546
1991-05-02,2.3616778422090468
1991-05-03,2.3766949986107435
1991-05-04,2.392654080578187
1991-05-05,2.37915023350986
1991-05-06,2.378329695589676
1991-05-07,2.40363742700615
1991-05-08,2.437563303146805
1991-05-09,2.505941936128491
1991-05-10,2.543207769228862
1991-05-11,2.548696532099463
1991-05-12,2.5240812098700047
1991-05-13,2.5635161888046327
1991-05-14,2.5961321952480656
1991-05-15,2.5408663553045256
1991-05-16,2.5879396663911027
1991-05-17,2.7538843857323645
1991-05-18,2.7464344236624028
1991-05-19,2.728830473713216
1991-05-20,2.8041609907914697
1991-05-21,2.68205245584893
1991-05-22,2.7182126177684216
1991-05-23,2.824231457080792
1991-05-24,2.8189534847357782
1991-05-25,2.815507149955413
1991-05-26,2.8223518961831107
1991-05-27,2.795077691508697
1991-05-28,2.730504092676933
1991-05-29,2.7484954886593287
1991-05-30,2.769815388372379
1991-05-31,2.7725675395553555
1991-06-01,2.7755348940172877
1991-06-02,2.7889874001373367
1991-06-03,2.790030630151845
1991-06-04,2.793555828112369
1991-06-05,2.8978553235247717
1991-06-06,2.912279494895514
1991-06-07,2.91934973255521
1991-06-08,2.9297510553037487
1991-06-09,2.9190906224268742
1991-06-10,2.975220569098367
1991-06-11,2.866848062739056
1991-06-12,2.6981269859150947
1991-06-13,2.718840744640506
1991-06-14,2.802797876203941
1991-06-15,2.781535947811795
1991-06-16,2.7717670268290093
1991-06-17,2.798959668012378
1991-06-18,2.8890550881763697
1991-06-19,2.816382578718609
1991-06-20,2.7549523401869944
1991-06-21,2.7627201201371587
1991-06-22,2.7461163062489655
1991-06-23,2.7861087736118417
1991-06-24,2.9394694325374844
1991-06-25,2.943906513339045
1991-06-26,2.933995899030078
1991-06-27,2.981370200871394
1991-06-28,2.909868040897788
1991-06-29,2.895977976143495
1991-06-30,2.8795011851641785
1991-07-01,2.8671413135175574
1991-07-02,2.8968808203305527
1991-07-03,2.8747526169350226
1991-07-04,2.935507493696533
1991-07-05,2.9211467790801455
1991-07-06,2.8948482212709887
1991-07-07,2.8901213795286216
1991-07-08,2.9159864536649693
1991-07-09,2.916127546594993
1991-07-10,2.9027489376724547
1991-07-11,2.9313622342062824
1991-07-12,3.118534931616756
1991-07-13,3.0721014071098103
1991-07-14,3.0621449550999307
1991-07-15,3.064091163994428
1991-07-16,3.0130125427775054
1991-07-17,3.0697118891077992
1991-07-18,3.208446111137745
1991-07-19,3.1898085207093345
1991-07-20,3.1811753565800434
1991-07-21,3.1598413912033743
1991-07-22,3.1149525336332897
1991-07-23,3.1026502470174826
1991-07-24,3.154706736738045
1991-07-25,3.1592943625115173
1991-07-26,3.1537935327881974
1991-07-27,3.1287312808995784
1991-07-28,3.1435325132590783
1991-07-29,3.178045119125824
1991-07-30,3.1957547574794223
1991-07-31,3.388051395066272
1991-08-01,3.3979388173408593
1991-08-02,3.390170778045649
1991-08-03,3.3789463972261737
1991-08-04,3.3761996035211053
1991-08-05,3.372067440641374
1991-08-06,3.4083654301925344
1991-08-07,3.4380894228093646
1991-08-08,3.3796045777629855
1991-08-09,3.340500842650651
1991-08-10,3.3264656318781043
1991-08-11,3.3539489126415427
1991-08-12,3.3453692451526074
1991-08-13,3.2552274995824746
1991-08-14,3.2283230412687276
1991-08-15,3.192062928520743
1991-08-16,3.191802008794279
1991-08-17,3.2186568394992414
1991-08-18,3.1882052974213244
1991-08-19,3.189226231514507
1991-08-20,3.1984762595146603
1991-08-21,3.1495244711337715
1991-08-22,3.17260582983859
1991-08-23,3.192517839902511
1991-08-24,3.19103333460033
1991-08-25,3.1976953309480436
1991-08-26,3.1851176195453452
1991-08-27,3.1720191482330473
1991-08-28,3.132223821854386
1991-08-29,3.187481343713096
1991-08-30,3.1940847401285755
1991-08-31,3.1752742119819577
1991-09-01,3.185635565296619
1991-09-02,3.2371171762007815
1991-09-03,3.180740176650086
1991-09-04,3.22747163354546
1991-09-05,3.390610229874915
1991-09-06,3.354576889870883
1991-09-07,3.3337438769473877
1991-09-08,3.3254096436763163
1991-09-09,3.330659542518588
1991-09-10,3.225847726651457
1991-09-11,3.2579614987420333
1991-09-12,3.2948460568722244
1991-09-13,3.2750437640858188
1991-09-14,3.2488828412046997
1991-09-15,3.225943494387691
1991-09-16,3.209708003063897
1991-09-17,3.17332932483481
1991-09-18,3.1384924893908472
1991-09-19,3.0746792604916076
1991-09-20,3.064797210362756
1991-09-21,3.048881244511796
1991-09-22,3.04167113804128
1991-09-23,3.017210882990231
1991-09-24,3.0360033493434435
1991-09-25,3.020511906945221
1991-09-26,3.022936643689735
1991-09-27,2.960830320187334
1991-09-28,2.9470145928756413
1991-09-29,2.960760309792923
1991-09-30,2.9589024020803896
1991-10-01,2.92951757300863
1991-10-02,2.8919192082864207
1991-10-03,2.8257379887477927
1991-10-04,2.813529611346152
1991-10-05,2.832910068981021
1991-10-06,2.83315368927093
1991-10-07,2.827291391949045
1991-10-08,2.819203227321002
1991-10-09,2.7446257463058656
1991-10-10,2.8314852410197817
1991-10-11,2.801605812546446
1991-10-12,2.819230637628585
1991-10-13,2.823913848617825
1991-10-14,2.796698284962037
1991-10-15,2.6834763683495155
1991-10-16,2.7680900750637965
1991-10-17,2.793098820867723
1991-10-18,2.839937707602481
1991-10-19,2.8406892873385736
1991-10-20,2.837739970252412
1991-10-21,2.900404777819628
1991-10-22,2.9418380383194283
1991-10-23,3.0265610456788195
1991-10-24,3.0541615454144604
1991-10-25,3.0726201744302717
1991-10-26,3.067917275046821
1991-10-27,3.051169854447382
1991-10-28,3.151009507362513
1991-10-29,3.2210987723860267
1991-10-30,3.224371823475552
1991-10-31,3.4062763925923067
1991-11-01,3.385835776949583
1991-11-02,3.419506343928126
1991-11-03,3.4210183895112705
1991-11-04,3.4663197606555234
1991-11-05,3.4831551840377117
1991-11-06,3.5339777474845784
1991-11-07,3.514783004206195
1991-11-08,3.5351232697113617
1991-11-09,3.5391547166115465
1991-11-10,3.549744212581224
1991-11-11,3.524764359531241
1991-11-12,3.478945766288473
1991-11-13,3.4605764188515677
1991-11-14,3.4180225733743983
1991-11-15,3.4536214979757585
1991-11-16,3.4578381750025757
1991-11-17,3.464435126843237
1991-11-18,3.498238790209522
1991-11-19,3.4977698904949506
1991-11-20,3.4488903444550107
1991-11-21,3.410212381704947
1991-11-22,3.4064868644544797
1991-11-23,3.4131809180747528
1991-11-24,3.397115354001291
1991-11-25,3.409947702185656
1991-11-26,3.3991870701610414
1991-11-27,3.4263847843251014
1991-11-28,3.415840417679525
1991-11-29,3.3757692522056297
1991-11-30,3.385455161213761
1991-12-01,3.3751584628854814
1991-12-02,3.418118568936892
1991-12-03,3.398684994068041
1991-12-04,3.3172739495167165
1991-12-05,3.4111882786885666
1991-12-06,3.3843749506970195
1991-12-07,3.381868089810618
1991-12-08,3.3823509570495123
1991-12-09,3.3881655667353865
1991-12-10,3.3391259891434237
1991-12-11,3.2833557706663927
1991-12-12,3.252079280278554
1991-12-13,3.334558724641745
1991-12-14,3.3265832009959846
1991-12-15,3.3263386264754247
1991-12-16,3.350009701686373
1991-12-17,3.31906672225593
1991-12-18,3.3063078784574964
1991-12-19,3.286447160650442
1991-12-20,3.265923581652081
1991-12-21,3.2667098622737667
1991-12-22,3.2551799740182688
1991-12-23,3.2423880668748155
1991-12-24,3.250478754582266
1991-12-25,3.243428529382096
1991-12-26,3.057459281972159
1991-12-27,3.076083750647935
1991-12-28,3.087046236289147
1991-12-29,3.0809471198562384
1991-12-30,3.0961297705972797
1991-12-31,3.09583671754626
1992-01-01,3.111900347734438
1992-01-02,3.1280658917279425
1992-01-03,3.132910904506198
1992-01-04,3.1405300065602657
1992-01-05,3.137576174181527
1992-01-06,3.156262823151674
1992-01-07,3.152794651139849
1992-01-08,3.1486279979424543
1992-01-09,3.175243792288313
1992-01-10,3.258086159095791
1992-01-11,3.219800538661254
1992-01-12,3.216446161328418
1992-01-13,3.2096333966894433
1992-01-14,3.193269089282593
1992-01-15,3.297597113800204
1992-01-16,3.3110439474118194
1992-01-17,3.3037821500792206
1992-01-18,3.3188272754341592
1992-01-19,3.330052771065554
1992-01-20,3.3006788306576276
1992-01-21,3.3238886491923143
1992-01-22,3.3511381810716783
1992-01-23,3.3790288580862073
1992-01-24,3.374154428733079
1992-01-25,3.397485635188027
1992-01-26,3.3913334251439027
1992-01-27,3.4138026660731096
1992-01-28,3.4309598627139395
1992-01-29,3.525472682096383
1992-01-30,3.560684037406627
1992-01-31,3.671477751792287
1992-02-01,3.567996284230828
1992-02-02,3.620850560004625
1992-02-03,3.6888807999458377
1992-02-04,3.779254167917137
1992-02-05,3.857858965659981
1992-02-06,3.943574286024664
1992-02-07,3.9473319409030543
1992-02-08,3.943180726694591
1992-02-09,3.925172688152688
1992-02-10,3.975028780377327
1992-02-11,4.078335970590041
1992-02-12,4.054960125966982
1992-02-13,4.165976216953632
1992-02-14,4.177705319625875
1992-02-15,4.200174380681111
1992-02-16,4.215875041466833
1992-02-17,4.147075861523418
1992-02-18,4.011923529666238
1992-02-19,3.938370390533369
1992-02-20,3.9416941208993825
1992-02-21,3.990031920175797
1992-02-22,3.9980958697630937
1992-02-23,3.9634477450828296
1992-02-24,3.92290326383249
1992-02-25,3.984815300398938
1992-02-26,3.9986871683364447
1992-02-27,4.015992403504851
1992-02-28,4.028261562952904
1992-02-29,4.0312487383113655
1992-03-01,4.0053658762170175
1992-03-02,4.039613530837128
1992-03-03,4.093008733678236
1992-03-04,4.308076371417602
1992-03-05,4.547936261378838
1992-03-06,4.595589749215057
1992-03-07,4.538505004597375
1992-03-08,4.473629041768148
1992-03-09,4.4655525416435315
1992-03-10,4.562237202453657
1992-03-11,4.719067619567433
1992-03-12,4.838210682414921
1992-03-13,4.7664639458964135
1992-03-14,4.730248132113282
1992-03-15,4.7164267576724495
1992-03-16,4.768465266870798
1992-03-17,4.724762947392141
1992-03-18,4.687737037679785
1992-03-19,4.60686606554995
1992-03-20,4.633164036663599
1992-03-21,4.6117098440693205
1992-03-22,4.620121659009611
1992-03-23,4.62720226628826
1992-03-24,4.625831424260447
1992-03-25,4.611228831995589
1992-03-26,4.621198702097405
1992-03-27,4.578722879279219
1992-03-28,4.5655340172649455
1992-03-29,4.546891222513087
1992-03-30,4.529693354312872
1992-03-31,4.551418203467212
1992-04-01,4.456494203378902
1992-04-02,4.53464723892078
1992-04-03,4.566877020087657
1992-04-04,4.5617951960861225
1992-04-05,4.546754069175673
1992-04-06,4.567963655783388
1992-04-07,4.577572065848802
1992-04-08,4.611349528527186
1992-04-09,4.567089489846536
1992-04-10,4.557329245923437
1992-04-11,4.542969778607498
1992-04-12,4.535253074792742
1992-04-13,4.455193295751345
1992-04-14,4.432331964874849
1992-04-15,4.511001855618558
1992-04-16,4.578568767685717
1992-04-17,4.541519646055751
1992-04-18,4.535057753106776
1992-04-19,4.521403562285658
1992-04-20,4.496479845868684
1992-04-21,4.487308430188537
1992-04-22,4.441910997876259
1992-04-23,4.471952612394188
1992-04-24,4.417162720161385
1992-04-25,4.404941453516217
1992-04-26,4.401516062456449
1992-04-27,4.330098936366245
1992-04-28,4.266352974599705
1992-04-29,4.292598914188501
1992-04-30,4.291616726397011
1992-05-01,4.538665348191065
1992-05-02,4.594501302760978
1992-05-03,4.606948796755191
1992-05-04,4.590511455531698
1992-05-05,4.568629162032034
1992-05-06,4.510045461273517
1992-05-07,4.531289481279482
1992-05-08,4.529262512601237
1992-05-09,4.521834021907893
1992-05-10,4.495449652734193
1992-05-11,4.495664020892281
1992-05-12,4.456515632574083
1992-05-13,4.456813030025332
1992-05-14,4.426603607881669
1992-05-15,4.432887469903506
1992-05-16,4.416579069289592
1992-05-17,4.4837034742940345
1992-05-18,4.494944170887964
1992-05-19,4.511614498619609
1992-05-20,4.513359159682977
1992-05-21,4.520823671042912
1992-05-22,4.505396111570586
1992-05-23,4.500177224482589
1992-05-24,4.509683528765651
1992-05-25,4.533028076113468
1992-05-26,4.530420080307406
1992-05-27,4.555274426080072
1992-05-28,4.5124687894950055
1992-05-29,4.500271311026263
1992-05-30,4.497301545329472
1992-05-31,4.4832492499624275
1992-06-01,4.385237368527529
1992-06-02,4.418047903881273
1992-06-03,4.394535119275983
1992-06-04,4.3929744738916465
1992-06-05,4.361310628707152
1992-06-06,4.368433754394929
1992-06-07,4.380943739307925
1992-06-08,4.3775372159401496
1992-06-09,4.344250662531299
1992-06-10,4.565378520033594
1992-06-11,4.5955728382122265
1992-06-12,4.495569352958842
1992-06-13,4.500524138537029
1992-06-14,4.476278960248884
1992-06-15,4.424274884452956
1992-06-16,4.509222820603176
1992-06-17,4.527130644488866
1992-06-18,4.562890993966478
1992-06-19,4.549744110531803
1992-06-20,4.548007053272567
1992-06-21,4.552838900052175
1992-06-22,4.580797596078289
1992-06-23,4.5922650018538285
1992-06-24,4.552856158437289
1992-06-25,4.623773017409315
1992-06-26,4.6303095473952744
1992-06-27,4.61829815680023
1992-06-28,4.6109150787040125
1992-06-29,4.630058599763146
1992-06-30,4.666738301681952
1992-07-01,4.513032670714931
1992-07-02,4.553758410451666
1992-07-03,4.583287068786708
1992-07-04,4.5938320111494075
1992-07-05,4.588976435825642
1992-07-06,4.589150467011692
1992-07-07,4.550751958944771
1992-07-08,4.56623858334508
1992-07-09,4.6380766968035525
1992-07-10,4.644898521761623
1992-07-11,4.625057421940704
1992-07-12,4.617813101142945
1992-07-13,4.614807959751517
1992-07-14,4.668983416417
1992-07-15,4.570058778598324
1992-07-16,4.549963524166835
1992-07-17,4.62386453046385
1992-07-18,4.620372538796973
1992-07-19,4.643660200248543
1992-07-20,4.594003388056613
1992-07-21,4.50002155403499
1992-07-22,4.369564899902524
1992-07-23,4.3376351753391
1992-07-24,4.340774911858369
1992-07-25,4.325566842086628
1992-07-26,4.320138856210558
1992-07-27,4.344048299077984
1992-07-28,4.247116624367212
1992-07-29,4.134097741014129
1992-07-30,4.122260564087249
1992-07-31,4.317449787755267
1992-08-01,4.252809987643715
1992-08-02,4.289233544934868
1992-08-03,4.306497716130934
1992-08-04,4.33850264327208
1992-08-05,4.390274262276085
1992-08-06,4.413116219714892
1992-08-07,4.463261161009821
1992-08-08,4.473404003317712
1992-08-09,4.4483037420778935
1992-08-10,4.416957977119841
1992-08-11,4.360932039432102
1992-08-12,4.338698534911325
1992-08-13,4.3050739349392595
1992-08-14,4.310662726821452
1992-08-15,4.302353247698175
1992-08-16,4.277402615514585
1992-08-17,4.304692501487448
1992-08-18,4.261537345012583
1992-08-19,4.204407352875589
1992-08-20,4.225371417149502
1992-08-21,4.297893658154605
1992-08-22,4.294263916130464
1992-08-23,4.289959282238357
1992-08-24,4.292774424873166
1992-08-25,4.29520081609285
1992-08-26,4.301753109302713
1992-08-27,4.2293368974128205
1992-08-28,4.096139136888046
1992-08-29,4.133277576803401
1992-08-30,4.158498358554263
1992-08-31,3.97603665536875
1992-09-01,3.922732299986051
1992-09-02,3.739985050248902
1992-09-03,3.5942487245535135
1992-09-04,3.5891754288255884
1992-09-05,3.6480433196240463
1992-09-06,3.6763832019983664
1992-09-07,3.5972939009018634
1992-09-08,3.5858325369661177
1992-09-09,3.4549955518941733
1992-09-10,3.325493810509956
1992-09-11,3.359324575684722
1992-09-12,3.392235331588683
1992-09-13,3.403757961312591
1992-09-14,3.3283975872943397
1992-09-15,3.238625827895293
1992-09-16,3.2113776997466275
1992-09-17,3.2610140013205298
1992-09-18,3.239394082289259
1992-09-19,3.246903404584987
1992-09-20,3.259812578228513
1992-09-21,3.2809670491135696
1992-09-22,3.257125943243634
1992-09-23,3.2792277647622745
1992-09-24,3.224793681238681
1992-09-25,3.24380259899151
1992-09-26,3.2266164691619243
1992-09-27,3.20823608413262
1992-09-28,3.182451399439296
1992-09-29,3.163949214977372
1992-09-30,3.24219245651743
1992-10-01,3.199306902673296
1992-10-02,3.0814857650754557
1992-10-03,3.0877340601229286
1992-10-04,3.1127618472090837
1992-10-05,3.1131890232114716
1992-10-06,3.301824918372942
1992-10-07,3.307465857026257
1992-10-08,3.3377011631070546
1992-10-09,3.365926383356771
1992-10-10,3.361877516326558
1992-10-11,3.3505138774185825
1992-10-12,3.3516037751914824
1992-10-13,3.3203547331807988
1992-10-14,3.229836129207865
1992-10-15,3.239347239790055
1992-10-16,3.2062335106787767
1992-10-17,3.2337438207009965
1992-10-18,3.239157550834946
1992-10-19,3.298005926864649
1992-10-20,3.306870230907273
1992-10-21,3.3375663415019012
1992-10-22,3.3163553164415873
1992-10-23,3.293597532707748
1992-10-24,3.332540655303611
1992-10-25,3.324757433386311
1992-10-26,3.3628467894451664
1992-10-27,3.3838077553312775
1992-10-28,3.3691335176449764
1992-10-29,3.3869396916872523
1992-10-30,3.3843406314251077
1992-10-31,3.4870635668653316
1992-11-01,3.4418927209697956
1992-11-02,3.465650317843442
1992-11-03,3.4467005102756
1992-11-04,3.3883963897396345
1992-11-05,3.3760919584136193
1992-11-06,3.3575585468684004
1992-11-07,3.3127059235321785
1992-11-08,3.3476814304899176
1992-11-09,3.363483879722017
1992-11-10,3.4670364201190145
1992-11-11,3.5399467388880534
1992-11-12,3.5508456278097467
1992-11-13,3.4937753220426715
1992-11-14,3.4730907592290947
1992-11-15,3.510535370060742
1992-11-16,3.472815685793459
1992-11-17,3.5818474708744574
1992-11-18,3.5968647023103406
1992-11-19,3.6192998854687017
1992-11-20,3.6398065010580662
1992-11-21,3.621986873342061
1992-11-22,3.63702376911793
1992-11-23,3.61430144958438
1992-11-24,3.6315238340788887
1992-11-25,3.6597750529864967
1992-11-26,3.677939988673944
1992-11-27,3.648250728106015
1992-11-28,3.6514433124196346
1992-11-29,3.654134977261627
1992-11-30,3.67234402171554
1992-12-01,3.670661529549212
1992-12-02,3.731908580439215
1992-12-03,3.643402400803644
1992-12-04,3.7410251781727326
1992-12-05,3.723812994490581
1992-12-06,3.70646913389964
1992-12-07,3.711902797210712
1992-12-08,3.7518124690129113
1992-12-09,3.709790741711583
1992-12-10,3.6859324657795223
1992-12-11,3.696869941407379
1992-12-12,3.7021162521624102
1992-12-13,3.7131499029623303
1992-12-14,3.696351294616125
1992-12-15,3.630645703568976
1992-12-16,3.668472022711808
1992-12-17,3.68753721267103
1992-12-18,3.661787745261324
1992-12-19,3.657494663124025
1992-12-20,3.6628866800042825
1992-12-21,3.6656172622774
1992-12-22,3.6135920276701095
1992-12-23,3.609862495415935
1992-12-24,3.628819327821332
1992-12-25,3.5960543004899472
1992-12-26,3.600601518991561
1992-12-27,3.5831824344839447
1992-12-28,3.572502696718473
1992-12-29,3.5454616272208126
1992-12-30,3.5619627604415425
1992-12-31,3.60818221204941
1993-01-01,3.5598291645661595
1993-01-02,3.588672331813579
1993-01-03,3.612204640017444
1993-01-04,3.615689532833213
1993-01-05,3.60573621221561
1993-01-06,3.6048278032639094
1993-01-07,3.598109912523482
1993-01-08,3.5689149548256536
1993-01-09,3.566966253852959
1993-01-10,3.5775273685733917
1993-01-11,3.5795634851733307
1993-01-12,3.570959362652954
1993-01-13,3.620476697999062
1993-01-14,3.654937171246456
1993-01-15,3.6558697766500017
1993-01-16,3.6500630995326135
1993-01-17,3.6535544387243513
1993-01-18,3.669896298967417
1993-01-19,3.556506439193017
1993-01-20,3.5404904211573354
1993-01-21,3.7848610419761464
1993-01-22,3.8475118720012818
1993-01-23,3.84035263560787
1993-01-24,3.843221175796959
1993-01-25,3.863647005836904
1993-01-26,3.8558576150544344
1993-01-27,3.8166959249071057
1993-01-28,3.831109463337661
1993-01-29,3.8697240788058114
1993-01-30,3.870440397759925
1993-01-31,3.9874405602331
1993-02-01,3.9178424151719
1993-02-02,3.9462966012844785
1993-02-03,3.9837046548348423
1993-02-04,4.0033406152201545
1993-02-05,4.02128174439806
1993-02-06,4.043069932633923
1993-02-07,4.022570643656958
1993-02-08,4.030023852095455
1993-02-09,4.155536650080328
1993-02-10,4.12837688914971
1993-02-11,4.332075502560852
1993-02-12,4.354790553364815
1993-02-13,4.390918316106719
1993-02-14,4.411567015968717
1993-02-15,4.3641827042123555
1993-02-16,4.321129196829288
1993-02-17,4.323010390950234
1993-02-18,4.260846962130328
1993-02-19,4.254608717634091
1993-02-20,4.254410772214687
1993-02-21,4.268785873934583
1993-02-22,4.330971077826308
1993-02-23,4.355657128545851
1993-02-24,4.358137394904551
1993-02-25,4.334740671811036
1993-02-26,4.310839780533823
1993-02-27,4.3426023143151165
1993-02-28,4.239064301421949
1993-03-01,4.165508977458464
1993-03-02,4.345256985753929
1993-03-03,4.144182680228896
1993-03-04,4.137043710663907
1993-03-05,4.155628013255231
1993-03-06,4.159713256252138
1993-03-07,4.1474333405580035
1993-03-08,4.191500795261329
1993-03-09,4.196636885945367
1993-03-10,4.274644937390473
1993-03-11,4.293518166526818
1993-03-12,4.321081579759811
1993-03-13,4.3332649143859525
1993-03-14,4.3635599612846505
1993-03-15,4.304926726410272
1993-03-16,4.270452986316876
1993-03-17,4.235767941245896
1993-03-18,4.191840382870892
1993-03-19,4.218058101123473
1993-03-20,4.230402514546048
1993-03-21,4.223412564736922
1993-03-22,4.207917876215804
1993-03-23,4.2357061327451175
1993-03-24,4.1694213566115295
1993-03-25,4.216415330425486
1993-03-26,4.214366725856084
1993-03-27,4.220277828178531
1993-03-28,4.213315688070878
1993-03-29,4.2192911384532845
1993-03-30,4.258527900061995
1993-03-31,4.245338375893495
1993-04-01,4.120607134167708
1993-04-02,4.12342517267718
1993-04-03,4.132931356419711
1993-04-04,4.129573352849856
1993-04-05,4.129500559802521
1993-04-06,4.281272076038636
1993-04-07,4.244599262362392
1993-04-08,4.267556883778769
1993-04-09,4.244956298301224
1993-04-10,4.239214351673074
1993-04-11,4.232066423797855
1993-04-12,4.234207040463513
1993-04-13,4.1999177522974485
1993-04-14,4.138959173686089
1993-04-15,4.188212268771782
1993-04-16,4.181798258234645
1993-04-17,4.171299574524486
1993-04-18,4.1635429314988155
1993-04-19,4.134465944976691
1993-04-20,4.055526475274094
1993-04-21,4.0136944150287865
1993-04-22,3.9952361135729912
1993-04-23,4.012320731683934
1993-04-24,4.016879536297182
1993-04-25,3.9805215284338593
1993-04-26,4.051457059970832
1993-04-27,4.116192172374653
1993-04-28,4.144614564055956
1993-04-29,4.258758327346463
1993-04-30,4.203238474586463
1993-05-01,4.07270131143966
1993-05-02,4.121341525327265
1993-05-03,4.135471236949446
1993-05-04,4.090426257941775
1993-05-05,4.162401182232979
1993-05-06,4.157766547357836
1993-05-07,4.168057402753741
1993-05-08,4.195102952205289
1993-05-09,4.156441442901761
1993-05-10,4.203276483527539
1993-05-11,4.081092156870891
1993-05-12,4.051103480999956
1993-05-13,4.040205111601804
1993-05-14,4.086589375827845
1993-05-15,4.104404206973087
1993-05-16,4.098078269648281
1993-05-17,4.16932027367551
1993-05-18,4.196001709890342
1993-05-19,4.0931238093251565
1993-05-20,4.0339902667129195
1993-05-21,3.993058871544565
1993-05-22,4.001272847475814
1993-05-23,3.9728445391253464
1993-05-24,3.967438930743871
1993-05-25,3.985791740362231
1993-05-26,3.9881691637132
1993-05-27,4.013437480462767
1993-05-28,4.018348350494944
1993-05-29,4.0295370675990085
1993-05-30,4.034325789329181
1993-05-31,4.016707768949551
1993-06-01,3.995407994111265
1993-06-02,3.9563871017994474
1993-06-03,3.9519852656047822
1993-06-04,4.025191374473198
1993-06-05,4.009297985882063
1993-06-06,4.02496778477091
1993-06-07,3.994289928972497
1993-06-08,3.994485044828448
1993-06-09,4.0066650462741515
1993-06-10,4.033165634237651
1993-06-11,4.0921631317420974
1993-06-12,4.107117197295083
1993-06-13,4.096554150144877
1993-06-14,4.0322367537023
1993-06-15,4.022960306623735
1993-06-16,3.94142499828914
1993-06-17,3.925044698753518
1993-06-18,3.896756779962126
1993-06-19,3.8941527475649513
1993-06-20,3.908128141520078
1993-06-21,3.876573249837297
1993-06-22,3.8266551794861
1993-06-23,3.851343401490004
1993-06-24,3.801389329437626
1993-06-25,3.8164226478093815
1993-06-26,3.815672073083075
1993-06-27,3.828018302284314
1993-06-28,3.8349365370160897
1993-06-29,3.800623221068898
1993-06-30,3.813260572806203
1993-07-01,3.757216301330307
1993-07-02,3.7757479083447674
1993-07-03,3.775188607015855
1993-07-04,3.793734218330025
1993-07-05,3.792870729399043
1993-07-06,3.786074680726575
1993-07-07,3.7679837013651825
1993-07-08,3.7355037492257304
1993-07-09,3.7494360161396103
1993-07-10,3.759082091221193
1993-07-11,3.770766194105751
1993-07-12,3.797950626441154
1993-07-13,3.7326735154137025
1993-07-14,3.7311399283975177
1993-07-15,3.6917593738412178
1993-07-16,3.615961728637462
1993-07-17,3.618639123020137
1993-07-18,3.6337247058561366
1993-07-19,3.703853740699391
1993-07-20,3.6657043582443354
1993-07-21,3.5229759141536547
1993-07-22,3.5397878991820724
1993-07-23,3.5481490432154565
1993-07-24,3.548722838363511
1993-07-25,3.5503017188661494
1993-07-26,3.531180480992152
1993-07-27,3.507754788658353
1993-07-28,3.595700584250099
1993-07-29,3.623674602896231
1993-07-30,3.6227691069262193
1993-07-31,3.615394630109758
1993-08-01,3.5991468405101377
1993-08-02,3.605073270753814
1993-08-03,3.625606255683063
1993-08-04,3.5979451226910353
1993-08-05,3.629181619820636
1993-08-06,3.623489393705231
1993-08-07,3.634792309752248
1993-08-08,3.6486456683023794
1993-08-09,3.6357692628310687
1993-08-10,3.668458275891604
1993-08-11,3.6713238496423006
1993-08-12,3.6972409964063098
1993-08-13,3.6874595941702424
1993-08-14,3.67288452230716
1993-08-15,3.660489921518622
1993-08-16,3.669645211754742
1993-08-17,3.652140756960501
1993-08-18,3.663444419502032
1993-08-19,3.677310163773542
1993-08-20,3.7216253646054582
1993-08-21,3.711258855255269
1993-08-22,3.7081458197543866
1993-08-23,3.7191965880644777
1993-08-24,3.72766984376727
1993-08-25,3.720610546139252
1993-08-26,3.7374447761883354
1993-08-27,3.7344356002729953
1993-08-28,3.728271248544221
1993-08-29,3.7282103017212576
1993-08-30,3.836421624206723
1993-08-31,3.839489154342128
1993-09-01,3.807352249751672
1993-09-02,3.758361373205502
1993-09-03,3.78425907499535
1993-09-04,3.778763776571135
1993-09-05,3.764919669109073
1993-09-06,3.771688192645858
1993-09-07,3.851205655419613
1993-09-08,3.898186850514266
1993-09-09,3.8481491590674577
1993-09-10,3.8362525534775846
1993-09-11,3.8188617201804167
1993-09-12,3.8199147999022895
1993-09-13,3.723448722785807
1993-09-14,3.7121237248361862
1993-09-15,3.732677476589674
1993-09-16,3.682117768113928
1993-09-17,3.709891456641573
1993-09-18,3.716716595123654
1993-09-19,3.7238191935600016
1993-09-20,3.7177728874137808
1993-09-21,3.679696474988022
1993-09-22,3.6914058967234102
1993-09-23,3.653952761891387
1993-09-24,3.6526343868025455
1993-09-25,3.654434927102651
1993-09-26,3.665233807867282
1993-09-27,3.6573839058579223
1993-09-28,3.6665829084913177
1993-09-29,3.649128310156189
1993-09-30,3.747603346531157
1993-10-01,3.6749900294736806
1993-10-02,3.681001015582442
1993-10-03,3.6788970333522153
1993-10-04,3.640528200439817
1993-10-05,3.621635034264703
1993-10-06,3.6435880495930046
1993-10-07,3.620372962670602
1993-10-08,3.6228871359002306
1993-10-09,3.6279963535534607
1993-10-10,3.6398139466410457
1993-10-11,3.6123934341056994
1993-10-12,3.644972311782939
1993-10-13,3.686531087871543
1993-10-14,3.727955152441263
1993-10-15,3.764076800528948
1993-10-16,3.766219573969002
1993-10-17,3.7790984422644742
1993-10-18,3.7801274967780905
1993-10-19,3.77838409644169
1993-10-20,3.8107720808608834
1993-10-21,3.88704222740527
1993-10-22,3.867434779408879
1993-10-23,3.860501260975711
1993-10-24,3.866575528584064
1993-10-25,3.8854038305024186
1993-10-26,3.948322649426105
1993-10-27,3.910824447991798
1993-10-28,3.945786603267736
1993-10-29,3.979902469453317
1993-10-30,3.990267795608867
1993-10-31,3.983333730511027
1993-11-01,3.9470590882100582
1993-11-02,3.967049343271059
1993-11-03,3.970355291194142
1993-11-04,3.966040639792293
1993-11-05,3.9944595322223897
1993-11-06,3.997329895597411
1993-11-07,4.017399625298171
1993-11-08,4.018542084049259
1993-11-09,4.012982633750977
1993-11-10,4.050724412387501
1993-11-11,4.037004707442744
1993-11-12,4.0743269474220405
1993-11-13,4.075465513176641
1993-11-14,4.072045429349498
1993-11-15,4.052755239384866
1993-11-16,4.04287174896821
1993-11-17,4.049356480537442
1993-11-18,4.024921083335422
1993-11-19,4.043066966166606
1993-11-20,4.0392322779425465
1993-11-21,4.02954296162379
1993-11-22,4.024680235818042
1993-11-23,4.022791531981866
1993-11-24,4.039995913973465
1993-11-25,4.02042984761941
1993-11-26,4.024418678158819
1993-11-27,4.039444233881504
1993-11-28,4.0310142303985685
1993-11-29,4.051330814501015
1993-11-30,4.047276555441125
1993-12-01,4.091677496662871
1993-12-02,4.112019440049615
1993-12-03,4.028613912034638
1993-12-04,4.042721033869848
1993-12-05,4.035326562053316
1993-12-06,4.116324186361779
1993-12-07,4.108580618625101
1993-12-08,4.139650546867534
1993-12-09,4.170760198333907
1993-12-10,4.160286744284455
1993-12-11,4.169054303257145
1993-12-12,4.162129381417094
1993-12-13,4.135534422306515
1993-12-14,4.165560145460775
1993-12-15,4.213197827680214
1993-12-16,4.142447684698541
1993-12-17,4.1463281342997576
1993-12-18,4.158486249084942
1993-12-19,4.160974181879919
1993-12-20,4.139632747533038
1993-12-21,4.119737623488158
1993-12-22,4.092282915546926
1993-12-23,4.097525925576326
1993-12-24,4.083476064580341
1993-12-25,4.089237421093719
1993-12-26,4.084901400279128
1993-12-27,4.105624826856625
1993-12-28,4.140727535630035
1993-12-29,4.1297819930491
1993-12-30,4.13564593177529
1993-12-31,4.142081585319199
1994-01-01,4.109348980128749
1994-01-02,4.122425293513654
1994-01-03,4.111881527747981
1994-01-04,4.104980753328447
1994-01-05,4.094615111927414
1994-01-06,4.07137262547071
1994-01-07,4.082703125921436
1994-01-08,4.091756212077699
1994-01-09,4.0935071708276
1994-01-10,4.093719314817917
1994-01-11,4.1035058808718174
1994-01-12,4.107214881051484
1994-01-13,4.095357408846194
1994-01-14,4.115388570576609
1994-01-15,4.124047686990426
1994-01-16,4.120918993475186
1994-01-17,4.1230639562408955
1994-01-18,4.104791121818317
1994-01-19,4.1077359595836
1994-01-20,3.872208370487851
1994-01-21,3.864720130008789
1994-01-22,3.858714087477369
1994-01-23,3.8618699494481064
1994-01-24,3.8384411588167975
1994-01-25,3.956903627553564
1994-01-26,3.9854539518354057
1994-01-27,3.9788693722866366
1994-01-28,3.914633881158853
1994-01-29,3.919283472235829
1994-01-30,3.9329717103922017
1994-01-31,4.0921591262955195
1994-02-01,4.1288397749672825
1994-02-02,4.2073394904593435
1994-02-03,4.217725548932572
1994-02-04,4.192562355797707
1994-02-05,4.192661109484858
1994-02-06,4.220840867971074
1994-02-07,4.227274740481189
1994-02-08,4.137590977632396
1994-02-09,4.125919532903729
1994-02-10,4.198996561208524
1994-02-11,4.21355153121882
1994-02-12,4.229319513500785
1994-02-13,4.231500139850933
1994-02-14,4.247114931922506
1994-02-15,4.228728484498243
1994-02-16,4.187541062144346
1994-02-17,4.127178889109587
1994-02-18,4.145495106643644
1994-02-19,4.162115099541963
1994-02-20,4.160821515905539
1994-02-21,4.063948076000259
1994-02-22,3.9528866482587057
1994-02-23,3.874450468413907
1994-02-24,3.944601031840023
1994-02-25,3.955987860191903
1994-02-26,3.903168963645321
1994-02-27,3.895828020431501
1994-02-28,3.9756138124532825
1994-03-01,3.897669332125949
1994-03-02,3.934894228962145
1994-03-03,3.953387634603784
1994-03-04,4.046252683661323
1994-03-05,4.044390112360268
1994-03-06,4.047306558086394
1994-03-07,4.079998688134339
1994-03-08,4.0212737822914795
1994-03-09,4.0300409883034085
1994-03-10,4.008980021825645
1994-03-11,4.035963255672932
1994-03-12,4.036469357524315
1994-03-13,4.038899671585958
1994-03-14,3.9836547651144505
1994-03-15,3.9991939901800464
1994-03-16,3.971431058579687
1994-03-17,3.9349982968548103
1994-03-18,3.963899874214177
1994-03-19,3.9598509463172977
1994-03-20,3.9634910002180384
1994-03-21,3.976181022862092
1994-03-22,3.932319461552741
1994-03-23,3.9137269859263233
1994-03-24,3.909909349402736
1994-03-25,3.9133658577626145
1994-03-26,3.913505985895405
1994-03-27,3.902492416478168
1994-03-28,3.9230175738559776
1994-03-29,3.741730687142746
1994-03-30,3.7279581616053097
1994-03-31,3.7501628789041304
1994-04-01,3.780520225790643
1994-04-02,3.8041385750867023
1994-04-03,3.8031645830570815
1994-04-04,3.854122561473236
1994-04-05,3.86080978188088
1994-04-06,3.8397786751284033
1994-04-07,3.877317792843838
1994-04-08,3.852707610921783
1994-04-09,3.852916304652836
1994-04-10,3.8400512926657178
1994-04-11,3.8411111877740702
1994-04-12,3.853277911745942
1994-04-13,3.819239500614538
1994-04-14,3.823033592622584
1994-04-15,3.83084883009851
1994-04-16,3.834323980828515
1994-04-17,3.832456297453707
1994-04-18,3.8061309153523695
1994-04-19,3.7411466613255207
1994-04-20,3.7124561829157594
1994-04-21,3.799338045869937
1994-04-22,3.712330157644586
1994-04-23,3.72074305824453
1994-04-24,3.715810804751216
1994-04-25,3.901821291930564
1994-04-26,3.81800093615126
1994-04-27,3.82853843163939
1994-04-28,3.652872549605588
1994-04-29,3.6882032551603934
1994-04-30,3.680305375045609
1994-05-01,3.7034612186732487
1994-05-02,3.7151703125787927
1994-05-03,3.7295894842530752
1994-05-04,3.743613443740216
1994-05-05,3.745722853323206
1994-05-06,3.70105311879265
1994-05-07,3.698616641130549
1994-05-08,3.652116551869733
1994-05-09,3.691960630132369
1994-05-10,3.70591582962373
1994-05-11,3.6989261845867336
1994-05-12,3.7096326315903942
1994-05-13,3.709724167571293
1994-05-14,3.691882549292985
1994-05-15,3.692380696589222
1994-05-16,3.669444033771182
1994-05-17,3.671509050006625
1994-05-18,3.711386713905479
1994-05-19,3.7197278710692574
1994-05-20,3.632106766433047
1994-05-21,3.630712889978444
1994-05-22,3.605014462434764
1994-05-23,3.648210531904997
1994-05-24,3.680375229064742
1994-05-25,3.684494142932644
1994-05-26,3.6815168256330946
1994-05-27,3.6901407635824306
1994-05-28,3.6838435065749904
1994-05-29,3.6933638895355783
1994-05-30,3.6839901810420574
1994-05-31,3.6925083717284872
1994-06-01,3.677755794603724
1994-06-02,3.685313582437617
1994-06-03,3.665574295924777
1994-06-04,3.6665501097564617
1994-06-05,3.668832842473649
1994-06-06,3.665242950967243
1994-06-07,3.829548357496731
1994-06-08,3.8248883036234025
1994-06-09,3.682421800089589
1994-06-10,3.641149011262157
1994-06-11,3.6516706978124662
1994-06-12,3.6779407862863183
1994-06-13,3.6447456687110575
1994-06-14,3.653316518456065
1994-06-15,3.777738255828101
1994-06-16,3.80251813717438
1994-06-17,3.751273320815531
1994-06-18,3.7675992437583177
1994-06-19,3.7632595560808535
1994-06-20,3.7833497396099567
1994-06-21,3.78817805307211
1994-06-22,3.790532161775398
1994-06-23,3.81193704147517
1994-06-24,3.811654198612854
1994-06-25,3.8175988870184674
1994-06-26,3.8146546798762015
1994-06-27,3.810348357880726
1994-06-28,3.736149687719749
1994-06-29,3.7224565279213
1994-06-30,3.6857857378702255
1994-07-01,3.670128800322028
1994-07-02,3.698182235185464
1994-07-03,3.6946687602473505
1994-07-04,3.70341358904688
1994-07-05,3.680228138114429
1994-07-06,3.6614263138624
1994-07-07,3.684557450014177
1994-07-08,3.691165633601944
1994-07-09,3.683649139703633
1994-07-10,3.649417350264593
1994-07-11,3.612006792553731
1994-07-12,3.641437582082033
1994-07-13,3.658230171376706
1994-07-14,3.712077347688901
1994-07-15,3.715718558196689
1994-07-16,3.790928796203166
1994-07-17,3.828074959137793
1994-07-18,3.807497681447173
1994-07-19,3.79696516119379
1994-07-20,3.8659551211065586
1994-07-21,3.9430609059999826
1994-07-22,4.010681060760902
1994-07-23,4.00475637972215
1994-07-24,4.003787349276347
1994-07-25,3.970834833351176
1994-07-26,4.001025304942211
1994-07-27,4.008870625743025
1994-07-28,3.839768039099152
1994-07-29,3.8823430266413848
1994-07-30,3.888322263105036
1994-07-31,4.137340391080537
1994-08-01,3.79443817767763
1994-08-02,3.8066611354223654
1994-08-03,3.8057049305209425
1994-08-04,3.819998249037637
1994-08-05,3.810070117452198
1994-08-06,3.804366247130166
1994-08-07,3.806477516731604
1994-08-08,3.7731286728043103
1994-08-09,3.7565936013684817
1994-08-10,3.789530098783549
1994-08-11,3.737832171202357
1994-08-12,3.76044465821428
1994-08-13,3.753467262267197
1994-08-14,3.767588280842244
1994-08-15,3.7999996841104218
1994-08-16,3.805426556266352
1994-08-17,3.794710990488583
1994-08-18,3.782781742074579
1994-08-19,3.80289539830252
1994-08-20,3.7913103018019663
1994-08-21,3.762187046863018
1994-08-22,3.744651352379125
1994-08-23,3.7147806928266665
1994-08-24,3.716620353770781
1994-08-25,3.732572510513844
1994-08-26,3.854201506772718
1994-08-27,3.851886209997342
1994-08-28,3.8550442357345576
1994-08-29,3.834378129429418
1994-08-30,3.8324602462275337
1994-08-31,3.940174876654939
1994-09-01,3.8194449566727178
1994-09-02,3.8181414602404864
1994-09-03,3.8279139157264503
1994-09-04,3.8387569005858144
1994-09-05,3.898121079111043
1994-09-06,3.9785101269443417
1994-09-07,3.93988633979336
1994-09-08,4.019785197460526
1994-09-09,3.998749021174071
1994-09-10,3.991835692314324
1994-09-11,3.991709003275325
1994-09-12,3.9385141749336
1994-09-13,3.87010934146442
1994-09-14,3.895772437735911
1994-09-15,3.860752283265757
1994-09-16,3.844315837980276
1994-09-17,3.85399985513445
1994-09-18,3.850538327379279
1994-09-19,3.863771409442818
1994-09-20,3.823328100950304
1994-09-21,3.835754729170497
1994-09-22,3.8360195854277
1994-09-23,3.82306831756056
1994-09-24,3.813318206426752
1994-09-25,3.811888412756886
1994-09-26,3.8082520546142167
1994-09-27,3.792491010356637
1994-09-28,3.809851591798264
1994-09-29,3.7949594434023814
1994-09-30,3.735144477219991
1994-10-01,3.713256101630867
1994-10-02,3.736480600950437
1994-10-03,3.6290016717128912
1994-10-04,3.6107060248343026
1994-10-05,3.6768305639546335
1994-10-06,3.691066036337199
1994-10-07,3.631346443785573
1994-10-08,3.617815728311999
1994-10-09,3.631241872591492
1994-10-10,3.6423080549466382
1994-10-11,3.6211107901384234
1994-10-12,3.591883464701042
1994-10-13,3.5918431986122794
1994-10-14,3.6114499554179686
1994-10-15,3.623101343403589
1994-10-16,3.618804302111162
1994-10-17,3.602820959832247
1994-10-18,3.6524578586363248
1994-10-19,3.7175024896369546
1994-10-20,3.7286375399069462
1994-10-21,3.762601161326054
1994-10-22,3.763106366884145
1994-10-23,3.7926868068404223
1994-10-24,3.811238704579064
1994-10-25,3.776151103953563
1994-10-26,3.721625618820146
1994-10-27,3.7682591236406098
1994-10-28,3.7562150045360503
1994-10-29,3.752839131372936
1994-10-30,3.7675530441669336
1994-10-31,3.880740843744843
1994-11-01,3.864477575833134
1994-11-02,3.8666663290321495
1994-11-03,3.877496884936262
1994-11-04,3.869636628432533
1994-11-05,3.870497898589872
1994-11-06,3.883093495884448
1994-11-07,3.868581619079211
1994-11-08,3.854686873826897
1994-11-09,3.8729081635154
1994-11-10,3.775380342092226
1994-11-11,3.7513342846413025
1994-11-12,3.741215929837424
1994-11-13,3.747069589128005
1994-11-14,3.71609688294731
1994-11-15,3.750596512725659
1994-11-16,3.724729635634338
1994-11-17,3.68140938196557
1994-11-18,3.6380271016804446
1994-11-19,3.631659245882135
1994-11-20,3.628911446461419
1994-11-21,3.625157595765392
1994-11-22,3.6424674393128815
1994-11-23,3.647988112207328
1994-11-24,3.638213203923607
1994-11-25,3.6325404199783833
1994-11-26,3.634449073989939
1994-11-27,3.638747024884731
1994-11-28,3.638403529629629
1994-11-29,3.6311631134558064
1994-11-30,3.667255941285179
1994-12-01,3.6008593906844206
1994-12-02,3.676335533466526
1994-12-03,3.6731143781006774
1994-12-04,3.643035734707003
1994-12-05,3.606373540818108
1994-12-06,3.620958646927666
1994-12-07,3.725698034105241
1994-12-08,3.6795209900488626
1994-12-09,3.662772971229181
1994-12-10,3.662817205897424
1994-12-11,3.660152297584846
1994-12-12,3.6465577875966857
1994-12-13,3.6412936116483183
1994-12-14,3.630996197479284
1994-12-15,3.5663229920836157
1994-12-16,3.58960322215658
1994-12-17,3.588344375998605
1994-12-18,3.582213191035798
1994-12-19,3.570910636008067
1994-12-20,3.576704973759625
1994-12-21,3.571027970468691
1994-12-22,3.54622042105677
1994-12-23,3.5325671830051717
1994-12-24,3.5411835210503853
1994-12-25,3.551070940793674
1994-12-26,3.532835343175951
1994-12-27,3.5486803714338304
1994-12-28,3.546063760823985
1994-12-29,3.540120896910484
1994-12-30,3.5397658988518126
1994-12-31,3.533386511192152
1995-01-01,3.518732850639762
1995-01-02,3.5765441726123104
1995-01-03,3.584495611069218
1995-01-04,3.580124231273145
1995-01-05,3.577859580483776
1995-01-06,3.546339890900785
1995-01-07,3.545044508770445
1995-01-08,3.541495670272858
1995-01-09,3.5297904509942466
1995-01-10,3.556806596722159
1995-01-11,3.5296816051858033
1995-01-12,3.53609680164409
1995-01-13,3.528590549937393
1995-01-14,3.529154389433478
1995-01-15,3.52070776895621
1995-01-16,3.4954422212005785
1995-01-17,3.4690415333255356
1995-01-18,3.5321294297997894
1995-01-19,3.5410590964393593
1995-01-20,3.9758290044512927
1995-01-21,3.975326153137307
1995-01-22,3.967026111198679
1995-01-23,3.879865158291356
1995-01-24,3.8139549577534666
1995-01-25,3.838682507088312
1995-01-26,3.8154635334908344
1995-01-27,3.8104633499835767
1995-01-28,3.8022101808350137
1995-01-29,3.803802440934403
1995-01-30,3.799692100471501
1995-01-31,4.161040161676304
1995-02-01,4.179123604927724
1995-02-02,4.126564058432493
1995-02-03,4.100642858101794
1995-02-04,4.097884904729689
1995-02-05,4.100205507765672
1995-02-06,4.088463997422948
1995-02-07,4.058644683471776
1995-02-08,4.091501035867816
1995-02-09,4.1209268563745
1995-02-10,4.1230922459410175
1995-02-11,4.153507070917852
1995-02-12,4.1307288874005215
1995-02-13,4.102638846573216
1995-02-14,4.028378658455842
1995-02-15,4.034856016820189
1995-02-16,4.029821312710433
1995-02-17,4.0229518266273
1995-02-18,4.031719533849273
1995-02-19,4.020245080048238
1995-02-20,4.0077791767673965
1995-02-21,3.956816307761166
1995-02-22,3.964069483626538
1995-02-23,3.864702797516852
1995-02-24,3.858583127862509
1995-02-25,3.8695356395570366
1995-02-26,3.8683291605582575
1995-02-27,3.783706754179754
1995-02-28,3.7385968632727145
1995-03-01,3.629569563458784
1995-03-02,3.641766796967199
1995-03-03,3.637301822206534
1995-03-04,3.6296070562546223
1995-03-05,3.6336237524704695
1995-03-06,3.651643409912441
1995-03-07,3.5921929109806636
1995-03-08,3.552735449243748
1995-03-09,3.5060349360740233
1995-03-10,3.5040741045665342
1995-03-11,3.4913775985510243
1995-03-12,3.4883926165431633
1995-03-13,3.4579901382632694
1995-03-14,3.432320575997168
1995-03-15,3.4717132880528436
1995-03-16,3.459705710032609
1995-03-17,3.4306072750596406
1995-03-18,3.446881654917537
1995-03-19,3.444557996776269
1995-03-20,3.43652088206655
1995-03-21,3.423594189540295
1995-03-22,3.5926176429677312
1995-03-23,3.659181411717813
1995-03-24,3.6296419363098655
1995-03-25,3.608709945668152
1995-03-26,3.612264804042332
1995-03-27,3.612924205656771
1995-03-28,3.6156650468195135
1995-03-29,3.577677544660239
1995-03-30,3.571424502241433
1995-03-31,3.5561383789256844
1995-04-01,3.514234001370152
1995-04-02,3.5424899126564866
1995-04-03,3.537900252029437
1995-04-04,3.532406508297587
1995-04-05,3.5338383374978113
1995-04-06,3.5590735859716305
1995-04-07,3.5647529072787822
1995-04-08,3.5570167296447353
1995-04-09,3.5544705167292268
1995-04-10,3.558209198755195
1995-04-11,3.567549453974693
1995-04-12,3.557476133581673
1995-04-13,3.522167637580907
1995-04-14,3.4913098715761848
1995-04-15,3.4920006505584067
1995-04-16,3.4920312884444433
1995-04-17,3.4888568847901156
1995-04-18,3.556163130101624
1995-04-19,3.5050432514264154
1995-04-20,3.683561484228167
1995-04-21,3.600004858801393
1995-04-22,3.588757773962598
1995-04-23,3.57975893327221
1995-04-24,3.609239507944987
1995-04-25,3.601336675101601
1995-04-26,3.6313095191061366
1995-04-27,3.6515912467452174
1995-04-28,3.649588934336271
1995-04-29,3.6411017781174584
1995-04-30,3.640186172778136
1995-05-01,3.710699328243331
1995-05-02,3.714483423983965
1995-05-03,3.729695058845056
1995-05-04,3.734658883460902
1995-05-05,3.737370901040248
1995-05-06,3.731533274898622
1995-05-07,3.719328376386176
1995-05-08,3.708450736258507
1995-05-09,3.685421572710889
1995-05-10,3.672440335830592
1995-05-11,3.6541158909223905
1995-05-12,3.692470440544638
1995-05-13,3.699681360652056
1995-05-14,3.6887142466385594
1995-05-15,3.682141125114572
1995-05-16,3.626296185943662
1995-05-17,3.685598987411148
1995-05-18,3.689379026321053
1995-05-19,3.651555920625591
1995-05-20,3.637268355739675
1995-05-21,3.646914642336247
1995-05-22,3.6654178377910105
1995-05-23,3.646105134306002
1995-05-24,3.6580553631375423
1995-05-25,3.644751021274822
1995-05-26,3.637599339284278
1995-05-27,3.63812287370017
1995-05-28,3.640773710770247
1995-05-29,3.609768379797565
1995-05-30,3.2150580767006267
1995-05-31,3.4383725831387055
1995-06-01,3.3917326371673457
1995-06-02,3.4027243167148677
1995-06-03,3.4010417741096077
1995-06-04,3.396031551017249
1995-06-05,3.396980664551624
1995-06-06,3.435247420326041
1995-06-07,3.467519017687012
1995-06-08,3.657720321119771
1995-06-09,3.586975765777586
1995-06-10,3.5876480505921053
1995-06-11,3.6207703163675617
1995-06-12,3.6354533820192776
1995-06-13,3.531869017582324
1995-06-14,3.412528010204657
1995-06-15,3.426854041192284
1995-06-16,3.467732237014966
1995-06-17,3.446818946794888
1995-06-18,3.397453791243022
1995-06-19,3.396776870907739
1995-06-20,3.373450871633403
1995-06-21,3.351274954029877
1995-06-22,3.3328674440404003
1995-06-23,3.352335800381279
1995-06-24,3.3464853134969963
1995-06-25,3.3332464757441227
1995-06-26,3.337020143567739
1995-06-27,3.3874134941111103
1995-06-28,3.35533907550133
1995-06-29,3.376275422665896
1995-06-30,3.3492245077461456
1995-07-01,3.3344814898075277
1995-07-02,3.3438044376682035
1995-07-03,3.326979516695295
1995-07-04,3.3381766382167664
1995-07-05,3.336559383747438
1995-07-06,3.348504369555711
1995-07-07,3.3303990933070886
1995-07-08,3.3249149132237603
1995-07-09,3.316989159113143
1995-07-10,3.3228161107803156
1995-07-11,3.451696614534187
1995-07-12,3.439114998067569
1995-07-13,3.4235566836854168
1995-07-14,3.395304434469849
1995-07-15,3.4315116852541223
1995-07-16,3.4280490389453
1995-07-17,3.3845161939779347
1995-07-18,3.465692768088965
1995-07-19,3.4654363127860366
1995-07-20,3.4915650592769167
1995-07-21,3.522983073183987
1995-07-22,3.5223158974957816
1995-07-23,3.526232407225578
1995-07-24,3.479888790257375
1995-07-25,3.5218584185904658
1995-07-26,3.5388058963202664
1995-07-27,3.65701759610603
1995-07-28,3.6917777826382623
1995-07-29,3.695091087560236
1995-07-30,3.701952766644816
1995-07-31,3.776246249674283
1995-08-01,3.8191707998955255
1995-08-02,3.8641528724742287
1995-08-03,3.882078667299469
1995-08-04,3.8733091175126626
1995-08-05,3.869644076485691
1995-08-06,3.8748693725137446
1995-08-07,3.8882073202495713
1995-08-08,3.891615402235179
1995-08-09,3.8994920005257896
1995-08-10,3.890590113966271
1995-08-11,3.871485266544582
1995-08-12,3.87481191920364
1995-08-13,3.8724452289225817
1995-08-14,3.86699677948617
1995-08-15,3.890148203924811
1995-08-16,3.881476431354841
1995-08-17,3.863903580445914
1995-08-18,3.856144472242058
1995-08-19,3.835792044790998
1995-08-20,3.834007880135629
1995-08-21,3.8354380743242538
1995-08-22,3.8684349135607374
1995-08-23,3.872077469549355
1995-08-24,3.895151247706256
1995-08-25,3.9138622856797314
1995-08-26,3.9144918875192176
1995-08-27,3.9126779136422414
1995-08-28,3.916085879001614
1995-08-29,3.9344631186520544
1995-08-30,3.742150981248228
1995-08-31,3.725553615414929
1995-09-01,3.699782940898419
1995-09-02,3.7128219733997634
1995-09-03,3.705440571873149
1995-09-04,3.7480905825098816
1995-09-05,3.787999614131896
1995-09-06,3.945076987762056
1995-09-07,3.879758883546283
1995-09-08,3.866967498379328
1995-09-09,3.8565865815222913
1995-09-10,3.831222905731821
1995-09-11,3.639012245360497
1995-09-12,3.617081408523756
1995-09-13,3.58496088799257
1995-09-14,3.596719771236134
1995-09-15,3.5452436101100258
1995-09-16,3.5500286305451514
1995-09-17,3.5593279626693892
1995-09-18,3.5643777333330853
1995-09-19,3.5369316500759904
1995-09-20,3.5199479402159355
1995-09-21,3.502965974394091
1995-09-22,3.530449445681598
1995-09-23,3.540176221798996
1995-09-24,3.533453859207335
1995-09-25,3.5107281856216455
1995-09-26,3.4984971058941667
1995-09-27,3.4897604270197125
1995-09-28,3.4600211224994304
1995-09-29,3.4552969723582874
1995-09-30,3.475603218861358
1995-10-01,3.4470230118849043
1995-10-02,3.440010626610026
1995-10-03,3.443105415607912
1995-10-04,3.4995802008748145
1995-10-05,3.512883502914539
1995-10-06,3.5511159102902723
1995-10-07,3.5477024939670336
1995-10-08,3.523846890796214
1995-10-09,3.497024912110202
1995-10-10,3.523169240531368
1995-10-11,3.5263191266383846
1995-10-12,3.5458872209265855
1995-10-13,3.536363461305453
1995-10-14,3.5350873086086976
1995-10-15,3.532067004971035
1995-10-16,3.607578533602975
1995-10-17,3.615814596984761
1995-10-18,3.6059262307980617
1995-10-19,3.646500171083858
1995-10-20,3.65514000826758
1995-10-21,3.641981014337752
1995-10-22,3.681543785845828
1995-10-23,3.631314284059232
1995-10-24,3.632878946400597
1995-10-25,3.661516602906732
1995-10-26,3.616216619247214
1995-10-27,3.6480709278787993
1995-10-28,3.641413492010024
1995-10-29,3.646954134151752
1995-10-30,3.638203381033113
1995-10-31,3.847170387673048
1995-11-01,3.8409792922045702
1995-11-02,3.8680586690395207
1995-11-03,3.899964907340913
1995-11-04,3.90870259837319
1995-11-05,3.9103206630616354
1995-11-06,3.8859202989871737
1995-11-07,3.880488894797403
1995-11-08,3.896480283146533
1995-11-09,3.8880791225176896
1995-11-10,3.8797781588760714
1995-11-11,3.875367570622581
1995-11-12,3.859829905475032
1995-11-13,3.88553785429547
1995-11-14,3.853914766825912
1995-11-15,3.875811632502928
1995-11-16,3.880697848976088
1995-11-17,3.9024509893592407
1995-11-18,3.9072364575532705
1995-11-19,3.892946584456748
1995-11-20,3.921044275489201
1995-11-21,3.9004526301230897
1995-11-22,3.8961559440988456
1995-11-23,3.884631476761725
1995-11-24,3.884831481803363
1995-11-25,3.877207874874366
1995-11-26,3.8878434551560206
1995-11-27,3.900716904532062
1995-11-28,3.870173801727826
1995-11-29,3.888144795654662
1995-11-30,3.922785299421296
1995-12-01,3.913080599390375
1995-12-02,3.934709169435872
1995-12-03,3.9241346336997145
1995-12-04,3.9376804496013342
1995-12-05,3.9377578070372783
1995-12-06,3.927153632426766
1995-12-07,3.900024330386468
1995-12-08,3.8895866659583462
1995-12-09,3.891904318092002
1995-12-10,3.874856918636114
1995-12-11,3.874280999264195
1995-12-12,3.870295970643419
1995-12-13,3.861389479156733
1995-12-14,3.9657803865903176
1995-12-15,4.009172706412138
1995-12-16,3.994794456563772
1995-12-17,3.976242014702005
1995-12-18,3.9673227922392313
1995-12-19,3.9742313447548434
1995-12-20,3.973937625890649
1995-12-21,3.966522108085788
1995-12-22,3.978640805402408
1995-12-23,3.964977017634935
1995-12-24,3.9698411677477137
1995-12-25,3.975905889784934
1995-12-26,3.9651302669361623
1995-12-27,3.957933012697996
1995-12-28,3.9625204539222434
1995-12-29,3.960504320225629
1995-12-30,3.9537013484782544
1995-12-31,3.9493892675339097
1996-01-01,3.9196734593090143
1996-01-02,3.9575970322288274
1996-01-03,3.973481849826615
1996-01-04,3.9510440351433367
1996-01-05,3.9513247004946344
1996-01-06,3.9388197767392352
1996-01-07,3.915769533082288
1996-01-08,3.904678386779046
1996-01-09,3.870076009800088
1996-01-10,3.885796446341198
1996-01-11,3.891037042378681
1996-01-12,3.669884056949436
1996-01-13,3.681301080316977
1996-01-14,3.7098191854236537
1996-01-15,3.702730973450425
1996-01-16,3.736579466687944
1996-01-17,3.813657215878722
1996-01-18,3.83496379281926
1996-01-19,3.661835593287142
1996-01-20,3.625099866304562
1996-01-21,3.629388298090648
1996-01-22,3.718136145355979
1996-01-23,3.795684560308597
1996-01-24,3.841059419896572
1996-01-25,3.709467803915672
1996-01-26,3.6714309687069937
1996-01-27,3.678099769651509
1996-01-28,3.6863100170803897
1996-01-29,3.637854546349103
1996-01-30,3.638585165938739
1996-01-31,3.7732017476782262
1996-02-01,3.702903486277946
1996-02-02,3.7320137640014583
1996-02-03,3.7337613539699746
1996-02-04,3.737887819690506
1996-02-05,3.5496123731874984
1996-02-06,3.557251761034314
1996-02-07,3.601322044273622
1996-02-08,3.5870901678747833
1996-02-09,3.5873491746893804
1996-02-10,3.5918352515752376
1996-02-11,3.597529738820356
1996-02-12,3.5952229361944417
1996-02-13,3.590427253854859
1996-02-14,3.552899031225421
1996-02-15,3.5452882810624993
1996-02-16,3.5581572390880103
1996-02-17,3.5426102343626336
1996-02-18,3.5632806613763677
1996-02-19,3.562365300000472
1996-02-20,3.5263344690478284
1996-02-21,3.5012728714541748
1996-02-22,3.5392576847072115
1996-02-23,3.529855889024338
1996-02-24,3.554270777066338
1996-02-25,3.5577148225578727
1996-02-26,3.5413765888133355
1996-02-27,3.563994757549711
1996-02-28,3.5649875127687163
1996-02-29,3.58546544929666
1996-03-01,3.545087011449794
1996-03-02,3.5717277375141836
1996-03-03,3.566714400318866
1996-03-04,3.5595189363806634
1996-03-05,3.395107115485974
1996-03-06,3.2779266005155567
1996-03-07,3.3056929108801016
1996-03-08,3.297077602766036
1996-03-09,3.3024629207417484
1996-03-10,3.317057800685202
1996-03-11,3.33730766927843
1996-03-12,3.390181656499512
1996-03-13,3.4217161078613634
1996-03-14,3.421517920504826
1996-03-15,3.4367970857624743
1996-03-16,3.4379652304774084
1996-03-17,3.3925713407423084
1996-03-18,3.383660214191143
1996-03-19,3.3702130280285294
1996-03-20,3.3949751103089656
1996-03-21,3.3457586112441877
1996-03-22,3.3370398583166456
1996-03-23,3.337288923471973
1996-03-24,3.353073601688
1996-03-25,3.3470466318413683
1996-03-26,3.3583937010846676
1996-03-27,3.369454986036223
1996-03-28,3.402367706592804
1996-03-29,3.393525285931136
1996-03-30,3.405541571255172
1996-03-31,3.3823144342770197
1996-04-01,3.363137345748629
1996-04-02,3.3414528160924792
1996-04-03,3.364423351026314
1996-04-04,3.3808677712862933
1996-04-05,3.39343349801713
1996-04-06,3.3923588240981717
1996-04-07,3.3920842674963914
1996-04-08,3.4071190012690917
1996-04-09,3.415492031973421
1996-04-10,3.360530571348909
1996-04-11,3.3541501765602963
1996-04-12,3.313877615256082
1996-04-13,3.3156785806532696
1996-04-14,3.314965534878935
1996-04-15,3.335787722464727
1996-04-16,3.398781912495343
1996-04-17,3.43969511268893
1996-04-18,3.406920839952462
1996-04-19,3.359857372460967
1996-04-20,3.3668071270901345
1996-04-21,3.358238801202172
1996-04-22,3.305988616990768
1996-04-23,3.337852824698773
1996-04-24,3.288549007232147
1996-04-25,3.3416068850475096
1996-04-26,3.348222907956979
1996-04-27,3.3314060058140407
1996-04-28,3.3359792453600106
1996-04-29,3.3774696636650012
1996-04-30,3.3598735052904285
1996-05-01,3.416787731252256
1996-05-02,3.4370308714440907
1996-05-03,3.4050601310718323
1996-05-04,3.4036290978470505
1996-05-05,3.3908744741384207
1996-05-06,3.3815436741302065
1996-05-07,3.339388578601488
1996-05-08,3.335961541516765
1996-05-09,3.4030479615258984
1996-05-10,3.322240852893575
1996-05-11,3.3091249447127273
1996-05-12,3.3198590631344223
1996-05-13,3.364271693214654
1996-05-14,3.433098743699178
1996-05-15,3.5144442219860292
1996-05-16,3.521985392371555
1996-05-17,3.517048297606931
1996-05-18,3.500611474975019
1996-05-19,3.5605103481339477
1996-05-20,3.582500122488737
1996-05-21,3.6191479509087503
1996-05-22,3.6850925218855486
1996-05-23,3.4875105665271247
1996-05-24,3.58185238319962
1996-05-25,3.5790653755052904
1996-05-26,3.5930914675662944
1996-05-27,3.597723236011684
1996-05-28,3.854946835888448
1996-05-29,3.842696031022893
1996-05-30,3.8600027412287656
1996-05-31,3.8572470697554766
1996-06-01,3.837469446903382
1996-06-02,3.873441974903602
1996-06-03,3.882381081505145
1996-06-04,3.932886611921144
1996-06-05,3.9529401244521862
1996-06-06,3.9487874195559862
1996-06-07,3.3902720428450865
1996-06-08,3.4316899441054316
1996-06-09,3.480292502157731
1996-06-10,3.5475761706833775
1996-06-11,3.56769969486251
1996-06-12,3.647683947686429
1996-06-13,3.7006452680667623
1996-06-14,3.702254413032823
1996-06-15,3.6937026073594454
1996-06-16,3.682349207216447
1996-06-17,3.6051637325375023
1996-06-18,3.611563349439344
1996-06-19,3.5493699761703454
1996-06-20,3.611262882458971
1996-06-21,3.624167085948337
1996-06-22,3.64052196036724
1996-06-23,3.6516532792776832
1996-06-24,3.6622392747001022
1996-06-25,3.682204381375727
1996-06-26,3.639734222072071
1996-06-27,3.6107401641983534
1996-06-28,3.621107984387891
1996-06-29,3.616318173687192
1996-06-30,3.6034449508441857
1996-07-01,3.60346859569328
1996-07-02,3.66491227141574
1996-07-03,3.6494777351424665
1996-07-04,3.6477273454729984
1996-07-05,3.667672033023536
1996-07-06,3.6557751600182176
1996-07-07,3.6333045765910392
1996-07-08,3.612923344047341
1996-07-09,3.649012146569563
1996-07-10,3.652332110070717
1996-07-11,3.695187598738671
1996-07-12,3.6955753722879856
1996-07-13,3.6917903600483375
1996-07-14,3.681985645244501
1996-07-15,3.6873616811649335
1996-07-16,3.6926712257885934
1996-07-17,3.712230557684914
1996-07-18,3.770647908514791
1996-07-19,3.757915193399305
1996-07-20,3.770481407872952
1996-07-21,3.7796901009594426
1996-07-22,3.7890388410885136
1996-07-23,3.7672532380946766
1996-07-24,3.8971218765043094
1996-07-25,3.690607091967596
1996-07-26,3.7102664723168712
1996-07-27,3.714920283285509
1996-07-28,3.7050421006307426
1996-07-29,3.719809685312428
1996-07-30,3.694478218320637
1996-07-31,3.958507554695279
1996-08-01,3.787520871544504
1996-08-02,3.844664878016312
1996-08-03,3.8397381058985953
1996-08-04,3.835555887383723
1996-08-05,3.798191246331619
1996-08-06,3.7882934341859062
1996-08-07,3.757922671974781
1996-08-08,3.7363347865763807
1996-08-09,3.734665761098424
1996-08-10,3.7294561580621046
1996-08-11,3.7303228260450534
1996-08-12,3.727602766207003
1996-08-13,3.8174255053254633
1996-08-14,3.8247642210443105
1996-08-15,3.831475729898164
1996-08-16,3.835648265580573
1996-08-17,3.821851918427156
1996-08-18,3.8296498963310146
1996-08-19,3.822205467363656
1996-08-20,3.821803727578075
1996-08-21,3.785682096876294
1996-08-22,3.773934710411859
1996-08-23,3.744494891031352
1996-08-24,3.740669540700175
1996-08-25,3.751120713270768
1996-08-26,3.7515354554077898
1996-08-27,3.737565694816076
1996-08-28,3.739684486106024
1996-08-29,3.764116993498095
1996-08-30,3.740886096432117
1996-08-31,3.7445446976164183
1996-09-01,3.7090073544942497
1996-09-02,3.766479325851339
1996-09-03,3.694503170631539
1996-09-04,3.744901467172891
1996-09-05,3.676110767440441
1996-09-06,3.65652637327232
1996-09-07,3.6709701632152503
1996-09-08,3.686948557332484
1996-09-09,3.5854610465592804
1996-09-10,3.588182049709806
1996-09-11,3.6253008163167086
1996-09-12,3.641969890233608
1996-09-13,3.6270849086040338
1996-09-14,3.632996585676932
1996-09-15,3.641924863897996
1996-09-16,3.6376711439428777
1996-09-17,3.6396564053480702
1996-09-18,3.630978057726104
1996-09-19,3.7065358753362334
1996-09-20,3.730114444667533
1996-09-21,3.716580663540689
1996-09-22,3.722442348821539
1996-09-23,3.7185166133025382
1996-09-24,3.728966855199237
1996-09-25,3.7313897708968913
1996-09-26,3.746564377869259
1996-09-27,3.68546322108529
1996-09-28,3.6698908827194106
1996-09-29,3.6769736541794074
1996-09-30,3.679628809398237
1996-10-01,3.62036415634886
1996-10-02,3.614998364648113
1996-10-03,3.634076096339901
1996-10-04,3.660083982406488
1996-10-05,3.656572757203024
1996-10-06,3.6534752686812593
1996-10-07,3.656552082871377
1996-10-08,3.6453133008905794
1996-10-09,3.663987395523442
1996-10-10,3.652662052347082
1996-10-11,3.662898074389654
1996-10-12,3.670785228279736
1996-10-13,3.6742924321190698
1996-10-14,3.678431744868429
1996-10-15,4.197475775592515
1996-10-16,4.02378306400232
1996-10-17,3.9837314830881327
1996-10-18,3.9492903714149152
1996-10-19,3.95325455454418
1996-10-20,3.9357911456882846
1996-10-21,3.906505335923032
1996-10-22,3.9683782488491826
1996-10-23,3.926960266909788
1996-10-24,3.925706699182057
1996-10-25,3.941297819862828
1996-10-26,3.942402725778933
1996-10-27,3.952845245082027
1996-10-28,3.921543531218467
1996-10-29,3.90954812134299
1996-10-30,3.884472281156333
1996-10-31,4.030754525815482
1996-11-01,3.939520522456123
1996-11-02,4.017830276339671
1996-11-03,4.027437282383141
1996-11-04,4.020848774800404
1996-11-05,4.050703749141689
1996-11-06,4.0287783696500075
1996-11-07,4.030538754660354
1996-11-08,4.009212016412289
1996-11-09,4.024786238312968
1996-11-10,4.018014590289156
1996-11-11,4.023541008975588
1996-11-12,4.013894316142795
1996-11-13,3.9508686258413817
1996-11-14,3.969347106968703
1996-11-15,3.959722936536006
1996-11-16,3.9542072918867657
1996-11-17,3.941870070596519
1996-11-18,3.937473546484874
1996-11-19,3.912447033429594
1996-11-20,3.843479840476132
1996-11-21,3.852028561590765
1996-11-22,3.863750547490783
1996-11-23,3.8633559922446272
1996-11-24,3.848154504925741
1996-11-25,3.849492765384724
1996-11-26,3.843856838168458
1996-11-27,3.833445753477379
1996-11-28,3.8421552512556985
1996-11-29,3.844927798875091
1996-11-30,3.841046493806971
1996-12-01,3.788754426654317
1996-12-02,3.8077439220387705
1996-12-03,3.741215879890501
1996-12-04,3.664920453212905
1996-12-05,3.538518680373038
1996-12-06,3.5093731206448044
1996-12-07,3.5445050212819256
1996-12-08,3.5586537533102662
1996-12-09,3.5675607491893437
1996-12-10,3.552313373591085
1996-12-11,3.596047584386175
1996-12-12,3.566348856072183
1996-12-13,3.5604396532707856
1996-12-14,3.562368911413153
1996-12-15,3.542130343284738
1996-12-16,3.54370135631269
1996-12-17,3.5208086360221658
1996-12-18,3.4987509302828137
1996-12-19,3.517642104605166
1996-12-20,3.518657249059976
1996-12-21,3.5052984550138837
1996-12-22,3.5023965855455055
1996-12-23,3.490555187834303
1996-12-24,3.483215596559779
1996-12-25,3.4766007365586864
1996-12-26,3.51113800461484
1996-12-27,3.5122722411484135
1996-12-28,3.512504474028898
1996-12-29,3.519747538474905
1996-12-30,3.515490383374384
1996-12-31,3.4893858417608494
1997-01-01,3.4227136423793927
1997-01-02,3.472693860426463
1997-01-03,3.481316480027828
1997-01-04,3.4896815328936537
1997-01-05,3.4918175302895373
1997-01-06,3.5006986055317526
1997-01-07,3.4816465574282014
1997-01-08,3.511145917431413
1997-01-09,3.5238786356056258
1997-01-10,3.5133777558813164
1997-01-11,3.5101008468731147
1997-01-12,3.5033208601605095
1997-01-13,3.4977648541951663
1997-01-14,3.5046391119737716
1997-01-15,3.6478487751198623
1997-01-16,3.6146535403270703
1997-01-17,3.6208335848254536
1997-01-18,3.628161634338525
1997-01-19,3.618912309989895
1997-01-20,3.6597087015792105
1997-01-21,3.5121780024254985
1997-01-22,3.6528788165148742
1997-01-23,3.5858650033391157
1997-01-24,3.610521543979755
1997-01-25,3.602870645847702
1997-01-26,3.6193871891739846
1997-01-27,3.7758523309749545
1997-01-28,3.82148510714396
1997-01-29,3.805854934657487
1997-01-30,3.764202809288602
1997-01-31,3.999667144578952
1997-02-01,3.9443105458261023
1997-02-02,4.015584447951931
1997-02-03,4.006532328570438
1997-02-04,4.023539083036695
1997-02-05,4.06519985037194
1997-02-06,4.072111669193494
1997-02-07,4.06149217753209
1997-02-08,4.056002978948932
1997-02-09,4.051692519508525
1997-02-10,4.056381286021099
1997-02-11,4.014513714674054
1997-02-12,3.992159513287758
1997-02-13,4.046802430191949
1997-02-14,4.074817384131405
1997-02-15,4.061345057777574
1997-02-16,4.077777841638451
1997-02-17,4.085098650047334
1997-02-18,4.13311343205925
1997-02-19,4.139137727078088
1997-02-20,4.0469574655146925
1997-02-21,4.067549161892056
1997-02-22,4.088925030505672
1997-02-23,4.028043907619365
1997-02-24,4.042531392633267
1997-02-25,4.034430246690921
1997-02-26,4.021592343758032
1997-02-27,4.021480696830254
1997-02-28,4.0039157044259905
1997-03-01,3.967532566853812
1997-03-02,4.011870003480206
1997-03-03,3.949976835059051
1997-03-04,3.902110679688205
1997-03-05,3.834086229450374
1997-03-06,3.813565308399801
1997-03-07,3.888464994705129
1997-03-08,3.9063003278695994
1997-03-09,3.9169927808512175
1997-03-10,3.941838548425472
1997-03-11,3.9560327745133703
1997-03-12,3.961496569728535
1997-03-13,3.9895592406066855
1997-03-14,3.9533303270868014
1997-03-15,3.949386142408081
1997-03-16,3.9358174152938217
1997-03-17,3.927517073499639
1997-03-18,4.005568319211674
1997-03-19,3.999139262184305
1997-03-20,3.9867445549571094
1997-03-21,3.996468385391547
1997-03-22,3.9930174097797
1997-03-23,3.97524145090871
1997-03-24,3.976136676426464
1997-03-25,3.938233925938408
1997-03-26,3.938622378172865
1997-03-27,3.922079338297207
1997-03-28,3.9227385305622575
1997-03-29,3.939152565111959
1997-03-30,3.914692795341153
1997-03-31,3.9040860232368866
1997-04-01,3.947958759823056
1997-04-02,4.004473904787445
1997-04-03,4.020737051009419
1997-04-04,3.9869808753936766
1997-04-05,3.981191123217674
1997-04-06,3.977644605620048
1997-04-07,3.991201115473946
1997-04-08,4.046812225411807
1997-04-09,4.038544209955409
1997-04-10,3.996166933375063
1997-04-11,3.959463189338412
1997-04-12,3.956748557913453
1997-04-13,3.954066412431777
1997-04-14,3.9974609549431297
1997-04-15,3.89210043049975
1997-04-16,3.895955284606028
1997-04-17,3.9797440450688457
1997-04-18,3.930598565516235
1997-04-19,3.912970849347872
1997-04-20,3.9095791820509302
1997-04-21,4.078908090025769
1997-04-22,4.153650103545286
1997-04-23,4.291240799048144
1997-04-24,4.327421886009231
1997-04-25,4.328324289603102
1997-04-26,4.3217306459459905
1997-04-27,4.335487298978933
1997-04-28,4.388530702989474
1997-04-29,4.429993437116106
1997-04-30,4.372852971573067
1997-05-01,4.399870132421
1997-05-02,4.490499239782564
1997-05-03,4.468008305216986
1997-05-04,4.468996484402934
1997-05-05,4.451758127708807
1997-05-06,4.458542776255304
1997-05-07,4.445280672862465
1997-05-08,4.426610512861571
1997-05-09,4.430460431175579
1997-05-10,4.435597611584139
1997-05-11,4.4183886837944755
1997-05-12,4.448082873730951
1997-05-13,4.393897922144216
1997-05-14,4.4947074471887
1997-05-15,4.44974041667645
1997-05-16,4.4721603863688495
1997-05-17,4.489881344151191
1997-05-18,4.4267826793716765
1997-05-19,4.424616966347481
1997-05-20,4.40183712277423
1997-05-21,4.501552702192263
1997-05-22,4.487699892545312
1997-05-23,4.482633404977806
1997-05-24,4.50258792899068
1997-05-25,4.50275877601944
1997-05-26,4.490677223671005
1997-05-27,4.535449486152216
1997-05-28,4.549517003974788
1997-05-29,4.53149342507538
1997-05-30,4.537910156775797
1997-05-31,4.547354445676396
1997-06-01,4.497725405284821
1997-06-02,4.547581851100885
1997-06-03,4.5361321266452626
1997-06-04,4.522575046684414
1997-06-05,4.516301897535093
1997-06-06,4.693039934064422
1997-06-07,4.7003729432668955
1997-06-08,4.703647948265257
1997-06-09,4.6172331090732115
1997-06-10,4.548269085138373
1997-06-11,4.503981567206915
1997-06-12,4.640549425397098
1997-06-13,4.611738451392624
1997-06-14,4.623874882284549
1997-06-15,4.634141201830774
1997-06-16,4.638185175682171
1997-06-17,4.732456262404128
1997-06-18,4.765559119788675
1997-06-19,4.815696804572675
1997-06-20,4.816823866336429
1997-06-21,4.807746689829602
1997-06-22,4.783225602721675
1997-06-23,4.745940892285975
1997-06-24,4.8085062879072025
1997-06-25,4.777587691303715
1997-06-26,4.784268928858069
1997-06-27,4.75147330113295
1997-06-28,4.747139549475282
1997-06-29,4.743384619096349
1997-06-30,4.721122490988712
1997-07-01,4.701847807919265
1997-07-02,4.71029012150584
1997-07-03,4.726805299707491
1997-07-04,4.740133885758768
1997-07-05,4.740462355066159
1997-07-06,4.7416030547806685
1997-07-07,4.761351976219289
1997-07-08,4.768418194991943
1997-07-09,4.748171041005183
1997-07-10,4.72325550285875
1997-07-11,4.758670706875127
1997-07-12,4.741534839270469
1997-07-13,4.737433608889221
1997-07-14,4.755604878196012
1997-07-15,4.740200181601882
1997-07-16,4.777035076315833
1997-07-17,4.840959841789253
1997-07-18,4.84988133814115
1997-07-19,4.825449405349495
1997-07-20,4.8160473908022485
1997-07-21,4.870380250628447
1997-07-22,4.922087317476592
1997-07-23,4.938000205239674
1997-07-24,4.930570661193565
1997-07-25,4.908682172195696
1997-07-26,4.903502195768176
1997-07-27,4.899050609203912
1997-07-28,4.884417647373785
1997-07-29,4.894919262165076
1997-07-30,4.8603192093320775
1997-07-31,5.093696927387967
1997-08-01,5.0442595078632415
1997-08-02,5.087792637789848
1997-08-03,5.090768159856339
1997-08-04,5.118034868216174
1997-08-05,5.1634793287184415
1997-08-06,5.1729394820150745
1997-08-07,5.201157625727567
1997-08-08,5.2218564433713635
1997-08-09,5.244371901944784
1997-08-10,5.188038559648607
1997-08-11,5.229807304748259
1997-08-12,5.137595249053557
1997-08-13,5.066831549212072
1997-08-14,5.0506573437119915
1997-08-15,5.0899725322836495
1997-08-16,5.101289601630239
1997-08-17,5.105219194324045
1997-08-18,5.102547460498553
1997-08-19,5.084936826290472
1997-08-20,5.084790504541422
1997-08-21,5.052702807317955
1997-08-22,5.00187609152651
1997-08-23,4.997618952436519
1997-08-24,4.994071650349526
1997-08-25,4.992736907748798
1997-08-26,4.989902994466705
1997-08-27,5.008067007637066
1997-08-28,4.988989985496375
1997-08-29,4.990401197725589
1997-08-30,4.990078222464625
1997-08-31,4.9867846163129155
1997-09-01,4.907514223155683
1997-09-02,4.920479890058708
1997-09-03,4.784228266951332
1997-09-04,4.8048844162933975
1997-09-05,4.816111643152966
1997-09-06,4.837159422802717
1997-09-07,4.856200027085448
1997-09-08,4.868803907177851
1997-09-09,4.8572541353393355
1997-09-10,4.828031553076066
1997-09-11,4.796495151475195
1997-09-12,4.7979120105112125
1997-09-13,4.798120441531276
1997-09-14,4.787214801796741
1997-09-15,4.769766183171452
1997-09-16,4.770462342251708
1997-09-17,4.760143116335676
1997-09-18,4.779320372475562
1997-09-19,4.788109973716443
1997-09-20,4.787344967815325
1997-09-21,4.795048552912746
1997-09-22,4.795315276890457
1997-09-23,4.7449008341520456
1997-09-24,4.741312782503259
1997-09-25,4.6928671732302565
1997-09-26,4.66311817079937
1997-09-27,4.668450071409037
1997-09-28,4.667335532276219
1997-09-29,4.660371857056769
1997-09-30,4.598969215724972
1997-10-01,4.557780477048235
1997-10-02,4.614791571630283
1997-10-03,4.617220573724777
1997-10-04,4.617240077618673
1997-10-05,4.622590692260534
1997-10-06,4.633035855365443
1997-10-07,4.621789995319061
1997-10-08,4.6104167797794995
1997-10-09,4.840337700216628
1997-10-10,4.77460943244604
1997-10-11,4.768730946713642
1997-10-12,4.7545258724607775
1997-10-13,4.764337576553832
1997-10-14,4.524559306385215
1997-10-15,4.641756586746512
1997-10-16,4.668276848050534
1997-10-17,4.598193127482984
1997-10-18,4.589363218087424
1997-10-19,4.644447714588627
1997-10-20,4.6743907144444155
1997-10-21,4.738924436011877
1997-10-22,4.737056246961611
1997-10-23,4.628289138613496
1997-10-24,4.534801189604771
1997-10-25,4.527577721459886
1997-10-26,4.525533466075736
1997-10-27,4.54333196924605
1997-10-28,4.544929399631236
1997-10-29,4.524297535917492
1997-10-30,4.528881043969495
1997-10-31,4.706958352931251
1997-11-01,4.630028167034276
1997-11-02,4.702094520086005
1997-11-03,4.684481624500817
1997-11-04,4.731706110992773
1997-11-05,4.780651269322295
1997-11-06,4.790872030374634
1997-11-07,4.7933519137637255
1997-11-08,4.805803519641165
1997-11-09,4.803184192271174
1997-11-10,4.858294830902646
1997-11-11,4.725436441370563
1997-11-12,4.593353148108538
1997-11-13,4.6122782952184975
1997-11-14,4.623355914794711
1997-11-15,4.633416265047411
1997-11-16,4.67745568847625
1997-11-17,4.659172861640908
1997-11-18,4.67482702730601
1997-11-19,4.667139030236784
1997-11-20,4.684512083807858
1997-11-21,4.689412218535983
1997-11-22,4.685868391755969
1997-11-23,4.6764075167964005
1997-11-24,4.690971216135723
1997-11-25,4.649105605666157
1997-11-26,4.656652615937128
1997-11-27,4.653483133374451
1997-11-28,4.662581193690456
1997-11-29,4.654218378857844
1997-11-30,4.640505868935497
1997-12-01,4.488627598684642
1997-12-02,4.4792753176868745
1997-12-03,4.452262535386536
1997-12-04,4.386715749093321
1997-12-05,4.400449376915423
1997-12-06,4.4118562802123495
1997-12-07,4.394019753530094
1997-12-08,4.380671688951667
1997-12-09,4.386434959822997
1997-12-10,4.335741947974143
1997-12-11,4.359627087730942
1997-12-12,4.377183246742145
1997-12-13,4.370216105601063
1997-12-14,4.379888668769575
1997-12-15,4.347853371862065
1997-12-16,4.360654794293469
1997-12-17,4.355971023939933
1997-12-18,4.341430743151174
1997-12-19,4.344287788937349
1997-12-20,4.351095463680267
1997-12-21,4.340305866826103
1997-12-22,4.3250741044323835
1997-12-23,4.2990801556245195
1997-12-24,4.308126868952865
1997-12-25,4.299744113449265
1997-12-26,4.2966114209237025
1997-12-27,4.2995448074285045
1997-12-28,4.307887602979589
1997-12-29,4.316895655130326
1997-12-30,4.307152618851766
1997-12-31,4.337575859952609
1998-01-01,4.302249701607905
1998-01-02,4.330958712779803
1998-01-03,4.324460492327734
1998-01-04,4.320475892786135
1998-01-05,4.324455482451065
1998-01-06,4.331828863793001
1998-01-07,4.343307001119193
1998-01-08,4.362484155677122
1998-01-09,4.3365538297636785
1998-01-10,4.332061354848011
1998-01-11,4.332722905441376
1998-01-12,4.29296191182473
1998-01-13,4.256442509009858
1998-01-14,4.258834261597528
1998-01-15,4.20380734080089
1998-01-16,4.3489969341105805
1998-01-17,4.333250817435588
1998-01-18,4.338527016246039
1998-01-19,4.341715016137279
1998-01-20,4.307602908385643
1998-01-21,4.320373609636441
1998-01-22,4.265281991430682
1998-01-23,4.228076243833685
1998-01-24,4.23104771948041
1998-01-25,4.228081855184303
1998-01-26,4.220731065448968
1998-01-27,4.2227199060667555
1998-01-28,4.215566094980979
1998-01-29,4.1997840562834305
1998-01-30,4.216256181220989
1998-01-31,4.346313169919513
1998-02-01,4.309927682990407
1998-02-02,4.3569112648426795
1998-02-03,4.433926355362146
1998-02-04,4.392869156486329
1998-02-05,4.4156934453402386
1998-02-06,4.42850314710306
1998-02-07,4.409465879615755
1998-02-08,4.424065054203859
1998-02-09,4.416259047518894
1998-02-10,4.424604750961306
1998-02-11,4.434654364431552
1998-02-12,4.463743774841265
1998-02-13,4.413793512917971
1998-02-14,4.4401801892496895
1998-02-15,4.406272369563254
1998-02-16,4.369684889681568
1998-02-17,4.331623772767781
1998-02-18,4.20842749779963
1998-02-19,4.1863126161000945
1998-02-20,4.167032338574146
1998-02-21,4.162846104056658
1998-02-22,4.160479367033723
1998-02-23,4.178412304098188
1998-02-24,4.124061746266728
1998-02-25,4.098203567040083
1998-02-26,4.159874816261755
1998-02-27,4.156289895134965
1998-02-28,4.1440563779339
1998-03-01,4.093567557707261
1998-03-02,4.112059421831224
1998-03-03,4.084758468059582
1998-03-04,4.075463960030643
1998-03-05,4.1162478102580895
1998-03-06,4.175527094863741
1998-03-07,4.164831445734343
1998-03-08,4.171490469082996
1998-03-09,4.144133696565631
1998-03-10,4.1220613423187045
1998-03-11,4.111250910399315
1998-03-12,4.023200389764879
1998-03-13,4.021656257295704
1998-03-14,4.024731254063837
1998-03-15,4.02141134375561
1998-03-16,4.035689037020981
1998-03-17,4.048794294848674
1998-03-18,4.039373268254664
1998-03-19,4.002621612785911
1998-03-20,4.041334114571698
1998-03-21,4.031840035528946
1998-03-22,4.028881484810332
1998-03-23,4.024608392274103
1998-03-24,3.99719252987074
1998-03-25,3.999845028772368
1998-03-26,3.9737736044841734
1998-03-27,3.9910266369666303
1998-03-28,3.991895935018048
1998-03-29,3.9954625357801072
1998-03-30,4.006527473963854
1998-03-31,3.982113241431516
1998-04-01,3.9800699975603857
1998-04-02,4.003767964812329
1998-04-03,3.9957985374291294
1998-04-04,3.9791563478706022
1998-04-05,3.9853096760886504
1998-04-06,3.9859782450357937
1998-04-07,3.944833786743171
1998-04-08,4.007517876700291
1998-04-09,4.01420717941552
1998-04-10,4.011371264480411
1998-04-11,4.008401853415691
1998-04-12,4.00991365792324
1998-04-13,4.027416594358164
1998-04-14,4.066232501927175
1998-04-15,4.011380131613028
1998-04-16,4.0619654880850735
1998-04-17,4.214023719101683
1998-04-18,4.220179193938536
1998-04-19,4.213461931977333
1998-04-20,4.218972646549128
1998-04-21,4.1841592286216835
1998-04-22,4.280214028854232
1998-04-23,4.263707928021079
1998-04-24,4.303881030229659
1998-04-25,4.298894783023414
1998-04-26,4.304391176533628
1998-04-27,4.273293093824776
1998-04-28,4.251495143559237
1998-04-29,4.1794638410664415
1998-04-30,4.179955588108092
1998-05-01,4.307956833863942
1998-05-02,4.347731596109
1998-05-03,4.349371873009653
1998-05-04,4.368074014756517
1998-05-05,4.365549585831421
1998-05-06,4.395259776477249
1998-05-07,4.395923233102527
1998-05-08,4.395558348378191
1998-05-09,4.388615998768437
1998-05-10,4.390496361513341
1998-05-11,4.41127080098446
1998-05-12,4.409586754595543
1998-05-13,4.4355068147369305
1998-05-14,4.433925655151296
1998-05-15,4.415025508728054
1998-05-16,4.426712989019574
1998-05-17,4.389529477016895
1998-05-18,4.41794663431074
1998-05-19,4.4136428146185995
1998-05-20,4.3892778715538014
1998-05-21,4.422562109731672
1998-05-22,4.426732184310088
1998-05-23,4.4417270253825745
1998-05-24,4.437270878403828
1998-05-25,4.424415721181768
1998-05-26,4.446806379575225
1998-05-27,4.412012507868871
1998-05-28,4.332973738203327
1998-05-29,4.345796279122721
1998-05-30,4.33670069360828
1998-05-31,4.328254187366179
1998-06-01,4.257118927694622
1998-06-02,4.275441826250183
1998-06-03,4.198330889829446
1998-06-04,4.3181874967713965
1998-06-05,4.292158360541821
1998-06-06,4.296289688099909
1998-06-07,4.286547922846709
1998-06-08,4.271988683290907
1998-06-09,4.306663657028173
1998-06-10,4.313740073366083
1998-06-11,4.349543895440775
1998-06-12,4.363100786715327
1998-06-13,4.368484285732328
1998-06-14,4.366744933246235
1998-06-15,4.37215309877328
1998-06-16,4.304489274926768
1998-06-17,4.23354900478072
1998-06-18,4.212433892438982
1998-06-19,4.188724449736112
1998-06-20,4.194186562884099
1998-06-21,4.205162559962973
1998-06-22,4.276507162404961
1998-06-23,4.259005657043007
1998-06-24,4.255481932712375
1998-06-25,4.247408633166382
1998-06-26,4.263567271897564
1998-06-27,4.253469001523013
1998-06-28,4.27936988628319
1998-06-29,4.259363056517596
1998-06-30,4.179696793309133
1998-07-01,4.182177022547236
1998-07-02,4.211729530492943
1998-07-03,4.197091708194055
1998-07-04,4.196201033129438
1998-07-05,4.202562116264044
1998-07-06,4.207908464944938
1998-07-07,4.168600049835204
1998-07-08,4.1336410398212475
1998-07-09,4.158240165803338
1998-07-10,4.15533035355671
1998-07-11,4.156804185818598
1998-07-12,4.1544986152330585
1998-07-13,4.140193160923931
1998-07-14,4.052888854820715
1998-07-15,3.9471754906456553
1998-07-16,4.027209419433733
1998-07-17,4.016757435348396
1998-07-18,4.012934183202218
1998-07-19,4.007904946735265
1998-07-20,4.052536215873177
1998-07-21,4.162438617360525
1998-07-22,4.192501382686621
1998-07-23,4.164832247556215
1998-07-24,4.153101577775779
1998-07-25,4.150440220300574
1998-07-26,4.168722438494321
1998-07-27,4.184053615516117
1998-07-28,4.215295668797504
1998-07-29,4.2525904355464395
1998-07-30,4.337920831579037
1998-07-31,4.39093043893377
1998-08-01,4.345400569564414
1998-08-02,4.389915997018541
1998-08-03,4.37068025827942
1998-08-04,4.68884626058728
1998-08-05,4.661537845941123
1998-08-06,4.715091746182738
1998-08-07,4.706546305612102
1998-08-08,4.707589582495467
1998-08-09,4.703411408677899
1998-08-10,4.686112804779452
1998-08-11,4.763766411789265
1998-08-12,4.775911351383989
1998-08-13,4.748165526765923
1998-08-14,4.739333653555371
1998-08-15,4.738136639880983
1998-08-16,4.732886892365565
1998-08-17,4.7367697847206305
1998-08-18,4.792902568488954
1998-08-19,4.778667276739006
1998-08-20,4.8115974326787345
1998-08-21,4.80704946278273
1998-08-22,4.804447395142191
1998-08-23,4.804370368705722
1998-08-24,4.796932863247827
1998-08-25,4.750858730020205
1998-08-26,4.750035735343271
1998-08-27,4.758005179045206
1998-08-28,4.757762446618056
1998-08-29,4.749696369753078
1998-08-30,4.752177569698365
1998-08-31,4.71366308337796
1998-09-01,4.68281874916017
1998-09-02,4.706252737803405
1998-09-03,4.591096412931021
1998-09-04,4.6081409438388246
1998-09-05,4.623977717762286
1998-09-06,4.6250709227259925
1998-09-07,4.525211422848792
1998-09-08,4.48651082678025
1998-09-09,4.487830125560954
1998-09-10,4.468385419233959
1998-09-11,4.483705152718153
1998-09-12,4.490370752434746
1998-09-13,4.479950125475353
1998-09-14,4.4623892286854385
1998-09-15,4.449097844310427
1998-09-16,4.511888713910034
1998-09-17,4.515495982942787
1998-09-18,4.497150059652081
1998-09-19,4.48919262147356
1998-09-20,4.48308845969443
1998-09-21,4.499821715415296
1998-09-22,4.476840514488133
1998-09-23,4.477721522295148
1998-09-24,4.477201229676229
1998-09-25,4.497383991601275
1998-09-26,4.498751854054349
1998-09-27,4.50032677136544
1998-09-28,4.488200447822211
1998-09-29,4.453642597988489
1998-09-30,4.395179254708211
1998-10-01,4.387962255114248
1998-10-02,4.409424501775767
1998-10-03,4.408353476353535
1998-10-04,4.408601943709226
1998-10-05,4.4015916523263305
1998-10-06,4.404332308844506
1998-10-07,4.295591217523796
1998-10-08,4.302188639743193
1998-10-09,4.303529902077952
1998-10-10,4.310097639253295
1998-10-11,4.3108228080430315
1998-10-12,4.312125711451731
1998-10-13,4.374156328695914
1998-10-14,4.315681875959015
1998-10-15,4.305632895528221
1998-10-16,4.398025934801733
1998-10-17,4.379856668964676
1998-10-18,4.373509042679454
1998-10-19,4.290983170678097
1998-10-20,4.352595019732829
1998-10-21,4.24242660530765
1998-10-22,4.273619502256079
1998-10-23,4.20642225416149
1998-10-24,4.164143247463601
1998-10-25,4.162605032156666
1998-10-26,4.016669147205177
1998-10-27,4.076516358022311
1998-10-28,4.03621771355478
1998-10-29,3.9170560244579953
1998-10-30,3.89681994113751
1998-10-31,4.124248265666377
1998-11-01,4.072822023523079
1998-11-02,4.062192235110983
1998-11-03,4.004826171288557
1998-11-04,4.018144690979711
1998-11-05,4.018522703111752
1998-11-06,3.983184535000741
1998-11-07,3.991276922999355
1998-11-08,3.990269955210144
1998-11-09,4.010495638237939
1998-11-10,3.970179782287423
1998-11-11,3.947635211068191
1998-11-12,3.9262927679195014
1998-11-13,3.907379765630084
1998-11-14,3.902795625980755
1998-11-15,3.8748636926518305
1998-11-16,3.7669783949151583
1998-11-17,3.7501622182218193
1998-11-18,3.749249891329875
1998-11-19,3.7559873970834534
1998-11-20,3.759934710406202
1998-11-21,3.7553760757758665
1998-11-22,3.754261201467334
1998-11-23,3.756793008569466
1998-11-24,3.7412500549626264
1998-11-25,3.7614491025146712
1998-11-26,3.6917828639824415
1998-11-27,3.7098879889723944
1998-11-28,3.7180729256807954
1998-11-29,3.720705835959341
1998-11-30,3.681533839296239
1998-12-01,3.6024190765174353
1998-12-02,3.6050161052449967
1998-12-03,3.4680944327143246
1998-12-04,3.471611529099513
1998-12-05,3.490433222818789
1998-12-06,3.505612225441793
1998-12-07,3.479224335525466
1998-12-08,3.386851964487387
1998-12-09,3.4187504157605675
1998-12-10,3.3530983195334545
1998-12-11,3.367153078389709
1998-12-12,3.3989716416052467
1998-12-13,3.42870116202754
1998-12-14,3.3930477448865286
1998-12-15,3.383486669134222
1998-12-16,3.3979515602066517
1998-12-17,3.4434982584919096
1998-12-18,3.401006639763425
1998-12-19,3.3996837570532743
1998-12-20,3.399615502173633
1998-12-21,3.3788726496351527
1998-12-22,3.3392375019860596
1998-12-23,3.3882439527445465
1998-12-24,3.398540229386831
1998-12-25,3.3920343750897946
1998-12-26,3.3845921585522225
1998-12-27,3.388603669914464
1998-12-28,3.3753425442614606
1998-12-29,3.3644464833832677
1998-12-30,3.3765671654930305
1998-12-31,3.3961400505221175
1999-01-01,3.380315385629074
1999-01-02,3.383983747528721
1999-01-03,3.393700659290145
1999-01-04,3.397074691862054
1999-01-05,3.398929728590187
1999-01-06,3.364971996724459
1999-01-07,3.4021914858302487
1999-01-08,3.435773939597122
1999-01-09,3.431389395059558
1999-01-10,3.4260496209688873
1999-01-11,3.4378752592199113
1999-01-12,3.445468875232858
1999-01-13,3.44021034437246
1999-01-14,3.4274205204884685
1999-01-15,3.43506197260358
1999-01-16,3.4330062908652144
1999-01-17,3.429117544156286
1999-01-18,3.430106305488073
1999-01-19,3.5586659777362293
1999-01-20,3.6840574409667
1999-01-21,3.896201544622253
1999-01-22,3.7231398565346256
1999-01-23,3.73592695612319
1999-01-24,3.74456074617615
1999-01-25,3.79335039793928
1999-01-26,3.692848871280938
1999-01-27,3.723785291290714
1999-01-28,3.754576215406405
1999-01-29,3.777435638588901
1999-01-30,3.778211383754869
1999-01-31,3.970166161609484
1999-02-01,3.930841510647314
1999-02-02,3.96408585788572
1999-02-03,3.9969547708645106
1999-02-04,4.015672327777576
1999-02-05,4.031607512491905
1999-02-06,4.031560827932475
1999-02-07,4.036778092205781
1999-02-08,4.072932689047149
1999-02-09,4.076324302615732
1999-02-10,4.081796819761308
1999-02-11,4.115135622003456
1999-02-12,4.120934666946265
1999-02-13,4.118526343982603
1999-02-14,4.12064585978706
1999-02-15,4.102335740413531
1999-02-16,4.147455066677464
1999-02-17,4.180093203935424
1999-02-18,4.23009451477845
1999-02-19,4.243859467770035
1999-02-20,4.2529846456739975
1999-02-21,4.254051610332254
1999-02-22,4.06561873879329
1999-02-23,4.081624592282141
1999-02-24,4.043966962328563
1999-02-25,3.984388408551651
1999-02-26,3.9750972056405462
1999-02-27,3.973461176296955
1999-02-28,3.97147983075588
1999-03-01,3.925875283513627
1999-03-02,3.864688758898954
1999-03-03,3.8254508446762503
1999-03-04,3.8184573159902415
1999-03-05,3.80000690074468
1999-03-06,3.815276719313521
1999-03-07,3.835295297702903
1999-03-08,3.695482912316584
1999-03-09,3.721705444939024
1999-03-10,3.7827504883650698
1999-03-11,3.846260007781736
1999-03-12,3.929943729655946
1999-03-13,3.931968901472083
1999-03-14,3.9430911265160256
1999-03-15,3.963267422344829
1999-03-16,3.933562734686471
1999-03-17,3.916961363929718
1999-03-18,3.9122688618146833
1999-03-19,3.9187922473763583
1999-03-20,3.911524054088255
1999-03-21,3.901308871685224
1999-03-22,3.952828724991153
1999-03-23,3.9543121829881662
1999-03-24,3.9544414920763673
1999-03-25,3.973012752248804
1999-03-26,3.958914746366359
1999-03-27,3.953710239001072
1999-03-28,3.931914077625587
1999-03-29,3.82730474601838
1999-03-30,3.862305517857844
1999-03-31,3.8987670417990263
1999-04-01,3.850002127328493
1999-04-02,3.849859109761768
1999-04-03,3.855546235538108
1999-04-04,3.8544032410147135
1999-04-05,3.823211096443429
1999-04-06,3.8326392112124226
1999-04-07,3.853634476631471
1999-04-08,3.886928403324256
1999-04-09,3.900065133042462
1999-04-10,3.897879729027087
1999-04-11,3.889699423100683
1999-04-12,3.887393021952085
1999-04-13,3.890323494556641
1999-04-14,3.938816059415555
1999-04-15,3.692771076571428
1999-04-16,3.6190953496336498
1999-04-17,3.6035401609721736
1999-04-18,3.5936665834751387
1999-04-19,3.619493476165717
1999-04-20,3.61823705606713
1999-04-21,3.6122417732639502
1999-04-22,3.5697699886966467
1999-04-23,3.5681787318993408
1999-04-24,3.5529230207964373
1999-04-25,3.530857647590483
1999-04-26,3.7001119306097694
1999-04-27,3.621867620432927
1999-04-28,3.6837526574880486
1999-04-29,3.670402374764223
1999-04-30,3.6735077471706337
1999-05-01,3.7778474447141335
1999-05-02,3.799581567863791
1999-05-03,3.798237238658337
1999-05-04,3.794057127341434
1999-05-05,3.802501118468951
1999-05-06,3.8638782946685697
1999-05-07,3.844006826774749
1999-05-08,3.8411783905420607
1999-05-09,3.8383233781258976
1999-05-10,3.874511649666585
1999-05-11,3.8846644604318543
1999-05-12,3.859358127396256
1999-05-13,3.8551622547751423
1999-05-14,3.821942746055376
1999-05-15,3.812522750791472
1999-05-16,3.854485289976875
1999-05-17,3.9826580975656185
1999-05-18,3.99671344631033
1999-05-19,4.003979344124341
1999-05-20,4.035705224698174
1999-05-21,4.055099192278442
1999-05-22,4.050732697437913
1999-05-23,4.074480507737883
1999-05-24,4.138034038926184
1999-05-25,4.13989392238987
1999-05-26,4.125280119236458
1999-05-27,4.13284762230684
1999-05-28,4.1303605389285485
1999-05-29,4.118530134506408
1999-05-30,4.114118052948931
1999-05-31,4.162159088891858
1999-06-01,4.151251384302438
1999-06-02,4.148246002473591
1999-06-03,4.177670610895552
1999-06-04,4.159358364144596
1999-06-05,4.160853646451387
1999-06-06,4.147639733006673
1999-06-07,4.1581339552086645
1999-06-08,4.240240586239597
1999-06-09,4.195067209806076
1999-06-10,4.256911601335629
1999-06-11,4.249006854023096
1999-06-12,4.248216482471622
1999-06-13,4.2348222930786825
1999-06-14,4.24838217440791
1999-06-15,4.269536847087913
1999-06-16,4.302691022099224
1999-06-17,4.332764316066117
1999-06-18,4.261989362543419
1999-06-19,4.264774852884711
1999-06-20,4.270963016582981
1999-06-21,4.271367981338257
1999-06-22,4.33715127704119
1999-06-23,4.337205496693057
1999-06-24,4.325919787026295
1999-06-25,4.326572912553318
1999-06-26,4.320305630143052
1999-06-27,4.318997959547488
1999-06-28,4.294263371982153
1999-06-29,4.203289834304502
1999-06-30,4.2220634637913435
1999-07-01,4.1574346370094775
1999-07-02,4.280459712494587
1999-07-03,4.273880372684522
1999-07-04,4.267915955011193
1999-07-05,4.288082930926259
1999-07-06,4.293553535431015
1999-07-07,4.295831800926563
1999-07-08,4.301087309868127
1999-07-09,4.313881764438676
1999-07-10,4.298337690508012
1999-07-11,4.297167139470437
1999-07-12,4.2780220897613646
1999-07-13,4.333684392361626
1999-07-14,4.463343812455924
1999-07-15,4.472109279059714
1999-07-16,4.436353605052244
1999-07-17,4.448795006729498
1999-07-18,4.444937076675695
1999-07-19,4.399342469265803
1999-07-20,4.434914587650227
1999-07-21,4.542358471292447
1999-07-22,4.428482429439762
1999-07-23,4.472724755617166
1999-07-24,4.467667570802782
1999-07-25,4.469753838710458
1999-07-26,4.447807377188863
1999-07-27,4.370380064427145
1999-07-28,4.390876306361152
1999-07-29,4.158422816175675
1999-07-30,4.166825982606367
1999-07-31,4.285189304884828
1999-08-01,4.242543496678249
1999-08-02,4.140575473215384
1999-08-03,4.174280457238977
1999-08-04,4.090996691566441
1999-08-05,4.067434177683544
1999-08-06,4.069218318069703
1999-08-07,4.070103577749723
1999-08-08,4.084179076010679
1999-08-09,4.160984477043732
1999-08-10,4.199501812703929
1999-08-11,4.175523150786745
1999-08-12,4.158099421460818
1999-08-13,4.18444171085053
1999-08-14,4.1954201159842635
1999-08-15,4.16804871596875
1999-08-16,3.9719074617687697
1999-08-17,3.921611414756105
1999-08-18,3.903594535595619
1999-08-19,3.9071600837962617
1999-08-20,3.917863498911789
1999-08-21,3.9240824200150057
1999-08-22,3.9261826281844057
1999-08-23,3.929406747147185
1999-08-24,3.9205299506177576
1999-08-25,3.913083249480707
1999-08-26,3.862966279527636
1999-08-27,3.862854548683039
1999-08-28,3.8701000698733377
1999-08-29,3.872825595691419
1999-08-30,3.852650482285908
1999-08-31,3.782412050924165
1999-09-01,3.4498461847507076
1999-09-02,3.261115112970861
1999-09-03,3.138529968595929
1999-09-04,3.152060584926831
1999-09-05,3.1723490961222542
1999-09-06,3.1689103314048577
1999-09-07,3.1262203005791407
1999-09-08,3.0833371122107054
1999-09-09,3.116951224654702
1999-09-10,3.037501542569612
1999-09-11,3.0536880736633787
1999-09-12,3.05270555469195
1999-09-13,3.083580245585583
1999-09-14,3.112423728571874
1999-09-15,3.1313625678793064
1999-09-16,3.1275383749854018
1999-09-17,3.13630467977661
1999-09-18,3.1357365400794532
1999-09-19,3.1424073718928804
1999-09-20,3.1492200641751964
1999-09-21,3.113686104004676
1999-09-22,3.102033493682803
1999-09-23,3.120967422207111
1999-09-24,3.1180104122807553
1999-09-25,3.111208270340096
1999-09-26,3.1147430283003055
1999-09-27,3.1493466683711784
1999-09-28,3.1270409825966587
1999-09-29,3.1091998745406673
1999-09-30,3.0944380453266733
1999-10-01,3.1149734876827213
1999-10-02,3.094468084650861
1999-10-03,3.094470202567677
1999-10-04,3.1002229941363937
1999-10-05,3.108983955208393
1999-10-06,3.131806476173786
1999-10-07,3.116934804942146
1999-10-08,3.118562373225916
1999-10-09,3.1126877604138787
1999-10-10,3.1309367131637655
1999-10-11,3.1216034795545684
1999-10-12,3.1418581708328057
1999-10-13,3.162683546398901
1999-10-14,3.267681055667371
1999-10-15,3.203875989059342
1999-10-16,3.218678122483161
1999-10-17,3.213228416153873
1999-10-18,3.189829841732139
1999-10-19,3.1691564547774926
1999-10-20,3.0820411277073214
1999-10-21,3.034606967791426
1999-10-22,3.0226879369988744
1999-10-23,2.9881198516289973
1999-10-24,2.9945430323014
1999-10-25,3.056827917710824
1999-10-26,3.148499930494577
1999-10-27,3.0382784831092966
1999-10-28,2.956198422730038
1999-10-29,2.921801676207275
1999-10-30,2.9242105872149784
1999-10-31,3.0811678384046166
1999-11-01,3.152181605462863
1999-11-02,3.204120596873135
1999-11-03,3.169549752642631
1999-11-04,3.1354131965588885
1999-11-05,3.129008802856745
1999-11-06,3.1272896390999185
1999-11-07,3.148373858632623
1999-11-08,3.075650287559402
1999-11-09,3.036617920615399
1999-11-10,3.0617550743783344
1999-11-11,3.053738353085675
1999-11-12,3.0232381581218273
1999-11-13,3.060858805450887
1999-11-14,3.0499882388374218
1999-11-15,3.0238723688122464
1999-11-16,3.036542989840344
1999-11-17,3.0000542429396675
1999-11-18,2.9753921478518346
1999-11-19,2.9712469704107227
1999-11-20,2.961406487551839
1999-11-21,2.931172599437865
1999-11-22,2.9524585170321007
1999-11-23,3.0067863503257906
1999-11-24,3.304892970729047
1999-11-25,3.3040291059804936
1999-11-26,3.303948901386274
1999-11-27,3.3100869368080192
1999-11-28,3.309419651315592
1999-11-29,3.3119388353791885
1999-11-30,3.3502820065740857
1999-12-01,3.4129906699278707
1999-12-02,3.3652138651069277
1999-12-03,3.3722066004282847
1999-12-04,3.379976025897504
1999-12-05,3.3844106599241712
1999-12-06,3.374240399075054
1999-12-07,3.3430663867089643
1999-12-08,3.321162877361849
1999-12-09,3.2953613622764255
1999-12-10,3.293318949499008
1999-12-11,3.308048304110192
1999-12-12,3.2937713341820296
1999-12-13,3.3110574011604292
1999-12-14,3.298368167481647
1999-12-15,3.337036108801251
1999-12-16,3.2375058597420554
1999-12-17,3.227872130147189
1999-12-18,3.21722357050114
1999-12-19,3.214953687037441
1999-12-20,3.2111642651176897
1999-12-21,3.1759762544400565
1999-12-22,3.2093554315433015
1999-12-23,3.1661878815956985
1999-12-24,3.173339762873568
1999-12-25,3.1863515940321334
1999-12-26,3.1617485114543813
1999-12-27,3.1794933455846697
1999-12-28,3.1717043395571025
1999-12-29,3.1276385205750463
1999-12-30,3.1406607487352676
1999-12-31,3.136270133176325
2000-01-01,3.1084154724868776
2000-01-02,3.137891842395278
2000-01-03,3.1603385333631664
2000-01-04,3.1392399359208327
2000-01-05,3.1387972144551086
2000-01-06,3.160061122471277
2000-01-07,3.1484580013057175
2000-01-08,3.1326087093998507
2000-01-09,3.1355182165224247
2000-01-10,3.1358328083487628
2000-01-11,3.1471460588743287
2000-01-12,3.1662936066824305
2000-01-13,3.1857118405572096
2000-01-14,3.172976071102924
2000-01-15,3.1652666427118192
2000-01-16,3.1545042401885373
2000-01-17,3.1706430190321524
2000-01-18,3.158242445517778
2000-01-19,3.276773527452626
2000-01-20,3.31184447205649
2000-01-21,3.329394370719005
2000-01-22,3.3285416097019436
2000-01-23,3.327807315278021
2000-01-24,3.3884509639838343
2000-01-25,3.619429821886941
2000-01-26,3.5917834921102427
2000-01-27,3.6349175218091654
2000-01-28,3.6173856957950465
2000-01-29,3.614472418939127
2000-01-30,3.593402994821685
2000-01-31,3.964805027585984
2000-02-01,3.6425801596376126
2000-02-02,3.6601823588172073
2000-02-03,3.593217067476314
2000-02-04,3.5909690082744694
2000-02-05,3.5879534130506108
2000-02-06,3.569765288910097
2000-02-07,3.616119470547777
2000-02-08,3.772948078749459
2000-02-09,3.852061366174085
2000-02-10,3.95924114485665
2000-02-11,3.9310794143641754
2000-02-12,3.9369146366604433
2000-02-13,3.9446270680713136
2000-02-14,3.920088900130603
2000-02-15,3.9955742855199983
2000-02-16,3.921252960393984
2000-02-17,3.877591192296777
2000-02-18,3.9073649077323096
2000-02-19,3.925958009517774
2000-02-20,3.9174046234282263
2000-02-21,3.859165574113704
2000-02-22,3.904575292121006
2000-02-23,3.8985525779619783
2000-02-24,3.9669000615005214
2000-02-25,3.9496757729487006
2000-02-26,3.9446753602902658
2000-02-27,3.9425615009370754
2000-02-28,3.935357688806838
2000-02-29,3.877759868159789
2000-03-01,3.91323042289524
2000-03-02,4.0437871829875265
2000-03-03,3.961880781729784
2000-03-04,3.950973940059712
2000-03-05,3.9461890242898185
2000-03-06,3.985907272278803
2000-03-07,3.9850225218419855
2000-03-08,4.113127050883504
2000-03-09,4.10378255291637
2000-03-10,4.1256080783876685
2000-03-11,4.114582721964589
2000-03-12,4.096920300388256
2000-03-13,4.218488063070449
2000-03-14,4.208366993181839
2000-03-15,4.2093041370313795
2000-03-16,4.397845545863067
2000-03-17,4.38315154981702
2000-03-18,4.354228329662171
2000-03-19,4.343998755163611
2000-03-20,4.39029793134163
2000-03-21,4.448311325952118
2000-03-22,4.323267265149866
2000-03-23,4.278273133850997
2000-03-24,4.325875858440579
2000-03-25,4.307813739893814
2000-03-26,4.3044013871322715
2000-03-27,4.313842224151321
2000-03-28,4.212932665347259
2000-03-29,4.2069100040453025
2000-03-30,4.26275778111918
2000-03-31,4.252112306857632
2000-04-01,4.17210552721898
2000-04-02,4.276417162875147
2000-04-03,4.367208575932311
2000-04-04,4.450941393085778
2000-04-05,4.456393359358229
2000-04-06,4.424449748243202
2000-04-07,4.4105166926997486
2000-04-08,4.379408263374698
2000-04-09,4.357460177106678
2000-04-10,4.3256374107229485
2000-04-11,4.284022610718944
2000-04-12,4.330039618118931
2000-04-13,4.348742187930874
2000-04-14,4.3478047138719225
2000-04-15,4.327172050701522
2000-04-16,4.330118821791761
2000-04-17,4.329963704337638
2000-04-18,4.388309127589244
2000-04-19,4.259572947799293
2000-04-20,4.158493993111493
2000-04-21,4.165612769615825
2000-04-22,4.159678787671695
2000-04-23,4.144913116135703
2000-04-24,4.262940233638244
2000-04-25,3.980000085054407
2000-04-26,4.081999013041667
2000-04-27,4.017914634892158
2000-04-28,3.976030038802606
2000-04-29,3.972062482237888
2000-04-30,3.981294590123965
2000-05-01,4.25854398614038
2000-05-02,4.379338549199302
2000-05-03,4.390963153198507
2000-05-04,4.3662106511769645
2000-05-05,4.414109038974796
2000-05-06,4.402766319054427
2000-05-07,4.396572886692592
2000-05-08,4.35020185598563
2000-05-09,4.371886340271377
2000-05-10,4.507533530466647
2000-05-11,4.620277141199734
2000-05-12,4.600760572886566
2000-05-13,4.615953622076621
2000-05-14,4.59943113778403
2000-05-15,4.628651400098732
2000-05-16,4.504905190160456
2000-05-17,4.444261104129462
2000-05-18,4.470097801605891
2000-05-19,4.478670336694083
2000-05-20,4.454993121135266
2000-05-21,4.447699702756497
2000-05-22,4.414377202146204
2000-05-23,4.381046986679754
2000-05-24,4.382530047878398
2000-05-25,4.358050517856654
2000-05-26,4.376430295556853
2000-05-27,4.382141597124258
2000-05-28,4.3634753158597865
2000-05-29,4.328733937626398
2000-05-30,4.310520574340269
2000-05-31,4.249801808950663
2000-06-01,4.096749279488843
2000-06-02,4.176201643454988
2000-06-03,4.169594085172302
2000-06-04,4.177288128269243
2000-06-05,4.169259788123622
2000-06-06,3.994838731932358
2000-06-07,3.9682191281470938
2000-06-08,3.824335069840117
2000-06-09,3.8798778451543714
2000-06-10,3.90206391089649
2000-06-11,3.9017636234309103
2000-06-12,3.8685170326566256
2000-06-13,3.841666142045192
2000-06-14,3.800628818402093
2000-06-15,3.8535853587558218
2000-06-16,3.869813407883561
2000-06-17,3.857578533370787
2000-06-18,3.864586449328223
2000-06-19,3.853977623784021
2000-06-20,3.877159967850451
2000-06-21,3.876516937206078
2000-06-22,3.8761161519177736
2000-06-23,3.8702631276721062
2000-06-24,3.8635774171567103
2000-06-25,3.867816147452604
2000-06-26,3.897879619670582
2000-06-27,3.911007189349786
2000-06-28,3.916624680954395
2000-06-29,3.8522569290660713
2000-06-30,3.8607142306453777
2000-07-01,3.8781474949813832
2000-07-02,3.936384492022698
2000-07-03,3.9315930669507817
2000-07-04,3.888841003896885
2000-07-05,3.8903139953274137
2000-07-06,3.8665814746144993
2000-07-07,3.864661490376215
2000-07-08,3.864335540211809
2000-07-09,3.859294869938109
2000-07-10,3.854353874008193
2000-07-11,3.76589523851226
2000-07-12,3.773314710449542
2000-07-13,3.763464911136614
2000-07-14,3.7893937839017
2000-07-15,3.79775783179756
2000-07-16,3.8024920942255007
2000-07-17,3.8044301334030024
2000-07-18,3.834497294769185
2000-07-19,3.831012675782502
2000-07-20,3.752348570574149
2000-07-21,3.74175561400724
2000-07-22,3.723978801966249
2000-07-23,3.7147591625478222
2000-07-24,3.777759808361404
2000-07-25,3.987875005368416
2000-07-26,3.957821276791668
2000-07-27,3.835271625720437
2000-07-28,3.7611162029878527
2000-07-29,3.760809558848288
2000-07-30,3.755519127579088
2000-07-31,4.662856279892956
2000-08-01,4.635041097435243
2000-08-02,4.650206735264381
2000-08-03,4.5984546608229415
2000-08-04,4.625255340270196
2000-08-05,4.629928472733521
2000-08-06,4.610746795557228
2000-08-07,4.553149550778466
2000-08-08,4.537172923308972
2000-08-09,4.3193221705265525
2000-08-10,4.304727269257247
2000-08-11,4.297377055633716
2000-08-12,4.291920764814759
2000-08-13,4.301040049693727
2000-08-14,4.199486683262526
2000-08-15,4.257023161063777
2000-08-16,4.3343614651390325
2000-08-17,4.382430995796201
2000-08-18,4.366186671775939
2000-08-19,4.364697887578093
2000-08-20,4.363744157303817
2000-08-21,4.370276922872591
2000-08-22,4.3698787339365595
2000-08-23,4.348341899494885
2000-08-24,4.352327999499302
2000-08-25,4.350459703889908
2000-08-26,4.350392443461267
2000-08-27,4.35747660533233
2000-08-28,4.3591302041239075
2000-08-29,4.34303598658629
2000-08-30,4.320818570562649
2000-08-31,4.356980144053475
2000-09-01,4.346499581745473
2000-09-02,4.361037510087118
2000-09-03,4.3584404163735675
2000-09-04,4.347635496237821
2000-09-05,4.34890939448405
2000-09-06,4.442969619917886
2000-09-07,4.373176100739657
2000-09-08,4.426881214979405
2000-09-09,4.41483340731372
2000-09-10,4.43710343580636
2000-09-11,4.345152350023336
2000-09-12,4.37744629833856
2000-09-13,4.2675860260946346
2000-09-14,4.190484253421225
2000-09-15,4.174379829015605
2000-09-16,4.170605474674339
2000-09-17,4.163932879710684
2000-09-18,4.136906882564374
2000-09-19,4.068854722734635
2000-09-20,4.052585621361681
2000-09-21,3.965331191772289
2000-09-22,3.976939892032228
2000-09-23,3.9748250607207014
2000-09-24,3.9542215628179225
2000-09-25,3.933961395232077
2000-09-26,3.8697556187244886
2000-09-27,3.8651243945895746
2000-09-28,3.857838073672211
2000-09-29,3.873039814937063
2000-09-30,3.862505475845656
2000-10-01,3.844461090588373
2000-10-02,3.8745077977222246
2000-10-03,3.811661011940748
2000-10-04,3.8568808708485394
2000-10-05,3.8381086224887024
2000-10-06,3.849360878840874
2000-10-07,3.840386782218871
2000-10-08,3.827288124042187
2000-10-09,3.7725090887294215
2000-10-10,3.7633081941085846
2000-10-11,3.732761931250843
2000-10-12,3.743004684109136
2000-10-13,3.740946961649903
2000-10-14,3.7248461711070098
2000-10-15,3.732150873881702
2000-10-16,3.7373472474349545
2000-10-17,3.646776981176265
2000-10-18,3.564513354393431
2000-10-19,3.5227715599033647
2000-10-20,3.523768883984179
2000-10-21,3.5216699938802094
2000-10-22,3.4947276015178605
2000-10-23,3.5220012978745845
2000-10-24,3.551060218486953
2000-10-25,3.317704640920752
2000-10-26,3.374435368128703
2000-10-27,3.469143628096232
2000-10-28,3.4741674193131167
2000-10-29,3.4749615395425217
2000-10-30,3.4450889648845515
2000-10-31,3.466339967028861
2000-11-01,3.53380411518808
2000-11-02,3.4949138795649226
2000-11-03,3.4794330793391195
2000-11-04,3.467275008773485
2000-11-05,3.4643306711383346
2000-11-06,3.5192797013657877
2000-11-07,3.3098658944509265
2000-11-08,3.365062779310097
2000-11-09,3.326866231061504
2000-11-10,3.3260442317137846
2000-11-11,3.312027959823596
2000-11-12,3.321470670280047
2000-11-13,3.3226714865289204
2000-11-14,3.318752906684971
2000-11-15,3.431250920644165
2000-11-16,3.4335363303847015
2000-11-17,3.430800094886745
2000-11-18,3.4244994405736713
2000-11-19,3.405943211775159
2000-11-20,3.4836312399012557
2000-11-21,3.502918831791503
2000-11-22,3.487854877612059
2000-11-23,3.492665951512262
2000-11-24,3.4775708847156452
2000-11-25,3.4833145954237725
2000-11-26,3.481893015228189
2000-11-27,3.4693412601736147
2000-11-28,3.457781126683639
2000-11-29,3.4235487588169065
2000-11-30,3.415797685028112
2000-12-01,3.4389393229066783
2000-12-02,3.435611127332571
2000-12-03,3.4429934724315174
2000-12-04,3.349675922979998
2000-12-05,3.2197933599793687
2000-12-06,3.1696158884356938
2000-12-07,3.1571641026240456
2000-12-08,3.158471458152379
2000-12-09,3.158750197152069
2000-12-10,3.1444974380395005
2000-12-11,3.1210499945641748
2000-12-12,3.1406254722950275
2000-12-13,3.128365910896693
2000-12-14,3.1916157206925075
2000-12-15,3.165435438723967
2000-12-16,3.164244566959587
2000-12-17,3.163410551210531
2000-12-18,3.1676668289762984
2000-12-19,3.178352980668452
2000-12-20,3.189420516762588
2000-12-21,3.176645040861537
2000-12-22,3.161357199876001
2000-12-23,3.1607589224969384
2000-12-24,3.1724164950042506
2000-12-25,3.084090152525786
2000-12-26,3.148301091577005
2000-12-27,3.147828903601662
2000-12-28,3.1601882453944055
2000-12-29,3.1426419798008753
2000-12-30,3.1299392977170557
2000-12-31,3.1332786063603897
2001-01-01,3.115488917639201
2001-01-02,3.1218076818626006
2001-01-03,3.114986391176565
2001-01-04,3.1074113771419536
2001-01-05,3.1049166412543334
2001-01-06,3.107103910258822
2001-01-07,3.0863162448569925
2001-01-08,3.0781602766500993
2001-01-09,3.093124826097674
2001-01-10,2.9940094697426436
2001-01-11,2.981302885817573
2001-01-12,2.9659494033429623
2001-01-13,2.965521754228424
2001-01-14,2.960108269034945
2001-01-15,2.941092194505204
2001-01-16,2.9498746009656367
2001-01-17,3.1462914587628625
2001-01-18,3.1074811872771173
2001-01-19,3.111237640580481
2001-01-20,3.0938764573219126
2001-01-21,3.087591974740054
2001-01-22,2.922783229290318
2001-01-23,2.9080057580445655
2001-01-24,2.951895706556715
2001-01-25,2.886023408390891
2001-01-26,2.902139389207072
2001-01-27,2.891801001402565
2001-01-28,2.8928364488847915
2001-01-29,2.932519384813389
2001-01-30,2.8544224718047744
2001-01-31,3.247063835859572
2001-02-01,3.111867230638683
2001-02-02,3.056780443371097
2001-02-03,3.0471209766826
2001-02-04,3.000045732982731
2001-02-05,2.908016736977808
2001-02-06,2.750812087140759
2001-02-07,2.764013152635839
2001-02-08,2.6578091758672717
2001-02-09,2.6744581608513505
2001-02-10,2.6868703385060617
2001-02-11,2.730936384325339
2001-02-12,2.728818522673843
2001-02-13,2.626445223096076
2001-02-14,2.535471845951024
2001-02-15,2.5638418890164147
2001-02-16,2.4888301595594413
2001-02-17,2.528509888906485
2001-02-18,2.4761512365214022
2001-02-19,2.3508815931690807
2001-02-20,2.328748597901896
2001-02-21,2.203191645652865
2001-02-22,2.1738237788237424
2001-02-23,2.1307152524188067
2001-02-24,2.139455094735069
2001-02-25,2.136927324385024
2001-02-26,1.9528615714811668
2001-02-27,1.9686998386494117
2001-02-28,2.03019625193989
2001-03-01,2.0552049613620422
2001-03-02,1.9993229567488304
2001-03-03,2.011205188396459
2001-03-04,1.995673109607188
2001-03-05,2.034152648343702
2001-03-06,1.9693479669321643
2001-03-07,2.044976840272635
2001-03-08,2.107729740869237
2001-03-09,2.085875121727156
2001-03-10,2.114066990839564
2001-03-11,2.121166296936246
2001-03-12,2.123963582508142
2001-03-13,1.9196144651960436
2001-03-14,2.0790832951377363
2001-03-15,2.181612450254204
2001-03-16,2.1471462327027133
2001-03-17,2.1269954399343387
2001-03-18,2.105515356446996
2001-03-19,2.051850986139798
2001-03-20,1.994408219876706
2001-03-21,2.0003017632826112
2001-03-22,2.0635685536665433
2001-03-23,2.0412524335051607
2001-03-24,2.035832461782735
2001-03-25,2.046358191506582
2001-03-26,2.0595756621564965
2001-03-27,2.0904794695682405
2001-03-28,2.1054350067539724
2001-03-29,2.075578838290647
2001-03-30,2.077748064304691
2001-03-31,2.0726482678059033
2001-04-01,2.1414161454678764
2001-04-02,2.1399991176168784
2001-04-03,2.210013969679963
2001-04-04,2.119468429683563
2001-04-05,2.100875270384845
2001-04-06,2.1015905518101095
2001-04-07,2.1018103356020585
2001-04-08,2.1152646397396904
2001-04-09,2.086718346675889
2001-04-10,2.097101633438514
2001-04-11,1.696166624423294
2001-04-12,1.5411795808949855
2001-04-13,1.5635189370312288
2001-04-14,1.5813450981644102
2001-04-15,1.5833565895536734
2001-04-16,1.5074747581365693
2001-04-17,1.371472955562673
2001-04-18,1.250630763994902
2001-04-19,1.2040859938230335
2001-04-20,1.2391827988533537
2001-04-21,1.2460427153682931
2001-04-22,1.234969786887562
2001-04-23,1.3715967326259544
2001-04-24,1.5145116288708251
2001-04-25,1.6232556700307517
2001-04-26,1.381322240209757
2001-04-27,1.3249223029497892
2001-04-28,1.3007850938629018
2001-04-29,1.3063585273279876
2001-04-30,1.25900774107848
2001-05-01,1.3065996363936505
2001-05-02,1.224412206638072
2001-05-03,1.2872256022077313
2001-05-04,1.290343185268705
2001-05-05,1.304040816912305
2001-05-06,1.293944848308669
2001-05-07,1.2724837950302257
2001-05-08,1.1563900246655034
2001-05-09,1.150120578131061
2001-05-10,1.1132268280361202
2001-05-11,1.0952279833533076
2001-05-12,1.0898531887106588
2001-05-13,1.0970701504338622
2001-05-14,1.1031641507577286
2001-05-15,1.1339225679470597
2001-05-16,1.1030973373766302
2001-05-17,1.1895990517543993
2001-05-18,1.0639216985189193
2001-05-19,1.0450855239200316
2001-05-20,1.0446360780846944
2001-05-21,1.0231479712158449
2001-05-22,1.055980232229051
2001-05-23,1.0226310739955211
2001-05-24,1.018653431330971
2001-05-25,1.03097469348128
2001-05-26,1.037662774329942
2001-05-27,1.0522839419032812
2001-05-28,1.0329205025213488
2001-05-29,0.972806873096637
2001-05-30,1.0184421272570927
2001-05-31,0.9782672428568682
2001-06-01,1.0961351674353468
2001-06-02,0.9910229123405392
2001-06-03,0.9914244407988546
2001-06-04,0.9682583706178542
2001-06-05,0.8958338638116667
2001-06-06,0.8520857805181681
2001-06-07,0.6977016034731323
2001-06-08,0.7423118292315962
2001-06-09,0.7571523381843073
2001-06-10,0.7697708341091505
2001-06-11,0.7384871088652449
2001-06-12,0.5964879626928625
2001-06-13,0.6816886064220227
2001-06-14,0.702843310426355
2001-06-15,0.7354921034245914
2001-06-16,0.7285360289761633
2001-06-17,0.7867463104264907
2001-06-18,0.6806931420161888
2001-06-19,0.7712552119133087
2001-06-20,0.8070962664840167
2001-06-21,0.8242908037356669
2001-06-22,0.8444969504390052
2001-06-23,0.8314161944188108
2001-06-24,0.8440614809028748
2001-06-25,0.826229322552841
2001-06-26,0.6474059828140408
2001-06-27,0.6421129504374794
2001-06-28,0.64838848172921
2001-06-29,0.6887250193914087
2001-06-30,0.6926769189316033
2001-07-01,0.8349016824282751
2001-07-02,0.6985605728943773
2001-07-03,0.6616548474768638
2001-07-04,0.652647591948321
2001-07-05,0.6608914431767281
2001-07-06,0.7038039844378834
2001-07-07,0.6948181356305931
2001-07-08,0.6970021555652122
2001-07-09,0.7153901044501798
2001-07-10,0.6721134715722634
2001-07-11,0.6826941813239289
2001-07-12,0.7973222860945013
2001-07-13,0.8174281769522986
2001-07-14,0.8220172707568123
2001-07-15,0.8124340360543689
2001-07-16,0.9407980698473986
2001-07-17,1.0737640203163514
2001-07-18,0.9975691656995768
2001-07-19,1.103172410691755
2001-07-20,1.085867876158067
2001-07-21,1.0774068948906494
2001-07-22,1.0764012958823872
2001-07-23,1.2057818984853896
2001-07-24,1.2958728359635097
2001-07-25,1.3781766008537055
2001-07-26,1.664161944903202
2001-07-27,1.786716136194901
2001-07-28,1.7791071235031284
2001-07-29,1.788020582755911
2001-07-30,1.8085783946090213
2001-07-31,2.002817943430049
2001-08-01,2.225594369704524
2001-08-02,2.154435051080391
2001-08-03,2.150706839372861
2001-08-04,2.1403334673391754
2001-08-05,2.156383294220637
2001-08-06,2.1379337855839573
2001-08-07,2.1393015218350566
2001-08-08,2.246990857222799
2001-08-09,2.3375707820189984
2001-08-10,2.339461811837343
2001-08-11,2.3510757973883285
2001-08-12,2.353235161075828
2001-08-13,2.273913705263516
2001-08-14,2.275441972807861
2001-08-15,2.23490776175007
2001-08-16,2.292024536379817
2001-08-17,2.3128151479627155
2001-08-18,2.2951422936030124
2001-08-19,2.3134801524419824
2001-08-20,2.294461208575554
2001-08-21,2.3098640181506624
2001-08-22,2.2570684567438386
2001-08-23,2.2561631990742965
2001-08-24,2.2445602241571816
2001-08-25,2.2553081796316
2001-08-26,2.257937343382305
2001-08-27,2.258664537496926
2001-08-28,2.257783982909828
2001-08-29,2.2466715528474284
2001-08-30,2.2647791413639595
2001-08-31,2.3061304956479036
2001-09-01,2.3574443611407845
2001-09-02,2.3514917542155818
2001-09-03,2.351238868906787
2001-09-04,2.190790328079306
2001-09-05,2.162300775015766
2001-09-06,2.244533086478068
2001-09-07,2.210066022836326
2001-09-08,2.222213194469765
2001-09-09,2.230195504716139
2001-09-10,2.1876557298047996
2001-09-11,2.2083866946071216
2001-09-12,2.127332110442752
2001-09-13,2.2338453748122356
2001-09-14,2.1906889265445906
2001-09-15,2.1850939857649787
2001-09-16,2.1764264172001324
2001-09-17,2.161228695291455
2001-09-18,2.1962650314138563
2001-09-19,2.1870616676867214
2001-09-20,2.196255347343765
2001-09-21,2.1630459807935214
2001-09-22,2.159161688587911
2001-09-23,2.149890477151597
2001-09-24,2.141854618665233
2001-09-25,2.0309717087905614
2001-09-26,2.0091045951407813
2001-09-27,1.9777480225356263
2001-09-28,1.9627399641932308
2001-09-29,1.9763316792291303
2001-09-30,1.979819885246589
2001-10-01,2.037958056466234
2001-10-02,2.030988522372537
2001-10-03,2.04218150212032
2001-10-04,1.9990396673747453
2001-10-05,1.995344097333675
2001-10-06,2.0030275383887495
2001-10-07,2.006747842411407
2001-10-08,1.9982946290757688
2001-10-09,2.0159347257725404
2001-10-10,2.0398802456494893
2001-10-11,2.029886721071603
2001-10-12,2.010250905730354
2001-10-13,2.025620570345594
2001-10-14,2.025833935291238
2001-10-15,2.040177966039788
2001-10-16,1.9212348302638151
2001-10-17,2.319904215993671
2001-10-18,2.3503620912531615
2001-10-19,2.398556627096887
2001-10-20,2.389971078060539
2001-10-21,2.392699468030807
2001-10-22,2.408688526661841
2001-10-23,2.309062170411055
2001-10-24,2.301688913788901
2001-10-25,2.212640448729542
2001-10-26,2.213494173004488
2001-10-27,2.2049594763720624
2001-10-28,2.216206062468408
2001-10-29,2.196760748501325
2001-10-30,2.193234037134454
2001-10-31,1.965313755005048
2001-11-01,2.0330407242487256
2001-11-02,1.9900114442087309
2001-11-03,1.9962169906334677
2001-11-04,1.9875815210167724
2001-11-05,2.0190701610621087
2001-11-06,2.050638701245244
2001-11-07,1.9890684999140191
2001-11-08,1.9513589812240764
2001-11-09,1.925134474694773
2001-11-10,1.9215312061006864
2001-11-11,1.929969049796398
2001-11-12,1.9280696944235596
2001-11-13,1.904168853861796
2001-11-14,1.8634665625210745
2001-11-15,1.843161446134597
2001-11-16,1.830715753876263
2001-11-17,1.810285787786733
2001-11-18,1.8489105716701193
2001-11-19,1.880182968364334
2001-11-20,1.8420926757188807
2001-11-21,1.8554938834091
2001-11-22,1.8261765710676023
2001-11-23,1.800110606420814
2001-11-24,1.7814021672387574
2001-11-25,1.79553167608337
2001-11-26,1.8250136069985283
2001-11-27,1.8808602567251824
2001-11-28,1.884262740450772
2001-11-29,1.8726791826652511
2001-11-30,1.8541349112915848
2001-12-01,1.945153048509353
2001-12-02,1.8851479511206024
2001-12-03,1.8590771384604523
2001-12-04,1.8802896883401872
2001-12-05,1.8354582879129169
2001-12-06,1.8457916466713828
2001-12-07,1.8542229830399128
2001-12-08,1.857135436852424
2001-12-09,1.8478956274962497
2001-12-10,1.75787460090242
2001-12-11,1.7656410965463325
2001-12-12,1.7633169265122015
2001-12-13,1.8252433174027571
2001-12-14,1.8332361015042304
2001-12-15,1.8412382187066263
2001-12-16,1.842035054061523
2001-12-17,1.8593618084992267
2001-12-18,1.890879512076773
2001-12-19,1.8808813564565088
2001-12-20,1.9050879902305704
2001-12-21,1.8680222290347923
2001-12-22,1.8700246952379216
2001-12-23,1.867301822327335
2001-12-24,1.911674401909842
2001-12-25,2.0142930508103145
2001-12-26,2.035828074346101
2001-12-27,2.0148576517502823
2001-12-28,2.0059754012114785
2001-12-29,2.0046230559600753
2001-12-30,1.9958415829200944
2001-12-31,2.1268174470810455
2002-01-01,2.2113275760577875
2002-01-02,2.131448728930804
2002-01-03,2.06398564900448
2002-01-04,2.061709382910821
2002-01-05,2.069228619582245
2002-01-06,2.0434094985254387
2002-01-07,1.9964991111528472
2002-01-08,1.9966420619465608
2002-01-09,1.981528202565237
2002-01-10,1.9720305048058269
2002-01-11,1.98802646799941
2002-01-12,1.9814689673294088
2002-01-13,1.9758702675691144
2002-01-14,1.9660376176530925
2002-01-15,2.039756095654704
2002-01-16,2.073864896817045
2002-01-17,2.1917270428698608
2002-01-18,2.196680491265816
2002-01-19,2.189854170066666
2002-01-20,2.1841986139521854
2002-01-21,2.171888251802897
2002-01-22,2.152274025279894
2002-01-23,2.3649588586987993
2002-01-24,2.237075782892522
2002-01-25,2.2435212621597533
2002-01-26,2.2391957858644744
2002-01-27,2.2410857684570087
2002-01-28,2.253069776587632
2002-01-29,2.214329568137532
2002-01-30,2.2820732934628474
2002-01-31,2.4074625051212672
2002-02-01,2.437282036019697
2002-02-02,2.3964843273137486
2002-02-03,2.3908635234775586
2002-02-04,2.3518270510959005
2002-02-05,2.3389848669945894
2002-02-06,2.3932852061051673
2002-02-07,2.379544823855897
2002-02-08,2.400934826148488
2002-02-09,2.4222028085685183
2002-02-10,2.424882111044715
2002-02-11,2.4252884772700085
2002-02-12,2.5388938042035236
2002-02-13,2.508720647555324
2002-02-14,2.521028753199182
2002-02-15,2.504271973820771
2002-02-16,2.503369446412168
2002-02-17,2.559466260142185
2002-02-18,2.4250518646913535
2002-02-19,2.459145528778706
2002-02-20,2.4061625348661533
2002-02-21,2.4269754119091305
2002-02-22,2.4328981969203114
2002-02-23,2.426603710942018
2002-02-24,2.430684446701449
2002-02-25,2.422802151219785
2002-02-26,2.4869461897897396
2002-02-27,2.4638592931752528
2002-02-28,2.5260977074070636
2002-03-01,2.556989816554372
2002-03-02,2.526072435367174
2002-03-03,2.5436237528979815
2002-03-04,2.5145660943056325
2002-03-05,2.7176478103558424
2002-03-06,2.7209828804109053
2002-03-07,2.7743018910134496
2002-03-08,2.760575151047161
2002-03-09,2.7606203145319266
2002-03-10,2.7616622904854378
2002-03-11,2.821900700963406
2002-03-12,2.79915181586632
2002-03-13,2.889711887449897
2002-03-14,2.9149817043753106
2002-03-15,2.8408187363102977
2002-03-16,2.816570941218959
2002-03-17,2.8200047917282784
2002-03-18,2.8414993333411434
2002-03-19,2.7595654206220455
2002-03-20,2.791120311638719
2002-03-21,2.8311056158557637
2002-03-22,2.8269809380503115
2002-03-23,2.8349862337281024
2002-03-24,2.8136210380296
2002-03-25,2.826165685313492
2002-03-26,2.844776787055148
2002-03-27,2.812443094466054
2002-03-28,2.9002243194342645
2002-03-29,2.895408495907872
2002-03-30,2.882776060044807
2002-03-31,2.8754092201374912
2002-04-01,2.9825112448969193
2002-04-02,3.0016585755668523
2002-04-03,2.978975459146424
2002-04-04,2.956484479316288
2002-04-05,2.947253836689124
2002-04-06,2.9374854935878427
2002-04-07,2.9477467498292587
2002-04-08,2.8868331039661417
2002-04-09,2.8811583473248445
2002-04-10,2.8673902201074393
2002-04-11,2.8396312004352913
2002-04-12,2.8341487341642098
2002-04-13,2.8414727258984547
2002-04-14,2.8268612492234517
2002-04-15,2.8868175815080046
2002-04-16,2.9271141175336295
2002-04-17,2.7538890801187517
2002-04-18,2.990827916320433
2002-04-19,3.06939359066653
2002-04-20,3.0571018124583884
2002-04-21,3.0511258629345193
2002-04-22,3.1184913504505567
2002-04-23,3.2132245003108495
2002-04-24,3.169301814991495
2002-04-25,3.2484487178630093
2002-04-26,3.221288316805151
2002-04-27,3.219649180630293
2002-04-28,3.206411144915012
2002-04-29,3.1727341547298913
2002-04-30,3.182660854069861
2002-05-01,3.711117890016477
2002-05-02,3.71465054439812
2002-05-03,3.6174997769830934
2002-05-04,3.609727060767826
2002-05-05,3.608015142693957
2002-05-06,3.591987004740689
2002-05-07,3.5582536337672344
2002-05-08,3.5270082080148955
2002-05-09,3.5149322797809943
2002-05-10,3.526606517578871
2002-05-11,3.5209795295958224
2002-05-12,3.510623148470485
2002-05-13,3.417776697904872
2002-05-14,3.59615526492543
2002-05-15,3.599764080476115
2002-05-16,3.615088735030191
2002-05-17,3.613220707738272
2002-05-18,3.610588402947167
2002-05-19,3.6062138810519295
2002-05-20,3.621634575726522
2002-05-21,3.686433862887069
2002-05-22,3.661576101576866
2002-05-23,3.64501696211415
2002-05-24,3.646091664056608
2002-05-25,3.6392051393424047
2002-05-26,3.6384387223052936
2002-05-27,3.629642149820099
2002-05-28,3.609328066758328
2002-05-29,3.649390251379058
2002-05-30,3.671581951329336
2002-05-31,3.6697232508660305
2002-06-01,3.6322408030327726
2002-06-02,3.651008658797208
2002-06-03,3.619798336124767
2002-06-04,3.681355388915017
2002-06-05,3.842502795927569
2002-06-06,3.974398942208012
2002-06-07,3.8990220432483818
2002-06-08,3.8958865731519543
2002-06-09,3.902435635648665
2002-06-10,3.94982166667422
2002-06-11,3.99639521550218
2002-06-12,3.9253089086935566
2002-06-13,4.056967443323334
2002-06-14,4.0968805287028935
2002-06-15,4.070307285281635
2002-06-16,4.06003127423494
2002-06-17,4.050592211817187
2002-06-18,4.084690170121117
2002-06-19,3.8294395192939694
2002-06-20,3.8056307911327183
2002-06-21,3.804952508694451
2002-06-22,3.8154805636323736
2002-06-23,3.820241028363909
2002-06-24,3.855775895885946
2002-06-25,3.984372790737455
2002-06-26,3.954862275140237
2002-06-27,4.069535226493336
2002-06-28,4.038124368254399
2002-06-29,4.016529146832996
2002-06-30,3.9967710674532326
2002-07-01,3.93206739315763
2002-07-02,4.038963593044606
2002-07-03,4.011621173414254
2002-07-04,3.9868386823957023
2002-07-05,4.004713559524352
2002-07-06,3.996609047239808
2002-07-07,3.995257873801285
2002-07-08,3.963694844661953
2002-07-09,3.9044248933759778
2002-07-10,3.924711725214219
2002-07-11,3.891462157148839
2002-07-12,3.867328543804186
2002-07-13,3.8638299094804625
2002-07-14,3.8489881412404294
2002-07-15,3.967296621221664
2002-07-16,3.868061051731976
2002-07-17,3.8717447493313335
2002-07-18,3.880149982060353
2002-07-19,3.9861100453206304
2002-07-20,3.977335358131579
2002-07-21,3.97140766489985
2002-07-22,3.9409313318794177
2002-07-23,3.873381030443793
2002-07-24,3.8779496828754
2002-07-25,3.981697588855289
2002-07-26,3.967671659030936
2002-07-27,3.971178504145888
2002-07-28,3.952982926459316
2002-07-29,3.88629166842292
2002-07-30,3.9151145984264426
2002-07-31,4.167208769733297
2002-08-01,4.053477846307672
2002-08-02,4.09383423771798
2002-08-03,4.080510329938624
2002-08-04,4.071061702117773
2002-08-05,4.09950541323181
2002-08-06,4.1177865018573225
2002-08-07,4.132749212551348
2002-08-08,4.123393005261025
2002-08-09,4.10971684756476
2002-08-10,4.114086076276791
2002-08-11,4.104443612313682
2002-08-12,4.061171332695962
2002-08-13,4.07812582557677
2002-08-14,4.063542088190158
2002-08-15,4.071310694133928
2002-08-16,4.058249833580426
2002-08-17,4.057830662283861
2002-08-18,4.016088556631123
2002-08-19,4.025311058476348
2002-08-20,4.004444462200291
2002-08-21,3.9488139307190178
2002-08-22,3.932704084962439
2002-08-23,3.92763320208396
2002-08-24,3.923597446971149
2002-08-25,3.902331105122224
2002-08-26,3.906570881808251
2002-08-27,3.8635742237604864
2002-08-28,3.85743961516916
2002-08-29,3.956831373229737
2002-08-30,3.9224434385319182
2002-08-31,3.9084913357555777
2002-09-01,3.874366828825545
2002-09-02,3.930695342909296
2002-09-03,4.134509959117819
2002-09-04,4.372960064285207
2002-09-05,4.406157377759252
2002-09-06,4.397318678333173
2002-09-07,4.338517755633635
2002-09-08,4.335168064225517
2002-09-09,4.265039852835235
2002-09-10,4.168582502362697
2002-09-11,4.1058468893838596
2002-09-12,4.240262730962745
2002-09-13,4.278843496878563
2002-09-14,4.235935873355897
2002-09-15,4.245440896356075
2002-09-16,4.227394385411307
2002-09-17,4.217280156608494
2002-09-18,4.207213339221475
2002-09-19,4.14686787735865
2002-09-20,4.141834715926272
2002-09-21,4.137982010302119
2002-09-22,4.126599491181217
2002-09-23,4.140326023218897
2002-09-24,4.24899658000113
2002-09-25,4.165335793250533
2002-09-26,4.14528204495987
2002-09-27,4.151210448635518
2002-09-28,4.141410210954291
2002-09-29,4.117630732139189
2002-09-30,4.122877666842813
2002-10-01,4.197894271849794
2002-10-02,4.22394316344232
2002-10-03,4.23172652257082
2002-10-04,4.365323137482159
2002-10-05,4.3540585521060455
2002-10-06,4.33902569153422
2002-10-07,4.334385467469172
2002-10-08,4.2653461272706386
2002-10-09,4.227797113868083
2002-10-10,4.184404201442654
2002-10-11,4.131420014994751
2002-10-12,4.116277593996406
2002-10-13,4.124685326067086
2002-10-14,4.103316599940198
2002-10-15,3.975154004335959
2002-10-16,3.9871246734247574
2002-10-17,3.864439152829498
2002-10-18,3.792806666877419
2002-10-19,3.799314645556581
2002-10-20,3.8087962264549367
2002-10-21,3.8143768448797903
2002-10-22,3.830399426568788
2002-10-23,3.685416510428068
2002-10-24,3.5551386550741157
2002-10-25,3.603968604140654
2002-10-26,3.57670569319937
2002-10-27,3.571699797564319
2002-10-28,3.529139499142219
2002-10-29,3.515942853146847
2002-10-30,3.445988858254508
2002-10-31,3.4670056306010353
2002-11-01,3.476637056700385
2002-11-02,3.4998483046044164
2002-11-03,3.5058031831175596
2002-11-04,3.508145983527704
2002-11-05,3.458296151334672
2002-11-06,3.389046038789314
2002-11-07,3.3735241740191726
2002-11-08,3.365503839843763
2002-11-09,3.3633244767318087
2002-11-10,3.3311769994178535
2002-11-11,3.373867387709963
2002-11-12,3.37967884590781
2002-11-13,3.3033179944744715
2002-11-14,3.2850249703707393
2002-11-15,3.2909268492416737
2002-11-16,3.2725588307102957
2002-11-17,3.2911829045904346
2002-11-18,3.316144703789067
2002-11-19,3.279606980361964
2002-11-20,3.2967341722720596
2002-11-21,3.284367663339395
2002-11-22,3.259424756314301
2002-11-23,3.260038424645084
2002-11-24,3.2340138389252133
2002-11-25,3.2343747572837276
2002-11-26,3.206493425701441
2002-11-27,3.170977985538905
2002-11-28,3.0611390389854303
2002-11-29,3.0751575410623206
2002-11-30,3.069947485741326
2002-12-01,3.1377878658050453
2002-12-02,3.1119109702721413
2002-12-03,2.956251258100667
2002-12-04,3.0181738003090426
2002-12-05,2.8871898821318456
2002-12-06,2.9111100418874996
2002-12-07,2.912401421523908
2002-12-08,2.8761968218901424
2002-12-09,2.758601545702247
2002-12-10,2.66145263895173
2002-12-11,2.6739435359683417
2002-12-12,2.5187917827528365
2002-12-13,2.4717446543974972
2002-12-14,2.495700216171804
2002-12-15,2.5379159463925287
2002-12-16,2.5537476638451135
2002-12-17,2.463840835568784
2002-12-18,2.4659869454934205
2002-12-19,2.4918763306242315
2002-12-20,2.5477645451029804
2002-12-21,2.536380879768938
2002-12-22,2.5325112289423606
2002-12-23,2.533885730863439
2002-12-24,2.5652035159377866
2002-12-25,2.5647215514397232
2002-12-26,2.541090160357272
2002-12-27,2.548141938566243
2002-12-28,2.5496000790216167
2002-12-29,2.553076605641181
2002-12-30,2.5606767266578023
2002-12-31,2.557871880045153
2003-01-01,2.551696035382452
2003-01-02,2.4818067459593434
2003-01-03,2.4936427852158576
2003-01-04,2.480530199754268
2003-01-05,2.4739625101560603
2003-01-06,2.4849037135876744
2003-01-07,2.4831289668333913
2003-01-08,2.547175186162332
2003-01-09,2.5494503959176336
2003-01-10,2.554908125758521
2003-01-11,2.5427998430385275
2003-01-12,2.552445683268966
2003-01-13,2.5443001716835836
2003-01-14,2.5662694472518948
2003-01-15,2.589857864191698
2003-01-16,2.6213199410829313
2003-01-17,2.5239124794942023
2003-01-18,2.538093361081593
2003-01-19,2.546927715699827
2003-01-20,2.56069598009266
2003-01-21,2.538262046262646
2003-01-22,2.5730483211066284
2003-01-23,2.668492872791961
2003-01-24,2.6872565282424308
2003-01-25,2.696348221693771
2003-01-26,2.7056805879535935
2003-01-27,2.6777219794024965
2003-01-28,2.788081828107678
2003-01-29,2.7664255668036155
2003-01-30,2.8582023259621
2003-01-31,2.872007131601732
2003-02-01,2.873566803291588
2003-02-02,2.8557922360331487
2003-02-03,2.8399338857173246
2003-02-04,2.835142516060043
2003-02-05,2.8275191147785
2003-02-06,2.8002131424612933
2003-02-07,2.801022732102074
2003-02-08,2.7938756617460254
2003-02-09,2.770899885438687
2003-02-10,2.7529709472640733
2003-02-11,2.700314093999879
2003-02-12,2.7561750415854327
2003-02-13,2.6162104900088705
2003-02-14,2.6214679951181488
2003-02-15,2.6244230737106156
2003-02-16,2.619905301858416
2003-02-17,2.6178792929037513
2003-02-18,2.64324053916489
2003-02-19,2.737723662953644
2003-02-20,2.676404875592448
2003-02-21,2.658578131664267
2003-02-22,2.6519793199717334
2003-02-23,2.6759408357849552
2003-02-24,2.670249032471448
2003-02-25,2.614850284042839
2003-02-26,2.616366033779721
2003-02-27,2.6480201153449725
2003-02-28,2.630204071940048
2003-03-01,2.6450547838255956
2003-03-02,2.597821420236744
2003-03-03,2.6385699364984703
2003-03-04,2.7551629242409663
2003-03-05,2.5224552202593946
2003-03-06,2.752273036931088
2003-03-07,2.670832814814557
2003-03-08,2.657518434654208
2003-03-09,2.6511063270273576
2003-03-10,2.6512848803929203
2003-03-11,2.7497528148137245
2003-03-12,2.8041032365844183
2003-03-13,2.8635932038042453
2003-03-14,2.8172808132258154
2003-03-15,2.814486344237753
2003-03-16,2.8151902981250427
2003-03-17,2.7683194666974917
2003-03-18,2.710694322698052
2003-03-19,2.6891621329119375
2003-03-20,2.670613926551307
2003-03-21,2.629697888413835
2003-03-22,2.6329414574293892
2003-03-23,2.6237974329356843
2003-03-24,2.634938871908142
2003-03-25,2.7106200824899607
2003-03-26,2.704974286297038
2003-03-27,2.715354559432465
2003-03-28,2.752609120094183
2003-03-29,2.7194523540932845
2003-03-30,2.7190131664646304
2003-03-31,2.707191164731072
2003-04-01,2.823257800220877
2003-04-02,2.763661747914932
2003-04-03,2.764697857989601
2003-04-04,2.7328996449097165
2003-04-05,2.734159394006456
2003-04-06,2.7110514656022575
2003-04-07,2.7346629153536073
2003-04-08,2.729024721957095
2003-04-09,2.751966372103767
2003-04-10,2.711430549614342
2003-04-11,2.7981214715021117
2003-04-12,2.8079691019054436
2003-04-13,2.8063116973880566
2003-04-14,2.8378608322992207
2003-04-15,3.025481726247853
2003-04-16,2.9006249889392204
2003-04-17,2.944804013069694
2003-04-18,2.9519811306741857
2003-04-19,2.9636508760997304
2003-04-20,2.977460051611528
2003-04-21,2.959214825689799
2003-04-22,2.9491665687348907
2003-04-23,2.865667587011305
2003-04-24,2.8396451347380203
2003-04-25,2.8381903198709724
2003-04-26,2.8410967802631695
2003-04-27,2.841363433835736
2003-04-28,2.7642478225678397
2003-04-29,2.791272037565936
2003-04-30,2.7145408123428627
2003-05-01,2.935743715661139
2003-05-02,2.9859219630409193
2003-05-03,2.974454442051939
2003-05-04,2.97709475060382
2003-05-05,2.970449948326916
2003-05-06,2.881913944620728
2003-05-07,2.9087330512574265
2003-05-08,2.8573581535471626
2003-05-09,2.8666478015019528
2003-05-10,2.8535366439372587
2003-05-11,2.8375507522574543
2003-05-12,2.820071954734683
2003-05-13,2.9338545869367376
2003-05-14,2.9827527743790534
2003-05-15,3.0184018764867337
2003-05-16,3.014112766959287
2003-05-17,2.994788402906178
2003-05-18,3.026460235907055
2003-05-19,3.0473830851179646
2003-05-20,3.062140478365057
2003-05-21,3.082061259536168
2003-05-22,3.0860284650126655
2003-05-23,3.076748742247452
2003-05-24,3.0645288800532304
2003-05-25,3.061633202480919
2003-05-26,3.0576423163031015
2003-05-27,3.0597732014399326
2003-05-28,3.0528296107290886
2003-05-29,3.030572642029783
2003-05-30,3.0247654496900425
2003-05-31,3.0120903679799413
2003-06-01,3.023118499128445
2003-06-02,3.076533209105764
2003-06-03,2.965797146921527
2003-06-04,2.915158517964438
2003-06-05,2.745723370016367
2003-06-06,2.796506730385096
2003-06-07,2.8115885556160554
2003-06-08,2.8214338875002736
2003-06-09,2.8659220829825185
2003-06-10,2.8479566481376843
2003-06-11,2.8066276373682117
2003-06-12,2.884773877221154
2003-06-13,2.9045500907244755
2003-06-14,2.9009966350296748
2003-06-15,2.9001427132057063
2003-06-16,2.89054300197309
2003-06-17,2.9435609663745135
2003-06-18,2.948824525902921
2003-06-19,2.9493899092648257
2003-06-20,2.9480463859153905
2003-06-21,2.957346482841501
2003-06-22,2.9513422823113604
2003-06-23,2.970312910705254
2003-06-24,3.003176944252361
2003-06-25,2.983698509853328
2003-06-26,3.0089680035540876
2003-06-27,2.9822535510892334
2003-06-28,2.983069504120674
2003-06-29,2.986409008222666
2003-06-30,2.967089309177414
2003-07-01,2.8837906439643324
2003-07-02,2.8976272094391815
2003-07-03,2.8694214814365497
2003-07-04,2.8674965401368224
2003-07-05,2.870659186984428
2003-07-06,2.869450757647434
2003-07-07,2.879716731609812
2003-07-08,2.834226477314975
2003-07-09,2.807558505489609
2003-07-10,2.784713618421506
2003-07-11,2.757385263383962
2003-07-12,2.7401973070071253
2003-07-13,2.7519465673757786
2003-07-14,2.7411581258816
2003-07-15,2.7234230342821166
2003-07-16,2.8281804495354086
2003-07-17,2.9573829004657237
2003-07-18,2.971147752494669
2003-07-19,2.964893364897123
2003-07-20,2.9621003842627243
2003-07-21,3.003329335675671
2003-07-22,3.0735674440710223
2003-07-23,3.146012338261479
2003-07-24,3.038908687673154
2003-07-25,2.989308309467603
2003-07-26,2.970137972713313
2003-07-27,2.9636895469893965
2003-07-28,2.944144746084034
2003-07-29,3.0243557740127733
2003-07-30,3.110823916579024
2003-07-31,3.371339719494295
2003-08-01,3.3931136957195847
2003-08-02,3.398566392521549
2003-08-03,3.3947351017977727
2003-08-04,3.3980705704080325
2003-08-05,3.419714838562766
2003-08-06,3.4000406967162404
2003-08-07,3.4047239743244693
2003-08-08,3.466823335915147
2003-08-09,3.4635802134395712
2003-08-10,3.4652341864035736
2003-08-11,3.467376313019886
2003-08-12,3.512330692942136
2003-08-13,3.5442438988394183
2003-08-14,3.4558976594709914
2003-08-15,3.4588878586411087
2003-08-16,3.470264258697138
2003-08-17,3.4756908298618834
2003-08-18,3.458914370248036
2003-08-19,3.5303156047231616
2003-08-20,3.5726998105557133
2003-08-21,3.5650857612225204
2003-08-22,3.5613460890167272
2003-08-23,3.565754960937111
2003-08-24,3.5713624265227457
2003-08-25,3.582350271118377
2003-08-26,3.5755070761036865
2003-08-27,3.5828275049965645
2003-08-28,3.591792001746706
2003-08-29,3.5943860962428507
2003-08-30,3.5932646953877443
2003-08-31,3.607951379012546
2003-09-01,3.5923598315901226
2003-09-02,3.549650043943792
2003-09-03,3.6477530905398825
2003-09-04,3.476775089093672
2003-09-05,3.423019216701012
2003-09-06,3.4295425201844747
2003-09-07,3.4367624805727894
2003-09-08,3.4283799883191692
2003-09-09,3.311684818030677
2003-09-10,3.230771980835127
2003-09-11,3.222185384462895
2003-09-12,3.2450819324013263
2003-09-13,3.2745326324861264
2003-09-14,3.2704313676716033
2003-09-15,3.331247051266089
2003-09-16,3.3259912251437926
2003-09-17,3.2893256373010256
2003-09-18,3.327167663598899
2003-09-19,3.3598752339625353
2003-09-20,3.365431649354987
2003-09-21,3.351210451317747
2003-09-22,3.3525802942311227
2003-09-23,3.361670404245003
2003-09-24,3.350553555034696
2003-09-25,3.349790353127436
2003-09-26,3.3456679086015284
2003-09-27,3.3391569271796624
2003-09-28,3.327426877757464
2003-09-29,3.330732070478332
2003-09-30,3.2098828015959553
2003-10-01,3.2005214220180114
2003-10-02,3.14416250922582
2003-10-03,3.1525478493752703
2003-10-04,3.139896229725981
2003-10-05,3.1347684120664776
2003-10-06,3.1556503336348305
2003-10-07,3.1568406766976107
2003-10-08,3.160207122195643
2003-10-09,3.176917263055581
2003-10-10,3.1964357233204796
2003-10-11,3.196406902566612
2003-10-12,3.1930281325338923
2003-10-13,3.202104389249258
2003-10-14,3.294627911770186
2003-10-15,3.2590218466822845
2003-10-16,3.2373582076429415
2003-10-17,3.2471084353734425
2003-10-18,3.238678899004141
2003-10-19,3.2278482251290037
2003-10-20,3.287856215189595
2003-10-21,3.42950999955012
2003-10-22,3.38678362709293
2003-10-23,3.455033445494822
2003-10-24,3.4761875130341395
2003-10-25,3.484200109213793
2003-10-26,3.491125560810194
2003-10-27,3.4855144764191475
2003-10-28,3.4118423055809455
2003-10-29,3.427305301334817
2003-10-30,3.389808324729044
2003-10-31,3.891648012880357
2003-11-01,3.893075449204981
2003-11-02,3.871747900683334
2003-11-03,3.8733192432998567
2003-11-04,3.861590976707079
2003-11-05,3.937527173910643
2003-11-06,3.91925081703706
2003-11-07,3.8853037228080014
2003-11-08,3.8684022352670304
2003-11-09,3.852219881265386
2003-11-10,3.8723594059670474
2003-11-11,3.9394553196872457
2003-11-12,4.0625470229119784
2003-11-13,4.052037287619037
2003-11-14,4.056236830666033
2003-11-15,4.05809663415487
2003-11-16,4.060994512258561
2003-11-17,4.061460670055915
2003-11-18,4.10411311729841
2003-11-19,4.179798996995112
2003-11-20,4.181706112820723
2003-11-21,4.175534269028525
2003-11-22,4.167873842330939
2003-11-23,4.159219667160537
2003-11-24,4.17938701784769
2003-11-25,4.16355334968115
2003-11-26,4.1805512659293385
2003-11-27,4.206402513394418
2003-11-28,4.3061201411173595
2003-11-29,4.274934297847355
2003-11-30,4.266623315875644
2003-12-01,4.328268097122336
2003-12-02,4.46359263465494
2003-12-03,4.427352719622853
2003-12-04,4.498719010713039
2003-12-05,4.344981594670568
2003-12-06,4.3175137374152035
2003-12-07,4.296730589097938
2003-12-08,4.348835081820248
2003-12-09,4.352205274433367
2003-12-10,4.321417033139782
2003-12-11,4.321077382594781
2003-12-12,4.285632232976341
2003-12-13,4.277570961818409
2003-12-14,4.255326103025269
2003-12-15,4.291559200372681
2003-12-16,4.253470118793384
2003-12-17,4.20321839662542
2003-12-18,4.314856884456713
2003-12-19,4.305582400951011
2003-12-20,4.300258935979124
2003-12-21,4.296522510169833
2003-12-22,4.284267317832974
2003-12-23,4.256675635767209
2003-12-24,4.212387460029498
2003-12-25,4.2099920671185505
2003-12-26,4.199023045069735
2003-12-27,4.197155880759444
2003-12-28,4.200761840028968
2003-12-29,4.193364742512434
2003-12-30,4.2217926413421285
2003-12-31,4.24317791774315
2004-01-01,4.2182890766729955
2004-01-02,4.222527016003599
2004-01-03,4.20992423259973
2004-01-04,4.209987275803941
2004-01-05,4.1999477840025
2004-01-06,4.208647478985682
2004-01-07,4.2165326250729755
2004-01-08,4.219698729324887
2004-01-09,4.201507800467711
2004-01-10,4.205696226133479
2004-01-11,4.187759429614832
2004-01-12,4.175584835921027
2004-01-13,4.190434672109883
2004-01-14,4.228572605309406
2004-01-15,4.25994389231697
2004-01-16,4.29818509341486
2004-01-17,4.302459052108431
2004-01-18,4.295633995450696
2004-01-19,4.286234630898208
2004-01-20,4.2611523278247345
2004-01-21,4.305460317437288
2004-01-22,4.058366696032767
2004-01-23,4.028461841083413
2004-01-24,4.044262292409622
2004-01-25,4.041378885977586
2004-01-26,4.048194654133166
2004-01-27,4.06790658995255
2004-01-28,4.179503588698598
2004-01-29,4.416887411032366
2004-01-30,4.4254114114708525
2004-01-31,4.622220398368289
2004-02-01,4.598900030030491
2004-02-02,4.607778977401351
2004-02-03,4.627203554272984
2004-02-04,4.62939487083305
2004-02-05,4.666025376116199
2004-02-06,4.654637993103716
2004-02-07,4.655199049750287
2004-02-08,4.664090353509129
2004-02-09,4.599259667785189
2004-02-10,4.61821170484983
2004-02-11,4.508477187840709
2004-02-12,4.506577756370543
2004-02-13,4.485656744630125
2004-02-14,4.473070930579555
2004-02-15,4.474165593678851
2004-02-16,4.49882125513773
2004-02-17,4.50791826975303
2004-02-18,4.519463161885654
2004-02-19,4.430794144407628
2004-02-20,4.3990954983529065
2004-02-21,4.388879134498092
2004-02-22,4.386923983144241
2004-02-23,4.3306235542767455
2004-02-24,4.34704004478827
2004-02-25,4.334569070212498
2004-02-26,4.322894751352489
2004-02-27,4.3920694650370855
2004-02-28,4.369977600762446
2004-02-29,4.35836128485077
2004-03-01,4.420215834376332
2004-03-02,4.521294996515616
2004-03-03,4.595908073900938
2004-03-04,4.65366741842514
2004-03-05,4.658846035758602
2004-03-06,4.643730620311535
2004-03-07,4.614779253451314
2004-03-08,4.6120696317782235
2004-03-09,4.671480300290083
2004-03-10,4.710889850907966
2004-03-11,4.862618390891717
2004-03-12,4.771820870313347
2004-03-13,4.73629509104855
2004-03-14,4.721556116197051
2004-03-15,4.716860629589329
2004-03-16,4.703731276749085
2004-03-17,4.668038479591163
2004-03-18,4.85491674741563
2004-03-19,4.81083045449322
2004-03-20,4.792531742343876
2004-03-21,4.796242128352853
2004-03-22,4.818524334102827
2004-03-23,4.826191012560997
2004-03-24,4.808039049211823
2004-03-25,4.820266432826774
2004-03-26,4.822048504783471
2004-03-27,4.809314160989686
2004-03-28,4.811125670632235
2004-03-29,4.813634960116614
2004-03-30,4.816925355669381
2004-03-31,4.865080779990072
2004-04-01,4.803831228939128
2004-04-02,4.819209023332129
2004-04-03,4.814894818500587
2004-04-04,4.850043591641551
2004-04-05,4.82566811044535
2004-04-06,4.840632465497004
2004-04-07,4.824934433591241
2004-04-08,4.9771740231141735
2004-04-09,4.962478824522311
2004-04-10,4.961313385327444
2004-04-11,4.9621969148289296
2004-04-12,4.950981880625935
2004-04-13,4.928297682865713
2004-04-14,4.910036790197637
2004-04-15,4.834040307355276
2004-04-16,4.826622987124687
2004-04-17,4.81740630191031
2004-04-18,4.825995914269548
2004-04-19,4.802233636567646
2004-04-20,4.743840052913562
2004-04-21,4.876087892590275
2004-04-22,4.905103085503536
2004-04-23,4.88770429837008
2004-04-24,4.879487069435841
2004-04-25,4.871531116393998
2004-04-26,4.914105125321446
2004-04-27,4.912509402039767
2004-04-28,4.949685546109656
2004-04-29,4.916887943477858
2004-04-30,4.927050062297148
2004-05-01,4.894697128040313
2004-05-02,4.933505788548073
2004-05-03,4.940358281271166
2004-05-04,4.964307511274375
2004-05-05,4.96388769741938
2004-05-06,4.978257466208585
2004-05-07,4.932713087659959
2004-05-08,4.941177458937112
2004-05-09,4.950215144597825
2004-05-10,4.855802751379182
2004-05-11,4.798013808203655
2004-05-12,4.797302875376769
2004-05-13,4.804871367998997
2004-05-14,4.811980440158192
2004-05-15,4.810828993404156
2004-05-16,4.809682933096778
2004-05-17,4.803996484818239
2004-05-18,4.811461376272024
2004-05-19,4.867736685301628
2004-05-20,4.808504035714576
2004-05-21,4.82390741564513
2004-05-22,4.811539326893964
2004-05-23,4.805233664454846
2004-05-24,4.809551604806325
2004-05-25,4.807825227138616
2004-05-26,4.799208489528905
2004-05-27,4.788639562101002
2004-05-28,4.792959869952591
2004-05-29,4.793989338821244
2004-05-30,4.792757916457942
2004-05-31,4.8113837776192705
2004-06-01,4.734391045776324
2004-06-02,4.747470152652767
2004-06-03,4.703679166543953
2004-06-04,4.792305597660465
2004-06-05,4.780808800024132
2004-06-06,4.759824553957939
2004-06-07,4.7968567544503795
2004-06-08,4.814468543618626
2004-06-09,4.776262869378468
2004-06-10,4.549581250849924
2004-06-11,4.55610370041133
2004-06-12,4.564982237560451
2004-06-13,4.55411495391327
2004-06-14,4.594039573400602
2004-06-15,4.47599232467344
2004-06-16,4.457716678749431
2004-06-17,4.443110267105334
2004-06-18,4.466890093260888
2004-06-19,4.4777593623805725
2004-06-20,4.486760829782086
2004-06-21,4.5080152547002275
2004-06-22,4.523392696883007
2004-06-23,4.558887021201364
2004-06-24,4.618515912535211
2004-06-25,4.620429059312454
2004-06-26,4.6128894536965355
2004-06-27,4.600029114679513
2004-06-28,4.607916023642723
2004-06-29,4.69403612966337
2004-06-30,4.671904795335182
2004-07-01,4.765286705154866
2004-07-02,4.779335491829492
2004-07-03,4.762151203547629
2004-07-04,4.755181915212655
2004-07-05,4.735233870910596
2004-07-06,4.738417814895063
2004-07-07,4.665222631723412
2004-07-08,4.713590647907264
2004-07-09,4.715673338821908
2004-07-10,4.717382810782742
2004-07-11,4.702492606852587
2004-07-12,4.762912142623823
2004-07-13,4.815662579338587
2004-07-14,4.806813714316583
2004-07-15,4.854564464516236
2004-07-16,4.849434501969477
2004-07-17,4.842813793606711
2004-07-18,4.833225276634717
2004-07-19,4.821585066039152
2004-07-20,4.814335826713056
2004-07-21,4.845694786828386
2004-07-22,4.941671225807424
2004-07-23,4.9607804655829675
2004-07-24,4.956977504556432
2004-07-25,4.96754742063357
2004-07-26,4.982032471592496
2004-07-27,5.078495283664472
2004-07-28,5.1769222319376755
2004-07-29,5.241142632061723
2004-07-30,5.267052063141191
2004-07-31,5.367649377673569
2004-08-01,5.2973876518781715
2004-08-02,5.320722335645067
2004-08-03,5.220825662162091
2004-08-04,5.18665913870098
2004-08-05,5.18920067213598
2004-08-06,5.210983178242657
2004-08-07,5.2061303523844735
2004-08-08,5.190815759620085
2004-08-09,5.151814582258519
2004-08-10,5.1339015309212925
2004-08-11,5.178594813784063
2004-08-12,5.179079496347564
2004-08-13,5.162728149310082
2004-08-14,5.159648316942969
2004-08-15,5.146912197280548
2004-08-16,5.209540770040265
2004-08-17,5.261479912785495
2004-08-18,5.28243803867486
2004-08-19,5.276128045518332
2004-08-20,5.27711970833852
2004-08-21,5.264293053427441
2004-08-22,5.253012144625801
2004-08-23,5.281557902560271
2004-08-24,5.259426508823072
2004-08-25,5.254702086872747
2004-08-26,5.258455626151402
2004-08-27,5.1920379514340205
2004-08-28,5.1945938037761445
2004-08-29,5.19432488062648
2004-08-30,5.204062430954068
2004-08-31,5.059559160872387
2004-09-01,5.171903693355763
2004-09-02,5.162118850337254
2004-09-03,5.1755039770114895
2004-09-04,5.172727993284131
2004-09-05,5.162058197007736
2004-09-06,5.179831937959143
2004-09-07,5.1142517681066195
2004-09-08,5.26146710195423
2004-09-09,5.308253008446021
2004-09-10,5.289796739807178
2004-09-11,5.284735179737932
2004-09-12,5.290300263274489
2004-09-13,5.40384754636274
2004-09-14,5.291207579166841
2004-09-15,5.311165861606087
2004-09-16,5.239610689923911
2004-09-17,5.192307986363577
2004-09-18,5.187199018126179
2004-09-19,5.182752512584816
2004-09-20,5.158803673752152
2004-09-21,5.127356680433913
2004-09-22,5.148251306546285
2004-09-23,5.157408285260138
2004-09-24,5.079114320279132
2004-09-25,5.085676628121272
2004-09-26,5.089078487022097
2004-09-27,5.078877974524675
2004-09-28,5.04363559354608
2004-09-29,5.014996025371913
2004-09-30,5.003069235009249
2004-10-01,4.93913454464108
2004-10-02,5.009244202242676
2004-10-03,5.00439245982789
2004-10-04,5.012294290197966
2004-10-05,4.990913634138653
2004-10-06,4.997466886262454
2004-10-07,4.9915242415870935
2004-10-08,4.9882475746790345
2004-10-09,4.989321227700741
2004-10-10,4.990542138078224
2004-10-11,4.994032339036181
2004-10-12,4.98472919500569
2004-10-13,4.96799793612591
2004-10-14,4.90821328825753
2004-10-15,4.922364271520866
2004-10-16,4.929810577784041
2004-10-17,4.932435542304435
2004-10-18,4.953298931125254
2004-10-19,4.927775249362367
2004-10-20,4.997469778995905
2004-10-21,5.031294659388417
2004-10-22,4.991039578050957
2004-10-23,4.9831665542530486
2004-10-24,4.991163233935964
2004-10-25,5.00643564444441
2004-10-26,4.958892206966288
2004-10-27,4.915069879941906
2004-10-28,4.874181117829555
2004-10-29,4.847908508750205
2004-10-30,4.856218877556844
2004-10-31,4.972661390177938
2004-11-01,4.855460820576305
2004-11-02,4.891540359486362
2004-11-03,4.828929356086075
2004-11-04,4.718290253119556
2004-11-05,4.734530655538549
2004-11-06,4.7269908136075
2004-11-07,4.72462281781548
2004-11-08,4.706955048906924
2004-11-09,4.709505545412669
2004-11-10,4.777569387424439
2004-11-11,4.746319777188758
2004-11-12,4.730214795527648
2004-11-13,4.7110707482817595
2004-11-14,4.71103509349911
2004-11-15,4.748138533741307
2004-11-16,4.732263541668708
2004-11-17,4.819072248137225
2004-11-18,4.830249466910368
2004-11-19,4.8259400262412635
2004-11-20,4.809766458902801
2004-11-21,4.81681839103639
2004-11-22,4.811429930233322
2004-11-23,4.814783047133279
2004-11-24,4.852696950942956
2004-11-25,4.845955916581078
2004-11-26,4.83196707144006
2004-11-27,4.831489298068529
2004-11-28,4.830779111605219
2004-11-29,4.8352836452746475
2004-11-30,4.796842327923298
2004-12-01,4.67196149306951
2004-12-02,4.5293278680514
2004-12-03,4.559588155460058
2004-12-04,4.56701087277555
2004-12-05,4.5735943814614535
2004-12-06,4.536924375218
2004-12-07,4.426058093888297
2004-12-08,4.312700745816498
2004-12-09,4.323297728745169
2004-12-10,4.442978609752896
2004-12-11,4.4316399773259345
2004-12-12,4.443839341567543
2004-12-13,4.447618388932041
2004-12-14,4.425616867518105
2004-12-15,4.412901772372231
2004-12-16,4.335164858464836
2004-12-17,4.286887681846485
2004-12-18,4.306416760086627
2004-12-19,4.3074480395730115
2004-12-20,4.3458426108748185
2004-12-21,4.316401596755382
2004-12-22,4.36797529262169
2004-12-23,4.369524601445429
2004-12-24,4.353106052802655
2004-12-25,4.357626103934281
2004-12-26,4.346660283935661
2004-12-27,4.350778067595963
2004-12-28,4.317154165219891
2004-12-29,4.245092669483789
2004-12-30,4.27537984689534
2004-12-31,4.265929553658875
2005-01-01,4.199961322561231
2005-01-02,4.249457848609944
2005-01-03,4.257387013672479
2005-01-04,4.224421143074654
2005-01-05,4.244763804149061
2005-01-06,4.257399091221947
2005-01-07,4.256524607774455
2005-01-08,4.2473626373238496
2005-01-09,4.253020868910413
2005-01-10,4.259350911255387
2005-01-11,4.304477526292174
2005-01-12,4.309840849680499
2005-01-13,4.323289384095576
2005-01-14,4.334290667060438
2005-01-15,4.3304672381212725
2005-01-16,4.330584758503089
2005-01-17,4.327510590463248
2005-01-18,4.382986394706059
2005-01-19,4.4571419728151
2005-01-20,4.503869942361554
2005-01-21,4.311396685773112
2005-01-22,4.312309075382663
2005-01-23,4.3095434096995655
2005-01-24,4.314399233347443
2005-01-25,4.251839604415936
2005-01-26,4.138262894755519
2005-01-27,3.833431513303953
2005-01-28,3.920898514261512
2005-01-29,3.915671629926998
2005-01-30,3.9067656796378554
2005-01-31,4.179467473312473
2005-02-01,4.145398231845461
2005-02-02,4.095391240572843
2005-02-03,4.035309797062495
2005-02-04,4.001573904526964
2005-02-05,3.996310670915715
2005-02-06,4.002394347908554
2005-02-07,3.9980024250603616
2005-02-08,3.855767837100137
2005-02-09,3.88628301463175
2005-02-10,3.9596533143960113
2005-02-11,3.971919567552021
2005-02-12,3.9723059525943096
2005-02-13,3.9652832584797353
2005-02-14,3.9863016196199625
2005-02-15,4.004343156055466
2005-02-16,4.044082637966592
2005-02-17,4.047831856746848
2005-02-18,4.051825540710118
2005-02-19,4.058197183605994
2005-02-20,4.062815214822556
2005-02-21,4.067978517014929
2005-02-22,3.9969956721105833
2005-02-23,4.015521425262961
2005-02-24,3.973632411477476
2005-02-25,3.9651981084192514
2005-02-26,3.9710666143206166
2005-02-27,3.9756473454020433
2005-02-28,3.9576281606425696
2005-03-01,3.852880835835702
2005-03-02,3.949263637973506
2005-03-03,3.966721072968939
2005-03-04,3.9657185539693023
2005-03-05,3.976210847631688
2005-03-06,3.978780206799271
2005-03-07,3.976084892362723
2005-03-08,3.939521447286966
2005-03-09,3.961388476734659
2005-03-10,3.902500008888506
2005-03-11,3.915958322315724
2005-03-12,3.92027880125038
2005-03-13,3.9167883247911304
2005-03-14,3.941924841910107
2005-03-15,3.946288003014324
2005-03-16,3.922837334095735
2005-03-17,3.889251518523635
2005-03-18,3.8727228043034465
2005-03-19,3.885952748347262
2005-03-20,3.8879730867063143
2005-03-21,3.881852666550752
2005-03-22,3.7980838149234057
2005-03-23,3.794918494698268
2005-03-24,3.788697765536535
2005-03-25,3.7997102638855447
2005-03-26,3.801579027428629
2005-03-27,3.793485759911689
2005-03-28,3.802781388299339
2005-03-29,3.810404852679916
2005-03-30,3.785817019727487
2005-03-31,3.8208134774699714
2005-04-01,3.7824249114024298
2005-04-02,3.824814759109627
2005-04-03,3.8183883915230377
2005-04-04,3.810893567698636
2005-04-05,3.8005649736835263
2005-04-06,3.7867627991854502
2005-04-07,3.809162076058037
2005-04-08,3.800666149079353
2005-04-09,3.793026350538933
2005-04-10,3.783154439695065
2005-04-11,3.7851593629513696
2005-04-12,3.780438970427241
2005-04-13,3.780189053664828
2005-04-14,3.740026109413927
2005-04-15,3.917734972295268
2005-04-16,3.9148969911737623
2005-04-17,3.910148235257712
2005-04-18,3.89408203534402
2005-04-19,3.710049177654693
2005-04-20,3.7160586962290703
2005-04-21,3.777267286877139
2005-04-22,3.745252686713082
2005-04-23,3.7461195825685714
2005-04-24,3.7410669982066223
2005-04-25,3.73830969337775
2005-04-26,4.158270924550108
2005-04-27,4.144925359382743
2005-04-28,4.296771995773773
2005-04-29,4.288170089434999
2005-04-30,4.2848514414402326
2005-05-01,4.441638707159539
2005-05-02,4.480522048804989
2005-05-03,4.421352004845261
2005-05-04,4.421710307674768
2005-05-05,4.453002384779989
2005-05-06,4.4503035083698945
2005-05-07,4.44607033480545
2005-05-08,4.435341456860961
2005-05-09,4.410735983804077
2005-05-10,4.416703748577588
2005-05-11,4.359600410575978
2005-05-12,4.405364917646106
2005-05-13,4.398400815645365
2005-05-14,4.391602506099979
2005-05-15,4.389990018750602
2005-05-16,4.348363883077179
2005-05-17,4.331417411849143
2005-05-18,4.399892277044925
2005-05-19,4.367812978142427
2005-05-20,4.368254200580341
2005-05-21,4.3631017409397765
2005-05-22,4.362963333283931
2005-05-23,4.397166431291835
2005-05-24,4.405366051667851
2005-05-25,4.412328042306461
2005-05-26,4.4155979982144595
2005-05-27,4.415489819212191
2005-05-28,4.408979623273634
2005-05-29,4.421653091200566
2005-05-30,4.398978894431286
2005-05-31,4.364310730649273
2005-06-01,4.223098755961514
2005-06-02,4.239449557418196
2005-06-03,4.247573168704893
2005-06-04,4.241566786776692
2005-06-05,4.246215022991675
2005-06-06,4.238801090169842
2005-06-07,4.132323854620181
2005-06-08,4.100706216832506
2005-06-09,4.161303713844377
2005-06-10,4.190470119916354
2005-06-11,4.196350966560109
2005-06-12,4.18703375731517
2005-06-13,4.224743835449705
2005-06-14,4.224411745861546
2005-06-15,4.155355302076992
2005-06-16,3.8032699810642088
2005-06-17,3.805710099425818
2005-06-18,3.83732312969022
2005-06-19,3.847476433114852
2005-06-20,3.894760941993877
2005-06-21,3.864700504578578
2005-06-22,3.922128434842356
2005-06-23,3.9436633506964696
2005-06-24,3.944753275141218
2005-06-25,3.95011655922221
2005-06-26,3.9548066834946543
2005-06-27,3.9775188519340174
2005-06-28,3.970972583202968
2005-06-29,3.984379127796511
2005-06-30,3.982360552957348
2005-07-01,4.016630289601246
2005-07-02,4.038606560928208
2005-07-03,4.040225548823749
2005-07-04,4.048549131498582
2005-07-05,4.025000835222593
2005-07-06,4.017002534841567
2005-07-07,4.039335339110342
2005-07-08,4.07895454322771
2005-07-09,4.075725517236981
2005-07-10,4.071727316014597
2005-07-11,4.079502231017687
2005-07-12,4.10704437109052
2005-07-13,4.114087702831779
2005-07-14,4.084632390782947
2005-07-15,4.107630139735499
2005-07-16,4.105283723085286
2005-07-17,4.102860971744083
2005-07-18,4.082524797999993
2005-07-19,4.124380949951712
2005-07-20,4.094340569837052
2005-07-21,4.114138463306508
2005-07-22,3.9999271320059058
2005-07-23,4.004453046927135
2005-07-24,4.008024906496124
2005-07-25,4.057123905660808
2005-07-26,3.94670214611704
2005-07-27,3.9685451837624046
2005-07-28,3.850330689464976
2005-07-29,4.04054715122045
2005-07-30,4.017261317438917
2005-07-31,4.052564632451654
2005-08-01,3.943865010643956
2005-08-02,4.009373856086311
2005-08-03,4.042672633995748
2005-08-04,4.034738733844662
2005-08-05,4.0159767854134305
2005-08-06,4.014729732287654
2005-08-07,4.024250600925464
2005-08-08,4.0205151479850905
2005-08-09,4.114981484717632
2005-08-10,4.0757792947402764
2005-08-11,4.073919099193709
2005-08-12,4.072779076214452
2005-08-13,4.079590514215293
2005-08-14,4.082270389860254
2005-08-15,4.069151244072987
2005-08-16,4.005121147001361
2005-08-17,3.882158344896946
2005-08-18,3.9073564982838302
2005-08-19,3.905227754464059
2005-08-20,3.9146075251740298
2005-08-21,3.900240845668934
2005-08-22,3.85517901458873
2005-08-23,3.869162999347168
2005-08-24,3.837656240218555
2005-08-25,3.738616902589515
2005-08-26,3.733402844153749
2005-08-27,3.740993329508555
2005-08-28,3.747449315218725
2005-08-29,3.7290573738804182
2005-08-30,3.772567159089785
2005-08-31,3.7879442206026255
2005-09-01,3.799983549885392
2005-09-02,3.830036896359149
2005-09-03,3.837740936570664
2005-09-04,3.833136058074391
2005-09-05,3.850040791293917
2005-09-06,3.81325473492073
2005-09-07,3.7129066017985823
2005-09-08,3.723712647966084
2005-09-09,3.71214281351124
2005-09-10,3.720948884239407
2005-09-11,3.731579111541526
2005-09-12,3.70385409134812
2005-09-13,3.7179650739908623
2005-09-14,3.6578339543708736
2005-09-15,3.5766782805644968
2005-09-16,3.541682316832107
2005-09-17,3.562116491876163
2005-09-18,3.5726572315289333
2005-09-19,3.5798212445489277
2005-09-20,3.5561686012871108
2005-09-21,3.5612975438337666
2005-09-22,3.539824075682008
2005-09-23,3.56714905189431
2005-09-24,3.5646077670829115
2005-09-25,3.56541444162098
2005-09-26,3.633429381746135
2005-09-27,3.667252622859379
2005-09-28,3.668455581461639
2005-09-29,3.669287772810644
2005-09-30,3.652681214654359
2005-10-01,3.6370781043285567
2005-10-02,3.643612645825883
2005-10-03,3.652205246566589
2005-10-04,3.568976623488604
2005-10-05,3.5744172100747034
2005-10-06,3.564376968286447
2005-10-07,3.572964182999232
2005-10-08,3.5725760250804255
2005-10-09,3.563809080004475
2005-10-10,3.5586548103611517
2005-10-11,3.55565096323197
2005-10-12,3.546495297997176
2005-10-13,3.533478780459426
2005-10-14,3.5707164676946572
2005-10-15,3.572334448851919
2005-10-16,3.567930136237012
2005-10-17,3.5157069318925935
2005-10-18,3.4530503016218903
2005-10-19,3.4789123115073224
2005-10-20,3.480341861323771
2005-10-21,3.4597216628179077
2005-10-22,3.445624821102974
2005-10-23,3.4450280896282037
2005-10-24,3.459050072830723
2005-10-25,3.4636211952845675
2005-10-26,3.3706411653378217
2005-10-27,3.162458388408202
2005-10-28,3.15534375800674
2005-10-29,3.15868071606695
2005-10-30,3.1567523319429704
2005-10-31,3.231470732649066
2005-11-01,3.1859221072610655
2005-11-02,3.195266338923677
2005-11-03,3.189873016546284
2005-11-04,3.1517954858295942
2005-11-05,3.1577525475817754
2005-11-06,3.159190380374772
2005-11-07,3.0943588733100564
2005-11-08,3.0679784506964043
2005-11-09,3.0327762373009013
2005-11-10,3.0751543729768485
2005-11-11,3.0892871933985138
2005-11-12,3.0874536655989813
2005-11-13,3.081369884013302
2005-11-14,3.099648107655967
2005-11-15,3.100844217246803
2005-11-16,3.117458126798988
2005-11-17,3.078707537561104
2005-11-18,3.0793118309866436
2005-11-19,3.074118806733219
2005-11-20,3.0637763356760233
2005-11-21,3.0691464039651453
2005-11-22,3.066095585609783
2005-11-23,3.0848080984149555
2005-11-24,3.1032557553257702
2005-11-25,3.0988023072491098
2005-11-26,3.1022594635300793
2005-11-27,3.108878456530107
2005-11-28,3.0886787490660104
2005-11-29,3.0943107873942
2005-11-30,3.1059051506072257
2005-12-01,3.0713865507731404
2005-12-02,3.065871588846196
2005-12-03,3.061120923029887
2005-12-04,3.055562460502534
2005-12-05,3.0509684923076708
2005-12-06,3.004633236159181
2005-12-07,2.909058946191766
2005-12-08,2.813467536788499
2005-12-09,2.800030385254623
2005-12-10,2.806273945301516
2005-12-11,2.802815612616915
2005-12-12,2.762395482761864
2005-12-13,2.671116248160115
2005-12-14,2.558366045180999
2005-12-15,2.4828914079411466
2005-12-16,2.459931164018538
2005-12-17,2.4856303805189723
2005-12-18,2.4934309534955914
2005-12-19,2.521149826851878
2005-12-20,2.5858962196568913
2005-12-21,2.603245781478575
2005-12-22,2.5809395998731026
2005-12-23,2.586066493097459
2005-12-24,2.580655666766233
2005-12-25,2.5796461528137313
2005-12-26,2.5767565781263935
2005-12-27,2.5896017916036023
2005-12-28,2.597116570968191
2005-12-29,2.5756541500406462
2005-12-30,2.5772304055627364
2005-12-31,2.5827075214715993
2006-01-01,2.594029508525049
2006-01-02,2.5728947323994467
2006-01-03,2.5414678023078743
2006-01-04,2.5283327091219805
2006-01-05,2.5226088974597376
2006-01-06,2.5159993702349452
2006-01-07,2.517362046887726
2006-01-08,2.5261843551432612
2006-01-09,2.530382993678815
2006-01-10,2.546571951191858
2006-01-11,2.548209562619898
2006-01-12,2.5521496605677827
2006-01-13,2.555682083068416
2006-01-14,2.5524069521108053
2006-01-15,2.5485792036114963
2006-01-16,2.540463438401956
2006-01-17,2.624121468126061
2006-01-18,2.6000547597102615
2006-01-19,2.6709002305967697
2006-01-20,2.617650538314359
2006-01-21,2.616546504736358
2006-01-22,2.619902324079387
2006-01-23,2.592529175812289
2006-01-24,2.5790464662008636
2006-01-25,2.62003007509798
2006-01-26,2.766451252163103
2006-01-27,2.772659557979432
2006-01-28,2.7471135421772965
2006-01-29,2.7368603183592315
2006-01-30,2.7781673670389866
2006-01-31,2.7999933550425857
2006-02-01,2.7298426517899914
2006-02-02,2.6801382855692415
2006-02-03,2.645198243192695
2006-02-04,2.6477304359697507
2006-02-05,2.639184772896109
2006-02-06,2.6541865980726342
2006-02-07,2.63024152971655
2006-02-08,2.659126243576658
2006-02-09,2.6794541905854365
2006-02-10,2.695595347811426
2006-02-11,2.7020800576826325
2006-02-12,2.698699587340444
2006-02-13,2.72569910507513
2006-02-14,2.714696349931537
2006-02-15,2.702187021739249
2006-02-16,2.692280819606363
2006-02-17,2.6813252394934444
2006-02-18,2.6876521559483018
2006-02-19,2.6816884943389554
2006-02-20,2.6866429217813104
2006-02-21,2.6994358796692532
2006-02-22,2.700630879807079
2006-02-23,2.733116683266177
2006-02-24,2.7427003847127147
2006-02-25,2.749386811328588
2006-02-26,2.7453630088167933
2006-02-27,2.710333057008714
2006-02-28,2.6963987840629486
2006-03-01,2.6601421943288157
2006-03-02,2.700442478713543
2006-03-03,2.703425719314877
2006-03-04,2.7034599789210625
2006-03-05,2.6996814436336276
2006-03-06,2.8242025546060576
2006-03-07,2.77504634015542
2006-03-08,2.773421811515396
2006-03-09,2.7403876553760607
2006-03-10,2.754189273627343
2006-03-11,2.760476981756323
2006-03-12,2.7565047319029263
2006-03-13,2.7259295532299386
2006-03-14,2.7793947284239886
2006-03-15,2.745718252653318
2006-03-16,2.757384376413503
2006-03-17,2.764068830162257
2006-03-18,2.769241741770472
2006-03-19,2.766756786374997
2006-03-20,2.823456425370485
2006-03-21,2.800786553257878
2006-03-22,2.8697424649257415
2006-03-23,2.89603963066161
2006-03-24,2.8545837047587845
2006-03-25,2.8450430231312493
2006-03-26,2.8477094406305397
2006-03-27,2.828394576235823
2006-03-28,2.8403369508110132
2006-03-29,2.839077949453788
2006-03-30,2.81375614122506
2006-03-31,2.8003467865532756
2006-04-01,2.822639857330783
2006-04-02,2.822944905746911
2006-04-03,2.831196977564983
2006-04-04,2.880051603021201
2006-04-05,2.864190271456317
2006-04-06,2.894194124818194
2006-04-07,2.877727013916641
2006-04-08,2.875271362796065
2006-04-09,2.866234454368493
2006-04-10,2.8918711361239144
2006-04-11,2.8589643824080273
2006-04-12,2.8767391609880457
2006-04-13,2.8131779112333293
2006-04-14,2.801087985233133
2006-04-15,2.800835527699297
2006-04-16,2.800005155112522
2006-04-17,2.796638624136353
2006-04-18,2.758150718508
2006-04-19,2.73063458213029
2006-04-20,2.773739740548637
2006-04-21,2.7169924738593028
2006-04-22,2.7121542725152885
2006-04-23,2.704870442042101
2006-04-24,2.725622821998128
2006-04-25,2.7160817474878742
2006-04-26,2.6868984555048345
2006-04-27,2.6775655133399243
2006-04-28,2.6886727991763033
2006-04-29,2.6870161704621247
2006-04-30,2.683335287852739
2006-05-01,2.8220347814654283
2006-05-02,2.8615802755985325
2006-05-03,2.8003002740049543
2006-05-04,2.784850415614576
2006-05-05,2.6417322792292266
2006-05-06,2.6468468671559813
2006-05-07,2.6391747207781617
2006-05-08,2.786023533636299
2006-05-09,2.82767707315977
2006-05-10,2.8383353003787897
2006-05-11,2.8607985905336792
2006-05-12,2.850535821592628
2006-05-13,2.843865477617012
2006-05-14,2.8467542396947656
2006-05-15,2.8003015890782876
2006-05-16,2.8427955520242874
2006-05-17,2.844673127746836
2006-05-18,2.824160868735053
2006-05-19,2.816013880589153
2006-05-20,2.815358376145325
2006-05-21,2.8097795693428056
2006-05-22,2.793475358670085
2006-05-23,2.823701456863397
2006-05-24,2.846856528279754
2006-05-25,2.8632305571942744
2006-05-26,2.86483247677756
2006-05-27,2.864798156022934
2006-05-28,2.853257938292174
2006-05-29,2.8694889427216137
2006-05-30,2.837383621517765
2006-05-31,2.816822574554098
2006-06-01,2.821256995162689
2006-06-02,2.824066630576953
2006-06-03,2.822308408754602
2006-06-04,2.8135751160255023
2006-06-05,2.8327672665157873
2006-06-06,2.7558322614901223
2006-06-07,2.746477730905098
2006-06-08,2.7273076875671554
2006-06-09,2.9154368098209016
2006-06-10,2.9155612681001233
2006-06-11,2.9093130375009952
2006-06-12,2.9070684657404726
2006-06-13,2.974410030337313
2006-06-14,3.1028867649994476
2006-06-15,3.243468329833052
2006-06-16,3.2399284402794617
2006-06-17,3.221657908371781
2006-06-18,3.220588973266559
2006-06-19,3.079688624634122
2006-06-20,3.0593928741436
2006-06-21,3.1110530804665135
2006-06-22,3.16587837365146
2006-06-23,3.1876599586975174
2006-06-24,3.176343686082807
2006-06-25,3.178708389529948
2006-06-26,3.1750285908514537
2006-06-27,3.343216909897374
2006-06-28,3.348620141104792
2006-06-29,3.294399306042016
2006-06-30,3.2880426477879063
2006-07-01,3.2728152723545345
2006-07-02,3.2912288156628784
2006-07-03,3.285798239403179
2006-07-04,3.292939907215878
2006-07-05,3.236927875962562
2006-07-06,3.196956340420068
2006-07-07,3.220731673913719
2006-07-08,3.22065081002141
2006-07-09,3.2227507008797267
2006-07-10,3.230865783771658
2006-07-11,3.2104960152894577
2006-07-12,3.1923451923502775
2006-07-13,3.214137266530211
2006-07-14,3.191997006157772
2006-07-15,3.19194342947917
2006-07-16,3.199437254101842
2006-07-17,3.1792662754377767
2006-07-18,3.155842873686721
2006-07-19,3.1022850593149243
2006-07-20,3.058244380883143
2006-07-21,3.042565519071702
2006-07-22,3.0297443470159755
2006-07-23,3.0304715693937587
2006-07-24,2.974620161110569
2006-07-25,2.9963127586552387
2006-07-26,3.011227982245272
2006-07-27,2.9843504527968507
2006-07-28,3.027001400439704
2006-07-29,3.024701274097911
2006-07-30,3.0222991204874026
2006-07-31,2.8734283930707134
2006-08-01,2.9642362850392847
2006-08-02,2.9577289353559606
2006-08-03,2.9949004020933345
2006-08-04,2.9624646115224396
2006-08-05,2.969331270757558
2006-08-06,2.978146766163758
2006-08-07,2.9878530147093723
2006-08-08,3.00750297956446
2006-08-09,2.9972175497633824
2006-08-10,2.9903859446820142
2006-08-11,2.975929659687343
2006-08-12,2.9674756468257737
2006-08-13,2.9578669344376123
2006-08-14,2.9573463531632767
2006-08-15,3.022046377919286
2006-08-16,3.0410351469916748
2006-08-17,3.0511922836465977
2006-08-18,3.0350258121030365
2006-08-19,3.0333409178838524
2006-08-20,3.0418201043599526
2006-08-21,3.051999736415465
2006-08-22,3.061686966511857
2006-08-23,3.07528066829808
2006-08-24,3.0911907481115675
2006-08-25,3.0913973609488066
2006-08-26,3.0897353897817776
2006-08-27,3.0787989039589996
2006-08-28,3.0561667631681693
2006-08-29,3.070791271824287
2006-08-30,3.092872781568429
2006-08-31,3.1408224958580693
2006-09-01,3.0134461334767004
2006-09-02,3.0178026128584503
2006-09-03,3.0191478375529903
2006-09-04,3.0430476941511966
2006-09-05,3.1138801650314325
2006-09-06,3.1425111401762824
2006-09-07,3.112220809140238
2006-09-08,3.1459121603887317
2006-09-09,3.143944971042373
2006-09-10,3.14074866985483
2006-09-11,3.1383354282859273
2006-09-12,2.8715659758004657
2006-09-13,2.94261342701856
2006-09-14,2.8309832214822177
2006-09-15,2.8284850269958763
2006-09-16,2.8316274468475355
2006-09-17,2.837825926187686
2006-09-18,2.833931303928439
2006-09-19,2.869226279505968
2006-09-20,2.850215946148891
2006-09-21,2.8363840029044787
2006-09-22,2.851000391598112
2006-09-23,2.862767076677372
2006-09-24,2.8656122027492654
2006-09-25,2.910295566331756
2006-09-26,2.9056240131715545
2006-09-27,2.994178571150588
2006-09-28,3.0016999855788353
2006-09-29,2.995683255015938
2006-09-30,2.988856385592788
2006-10-01,2.967413237288264
2006-10-02,3.0008977190336026
2006-10-03,3.010856064628931
2006-10-04,2.9928253279521995
2006-10-05,3.0511665112035296
2006-10-06,3.0459064809552316
2006-10-07,3.0423848395879616
2006-10-08,3.0387612024451944
2006-10-09,3.0340830291366165
2006-10-10,3.0144433922149076
2006-10-11,3.0159698653831875
2006-10-12,3.0209364706906374
2006-10-13,2.988089115487245
2006-10-14,2.98688512478896
2006-10-15,2.9831186745902953
2006-10-16,2.9872577635854514
2006-10-17,3.000709053807282
2006-10-18,3.0105965992045935
2006-10-19,3.0357061603340507
2006-10-20,2.995196579141324
2006-10-21,3.0077202715156255
2006-10-22,3.0034433437996944
2006-10-23,2.9419406738295333
2006-10-24,2.941816204649376
2006-10-25,2.8122889609655357
2006-10-26,2.7512736994369495
2006-10-27,2.752179921837732
2006-10-28,2.7505049044308527
2006-10-29,2.7494484314569556
2006-10-30,2.7300978961773334
2006-10-31,2.7902081006663506
2006-11-01,2.7882666569796952
2006-11-02,2.8132960582350286
2006-11-03,2.907085993168926
2006-11-04,2.914499366751318
2006-11-05,2.9046548051373087
2006-11-06,2.8675372738350595
2006-11-07,2.8919309603376075
2006-11-08,2.873270136036725
2006-11-09,2.8885352583506765
2006-11-10,2.878409039624376
2006-11-11,2.8628035814465984
2006-11-12,2.8628476898421056
2006-11-13,2.83040802644995
2006-11-14,2.7739446029366563
2006-11-15,2.793184994046316
2006-11-16,2.7970250071873943
2006-11-17,2.790851082682665
2006-11-18,2.797470832976441
2006-11-19,2.806928431309578
2006-11-20,2.8091793300542767
2006-11-21,2.846040757920325
2006-11-22,2.8365652090645725
2006-11-23,2.828630395028833
2006-11-24,2.8153009513304124
2006-11-25,2.8108967047831026
2006-11-26,2.8235935388741797
2006-11-27,2.8134717282989614
2006-11-28,2.8065189308400145
2006-11-29,2.8156071974996983
2006-11-30,2.8073610593252174
2006-12-01,2.7908829024458344
2006-12-02,2.80392157357199
2006-12-03,2.8038161873088896
2006-12-04,2.823180086895703
2006-12-05,2.7655049738588957
2006-12-06,2.797097984533693
2006-12-07,2.674153549063709
2006-12-08,2.7756054671504007
2006-12-09,2.755072916869159
2006-12-10,2.746621638257814
2006-12-11,2.698740729252037
2006-12-12,2.7369354761990263
2006-12-13,2.6806500153300026
2006-12-14,2.718015118162018
2006-12-15,2.444868545622022
2006-12-16,2.4637914262827767
2006-12-17,2.474199414093257
2006-12-18,2.490517340236384
2006-12-19,2.4621103634434784
2006-12-20,2.4491195159399046
2006-12-21,2.4313436601531353
2006-12-22,2.4829680635025184
2006-12-23,2.478744286129502
2006-12-24,2.475460506879997
2006-12-25,2.465302136154463
2006-12-26,2.4141121878157437
2006-12-27,2.396733776105795
2006-12-28,2.3871842457013663
2006-12-29,2.3918971243132807
2006-12-30,2.391774909679208
2006-12-31,2.393732806447064
2007-01-01,2.3872288959282373
2007-01-02,2.3693935380218947
2007-01-03,2.3799705908440414
2007-01-04,2.4124490942302623
2007-01-05,2.397191127718783
2007-01-06,2.3977070784714165
2007-01-07,2.4022799297821527
2007-01-08,2.3982718785855335
2007-01-09,2.4038432513126344
2007-01-10,2.4139955276047735
2007-01-11,2.4027127294110056
2007-01-12,2.407022867547852
2007-01-13,2.411536843361472
2007-01-14,2.4092907168614515
2007-01-15,2.4079187669994475
2007-01-16,2.4281161889515497
2007-01-17,2.453089450617182
2007-01-18,2.2122075838603967
2007-01-19,2.19327622284165
2007-01-20,2.203920067923381
2007-01-21,2.214462936932888
2007-01-22,2.2760307914032696
2007-01-23,2.18119703139859
2007-01-24,2.146068633627498
2007-01-25,2.240230285816714
2007-01-26,2.257075453086065
2007-01-27,2.2628748813012662
2007-01-28,2.270319086925836
2007-01-29,2.3222614808431725
2007-01-30,2.2879084161220624
2007-01-31,2.495690133192042
2007-02-01,2.6940518781444203
2007-02-02,2.648958904220645
2007-02-03,2.6493655849202797
2007-02-04,2.6407434827466085
2007-02-05,2.602271255181557
2007-02-06,2.5626521529582935
2007-02-07,2.625974395648797
2007-02-08,2.6716748030290898
2007-02-09,2.686737384746522
2007-02-10,2.6852270550480037
2007-02-11,2.687817649512229
2007-02-12,2.712072353122562
2007-02-13,2.717103476308625
2007-02-14,2.736598581748037
2007-02-15,2.676320815051226
2007-02-16,2.709874028891603
2007-02-17,2.71835327208218
2007-02-18,2.7251552620434834
2007-02-19,2.6989261770031447
2007-02-20,2.603647489116809
2007-02-21,2.592893850055963
2007-02-22,2.5937013294490976
2007-02-23,2.6145988982078134
2007-02-24,2.6137604761932596
2007-02-25,2.6393168732932004
2007-02-26,2.6235750844173036
2007-02-27,2.548048404714636
2007-02-28,2.5022207531558154
2007-03-01,2.5764778349084008
2007-03-02,2.522330515349097
2007-03-03,2.5318923756704086
2007-03-04,2.534018779739381
2007-03-05,2.515732014143401
2007-03-06,2.541932525702443
2007-03-07,2.4738352344207377
2007-03-08,2.459855592806151
2007-03-09,2.503410553886193
2007-03-10,2.5067395661621323
2007-03-11,2.513110908330428
2007-03-12,2.4528138776800392
2007-03-13,2.464359188010728
2007-03-14,2.692025784557415
2007-03-15,2.9593775951198005
2007-03-16,2.9551843264638284
2007-03-17,2.945436637970177
2007-03-18,2.9563482534780503
2007-03-19,2.989753333626143
2007-03-20,2.9264194348140338
2007-03-21,2.9319901285969903
2007-03-22,2.961973230543272
2007-03-23,2.9970753700409305
2007-03-24,2.9795069813938757
2007-03-25,2.9709648470023424
2007-03-26,2.990970061693879
2007-03-27,3.0075428309478363
2007-03-28,3.039820923847688
2007-03-29,2.988107830629585
2007-03-30,2.9583128318382705
2007-03-31,2.9533630112535207
2007-04-01,2.9689385743578667
2007-04-02,2.9905648129049265
2007-04-03,3.019703769173045
2007-04-04,3.033004370890801
2007-04-05,3.0756945091208436
2007-04-06,3.049579499624374
2007-04-07,3.0411306588939344
2007-04-08,3.036515530683899
2007-04-09,3.006125484406899
2007-04-10,3.0113819685757055
2007-04-11,2.9777739497360933
2007-04-12,2.967273061583846
2007-04-13,3.216462303211783
2007-04-14,3.20651919081475
2007-04-15,3.1939285342416
2007-04-16,3.1745238637904545
2007-04-17,3.209949744680174
2007-04-18,3.14668992280896
2007-04-19,3.112211691839935
2007-04-20,3.1007895355285893
2007-04-21,3.1006256832494876
2007-04-22,3.1024054609162524
2007-04-23,3.027670896528208
2007-04-24,3.1224806422633127
2007-04-25,3.117324526047112
2007-04-26,3.1631130867652235
2007-04-27,3.1493916435898415
2007-04-28,3.149594767663683
2007-04-29,3.144178571777186
2007-04-30,3.209344228691421
2007-05-01,3.18012220334988
2007-05-02,3.1935025260947874
2007-05-03,3.128063280228335
2007-05-04,3.103961532912328
2007-05-05,3.0976064822830773
2007-05-06,3.0974820695887817
2007-05-07,3.0962830856699086
2007-05-08,3.078268449903931
2007-05-09,3.0712804745434927
2007-05-10,3.07160578882616
2007-05-11,3.082301846462032
2007-05-12,3.0145413260882323
2007-05-13,3.0144834293607388
2007-05-14,3.0216885487697596
2007-05-15,3.0168926281819575
2007-05-16,3.013592794183219
2007-05-17,3.0039977985400608
2007-05-18,2.9989082742559963
2007-05-19,3.0023471564539177
2007-05-20,3.0003346514340863
2007-05-21,3.0289662108036195
2007-05-22,3.015052200326846
2007-05-23,3.021382700793112
2007-05-24,3.0249560137682807
2007-05-25,3.0342016377763104
2007-05-26,3.0302370339314906
2007-05-27,3.0223406986720183
2007-05-28,3.018009984822993
2007-05-29,3.0257351270942014
2007-05-30,3.014516151352159
2007-05-31,3.0625686157916676
2007-06-01,3.0551669435475506
2007-06-02,3.0647810780338185
2007-06-03,3.0594903420821367
2007-06-04,3.055085620478992
2007-06-05,2.9880901348545623
2007-06-06,3.001128988008793
2007-06-07,2.968886444336088
2007-06-08,2.9599758938525795
2007-06-09,2.9613054687463016
2007-06-10,2.959131517551144
2007-06-11,3.0068333166454155
2007-06-12,3.032024222814438
2007-06-13,3.0558727635852043
2007-06-14,3.094127950828115
2007-06-15,3.113113159969907
2007-06-16,3.108160075782992
2007-06-17,3.1002598535740566
2007-06-18,3.0617094602360484
2007-06-19,3.0664650299831835
2007-06-20,3.1345020436315534
2007-06-21,3.1893485831060655
2007-06-22,3.1661005736830763
2007-06-23,3.1584600449781086
2007-06-24,3.155365182507122
2007-06-25,3.148676876074771
2007-06-26,3.165538773021596
2007-06-27,3.143028827702875
2007-06-28,3.1553400448088995
2007-06-29,3.151642755047592
2007-06-30,3.1584522815556366
2007-07-01,3.1640983464163894
2007-07-02,3.140833884943358
2007-07-03,3.1619998756581915
2007-07-04,3.1570938316755464
2007-07-05,3.136770628138353
2007-07-06,3.18966447075303
2007-07-07,3.185695544245618
2007-07-08,3.1867901239947063
2007-07-09,3.184341673662366
2007-07-10,3.1678125943660675
2007-07-11,3.1457646930797223
2007-07-12,3.102690388873167
2007-07-13,3.0900860321316155
2007-07-14,3.095511561719546
2007-07-15,3.0983212783947365
2007-07-16,3.1078350170437847
2007-07-17,3.195674582742092
2007-07-18,3.1441179247044593
2007-07-19,3.106098910639111
2007-07-20,3.1264591241499695
2007-07-21,3.1190761257830717
2007-07-22,3.131409055719314
2007-07-23,3.026820606024601
2007-07-24,3.08788667857749
2007-07-25,3.0828532547861496
2007-07-26,3.0074689718956735
2007-07-27,3.016949961320817
2007-07-28,3.008373734407168
2007-07-29,3.0072845402638206
2007-07-30,3.0084515539929972
2007-07-31,3.1931499362337417
2007-08-01,3.2722561904207743
2007-08-02,3.275647275643669
2007-08-03,3.327601917067054
2007-08-04,3.3312332807696574
2007-08-05,3.3138696339262057
2007-08-06,3.274886903011926
2007-08-07,3.3027093324963825
2007-08-08,3.352855012226628
2007-08-09,3.416872105296053
2007-08-10,3.4009701564300845
2007-08-11,3.3886749667040137
2007-08-12,3.4037383878132017
2007-08-13,3.418289511315699
2007-08-14,3.4301573624270523
2007-08-15,3.4233152034418484
2007-08-16,3.377791375159714
2007-08-17,3.378411272253737
2007-08-18,3.375141449066427
2007-08-19,3.3738721769666418
2007-08-20,3.376477854434147
2007-08-21,3.379749322619509
2007-08-22,3.394744893887999
2007-08-23,3.442259396102158
2007-08-24,3.4395724152749407
2007-08-25,3.432286693706582
2007-08-26,3.430727588733035
2007-08-27,3.428029275883393
2007-08-28,3.4435995883216357
2007-08-29,3.414245275831205
2007-08-30,3.5103424956566935
2007-08-31,3.518597648778303
2007-09-01,3.51289288249961
2007-09-02,3.5219967518768045
2007-09-03,3.5156632790629314
2007-09-04,3.589629893331025
2007-09-05,3.65161510524866
2007-09-06,3.6473501842332583
2007-09-07,3.6518433718522822
2007-09-08,3.6511026600894576
2007-09-09,3.645073799196764
2007-09-10,3.625065049822775
2007-09-11,3.525018785597527
2007-09-12,3.4825718911033854
2007-09-13,3.4065476912522814
2007-09-14,3.4165634358329298
2007-09-15,3.422253331282122
2007-09-16,3.4308123083918742
2007-09-17,3.4224109175286226
2007-09-18,3.3763640962785213
2007-09-19,3.4038483906633155
2007-09-20,3.4159614123766806
2007-09-21,3.5329928968722353
2007-09-22,3.532696806847609
2007-09-23,3.5243138731392714
2007-09-24,3.3387877778532444
2007-09-25,3.2769147418136995
2007-09-26,3.263110922594136
2007-09-27,3.245625826408966
2007-09-28,3.2651914069474213
2007-09-29,3.2518388806171488
2007-09-30,3.2415480101697516
2007-10-01,3.261071950208594
2007-10-02,3.261787317876532
2007-10-03,3.264573623253555
2007-10-04,3.3022954539773632
2007-10-05,3.3153869839947054
2007-10-06,3.3098611163488307
2007-10-07,3.3164283901247424
2007-10-08,3.3116067736597112
2007-10-09,3.317544920585286
2007-10-10,3.2877714672992404
2007-10-11,3.29117861870285
2007-10-12,3.2651367303071144
2007-10-13,3.2659986044798828
2007-10-14,3.2712065674371957
2007-10-15,3.2593763056879017
2007-10-16,3.322658343744272
2007-10-17,3.3255123198464136
2007-10-18,3.400190343026497
2007-10-19,3.3967498280247135
2007-10-20,3.397146048388974
2007-10-21,3.3796389396621724
2007-10-22,3.4925647368962576
2007-10-23,3.4513411189003893
2007-10-24,3.5259157905887792
2007-10-25,3.476566311625106
2007-10-26,3.514495566036668
2007-10-27,3.5160254364816006
2007-10-28,3.5258034204137476
2007-10-29,3.512366115610752
2007-10-30,3.5399660312578263
2007-10-31,3.5744421538589135
2007-11-01,3.5578488980730296
2007-11-02,3.539470961170176
2007-11-03,3.5505116204471205
2007-11-04,3.542656466809495
2007-11-05,3.550782129647036
2007-11-06,3.4672730365019735
2007-11-07,3.4795598722397996
2007-11-08,3.412641169429691
2007-11-09,3.4376729386737175
2007-11-10,3.450006168105838
2007-11-11,3.456356139717857
2007-11-12,3.4697233538199597
2007-11-13,3.427063901261228
2007-11-14,3.4185622541416936
2007-11-15,3.4098757464935585
2007-11-16,3.413512785248265
2007-11-17,3.4245445950359783
2007-11-18,3.439285299502031
2007-11-19,3.4454725366134187
2007-11-20,3.43351073354727
2007-11-21,3.3675080750931636
2007-11-22,3.373631216426463
2007-11-23,3.3511798322869377
2007-11-24,3.3506227660361687
2007-11-25,3.3522778637361537
2007-11-26,3.3583219991358373
2007-11-27,3.3173127271818537
2007-11-28,3.314178847690601
2007-11-29,3.2741884346414114
2007-11-30,3.3029453491580565
2007-12-01,3.3038717554572115
2007-12-02,3.2978816544005327
2007-12-03,3.3283737838427134
2007-12-04,3.3361251074805223
2007-12-05,3.4182146934511093
2007-12-06,3.4773041539322014
2007-12-07,3.4640867368332917
2007-12-08,3.4581872090002497
2007-12-09,3.464575664318507
2007-12-10,3.4324627893103807
2007-12-11,3.4110736945136413
2007-12-12,3.351973606781365
2007-12-13,3.4046541311881855
2007-12-14,3.345187418865956
2007-12-15,3.3504262894942505
2007-12-16,3.3500678593865647
2007-12-17,3.5284443040482785
2007-12-18,3.4627257654238197
2007-12-19,3.4883385663843116
2007-12-20,3.4147959304269717
2007-12-21,3.418068535204666
2007-12-22,3.415740763432302
2007-12-23,3.408357928835219
2007-12-24,3.376914155006235
2007-12-25,3.416863168075776
2007-12-26,3.4143032181234827
2007-12-27,3.4280770507475378
2007-12-28,3.435081791462616
2007-12-29,3.4355914151562628
2007-12-30,3.4239170522041213
2007-12-31,3.435197307072312
2008-01-01,3.4542422381143214
2008-01-02,3.4703892497313125
2008-01-03,3.4796971009978215
2008-01-04,3.4906186111392534
2008-01-05,3.4838915328349076
2008-01-06,3.477602155375683
2008-01-07,3.4682179501030945
2008-01-08,3.4804050907644903
2008-01-09,3.471693705972851
2008-01-10,3.427329512995138
2008-01-11,3.43815488064049
2008-01-12,3.4541194808721376
2008-01-13,3.4522765558395663
2008-01-14,3.4485181370420226
2008-01-15,3.4575330570604583
2008-01-16,3.442571587255653
2008-01-17,3.522432210431437
2008-01-18,3.4975613151215437
2008-01-19,3.498672109813983
2008-01-20,3.493960519782537
2008-01-21,3.492104548478671
2008-01-22,3.5797438153685865
2008-01-23,3.5207817876630796
2008-01-24,3.4962926019114797
2008-01-25,3.5030090904906626
2008-01-26,3.4956056457433884
2008-01-27,3.498844833984104
2008-01-28,3.4719585887901965
2008-01-29,3.348576576246
2008-01-30,3.2075031938611556
2008-01-31,3.093251863753544
2008-02-01,3.0168597657429443
2008-02-02,3.0438799766515
2008-02-03,3.0368159058172535
2008-02-04,2.971826620260424
2008-02-05,2.9425139126314734
2008-02-06,2.9307893115117984
2008-02-07,2.919528007153977
2008-02-08,2.913620274949363
2008-02-09,2.8990111795292637
2008-02-10,2.893831284420449
2008-02-11,2.9324561195092556
2008-02-12,2.7513881759553076
2008-02-13,2.7751301929787124
2008-02-14,2.7967159920597138
2008-02-15,2.784264431462538
2008-02-16,2.7821560138647996
2008-02-17,2.7658566467208585
2008-02-18,2.74417184537559
2008-02-19,2.733446528903688
2008-02-20,2.7016884363035754
2008-02-21,2.723666264806104
2008-02-22,2.7147447795718618
2008-02-23,2.701086551823943
2008-02-24,2.736807485069652
2008-02-25,2.696286987174608
2008-02-26,2.6975370133984047
2008-02-27,2.7138871957339443
2008-02-28,2.633185003067816
2008-02-29,2.577802548942832
2008-03-01,2.5675785710199217
2008-03-02,2.579972491484051
2008-03-03,2.568744818795307
2008-03-04,2.5484659911206267
2008-03-05,2.497923745104546
2008-03-06,2.453407655074437
2008-03-07,2.5011566695876364
2008-03-08,2.468458593907444
2008-03-09,2.465140714243145
2008-03-10,2.487560736841819
2008-03-11,2.5199189151372563
2008-03-12,2.6567749992081926
2008-03-13,2.643816026082274
2008-03-14,2.6332022430419335
2008-03-15,2.6243277642136422
2008-03-16,2.624940776369481
2008-03-17,2.6134547400132275
2008-03-18,2.5598396508825063
2008-03-19,2.54602525989363
2008-03-20,2.5536898356582016
2008-03-21,2.5150604464655
2008-03-22,2.514907863645641
2008-03-23,2.5206055650776023
2008-03-24,2.6201642824295965
2008-03-25,2.582631578696169
2008-03-26,2.569439381962302
2008-03-27,2.5808806314279664
2008-03-28,2.5693987261092253
2008-03-29,2.5621210161504813
2008-03-30,2.5862678667323458
2008-03-31,2.6068808440816253
2008-04-01,2.610087109234415
2008-04-02,2.6413985522480634
2008-04-03,2.669206631519681
2008-04-04,2.6781052268448833
2008-04-05,2.66570101406739
2008-04-06,2.65745955158555
2008-04-07,2.6553252381903896
2008-04-08,2.640979718675826
2008-04-09,2.6376572165672303
2008-04-10,2.645265337924502
2008-04-11,2.5867165039394497
2008-04-12,2.584831415063527
2008-04-13,2.5967296457682867
2008-04-14,2.5900780907030168
2008-04-15,2.573264804784019
2008-04-16,2.481154706817507
2008-04-17,2.4496363687141387
2008-04-18,2.4308115845488096
2008-04-19,2.428459379920056
2008-04-20,2.428048594760418
2008-04-21,2.4777163463530174
2008-04-22,2.4163007287383844
2008-04-23,2.3892668678780336
2008-04-24,2.411851277993722
2008-04-25,2.425476294655861
2008-04-26,2.419523472928204
2008-04-27,2.4148347780977333
2008-04-28,2.42373151202254
2008-04-29,2.375132830224426
2008-04-30,2.3479278282359752
2008-05-01,2.170047351619732
2008-05-02,2.0528438127834976
2008-05-03,2.059036665463635
2008-05-04,2.0552668218162955
2008-05-05,2.0489747359685904
2008-05-06,2.025879427597978
2008-05-07,1.9700015786398453
2008-05-08,1.933107740167446
2008-05-09,1.9089865480763557
2008-05-10,1.9188682714579228
2008-05-11,1.9243215323290035
2008-05-12,1.89086825778559
2008-05-13,1.9289443017330927
2008-05-14,1.848338172500783
2008-05-15,1.8040685378135624
2008-05-16,1.801727529077405
2008-05-17,1.8092927587069565
2008-05-18,1.7972284098118634
2008-05-19,1.8002656243020931
2008-05-20,1.8105248944686485
2008-05-21,1.8093709383088443
2008-05-22,1.7989758971690604
2008-05-23,1.8021770946917417
2008-05-24,1.7967437578809349
2008-05-25,1.7872148282759217
2008-05-26,1.7728199635547437
2008-05-27,1.7570358414128602
2008-05-28,1.7336266631121229
2008-05-29,1.6896779408538467
2008-05-30,1.6964861706321377
2008-05-31,1.6952814394093416
2008-06-01,1.7771005307521284
2008-06-02,1.7970958149751275
2008-06-03,1.7731787659371203
2008-06-04,1.743708346396614
2008-06-05,1.911479177059557
2008-06-06,1.9230163749503597
2008-06-07,1.9043217549251443
2008-06-08,1.8901510276819924
2008-06-09,1.829569766562556
2008-06-10,1.935193623398623
2008-06-11,1.921284527022813
2008-06-12,1.9389678650170643
2008-06-13,1.9315714244576556
2008-06-14,1.9234418800017756
2008-06-15,1.9307338445928428
2008-06-16,1.8375433064839135
2008-06-17,1.875338670799984
2008-06-18,1.830849647638506
2008-06-19,1.777835864180735
2008-06-20,1.8140798701090024
2008-06-21,1.827302719491693
2008-06-22,1.831991337940709
2008-06-23,1.8642191992224968
2008-06-24,1.9155665998538691
2008-06-25,1.8792394640469396
2008-06-26,1.8520713449599209
2008-06-27,1.847790598198028
2008-06-28,1.843395098950209
2008-06-29,1.842022804444864
2008-06-30,1.851465297186072
2008-07-01,1.844021497994515
2008-07-02,1.8418159130590932
2008-07-03,1.8558370839535108
2008-07-04,1.838672054523393
2008-07-05,1.8410346995301743
2008-07-06,1.8309088409773229
2008-07-07,1.8268641916061672
2008-07-08,1.8689710806081743
2008-07-09,1.8349240777253333
2008-07-10,1.828939685813628
2008-07-11,1.823670385972607
2008-07-12,1.8215587203420216
2008-07-13,1.8202553603289495
2008-07-14,1.8114108493280476
2008-07-15,1.7928017228250317
2008-07-16,1.8092660549266737
2008-07-17,1.7903973221872107
2008-07-18,1.8192113581514908
2008-07-19,1.813557445676409
2008-07-20,1.8240957053154736
2008-07-21,1.814437414641516
2008-07-22,1.808526331449566
2008-07-23,1.7109693494947942
2008-07-24,1.6192443557373204
2008-07-25,1.5994576204802633
2008-07-26,1.597281203540152
2008-07-27,1.5910101515839352
2008-07-28,1.5869941819810187
2008-07-29,1.481282659254331
2008-07-30,1.3449189113784097
2008-07-31,1.4647362174617458
2008-08-01,1.3390106204893244
2008-08-02,1.3531568968531658
2008-08-03,1.3552183093595829
2008-08-04,1.2865862539486634
2008-08-05,1.3055384821040048
2008-08-06,1.301031349427731
2008-08-07,1.3066437317081747
2008-08-08,1.2661886329395422
2008-08-09,1.262646781066148
2008-08-10,1.2552937806898026
2008-08-11,1.1449943375136404
2008-08-12,1.0271437799504068
2008-08-13,1.0526747535152352
2008-08-14,1.051973522490511
2008-08-15,1.057789006393798
2008-08-16,1.05906628287479
2008-08-17,1.045905461456354
2008-08-18,1.1172034416077998
2008-08-19,1.1602243442596678
2008-08-20,1.1431480332656034
2008-08-21,1.146148884819557
2008-08-22,1.1375128812433415
2008-08-23,1.144360641504725
2008-08-24,1.0692072929598044
2008-08-25,1.0801054733601807
2008-08-26,1.058006024328279
2008-08-27,1.081204992087407
2008-08-28,1.0763857547040925
2008-08-29,0.897521057352384
2008-08-30,0.8905149724798087
2008-08-31,0.8894422000621276
2008-09-01,0.948633866541246
2008-09-02,0.9416577583702916
2008-09-03,0.9653501821588996
2008-09-04,0.9595929495447132
2008-09-05,0.9630117442416068
2008-09-06,0.9616020805310744
2008-09-07,0.9446397264773831
2008-09-08,0.9846901894114228
2008-09-09,0.8929788693084246
2008-09-10,0.9126602411288908
2008-09-11,0.8732748880112302
2008-09-12,0.8713119001125227
2008-09-13,0.8681615687564426
2008-09-14,0.8753891230148239
2008-09-15,0.8086480387151771
2008-09-16,0.8493407612457133
2008-09-17,0.9169218561567378
2008-09-18,0.9240068958142508
2008-09-19,0.9845514045129315
2008-09-20,0.9946598887196588
2008-09-21,0.9978800875196894
2008-09-22,1.0021457712534876
2008-09-23,0.9781496322955208
2008-09-24,0.9826791814178644
2008-09-25,0.9907364811506956
2008-09-26,0.9604975977864068
2008-09-27,0.989016399602794
2008-09-28,0.9936535005134448
2008-09-29,0.9977359848028962
2008-09-30,1.0193893835230554
2008-10-01,1.0011209170874094
2008-10-02,0.9814421023497132
2008-10-03,0.9891613695926073
2008-10-04,0.9941969172727751
2008-10-05,0.9887206367123318
2008-10-06,1.0051132856174587
2008-10-07,1.0021629283895728
2008-10-08,0.9742654064665286
2008-10-09,0.976302260121836
2008-10-10,0.9578231544140876
2008-10-11,0.9488285829964612
2008-10-12,0.9654196978377548
2008-10-13,0.9561280844847642
2008-10-14,0.9429879984491144
2008-10-15,0.9475687817431696
2008-10-16,0.90681399358086
2008-10-17,0.8939322896546713
2008-10-18,0.8863885080636957
2008-10-19,0.8848252403228547
2008-10-20,0.7547739750940137
2008-10-21,0.7304240944237428
2008-10-22,0.6261361657868787
2008-10-23,0.6558940025507582
2008-10-24,0.6379815586770436
2008-10-25,0.6360806283394176
2008-10-26,0.6320135551844195
2008-10-27,0.6301111772918171
2008-10-28,0.6943534723854681
2008-10-29,0.602724229969628
2008-10-30,0.6681593370713803
2008-10-31,0.4959073157939873
2008-11-01,0.6445507400961694
2008-11-02,0.6074144424217374
2008-11-03,0.6737601663214767
2008-11-04,0.6608839011693357
2008-11-05,0.6687919046843263
2008-11-06,0.6605577009307151
2008-11-07,0.7439945786411242
2008-11-08,0.7525439475839315
2008-11-09,0.7655021301668219
2008-11-10,0.7544915509661876
2008-11-11,0.7581549868758768
2008-11-12,0.6948809323908893
2008-11-13,0.6764718220551127
2008-11-14,0.6518170038982016
2008-11-15,0.6614126395499667
2008-11-16,0.6330392861343044
2008-11-17,0.6421638185378526
2008-11-18,0.636115034578348
2008-11-19,0.5893409358877819
2008-11-20,0.599020706109938
2008-11-21,0.5827304988593833
2008-11-22,0.5783821969546201
2008-11-23,0.5852575142896441
2008-11-24,0.515382955183886
2008-11-25,0.5183044811217563
2008-11-26,0.5180634191420421
2008-11-27,0.5227285605052194
2008-11-28,0.5267081171691785
2008-11-29,0.5145884754953083
2008-11-30,0.4997453176470174
2008-12-01,0.5379178638794104
2008-12-02,0.4463573304234112
2008-12-03,0.5337338727294823
2008-12-04,0.5374000976460658
2008-12-05,0.4972855783581429
2008-12-06,0.4953645430943441
2008-12-07,0.4902152090819229
2008-12-08,0.4301128817269886
2008-12-09,0.3693255963679589
2008-12-10,0.2953201816401756
2008-12-11,0.3522777787060236
2008-12-12,0.3476154635688622
2008-12-13,0.3423705580320235
2008-12-14,0.3458490230789053
2008-12-15,0.3391827799352684
2008-12-16,0.2429909798117568
2008-12-17,0.1284546101478993
2008-12-18,0.0734164617707398
2008-12-19,0.0383776312293173
2008-12-20,0.0233366362488189
2008-12-21,0.0308304292486711
2008-12-22,0.0328789617899318
2008-12-23,-0.0101542386370439
2008-12-24,-0.0278796206489237
2008-12-25,-0.031501198835377
2008-12-26,-0.008823012221506
2008-12-27,-0.0072291253379264
2008-12-28,-0.0111011628368338
2008-12-29,-0.0099274390648007
2008-12-30,-0.0072770992376316
2008-12-31,0.0034810529763449
2009-01-01,0.0306848311461074
2009-01-02,-0.0141707062177554
2009-01-03,-0.0180622286760847
2009-01-04,-0.0060181074348211
2009-01-05,-0.01270626774701
2009-01-06,-0.0040800705138326
2009-01-07,-0.0148660999081902
2009-01-08,-0.0122470992016041
2009-01-09,0.0065844297209518
2009-01-10,0.0091818824144804
2009-01-11,0.0017639762614525
2009-01-12,-0.0094068242169464
2009-01-13,-0.013426012383356
2009-01-14,-0.014759146568009
2009-01-15,-0.0411858350843825
2009-01-16,-0.0921593417164374
2009-01-17,-0.0787990305147321
2009-01-18,-0.0762790114824141
2009-01-19,-0.0854532999806019
2009-01-20,-0.0739909129842057
2009-01-21,-0.1022945931009386
2009-01-22,-0.1491311026638193
2009-01-23,-0.0045995385925654
2009-01-24,-0.0038848898662853
2009-01-25,-0.0036914017679663
2009-01-26,-0.0702025550995215
2009-01-27,0.0339288327399676
2009-01-28,0.1904719060497717
2009-01-29,0.3240843207355932
2009-01-30,0.5814101997225678
2009-01-31,0.0982987654948246
2009-02-01,0.1130778636784106
2009-02-02,0.0949642183136219
2009-02-03,0.3515094021623572
2009-02-04,0.3637646814071091
2009-02-05,0.3500333921745544
2009-02-06,0.369444053855763
2009-02-07,0.3633054265834512
2009-02-08,0.358905410215443
2009-02-09,0.3667657898186602
2009-02-10,0.3789231851744188
2009-02-11,0.3769497006787405
2009-02-12,0.3261347608648925
2009-02-13,0.2838444263675428
2009-02-14,0.2743152668290078
2009-02-15,0.3070651041946286
2009-02-16,0.3014530228550467
2009-02-17,0.2754957062166832
2009-02-18,0.2704555252071849
2009-02-19,0.2320388053462005
2009-02-20,0.1620844396304441
2009-02-21,0.1683367504323545
2009-02-22,0.1781745730210535
2009-02-23,0.1834091694371542
2009-02-24,0.1299045936758132
2009-02-25,0.1259520373466691
2009-02-26,0.1829194907364768
2009-02-27,0.1732332714422044
2009-02-28,0.1739217521302904
2009-03-01,0.2139443595194317
2009-03-02,0.1621780404046355
2009-03-03,0.0732454910523285
2009-03-04,0.0943668141328357
2009-03-05,0.0628048824165419
2009-03-06,0.0444543755871449
2009-03-07,0.071310624166339
2009-03-08,0.0768849420650372
2009-03-09,0.0119039535252469
2009-03-10,0.0634863175696454
2009-03-11,0.0099781942045953
2009-03-12,0.093686676667855
2009-03-13,0.0619386637113215
2009-03-14,0.0593636518102962
2009-03-15,0.0642858660195075
2009-03-16,0.0353481021405612
2009-03-17,0.0479847614062531
2009-03-18,0.0478156446416391
2009-03-19,0.0603098430940485
2009-03-20,0.0698851458082776
2009-03-21,0.0637282382791442
2009-03-22,0.0554236228718938
2009-03-23,0.0171894862435961
2009-03-24,0.0869868063722818
2009-03-25,0.0838039223470357
2009-03-26,0.1564683008715612
2009-03-27,0.1276198852297323
2009-03-28,0.1034599585074889
2009-03-29,0.090731273499713
2009-03-30,0.0622247625722578
2009-03-31,0.1248733632708876
2009-04-01,0.2002573470907545
2009-04-02,0.1563197031732888
2009-04-03,0.156984161502947
2009-04-04,0.153234699679734
2009-04-05,0.1479743739850407
2009-04-06,0.1547236859312644
2009-04-07,0.1627973425823143
2009-04-08,0.1540385703647993
2009-04-09,0.1296841814427529
2009-04-10,0.1085535261201218
2009-04-11,0.0861558496166017
2009-04-12,0.0746204061993651
2009-04-13,0.0707441188882467
2009-04-14,0.0332223025802758
2009-04-15,0.0188437608111637
2009-04-16,0.0772303779333651
2009-04-17,0.0793163792972793
2009-04-18,0.0698376969872422
2009-04-19,0.0658228835234591
2009-04-20,0.0709849536438538
2009-04-21,0.2566734501740408
2009-04-22,0.2309875223569326
2009-04-23,0.3911724428447418
2009-04-24,0.3461263714621085
2009-04-25,0.3269678519431278
2009-04-26,0.3225641710487519
2009-04-27,0.2814756416825825
2009-04-28,0.6565528671695655
2009-04-29,0.9981584396909796
2009-04-30,1.0291039463589011
2009-05-01,0.4384049877607396
2009-05-02,0.4027058376325572
2009-05-03,0.3932130534887048
2009-05-04,0.4038566153364789
2009-05-05,0.4994781674949604
2009-05-06,0.6073748250288018
2009-05-07,0.6406443851114569
2009-05-08,1.1178827029204967
2009-05-09,1.3593070391627522
2009-05-10,1.3435634413215545
2009-05-11,1.3554200287129483
2009-05-12,1.335986718647539
2009-05-13,1.2932663778866125
2009-05-14,1.3409874308760568
2009-05-15,1.3405123287911995
2009-05-16,1.3517198793748246
2009-05-17,1.3521858969787823
2009-05-18,1.333382225229749
2009-05-19,1.387823695477286
2009-05-20,1.464740535557048
2009-05-21,1.4731106933400924
2009-05-22,1.4658134547694592
2009-05-23,1.4710048345226163
2009-05-24,1.4607388227351723
2009-05-25,1.4440749950339742
2009-05-26,1.457382366658313
2009-05-27,1.4748849061530456
2009-05-28,1.497585542219958
2009-05-29,1.5537521876339384
2009-05-30,1.5469171140259537
2009-05-31,1.5431409046726257
2009-06-01,1.592286780454546
2009-06-02,1.5200491448850837
2009-06-03,1.518823434451812
2009-06-04,1.4697280339082084
2009-06-05,1.5268226182928435
2009-06-06,1.5067781222803716
2009-06-07,1.4910704312184837
2009-06-08,1.4861455696492487
2009-06-09,1.4282524686335294
2009-06-10,1.4702522211627596
2009-06-11,1.4934461224479685
2009-06-12,1.4849153378989757
2009-06-13,1.4791546925770285
2009-06-14,1.4770282133783288
2009-06-15,1.5053936631920983
2009-06-16,1.606165525725532
2009-06-17,1.711309455681379
2009-06-18,1.895365662025125
2009-06-19,1.981998029049135
2009-06-20,1.953195583982634
2009-06-21,1.932007118632793
2009-06-22,1.9981025393361305
2009-06-23,2.0610548157794133
2009-06-24,2.01790192325954
2009-06-25,2.0088098433768407
2009-06-26,1.990472027654996
2009-06-27,1.9797372953293408
2009-06-28,1.9588409894675427
2009-06-29,1.9642730903255297
2009-06-30,2.0337045397538573
2009-07-01,2.059154009891571
2009-07-02,2.037124141971815
2009-07-03,2.034829372805919
2009-07-04,2.024775490067242
2009-07-05,2.0186912527237832
2009-07-06,2.0116165773567913
2009-07-07,2.061608771807234
2009-07-08,2.0674285086953823
2009-07-09,2.054351410013014
2009-07-10,2.071292069310957
2009-07-11,2.062047512061501
2009-07-12,2.046836800057415
2009-07-13,2.0612866713681433
2009-07-14,2.0910171390275183
2009-07-15,2.1064460858790905
2009-07-16,2.273022194142876
2009-07-17,2.3111826313321835
2009-07-18,2.301639598273891
2009-07-19,2.2925931157248782
2009-07-20,2.288242021282257
2009-07-21,2.432479109553084
2009-07-22,2.705400132140237
2009-07-23,2.9443011685468337
2009-07-24,2.8006750635689137
2009-07-25,2.783437408162213
2009-07-26,2.771933699937996
2009-07-27,2.854342341867041
2009-07-28,2.8804433518815067
2009-07-29,2.9487541579858445
2009-07-30,2.923544560614851
2009-07-31,2.801576409802675
2009-08-01,2.818197575021399
2009-08-02,2.8171338603887937
2009-08-03,2.840811309501161
2009-08-04,2.8271835238870473
2009-08-05,2.8521728909533017
2009-08-06,2.971852610612644
2009-08-07,3.069650874209184
2009-08-08,3.061050652026506
2009-08-09,3.0531329842553703
2009-08-10,3.052474189388248
2009-08-11,3.088607453021615
2009-08-12,3.122613612007747
2009-08-13,3.157545671657682
2009-08-14,3.166525373748799
2009-08-15,3.163669265225586
2009-08-16,3.1574409255476863
2009-08-17,3.149975139266424
2009-08-18,3.1514119634508817
2009-08-19,3.0879817057075463
2009-08-20,3.01842154652577
2009-08-21,2.9923583928900146
2009-08-22,2.99080409469848
2009-08-23,2.9710875591331485
2009-08-24,2.992721124730353
2009-08-25,3.0133635421392992
2009-08-26,2.998099642185242
2009-08-27,3.0131452292038903
2009-08-28,3.0117887544149733
2009-08-29,2.996287968457012
2009-08-30,2.9967023106653934
2009-08-31,2.9879848587020112
2009-09-01,3.0316583785402544
2009-09-02,3.1198683992235017
2009-09-03,3.228727675087399
2009-09-04,3.2119516225115414
2009-09-05,3.1927923187659184
2009-09-06,3.176684062080738
2009-09-07,3.2041115942194427
2009-09-08,3.265843948985082
2009-09-09,3.27179072921598
2009-09-10,3.4444971038745975
2009-09-11,3.3819894840637628
2009-09-12,3.322328636850587
2009-09-13,3.3094078487264325
2009-09-14,3.3148995975430156
2009-09-15,3.3381637978369545
2009-09-16,3.3700034425355687
2009-09-17,3.4497289322728326
2009-09-18,3.4963283982002755
2009-09-19,3.4593829730278114
2009-09-20,3.4394232119605
2009-09-21,3.404182379307396
2009-09-22,3.41588202822232
2009-09-23,3.4265103867479967
2009-09-24,3.505345932744535
2009-09-25,3.506791624392175
2009-09-26,3.4834627213682743
2009-09-27,3.476331096060918
2009-09-28,3.5120097226768707
2009-09-29,3.45402889169469
2009-09-30,3.4412716667460046
2009-10-01,3.4442091184518264
2009-10-02,3.437273182836063
2009-10-03,3.4253156232542388
2009-10-04,3.4205693766641607
2009-10-05,3.396822552821507
2009-10-06,3.386539160438291
2009-10-07,3.393759257399661
2009-10-08,3.39584990803096
2009-10-09,3.3842329377189806
2009-10-10,3.392066285344134
2009-10-11,3.37508073517385
2009-10-12,3.3559607613647153
2009-10-13,3.3714729169819195
2009-10-14,3.3859210935899537
2009-10-15,3.445342314422681
2009-10-16,3.520251150308728
2009-10-17,3.5145906342186897
2009-10-18,3.517254687748549
2009-10-19,3.535214991454214
2009-10-20,3.6941057116174543
2009-10-21,3.832913273788749
2009-10-22,4.089034925085542
2009-10-23,4.124185251553145
2009-10-24,4.12129138450995
2009-10-25,4.1187172022155325
2009-10-26,4.16449560772887
2009-10-27,4.160004230671495
2009-10-28,4.2660246472596475
2009-10-29,4.45028671072198
2009-10-30,4.375823090760143
2009-10-31,4.653491024819313
2009-11-01,4.652522352875259
2009-11-02,4.688669055117344
2009-11-03,4.768619488936168
2009-11-04,4.842140498032075
2009-11-05,4.885426110869322
2009-11-06,4.933516637906132
2009-11-07,4.918532970115606
2009-11-08,4.912764063261124
2009-11-09,4.944655373492079
2009-11-10,4.93273960034486
2009-11-11,4.914531174941434
2009-11-12,4.951403417627878
2009-11-13,4.983122229983621
2009-11-14,4.971289593695811
2009-11-15,4.964874993418899
2009-11-16,4.940000360519429
2009-11-17,4.934078931637568
2009-11-18,4.941071291972383
2009-11-19,4.943473401587125
2009-11-20,4.93748220131658
2009-11-21,4.934955260544831
2009-11-22,4.9358124413214775
2009-11-23,4.946658217796567
2009-11-24,4.945534622997691
2009-11-25,4.886736580019974
2009-11-26,4.891666171951276
2009-11-27,5.083113875524889
2009-11-28,5.054021726797513
2009-11-29,5.052085314553635
2009-11-30,5.034553153547973
2009-12-01,5.078660802068113
2009-12-02,5.039752575370711
2009-12-03,4.992277177889983
2009-12-04,4.919473783234822
2009-12-05,4.911307620383818
2009-12-06,4.91263962189711
2009-12-07,4.864191622313141
2009-12-08,4.882514579214654
2009-12-09,5.00833815252593
2009-12-10,5.085558183073585
2009-12-11,5.0637161306130105
2009-12-12,5.047733934015693
2009-12-13,5.030122566715837
2009-12-14,5.0107741157091645
2009-12-15,5.082190424847422
2009-12-16,5.025211926408128
2009-12-17,5.090850774493411
2009-12-18,5.21504207196437
2009-12-19,5.190063099133051
2009-12-20,5.166399992905594
2009-12-21,5.246305371760182
2009-12-22,5.3112333342285165
2009-12-23,5.251154620261902
2009-12-24,5.220492710420164
2009-12-25,5.243687480962143
2009-12-26,5.218046848918531
2009-12-27,5.188685917872187
2009-12-28,5.215741314808065
2009-12-29,5.296647835148335
2009-12-30,5.281256836725806
2009-12-31,5.247876468416875
2010-01-01,5.288987588766868
2010-01-02,5.309458194323983
2010-01-03,5.291774402106546
2010-01-04,5.193434039006009
2010-01-05,5.201890286012542
2010-01-06,5.179547285273694
2010-01-07,5.183705735783258
2010-01-08,5.18171044698817
2010-01-09,5.172556299114311
2010-01-10,5.180435660141904
2010-01-11,5.1640299933393266
2010-01-12,5.181267461219053
2010-01-13,5.181081611741274
2010-01-14,5.217451191202764
2010-01-15,5.214909879568255
2010-01-16,5.196884598696869
2010-01-17,5.1844122617433825
2010-01-18,5.184504280256686
2010-01-19,5.202923814375236
2010-01-20,5.243295777472262
2010-01-21,5.282837747467871
2010-01-22,5.179726361355316
2010-01-23,5.177582145152826
2010-01-24,5.171168915400454
2010-01-25,5.199745652050599
2010-01-26,5.342262950544431
2010-01-27,5.470394127424068
2010-01-28,5.650295018065323
2010-01-29,5.680933736037192
2010-01-30,5.680224715221691
2010-01-31,6.502468277524898
2010-02-01,6.363334949633647
2010-02-02,6.397325509340446
2010-02-03,6.169704908311635
2010-02-04,6.106564340332323
2010-02-05,6.292947043030918
2010-02-06,6.290598189017118
2010-02-07,6.288093584796984
2010-02-08,6.298792435581168
2010-02-09,6.31740488139188
2010-02-10,6.327788215133264
2010-02-11,6.507666643086163
2010-02-12,6.518861367541453
2010-02-13,6.522179825186443
2010-02-14,6.524626781014894
2010-02-15,6.54112857689576
2010-02-16,6.468948451781921
2010-02-17,6.541309012388972
2010-02-18,6.4638179272648495
2010-02-19,6.4488757708693765
2010-02-20,6.441054722786087
2010-02-21,6.432260689534098
2010-02-22,6.435525617545783
2010-02-23,6.435089451320266
2010-02-24,6.390023760428879
2010-02-25,6.400709114950558
2010-02-26,6.400319542188065
2010-02-27,6.449788462961022
2010-02-28,6.532281080233679
2010-03-01,6.503816702969148
2010-03-02,6.584666345229144
2010-03-03,6.5419348252242475
2010-03-04,6.550928414967127
2010-03-05,6.592298420195181
2010-03-06,6.588823976490664
2010-03-07,6.598410831860264
2010-03-08,6.649979342360393
2010-03-09,6.709102564342677
2010-03-10,6.796853061272088
2010-03-11,6.8529664465878914
2010-03-12,6.828690812034934
2010-03-13,6.804484127295622
2010-03-14,6.780934823103648
2010-03-15,6.785933721810802
2010-03-16,6.752329501783128
2010-03-17,6.8035364183197125
2010-03-18,6.824913833666111
2010-03-19,6.756937530330607
2010-03-20,6.725042619368011
2010-03-21,6.707234323994051
2010-03-22,6.715797298911145
2010-03-23,6.7239590907045095
2010-03-24,6.7950763867889545
2010-03-25,6.698766415177902
2010-03-26,6.592321750011139
2010-03-27,6.574591806773434
2010-03-28,6.570069864496982
2010-03-29,6.569773820526829
2010-03-30,6.526091563381664
2010-03-31,6.664873459437365
2010-04-01,6.601938799024961
2010-04-02,6.674031219920121
2010-04-03,6.671046399431566
2010-04-04,6.676796239537332
2010-04-05,6.6677999473569765
2010-04-06,6.6551892291721
2010-04-07,6.635571306081941
2010-04-08,6.653693087379198
2010-04-09,6.641599477099338
2010-04-10,6.646969294150119
2010-04-11,6.659434530604381
2010-04-12,6.7303507084959175
2010-04-13,6.7292226498788805
2010-04-14,6.718527569468145
2010-04-15,6.673911174427773
2010-04-16,6.623875412240985
2010-04-17,6.616502864128681
2010-04-18,6.60471445297354
2010-04-19,6.577707027355243
2010-04-20,6.559515426260177
2010-04-21,6.467355389709278
2010-04-22,6.445478626349903
2010-04-23,6.413965881478289
2010-04-24,6.415893910942733
2010-04-25,6.410565582889193
2010-04-26,6.404252859941187
2010-04-27,6.434959305563578
2010-04-28,6.37086499835257
2010-04-29,6.5466908877400405
2010-04-30,6.625566076593002
2010-05-01,6.398421522611843
2010-05-02,6.4630773487539095
2010-05-03,6.461816923437553
2010-05-04,6.388801015569784
2010-05-05,6.338501654213543
2010-05-06,6.464294560500528
2010-05-07,6.421770460455394
2010-05-08,6.431906797485459
2010-05-09,6.432737097989525
2010-05-10,6.471636698661362
2010-05-11,6.447295682235982
2010-05-12,6.372324641523173
2010-05-13,6.322880085886647
2010-05-14,6.3328814106410345
2010-05-15,6.319262420459495
2010-05-16,6.32016408847403
2010-05-17,6.321636101726794
2010-05-18,6.28876561744312
2010-05-19,6.334389985947063
2010-05-20,6.316674219169505
2010-05-21,6.312582879590648
2010-05-22,6.2935321939643405
2010-05-23,6.308750095860212
2010-05-24,6.359431057016049
2010-05-25,6.370380352127363
2010-05-26,6.426866639715704
2010-05-27,6.440256383573332
2010-05-28,6.379811751606381
2010-05-29,6.365027860320636
2010-05-30,6.353954835301893
2010-05-31,6.366468394476194
2010-06-01,6.2939293639456455
2010-06-02,6.361557125198502
2010-06-03,6.37072979542823
2010-06-04,6.493470775390513
2010-06-05,6.468518089399959
2010-06-06,6.478172093268192
2010-06-07,6.464706823182306
2010-06-08,6.5267407827540165
2010-06-09,6.5891596895327815
2010-06-10,6.742489029240353
2010-06-11,6.739809636480043
2010-06-12,6.701106338841866
2010-06-13,6.674636979789218
2010-06-14,6.724481654241828
2010-06-15,6.753128606179018
2010-06-16,6.741316849698769
2010-06-17,6.911664319843039
2010-06-18,6.6763984537852235
2010-06-19,6.654546015837344
2010-06-20,6.648055586123425
2010-06-21,6.625983762899676
2010-06-22,6.678945229258311
2010-06-23,6.656828995406777
2010-06-24,6.684125848138164
2010-06-25,6.630018268663941
2010-06-26,6.62241408727732
2010-06-27,6.602202903371942
2010-06-28,6.6008530329864685
2010-06-29,6.562627595322488
2010-06-30,6.587177258346805
2010-07-01,6.543856335625811
2010-07-02,6.731040464650519
2010-07-03,6.703816673588879
2010-07-04,6.702165402939821
2010-07-05,6.709116516891141
2010-07-06,6.827679659513294
2010-07-07,6.754904810943115
2010-07-08,6.793349866910081
2010-07-09,6.857122213219824
2010-07-10,6.833452640646838
2010-07-11,6.827065731338752
2010-07-12,6.805256365107643
2010-07-13,6.839776308755528
2010-07-14,6.85276213991461
2010-07-15,6.808697235816664
2010-07-16,6.816072815446926
2010-07-17,6.8095855317200105
2010-07-18,6.7989358506638204
2010-07-19,6.810210101842058
2010-07-20,6.715595288766664
2010-07-21,6.627807371911322
2010-07-22,6.384049782533558
2010-07-23,6.346704339938403
2010-07-24,6.349910940538447
2010-07-25,6.346080789295348
2010-07-26,6.347416349169967
2010-07-27,6.172423807796587
2010-07-28,6.078394988395392
2010-07-29,6.0414501222208745
2010-07-30,5.966333864727032
2010-07-31,6.038847287024881
2010-08-01,5.880016469208098
2010-08-02,5.93542799932981
2010-08-03,5.831968997455063
2010-08-04,5.809541633325426
2010-08-05,5.853000249235594
2010-08-06,5.850438880908168
2010-08-07,5.849745987764977
2010-08-08,5.862727219225254
2010-08-09,5.860100809605791
2010-08-10,5.836396048928568
2010-08-11,5.829554142929034
2010-08-12,5.781575329792155
2010-08-13,5.763974445161753
2010-08-14,5.766318410312479
2010-08-15,5.744866753496729
2010-08-16,5.819064726200855
2010-08-17,5.747653224944772
2010-08-18,5.696737962043982
2010-08-19,5.585990881831255
2010-08-20,5.582002962356123
2010-08-21,5.570475771326769
2010-08-22,5.541378036636981
2010-08-23,5.500577982450851
2010-08-24,5.454598558498668
2010-08-25,5.364363181830804
2010-08-26,5.345381308919295
2010-08-27,5.348791330571894
2010-08-28,5.341382125891003
2010-08-29,5.317784333367513
2010-08-30,5.346194817396778
2010-08-31,5.388243548617776
2010-09-01,5.2662335252842585
2010-09-02,5.309951912003049
2010-09-03,5.34091581957411
2010-09-04,5.3256760034131005
2010-09-05,5.3212795453268305
2010-09-06,5.3323395370559865
2010-09-07,5.229621591203942
2010-09-08,5.255191523878818
2010-09-09,5.244387745192398
2010-09-10,5.245131768484803
2010-09-11,5.255037066271117
2010-09-12,5.228822527323365
2010-09-13,5.283436345337806
2010-09-14,5.097751213771759
2010-09-15,4.873410213459493
2010-09-16,4.9796519921165
2010-09-17,4.905621905448108
2010-09-18,4.906766009738538
2010-09-19,4.90191043770638
2010-09-20,4.871248828364752
2010-09-21,4.833092299906097
2010-09-22,4.729737798937998
2010-09-23,4.763095624634343
2010-09-24,4.266863115730394
2010-09-25,3.959902442984065
2010-09-26,4.056364269091199
2010-09-27,4.073070744513161
2010-09-28,4.083867964929478
2010-09-29,4.085241352203878
2010-09-30,4.0864457962594445
2010-10-01,4.010583609016188
2010-10-02,4.099217045889003
2010-10-03,4.125455000100012
2010-10-04,4.108037863904296
2010-10-05,4.037198619554785
2010-10-06,3.943899207313281
2010-10-07,3.9139640727028233
2010-10-08,3.9403050005636424
2010-10-09,3.957500909486851
2010-10-10,3.9638939857006914
2010-10-11,3.97523304370494
2010-10-12,3.985572128473587
2010-10-13,3.995251706022236
2010-10-14,3.980735170624089
2010-10-15,3.883325055968385
2010-10-16,3.9053601264839246
2010-10-17,3.91815703746219
2010-10-18,3.9069242582071064
2010-10-19,3.970802661143585
2010-10-20,4.005489920531044
2010-10-21,3.940662340560863
2010-10-22,3.9851467953118953
2010-10-23,3.9896727228864464
2010-10-24,4.006299918610246
2010-10-25,4.018431020900119
2010-10-26,4.0485494587849296
2010-10-27,4.065091128207183
2010-10-28,4.083846373618015
2010-10-29,4.065532397375415
2010-10-30,4.0604480755998855
2010-10-31,4.294046460086738
2010-11-01,4.256030535387598
2010-11-02,4.212750865939734
2010-11-03,4.2807101375977785
2010-11-04,4.265965814557472
2010-11-05,4.296283896059714
2010-11-06,4.282871825282096
2010-11-07,4.281395731728563
2010-11-08,4.2383319836640325
2010-11-09,4.120966576998644
2010-11-10,4.148042083805557
2010-11-11,4.107746821423572
2010-11-12,4.089284246947739
2010-11-13,4.100045608773506
2010-11-14,4.10516282281883
2010-11-15,4.137954938781
2010-11-16,4.166498589945406
2010-11-17,4.21650851337216
2010-11-18,4.242355927436708
2010-11-19,4.236843078225602
2010-11-20,4.218559135002431
2010-11-21,4.225989454370919
2010-11-22,4.152035959835899
2010-11-23,4.13485326780552
2010-11-24,4.261352425194686
2010-11-25,4.263790321553729
2010-11-26,4.245611194914061
2010-11-27,4.237879343260785
2010-11-28,4.2540380023703115
2010-11-29,4.2372618808187275
2010-11-30,4.242042803778947
2010-12-01,4.162988026163352
2010-12-02,4.149858827612365
2010-12-03,4.153627365348456
2010-12-04,4.1713839836807365
2010-12-05,4.19189537588145
2010-12-06,4.153819953036903
2010-12-07,3.99531903247311
2010-12-08,3.85966537896238
2010-12-09,3.572655767323006
2010-12-10,3.7949310029779153
2010-12-11,3.828755186557487
2010-12-12,3.858185486755412
2010-12-13,3.8159829373029046
2010-12-14,3.7856807661451626
2010-12-15,3.7097681065583146
2010-12-16,3.6608940882770624
2010-12-17,3.654892452435088
2010-12-18,3.631908242678978
2010-12-19,3.669122754961405
2010-12-20,3.6753590186165055
2010-12-21,3.638284718483469
2010-12-22,3.641060724759976
2010-12-23,3.614323058827314
2010-12-24,3.5848964304118622
2010-12-25,3.6082413615899136
2010-12-26,3.6248516567156006
2010-12-27,3.6231157403940832
2010-12-28,3.651058407806968
2010-12-29,3.652505677336795
2010-12-30,3.64499474044128
2010-12-31,3.6310685940451384
2011-01-01,3.5216189747797695
2011-01-02,3.5521773122094156
2011-01-03,3.556771767925497
2011-01-04,3.534014435242824
2011-01-05,3.5019430483885987
2011-01-06,3.5487829325560605
2011-01-07,3.5778233032028273
2011-01-08,3.569422328605288
2011-01-09,3.565012339129503
2011-01-10,3.5797385369014925
2011-01-11,3.577477688295682
2011-01-12,3.646390741241373
2011-01-13,3.661806880796151
2011-01-14,3.672672300576725
2011-01-15,3.669432361102603
2011-01-16,3.675272097971821
2011-01-17,3.684194896356302
2011-01-18,3.6975814158706566
2011-01-19,3.681411361896504
2011-01-20,3.680454733833816
2011-01-21,3.661654940467254
2011-01-22,3.6508720566524886
2011-01-23,3.648704685014072
2011-01-24,3.657538219063046
2011-01-25,3.6071543450926136
2011-01-26,3.4837523020252323
2011-01-27,3.466956719383235
2011-01-28,3.456283666621185
2011-01-29,3.4400129163560935
2011-01-30,3.463487291686416
2011-01-31,3.5198557735122145
2011-02-01,3.721697734851566
2011-02-02,3.7702318344675465
2011-02-03,3.942870286360516
2011-02-04,3.874022191684124
2011-02-05,3.879795204166265
2011-02-06,3.8817488357368073
2011-02-07,3.8709252657500577
2011-02-08,3.8607022103113575
2011-02-09,3.811562702393073
2011-02-10,3.914185622659175
2011-02-11,3.9043558907500393
2011-02-12,3.92069926736478
2011-02-13,3.8974991160671406
2011-02-14,3.877113974211606
2011-02-15,3.879405200306564
2011-02-16,4.00887217844413
2011-02-17,4.001845166685982
2011-02-18,3.95487308450547
2011-02-19,3.934798906194021
2011-02-20,3.954933303931292
2011-02-21,3.969035883606508
2011-02-22,3.872698928949431
2011-02-23,3.992530982691042
2011-02-24,3.789983331725201
2011-02-25,3.790226977436963
2011-02-26,3.763391004204036
2011-02-27,3.746915642035781
2011-02-28,3.839498508254118
2011-03-01,3.748213345236157
2011-03-02,3.820086311987755
2011-03-03,3.734580275243343
2011-03-04,3.685582196882625
2011-03-05,3.7076199696647567
2011-03-06,3.717617004631816
2011-03-07,3.65774503956462
2011-03-08,3.5105240206504345
2011-03-09,3.472696645605482
2011-03-10,3.3459433462363677
2011-03-11,3.4148017918720504
2011-03-12,3.449933689917249
2011-03-13,3.442071297832862
2011-03-14,3.511602875755983
2011-03-15,3.4977150501018492
2011-03-16,3.5105256181212336
2011-03-17,3.448526623018667
2011-03-18,3.5559493082099087
2011-03-19,3.539066003107576
2011-03-20,3.563558736164254
2011-03-21,3.5542218963529626
2011-03-22,3.509070646785895
2011-03-23,3.4817824365331456
2011-03-24,3.4840732734429207
2011-03-25,3.46301793985122
2011-03-26,3.4729203586826234
2011-03-27,3.535581972898931
2011-03-28,3.517401737021156
2011-03-29,3.572406565683768
2011-03-30,3.6124473822027894
2011-03-31,3.607185001184094
2011-04-01,3.565564626926477
2011-04-02,3.6156835504861298
2011-04-03,3.6153496655249606
2011-04-04,3.629988981505919
2011-04-05,3.6592314066387632
2011-04-06,3.67184255263241
2011-04-07,3.668968940919054
2011-04-08,3.6705757292001473
2011-04-09,3.6547052942193696
2011-04-10,3.654517190732987
2011-04-11,3.661911861548387
2011-04-12,3.6929356160703777
2011-04-13,3.707921556990418
2011-04-14,3.7264539505015417
2011-04-15,3.6878131792240714
2011-04-16,3.690046109263218
2011-04-17,3.683136408080273
2011-04-18,3.658400429374503
2011-04-19,3.486631555842312
2011-04-20,3.694029740335937
2011-04-21,3.846474138841925
2011-04-22,3.828940782351313
2011-04-23,3.8288319548381784
2011-04-24,3.8881955131087578
2011-04-25,3.905357310299943
2011-04-26,3.850737258016717
2011-04-27,4.057019791239259
2011-04-28,4.012102603067403
2011-04-29,4.0091527139876275
2011-04-30,4.011169171334849
2011-05-01,3.8885553791768825
2011-05-02,3.922928580030457
2011-05-03,3.879768526881773
2011-05-04,3.845654459628355
2011-05-05,3.840943312700005
2011-05-06,3.858534467346928
2011-05-07,3.8357508439171855
2011-05-08,3.803639832032865
2011-05-09,3.787829700472081
2011-05-10,3.788154742207564
2011-05-11,3.8194288816286512
2011-05-12,3.8581852132489383
2011-05-13,3.887886132894736
2011-05-14,3.87345773020944
2011-05-15,3.8715387889333455
2011-05-16,3.8701925193875626
2011-05-17,3.869742912237677
2011-05-18,3.951558083281485
2011-05-19,3.951862060847142
2011-05-20,3.93644543512357
2011-05-21,3.910036235691068
2011-05-22,3.907918981789224
2011-05-23,3.9424860796110752
2011-05-24,3.911735252206919
2011-05-25,4.079577696542181
2011-05-26,4.062739061748731
2011-05-27,4.083886967221092
2011-05-28,4.09445380253375
2011-05-29,4.0821733511209
2011-05-30,4.122200151549225
2011-05-31,4.122482571353146
2011-06-01,4.174308660882058
2011-06-02,4.136580539025731
2011-06-03,4.0574459090183215
2011-06-04,4.0557429438261785
2011-06-05,4.068554647295629
2011-06-06,4.074213879281432
2011-06-07,4.04697136332009
2011-06-08,4.05616387854387
2011-06-09,3.976864136986795
2011-06-10,3.975952447537552
2011-06-11,3.992776021901027
2011-06-12,3.999784625310203
2011-06-13,3.956230856552378
2011-06-14,3.858572190003444
2011-06-15,3.776208445188273
2011-06-16,3.627793571534113
2011-06-17,3.6569136349681015
2011-06-18,3.6782093771074016
2011-06-19,3.691700335220108
2011-06-20,3.774716569290272
2011-06-21,3.8317437051498544
2011-06-22,4.120389800826394
2011-06-23,4.092411378334468
2011-06-24,3.8786249808856263
2011-06-25,3.9093237430829992
2011-06-26,3.908147346966273
2011-06-27,3.8844982747081263
2011-06-28,3.8561068343541742
2011-06-29,3.8024820374040034
2011-06-30,3.648839002735066
2011-07-01,3.671215088683773
2011-07-02,3.705667866275935
2011-07-03,3.7043567151031263
2011-07-04,3.685236773112023
2011-07-05,3.808606668614421
2011-07-06,3.7848211540858454
2011-07-07,3.835547267376025
2011-07-08,3.829662917578494
2011-07-09,3.8479128191264342
2011-07-10,3.846809168883725
2011-07-11,3.850670128232286
2011-07-12,3.799791293799892
2011-07-13,3.7954116443153056
2011-07-14,3.773600407158797
2011-07-15,3.7719600773575057
2011-07-16,3.804389250760555
2011-07-17,3.6340617916272553
2011-07-18,3.6808688559852873
2011-07-19,3.6625330439722408
2011-07-20,3.607107699479645
2011-07-21,3.7198764579750625
2011-07-22,3.6852178444283648
2011-07-23,3.700300454190151
2011-07-24,3.711863230976732
2011-07-25,3.747883480783118
2011-07-26,3.5817479835568222
2011-07-27,3.5264178538755493
2011-07-28,3.311591416457643
2011-07-29,3.2782562230097496
2011-07-30,3.2690170446198037
2011-07-31,3.374521825815478
2011-08-01,3.266360347793425
2011-08-02,3.187826699536707
2011-08-03,3.216072076189917
2011-08-04,3.1899152337509005
2011-08-05,3.225705720724789
2011-08-06,3.201964515680397
2011-08-07,3.2045186407113957
2011-08-08,3.173356080312504
2011-08-09,3.1775987506146204
2011-08-10,3.190835933086184
2011-08-11,3.2339290107650225
2011-08-12,3.2368973823810134
2011-08-13,3.246320799901381
2011-08-14,3.2528915801462515
2011-08-15,3.215242865818014
2011-08-16,3.1530982100983724
2011-08-17,3.020478728631947
2011-08-18,3.0452799726950945
2011-08-19,3.051845700156377
2011-08-20,3.064829453084033
2011-08-21,3.0645715786604635
2011-08-22,3.0620392064344464
2011-08-23,3.032328336544622
2011-08-24,2.9711651493971156
2011-08-25,2.9714674855000167
2011-08-26,2.9838157154042197
2011-08-27,2.989553059200115
2011-08-28,3.000497336764521
2011-08-29,2.9781411632829164
2011-08-30,2.936901198252509
2011-08-31,2.8934550666184347
2011-09-01,2.856505020998838
2011-09-02,2.848434752883897
2011-09-03,2.861977061756832
2011-09-04,2.851541379061273
2011-09-05,2.840682648767952
2011-09-06,2.8854061170992926
2011-09-07,2.9382368928995537
2011-09-08,2.93384898577991
2011-09-09,2.9963269603897875
2011-09-10,3.0121725484229307
2011-09-11,3.0182046591664773
2011-09-12,3.0156969156441975
2011-09-13,2.976488594088553
2011-09-14,2.966426630554917
2011-09-15,2.904772330053418
2011-09-16,2.8693810883823745
2011-09-17,2.96683913623568
2011-09-18,2.9615097555586627
2011-09-19,2.9414294055319794
2011-09-20,2.8264680006911815
2011-09-21,2.83098222339765
2011-09-22,2.8066529715515296
2011-09-23,2.8189869083231027
2011-09-24,2.8118602138832736
2011-09-25,2.815511863680997
2011-09-26,2.795343453894613
2011-09-27,2.7513289540196837
2011-09-28,2.7862355890794595
2011-09-29,2.8281594033228035
2011-09-30,2.8182805388376315
2011-10-01,2.795786238607595
2011-10-02,2.812457732783093
2011-10-03,2.8040098548178243
2011-10-04,2.7747219596848587
2011-10-05,2.7226203627747463
2011-10-06,2.6930349756488643
2011-10-07,2.7041772285346393
2011-10-08,2.706425360369228
2011-10-09,2.7085057383880184
2011-10-10,2.720600286068367
2011-10-11,2.7066986844859837
2011-10-12,2.707739547429638
2011-10-13,2.722805374642338
2011-10-14,2.745339780770015
2011-10-15,2.742712032409717
2011-10-16,2.7405371697177996
2011-10-17,2.7365995174363333
2011-10-18,2.649115179504725
2011-10-19,2.6187059203868572
2011-10-20,2.5214001551030054
2011-10-21,2.480551668085462
2011-10-22,2.4712764146404353
2011-10-23,2.4679887026597314
2011-10-24,2.302488154124525
2011-10-25,2.2689069222221616
2011-10-26,2.124545207123392
2011-10-27,2.013288482952413
2011-10-28,2.044689941651938
2011-10-29,2.042195961913434
2011-10-30,2.0499224542135295
2011-10-31,1.9945158338779363
2011-11-01,1.8675956084285223
2011-11-02,1.7223037739299532
2011-11-03,1.587851870448619
2011-11-04,1.5062786090163611
2011-11-05,1.4976481363620633
2011-11-06,1.4973509076482605
2011-11-07,1.467212469386762
2011-11-08,1.4984121368228531
2011-11-09,1.4870244899081522
2011-11-10,1.442250452271781
2011-11-11,1.4336574036088665
2011-11-12,1.432784778989013
2011-11-13,1.419731094204414
2011-11-14,1.3710188622935706
2011-11-15,1.3497997051769055
2011-11-16,1.2849695315319565
2011-11-17,1.2693778955659545
2011-11-18,1.2582842168797073
2011-11-19,1.2595229663242553
2011-11-20,1.2657536297288916
2011-11-21,1.195984519471252
2011-11-22,0.9819214499241642
2011-11-23,0.9450563881415036
2011-11-24,0.9596558986971666
2011-11-25,0.9559773585317816
2011-11-26,0.9659345063147692
2011-11-27,0.9621351090870736
2011-11-28,0.9504038819204984
2011-11-29,0.937633601962688
2011-11-30,0.8801547366014006
2011-12-01,0.9636502325416164
2011-12-02,0.9270155200173298
2011-12-03,0.9229863262708378
2011-12-04,0.9102677500743894
2011-12-05,0.9324896689745904
2011-12-06,0.9636478166978356
2011-12-07,1.0115582298269676
2011-12-08,1.251515517283279
2011-12-09,1.2340216054611814
2011-12-10,1.205644160439203
2011-12-11,1.1920631527150851
2011-12-12,1.1870919732771643
2011-12-13,1.347093976351064
2011-12-14,1.3857186996895272
2011-12-15,1.492485710125116
2011-12-16,1.44570711894769
2011-12-17,1.4238346683274454
2011-12-18,1.3973568616430956
2011-12-19,1.3811237465728852
2011-12-20,1.3776794168697466
2011-12-21,1.3522320001565995
2011-12-22,1.2856496070988157
2011-12-23,1.2700609632807691
2011-12-24,1.277580025125303
2011-12-25,1.2767528338578285
2011-12-26,1.2530071204731836
2011-12-27,1.2355545813551403
2011-12-28,1.2128211809831555
2011-12-29,1.1839375163055608
2011-12-30,1.2029016636714356
2011-12-31,1.2016699526845829
2012-01-01,1.23687251116052
2012-01-02,1.256902164454036
2012-01-03,1.2581850700481043
2012-01-04,1.2384629110943233
2012-01-05,1.3143781628308528
2012-01-06,1.2993604912427978
2012-01-07,1.2878285865635897
2012-01-08,1.28750508381147
2012-01-09,1.286475302345386
2012-01-10,1.2865699951422287
2012-01-11,1.3614729958163772
2012-01-12,1.3280897818532973
2012-01-13,1.317365364113952
2012-01-14,1.314127622784489
2012-01-15,1.304188965701078
2012-01-16,1.28454285638668
2012-01-17,1.2642255261328414
2012-01-18,1.247872307733172
2012-01-19,1.230856579154286
2012-01-20,1.2272289287827711
2012-01-21,1.2252637440799805
2012-01-22,1.2304084706840968
2012-01-23,1.2333549781521105
2012-01-24,1.3178007010427335
2012-01-25,1.3540567402123826
2012-01-26,1.2858905071091686
2012-01-27,1.2437774000617634
2012-01-28,1.2353818928139686
2012-01-29,1.2356022929285977
2012-01-30,1.2523660348459238
2012-01-31,1.3086525250485714
2012-02-01,1.2498062965845045
2012-02-02,1.3033753927017002
2012-02-03,1.2883394911686692
2012-02-04,1.284075337350821
2012-02-05,1.2709245911890454
2012-02-06,1.2420901994142282
2012-02-07,1.1823073313796857
2012-02-08,1.1170281965031856
2012-02-09,1.1194639194080829
2012-02-10,1.113869222491371
2012-02-11,1.1138006092205024
2012-02-12,1.1175769142920289
2012-02-13,1.1096796335029506
2012-02-14,1.144566411794799
2012-02-15,1.1063959796257734
2012-02-16,1.0634816174202597
2012-02-17,1.066278041586317
2012-02-18,1.094312419487269
2012-02-19,1.0880664147829209
2012-02-20,1.0794969540956985
2012-02-21,1.0746645764766931
2012-02-22,1.082732861131848
2012-02-23,1.0326129486543536
2012-02-24,1.0330733897836553
2012-02-25,1.0099096345091831
2012-02-26,1.00576722350163
2012-02-27,0.98107403369364
2012-02-28,0.9999126627322716
2012-02-29,0.9972682849029664
2012-03-01,0.957744767601714
2012-03-02,0.9142127556640056
2012-03-03,0.9186179592842024
2012-03-04,0.9180028813724002
2012-03-05,0.9100047463944037
2012-03-06,0.8183288239106532
2012-03-07,0.7526145215739997
2012-03-08,0.7552085430201658
2012-03-09,0.7461091334000645
2012-03-10,0.7682325220857331
2012-03-11,0.7735006369572468
2012-03-12,0.7918748746431485
2012-03-13,0.7621469378102408
2012-03-14,0.7772841350329265
2012-03-15,0.6503521464675521
2012-03-16,0.6213804297879832
2012-03-17,0.6574393237823224
2012-03-18,0.6702190081569319
2012-03-19,0.6243109221276395
2012-03-20,0.5725603095999441
2012-03-21,0.5599104172590388
2012-03-22,0.5899283539180407
2012-03-23,0.6267230553018233
2012-03-24,0.5615498745953889
2012-03-25,0.5646873630795168
2012-03-26,0.5681226108954793
2012-03-27,0.5930417887335664
2012-03-28,0.584699524809488
2012-03-29,0.5984522212477468
2012-03-30,0.6013195633404842
2012-03-31,0.6016808304944843
2012-04-01,0.6577907671021097
2012-04-02,0.6320773959626638
2012-04-03,0.6452046219231384
2012-04-04,0.6594023590037645
2012-04-05,0.6330268946801554
2012-04-06,0.6378635483684647
2012-04-07,0.6311369559811864
2012-04-08,0.6384200762703265
2012-04-09,0.692218384150717
2012-04-10,0.694709822742702
2012-04-11,0.5578515456749589
2012-04-12,0.6064250009740784
2012-04-13,0.6197528664215315
2012-04-14,0.6103109467179335
2012-04-15,0.6040792647926945
2012-04-16,0.5941755937667543
2012-04-17,0.7280555464198388
2012-04-18,0.7555191438822491
2012-04-19,0.7616979156035364
2012-04-20,0.7690354679128999
2012-04-21,0.7766213116711327
2012-04-22,0.7778270223239987
2012-04-23,0.7672764666047225
2012-04-24,0.9035414451813152
2012-04-25,0.9971328465212732
2012-04-26,0.9584648517294512
2012-04-27,0.9623053805953244
2012-04-28,0.970892276262696
2012-04-29,0.9675442581442024
2012-04-30,0.9712077074044908
2012-05-01,1.159869681228149
2012-05-02,1.19144073752989
2012-05-03,1.1881823577367996
2012-05-04,1.2161560385642047
2012-05-05,1.2305398128289604
2012-05-06,1.2337702670330832
2012-05-07,1.2352848998949415
2012-05-08,1.2745421035273543
2012-05-09,1.3148319830382311
2012-05-10,1.3873227004727635
2012-05-11,1.453143902710663
2012-05-12,1.4569596099218898
2012-05-13,1.4625212831745242
2012-05-14,1.4479635643046576
2012-05-15,1.479918581465868
2012-05-16,1.5383662862529588
2012-05-17,1.5571144160333037
2012-05-18,1.5572514696433086
2012-05-19,1.547488404781623
2012-05-20,1.5431203433991043
2012-05-21,1.5342542738623997
2012-05-22,1.5167981931085712
2012-05-23,1.51597962267984
2012-05-24,1.5222738691057671
2012-05-25,1.5435685245707662
2012-05-26,1.550824231703926
2012-05-27,1.5499737552743418
2012-05-28,1.541646298798858
2012-05-29,1.5417347549175404
2012-05-30,1.5281870813782206
2012-05-31,1.5251445816011815
2012-06-01,1.5504439045580258
2012-06-02,1.5527293642468116
2012-06-03,1.5602070306818283
2012-06-04,1.560322000786022
2012-06-05,1.5195203872856702
2012-06-06,1.5244468032839804
2012-06-07,1.482235782986944
2012-06-08,1.4399292273277151
2012-06-09,1.460613124930746
2012-06-10,1.4576432283283445
2012-06-11,1.4364129937021324
2012-06-12,1.4094286006762338
2012-06-13,1.3604319156995726
2012-06-14,1.2627501803255607
2012-06-15,1.2974945179430366
2012-06-16,1.3135542155064364
2012-06-17,1.3213300568475923
2012-06-18,1.2911827506375209
2012-06-19,1.3286503311802909
2012-06-20,1.300978900333082
2012-06-21,1.2962704573537684
2012-06-22,1.3576881430562564
2012-06-23,1.3583191883886585
2012-06-24,1.359293282785203
2012-06-25,1.3555035962271826
2012-06-26,1.3488676023474702
2012-06-27,1.372328261903455
2012-06-28,1.29669454883606
2012-06-29,1.3232762062404355
2012-06-30,1.3132566823977878
2012-07-01,1.3376437769938136
2012-07-02,1.3193611402887582
2012-07-03,1.3098180259723884
2012-07-04,1.170440862983542
2012-07-05,1.2424916724848825
2012-07-06,1.2884060426315034
2012-07-07,1.283121728134461
2012-07-08,1.2828091137300095
2012-07-09,1.2991138507615876
2012-07-10,1.308587183117521
2012-07-11,1.3073856809087328
2012-07-12,1.44332689033359
2012-07-13,1.421557720382733
2012-07-14,1.4932523269513251
2012-07-15,1.4621662567777944
2012-07-16,1.4787501314659155
2012-07-17,1.3631913465912306
2012-07-18,1.3284920994595943
2012-07-19,1.2882720542595814
2012-07-20,1.2351588250604713
2012-07-21,1.215595807930177
2012-07-22,1.2088551521807922
2012-07-23,1.1723631225377984
2012-07-24,1.1954465031900432
2012-07-25,1.1783995008002024
2012-07-26,1.2408076130252412
2012-07-27,1.272088222703262
2012-07-28,1.2636815263424304
2012-07-29,1.2722949675809885
2012-07-30,1.2657812619855169
2012-07-31,1.2030797828887292
2012-08-01,1.0604974522113215
2012-08-02,1.0641104717572256
2012-08-03,1.076283930650114
2012-08-04,1.0677883015094722
2012-08-05,1.0692989867862637
2012-08-06,1.0596425810703962
2012-08-07,0.8885887655815146
2012-08-08,0.8131504014848532
2012-08-09,0.7567824079332992
2012-08-10,0.7443770064445658
2012-08-11,0.7431698035606624
2012-08-12,0.7384440163845414
2012-08-13,0.739439818104014
2012-08-14,0.7182447653499497
2012-08-15,0.7487320030212741
2012-08-16,0.7732092987232568
2012-08-17,0.7739235056250908
2012-08-18,0.7635464749230896
2012-08-19,0.7579032090750795
2012-08-20,0.7703110495930798
2012-08-21,0.7636344447621934
2012-08-22,0.8056706768301727
2012-08-23,0.8129793315259144
2012-08-24,0.8053626497788173
2012-08-25,0.7951597684329219
2012-08-26,0.7799701484082007
2012-08-27,0.8320609139672976
2012-08-28,0.8503982066724174
2012-08-29,0.8651722111119244
2012-08-30,0.8287386280129909
2012-08-31,0.8364037302578935
2012-09-01,0.8760650364355509
2012-09-02,0.856385994503853
2012-09-03,0.8682391401615985
2012-09-04,0.997546202305272
2012-09-05,0.8753448073149415
2012-09-06,0.8037322664170052
2012-09-07,0.845712240521211
2012-09-08,0.8437887099090517
2012-09-09,0.8450843637748404
2012-09-10,0.8553327199520966
2012-09-11,0.868306929168575
2012-09-12,0.7526269210667305
2012-09-13,0.7561657508281527
2012-09-14,0.7620343299694872
2012-09-15,0.7767635189297253
2012-09-16,0.7766254192887274
2012-09-17,0.7538059283719187
2012-09-18,0.8403165178210372
2012-09-19,0.8967326457402327
2012-09-20,0.8709458526796632
2012-09-21,0.872889400817906
2012-09-22,0.8718993164658426
2012-09-23,0.8686392442701765
2012-09-24,0.860560609004372
2012-09-25,0.8673253134907015
2012-09-26,0.8797959249857499
2012-09-27,0.9034529311644826
2012-09-28,0.8930431137954187
2012-09-29,0.8942612968672203
2012-09-30,0.8936687624105968
2012-10-01,0.9279775628633604
2012-10-02,0.9138849999691736
2012-10-03,0.925527645026012
2012-10-04,0.9097852909428936
2012-10-05,0.9170880025931574
2012-10-06,0.9158274462912022
2012-10-07,0.9039419168597262
2012-10-08,0.9032106647987852
2012-10-09,0.8848360689014829
2012-10-10,0.876328737484571
2012-10-11,0.8887145251759467
2012-10-12,0.8905829136231471
2012-10-13,0.8944660190637548
2012-10-14,0.8943846570798442
2012-10-15,0.8860199099772688
2012-10-16,0.8761426442447071
2012-10-17,0.93929852845088
2012-10-18,0.9702007251497078
2012-10-19,1.0056344813245446
2012-10-20,0.9976442493133616
2012-10-21,1.003068354855524
2012-10-22,1.1189516101935124
2012-10-23,1.0575343568279434
2012-10-24,1.0534505655914246
2012-10-25,1.123346467578967
2012-10-26,1.2360921456261151
2012-10-27,1.2271588037009042
2012-10-28,1.213443725925542
2012-10-29,1.2376019645116707
2012-10-30,1.347118889023816
2012-10-31,1.4257146772971463
2012-11-01,1.592364612782263
2012-11-02,1.6147932949053254
2012-11-03,1.6080330731776111
2012-11-04,1.6126952378630346
2012-11-05,1.665344754411034
2012-11-06,1.750528681623694
2012-11-07,1.7744974229916508
2012-11-08,1.6959139779355448
2012-11-09,1.7149933473028978
2012-11-10,1.7251982999670017
2012-11-11,1.7030370486772486
2012-11-12,1.7033908111034104
2012-11-13,1.711843639751762
2012-11-14,1.661572060919383
2012-11-15,1.6432317144758946
2012-11-16,1.653013702300481
2012-11-17,1.643931376283457
2012-11-18,1.6511197752489353
2012-11-19,1.6562460660799283
2012-11-20,1.704764581659036
2012-11-21,1.653369561392349
2012-11-22,1.6353235460415496
2012-11-23,1.641658065701854
2012-11-24,1.6413612768977526
2012-11-25,1.6411564308884563
2012-11-26,1.6294027780483933
2012-11-27,1.625614885835977
2012-11-28,1.6132443643974053
2012-11-29,1.624745185879413
2012-11-30,1.6154627867941729
2012-12-01,1.6473225858455691
2012-12-02,1.629144054059768
2012-12-03,1.621897802181274
2012-12-04,1.5998138494356346
2012-12-05,1.6060463576949129
2012-12-06,1.6200373199558558
2012-12-07,1.6683423116282443
2012-12-08,1.6697790992479566
2012-12-09,1.6659441391584584
2012-12-10,1.669358803189519
2012-12-11,1.7616080111064816
2012-12-12,1.8341030749785427
2012-12-13,1.9626524833664416
2012-12-14,1.9641161829742175
2012-12-15,1.9390036915349889
2012-12-16,1.930275076344785
2012-12-17,1.916782415856048
2012-12-18,1.9869541659329952
2012-12-19,1.9789060442791544
2012-12-20,2.012525425319775
2012-12-21,2.0182929670757224
2012-12-22,2.0101609522995245
2012-12-23,2.00362626194591
2012-12-24,2.0399695950320895
2012-12-25,2.0534398371704645
2012-12-26,2.057364038350982
2012-12-27,2.049720443622661
2012-12-28,2.030133071826106
2012-12-29,2.025358167866573
2012-12-30,2.0241006500901526
2012-12-31,2.0318827551720053
2013-01-01,2.061689564302492
2013-01-02,2.0698549641726944
2013-01-03,2.0964970737830195
2013-01-04,2.0893728086129326
2013-01-05,2.0849582671462095
2013-01-06,2.086238440455129
2013-01-07,2.077560024535822
2013-01-08,2.0920006473043533
2013-01-09,2.121093696563023
2013-01-10,2.1064783266501603
2013-01-11,2.092107568808552
2013-01-12,2.093054903294639
2013-01-13,2.0900065402044055
2013-01-14,2.0862676243896696
2013-01-15,2.058770480125584
2013-01-16,2.035585722222701
2013-01-17,2.0736777915267206
2013-01-18,2.104123526138615
2013-01-19,2.0956274909823183
2013-01-20,2.0960214435695788
2013-01-21,2.0898553030755074
2013-01-22,2.0504315492446605
2013-01-23,2.0804742976354484
2013-01-24,2.0587663606882862
2013-01-25,2.0533057986120324
2013-01-26,2.0609832546115148
2013-01-27,2.0622430360494852
2013-01-28,2.045661670629747
2013-01-29,2.0884238951974883
2013-01-30,2.164894118984722
2013-01-31,2.1510895831303647
2013-02-01,2.1633185313641516
2013-02-02,2.141506748655095
2013-02-03,2.134464514312284
2013-02-04,2.06422675717984
2013-02-05,2.0824651447023075
2013-02-06,2.078350711714747
2013-02-07,2.1072086451752567
2013-02-08,2.106979591545902
2013-02-09,2.1131836984202543
2013-02-10,2.1172624867890644
2013-02-11,2.093942486397613
2013-02-12,2.1330065827585845
2013-02-13,2.1389987034134355
2013-02-14,2.0360012704349493
2013-02-15,2.0666851523890237
2013-02-16,2.072581389805654
2013-02-17,2.076755003365156
2013-02-18,2.0736230136365315
2013-02-19,2.077537442411759
2013-02-20,1.966703729322776
2013-02-21,1.9134001162721677
2013-02-22,1.935311468085847
2013-02-23,1.9452076603611297
2013-02-24,1.9063027533126573
2013-02-25,1.8625895891281905
2013-02-26,1.884767683276388
2013-02-27,1.8806272533240924
2013-02-28,1.8638600734878377
2013-03-01,1.8724597867788115
2013-03-02,1.8502074467460417
2013-03-03,1.84826057614461
2013-03-04,1.8603912822587296
2013-03-05,1.8852573001720505
2013-03-06,1.926185355030064
2013-03-07,1.9340164054946507
2013-03-08,1.9867761985167651
2013-03-09,1.9639812714310425
2013-03-10,1.956718259554802
2013-03-11,2.082050101936727
2013-03-12,2.131510852016217
2013-03-13,2.2057349137522517
2013-03-14,2.396529565287915
2013-03-15,2.219516851694033
2013-03-16,2.170436862712252
2013-03-17,2.144701265697783
2013-03-18,2.1276421174732576
2013-03-19,2.209743713777307
2013-03-20,2.2806667375555656
2013-03-21,2.367228929821384
2013-03-22,2.395870424835124
2013-03-23,2.3785336828622548
2013-03-24,2.354878394446257
2013-03-25,2.3598807916870777
2013-03-26,2.3130935280553304
2013-03-27,2.2572649283852884
2013-03-28,2.2600208321500723
2013-03-29,2.248439737385943
2013-03-30,2.2550567160560844
2013-03-31,2.263170656057751
2013-04-01,2.3139657468410757
2013-04-02,2.3001024599083855
2013-04-03,2.281958514080931
2013-04-04,2.289091246859311
2013-04-05,2.280527284671929
2013-04-06,2.279073878731225
2013-04-07,2.2804597229223886
2013-04-08,2.329677311802248
2013-04-09,2.406395661197041
2013-04-10,2.3812128711527554
2013-04-11,2.3652806362896466
2013-04-12,2.3604315594777967
2013-04-13,2.354924932612793
2013-04-14,2.3475441315316816
2013-04-15,2.316440442007441
2013-04-16,2.2896770403534976
2013-04-17,2.229778753474582
2013-04-18,2.348132012138054
2013-04-19,2.3976686542811745
2013-04-20,2.400629369233676
2013-04-21,2.408451518176008
2013-04-22,2.4026652846765555
2013-04-23,2.514114704409053
2013-04-24,2.595126114922464
2013-04-25,2.6259782810993566
2013-04-26,2.6771595003732065
2013-04-27,2.6725211449478614
2013-04-28,2.663443599071826
2013-04-29,2.6549041227047936
2013-04-30,2.7681479543173313
2013-05-01,2.8748690683962144
2013-05-02,3.016881088103103
2013-05-03,3.0390500508716576
2013-05-04,3.0320164081094028
2013-05-05,3.019862883602338
2013-05-06,3.015262345197316
2013-05-07,3.05741981950061
2013-05-08,3.0960233736793445
2013-05-09,3.079331747993492
2013-05-10,3.097663567032511
2013-05-11,3.106730954661715
2013-05-12,3.1032612808818234
2013-05-13,3.1172846680094164
2013-05-14,3.109241838334073
2013-05-15,3.0688490905679835
2013-05-16,3.1225650639346227
2013-05-17,3.1213011893127476
2013-05-18,3.124136051981388
2013-05-19,3.1226054359505175
2013-05-20,3.125872163080869
2013-05-21,3.205998951309768
2013-05-22,3.218467303342731
2013-05-23,3.1987186124775833
2013-05-24,3.2041898321878852
2013-05-25,3.2045168554322268
2013-05-26,3.2170251522848083
2013-05-27,3.1979851640230077
2013-05-28,3.1749443432886912
2013-05-29,3.148808403311675
2013-05-30,3.1627481195517917
2013-05-31,3.1629142084879533
2013-06-01,3.159694690257
2013-06-02,3.159284029984448
2013-06-03,3.145748916566031
2013-06-04,3.138649966557785
2013-06-05,3.105270271213482
2013-06-06,3.021658197861195
2013-06-07,2.976250443706546
2013-06-08,2.9995376950895927
2013-06-09,3.0111254833487715
2013-06-10,2.996204001458882
2013-06-11,2.9192764057564453
2013-06-12,2.908175911000964
2013-06-13,2.9928651532805826
2013-06-14,3.0562483214209486
2013-06-15,3.059544120675959
2013-06-16,3.0571850605734765
2013-06-17,3.0589660687264497
2013-06-18,3.0344975191924637
2013-06-19,3.108378637704552
2013-06-20,2.962505423697148
2013-06-21,2.9808588721684526
2013-06-22,2.9855752837402236
2013-06-23,2.9823224625548503
2013-06-24,3.000306340653676
2013-06-25,3.007142632102238
2013-06-26,3.120798639461226
2013-06-27,3.1275905649277513
2013-06-28,3.147468644017123
2013-06-29,3.1427693151090583
2013-06-30,3.1382471660720057
2013-07-01,3.118931019050086
2013-07-02,3.0966752527235117
2013-07-03,3.0821484803522536
2013-07-04,3.1382937826913797
2013-07-05,3.135810934209901
2013-07-06,3.108055586589763
2013-07-07,3.1065392848252413
2013-07-08,3.108867739312064
2013-07-09,3.055526398385127
2013-07-10,3.014783013502227
2013-07-11,3.027044643417101
2013-07-12,3.03480412811682
2013-07-13,3.0463823512832016
2013-07-14,3.0498735665218772
2013-07-15,3.0768279613904665
2013-07-16,3.267895393439303
2013-07-17,3.254694559315485
2013-07-18,3.306107727657853
2013-07-19,3.3402468998898893
2013-07-20,3.3338868152860948
2013-07-21,3.334317355101146
2013-07-22,3.3393184792967925
2013-07-23,3.249283942216949
2013-07-24,3.2932616658611034
2013-07-25,3.2499157714529554
2013-07-26,3.2756760148538655
2013-07-27,3.28145627950136
2013-07-28,3.284956078776403
2013-07-29,3.3178354064652824
2013-07-30,3.3105601667983633
2013-07-31,3.3116965562178615
2013-08-01,3.218252292538877
2013-08-02,3.178546634471082
2013-08-03,3.185647920440744
2013-08-04,3.1877310061980486
2013-08-05,3.178417701031153
2013-08-06,3.2194799652510335
2013-08-07,3.205015292543677
2013-08-08,3.280551129134986
2013-08-09,3.3927484562218195
2013-08-10,3.4055930802325864
2013-08-11,3.414675576053821
2013-08-12,3.402874206982321
2013-08-13,3.385043833247449
2013-08-14,3.4096301192170273
2013-08-15,3.4150141353420516
2013-08-16,3.4460444502227565
2013-08-17,3.4428383669505367
2013-08-18,3.444846440309081
2013-08-19,3.4315499786767987
2013-08-20,3.418978543257162
2013-08-21,3.423588039842346
2013-08-22,3.431397157274409
2013-08-23,3.428151736531114
2013-08-24,3.4273486819291055
2013-08-25,3.4192845093283726
2013-08-26,3.4043943244059305
2013-08-27,3.4030937856680925
2013-08-28,3.4192649515177096
2013-08-29,3.3953346526726045
2013-08-30,3.383608758654803
2013-08-31,3.391936627352681
2013-09-01,3.376582208634847
2013-09-02,3.3807639341845137
2013-09-03,3.365593141290219
2013-09-04,3.3082461040354616
2013-09-05,3.2037470051746193
2013-09-06,3.2090141213903935
2013-09-07,3.2292657915076446
2013-09-08,3.2369637090700216
2013-09-09,3.2381897424506634
2013-09-10,3.0707721067274796
2013-09-11,3.0634227917397405
2013-09-12,3.1309751952780545
2013-09-13,3.0777510285753378
2013-09-14,3.0871703760822133
2013-09-15,3.105914353199224
2013-09-16,3.11198040648105
2013-09-17,3.140065275738827
2013-09-18,3.0934708133838527
2013-09-19,3.0101901930605335
2013-09-20,3.0508127688918623
2013-09-21,3.0509619596775046
2013-09-22,3.0534416849992745
2013-09-23,3.0332884911490963
2013-09-24,3.021970999828796
2013-09-25,2.9830468486661155
2013-09-26,2.9337154847270903
2013-09-27,2.890748042338959
2013-09-28,2.8939635523046787
2013-09-29,2.8960009395217825
2013-09-30,2.8917181891296906
2013-10-01,2.8907232412525716
2013-10-02,2.8288473141274784
2013-10-03,2.8236136788929356
2013-10-04,2.8359778551161106
2013-10-05,2.83377618592935
2013-10-06,2.833641009565599
2013-10-07,2.833835848645409
2013-10-08,2.8376288014835196
2013-10-09,2.8426587058708837
2013-10-10,2.8364606928300264
2013-10-11,2.8418408499226784
2013-10-12,2.8443863513486582
2013-10-13,2.835832853787573
2013-10-14,2.8521410792792503
2013-10-15,2.809916344219169
2013-10-16,2.784019818768428
2013-10-17,3.0031871911362735
2013-10-18,2.970536178948439
2013-10-19,2.968599551898105
2013-10-20,2.9705247071792855
2013-10-21,2.997179555294533
2013-10-22,3.091328778121961
2013-10-23,3.101175145829125
2013-10-24,3.183247653071257
2013-10-25,3.191354746942931
2013-10-26,3.200320202155472
2013-10-27,3.204345553895194
2013-10-28,3.1650843234146
2013-10-29,3.167705510186275
2013-10-30,3.2115569799250845
2013-10-31,3.201820859636523
2013-11-01,3.156624357759011
2013-11-02,3.1607025947941123
2013-11-03,3.161560431874736
2013-11-04,3.1879010981486475
2013-11-05,3.1925461252036715
2013-11-06,3.22010700508602
2013-11-07,3.2665829574831524
2013-11-08,3.250979151319356
2013-11-09,3.2485965095739395
2013-11-10,3.2466714875594023
2013-11-11,3.242935303687034
2013-11-12,3.2403526639096247
2013-11-13,3.252375699058793
2013-11-14,3.2704626110686306
2013-11-15,3.25233901236072
2013-11-16,3.24045326569651
2013-11-17,3.2392522672743
2013-11-18,3.2716782087031184
2013-11-19,3.301827002936438
2013-11-20,3.393148848663757
2013-11-21,3.395141144754502
2013-11-22,3.3816095526256627
2013-11-23,3.3624660448669523
2013-11-24,3.350257700608066
2013-11-25,3.4045244574801665
2013-11-26,3.436403758167915
2013-11-27,3.5183646382389653
2013-11-28,3.543341137676872
2013-11-29,3.5437831545395686
2013-11-30,3.5349600244277473
2013-12-01,3.5462002381620863
2013-12-02,3.5700950046758977
2013-12-03,3.652958197858493
2013-12-04,3.739290044262048
2013-12-05,3.7668144188239543
2013-12-06,3.735602540602353
2013-12-07,3.7336846969647337
2013-12-08,3.740195706995947
2013-12-09,3.759317967367048
2013-12-10,3.736418667442031
2013-12-11,3.757395723617276
2013-12-12,3.6780218970272376
2013-12-13,3.661982592308181
2013-12-14,3.6526850013569536
2013-12-15,3.650749698075313
2013-12-16,3.6795183355869687
2013-12-17,3.711173712582182
2013-12-18,3.840138232902789
2013-12-19,3.818004186053192
2013-12-20,3.745743170081546
2013-12-21,3.754058701783366
2013-12-22,3.7567595520847767
2013-12-23,3.751713156601066
2013-12-24,3.881625159600425
2013-12-25,3.924833274514916
2013-12-26,3.916907063392688
2013-12-27,3.919196007940781
2013-12-28,3.917100323623403
2013-12-29,3.906664128554653
2013-12-30,3.8967030490224017
2013-12-31,3.892053459167018
2014-01-01,3.886051931263374
2014-01-02,3.8584907643362216
2014-01-03,3.858694793865075
2014-01-04,3.8614904898680633
2014-01-05,3.8509029673956103
2014-01-06,3.8575582504259143
2014-01-07,3.8953104539210472
2014-01-08,3.924300279659082
2014-01-09,3.9292036366014536
2014-01-10,3.9258570478196337
2014-01-11,3.929954816709049
2014-01-12,3.9273354830973313
2014-01-13,3.9170460197401864
2014-01-14,3.912138002009039
2014-01-15,3.901106368318387
2014-01-16,3.874138679421594
2014-01-17,3.896204354382583
2014-01-18,3.890447175337279
2014-01-19,3.88380519611475
2014-01-20,3.878371671471083
2014-01-21,3.9067004226420545
2014-01-22,3.9058880347033007
2014-01-23,3.9130608276047063
2014-01-24,3.960206215282701
2014-01-25,3.963182843686324
2014-01-26,3.957443808444858
2014-01-27,3.8881744318730007
2014-01-28,3.844227433791845
2014-01-29,3.998357360075295
2014-01-30,4.136605785288763
2014-01-31,4.179604570901336
2014-02-01,4.155005641248964
2014-02-02,4.17563141070079
2014-02-03,4.185265215173136
2014-02-04,4.126328819354887
2014-02-05,4.166739819631516
2014-02-06,4.192570038905482
2014-02-07,4.2080255012926395
2014-02-08,4.2112863850622455
2014-02-09,4.211203157175174
2014-02-10,4.206140212744945
2014-02-11,4.223022276375115
2014-02-12,4.170393848516775
2014-02-13,4.168178366877754
2014-02-14,4.194093638589722
2014-02-15,4.201365027110533
2014-02-16,4.205494548496618
2014-02-17,4.207263392757631
2014-02-18,4.232146654292078
2014-02-19,4.27879526252166
2014-02-20,4.264886003387618
2014-02-21,4.264163002090512
2014-02-22,4.273905976879847
2014-02-23,4.296477392597664
2014-02-24,4.249590389806335
2014-02-25,4.284930274720493
2014-02-26,4.23648048284027
2014-02-27,4.20958943103358
2014-02-28,4.1967019558285585
2014-03-01,4.2025329361115
2014-03-02,4.202724182407984
2014-03-03,4.18942140688009
2014-03-04,4.23262740624687
2014-03-05,4.188345045695096
2014-03-06,4.0769320471191275
2014-03-07,4.128726307825813
2014-03-08,4.1291623617226945
2014-03-09,4.1257613996209965
2014-03-10,4.100729407183122
2014-03-11,4.1761578520979485
2014-03-12,4.181564803932604
2014-03-13,4.083797882377406
2014-03-14,4.026063325645468
2014-03-15,4.0544210262677325
2014-03-16,4.066068327525095
2014-03-17,4.019382297777774
2014-03-18,3.9758193765664815
2014-03-19,3.92682886919036
2014-03-20,3.833354913137656
2014-03-21,3.8556512112161254
2014-03-22,3.8704439154669714
2014-03-23,3.869662707124303
2014-03-24,3.8383674322807577
2014-03-25,3.838915282085259
2014-03-26,3.833658081456422
2014-03-27,3.9012281388665615
2014-03-28,3.9012917070664495
2014-03-29,3.9144257462761183
2014-03-30,3.9209207019635386
2014-03-31,3.9257007712273375
2014-04-01,3.9158013173348074
2014-04-02,3.9121906853497936
2014-04-03,3.968307819447267
2014-04-04,3.960328385752242
2014-04-05,3.956883352539606
2014-04-06,3.9593783818043686
2014-04-07,3.9520417012216225
2014-04-08,3.9571743371654224
2014-04-09,3.942146121106768
2014-04-10,3.941286602221284
2014-04-11,3.937164183472764
2014-04-12,3.934452275309699
2014-04-13,3.934247464746319
2014-04-14,3.9275084160234903
2014-04-15,3.9025968817111982
2014-04-16,3.8667878799342414
2014-04-17,3.7211914367132746
2014-04-18,3.719280014290737
2014-04-19,3.714796177859193
2014-04-20,3.71781721108976
2014-04-21,3.720686561897459
2014-04-22,3.813079783805182
2014-04-23,3.820581688799739
2014-04-24,3.5585061805762312
2014-04-25,3.549528111228838
2014-04-26,3.5478526723947272
2014-04-27,3.5469376017639886
2014-04-28,3.5458570395881086
2014-04-29,3.556026578305721
2014-04-30,3.529497629721321
2014-05-01,3.4269573933933675
2014-05-02,3.3436542022187683
2014-05-03,3.33802812356804
2014-05-04,3.3314953412665247
2014-05-05,3.311202389101643
2014-05-06,3.311797647166592
2014-05-07,3.3102474521042353
2014-05-08,3.2643053463091296
2014-05-09,3.2496611720279667
2014-05-10,3.2473744520729606
2014-05-11,3.259041099994544
2014-05-12,3.333831668193106
2014-05-13,3.3504279779651975
2014-05-14,3.3752067889024437
2014-05-15,3.3917295859818757
2014-05-16,3.384125916188262
2014-05-17,3.396582701311819
2014-05-18,3.4139399377532684
2014-05-19,3.350757353356979
2014-05-20,3.2930275224967396
2014-05-21,3.276797787760699
2014-05-22,3.3236948271545748
2014-05-23,3.3276985022757963
2014-05-24,3.326867620600566
2014-05-25,3.3237881583271816
2014-05-26,3.31922144904299
2014-05-27,3.2950280851985596
2014-05-28,3.2752732700527307
2014-05-29,3.283494022337139
2014-05-30,3.287448046498067
2014-05-31,3.292622831678009
2014-06-01,3.288156463060293
2014-06-02,3.283272325781173
2014-06-03,3.261786357118418
2014-06-04,3.26195324031366
2014-06-05,3.2599622810030287
2014-06-06,3.2595650515802186
2014-06-07,3.259515726544071
2014-06-08,3.2670390721449465
2014-06-09,3.2660149401941463
2014-06-10,3.2975202932599057
2014-06-11,3.3693779424635286
2014-06-12,3.4106443929832033
2014-06-13,3.392598159789621
2014-06-14,3.3868520035872143
2014-06-15,3.3776125825874703
2014-06-16,3.336410500931202
2014-06-17,3.2777650922308297
2014-06-18,3.2010843491726493
2014-06-19,3.224157920650512
2014-06-20,3.281887643087476
2014-06-21,3.2757406407291647
2014-06-22,3.27828318456687
2014-06-23,3.3482809381781196
2014-06-24,3.3691176750157537
2014-06-25,3.3417179613101866
2014-06-26,3.335026747857927
2014-06-27,3.3304151089687277
2014-06-28,3.32266388751192
2014-06-29,3.3194144422657583
2014-06-30,3.3112396760385963
2014-07-01,3.2943832032982963
2014-07-02,3.2959385528196976
2014-07-03,3.3730896261032255
2014-07-04,3.347202317072358
2014-07-05,3.3416723579972123
2014-07-06,3.339329102450484
2014-07-07,3.3484125587702604
2014-07-08,3.365031647401884
2014-07-09,3.4438689450433886
2014-07-10,3.4659701655314423
2014-07-11,3.4503111988212587
2014-07-12,3.4393510695576412
2014-07-13,3.4491180139417277
2014-07-14,3.461712511334635
2014-07-15,3.4295048514519895
2014-07-16,3.3849724298150736
2014-07-17,3.390321086650568
2014-07-18,3.416491515889388
2014-07-19,3.40998620957113
2014-07-20,3.4136899153450027
2014-07-21,3.4318810012737826
2014-07-22,3.4100968663216595
2014-07-23,3.456965406145755
2014-07-24,3.50330005845103
2014-07-25,3.5019923256637937
2014-07-26,3.496516475075095
2014-07-27,3.48809249256954
2014-07-28,3.4879495243488505
2014-07-29,3.545792473001098
2014-07-30,3.5566733281679976
2014-07-31,3.708185230360235
2014-08-01,3.793970946395565
2014-08-02,3.7976107262684335
2014-08-03,3.802129724295437
2014-08-04,3.811703532950813
2014-08-05,3.8824298116675497
2014-08-06,3.891208566093728
2014-08-07,3.9201504276449817
2014-08-08,3.922775808238929
2014-08-09,3.922381096727241
2014-08-10,3.919141157495253
2014-08-11,3.8625541582174376
2014-08-12,3.889688876833932
2014-08-13,3.921584441305981
2014-08-14,3.8903370705534215
2014-08-15,3.8898479430459094
2014-08-16,3.880778138252132
2014-08-17,3.882162697354945
2014-08-18,3.8982271789942384
2014-08-19,3.904606554611599
2014-08-20,3.9173301047540714
2014-08-21,3.90857304654606
2014-08-22,3.906318414315028
2014-08-23,3.9016979530695304
2014-08-24,3.908419478552064
2014-08-25,3.876471697643171
2014-08-26,3.87825897847462
2014-08-27,3.885414021749897
2014-08-28,3.8873157482362553
2014-08-29,3.883457194606758
2014-08-30,3.8730051213602374
2014-08-31,3.8771631316316792
2014-09-01,3.8734784267663858
2014-09-02,3.839649045078476
2014-09-03,3.886916628363756
2014-09-04,3.724244844083773
2014-09-05,3.726669155888739
2014-09-06,3.744777707251801
2014-09-07,3.741054430802987
2014-09-08,3.730376808071017
2014-09-09,3.689589946538319
2014-09-10,3.629687782917927
2014-09-11,3.5935039572849536
2014-09-12,3.568573373956223
2014-09-13,3.5845127168477213
2014-09-14,3.601085612048833
2014-09-15,3.5769179717773563
2014-09-16,3.5732267270920177
2014-09-17,3.569682855440849
2014-09-18,3.553082230763591
2014-09-19,3.5584852525801725
2014-09-20,3.5724874435088108
2014-09-21,3.576070314801163
2014-09-22,3.5786601198908867
2014-09-23,3.528083373513107
2014-09-24,3.523095922180331
2014-09-25,3.5389939188551556
2014-09-26,3.536723000257638
2014-09-27,3.5443579554575413
2014-09-28,3.5463633892637914
2014-09-29,3.559905250076472
2014-09-30,3.5645722720398982
2014-10-01,3.5818261768094484
2014-10-02,3.563524913345061
2014-10-03,3.560525055675874
2014-10-04,3.5609135852779215
2014-10-05,3.559931776170542
2014-10-06,3.552303088817504
2014-10-07,3.485962063383035
2014-10-08,3.44700356274526
2014-10-09,3.453808962235886
2014-10-10,3.46443968784609
2014-10-11,3.463039658626909
2014-10-12,3.467354941466165
2014-10-13,3.4755213412632764
2014-10-14,3.47860652561679
2014-10-15,3.4979954662868336
2014-10-16,3.5026732604258073
2014-10-17,3.55570008242726
2014-10-18,3.5516368049226954
2014-10-19,3.5523116889107524
2014-10-20,3.45626507628894
2014-10-21,3.3639182762098914
2014-10-22,3.348448187108001
2014-10-23,3.2873236945392845
2014-10-24,3.2703844178353862
2014-10-25,3.265615110093342
2014-10-26,3.268624662888876
2014-10-27,3.258430564115883
2014-10-28,3.2688419771714745
2014-10-29,3.2686827538732572
2014-10-30,3.2566029337219704
2014-10-31,3.3469185326129156
2014-11-01,3.332459410136707
2014-11-02,3.339594244217336
2014-11-03,3.334089944713247
2014-11-04,3.302727085289001
2014-11-05,3.181087048869963
2014-11-06,3.1333550299606374
2014-11-07,3.129671426333748
2014-11-08,3.1297150187698657
2014-11-09,3.124831968874708
2014-11-10,3.1316330150732865
2014-11-11,3.138875457669135
2014-11-12,3.143482285739361
2014-11-13,3.1457519114197767
2014-11-14,3.1648115030091546
2014-11-15,3.1678183556373107
2014-11-16,3.163649555999028
2014-11-17,3.1756163358341896
2014-11-18,3.177392710000167
2014-11-19,3.1454188297548815
2014-11-20,3.1379935417253395
2014-11-21,3.138801654728808
2014-11-22,3.1406703690718873
2014-11-23,3.142725766136195
2014-11-24,3.1529062914154253
2014-11-25,3.138794952941496
2014-11-26,3.1750770356458937
2014-11-27,3.161898458284151
2014-11-28,3.1724811784403304
2014-11-29,3.175447941015181
2014-11-30,3.172825055622713
2014-12-01,3.164746007190462
2014-12-02,3.1414163403698305
2014-12-03,3.1591889638864927
2014-12-04,3.07136486488755
2014-12-05,3.0857473499379737
2014-12-06,3.0956505402819774
2014-12-07,3.100337465926939
2014-12-08,3.1099881084923884
2014-12-09,3.169432151264017
2014-12-10,3.178787613225039
2014-12-11,3.2109571181374603
2014-12-12,3.197456503494683
2014-12-13,3.1850686215562765
2014-12-14,3.17744312213152
2014-12-15,3.146793245300442
2014-12-16,3.130156936866131
2014-12-17,3.1782159005309256
2014-12-18,3.173688654972817
2014-12-19,3.1672958900073587
2014-12-20,3.1692736273785207
2014-12-21,3.176579873464869
2014-12-22,3.170680821639729
2014-12-23,3.1504675375251168
2014-12-24,3.155876550879669
2014-12-25,3.102130620019965
2014-12-26,3.0587685663750577
2014-12-27,3.0658888533072317
2014-12-28,3.0763900498843335
2014-12-29,3.088712295815139
2014-12-30,3.0885919021192265
2014-12-31,3.0431719059510685
2015-01-01,3.02271150748419
2015-01-02,3.011806032546776
2015-01-03,3.0114323419137436
2015-01-04,3.015361793717831
2015-01-05,3.0231577310648388
2015-01-06,3.087302266596486
2015-01-07,3.0915117992092576
2015-01-08,3.100102017464269
2015-01-09,3.102501148097696
2015-01-10,3.1030957020143832
2015-01-11,3.1027225938237257
2015-01-12,3.0860473350113953
2015-01-13,3.0670283920972152
2015-01-14,3.0783054139616968
2015-01-15,3.0558082138216025
2015-01-16,3.054951107157716
2015-01-17,3.0500775263639253
2015-01-18,3.046241339781601
2015-01-19,3.050825811498183
2015-01-20,3.001137994690624
2015-01-21,3.0060108468909714
2015-01-22,3.0126257793603077
2015-01-23,2.927645099022026
2015-01-24,2.91969359942236
2015-01-25,2.922864773302271
2015-01-26,2.911397606667816
2015-01-27,2.939004413432127
2015-01-28,2.906283833892262
2015-01-29,3.0583045406045666
2015-01-30,3.067548480127371
2015-01-31,3.082478205771203
2015-02-01,3.07572612592494
2015-02-02,3.1631544093285973
2015-02-03,3.189187585230087
2015-02-04,3.1896731258014923
2015-02-05,3.223481494494971
2015-02-06,3.2231265359785897
2015-02-07,3.222530505438588
2015-02-08,3.2172463080703495
2015-02-09,3.2010529892876836
2015-02-10,3.1709196088992333
2015-02-11,3.1698940318557858
2015-02-12,3.177068422202491
2015-02-13,3.1753403014524864
2015-02-14,3.17273918488875
2015-02-15,3.1710136555511492
2015-02-16,3.1718974649791356
2015-02-17,3.2684612937038686
2015-02-18,3.3132659214748776
2015-02-19,3.3123649264979234
2015-02-20,3.3237787107837393
2015-02-21,3.3204545049279974
2015-02-22,3.322410773137585
2015-02-23,3.3624160359225153
2015-02-24,3.391572996529538
2015-02-25,3.407505582504416
2015-02-26,3.3827575662562115
2015-02-27,3.3741652447320343
2015-02-28,3.365977328985052
2015-03-01,3.3619674362194676
2015-03-02,3.350702138032655
2015-03-03,3.333800590435838
2015-03-04,3.3205630709659317
2015-03-05,3.111118715060166
2015-03-06,3.0953764628375233
2015-03-07,3.1119216492332757
2015-03-08,3.1186239285939292
2015-03-09,3.1012821007904594
2015-03-10,3.0149263291562542
2015-03-11,3.0238730577586166
2015-03-12,2.937810419143527
2015-03-13,2.9807977342244545
2015-03-14,2.9966751563136773
2015-03-15,3.022914519552871
2015-03-16,3.041937394033071
2015-03-17,2.9434352403338053
2015-03-18,2.8930144079290594
2015-03-19,3.013799222398033
2015-03-20,3.044462066337194
2015-03-21,3.0461073064472095
2015-03-22,3.049163854084564
2015-03-23,3.073077773451902
2015-03-24,3.0050228921672537
2015-03-25,2.9903327030566373
2015-03-26,2.9363762515648397
2015-03-27,2.9480475643329207
2015-03-28,2.9554419128201115
2015-03-29,2.9495397667251835
2015-03-30,2.9490796089426388
2015-03-31,2.954838304415492
2015-04-01,2.9737357431044633
2015-04-02,2.989589556965675
2015-04-03,2.9943338301432347
2015-04-04,2.99873703377765
2015-04-05,2.9936916193423584
2015-04-06,2.991493990109522
2015-04-07,3.009293803821022
2015-04-08,3.0114900355591576
2015-04-09,2.9368163673703256
2015-04-10,2.930821315803052
2015-04-11,2.9263733747403133
2015-04-12,2.9227685061901783
2015-04-13,2.9179714329899737
2015-04-14,2.896164841499217
2015-04-15,2.928622037405433
2015-04-16,2.907541475288847
2015-04-17,2.928721479603004
2015-04-18,2.9220927067466427
2015-04-19,2.9122319132305297
2015-04-20,2.9393116968734483
2015-04-21,3.054369139810762
2015-04-22,3.1812077198956374
2015-04-23,3.236947363720698
2015-04-24,3.2623946815456573
2015-04-25,3.2583358357614247
2015-04-26,3.2512183137730504
2015-04-27,3.3075089989950404
2015-04-28,3.4327677245581394
2015-04-29,3.573209624060381
2015-04-30,3.82202206170568
2015-05-01,3.985268676720767
2015-05-02,3.986748812149072
2015-05-03,3.977139552841628
2015-05-04,3.974933814122566
2015-05-05,4.087777794511131
2015-05-06,4.132201473917956
2015-05-07,4.125161823426498
2015-05-08,4.137285024295212
2015-05-09,4.137906736827726
2015-05-10,4.143365622259385
2015-05-11,4.121536335827848
2015-05-12,4.161954032166682
2015-05-13,4.116368381129066
2015-05-14,4.125805611882584
2015-05-15,4.1332614855038345
2015-05-16,4.133245841222911
2015-05-17,4.125205584141071
2015-05-18,4.083829561626506
2015-05-19,4.081430837133605
2015-05-20,4.06488607619396
2015-05-21,4.134371613042915
2015-05-22,4.1381579953625
2015-05-23,4.1423585901374205
2015-05-24,4.146532111978583
2015-05-25,4.1133351530861795
2015-05-26,4.0709531258590905
2015-05-27,4.03320628482681
2015-05-28,4.019766646894575
2015-05-29,4.023595343913107
2015-05-30,4.035086805080871
2015-05-31,4.027311744475812
2015-06-01,4.010145808825554
2015-06-02,3.934658807005424
2015-06-03,3.933404192331192
2015-06-04,3.91282670958822
2015-06-05,3.8942808141446217
2015-06-06,3.901947807174172
2015-06-07,3.911899070322923
2015-06-08,3.9188249586346138
2015-06-09,3.996465405278567
2015-06-10,3.9749012896878817
2015-06-11,3.9593656400610335
2015-06-12,3.92976387957014
2015-06-13,3.927063307305221
2015-06-14,3.927728235799768
2015-06-15,3.9245386520007006
2015-06-16,3.920459957764427
2015-06-17,3.800827941540043
2015-06-18,3.5295573787257792
2015-06-19,3.5544891108790937
2015-06-20,3.589753975971076
2015-06-21,3.5896902907649
2015-06-22,3.6097108843796617
2015-06-23,3.6560650313739167
2015-06-24,3.703410891123381
2015-06-25,3.742512206916748
2015-06-26,3.750562139962908
2015-06-27,3.7550109244624466
2015-06-28,3.7493133783294006
2015-06-29,3.7391588039280736
2015-06-30,3.7379445908932296
2015-07-01,3.762391561752592
2015-07-02,3.74263814908032
2015-07-03,3.715160110667684
2015-07-04,3.722389877175548
2015-07-05,3.716635274666049
2015-07-06,3.67084396378312
2015-07-07,3.6388854827302457
2015-07-08,3.634312640105533
2015-07-09,3.6168461485232304
2015-07-10,3.6233581202053102
2015-07-11,3.626140980444511
2015-07-12,3.6254696468881864
2015-07-13,3.631752218652546
2015-07-14,3.6279101216432816
2015-07-15,3.6269925499547937
2015-07-16,3.6704235792720064
2015-07-17,3.707749411434585
2015-07-18,3.7223914806023375
2015-07-19,3.714856671389391
2015-07-20,3.706433888350862
2015-07-21,3.726403113395544
2015-07-22,3.707986519433968
2015-07-23,3.664508064831343
2015-07-24,3.6346741658143817
2015-07-25,3.620180808075025
2015-07-26,3.615782728509074
2015-07-27,3.619120533100352
2015-07-28,3.564502889013726
2015-07-29,3.5931870613441657
2015-07-30,3.5833878079096575
2015-07-31,3.695951620201471
2015-08-01,3.704268075397548
2015-08-02,3.7124165620577374
2015-08-03,3.7047143574573553
2015-08-04,3.701753887766192
2015-08-05,3.698734184761886
2015-08-06,3.7235094782203824
2015-08-07,3.735186184531427
2015-08-08,3.715582841367514
2015-08-09,3.717356350036024
2015-08-10,3.6888543028367833
2015-08-11,3.6876683702618727
2015-08-12,3.7040565625081774
2015-08-13,3.687933385795873
2015-08-14,3.683963887668174
2015-08-15,3.68249158191247
2015-08-16,3.680095214349259
2015-08-17,3.719115050896032
2015-08-18,3.6892542743487153
2015-08-19,3.686120494338371
2015-08-20,3.6726397918635656
2015-08-21,3.677602446391433
2015-08-22,3.67772101595977
2015-08-23,3.6652407212535767
2015-08-24,3.6824680217526393
2015-08-25,3.6226010761402785
2015-08-26,3.662891618524649
2015-08-27,3.659959506230468
2015-08-28,3.647226377723337
2015-08-29,3.6503668469716266
2015-08-30,3.6493152052488096
2015-08-31,3.6373114231405825
2015-09-01,3.624846403962844
2015-09-02,3.680348178294785
2015-09-03,3.7469297185750823
2015-09-04,3.7453230699001185
2015-09-05,3.739992649152912
2015-09-06,3.7299908037942657
2015-09-07,3.7153764012178625
2015-09-08,3.684878166556941
2015-09-09,3.588128897588847
2015-09-10,3.800775805807985
2015-09-11,3.83278597684229
2015-09-12,3.820400402320376
2015-09-13,3.821914079474429
2015-09-14,3.849247818356946
2015-09-15,3.769683824372044
2015-09-16,3.748632920304351
2015-09-17,3.719962919942049
2015-09-18,3.839764912554399
2015-09-19,3.819161579586483
2015-09-20,3.811333134621999
2015-09-21,3.805977509083845
2015-09-22,3.812537021802492
2015-09-23,3.80436844682756
2015-09-24,3.7926839002559234
2015-09-25,3.777091279458222
2015-09-26,3.774674342643297
2015-09-27,3.784115942492481
2015-09-28,3.7464741796583625
2015-09-29,3.708581138198479
2015-09-30,3.682698707919599
2015-10-01,3.6386891574273577
2015-10-02,3.664491325140988
2015-10-03,3.667719258386546
2015-10-04,3.6731425487804534
2015-10-05,3.6737459741623826
2015-10-06,3.6686517312550446
2015-10-07,3.6924731935007817
2015-10-08,3.6736791153167982
2015-10-09,3.670250381921696
2015-10-10,3.6729879096292226
2015-10-11,3.6737673463168137
2015-10-12,3.669750159627948
2015-10-13,3.714949230968276
2015-10-14,3.749203272091148
2015-10-15,3.734372354543492
2015-10-16,3.708889826279983
2015-10-17,3.6954501764917578
2015-10-18,3.691408855418722
2015-10-19,3.680746403116147
2015-10-20,3.5922694101362964
2015-10-21,3.5309512380075745
2015-10-22,3.416563479084399
2015-10-23,3.392861745067873
2015-10-24,3.3965527469964742
2015-10-25,3.4020063006826113
2015-10-26,3.3989329257427503
2015-10-27,3.283590263066893
2015-10-28,3.245378716781053
2015-10-29,3.1612322874188337
2015-10-30,3.1786859236760474
2015-10-31,3.2581887108747063
2015-11-01,3.2349733936942044
2015-11-02,3.219568306251715
2015-11-03,3.198393399659607
2015-11-04,3.1301958695977716
2015-11-05,3.064296535024766
2015-11-06,3.088568755369419
2015-11-07,3.0796826181834627
2015-11-08,3.0774166821566205
2015-11-09,3.0580673461951178
2015-11-10,3.0630541911967097
2015-11-11,3.050742364913978
2015-11-12,3.0626107432493623
2015-11-13,3.046195786549084
2015-11-14,3.0352576457876816
2015-11-15,3.0365693639607314
2015-11-16,3.0397328176281255
2015-11-17,3.0529337930100104
2015-11-18,3.0370371377655827
2015-11-19,3.020810174143811
2015-11-20,3.0062007558678014
2015-11-21,3.0071099077516186
2015-11-22,2.9880366094895665
2015-11-23,2.9757162658030776
2015-11-24,3.0053937438950773
2015-11-25,2.983059743830773
2015-11-26,3.00192462054963
2015-11-27,2.9931910598701195
2015-11-28,2.99386780870457
2015-11-29,2.9945791672836233
2015-11-30,2.975938481122846
2015-12-01,2.88918583240435
2015-12-02,2.868210955399666
2015-12-03,2.8392143368989853
2015-12-04,2.831227390402254
2015-12-05,2.817520860504142
2015-12-06,2.8161212258022754
2015-12-07,2.811355629185535
2015-12-08,2.809710910267708
2015-12-09,2.791270174610608
2015-12-10,2.771145987708445
2015-12-11,2.7530687903664255
2015-12-12,2.754010144517343
2015-12-13,2.757423223325346
2015-12-14,2.77481883536733
2015-12-15,2.738605086805435
2015-12-16,2.7645720651539096
2015-12-17,2.7864934348876074
2015-12-18,2.816568830056781
2015-12-19,2.8160901660618873
2015-12-20,2.811660233682265
2015-12-21,2.813560035807963
2015-12-22,2.7781408993264196
2015-12-23,2.754413518873709
2015-12-24,2.7525003857293004
2015-12-25,2.7634033509020406
2015-12-26,2.749505855125478
2015-12-27,2.742414675567161
2015-12-28,2.76272636119875
2015-12-29,2.7670104508219096
2015-12-30,2.747466558303544
2015-12-31,2.7431692955783773
2016-01-01,2.731878932336762
2016-01-02,2.7334865814305203
2016-01-03,2.727091227440965
2016-01-04,2.7255351137068393
2016-01-05,2.733547930485551
2016-01-06,2.706519065313588
2016-01-07,2.6589994143698887
2016-01-08,2.657590480668005
2016-01-09,2.655468126130111
2016-01-10,2.6582426886133024
2016-01-11,2.669848068686836
2016-01-12,2.6678799353776843
2016-01-13,2.6393813573733795
2016-01-14,2.671934808621979
2016-01-15,2.6662757170596847
2016-01-16,2.6593311155386683
2016-01-17,2.6594690737474704
2016-01-18,2.659580903949344
2016-01-19,2.627861235460924
2016-01-20,2.6252979723505274
2016-01-21,2.667115302746679
2016-01-22,2.6703436708625694
2016-01-23,2.6723148237682617
2016-01-24,2.669035040613299
2016-01-25,2.7731661403385495
2016-01-26,2.6028518954426367
2016-01-27,2.686067799523297
2016-01-28,2.763900681248854
2016-01-29,2.7177856316354307
2016-01-30,2.7157107999826473
2016-01-31,2.755524032132038
2016-02-01,2.731986253202501
2016-02-02,2.771078064440053
2016-02-03,2.713630698418179
2016-02-04,2.6842125418112412
2016-02-05,2.6894977065732895
2016-02-06,2.683580652808913
2016-02-07,2.6830109447168
2016-02-08,2.645291015504159
2016-02-09,2.615317769664281
2016-02-10,2.615906301588955
2016-02-11,2.5855695445844105
2016-02-12,2.5856277983499782
2016-02-13,2.5760282650611086
2016-02-14,2.573383550985206
2016-02-15,2.552204437189422
2016-02-16,2.591293802225894
2016-02-17,2.591190880469541
2016-02-18,2.5060722784816836
2016-02-19,2.522737029037774
2016-02-20,2.536301554285706
2016-02-21,2.5133535163285905
2016-02-22,2.4784297232995014
2016-02-23,2.4807831850669992
2016-02-24,2.380313117711159
2016-02-25,2.3456295229876263
2016-02-26,2.3367594576672546
2016-02-27,2.3102379054940165
2016-02-28,2.308206226037963
2016-02-29,2.293880905090441
2016-03-01,2.214613670677955
2016-03-02,2.1877461122371167
2016-03-03,2.1476599430303063
2016-03-04,2.1280169808570437
2016-03-05,2.1330736904987884
2016-03-06,2.1353348963237098
2016-03-07,2.222243860503009
2016-03-08,2.205586402791265
2016-03-09,2.180852394458176
2016-03-10,2.156823369557055
2016-03-11,2.144847471902205
2016-03-12,2.142673672382941
2016-03-13,2.130321251759442
2016-03-14,2.1159728273915346
2016-03-15,2.0612508573327952
2016-03-16,2.084901822561056
2016-03-17,2.080654895696109
2016-03-18,2.0846198611057085
2016-03-19,2.0691086353954455
2016-03-20,2.063874693252605
2016-03-21,2.0781757775283123
2016-03-22,2.1063924522677597
2016-03-23,2.197283902053964
2016-03-24,2.1986936685569223
2016-03-25,2.1864508237506115
2016-03-26,2.1815361106351205
2016-03-27,2.1725946996816066
2016-03-28,2.1771635544089096
2016-03-29,2.153590243041894
2016-03-30,2.1457592904041944
2016-03-31,2.170115064358545
2016-04-01,2.156408792893644
2016-04-02,2.161939200576337
2016-04-03,2.1585258959350027
2016-04-04,2.1578526174892696
2016-04-05,2.172452349949632
2016-04-06,2.1617831086775725
2016-04-07,2.156299613493476
2016-04-08,2.1512636079271914
2016-04-09,2.148369242807234
2016-04-10,2.1473115920848618
2016-04-11,2.1386656305741107
2016-04-12,2.152012379503001
2016-04-13,2.1408873830398516
2016-04-14,2.13287540840917
2016-04-15,2.130500256145476
2016-04-16,2.130745415514056
2016-04-17,2.1195512041115467
2016-04-18,2.1452121501126022
2016-04-19,2.1007080084350376
2016-04-20,2.0957690697579943
2016-04-21,2.187720435583013
2016-04-22,2.1905699985731304
2016-04-23,2.18672199712211
2016-04-24,2.18623513125985
2016-04-25,2.19552682163601
2016-04-26,2.4110829291934395
2016-04-27,2.495736736992958
2016-04-28,2.4510033825727935
2016-04-29,2.522467476748277
2016-04-30,2.477506857052728
2016-05-01,2.646523939849015
2016-05-02,2.687035794125446
2016-05-03,2.6745511462997857
2016-05-04,2.6786908041030415
2016-05-05,2.7349947891395057
2016-05-06,2.7066958237213887
2016-05-07,2.71980184115341
2016-05-08,2.7187659740568657
2016-05-09,2.6934837634934525
2016-05-10,2.7005207834769727
2016-05-11,2.7119514695917486
2016-05-12,2.716431410122459
2016-05-13,2.7239770862899944
2016-05-14,2.7212914339799323
2016-05-15,2.720832063608238
2016-05-16,2.72895625889214
2016-05-17,2.7538431775659946
2016-05-18,2.7929555053739716
2016-05-19,2.8107980528308825
2016-05-20,2.7919211413206644
2016-05-21,2.781740314033137
2016-05-22,2.7801531527324195
2016-05-23,2.766991558018061
2016-05-24,2.778345881162461
2016-05-25,2.7750079390167084
2016-05-26,2.8151393417046857
2016-05-27,2.809585107542824
2016-05-28,2.8087985268777116
2016-05-29,2.8047886776490634
2016-05-30,2.8040684904549833
2016-05-31,2.8435878913748143
2016-06-01,2.8552889777612767
2016-06-02,2.877299977474011
2016-06-03,2.8732484785595247
2016-06-04,2.86385715364347
2016-06-05,2.8688709043174545
2016-06-06,2.86514039025083
2016-06-07,2.8563659528451337
2016-06-08,2.8408683948856113
2016-06-09,2.838493169327338
2016-06-10,2.903585295867867
2016-06-11,2.8941282648493964
2016-06-12,2.8841224637028136
2016-06-13,2.867862927133616
2016-06-14,2.754626218881856
2016-06-15,2.7554626224501115
2016-06-16,2.6061530403333903
2016-06-17,2.583594948681343
2016-06-18,2.5917487590777823
2016-06-19,2.6027731076255938
2016-06-20,2.582368061334922
2016-06-21,2.584240915909602
2016-06-22,2.6931447658107146
2016-06-23,2.73889901802776
2016-06-24,2.721740825635675
2016-06-25,2.7047140083287604
2016-06-26,2.70050896334616
2016-06-27,2.692511595445783
2016-06-28,2.6639726747782833
2016-06-29,2.66851590972545
2016-06-30,2.653363618062352
2016-07-01,2.6610022294416313
2016-07-02,2.671243609373616
2016-07-03,2.672972021126755
2016-07-04,2.6700544380644584
2016-07-05,2.6409215932685357
2016-07-06,2.6167837310678936
2016-07-07,2.6086285670253373
2016-07-08,2.593095190660375
2016-07-09,2.5902147549381462
2016-07-10,2.5817406388369504
2016-07-11,2.5635717621054637
2016-07-12,2.550045912394013
2016-07-13,2.508038884525221
2016-07-14,2.5715493800620313
2016-07-15,2.5617940183035457
2016-07-16,2.538744206690103
2016-07-17,2.542155221621208
2016-07-18,2.5716278361362233
2016-07-19,2.583833464623361
2016-07-20,2.523435392288675
2016-07-21,2.4124614228581205
2016-07-22,2.3283752132900295
2016-07-23,2.324609091665096
2016-07-24,2.318084890564865
2016-07-25,2.353675454333733
2016-07-26,2.330605103124754
2016-07-27,2.4055394993604584
2016-07-28,2.4300165028505516
2016-07-29,2.482033111835947
2016-07-30,2.4795059270723065
2016-07-31,2.5999554291454734
2016-08-01,2.547557725633629
2016-08-02,2.5465521248814227
2016-08-03,2.5879581683137864
2016-08-04,2.6310628053987664
2016-08-05,2.6530027969516436
2016-08-06,2.651824463327994
2016-08-07,2.6508512157652904
2016-08-08,2.6238239951737707
2016-08-09,2.615834540739867
2016-08-10,2.5920798216554903
2016-08-11,2.5910542583808467
2016-08-12,2.564715126338644
2016-08-13,2.5590570418889773
2016-08-14,2.559934394873288
2016-08-15,2.573092919924414
2016-08-16,2.557283613039209
2016-08-17,2.5163726354676585
2016-08-18,2.5380562526385093
2016-08-19,2.5481487858661582
2016-08-20,2.550885679326281
2016-08-21,2.5494061628571627
2016-08-22,2.5415888649578
2016-08-23,2.5305633873722764
2016-08-24,2.517102116021116
2016-08-25,2.5918145608435235
2016-08-26,2.581682031631908
2016-08-27,2.5752737224903197
2016-08-28,2.566373683211702
2016-08-29,2.561446455925492
2016-08-30,2.579907560914514
2016-08-31,2.5554648210248767
2016-09-01,2.584139074320963
2016-09-02,2.5771491412520455
2016-09-03,2.5808495075875997
2016-09-04,2.5751737572065054
2016-09-05,2.544177430841545
2016-09-06,2.5679467265627696
2016-09-07,2.5290805641290635
2016-09-08,2.5115719617979173
2016-09-09,2.5212865561473023
2016-09-10,2.534180521823551
2016-09-11,2.535139599345921
2016-09-12,2.4307071894088397
2016-09-13,2.2988990184573495
2016-09-14,2.1778014704031077
2016-09-15,2.0249495532706314
2016-09-16,2.0059910080959673
2016-09-17,2.0403929592580576
2016-09-18,2.055128503068171
2016-09-19,2.0610661785838396
2016-09-20,2.002006990540563
2016-09-21,1.948227221367974
2016-09-22,1.967746849569324
2016-09-23,1.9579050760511216
2016-09-24,1.966223376209776
2016-09-25,1.9753234815302776
2016-09-26,2.0005220449408156
2016-09-27,1.9971351775705564
2016-09-28,1.9991317891987284
2016-09-29,1.990104671042808
2016-09-30,1.992235929712576
2016-10-01,1.9665881624133463
2016-10-02,1.9711116241581323
2016-10-03,1.9513506720237788
2016-10-04,1.98435505484915
2016-10-05,1.9718674290806184
2016-10-06,1.9180378792573065
2016-10-07,1.9390257168413747
2016-10-08,1.9399443883051355
2016-10-09,1.9367690799190636
2016-10-10,1.9363758640648991
2016-10-11,1.9416472837562735
2016-10-12,1.9538003963753992
2016-10-13,1.958607017019387
2016-10-14,1.9642683851941376
2016-10-15,1.9662435088144663
2016-10-16,1.9652281121379704
2016-10-17,1.9477904076849368
2016-10-18,1.9976704385199309
2016-10-19,2.0582358406585404
2016-10-20,2.26014307181344
2016-10-21,2.250092226631435
2016-10-22,2.2834961957821953
2016-10-23,2.2793633533393254
2016-10-24,2.261551021455696
2016-10-25,2.3884989968560286
2016-10-26,2.385591124118176
2016-10-27,2.5208528700957875
2016-10-28,2.5582121988539743
2016-10-29,2.5584595626982902
2016-10-30,2.5507672716987924
2016-10-31,2.652882899943098
2016-11-01,2.693592375781898
2016-11-02,2.9323436828186256
2016-11-03,2.98017807694753
2016-11-04,3.029240260731881
2016-11-05,3.0439156175650823
2016-11-06,3.057389489867594
2016-11-07,3.0438095374073795
2016-11-08,3.0438105434622327
2016-11-09,3.0216438135695087
2016-11-10,3.026186448217492
2016-11-11,3.0171197730937336
2016-11-12,3.011747423287162
2016-11-13,3.0006663271205074
2016-11-14,3.0291258148604356
2016-11-15,2.991293796192929
2016-11-16,2.996163780801145
2016-11-17,2.972559415876858
2016-11-18,2.966933248271866
2016-11-19,2.965855715101432
2016-11-20,2.9598506293782765
2016-11-21,2.943174745730346
2016-11-22,2.942395181654028
2016-11-23,2.945061384115447
2016-11-24,2.9464687848423994
2016-11-25,2.941642655454482
2016-11-26,2.94484876500362
2016-11-27,2.944221509868423
2016-11-28,2.948452204981713
2016-11-29,2.956898225225366
2016-11-30,2.965605429979538
2016-12-01,2.91999204613636
2016-12-02,2.891918033995833
2016-12-03,2.9017348610689675
2016-12-04,2.907516600079671
2016-12-05,2.9005762187077493
2016-12-06,2.912437627408471
2016-12-07,2.988852785755721
2016-12-08,3.021894626249235
2016-12-09,3.044306873190804
2016-12-10,3.0448974038552734
2016-12-11,3.053968020421792
2016-12-12,3.024471458255132
2016-12-13,3.11742499817353
2016-12-14,3.1139723782570257
2016-12-15,3.0477937489090374
2016-12-16,3.073888465604115
2016-12-17,3.0672633273195995
2016-12-18,3.059526912771383
2016-12-19,3.0419929483112256
2016-12-20,3.017377530952309
2016-12-21,3.0243938188550454
2016-12-22,2.946500606727649
2016-12-23,2.9317739826674067
2016-12-24,2.9365146995763505
2016-12-25,2.9360470272367065
2016-12-26,2.9455956669142016
2016-12-27,2.937969919353284
2016-12-28,2.887076579674745
2016-12-29,2.8990600416214036
2016-12-30,2.8987359219245845
2016-12-31,2.9050206164729375
2017-01-01,2.8718647659485392
2017-01-02,2.8811496461400337
2017-01-03,2.8818311434657193
2017-01-04,2.8763594889042685
2017-01-05,2.8962761868699483
2017-01-06,2.890010829493017
2017-01-07,2.8962980744109164
2017-01-08,2.8903068244453944
2017-01-09,2.8902516352237897
2017-01-10,2.9127335432165595
2017-01-11,2.904235316567221
2017-01-12,2.893272432302061
2017-01-13,2.899696616601615
2017-01-14,2.8902883948942573
2017-01-15,2.8917775313052045
2017-01-16,2.8867178113887233
2017-01-17,2.9402183160840267
2017-01-18,2.929255318211058
2017-01-19,2.920395167940884
2017-01-20,2.8676202170170955
2017-01-21,2.8749657741673835
2017-01-22,2.870893460368969
2017-01-23,2.8220752040533585
2017-01-24,2.807914058065377
2017-01-25,2.833267213899568
2017-01-26,2.7188910931072487
2017-01-27,2.743416308936363
2017-01-28,2.7383054496442627
2017-01-29,2.7299925871287196
2017-01-30,2.74092784531927
2017-01-31,2.735835249456797
2017-02-01,2.7402820428618577
2017-02-02,2.745337461242131
2017-02-03,2.7545245888589536
2017-02-04,2.7526453354667995
2017-02-05,2.7522387876747723
2017-02-06,2.7627536641160604
2017-02-07,2.7633091824030256
2017-02-08,2.703468061326174
2017-02-09,2.749101195492643
2017-02-10,2.749999059004718
2017-02-11,2.7469803442394713
2017-02-12,2.74029252147346
2017-02-13,2.735131233469594
2017-02-14,2.68637960644256
2017-02-15,2.7056094229062477
2017-02-16,2.7074548093603963
2017-02-17,2.7127479064932687
2017-02-18,2.7079843929207605
2017-02-19,2.718024031382524
2017-02-20,2.675423756284348
2017-02-21,2.6245878096712554
2017-02-22,2.6545217017901086
2017-02-23,2.689424978439639
2017-02-24,2.687336960377657
2017-02-25,2.6781884398884244
2017-02-26,2.6809775693941207
2017-02-27,2.735439392030788
2017-02-28,2.6659024815588785
2017-03-01,2.6929201536684
2017-03-02,2.6325432061076053
2017-03-03,2.6031109253770017
2017-03-04,2.595244315632428
2017-03-05,2.5972680482008803
2017-03-06,2.6138007113720447
2017-03-07,2.60529492331332
2017-03-08,2.6758561691433886
2017-03-09,2.832859310656275
2017-03-10,2.882844466825769
2017-03-11,2.8638034306121662
2017-03-12,2.84521909897043
2017-03-13,2.841176203535821
2017-03-14,3.087176646742803
2017-03-15,3.1455767267698507
2017-03-16,3.181631350679407
2017-03-17,3.20275982521874
2017-03-18,3.1673580245212904
2017-03-19,3.143225337351018
2017-03-20,3.1580619901466873
2017-03-21,3.131530183812659
2017-03-22,3.2601091605801074
2017-03-23,3.3035524679619273
2017-03-24,3.2371211306188834
2017-03-25,3.2234207248027587
2017-03-26,3.2331625257178365
2017-03-27,3.263954554515335
2017-03-28,3.2089198354616686
2017-03-29,3.1681273150045097
2017-03-30,3.1495137546372938
2017-03-31,3.144827930665773
2017-04-01,3.1377960681942043
2017-04-02,3.1440214771832293
2017-04-03,3.1535407732975345
2017-04-04,3.16540744182205
2017-04-05,3.156923026475289
2017-04-06,3.1737889661157106
2017-04-07,3.1698125405959208
2017-04-08,3.164367347997069
2017-04-09,3.167469009450019
2017-04-10,3.1625920007700254
2017-04-11,3.145907755524997
2017-04-12,3.1307912725378975
2017-04-13,3.124478477630679
2017-04-14,3.1204064841784307
2017-04-15,3.119051347026665
2017-04-16,3.1167973041583017
2017-04-17,3.1227091981986814
2017-04-18,3.0749456879527814
2017-04-19,2.986865107758682
2017-04-20,3.0179871048502527
2017-04-21,3.012463550748122
2017-04-22,3.009943032757084
2017-04-23,3.0064482069614766
2017-04-24,3.0156799639234295
2017-04-25,3.0358358259297726
2017-04-26,3.0072070646805313
2017-04-27,3.289402337404261
2017-04-28,3.246467749077765
2017-04-29,3.2316803245697017
2017-04-30,3.2246459888069188
2017-05-01,3.229776568033592
2017-05-02,3.489943954890972
2017-05-03,3.4962264901201414
2017-05-04,3.638925420241935
2017-05-05,3.673220820390616
2017-05-06,3.6696505732198346
2017-05-07,3.6641469802686304
2017-05-08,3.640716379874725
2017-05-09,3.633365126159127
2017-05-10,3.644507437035106
2017-05-11,3.648706309773731
2017-05-12,3.641750245438832
2017-05-13,3.6394860934229305
2017-05-14,3.654401136304396
2017-05-15,3.663487874648201
2017-05-16,3.658103602822818
2017-05-17,3.6650229086238193
2017-05-18,3.6685645737773704
2017-05-19,3.6598606108908647
2017-05-20,3.65707923693121
2017-05-21,3.642993484284332
2017-05-22,3.65087197361326
2017-05-23,3.644816884241974
2017-05-24,3.668051910954104
2017-05-25,3.7176524999602942
2017-05-26,3.723370133188822
2017-05-27,3.7240016941523257
2017-05-28,3.717615124702752
2017-05-29,3.711444193984648
2017-05-30,3.723086062040906
2017-05-31,3.685800989997362
2017-06-01,3.5650413622118453
2017-06-02,3.57087948524718
2017-06-03,3.5665116355463273
2017-06-04,3.5785924163839757
2017-06-05,3.571482123999492
2017-06-06,3.5890687092085236
2017-06-07,3.599894035254951
2017-06-08,3.5256204302668666
2017-06-09,3.445085183613198
2017-06-10,3.4566939931968177
2017-06-11,3.4504448457704155
2017-06-12,3.372316313583966
2017-06-13,3.4648955997998137
2017-06-14,3.3680893238716236
2017-06-15,3.169245552559272
2017-06-16,3.2560250538547195
2017-06-17,3.2733522666976755
2017-06-18,3.272115683710253
2017-06-19,3.224428305094291
2017-06-20,3.2418089457598196
2017-06-21,3.3036520673042986
2017-06-22,3.285285928527983
2017-06-23,3.305868933354548
2017-06-24,3.3119994903793173
2017-06-25,3.3144242795688688
2017-06-26,3.334066122694801
2017-06-27,3.385870746906889
2017-06-28,3.3919308169045874
2017-06-29,3.3989830918642636
2017-06-30,3.4062581848576814
2017-07-01,3.3978786040839264
2017-07-02,3.401507713861496
2017-07-03,3.3934028845935225
2017-07-04,3.3675292578144944
2017-07-05,3.3590136330640776
2017-07-06,3.411472007934004
2017-07-07,3.409048642059582
2017-07-08,3.3920243144289173
2017-07-09,3.3970630658865333
2017-07-10,3.387179377761168
2017-07-11,3.3799319273857424
2017-07-12,3.370574178915073
2017-07-13,3.35603162706154
2017-07-14,3.358946260016883
2017-07-15,3.3875156584664157
2017-07-16,3.3854553168115236
2017-07-17,3.394511515932288
2017-07-18,3.2415589998649224
2017-07-19,3.267601368456677
2017-07-20,3.305931749887638
2017-07-21,3.310298739981009
2017-07-22,3.2976105605009094
2017-07-23,3.302573179987471
2017-07-24,3.3364995865196505
2017-07-25,3.421207260100575
2017-07-26,3.35141562112279
2017-07-27,3.460097345251571
2017-07-28,3.47824768138777
2017-07-29,3.4770290413268827
2017-07-30,3.4822604288360246
2017-07-31,3.5140297639719424
2017-08-01,3.6241099232940055
2017-08-02,3.6538591288946543
2017-08-03,3.6906043986810495
2017-08-04,3.7307355439424015
2017-08-05,3.736324960326148
2017-08-06,3.740803863110722
2017-08-07,3.723241761316456
2017-08-08,3.6786112148579018
2017-08-09,3.621379689197618
2017-08-10,3.6613977096975434
2017-08-11,3.660296688054464
2017-08-12,3.661398616920775
2017-08-13,3.665920621077767
2017-08-14,3.642913217166376
2017-08-15,3.641551651172271
2017-08-16,3.644228652477293
2017-08-17,3.621856267157992
2017-08-18,3.63748275737152
2017-08-19,3.632605185315714
2017-08-20,3.630105345150925
2017-08-21,3.629830088495412
2017-08-22,3.617342915972645
2017-08-23,3.6424691050246008
2017-08-24,3.653882861347327
2017-08-25,3.644838744161662
2017-08-26,3.657656465071902
2017-08-27,3.650197937313858
2017-08-28,3.652046633160357
2017-08-29,3.661387134923261
2017-08-30,3.637971448657152
2017-08-31,3.641526773629213
2017-09-01,3.6337478730843578
2017-09-02,3.644507228592509
2017-09-03,3.644795311065715
2017-09-04,3.621793879472222
2017-09-05,3.645247083216387
2017-09-06,3.6298989974351183
2017-09-07,3.5394118311292626
2017-09-08,3.515344776841979
2017-09-09,3.526754398135618
2017-09-10,3.5421153073014935
2017-09-11,3.536964110463312
2017-09-12,3.3822276226703636
2017-09-13,3.287410892807178
2017-09-14,3.2783544073147635
2017-09-15,3.1942646084224604
2017-09-16,3.2170205136819376
2017-09-17,3.234631044056248
2017-09-18,3.2120464097704664
2017-09-19,3.2428715227598115
2017-09-20,3.22727187039151
2017-09-21,3.2549148912679295
2017-09-22,3.2861541053340098
2017-09-23,3.2631337123140276
2017-09-24,3.2643240334209382
2017-09-25,3.292733376550309
2017-09-26,3.284631830161599
2017-09-27,3.258584593641023
2017-09-28,3.2935963273237077
2017-09-29,3.282850840245872
2017-09-30,3.285199591458396
2017-10-01,3.2757218792036293
2017-10-02,3.281846796611834
2017-10-03,3.26330482050746
2017-10-04,3.225923459424106
2017-10-05,3.202853360346974
2017-10-06,3.209344901423009
2017-10-07,3.2124273673243033
2017-10-08,3.216807848255926
2017-10-09,3.217671323660572
2017-10-10,3.2146902930843573
2017-10-11,3.214166201094611
2017-10-12,3.1911324148738855
2017-10-13,3.195847383810614
2017-10-14,3.1906675150560835
2017-10-15,3.1907274774971963
2017-10-16,3.191730497787299
2017-10-17,3.2386138275527023
2017-10-18,3.2263639600356213
2017-10-19,3.267895509854488
2017-10-20,3.2228187308023317
2017-10-21,3.226402748267904
2017-10-22,3.228690611992325
2017-10-23,3.22518580405665
2017-10-24,3.346063029742367
2017-10-25,3.26686164754172
2017-10-26,3.2781816948481
2017-10-27,3.306216090888443
2017-10-28,3.298430717795018
2017-10-29,3.2957144733948285
2017-10-30,3.277778152509315
2017-10-31,3.3068540962234945
2017-11-01,3.3693407546439724
2017-11-02,3.3779158025103504
2017-11-03,3.3347117430198403
2017-11-04,3.3342770314586487
2017-11-05,3.3345998314740637
2017-11-06,3.3301832384361916
2017-11-07,3.320477929951029
2017-11-08,3.3275912692061107
2017-11-09,3.298373331008432
2017-11-10,3.3014335066195324
2017-11-11,3.29955297734043
2017-11-12,3.3008970823776456
2017-11-13,3.288908346852532
2017-11-14,3.2914593578065863
2017-11-15,3.25019867913035
2017-11-16,3.2355119156981376
2017-11-17,3.2335635814622097
2017-11-18,3.2218748853122072
2017-11-19,3.203066605855112
2017-11-20,3.270719906729356
2017-11-21,3.2925745146237437
2017-11-22,3.3115959130559425
2017-11-23,3.342063223305769
2017-11-24,3.3400221285010065
2017-11-25,3.3338509943815304
2017-11-26,3.3267242466873257
2017-11-27,3.3320397014969063
2017-11-28,3.380940229790496
2017-11-29,3.441126463867877
2017-11-30,3.463801141249524
2017-12-01,3.448266159713792
2017-12-02,3.4501089644793472
2017-12-03,3.473319769388454
2017-12-04,3.4694231269898577
2017-12-05,3.4887320216794953
2017-12-06,3.5229320336884444
2017-12-07,3.5217468392335167
2017-12-08,3.5187244871805965
2017-12-09,3.5154630068830492
2017-12-10,3.5113959548769325
2017-12-11,3.5028030913577393
2017-12-12,3.4308706666918516
2017-12-13,3.3697552404026414
2017-12-14,3.487806655490523
2017-12-15,3.3415840512671005
2017-12-16,3.35541783045422
2017-12-17,3.3633568184033633
2017-12-18,3.4041773312660064
2017-12-19,3.44825299902593
2017-12-20,3.395598036186242
2017-12-21,3.3874338898281757
2017-12-22,3.3987374533114787
2017-12-23,3.397051229694719
2017-12-24,3.3890962141173517
2017-12-25,3.406925494834067
2017-12-26,3.5180349493727285
2017-12-27,3.515057395061904
2017-12-28,3.496749311831814
2017-12-29,3.498170246959937
2017-12-30,3.4917789473838603
2017-12-31,3.4880089251757065
2018-01-01,3.4594136871503336
2018-01-02,3.4379405046610785
2018-01-03,3.4363457681427443
2018-01-04,3.4050920338437223
2018-01-05,3.402325415867018
2018-01-06,3.4019469099022825
2018-01-07,3.4006440873945896
2018-01-08,3.406211568528974
2018-01-09,3.410398720915369
2018-01-10,3.404827964886268
2018-01-11,3.413726980589722
2018-01-12,3.4063822318998582
2018-01-13,3.4152819737958535
2018-01-14,3.4120979458729965
2018-01-15,3.410738329207697
2018-01-16,3.378522115729828
2018-01-17,3.379878447726307
2018-01-18,3.3712779506670123
2018-01-19,3.3644138413215106
2018-01-20,3.358185598673686
2018-01-21,3.35720417740189
2018-01-22,3.3615567346059816
2018-01-23,3.2833548689418617
2018-01-24,3.115089783320577
2018-01-25,3.0850956713786477
2018-01-26,3.061159019891819
2018-01-27,3.056610723716368
2018-01-28,3.0527930876745346
2018-01-29,3.0396328415184
2018-01-30,3.0019222999669304
2018-01-31,3.080007888946319
2018-02-01,3.0569173941467196
2018-02-02,2.894180031778811
2018-02-03,2.895962254754897
2018-02-04,2.892332622857966
2018-02-05,2.913168432658223
2018-02-06,2.832716807921745
2018-02-07,2.8186947354026293
2018-02-08,2.851310588983932
2018-02-09,2.8488888911933947
2018-02-10,2.8409625264714737
2018-02-11,2.8298572687223276
2018-02-12,2.7988499626583376
2018-02-13,2.85020430582528
2018-02-14,2.8215574802260233
2018-02-15,2.819789986300128
2018-02-16,2.7758144694930653
2018-02-17,2.7854065359114575
2018-02-18,2.770104778109907
2018-02-19,2.7772077613727872
2018-02-20,2.8067772733079694
2018-02-21,2.7336179651182406
2018-02-22,2.698511153040624
2018-02-23,2.682146982514498
2018-02-24,2.753765180816563
2018-02-25,2.7237296486326086
2018-02-26,2.6974632731613823
2018-02-27,2.594702278965189
2018-02-28,2.574939875947492
2018-03-01,2.621954068183052
2018-03-02,2.586427404538886
2018-03-03,2.577428660311848
2018-03-04,2.567316617599374
2018-03-05,2.569672705457238
2018-03-06,2.5657914572420277
2018-03-07,2.534880570546709
2018-03-08,2.406260836017955
2018-03-09,2.4215358419913655
2018-03-10,2.432551959743704
2018-03-11,2.4211376933235793
2018-03-12,2.40383689170855
2018-03-13,2.2539397952595883
2018-03-14,2.242470386974417
2018-03-15,2.027869727466527
2018-03-16,2.0693687074842333
2018-03-17,2.069794391864648
2018-03-18,2.0707137736048793
2018-03-19,2.111821841707521
2018-03-20,2.109613320845898
2018-03-21,1.9226022527575264
2018-03-22,1.9035791940283395
2018-03-23,1.9277134858314535
2018-03-24,1.9124532068800624
2018-03-25,1.8810321266685808
2018-03-26,1.8873966083114224
2018-03-27,1.9459391978247067
2018-03-28,2.0046756999184514
2018-03-29,2.017035275504265
2018-03-30,2.0047548543838905
2018-03-31,1.989328926468568
2018-04-01,1.9103999401837597
2018-04-02,1.8260049993088976
2018-04-03,1.894509605821483
2018-04-04,1.8579070015634505
2018-04-05,1.8514553768145496
2018-04-06,1.8482720829972576
2018-04-07,1.8341896274576652
2018-04-08,1.809200378358944
2018-04-09,1.8031642736178632
2018-04-10,1.7925191166471557
2018-04-11,1.766503610282038
2018-04-12,1.7517088535056238
2018-04-13,1.7504168343895592
2018-04-14,1.7427090910372711
2018-04-15,1.7290117817983948
2018-04-16,1.7360256832222598
2018-04-17,1.7547548206098105
2018-04-18,1.7837869331339888
2018-04-19,1.721969835980702
2018-04-20,1.6774154667074033
2018-04-21,1.665411338632201
2018-04-22,1.6526772150469733
2018-04-23,1.6104863463071266
2018-04-24,1.573148217668744
2018-04-25,1.7009081102006365
2018-04-26,1.5677369118350926
2018-04-27,1.6236745393665568
2018-04-28,1.6047849378687344
2018-04-29,1.5898741610941038
2018-04-30,1.6081046023770844
2018-05-01,2.0604478791810243
2018-05-02,2.4208169119411003
2018-05-03,2.4950033960239195
2018-05-04,2.420188521403146
2018-05-05,2.374374169569188
2018-05-06,2.3748673051848215
2018-05-07,2.386214285551997
2018-05-08,2.3596192083485263
2018-05-09,2.414108494294731
2018-05-10,2.412043168693259
2018-05-11,2.4203775218380703
2018-05-12,2.4169603167924576
2018-05-13,2.418631086737028
2018-05-14,2.411958969655948
2018-05-15,2.383928619969811
2018-05-16,2.3365407459892396
2018-05-17,2.31196729324503
2018-05-18,2.259870484479391
2018-05-19,2.2577129066445236
2018-05-20,2.2656294215390553
2018-05-21,2.237057976840723
2018-05-22,2.2652170735355877
2018-05-23,2.3033432989184464
2018-05-24,2.294231902502453
2018-05-25,2.2967001582906743
2018-05-26,2.3017956584934156
2018-05-27,2.2952135792274433
2018-05-28,2.2832397047178707
2018-05-29,2.3357252945012603
2018-05-30,2.3689906598506636
2018-05-31,2.40360202850656
2018-06-01,2.4395822401493814
2018-06-02,2.4192073984235587
2018-06-03,2.426019347450503
2018-06-04,2.439289592554585
2018-06-05,2.429380015761298
2018-06-06,2.455189797076468
2018-06-07,2.4819985307334527
2018-06-08,2.525615191843962
2018-06-09,2.514934235056261
2018-06-10,2.523962390078594
2018-06-11,2.5088295220888592
2018-06-12,2.5312756255683446
2018-06-13,2.562777394955556
2018-06-14,2.5902909800550735
2018-06-15,2.5951003549534506
2018-06-16,2.5972897229992022
2018-06-17,2.597909422235322
2018-06-18,2.596746322093884
2018-06-19,2.650383685086497
2018-06-20,2.673699636651086
2018-06-21,2.674247694085884
2018-06-22,2.6731014829480655
2018-06-23,2.677773056870782
2018-06-24,2.675936991755059
2018-06-25,2.663811049292864
2018-06-26,2.6563731561836352
2018-06-27,2.684227307628684
2018-06-28,2.7035277144352485
2018-06-29,2.6824723909573938
2018-06-30,2.687243064474812
2018-07-01,2.6945483733221307
2018-07-02,2.697797683113313
2018-07-03,2.73821112513708
2018-07-04,2.7054536927478363
2018-07-05,2.7231815687934025
2018-07-06,2.7165854408337933
2018-07-07,2.7051706880186988
2018-07-08,2.705071301341538
2018-07-09,2.702108688890874
2018-07-10,2.618989730817687
2018-07-11,2.6816632704484897
2018-07-12,2.65496558598655
2018-07-13,2.6455737262530765
2018-07-14,2.640881833383345
2018-07-15,2.638719143850927
2018-07-16,2.5917730754889776
2018-07-17,2.7440790476531314
2018-07-18,2.6656869281675455
2018-07-19,2.8605536939143583
2018-07-20,2.8412776456648827
2018-07-21,2.828338360459768
2018-07-22,2.8291226528674143
2018-07-23,2.8713043461191665
2018-07-24,2.693518866858469
2018-07-25,2.531814838601807
2018-07-26,2.2893468750759145
2018-07-27,2.251877545078345
2018-07-28,2.2519937631025506
2018-07-29,2.25330723614466
2018-07-30,2.2446516827123992
2018-07-31,2.245368714811679
2018-08-01,2.2678711463416104
2018-08-02,2.2562330482821946
2018-08-03,2.258901133325081
2018-08-04,2.3656288038368456
2018-08-05,2.360803209121744
2018-08-06,2.3640886343445824
2018-08-07,2.4463612817385294
2018-08-08,2.5139351657194497
2018-08-09,2.506647713865709
2018-08-10,2.504028840194391
2018-08-11,2.503148085777909
2018-08-12,2.5028959343709496
2018-08-13,2.499334377364197
2018-08-14,2.46871174681543
2018-08-15,2.4497521374456626
2018-08-16,2.4618724362368627
2018-08-17,2.4530083986094553
2018-08-18,2.451500144791121
2018-08-19,2.4531596553618247
2018-08-20,2.4888611720966347
2018-08-21,2.4595181629044243
2018-08-22,2.4409650731203714
2018-08-23,2.4276760815361667
2018-08-24,2.4301981794144947
2018-08-25,2.430213974185013
2018-08-26,2.4312574236147766
2018-08-27,2.432277186145538
2018-08-28,2.390711934693025
2018-08-29,2.371627499510833
2018-08-30,2.366215362536886
2018-08-31,2.3666618447514844
2018-09-01,2.37247635926571
2018-09-02,2.3577653061021624
2018-09-03,2.377155666746855
2018-09-04,2.375664628937075
2018-09-05,2.4239840423727976
2018-09-06,2.392957938960058
2018-09-07,2.386090510067754
2018-09-08,2.390868292119862
2018-09-09,2.3884967409522075
2018-09-10,2.3954762187209804
2018-09-11,2.3415136289002803
2018-09-12,2.3224363047078582
2018-09-13,2.0691030916876447
2018-09-14,2.1822568936396185
2018-09-15,2.181578701203149
2018-09-16,2.1816417343600136
2018-09-17,2.1110953002901116
2018-09-18,1.8499772036828324
2018-09-19,1.8348832195255271
2018-09-20,1.7361789020252347
2018-09-21,1.789810255079392
2018-09-22,1.7909373053109268
2018-09-23,1.804559182402312
2018-09-24,1.8128146006396344
2018-09-25,1.8186666880721711
2018-09-26,1.8295620625899496
2018-09-27,1.8512759064316615
2018-09-28,1.85850085120284
2018-09-29,1.8552610434639216
2018-09-30,1.8574787886640336
2018-10-01,1.9024746977607228
2018-10-02,1.854734642887128
2018-10-03,1.8657972378645296
2018-10-04,1.841098960190355
2018-10-05,1.8462683155221464
2018-10-06,1.840029588060086
2018-10-07,1.8371239679704892
2018-10-08,1.8393228574035312
2018-10-09,1.8369114000836428
2018-10-10,1.8345325866936784
2018-10-11,1.8427219067836007
2018-10-12,1.8430756156820016
2018-10-13,1.8432678542812724
2018-10-14,1.8438741414417157
2018-10-15,1.8470870394881884
2018-10-16,1.859796781327029
2018-10-17,1.907170150206578
2018-10-18,1.958085006401783
2018-10-19,1.9608867981162557
2018-10-20,1.9599978837350729
2018-10-21,1.955230782205961
2018-10-22,1.9533215080115744
2018-10-23,1.958522805841993
2018-10-24,1.9036839136463093
2018-10-25,1.9008436467327052
2018-10-26,1.8659358610253685
2018-10-27,1.860670418491042
2018-10-28,1.8577034697170165
2018-10-29,1.849613849803524
2018-10-30,1.8300505229274964
2018-10-31,1.950276414904747
2018-11-01,1.8999754740451689
2018-11-02,1.8534437740357912
2018-11-03,1.831568955962986
2018-11-04,1.8295232197256177
2018-11-05,1.8638031736514056
2018-11-06,1.865263347704887
2018-11-07,1.6302858632885937
2018-11-08,1.6604235803948215
2018-11-09,1.660305081456083
2018-11-10,1.6433772930940282
2018-11-11,1.6395599198919826
2018-11-12,1.6390873924336309
2018-11-13,1.6450693757531163
2018-11-14,1.5871188585068732
2018-11-15,1.572313047260728
2018-11-16,1.57746718229647
2018-11-17,1.5777063498862127
2018-11-18,1.5852671406076613
2018-11-19,1.5733481396383324
2018-11-20,1.548693353753949
2018-11-21,1.529365004136649
2018-11-22,1.5372736998457173
2018-11-23,1.5287971042352713
2018-11-24,1.524984264168856
2018-11-25,1.5239803816605575
2018-11-26,1.523176412009978
2018-11-27,1.5058373652579986
2018-11-28,1.480282009326071
2018-11-29,1.4505688313098437
2018-11-30,1.4493353069929025
2018-12-01,1.4745110154297745
2018-12-02,1.4523836629967737
2018-12-03,1.4617231227879963
2018-12-04,1.5405263897256405
2018-12-05,1.5258740794553742
2018-12-06,1.464187925014346
2018-12-07,1.5201532691786277
2018-12-08,1.5112791628004263
2018-12-09,1.4957789608072969
2018-12-10,1.4667829358494795
2018-12-11,1.429115220925395
2018-12-12,1.4339808993258087
2018-12-13,1.3256970603819538
2018-12-14,1.3448904540270723
2018-12-15,1.3553284948387128
2018-12-16,1.3603467616850242
2018-12-17,1.2851037818812183
2018-12-18,1.2533013702352995
2018-12-19,1.215197026162033
2018-12-20,1.2205132791554152
2018-12-21,1.1899114227557948
2018-12-22,1.1964085453508206
2018-12-23,1.1895528832654592
2018-12-24,1.1965363781378318
2018-12-25,1.2777083513000975
2018-12-26,1.2857307650605283
2018-12-27,1.245029272350184
2018-12-28,1.246318930757366
2018-12-29,1.2406197783576398
2018-12-30,1.2255822932103644
2018-12-31,1.2129842178773884
2019-01-01,1.2555313062961582
2019-01-02,1.2234905537115093
2019-01-03,1.2203406169731774
2019-01-04,1.2198177565748856
2019-01-05,1.223896324525247
2019-01-06,1.2233228265192446
2019-01-07,1.2139049317313968
2019-01-08,1.2098567504080349
2019-01-09,1.2143843507378371
2019-01-10,1.203241573370149
2019-01-11,1.2169602034711045
2019-01-12,1.2152393453534824
2019-01-13,1.208532699906233
2019-01-14,1.2082350441741647
2019-01-15,1.2124533443967191
2019-01-16,1.1853692615717182
2019-01-17,1.176423729804385
2019-01-18,1.1737269500520322
2019-01-19,1.168286874953303
2019-01-20,1.1653344323227974
2019-01-21,1.1587196090734988
2019-01-22,1.1314187373419322
2019-01-23,0.9754063753123932
2019-01-24,0.9201654974645102
2019-01-25,0.9038323683943026
2019-01-26,0.9061342423152888
2019-01-27,0.9022854586996852
2019-01-28,0.9067135526831616
2019-01-29,0.8841858902198596
2019-01-30,0.6957670916779735
2019-01-31,0.5960435110164433
2019-02-01,0.5610728618408909
2019-02-02,0.5274431808620319
2019-02-03,0.5263497830091648
2019-02-04,0.5598527755923741
2019-02-05,0.5424498171220566
2019-02-06,0.5428663026166789
2019-02-07,0.4107133060727297
2019-02-08,0.3965712701659938
2019-02-09,0.4005165164478814
2019-02-10,0.4031819764303033
2019-02-11,0.4198067134697614
2019-02-12,0.4225677375510486
2019-02-13,0.3350333374065628
2019-02-14,0.3167320766850379
2019-02-15,0.2640834037365529
2019-02-16,0.2647654756240896
2019-02-17,0.265956977509628
2019-02-18,0.2395783774520592
2019-02-19,0.1479443641922051
2019-02-20,-0.1112478809265971
2019-02-21,-0.108934869001811
2019-02-22,-0.1031890989995631
2019-02-23,-0.0939464888436991
2019-02-24,-0.0971818426375086
2019-02-25,-0.1322427288004166
2019-02-26,-0.1843352409812921
2019-02-27,-0.2091935118033236
2019-02-28,-0.3177944550752944
2019-03-01,-0.3112419829489732
2019-03-02,-0.3513379998384889
2019-03-03,-0.3467263950722943
2019-03-04,-0.3705311667465985
2019-03-05,-0.381214556241598
2019-03-06,-0.3630553396624227
2019-03-07,-0.4104379916828478
2019-03-08,-0.3775285429209605
2019-03-09,-0.3741783100551288
2019-03-10,-0.3715825446959746
2019-03-11,-0.3532723501707973
2019-03-12,-0.5009378570018268
2019-03-13,-0.5111546783676792
2019-03-14,-0.61025320814012
2019-03-15,-0.6458559950878957
2019-03-16,-0.6274147953971054
2019-03-17,-0.6082660249662855
2019-03-18,-0.5820622852784414
2019-03-19,-0.5853242301211168
2019-03-20,-0.6558166036541486
2019-03-21,-0.601107874005089
2019-03-22,-0.6046785669400339
2019-03-23,-0.6119099086280388
2019-03-24,-0.6227789221938638
2019-03-25,-0.6034141849192776
2019-03-26,-0.599118718255145
2019-03-27,-0.5725439139313049
2019-03-28,-0.5818483395916241
2019-03-29,-0.587432799182066
2019-03-30,-0.5838575131418002
2019-03-31,-0.5839486018322853
2019-04-01,-0.5623310188145858
2019-04-02,-0.6044330871741828
2019-04-03,-0.5943678350154333
2019-04-04,-0.5929323507634998
2019-04-05,-0.5986258365084822
2019-04-06,-0.5975334840543955
2019-04-07,-0.5970527015236464
2019-04-08,-0.601227892138454
2019-04-09,-0.6042371128497885
2019-04-10,-0.60108654411159
2019-04-11,-0.5990892266384873
2019-04-12,-0.5991873823510034
2019-04-13,-0.5994513923568214
2019-04-14,-0.6031509677482418
2019-04-15,-0.5992041526743193
2019-04-16,-0.5817345053964309
2019-04-17,-0.5459642483948941
2019-04-18,-0.5091981058219659
2019-04-19,-0.5086884117078943
2019-04-20,-0.5108270063152807
2019-04-21,-0.5111543508020442
2019-04-22,-0.5098862016605241
2019-04-23,-0.5159861912498092
2019-04-24,-0.4264854064869028
2019-04-25,-0.2575734479675953
2019-04-26,-0.2303783798766079
2019-04-27,-0.2340838184282589
2019-04-28,-0.2346973335696831
2019-04-29,-0.189328504862853
2019-04-30,-0.1033674095607461
2019-05-01,0.0477546419667671
2019-05-02,0.0328982715716179
2019-05-03,0.0566654818090772
2019-05-04,-0.0319206692909173
2019-05-05,-0.0363109487701134
2019-05-06,-0.0382524246680073
2019-05-07,-0.0964667696146781
2019-05-08,-0.1436002831022191
2019-05-09,-0.1630181972416329
2019-05-10,-0.1239335447917708
2019-05-11,-0.1276515872091503
2019-05-12,-0.1268528341691621
2019-05-13,-0.1230536871711573
2019-05-14,-0.1079320280148499
2019-05-15,-0.0547076936749393
2019-05-16,-0.0308117134320107
2019-05-17,-0.0408981217693353
2019-05-18,-0.0426345325703194
2019-05-19,-0.0464651729255516
2019-05-20,-0.0440049698359406
2019-05-21,-0.061899748811991
2019-05-22,-0.074421175188406
2019-05-23,-0.0028302893520026
2019-05-24,-0.01059156795404
2019-05-25,-0.0075823107519616
2019-05-26,0.0044190594245407
2019-05-27,-0.0104249261579374
2019-05-28,-0.0207129989369163
2019-05-29,-0.0491064282385478
2019-05-30,-0.0516842676215616
2019-05-31,-0.0440190160948605
2019-06-01,-0.0257289520797079
2019-06-02,-0.0423113238940375
2019-06-03,-0.0477039841638426
2019-06-04,-0.0283875104186157
2019-06-05,-0.0191808088802827
2019-06-06,-0.0067591967293814
2019-06-07,0.0012946382259615
2019-06-08,-0.0048026787143728
2019-06-09,0.0028846404867786
2019-06-10,-0.0084441410667328
2019-06-11,0.0695411762458904
2019-06-12,0.1645558325787375
2019-06-13,0.1513050953780133
2019-06-14,0.159247208597431
2019-06-15,0.1657239483046311
2019-06-16,0.1587564648581119
2019-06-17,0.1596623295540293
2019-06-18,0.1442455310973009
2019-06-19,0.1866387079321918
2019-06-20,0.1626418717439119
2019-06-21,0.2954706408541514
2019-06-22,0.2823538143793045
2019-06-23,0.2759338192159424
2019-06-24,0.2672709909517632
2019-06-25,0.3785787019817808
2019-06-26,0.3980294835252103
2019-06-27,0.4111101043338911
2019-06-28,0.4060313011122503
2019-06-29,0.3909087101010446
2019-06-30,0.3811738662785022
2019-07-01,0.4286243301812926
2019-07-02,0.3909383364728995
2019-07-03,0.4444882749927359
2019-07-04,0.4409895904015757
2019-07-05,0.4628293553006259
2019-07-06,0.4444892834273162
2019-07-07,0.4359408388639432
2019-07-08,0.4127918752866808
2019-07-09,0.374102992345906
2019-07-10,0.3802192876166401
2019-07-11,0.4135647807554625
2019-07-12,0.408244177175765
2019-07-13,0.4433669906979114
2019-07-14,0.4442152132143384
2019-07-15,0.453725152306434
2019-07-16,0.4262157710301015
2019-07-17,0.5617305099693124
2019-07-18,0.5151184078944455
2019-07-19,0.5105017835474643
2019-07-20,0.5023483083596707
2019-07-21,0.5031055598717709
2019-07-22,0.50719107351278
2019-07-23,0.5119058670183358
2019-07-24,0.6817171347982229
2019-07-25,0.8762638499140003
2019-07-26,0.8967772997298222
2019-07-27,0.8793557607799469
2019-07-28,0.874842315707627
2019-07-29,0.8427771127450532
2019-07-30,0.984735082867878
2019-07-31,1.3852679558471364
2019-08-01,1.357039617975275
2019-08-02,1.3058846278949248
2019-08-03,1.3147234105314751
2019-08-04,1.3159818544444817
2019-08-05,1.3304837697398906
2019-08-06,1.486232596410314
2019-08-07,1.4911453260570469
2019-08-08,1.499173091497132
2019-08-09,1.5011790961400786
2019-08-10,1.4978943488865049
2019-08-11,1.4989879950753535
2019-08-12,1.4903137255976555
2019-08-13,1.4927944381772948
2019-08-14,1.5049462336409984
2019-08-15,1.496857047223499
2019-08-16,1.4999830025187535
2019-08-17,1.5071030665300498
2019-08-18,1.4927948231487915
2019-08-19,1.5016628721923768
2019-08-20,1.4858779249840464
2019-08-21,1.4796237791981224
2019-08-22,1.4509519448195345
2019-08-23,1.4715932364153714
2019-08-24,1.4670723600031574
2019-08-25,1.4623541724687068
2019-08-26,1.4655969951555454
2019-08-27,1.47213347697506
2019-08-28,1.4570619364487138
2019-08-29,1.4311766372695156
2019-08-30,1.4190646227439905
2019-08-31,1.411875427594085
2019-09-01,1.3902866439782775
2019-09-02,1.3898905336922676
2019-09-03,1.4152919409368905
2019-09-04,1.410118432301632
2019-09-05,1.4742938094457103
2019-09-06,1.4912596625835215
2019-09-07,1.484074422142533
2019-09-08,1.4786139722410048
2019-09-09,1.496377244236744
2019-09-10,1.5419161438916216
2019-09-11,1.5161781094683966
2019-09-12,1.618814595595003
2019-09-13,1.5937348188427114
2019-09-14,1.5875058466787049
2019-09-15,1.5796550945215422
2019-09-16,1.571475088582952
2019-09-17,1.4828088774833876
2019-09-18,1.3451911238696932
2019-09-19,1.363915532876002
2019-09-20,1.4197302584161002
2019-09-21,1.445729532139152
2019-09-22,1.437919397780444
2019-09-23,1.4483662658625565
2019-09-24,1.4435180298131558
2019-09-25,1.4052187288937568
2019-09-26,1.416555623720383
2019-09-27,1.4219305997999716
2019-09-28,1.4111715950547348
2019-09-29,1.407519711008639
2019-09-30,1.4053619737424092
2019-10-01,1.4355128677665323
2019-10-02,1.4557567380317171
2019-10-03,1.4940905233041315
2019-10-04,1.5523796970628008
2019-10-05,1.5516925901434817
2019-10-06,1.5390880175518955
2019-10-07,1.5436579094187883
2019-10-08,1.5299572770210668
2019-10-09,1.538362598764118
2019-10-10,1.5311108893928391
2019-10-11,1.532834640578539
2019-10-12,1.5429088275333174
2019-10-13,1.5450654989657835
2019-10-14,1.5404212494407716
2019-10-15,1.5616598817041711
2019-10-16,1.348618492080371
2019-10-17,1.3431914455446363
2019-10-18,1.3464783694596067
2019-10-19,1.3543422068848172
2019-10-20,1.3505982438220632
2019-10-21,1.3438088068621807
2019-10-22,1.3649348290919745
2019-10-23,1.4307263812422395
2019-10-24,1.3833263808443053
2019-10-25,1.369352248094371
2019-10-26,1.367878613072748
2019-10-27,1.3648668118710856
2019-10-28,1.3959921906795538
2019-10-29,1.3393180927418022
2019-10-30,1.3755627055944175
2019-10-31,1.5575684762862672
2019-11-01,1.5134349509229743
2019-11-02,1.5359648240917234
2019-11-03,1.5427707773062531
2019-11-04,1.5063805886461177
2019-11-05,1.468395101791968
2019-11-06,1.5387964366470706
2019-11-07,1.579133620250912
2019-11-08,1.5704949966822956
2019-11-09,1.566886087656603
2019-11-10,1.5656444050165372
2019-11-11,1.570203560986936
2019-11-12,1.591628014432095
2019-11-13,1.6020538565609872
2019-11-14,1.6523510586901864
2019-11-15,1.6478267864610092
2019-11-16,1.6438163007811712
2019-11-17,1.6467772294331933
2019-11-18,1.645420503757045
2019-11-19,1.6421646157045986
2019-11-20,1.6157526339742467
2019-11-21,1.594287316855415
2019-11-22,1.5866500646143993
2019-11-23,1.5827341836897728
2019-11-24,1.5921630951074943
2019-11-25,1.5770565823713376
2019-11-26,1.6131725620154995
2019-11-27,1.6302565562177471
2019-11-28,1.6338544395275507
2019-11-29,1.6395673605432075
2019-11-30,1.6446957902130688
2019-12-01,1.6317977482600547
2019-12-02,1.6119096172288738
2019-12-03,1.6206970668988725
2019-12-04,1.637747346168226
2019-12-05,1.6235644671732703
2019-12-06,1.5914451416054949
2019-12-07,1.5926065071795992
2019-12-08,1.6015718933574117
2019-12-09,1.5668539439231086
2019-12-10,1.7047606696989537
2019-12-11,1.670915809347581
2019-12-12,1.747381467934621
2019-12-13,1.769633185739989
2019-12-14,1.775086751412429
2019-12-15,1.775161218534952
2019-12-16,1.7563973970093416
2019-12-17,1.7822244872822663
2019-12-18,1.7518880360877875
2019-12-19,1.759183732538485
2019-12-20,1.787298203591534
2019-12-21,1.627840206702343
2019-12-22,1.6409542457708743
2019-12-23,1.6479939584473386
2019-12-24,1.5861732484938067
2019-12-25,1.5392445751852455
2019-12-26,1.56792107123179
2019-12-27,1.5767026030440623
2019-12-28,1.5655707781273838
2019-12-29,1.5607037233084189
2019-12-30,1.561435148140172
2019-12-31,1.5761782890321518
2020-01-01,1.54553004778884
2020-01-02,1.5322267696503722
2020-01-03,1.535400921411682
2020-01-04,1.5381321077730656
2020-01-05,1.5350471896830624
2020-01-06,1.5319500995582755
2020-01-07,1.536902897094688
2020-01-08,1.5544632403536232
2020-01-09,1.554004277172677
2020-01-10,1.567196250619889
2020-01-11,1.572103387833871
2020-01-12,1.5695646558907272
2020-01-13,1.5688514149106985
2020-01-14,1.595398073503456
2020-01-15,1.6056595064639327
2020-01-16,1.6066705602165674
2020-01-17,1.6019387245284376
2020-01-18,1.5993388438108085
2020-01-19,1.5992511198174009
2020-01-20,1.59663895961
2020-01-21,1.6230526384610915
2020-01-22,1.6550013391599443
2020-01-23,1.7132232994176326
2020-01-24,1.726001216257092
2020-01-25,1.73237599466042
2020-01-26,1.730151567879452
2020-01-27,1.736701960164164
2020-01-28,1.719678977954965
2020-01-29,1.9064205584114535
2020-01-30,1.9215335547694803
2020-01-31,1.9848882477117835
2020-02-01,1.9576614214889567
2020-02-02,1.976315424175859
2020-02-03,1.9820441142568144
2020-02-04,2.0542233265771763
2020-02-05,2.0330207941040745
2020-02-06,2.0175821626867405
2020-02-07,2.108979709738694
2020-02-08,2.118887366102597
2020-02-09,2.1199977952859372
2020-02-10,2.1258777326440055
2020-02-11,2.1558371778702563
2020-02-12,2.3423501688029207
2020-02-13,2.3994086409704227
2020-02-14,2.410568688604591
2020-02-15,2.408492561068285
2020-02-16,2.406532079388667
2020-02-17,2.3768558366977532
2020-02-18,2.3533148141743263
2020-02-19,2.3738684419644227
2020-02-20,2.4419428115882824
2020-02-21,2.4349724404959416
2020-02-22,2.3793122351153815
2020-02-23,2.3824992022016165
2020-02-24,2.3922333595323924
2020-02-25,2.3265241037147986
2020-02-26,2.24355772498307
2020-02-27,2.1975228525320367
2020-02-28,2.189968486111398
2020-02-29,2.1873807521406405
2020-03-01,2.172501924003221
2020-03-02,2.151825679302847
2020-03-03,2.1060784496479252
2020-03-04,2.071540754523257
2020-03-05,1.989681592433365
2020-03-06,1.9902546556154057
2020-03-07,1.990247368528884
2020-03-08,1.9959345317307564
2020-03-09,2.003218031759018
2020-03-10,1.989598053140244
2020-03-11,1.9020842159159648
2020-03-12,1.857276685219873
2020-03-13,1.8938724572835492
2020-03-14,1.8859568396861932
2020-03-15,1.8933330509974289
2020-03-16,1.8709435016492093
2020-03-17,1.8646076501830544
2020-03-18,1.867612109997955
2020-03-19,1.8069312807562592
2020-03-20,1.802141150940268
2020-03-21,1.764213453513304
2020-03-22,1.7684947209163324
2020-03-23,1.735263860292568
2020-03-24,1.6832608967151366
2020-03-25,1.7768036905520033
2020-03-26,1.7311318108796083
2020-03-27,1.751145700977787
2020-03-28,1.7555816347927484
2020-03-29,1.7590035887723865
2020-03-30,1.7674028740451413
2020-03-31,1.779373358100057
2020-04-01,1.8140449477914904
2020-04-02,1.8627985046609743
2020-04-03,1.8523599767076504
2020-04-04,1.8474237339602624
2020-04-05,1.841797020940412
2020-04-06,1.8354984324022403
2020-04-07,1.8626099125326971
2020-04-08,1.8513649203819948
2020-04-09,1.8430318448998064
2020-04-10,1.8404626474542525
2020-04-11,1.8418390146839465
2020-04-12,1.8392472708204
2020-04-13,1.833143654143732
2020-04-14,1.807686799213469
2020-04-15,1.810889319921604
2020-04-16,1.8178647179495264
2020-04-17,1.8483006943061953
2020-04-18,1.8511855682253044
2020-04-19,1.847564914951892
2020-04-20,1.850827047538252
2020-04-21,1.8532357126867167
2020-04-22,1.836467807477696
2020-04-23,1.9237103128222883
2020-04-24,1.9573724632294096
2020-04-25,1.954044625076258
2020-04-26,1.957006582303176
2020-04-27,1.9544564573505945
2020-04-28,2.11924342674659
2020-04-29,2.288378812193187
2020-04-30,2.4697880213845873
2020-05-01,2.411064800666837
2020-05-02,2.3565863125670763
2020-05-03,2.357097472118186
2020-05-04,2.4002834263759296
2020-05-05,2.5045058667592177
2020-05-06,2.5079215155902057
2020-05-07,2.668026373743474
2020-05-08,2.664068541428448
2020-05-09,2.6761500299544356
2020-05-10,2.6642115902369197
2020-05-11,2.682557512320049
2020-05-12,2.67591968812252
2020-05-13,2.698497375522662
2020-05-14,2.669431293668674
2020-05-15,2.7232515408242115
2020-05-16,2.723344371633071
2020-05-17,2.7202640915940286
2020-05-18,2.7159255242993128
2020-05-19,2.820530367736964
2020-05-20,2.810427983025191
2020-05-21,2.89270659539691
2020-05-22,2.896919711913114
2020-05-23,2.8958428283877926
2020-05-24,2.890943481261053
2020-05-25,2.9000484319162347
2020-05-26,2.9231226669193617
2020-05-27,2.9396722139478704
2020-05-28,3.0288954324143726
2020-05-29,3.053872476320975
2020-05-30,3.051006713046962
2020-05-31,3.056716210134062
2020-06-01,3.076429604821355
2020-06-02,3.106176078375704
2020-06-03,3.125955725607267
2020-06-04,3.1519301302253986
2020-06-05,3.1642245586999427
2020-06-06,3.1606873494309227
2020-06-07,3.159373240811261
2020-06-08,3.1554596735609257
2020-06-09,3.1933777689686496
2020-06-10,3.3069025254371622
2020-06-11,3.336475656795608
2020-06-12,3.3449717563027863
2020-06-13,3.335067075296831
2020-06-14,3.3234915975996477
2020-06-15,3.328479291583835
2020-06-16,3.4882593763496628
2020-06-17,3.628507277045205
2020-06-18,3.770898357788497
2020-06-19,3.9142589251072897
2020-06-20,3.833780504220041
2020-06-21,3.8177609598453817
2020-06-22,3.81881406647871
2020-06-23,3.8085124611511967
2020-06-24,3.7338021019472745
2020-06-25,3.853619422534344
2020-06-26,3.778225604235618
2020-06-27,3.754698978014154
2020-06-28,3.754195199520544
2020-06-29,3.742639331913845
2020-06-30,3.74357136202987
2020-07-01,3.786510931848533
2020-07-02,3.830636501589876
2020-07-03,3.820804784807958
2020-07-04,3.827014575261333
2020-07-05,3.8252279281178514
2020-07-06,3.828456089531047
2020-07-07,3.870247590035409
2020-07-08,4.031990286772955
2020-07-09,4.018615982678571
2020-07-10,3.991079655460094
2020-07-11,3.984401457444011
2020-07-12,3.974938601721162
2020-07-13,3.96728027597374
2020-07-14,3.975944798344309
2020-07-15,4.002759750187778
2020-07-16,4.193204469977575
2020-07-17,4.211212277644029
2020-07-18,4.179017774113102
2020-07-19,4.169811982064525
2020-07-20,4.0451476195551255
2020-07-21,4.042006959131558
2020-07-22,4.097264568760606
2020-07-23,4.295525450075524
2020-07-24,4.354117922984809
2020-07-25,4.353517637529216
2020-07-26,4.365221444075717
2020-07-27,4.384168962514375
2020-07-28,4.565955408630926
2020-07-29,4.7833977240462815
2020-07-30,5.422989805248614
2020-07-31,3.106322742114411
2020-08-01,3.065671806040073
2020-08-02,3.101055315925355
2020-08-03,3.1538438645904945
2020-08-04,3.360510132193831
2020-08-05,3.452805824702904
2020-08-06,3.499575224593557
2020-08-07,3.500612517731094
2020-08-08,3.652930177020232
2020-08-09,3.6377561008267234
2020-08-10,3.660302774722872
2020-08-11,3.693898527688455
2020-08-12,3.7306270025225734
2020-08-13,3.742059336564312
2020-08-14,3.7353358070731257
2020-08-15,3.728240300175597
2020-08-16,3.7143417562718786
2020-08-17,3.744645462837929
2020-08-18,3.796554683166676
2020-08-19,3.7927997847784862
2020-08-20,3.780072853933863
2020-08-21,3.7860655388775024
2020-08-22,3.773319360489726
2020-08-23,3.775915830551533
2020-08-24,3.757556206810169
2020-08-25,3.781555366487475
2020-08-26,3.779349964337841
2020-08-27,3.72873369246272
2020-08-28,3.7370528809324153
2020-08-29,3.7314496148322664
2020-08-30,3.727995815651747
2020-08-31,3.726621904496088
2020-09-01,3.7044146178308095
2020-09-02,3.739573842285445
2020-09-03,3.699337742717689
2020-09-04,3.7194163495874824
2020-09-05,3.7058201733984553
2020-09-06,3.712166340401099
2020-09-07,3.7171646630846857
2020-09-08,3.689657262137432
2020-09-09,3.58492623867902
2020-09-10,3.517605863722264
2020-09-11,3.540920098401532
2020-09-12,3.5480230498812304
2020-09-13,3.5499133487479604
2020-09-14,3.505914392410481
2020-09-15,3.490556163066407
2020-09-16,3.5773582745354107
2020-09-17,3.548829404843798
2020-09-18,3.567222544324567
2020-09-19,3.5532087200855194
2020-09-20,3.557649858663411
2020-09-21,3.5779746611631396
2020-09-22,3.6445703229339728
2020-09-23,3.679291466101812
2020-09-24,3.685663652448664
2020-09-25,3.657599209410334
2020-09-26,3.64060243446136
2020-09-27,3.625626939139364
2020-09-28,3.613257799636951
2020-09-29,3.609539143115285
2020-09-30,3.613560591533184
2020-10-01,3.5696626047575553
2020-10-02,3.6132839317064183
2020-10-03,3.598752090486242
2020-10-04,3.596303428605736
2020-10-05,3.5880457386184075
2020-10-06,3.607829529114204
2020-10-07,3.59503101316355
2020-10-08,3.5780771597460905
2020-10-09,3.572099109541731
2020-10-10,3.5703055792320493
2020-10-11,3.5553289767225937
2020-10-12,3.551804110919695
2020-10-13,3.6287597410232664
2020-10-14,3.6472678872614734
2020-10-15,3.666048540494869
2020-10-16,3.6662832404266257
2020-10-17,3.664730284796521
2020-10-18,3.6609412407565065
2020-10-19,3.784921119998097
2020-10-20,3.758165016612221
2020-10-21,3.850524332384188
2020-10-22,3.7919606007145745
2020-10-23,3.8235005797938
2020-10-24,3.813984020657837
2020-10-25,3.8095741242633023
2020-10-26,3.8239069510502377
2020-10-27,3.891237259770627
2020-10-28,3.9211183528983664
2020-10-29,4.034584894802779
2020-10-30,4.051907206781666
2020-10-31,8.019170106223411
2020-11-01,7.904210794421511
2020-11-02,7.934146230552487
2020-11-03,7.866561291672873
2020-11-04,7.8096785567431635
2020-11-05,7.758396914603782
2020-11-06,7.716671288949758
2020-11-07,7.580761365048701
2020-11-08,7.589204476943253
2020-11-09,7.601912189249571
2020-11-10,7.638282546236597
2020-11-11,7.617445961491663
2020-11-12,7.652728975721947
2020-11-13,7.654642082402003
2020-11-14,7.654001755862322
2020-11-15,7.673457281216767
2020-11-16,7.652721659822365
2020-11-17,7.639545515426828
2020-11-18,7.608202729272876
2020-11-19,7.607338447813191
2020-11-20,7.608548275266271
2020-11-21,7.60889387304092
2020-11-22,7.593582290840401
2020-11-23,7.59815927161697
2020-11-24,7.632909555368883
2020-11-25,7.606636886162326
2020-11-26,7.58357505743904
2020-11-27,7.574403826275194
2020-11-28,7.579913955905198
2020-11-29,7.568374574613921
2020-11-30,7.560103842507958
2020-12-01,7.501920195154
2020-12-02,7.469400992381765
2020-12-03,7.32791575925295
2020-12-04,7.359539065223322
2020-12-05,7.34826521053914
2020-12-06,7.353566029311359
2020-12-07,7.354024761126356
2020-12-08,7.3203458602030995
2020-12-09,7.289294980744175
2020-12-10,7.276365226104471
2020-12-11,7.160671136795687
2020-12-12,7.176750134039192
2020-12-13,7.193213898492683
2020-12-14,7.2022977698638435
2020-12-15,7.178008713047962
2020-12-16,7.115388450149688
2020-12-17,7.1373593224495675
2020-12-18,7.163394964939253
2020-12-19,7.222023101596736
2020-12-20,7.217026458476562
2020-12-21,7.212928718730561
2020-12-22,7.122826433735868
2020-12-23,7.122722433951957
2020-12-24,7.0732183959110575
2020-12-25,7.064163698576725
2020-12-26,7.057415740371953
2020-12-27,7.059861270087241
2020-12-28,7.049135911979743
2020-12-29,7.049409261306108
2020-12-30,7.058316564575922
2020-12-31,7.065385678023303
2021-01-01,6.988100778894494
2021-01-02,7.081095314315336
2021-01-03,7.07422520306875
2021-01-04,7.073781108632324
2021-01-05,7.057371737593089
2021-01-06,7.072076544960167
2021-01-07,7.083663856633248
2021-01-08,7.090210232154927
2021-01-09,7.096807264499452
2021-01-10,7.107139511736568
2021-01-11,7.124345409137987
2021-01-12,7.129646832691101
2021-01-13,7.15775065498917
2021-01-14,7.142363416945067
2021-01-15,7.148561354578379
2021-01-16,7.140093765008762
2021-01-17,7.1431464022097275
2021-01-18,7.119825447358109
2021-01-19,7.117511979785954
2021-01-20,7.115661758404631
2021-01-21,7.160377919108546
2021-01-22,7.163708055394213
2021-01-23,7.177673661027896
2021-01-24,7.160986260112261
2021-01-25,7.1507829714989475
2021-01-26,7.369110069832535
2021-01-27,7.262646357359688
2021-01-28,7.1803568109027385
2021-01-29,7.183898944685626
2021-01-30,7.192623056800417
2021-01-31,7.253727853382228
2021-02-01,7.144686422329745
2021-02-02,7.184780732262258
2021-02-03,7.121905207611108
2021-02-04,6.968044831397913
2021-02-05,7.003824467851198
2021-02-06,7.011531832896327
2021-02-07,7.00602618389214
2021-02-08,6.978852275155824
2021-02-09,6.91445917149457
2021-02-10,6.891940968733666
2021-02-11,6.929613269358015
2021-02-12,6.931929955028739
2021-02-13,6.93225991358638
2021-02-14,6.923119604105631
2021-02-15,6.914780790948447
2021-02-16,6.930109601279201
2021-02-17,7.005976177955825
2021-02-18,6.951892527911819
2021-02-19,6.95987665992174
2021-02-20,6.942605692902568
2021-02-21,6.919550737862062
2021-02-22,6.901950837698656
2021-02-23,6.950806218320203
2021-02-24,6.927902442074546
2021-02-25,7.081713352430306
2021-02-26,7.046574059909968
2021-02-27,7.038229415223649
2021-02-28,7.053523344286103
2021-03-01,7.003446885274047
2021-03-02,7.057178728729449
2021-03-03,7.29681736372205
2021-03-04,7.244168204175028
2021-03-05,7.21859137803173
2021-03-06,7.227311080673919
2021-03-07,7.231450753290104
2021-03-08,7.211032983387561
2021-03-09,7.153076098931615
2021-03-10,7.097261137362321
2021-03-11,7.108223014109101
2021-03-12,7.133141026240727
2021-03-13,7.137738466181853
2021-03-14,7.136926524680339
2021-03-15,7.097824765398
2021-03-16,7.189125126506214
2021-03-17,7.208651335883843
2021-03-18,7.118642341509643
2021-03-19,7.165076309119542
2021-03-20,7.149424084152885
2021-03-21,7.1505023230023195
2021-03-22,7.222202897674995
2021-03-23,7.265165524114886
2021-03-24,7.322590528863527
2021-03-25,7.280298555666112
2021-03-26,7.270846647507883
2021-03-27,7.274815473468728
2021-03-28,7.259950041815234
2021-03-29,7.264989882082299
2021-03-30,7.262120938704523
2021-03-31,7.2621562591538655
2021-04-01,7.1358497271021175
2021-04-02,7.186619381050024
2021-04-03,7.1978775890458895
2021-04-04,7.196412646541399
2021-04-05,7.185779165224282
2021-04-06,7.179932433142795
2021-04-07,7.215769830008538
2021-04-08,7.258227982843489
2021-04-09,7.262530172297865
2021-04-10,7.258583995676799
2021-04-11,7.267218675955754
2021-04-12,7.2703518031938845
2021-04-13,7.278012608426628
2021-04-14,7.266891913531456
2021-04-15,7.235882514849206
2021-04-16,7.238997462991331
2021-04-17,7.229510603756347
2021-04-18,7.215596494183922
2021-04-19,7.194177213520504
2021-04-20,7.147836923582595
2021-04-21,7.072744548701074
2021-04-22,7.098537773543702
2021-04-23,7.075366970875075
2021-04-24,7.064417953819439
2021-04-25,7.0541864014555
2021-04-26,7.002835362574857
2021-04-27,6.976566275271819
2021-04-28,6.944777222348195
2021-04-29,6.961479433188721
2021-04-30,6.745054249788667
2021-05-01,6.81224682502226
2021-05-02,6.8611980663058905
2021-05-03,6.754909376825767
2021-05-04,6.7295319379331655
2021-05-05,6.815471684900082
2021-05-06,6.774912052229556
2021-05-07,6.738624946547954
2021-05-08,6.736462943482653
2021-05-09,6.743143679456777
2021-05-10,6.778832735318511
2021-05-11,6.784328304924028
2021-05-12,6.789321092331301
2021-05-13,6.937443660505835
2021-05-14,6.951790346560072
2021-05-15,6.9584720371293605
2021-05-16,6.973982606614754
2021-05-17,7.012231883738336
2021-05-18,7.010529129879136
2021-05-19,6.939590891543217
2021-05-20,6.938927085436658
2021-05-21,6.906560079889244
2021-05-22,6.924082147451864
2021-05-23,6.909845556156976
2021-05-24,6.895280218285299
2021-05-25,6.893420961350844
2021-05-26,6.8608811916847685
2021-05-27,6.849847721551951
2021-05-28,6.85971120512186
2021-05-29,6.863342208911843
2021-05-30,6.8643345441620465
2021-05-31,6.848974105325063
2021-06-01,6.792153993335855
2021-06-02,6.873747581884984
2021-06-03,6.867804077555869
2021-06-04,6.844089100900738
2021-06-05,6.841496922198859
2021-06-06,6.842046868176092
2021-06-07,6.839361462252184
2021-06-08,6.8219960946209
2021-06-09,6.806704756908836
2021-06-10,6.787031111583511
2021-06-11,6.813322820189128
2021-06-12,6.813454777258424
2021-06-13,6.807943910753714
2021-06-14,6.817773287920823
2021-06-15,6.635615946818987
2021-06-16,6.471907390763385
2021-06-17,6.525262233233462
2021-06-18,6.5774113472098765
2021-06-19,6.574353005259453
2021-06-20,6.58207629513312
2021-06-21,6.5984100921922675
2021-06-22,6.702594590496562
2021-06-23,6.77541368002691
2021-06-24,6.6818432662257505
2021-06-25,6.555124145568181
2021-06-26,6.555086410838314
2021-06-27,6.557745266723984
2021-06-28,6.5520948883501315
2021-06-29,6.547834612497564
2021-06-30,6.508864626704854
2021-07-01,6.348634428552562
2021-07-02,6.41430906336992
2021-07-03,6.418870982768827
2021-07-04,6.409233314324105
2021-07-05,6.414878328158171
2021-07-06,6.452186381637594
2021-07-07,6.468374806632169
2021-07-08,6.502182663663515
2021-07-09,6.535249186154867
2021-07-10,6.464192206858853
2021-07-11,6.460169041078215
2021-07-12,6.455720047238337
2021-07-13,6.436600495561025
2021-07-14,6.371251227458915
2021-07-15,6.365821403327363
2021-07-16,6.367532303323324
2021-07-17,6.35896839118511
2021-07-18,6.359964721245968
2021-07-19,6.340676581484111
2021-07-20,6.33301671217048
2021-07-21,6.326558329872313
2021-07-22,6.26934566590771
2021-07-23,6.2339920664488755
2021-07-24,6.227784359525215
2021-07-25,6.221350530552254
2021-07-26,6.188603479754043
2021-07-27,6.214644124179792
2021-07-28,6.082731156479507
2021-07-29,5.866764376625049
2021-07-30,5.796037761559958
2021-07-31,6.315831588512072
2021-08-01,6.403114550806164
2021-08-02,6.470753400919712
2021-08-03,6.088374037014102
2021-08-04,5.905935295889718
2021-08-05,5.763143724016176
2021-08-06,5.6841649208198675
2021-08-07,5.751464421368924
2021-08-08,5.7397279545184015
2021-08-09,5.686041206791733
2021-08-10,5.599082776648023
2021-08-11,5.619553338252678
2021-08-12,5.589476043659149
2021-08-13,5.589908756802293
2021-08-14,5.587441010079661
2021-08-15,5.590419702309195
2021-08-16,5.590681661203245
2021-08-17,5.548954161546316
2021-08-18,5.549007631227442
2021-08-19,5.509388252552648
2021-08-20,5.50799330692471
2021-08-21,5.508469756681099
2021-08-22,5.505527660257439
2021-08-23,5.466000032062167
2021-08-24,5.410828816909948
2021-08-25,5.369464513890999
2021-08-26,5.33483878657056
2021-08-27,5.324956315574543
2021-08-28,5.3196405782175775
2021-08-29,5.321362991424893
2021-08-30,5.307899876743619
2021-08-31,5.316347122455904
2021-09-01,5.1302427517141025
2021-09-02,5.185724153507266
2021-09-03,5.170868180841224
2021-09-04,5.161474655346095
2021-09-05,5.145150362476599
2021-09-06,5.170061305540356
2021-09-07,5.210658388968476
2021-09-08,5.313966080189546
2021-09-09,5.301809799553236
2021-09-10,5.27902292504173
2021-09-11,5.277860692465144
2021-09-12,5.266880877535043
2021-09-13,5.240226246908739
2021-09-14,5.284253459553307
2021-09-15,5.184492149256695
2021-09-16,5.269796914998078
2021-09-17,5.325395619439478
2021-09-18,5.332018517885361
2021-09-19,5.294773058340025
2021-09-20,5.279078596768912
2021-09-21,5.339294580367877
2021-09-22,5.364818978169616
2021-09-23,5.2846195197019865
2021-09-24,5.224041149847146
2021-09-25,5.181054297136087
2021-09-26,5.171677683760102
2021-09-27,5.166394733068296
2021-09-28,5.072257469824276
2021-09-29,5.006179923223742
2021-09-30,5.017300432904902
2021-10-01,4.941582026368663
2021-10-02,5.004814015617685
2021-10-03,5.011482031632685
2021-10-04,5.027308925306867
2021-10-05,4.978741760291118
2021-10-06,4.9574841728916414
2021-10-07,4.908451194268796
2021-10-08,4.922290722977731
2021-10-09,4.933231395188795
2021-10-10,4.939635318165778
2021-10-11,4.930556498274103
2021-10-12,4.923558605864182
2021-10-13,4.929820838252423
2021-10-14,4.853178389382149
2021-10-15,4.801912698518834
2021-10-16,4.782271728552013
2021-10-17,4.784098420785979
2021-10-18,4.771046824824639
2021-10-19,4.728130954812767
2021-10-20,4.732257468153779
2021-10-21,4.817768971729292
2021-10-22,4.817126003091098
2021-10-23,4.821465964372461
2021-10-24,4.819296845706509
2021-10-25,4.751998634810587
2021-10-26,4.80339220185624
2021-10-27,4.840410090490114
2021-10-28,4.590571616419503
2021-10-29,4.6427476193461565
2021-10-30,4.64138007172401
2021-10-31,5.017538266089419
2021-11-01,4.940430406305915
2021-11-02,4.860125076531496
2021-11-03,4.79903472621832
2021-11-04,4.7490547610824265
2021-11-05,4.747200947614628
2021-11-06,4.540353581368238
2021-11-07,4.541808448834618
2021-11-08,4.5449571778280555
2021-11-09,4.590830116652739
2021-11-10,4.608394387699631
2021-11-11,4.593447453477192
2021-11-12,4.583551617267625
2021-11-13,4.58096366306498
2021-11-14,4.58418597247568
2021-11-15,4.58744397182375
2021-11-16,4.590919145692919
2021-11-17,4.567543813568491
2021-11-18,4.553687040128882
2021-11-19,4.540695568508459
2021-11-20,4.542122820862144
2021-11-21,4.519053198939362
2021-11-22,4.511831601655209
2021-11-23,4.528399754428165
2021-11-24,4.524511890727082
2021-11-25,4.530099330095241
2021-11-26,4.535607435732382
2021-11-27,4.524714866866176
2021-11-28,4.535710952306326
2021-11-29,4.55552455707792
2021-11-30,4.539407322271021
2021-12-01,4.483473294281518
2021-12-02,4.493482178482193
2021-12-03,4.490174072819641
2021-12-04,4.4897973953490595
2021-12-05,4.500165938236773
2021-12-06,4.459683716638699
2021-12-07,4.369661615284474
2021-12-08,4.115104802165676
2021-12-09,3.90426967195783
2021-12-10,3.845280448900258
2021-12-11,3.8692983665934944
2021-12-12,3.897599335985648
2021-12-13,3.9132530717057694
2021-12-14,3.768308140244697
2021-12-15,3.5653374560774833
2021-12-16,2.52363903877886
2021-12-17,2.431025055921189
2021-12-18,2.5247575782721188
2021-12-19,2.5450626219761485
2021-12-20,2.4595013057894555
2021-12-21,2.1634201060068055
2021-12-22,2.141091864341539
2021-12-23,1.958899079306275
2021-12-24,2.0230900679344677
2021-12-25,1.8844688372484333
2021-12-26,1.920969114674835
2021-12-27,1.8758091472224612
2021-12-28,1.9221243954278455
2021-12-29,1.9773320309753313
2021-12-30,2.1100153597245135
2021-12-31,2.140152596484952
2022-01-01,2.220368185347629
2022-01-02,2.238446083855738
2022-01-03,2.24238121040548
2022-01-04,2.199885078881494
2022-01-05,2.1608614130747728
2022-01-06,2.174708397898162
2022-01-07,2.1761271880861437
2022-01-08,2.1744468869388074
2022-01-09,2.15939399378777
2022-01-10,2.1733831334914933
2022-01-11,2.093115392176334
2022-01-12,2.122664109983924
2022-01-13,2.15348993138086
2022-01-14,2.153679101277218
2022-01-15,2.1546795496372364
2022-01-16,2.1496614195815864
2022-01-17,2.1501199387885217
2022-01-18,2.1633445838753502
2022-01-19,2.1821089560601568
2022-01-20,2.178976701644146
2022-01-21,2.1926598162398383
2022-01-22,2.172072462964206
2022-01-23,2.162227241721979
2022-01-24,2.191687554929994
2022-01-25,2.1937096495528494
2022-01-26,2.1621001271485745
2022-01-27,2.1801429046749092
2022-01-28,2.155794060538826
2022-01-29,2.166070299446728
2022-01-30,2.173796664206016
2022-01-31,2.876636029173018
2022-02-01,2.8617051602476753
2022-02-02,2.7887846220070016
2022-02-03,2.7988883880271964
2022-02-04,2.804171244718038
2022-02-05,2.797978849270727
2022-02-06,2.8023063453438763
2022-02-07,2.7954367860328726
2022-02-08,2.7753455406870797
2022-02-09,2.7407058122176298
2022-02-10,2.729073150138141
2022-02-11,2.701572116739701
2022-02-12,2.6847442805985327
2022-02-13,2.6844874485349752
2022-02-14,2.705233651605006
2022-02-15,2.7218341805732225
2022-02-16,2.717737470095969
2022-02-17,2.691475337017884
2022-02-18,2.6909585392523927
2022-02-19,2.7002104025099545
2022-02-20,2.712401592435541
2022-02-21,2.6603600744047764
2022-02-22,2.586565983658046
2022-02-23,2.4108798850096544
2022-02-24,2.2881331708392163
2022-02-25,2.297761292882724
2022-02-26,2.601413139543074
2022-02-27,2.571587339663247
2022-02-28,2.5094422509509737
2022-03-01,2.7755360551292534
2022-03-02,2.7820978700113934
2022-03-03,2.7261916493000307
2022-03-04,2.733497346126257
2022-03-05,2.743703025802546
2022-03-06,2.745411673766393
2022-03-07,2.75869776666683
2022-03-08,2.756848447097564
2022-03-09,2.590129662938535
2022-03-10,2.691210941993631
2022-03-11,2.650614381453613
2022-03-12,2.657342161274256
2022-03-13,2.6897132686720298
2022-03-14,2.6776033758630606
2022-03-15,2.6508954178718405
2022-03-16,2.6728245701487507
2022-03-17,2.2301953331009705
2022-03-18,2.3571464891990748
2022-03-19,2.39473170018688
2022-03-20,2.416330497417625
2022-03-21,2.4702345826061314
2022-03-22,2.5146516723134353
2022-03-23,2.5976026474873057
2022-03-24,2.6410698509597723
2022-03-25,2.706614241458715
2022-03-26,2.7862884953490674
2022-03-27,2.759729921748921
2022-03-28,2.711593290653101
2022-03-29,2.661130499817363
2022-03-30,2.664512667100087
2022-03-31,2.6049199917626225
2022-04-01,2.640989436217108
2022-04-02,2.669912629310806
2022-04-03,2.6574653521175247
2022-04-04,2.6472474852070413
2022-04-05,2.6527130688790614
2022-04-06,2.6431323211966977
2022-04-07,2.6413275341802205
2022-04-08,2.6243455304517767
2022-04-09,2.630165906249323
2022-04-10,2.6324410527238213
2022-04-11,2.6135658918114526
2022-04-12,2.58865702607751
2022-04-13,2.57507135219632
2022-04-14,2.5803714415620886
2022-04-15,2.578144921038682
2022-04-16,2.5629315283065535
2022-04-17,2.552387911227079
2022-04-18,2.5463296448503474
2022-04-19,2.502361122559721
2022-04-20,2.432959910758671
2022-04-21,2.4437105900019502
2022-04-22,2.4405240248852844
2022-04-23,2.4492655690260614
2022-04-24,2.4450870573893
2022-04-25,2.418750864086349
2022-04-26,2.1288082143527047
2022-04-27,1.9362686557154605
2022-04-28,1.9081902504345387
2022-04-29,1.952088594404203
2022-04-30,1.6495127884907472
2022-05-01,1.2925600247703728
2022-05-02,1.29507986253779
2022-05-03,1.1548497690964226
2022-05-04,1.1227029928241743
2022-05-05,1.1323801896790209
2022-05-06,1.176464817374548
2022-05-07,1.1781071617016294
2022-05-08,1.1810009420355785
2022-05-09,1.1790469365308731
2022-05-10,1.1357547871521776
2022-05-11,1.11644095366875
2022-05-12,1.0764410838807137
2022-05-13,1.0851236993389028
2022-05-14,1.0763537252648536
2022-05-15,1.057280295726446
2022-05-16,1.0105250262398364
2022-05-17,0.9688225826224416
2022-05-18,0.9545304468503923
2022-05-19,0.9150502360092632
2022-05-20,0.8878060215668566
2022-05-21,0.876734656081549
2022-05-22,0.8591255571335019
2022-05-23,0.9013532931795925
2022-05-24,0.8929219864348295
2022-05-25,0.903296444639065
2022-05-26,0.9391624920020388
2022-05-27,0.9420593248593152
2022-05-28,0.934574111895328
2022-05-29,0.9287649751725178
2022-05-30,0.945933763743642
2022-05-31,1.0184936813487957
2022-06-01,1.180729394427729
2022-06-02,1.204982193960196
2022-06-03,1.1815145972473406
2022-06-04,1.1527859640845015
2022-06-05,1.1684383293156395
2022-06-06,1.1583333662188713
2022-06-07,1.1474071479872934
2022-06-08,1.1588958382052652
2022-06-09,1.0737485355278902
2022-06-10,1.0775097087894328
2022-06-11,1.086932995782706
2022-06-12,1.091952379258488
2022-06-13,1.0925189193516882
2022-06-14,0.5943675465412448
2022-06-15,0.5655423719138
2022-06-16,0.651026089155426
2022-06-17,0.6446666560619061
2022-06-18,0.6580375922372277
2022-06-19,0.7005913214708015
2022-06-20,0.7363570028663864
2022-06-21,0.8471927846746494
2022-06-22,0.8509358012466774
2022-06-23,1.0257147471587231
2022-06-24,1.0174275859455315
2022-06-25,1.013820638798053
2022-06-26,1.0208521278651346
2022-06-27,1.026449788504587
2022-06-28,1.07627428210464
2022-06-29,1.13693433234388
2022-06-30,1.0647971642504483
2022-07-01,1.4859846386821811
2022-07-02,1.477754360619238
2022-07-03,1.4850231623168164
2022-07-04,1.4863833295051678
2022-07-05,1.4650238550319286
2022-07-06,1.3709746055056908
2022-07-07,1.4019190292816
2022-07-08,1.3798696119187503
2022-07-09,1.3750894613143212
2022-07-10,1.385180951804409
2022-07-11,1.342767491045265
2022-07-12,1.3310709644832182
2022-07-13,1.353487447615351
2022-07-14,1.2987122880101425
2022-07-15,1.336713028895054
2022-07-16,1.267774999680353
2022-07-17,1.2822806546934933
2022-07-18,1.26589012395805
2022-07-19,1.2429848750225738
2022-07-20,1.183881778362173
2022-07-21,1.104535633958179
2022-07-22,1.0874113689742524
2022-07-23,1.0734292654893811
2022-07-24,1.0726320649811385
2022-07-25,1.0586000832027918
2022-07-26,0.827363803177465
2022-07-27,0.7133654556020133
2022-07-28,0.375385995367977
2022-07-29,0.3230974734849265
2022-07-30,0.2870473240947033
2022-07-31,0.3196793036582575
2022-08-01,0.3648353839963834
2022-08-02,0.2637412467417865
2022-08-03,0.0983579303535435
2022-08-04,-0.0209324724755117
2022-08-05,-0.0878717884046187
2022-08-06,-0.1010492475415807
2022-08-07,-0.1156679087892831
2022-08-08,-0.1759973120306828
2022-08-09,-0.2471330655751602
2022-08-10,-0.2395592228654086
2022-08-11,-0.2664385047777458
2022-08-12,-0.2709678305315424
2022-08-13,-0.3081980815543779
2022-08-14,-0.3095173354841076
2022-08-15,-0.3255322752759793
2022-08-16,-0.4386889334554151
2022-08-17,-0.5325395373435415
2022-08-18,-0.5170427879576218
2022-08-19,-0.5011639723345729
2022-08-20,-0.4963024381224983
2022-08-21,-0.4889038224740574
2022-08-22,-0.5046460673049102
2022-08-23,-0.5397611636975768
2022-08-24,-0.884590769389086
2022-08-25,-0.9006878726541645
2022-08-26,-0.8957265540263433
2022-08-27,-0.8837660640282694
2022-08-28,-0.877354529401559
2022-08-29,-0.9196121079431538
2022-08-30,-0.9606421814672323
2022-08-31,-1.0743842720751524
2022-09-01,-0.9663976321227534
2022-09-02,-1.0400982600519963
2022-09-03,-1.0265760254566887
2022-09-04,-1.0656233939200046
2022-09-05,-1.078596642115651
2022-09-06,-1.0917784040221856
2022-09-07,-1.0644241711404443
2022-09-08,-1.0650741901976235
2022-09-09,-1.0443047292634842
2022-09-10,-1.0425176513131862
2022-09-11,-1.0223093107668304
2022-09-12,-1.1252171756646163
2022-09-13,-1.311059858702348
2022-09-14,-1.4292931343779345
2022-09-15,-1.5629449427038935
2022-09-16,-1.3747781935231775
2022-09-17,-1.321392196501591
2022-09-18,-1.330093046357104
2022-09-19,-1.123448988063231
2022-09-20,-1.064525891458607
2022-09-21,-1.1891264928874392
2022-09-22,-1.278590885736754
2022-09-23,-1.2558503892779769
2022-09-24,-1.2764985049365176
2022-09-25,-1.306176957451605
2022-09-26,-1.3363173523115268
2022-09-27,-1.3374553271666558
2022-09-28,-1.3672110727816018
2022-09-29,-1.50650703352408
2022-09-30,-1.5070847229908773
2022-10-01,-1.4068429621279543
2022-10-02,-1.4885361322011073
2022-10-03,-1.5038635771649025
2022-10-04,-1.5914812508175973
2022-10-05,-1.5694589224601878
2022-10-06,-1.5582616294661684
2022-10-07,-1.541827462189266
2022-10-08,-1.540186644939383
2022-10-09,-1.5217089179575156
2022-10-10,-1.5499426259220224
2022-10-11,-1.560227180120808
2022-10-12,-1.5665490784637497
2022-10-13,-1.6122012428489976
2022-10-14,-1.617196515882473
2022-10-15,-1.6070593833162894
2022-10-16,-1.600997104140493
2022-10-17,-1.60071256762207
2022-10-18,-1.5767490254571732
2022-10-19,-1.5744861588834724
2022-10-20,-1.593027981143495
2022-10-21,-1.601479169465041
2022-10-22,-1.6052916222318343
2022-10-23,-1.5990971655294124
2022-10-24,-1.596630332309624
2022-10-25,-1.768430774444394
2022-10-26,-1.8275857365935644
2022-10-27,-2.049602454285093
2022-10-28,-1.9730540219763448
2022-10-29,-1.9847378213816116
2022-10-30,-1.9752036304261755
2022-10-31,-1.6148113253311722
2022-11-01,-1.5600171079739755
2022-11-02,-1.6323349951525694
2022-11-03,-1.6806033941969214
2022-11-04,-1.681997836105546
2022-11-05,-1.7076548300072258
2022-11-06,-1.694480389822607
2022-11-07,-1.7281856345310724
2022-11-08,-1.8033679444635005
2022-11-09,-1.7928634582884415
2022-11-10,-1.8372136004381052
2022-11-11,-1.8278909845475424
2022-11-12,-1.8319809396108528
2022-11-13,-1.8353616113173856
2022-11-14,-1.864105156586294
2022-11-15,-1.895862138355625
2022-11-16,-1.894948388376223
2022-11-17,-1.861551116205248
2022-11-18,-1.8555970035156917
2022-11-19,-1.8372066750280625
2022-11-20,-1.834425809967612
2022-11-21,-1.8639559258140377
2022-11-22,-1.819550108785096
2022-11-23,-1.9955484258528189
2022-11-24,-1.977754798903697
2022-11-25,-1.9697566935873203
2022-11-26,-1.96661838366586
2022-11-27,-1.977118063303667
2022-11-28,-1.961390296469915
2022-11-29,-1.9825035003412692
2022-11-30,-1.9715491405110463
2022-12-01,-1.8735754917033376
2022-12-02,-1.9889006951464896
2022-12-03,-1.9802323036107423
2022-12-04,-1.9667752307297597
2022-12-05,-1.9582340458075895
2022-12-06,-2.0013819607683336
2022-12-07,-2.045221841107079
2022-12-08,-2.0266618796232336
2022-12-09,-2.007944869203903
2022-12-10,-2.0075720529068075
2022-12-11,-1.9785865369360376
2022-12-12,-1.9435383951328224
2022-12-13,-2.116567944389626
2022-12-14,-2.256071358042943
2022-12-15,-2.365217840174718
2022-12-16,-2.3219942070504764
2022-12-17,-2.3108886522495267
2022-12-18,-2.30987388689104
2022-12-19,-2.3106920420244355
2022-12-20,-2.1340845367387087
2022-12-21,-2.0687085683538444
2022-12-22,-2.1482962107665013
2022-12-23,-2.084039147032279
2022-12-24,-2.2397129838190186
2022-12-25,-2.241573230759491
2022-12-26,-2.251114846214509
2022-12-27,-2.262542722768495
2022-12-28,-2.27497638416342
2022-12-29,-2.315211192374375
2022-12-30,-2.323415216377566
2022-12-31,-2.3189026407097577
2023-01-01,-2.2297197211308553
2023-01-02,-2.3594541567933347
2023-01-03,-2.371855200409254
2023-01-04,-2.3913826803405707
2023-01-05,-2.380358441185004
2023-01-06,-2.363940251674967
2023-01-07,-2.354440956338893
2023-01-08,-2.3533079970255413
2023-01-09,-2.3150507107157696
2023-01-10,-2.29274579334374
2023-01-11,-2.2703118979319825
2023-01-12,-2.254635860713504
2023-01-13,-2.256551154591546
2023-01-14,-2.252175104947773
2023-01-15,-2.23646360102694
2023-01-16,-2.2489047121126826
2023-01-17,-2.252772077019057
2023-01-18,-2.2556082264495565
2023-01-19,-2.263031787240289
2023-01-20,-2.267322498316747
2023-01-21,-2.2596247040747235
2023-01-22,-2.2717170986379367
2023-01-23,-2.2763642679675185
2023-01-24,-2.197833560599578
2023-01-25,-2.2594715739378364
2023-01-26,-2.2156580574633047
2023-01-27,-2.175554867825528
2023-01-28,-2.1764670959997594
2023-01-29,-2.1800866020569187
2023-01-30,-2.157985528503388
2023-01-31,-1.7826950748442931
2023-02-01,-1.8998299851586091
2023-02-02,-1.9982407214792683
2023-02-03,-1.9465951966924089
2023-02-04,-1.9438898095019028
2023-02-05,-1.9655869175769936
2023-02-06,-1.952875936693057
2023-02-07,-1.74491106000418
2023-02-08,-1.7733215975485432
2023-02-09,-1.7035781416921134
2023-02-10,-1.701708698079324
2023-02-11,-1.7025078969295273
2023-02-12,-1.7037124468978169
2023-02-13,-1.7017669386741137
2023-02-14,-1.6765535874748596
2023-02-15,-1.619942642865119
2023-02-16,-1.6075239113587458
2023-02-17,-1.5994711673220077
2023-02-18,-1.5947660212290864
2023-02-19,-1.5748091895314995
2023-02-20,-1.7420400542345242
2023-02-21,-1.7942052291944015
2023-02-22,-1.7849285736260685
2023-02-23,-1.7153308390573447
2023-02-24,-1.7078350727075429
2023-02-25,-1.6949108483488369
2023-02-26,-1.6820685954395571
2023-02-27,-1.6874459457022168
2023-02-28,-1.71509835672288
2023-03-01,-1.6621936920032143
2023-03-02,-1.7239110682493712
2023-03-03,-1.713440728772727
2023-03-04,-1.7176924166712126
2023-03-05,-1.7356675338226375
2023-03-06,-1.734914998970158
2023-03-07,-1.703548942942254
2023-03-08,-1.7267391858129932
2023-03-09,-1.73780339718901
2023-03-10,-1.7223326618804342
2023-03-11,-1.7256365769821902
2023-03-12,-1.7119818143119168
2023-03-13,-1.6687709411327818
2023-03-14,-1.8025795896676993
2023-03-15,-1.7737227875595436
2023-03-16,-1.4550132354633054
2023-03-17,-1.5255183329458122
2023-03-18,-1.5490430172489855
2023-03-19,-1.5572862103169711
2023-03-20,-1.5062799806919114
2023-03-21,-1.4322137660340473
2023-03-22,-1.4100155267913097
2023-03-23,-1.4030404309302984
2023-03-24,-1.4155678975335877
2023-03-25,-1.2668037882168108
2023-03-26,-1.2870787757398117
2023-03-27,-1.2984357391834815
2023-03-28,-1.315986599170544
2023-03-29,-1.3669199160091927
2023-03-30,-1.3894783160292548
2023-03-31,-1.370304210304595
2023-04-01,-1.316488657009578
2023-04-02,-1.3825572273411852
2023-04-03,-1.4408445924411906
2023-04-04,-1.443129206645819
2023-04-05,-1.4886003729028223
2023-04-06,-1.469376590985601
2023-04-07,-1.4647204793866084
2023-04-08,-1.4568135816631331
2023-04-09,-1.4520351884919411
2023-04-10,-1.4425288336598276
2023-04-11,-1.4400493150310916
2023-04-12,-1.4378107045957598
2023-04-13,-1.4575858828221602
2023-04-14,-1.471077058517983
2023-04-15,-1.4680338898116188
2023-04-16,-1.4749518959669357
2023-04-17,-1.4776716320947705
2023-04-18,-1.484024925281803
2023-04-19,-1.4638079958706158
2023-04-20,-1.451032649613612
2023-04-21,-1.446771988221415
2023-04-22,-1.4498913388123262
2023-04-23,-1.4493937602559406
2023-04-24,-1.453594951314701
2023-04-25,-1.2254562233615096
2023-04-26,-1.204995717602591
2023-04-27,-1.0097351981703904
2023-04-28,-1.026665962769408
2023-04-29,-1.0229168682444638
2023-04-30,-1.0204244053096114
2023-05-01,-0.7113864979439528
2023-05-02,-0.6718441738066474
2023-05-03,-0.6699580822936055
2023-05-04,-0.4692528329694863
2023-05-05,-0.4403107114416436
2023-05-06,-0.2795057262430838
2023-05-07,-0.2730062326146738
2023-05-08,-0.2719932958060251
2023-05-09,-0.2778841314016884
2023-05-10,-0.2477412049044134
2023-05-11,-0.2483130054803153
2023-05-12,-0.2539773940860819
2023-05-13,-0.2560716028532073
2023-05-14,-0.2635299914879812
2023-05-15,-0.2601131400248491
2023-05-16,-0.2340402607063261
2023-05-17,-0.2120122463425349
2023-05-18,-0.2697182061359067
2023-05-19,-0.2610391151010129
2023-05-20,-0.256257826567563
2023-05-21,-0.229982646936218
2023-05-22,-0.253923317562418
2023-05-23,-0.2396583857457344
2023-05-24,-0.1964436593072354
2023-05-25,-0.1700901610148006
2023-05-26,-0.1613879865740708
2023-05-27,-0.1663588002778899
2023-05-28,-0.1576228841235125
2023-05-29,-0.1544757073643565
2023-05-30,-0.0852138449735004
2023-05-31,-0.0833681831155006
2023-06-01,-0.0117673644666851
2023-06-02,-0.0361441615264555
2023-06-03,-0.0331210928857386
2023-06-04,-0.0377723004238199
2023-06-05,-0.053540340928377
2023-06-06,-0.0663840733724621
2023-06-07,-0.0803956274600126
2023-06-08,-0.0697147831983224
2023-06-09,-0.0624541581169597
2023-06-10,-0.0533916032791852
2023-06-11,-0.0673921319143588
2023-06-12,-0.0928017551857487
2023-06-13,-0.1549080148754802
2023-06-14,-0.1928062153916756
2023-06-15,-0.1608166018811911
2023-06-16,-0.1171961762389477
2023-06-17,-0.122249550276468
2023-06-18,-0.1127814946101555
2023-06-19,-0.0862947487423864
2023-06-20,0.0058119704022527
2023-06-21,0.0265181438469457
2023-06-22,0.0010655668484411
2023-06-23,0.0079569752021777
2023-06-24,0.0061147205935978
2023-06-25,-0.0061481237616729
2023-06-26,0.0030657613011761
2023-06-27,-0.0151208209941113
2023-06-28,0.0082897647604438
2023-06-29,0.0996688098746823
2023-06-30,0.1057007068948401
2023-07-01,0.1548692843335697
2023-07-02,0.122833319364155
2023-07-03,0.1108457764019363
2023-07-04,0.1380922012296497
2023-07-05,0.1292439132148435
2023-07-06,0.1842193031796757
2023-07-07,0.176383249280283
2023-07-08,0.1633286162483651
2023-07-09,0.1595331898303289
2023-07-10,0.1424177229775196
2023-07-11,0.1767616583872042
2023-07-12,0.2580305289900306
2023-07-13,0.3511044396575147
2023-07-14,0.3207513933558634
2023-07-15,0.0844643432465264
2023-07-16,0.0961420856909045
2023-07-17,0.1354748346139906
2023-07-18,0.1530082165109445
2023-07-19,0.1745522793522784
2023-07-20,0.1401013972935847
2023-07-21,0.1352709270638525
2023-07-22,0.1361072538417409
2023-07-23,0.1335437910206041
2023-07-24,0.1396671238420017
2023-07-25,0.2572977765643909
2023-07-26,0.3598230762443637
2023-07-27,0.4172036926417299
2023-07-28,0.3325905351937348
2023-07-29,0.3333971986286785
2023-07-30,0.3341842119374605
2023-07-31,0.4653279752036132
2023-08-01,0.5227240916818183
2023-08-02,0.4371924095625004
2023-08-03,0.5558620785909709
2023-08-04,0.5632875503962462
2023-08-05,0.5596361486450276
2023-08-06,0.5546046404820943
2023-08-07,0.6010577638827841
2023-08-08,0.664694092525228
2023-08-09,0.6439015379887498
2023-08-10,0.6566149947573454
2023-08-11,0.6561310685338586
2023-08-12,0.6415020491905454
2023-08-13,0.6458076071757597
2023-08-14,0.6455587150998199
2023-08-15,0.639588908416584
2023-08-16,0.6780272545097079
2023-08-17,0.696048782499276
2023-08-18,0.7030586349805947
2023-08-19,0.7152708461533428
2023-08-20,0.7320918633235198
2023-08-21,0.7059302893853086
2023-08-22,0.6569192975358227
2023-08-23,0.696055066523013
2023-08-24,0.69792690526299
2023-08-25,0.6955177652169808
2023-08-26,0.6906461103588606
2023-08-27,0.6865146741999999
2023-08-28,0.7150972813428567
2023-08-29,0.7068966240692125
2023-08-30,0.6823590470818581
2023-08-31,0.685982933566929
2023-09-01,0.7037561809062793
2023-09-02,0.6579133124328762
2023-09-03,0.6557200939718608
2023-09-04,0.6584572933717576
2023-09-05,0.6603507453047635
2023-09-06,0.7038637250586512
2023-09-07,0.6938543349991282
2023-09-08,0.702361408792056
2023-09-09,0.701561386815827
2023-09-10,0.7020151211147156
2023-09-11,0.7137022304787219
2023-09-12,0.94492652701881
2023-09-13,1.0748467231514065
2023-09-14,1.1898581678272404
2023-09-15,1.1196547936514978
2023-09-16,1.343296325521578
2023-09-17,1.3216665761304092
2023-09-18,1.290481402634646
2023-09-19,1.378318862780861
2023-09-20,1.4195219737011808
2023-09-21,1.462264046477523
2023-09-22,1.461343469166331
2023-09-23,1.4505258130115577
2023-09-24,1.4313942290228892
2023-09-25,1.3727415621842818
2023-09-26,1.3269667704151418
2023-09-27,1.3213736481862617
2023-09-28,1.3466668039212104
2023-09-29,1.3247591540596486
2023-09-30,1.3178237029151607
2023-10-01,1.3611812449672287
2023-10-02,1.320078365739448
2023-10-03,1.335524386809187
2023-10-04,1.3394561459346
2023-10-05,1.3451456105369992
2023-10-06,1.3469220569323586
2023-10-07,1.3416561290911664
2023-10-08,1.3366163209941888
2023-10-09,1.3243202574419624
2023-10-10,1.3109649348934496
2023-10-11,1.3344083380746574
2023-10-12,1.3369222246013597
2023-10-13,1.3230071096931542
2023-10-14,1.322788181906078
2023-10-15,1.3284325875124023
2023-10-16,1.3038379896436063
2023-10-17,1.3028498636487025
2023-10-18,1.2778015505095164
2023-10-19,1.2776861319050052
2023-10-20,1.2730860266724815
2023-10-21,1.2667233274884608
2023-10-22,1.2679365575899773
2023-10-23,1.26652471450635
2023-10-24,1.310629630971179
2023-10-25,1.344742101501206
2023-10-26,1.3586743141712456
2023-10-27,1.233436496522068
2023-10-28,1.2350861651991605
2023-10-29,1.237394736837289
2023-10-30,1.2140485769367335
2023-10-31,1.407663144275008
2023-11-01,1.469761360827627
2023-11-02,1.5379840322500682
2023-11-03,1.4976026711033124
2023-11-04,1.5369702790857351
2023-11-05,1.5386921786824297
2023-11-06,1.520922702625725
2023-11-07,1.5188349174587767
2023-11-08,1.5246003445778749
2023-11-09,1.5039033279768248
2023-11-10,1.5562105646721844
2023-11-11,1.5595413808343042
2023-11-12,1.5704030174313892
2023-11-13,1.5637954442149369
2023-11-14,1.54581987978303
2023-11-15,1.5151519894411425
2023-11-16,1.533918592982104
2023-11-17,1.527052380545013
2023-11-18,1.5357278462397168
2023-11-19,1.5507814668332982
2023-11-20,1.5094657785543388
2023-11-21,1.5077192775715536
2023-11-22,1.552742554540099
2023-11-23,1.5459484185538284
2023-11-24,1.5449245465440586
2023-11-25,1.5416294078265336
2023-11-26,1.5508329221877473
2023-11-27,1.5499075750163054
2023-11-28,1.5730938348390358
2023-11-29,1.5538895844006564
2023-11-30,1.546706662340751
2023-12-01,1.5980219426981843
2023-12-02,1.560992299944716
2023-12-03,1.5672060523672056
2023-12-04,1.5569720927414616
2023-12-05,1.5937658390402056
2023-12-06,1.667165262512366
2023-12-07,1.7154827704250837
2023-12-08,1.7170009682597134
2023-12-09,1.738825454651764
2023-12-10,1.7238058091720738
2023-12-11,1.7219700391606034
2023-12-12,1.9964479746255963
2023-12-13,2.045678932387617
2023-12-14,2.390692628698821
2023-12-15,2.3180661395390096
2023-12-16,2.2655676084263945
2023-12-17,2.2350418691973832
2023-12-18,2.1884263475925763
2023-12-19,2.186482298221869
2023-12-20,2.2140401521988955
2023-12-21,2.311949615339425
2023-12-22,2.2643421088979108
2023-12-23,2.297972864694513
2023-12-24,2.2929533053764493
2023-12-25,2.29573390758397
2023-12-26,2.3174432723779033
2023-12-27,2.2786797578366116
2023-12-28,2.2610997800084527
2023-12-29,2.2408635295193933
2023-12-30,2.2351429395947697
2023-12-31,2.2267884209822983
2024-01-01,2.2700339643752008
2024-01-02,2.2065754238405697
2024-01-03,2.256029304659945
2024-01-04,2.2400179521038748
2024-01-05,2.2391300295346044
2024-01-06,2.230705173644637
2024-01-07,2.2435307211367626
2024-01-08,2.2432419337162783
2024-01-09,2.258714600899499
2024-01-10,2.2855973888240797
2024-01-11,2.3116185868525982
2024-01-12,2.3018202821924323
2024-01-13,2.299242667072593
2024-01-14,2.297962247079955
2024-01-15,2.2698545387894993
2024-01-16,2.2422725643340473
2024-01-17,2.2384583965770526
2024-01-18,2.244227526305756
2024-01-19,2.2476338541650223
2024-01-20,2.2475728712582703
2024-01-21,2.253311496516565
2024-01-22,2.236653829926123
2024-01-23,2.1817516229284593
2024-01-24,2.192862506695172
2024-01-25,2.1424755157496036
2024-01-26,2.1320626423545885
2024-01-27,2.1278957088570745
2024-01-28,2.1187247254867407
2024-01-29,2.1763173935100357
2024-01-30,1.93100890636166
2024-01-31,2.058684923110121
2024-02-01,2.0881299881971347
2024-02-02,2.1237546609581948
2024-02-03,2.1192529584736546
2024-02-04,2.10176949748762
2024-02-05,2.1123649741163235
2024-02-06,2.0150903288863016
2024-02-07,1.959292604066944
2024-02-08,2.0076776826195735
2024-02-09,2.0692654715800023
2024-02-10,2.076673883625575
2024-02-11,2.0709505473372847
2024-02-12,2.086738560598289
2024-02-13,2.072093434945343
2024-02-14,2.0613874615645167
2024-02-15,2.047858100815326
2024-02-16,2.0432964438215944
2024-02-17,2.042963799567949
2024-02-18,2.0391487715988923
2024-02-19,2.0244610308803876
2024-02-20,1.988072505117126
2024-02-21,2.0881480327601594
2024-02-22,2.0714099824848047
2024-02-23,2.0635689359562424
2024-02-24,1.9876402546853529
2024-02-25,1.967610220487315
2024-02-26,1.939261264999042
2024-02-27,1.920281567569793
2024-02-28,1.9086400146964964
2024-02-29,1.8897035283698165
2024-03-01,1.9082754753916804
2024-03-02,1.876025128174745
2024-03-03,1.876875631175677
2024-03-04,1.8454150050699345
2024-03-05,1.831932683015712
2024-03-06,1.803833261071782
2024-03-07,1.7919868160247123
2024-03-08,1.808093277365443
2024-03-09,1.7948426355039615
2024-03-10,1.7651349002202832
2024-03-11,1.7547077640235176
2024-03-12,1.9117500714579656
2024-03-13,1.9276676672522888
2024-03-14,2.119298228412576
2024-03-15,2.0014305307863665
2024-03-16,1.9755922310204224
2024-03-17,1.9465778757888488
2024-03-18,1.9237500192698875
2024-03-19,1.953247231430275
2024-03-20,2.020208463974068
2024-03-21,2.0395928820635687
2024-03-22,2.036972425614145
2024-03-23,2.0350399357857496
2024-03-24,2.034619601908997
2024-03-25,2.0712361087454165
2024-03-26,2.1291901268232736
2024-03-27,2.1180868533361163
2024-03-28,2.1412678059912653
2024-03-29,2.141612561272447
2024-03-30,2.130474798460959
2024-03-31,2.1278460417642635
2024-04-01,2.194862026799687
2024-04-02,2.1864622124834727
2024-04-03,2.1910258790043975
2024-04-04,2.180546234542534
2024-04-05,2.169361101694187
2024-04-06,2.1586638544385344
2024-04-07,2.1631946928650363
2024-04-08,2.145619787002274
2024-04-09,2.1478459735777404
2024-04-10,2.137539816327679
2024-04-11,2.130879874868824
2024-04-12,2.1258087500237948
2024-04-13,2.120103532731965
2024-04-14,2.121572813776655
2024-04-15,2.129364990032694
2024-04-16,2.1559092997341742
2024-04-17,2.159370150511198
2024-04-18,2.1569196038934058
2024-04-19,2.1628594877984675
2024-04-20,2.160612765641056
2024-04-21,2.1612510642547527
2024-04-22,2.1660253038937607
2024-04-23,2.1581631781174853
2024-04-24,2.206275892389265
2024-04-25,2.19549960596907
2024-04-26,2.1826765360196214
2024-04-27,2.195561746851987
2024-04-28,2.2027479399239445
2024-04-29,2.189733531568998
2024-04-30,2.264980308705912
2024-05-01,2.344607713791534
2024-05-02,2.3035316397540884
2024-05-03,2.317995824140117
2024-05-04,2.2575727512472814
2024-05-05,2.2592968087157317
2024-05-06,2.289524704693712
2024-05-07,2.3253281882323193
2024-05-08,2.34703852165511
2024-05-09,2.3677912770817273
2024-05-10,2.3962592171921977
2024-05-11,2.4047880644244084
2024-05-12,2.4018984222811177
2024-05-13,2.3805427152597947
2024-05-14,2.4125200750445925
2024-05-15,2.35367108295733
2024-05-16,2.4148261600387673
2024-05-17,2.4196225686090793
2024-05-18,2.410728836116976
2024-05-19,2.38921871121039
2024-05-20,2.475761128410966
2024-05-21,2.495761409577916
2024-05-22,2.64976999061506
2024-05-23,2.632517035849094
2024-05-24,2.648444323618749
2024-05-25,2.639623846462966
2024-05-26,2.626217161440271
2024-05-27,2.683126632622037
2024-05-28,2.7084082045025384
2024-05-29,2.75199793505855
2024-05-30,2.7714395630370303
2024-05-31,2.771567743964805
2024-06-01,2.7705945796218794
2024-06-02,2.7664102672252326
2024-06-03,2.768604391061723
2024-06-04,2.7799224329757175
2024-06-05,2.7717784966551267
2024-06-06,2.7471175164810475
2024-06-07,2.7567873594651493
2024-06-08,2.758064381603722
2024-06-09,2.750375440473564
2024-06-10,2.760602079703
2024-06-11,2.7572494530653993
2024-06-12,2.905417127334456
2024-06-13,2.8242248383723068
2024-06-14,2.7784972026341186
2024-06-15,2.7956584338392387
2024-06-16,2.7922678752959516
2024-06-17,2.779518214425948
2024-06-18,2.768396968283503
2024-06-19,2.7812420926546166
2024-06-20,2.6726378769788974
2024-06-21,2.650494098820054
2024-06-22,2.6620773562702933
2024-06-23,2.671390324957142
2024-06-24,2.662420778225451
2024-06-25,2.485721846813695
2024-06-26,2.481251715938441
2024-06-27,2.4809195255821015
2024-06-28,2.4875699357224414
2024-06-29,2.4803406696054178
2024-06-30,2.4892148211700738
2024-07-01,2.499299487674541
2024-07-02,2.5356530946520506
2024-07-03,2.5243150045641323
2024-07-04,2.5574813231514932
2024-07-05,2.553883376094564
2024-07-06,2.548347503634178
2024-07-07,2.544810628261068
2024-07-08,2.538386423875358
2024-07-09,2.575276404617886
2024-07-10,2.5623833931503257
2024-07-11,2.4967313349439957
2024-07-12,2.5011095284044367
2024-07-13,2.4360381540013627
2024-07-14,2.4394990957243303
2024-07-15,2.4098292298056956
2024-07-16,2.4412042838949164
2024-07-17,2.481176710591942
2024-07-18,2.4548195893405045
2024-07-19,2.470249185715952
2024-07-20,2.471473075014962
2024-07-21,2.4693082304712917
2024-07-22,2.447646761819268
2024-07-23,2.444194727180251
2024-07-24,2.423855474110991
2024-07-25,2.3591719339136485
2024-07-26,2.343619089121647
2024-07-27,2.340664156994129
2024-07-28,2.337145929013892
2024-07-29,2.3307462512748054
2024-07-30,2.2982799873895994
2024-07-31,2.4126122308444
2024-08-01,2.4826508128716305
2024-08-02,2.457403425621895
2024-08-03,2.6114615654807536
2024-08-04,2.617339095754533
2024-08-05,2.6087508917739335
2024-08-06,2.5469971916313567
2024-08-07,2.4646038827023897
2024-08-08,2.531036105228968
2024-08-09,2.512643756991515
2024-08-10,2.5298608440057286
2024-08-11,2.529781004271246
2024-08-12,2.5029628152987256
2024-08-13,2.503714922026832
2024-08-14,2.4641919819739813
2024-08-15,2.444485834578024
2024-08-16,2.433659619010931
2024-08-17,2.422591853660464
2024-08-18,2.390711036833319
2024-08-19,2.4953605642103267
2024-08-20,2.503282300952098
2024-08-21,2.610159141894658
2024-08-22,2.5703638506381536
2024-08-23,2.5617199221421574
2024-08-24,2.5527347835759313
2024-08-25,2.5464265518797125
2024-08-26,2.559032853953046
2024-08-27,2.5688268818959785
2024-08-28,2.695194025574409
2024-08-29,2.6888343211672847
2024-08-30,2.6953728209228447
2024-08-31,2.6869801355949323
2024-09-01,2.697741957184171
2024-09-02,2.736894440676904
2024-09-03,2.729970818264418
2024-09-04,2.6845361965606553
2024-09-05,2.6825564802883006
2024-09-06,2.697348198210788
2024-09-07,2.6903161116969954
2024-09-08,2.6902401387542225
2024-09-09,2.6877979374547465
2024-09-10,2.5160749686453237
2024-09-11,2.5584331602831316
2024-09-12,2.4684327388656135
2024-09-13,2.4783142749343345
2024-09-14,2.485554392332741
2024-09-15,2.4994581565250433
2024-09-16,2.529022381507494
2024-09-17,2.4471352389247025
2024-09-18,2.478335530729741
2024-09-19,2.240220175570657
2024-09-20,2.2645428623717216
2024-09-21,2.183722410036052
2024-09-22,2.18525655861672
2024-09-23,2.195539541337762
2024-09-24,2.2235036219918163
2024-09-25,2.238703504459501
2024-09-26,2.2130437046572236
2024-09-27,2.19450463060668
2024-09-28,2.1920649741480114
2024-09-29,2.1908397538383952
2024-09-30,2.192292449467912
2024-10-01,2.186879476474314
2024-10-02,2.184680752604848
2024-10-03,2.1607915476926185
2024-10-04,2.1658104092625265
2024-10-05,2.16070118012851
2024-10-06,2.182335808085232
2024-10-07,2.192516123247242
2024-10-08,2.177740998226272
2024-10-09,2.113658844197031
2024-10-10,2.115867112495251
2024-10-11,2.128118922114293
2024-10-12,2.1384463731386667
2024-10-13,2.139625127608436
2024-10-14,2.1409184853831897
2024-10-15,2.116980565870988
2024-10-16,2.123903958146713
2024-10-17,2.1221456242182732
2024-10-18,2.128283699349827
2024-10-19,2.1185262763468016
2024-10-20,2.1167192090656073
2024-10-21,2.1157118519744564
2024-10-22,2.1438427932221575
2024-10-23,2.164948372467044
2024-10-24,2.2102061357258833
2024-10-25,2.2177662081721823
2024-10-26,2.2215288106174875
2024-10-27,2.212682714562513
2024-10-28,2.2027705395180814
2024-10-29,2.1650515802489023
2024-10-30,2.200735222573349
2024-10-31,2.312942294719459
2024-11-01,2.355907296034747
2024-11-02,2.3882643731846285
2024-11-03,2.396549669009452
2024-11-04,2.3906682724642065
2024-11-05,2.4212453524833006
2024-11-06,2.3267463109304427
2024-11-07,2.327994295440684
2024-11-08,2.3662290167144606
2024-11-09,2.358227009687571
2024-11-10,2.362325864137228
2024-11-11,2.365747832369176
2024-11-12,2.370651206324949
2024-11-13,2.388320003470478
2024-11-14,2.391938090885531
2024-11-15,2.397544741485425
2024-11-16,2.385902902228312
2024-11-17,2.3575385053359392
2024-11-18,2.4248150613054587
2024-11-19,2.44498764059467
2024-11-20,2.52938558609694
2024-11-21,2.5293842625582106
2024-11-22,2.5229925479975233
2024-11-23,2.5278142000658224
2024-11-24,2.524848704000137
2024-11-25,2.5220267499746316
2024-11-26,2.545758409381704
2024-11-27,2.555123924512092
2024-11-28,2.555992587674962
2024-11-29,2.560385307030269
2024-11-30,2.561213005777936
2024-12-01,2.5578701177560883
2024-12-02,2.584902132367392
2024-12-03,2.58598092913834
2024-12-04,2.5499900910388873
2024-12-05,2.615856591102963
2024-12-06,2.612168323413445
2024-12-07,2.6075314253213064
2024-12-08,2.6080686496519863
2024-12-09,2.6099375835899186
2024-12-10,2.4795039650891386
2024-12-11,2.433023792584656
2024-12-12,2.413961371592134
2024-12-13,2.474559457396795
2024-12-14,2.475689240998105
2024-12-15,2.489337069036808
2024-12-16,2.4979518967633525
2024-12-17,2.515663358364058
2024-12-18,2.6114210689372563
2024-12-19,2.4900232561065727
2024-12-20,2.5185569817776003
2024-12-21,2.5314207281404806
2024-12-22,2.5306178861223634
2024-12-23,2.5074958149523647
2024-12-24,2.506940287544408
2024-12-25,2.562354724116133
2024-12-26,2.5461042881819016
2024-12-27,2.5345575421691784
2024-12-28,2.5311148755439423
2024-12-29,2.5341564061438797
2024-12-30,2.5332971456711686
2024-12-31,2.5298284081204407
2025-01-01,2.5005435701917396
2025-01-02,2.53038578465008
2025-01-03,2.5227833527984753
2025-01-04,2.523913454744285
2025-01-05,2.5198624355833976
2025-01-06,2.5149612290781596
2025-01-07,2.557183613051154
2025-01-08,2.419397053544114
2025-01-09,2.4631998647648667
2025-01-10,2.463247341419962
2025-01-11,2.4662473784738994
2025-01-12,2.464296255255968
2025-01-13,2.477382644902176
2025-01-14,2.5003576227249025
2025-01-15,2.523153287520244
2025-01-16,2.5185446114328833
2025-01-17,2.532145001739854
2025-01-18,2.523253534655722
2025-01-19,2.5163265742021306
2025-01-20,2.5130128898039956
2025-01-21,2.5316413672013462
2025-01-22,2.5924981087721624
2025-01-23,2.584553692302311
2025-01-24,2.5407207077586627
2025-01-25,2.5464758618771084
2025-01-26,2.541104949651147
2025-01-27,2.5255167567389853
2025-01-28,2.574512341901703
2025-01-29,2.8187880889177492
2025-01-30,2.812549421770132
2025-01-31,2.845461563637289
2025-02-01,2.831967422435599
2025-02-02,2.85425496822035
2025-02-03,2.859813408069583
2025-02-04,3.035232919023759
2025-02-05,3.0222124131102737
2025-02-06,2.973085833839637
2025-02-07,2.9719184692641467
2025-02-08,2.968369933467515
2025-02-09,2.9674142473414933
2025-02-10,2.971211525785956
2025-02-11,3.0122757214679297
2025-02-12,3.005919842730992
2025-02-13,2.980677988105578
2025-02-14,2.967886677918044
2025-02-15,2.9708565786317185
2025-02-16,2.964978097237432
2025-02-17,2.947568999927052
2025-02-18,3.007466186236332
2025-02-19,2.9734924595862533
2025-02-20,2.9549437079399294
2025-02-21,2.9526753067366895
2025-02-22,2.924790110066051
2025-02-23,2.935220371928974
2025-02-24,2.9377670548165487
2025-02-25,2.945540143490462
2025-02-26,2.9184283330180136
2025-02-27,2.882542204111562
2025-02-28,2.8881646894923585
2025-03-01,2.8722936379859716
2025-03-02,2.8896423070958743
2025-03-03,2.8801248378764543
2025-03-04,2.8132570272989006
2025-03-05,2.8388967719498774
2025-03-06,2.868322512423395
2025-03-07,2.8580424418159396
2025-03-08,2.8570098013789775
2025-03-09,2.8541183650285182
2025-03-10,2.8539718761860184
2025-03-11,2.90631983908059
2025-03-12,2.892647347309497
2025-03-13,2.9770199297837965
2025-03-14,3.0070172209075285
2025-03-15,3.007678445391056
2025-03-16,3.012550613910594
2025-03-17,3.002565828698089
2025-03-18,3.014874513527652
2025-03-19,3.0139881852465504
2025-03-20,3.0105667293393656
2025-03-21,3.0453160069933647
2025-03-22,3.040653135926269
2025-03-23,3.0328000360454244
2025-03-24,3.0390674004798974
2025-03-25,3.049732598198544
2025-03-26,3.0135706960681485
2025-03-27,3.0324291735523454
2025-03-28,3.0052173434455933
2025-03-29,3.0009886597614814
2025-03-30,2.9997081501972267
2025-03-31,3.0060359300073514
2025-04-01,3.012312045198967
2025-04-02,3.0114729709268127
2025-04-03,3.0032353589337877
2025-04-04,3.000586072488778
2025-04-05,3.0065933691933218
2025-04-06,3.00124157046697
2025-04-07,2.9979713046551724
2025-04-08,3.034683645736211
2025-04-09,3.0204077054239336
2025-04-10,3.0126537157465716
2025-04-11,3.0084720613461697
2025-04-12,3.0088318675428725
2025-04-13,3.0006279646283067
2025-04-14,2.9870227357858403
2025-04-15,2.9941671619179635
2025-04-16,3.006659963219354
2025-04-17,3.001349721782442
2025-04-18,3.001442282186946
2025-04-19,3.001898027341667
2025-04-20,3.000409921305935
2025-04-21,3.0040928152094515
2025-04-22,3.017857345703581
2025-04-23,2.999116208498693
2025-04-24,2.954282778763461
2025-04-25,2.964801139959044
2025-04-26,2.962366671196326
2025-04-27,2.955418361175754
2025-04-28,2.9710557792207535
2025-04-29,3.023424929174396
2025-04-30,2.9140292920801456
2025-05-01,2.851752501656777
2025-05-02,2.8062562535209756
2025-05-03,2.7967471370556143
2025-05-04,2.785353171260465
2025-05-05,2.7931355152711457
2025-05-06,2.7918064803796954
2025-05-07,2.849400916442817
2025-05-08,2.8341142101428707
2025-05-09,2.8307075092919423
2025-05-10,2.82605039565396
2025-05-11,2.8277322180275206
2025-05-12,2.83558510589485
2025-05-13,2.8435273969380495
2025-05-14,2.8656618319279916
2025-05-15,2.884617752920086
2025-05-16,2.8849659687984897
2025-05-17,2.886074684074594
2025-05-18,2.907319547369063
2025-05-19,2.831823712588491
2025-05-20,2.8307965585362096
2025-05-21,2.791653828354098
2025-05-22,2.8242731436887074
2025-05-23,2.8253262623802744
2025-05-24,2.827031030398105
2025-05-25,2.825033142929896
2025-05-26,2.8005049726086098
2025-05-27,2.8340549814954143
2025-05-28,2.782592852883149
2025-05-29,2.7927008989147257
2025-05-30,2.7967508710726703
2025-05-31,2.7940924508401865
2025-06-01,2.7861278084554884
2025-06-02,2.797827145660126
2025-06-03,2.793580154195476
2025-06-04,2.787460677909146
2025-06-05,2.7749302428433253
2025-06-06,2.772067412935237
2025-06-07,2.7683441691035524
2025-06-08,2.771210772861741
2025-06-09,2.77783872018704
2025-06-10,2.8112703269595247
2025-06-11,2.7299936165637564
2025-06-12,2.749680821314997
2025-06-13,2.7517013181534797
2025-06-14,2.7493543102668077
2025-06-15,2.755419584599372
2025-06-16,2.7586950490017
2025-06-17,2.8364995478417834
2025-06-18,2.8380987255859074
2025-06-19,2.652703705393165
2025-06-20,2.650973320081275
2025-06-21,2.6618701294422342
2025-06-22,2.6527251743931446
2025-06-23,2.6403717252099836
2025-06-24,2.6914947138349974
2025-06-25,2.7891440908702267
2025-06-26,2.792970160087892
2025-06-27,2.826435777793886
2025-06-28,2.8297760452972462
2025-06-29,2.824719420304019
2025-06-30,2.803067409041897
2025-07-01,2.7970916186792216
2025-07-02,2.8127048248377275
2025-07-03,2.8223387643594493
2025-07-04,2.821529094756751
2025-07-05,2.827877184908215
2025-07-06,2.8119758011419864
2025-07-07,2.8146809551737135
2025-07-08,2.8041768350458285
2025-07-09,2.6560799681727705
2025-07-10,2.665597474737016
2025-07-11,2.6825082706760384
2025-07-12,2.704502420366487
2025-07-13,2.7000353545959737
2025-07-14,2.743028491401365
2025-07-15,2.758719735072293
2025-07-16,2.7017137339827353
2025-07-17,2.7379120099579315
2025-07-18,2.723833859273632
2025-07-19,2.7146628311566254
2025-07-20,2.713728574516588
2025-07-21,2.716318107206332
2025-07-22,2.7231369294758085
2025-07-23,2.813408951586049
2025-07-24,2.8287254203686523
2025-07-25,2.821152034141214
2025-07-26,2.8257073427706647
2025-07-27,2.8186589229040577
2025-07-28,2.836690748676519
2025-07-29,2.8412750409967527
2025-07-30,2.899023842370839
2025-07-31,3.056340112494278
2025-08-01,3.0592498589714774
2025-08-02,2.998660354190157
2025-08-03,2.99895424249924
2025-08-04,2.9950878817163775
2025-08-05,3.0737788921347797
2025-08-06,3.063503012400842
2025-08-07,3.060702234296053
2025-08-08,3.085787473456074
2025-08-09,3.078346152662144
2025-08-10,3.0790105201951357
2025-08-11,3.0997446322815447
2025-08-12,3.0500284761756467
2025-08-13,3.0659997146320777
2025-08-14,3.0556214216241178
2025-08-15,3.059052047879774
2025-08-16,3.057129479164485
2025-08-17,3.0777811125972
2025-08-18,3.0123422791250007
2025-08-19,3.0129409000912433
2025-08-20,3.005246924403122
2025-08-21,3.009982112219773
2025-08-22,3.018732783710368
2025-08-23,3.019019498438819
2025-08-24,3.018993073283656
2025-08-25,2.9874470514573592
2025-08-26,3.001129603556579
2025-08-27,3.0952973903901833
2025-08-28,3.0891205959473163
2025-08-29,3.0930485917258186
2025-08-30,3.097826468802688
2025-08-31,3.0936821482402657
2025-09-01,3.0695484346418205
2025-09-02,3.09225323588205
2025-09-03,3.0673172634322663
2025-09-04,3.114111805018601
2025-09-05,3.1144701666725805
2025-09-06,3.1139933406479554
2025-09-07,3.108793952227597
2025-09-08,3.097200489221143
2025-09-09,3.026866592645135
2025-09-10,2.9812898363703084
2025-09-11,2.881837739459979
2025-09-12,2.922912532409524
2025-09-13,2.9323059749207956
2025-09-14,2.9353252792433104
2025-09-15,2.9553881984428014
2025-09-16,2.7693301543964055
2025-09-17,2.7591301800546435
2025-09-18,2.7429150266726743
2025-09-19,2.746921008754507
2025-09-20,2.8371713483260166
2025-09-21,2.834414090208065
2025-09-22,2.7985279568859376
2025-09-23,2.7702881134327506
2025-09-24,2.7461444912995807
2025-09-25,2.720996762591194
2025-09-26,2.710977647693499
2025-09-27,2.71517017197299
2025-09-28,2.724196988630128
2025-09-29,2.7253477376935984
2025-09-30,2.71310906119516
2025-10-01,2.7597066344124985
2025-10-02,2.749923554982025
2025-10-03,2.747125957358701
2025-10-04,2.7532977285131057
2025-10-05,2.7515708147466187
2025-10-06,2.7556711226848987
2025-10-07,2.7597316634311837
2025-10-08,2.5955965129130742
2025-10-09,2.60352639739192
2025-10-10,2.6156163991410946
2025-10-11,2.6178807322033917
2025-10-12,2.618705718403335
2025-10-13,2.640086617174472
2025-10-14,2.7053125143914283
2025-10-15,2.7076628899286117
2025-10-16,2.7025061416966025
2025-10-17,2.7019349746443133
2025-10-18,2.6977682573159805
2025-10-19,2.6897323733034773
2025-10-20,2.6832686614637287
2025-10-21,2.7173999764132133
2025-10-22,2.7398969181236534
2025-10-23,2.812870224971442
2025-10-24,2.8086330498127055
2025-10-25,2.8069637502474327
2025-10-26,2.8078194138509187
2025-10-27,2.810462206787947
2025-10-28,2.8064314542606277
2025-10-29,2.884121873617361
2025-10-30,3.026318506672526
2025-10-31,3.186015185215074
2025-11-01,3.254970786483297
2025-11-02,3.2718847510274056
2025-11-03,3.2849289813856295
2025-11-04,3.309134780874304
2025-11-05,3.3108465224393933
2025-11-06,3.379263146717257
2025-11-07,3.3753694777589223
2025-11-08,3.377097879486953
2025-11-09,3.375229814002335
2025-11-10,3.3708330942746714
2025-11-11,3.3951543560523265
2025-11-12,3.365683288172662
2025-11-13,3.3288824228709597
2025-11-14,3.3259685483357084
2025-11-15,3.3309799966170255
2025-11-16,3.314663417115455
2025-11-17,3.3445240209631732
2025-11-18,3.3228035686490527
2025-11-19,3.4252374327451545
2025-11-20,3.3930140953668784
2025-11-21,3.390273074103614
2025-11-22,3.38276735656089
2025-11-23,3.380475650274998
2025-11-24,3.375538278853172
2025-11-25,3.3946342512905003
2025-11-26,3.395723223405808
2025-11-27,3.404608684502898
2025-11-28,3.4043059568913168
2025-11-29,3.4054489770303205
2025-11-30,3.408183812216681
2025-12-01,3.398884783174466
2025-12-02,3.4116818474027473
2025-12-03,3.4121141002063267
2025-12-04,3.3685954440819863
2025-12-05,3.365539658807552
2025-12-06,3.3562094456591276
2025-12-07,3.347156676777447
2025-12-08,3.3478689710836043
2025-12-09,3.2451724034437377
2025-12-10,3.308498088541456
2025-12-11,3.413015420130269
2025-12-12,3.414315993497374
2025-12-13,3.414403650687386
2025-12-14,3.405233947733183
2025-12-15,3.440160464252319
2025-12-16,3.4734036607178607
2025-12-17,3.466214123718161
2025-12-18,3.3026426174531496
2025-12-19,3.379020663937391
2025-12-20,3.2811756065532633
2025-12-21,3.2768431928158313
2025-12-22,3.286651151729782
2025-12-23,3.3426464452787368
2025-12-24,3.3882590790642473
2025-12-25,3.33292988991408
2025-12-26,3.3493687539999657
2025-12-27,3.3514838048255635
2025-12-28,3.346891736741889
2025-12-29,3.3304485973838283
2025-12-30,3.3483807667683503
2025-12-31,3.355167430464447
2026-01-01,3.306752653750058
2026-01-02,3.3300088234262413
2026-01-03,3.33723920798407
2026-01-04,3.335045516428369
2026-01-05,3.344302368826453
2026-01-06,3.3315498530712913
2026-01-07,3.3175523837576035
2026-01-08,3.3497002412360724
2026-01-09,3.350546856111943
2026-01-10,3.349828028493522
2026-01-11,3.3470582850460247
2026-01-12,3.3415713628445554
2026-01-13,3.3425195509304952
2026-01-14,3.184607699157887
2026-01-15,3.233215713232683
2026-01-16,3.2389266938027808
2026-01-17,3.2333992983647777
2026-01-18,3.2295207029149333
2026-01-19,3.248324238038828
2026-01-20,3.253990851133241
2026-01-21,3.2490333321373095
2026-01-22,3.257877776039903
2026-01-23,3.2758327095100848
2026-01-24,3.280737616341064
2026-01-25,3.270485955933622
2026-01-26,3.2587041208740737
2026-01-27,3.2230025441644568
2026-01-28,3.379917901829519
2026-01-29,3.388253021114361
2026-01-30,3.477556385573054
2026-01-31,3.469213535366493
2026-02-01,3.4412463134966877
2026-02-02,3.434049063379568
2026-02-03,3.3950206770583025
2026-02-04,3.607343541314275
2026-02-05,3.6766658083920456
2026-02-06,3.673916895226576
2026-02-07,3.662083075762789
2026-02-08,3.65913052487648
2026-02-09,3.6620989558694816
2026-02-10,3.623455261907948
2026-02-11,3.543913019300663
2026-02-12,3.5865031773820517
2026-02-13,3.597974488256986
2026-02-14,3.591944508927689
2026-02-15,3.591885409735796
2026-02-16,3.605142408594335
2026-02-17,3.510208611405432
2026-02-18,3.506279010028441
2026-02-19,3.544913933437738
2026-02-20,3.5129542844177064
2026-02-21,3.512640438315967
2026-02-22,3.516101589029843
2026-02-23,3.5684783932933124
2026-02-24,3.58410673356418
2026-02-25,3.4422924817413096
2026-02-26,3.4648206203178273
2026-02-27,3.46218575475225
2026-02-28,3.4082430479893473
2026-03-01,3.4544219290204063
2026-03-02,3.4679838422094633
2026-03-03,3.4753050327545374
2026-03-04,3.4690921561871546
2026-03-05,3.4596155628920857
2026-03-06,3.564084835416522
2026-03-07,3.566642985994796
2026-03-08,3.5627642524832197
2026-03-09,3.5647346233938935
2026-03-10,3.617944532869662
2026-03-11,3.577405794185327
2026-03-12,3.5983745229776227
2026-03-13,3.611153899358411
2026-03-14,3.602344879619391
2026-03-15,3.614094495961569
2026-03-16,3.6082791630702697
2026-03-17,3.548104663999694
2026-03-18,3.5355754837815274
2026-03-19,3.4864595939956553
2026-03-20,3.4884181627313717
2026-03-21,3.5028122003248257
2026-03-22,3.4990504542888257
2026-03-23,3.5032177813254877
2026-03-24,3.5014719475583185
2026-03-25,3.6208648527053526
2026-03-26,3.575162547767314
2026-03-27,3.5455721018821915
2026-03-28,3.549285818160941
2026-03-29,3.5460564876059255
2026-03-30,3.535160243953913
2026-03-31,3.515410900826137
2026-04-01,3.481862711837517
2026-04-02,3.5042620649049083
2026-04-03,3.4992948011044676
2026-04-04,3.5004673941911
2026-04-05,3.5007989203265435
2026-04-06,3.50554534976644
2026-04-07,3.499302079912934
2026-04-08,3.4106780196989623
2026-04-09,3.435811991655256
2026-04-10,3.4367007055048724
2026-04-11,3.436024862402087
2026-04-12,3.438154270477544
2026-04-13,3.4551387726605607
2026-04-14,3.413897047813098
2026-04-15,3.4174462356087365
2026-04-16,3.423099658266259
2026-04-17,3.424031017872033
2026-04-18,3.419795170418797
2026-04-19,3.4156011285295707
2026-04-20,3.403160134971732
2026-04-21,3.395134483938031
2026-04-22,3.3668550959233814
2026-04-23,3.371270609822438
2026-04-24,3.3935719947201974
2026-04-25,3.3925906100741856
2026-04-26,3.3919597732470352
2026-04-27,3.3172842538251817
2026-04-28,3.2927121972648603
2026-04-29,3.2541086093315412
2026-04-30,3.25516935509067
2026-05-01,3.4336560391021567
2026-05-02,3.436930264494593
2026-05-03,3.447657411364169
2026-05-04,3.458821725219627
2026-05-05,3.526246879968869
2026-05-06,3.5554681901944716
2026-05-07,3.57106444358071
2026-05-08,3.547173323734236
2026-05-09,3.5517786357476107
2026-05-10,3.5468768446868064
2026-05-11,3.5431040984257933
2026-05-12,3.552498911170057
2026-05-13,3.598291251666752
2026-05-14,3.6137867415378206
2026-05-15,3.619641889124634
2026-05-16,3.617876317157944
2026-05-17,3.618645049281552
2026-05-18,3.631111617767469
2026-05-19,3.6252686370848703
2026-05-20,3.712582634175803
2026-05-21,3.705792302564595
2026-05-22,3.705360722866071
2026-05-23,3.701078773526816
2026-05-24,3.712454436563899
2026-05-25,3.6785400308632914
2026-05-26,3.679907370235826
2026-05-27,3.6479804288042814
2026-05-28,3.621330177506402
2026-05-29,3.636137081182919
2026-05-30,3.643006637200013
2026-05-31,3.6306928280010498
2026-06-01,3.623398378329303
2026-06-02,3.6180002088888426
2026-06-03,3.668523085104942
2026-06-04,3.6712740112448854
2026-06-05,3.672658936249808
2026-06-06,3.6662255790633735
2026-06-07,3.660281611932589
2026-06-08,3.651026681295032
2026-06-09,3.65105662882034
2026-06-10,3.68014903169102
2026-06-11,3.692646387865169
2026-06-12,3.727331451135937
2026-06-13,3.720307331049633
2026-06-14,3.725185897858567
2026-06-15,3.762202511977875
2026-06-16,3.7042476214618865
2026-06-17,3.596464995408276
2026-06-18,3.6150343901029895
2026-06-19,3.651193575824533
2026-06-20,3.640053893977679
2026-06-21,3.6411090021451256
2026-06-22,3.637683661307067
2026-06-23,3.592739944475046
2026-06-24,3.7936877035834566
2026-06-25,3.736140351719524
2026-06-26,3.725104108744272
2026-06-27,3.717295119541032
2026-06-28,3.718730127016068
2026-06-29,3.717007668352754
2026-06-30,3.7328379219652423
2026-07-01,3.738383073565508
2026-07-02,3.758615052557864
2026-07-03,3.7577485927316423
2026-07-04,3.755212522115385
2026-07-05,3.753427657215152
2026-07-06,3.7541183787547254
2026-07-07,3.7643594837942542
2026-07-08,3.771468381338547
2026-07-09,3.769092372970934
2026-07-10,3.756389424374937
2026-07-11,3.7747810884695814
2026-07-12,3.76726905012616
2026-07-13,3.7636906897594025
2026-07-14,3.739850133093616
2026-07-15,3.844055774534515
2026-07-16,3.8558186777058783
2026-07-17,3.8441351380394537
2026-07-18,3.836659875342468
2026-07-19,3.8348631904613786
2026-07-20,3.8313582821866694
2026-07-21,3.822330985726949
2026-07-22,4.360919402743475
2026-07-23,4.195793886312769
2026-07-24,4.187617092072886
2026-07-25,4.186626108279321
2026-07-26,4.181390082577147
2026-07-27,4.1970718465064305
2026-07-28,4.242942777726358
2026-07-29,4.29250824188088
2026-07-30,4.174130192074028
2026-07-31,4.328961673007
2026-08-01,4.875506421467548
2026-08-02,4.873627715673017
2026-08-03,4.929558253152264
2026-08-04,4.944705303827874
2026-08-05,4.974780409643426
2026-08-06,4.977870913570498
2026-08-07,4.921890121442672
2026-08-08,4.934137668492101
2026-08-09,4.928611262969601
2026-08-10,4.903326349137698
2026-08-11,4.943266765138295
2026-08-12,4.9512125571414245
2026-08-13,4.95229430651829
2026-08-14,4.94476601985857
2026-08-15,4.9363765069888395
2026-08-16,4.945629538294975
2026-08-17,4.912856518062625
2026-08-18,4.928261987245625
2026-08-19,4.954283390196261
2026-08-20,4.9608992855967955
2026-08-21,4.951493334965377
2026-08-22,4.945023419682004
2026-08-23,4.942513114683777
2026-08-24,4.939870321313466
2026-08-25,4.9130738845778446
2026-08-26,5.043406569951649
2026-08-27,5.0543299271306275
2026-08-28,5.042257185861783
2026-08-29,5.029659617762892
2026-08-30,5.017092677961843
2026-08-31,5.024423689406349
2026-09-01,5.0340391284699315
2026-09-02,5.098898433321782
2026-09-03,5.097057156749299
2026-09-04,5.092175223130489
2026-09-05,5.0828535313451315
2026-09-06,5.081586835377946
2026-09-07,5.078574062401596
2026-09-08,5.071037037495428
2026-09-09,5.0612578682398865
2026-09-10,5.123901190761943
2026-09-11,5.107704274279773
