date,ip_growth_mom
1990-01-01,-0.4752002002404631
1990-01-02,-1.0812487338545127
1990-01-03,-0.9221637595306332
1990-01-04,-0.9467928536855348
1990-01-05,-0.6989607554699147
1990-01-06,-0.679168323370041
1990-01-07,-0.6328111098261595
1990-01-08,-0.7719857753605635
1990-01-09,-0.6704250509437975
1990-01-10,-0.6599872210964812
1990-01-11,-0.7236224416585875
1990-01-12,-0.7630906924900975
1990-01-13,-0.7527266809780431
1990-01-14,-0.7165793981237591
1990-01-15,-0.5098835717959329
1990-01-16,-0.4518093745235769
1990-01-17,-0.5432539312623252
1990-01-18,-0.3062037138088398
1990-01-19,-0.2419901797393087
1990-01-20,-0.3352352179886053
1990-01-21,-0.3794671971380017
1990-01-22,-0.3353967722825626
1990-01-23,-0.0919900219383103
1990-01-24,0.6384314686775858
1990-01-25,0.5224656954375484
1990-01-26,0.3032461429304405
1990-01-27,0.3577026831953807
1990-01-28,0.3850577314916747
1990-01-29,0.5108710306924715
1990-01-30,0.5354341283218482
1990-01-31,0.6803511348320241
1990-02-01,0.2319264609316382
1990-02-02,-0.0684427661676827
1990-02-03,-0.0157754602146813
1990-02-04,-0.0034642934345798
1990-02-05,0.0049519595353866
1990-02-06,-0.0248559375787484
1990-02-07,-0.2503251292111792
1990-02-08,-0.5310418706894744
1990-02-09,-0.4472800514879977
1990-02-10,-0.4342202602415024
1990-02-11,-0.4826555945811071
1990-02-12,-0.4089573302310938
1990-02-13,-0.4258279640848621
1990-02-14,-0.394676968116419
1990-02-15,-0.5046187049277782
1990-02-16,-0.4889923699290366
1990-02-17,-0.7203812370675771
1990-02-18,-0.9250488967723656
1990-02-19,-0.8075272968145741
1990-02-20,-0.6395515144548731
1990-02-21,-0.3125319341681589
1990-02-22,-0.4122934703955416
1990-02-23,-0.6637646822317373
1990-02-24,-0.7140256227980148
1990-02-25,-0.5622691389118206
1990-02-26,-0.6064622682057614
1990-02-27,-0.5066029735737148
1990-02-28,-0.5449184242637761
1990-03-01,-0.3710537663132311
1990-03-02,-0.6793731865341963
1990-03-03,-0.7638362798860543
1990-03-04,-0.8560092031181847
1990-03-05,-0.5844736456229476
1990-03-06,-0.5757835395325543
1990-03-07,-0.4304166321416451
1990-03-08,-0.5136439018711427
1990-03-09,-0.5870326124428935
1990-03-10,-0.5205008509850888
1990-03-11,-0.5652080489361067
1990-03-12,-0.347945254653105
1990-03-13,-0.1911793220739486
1990-03-14,-0.4402616860823842
1990-03-15,-0.4071676469711269
1990-03-16,-0.5323344489251678
1990-03-17,-0.4740252608092616
1990-03-18,-0.1187054018661564
1990-03-19,-0.2233844502082007
1990-03-20,-0.1850151495716263
1990-03-21,-0.1242808349421054
1990-03-22,0.0656193611494846
1990-03-23,0.0698397636410341
1990-03-24,0.1756965683288753
1990-03-25,0.1904364559767337
1990-03-26,0.2183748307630326
1990-03-27,0.2148963887936357
1990-03-28,0.2385031936773856
1990-03-29,0.1715263630241073
1990-03-30,0.1615465118566923
1990-03-31,0.1780764889278827
1990-04-01,0.3788970492958616
1990-04-02,0.1124385202559978
1990-04-03,0.1287982107245435
1990-04-04,0.1384821322811906
1990-04-05,0.3967215263848611
1990-04-06,0.2872781955857608
1990-04-07,0.2366921719227357
1990-04-08,0.1398004484214852
1990-04-09,0.2510026457254735
1990-04-10,0.2933642944428709
1990-04-11,0.2906455480337502
1990-04-12,0.1606292194739669
1990-04-13,0.1358091775659287
1990-04-14,0.150894050259345
1990-04-15,0.1563811970478383
1990-04-16,-0.0593320579834699
1990-04-17,-0.0396090757104878
1990-04-18,0.1632781590340386
1990-04-19,-0.1682950791071056
1990-04-20,-0.0483731245176999
1990-04-21,-0.0745205589094071
1990-04-22,-0.076880285905672
1990-04-23,-0.1874810542615668
1990-04-24,0.0551770950077319
1990-04-25,-0.0287862157921958
1990-04-26,-0.0782962190602147
1990-04-27,-0.1201648401817998
1990-04-28,-0.0941467230861079
1990-04-29,-0.0753969120183444
1990-04-30,-0.0629138972883751
1990-05-01,0.12109513147266
1990-05-02,-0.1386411440046486
1990-05-03,0.0773589119839537
1990-05-04,0.172194290126999
1990-05-05,0.2360116988174929
1990-05-06,0.3167171652913336
1990-05-07,0.2797393700350759
1990-05-08,0.2544039641178086
1990-05-09,0.2176019468181687
1990-05-10,0.1444450686846261
1990-05-11,0.1535567387504606
1990-05-12,0.194470648256674
1990-05-13,0.2242429945537134
1990-05-14,0.2432880883436576
1990-05-15,0.3584512862757902
1990-05-16,0.2249301145697668
1990-05-17,0.5870180350598859
1990-05-18,0.3986987894680822
1990-05-19,0.4429458501934935
1990-05-20,0.0026919859150542
1990-05-21,0.030089010444023
1990-05-22,-0.0857251213327607
1990-05-23,0.6665482567708241
1990-05-24,0.4761174637909422
1990-05-25,0.5100383648849387
1990-05-26,0.4961661791417191
1990-05-27,0.5483570669767459
1990-05-28,0.7028477645521156
1990-05-29,0.8223215494697512
1990-05-30,0.8547008225317706
1990-05-31,0.8441776311572192
1990-06-01,1.0630629928226336
1990-06-02,1.0590431413891055
1990-06-03,1.0318716530283565
1990-06-04,0.961261342696637
1990-06-05,0.9898218831469342
1990-06-06,0.9580788168713724
1990-06-07,2.649331803472765
1990-06-08,2.5221805601413676
1990-06-09,2.4224617356685516
1990-06-10,2.467305511908003
1990-06-11,2.5464219211038657
1990-06-12,2.4825318734441875
1990-06-13,2.4975627257892974
1990-06-14,2.446326568989818
1990-06-15,2.5253413693649907
1990-06-16,2.4931254142809713
1990-06-17,2.461196180639554
1990-06-18,2.6802068104301844
1990-06-19,2.605454773062754
1990-06-20,2.810163678643391
1990-06-21,2.803782586669718
1990-06-22,3.00449261491
1990-06-23,2.9728618094647343
1990-06-24,2.9586875742031484
1990-06-25,3.0414312113297104
1990-06-26,3.061185380033711
1990-06-27,3.055024769360865
1990-06-28,3.140336156326293
1990-06-29,3.1277496580532542
1990-06-30,3.143565230032593
1990-07-01,2.894502875511602
1990-07-02,3.0630653349548735
1990-07-03,3.310896821271103
1990-07-04,3.170821661257022
1990-07-05,3.363124110132439
1990-07-06,3.3733509314207524
1990-07-07,3.330664082524702
1990-07-08,3.3402299498331773
1990-07-09,3.251578166250664
1990-07-10,3.1972754839232316
1990-07-11,3.1015688602649143
1990-07-12,3.050819426983576
1990-07-13,3.0506310059898585
1990-07-14,3.0274373713784186
1990-07-15,3.091466067375217
1990-07-16,3.0347481700709396
1990-07-17,3.0683715912647904
1990-07-18,3.3958075773995513
1990-07-19,3.1847085424193406
1990-07-20,3.1727397100898775
1990-07-21,3.1246528524100596
1990-07-22,3.1397040703373538
1990-07-23,3.159388287100888
1990-07-24,3.1991303636735458
1990-07-25,3.2198239102801685
1990-07-26,3.27496048988868
1990-07-27,3.0270261271521677
1990-07-28,3.0477089511197466
1990-07-29,3.0293828993166363
1990-07-30,3.033161795956169
1990-07-31,2.99530205024378
1990-08-01,2.8898969670487156
1990-08-02,2.9700133497271337
1990-08-03,2.909565195824384
1990-08-04,2.909722336219854
1990-08-05,2.9422319089856632
1990-08-06,2.948550171524596
1990-08-07,2.9790703556432527
1990-08-08,2.9566302043758
1990-08-09,3.165250300773491
1990-08-10,3.194387119680361
1990-08-11,3.205639110757846
1990-08-12,3.1505854112595704
1990-08-13,3.115744298121099
1990-08-14,3.101297925085869
1990-08-15,3.2094449282319246
1990-08-16,3.2162038585917836
1990-08-17,3.23284525940153
1990-08-18,3.139114682449798
1990-08-19,3.165148146467017
1990-08-20,3.1389334493777015
1990-08-21,3.0355322982047435
1990-08-22,2.999575047947592
1990-08-23,2.921793412837358
1990-08-24,2.8220130124852214
1990-08-25,2.8377386085912515
1990-08-26,2.810955976093071
1990-08-27,2.779136822199599
1990-08-28,2.789941051144383
1990-08-29,2.7217698575233396
1990-08-30,2.6365352463978047
1990-08-31,2.5952369679097673
1990-09-01,2.494929781045975
1990-09-02,2.5469430716665284
1990-09-03,2.5391386838665597
1990-09-04,2.417549652757634
1990-09-05,2.2642544988549833
1990-09-06,2.3251649758304604
1990-09-07,2.3682458234191572
1990-09-08,2.4739140855799464
1990-09-09,2.470508768132664
1990-09-10,2.441234615870126
1990-09-11,2.534225514774912
1990-09-12,2.5441777743344787
1990-09-13,2.496128773719896
1990-09-14,2.3349480129335287
1990-09-15,2.287086630891042
1990-09-16,2.2467807637333665
1990-09-17,2.1864778110161507
1990-09-18,2.20603344085091
1990-09-19,2.1489468874479822
1990-09-20,1.9997714725943707
1990-09-21,2.094362070219786
1990-09-22,2.131875806252914
1990-09-23,2.117992886487127
1990-09-24,2.0344115016418636
1990-09-25,2.02568894299832
1990-09-26,1.958114807437334
1990-09-27,1.9744402692249023
1990-09-28,2.26545688557108
1990-09-29,2.2265582846027416
1990-09-30,2.223989002750351
1990-10-01,2.0496839164928793
1990-10-02,2.1281771961582026
1990-10-03,2.113205142776448
1990-10-04,2.1057304740269327
1990-10-05,2.0889033109000694
1990-10-06,2.108380919735442
1990-10-07,2.124079409426584
1990-10-08,2.0710682594789125
1990-10-09,2.0423933786146784
1990-10-10,2.1065350933385028
1990-10-11,2.052651881874482
1990-10-12,2.0409776415786824
1990-10-13,1.9140538559020193
1990-10-14,1.9625425737700732
1990-10-15,1.981263665617896
1990-10-16,1.9468935904570603
1990-10-17,1.5580046135911974
1990-10-18,1.196835477210549
1990-10-19,0.975785015495723
1990-10-20,0.9566750403121902
1990-10-21,0.976252643585642
1990-10-22,1.011395217512415
1990-10-23,0.6424216293038161
1990-10-24,0.1716714800703187
1990-10-25,-0.1388084058474457
1990-10-26,-0.1911131519029139
1990-10-27,-0.1660782746166904
1990-10-28,-0.152163386843475
1990-10-29,-0.2243750366070882
1990-10-30,-0.2971994083171279
1990-10-31,-0.3889088730694394
1990-11-01,-0.468366060047126
1990-11-02,-0.6675150423056471
1990-11-03,-0.6338979476213609
1990-11-04,-0.6628025400770616
1990-11-05,-0.6837008555865687
1990-11-06,-0.7489252937190185
1990-11-07,-0.7757702439681982
1990-11-08,-0.75403043499862
1990-11-09,-0.87354007525722
1990-11-10,-0.9174768023411096
1990-11-11,-0.9394964129548604
1990-11-12,-0.9623968447388094
1990-11-13,-0.9022418909259392
1990-11-14,-0.8380920088574915
1990-11-15,-0.8582667036417868
1990-11-16,-0.9161203870106068
1990-11-17,-0.9216234635556296
1990-11-18,-1.0707838930696747
1990-11-19,-1.031747147120436
1990-11-20,-1.0465629706923534
1990-11-21,-1.1915697689838662
1990-11-22,-1.1990672917076863
1990-11-23,-1.2123336158748876
1990-11-24,-1.2381459383762232
1990-11-25,-1.2418506398784868
1990-11-26,-1.372057758826126
1990-11-27,-1.3595753854367163
1990-11-28,-1.4013147414312668
1990-11-29,-1.4096401870896822
1990-11-30,-1.4582594159591709
1990-12-01,-1.4047430624813313
1990-12-02,-1.624819114490792
1990-12-03,-1.5319973085863023
1990-12-04,-1.4962382216261227
1990-12-05,-1.5637510894940982
1990-12-06,-1.4910008326234925
1990-12-07,-1.592489440699333
1990-12-08,-1.5660555078675713
1990-12-09,-1.5319332030631254
1990-12-10,-1.7121240383253695
1990-12-11,-1.9867559310701703
1990-12-12,-1.9712174683821464
1990-12-13,-2.0993050270993727
1990-12-14,-2.024077436594336
1990-12-15,-1.9382173767411932
1990-12-16,-1.933825679787936
1990-12-17,-1.9343177813752632
1990-12-18,-2.434613879160499
1990-12-19,-2.4042745610839127
1990-12-20,-2.501924978847795
1990-12-21,-2.548139140697221
1990-12-22,-2.5658898044494336
1990-12-23,-2.5385249885182963
1990-12-24,-2.5853534616599494
1990-12-25,-2.5682599131635415
1990-12-26,-2.6171772870018666
1990-12-27,-2.877394441439039
1990-12-28,-2.920859174085167
1990-12-29,-2.9235686027476326
1990-12-30,-2.92017155569006
1990-12-31,-2.916510146009365
1991-01-01,-2.5800980060698735
1991-01-02,-2.880814959343226
1991-01-03,-2.8406354055021765
1991-01-04,-2.787750817250748
1991-01-05,-2.7693304854588607
1991-01-06,-2.7513244494710185
1991-01-07,-2.7403676279509037
1991-01-08,-2.7868441743527415
1991-01-09,-2.7583738268612024
1991-01-10,-2.7929517828580757
1991-01-11,-2.736644662076048
1991-01-12,-2.7565297636809927
1991-01-13,-2.796864775343349
1991-01-14,-2.7354574603640707
1991-01-15,-2.705614320182372
1991-01-16,-2.6760255820060355
1991-01-17,-2.719920966903922
1991-01-18,-2.9888291271831955
1991-01-19,-3.0004795555187345
1991-01-20,-3.001462452586232
1991-01-21,-2.983947023396297
1991-01-22,-2.917396651258069
1991-01-23,-3.1053644131859324
1991-01-24,-3.236816298694813
1991-01-25,-3.119165229120096
1991-01-26,-3.123162599895001
1991-01-27,-3.139731234815682
1991-01-28,-2.9874460397865885
1991-01-29,-3.0021722133615323
1991-01-30,-3.016860844681002
1991-01-31,-3.0385205289062096
1991-02-01,-2.497250244960815
1991-02-02,-2.892199063495568
1991-02-03,-2.876584232117684
1991-02-04,-2.7643867269631768
1991-02-05,-2.7276511339811034
1991-02-06,-2.616499202150644
1991-02-07,-2.788876083106972
1991-02-08,-2.80833212991584
1991-02-09,-2.801685226767031
1991-02-10,-2.7721027110715992
1991-02-11,-2.732424502639998
1991-02-12,-2.787059862135788
1991-02-13,-2.3619900172392083
1991-02-14,-2.3377191366263075
1991-02-15,-2.3032098885705956
1991-02-16,-2.2330017163688356
1991-02-17,-2.3132711246579873
1991-02-18,-2.393618763063137
1991-02-19,-2.2962519778961106
1991-02-20,-2.532661867718894
1991-02-21,-2.6351227662961065
1991-02-22,-2.6553077221911883
1991-02-23,-2.630864411817728
1991-02-24,-2.620109830025305
1991-02-25,-2.703186471707732
1991-02-26,-2.611220826607844
1991-02-27,-2.539291458279048
1991-02-28,-2.653434767736524
1991-03-01,-2.534027721292941
1991-03-02,-2.6157841017921193
1991-03-03,-2.5539040570822307
1991-03-04,-2.587980367891121
1991-03-05,-2.504570091705023
1991-03-06,-2.5737971160798727
1991-03-07,-2.6208485460297757
1991-03-08,-2.931883861914671
1991-03-09,-2.869910920819767
1991-03-10,-2.8613913991603876
1991-03-11,-2.649526478906351
1991-03-12,-2.4537945990073995
1991-03-13,-2.4110149790536703
1991-03-14,-2.6551116703115105
1991-03-15,-2.4970194370197825
1991-03-16,-2.455794388199424
1991-03-17,-2.4554016223650916
1991-03-18,-2.745956768169948
1991-03-19,-2.7232486579995143
1991-03-20,-2.733945767025781
1991-03-21,-2.6638953940986725
1991-03-22,-2.725394116146817
1991-03-23,-2.6989200815888528
1991-03-24,-2.723680461983517
1991-03-25,-2.7260934566300232
1991-03-26,-2.7168888451054514
1991-03-27,-2.810984764476993
1991-03-28,-2.822476034281512
1991-03-29,-2.6862887457928375
1991-03-30,-2.702759625551609
1991-03-31,-2.700304747083405
1991-04-01,-2.574562952526846
1991-04-02,-2.620989193537273
1991-04-03,-2.553555397379186
1991-04-04,-2.5081675541568305
1991-04-05,-2.6591657545286775
1991-04-06,-2.6468570287165583
1991-04-07,-2.6758722406013877
1991-04-08,-2.6648574140555708
1991-04-09,-2.5252538250177476
1991-04-10,-2.5871348020759823
1991-04-11,-2.4655834095478237
1991-04-12,-2.2083748236321856
1991-04-13,-2.2343837361445376
1991-04-14,-2.2251218598726386
1991-04-15,-1.917269224759531
1991-04-16,-1.71358553673222
1991-04-17,-1.3044043687978597
1991-04-18,-1.128527400194577
1991-04-19,-1.0291645969631256
1991-04-20,-1.0150892260160194
1991-04-21,-1.0136206802219392
1991-04-22,-0.8613479531908372
1991-04-23,-0.4384563356687254
1991-04-24,-0.0041387547161744
1991-04-25,0.4184094151467878
1991-04-26,0.4576562077747085
1991-04-27,0.4536903429775251
1991-04-28,0.4675154000848757
1991-04-29,0.6187389022959474
1991-04-30,1.161834634279865
1991-05-01,1.171469845003559
1991-05-02,1.256012497932376
1991-05-03,1.2833059200042285
1991-05-04,1.3171519227561097
1991-05-05,1.3009594680942511
1991-05-06,1.3208250349219537
1991-05-07,1.3642581180241609
1991-05-08,1.459132021115252
1991-05-09,1.511614327611452
1991-05-10,1.5816301888827835
1991-05-11,1.6005736827308774
1991-05-12,1.5720647754931814
1991-05-13,1.6613933090828414
1991-05-14,1.7080444526607566
1991-05-15,1.5893553324292684
1991-05-16,1.691870021773178
1991-05-17,1.985533317692652
1991-05-18,2.046964514082807
1991-05-19,2.030010560260256
1991-05-20,2.2013309188387895
1991-05-21,1.9896952972469488
1991-05-22,2.11339758653516
1991-05-23,2.3389654086028817
1991-05-24,2.3320805958021738
1991-05-25,2.32972358826188
1991-05-26,2.355499560920931
1991-05-27,2.298665045704765
1991-05-28,2.2226701713216124
1991-05-29,2.2543199174230018
1991-05-30,2.3124357304036995
1991-05-31,2.313075463518059
1991-06-01,2.2501424154972596
1991-06-02,2.328801478139882
1991-06-03,2.32899250580702
1991-06-04,2.335347033206885
1991-06-05,2.4184529500007397
1991-06-06,2.509618255100299
1991-06-07,2.5337470638197757
1991-06-08,2.5666905362769112
1991-06-09,2.5414521139713377
1991-06-10,2.6584780645538695
1991-06-11,2.40387576279395
1991-06-12,2.1801631845033733
1991-06-13,2.2758022766614543
1991-06-14,2.4652446281083136
1991-06-15,2.420239997121135
1991-06-16,2.4125888085127425
1991-06-17,2.45222469086551
1991-06-18,2.905790233903046
1991-06-19,2.781754575660104
1991-06-20,2.6704379532195244
1991-06-21,2.6924195309244454
1991-06-22,2.6696583950748938
1991-06-23,2.7510329842980057
1991-06-24,3.040831929440673
1991-06-25,3.016487573649716
1991-06-26,2.983402259874224
1991-06-27,3.1043014610177804
1991-06-28,2.9321430055069277
1991-06-29,2.913105119800723
1991-06-30,2.886471108725152
1991-07-01,2.823136290611868
1991-07-02,2.940152563773822
1991-07-03,2.918332447447601
1991-07-04,3.097758620499633
1991-07-05,3.009941348211301
1991-07-06,2.9657552584105034
1991-07-07,2.960328258918231
1991-07-08,3.027516104373266
1991-07-09,3.0471931258896707
1991-07-10,3.054002240575926
1991-07-11,3.1343555885741923
1991-07-12,3.4401148633824725
1991-07-13,3.3543054889328583
1991-07-14,3.330281002915063
1991-07-15,3.33650264584376
1991-07-16,3.2662625567418866
1991-07-17,3.3135971206832404
1991-07-18,3.755833572406468
1991-07-19,3.870114902463732
1991-07-20,3.852576459833859
1991-07-21,3.8173033155550686
1991-07-22,3.810250439105549
1991-07-23,3.853089241413079
1991-07-24,4.039413884493298
1991-07-25,4.065937120325751
1991-07-26,4.060833202430648
1991-07-27,4.02354104855459
1991-07-28,4.05536681740157
1991-07-29,4.095768035534471
1991-07-30,4.136236269451358
1991-07-31,4.1196378666056255
1991-08-01,4.00699354657947
1991-08-02,4.116890925622078
1991-08-03,4.10261622879647
1991-08-04,4.108250244488275
1991-08-05,4.099944491672744
1991-08-06,4.172682283306729
1991-08-07,4.232839021177786
1991-08-08,4.112553396944937
1991-08-09,4.020809590628451
1991-08-10,4.007762393438312
1991-08-11,4.07029079654731
1991-08-12,4.0863037968890055
1991-08-13,3.912951722105415
1991-08-14,3.8644115433808777
1991-08-15,3.779999491799256
1991-08-16,3.796730179958126
1991-08-17,3.8610412992481047
1991-08-18,3.885691490918011
1991-08-19,3.8558908071819302
1991-08-20,3.8617786521306257
1991-08-21,3.753813348186757
1991-08-22,3.795718889259194
1991-08-23,3.830164652796338
1991-08-24,3.835248296862641
1991-08-25,3.838886229108429
1991-08-26,3.8141265433815663
1991-08-27,3.787850993875333
1991-08-28,3.7335790470403336
1991-08-29,3.820188020243307
1991-08-30,3.8427005232276943
1991-08-31,3.814694362176118
1991-09-01,3.681732815632394
1991-09-02,3.984109212921043
1991-09-03,3.8187141128761377
1991-09-04,3.897668556190219
1991-09-05,4.199832586042553
1991-09-06,4.065378993455251
1991-09-07,4.026901715806752
1991-09-08,4.0091127693765705
1991-09-09,4.09806895982552
1991-09-10,3.763821875952147
1991-09-11,3.80678302119855
1991-09-12,3.915790132011465
1991-09-13,3.864194236168629
1991-09-14,3.81772016746602
1991-09-15,3.7776383646324136
1991-09-16,3.7600446902093383
1991-09-17,3.6686921597411577
1991-09-18,3.5713807168499843
1991-09-19,3.456468515243083
1991-09-20,3.4185273017177815
1991-09-21,3.3843683717008055
1991-09-22,3.3746670886821475
1991-09-23,3.349211414936211
1991-09-24,3.3755062236281015
1991-09-25,3.341498298965588
1991-09-26,3.351823377891447
1991-09-27,3.249124384832903
1991-09-28,3.22855238766934
1991-09-29,3.2580632918071997
1991-09-30,3.266812890089236
1991-10-01,3.154585290888404
1991-10-02,3.204014524570274
1991-10-03,3.0403371503924035
1991-10-04,3.013014128092481
1991-10-05,3.0583559366473927
1991-10-06,3.0587612701398905
1991-10-07,3.053181202075793
1991-10-08,3.0313627377202392
1991-10-09,2.9366544680589346
1991-10-10,3.115630926092481
1991-10-11,3.0840636333990994
1991-10-12,3.118519938487087
1991-10-13,3.1236496564446754
1991-10-14,3.030250865747302
1991-10-15,2.7415677817688757
1991-10-16,2.925811470943446
1991-10-17,2.9874664397783004
1991-10-18,3.2824312714827375
1991-10-19,3.291494624883165
1991-10-20,3.2844734044050687
1991-10-21,3.412528663018743
1991-10-22,3.4757223914302275
1991-10-23,3.6261413383085266
1991-10-24,3.638624492024624
1991-10-25,3.6806613168509914
1991-10-26,3.670635768301077
1991-10-27,3.616241451394399
1991-10-28,3.782245449300477
1991-10-29,3.889997239531787
1991-10-30,3.9177160530072057
1991-10-31,4.064641193326066
1991-11-01,3.92393957599187
1991-11-02,4.074833690965941
1991-11-03,4.072388511832305
1991-11-04,4.152273959244248
1991-11-05,4.166879249630184
1991-11-06,4.259840177700309
1991-11-07,4.2752433234548155
1991-11-08,4.333068955965272
1991-11-09,4.35876066580997
1991-11-10,4.365865380966567
1991-11-11,4.317395556348936
1991-11-12,4.22792997126909
1991-11-13,4.188063748143645
1991-11-14,4.060544232241365
1991-11-15,4.179447915919473
1991-11-16,4.186577168320181
1991-11-17,4.2431262880949445
1991-11-18,4.269386695811619
1991-11-19,4.309617802105164
1991-11-20,4.1605985266063
1991-11-21,4.081391589392142
1991-11-22,4.075841703918278
1991-11-23,4.100576027141443
1991-11-24,4.0710316936645405
1991-11-25,4.116120687190883
1991-11-26,4.083734484981356
1991-11-27,4.140041355850379
1991-11-28,4.126734418018766
1991-11-29,4.045983898192384
1991-11-30,4.063202845729731
1991-12-01,3.970268561822577
1991-12-02,4.149266028520701
1991-12-03,4.076982339966611
1991-12-04,3.892001158936756
1991-12-05,4.013511442836714
1991-12-06,3.934420323889212
1991-12-07,3.930991303307514
1991-12-08,3.943089958267111
1991-12-09,4.000793853167712
1991-12-10,3.9560444507112944
1991-12-11,3.878685987620363
1991-12-12,3.822999787576233
1991-12-13,4.040204585410702
1991-12-14,4.017076220382234
1991-12-15,4.0049551001616415
1991-12-16,4.054622914229789
1991-12-17,4.0101801759287365
1991-12-18,3.879263180221141
1991-12-19,3.833131852479372
1991-12-20,3.797434213869995
1991-12-21,3.801008386831084
1991-12-22,3.772034957579268
1991-12-23,3.753131616322469
1991-12-24,3.769655101762975
1991-12-25,3.764128483647456
1991-12-26,3.4175140824738084
1991-12-27,3.4224091142918613
1991-12-28,3.455473743138474
1991-12-29,3.4483180378543263
1991-12-30,3.4747575794315506
1991-12-31,3.472634326391955
1992-01-01,3.426445371546576
1992-01-02,3.523513135896218
1992-01-03,3.534859377143417
1992-01-04,3.553895485241296
1992-01-05,3.556178136121344
1992-01-06,3.5962246694641715
1992-01-07,3.596388459692476
1992-01-08,3.5786748545632276
1992-01-09,3.6325304277207024
1992-01-10,3.739326805866754
1992-01-11,3.679143282985699
1992-01-12,3.675024210344656
1992-01-13,3.6580027409329463
1992-01-14,3.6268890502730313
1992-01-15,3.7943107363278576
1992-01-16,3.8382381870034
1992-01-17,3.867810585242336
1992-01-18,3.719639827840285
1992-01-19,3.7373136062636982
1992-01-20,3.7130501052892
1992-01-21,3.7285915370609577
1992-01-22,3.729357563211721
1992-01-23,3.8431718788215674
1992-01-24,3.905633220718177
1992-01-25,3.9587587072192063
1992-01-26,3.9483062082945097
1992-01-27,4.002351125662161
1992-01-28,4.0520554872657195
1992-01-29,4.259699565119858
1992-01-30,4.348430348010573
1992-01-31,4.442438727900492
1992-02-01,4.220852221240678
1992-02-02,4.381158604636954
1992-02-03,4.504792266935908
1992-02-04,4.67418770817018
1992-02-05,4.823061416080454
1992-02-06,5.009100080654654
1992-02-07,5.033918757933678
1992-02-08,5.015354240772893
1992-02-09,4.998637802771891
1992-02-10,5.109751848997989
1992-02-11,5.331601494140207
1992-02-12,5.283477960490077
1992-02-13,5.518750258273175
1992-02-14,5.537869030674737
1992-02-15,5.586293124940747
1992-02-16,5.611558709756663
1992-02-17,5.491384391882475
1992-02-18,4.929500402189014
1992-02-19,4.740985864699905
1992-02-20,4.747187641277379
1992-02-21,4.8620356267235065
1992-02-22,4.877759815828412
1992-02-23,4.81196139641738
1992-02-24,4.737347169753406
1992-02-25,4.858414126401124
1992-02-26,4.861498970840925
1992-02-27,4.883595496691153
1992-02-28,4.902433788428955
1992-02-29,4.900394862232519
1992-03-01,4.761030708350701
1992-03-02,4.880424331689172
1992-03-03,4.934387842586895
1992-03-04,5.369645989803079
1992-03-05,5.835871372380765
1992-03-06,5.937043756218546
1992-03-07,5.833753805286921
1992-03-08,5.71251237190486
1992-03-09,5.714304082156293
1992-03-10,5.921407386033683
1992-03-11,6.213525091347853
1992-03-12,6.432994704298959
1992-03-13,6.322520368021408
1992-03-14,6.253940085016808
1992-03-15,6.228951828281726
1992-03-16,6.326055349910078
1992-03-17,6.258667346829655
1992-03-18,6.444292145427711
1992-03-19,6.305913945469251
1992-03-20,6.3450139892002
1992-03-21,6.299167354082593
1992-03-22,6.319003238262917
1992-03-23,6.342523185511181
1992-03-24,6.330313153945471
1992-03-25,6.2998332152020495
1992-03-26,6.3216112063020455
1992-03-27,6.2745734829876785
1992-03-28,6.238478383091254
1992-03-29,6.191654991185736
1992-03-30,6.169086393104223
1992-03-31,6.2147499775255035
1992-04-01,5.919206960190781
1992-04-02,6.152679419263111
1992-04-03,6.1718127545925014
1992-04-04,6.1673490996339595
1992-04-05,6.1481505458521495
1992-04-06,6.186764020706871
1992-04-07,6.21041930842389
1992-04-08,6.3187599429667465
1992-04-09,6.251846596719737
1992-04-10,6.239438519487369
1992-04-11,6.210055090730799
1992-04-12,6.2039026080259205
1992-04-13,6.06361187595996
1992-04-14,5.937873871902713
1992-04-15,6.093746322485631
1992-04-16,6.218438338363673
1992-04-17,6.014697441684754
1992-04-18,6.301820507217846
1992-04-19,6.273753131897151
1992-04-20,6.233997976980362
1992-04-21,6.120677279305919
1992-04-22,6.045385857475809
1992-04-23,6.133067808772039
1992-04-24,6.06138819808753
1992-04-25,6.041096233983437
1992-04-26,6.028224714808715
1992-04-27,5.997352618573775
1992-04-28,5.927543576373707
1992-04-29,5.964496684811307
1992-04-30,5.923303845375203
1992-05-01,5.672878080948585
1992-05-02,5.816578914623569
1992-05-03,5.833999273733505
1992-05-04,5.805625145279423
1992-05-05,5.764556587908736
1992-05-06,5.6707651959604455
1992-05-07,5.760313349894824
1992-05-08,5.742834810506062
1992-05-09,5.7320293211186115
1992-05-10,5.672324848579327
1992-05-11,5.680917080456335
1992-05-12,5.612007612149949
1992-05-13,5.611231418550041
1992-05-14,5.568218273484768
1992-05-15,5.552101617317279
1992-05-16,5.522418987374975
1992-05-17,5.6651568005965185
1992-05-18,5.8925654716774
1992-05-19,5.985259576097532
1992-05-20,5.9953874787704065
1992-05-21,6.012956255400753
1992-05-22,5.969761882879536
1992-05-23,5.963171240834784
1992-05-24,5.98664101669738
1992-05-25,6.039915042117363
1992-05-26,6.012041546406885
1992-05-27,6.072399844913743
1992-05-28,6.018499044211572
1992-05-29,6.006277921038905
1992-05-30,6.004228441022678
1992-05-31,5.971229047242355
1992-06-01,5.739837991315314
1992-06-02,5.8438240226231155
1992-06-03,5.801386235582474
1992-06-04,5.778066892902727
1992-06-05,5.724230256852107
1992-06-06,5.734999259067608
1992-06-07,5.771357390531071
1992-06-08,5.776297050201332
1992-06-09,5.69912445000476
1992-06-10,6.110171225727856
1992-06-11,6.187892744981993
1992-06-12,6.01251639373002
1992-06-13,6.024097384374867
1992-06-14,5.978849695759482
1992-06-15,5.873994792235376
1992-06-16,6.014904885880312
1992-06-17,6.069001746140158
1992-06-18,6.1431426650615215
1992-06-19,6.127053847922921
1992-06-20,6.132792863244217
1992-06-21,6.159702108133769
1992-06-22,6.192931504973765
1992-06-23,6.218744602047453
1992-06-24,6.171466956302687
1992-06-25,6.3075850138889065
1992-06-26,6.312157506854218
1992-06-27,6.290881234596236
1992-06-28,6.279791325134691
1992-06-29,6.328651530257254
1992-06-30,6.417289013548356
1992-07-01,6.0802993168603
1992-07-02,6.337318067570054
1992-07-03,6.3947412357445605
1992-07-04,6.421275313004694
1992-07-05,6.415641647182688
1992-07-06,6.414217680063468
1992-07-07,6.346743312932521
1992-07-08,6.362194938108129
1992-07-09,6.474974198095449
1992-07-10,6.491991572916193
1992-07-11,6.452715386045151
1992-07-12,6.434892763854097
1992-07-13,6.413536087930179
1992-07-14,6.509682343210225
1992-07-15,6.258177615099626
1992-07-16,6.204893587688526
1992-07-17,6.399334028975149
1992-07-18,6.31521378028861
1992-07-19,6.352519930044113
1992-07-20,6.267049424389958
1992-07-21,6.073819844884218
1992-07-22,5.857350913693184
1992-07-23,5.745756405079757
1992-07-24,5.755594810445406
1992-07-25,5.73036848490301
1992-07-26,5.721688031725456
1992-07-27,5.689491776164466
1992-07-28,5.512197272404807
1992-07-29,5.253272898242676
1992-07-30,5.306392440668132
1992-07-31,5.287743679727285
1992-08-01,5.136590053325901
1992-08-02,5.234411830903268
1992-08-03,5.276839713340076
1992-08-04,5.319397193398265
1992-08-05,5.434210487770883
1992-08-06,5.464469387628315
1992-08-07,5.573638919386453
1992-08-08,5.593070082517441
1992-08-09,5.56707219507811
1992-08-10,5.481026831588636
1992-08-11,5.367738374113962
1992-08-12,5.348558644064521
1992-08-13,5.29261894450292
1992-08-14,5.284481336657796
1992-08-15,5.264184398499175
1992-08-16,5.215795254045205
1992-08-17,5.289237063577166
1992-08-18,5.413844277962001
1992-08-19,5.3030252197735415
1992-08-20,5.364896610241862
1992-08-21,5.492803839219095
1992-08-22,5.489888208557887
1992-08-23,5.488765410814549
1992-08-24,5.4902542910618
1992-08-25,5.499865056363431
1992-08-26,5.505702853859008
1992-08-27,5.384622943435984
1992-08-28,5.139092233157582
1992-08-29,5.2198771510047415
1992-08-30,5.267472597530252
1992-08-31,4.90362402768508
1992-09-01,4.742453039914057
1992-09-02,4.352890667470879
1992-09-03,4.053301361079701
1992-09-04,4.031600038502849
1992-09-05,4.154803834390804
1992-09-06,4.215979687119781
1992-09-07,4.0374200083505265
1992-09-08,3.9180688424418846
1992-09-09,3.716523787744185
1992-09-10,3.4464783727131945
1992-09-11,3.492159431544436
1992-09-12,3.566978707576061
1992-09-13,3.5927046448499933
1992-09-14,3.471810566349195
1992-09-15,3.1847860536596944
1992-09-16,3.1499148996319977
1992-09-17,3.257083090592265
1992-09-18,3.0816490288455696
1992-09-19,3.100373441124426
1992-09-20,3.1233299205957628
1992-09-21,3.1538633758085703
1992-09-22,3.1067287099667875
1992-09-23,3.1565752654567603
1992-09-24,3.047027649231733
1992-09-25,3.089221050228514
1992-09-26,3.038320176736814
1992-09-27,3.014162068517299
1992-09-28,2.9633099970168697
1992-09-29,2.949186028195339
1992-09-30,3.14653061744965
1992-10-01,3.0435347433258713
1992-10-02,2.8513233423694677
1992-10-03,2.8655026860666215
1992-10-04,2.9178662656074037
1992-10-05,2.899647316640958
1992-10-06,3.209056788789468
1992-10-07,3.2263571705507132
1992-10-08,3.263666831240127
1992-10-09,3.3349977912202964
1992-10-10,3.3323055563556965
1992-10-11,3.3118356210645867
1992-10-12,3.322313605133132
1992-10-13,3.2431336139381597
1992-10-14,3.0997567626244877
1992-10-15,3.121814652933921
1992-10-16,3.067066272051732
1992-10-17,3.1136570639610195
1992-10-18,3.16575857052439
1992-10-19,3.2320155033744316
1992-10-20,3.257820450937205
1992-10-21,3.3245780095625515
1992-10-22,3.275975536364105
1992-10-23,3.2298734689737456
1992-10-24,3.313154999757571
1992-10-25,3.308035786191521
1992-10-26,3.3955002294147327
1992-10-27,3.3926725751661193
1992-10-28,3.3625921315503704
1992-10-29,3.3927222722740913
1992-10-30,3.381986943927013
1992-10-31,3.386495066640532
1992-11-01,3.2721996620235503
1992-11-02,3.357936408703307
1992-11-03,3.3223953028134665
1992-11-04,3.207508832529795
1992-11-05,3.1947763638672995
1992-11-06,3.1490307773196538
1992-11-07,3.053947455421495
1992-11-08,3.11653933243651
1992-11-09,3.1563778721020506
1992-11-10,3.36860604697675
1992-11-11,3.5050812471234103
1992-11-12,3.5642542559607127
1992-11-13,3.42336343922594
1992-11-14,3.378573010972252
1992-11-15,3.4655375208581756
1992-11-16,3.373147690942325
1992-11-17,3.618415579412898
1992-11-18,3.749349746202296
1992-11-19,3.788105821957089
1992-11-20,3.8208354890957663
1992-11-21,3.785953369259116
1992-11-22,3.809275865280691
1992-11-23,3.7788238164914674
1992-11-24,3.788069933295018
1992-11-25,3.8372728812571744
1992-11-26,3.890350195981633
1992-11-27,3.813256411998572
1992-11-28,3.8187034595899023
1992-11-29,3.831686689777309
1992-11-30,3.859715085093756
1992-12-01,3.837493019957387
1992-12-02,4.010556709497187
1992-12-03,3.8637130697874142
1992-12-04,4.027328057239227
1992-12-05,4.000831913884719
1992-12-06,3.9682848146709064
1992-12-07,3.9314976263060863
1992-12-08,3.949476956161862
1992-12-09,3.8144433284624544
1992-12-10,3.772821580634441
1992-12-11,3.802711215414421
1992-12-12,3.811571018302029
1992-12-13,3.851854553270387
1992-12-14,3.8291575540818097
1992-12-15,3.677948030745215
1992-12-16,3.7642707989436177
1992-12-17,3.7982399244368255
1992-12-18,3.789223612602813
1992-12-19,3.772773863973155
1992-12-20,3.787894429868819
1992-12-21,3.798995438754264
1992-12-22,3.696662320285552
1992-12-23,3.7036199099602425
1992-12-24,3.743654239593973
1992-12-25,3.672909718440133
1992-12-26,3.6809297374575105
1992-12-27,3.645772249787575
1992-12-28,3.620917196914077
1992-12-29,3.5719615491986616
1992-12-30,3.5926183216371204
1992-12-31,3.6866387866542567
1993-01-01,3.5698197163208154
1993-01-02,3.640703443323467
1993-01-03,3.6757240503690367
1993-01-04,3.684362377928736
1993-01-05,3.670910534213701
1993-01-06,3.66464963152018
1993-01-07,3.638539639391807
1993-01-08,3.603052015234006
1993-01-09,3.59741961086634
1993-01-10,3.6180623210912737
1993-01-11,3.631919949159662
1993-01-12,3.6138075933407734
1993-01-13,3.6797837263655007
1993-01-14,3.756552378865116
1993-01-15,3.754569083489918
1993-01-16,3.741441341118123
1993-01-17,3.75381672778649
1993-01-18,3.792112270273141
1993-01-19,3.587065199909099
1993-01-20,3.5464397912190835
1993-01-21,3.9441635263518537
1993-01-22,4.050638150161808
1993-01-23,4.043051654468387
1993-01-24,4.05491270645575
1993-01-25,4.090366750616737
1993-01-26,4.107217806378335
1993-01-27,4.0029998730936995
1993-01-28,3.993008399810859
1993-01-29,4.076150349096687
1993-01-30,4.083784223546074
1993-01-31,4.102186074731454
1993-02-01,3.943354598792424
1993-02-02,3.9931660960687703
1993-02-03,4.082114648677327
1993-02-04,4.114067175649497
1993-02-05,4.1536103853987
1993-02-06,4.199306683047365
1993-02-07,4.158480433665193
1993-02-08,4.174716652063154
1993-02-09,4.433300905543966
1993-02-10,4.405760662903488
1993-02-11,4.78684215232504
1993-02-12,4.831403410182502
1993-02-13,4.920985672629562
1993-02-14,4.954396530318753
1993-02-15,4.840825633720824
1993-02-16,4.7638707969632685
1993-02-17,4.7709200360896995
1993-02-18,4.705467695306843
1993-02-19,4.708218685924414
1993-02-20,4.70621806603546
1993-02-21,4.728170650164356
1993-02-22,4.841745673808148
1993-02-23,4.876632477444709
1993-02-24,4.9061043155896815
1993-02-25,4.850283231614331
1993-02-26,4.78683051036572
1993-02-27,4.847094409789067
1993-02-28,4.5621292771627875
1993-03-01,4.4303491389608745
1993-03-02,4.835509319408802
1993-03-03,4.429528428156577
1993-03-04,4.417647170722333
1993-03-05,4.463782444948325
1993-03-06,4.470835940131575
1993-03-07,4.438803301206138
1993-03-08,4.557865795325301
1993-03-09,4.580238357512393
1993-03-10,4.671279365518039
1993-03-11,4.734925607324253
1993-03-12,4.7787171448084615
1993-03-13,4.806970780131316
1993-03-14,4.885612048019417
1993-03-15,4.7682039459084
1993-03-16,4.718381306885178
1993-03-17,4.674607238265503
1993-03-18,4.651355957633035
1993-03-19,4.6899610044195725
1993-03-20,4.718326063969515
1993-03-21,4.712364038375477
1993-03-22,4.681461243130055
1993-03-23,4.734400682662817
1993-03-24,4.617195277885215
1993-03-25,4.682743271169178
1993-03-26,4.677560781897636
1993-03-27,4.694401801591933
1993-03-28,4.680261486755771
1993-03-29,4.707734802892271
1993-03-30,4.773236197879973
1993-03-31,4.73647015485652
1993-04-01,4.5157404411994095
1993-04-02,4.507549806217787
1993-04-03,4.526323206584472
1993-04-04,4.521908244860014
1993-04-05,4.530722881489914
1993-04-06,4.742889760817862
1993-04-07,4.681920791578268
1993-04-08,4.723745855761454
1993-04-09,4.680733526445689
1993-04-10,4.675996370015344
1993-04-11,4.670945748383088
1993-04-12,4.677229113297967
1993-04-13,4.601828733065726
1993-04-14,4.523445890286095
1993-04-15,4.591059645972788
1993-04-16,4.588963518292745
1993-04-17,4.579928398066771
1993-04-18,4.499022329403681
1993-04-19,4.432433317298354
1993-04-20,4.207458413194726
1993-04-21,4.112888350432514
1993-04-22,4.081176959250644
1993-04-23,4.124940695031121
1993-04-24,4.137368779122272
1993-04-25,4.068174586741096
1993-04-26,4.16980524391215
1993-04-27,4.265935122427919
1993-04-28,4.263849910200721
1993-04-29,4.474856633013766
1993-04-30,4.415248915562869
1993-05-01,4.307270401100245
1993-05-02,4.42002026441102
1993-05-03,4.4593955244461805
1993-05-04,4.389128519746196
1993-05-05,4.531605401428044
1993-05-06,4.4323806457239705
1993-05-07,4.467087023811283
1993-05-08,4.532393779808398
1993-05-09,4.450757334803402
1993-05-10,4.53912274146303
1993-05-11,4.309911538624205
1993-05-12,4.268089180993125
1993-05-13,4.239397037611597
1993-05-14,4.363862325418033
1993-05-15,4.399967839529621
1993-05-16,4.395231901627419
1993-05-17,4.634183082811118
1993-05-18,4.751281350586716
1993-05-19,4.552013831472458
1993-05-20,4.452425728244563
1993-05-21,4.36715076814477
1993-05-22,4.386331529149009
1993-05-23,4.322309118579944
1993-05-24,4.363467987500001
1993-05-25,4.386984870234002
1993-05-26,4.393885800905334
1993-05-27,4.449405191676501
1993-05-28,4.461548194160205
1993-05-29,4.49025353614079
1993-05-30,4.502658381833728
1993-05-31,4.473036395867174
1993-06-01,4.40857976742438
1993-06-02,4.328902372590697
1993-06-03,4.30046798353509
1993-06-04,4.366798621267623
1993-06-05,4.350132640351027
1993-06-06,4.384404321579401
1993-06-07,4.290244460750545
1993-06-08,4.2937706001354545
1993-06-09,4.310015283915613
1993-06-10,4.265041636126252
1993-06-11,4.349677495277216
1993-06-12,4.404461177438113
1993-06-13,4.383173162574984
1993-06-14,4.269447762618121
1993-06-15,4.232861205179337
1993-06-16,4.027524687567508
1993-06-17,3.982399225694668
1993-06-18,3.843770398873847
1993-06-19,3.850476760118232
1993-06-20,3.887284496561031
1993-06-21,3.829754353077475
1993-06-22,3.759344472927319
1993-06-23,3.8201334152898223
1993-06-24,3.718595392080613
1993-06-25,3.759267690583653
1993-06-26,3.763779809163069
1993-06-27,3.791637118569009
1993-06-28,3.803355586265884
1993-06-29,3.7261298499397246
1993-06-30,3.769484046036926
1993-07-01,3.6193087963365578
1993-07-02,3.660554499376515
1993-07-03,3.663786288884056
1993-07-04,3.700513699354336
1993-07-05,3.70009461956129
1993-07-06,3.673130196967576
1993-07-07,3.660990038656799
1993-07-08,3.61361473500025
1993-07-09,3.6300792550610295
1993-07-10,3.654551549942616
1993-07-11,3.6680978503625137
1993-07-12,3.741485776542741
1993-07-13,3.630315885469228
1993-07-14,3.613385776555255
1993-07-15,3.5505383464270945
1993-07-16,3.4458548564446803
1993-07-17,3.456062485550644
1993-07-18,3.4990323011825
1993-07-19,3.5872214587958533
1993-07-20,3.544375928835131
1993-07-21,3.316201642201168
1993-07-22,3.3354429261079948
1993-07-23,3.375810381297577
1993-07-24,3.3789696757935443
1993-07-25,3.3732188410625596
1993-07-26,3.367671917606896
1993-07-27,3.3240399882296607
1993-07-28,3.4155392646431997
1993-07-29,3.425831962535604
1993-07-30,3.418780229656288
1993-07-31,3.402758129247233
1993-08-01,3.37750047989436
1993-08-02,3.3843673788818736
1993-08-03,3.408365426326557
1993-08-04,3.340470765775616
1993-08-05,3.4265166732025616
1993-08-06,3.4353155253363674
1993-08-07,3.456973665957194
1993-08-08,3.48349719280685
1993-08-09,3.4610198379375845
1993-08-10,3.545774731204283
1993-08-11,3.556549193195191
1993-08-12,3.611167435586305
1993-08-13,3.6013503346508773
1993-08-14,3.577275413433159
1993-08-15,3.5550833736268306
1993-08-16,3.578261709078366
1993-08-17,3.511075887205615
1993-08-18,3.54100488055013
1993-08-19,3.550133363438804
1993-08-20,3.6240630893822567
1993-08-21,3.619660170498555
1993-08-22,3.6064106320112743
1993-08-23,3.637532244467928
1993-08-24,3.6499646233814618
1993-08-25,3.631101110005606
1993-08-26,3.6508950230590553
1993-08-27,3.6446742310943
1993-08-28,3.6351826107272665
1993-08-29,3.630515226259064
1993-08-30,3.83636195004953
1993-08-31,3.943402757246679
1993-09-01,3.8876784700589697
1993-09-02,3.765808702356084
1993-09-03,3.92052283070137
1993-09-04,3.8987053053000102
1993-09-05,3.858245416682315
1993-09-06,3.8716323546471054
1993-09-07,4.044794958289325
1993-09-08,4.113348212795972
1993-09-09,3.9768786657331745
1993-09-10,3.9487597419858833
1993-09-11,3.90960998158641
1993-09-12,3.903248089222609
1993-09-13,3.69419575607552
1993-09-14,3.635790312094355
1993-09-15,3.649115457744178
1993-09-16,3.5767366432580703
1993-09-17,3.6429916347957736
1993-09-18,3.619897481821673
1993-09-19,3.6365348684299903
1993-09-20,3.62525582646986
1993-09-21,3.545403612544188
1993-09-22,3.56993918575505
1993-09-23,3.450853606057952
1993-09-24,3.4426798445206863
1993-09-25,3.4468613057160384
1993-09-26,3.4762523195684336
1993-09-27,3.448720254062668
1993-09-28,3.466872955165064
1993-09-29,3.4465947369348484
1993-09-30,3.614423450962666
1993-10-01,3.5361112113743163
1993-10-02,3.5440077993865655
1993-10-03,3.532931697764802
1993-10-04,3.4555997905077165
1993-10-05,3.35413857177973
1993-10-06,3.4174951665789948
1993-10-07,3.403487293585997
1993-10-08,3.392278951090108
1993-10-09,3.4054920189964655
1993-10-10,3.4338360079638255
1993-10-11,3.378079919837109
1993-10-12,3.4607732646859692
1993-10-13,3.5426237332129196
1993-10-14,3.624299113604607
1993-10-15,3.7178969471864463
1993-10-16,3.7233594672819184
1993-10-17,3.742769926964494
1993-10-18,3.822837896380632
1993-10-19,3.82531362676027
1993-10-20,3.8682441469359294
1993-10-21,4.037293331593316
1993-10-22,4.005391227567223
1993-10-23,3.989890413526207
1993-10-24,3.9975747397469146
1993-10-25,4.073956849166489
1993-10-26,4.218815868586722
1993-10-27,4.189465284500523
1993-10-28,4.240145822050734
1993-10-29,4.2706763143505615
1993-10-30,4.289885499445077
1993-10-31,4.2881315521476475
1993-11-01,4.252335155618101
1993-11-02,4.268839373752699
1993-11-03,4.295692301133123
1993-11-04,4.268090542701604
1993-11-05,4.332593009716825
1993-11-06,4.334892298938977
1993-11-07,4.3735708604099655
1993-11-08,4.392853781958687
1993-11-09,4.372342205153521
1993-11-10,4.4357188768584495
1993-11-11,4.4083921947784095
1993-11-12,4.466280942442712
1993-11-13,4.4609420131545
1993-11-14,4.462788452899782
1993-11-15,4.433136036689362
1993-11-16,4.404350740804958
1993-11-17,4.43459948847949
1993-11-18,4.488229350323509
1993-11-19,4.525370673784878
1993-11-20,4.509815093940944
1993-11-21,4.492860352736722
1993-11-22,4.472387250113152
1993-11-23,4.462650496706621
1993-11-24,4.504027247706386
1993-11-25,4.473740642097608
1993-11-26,4.470965700552086
1993-11-27,4.503968196943444
1993-11-28,4.493088742877759
1993-11-29,4.5320381127579354
1993-11-30,4.51849705210342
1993-12-01,4.647198677725175
1993-12-02,4.725420231514963
1993-12-03,4.574331855582101
1993-12-04,4.595926016331488
1993-12-05,4.574279091481973
1993-12-06,4.739683735134344
1993-12-07,4.713533613442628
1993-12-08,4.778429024435429
1993-12-09,4.82832578895342
1993-12-10,4.818892663257566
1993-12-11,4.829966247710598
1993-12-12,4.817832578517472
1993-12-13,4.786279932437319
1993-12-14,4.838504371860896
1993-12-15,4.993428380745318
1993-12-16,4.819141956690107
1993-12-17,4.822614327948843
1993-12-18,4.887229359669849
1993-12-19,4.888640203420305
1993-12-20,4.846355411173901
1993-12-21,4.81026200233078
1993-12-22,4.749150393772729
1993-12-23,4.758776817341903
1993-12-24,4.736750190100942
1993-12-25,4.747005534617003
1993-12-26,4.741934215276193
1993-12-27,4.797900645245139
1993-12-28,4.866500548461831
1993-12-29,4.85451130936088
1993-12-30,4.865169972203718
1993-12-31,4.881910262957176
1994-01-01,4.82340523883651
1994-01-02,4.86206109392605
1994-01-03,4.839646275824592
1994-01-04,4.822182517163261
1994-01-05,4.796939624477954
1994-01-06,4.745114963593271
1994-01-07,4.769684700100942
1994-01-08,4.786287808670295
1994-01-09,4.782422109049536
1994-01-10,4.782352806385589
1994-01-11,4.8113254578506
1994-01-12,4.821023050665337
1994-01-13,4.789304708277177
1994-01-14,4.829097525914649
1994-01-15,4.849747539057947
1994-01-16,4.834379002385084
1994-01-17,4.841592644463784
1994-01-18,4.859787135728467
1994-01-19,4.851966616800926
1994-01-20,4.396805778545459
1994-01-21,4.371126099567029
1994-01-22,4.357364105240418
1994-01-23,4.365697622963769
1994-01-24,4.309639067466328
1994-01-25,4.561313632343671
1994-01-26,4.629814549669256
1994-01-27,4.620571509105137
1994-01-28,4.511113574172299
1994-01-29,4.514293428891842
1994-01-30,4.536975218938837
1994-01-31,4.6025532138663
1994-02-01,4.607769047391992
1994-02-02,4.7647164204765335
1994-02-03,4.771905274166587
1994-02-04,4.733385453256765
1994-02-05,4.737065736349674
1994-02-06,4.792010105273355
1994-02-07,4.810145278875849
1994-02-08,4.60810337025874
1994-02-09,4.593063606209686
1994-02-10,4.741485069398148
1994-02-11,4.791696541540164
1994-02-12,4.826565537124736
1994-02-13,4.81403713823053
1994-02-14,4.842101795373116
1994-02-15,4.803044696359424
1994-02-16,4.700138765887241
1994-02-17,4.558644046794603
1994-02-18,4.600916643701499
1994-02-19,4.640192658243099
1994-02-20,4.636929936157649
1994-02-21,4.453851377068509
1994-02-22,4.1310782128218175
1994-02-23,3.972058398872314
1994-02-24,4.084596138680569
1994-02-25,4.125951165018642
1994-02-26,4.016185625657597
1994-02-27,4.019811287270048
1994-02-28,4.147473008543725
1994-03-01,3.9877810839559946
1994-03-02,4.049642703073019
1994-03-03,4.099028835690724
1994-03-04,4.26612167790527
1994-03-05,4.272681091888116
1994-03-06,4.287131291845768
1994-03-07,4.3719276165075325
1994-03-08,4.276640859743178
1994-03-09,4.281121100536483
1994-03-10,4.237833086078635
1994-03-11,4.3002001387234525
1994-03-12,4.302420943047295
1994-03-13,4.300056969300661
1994-03-14,4.177102713358752
1994-03-15,4.242768388966927
1994-03-16,4.194076152168071
1994-03-17,4.119757253149654
1994-03-18,4.147164654532327
1994-03-19,4.133909680468724
1994-03-20,4.136959545669262
1994-03-21,4.167839128873748
1994-03-22,4.0786905514843435
1994-03-23,4.037216570472829
1994-03-24,4.018129761317882
1994-03-25,4.024951436079874
1994-03-26,4.029690513167953
1994-03-27,4.007765058629121
1994-03-28,4.063074749191554
1994-03-29,3.704023953222907
1994-03-30,3.684115174637034
1994-03-31,3.725233389327016
1994-04-01,3.8035341536872576
1994-04-02,3.8564244989285887
1994-04-03,3.85527920542647
1994-04-04,3.934922299226688
1994-04-05,3.944471514394436
1994-04-06,3.9049017842920297
1994-04-07,3.970489385679763
1994-04-08,3.930895326915054
1994-04-09,3.93441150260876
1994-04-10,3.905380146101015
1994-04-11,3.9154913881631823
1994-04-12,3.94508962082741
1994-04-13,3.888743808970736
1994-04-14,3.8903913426125953
1994-04-15,3.8936057903341776
1994-04-16,3.910581323826321
1994-04-17,3.9129887835363766
1994-04-18,3.959422853449539
1994-04-19,3.8877854591262304
1994-04-20,3.8600107780475614
1994-04-21,3.970402321662492
1994-04-22,3.815316524656902
1994-04-23,3.8415543750162984
1994-04-24,3.8316209890153625
1994-04-25,4.347515472193073
1994-04-26,4.217933993125393
1994-04-27,4.245305370032499
1994-04-28,3.859710286820145
1994-04-29,3.941260587173822
1994-04-30,3.9287760024881098
1994-05-01,3.851260904458342
1994-05-02,3.879196260916749
1994-05-03,3.9120263072283055
1994-05-04,3.9573514580650913
1994-05-05,3.931969492658971
1994-05-06,3.837927536209651
1994-05-07,3.837551298847084
1994-05-08,3.7363626652377286
1994-05-09,3.819752790601526
1994-05-10,3.848766989846572
1994-05-11,3.857916215904935
1994-05-12,3.842879678304013
1994-05-13,3.848931212052321
1994-05-14,3.805823526173312
1994-05-15,3.804971613359551
1994-05-16,3.81546498420995
1994-05-17,3.819026887699724
1994-05-18,4.019859131221741
1994-05-19,4.053097277628097
1994-05-20,3.8786315394451623
1994-05-21,3.879355045339602
1994-05-22,3.810778846671768
1994-05-23,3.9162279407292866
1994-05-24,3.983439376940835
1994-05-25,3.981118005672635
1994-05-26,3.971591734771165
1994-05-27,3.993892408262571
1994-05-28,3.985876832676861
1994-05-29,4.010524747203313
1994-05-30,3.993383425986221
1994-05-31,4.013180864065058
1994-06-01,4.013202814434432
1994-06-02,4.023216215731434
1994-06-03,3.9848173450609634
1994-06-04,3.988817434404573
1994-06-05,3.9846421999949575
1994-06-06,3.9713631595491794
1994-06-07,4.269195915008704
1994-06-08,4.2597728796563565
1994-06-09,4.078962042832815
1994-06-10,4.001721894346001
1994-06-11,4.023766467748629
1994-06-12,4.068380871002269
1994-06-13,4.00463494079648
1994-06-14,4.027433003825916
1994-06-15,4.26689082948702
1994-06-16,4.318164452625935
1994-06-17,4.199599515358973
1994-06-18,4.286170073186624
1994-06-19,4.277432769563066
1994-06-20,4.328072304017295
1994-06-21,4.335015265463305
1994-06-22,4.319384091592575
1994-06-23,4.367679689569271
1994-06-24,4.3696297711586345
1994-06-25,4.37858645231419
1994-06-26,4.370787643973938
1994-06-27,4.357549505549197
1994-06-28,4.189584643809961
1994-06-29,4.198814688668488
1994-06-30,4.1198247550543545
1994-07-01,4.0747530900371025
1994-07-02,4.13206845012887
1994-07-03,4.125997783920505
1994-07-04,4.140734417557877
1994-07-05,4.096723770829701
1994-07-06,4.071174402595997
1994-07-07,4.115029399252809
1994-07-08,4.116368141622215
1994-07-09,4.104850140450535
1994-07-10,4.035013619895073
1994-07-11,3.9595549709992657
1994-07-12,4.038157026780435
1994-07-13,4.044683837182197
1994-07-14,4.15391538788605
1994-07-15,4.159874884407272
1994-07-16,4.26620906116594
1994-07-17,4.420850546808783
1994-07-18,4.50606353742935
1994-07-19,4.4768768287156
1994-07-20,4.56686835801816
1994-07-21,4.733471284586758
1994-07-22,4.828622781388356
1994-07-23,4.816602383610997
1994-07-24,4.8171016649844765
1994-07-25,4.70309509499246
1994-07-26,4.773993960340383
1994-07-27,4.77120206935384
1994-07-28,4.453582234800685
1994-07-29,4.478221426370027
1994-07-30,4.491435047398519
1994-07-31,4.500062626884912
1994-08-01,3.978606732539058
1994-08-02,3.997924347291729
1994-08-03,3.965745700345901
1994-08-04,3.990913282890864
1994-08-05,3.9682802010153737
1994-08-06,3.952692377591098
1994-08-07,3.951035976683371
1994-08-08,3.895954475485688
1994-08-09,3.8811885647232742
1994-08-10,3.9727585408436425
1994-08-11,3.8925565880363737
1994-08-12,3.94100471508052
1994-08-13,3.929613600761728
1994-08-14,3.9616927317579034
1994-08-15,4.042868583107693
1994-08-16,4.05715647200228
1994-08-17,4.026411162866077
1994-08-18,4.0093045896108634
1994-08-19,4.06178414090291
1994-08-20,4.040389500688135
1994-08-21,3.987386065372605
1994-08-22,3.9845058716403647
1994-08-23,3.915261472390153
1994-08-24,3.9103372267761767
1994-08-25,3.937042334511742
1994-08-26,4.143722634309222
1994-08-27,4.140551842289751
1994-08-28,4.148031873569674
1994-08-29,4.11717903924679
1994-08-30,4.1105725261447095
1994-08-31,4.267306122692859
1994-09-01,4.042954182133938
1994-09-02,4.049808213335057
1994-09-03,4.076777757157981
1994-09-04,4.1076530282722965
1994-09-05,4.217711256867432
1994-09-06,4.467158051148379
1994-09-07,4.386584650188392
1994-09-08,4.5657491040479155
1994-09-09,4.527698728841129
1994-09-10,4.514265226114137
1994-09-11,4.518272149633601
1994-09-12,4.396700514423635
1994-09-13,4.274911733215918
1994-09-14,4.340162413762321
1994-09-15,4.257366712804854
1994-09-16,4.225390784157858
1994-09-17,4.248769912105481
1994-09-18,4.418174509925762
1994-09-19,4.440249579338312
1994-09-20,4.33247159049581
1994-09-21,4.373765253576321
1994-09-22,4.3634349826084184
1994-09-23,4.338316986162535
1994-09-24,4.322110739511111
1994-09-25,4.323499587011345
1994-09-26,4.323725611988006
1994-09-27,4.286487616403883
1994-09-28,4.313729029309166
1994-09-29,4.297726515911245
1994-09-30,4.167966242492574
1994-10-01,4.111343029879926
1994-10-02,4.163439438985063
1994-10-03,3.8775085568591736
1994-10-04,3.818108309386565
1994-10-05,3.951808776691264
1994-10-06,3.987181086412028
1994-10-07,3.8882449533163026
1994-10-08,3.862330039863601
1994-10-09,3.895193067649141
1994-10-10,3.928805393468436
1994-10-11,3.896925290096493
1994-10-12,3.8473531690682865
1994-10-13,3.874459873801902
1994-10-14,3.9202929434008063
1994-10-15,3.946954295306969
1994-10-16,3.9495561151640537
1994-10-17,3.914188371920068
1994-10-18,4.117027768394145
1994-10-19,4.234698945263212
1994-10-20,4.268147014164225
1994-10-21,4.331098811675532
1994-10-22,4.339565665049902
1994-10-23,4.398455785902224
1994-10-24,4.4361290522259225
1994-10-25,4.336676491430372
1994-10-26,4.304521794570894
1994-10-27,4.382848320042286
1994-10-28,4.4003973925608735
1994-10-29,4.3922398729995304
1994-10-30,4.43616724922906
1994-10-31,4.412393904929463
1994-11-01,4.3969875007916
1994-11-02,4.4224563023899055
1994-11-03,4.443146956877461
1994-11-04,4.4210388509197385
1994-11-05,4.431681497936665
1994-11-06,4.462602215570078
1994-11-07,4.440825403643294
1994-11-08,4.416536749400732
1994-11-09,4.459398538778489
1994-11-10,4.287526949619201
1994-11-11,4.2438723145041966
1994-11-12,4.226467487900464
1994-11-13,4.242596981071537
1994-11-14,4.18313754347355
1994-11-15,4.300937118314386
1994-11-16,4.261620237172913
1994-11-17,4.190587459928421
1994-11-18,4.3675667021812
1994-11-19,4.355518685970778
1994-11-20,4.367659262584764
1994-11-21,4.362516129246623
1994-11-22,4.408897408741987
1994-11-23,4.438491823536995
1994-11-24,4.4205255654389575
1994-11-25,4.404412220425279
1994-11-26,4.409494232157771
1994-11-27,4.430591532651327
1994-11-28,4.422097307441125
1994-11-29,4.399234479483551
1994-11-30,4.5234655496293525
1994-12-01,4.391254563429714
1994-12-02,4.543949445911657
1994-12-03,4.542440320130851
1994-12-04,4.470875868175154
1994-12-05,4.399302165488718
1994-12-06,4.43945404071537
1994-12-07,4.6083511317408075
1994-12-08,4.490299134511419
1994-12-09,4.44753032407483
1994-12-10,4.453566761429286
1994-12-11,4.460681565311397
1994-12-12,4.4362532180162795
1994-12-13,4.444554036126917
1994-12-14,4.508718514840531
1994-12-15,4.365178422731818
1994-12-16,4.400002576623421
1994-12-17,4.3957886721666775
1994-12-18,4.605667854373843
1994-12-19,4.583430945816945
1994-12-20,4.58890488903933
1994-12-21,4.576067864489107
1994-12-22,4.515041032980916
1994-12-23,4.490024959558906
1994-12-24,4.515706139022207
1994-12-25,4.535356281035636
1994-12-26,4.501055815799479
1994-12-27,4.5437588456001885
1994-12-28,4.535253964851645
1994-12-29,4.523963728640918
1994-12-30,4.53001027252329
1994-12-31,4.521216730164371
1995-01-01,4.430483914500334
1995-01-02,4.5571123055484275
1995-01-03,4.577454507239905
1995-01-04,4.562114621371172
1995-01-05,4.5688937315034615
1995-01-06,4.518338280976883
1995-01-07,4.52064670505899
1995-01-08,4.512494952233094
1995-01-09,4.495943939996076
1995-01-10,4.563619846668016
1995-01-11,4.519724357343318
1995-01-12,4.53220197502601
1995-01-13,4.5103847272004955
1995-01-14,4.518730225319841
1995-01-15,4.497972185211272
1995-01-16,4.4442052736888185
1995-01-17,4.411117068189784
1995-01-18,4.7974011840179696
1995-01-19,4.819407898063345
1995-01-20,5.64203172726285
1995-01-21,5.64802126762341
1995-01-22,5.635433709631381
1995-01-23,5.511446642766953
1995-01-24,5.3597629345012034
1995-01-25,5.44266354028633
1995-01-26,5.4557903971858295
1995-01-27,5.454062215862818
1995-01-28,5.444593254578191
1995-01-29,5.455045631350755
1995-01-30,5.52120587555711
1995-01-31,5.411025339848154
1995-02-01,5.289919645044334
1995-02-02,5.196804618369971
1995-02-03,5.154206426424989
1995-02-04,5.147347453503686
1995-02-05,5.152656088513176
1995-02-06,5.122626186557265
1995-02-07,5.079925054755959
1995-02-08,5.164455209574719
1995-02-09,5.226893732612016
1995-02-10,5.227715820068386
1995-02-11,5.280153183934122
1995-02-12,5.232420850547591
1995-02-13,5.187061041975715
1995-02-14,5.024285939889303
1995-02-15,5.047600105764002
1995-02-16,5.05502593411245
1995-02-17,5.032439159806831
1995-02-18,5.082389716692976
1995-02-19,5.077478539986728
1995-02-20,5.075560114621114
1995-02-21,4.977726350499423
1995-02-22,5.008057232693449
1995-02-23,4.806366744915067
1995-02-24,4.791454832049945
1995-02-25,4.823182212258438
1995-02-26,4.813467094483192
1995-02-27,4.63752007858674
1995-02-28,4.510953657742727
1995-03-01,4.361243961448548
1995-03-02,4.396120683063094
1995-03-03,4.380565596354414
1995-03-04,4.373791039896192
1995-03-05,4.391099000920438
1995-03-06,4.427509972313171
1995-03-07,4.3191907494579205
1995-03-08,4.263870663521706
1995-03-09,4.186633147424002
1995-03-10,4.179123428304983
1995-03-11,4.156439053256441
1995-03-12,4.149619325163144
1995-03-13,4.081448735980875
1995-03-14,4.011752156955204
1995-03-15,4.09035168978882
1995-03-16,4.042875691691643
1995-03-17,4.000973821822244
1995-03-18,3.9595732467311135
1995-03-19,3.951225720978825
1995-03-20,3.934562098375228
1995-03-21,3.92795271927676
1995-03-22,4.245782595729629
1995-03-23,4.409958423360166
1995-03-24,4.336282805082821
1995-03-25,4.289032290921654
1995-03-26,4.292451881633698
1995-03-27,4.302514035113969
1995-03-28,4.30144324504805
1995-03-29,4.234395410444705
1995-03-30,4.229065173300643
1995-03-31,4.210058394252016
1995-04-01,4.127547804493169
1995-04-02,4.210787356856643
1995-04-03,4.200819765791174
1995-04-04,4.197017201952116
1995-04-05,4.195960518542775
1995-04-06,4.242719866875243
1995-04-07,4.26161621197602
1995-04-08,4.25043408624378
1995-04-09,4.248486298750246
1995-04-10,4.264418096422935
1995-04-11,4.277275098226289
1995-04-12,4.270516844563632
1995-04-13,4.215007833202104
1995-04-14,4.174237395744642
1995-04-15,4.1771127074708705
1995-04-16,4.1801810214437936
1995-04-17,4.1804094025851715
1995-04-18,4.400962083425915
1995-04-19,4.25278589855506
1995-04-20,4.64022694399654
1995-04-21,4.49849624822904
1995-04-22,4.476754165125202
1995-04-23,4.469493172905455
1995-04-24,4.586468476352133
1995-04-25,4.593281889904894
1995-04-26,4.618376845929518
1995-04-27,4.695503714263559
1995-04-28,4.682736800965203
1995-04-29,4.665235651779353
1995-04-30,4.663259274290987
1995-05-01,4.602473863352273
1995-05-02,4.617559584125267
1995-05-03,4.639171140806605
1995-05-04,4.640789188225103
1995-05-05,4.664219321614842
1995-05-06,4.653650441604411
1995-05-07,4.636427998330376
1995-05-08,4.6317439615715115
1995-05-09,4.633419486451113
1995-05-10,4.623811551218875
1995-05-11,4.5895124274388195
1995-05-12,4.718401436576577
1995-05-13,4.7389897169519495
1995-05-14,4.719130133042131
1995-05-15,4.681482921415246
1995-05-16,4.546241140873187
1995-05-17,4.6945036856715845
1995-05-18,4.597124287322067
1995-05-19,4.534938295358558
1995-05-20,4.508209059348513
1995-05-21,4.531820070138686
1995-05-22,4.52269387019457
1995-05-23,4.501614640409505
1995-05-24,4.5347459651429975
1995-05-25,4.492650454669429
1995-05-26,4.48656756452637
1995-05-27,4.49240599837939
1995-05-28,4.502230011876241
1995-05-29,4.451464011710055
1995-05-30,3.440702841714259
1995-05-31,3.857820622310279
1995-06-01,3.7810918271487033
1995-06-02,3.8177640666910806
1995-06-03,3.822845843677339
1995-06-04,3.8078855713285056
1995-06-05,3.809064024653668
1995-06-06,3.8860515311920225
1995-06-07,3.9309750134065857
1995-06-08,4.332232453490518
1995-06-09,4.1971167068311
1995-06-10,4.204068343695413
1995-06-11,4.290444226133561
1995-06-12,4.323279393879731
1995-06-13,4.097216032026787
1995-06-14,3.870481270790162
1995-06-15,3.912515858254636
1995-06-16,4.004227512579602
1995-06-17,3.9700732766992863
1995-06-18,4.078993804610954
1995-06-19,4.093339913409789
1995-06-20,4.086499295815551
1995-06-21,4.060966307006286
1995-06-22,4.0485206247395835
1995-06-23,4.111483444313835
1995-06-24,4.100273201364747
1995-06-25,4.0756114285294585
1995-06-26,4.08102512671557
1995-06-27,4.185263222503702
1995-06-28,4.125588441761477
1995-06-29,4.153304103308937
1995-06-30,4.101230714719294
1995-07-01,4.05453282386326
1995-07-02,4.083027113995287
1995-07-03,4.058132608517392
1995-07-04,4.089339776687159
1995-07-05,4.095167795825079
1995-07-06,4.1142486054356295
1995-07-07,4.077262104305847
1995-07-08,4.067786843317657
1995-07-09,4.051864983284497
1995-07-10,4.083104945386731
1995-07-11,4.394394512701531
1995-07-12,4.3839052665938265
1995-07-13,4.355560919521219
1995-07-14,4.300781366173574
1995-07-15,4.386984441929911
1995-07-16,4.347797886033173
1995-07-17,4.301801888917802
1995-07-18,4.564586453329478
1995-07-19,4.576328442511475
1995-07-20,4.629573435243094
1995-07-21,4.653569739720289
1995-07-22,4.658799762634347
1995-07-23,4.663047553344479
1995-07-24,4.575812264067439
1995-07-25,4.6754498962293045
1995-07-26,4.665389562544121
1995-07-27,4.853023633675685
1995-07-28,4.907649103211428
1995-07-29,4.922132073249042
1995-07-30,4.938877737191845
1995-07-31,4.9479959686031325
1995-08-01,4.950913088702281
1995-08-02,5.064897834751331
1995-08-03,5.09912051885978
1995-08-04,5.082438062751736
1995-08-05,5.0787105651795486
1995-08-06,5.0912888383588815
1995-08-07,5.1204335885788135
1995-08-08,5.100585701491276
1995-08-09,5.107556967415142
1995-08-10,5.085994687324546
1995-08-11,5.062336065949296
1995-08-12,5.07045895826889
1995-08-13,5.062608494410227
1995-08-14,5.059906780162945
1995-08-15,5.14359762307531
1995-08-16,5.132642992362099
1995-08-17,5.098825756100523
1995-08-18,4.900427345713444
1995-08-19,4.860172331248128
1995-08-20,4.869353190322862
1995-08-21,4.859265829904773
1995-08-22,4.946734429621115
1995-08-23,4.953176136911425
1995-08-24,5.020473532574643
1995-08-25,5.0616440395355555
1995-08-26,5.065936960610628
1995-08-27,5.064426483249923
1995-08-28,5.064249912757603
1995-08-29,5.1190754198343145
1995-08-30,4.7834186397928224
1995-08-31,4.731845556846536
1995-09-01,4.654774707751168
1995-09-02,4.696533729104076
1995-09-03,4.6808672615477835
1995-09-04,4.786345082617188
1995-09-05,4.829830347104055
1995-09-06,5.092331976737636
1995-09-07,4.996363531055662
1995-09-08,4.984764864700214
1995-09-09,4.972041675769569
1995-09-10,4.933831456444468
1995-09-11,4.454494468863919
1995-09-12,4.448743277853362
1995-09-13,4.377555786114107
1995-09-14,4.370356011378325
1995-09-15,4.253303706793118
1995-09-16,4.272005635374304
1995-09-17,4.290488247467977
1995-09-18,4.656805296288995
1995-09-19,4.616923894739145
1995-09-20,4.566681962087783
1995-09-21,4.542313612818187
1995-09-22,4.616408258291978
1995-09-23,4.638575136251442
1995-09-24,4.6378439244700855
1995-09-25,4.614531219272614
1995-09-26,4.598135488606609
1995-09-27,4.59629181302491
1995-09-28,4.5403583199489645
1995-09-29,4.519812212862225
1995-09-30,4.573075003870305
1995-10-01,4.5109644013686125
1995-10-02,4.556006440455629
1995-10-03,4.564231366153808
1995-10-04,4.59984462944825
1995-10-05,4.638081368151616
1995-10-06,4.72527043125882
1995-10-07,4.728462036138527
1995-10-08,4.672228466183178
1995-10-09,4.620476344243263
1995-10-10,4.681312266322967
1995-10-11,4.706140196460663
1995-10-12,4.751508319907156
1995-10-13,4.740196128832938
1995-10-14,4.74324316310689
1995-10-15,4.742347264841325
1995-10-16,4.847268982772224
1995-10-17,4.887155246934329
1995-10-18,4.86789425706327
1995-10-19,5.029788053288758
1995-10-20,5.0486794295275494
1995-10-21,5.0229230309266075
1995-10-22,5.097174582216523
1995-10-23,5.025023799199725
1995-10-24,4.986784825904772
1995-10-25,5.045705499904327
1995-10-26,5.007099755410904
1995-10-27,5.068768039943748
1995-10-28,5.056198386351854
1995-10-29,5.067048357598949
1995-10-30,5.075047713670548
1995-10-31,5.03699279923744
1995-11-01,4.95339510794078
1995-11-02,5.043697723200225
1995-11-03,5.096283669847214
1995-11-04,5.117611873458012
1995-11-05,5.124664666491525
1995-11-06,5.085822987026276
1995-11-07,5.118651593461875
1995-11-08,5.134404671815725
1995-11-09,5.111704894276049
1995-11-10,5.0881931917268535
1995-11-11,5.085675365470829
1995-11-12,5.063199390792992
1995-11-13,5.100779061832593
1995-11-14,5.080781653730815
1995-11-15,5.119112622981062
1995-11-16,5.154503822826038
1995-11-17,5.2017064788636285
1995-11-18,5.126075027071934
1995-11-19,5.100239756547488
1995-11-20,5.155129939649761
1995-11-21,5.118978520814046
1995-11-22,5.147698811398342
1995-11-23,5.131629506924586
1995-11-24,5.130187504111666
1995-11-25,5.117704522638716
1995-11-26,5.149345835828889
1995-11-27,5.1660438114781755
1995-11-28,5.1063824289599165
1995-11-29,5.127190638259087
1995-11-30,5.218631484447526
1995-12-01,5.163326323662189
1995-12-02,5.231939036593715
1995-12-03,5.220441424633927
1995-12-04,5.235439753750827
1995-12-05,5.221253833507519
1995-12-06,5.1649679174794745
1995-12-07,5.076674312226804
1995-12-08,5.029040662772191
1995-12-09,5.0425181371163195
1995-12-10,5.014504693725462
1995-12-11,5.047189468273851
1995-12-12,5.004025503202207
1995-12-13,4.973928580882923
1995-12-14,5.214576990679376
1995-12-15,5.2682942807213085
1995-12-16,5.251825562929073
1995-12-17,5.2165346748188774
1995-12-18,5.219295022354105
1995-12-19,5.228521576867775
1995-12-20,5.224538635033062
1995-12-21,5.210207798056567
1995-12-22,5.234227036972819
1995-12-23,5.209816655244204
1995-12-24,5.210331017374756
1995-12-25,5.221290220901503
1995-12-26,5.206881462229058
1995-12-27,5.208302137732409
1995-12-28,5.217138440297255
1995-12-29,5.232743315409585
1995-12-30,5.221798262991011
1995-12-31,5.208598826909504
1996-01-01,5.092165860836099
1996-01-02,5.219345950887125
1996-01-03,5.24559407479709
1996-01-04,5.195851685892727
1996-01-05,5.200276239293289
1996-01-06,5.179957129085231
1996-01-07,5.138024642088139
1996-01-08,5.121536701634918
1996-01-09,5.035345102401095
1996-01-10,5.044826599531003
1996-01-11,5.059396262205496
1996-01-12,4.659645784126361
1996-01-13,4.677145742580596
1996-01-14,4.746430645771484
1996-01-15,4.713892323966614
1996-01-16,4.727481595326284
1996-01-17,4.808067793634969
1996-01-18,4.870723106323602
1996-01-19,4.436051233954906
1996-01-20,4.400326588887442
1996-01-21,4.41614833978114
1996-01-22,4.558750838843778
1996-01-23,4.698492857780549
1996-01-24,4.778333417684658
1996-01-25,4.389997513479614
1996-01-26,4.359739946650725
1996-01-27,4.37173177505505
1996-01-28,4.391555181200561
1996-01-29,4.3216384455953385
1996-01-30,4.259062825249413
1996-01-31,4.387264428153764
1996-02-01,4.208592834348224
1996-02-02,4.281269718996058
1996-02-03,4.293130638025094
1996-02-04,4.297482106757953
1996-02-05,4.100636428719655
1996-02-06,4.128453507107785
1996-02-07,4.2114190438126045
1996-02-08,4.1829142416042595
1996-02-09,4.199738283820599
1996-02-10,4.204967106208714
1996-02-11,4.216625933018447
1996-02-12,4.205213664804205
1996-02-13,4.2055178544206
1996-02-14,4.149995926518603
1996-02-15,4.123572332499827
1996-02-16,4.136395407285856
1996-02-17,4.104336029497501
1996-02-18,4.0306656852032985
1996-02-19,4.045020600833633
1996-02-20,3.948469331966609
1996-02-21,3.9036228581401584
1996-02-22,3.97631068660632
1996-02-23,3.9814749866290065
1996-02-24,4.048618394905728
1996-02-25,4.0513680618305425
1996-02-26,4.02065247676227
1996-02-27,4.055004228847776
1996-02-28,4.038329800788002
1996-02-29,4.024502778275823
1996-03-01,3.925800819354678
1996-03-02,3.9940616868986782
1996-03-03,3.986892458855796
1996-03-04,3.980497168322654
1996-03-05,3.670555153596752
1996-03-06,3.4656722748534348
1996-03-07,3.5127848246001863
1996-03-08,3.466754414128344
1996-03-09,3.4753388449472924
1996-03-10,3.504274690689107
1996-03-11,3.552373655859094
1996-03-12,3.6337033849984417
1996-03-13,3.620585952192781
1996-03-14,3.661821251028519
1996-03-15,3.681209161458522
1996-03-16,3.6876063933264662
1996-03-17,3.5779428312986252
1996-03-18,3.716411300103652
1996-03-19,3.693840183888767
1996-03-20,3.739037743821731
1996-03-21,3.641055143002383
1996-03-22,3.615121587254692
1996-03-23,3.626534230816663
1996-03-24,3.665807826636652
1996-03-25,3.6488562006678262
1996-03-26,3.673182927195783
1996-03-27,3.688782891856172
1996-03-28,3.762429181506355
1996-03-29,3.752686092825031
1996-03-30,3.7769999007114454
1996-03-31,3.715331789417149
1996-04-01,3.6495066740824154
1996-04-02,3.620603477632002
1996-04-03,3.675811492946645
1996-04-04,3.6943488156290702
1996-04-05,3.731685118920781
1996-04-06,3.7272443956417223
1996-04-07,3.732444339310149
1996-04-08,3.758466024929131
1996-04-09,3.775904671613595
1996-04-10,3.7142134161126408
1996-04-11,3.699704948141719
1996-04-12,3.662848184933903
1996-04-13,3.6571847578623102
1996-04-14,3.655396968262828
1996-04-15,3.683888656955572
1996-04-16,3.83273409302579
1996-04-17,3.891511246959808
1996-04-18,3.7784090924018408
1996-04-19,3.724732188551731
1996-04-20,3.7318434577409656
1996-04-21,3.726613497507284
1996-04-22,3.6355099924944128
1996-04-23,3.669490316171496
1996-04-24,3.672992979384576
1996-04-25,3.738111845042455
1996-04-26,3.760013963037632
1996-04-27,3.7163317129560625
1996-04-28,3.720381178032647
1996-04-29,3.7963695969508726
1996-04-30,3.77139828742614
1996-05-01,3.765278484841588
1996-05-02,3.850557900908126
1996-05-03,3.786009430820024
1996-05-04,3.7939477043284295
1996-05-05,3.773658283736797
1996-05-06,3.7454711357574952
1996-05-07,3.701010390182827
1996-05-08,3.681896831500964
1996-05-09,3.8119600577822137
1996-05-10,3.715505554292269
1996-05-11,3.6968453687092535
1996-05-12,3.706718995078474
1996-05-13,3.822289254397453
1996-05-14,4.010335827828408
1996-05-15,4.148214641296554
1996-05-16,4.165619137724797
1996-05-17,4.1583760492792745
1996-05-18,4.267292194817097
1996-05-19,4.417531054300737
1996-05-20,4.435397073306104
1996-05-21,4.518156162604738
1996-05-22,4.656776476258488
1996-05-23,4.2180253864829735
1996-05-24,4.379981747100126
1996-05-25,4.36955368507661
1996-05-26,4.40969995885305
1996-05-27,4.423790056725984
1996-05-28,5.176520785466709
1996-05-29,5.139050383517308
1996-05-30,5.166614852293708
1996-05-31,5.169005960661799
1996-06-01,5.09909526393171
1996-06-02,5.1907241348714805
1996-06-03,5.267855636718567
1996-06-04,5.322891746648461
1996-06-05,5.428023240822644
1996-06-06,5.416724401382102
1996-06-07,4.386954864088957
1996-06-08,4.455877996777156
1996-06-09,4.502583116175316
1996-06-10,4.5533891393011245
1996-06-11,4.647725659873327
1996-06-12,4.703118673445186
1996-06-13,4.784170192497302
1996-06-14,4.805892857477417
1996-06-15,4.795388404226179
1996-06-16,4.775509299878145
1996-06-17,4.528474891017001
1996-06-18,4.648472569051524
1996-06-19,4.557227790942979
1996-06-20,4.695912600636776
1996-06-21,4.710769430732906
1996-06-22,4.755825815043636
1996-06-23,4.797489333943169
1996-06-24,4.827405067352234
1996-06-25,4.854478443605839
1996-06-26,4.750855960155356
1996-06-27,4.691379984397376
1996-06-28,4.70439611372442
1996-06-29,4.692219303334564
1996-06-30,4.669225265852306
1996-07-01,4.609334796648874
1996-07-02,4.766536601348361
1996-07-03,4.739979946181473
1996-07-04,4.734074426507356
1996-07-05,4.773691007503979
1996-07-06,4.75198284277689
1996-07-07,4.700474194625226
1996-07-08,4.655709235579213
1996-07-09,4.730115763213599
1996-07-10,4.706436174705523
1996-07-11,4.809897074789023
1996-07-12,4.783457803501653
1996-07-13,4.777154391554111
1996-07-14,4.752457691190365
1996-07-15,4.810152321115149
1996-07-16,4.892436444778657
1996-07-17,5.0260656545488915
1996-07-18,5.255277283828463
1996-07-19,5.233244320285829
1996-07-20,5.2545089717417
1996-07-21,5.27505230019747
1996-07-22,5.341929470346015
1996-07-23,5.329310526163176
1996-07-24,5.476106695320508
1996-07-25,5.075844877918008
1996-07-26,5.121111219704875
1996-07-27,5.1322354981756995
1996-07-28,5.121620098296889
1996-07-29,5.1618408964095295
1996-07-30,5.114702597458534
1996-07-31,5.171278029577703
1996-08-01,4.9178049208061205
1996-08-02,5.040396581178594
1996-08-03,5.022643472442548
1996-08-04,5.027005329923995
1996-08-05,4.966279312990448
1996-08-06,4.960434141207491
1996-08-07,4.888720923534887
1996-08-08,4.824531422042384
1996-08-09,4.815340284378177
1996-08-10,4.811261884143788
1996-08-11,4.827817083399681
1996-08-12,4.831329036667043
1996-08-13,5.0379696664897775
1996-08-14,5.077578781891358
1996-08-15,5.046852045574857
1996-08-16,5.065086065076558
1996-08-17,5.042501830694212
1996-08-18,5.007289426175729
1996-08-19,4.998879699276264
1996-08-20,5.014013330643648
1996-08-21,4.9388938764101455
1996-08-22,4.935828839244602
1996-08-23,4.895880491764254
1996-08-24,4.8891797869210265
1996-08-25,4.908690433961771
1996-08-26,4.913301588479105
1996-08-27,4.907604004984199
1996-08-28,4.9182706567166505
1996-08-29,5.050333359461961
1996-08-30,5.014025881251535
1996-08-31,5.01954141780792
1996-09-01,4.921670247373834
1996-09-02,5.033610211249257
1996-09-03,4.801440091207166
1996-09-04,4.968205941132765
1996-09-05,4.738587213516157
1996-09-06,4.695472169644457
1996-09-07,4.719681624035697
1996-09-08,4.767320813330536
1996-09-09,4.476468093159655
1996-09-10,4.51262847298866
1996-09-11,4.596069939444202
1996-09-12,4.558124027541563
1996-09-13,4.555446264705454
1996-09-14,4.5695958444044535
1996-09-15,4.620387977639636
1996-09-16,4.59762579115455
1996-09-17,4.608107748254572
1996-09-18,4.687987131527633
1996-09-19,4.812561663343871
1996-09-20,4.862476037429763
1996-09-21,4.831937519445233
1996-09-22,4.848151202003693
1996-09-23,4.854689891181067
1996-09-24,4.868050720542627
1996-09-25,4.8815122530616115
1996-09-26,4.913422711568787
1996-09-27,4.749726025035057
1996-09-28,4.72990714128758
1996-09-29,4.750076411146053
1996-09-30,4.754273262175364
1996-10-01,4.63352254123903
1996-10-02,4.640185858672496
1996-10-03,4.6779395761175975
1996-10-04,4.719743161423829
1996-10-05,4.718944001617169
1996-10-06,4.7195614306142675
1996-10-07,4.720280509193332
1996-10-08,4.67600069716404
1996-10-09,4.71093028899426
1996-10-10,4.7157853344442415
1996-10-11,4.730019123207181
1996-10-12,4.747912402814659
1996-10-13,4.764242077904402
1996-10-14,4.770163707088498
1996-10-15,5.989014387455439
1996-10-16,5.650433762389763
1996-10-17,5.584119573813359
1996-10-18,5.570190689375116
1996-10-19,5.571663371479994
1996-10-20,5.524394232161299
1996-10-21,5.463814293694437
1996-10-22,5.592248408269434
1996-10-23,5.617195469654387
1996-10-24,5.6390686406567365
1996-10-25,5.683751026248627
1996-10-26,5.6893809871826875
1996-10-27,5.707806479948979
1996-10-28,5.681926548523361
1996-10-29,5.665394361651966
1996-10-30,5.620437080238346
1996-10-31,5.643807903423066
1996-11-01,5.4252126991539695
1996-11-02,5.639505020232425
1996-11-03,5.649538967491637
1996-11-04,5.631663562320204
1996-11-05,5.698951056524566
1996-11-06,5.660964013679391
1996-11-07,5.658054552756533
1996-11-08,5.607565188115826
1996-11-09,5.64934403351981
1996-11-10,5.633523841945726
1996-11-11,5.642505241244476
1996-11-12,5.648025010896442
1996-11-13,5.514475301422357
1996-11-14,5.5906580380738085
1996-11-15,5.566594230128926
1996-11-16,5.557650633805395
1996-11-17,5.532584589502411
1996-11-18,5.522875314254731
1996-11-19,5.516290813775969
1996-11-20,5.383171247772391
1996-11-21,5.4168784098364675
1996-11-22,5.436611590970152
1996-11-23,5.4516940958481515
1996-11-24,5.434111227226962
1996-11-25,5.42644287771105
1996-11-26,5.417982997966927
1996-11-27,5.385911805865737
1996-11-28,5.39789576588201
1996-11-29,5.406152156092748
1996-11-30,5.4015635522420915
1996-12-01,5.253489861950476
1996-12-02,5.325747068432097
1996-12-03,5.199937842836081
1996-12-04,5.022947720219044
1996-12-05,4.753442601908898
1996-12-06,4.6871228834682
1996-12-07,4.749489918046445
1996-12-08,4.775505618516272
1996-12-09,4.78807059702679
1996-12-10,4.763267381402431
1996-12-11,4.885843996243674
1996-12-12,4.864463792032572
1996-12-13,4.844429150724707
1996-12-14,4.860102878457918
1996-12-15,4.814885319554367
1996-12-16,4.8219802530952975
1996-12-17,4.792662758907306
1996-12-18,4.916909572949606
1996-12-19,4.937122370601225
1996-12-20,4.9400941901668185
1996-12-21,4.9115527816452165
1996-12-22,4.9042835507555385
1996-12-23,4.89116396967349
1996-12-24,4.862794477032264
1996-12-25,4.870672029606016
1996-12-26,4.933367271336596
1996-12-27,4.948096314332615
1996-12-28,4.944198056691843
1996-12-29,4.958168949831753
1996-12-30,4.955318925569502
1996-12-31,4.8870096616804535
1997-01-01,4.701506053446107
1997-01-02,4.839051298887947
1997-01-03,4.865538263929112
1997-01-04,4.88262610148498
1997-01-05,4.886039168024267
1997-01-06,4.911925553192175
1997-01-07,4.865167343459749
1997-01-08,4.943690341969935
1997-01-09,4.945785189409117
1997-01-10,4.9288982661738014
1997-01-11,4.930617890176752
1997-01-12,4.910585958355441
1997-01-13,4.910774526976192
1997-01-14,4.933519165808282
1997-01-15,5.221323259084583
1997-01-16,5.118392136808499
1997-01-17,5.111004637285356
1997-01-18,5.240598341756013
1997-01-19,5.218649601557164
1997-01-20,5.2593653880794475
1997-01-21,5.063539254342677
1997-01-22,5.307653298180868
1997-01-23,5.1713590734913275
1997-01-24,5.209177416293791
1997-01-25,5.193462968846443
1997-01-26,5.226534704006452
1997-01-27,5.322124643565518
1997-01-28,5.422208093567276
1997-01-29,5.416819773219263
1997-01-30,5.333146099996499
1997-01-31,5.38918089714776
1997-02-01,5.247000511538623
1997-02-02,5.425644791100879
1997-02-03,5.411267655634166
1997-02-04,5.469684037125861
1997-02-05,5.530984905322011
1997-02-06,5.547587700249252
1997-02-07,5.50633702113741
1997-02-08,5.492935307655404
1997-02-09,5.48164554472523
1997-02-10,5.493381617783687
1997-02-11,5.381851221800266
1997-02-12,5.374312185103902
1997-02-13,5.442417548377425
1997-02-14,5.497657911014805
1997-02-15,5.469200486200009
1997-02-16,5.543897783329674
1997-02-17,5.53142441241463
1997-02-18,5.679662173263403
1997-02-19,5.702121265973814
1997-02-20,5.486327217120252
1997-02-21,5.540254197568733
1997-02-22,5.583769182588107
1997-02-23,5.505623161489538
1997-02-24,5.533053563209588
1997-02-25,5.505348783937441
1997-02-26,5.4774967199842095
1997-02-27,5.487935335029967
1997-02-28,5.42820112060514
1997-03-01,5.313151697737116
1997-03-02,5.4206956512747855
1997-03-03,5.257440163845541
1997-03-04,5.130218938919917
1997-03-05,5.06991275829002
1997-03-06,5.063453566435811
1997-03-07,5.193214071772594
1997-03-08,5.2344857709740005
1997-03-09,5.258721129471758
1997-03-10,5.260402831609395
1997-03-11,5.289640742427011
1997-03-12,5.253921939087828
1997-03-13,5.2901789744371275
1997-03-14,5.22133264725008
1997-03-15,5.225965319844806
1997-03-16,5.20220712389407
1997-03-17,5.167717352192154
1997-03-18,5.606481757195489
1997-03-19,5.6054655305678445
1997-03-20,5.6200760865276695
1997-03-21,5.6555366152801785
1997-03-22,5.652478229148967
1997-03-23,5.610270669569044
1997-03-24,5.623439440760305
1997-03-25,5.545519195762156
1997-03-26,5.531245464759856
1997-03-27,5.510254255917344
1997-03-28,5.51215511427708
1997-03-29,5.556328994279939
1997-03-30,5.509173922600585
1997-03-31,5.502462224107734
1997-04-01,5.5057490432674925
1997-04-02,5.6739713731197305
1997-04-03,5.700701943873108
1997-04-04,5.636399180257543
1997-04-05,5.635766254636671
1997-04-06,5.631047954754015
1997-04-07,5.658498797453289
1997-04-08,5.763819156886727
1997-04-09,5.737898961413347
1997-04-10,5.645596585201157
1997-04-11,5.58257541017791
1997-04-12,5.577567818440178
1997-04-13,5.548275858915284
1997-04-14,5.6268198233679625
1997-04-15,5.468172655971156
1997-04-16,5.505592887720769
1997-04-17,5.705662508183572
1997-04-18,5.748631261438103
1997-04-19,5.7083242379716825
1997-04-20,5.705485887070699
1997-04-21,6.000260635976217
1997-04-22,6.090061104256623
1997-04-23,6.205923555976736
1997-04-24,6.281937101641626
1997-04-25,6.313046537547596
1997-04-26,6.296416957240566
1997-04-27,6.335169127728454
1997-04-28,6.445160825988362
1997-04-29,6.522536855620135
1997-04-30,6.414782772308492
1997-05-01,6.230006560446917
1997-05-02,6.3974744565719615
1997-05-03,6.355956163176061
1997-05-04,6.360035759391472
1997-05-05,6.313720749833129
1997-05-06,6.3422939087651535
1997-05-07,6.312055923679917
1997-05-08,6.259754606563729
1997-05-09,6.225935090574139
1997-05-10,6.239732104414255
1997-05-11,6.218126263523079
1997-05-12,6.2944801276930065
1997-05-13,6.18241609275181
1997-05-14,6.40553084685734
1997-05-15,6.310963589777616
1997-05-16,6.332157422520167
1997-05-17,6.3734734018508545
1997-05-18,6.2361546612153145
1997-05-19,6.203370816202383
1997-05-20,6.127448718013194
1997-05-21,6.418811324451966
1997-05-22,6.38311263902194
1997-05-23,6.374702597454936
1997-05-24,6.4178031450636155
1997-05-25,6.420804979109807
1997-05-26,6.412894995306781
1997-05-27,6.501642529216823
1997-05-28,6.545563935170232
1997-05-29,6.529443129430393
1997-05-30,6.546724069088983
1997-05-31,6.577581525583206
1997-06-01,6.4174710525289385
1997-06-02,6.558280911179912
1997-06-03,6.557594001072124
1997-06-04,6.570340536482044
1997-06-05,6.5756378742375095
1997-06-06,6.93100289349584
1997-06-07,6.9660957012574976
1997-06-08,6.981509410329718
1997-06-09,6.805233632826518
1997-06-10,6.686891328330867
1997-06-11,6.592688716753505
1997-06-12,6.94887910194714
1997-06-13,6.894927337861137
1997-06-14,6.907470339474013
1997-06-15,6.918859809311115
1997-06-16,6.929770562361898
1997-06-17,7.128816129035197
1997-06-18,7.269578780818213
1997-06-19,7.363526200638903
1997-06-20,7.381043790753013
1997-06-21,7.366038116670397
1997-06-22,7.318574624061567
1997-06-23,7.185627159903772
1997-06-24,7.2948022501511245
1997-06-25,7.259122921157273
1997-06-26,7.258291288872756
1997-06-27,7.181167995990819
1997-06-28,7.170274956735836
1997-06-29,7.164773116491917
1997-06-30,7.148228276700582
1997-07-01,7.033548947865439
1997-07-02,7.089887042095533
1997-07-03,7.130491248804338
1997-07-04,7.149608306503923
1997-07-05,7.147908159537224
1997-07-06,7.148615991981417
1997-07-07,7.185901127801882
1997-07-08,7.212745494288292
1997-07-09,7.1676742364778825
1997-07-10,7.1241336809504965
1997-07-11,7.1454685209590885
1997-07-12,7.11920977316197
1997-07-13,7.111666402795814
1997-07-14,7.148857999350849
1997-07-15,7.108757126312575
1997-07-16,7.150183046568736
1997-07-17,7.30626100440007
1997-07-18,7.332159217140642
1997-07-19,7.280378917002406
1997-07-20,7.266845063817776
1997-07-21,7.290811372410133
1997-07-22,7.446592818918094
1997-07-23,7.520235654546283
1997-07-24,7.620102770684468
1997-07-25,7.602293020788597
1997-07-26,7.589703918371976
1997-07-27,7.581149562329758
1997-07-28,7.6235151056255805
1997-07-29,7.644830624204166
1997-07-30,7.657127657905849
1997-07-31,7.5912048198643
1997-08-01,7.4618519080305585
1997-08-02,7.580484733686061
1997-08-03,7.591688365789902
1997-08-04,7.610885978137604
1997-08-05,7.713093974132306
1997-08-06,7.732714333268982
1997-08-07,7.80568517451406
1997-08-08,7.860299957398073
1997-08-09,7.892391551041435
1997-08-10,7.743644209171466
1997-08-11,7.809659413199323
1997-08-12,7.668767128874125
1997-08-13,7.516598780099388
1997-08-14,7.504883061921369
1997-08-15,7.57332738277295
1997-08-16,7.602017698719602
1997-08-17,7.639984905781104
1997-08-18,7.768690440980284
1997-08-19,7.741584375059251
1997-08-20,7.746514863787912
1997-08-21,7.6873499382473485
1997-08-22,7.581029440392018
1997-08-23,7.571769246984091
1997-08-24,7.5657173280313055
1997-08-25,7.548315958628376
1997-08-26,7.551933293293642
1997-08-27,7.574241097893072
1997-08-28,7.540657678559507
1997-08-29,7.550619115876208
1997-08-30,7.547233182552533
1997-08-31,7.532991513733913
1997-09-01,7.322131203967658
1997-09-02,7.32715745091522
1997-09-03,7.02745122441683
1997-09-04,7.097365556955259
1997-09-05,7.123709097401296
1997-09-06,7.170029066811427
1997-09-07,7.209227280991615
1997-09-08,7.212069393003199
1997-09-09,7.207723716940223
1997-09-10,7.093410292261226
1997-09-11,7.05936420227591
1997-09-12,7.069501733053441
1997-09-13,7.080237183951189
1997-09-14,7.061089213902587
1997-09-15,7.040811932587767
1997-09-16,7.0316166235550615
1997-09-17,7.028409083477149
1997-09-18,7.236743628752318
1997-09-19,7.255756869948064
1997-09-20,7.241898612226899
1997-09-21,7.2625669586898045
1997-09-22,7.259820818321257
1997-09-23,7.168382119115799
1997-09-24,7.164810914103938
1997-09-25,7.076446596410072
1997-09-26,6.992977799850937
1997-09-27,7.0085077785401975
1997-09-28,7.004061167251752
1997-09-29,7.012471019059381
1997-09-30,6.886831190847367
1997-10-01,6.728349393673295
1997-10-02,6.873396602224961
1997-10-03,6.878826848507476
1997-10-04,6.889889151929085
1997-10-05,6.90423797254739
1997-10-06,6.941208971019732
1997-10-07,6.905843169639521
1997-10-08,6.880385625607101
1997-10-09,7.30994455960162
1997-10-10,7.1989493870894625
1997-10-11,7.185665714082482
1997-10-12,7.160665550567236
1997-10-13,7.174817949646506
1997-10-14,6.5108130752655455
1997-10-15,6.708160346027512
1997-10-16,6.780584568943334
1997-10-17,6.779862749813689
1997-10-18,6.903524710375304
1997-10-19,6.976571169156045
1997-10-20,7.007303593741674
1997-10-21,7.0377949752802165
1997-10-22,7.015549445206776
1997-10-23,6.81807202943743
1997-10-24,6.648161280680117
1997-10-25,6.6350329416186575
1997-10-26,6.634807372673157
1997-10-27,6.675995058408239
1997-10-28,6.7292040870669245
1997-10-29,6.6728156542881365
1997-10-30,6.720001279504187
1997-10-31,6.681525672909557
1997-11-01,6.461986672734195
1997-11-02,6.6627238891549165
1997-11-03,6.621804080296567
1997-11-04,6.7304281628199
1997-11-05,6.816614481864887
1997-11-06,6.825056675381989
1997-11-07,6.829705598587957
1997-11-08,6.860113637991991
1997-11-09,6.865220697641601
1997-11-10,6.956380091605321
1997-11-11,6.634115796115324
1997-11-12,6.3930406012039445
1997-11-13,6.442839460533255
1997-11-14,6.4746753285336895
1997-11-15,6.503887798795304
1997-11-16,6.618953024188055
1997-11-17,6.569087594282109
1997-11-18,6.794410011023037
1997-11-19,6.795783293024952
1997-11-20,6.844497779589002
1997-11-21,6.854134487212363
1997-11-22,6.843375756416217
1997-11-23,6.828549885191763
1997-11-24,6.872629819732619
1997-11-25,6.802148548023322
1997-11-26,6.813705381110344
1997-11-27,6.800848835376312
1997-11-28,6.837046353532116
1997-11-29,6.819516412063193
1997-11-30,6.795826857763336
1997-12-01,6.452919231362319
1997-12-02,6.455454784155097
1997-12-03,6.366644210213004
1997-12-04,6.201859204634678
1997-12-05,6.247983414372527
1997-12-06,6.274398132379348
1997-12-07,6.2335450891612325
1997-12-08,6.192204465689077
1997-12-09,6.178799844039533
1997-12-10,6.085945186795565
1997-12-11,6.121943292436241
1997-12-12,6.1405000263000735
1997-12-13,6.124511014326942
1997-12-14,6.149818779601851
1997-12-15,6.062813883582685
1997-12-16,6.104935920858168
1997-12-17,6.09336559691387
1997-12-18,6.217887604637983
1997-12-19,6.232639626818913
1997-12-20,6.255255070608891
1997-12-21,6.230069779317386
1997-12-22,6.195435086452626
1997-12-23,6.129557524366744
1997-12-24,6.154532971896808
1997-12-25,6.139587378314843
1997-12-26,6.148995399523081
1997-12-27,6.160590613654307
1997-12-28,6.177326470720274
1997-12-29,6.204461159759454
1997-12-30,6.185122127412654
1997-12-31,6.256610998081508
1998-01-01,6.151589253343692
1998-01-02,6.267965991562755
1998-01-03,6.256497872002015
1998-01-04,6.245538710200211
1998-01-05,6.256828887141031
1998-01-06,6.259987071843943
1998-01-07,6.280666340798435
1998-01-08,6.317930850214857
1998-01-09,6.2606234321071685
1998-01-10,6.264515201220089
1998-01-11,6.275655401543361
1998-01-12,6.195367308108599
1998-01-13,6.1315232378639415
1998-01-14,6.140560877540088
1998-01-15,6.03389448909461
1998-01-16,6.170586126977206
1998-01-17,6.129265456341514
1998-01-18,6.205850916172569
1998-01-19,6.209957904169098
1998-01-20,6.0610492444836455
1998-01-21,6.063635861992574
1998-01-22,5.939814041496724
1998-01-23,5.925081365217171
1998-01-24,5.9392567400420315
1998-01-25,5.934998901943278
1998-01-26,5.870686035383367
1998-01-27,5.796885873607286
1998-01-28,5.769445036497926
1998-01-29,5.713295493700736
1998-01-30,5.744451792397053
1998-01-31,5.741103225310352
1998-02-01,5.612664519566298
1998-02-02,5.7395745217104785
1998-02-03,5.875955429966308
1998-02-04,5.7929893033500095
1998-02-05,5.8288973046390815
1998-02-06,5.826197215425759
1998-02-07,5.779522495535614
1998-02-08,5.81392817108604
1998-02-09,5.770188770760608
1998-02-10,5.846313547562391
1998-02-11,5.852746055452885
1998-02-12,5.932232310052229
1998-02-13,5.834278145915579
1998-02-14,5.888046874494061
1998-02-15,5.819328903043013
1998-02-16,5.737993471590926
1998-02-17,5.652574788767485
1998-02-18,5.4204365850805125
1998-02-19,5.38542123750627
1998-02-20,5.3398965151928355
1998-02-21,5.335198397447132
1998-02-22,5.3333348760097685
1998-02-23,5.374197739659337
1998-02-24,5.263224184694612
1998-02-25,5.221684825433611
1998-02-26,5.365067377418438
1998-02-27,5.357393959997198
1998-02-28,5.338247337647886
1998-03-01,5.208883935118251
1998-03-02,5.294853454724495
1998-03-03,5.245095726659851
1998-03-04,5.303539804670709
1998-03-05,5.360387241232069
1998-03-06,5.41002307957381
1998-03-07,5.386790684804551
1998-03-08,5.381234572217339
1998-03-09,5.343650537160285
1998-03-10,5.269970634888244
1998-03-11,5.232979032843273
1998-03-12,5.049363373155289
1998-03-13,5.041198453563398
1998-03-14,5.048107079680033
1998-03-15,5.052572685239298
1998-03-16,5.04058933313033
1998-03-17,5.05317023241547
1998-03-18,5.000055005914033
1998-03-19,4.956390145062423
1998-03-20,5.03038983686535
1998-03-21,5.013699830411969
1998-03-22,5.016135095289667
1998-03-23,5.007126592909505
1998-03-24,4.932884763481274
1998-03-25,4.938616015532275
1998-03-26,4.899786999245061
1998-03-27,4.946107915629527
1998-03-28,4.944132626091678
1998-03-29,4.956678810132967
1998-03-30,4.985732353147691
1998-03-31,4.93259007051573
1998-04-01,4.879843109567064
1998-04-02,4.959427884444916
1998-04-03,4.942621616553021
1998-04-04,4.896827846774224
1998-04-05,4.915825182177461
1998-04-06,4.920760643764389
1998-04-07,4.819277573315402
1998-04-08,4.954498887154624
1998-04-09,4.9801020293983695
1998-04-10,4.980428878914092
1998-04-11,4.977174839943736
1998-04-12,4.982132124318032
1998-04-13,5.037154846314805
1998-04-14,5.1236761008753575
1998-04-15,5.093202622013295
1998-04-16,5.660035340585113
1998-04-17,6.060014686743509
1998-04-18,6.057630188932668
1998-04-19,6.049637281819966
1998-04-20,6.084287847601573
1998-04-21,6.060504591114073
1998-04-22,6.180895510898464
1998-04-23,6.112838654058022
1998-04-24,6.224326304639623
1998-04-25,6.219573211599295
1998-04-26,6.23362496342637
1998-04-27,6.160244306976974
1998-04-28,6.118540230986381
1998-04-29,6.007746030235173
1998-04-30,5.978191902112499
1998-05-01,5.86788182292665
1998-05-02,5.991652090909144
1998-05-03,6.000731598957081
1998-05-04,6.033216041909769
1998-05-05,6.075965567368999
1998-05-06,6.127801113501704
1998-05-07,6.1257665983401655
1998-05-08,6.100742983134871
1998-05-09,6.091875954321663
1998-05-10,6.089612368895348
1998-05-11,6.152053902409005
1998-05-12,6.169791052353366
1998-05-13,6.192384349384421
1998-05-14,6.201510876153013
1998-05-15,6.130897415310112
1998-05-16,6.16168405641832
1998-05-17,6.101454402912413
1998-05-18,6.187126445166186
1998-05-19,6.198810642548425
1998-05-20,6.123162286492961
1998-05-21,6.190741583369638
1998-05-22,6.199859563171088
1998-05-23,6.2409879457204545
1998-05-24,6.227605784432221
1998-05-25,6.213142574405498
1998-05-26,6.2685940286620045
1998-05-27,6.228597786873877
1998-05-28,6.0633175149760525
1998-05-29,6.100439871423924
1998-05-30,6.082478632040329
1998-05-31,6.059846091368243
1998-06-01,5.924421264163415
1998-06-02,5.994604906846396
1998-06-03,5.815611269572795
1998-06-04,6.093488863227689
1998-06-05,6.059227939280036
1998-06-06,6.073700763586083
1998-06-07,6.051613568645358
1998-06-08,6.030923100083146
1998-06-09,6.080987951658234
1998-06-10,6.065943105178935
1998-06-11,6.153297016569952
1998-06-12,6.184171081040951
1998-06-13,6.196621383892067
1998-06-14,6.184769534205368
1998-06-15,6.185365799693865
1998-06-16,6.025471756901283
1998-06-17,5.937948827838721
1998-06-18,6.005944357493579
1998-06-19,5.965968917032098
1998-06-20,5.980328207549376
1998-06-21,6.0008924298465525
1998-06-22,6.193871769244854
1998-06-23,6.1493223356227
1998-06-24,6.1824585937397565
1998-06-25,6.171076442376965
1998-06-26,6.216968162856951
1998-06-27,6.200253820017705
1998-06-28,6.276722448525266
1998-06-29,6.244979503070872
1998-06-30,6.046663486648024
1998-07-01,5.952685007904281
1998-07-02,6.033543356410738
1998-07-03,6.00733171106469
1998-07-04,6.005870573525478
1998-07-05,6.023846975157943
1998-07-06,6.037377123308596
1998-07-07,5.963607854146407
1998-07-08,5.89308758257919
1998-07-09,6.006133731703118
1998-07-10,5.987745936978333
1998-07-11,5.997175092621655
1998-07-12,5.993855991876282
1998-07-13,5.988554734796729
1998-07-14,5.791377688282667
1998-07-15,5.5501291452206845
1998-07-16,5.391305896646754
1998-07-17,5.3880786532420455
1998-07-18,5.2393690797689265
1998-07-19,5.224610990521409
1998-07-20,5.303859736358008
1998-07-21,5.427866056363904
1998-07-22,5.560867541901342
1998-07-23,5.354290931615359
1998-07-24,5.325277069824916
1998-07-25,5.327837798258928
1998-07-26,5.390475515453413
1998-07-27,5.435429515697452
1998-07-28,5.46098023576303
1998-07-29,5.555264186164699
1998-07-30,5.74569491491121
1998-07-31,5.673588677806379
1998-08-01,5.581642630043891
1998-08-02,5.693487519994029
1998-08-03,5.672665801493167
1998-08-04,5.976465186444043
1998-08-05,5.913242155812868
1998-08-06,6.020535355379701
1998-08-07,5.999674316452262
1998-08-08,5.997998706035017
1998-08-09,5.995336729349261
1998-08-10,5.965658347742949
1998-08-11,6.195053140883356
1998-08-12,6.240604453786284
1998-08-13,6.139490600608265
1998-08-14,6.12070964750651
1998-08-15,6.127141385734824
1998-08-16,6.122906613144488
1998-08-17,6.139992562359539
1998-08-18,6.139316433315365
1998-08-19,6.123012093808048
1998-08-20,6.199519348811663
1998-08-21,6.190048929198199
1998-08-22,6.184593501274023
1998-08-23,6.195178183946306
1998-08-24,6.176911900498685
1998-08-25,6.100908460978994
1998-08-26,6.102370170900191
1998-08-27,6.118067342852793
1998-08-28,6.123199492509341
1998-08-29,6.103566387387673
1998-08-30,6.1090140572637175
1998-08-31,6.025665690828466
1998-09-01,5.915081359899739
1998-09-02,5.980577548877081
1998-09-03,5.754132629420857
1998-09-04,5.794163594045034
1998-09-05,5.834224484556545
1998-09-06,5.831974020790128
1998-09-07,5.626888685091517
1998-09-08,5.5422532772355275
1998-09-09,5.552284399784801
1998-09-10,5.5011559219905966
1998-09-11,5.528336343664586
1998-09-12,5.547313410501895
1998-09-13,5.517076200015145
1998-09-14,5.462236481648908
1998-09-15,5.447933085054327
1998-09-16,5.588669250348893
1998-09-17,5.604726665028909
1998-09-18,6.105884781982707
1998-09-19,6.0876144616580214
1998-09-20,6.084077787877137
1998-09-21,6.123252835828513
1998-09-22,6.08179072180759
1998-09-23,6.103631804860479
1998-09-24,6.1184357294687555
1998-09-25,6.197969595836182
1998-09-26,6.199173727256227
1998-09-27,6.201545013189445
1998-09-28,6.1885529921348645
1998-09-29,6.1147106624402925
1998-09-30,6.016654439037507
1998-10-01,5.987264148589681
1998-10-02,6.085009502152099
1998-10-03,6.078527451859619
1998-10-04,6.079845394086461
1998-10-05,6.084357846857753
1998-10-06,6.120292433050607
1998-10-07,5.874648029338887
1998-10-08,5.885446793837636
1998-10-09,5.892642893872569
1998-10-10,5.9094696105640185
1998-10-11,5.918897547997575
1998-10-12,5.913657426053387
1998-10-13,6.071051155152661
1998-10-14,5.938610355792921
1998-10-15,5.922366403547171
1998-10-16,6.057714493762971
1998-10-17,6.0158084024955425
1998-10-18,5.942261277971882
1998-10-19,5.890207044052394
1998-10-20,5.9903419390021275
1998-10-21,5.855784661651482
1998-10-22,5.91433809631388
1998-10-23,5.767048210326422
1998-10-24,5.711006863638204
1998-10-25,5.713521051844728
1998-10-26,5.468499915068348
1998-10-27,5.572431660518324
1998-10-28,5.512545921130474
1998-10-29,5.30870864507745
1998-10-30,5.277500984326649
1998-10-31,5.294612594214188
1998-11-01,5.1701208419129046
1998-11-02,5.184353985507768
1998-11-03,5.088952087603936
1998-11-04,5.103930919294887
1998-11-05,5.111386565634229
1998-11-06,5.044080929619934
1998-11-07,5.067052457518589
1998-11-08,5.0638640488163915
1998-11-09,5.098119484029324
1998-11-10,4.950116389488692
1998-11-11,4.9294444820082
1998-11-12,4.910353702506988
1998-11-13,4.882797747736298
1998-11-14,4.880858623788631
1998-11-15,4.811337399122648
1998-11-16,4.622014420886045
1998-11-17,4.559382166299316
1998-11-18,4.664334138616496
1998-11-19,4.6798012219594485
1998-11-20,4.694654726702664
1998-11-21,4.686224740411436
1998-11-22,4.694730324523816
1998-11-23,4.706244958711997
1998-11-24,4.669750088794029
1998-11-25,4.715649412251279
1998-11-26,4.556503698669734
1998-11-27,4.6043044602075325
1998-11-28,4.628784134693834
1998-11-29,4.639893796325583
1998-11-30,4.554743850472054
1998-12-01,4.369096264444579
1998-12-02,4.322396069147668
1998-12-03,3.9629997431385777
1998-12-04,3.961865770556808
1998-12-05,4.004912547738696
1998-12-06,4.038977341734246
1998-12-07,3.996042641390241
1998-12-08,3.7414572951485057
1998-12-09,3.8127745881230126
1998-12-10,3.655170364776105
1998-12-11,3.6866108875682473
1998-12-12,3.7659782735863665
1998-12-13,3.830319959817007
1998-12-14,3.728163544643624
1998-12-15,3.710320932318997
1998-12-16,3.727436031354296
1998-12-17,3.8366937435826136
1998-12-18,3.710337365846549
1998-12-19,3.703910305763156
1998-12-20,3.70346609521619
1998-12-21,3.660120066904222
1998-12-22,3.570298748804688
1998-12-23,3.6669640742636744
1998-12-24,3.6744766128649218
1998-12-25,3.6720144624799382
1998-12-26,3.657237011586003
1998-12-27,3.6758722496884135
1998-12-28,3.650194009107452
1998-12-29,3.624491956732287
1998-12-30,3.661486594061558
1998-12-31,3.6947763877019457
1999-01-01,3.6360239663999794
1999-01-02,3.660651417525584
1999-01-03,3.6785789492806167
1999-01-04,3.6835849915089542
1999-01-05,3.686051245219168
1999-01-06,3.621311076320046
1999-01-07,3.692957555967924
1999-01-08,3.7609841372440487
1999-01-09,3.7588661341889287
1999-01-10,3.7521442681871826
1999-01-11,3.776029890501987
1999-01-12,3.8019592067356616
1999-01-13,3.8179395078848577
1999-01-14,3.7946653998505218
1999-01-15,3.7908166542316577
1999-01-16,3.7904750320746254
1999-01-17,3.785222953396372
1999-01-18,3.841562996505517
1999-01-19,4.110078626595373
1999-01-20,4.395993806866945
1999-01-21,4.630237957298312
1999-01-22,4.479419642900133
1999-01-23,4.513360180344241
1999-01-24,4.538483693555602
1999-01-25,4.67501534059936
1999-01-26,4.4773081749765495
1999-01-27,4.523453116258385
1999-01-28,4.5353915784660295
1999-01-29,4.568135448586688
1999-01-30,4.570140132652776
1999-01-31,4.5568364147838345
1999-02-01,4.436760109661856
1999-02-02,4.521208840334337
1999-02-03,4.573665936232524
1999-02-04,4.603705309514193
1999-02-05,4.6279466193404515
1999-02-06,4.627961270755306
1999-02-07,4.637623374955832
1999-02-08,4.657860136815598
1999-02-09,4.667097164294791
1999-02-10,4.668598253284266
1999-02-11,4.748992294268218
1999-02-12,4.7521366802951945
1999-02-13,4.745383335679362
1999-02-14,4.737742435574413
1999-02-15,4.715824663160147
1999-02-16,4.822892428377553
1999-02-17,4.850319307088339
1999-02-18,4.979388489263707
1999-02-19,5.009382683442373
1999-02-20,5.031378278839085
1999-02-21,5.039187019771217
1999-02-22,4.836948593163811
1999-02-23,4.893290059317645
1999-02-24,4.814645190024296
1999-02-25,4.64572017138353
1999-02-26,4.544445271451649
1999-02-27,4.5452692085632265
1999-02-28,4.541906392831389
1999-03-01,4.416315842614148
1999-03-02,4.303166782741909
1999-03-03,4.265845207852271
1999-03-04,4.227658318306141
1999-03-05,4.165314096277943
1999-03-06,4.199403909372906
1999-03-07,4.228112431267624
1999-03-08,3.918741435272911
1999-03-09,3.954638156769159
1999-03-10,4.0854470334175135
1999-03-11,4.212481100920348
1999-03-12,4.388630075853927
1999-03-13,4.396329707704828
1999-03-14,4.424906652943597
1999-03-15,4.455672141629076
1999-03-16,4.397965829111513
1999-03-17,4.349655578644561
1999-03-18,4.410897797460503
1999-03-19,4.422881001692914
1999-03-20,4.412177337542566
1999-03-21,4.387789851112221
1999-03-22,4.5044968797914775
1999-03-23,4.497204165567252
1999-03-24,4.506149716475626
1999-03-25,4.531763068265385
1999-03-26,4.499615431469632
1999-03-27,4.486785374817068
1999-03-28,4.4454983910995205
1999-03-29,4.246374333439779
1999-03-30,4.301004413148449
1999-03-31,4.384936033608778
1999-04-01,4.281959598528918
1999-04-02,4.291651449824074
1999-04-03,4.304720308754261
1999-04-04,4.30110626180023
1999-04-05,4.247676417606831
1999-04-06,4.255899104102733
1999-04-07,4.309203194518021
1999-04-08,4.368950378554421
1999-04-09,4.39903749395524
1999-04-10,4.398931663560843
1999-04-11,4.37588937484562
1999-04-12,4.374741353365522
1999-04-13,4.3899962274440485
1999-04-14,4.487108587691917
1999-04-15,4.120314976653751
1999-04-16,3.973395776457446
1999-04-17,3.936240789626163
1999-04-18,3.9348565334053216
1999-04-19,3.979300965496731
1999-04-20,3.967610558777379
1999-04-21,3.925552493131524
1999-04-22,3.8469899993208783
1999-04-23,3.819530446031492
1999-04-24,3.788977539622021
1999-04-25,3.746784223734099
1999-04-26,3.944872450379818
1999-04-27,3.7932426573155102
1999-04-28,3.8799552764703416
1999-04-29,3.871376316972885
1999-04-30,3.888480667880306
1999-05-01,3.805810254460024
1999-05-02,3.857263416900116
1999-05-03,3.8480321343687183
1999-05-04,3.851489253565376
1999-05-05,3.8732361547938967
1999-05-06,4.02966885698625
1999-05-07,3.993722909314988
1999-05-08,3.9980153033557846
1999-05-09,3.9983449224528735
1999-05-10,4.081154340534014
1999-05-11,4.183035589865697
1999-05-12,4.138014407590376
1999-05-13,4.125078738495169
1999-05-14,4.060539139710839
1999-05-15,4.047518162013104
1999-05-16,4.118196977872404
1999-05-17,4.239770458951045
1999-05-18,4.28032501408943
1999-05-19,4.298938960425895
1999-05-20,4.349378993161809
1999-05-21,4.421940701218244
1999-05-22,4.417905872789293
1999-05-23,4.477177731067836
1999-05-24,4.657664269217716
1999-05-25,4.654245563569985
1999-05-26,4.630288011789812
1999-05-27,4.6363741979712
1999-05-28,4.632155804762196
1999-05-29,4.6090597055351665
1999-05-30,4.603610929770956
1999-05-31,4.698587005583142
1999-06-01,4.637854167660832
1999-06-02,4.6371159006022
1999-06-03,4.695351579368488
1999-06-04,4.681722166892825
1999-06-05,4.688813943652867
1999-06-06,4.660564603420095
1999-06-07,4.658790290373933
1999-06-08,4.859558757438049
1999-06-09,4.71997963693403
1999-06-10,4.87326276909097
1999-06-11,4.859616125268789
1999-06-12,4.8689956055984585
1999-06-13,4.834356136130941
1999-06-14,4.880341750592293
1999-06-15,5.032071242002662
1999-06-16,5.088495178944184
1999-06-17,5.18073969123609
1999-06-18,5.18473371086723
1999-06-19,5.18651874353718
1999-06-20,5.200405711529777
1999-06-21,5.186160297694858
1999-06-22,5.397859054546436
1999-06-23,5.405043768489015
1999-06-24,5.389458936003372
1999-06-25,5.411009598413349
1999-06-26,5.395035728465503
1999-06-27,5.3947089744998635
1999-06-28,5.355722531967238
1999-06-29,5.15866856382104
1999-06-30,5.198903784069507
1999-07-01,5.035959219988526
1999-07-02,5.30622217703581
1999-07-03,5.298051240182189
1999-07-04,5.286148308274869
1999-07-05,5.343738136496279
1999-07-06,5.354680616760887
1999-07-07,5.371362082546566
1999-07-08,5.373568712125012
1999-07-09,5.408155045387902
1999-07-10,5.370738489019619
1999-07-11,5.367859067405044
1999-07-12,5.355376119710975
1999-07-13,5.470042789004765
1999-07-14,5.65112556664986
1999-07-15,5.62645575247872
1999-07-16,5.610887988554847
1999-07-17,5.628396258982066
1999-07-18,5.565590977635375
1999-07-19,5.589133853962146
1999-07-20,5.668872748444787
1999-07-21,5.891211957125127
1999-07-22,5.68982152617348
1999-07-23,5.763389023522131
1999-07-24,5.760223724882527
1999-07-25,5.755580470056822
1999-07-26,5.701195091218192
1999-07-27,5.682491522072093
1999-07-28,5.678105116647497
1999-07-29,5.3059083748316676
1999-07-30,5.314908198685049
1999-07-31,5.323695780494873
1999-08-01,5.205029002659838
1999-08-02,5.213776525628703
1999-08-03,5.274272028052623
1999-08-04,5.139634907450043
1999-08-05,5.078697296794314
1999-08-06,5.078654215610858
1999-08-07,5.0767496544509765
1999-08-08,5.098857436035681
1999-08-09,5.279653456638329
1999-08-10,5.404315422665182
1999-08-11,5.41153472171009
1999-08-12,5.388699138375451
1999-08-13,5.425979637017209
1999-08-14,5.457681367769584
1999-08-15,5.393277031361012
1999-08-16,5.057531236807188
1999-08-17,4.941688258834626
1999-08-18,5.016627091320057
1999-08-19,5.020344417824832
1999-08-20,5.045585836020994
1999-08-21,5.056345837661123
1999-08-22,5.078653976789138
1999-08-23,5.085236167242612
1999-08-24,5.070925819097736
1999-08-25,5.0499530265075805
1999-08-26,4.944856498315804
1999-08-27,4.948408895640268
1999-08-28,4.964697235416432
1999-08-29,4.97454153304248
1999-08-30,4.936084496029254
1999-08-31,4.792047751696949
1999-09-01,3.946752421696054
1999-09-02,3.131000049567073
1999-09-03,2.767140155357411
1999-09-04,2.814654102806976
1999-09-05,2.8662758734773983
1999-09-06,2.895884626780981
1999-09-07,2.7635223276538765
1999-09-08,2.747969480840121
1999-09-09,2.8864204838255203
1999-09-10,2.6921143477261507
1999-09-11,2.7402170441062057
1999-09-12,2.7335987003904907
1999-09-13,2.8159648464203126
1999-09-14,2.86521948900632
1999-09-15,2.9206608828487677
1999-09-16,2.9215791472515584
1999-09-17,2.945523728202852
1999-09-18,3.001871661827302
1999-09-19,3.002367407125333
1999-09-20,3.0228879376645983
1999-09-21,2.9640136553098517
1999-09-22,2.942896722952874
1999-09-23,2.97833083291446
1999-09-24,2.991779605059639
1999-09-25,2.9766851366211715
1999-09-26,2.993156824780777
1999-09-27,3.0815674849647148
1999-09-28,3.038821751615538
1999-09-29,3.004482220835623
1999-09-30,2.9686975126009973
1999-10-01,3.033291220391912
1999-10-02,3.014249639430044
1999-10-03,3.0202093104800425
1999-10-04,3.041257773943811
1999-10-05,3.0769189443787814
1999-10-06,3.1653105727046356
1999-10-07,3.12769527591033
1999-10-08,3.126602735565734
1999-10-09,3.125898332615824
1999-10-10,3.1792797916533546
1999-10-11,3.1453494628150684
1999-10-12,3.1441401810451377
1999-10-13,3.117263906394662
1999-10-14,3.333196674348458
1999-10-15,3.264114990461966
1999-10-16,3.288736357406656
1999-10-17,3.2845152963547712
1999-10-18,3.1550974167772825
1999-10-19,3.1204776999860977
1999-10-20,2.9298371107923904
1999-10-21,2.840936252671506
1999-10-22,2.8042471172445165
1999-10-23,2.7289526375330824
1999-10-24,2.7434434659781792
1999-10-25,2.8508580639793917
1999-10-26,3.014666213120189
1999-10-27,2.777406654680751
1999-10-28,2.692062976528963
1999-10-29,2.624470182249256
1999-10-30,2.636982438593318
1999-10-31,2.6456339116041625
1999-11-01,2.7839660607293024
1999-11-02,2.8794905006440654
1999-11-03,2.7821303281645853
1999-11-04,2.7308340649755216
1999-11-05,2.722689509618628
1999-11-06,2.721710195845636
1999-11-07,2.7674737960009503
1999-11-08,2.614070245641386
1999-11-09,2.505683839536432
1999-11-10,2.5564222691615
1999-11-11,2.5552465673019493
1999-11-12,2.475750241345715
1999-11-13,2.5661531486352853
1999-11-14,2.5648482708751548
1999-11-15,2.527217594332247
1999-11-16,2.5988963301715544
1999-11-17,2.498267229787855
1999-11-18,2.6399572506490094
1999-11-19,2.6209673241980247
1999-11-20,2.590547080804061
1999-11-21,2.5210213377215105
1999-11-22,2.569534682370025
1999-11-23,2.7047195681339904
1999-11-24,3.48432007214503
1999-11-25,3.4552326457013685
1999-11-26,3.466804194122361
1999-11-27,3.477800444285397
1999-11-28,3.4722194439906047
1999-11-29,3.482789795303661
1999-11-30,3.569974869898304
1999-12-01,3.68487945740405
1999-12-02,3.805981110738398
1999-12-03,3.8069217988191992
1999-12-04,3.834002428080723
1999-12-05,3.8347087149587433
1999-12-06,3.796077411208392
1999-12-07,3.7122775721727543
1999-12-08,3.678710222939185
1999-12-09,3.6538949924776025
1999-12-10,3.640436610710504
1999-12-11,3.6675851496669214
1999-12-12,3.6225446905775183
1999-12-13,3.6719411343949098
1999-12-14,3.660859268005885
1999-12-15,3.713682890319751
1999-12-16,3.5054068239767244
1999-12-17,3.495509407849705
1999-12-18,3.5326928237130275
1999-12-19,3.526204528053854
1999-12-20,3.5248631124462095
1999-12-21,3.4592600040042565
1999-12-22,3.54876936469753
1999-12-23,3.444093747120945
1999-12-24,3.474029711433938
1999-12-25,3.4968459523258626
1999-12-26,3.445518228168681
1999-12-27,3.4922070077156144
1999-12-28,3.4807765366135186
1999-12-29,3.4008056349376203
1999-12-30,3.4583605455699757
1999-12-31,3.4644976561289536
2000-01-01,3.347390632743484
2000-01-02,3.532926472963289
2000-01-03,3.56534130772825
2000-01-04,3.4734257026426167
2000-01-05,3.4716721021995904
2000-01-06,3.5090792350018103
2000-01-07,3.493177144923755
2000-01-08,3.439141857485815
2000-01-09,3.4297378470418227
2000-01-10,3.4378361022459902
2000-01-11,3.4596001570546835
2000-01-12,3.4954775690734037
2000-01-13,3.552532094927453
2000-01-14,3.4859435121755515
2000-01-15,3.4685309467731207
2000-01-16,3.439166630101087
2000-01-17,3.4710619605005055
2000-01-18,3.6083010675463223
2000-01-19,3.8165666483482137
2000-01-20,3.9567443973566023
2000-01-21,3.984279897967445
2000-01-22,3.9859898764181985
2000-01-23,3.981816625983134
2000-01-24,4.0867625498729865
2000-01-25,4.421764053517241
2000-01-26,4.397771586525874
2000-01-27,4.464625852254691
2000-01-28,4.439593855763583
2000-01-29,4.434968868167253
2000-01-30,4.393309135904672
2000-01-31,4.508725155645672
2000-02-01,3.6160523598938954
2000-02-02,3.735775486168368
2000-02-03,3.5787801350106982
2000-02-04,3.543977838345328
2000-02-05,3.5423386873350817
2000-02-06,3.503480597749039
2000-02-07,3.5767133615244235
2000-02-08,3.8612165013147424
2000-02-09,4.013871343149514
2000-02-10,4.219104704385016
2000-02-11,4.1616100311351145
2000-02-12,4.172802308093294
2000-02-13,4.1922212160728165
2000-02-14,4.107654337263879
2000-02-15,4.293519921463579
2000-02-16,4.149803289863826
2000-02-17,4.122108175477817
2000-02-18,4.136970899520559
2000-02-19,4.196381372116188
2000-02-20,4.174700621881624
2000-02-21,4.06019500209913
2000-02-22,4.126619727095385
2000-02-23,4.105792941981543
2000-02-24,4.290074027099069
2000-02-25,4.256380122871572
2000-02-26,4.245984808369576
2000-02-27,4.258801198630131
2000-02-28,4.22987050173556
2000-02-29,4.092713247553431
2000-03-01,4.112084842580403
2000-03-02,4.4861981069773895
2000-03-03,4.310124980294841
2000-03-04,4.283994640320685
2000-03-05,4.267277186513682
2000-03-06,4.335745138482636
2000-03-07,4.353690861970964
2000-03-08,4.547293061564696
2000-03-09,4.5484215621326385
2000-03-10,4.598378528184269
2000-03-11,4.584509674565773
2000-03-12,4.54882689365396
2000-03-13,4.772969787726986
2000-03-14,4.774601089461968
2000-03-15,4.767204302776963
2000-03-16,5.141200469454892
2000-03-17,5.115618631834665
2000-03-18,5.108234462663549
2000-03-19,5.081499964302912
2000-03-20,5.178926339486123
2000-03-21,5.28168101504137
2000-03-22,5.037148068364069
2000-03-23,4.926728895096769
2000-03-24,5.02873716055381
2000-03-25,4.998329851937945
2000-03-26,4.9911887320852895
2000-03-27,5.0253923536284475
2000-03-28,4.869183434477786
2000-03-29,4.896204195221537
2000-03-30,5.0098731560235645
2000-03-31,5.000438215513968
2000-04-01,4.714904368871675
2000-04-02,5.063670054525941
2000-04-03,5.218176401140006
2000-04-04,5.428093903403486
2000-04-05,5.454361784915109
2000-04-06,5.382571643774872
2000-04-07,5.348697445318445
2000-04-08,5.267811852541662
2000-04-09,5.213418914205351
2000-04-10,5.142354270789934
2000-04-11,5.066447121606091
2000-04-12,5.174699000272761
2000-04-13,5.14305153800038
2000-04-14,5.127282908449402
2000-04-15,5.077082083500612
2000-04-16,5.084840027497414
2000-04-17,5.101247125425219
2000-04-18,5.304223313462751
2000-04-19,5.136324723106968
2000-04-20,4.935628329833061
2000-04-21,4.944615061022802
2000-04-22,4.941372171915464
2000-04-23,4.917067864903349
2000-04-24,5.0868845917508025
2000-04-25,4.752576536702881
2000-04-26,4.982001931658999
2000-04-27,4.824304841797553
2000-04-28,4.7934785492428205
2000-04-29,4.798199848163464
2000-04-30,4.827565076548576
2000-05-01,5.322031143977356
2000-05-02,5.7314645531091974
2000-05-03,5.771337998975335
2000-05-04,5.7008433550711715
2000-05-05,5.805432883723759
2000-05-06,5.774656832556753
2000-05-07,5.746021154562005
2000-05-08,5.636202856849499
2000-05-09,5.664757746704778
2000-05-10,6.228816403090124
2000-05-11,6.5026285579713825
2000-05-12,6.466070396449192
2000-05-13,6.510087786676317
2000-05-14,6.4735919632157986
2000-05-15,6.54917452198037
2000-05-16,6.251988893036046
2000-05-17,6.089004909848504
2000-05-18,6.381166958120931
2000-05-19,6.38442595924454
2000-05-20,6.320328425148734
2000-05-21,6.292675157444549
2000-05-22,6.220593937081961
2000-05-23,6.151592463786109
2000-05-24,6.157105462901244
2000-05-25,6.109530645284901
2000-05-26,6.1762712874946075
2000-05-27,6.201862900120845
2000-05-28,6.156700852602999
2000-05-29,6.062152871376374
2000-05-30,6.03035265587255
2000-05-31,5.893240380055178
2000-06-01,5.638800459674773
2000-06-02,5.929793441466752
2000-06-03,5.920383387333582
2000-06-04,5.954040331527821
2000-06-05,5.918447727595662
2000-06-06,5.519912891259086
2000-06-07,5.471422743660535
2000-06-08,5.165654483749893
2000-06-09,5.286501317415157
2000-06-10,5.337594845709607
2000-06-11,5.341740073827245
2000-06-12,5.2296385102573675
2000-06-13,5.211713329907795
2000-06-14,5.122685082747758
2000-06-15,5.22426795129779
2000-06-16,5.260326374380585
2000-06-17,5.235809654020357
2000-06-18,5.353567897003874
2000-06-19,5.347858949922134
2000-06-20,5.419631999321229
2000-06-21,5.445792259588444
2000-06-22,5.469701052226116
2000-06-23,5.466755232560018
2000-06-24,5.464802922584592
2000-06-25,5.483997164655176
2000-06-26,5.573585707512379
2000-06-27,5.616490202941707
2000-06-28,5.63313494159147
2000-06-29,5.504226545197122
2000-06-30,5.532162339801261
2000-07-01,5.339672457137725
2000-07-02,5.554947470184717
2000-07-03,5.550545668420281
2000-07-04,5.469599451402695
2000-07-05,5.490824684668999
2000-07-06,5.435227565941261
2000-07-07,5.440824520405131
2000-07-08,5.444399474834153
2000-07-09,5.43351538572991
2000-07-10,5.4364129354891695
2000-07-11,5.246907548654288
2000-07-12,5.264636811493286
2000-07-13,5.318556345935168
2000-07-14,5.409134552267567
2000-07-15,5.435085281864577
2000-07-16,5.452260126363447
2000-07-17,5.468029650004438
2000-07-18,5.476933273207278
2000-07-19,5.527925205638343
2000-07-20,5.349099530411792
2000-07-21,5.321781604235582
2000-07-22,5.291856036167303
2000-07-23,5.278385313106799
2000-07-24,5.429906105405566
2000-07-25,5.792179152562145
2000-07-26,5.734962540108063
2000-07-27,5.527703543356186
2000-07-28,5.3994363176036995
2000-07-29,5.402184929463749
2000-07-30,5.396577122715614
2000-07-31,5.249850417943145
2000-08-01,5.170328149152808
2000-08-02,5.216592637996086
2000-08-03,5.104765921316617
2000-08-04,5.164659705266484
2000-08-05,5.174869326150304
2000-08-06,5.145390351711771
2000-08-07,5.045147386070741
2000-08-08,4.962581999541458
2000-08-09,4.423050870973608
2000-08-10,4.40033955519144
2000-08-11,4.379982776753224
2000-08-12,4.370034322928296
2000-08-13,4.399558279783064
2000-08-14,4.194803330414634
2000-08-15,4.30337795660729
2000-08-16,4.4516583665613805
2000-08-17,4.589660334614609
2000-08-18,4.432328462784053
2000-08-19,4.447304294268169
2000-08-20,4.458427796105651
2000-08-21,4.479314269773108
2000-08-22,4.492149420953781
2000-08-23,4.44327966048619
2000-08-24,4.457723304456856
2000-08-25,4.459059260547146
2000-08-26,4.460992733648155
2000-08-27,4.4812110124854385
2000-08-28,4.493197575683322
2000-08-29,4.4586510408969575
2000-08-30,4.432607078054117
2000-08-31,4.563017733652049
2000-09-01,4.58351925175525
2000-09-02,4.602272961501515
2000-09-03,4.607080257381721
2000-09-04,4.583990623188171
2000-09-05,4.631376357627575
2000-09-06,4.852922729168885
2000-09-07,4.705701861226933
2000-09-08,4.779601930359454
2000-09-09,4.760203056611141
2000-09-10,4.815372700268794
2000-09-11,4.638145851644011
2000-09-12,4.667946625152935
2000-09-13,4.519524771014179
2000-09-14,4.443416362206983
2000-09-15,4.420409730338205
2000-09-16,4.425127992348382
2000-09-17,4.4164746690429375
2000-09-18,4.212905133765364
2000-09-19,4.044231282762889
2000-09-20,4.026352817300996
2000-09-21,3.8355890264686257
2000-09-22,3.8535212187527472
2000-09-23,3.8500319167214574
2000-09-24,3.804692901783052
2000-09-25,3.765936723497976
2000-09-26,3.580679250888519
2000-09-27,3.560364095547795
2000-09-28,3.5562074933079018
2000-09-29,3.599975779083823
2000-09-30,3.5814516355229795
2000-10-01,3.62669141063489
2000-10-02,3.710129905827921
2000-10-03,3.5999946347232648
2000-10-04,3.6727812169657703
2000-10-05,3.656215753912055
2000-10-06,3.640460928209106
2000-10-07,3.6239732058143455
2000-10-08,3.598342215647747
2000-10-09,3.4458064354364506
2000-10-10,3.4189849474706397
2000-10-11,3.374224883225762
2000-10-12,3.39551140199965
2000-10-13,3.4091177983545196
2000-10-14,3.3734683215348684
2000-10-15,3.3946043293519668
2000-10-16,3.411393702167385
2000-10-17,3.1838478646467205
2000-10-18,3.25791171933747
2000-10-19,3.1520475416836495
2000-10-20,3.1531825976434806
2000-10-21,3.153512069745061
2000-10-22,3.1057136501960247
2000-10-23,3.182674556919247
2000-10-24,3.214071178425251
2000-10-25,2.83708881353822
2000-10-26,2.926359313294191
2000-10-27,3.1266167685079695
2000-10-28,3.1416668693858343
2000-10-29,3.146711640919285
2000-10-30,3.11236486216037
2000-10-31,3.170439485690934
2000-11-01,3.2137868818442
2000-11-02,3.100516373452028
2000-11-03,3.0714096668999664
2000-11-04,3.049252661222057
2000-11-05,3.0486048791271343
2000-11-06,3.1475494078984365
2000-11-07,2.674432848826082
2000-11-08,2.8075839575042547
2000-11-09,2.727030628296049
2000-11-10,2.7354171625495876
2000-11-11,2.7202297590250364
2000-11-12,2.756835313237743
2000-11-13,2.778243438827523
2000-11-14,2.8566561193831275
2000-11-15,3.0914650154927203
2000-11-16,3.0979364268944627
2000-11-17,3.090141679879338
2000-11-18,2.853281417953542
2000-11-19,2.843157482082417
2000-11-20,3.00480913619879
2000-11-21,3.06169781642972
2000-11-22,3.0111965870240116
2000-11-23,3.0372821743962093
2000-11-24,3.003809646202496
2000-11-25,3.0241074522744182
2000-11-26,3.0288030623736115
2000-11-27,3.024149737669318
2000-11-28,3.01249054918587
2000-11-29,2.977531934963336
2000-11-30,2.9746306711613135
2000-12-01,2.9955023736302113
2000-12-02,2.9826147050749374
2000-12-03,3.001536602853784
2000-12-04,2.737527855343832
2000-12-05,2.445198328907653
2000-12-06,2.3610624589178624
2000-12-07,2.3608170364816177
2000-12-08,2.3546199958816487
2000-12-09,2.3484287799766874
2000-12-10,2.3325898895093915
2000-12-11,2.3224920870245325
2000-12-12,2.32650448633763
2000-12-13,2.295708766944221
2000-12-14,2.3840158461035124
2000-12-15,2.350586861300494
2000-12-16,2.3533864385096184
2000-12-17,2.3557940177345396
2000-12-18,2.3314534913310125
2000-12-19,2.362671310347693
2000-12-20,2.3845114047004765
2000-12-21,2.3574290963058058
2000-12-22,2.3410192282775726
2000-12-23,2.3441670213025083
2000-12-24,2.388506953660912
2000-12-25,2.1877730519860337
2000-12-26,2.344810559408696
2000-12-27,2.34333957144249
2000-12-28,2.375633595438027
2000-12-29,2.3448584991418677
2000-12-30,2.3181181401154527
2000-12-31,2.3337210772477164
2001-01-01,2.3474901598673283
2001-01-02,2.3539796549340157
2001-01-03,2.3494927244321993
2001-01-04,2.340259805252628
2001-01-05,2.3444649697719004
2001-01-06,2.3445817720020687
2001-01-07,2.3037206734169335
2001-01-08,2.2902040074737475
2001-01-09,2.3338484294987567
2001-01-10,2.111219256752296
2001-01-11,2.0855072510818795
2001-01-12,2.0539103553163214
2001-01-13,2.0622255521129933
2001-01-14,2.0539029498511745
2001-01-15,2.021561668169407
2001-01-16,2.0445080958958592
2001-01-17,2.7074093555242484
2001-01-18,2.4718308864975516
2001-01-19,2.5117842987644123
2001-01-20,2.46270121981131
2001-01-21,2.459207994622365
2001-01-22,2.117991636137529
2001-01-23,2.081944234391286
2001-01-24,2.1803504659014004
2001-01-25,1.9707181148065105
2001-01-26,1.9712857708292328
2001-01-27,1.9523533891484584
2001-01-28,1.9507729633657256
2001-01-29,2.026628898017167
2001-01-30,1.8356669622795592
2001-01-31,2.4392019756855357
2001-02-01,2.0929708156599593
2001-02-02,1.9722612713514545
2001-02-03,1.9507947259921137
2001-02-04,1.8849333168168876
2001-02-05,1.758593101378624
2001-02-06,1.4266321311523462
2001-02-07,1.4497892948798972
2001-02-08,1.2208964107911318
2001-02-09,1.246587797946181
2001-02-10,1.2714956865145228
2001-02-11,1.3658959906681511
2001-02-12,1.3697768520087434
2001-02-13,1.1552986593655303
2001-02-14,0.9633663866542928
2001-02-15,1.0047894544755969
2001-02-16,0.8716613983449943
2001-02-17,0.957173067239691
2001-02-18,0.7410394262722726
2001-02-19,0.4797219943555748
2001-02-20,0.4146844100164122
2001-02-21,0.1593845242589311
2001-02-22,0.1018003971706544
2001-02-23,-0.0146556689829724
2001-02-24,0.0127553152586479
2001-02-25,0.010311017179212
2001-02-26,-0.3883073395851872
2001-02-27,-0.3889663158130991
2001-02-28,-0.2460418533898618
2001-03-01,-0.1547947446462214
2001-03-02,-0.2785386248936792
2001-03-03,-0.2576567859819376
2001-03-04,-0.2974766397910224
2001-03-05,-0.2035676466456291
2001-03-06,-0.3123297330491272
2001-03-07,-0.1320193214569891
2001-03-08,0.0516770863633553
2001-03-09,0.0064877457133469
2001-03-10,0.0509610625787551
2001-03-11,0.0707128066088498
2001-03-12,0.0799612570169934
2001-03-13,-0.3162097034565874
2001-03-14,-0.009991754029397
2001-03-15,0.1445835051750257
2001-03-16,0.0752899924306911
2001-03-17,0.0407109992808805
2001-03-18,-0.1678500999379246
2001-03-19,-0.21464553081791
2001-03-20,-0.3207357305546354
2001-03-21,-0.3081581619144713
2001-03-22,-0.203154609878339
2001-03-23,-0.2362799385715024
2001-03-24,-0.2442966789389533
2001-03-25,-0.2339050326534049
2001-03-26,-0.2118459388379183
2001-03-27,-0.1691814271113667
2001-03-28,-0.1409877695114532
2001-03-29,-0.2038268438375023
2001-03-30,-0.1806009388413798
2001-03-31,-0.1905817592336287
2001-04-01,-0.0126666186385691
2001-04-02,-0.0605177041368079
2001-04-03,0.0243661219103721
2001-04-04,-0.0939224915203209
2001-04-05,-0.1252166875805742
2001-04-06,-0.1266329883209014
2001-04-07,-0.1249534682314914
2001-04-08,-0.0944522722749829
2001-04-09,-0.1366246741856658
2001-04-10,-0.1308678774370708
2001-04-11,-1.2450806386876905
2001-04-12,-1.520952507696987
2001-04-13,-1.450773331155318
2001-04-14,-1.3995833626936682
2001-04-15,-1.390413798377264
2001-04-16,-1.5157330230282184
2001-04-17,-1.908896604728488
2001-04-18,-2.200304864380795
2001-04-19,-2.388429918128722
2001-04-20,-2.3692746503910422
2001-04-21,-2.3557383267885146
2001-04-22,-2.3694945400076417
2001-04-23,-2.1617613834982627
2001-04-24,-1.8381015383873156
2001-04-25,-1.5484096666853713
2001-04-26,-2.037305846889213
2001-04-27,-2.175552500794693
2001-04-28,-2.2485379711076288
2001-04-29,-2.234472217452472
2001-04-30,-2.323971519799076
2001-05-01,-1.928336160024246
2001-05-02,-2.1600971579135004
2001-05-03,-2.0094521305371034
2001-05-04,-1.9980776650876784
2001-05-05,-1.960877526804551
2001-05-06,-1.9807553495854204
2001-05-07,-2.011394489317619
2001-05-08,-2.268984214975164
2001-05-09,-2.295146177242806
2001-05-10,-2.3769670419109
2001-05-11,-2.4089065845620814
2001-05-12,-2.410774597882424
2001-05-13,-2.3856941097703883
2001-05-14,-2.4153192035149833
2001-05-15,-2.313738334300725
2001-05-16,-2.383668168899833
2001-05-17,-2.194789621589518
2001-05-18,-2.63468115819083
2001-05-19,-2.6811991456369197
2001-05-20,-2.679753925214224
2001-05-21,-2.7600537092675874
2001-05-22,-2.72030786531391
2001-05-23,-2.771336936828433
2001-05-24,-2.762375278091318
2001-05-25,-2.7324109960655134
2001-05-26,-2.7077699978536898
2001-05-27,-2.671155451127024
2001-05-28,-2.709725417880098
2001-05-29,-2.8406460849753254
2001-05-30,-2.723046646045802
2001-05-31,-2.805699606823318
2001-06-01,-2.474109192375454
2001-06-02,-2.759032063166311
2001-06-03,-2.7585215633306213
2001-06-04,-2.789354892646945
2001-06-05,-3.0107804509141673
2001-06-06,-3.0925169816792413
2001-06-07,-3.3847447397105896
2001-06-08,-3.299116012123545
2001-06-09,-3.262361971033416
2001-06-10,-3.240205378205596
2001-06-11,-3.287617630927956
2001-06-12,-3.522847286547484
2001-06-13,-3.331443770065833
2001-06-14,-3.2660994327180184
2001-06-15,-3.185718595456793
2001-06-16,-3.1907063373093596
2001-06-17,-3.0614300421395315
2001-06-18,-3.357244962830368
2001-06-19,-3.1630689341207323
2001-06-20,-3.0607845033517997
2001-06-21,-3.013464887204907
2001-06-22,-2.9606724584082738
2001-06-23,-2.985391018494957
2001-06-24,-2.9544903206396116
2001-06-25,-2.967503094820359
2001-06-26,-3.336936523990962
2001-06-27,-3.3381259939390904
2001-06-28,-3.308775338862956
2001-06-29,-3.2058896269485784
2001-06-30,-3.1983449755896256
2001-07-01,-2.8309892274527355
2001-07-02,-3.1741038956941448
2001-07-03,-3.261685786029084
2001-07-04,-3.2764671377526167
2001-07-05,-3.250659691211292
2001-07-06,-3.1348617320441576
2001-07-07,-3.156674886934899
2001-07-08,-3.1535679276591604
2001-07-09,-3.10830704638473
2001-07-10,-3.1712404129449667
2001-07-11,-3.1450008245953596
2001-07-12,-2.89541587756227
2001-07-13,-2.8391963808306877
2001-07-14,-2.823372064041328
2001-07-15,-2.8525892435052067
2001-07-16,-2.599714966933655
2001-07-17,-2.2741667325995363
2001-07-18,-2.588418331805478
2001-07-19,-2.2610197704559334
2001-07-20,-2.204643952996149
2001-07-21,-2.21929760727898
2001-07-22,-2.217346479091323
2001-07-23,-1.91690555877884
2001-07-24,-1.589621093961232
2001-07-25,-1.47258373276892
2001-07-26,-0.85954472211094
2001-07-27,-0.6039934294366764
2001-07-28,-0.6223479684019053
2001-07-29,-0.6044574364774866
2001-07-30,-0.6094934600641926
2001-07-31,-0.5173721305789778
2001-08-01,-0.0491099200979276
2001-08-02,-0.2196680638679451
2001-08-03,-0.2333153476898033
2001-08-04,-0.2515084038611435
2001-08-05,-0.2231275587346037
2001-08-06,-0.2848370936036808
2001-08-07,-0.2289480990608643
2001-08-08,0.0522063241248988
2001-08-09,0.2976755236174728
2001-08-10,0.2967387011361233
2001-08-11,0.3185502235287849
2001-08-12,0.3606583827626335
2001-08-13,0.2291871456289307
2001-08-14,0.2571904450924362
2001-08-15,0.1490394488472435
2001-08-16,0.343660553938375
2001-08-17,0.3967121239935638
2001-08-18,0.151632483061944
2001-08-19,0.1744311712880746
2001-08-20,0.160452873842519
2001-08-21,0.1801067223595382
2001-08-22,0.0959978305257527
2001-08-23,0.1097750563993718
2001-08-24,0.0617188545720184
2001-08-25,0.0938235323634568
2001-08-26,0.1066001977051138
2001-08-27,0.1210940605110835
2001-08-28,0.119827990680259
2001-08-29,0.1224347562062848
2001-08-30,0.2498072107798195
2001-08-31,0.3343582251395922
2001-09-01,0.451134982642456
2001-09-02,0.4336175578996424
2001-09-03,0.3588010650783171
2001-09-04,0.0101232817462371
2001-09-05,0.0003564585703639
2001-09-06,0.2278430161102189
2001-09-07,0.1485457999672368
2001-09-08,0.1790234681770299
2001-09-09,0.2253141582424844
2001-09-10,0.160723945522458
2001-09-11,0.2447718814769968
2001-09-12,0.1394078634861046
2001-09-13,0.3805663401825181
2001-09-14,0.2970855831276795
2001-09-15,0.282990142331267
2001-09-16,0.261753663637656
2001-09-17,0.2195192390994615
2001-09-18,0.210212495513431
2001-09-19,0.1879657256242688
2001-09-20,0.2451112362194933
2001-09-21,0.1751469177868325
2001-09-22,0.1573224146884806
2001-09-23,0.1338985268291832
2001-09-24,0.1090530355095134
2001-09-25,-0.1820319651783228
2001-09-26,-0.2316227100142809
2001-09-27,-0.3293662683091214
2001-09-28,-0.3389829262173855
2001-09-29,-0.3045738901068637
2001-09-30,-0.2924894209599933
2001-10-01,-0.1449470001726021
2001-10-02,-0.1521607858082627
2001-10-03,-0.1210520439647213
2001-10-04,-0.2190227526343733
2001-10-05,-0.1851089835831048
2001-10-06,-0.151151585316529
2001-10-07,-0.139042257265606
2001-10-08,-0.1530987444327189
2001-10-09,-0.1050408082737837
2001-10-10,-0.0489829303665554
2001-10-11,-0.0981728542184279
2001-10-12,-0.1607488542065276
2001-10-13,-0.1360127040201075
2001-10-14,-0.1229125208294603
2001-10-15,-0.0804634214094246
2001-10-16,-0.2772575108999926
2001-10-17,0.7961080533600364
2001-10-18,0.6117641453226681
2001-10-19,0.6976456709811261
2001-10-20,0.6790635271582539
2001-10-21,0.6888173480706554
2001-10-22,0.6762162752728393
2001-10-23,0.4674082240274719
2001-10-24,0.5280145249324342
2001-10-25,0.47880490227788
2001-10-26,0.5097881277067962
2001-10-27,0.4900926723177725
2001-10-28,0.536855288066195
2001-10-29,0.5350436674190551
2001-10-30,0.5056134665103866
2001-10-31,0.4475217015251655
2001-11-01,0.6170454894604178
2001-11-02,0.5270934844569013
2001-11-03,0.5489880459575043
2001-11-04,0.5355920820169933
2001-11-05,0.6155361441066032
2001-11-06,0.8178223534701845
2001-11-07,0.7223515146105306
2001-11-08,0.6518497534918408
2001-11-09,0.6019423247959821
2001-11-10,0.5989262700828526
2001-11-11,0.6136781273568059
2001-11-12,0.5738045993722554
2001-11-13,0.474839946175897
2001-11-14,0.4614852318961278
2001-11-15,0.3918433096221063
2001-11-16,0.3726899101485523
2001-11-17,0.3352305123314933
2001-11-18,0.298895765226232
2001-11-19,0.3653829803379858
2001-11-20,0.2507351523786072
2001-11-21,0.3101481996258228
2001-11-22,0.2266134107280013
2001-11-23,0.1571030986006132
2001-11-24,0.1201992543901391
2001-11-25,0.1518027650443012
2001-11-26,0.2133964206878196
2001-11-27,0.3414680867231192
2001-11-28,0.3380282745553971
2001-11-29,0.3470220916194715
2001-11-30,0.3085731436769041
2001-12-01,0.4626285273534054
2001-12-02,0.3455012264689316
2001-12-03,0.278255677391845
2001-12-04,0.3629621669857723
2001-12-05,0.2738761128072373
2001-12-06,0.2274891007513177
2001-12-07,0.2338382440426989
2001-12-08,0.252581747299613
2001-12-09,0.2371262728120133
2001-12-10,0.081371205079916
2001-12-11,0.0442128147132283
2001-12-12,-0.0184090443103315
2001-12-13,0.1510602959162601
2001-12-14,0.1629820201275356
2001-12-15,0.1941737146438731
2001-12-16,0.1992042904526227
2001-12-17,0.2327128051452178
2001-12-18,0.0702232251848675
2001-12-19,0.0665818073605923
2001-12-20,0.1263182455061704
2001-12-21,0.043209228574927
2001-12-22,0.0525099251039926
2001-12-23,0.0525780664468431
2001-12-24,0.1451133727375935
2001-12-25,0.404647067757458
2001-12-26,0.447872474499978
2001-12-27,0.4099209162820394
2001-12-28,0.4075767451656542
2001-12-29,0.4190551977324155
2001-12-30,0.4031030551503258
2001-12-31,0.6865913809500328
2002-01-01,0.8154140558619776
2002-01-02,0.6791153390760194
2002-01-03,0.4837526083136259
2002-01-04,0.4970213534825261
2002-01-05,0.524826045850163
2002-01-06,0.4737818889194511
2002-01-07,0.380930438183733
2002-01-08,0.3826424788105842
2002-01-09,0.3530301822915214
2002-01-10,0.3373950714284772
2002-01-11,0.3881185144679655
2002-01-12,0.384137538411696
2002-01-13,0.3833289991693265
2002-01-14,0.3713112742470721
2002-01-15,0.5587464966837925
2002-01-16,0.6347480527142497
2002-01-17,0.8393011793982748
2002-01-18,0.827819010815062
2002-01-19,0.8187527932353253
2002-01-20,0.8188614466631503
2002-01-21,0.799822107917243
2002-01-22,0.8127542700729355
2002-01-23,1.282831480633681
2002-01-24,1.1243717249667289
2002-01-25,1.1351053967102047
2002-01-26,1.1299248049865662
2002-01-27,1.1526740929265005
2002-01-28,1.1858269231337863
2002-01-29,1.1798293194496288
2002-01-30,1.27190265191861
2002-01-31,1.2520062445705504
2002-02-01,1.4125464217739494
2002-02-02,1.3386889268908395
2002-02-03,1.330535689433291
2002-02-04,1.2219234030660515
2002-02-05,1.2176164454744518
2002-02-06,1.309068364399547
2002-02-07,1.3327825501198534
2002-02-08,1.3895205007311424
2002-02-09,1.446384228576552
2002-02-10,1.4653892628640894
2002-02-11,1.475389618402235
2002-02-12,1.7138753578334986
2002-02-13,1.611875678203603
2002-02-14,1.632076480163137
2002-02-15,1.6361393539816893
2002-02-16,1.6365613552556408
2002-02-17,1.7600273743480344
2002-02-18,1.7520642153882455
2002-02-19,1.7897471306519597
2002-02-20,1.6933889144186414
2002-02-21,1.7324581383730382
2002-02-22,1.748177084919189
2002-02-23,1.7415810465641912
2002-02-24,1.7455449918260415
2002-02-25,1.7332513152249245
2002-02-26,1.874928739088656
2002-02-27,1.800898296905712
2002-02-28,1.9380954747637915
2002-03-01,1.9411328701465491
2002-03-02,1.8893527602717388
2002-03-03,1.9239361737587308
2002-03-04,1.8578129006799131
2002-03-05,2.246866428162807
2002-03-06,2.295034095295247
2002-03-07,2.499209521815467
2002-03-08,2.4637646696300632
2002-03-09,2.4642527300429427
2002-03-10,2.466206598780935
2002-03-11,2.6317782425766767
2002-03-12,2.6575197636186116
2002-03-13,2.8358940296657456
2002-03-14,2.8838364020189227
2002-03-15,2.7155986147526905
2002-03-16,2.666597917883443
2002-03-17,2.6843573661167275
2002-03-18,2.702224809047092
2002-03-19,2.4429578383824015
2002-03-20,2.5505635748768394
2002-03-21,2.682743008664607
2002-03-22,2.683124665983025
2002-03-23,2.7064189386901925
2002-03-24,2.6735156557744735
2002-03-25,2.7294002886402016
2002-03-26,2.760212445541034
2002-03-27,2.7266169943595693
2002-03-28,2.9168225554109672
2002-03-29,2.910458588150926
2002-03-30,2.880438999641566
2002-03-31,2.9113432707220723
2002-04-01,3.042539077832819
2002-04-02,3.081726870897511
2002-04-03,3.0382974157455775
2002-04-04,2.9766822486409277
2002-04-05,2.9651446189458786
2002-04-06,2.9457858369011274
2002-04-07,2.975538465437653
2002-04-08,2.84619927310545
2002-04-09,2.830870953402409
2002-04-10,2.801125915979524
2002-04-11,2.738948818700288
2002-04-12,2.727681003217679
2002-04-13,2.750123278340352
2002-04-14,2.7248623027306884
2002-04-15,2.839344203663013
2002-04-16,2.9087488460712616
2002-04-17,2.4552327043267836
2002-04-18,3.4901834938963545
2002-04-19,3.665587029399207
2002-04-20,3.640030095742169
2002-04-21,3.632612571283839
2002-04-22,3.7716709660133105
2002-04-23,4.237481616194044
2002-04-24,4.296521018313738
2002-04-25,4.4978326744510735
2002-04-26,4.403934111122062
2002-04-27,4.40536269648508
2002-04-28,4.388432920413303
2002-04-29,4.323224343330904
2002-04-30,4.3568539702148
2002-05-01,4.490392502323784
2002-05-02,4.551881594456617
2002-05-03,4.445224941927661
2002-05-04,4.439975993478022
2002-05-05,4.446584884551603
2002-05-06,4.436740328869208
2002-05-07,4.367925117554161
2002-05-08,4.285006780108355
2002-05-09,4.281439130719005
2002-05-10,4.322482594180629
2002-05-11,4.321621287190634
2002-05-12,4.31204342475654
2002-05-13,4.1651094212049875
2002-05-14,4.566614164518703
2002-05-15,4.538490987752768
2002-05-16,4.556102771094869
2002-05-17,4.552907008652486
2002-05-18,4.832518223696846
2002-05-19,4.819487410172244
2002-05-20,4.836057202559557
2002-05-21,4.965526211713332
2002-05-22,4.894015290732372
2002-05-23,4.851326600161858
2002-05-24,4.86488658538639
2002-05-25,4.854765077872286
2002-05-26,4.8518800559637825
2002-05-27,4.858186229002052
2002-05-28,4.8329814179741435
2002-05-29,4.928689181052219
2002-05-30,4.983131683085226
2002-05-31,4.989024761325736
2002-06-01,4.909727576364876
2002-06-02,4.993304372403728
2002-06-03,4.935261073270814
2002-06-04,5.086912931751085
2002-06-05,5.4057617950047305
2002-06-06,5.706324418908954
2002-06-07,5.545446235752522
2002-06-08,5.542894084692962
2002-06-09,5.569362579010795
2002-06-10,5.697086065263058
2002-06-11,5.8208403042875645
2002-06-12,5.650058189323943
2002-06-13,5.926457523857611
2002-06-14,6.019361655615231
2002-06-15,5.970558541004552
2002-06-16,5.958331450718443
2002-06-17,5.961845675236049
2002-06-18,6.2520738677657635
2002-06-19,5.46463920979733
2002-06-20,5.441371469368126
2002-06-21,5.459864276447565
2002-06-22,5.501963084427988
2002-06-23,5.524569319112493
2002-06-24,5.590017200599967
2002-06-25,5.911983789414114
2002-06-26,5.862270256179942
2002-06-27,6.110556984880182
2002-06-28,6.058257307718904
2002-06-29,6.021248901179942
2002-06-30,5.98645466587394
2002-07-01,5.750831949474325
2002-07-02,6.073982600840303
2002-07-03,6.028910411664436
2002-07-04,6.006409236030547
2002-07-05,6.043196968519582
2002-07-06,6.030492622295332
2002-07-07,6.027438875802874
2002-07-08,5.979380752067404
2002-07-09,5.868175987327484
2002-07-10,5.9137320778321385
2002-07-11,5.847441518249505
2002-07-12,5.793916303349805
2002-07-13,5.793383554363046
2002-07-14,5.760062571143287
2002-07-15,6.025472503366212
2002-07-16,5.835468652907774
2002-07-17,5.860963143881259
2002-07-18,6.234636876070606
2002-07-19,6.492380276425286
2002-07-20,6.482568418706627
2002-07-21,6.4721602884662826
2002-07-22,6.416148381277614
2002-07-23,6.342993726534671
2002-07-24,6.383724217433773
2002-07-25,6.486156781351948
2002-07-26,6.450623990515497
2002-07-27,6.472847183854385
2002-07-28,6.43570625740983
2002-07-29,6.355175953769499
2002-07-30,6.398247710724069
2002-07-31,6.325946931165246
2002-08-01,5.938347880830614
2002-08-02,6.086445979017231
2002-08-03,6.05915666100606
2002-08-04,6.042768804669368
2002-08-05,6.095802862428848
2002-08-06,6.140856628863242
2002-08-07,6.199261748640952
2002-08-08,6.125025278128685
2002-08-09,6.102317156781694
2002-08-10,6.1104042768404305
2002-08-11,6.098500028431017
2002-08-12,6.016050012745682
2002-08-13,6.050854279020248
2002-08-14,6.069115206081166
2002-08-15,6.084660680673415
2002-08-16,6.0465687633546
2002-08-17,6.055810993220585
2002-08-18,5.908316836454839
2002-08-19,5.949365367495261
2002-08-20,5.9101501285615985
2002-08-21,5.761787970081926
2002-08-22,5.72847197310824
2002-08-23,5.7295098437632825
2002-08-24,5.727653509442652
2002-08-25,5.685177700765017
2002-08-26,5.696315716502635
2002-08-27,5.576635873512231
2002-08-28,5.543513282350155
2002-08-29,5.753930065535387
2002-08-30,5.685478068622866
2002-08-31,5.66559897448327
2002-09-01,5.546252043820939
2002-09-02,5.691215658244063
2002-09-03,6.196277523340289
2002-09-04,6.752157017041775
2002-09-05,6.938602601417111
2002-09-06,6.923027194371623
2002-09-07,6.805885184945062
2002-09-08,6.7838320218621995
2002-09-09,6.6591420938439665
2002-09-10,6.426158537858325
2002-09-11,6.249831465130896
2002-09-12,6.56931034641701
2002-09-13,6.667793838108215
2002-09-14,6.601150147054284
2002-09-15,6.6239679046290885
2002-09-16,6.583360900212012
2002-09-17,6.5515034796637135
2002-09-18,6.449154849459332
2002-09-19,6.336802087410703
2002-09-20,6.331020572667977
2002-09-21,6.325920535412928
2002-09-22,6.302210564658353
2002-09-23,6.335675405066992
2002-09-24,6.586632123680407
2002-09-25,6.405730512286277
2002-09-26,6.350726296387393
2002-09-27,6.380542049855549
2002-09-28,6.354379446123927
2002-09-29,6.302586955561882
2002-09-30,6.319238701124432
2002-10-01,6.274827402875097
2002-10-02,6.387947736372931
2002-10-03,6.424093537843253
2002-10-04,6.7947714015609595
2002-10-05,6.774395181280367
2002-10-06,6.754322067440622
2002-10-07,6.759803382847997
2002-10-08,6.5988535872883425
2002-10-09,6.525606629185707
2002-10-10,6.416892836692221
2002-10-11,6.299179997219707
2002-10-12,6.265804771091534
2002-10-13,6.28863975708188
2002-10-14,6.2447551305786675
2002-10-15,5.960960040698586
2002-10-16,5.891719970857174
2002-10-17,5.657011174916647
2002-10-18,5.495753949470124
2002-10-19,5.5232555317329854
2002-10-20,5.534835240646118
2002-10-21,5.542790446605127
2002-10-22,5.5999380843961095
2002-10-23,5.278747507237183
2002-10-24,4.938183747203048
2002-10-25,4.9766197470062234
2002-10-26,4.909174967288742
2002-10-27,4.9023526442692615
2002-10-28,4.8029783039773735
2002-10-29,4.649704683403687
2002-10-30,4.539399433252806
2002-10-31,4.238994475535102
2002-11-01,4.173648618446574
2002-11-02,4.251051970111655
2002-11-03,4.276485250776119
2002-11-04,4.289673100804977
2002-11-05,4.204696805263512
2002-11-06,4.072464217090344
2002-11-07,4.037286838488874
2002-11-08,4.029922563319495
2002-11-09,4.033221559372272
2002-11-10,3.970318286645288
2002-11-11,4.059710842747912
2002-11-12,4.065863264441914
2002-11-13,3.9073359152326583
2002-11-14,3.833844859146632
2002-11-15,3.838582849449079
2002-11-16,3.801866731939553
2002-11-17,3.849386835196188
2002-11-18,3.81558512749114
2002-11-19,3.763199446977323
2002-11-20,3.8030640333736585
2002-11-21,3.7981650425652855
2002-11-22,3.7404887618616223
2002-11-23,3.747684614965082
2002-11-24,3.677337325040165
2002-11-25,3.712900969313994
2002-11-26,3.648532740068276
2002-11-27,3.575857882239993
2002-11-28,3.3074404221442495
2002-11-29,3.3477886186562045
2002-11-30,3.3431420962508023
2002-12-01,3.44692400853957
2002-12-02,3.4333028786217414
2002-12-03,3.049695336197899
2002-12-04,3.2252373989011938
2002-12-05,2.8548393559824436
2002-12-06,2.883757572314576
2002-12-07,2.8904105529442257
2002-12-08,2.8170159353756725
2002-12-09,2.5483411947982653
2002-12-10,2.261740829448983
2002-12-11,2.3144943086551804
2002-12-12,1.913358403338509
2002-12-13,1.79996425086038
2002-12-14,1.869031914398759
2002-12-15,1.9678622025979575
2002-12-16,2.0218744979796046
2002-12-17,1.8002098109389268
2002-12-18,2.004644979802271
2002-12-19,2.0949936108273355
2002-12-20,2.2015738211121256
2002-12-21,2.1770700820652733
2002-12-22,2.1814408146421895
2002-12-23,2.1941482505562497
2002-12-24,2.253855375438694
2002-12-25,2.2581866165114723
2002-12-26,2.171913959635271
2002-12-27,2.1997079541009343
2002-12-28,2.2072524704943417
2002-12-29,2.2290397229747336
2002-12-30,2.246329201468142
2002-12-31,2.2700463201764176
2003-01-01,2.2730077072547448
2003-01-02,2.104528879799775
2003-01-03,2.147686704264051
2003-01-04,2.126200478456759
2003-01-05,2.118291858476163
2003-01-06,2.1565647521524687
2003-01-07,2.1678814549408374
2003-01-08,2.298435210787543
2003-01-09,2.3064810675113026
2003-01-10,2.3446911301518343
2003-01-11,2.315304058894951
2003-01-12,2.3407546642688595
2003-01-13,2.326725805677376
2003-01-14,2.379818162410378
2003-01-15,2.4307526486460564
2003-01-16,2.5572339239986057
2003-01-17,2.3377644357689733
2003-01-18,2.173410696442
2003-01-19,2.1994515850260856
2003-01-20,2.236761415620685
2003-01-21,2.184423628573551
2003-01-22,2.2719845698142147
2003-01-23,2.5014798805959613
2003-01-24,2.5215357097209776
2003-01-25,2.552647804640717
2003-01-26,2.5824647695946967
2003-01-27,2.5284267244565455
2003-01-28,2.742213521720338
2003-01-29,2.7240695312573764
2003-01-30,2.8945434339486726
2003-01-31,2.8820688994813755
2003-02-01,2.852459190240914
2003-02-02,2.855369456338475
2003-02-03,2.825304613047238
2003-02-04,2.8110221300552714
2003-02-05,2.767222691643971
2003-02-06,2.6822581026132624
2003-02-07,2.6897710452129227
2003-02-08,2.67725462441926
2003-02-09,2.6373645738855553
2003-02-10,2.594002581089255
2003-02-11,2.4313260214198995
2003-02-12,2.5460113376099223
2003-02-13,2.171305356106706
2003-02-14,2.193914710487011
2003-02-15,2.213940781683819
2003-02-16,2.214332448330545
2003-02-17,2.218620744935647
2003-02-18,2.525602147182321
2003-02-19,2.7661444513145548
2003-02-20,2.607400298829088
2003-02-21,2.5717077893483404
2003-02-22,2.569662878222206
2003-02-23,2.63931585012308
2003-02-24,2.6396430571479703
2003-02-25,2.560550430926464
2003-02-26,2.554593858917791
2003-02-27,2.7943570361596013
2003-02-28,2.7708061852920087
2003-03-01,2.7161684697514836
2003-03-02,2.653368346538018
2003-03-03,2.719577666024887
2003-03-04,2.969894335302119
2003-03-05,2.2230846398814426
2003-03-06,2.729423539743298
2003-03-07,2.5655786962681524
2003-03-08,2.547098217717405
2003-03-09,2.5547768981252528
2003-03-10,2.555166326216206
2003-03-11,2.683304253287749
2003-03-12,2.8008229942686085
2003-03-13,2.896069203236483
2003-03-14,2.7859341992292865
2003-03-15,2.7798131475238863
2003-03-16,2.7834412614216366
2003-03-17,2.6922520040969964
2003-03-18,2.61945165045782
2003-03-19,2.564655045942864
2003-03-20,2.524044832195324
2003-03-21,2.439136226964686
2003-03-22,2.449915291223932
2003-03-23,2.435998645950632
2003-03-24,2.4235280825082315
2003-03-25,2.5686576559998944
2003-03-26,2.5252392646745356
2003-03-27,2.5350616229201526
2003-03-28,2.613225678209751
2003-03-29,2.5539582928072035
2003-03-30,2.556244550080675
2003-03-31,2.579742255205188
2003-04-01,2.7658327507558766
2003-04-02,2.639420220358436
2003-04-03,2.649574988081616
2003-04-04,2.5861052717710127
2003-04-05,2.5976516404232304
2003-04-06,2.548813356083254
2003-04-07,2.597261510761214
2003-04-08,2.590477692844717
2003-04-09,2.6610002280937652
2003-04-10,2.5704206404353815
2003-04-11,2.823529563653777
2003-04-12,2.8446807480302643
2003-04-13,2.8538628786078566
2003-04-14,2.8751906222860435
2003-04-15,3.2424061874932995
2003-04-16,2.9348203844593304
2003-04-17,3.0819118617264127
2003-04-18,3.0245471371255936
2003-04-19,3.0628980475221144
2003-04-20,3.1031462694931595
2003-04-21,3.0734926479970723
2003-04-22,3.0325915316084613
2003-04-23,2.800568790282528
2003-04-24,2.764646112353053
2003-04-25,2.785544355071353
2003-04-26,2.7916483975570663
2003-04-27,2.7988559701749747
2003-04-28,2.657212743622714
2003-04-29,2.5925200036437057
2003-04-30,2.3976523028992296
2003-05-01,2.4808691791545354
2003-05-02,2.5038057624942613
2003-05-03,2.4727065804319563
2003-05-04,2.481786713693219
2003-05-05,2.493871058978222
2003-05-06,2.2986244314970516
2003-05-07,2.2799066744883034
2003-05-08,2.2109836297800527
2003-05-09,2.262721617058809
2003-05-10,2.2457642434059033
2003-05-11,2.222899699795513
2003-05-12,2.1953051897800147
2003-05-13,2.4487472749945827
2003-05-14,2.5594224869129354
2003-05-15,2.650543669625064
2003-05-16,2.6467869682046263
2003-05-17,2.6119096345731845
2003-05-18,2.4859389689692217
2003-05-19,2.5278302693179096
2003-05-20,2.5723126323670695
2003-05-21,2.615194503511784
2003-05-22,2.6309769544684203
2003-05-23,2.615417403675817
2003-05-24,2.5896546630032335
2003-05-25,2.589747478504502
2003-05-26,2.584387064581922
2003-05-27,2.596549756992114
2003-05-28,2.587358412358833
2003-05-29,2.538185416229437
2003-05-30,2.531369639344088
2003-05-31,2.5060927118984218
2003-06-01,2.4884666227131613
2003-06-02,2.612849603742966
2003-06-03,2.3514485713942532
2003-06-04,2.2380706928868497
2003-06-05,1.9442230186304092
2003-06-06,2.0621851272056
2003-06-07,2.100522736346418
2003-06-08,2.1208271426171827
2003-06-09,2.226113466803576
2003-06-10,2.1749598243293
2003-06-11,2.0701089233198
2003-06-12,2.2462701173537813
2003-06-13,2.2992400831339403
2003-06-14,2.3040382923781433
2003-06-15,2.305486094359844
2003-06-16,2.281031173304849
2003-06-17,2.390641450159974
2003-06-18,2.4257573355856312
2003-06-19,2.4035375584352994
2003-06-20,2.390489435191557
2003-06-21,2.423948581854966
2003-06-22,2.4189335998710115
2003-06-23,2.4904563967691096
2003-06-24,2.590626862094223
2003-06-25,2.5589639154538792
2003-06-26,2.605877988123063
2003-06-27,2.5551699076318592
2003-06-28,2.563495560247944
2003-06-29,2.574214318788746
2003-06-30,2.533421337469685
2003-07-01,2.4442417726816115
2003-07-02,2.5128982753156515
2003-07-03,2.4608428652616188
2003-07-04,2.4641199261218287
2003-07-05,2.477153388727666
2003-07-06,2.4759207278466575
2003-07-07,2.496252730751629
2003-07-08,2.4342465930028148
2003-07-09,2.3689108191805297
2003-07-10,2.3277195097190893
2003-07-11,2.308831155925827
2003-07-12,2.259036324029165
2003-07-13,2.2794084855110346
2003-07-14,2.261475461495846
2003-07-15,2.2410728857940376
2003-07-16,2.407595814767124
2003-07-17,2.7105966642924977
2003-07-18,2.791972469306885
2003-07-19,2.768865343885699
2003-07-20,2.764042548971848
2003-07-21,2.8421977422249354
2003-07-22,3.0225530448341615
2003-07-23,3.173854240866292
2003-07-24,3.02345914722198
2003-07-25,2.863452651725245
2003-07-26,2.8146444325636044
2003-07-27,2.796946690014148
2003-07-28,2.712086840314526
2003-07-29,2.961161144294427
2003-07-30,3.1729608250848655
2003-07-31,3.3088626104073926
2003-08-01,3.3556249652304326
2003-08-02,3.3708435520374724
2003-08-03,3.3631763610863787
2003-08-04,3.369113444679643
2003-08-05,3.459140647719709
2003-08-06,3.428162305187329
2003-08-07,3.436869461198666
2003-08-08,3.5366199811649417
2003-08-09,3.531784462255634
2003-08-10,3.5403419764772583
2003-08-11,3.5675584916900767
2003-08-12,3.6028281578871493
2003-08-13,3.677126798660854
2003-08-14,3.5231845198474243
2003-08-15,3.513077034591469
2003-08-16,3.535218566267289
2003-08-17,3.566322573205462
2003-08-18,3.652126356653127
2003-08-19,3.805252629368971
2003-08-20,3.91784253377342
2003-08-21,3.9020030865753457
2003-08-22,3.890565451310736
2003-08-23,3.904927575552666
2003-08-24,3.918332534747868
2003-08-25,3.96824294958774
2003-08-26,3.952647957796844
2003-08-27,3.978648090271771
2003-08-28,4.002958483629359
2003-08-29,4.001083538829745
2003-08-30,4.004095079565478
2003-08-31,4.038624869755361
2003-09-01,3.984416003355946
2003-09-02,3.89794295111426
2003-09-03,4.193233155097206
2003-09-04,3.693376375021706
2003-09-05,3.580481467193947
2003-09-06,3.5889439784440316
2003-09-07,3.6194930609098375
2003-09-08,3.595249795534242
2003-09-09,3.1653030944674447
2003-09-10,2.910581920590653
2003-09-11,2.8394622983778586
2003-09-12,2.911929520302409
2003-09-13,2.9790324599375353
2003-09-14,2.9769864976508247
2003-09-15,3.1108310085177493
2003-09-16,3.0756510248684004
2003-09-17,2.9872422437070467
2003-09-18,2.9729912090224992
2003-09-19,3.0365172297516687
2003-09-20,3.058349152249936
2003-09-21,3.0398947861154015
2003-09-22,3.043505151082809
2003-09-23,3.075897536502684
2003-09-24,3.058934967753467
2003-09-25,3.042326465013729
2003-09-26,3.0329883021722583
2003-09-27,3.0177854619872484
2003-09-28,3.001361653723742
2003-09-29,3.0009650846152036
2003-09-30,2.65221356819124
2003-10-01,2.786555263410449
2003-10-02,2.673033336144491
2003-10-03,2.701332707896587
2003-10-04,2.674457939346977
2003-10-05,2.6679934205990965
2003-10-06,2.7230189405016754
2003-10-07,2.7198492158185927
2003-10-08,2.7171339635527696
2003-10-09,2.751025935312927
2003-10-10,2.82778597969524
2003-10-11,2.823630937289365
2003-10-12,2.823337265082273
2003-10-13,2.8504994863179247
2003-10-14,3.0347534453052547
2003-10-15,2.985248034000811
2003-10-16,2.977760524994834
2003-10-17,2.992625029937745
2003-10-18,3.1566528915907712
2003-10-19,3.1274623330637787
2003-10-20,3.284474756133813
2003-10-21,3.468565462870978
2003-10-22,3.41634703286518
2003-10-23,3.495245723409752
2003-10-24,3.5430666725947217
2003-10-25,3.5682667964358017
2003-10-26,3.5901760984039854
2003-10-27,3.583328252254496
2003-10-28,3.4816075755174647
2003-10-29,3.5323110904399604
2003-10-30,3.453585047549014
2003-10-31,3.4136696732169067
2003-11-01,3.465597408318718
2003-11-02,3.384128897365107
2003-11-03,3.389088051633171
2003-11-04,3.3206934756544984
2003-11-05,3.4356392308642327
2003-11-06,3.386294600076316
2003-11-07,3.297507634819657
2003-11-08,3.265630788438312
2003-11-09,3.23677087532619
2003-11-10,3.262256005409646
2003-11-11,3.4441090284622646
2003-11-12,3.6758605889641647
2003-11-13,3.6610767719763553
2003-11-14,3.668219267925743
2003-11-15,3.675359466081246
2003-11-16,3.6869895137085016
2003-11-17,3.729781833780608
2003-11-18,3.853430038469667
2003-11-19,3.998967707447275
2003-11-20,4.006859955919767
2003-11-21,3.991286588686842
2003-11-22,3.981944941304333
2003-11-23,3.968028472371756
2003-11-24,4.025604076215873
2003-11-25,4.008145962375333
2003-11-26,4.043802729355641
2003-11-27,4.097244463088546
2003-11-28,4.355791738766577
2003-11-29,4.293914285666253
2003-11-30,4.280410735029015
2003-12-01,4.341136345181153
2003-12-02,4.619562049259413
2003-12-03,4.572947196251033
2003-12-04,4.70669853183419
2003-12-05,4.356532502451456
2003-12-06,4.2967403906865735
2003-12-07,4.258028215703318
2003-12-08,4.341390133556076
2003-12-09,4.349000148161177
2003-12-10,4.2502384081451225
2003-12-11,4.277864386783094
2003-12-12,4.191021751498603
2003-12-13,4.175347447523293
2003-12-14,4.135588281363913
2003-12-15,4.212848691102277
2003-12-16,4.127653201505942
2003-12-17,4.020994615263836
2003-12-18,4.455212009908472
2003-12-19,4.42087327693835
2003-12-20,4.413673360045877
2003-12-21,4.399818874155717
2003-12-22,4.368187467028679
2003-12-23,4.331311705620419
2003-12-24,4.212019922355691
2003-12-25,4.212448003667051
2003-12-26,4.189770379676956
2003-12-27,4.185329459132728
2003-12-28,4.194281729721592
2003-12-29,4.165958805006443
2003-12-30,4.234804153900167
2003-12-31,4.26864542242876
2004-01-01,4.253689607094441
2004-01-02,4.239427093455472
2004-01-03,4.21017933500714
2004-01-04,4.206390555520026
2004-01-05,4.192067602872685
2004-01-06,4.22084896326671
2004-01-07,4.265609634966726
2004-01-08,4.258460786334195
2004-01-09,4.204320180916466
2004-01-10,4.2165227460961425
2004-01-11,4.1686890981059355
2004-01-12,4.140685627913497
2004-01-13,4.197972886160752
2004-01-14,4.275742180308797
2004-01-15,4.3449647283834505
2004-01-16,4.37868534839002
2004-01-17,4.396926481350551
2004-01-18,4.373784108612648
2004-01-19,4.350750710984736
2004-01-20,4.308792850536859
2004-01-21,4.386828084310633
2004-01-22,3.887501126251066
2004-01-23,3.8338503380107776
2004-01-24,3.881765475927738
2004-01-25,3.879983024018233
2004-01-26,3.874188796265353
2004-01-27,3.8906928987084526
2004-01-28,4.014437967469977
2004-01-29,4.3648352721719155
2004-01-30,4.377520647552255
2004-01-31,4.336702500446411
2004-02-01,4.3632012308516295
2004-02-02,4.3254934146383555
2004-02-03,4.405489022490083
2004-02-04,4.456252971041306
2004-02-05,4.542216547144147
2004-02-06,4.529625401597137
2004-02-07,4.527998408186146
2004-02-08,4.547041364300869
2004-02-09,4.445369946823705
2004-02-10,4.470493657748298
2004-02-11,4.259392681508508
2004-02-12,4.252277108700173
2004-02-13,4.16550860257373
2004-02-14,4.141058137543307
2004-02-15,4.1444646572929145
2004-02-16,4.215987285941148
2004-02-17,4.225703771072309
2004-02-18,4.300465771378672
2004-02-19,4.150456414007447
2004-02-20,4.049358060105233
2004-02-21,4.021921003008494
2004-02-22,4.020574816451999
2004-02-23,3.916017837727691
2004-02-24,3.93407791669639
2004-02-25,3.920616688882333
2004-02-26,3.916938510376632
2004-02-27,4.064972291797332
2004-02-28,4.009074360857292
2004-02-29,3.984005455654441
2004-03-01,4.143637349092135
2004-03-02,4.384004669530592
2004-03-03,4.616158468338993
2004-03-04,4.824510493031335
2004-03-05,4.848755643494913
2004-03-06,4.812520820306739
2004-03-07,4.744535247294062
2004-03-08,4.790421489920416
2004-03-09,5.000695933336596
2004-03-10,5.106651547410463
2004-03-11,5.444070535224359
2004-03-12,5.351898361223851
2004-03-13,5.250736244845417
2004-03-14,5.208756883956514
2004-03-15,5.192569381931414
2004-03-16,5.2685583786141486
2004-03-17,5.194723265446639
2004-03-18,5.703236856826962
2004-03-19,5.605329858019923
2004-03-20,5.56452297468271
2004-03-21,5.568139093518007
2004-03-22,5.592486259984323
2004-03-23,5.6060623064131825
2004-03-24,5.542897223691778
2004-03-25,5.552398387156083
2004-03-26,5.53521896201954
2004-03-27,5.507995901558786
2004-03-28,5.520015728257979
2004-03-29,5.517692227368482
2004-03-30,5.516518941761799
2004-03-31,5.579956418317501
2004-04-01,5.472247749896221
2004-04-02,5.502450514851349
2004-04-03,5.499348526022043
2004-04-04,5.562486758820592
2004-04-05,5.4995115908882095
2004-04-06,5.517682347721912
2004-04-07,5.47140083809666
2004-04-08,5.952982322682976
2004-04-09,5.92176675338311
2004-04-10,5.922175841865052
2004-04-11,5.927041443433399
2004-04-12,5.90441914949172
2004-04-13,5.85189835088418
2004-04-14,5.807992140086986
2004-04-15,5.665009708439285
2004-04-16,5.644564211433069
2004-04-17,5.62233659576648
2004-04-18,5.5161360789182305
2004-04-19,5.462714977210158
2004-04-20,5.324893342948763
2004-04-21,5.654995045246792
2004-04-22,5.651825577956672
2004-04-23,5.60752197172366
2004-04-24,5.590613319085856
2004-04-25,5.5788074446524085
2004-04-26,5.667593550912182
2004-04-27,5.568117447180965
2004-04-28,5.630245953188406
2004-04-29,5.563265935546539
2004-04-30,5.553569292440344
2004-05-01,5.442908826160931
2004-05-02,5.507248886209622
2004-05-03,5.51519257031083
2004-05-04,5.525980272285539
2004-05-05,5.509214313486453
2004-05-06,5.515884159344751
2004-05-07,5.39225913819932
2004-05-08,5.413844783721436
2004-05-09,5.427792844960003
2004-05-10,5.228416245687838
2004-05-11,5.0835636484314435
2004-05-12,5.115421688866536
2004-05-13,5.1917801373804275
2004-05-14,5.2047698616563824
2004-05-15,5.204403435924028
2004-05-16,5.204683562662911
2004-05-17,5.243300557198286
2004-05-18,5.400904342824134
2004-05-19,5.527179566958914
2004-05-20,5.415755318452106
2004-05-21,5.455273882135355
2004-05-22,5.429415636653686
2004-05-23,5.41696122539674
2004-05-24,5.430701606961147
2004-05-25,5.424235054872849
2004-05-26,5.414060815329718
2004-05-27,5.408226873268165
2004-05-28,5.418074266771529
2004-05-29,5.4305898960482475
2004-05-30,5.432532552822304
2004-05-31,5.474340592388198
2004-06-01,5.328272260148145
2004-06-02,5.355799708208405
2004-06-03,5.254531329127217
2004-06-04,5.475198077262014
2004-06-05,5.448459988988414
2004-06-06,5.417599032801873
2004-06-07,5.498665829638577
2004-06-08,5.553948919377866
2004-06-09,5.482424983807054
2004-06-10,4.980798018829997
2004-06-11,5.010415027895319
2004-06-12,5.028112356283007
2004-06-13,4.997354538975598
2004-06-14,5.088732354067234
2004-06-15,4.8468265515647175
2004-06-16,4.750087027899496
2004-06-17,4.730264422541247
2004-06-18,4.923562021962476
2004-06-19,4.94535788713795
2004-06-20,4.965760649875255
2004-06-21,5.01326729943288
2004-06-22,5.049521379815782
2004-06-23,5.13629680723999
2004-06-24,5.2856506638965195
2004-06-25,5.298367263726947
2004-06-26,5.289272842033055
2004-06-27,5.266078632462702
2004-06-28,5.294704599628039
2004-06-29,5.517463762398608
2004-06-30,5.486619408259207
2004-07-01,5.796738774901701
2004-07-02,5.830500907546286
2004-07-03,5.792775022391979
2004-07-04,5.78057511328679
2004-07-05,5.738595287664605
2004-07-06,5.785331632404651
2004-07-07,5.590723278926561
2004-07-08,5.748033311730199
2004-07-09,5.743531835348355
2004-07-10,5.748127955754741
2004-07-11,5.706273951566171
2004-07-12,5.806773698196734
2004-07-13,5.930753882055246
2004-07-14,5.917507070660946
2004-07-15,6.009452421071693
2004-07-16,6.000004490106403
2004-07-17,5.979969847929654
2004-07-18,5.735991363945297
2004-07-19,5.716864182386908
2004-07-20,5.686399026204176
2004-07-21,5.803758207106364
2004-07-22,5.968172775276292
2004-07-23,6.008131455878139
2004-07-24,6.004301168379856
2004-07-25,6.019058034306173
2004-07-26,6.048301246179585
2004-07-27,6.198054365761015
2004-07-28,6.458192827376438
2004-07-29,6.402175017704026
2004-07-30,6.404605163863403
2004-07-31,6.437708757782652
2004-08-01,6.293598415684976
2004-08-02,6.368880947816113
2004-08-03,6.256908484597767
2004-08-04,6.169367752674203
2004-08-05,6.189763810530636
2004-08-06,6.22630323167249
2004-08-07,6.225849237047363
2004-08-08,6.1967433663524805
2004-08-09,6.158514176363107
2004-08-10,6.123447331341574
2004-08-11,6.2024889370400755
2004-08-12,6.179170536675613
2004-08-13,6.146683898274574
2004-08-14,6.146934990619766
2004-08-15,6.126800268140231
2004-08-16,6.256699172084733
2004-08-17,6.366049316061541
2004-08-18,6.566865350610706
2004-08-19,6.560660070678107
2004-08-20,6.569845958742864
2004-08-21,6.540629833679258
2004-08-22,6.5217629822908645
2004-08-23,6.5813789200582224
2004-08-24,6.524200966508998
2004-08-25,6.523748925031061
2004-08-26,6.541309681127984
2004-08-27,6.341455704699091
2004-08-28,6.352564983153874
2004-08-29,6.359135598407606
2004-08-30,6.406257398843888
2004-08-31,6.166312891963763
2004-09-01,6.506969855980302
2004-09-02,6.48767323186906
2004-09-03,6.515816916317506
2004-09-04,6.51598014268746
2004-09-05,6.491225892797418
2004-09-06,6.521266995409699
2004-09-07,6.3892253306941456
2004-09-08,6.743428218804549
2004-09-09,6.823546204446763
2004-09-10,6.79601084931076
2004-09-11,6.785054393776612
2004-09-12,6.79515336082644
2004-09-13,7.027474124954358
2004-09-14,6.853654201909669
2004-09-15,6.9225939051303005
2004-09-16,6.788192615442221
2004-09-17,6.735488167238393
2004-09-18,6.682677152557095
2004-09-19,6.669063517318532
2004-09-20,6.589799633220091
2004-09-21,6.516808306110569
2004-09-22,6.559259291308053
2004-09-23,6.516449380833013
2004-09-24,6.344227994731944
2004-09-25,6.353353565996763
2004-09-26,6.3563582197782384
2004-09-27,6.34450329457974
2004-09-28,6.245408113809874
2004-09-29,6.1846393434734175
2004-09-30,6.156967868324923
2004-10-01,6.006406382566722
2004-10-02,6.161938844579398
2004-10-03,6.147042380813119
2004-10-04,6.170830886209854
2004-10-05,6.136321896314088
2004-10-06,6.148851730734217
2004-10-07,6.1333308502654384
2004-10-08,6.144374906048851
2004-10-09,6.150788670375674
2004-10-10,6.154598418960295
2004-10-11,6.168625804738442
2004-10-12,6.156885069614057
2004-10-13,6.127337211558064
2004-10-14,6.021543205532024
2004-10-15,6.056136497481344
2004-10-16,6.076894415742325
2004-10-17,6.085701086214632
2004-10-18,6.1257446823065775
2004-10-19,6.083167365844906
2004-10-20,6.172233331644261
2004-10-21,6.27845641948661
2004-10-22,6.236219325161507
2004-10-23,6.225068401801007
2004-10-24,6.245411544662076
2004-10-25,6.2684956265745075
2004-10-26,6.147723299618546
2004-10-27,6.0700656771259744
2004-10-28,5.92828183235256
2004-10-29,5.884172559361294
2004-10-30,5.904902359227227
2004-10-31,5.930097019805814
2004-11-01,5.677560198762929
2004-11-02,5.751833032739037
2004-11-03,5.5874510613937804
2004-11-04,5.432132454283931
2004-11-05,5.495812330734061
2004-11-06,5.47804394017254
2004-11-07,5.479400018467018
2004-11-08,5.4588380105930066
2004-11-09,5.484490809631335
2004-11-10,5.619746646659987
2004-11-11,5.5600530600427875
2004-11-12,5.526339883211774
2004-11-13,5.485697363776229
2004-11-14,5.481181453856572
2004-11-15,5.5393935942718295
2004-11-16,5.520982434798983
2004-11-17,5.685594203528798
2004-11-18,5.8656621312790485
2004-11-19,5.8565181628537255
2004-11-20,5.823259028114237
2004-11-21,5.8393166538714
2004-11-22,5.834047783188728
2004-11-23,5.856410056029179
2004-11-24,5.922546271832428
2004-11-25,5.909575566598713
2004-11-26,5.875111837608111
2004-11-27,5.870002327655206
2004-11-28,5.874919659291034
2004-11-29,5.88847718110851
2004-11-30,5.779290764248962
2004-12-01,5.535931459385848
2004-12-02,5.214421448661215
2004-12-03,5.261751989906143
2004-12-04,5.278065273754482
2004-12-05,5.299351483902341
2004-12-06,5.247725328318841
2004-12-07,4.990434320610084
2004-12-08,4.796044505976399
2004-12-09,4.800782873057729
2004-12-10,5.130435417720035
2004-12-11,5.110178173725222
2004-12-12,5.134444498825822
2004-12-13,5.147836764552892
2004-12-14,5.045917457728994
2004-12-15,4.9840681196921635
2004-12-16,4.782314054653664
2004-12-17,4.680873104873088
2004-12-18,4.7676766811789815
2004-12-19,4.768707439710498
2004-12-20,4.830609046180681
2004-12-21,4.77434758192971
2004-12-22,4.891848030255035
2004-12-23,4.896177799572749
2004-12-24,4.868816432565947
2004-12-25,4.883179336596193
2004-12-26,4.859666262508002
2004-12-27,4.878593809503501
2004-12-28,4.8225606074274765
2004-12-29,4.692297413944658
2004-12-30,4.75261951749726
2004-12-31,4.7417201452270845
2005-01-01,4.630791854435998
2005-01-02,4.749532536551169
2005-01-03,4.7677466574510925
2005-01-04,4.678936295420371
2005-01-05,4.727596266865176
2005-01-06,4.761674508493902
2005-01-07,4.754041770950739
2005-01-08,4.737501283597034
2005-01-09,4.753388550860542
2005-01-10,4.762772516565271
2005-01-11,4.869241748837242
2005-01-12,4.870572021683071
2005-01-13,4.925718471541435
2005-01-14,4.955500077901296
2005-01-15,4.958612969619153
2005-01-16,4.957989524719379
2005-01-17,4.95685616932338
2005-01-18,5.270171472462686
2005-01-19,5.444076751449938
2005-01-20,5.4684394488655155
2005-01-21,4.847335166383774
2005-01-22,4.850850091614426
2005-01-23,4.846395595822659
2005-01-24,4.863255041879027
2005-01-25,4.758331841266861
2005-01-26,4.509595545173754
2005-01-27,3.9185120010261825
2005-01-28,4.039670826910475
2005-01-29,4.030502969948728
2005-01-30,4.010405479692976
2005-01-31,4.183489488915672
2005-02-01,4.089433323131919
2005-02-02,4.0039632532765665
2005-02-03,3.854190208983827
2005-02-04,3.810638728008991
2005-02-05,3.8097286559443786
2005-02-06,3.827348645048672
2005-02-07,3.816831346453177
2005-02-08,3.5110817309798854
2005-02-09,3.579479092975128
2005-02-10,3.721296178953032
2005-02-11,3.753844373453497
2005-02-12,3.761336433277407
2005-02-13,3.7519474916093
2005-02-14,3.7978293776485135
2005-02-15,3.849403444611143
2005-02-16,3.9278474477125704
2005-02-17,3.896213510412234
2005-02-18,3.991802559859663
2005-02-19,4.0112892919292165
2005-02-20,4.0220406341581505
2005-02-21,4.03755363548219
2005-02-22,3.906069141548171
2005-02-23,3.908049494767244
2005-02-24,3.8265490942954847
2005-02-25,3.8007404579585393
2005-02-26,3.8165068006226126
2005-02-27,3.8265587405984025
2005-02-28,3.773631888712238
2005-03-01,3.551031649142535
2005-03-02,3.7348685298724096
2005-03-03,3.727799596591017
2005-03-04,3.723118924242079
2005-03-05,3.754598584010608
2005-03-06,3.7657793130575303
2005-03-07,3.756235900864257
2005-03-08,3.666671125129009
2005-03-09,3.704929493423436
2005-03-10,3.599728528026813
2005-03-11,3.59470525613614
2005-03-12,3.605963332530205
2005-03-13,3.594859764118773
2005-03-14,3.6301991657893145
2005-03-15,3.698514324428857
2005-03-16,3.589031138052039
2005-03-17,3.529188050774029
2005-03-18,3.700344012104022
2005-03-19,3.730973816885834
2005-03-20,3.730067657241849
2005-03-21,3.715979828124023
2005-03-22,3.563172769048102
2005-03-23,3.5453544367234464
2005-03-24,3.541514189509062
2005-03-25,3.5745057600411703
2005-03-26,3.5831221084253553
2005-03-27,3.5649002086384822
2005-03-28,3.5872758012115353
2005-03-29,3.595855087121377
2005-03-30,3.5305633027964314
2005-03-31,3.6006867940629457
2005-04-01,3.5184692233108312
2005-04-02,3.616332219403733
2005-04-03,3.605397598382957
2005-04-04,3.583725679365916
2005-04-05,3.560940233940552
2005-04-06,3.562394462412375
2005-04-07,3.5978195797182018
2005-04-08,3.5780223559438777
2005-04-09,3.562029381920641
2005-04-10,3.536183845593752
2005-04-11,3.5406198804485527
2005-04-12,3.526777746026215
2005-04-13,3.5171426774009493
2005-04-14,3.4283695509325396
2005-04-15,4.0066758287773725
2005-04-16,4.003761074259545
2005-04-17,3.9941300617436752
2005-04-18,3.913766835961367
2005-04-19,3.544876091825042
2005-04-20,3.60631130630526
2005-04-21,3.764991177223213
2005-04-22,3.6966040262875905
2005-04-23,3.702748571390625
2005-04-24,3.6996953737349183
2005-04-25,3.741112897327972
2005-04-26,4.816155018598298
2005-04-27,4.787934299195081
2005-04-28,5.13331322024054
2005-04-29,5.125415137933064
2005-04-30,5.119146877382513
2005-05-01,5.111963543573147
2005-05-02,5.227278006743843
2005-05-03,5.1410461821648425
2005-05-04,5.202169382587231
2005-05-05,5.259404856202803
2005-05-06,5.271263442458323
2005-05-07,5.259731911118658
2005-05-08,5.229687148695829
2005-05-09,5.174800662781778
2005-05-10,5.210009337876141
2005-05-11,5.068861790869358
2005-05-12,5.260321265580057
2005-05-13,5.251044397199802
2005-05-14,5.233060370929813
2005-05-15,5.226865517571541
2005-05-16,5.145496613700177
2005-05-17,5.113716183019182
2005-05-18,5.271400801184447
2005-05-19,5.210776044208854
2005-05-20,5.215946520727852
2005-05-21,5.207201281306196
2005-05-22,5.204824388437894
2005-05-23,5.269451389087078
2005-05-24,5.286024272770025
2005-05-25,5.305818197663436
2005-05-26,5.312583841106824
2005-05-27,5.326902493406601
2005-05-28,5.3127952947631325
2005-05-29,5.33994874902389
2005-05-30,5.292447274171032
2005-05-31,5.223522637906463
2005-06-01,4.8780687013029755
2005-06-02,4.886827534595861
2005-06-03,4.91125638215802
2005-06-04,4.899133473063667
2005-06-05,4.909702770693189
2005-06-06,4.894720394369531
2005-06-07,4.68943601320194
2005-06-08,4.640360294155236
2005-06-09,4.821979162469685
2005-06-10,4.8909865237138295
2005-06-11,4.898152774572022
2005-06-12,4.87715177596656
2005-06-13,4.9927949076684985
2005-06-14,5.004440547505046
2005-06-15,4.88365988718763
2005-06-16,4.235940714565038
2005-06-17,4.239309051515616
2005-06-18,4.289217026869794
2005-06-19,4.3079146006375995
2005-06-20,4.377779936739406
2005-06-21,4.2952503696010815
2005-06-22,4.387722514047066
2005-06-23,4.416128830551726
2005-06-24,4.419174654130058
2005-06-25,4.428401057296489
2005-06-26,4.434952050733831
2005-06-27,4.471914225432599
2005-06-28,4.480817986858714
2005-06-29,4.51173414585802
2005-06-30,4.521474666732165
2005-07-01,4.673207360216437
2005-07-02,4.723550198272741
2005-07-03,4.729396639014549
2005-07-04,4.749380071806231
2005-07-05,4.6889488822414975
2005-07-06,4.662948920073193
2005-07-07,4.7240938930160805
2005-07-08,4.845842972894471
2005-07-09,4.835769564442142
2005-07-10,4.82939719890393
2005-07-11,4.833467173936528
2005-07-12,4.899858792583311
2005-07-13,4.91640775771166
2005-07-14,4.862030005854214
2005-07-15,4.918895626655889
2005-07-16,4.915571762867069
2005-07-17,4.906035572302539
2005-07-18,4.926697643826694
2005-07-19,4.965824721370964
2005-07-20,4.889889828183529
2005-07-21,4.9329228570742725
2005-07-22,4.701564062718791
2005-07-23,4.7159230097754214
2005-07-24,4.731441306809913
2005-07-25,4.758976597629166
2005-07-26,4.500486668048467
2005-07-27,4.544897487402003
2005-07-28,4.254164592691275
2005-07-29,4.8595400551046115
2005-07-30,4.80614577024674
2005-07-31,4.796395930885395
2005-08-01,4.561212921328632
2005-08-02,4.6843981329081466
2005-08-03,4.764054810666735
2005-08-04,4.7609931984733915
2005-08-05,4.690447945605765
2005-08-06,4.686029387529567
2005-08-07,4.71103866184568
2005-08-08,4.719421238569577
2005-08-09,4.889207469004141
2005-08-10,4.793855870244637
2005-08-11,4.800429491866387
2005-08-12,4.806494859090169
2005-08-13,4.82341044763341
2005-08-14,4.832654258271843
2005-08-15,4.804174727165027
2005-08-16,4.678077729345599
2005-08-17,4.423515207183734
2005-08-18,4.369948485759365
2005-08-19,4.367453003070318
2005-08-20,4.384643649406128
2005-08-21,4.361637524014386
2005-08-22,4.2777147087247185
2005-08-23,4.328044248138374
2005-08-24,4.275253625007087
2005-08-25,3.945285862172196
2005-08-26,3.937984449366703
2005-08-27,3.963694459402407
2005-08-28,3.983366975171163
2005-08-29,3.9482655954894
2005-08-30,4.055917910107011
2005-08-31,4.084254362653947
2005-09-01,4.147112691027113
2005-09-02,4.228332752890428
2005-09-03,4.2475532495750885
2005-09-04,4.237974068892866
2005-09-05,4.274811727394672
2005-09-06,4.2327802940467825
2005-09-07,3.9831813263237024
2005-09-08,3.976894659925727
2005-09-09,3.95432213175622
2005-09-10,3.978102563859222
2005-09-11,4.003205338121843
2005-09-12,3.910302721842093
2005-09-13,3.994725876433896
2005-09-14,3.885802388457986
2005-09-15,3.741159542528207
2005-09-16,3.69636352987944
2005-09-17,3.729752779064982
2005-09-18,3.7873230251032513
2005-09-19,3.799467232752211
2005-09-20,3.760836914821744
2005-09-21,3.757821940572161
2005-09-22,3.6954294755829737
2005-09-23,3.7599492830535146
2005-09-24,3.758968578320582
2005-09-25,3.7650403920248383
2005-09-26,3.949246201193635
2005-09-27,4.008939053192254
2005-09-28,4.01314573023652
2005-09-29,3.980173231599409
2005-09-30,3.956048554480924
2005-10-01,3.8822716106113906
2005-10-02,3.900965534948958
2005-10-03,3.9059435292414975
2005-10-04,3.6789306408690416
2005-10-05,3.6956481592891297
2005-10-06,3.657049921890664
2005-10-07,3.688135788567597
2005-10-08,3.6955538156735743
2005-10-09,3.676284116870681
2005-10-10,3.664877825899264
2005-10-11,3.65908540668124
2005-10-12,3.6357896520036057
2005-10-13,3.6129460209141486
2005-10-14,3.7187240521341858
2005-10-15,3.72176593135312
2005-10-16,3.719081360281949
2005-10-17,3.5860428322289395
2005-10-18,3.1246312413665476
2005-10-19,3.19145686008494
2005-10-20,3.251532935179463
2005-10-21,3.2211876513936364
2005-10-22,3.1687447236792328
2005-10-23,3.1663935481109196
2005-10-24,3.2089515350440583
2005-10-25,3.180213684848688
2005-10-26,2.9094389047080975
2005-10-27,2.2888451582182765
2005-10-28,2.2501968282582294
2005-10-29,2.265318704108407
2005-10-30,2.269219809833813
2005-10-31,2.177321625704137
2005-11-01,2.1055078334812816
2005-11-02,2.102155416008654
2005-11-03,2.076366513454611
2005-11-04,1.9298703012275753
2005-11-05,1.9447535454529103
2005-11-06,1.949294290943053
2005-11-07,1.8551002820223224
2005-11-08,1.834000589586847
2005-11-09,1.756421126610392
2005-11-10,1.8887486910601112
2005-11-11,1.9225660874945056
2005-11-12,1.9266576996417475
2005-11-13,1.913306126439108
2005-11-14,1.982185234104029
2005-11-15,1.9895990248920945
2005-11-16,2.0109969831336056
2005-11-17,1.929016247295944
2005-11-18,2.162244523234341
2005-11-19,2.1586882378133625
2005-11-20,2.142654002615763
2005-11-21,2.148554196982184
2005-11-22,2.1669534257809326
2005-11-23,2.199111172151219
2005-11-24,2.239912202665857
2005-11-25,2.2337715911460165
2005-11-26,2.2428409938941134
2005-11-27,2.265624086724856
2005-11-28,2.211886356850575
2005-11-29,2.224350662614033
2005-11-30,2.24555615825448
2005-12-01,2.17467230017473
2005-12-02,2.156854961931065
2005-12-03,2.1471731843178437
2005-12-04,2.1346947963043257
2005-12-05,2.1221436891789134
2005-12-06,2.060212428274789
2005-12-07,1.8083723719956797
2005-12-08,1.6165680243631466
2005-12-09,1.5742734142010295
2005-12-10,1.581668617850981
2005-12-11,1.574793888949782
2005-12-12,1.4870121957694358
2005-12-13,1.3087728627945732
2005-12-14,1.013340051937291
2005-12-15,0.8684614257622381
2005-12-16,0.8363370882455383
2005-12-17,0.8921197818064683
2005-12-18,1.0714259702914293
2005-12-19,1.1208732883883266
2005-12-20,1.2163112747031348
2005-12-21,1.2681456295539013
2005-12-22,1.2112732195135305
2005-12-23,1.2239810241360491
2005-12-24,1.2101875228262446
2005-12-25,1.213489506687992
2005-12-26,1.184951525358055
2005-12-27,1.20854119564188
2005-12-28,1.2323666595500666
2005-12-29,1.1899587585302749
2005-12-30,1.1969685423614465
2005-12-31,1.2093391271042078
2006-01-01,1.2125785657281942
2006-01-02,1.1650907200442675
2006-01-03,1.10442297544603
2006-01-04,1.0837257468758497
2006-01-05,1.0759965211600788
2006-01-06,1.0615978411574931
2006-01-07,1.0650708084020442
2006-01-08,1.088890335426001
2006-01-09,1.0972542236742833
2006-01-10,1.141452404300832
2006-01-11,1.1397430477354684
2006-01-12,1.148777258022192
2006-01-13,1.1541455139899155
2006-01-14,1.1445364893221086
2006-01-15,1.1339674080742514
2006-01-16,1.114578711016201
2006-01-17,1.2801878328047327
2006-01-18,1.2885620354176763
2006-01-19,1.381594201351379
2006-01-20,1.3060944731177182
2006-01-21,1.3127822756766503
2006-01-22,1.3231775254185163
2006-01-23,1.2725708579271533
2006-01-24,1.2680402820065613
2006-01-25,1.3371379698464407
2006-01-26,1.636757853330962
2006-01-27,1.6302003265447245
2006-01-28,1.5740842413754614
2006-01-29,1.5557890810744266
2006-01-30,1.6906007364888065
2006-01-31,1.6749654381377646
2006-02-01,1.5281561826192311
2006-02-02,1.381712893996941
2006-02-03,1.297210045471357
2006-02-04,1.309681870929138
2006-02-05,1.285192928857903
2006-02-06,1.3045648678289048
2006-02-07,1.255675262100029
2006-02-08,1.3097114187975905
2006-02-09,1.384326700179135
2006-02-10,1.4174866591568942
2006-02-11,1.4347367099287944
2006-02-12,1.4299310030476562
2006-02-13,1.457417200822784
2006-02-14,1.4067212872847914
2006-02-15,1.3764517489404906
2006-02-16,1.3484965479317057
2006-02-17,1.346335124665952
2006-02-18,1.3761497524346042
2006-02-19,1.3626591352445132
2006-02-20,1.3830818458472458
2006-02-21,1.374337183902214
2006-02-22,1.3835236597984433
2006-02-23,1.4366871187421602
2006-02-24,1.4391745056189
2006-02-25,1.4578540131748643
2006-02-26,1.4451017607792551
2006-02-27,1.3748770573633522
2006-02-28,1.3644875325143289
2006-03-01,1.2638015179948712
2006-03-02,1.359195122727998
2006-03-03,1.3663836042079414
2006-03-04,1.368975793204125
2006-03-05,1.3560496990713324
2006-03-06,1.66609975342174
2006-03-07,1.627443146556082
2006-03-08,1.617427964451438
2006-03-09,1.5671884243011482
2006-03-10,1.5822990722602066
2006-03-11,1.5964978284218478
2006-03-12,1.5857538559473665
2006-03-13,1.5437140033109888
2006-03-14,1.6859046412638603
2006-03-15,1.588812021000372
2006-03-16,1.64552526319955
2006-03-17,1.6650283384273514
2006-03-18,1.6716237292403648
2006-03-19,1.6627032612900303
2006-03-20,1.7813463343531104
2006-03-21,1.7503290377523453
2006-03-22,1.886716733063188
2006-03-23,1.9336360970787192
2006-03-24,1.8324367048670824
2006-03-25,1.8095932589121624
2006-03-26,1.812275169483402
2006-03-27,1.755242232114098
2006-03-28,1.7491144943433443
2006-03-29,1.7430155248397792
2006-03-30,1.679795971530183
2006-03-31,1.6462831478293372
2006-04-01,1.6702468455847364
2006-04-02,1.6629556119938225
2006-04-03,1.6851037546695644
2006-04-04,1.7578688675338352
2006-04-05,1.7273535812569376
2006-04-06,1.7823888400339742
2006-04-07,1.7418630490008122
2006-04-08,1.7354918067259544
2006-04-09,1.7164228902116485
2006-04-10,1.7559291864499689
2006-04-11,1.669434898866591
2006-04-12,1.6959238972909445
2006-04-13,1.497321225596696
2006-04-14,1.4667490212544083
2006-04-15,1.466127806568434
2006-04-16,1.4650601805090344
2006-04-17,1.4669952393104233
2006-04-18,1.4116314046404228
2006-04-19,1.3226634891461615
2006-04-20,1.4247223774383244
2006-04-21,1.2755816024956266
2006-04-22,1.2657209739111808
2006-04-23,1.247907502647691
2006-04-24,1.2910590674976343
2006-04-25,1.328517157836637
2006-04-26,1.27028011499634
2006-04-27,1.3512723918029297
2006-04-28,1.401259789290529
2006-04-29,1.4027095425837892
2006-04-30,1.3983076737409508
2006-05-01,1.4040909370577703
2006-05-02,1.500052010382439
2006-05-03,1.4838055634407636
2006-05-04,1.4760405753402792
2006-05-05,1.13313339556625
2006-05-06,1.1454850697370589
2006-05-07,1.1259658112366022
2006-05-08,1.3369231977027367
2006-05-09,1.4099701990460478
2006-05-10,1.445362046306852
2006-05-11,1.5093135284646109
2006-05-12,1.467095644332658
2006-05-13,1.4545350223886326
2006-05-14,1.462619213051061
2006-05-15,1.3864943126091824
2006-05-16,1.5184831140356527
2006-05-17,1.5241135153307472
2006-05-18,1.5503281746995246
2006-05-19,1.5360195665414662
2006-05-20,1.5382458134617432
2006-05-21,1.5370959475520958
2006-05-22,1.514705598657886
2006-05-23,1.5658600523046111
2006-05-24,1.6137739068228942
2006-05-25,1.64527392272656
2006-05-26,1.642469136545329
2006-05-27,1.642379680316788
2006-05-28,1.6178786651321355
2006-05-29,1.6534379446842091
2006-05-30,1.5784144719066326
2006-05-31,1.548491522844604
2006-06-01,1.559157136475351
2006-06-02,1.563338477258371
2006-06-03,1.5631649766922495
2006-06-04,1.538010638420792
2006-06-05,1.587650423323403
2006-06-06,1.4114328657541535
2006-06-07,1.3930860620773584
2006-06-08,1.4038581795229663
2006-06-09,1.970225723634067
2006-06-10,1.9664743934992597
2006-06-11,1.95215895951677
2006-06-12,1.954131313133541
2006-06-13,2.067864474104586
2006-06-14,2.313210875876431
2006-06-15,2.580257205597122
2006-06-16,2.567934762308128
2006-06-17,2.526933202978282
2006-06-18,2.5238082607736323
2006-06-19,2.199752028197322
2006-06-20,2.171262248813318
2006-06-21,2.298901976022992
2006-06-22,2.477172645273544
2006-06-23,2.545070148283441
2006-06-24,2.5200845678891173
2006-06-25,2.524773639255334
2006-06-26,2.5123647604684543
2006-06-27,2.909830788433151
2006-06-28,2.929700117977216
2006-06-29,2.8210924945179183
2006-06-30,2.809934473117358
2006-07-01,2.760545136608955
2006-07-02,2.8007171754784252
2006-07-03,2.8014445365736966
2006-07-04,2.8330584898635403
2006-07-05,2.727544227967889
2006-07-06,2.67431228526
2006-07-07,2.7182190388412217
2006-07-08,2.717268909538888
2006-07-09,2.7266785392904263
2006-07-10,2.7431476463001747
2006-07-11,2.700074288092992
2006-07-12,2.681983952820209
2006-07-13,2.733606809334006
2006-07-14,2.667498388542457
2006-07-15,2.671398061662351
2006-07-16,2.6849208541465504
2006-07-17,2.649722384637987
2006-07-18,2.6790663012807268
2006-07-19,2.580671048894083
2006-07-20,2.579486689912319
2006-07-21,2.5533731166606235
2006-07-22,2.5222672643461417
2006-07-23,2.5263644527673947
2006-07-24,2.379031372008554
2006-07-25,2.346190157214196
2006-07-26,2.4542207532490714
2006-07-27,2.3596422829930637
2006-07-28,2.4721687488487105
2006-07-29,2.4652143075440467
2006-07-30,2.4530927458071097
2006-07-31,2.1764741923092283
2006-08-01,2.3614574668716557
2006-08-02,2.3888293865472976
2006-08-03,2.4967856112938067
2006-08-04,2.367447470527413
2006-08-05,2.383877347204257
2006-08-06,2.4041758726397884
2006-08-07,2.4227141618660406
2006-08-08,2.477066612289832
2006-08-09,2.4708971548128917
2006-08-10,2.4653032748625026
2006-08-11,2.4292297104680234
2006-08-12,2.4104671978639867
2006-08-13,2.3932048947631963
2006-08-14,2.3929224950278853
2006-08-15,2.5668753396708013
2006-08-16,2.600391247249885
2006-08-17,2.6292197210557062
2006-08-18,2.5882128401336453
2006-08-19,2.5827345727331084
2006-08-20,2.605841890485848
2006-08-21,2.628970047282791
2006-08-22,2.6496477543064167
2006-08-23,2.675770373083877
2006-08-24,2.7083345141120603
2006-08-25,2.712618071255756
2006-08-26,2.7070729523027057
2006-08-27,2.6881162483571126
2006-08-28,2.6481009519685332
2006-08-29,2.6753776950354995
2006-08-30,2.728702895056232
2006-08-31,2.844485714583148
2006-09-01,2.427102265536252
2006-09-02,2.4517410845728276
2006-09-03,2.466892446571644
2006-09-04,2.519180818683809
2006-09-05,2.671861315320697
2006-09-06,2.7107590045994447
2006-09-07,2.597932609215099
2006-09-08,2.6762211959680102
2006-09-09,2.6795479666843103
2006-09-10,2.6756515278672373
2006-09-11,2.65499300204236
2006-09-12,1.9008300690200104
2006-09-13,2.079116209972699
2006-09-14,1.848504626296221
2006-09-15,1.886774863280919
2006-09-16,1.9026727725545207
2006-09-17,1.92376030177392
2006-09-18,1.9654903808300692
2006-09-19,2.025296069966902
2006-09-20,1.984039227714896
2006-09-21,1.9674579235954808
2006-09-22,2.0081451109094353
2006-09-23,2.0356718002607277
2006-09-24,2.041874447545872
2006-09-25,2.1704179601898033
2006-09-26,2.152409109113079
2006-09-27,2.3737218408397416
2006-09-28,2.34240834195099
2006-09-29,2.33143011236217
2006-09-30,2.319979963474083
2006-10-01,2.2548524789272464
2006-10-02,2.3451145669070463
2006-10-03,2.367314391357258
2006-10-04,2.3400682342215156
2006-10-05,2.4645857675760845
2006-10-06,2.462852662030139
2006-10-07,2.457622676538873
2006-10-08,2.446390084360635
2006-10-09,2.4381174189179866
2006-10-10,2.4045977688943156
2006-10-11,2.4015149507716655
2006-10-12,2.4072963148316777
2006-10-13,2.2739711473018382
2006-10-14,2.2780463525251484
2006-10-15,2.273860257833299
2006-10-16,2.2997611439704304
2006-10-17,2.336931646963079
2006-10-18,2.3503195586096206
2006-10-19,2.3942633107595728
2006-10-20,2.315593760174783
2006-10-21,2.367584264161574
2006-10-22,2.363811748624761
2006-10-23,2.163411686860689
2006-10-24,2.1604715948931412
2006-10-25,1.9086587240372244
2006-10-26,1.835413429215968
2006-10-27,1.8978108698596976
2006-10-28,1.892101588721544
2006-10-29,1.89874445895575
2006-10-30,1.8368301689268511
2006-10-31,1.9696341051554704
2006-11-01,2.0208665336157416
2006-11-02,2.094545242745433
2006-11-03,2.2656600877897524
2006-11-04,2.2875260144616707
2006-11-05,2.2714436012283987
2006-11-06,2.1978118902747665
2006-11-07,2.22980915815903
2006-11-08,2.2039277648169047
2006-11-09,2.2296668498007843
2006-11-10,2.2145312953757337
2006-11-11,2.1811613879447345
2006-11-12,2.186630098700721
2006-11-13,2.1285783898736996
2006-11-14,1.991175774542081
2006-11-15,2.00832956642434
2006-11-16,2.028684175832499
2006-11-17,2.0170606086231566
2006-11-18,2.0108189679092705
2006-11-19,2.03029696136696
2006-11-20,2.0554145861442827
2006-11-21,2.1519923275482387
2006-11-22,2.122839460230104
2006-11-23,2.1110428843980937
2006-11-24,2.0764544501751128
2006-11-25,2.067550953569384
2006-11-26,2.0991828439671667
2006-11-27,2.0806475529511768
2006-11-28,2.060392028482408
2006-11-29,2.08913638397555
2006-11-30,2.066066271642125
2006-12-01,2.017197174334277
2006-12-02,2.0514760519269544
2006-12-03,2.055470564927018
2006-12-04,2.096690530989998
2006-12-05,1.972565855996454
2006-12-06,2.047063783604873
2006-12-07,1.7949200439345514
2006-12-08,1.9982668767033327
2006-12-09,1.9518035828618705
2006-12-10,1.9366677566946011
2006-12-11,1.851717567960869
2006-12-12,1.948706112123358
2006-12-13,1.811991902541916
2006-12-14,1.9437962470558157
2006-12-15,1.2835512231655417
2006-12-16,1.3104804135457857
2006-12-17,1.3343204415773675
2006-12-18,1.358234372358442
2006-12-19,1.2994979770736972
2006-12-20,1.232554119256226
2006-12-21,1.1791752888259217
2006-12-22,1.3102689916613075
2006-12-23,1.303416657434178
2006-12-24,1.3034979174736734
2006-12-25,1.2608240862372193
2006-12-26,1.150199991027127
2006-12-27,1.1127397547552802
2006-12-28,1.0885029452677073
2006-12-29,1.1122540379652426
2006-12-30,1.1173583141924197
2006-12-31,1.124797957784387
2007-01-01,1.0843125998741834
2007-01-02,1.034666574159146
2007-01-03,1.0546512309836027
2007-01-04,1.129733471458637
2007-01-05,1.0911918588935312
2007-01-06,1.087335274910417
2007-01-07,1.0976530854981978
2007-01-08,1.0789029909680208
2007-01-09,1.0792342505315222
2007-01-10,1.105396153844754
2007-01-11,1.0741813794065025
2007-01-12,1.0933232864220614
2007-01-13,1.107528661494383
2007-01-14,1.1085754608960472
2007-01-15,1.1122172640571772
2007-01-16,1.1470100755526809
2007-01-17,1.1864018317683616
2007-01-18,0.594928487701158
2007-01-19,0.5598276050688396
2007-01-20,0.6002799752037489
2007-01-21,0.6255842883521179
2007-01-22,0.7296958079623594
2007-01-23,0.5527858102793852
2007-01-24,0.5170843088507482
2007-01-25,0.7935133179082956
2007-01-26,0.8174318663870852
2007-01-27,0.8386154924862455
2007-01-28,0.8607182868414742
2007-01-29,0.9765174854293824
2007-01-30,0.9247934170034238
2007-01-31,0.9890054509544092
2007-02-01,1.3581952032308502
2007-02-02,1.2724907749432202
2007-02-03,1.2768228325582796
2007-02-04,1.2580811151346791
2007-02-05,1.1807965117863102
2007-02-06,1.1036416682920305
2007-02-07,1.266197680198968
2007-02-08,1.3555537280070744
2007-02-09,1.3784639336875286
2007-02-10,1.3711996307759198
2007-02-11,1.3692231615804926
2007-02-12,1.415945099185764
2007-02-13,1.3932441055289777
2007-02-14,1.459196678951218
2007-02-15,1.3351952974945402
2007-02-16,1.4081797588959142
2007-02-17,1.4239636587627893
2007-02-18,1.3974841874665571
2007-02-19,1.3333767884257588
2007-02-20,1.1408319982270845
2007-02-21,1.1382992491746888
2007-02-22,1.138043397044996
2007-02-23,1.1849524507783624
2007-02-24,1.177041353639152
2007-02-25,1.2462565065795712
2007-02-26,1.2183659401053375
2007-02-27,1.0865465543768702
2007-02-28,0.9906622634166444
2007-03-01,1.1720702427431944
2007-03-02,1.0245346111908742
2007-03-03,1.0412623862422183
2007-03-04,1.047613498226318
2007-03-05,1.0235788196736768
2007-03-06,1.048934618776142
2007-03-07,0.9237526354004528
2007-03-08,0.8916233376656464
2007-03-09,0.9754765860597794
2007-03-10,0.9962422443610492
2007-03-11,1.0109517065999745
2007-03-12,0.8673488607603144
2007-03-13,0.9078071071965744
2007-03-14,1.474785499378186
2007-03-15,2.074533799904414
2007-03-16,2.038030639950419
2007-03-17,2.026557723821353
2007-03-18,2.142569524362082
2007-03-19,2.240633221758306
2007-03-20,2.114279301323729
2007-03-21,2.119962541720959
2007-03-22,2.185078722615178
2007-03-23,2.285403153134167
2007-03-24,2.242960983485504
2007-03-25,2.2280536443286643
2007-03-26,2.2597905035894317
2007-03-27,2.2859304628976234
2007-03-28,2.3830849922255317
2007-03-29,2.248650645254656
2007-03-30,2.178255504008822
2007-03-31,2.1694657972035114
2007-04-01,2.1899899004164967
2007-04-02,2.220474694603977
2007-04-03,2.270462617569107
2007-04-04,2.2966514644200453
2007-04-05,2.3776680179913723
2007-04-06,2.316146133377206
2007-04-07,2.301823325342294
2007-04-08,2.2960296553142863
2007-04-09,2.200113440806434
2007-04-10,2.2002515885899845
2007-04-11,2.1247346193502628
2007-04-12,2.111318803691059
2007-04-13,2.88998386396357
2007-04-14,2.862424984232657
2007-04-15,2.8248970996356335
2007-04-16,2.7755334041092534
2007-04-17,2.800664849303868
2007-04-18,2.7031322437001775
2007-04-19,2.6375339538925324
2007-04-20,2.622087124386329
2007-04-21,2.623569878385221
2007-04-22,2.6315890803207784
2007-04-23,2.555420882676805
2007-04-24,2.842055791666601
2007-04-25,2.821627760670292
2007-04-26,2.931845189471741
2007-04-27,2.8768856666297404
2007-04-28,2.872645278143838
2007-04-29,2.858442700824176
2007-04-30,2.985637945530572
2007-05-01,2.9075162574467694
2007-05-02,2.8668166243893687
2007-05-03,2.680446527007304
2007-05-04,2.5613717298202623
2007-05-05,2.54874008528675
2007-05-06,2.544753075337295
2007-05-07,2.529765547672296
2007-05-08,2.5242809921670304
2007-05-09,2.494745871945822
2007-05-10,2.513415655508321
2007-05-11,2.6020840756093215
2007-05-12,2.3564196811994074
2007-05-13,2.3612892481070027
2007-05-14,2.3639051423598674
2007-05-15,2.347413871915816
2007-05-16,2.350667956876702
2007-05-17,2.329939084573255
2007-05-18,2.3883829338562275
2007-05-19,2.398381872262065
2007-05-20,2.3986139420936317
2007-05-21,2.48841046908463
2007-05-22,2.46464329631908
2007-05-23,2.471326961602649
2007-05-24,2.467174571977958
2007-05-25,2.483848228935809
2007-05-26,2.4767289781403674
2007-05-27,2.4637541159605076
2007-05-28,2.4498396399277325
2007-05-29,2.455632739132142
2007-05-30,2.4335913041056836
2007-05-31,2.5258928827072236
2007-06-01,2.526622696029662
2007-06-02,2.5433259830132915
2007-06-03,2.5269735166377534
2007-06-04,2.5231286211206254
2007-06-05,2.358454996609067
2007-06-06,2.393191130436544
2007-06-07,2.368593925950041
2007-06-08,2.3309422309534535
2007-06-09,2.336410863730494
2007-06-10,2.329971589576066
2007-06-11,2.4444954270177672
2007-06-12,2.4900183711681336
2007-06-13,2.5469847053197445
2007-06-14,2.6183090039437342
2007-06-15,2.682032481235691
2007-06-16,2.6739777275482384
2007-06-17,2.6609370635411547
2007-06-18,2.5561497012751775
2007-06-19,2.583135364314696
2007-06-20,2.7572988345470764
2007-06-21,2.9635637003347486
2007-06-22,2.912267540570855
2007-06-23,2.8894060487778135
2007-06-24,2.882162048110289
2007-06-25,2.883753869362993
2007-06-26,2.929792107799547
2007-06-27,2.8814898561873243
2007-06-28,2.909216029429069
2007-06-29,2.909236540520955
2007-06-30,2.9189874759050913
2007-07-01,2.924607475663229
2007-07-02,2.8808132622867344
2007-07-03,2.9459885917460302
2007-07-04,2.925164140827704
2007-07-05,2.8934134976625474
2007-07-06,3.044951644903517
2007-07-07,3.032042585607697
2007-07-08,3.0326197082113033
2007-07-09,3.027385162813129
2007-07-10,3.014831538412437
2007-07-11,2.951691049953599
2007-07-12,2.8963874989695095
2007-07-13,2.871576461091193
2007-07-14,2.8806817354777294
2007-07-15,2.8886459638828317
2007-07-16,2.9008992925845325
2007-07-17,3.0852034744059567
2007-07-18,2.984839198276822
2007-07-19,2.9426623109119907
2007-07-20,2.978128730506185
2007-07-21,2.949934347598344
2007-07-22,2.9794125917283827
2007-07-23,2.671654607237822
2007-07-24,2.8214618652095513
2007-07-25,2.8624674197456845
2007-07-26,2.7197732893831965
2007-07-27,2.7316086467363094
2007-07-28,2.705648234762076
2007-07-29,2.6970098846937987
2007-07-30,2.6888804017875683
2007-07-31,3.0145270605951167
2007-08-01,3.231435794895498
2007-08-02,3.2160415215663116
2007-08-03,3.3382557530474317
2007-08-04,3.3554385102581383
2007-08-05,3.3186010777029207
2007-08-06,3.260246930119872
2007-08-07,3.341598468446301
2007-08-08,3.4322851301704365
2007-08-09,3.4830910843625773
2007-08-10,3.449596226093476
2007-08-11,3.4233210693031046
2007-08-12,3.4562146093084856
2007-08-13,3.4734203364537963
2007-08-14,3.46792041951318
2007-08-15,3.4485305461878255
2007-08-16,3.3616670970674773
2007-08-17,3.3749821854710245
2007-08-18,3.347739557702428
2007-08-19,3.345178251058446
2007-08-20,3.344108788303555
2007-08-21,3.3735763828901755
2007-08-22,3.379484492096137
2007-08-23,3.473212438941169
2007-08-24,3.4694661712344708
2007-08-25,3.4506483964796324
2007-08-26,3.452620241983004
2007-08-27,3.450265857204342
2007-08-28,3.486023099033849
2007-08-29,3.42326856294548
2007-08-30,3.653154460212857
2007-08-31,3.678223501764762
2007-09-01,3.6639142956871864
2007-09-02,3.689234855590624
2007-09-03,3.6755582815495966
2007-09-04,3.869784182565049
2007-09-05,4.010092774712481
2007-09-06,4.001675685357689
2007-09-07,4.033198519317984
2007-09-08,4.02770330216108
2007-09-09,4.013160748979371
2007-09-10,3.966372779689898
2007-09-11,3.664762229194052
2007-09-12,3.602522010974454
2007-09-13,3.4084059651161196
2007-09-14,3.420136995468374
2007-09-15,3.435852119359553
2007-09-16,3.458716415577846
2007-09-17,3.4498936670673555
2007-09-18,3.348588477160977
2007-09-19,3.394072679935094
2007-09-20,3.4206232826834713
2007-09-21,3.7559276587154464
2007-09-22,3.752474460453046
2007-09-23,3.7373611395120063
2007-09-24,3.2801057037978385
2007-09-25,3.172491536545368
2007-09-26,3.1479603532577674
2007-09-27,3.118213967655148
2007-09-28,3.175163688902932
2007-09-29,3.1497084146373227
2007-09-30,3.1160409678256693
2007-10-01,3.1557468668003184
2007-10-02,3.131123107238899
2007-10-03,3.1491828239321578
2007-10-04,3.214023998307507
2007-10-05,3.2507909171842466
2007-10-06,3.236459267460704
2007-10-07,3.256384140527792
2007-10-08,3.248183681161022
2007-10-09,3.278706205002245
2007-10-10,3.2065043497364223
2007-10-11,3.2155851981829273
2007-10-12,3.143685592922057
2007-10-13,3.150760554995905
2007-10-14,3.170411508802786
2007-10-15,3.152151344632002
2007-10-16,3.3012040072672564
2007-10-17,3.287823752003675
2007-10-18,3.428096945616917
2007-10-19,3.4091346791523436
2007-10-20,3.3984468211822594
2007-10-21,3.3574483528047896
2007-10-22,3.534177636484052
2007-10-23,3.40087819349797
2007-10-24,3.517501091336019
2007-10-25,3.3039769619061428
2007-10-26,3.4122507263138164
2007-10-27,3.421475302008547
2007-10-28,3.4451664298151004
2007-10-29,3.4466888837162895
2007-10-30,3.5314475171971784
2007-10-31,3.5360128090847907
2007-11-01,3.4508712178723653
2007-11-02,3.435840552216584
2007-11-03,3.465481502921741
2007-11-04,3.449319091956495
2007-11-05,3.5248239351350055
2007-11-06,3.339524040286276
2007-11-07,3.3641180255884886
2007-11-08,3.2199158903225884
2007-11-09,3.254292377042518
2007-11-10,3.283596833322904
2007-11-11,3.293463623680676
2007-11-12,3.327688064814573
2007-11-13,3.278150755872228
2007-11-14,3.275874167578947
2007-11-15,3.2416460510862333
2007-11-16,3.2560061450802418
2007-11-17,3.275971726548441
2007-11-18,3.2819101076535464
2007-11-19,3.2740311703961424
2007-11-20,3.2536725685614423
2007-11-21,3.1364973733252026
2007-11-22,3.1533928183464024
2007-11-23,3.098088484325501
2007-11-24,3.0967217060140406
2007-11-25,3.1043583489817013
2007-11-26,3.127411174801271
2007-11-27,3.0461688354983463
2007-11-28,3.043618117687001
2007-11-29,2.9470197243585057
2007-11-30,3.0075425232264186
2007-12-01,3.0192674469461727
2007-12-02,2.9995457011780777
2007-12-03,3.055328489669618
2007-12-04,3.0267789126956046
2007-12-05,3.197300309100478
2007-12-06,3.2958533531403833
2007-12-07,3.2621532652843737
2007-12-08,3.2575658213678302
2007-12-09,3.2844130047429356
2007-12-10,3.209014869881585
2007-12-11,3.1892985736851927
2007-12-12,2.990365599817836
2007-12-13,3.102679034506646
2007-12-14,2.9419960088395083
2007-12-15,2.959073298512053
2007-12-16,2.9539903156412968
2007-12-17,3.397000634667304
2007-12-18,3.2527889775748715
2007-12-19,3.3039850412508436
2007-12-20,3.1007813789416496
2007-12-21,3.1418223168365635
2007-12-22,3.1400342507129952
2007-12-23,3.1272320541384557
2007-12-24,3.063981323246161
2007-12-25,3.1437384586936594
2007-12-26,3.124000628845639
2007-12-27,3.1497311962509036
2007-12-28,3.172884874733364
2007-12-29,3.1774387975573997
2007-12-30,3.1457367047212914
2007-12-31,3.185156253577161
2008-01-01,3.2163012345869455
2008-01-02,3.263748637007907
2008-01-03,3.295366859644987
2008-01-04,3.3353098747041336
2008-01-05,3.314743285555258
2008-01-06,3.303583848899014
2008-01-07,3.284434079990489
2008-01-08,3.3176933473424053
2008-01-09,3.302353379933931
2008-01-10,3.193243339543554
2008-01-11,3.217216724862544
2008-01-12,3.25776872764129
2008-01-13,3.254932398554181
2008-01-14,3.234555855788365
2008-01-15,3.256787421201849
2008-01-16,3.217726413153945
2008-01-17,3.393269459767863
2008-01-18,3.3377161118318455
2008-01-19,3.344118642136156
2008-01-20,3.3347731365631805
2008-01-21,3.334614394933344
2008-01-22,3.4872192445920343
2008-01-23,3.3396454524804264
2008-01-24,3.2747044559452525
2008-01-25,3.288713158944298
2008-01-26,3.270670158143007
2008-01-27,3.279724380523134
2008-01-28,3.2050811966990445
2008-01-29,2.89443759301966
2008-01-30,2.563459660555571
2008-01-31,2.178150697495061
2008-02-01,1.9347230010079195
2008-02-02,1.992115771336623
2008-02-03,1.9750235938764635
2008-02-04,1.8519497224544823
2008-02-05,1.753034745817022
2008-02-06,1.6989951442899989
2008-02-07,1.6933694350169606
2008-02-08,1.6738227910226935
2008-02-09,1.6416308669815738
2008-02-10,1.6275511676525798
2008-02-11,1.7112089654155789
2008-02-12,1.2986614113886146
2008-02-13,1.3252505890697448
2008-02-14,1.350644445652137
2008-02-15,1.328117225149669
2008-02-16,1.32603354890781
2008-02-17,1.2813696084266042
2008-02-18,1.2105866064599138
2008-02-19,1.1573750782732175
2008-02-20,1.0988792892533066
2008-02-21,1.1511781206434846
2008-02-22,1.124996402968969
2008-02-23,1.0941685580628078
2008-02-24,1.1667127750948645
2008-02-25,1.0846555645090576
2008-02-26,1.0662773887474677
2008-02-27,1.1081028936495116
2008-02-28,0.95116959935019
2008-02-29,0.9228977225164464
2008-03-01,0.9052567329657132
2008-03-02,0.9233278772744948
2008-03-03,0.89837773271364
2008-03-04,0.841076653630829
2008-03-05,0.7009843702352265
2008-03-06,0.6067491079346246
2008-03-07,0.7075121278658127
2008-03-08,0.617063220562182
2008-03-09,0.6074692896385734
2008-03-10,0.7166660316577171
2008-03-11,0.8136183839053066
2008-03-12,1.130015835689407
2008-03-13,1.0630924693293282
2008-03-14,1.0239248792871418
2008-03-15,1.0062148000920754
2008-03-16,1.0071063305150083
2008-03-17,0.9627754693366976
2008-03-18,0.8145182453895663
2008-03-19,0.7586603287870064
2008-03-20,0.7702301003631176
2008-03-21,0.6827964146375145
2008-03-22,0.6845045900787814
2008-03-23,0.7054150422766572
2008-03-24,0.9144427899366808
2008-03-25,0.8462710225158387
2008-03-26,0.7988602157861551
2008-03-27,0.8153213025895529
2008-03-28,0.7811019870816858
2008-03-29,0.7634405764312635
2008-03-30,0.8337517396594443
2008-03-31,0.8782234890114622
2008-04-01,0.8966872015898704
2008-04-02,0.9558560155475936
2008-04-03,1.0097074871186664
2008-04-04,1.035385600999701
2008-04-05,1.0088132376958368
2008-04-06,0.986888373163705
2008-04-07,0.9873941357510048
2008-04-08,0.9464337902202888
2008-04-09,0.9350417983757072
2008-04-10,0.9509158378898636
2008-04-11,0.8988038016945432
2008-04-12,0.8947485182090165
2008-04-13,0.9218791551701856
2008-04-14,0.9017398609126892
2008-04-15,0.8354008522165284
2008-04-16,0.6076686620289282
2008-04-17,0.5262267489448493
2008-04-18,0.4395799375572655
2008-04-19,0.439898470915991
2008-04-20,0.4378335761184504
2008-04-21,0.4878056626393017
2008-04-22,0.3824167180567168
2008-04-23,0.3914451235095746
2008-04-24,0.3981676274764882
2008-04-25,0.4382063127405766
2008-04-26,0.4147753779575354
2008-04-27,0.4001954682006245
2008-04-28,0.4090643728825969
2008-04-29,0.2777950250218906
2008-04-30,0.228519915355188
2008-05-01,0.0104257908617042
2008-05-02,-0.2021748908166536
2008-05-03,-0.1860126565661466
2008-05-04,-0.1927104895778164
2008-05-05,-0.1922604506022516
2008-05-06,-0.2291689272544332
2008-05-07,-0.3689734930937027
2008-05-08,-0.4004684272566239
2008-05-09,-0.4612670685649216
2008-05-10,-0.434733823111924
2008-05-11,-0.4175327407290083
2008-05-12,-0.5345803782620102
2008-05-13,-0.4198670615644602
2008-05-14,-0.6081216035146424
2008-05-15,-0.695305573528497
2008-05-16,-0.6955041775324018
2008-05-17,-0.6747145191669106
2008-05-18,-0.8128398319022758
2008-05-19,-0.7843313203546805
2008-05-20,-0.7534871824620373
2008-05-21,-0.7767130562419067
2008-05-22,-0.8031272234807387
2008-05-23,-0.7913197482723997
2008-05-24,-0.8049465764825734
2008-05-25,-0.8261670334377755
2008-05-26,-0.8590865721692649
2008-05-27,-0.8856257294313661
2008-05-28,-0.93217276484152
2008-05-29,-1.039049555113937
2008-05-30,-1.014005197466659
2008-05-31,-1.014112015585774
2008-06-01,-0.8069570499415191
2008-06-02,-0.748816003463284
2008-06-03,-0.79071596841916
2008-06-04,-0.848050943716609
2008-06-05,-0.3233142173741412
2008-06-06,-0.3007618310564459
2008-06-07,-0.3512644214889935
2008-06-08,-0.3880111950447253
2008-06-09,-0.4706392091501432
2008-06-10,-0.2722245256882916
2008-06-11,-0.3301812479264914
2008-06-12,-0.359665300577705
2008-06-13,-0.3608367214445165
2008-06-14,-0.375513680438535
2008-06-15,-0.3586971034207789
2008-06-16,-0.5447431730460086
2008-06-17,-0.4906240764793557
2008-06-18,-0.6650460334139638
2008-06-19,-0.7870191578213257
2008-06-20,-0.6873567223530292
2008-06-21,-0.655684290102021
2008-06-22,-0.6435918738304522
2008-06-23,-0.5741749915219634
2008-06-24,-0.4608647599531164
2008-06-25,-0.5488825438652771
2008-06-26,-0.5928928191678553
2008-06-27,-0.5975432520252286
2008-06-28,-0.6065036776368316
2008-06-29,-0.6022359776112602
2008-06-30,-0.5653186161669588
2008-07-01,-0.5633776553231016
2008-07-02,-0.5596531175343133
2008-07-03,-0.5158362756699648
2008-07-04,-0.5394378369237423
2008-07-05,-0.5265516070105547
2008-07-06,-0.5505091108858062
2008-07-07,-0.5534553004480403
2008-07-08,-0.4511994545179578
2008-07-09,-0.5532447032869827
2008-07-10,-0.5641378814530689
2008-07-11,-0.589501390511936
2008-07-12,-0.5968067271264426
2008-07-13,-0.5970814536941087
2008-07-14,-0.6103364299429845
2008-07-15,-0.6253218175879742
2008-07-16,-0.6004443034681204
2008-07-17,-0.6317128527510603
2008-07-18,-0.6336666586764612
2008-07-19,-0.6474310110989667
2008-07-20,-0.6253294174858555
2008-07-21,-0.6324559162906107
2008-07-22,-0.6482643727418789
2008-07-23,-0.9082620913068884
2008-07-24,-1.1389739281607212
2008-07-25,-1.188800617195176
2008-07-26,-1.202395989309498
2008-07-27,-1.2259550915666346
2008-07-28,-1.2233134480075831
2008-07-29,-1.450550246518921
2008-07-30,-1.855005585853593
2008-07-31,-1.88019302004649
2008-08-01,-2.213557465406725
2008-08-02,-2.202298045604393
2008-08-03,-2.1937217763898493
2008-08-04,-2.3189886902808574
2008-08-05,-2.2719705527167635
2008-08-06,-2.2979369657009867
2008-08-07,-2.311591726725716
2008-08-08,-2.3582869151290646
2008-08-09,-2.3553927566007236
2008-08-10,-2.363023399203201
2008-08-11,-2.5950810072619808
2008-08-12,-2.7937968186630475
2008-08-13,-2.7381866141264664
2008-08-14,-2.734212462861393
2008-08-15,-2.7133182796160193
2008-08-16,-2.7092655087156796
2008-08-17,-2.7358167487855183
2008-08-18,-2.6521792308594536
2008-08-19,-2.559723231353168
2008-08-20,-2.585262340432547
2008-08-21,-2.5801962587810827
2008-08-22,-2.5959281699748287
2008-08-23,-2.5761355895939047
2008-08-24,-2.7421521408115335
2008-08-25,-2.6826152638460723
2008-08-26,-2.7273856883978542
2008-08-27,-2.672059835645501
2008-08-28,-2.6816269141783877
2008-08-29,-3.273811732288756
2008-08-30,-3.2897670857547214
2008-08-31,-3.2762813119937206
2008-09-01,-3.091050427962905
2008-09-02,-3.1103768978210447
2008-09-03,-3.0660355738326364
2008-09-04,-3.0765123364434106
2008-09-05,-3.07035349794969
2008-09-06,-3.065387355170033
2008-09-07,-3.103271830736945
2008-09-08,-3.025154520888158
2008-09-09,-3.286993197336681
2008-09-10,-3.2594576946453166
2008-09-11,-3.3842410239954743
2008-09-12,-3.3601793952275916
2008-09-13,-3.367023417422488
2008-09-14,-3.34184628834543
2008-09-15,-3.4716210058297987
2008-09-16,-3.3719572732299588
2008-09-17,-3.1926572271557605
2008-09-18,-3.750246861240695
2008-09-19,-3.578639023231682
2008-09-20,-3.5443550180979253
2008-09-21,-3.5335904369706923
2008-09-22,-3.5176279364107463
2008-09-23,-3.5699598386032507
2008-09-24,-3.5719654219791743
2008-09-25,-3.530141332181969
2008-09-26,-3.6765383363657103
2008-09-27,-3.502725587061022
2008-09-28,-3.489062920960081
2008-09-29,-3.4812844174371764
2008-09-30,-3.4259410091476035
2008-10-01,-3.3418706619329406
2008-10-02,-3.413107217138992
2008-10-03,-3.395161590651016
2008-10-04,-3.3767424811823212
2008-10-05,-3.3897218543235965
2008-10-06,-3.3491062435678898
2008-10-07,-3.3429151996422375
2008-10-08,-3.4016084258516512
2008-10-09,-3.367739926553095
2008-10-10,-3.36121424760918
2008-10-11,-3.381157740448121
2008-10-12,-3.3258724752126154
2008-10-13,-3.3414103154873223
2008-10-14,-3.3447134793576834
2008-10-15,-3.3220009552120437
2008-10-16,-3.4013577831055173
2008-10-17,-3.418635485310807
2008-10-18,-5.4973367739771115
2008-10-19,-5.484550598820666
2008-10-20,-5.694798148967552
2008-10-21,-5.717846765561761
2008-10-22,-5.843716022826029
2008-10-23,-5.780298884865108
2008-10-24,-5.838775054892366
2008-10-25,-5.843191000560559
2008-10-26,-5.8497167246519375
2008-10-27,-5.858571023643023
2008-10-28,-5.742793394975703
2008-10-29,-5.827317669427474
2008-10-30,-5.701758447185092
2008-10-31,-5.460694514273769
2008-11-01,-5.2669467025192525
2008-11-02,-5.396910613302969
2008-11-03,-5.288241254318093
2008-11-04,-5.358769144483933
2008-11-05,-5.256896702116864
2008-11-06,-5.259133993699846
2008-11-07,-4.917145099357242
2008-11-08,-4.884765702256593
2008-11-09,-4.8450699383291305
2008-11-10,-4.892982203842291
2008-11-11,-4.843224754850927
2008-11-12,-4.985037613361551
2008-11-13,-4.981919953807935
2008-11-14,-5.039283847906622
2008-11-15,-5.0141319472958354
2008-11-16,-5.0830230241666055
2008-11-17,-5.029280733352812
2008-11-18,-4.479876844857236
2008-11-19,-4.572478953485673
2008-11-20,-4.520259866384491
2008-11-21,-4.566037198716543
2008-11-22,-4.563492537876167
2008-11-23,-4.535171167397245
2008-11-24,-4.685062227541039
2008-11-25,-4.654647569024389
2008-11-26,-4.63934698013965
2008-11-27,-4.635447821863767
2008-11-28,-4.601992984343441
2008-11-29,-4.628244061402225
2008-11-30,-4.6607856750541945
2008-12-01,-4.536409543367541
2008-12-02,-4.761870960169414
2008-12-03,-4.560827282867655
2008-12-04,-4.560598075872866
2008-12-05,-4.649130207881833
2008-12-06,-4.655743607175525
2008-12-07,-4.651099021619901
2008-12-08,-4.784578513964714
2008-12-09,-4.88194058282928
2008-12-10,-5.106056394332384
2008-12-11,-4.911377297192072
2008-12-12,-4.908764422427955
2008-12-13,-4.917582208907436
2008-12-14,-4.9037736938518215
2008-12-15,-4.893225984407514
2008-12-16,-5.071484335903304
2008-12-17,-5.371192449638265
2008-12-18,-5.933775432401832
2008-12-19,-6.04544535520794
2008-12-20,-6.068573257183397
2008-12-21,-6.055091066343987
2008-12-22,-6.054684095322983
2008-12-23,-6.173414647736779
2008-12-24,-6.187219101956575
2008-12-25,-6.16005901231672
2008-12-26,-6.116034278906074
2008-12-27,-6.090416349050724
2008-12-28,-6.0914360732007315
2008-12-29,-6.068736894312901
2008-12-30,-6.021312859201444
2008-12-31,-6.004305437331444
2009-01-01,-5.882847073637662
2009-01-02,-6.030658573796554
2009-01-03,-6.042110539215534
2009-01-04,-5.99947445438851
2009-01-05,-6.016541253648241
2009-01-06,-6.018975173483897
2009-01-07,-6.002834345718881
2009-01-08,-5.996523760006525
2009-01-09,-5.941532020915896
2009-01-10,-5.935267116680473
2009-01-11,-5.946605954910318
2009-01-12,-5.9791098751540925
2009-01-13,-5.983990275901746
2009-01-14,-5.972077117050253
2009-01-15,-5.98483760354177
2009-01-16,-6.07976508620828
2009-01-17,-6.03116888865048
2009-01-18,-6.9046104070010585
2009-01-19,-6.9157836363367275
2009-01-20,-6.838556408860191
2009-01-21,-6.876010848524948
2009-01-22,-6.886119100968474
2009-01-23,-6.575170720137798
2009-01-24,-6.573126219122636
2009-01-25,-6.5775812903883235
2009-01-26,-6.5764585642707605
2009-01-27,-6.2077452276074725
2009-01-28,-5.545789243401526
2009-01-29,-4.958590408256331
2009-01-30,-3.666625611107456
2009-01-31,-3.651842579514926
2009-02-01,-3.722407718377083
2009-02-02,-3.741301081292856
2009-02-03,-3.0249733900383884
2009-02-04,-3.0039389672544563
2009-02-05,-3.0106670543881826
2009-02-06,-2.942727702591447
2009-02-07,-2.954877412750411
2009-02-08,-2.9642885150402396
2009-02-09,-2.928816434469941
2009-02-10,-2.900752705460518
2009-02-11,-2.8454326317687
2009-02-12,-2.902152122518314
2009-02-13,-2.965761533033623
2009-02-14,-2.9873717410016094
2009-02-15,-2.9322369176195733
2009-02-16,-2.934193507349323
2009-02-17,-2.968816977855409
2009-02-18,-3.5648150910680787
2009-02-19,-3.642690047314863
2009-02-20,-3.7979578018606
2009-02-21,-3.781660414783002
2009-02-22,-3.754078017504794
2009-02-23,-3.7035000735320542
2009-02-24,-3.7997127597302343
2009-02-25,-3.746638361204371
2009-02-26,-3.566806930141081
2009-02-27,-3.586363870139804
2009-02-28,-3.5828131771252556
2009-03-01,-3.484688884927893
2009-03-02,-3.5347731950055543
2009-03-03,-3.7217008994954712
2009-03-04,-3.6862725522362574
2009-03-05,-3.731978830704479
2009-03-06,-3.75689547736148
2009-03-07,-3.671283501104777
2009-03-08,-3.64973424941448
2009-03-09,-3.7393814122160896
2009-03-10,-3.609130165169301
2009-03-11,-3.658447645536837
2009-03-12,-3.4030782192476137
2009-03-13,-3.511887375341242
2009-03-14,-3.518833809339542
2009-03-15,-3.5118753867909245
2009-03-16,-3.5745617933693814
2009-03-17,-3.5291468215106723
2009-03-18,-3.7354332673658206
2009-03-19,-3.658458062317065
2009-03-20,-3.623729767297264
2009-03-21,-3.64466603669728
2009-03-22,-3.66618272042571
2009-03-23,-3.796244747676428
2009-03-24,-3.6649586527127145
2009-03-25,-3.664196371970879
2009-03-26,-3.532618893374467
2009-03-27,-3.613595135670456
2009-03-28,-3.659165032952422
2009-03-29,-3.682453000282938
2009-03-30,-3.69185145445382
2009-03-31,-3.55592656652044
2009-04-01,-3.3965843787043717
2009-04-02,-3.486713077506236
2009-04-03,-3.493658592142789
2009-04-04,-3.492486688067979
2009-04-05,-3.500227349208978
2009-04-06,-3.472696862116761
2009-04-07,-3.423646536324406
2009-04-08,-3.442790242331112
2009-04-09,-3.5084062060958683
2009-04-10,-3.5588986226031585
2009-04-11,-3.6203503812962143
2009-04-12,-3.650401958562408
2009-04-13,-3.655368532204722
2009-04-14,-3.765861481927947
2009-04-15,-3.808169163699012
2009-04-16,-3.705972117349176
2009-04-17,-3.68849617156949
2009-04-18,-4.408129200114358
2009-04-19,-4.415556535372317
2009-04-20,-4.445815426631979
2009-04-21,-3.994590460381069
2009-04-22,-4.070120109794916
2009-04-23,-3.620335603442272
2009-04-24,-3.780901229136996
2009-04-25,-3.8199238363298935
2009-04-26,-3.8182742385463344
2009-04-27,-3.856845084167319
2009-04-28,-2.7707058189726848
2009-04-29,-1.6906100874636494
2009-04-30,-1.4773938794523238
2009-05-01,-1.290450448373995
2009-05-02,-1.3603417133453264
2009-05-03,-1.3747473035397908
2009-05-04,-1.316125577855322
2009-05-05,-1.0394402255600672
2009-05-06,-0.7601443480255106
2009-05-07,-0.5473809785920614
2009-05-08,0.4862836107618615
2009-05-09,1.132958763252604
2009-05-10,1.1041150622606182
2009-05-11,1.1497014597654407
2009-05-12,1.1011756583907482
2009-05-13,1.0245316168286656
2009-05-14,1.2036229533430962
2009-05-15,1.2215371844173093
2009-05-16,1.2569078403710805
2009-05-17,1.272952850243249
2009-05-18,0.6134266877430645
2009-05-19,0.7676964308976413
2009-05-20,0.958069994290098
2009-05-21,1.007246601520563
2009-05-22,0.9952429087636332
2009-05-23,1.02028385958196
2009-05-24,1.0057306165860416
2009-05-25,0.9813709498105472
2009-05-26,1.034709545429889
2009-05-27,1.0763815661657974
2009-05-28,1.148539682873663
2009-05-29,1.316568695331581
2009-05-30,1.3115966467228253
2009-05-31,1.314787046744475
2009-06-01,1.430931020821998
2009-06-02,1.2804147589423285
2009-06-03,1.2808105355603916
2009-06-04,1.2031039365985257
2009-06-05,1.3524773181809076
2009-06-06,1.315191580779595
2009-06-07,1.2887897816661296
2009-06-08,1.2831345057385726
2009-06-09,1.1699446810112883
2009-06-10,1.3483794012611876
2009-06-11,1.4116657631515233
2009-06-12,1.3977581732984448
2009-06-13,1.388312568926564
2009-06-14,1.3883365861660413
2009-06-15,1.4726891910976805
2009-06-16,1.757990925024519
2009-06-17,2.029742631593438
2009-06-18,1.665930452367205
2009-06-19,1.9245380702704604
2009-06-20,1.861446571110984
2009-06-21,1.8180824637980448
2009-06-22,1.9716562749680144
2009-06-23,2.1330519013096176
2009-06-24,2.0556749030633035
2009-06-25,2.0314247785062265
2009-06-26,1.9989985896567168
2009-06-27,1.9784684767110603
2009-06-28,1.9415777959313216
2009-06-29,1.9618483943237996
2009-06-30,2.153212856655266
2009-07-01,2.158921153919956
2009-07-02,2.169565105613104
2009-07-03,2.178921738411551
2009-07-04,2.164240949612809
2009-07-05,2.154724026714602
2009-07-06,2.146576003719072
2009-07-07,2.280340478905141
2009-07-08,2.318234492496643
2009-07-09,2.3082307838773146
2009-07-10,2.3492569722058776
2009-07-11,2.3380722561569343
2009-07-12,2.312882571855437
2009-07-13,2.3471030468258176
2009-07-14,2.4631571630409006
2009-07-15,2.52453810802073
2009-07-16,2.938416140784412
2009-07-17,3.03390466392283
2009-07-18,2.6747306801944095
2009-07-19,2.6655483611554276
2009-07-20,2.661580336982541
2009-07-21,3.002820631956868
2009-07-22,3.5754534227702663
2009-07-23,4.085872865648347
2009-07-24,3.690995189705814
2009-07-25,3.652114242869545
2009-07-26,3.6397584852504625
2009-07-27,3.836342659744645
2009-07-28,3.8732832358409626
2009-07-29,3.975838171633184
2009-07-30,3.9687491884870254
2009-07-31,4.131856338862914
2009-08-01,4.13161330805155
2009-08-02,4.17673923160568
2009-08-03,4.194873746029686
2009-08-04,4.1710459435488865
2009-08-05,4.227491290308795
2009-08-06,4.506189626000978
2009-08-07,4.732237792570396
2009-08-08,4.711351559117631
2009-08-09,4.7015238878757675
2009-08-10,4.716160873036263
2009-08-11,4.801032190322255
2009-08-12,4.940694104612922
2009-08-13,5.0131692547462805
2009-08-14,5.056425829625144
2009-08-15,5.070533366453658
2009-08-16,5.068366088469004
2009-08-17,5.05112331985746
2009-08-18,6.110163616645675
2009-08-19,5.984186533790237
2009-08-20,5.8004753572987715
2009-08-21,5.7311156061728745
2009-08-22,5.734727639204802
2009-08-23,5.6950218913033
2009-08-24,5.730137632347146
2009-08-25,5.774341051449843
2009-08-26,5.745076196971684
2009-08-27,5.788559223261817
2009-08-28,5.734153380127104
2009-08-29,5.712750550252379
2009-08-30,5.72473161737841
2009-08-31,5.7268039449559485
2009-09-01,5.733380546702039
2009-09-02,5.974311385429438
2009-09-03,6.210873032107179
2009-09-04,6.182589190593598
2009-09-05,6.151247821974481
2009-09-06,6.125793355430611
2009-09-07,6.239608556040675
2009-09-08,6.362349652977033
2009-09-09,6.365106749037491
2009-09-10,6.756074154350545
2009-09-11,6.625586179016324
2009-09-12,6.50075326737052
2009-09-13,6.482664925153125
2009-09-14,6.517129806643547
2009-09-15,6.701056518647922
2009-09-16,6.7137635345000195
2009-09-17,6.85804065475123
2009-09-18,7.979033392937431
2009-09-19,7.907033690881951
2009-09-20,7.86446564402042
2009-09-21,7.765621197501456
2009-09-22,7.766539513551955
2009-09-23,7.8228340767239875
2009-09-24,8.083297003447953
2009-09-25,8.082050667484793
2009-09-26,8.036724078782743
2009-09-27,8.033467860905438
2009-09-28,8.15281901093307
2009-09-29,7.967779983719435
2009-09-30,7.97024594736767
2009-10-01,7.873834961119016
2009-10-02,7.954031721099982
2009-10-03,7.937249870516152
2009-10-04,7.940482743712786
2009-10-05,7.906155550300438
2009-10-06,7.892733833207942
2009-10-07,7.90743407502761
2009-10-08,7.909411547084521
2009-10-09,7.889162375531917
2009-10-10,7.925389917936419
2009-10-11,7.902945655990805
2009-10-12,7.86578380385863
2009-10-13,7.911061121973525
2009-10-14,7.939643397334403
2009-10-15,8.07926940941597
2009-10-16,8.208502188976425
2009-10-17,8.205608932937421
2009-10-18,8.969312279475622
2009-10-19,9.01432166407912
2009-10-20,9.329019779585868
2009-10-21,9.60702616724159
2009-10-22,10.000610715650453
2009-10-23,9.99607101709372
2009-10-24,10.00065091263513
2009-10-25,10.0069889629049
2009-10-26,10.10487081315663
2009-10-27,9.916058414555042
2009-10-28,10.124710221522054
2009-10-29,10.228732918454051
2009-10-30,10.014881797414692
2009-10-31,10.022605017912284
2009-11-01,9.925884513749622
2009-11-02,10.1418646939674
2009-11-03,10.291021122491072
2009-11-04,10.52904343871316
2009-11-05,10.607293826650224
2009-11-06,10.7891156169752
2009-11-07,10.758411537813782
2009-11-08,10.74595100467349
2009-11-09,10.78638428723368
2009-11-10,10.780432348829388
2009-11-11,10.7425489362687
2009-11-12,10.892578996650403
2009-11-13,10.959272581469346
2009-11-14,10.943557819480468
2009-11-15,10.937066217482997
2009-11-16,10.902111364118774
2009-11-17,10.890280395828018
2009-11-18,10.977073177411778
2009-11-19,10.98199193225543
2009-11-20,10.975509486802592
2009-11-21,10.965399411216024
2009-11-22,10.97621780958491
2009-11-23,10.9770701480188
2009-11-24,10.966097951539828
2009-11-25,10.838000929600929
2009-11-26,10.847448609709298
2009-11-27,11.18155095930704
2009-11-28,11.13603506349792
2009-11-29,11.160896324210665
2009-11-30,11.12227740391899
2009-12-01,11.107810286892118
2009-12-02,11.103079715118032
2009-12-03,10.995098623011431
2009-12-04,10.834938700904212
2009-12-05,10.825013448856778
2009-12-06,10.843923427193577
2009-12-07,10.731760539339302
2009-12-08,10.812100826733657
2009-12-09,11.194386148594193
2009-12-10,11.520970144163176
2009-12-11,11.475214717548369
2009-12-12,11.441003552348512
2009-12-13,11.40421782348939
2009-12-14,11.373027530639623
2009-12-15,11.624207624306097
2009-12-16,11.585683758354827
2009-12-17,11.829281123943348
2009-12-18,12.370743706683449
2009-12-19,12.326550316079484
2009-12-20,12.272111080732447
2009-12-21,12.50715361522765
2009-12-22,12.61766485754086
2009-12-23,12.499570412711678
2009-12-24,12.465893253641177
2009-12-25,12.55050358480304
2009-12-26,12.495427661293885
2009-12-27,12.44496214765013
2009-12-28,12.451053955459804
2009-12-29,12.649263438022215
2009-12-30,12.601934080914592
2009-12-31,12.525670606327626
2010-01-01,12.311671456095294
2010-01-02,12.461319937802118
2010-01-03,12.439886434805263
2010-01-04,12.243663293162
2010-01-05,12.294834415102011
2010-01-06,12.26154475298991
2010-01-07,12.292493032343586
2010-01-08,12.296867996351295
2010-01-09,12.280307647246604
2010-01-10,12.315929784510349
2010-01-11,12.281924066920734
2010-01-12,12.344745868241588
2010-01-13,12.355955700815189
2010-01-14,12.415677629006316
2010-01-15,12.42763737578691
2010-01-16,12.39539622479695
2010-01-17,12.368629394508549
2010-01-18,12.491912754236711
2010-01-19,12.5308734141473
2010-01-20,12.580316413295384
2010-01-21,12.637999012720648
2010-01-22,12.42361559082484
2010-01-23,12.438385814127022
2010-01-24,12.439225831671564
2010-01-25,12.497304961167949
2010-01-26,12.78914575010752
2010-01-27,12.857340809156426
2010-01-28,13.043162851435827
2010-01-29,12.994024914716013
2010-01-30,13.00090763899181
2010-01-31,12.968556915540386
2010-02-01,12.490359462149652
2010-02-02,12.399637551878046
2010-02-03,11.96902911524524
2010-02-04,11.706958406322396
2010-02-05,12.194975074211172
2010-02-06,12.192293317738418
2010-02-07,12.195771532169736
2010-02-08,12.233167042728969
2010-02-09,12.239318038015774
2010-02-10,12.228448977269204
2010-02-11,12.53506035861777
2010-02-12,12.55562002010244
2010-02-13,12.568466917952149
2010-02-14,12.587945906015682
2010-02-15,12.645488872661982
2010-02-16,12.461080770969373
2010-02-17,12.614664243086631
2010-02-18,12.767393066497828
2010-02-19,12.746229266285235
2010-02-20,12.733801348576003
2010-02-21,12.713702735533191
2010-02-22,12.611722755216832
2010-02-23,12.557336719174664
2010-02-24,12.435853471072846
2010-02-25,12.369363696991616
2010-02-26,12.290032823220384
2010-02-27,12.361206234760642
2010-02-28,12.646918470744628
2010-03-01,12.436351729338648
2010-03-02,12.645718610741056
2010-03-03,12.525792166112936
2010-03-04,12.575013497556638
2010-03-05,12.667476637684729
2010-03-06,12.664121284820826
2010-03-07,12.691289733805696
2010-03-08,12.758722533760182
2010-03-09,12.88068830283904
2010-03-10,13.045713936392865
2010-03-11,13.172447937631782
2010-03-12,13.134169997794048
2010-03-13,13.087898611863531
2010-03-14,13.04299208900908
2010-03-15,13.065273084940708
2010-03-16,13.00511264540007
2010-03-17,13.09274294833256
2010-03-18,13.070334894630566
2010-03-19,12.921829434298076
2010-03-20,12.84633129478663
2010-03-21,12.82032250428439
2010-03-22,12.87062449324686
2010-03-23,12.911206111089868
2010-03-24,12.964178807928691
2010-03-25,12.646506265662296
2010-03-26,12.332275976613644
2010-03-27,12.30115409607891
2010-03-28,12.30131085976031
2010-03-29,12.326122692615812
2010-03-30,12.251121386408297
2010-03-31,12.548073416147554
2010-04-01,12.191847905395392
2010-04-02,12.403421106015715
2010-04-03,12.408990484788676
2010-04-04,12.424039580768566
2010-04-05,12.402659019947205
2010-04-06,12.388185366387978
2010-04-07,12.36647834419693
2010-04-08,12.403906387536798
2010-04-09,12.388323404689707
2010-04-10,12.412485091754096
2010-04-11,12.440186834221654
2010-04-12,12.61724263216276
2010-04-13,12.585022951197969
2010-04-14,12.562773251376743
2010-04-15,12.508467719941311
2010-04-16,12.345864279360285
2010-04-17,12.331523080626702
2010-04-18,12.41465782803433
2010-04-19,12.342102648275809
2010-04-20,12.220078457260437
2010-04-21,12.080203058608497
2010-04-22,12.076911541385968
2010-04-23,12.00278622595836
2010-04-24,12.010417096334582
2010-04-25,11.998097762825456
2010-04-26,11.985707309274424
2010-04-27,11.844825914404954
2010-04-28,11.361982050922776
2010-04-29,11.482836871016437
2010-04-30,11.65022778659036
2010-05-01,11.160435372631492
2010-05-02,11.357390978179316
2010-05-03,11.346883979054391
2010-05-04,11.481129284780074
2010-05-05,11.302868767366595
2010-05-06,11.44753154704267
2010-05-07,11.307934641370212
2010-05-08,11.339781392511284
2010-05-09,11.344357892221144
2010-05-10,11.432071261598193
2010-05-11,11.419441180998778
2010-05-12,11.2487202378707
2010-05-13,11.074910337181274
2010-05-14,11.114906699885816
2010-05-15,11.095664297850265
2010-05-16,11.085866099199912
2010-05-17,11.085331074343705
2010-05-18,11.05222278214086
2010-05-19,11.13838693343403
2010-05-20,11.129314204627702
2010-05-21,11.137877628424448
2010-05-22,11.109253390361658
2010-05-23,11.137970748732176
2010-05-24,11.201564254013704
2010-05-25,11.194831567967825
2010-05-26,11.304759877467651
2010-05-27,11.337197862737115
2010-05-28,11.23821950480436
2010-05-29,11.213893679910337
2010-05-30,11.201337954627398
2010-05-31,11.240198891333334
2010-06-01,11.033003407797336
2010-06-02,11.18282433795546
2010-06-03,11.191618888761871
2010-06-04,11.481867577757846
2010-06-05,11.439607137161447
2010-06-06,11.464748215097528
2010-06-07,11.43483543739571
2010-06-08,11.562121511520624
2010-06-09,11.702946363626694
2010-06-10,12.005379874571211
2010-06-11,11.95712497104949
2010-06-12,11.882511799512528
2010-06-13,11.82682248511269
2010-06-14,11.865167848951383
2010-06-15,11.873640036648473
2010-06-16,11.739516424813647
2010-06-17,12.004051746753904
2010-06-18,11.495283024657107
2010-06-19,11.4805852375614
2010-06-20,11.489029352131
2010-06-21,11.415315152093326
2010-06-22,11.389920288518583
2010-06-23,11.276957824707726
2010-06-24,11.338470554037944
2010-06-25,11.204298404793963
2010-06-26,11.191406112847384
2010-06-27,11.161575878808634
2010-06-28,11.138666094737111
2010-06-29,11.045404425386144
2010-06-30,11.028258337092174
2010-07-01,10.742240627619086
2010-07-02,11.141337615642543
2010-07-03,11.098384251463456
2010-07-04,11.105322987476526
2010-07-05,11.1217006533812
2010-07-06,11.338397843174215
2010-07-07,11.165737429161927
2010-07-08,11.236444724734096
2010-07-09,11.349587755411845
2010-07-10,11.328036644699814
2010-07-11,11.32014591379145
2010-07-12,11.266862848981914
2010-07-13,11.363187518684096
2010-07-14,11.36652432620542
2010-07-15,11.251368301934551
2010-07-16,11.31192503062451
2010-07-17,11.306298167864956
2010-07-18,11.196942510248116
2010-07-19,11.153100571275866
2010-07-20,10.995898788169804
2010-07-21,10.796461604348323
2010-07-22,10.182919572338625
2010-07-23,10.086815602077142
2010-07-24,10.098410526835377
2010-07-25,10.09446684938773
2010-07-26,10.104395620021004
2010-07-27,9.67737368770837
2010-07-28,9.377236442497122
2010-07-29,9.22367543945984
2010-07-30,9.0667249284742
2010-07-31,9.103768584234398
2010-08-01,8.80830460076444
2010-08-02,8.94800143070647
2010-08-03,8.735684926176003
2010-08-04,8.636621836021874
2010-08-05,8.775339416491148
2010-08-06,8.81244242193257
2010-08-07,8.823411165251056
2010-08-08,8.858616414247418
2010-08-09,8.873984401750445
2010-08-10,8.827639308774197
2010-08-11,8.803081555108005
2010-08-12,8.732118528885998
2010-08-13,8.698148614030185
2010-08-14,8.69111537199919
2010-08-15,8.655892518981837
2010-08-16,8.699593486458934
2010-08-17,8.534544799376096
2010-08-18,8.474600316667916
2010-08-19,8.231420345447757
2010-08-20,8.22762618899867
2010-08-21,8.207991511455727
2010-08-22,8.147182012992493
2010-08-23,8.03194339499212
2010-08-24,7.9122894894462465
2010-08-25,7.734211766609189
2010-08-26,7.696154118354048
2010-08-27,7.701401615522736
2010-08-28,7.693580753198118
2010-08-29,7.636010671998673
2010-08-30,7.690609916698053
2010-08-31,7.81816312804298
2010-09-01,7.517111682981604
2010-09-02,7.641355793835681
2010-09-03,7.675721213175429
2010-09-04,7.649319720073637
2010-09-05,7.685188060968533
2010-09-06,7.732039189772318
2010-09-07,7.4302787091750515
2010-09-08,7.4863048069108205
2010-09-09,7.286944486499784
2010-09-10,7.349909160131766
2010-09-11,7.389491973354807
2010-09-12,7.305887315407022
2010-09-13,7.40364793631797
2010-09-14,6.708404619282188
2010-09-15,5.9294086344490795
2010-09-16,5.950808726068462
2010-09-17,5.766341210511279
2010-09-18,5.906039496374697
2010-09-19,5.916497202954308
2010-09-20,5.854745285328599
2010-09-21,5.710335245918626
2010-09-22,5.518610455671915
2010-09-23,5.554800098009261
2010-09-24,4.334038657564342
2010-09-25,3.586334337044521
2010-09-26,3.801045132186496
2010-09-27,3.8336859498785705
2010-09-28,3.882971779783398
2010-09-29,3.89793045569833
2010-09-30,3.8494120130182226
2010-10-01,3.879926817620882
2010-10-02,4.075864699808473
2010-10-03,4.135513950434748
2010-10-04,4.100263084739044
2010-10-05,3.918942050065852
2010-10-06,3.688859222467462
2010-10-07,3.596644005998829
2010-10-08,3.6606856795207694
2010-10-09,3.691018975090995
2010-10-10,3.7014344411891944
2010-10-11,3.7346714070331584
2010-10-12,3.798641534526995
2010-10-13,3.81635368812079
2010-10-14,3.777312960603468
2010-10-15,3.5410690200813058
2010-10-16,3.5886578657881936
2010-10-17,3.6214153356288152
2010-10-18,3.635427548358429
2010-10-19,3.7514386031267746
2010-10-20,3.893905026247088
2010-10-21,3.4970037600693074
2010-10-22,3.563999671147297
2010-10-23,3.560566920973912
2010-10-24,3.617180355808256
2010-10-25,3.65656220572399
2010-10-26,3.7571362718122985
2010-10-27,3.7782539644283735
2010-10-28,3.925923213174003
2010-10-29,4.019978900863184
2010-10-30,4.00410699706641
2010-10-31,4.003340328530112
2010-11-01,3.9693328416613514
2010-11-02,4.133876909664902
2010-11-03,4.32260826511941
2010-11-04,4.293720007560347
2010-11-05,4.374812036210513
2010-11-06,4.333059950554617
2010-11-07,4.318910993987446
2010-11-08,4.2168212764740245
2010-11-09,3.9469016751897583
2010-11-10,4.036475389240634
2010-11-11,3.937012264893194
2010-11-12,3.893759375546724
2010-11-13,3.917401775807175
2010-11-14,3.934421350613276
2010-11-15,4.010302884364487
2010-11-16,4.088125210210451
2010-11-17,4.180847153372146
2010-11-18,4.141486471919748
2010-11-19,4.128536917220291
2010-11-20,4.097402869152661
2010-11-21,4.09961002776722
2010-11-22,3.948116728728837
2010-11-23,3.946821789923698
2010-11-24,4.197822281968624
2010-11-25,4.200637882995487
2010-11-26,4.160017429461703
2010-11-27,4.152056222598951
2010-11-28,4.1505879499395135
2010-11-29,4.112149623317999
2010-11-30,4.103386530834324
2010-12-01,3.953435861563419
2010-12-02,3.899583645327321
2010-12-03,3.946651894824633
2010-12-04,3.973695357618384
2010-12-05,4.017548442509275
2010-12-06,3.9389514146930713
2010-12-07,3.534640804252182
2010-12-08,3.2494219864342666
2010-12-09,2.688122934920148
2010-12-10,3.2505244162790135
2010-12-11,3.326723757814202
2010-12-12,3.4082130395722627
2010-12-13,3.299823565184039
2010-12-14,3.2362225605138986
2010-12-15,3.0823949957952133
2010-12-16,2.988344574448469
2010-12-17,2.950530833651253
2010-12-18,2.887296474111884
2010-12-19,2.9568761410053988
2010-12-20,2.960429773362785
2010-12-21,2.85861507489648
2010-12-22,2.862300738569167
2010-12-23,2.7589599473233934
2010-12-24,2.6980419906638557
2010-12-25,2.7552745630139035
2010-12-26,2.799977003689514
2010-12-27,2.7955363232547237
2010-12-28,2.855005057740441
2010-12-29,2.758999875965574
2010-12-30,2.74509978040648
2010-12-31,2.69293491130937
2011-01-01,2.6451692267037616
2011-01-02,2.700307295191298
2011-01-03,2.7226767754512107
2011-01-04,2.6546688640316964
2011-01-05,2.582378171599734
2011-01-06,2.7069004442018434
2011-01-07,2.7469331583331233
2011-01-08,2.719251195258857
2011-01-09,2.6889378764527594
2011-01-10,2.706036653297121
2011-01-11,2.7033245980070775
2011-01-12,2.8386816261571353
2011-01-13,2.880963273674326
2011-01-14,2.9043085014600876
2011-01-15,2.904017102834743
2011-01-16,2.899009086414434
2011-01-17,2.9174997522746953
2011-01-18,3.1496735190856864
2011-01-19,3.116661709682699
2011-01-20,3.109416441326558
2011-01-21,3.0648409177974063
2011-01-22,3.024631258268799
2011-01-23,3.008499469627255
2011-01-24,3.0126584882222827
2011-01-25,2.9180337599769235
2011-01-26,2.8999287048539695
2011-01-27,2.9020149946363647
2011-01-28,2.8036030247930483
2011-01-29,2.7465503971343868
2011-01-30,2.7800602599680655
2011-01-31,2.708170821352828
2011-02-01,2.9587063680650836
2011-02-02,2.9900405331054034
2011-02-03,3.1316788261576223
2011-02-04,3.0270208631352915
2011-02-05,3.035702982423378
2011-02-06,3.0454243366515557
2011-02-07,3.011835061615334
2011-02-08,2.9553817389483683
2011-02-09,2.793346200629314
2011-02-10,3.024621346760255
2011-02-11,2.9978691188176887
2011-02-12,3.03722187516235
2011-02-13,2.9848553827970727
2011-02-14,2.9331564277404985
2011-02-15,2.920637934725365
2011-02-16,3.1411354216100422
2011-02-17,3.0909270892230674
2011-02-18,2.895202782589932
2011-02-19,2.8475989011230403
2011-02-20,2.9182257619657523
2011-02-21,2.9478448815904548
2011-02-22,2.706924194573602
2011-02-23,2.985275866216401
2011-02-24,2.4141051392330857
2011-02-25,2.440967347792026
2011-02-26,2.4023125045015608
2011-02-27,2.3824893562133687
2011-02-28,2.534864214944887
2011-03-01,2.464754918257951
2011-03-02,2.5837875905706573
2011-03-03,2.394697644675804
2011-03-04,2.3068043743463496
2011-03-05,2.344870585160032
2011-03-06,2.3748790136999176
2011-03-07,2.247040165465121
2011-03-08,1.9083792053406912
2011-03-09,1.8118725258444912
2011-03-10,1.6025113419438115
2011-03-11,1.8338186697013912
2011-03-12,1.9017333376908532
2011-03-13,1.8916830127568665
2011-03-14,2.0128252710378787
2011-03-15,2.082524058859513
2011-03-16,2.057291427855696
2011-03-17,2.067308367946449
2011-03-18,2.28188458702779
2011-03-19,2.231651699329978
2011-03-20,2.295938218525595
2011-03-21,2.22744692908006
2011-03-22,2.1560877546035697
2011-03-23,2.018785126062643
2011-03-24,2.017623568131336
2011-03-25,1.8907161228917388
2011-03-26,1.9247920597423311
2011-03-27,2.0588574939446924
2011-03-28,2.0488304816833356
2011-03-29,2.17406807459883
2011-03-30,2.280281761465616
2011-03-31,2.2303127426764005
2011-04-01,2.1937122790209793
2011-04-02,2.276301863598169
2011-04-03,2.275763523941389
2011-04-04,2.301626976558424
2011-04-05,2.2835314203878885
2011-04-06,2.300489893880253
2011-04-07,2.2618191214438355
2011-04-08,2.2594885101839517
2011-04-09,2.2200038384425516
2011-04-10,2.2265150405417526
2011-04-11,2.2704508533607433
2011-04-12,2.3574683152520564
2011-04-13,2.388994106378397
2011-04-14,2.4517903053966714
2011-04-15,2.3854635011212633
2011-04-16,2.3950898559982674
2011-04-17,2.3804739816729854
2011-04-18,2.5108793289043594
2011-04-19,2.088097561670897
2011-04-20,2.5211214510200946
2011-04-21,2.774642948242601
2011-04-22,2.7266014522383095
2011-04-23,2.74804478128025
2011-04-24,2.869979908102639
2011-04-25,2.903607275309221
2011-04-26,2.7591470909432356
2011-04-27,3.4499150938301018
2011-04-28,3.1114242834708676
2011-04-29,2.9443638669594536
2011-04-30,2.9625904472747076
2011-05-01,2.9351646745230653
2011-05-02,3.035864867800967
2011-05-03,2.8465479302076218
2011-05-04,2.7076087211207516
2011-05-05,2.6409306511277117
2011-05-06,2.6578792628513783
2011-05-07,2.5920285491500845
2011-05-08,2.507050103914838
2011-05-09,2.4611499204614433
2011-05-10,2.4778920926245656
2011-05-11,2.557231866437258
2011-05-12,2.668716370557682
2011-05-13,2.6698440034266655
2011-05-14,2.631798602768208
2011-05-15,2.6358704827845623
2011-05-16,2.689361332558534
2011-05-17,2.7385923910318284
2011-05-18,2.8329604669266626
2011-05-19,2.837129508508087
2011-05-20,2.8043583024190166
2011-05-21,2.7499927750441917
2011-05-22,2.7444072653012825
2011-05-23,2.819805034927156
2011-05-24,2.792475200710942
2011-05-25,3.1502580138237
2011-05-26,3.101904955871703
2011-05-27,3.1417970154653903
2011-05-28,3.155209363166311
2011-05-29,3.1409839978972687
2011-05-30,3.2254199525689295
2011-05-31,3.233083035895743
2011-06-01,3.365921369871285
2011-06-02,3.2437119014839886
2011-06-03,3.093737334907349
2011-06-04,3.0921809175205124
2011-06-05,3.117799977294739
2011-06-06,3.128715362401045
2011-06-07,3.0702078567323303
2011-06-08,3.0934255925022502
2011-06-09,2.951194826013137
2011-06-10,2.958214411171504
2011-06-11,2.993794738687076
2011-06-12,3.0052453584795717
2011-06-13,2.9071398908237587
2011-06-14,2.6676965691662216
2011-06-15,2.497399276281217
2011-06-16,2.1929088071961935
2011-06-17,2.2444691921264663
2011-06-18,2.303652035738492
2011-06-19,2.3298199476637045
2011-06-20,2.5672604701566666
2011-06-21,2.7061989095812597
2011-06-22,3.2934484017404424
2011-06-23,3.287521521746529
2011-06-24,2.729516548787543
2011-06-25,2.797906080047937
2011-06-26,2.7994228075608785
2011-06-27,2.7414097828493036
2011-06-28,2.669262038879026
2011-06-29,2.579144110813215
2011-06-30,2.2171974862424184
2011-07-01,2.284340434461632
2011-07-02,2.346188709843999
2011-07-03,2.345063839362218
2011-07-04,2.2920901002182714
2011-07-05,2.578394884555786
2011-07-06,2.53318710629002
2011-07-07,2.6841750406717844
2011-07-08,2.674820813509015
2011-07-09,2.7124670953451595
2011-07-10,2.7163548022024493
2011-07-11,2.815921776600411
2011-07-12,2.727981487385963
2011-07-13,2.7273788589965298
2011-07-14,2.6697042787572136
2011-07-15,2.6807294930908743
2011-07-16,2.753879578389101
2011-07-17,2.3663573060869676
2011-07-18,2.51780061636532
2011-07-19,2.467673104304271
2011-07-20,2.3682474352034415
2011-07-21,2.590374094098639
2011-07-22,2.4741912751984736
2011-07-23,2.5133279483639535
2011-07-24,2.530928719295506
2011-07-25,2.622795482658211
2011-07-26,2.04311851868534
2011-07-27,1.904612705724774
2011-07-28,1.332100717449482
2011-07-29,1.21358742208155
2011-07-30,1.1995925882656044
2011-07-31,1.207267255398487
2011-08-01,0.999944145760692
2011-08-02,0.6854281158825368
2011-08-03,0.6726600471617512
2011-08-04,0.5769122686389472
2011-08-05,0.5976768995598074
2011-08-06,0.5492391955066325
2011-08-07,0.5581031043605622
2011-08-08,0.4344011992092704
2011-08-09,0.4005208292385822
2011-08-10,0.4146762716496386
2011-08-11,0.5431911258996942
2011-08-12,0.5437784664920193
2011-08-13,0.5692255731037061
2011-08-14,0.5843384646383227
2011-08-15,0.5001380393446837
2011-08-16,0.352808079517688
2011-08-17,0.0911250031495027
2011-08-18,0.2552995967112885
2011-08-19,0.2670391087060615
2011-08-20,0.2979674478962706
2011-08-21,0.299351197578598
2011-08-22,0.3036718033853991
2011-08-23,0.2431267525075675
2011-08-24,0.0807648736824924
2011-08-25,0.0812815997172256
2011-08-26,0.1185167095937274
2011-08-27,0.1329064611909951
2011-08-28,0.1634621572727448
2011-08-29,0.1158582145805142
2011-08-30,0.0620127759375861
2011-08-31,-0.0331278687829588
2011-09-01,-0.0901977424299715
2011-09-02,-0.0717928825029188
2011-09-03,-0.0462263128503945
2011-09-04,-0.0614238628888303
2011-09-05,-0.0543516377971848
2011-09-06,0.0891439529737034
2011-09-07,0.1498654318144647
2011-09-08,0.1161899827405472
2011-09-09,0.2665630621907366
2011-09-10,0.3136225329132376
2011-09-11,0.3179761517743757
2011-09-12,0.315887467784844
2011-09-13,0.2237305736544244
2011-09-14,0.290556312592289
2011-09-15,0.108843533878947
2011-09-16,-0.060795109277512
2011-09-17,0.2315641127504879
2011-09-18,0.3919942861753391
2011-09-19,0.3351216009773585
2011-09-20,-0.0600801443711163
2011-09-21,-0.0055483395178839
2011-09-22,-0.0396989952480844
2011-09-23,-0.0009178509202876
2011-09-24,0.0014010721166881
2011-09-25,0.0091468182813831
2011-09-26,-0.0434081707319613
2011-09-27,-0.1645329377939897
2011-09-28,-0.0738172111474129
2011-09-29,0.102723792851618
2011-09-30,0.0710228764221452
2011-10-01,0.0412501666887934
2011-10-02,0.054880536987784
2011-10-03,0.0515924588460201
2011-10-04,-0.0465978151230288
2011-10-05,-0.1974211601722018
2011-10-06,-0.2754262588273806
2011-10-07,-0.2498599911741887
2011-10-08,-0.2468444898298178
2011-10-09,-0.2418091459169336
2011-10-10,-0.2038611228817111
2011-10-11,-0.229140768246564
2011-10-12,-0.2134016621513463
2011-10-13,-0.1733871292664655
2011-10-14,-0.1280346425489245
2011-10-15,-0.1290522589002716
2011-10-16,-0.1256451198966672
2011-10-17,-0.1175217214515964
2011-10-18,-0.2902815749218204
2011-10-19,-0.3098344991020916
2011-10-20,-0.4139461508483617
2011-10-21,-0.4552215441047988
2011-10-22,-0.4689331725503538
2011-10-23,-0.4619048951472917
2011-10-24,-0.7973211920334158
2011-10-25,-0.8539250144109392
2011-10-26,-1.1469375920826534
2011-10-27,-1.406823437752048
2011-10-28,-1.3229504829777805
2011-10-29,-1.328977940837382
2011-10-30,-1.3112034544554982
2011-10-31,-1.3837046889046
2011-11-01,-1.651862514949411
2011-11-02,-1.9552997778172392
2011-11-03,-2.1910894901995497
2011-11-04,-2.2794828324434953
2011-11-05,-2.2947253107432406
2011-11-06,-2.2977570089026456
2011-11-07,-2.3696823497175625
2011-11-08,-2.3166168693805114
2011-11-09,-2.3348216815319733
2011-11-10,-2.446681425173259
2011-11-11,-2.4707542309325112
2011-11-12,-2.4752152189735384
2011-11-13,-2.490740719233967
2011-11-14,-2.558549265110659
2011-11-15,-2.5817002495760626
2011-11-16,-2.698932705968348
2011-11-17,-2.7274579558162473
2011-11-18,-2.598431838262346
2011-11-19,-2.598072812765137
2011-11-20,-2.58339337905137
2011-11-21,-2.694027058686931
2011-11-22,-3.052771744159981
2011-11-23,-3.122580249166374
2011-11-24,-3.0886824546558596
2011-11-25,-3.0989165742161457
2011-11-26,-3.0650917464945584
2011-11-27,-3.073328015759222
2011-11-28,-3.094425820991938
2011-11-29,-3.11807956086783
2011-11-30,-3.225268820473355
2011-12-01,-3.074753651089216
2011-12-02,-3.2155154262399748
2011-12-03,-3.214746327001791
2011-12-04,-3.2358117001669084
2011-12-05,-3.1865607462233
2011-12-06,-3.1527986664727217
2011-12-07,-3.016842360302692
2011-12-08,-2.4548876767824144
2011-12-09,-2.475071576891037
2011-12-10,-2.5286532788684717
2011-12-11,-2.559056791932238
2011-12-12,-2.567240140587258
2011-12-13,-2.1459726471633784
2011-12-14,-2.0243144160632127
2011-12-15,-1.770743931471184
2011-12-16,-1.858861702140832
2011-12-17,-1.9100704133813664
2011-12-18,-1.9441269431138344
2011-12-19,-1.9841720184049696
2011-12-20,-2.036672847509494
2011-12-21,-2.080114344414315
2011-12-22,-2.276893831360853
2011-12-23,-2.3158399426931613
2011-12-24,-2.293587531016069
2011-12-25,-2.294231239361604
2011-12-26,-2.3638088510579296
2011-12-27,-2.3984901899010627
2011-12-28,-2.446064808861247
2011-12-29,-2.500775201707352
2011-12-30,-2.45644390576257
2011-12-31,-2.4547871896249767
2012-01-01,-2.3617133538930024
2012-01-02,-2.3176679704182845
2012-01-03,-2.307435392043377
2012-01-04,-2.335797644080822
2012-01-05,-2.142130181241762
2012-01-06,-2.1737878281172223
2012-01-07,-2.199718842771885
2012-01-08,-2.201873535193461
2012-01-09,-2.1963463206148144
2012-01-10,-2.1876451577561005
2012-01-11,-2.0585743289403053
2012-01-12,-2.1245212190017604
2012-01-13,-2.1464203590936566
2012-01-14,-2.161426854545475
2012-01-15,-2.1838561882162417
2012-01-16,-2.2276263238557483
2012-01-17,-2.2707039470811905
2012-01-18,-2.243698468304472
2012-01-19,-2.2596440297472817
2012-01-20,-2.2501945424968195
2012-01-21,-2.2511357836367365
2012-01-22,-2.2421510589130618
2012-01-23,-2.2310817552778484
2012-01-24,-2.038034851877205
2012-01-25,-1.957971217980808
2012-01-26,-2.1769435794511782
2012-01-27,-2.470504128027655
2012-01-28,-2.495890382632396
2012-01-29,-2.4933522985752195
2012-01-30,-2.4500339702679694
2012-01-31,-2.6090744301654083
2012-02-01,-2.7060718932942
2012-02-02,-2.428056624510761
2012-02-03,-2.465957369180436
2012-02-04,-2.4818323651157854
2012-02-05,-2.514999647044547
2012-02-06,-2.628336642257976
2012-02-07,-2.67160472729625
2012-02-08,-2.822041009388633
2012-02-09,-2.8056705887619597
2012-02-10,-2.8099565517748175
2012-02-11,-2.803851022244869
2012-02-12,-2.7939073568184067
2012-02-13,-2.816359051378627
2012-02-14,-2.748926615600624
2012-02-15,-2.828200574858829
2012-02-16,-2.9158393921767107
2012-02-17,-2.936023754686504
2012-02-18,-2.760350888478129
2012-02-19,-2.771481312441551
2012-02-20,-2.77460849415469
2012-02-21,-2.8292828910395382
2012-02-22,-2.8079373756364827
2012-02-23,-2.9375897256795014
2012-02-24,-2.9322984978153395
2012-02-25,-2.9986807869098895
2012-02-26,-3.014025981689461
2012-02-27,-3.0725003161297213
2012-02-28,-2.9655025683273735
2012-02-29,-2.947092336303219
2012-03-01,-3.010048778452076
2012-03-02,-3.117584152119864
2012-03-03,-3.11963467327788
2012-03-04,-3.1241649035260144
2012-03-05,-3.1071531244070405
2012-03-06,-3.2856710063775445
2012-03-07,-3.4544187308263217
2012-03-08,-3.2852288033861017
2012-03-09,-3.3091826654562615
2012-03-10,-3.274954153291904
2012-03-11,-3.257171965288422
2012-03-12,-3.2302057570048097
2012-03-13,-3.2942393884424463
2012-03-14,-3.224572613417961
2012-03-15,-3.4978611707298137
2012-03-16,-3.6028479315911315
2012-03-17,-3.5250765315837618
2012-03-18,-3.4315475251739276
2012-03-19,-3.5269803152489425
2012-03-20,-3.6991593408582615
2012-03-21,-3.746445289702571
2012-03-22,-3.649892832099439
2012-03-23,-3.5947699245938916
2012-03-24,-3.706432227655223
2012-03-25,-3.699069267302941
2012-03-26,-3.681986908544516
2012-03-27,-3.617436130433096
2012-03-28,-3.654526799418051
2012-03-29,-3.61635464652917
2012-03-30,-3.61201251763799
2012-03-31,-3.6055292862298343
2012-04-01,-3.493616426469881
2012-04-02,-3.5697805111721896
2012-04-03,-3.5462027677855046
2012-04-04,-3.5116691531373077
2012-04-05,-3.5722612226309307
2012-04-06,-3.5657669071893108
2012-04-07,-3.5811750383413115
2012-04-08,-3.5577549280248593
2012-04-09,-3.427406092800966
2012-04-10,-3.4163028683109458
2012-04-11,-3.777755191196122
2012-04-12,-3.687747926806039
2012-04-13,-3.653880187767869
2012-04-14,-3.6700760404205264
2012-04-15,-3.6794503277265074
2012-04-16,-3.7037671146348665
2012-04-17,-3.4802127047482783
2012-04-18,-3.4800422098306596
2012-04-19,-3.410798252640779
2012-04-20,-3.390353722092108
2012-04-21,-3.365804725275929
2012-04-22,-3.3664158030278717
2012-04-23,-3.4535997716319953
2012-04-24,-3.1267900273603786
2012-04-25,-2.8778116822125805
2012-04-26,-2.9052751321171546
2012-04-27,-2.6299273005781822
2012-04-28,-2.609102506369295
2012-04-29,-2.6223424699885314
2012-04-30,-2.5762961983662427
2012-05-01,-2.2976747554166472
2012-05-02,-2.172343949954617
2012-05-03,-2.107994487308156
2012-05-04,-2.0872460505887096
2012-05-05,-2.0486467042987053
2012-05-06,-2.0429369774531834
2012-05-07,-2.0220877129704125
2012-05-08,-1.947374858362716
2012-05-09,-1.8448295213457424
2012-05-10,-1.6634488531188223
2012-05-11,-1.441089193040722
2012-05-12,-1.4304809467252166
2012-05-13,-1.4159671099059603
2012-05-14,-1.4423758861616465
2012-05-15,-1.3572288550524845
2012-05-16,-1.269292885604042
2012-05-17,-1.235860644030744
2012-05-18,-1.1309703484477862
2012-05-19,-1.1590907189657618
2012-05-20,-1.1724882649724542
2012-05-21,-1.1945744190131655
2012-05-22,-1.2269300538150043
2012-05-23,-1.220276942306812
2012-05-24,-1.2037750655277912
2012-05-25,-1.156716404391543
2012-05-26,-1.136792979469436
2012-05-27,-1.1336625902696156
2012-05-28,-1.1496816698953174
2012-05-29,-1.1533090486343769
2012-05-30,-1.1872040957168055
2012-05-31,-1.1796468582929132
2012-06-01,-1.120998493902746
2012-06-02,-1.1191989967740437
2012-06-03,-1.1043026194511008
2012-06-04,-1.1010427888164775
2012-06-05,-1.179617788589206
2012-06-06,-1.1625483891511998
2012-06-07,-1.2240272450775531
2012-06-08,-1.3196315364478362
2012-06-09,-1.2841994850756342
2012-06-10,-1.2949027536199542
2012-06-11,-1.346720519680854
2012-06-12,-1.412068812718965
2012-06-13,-1.6154061624819005
2012-06-14,-1.8258229862022777
2012-06-15,-1.7137405757243578
2012-06-16,-1.6825786118603023
2012-06-17,-1.6601627174749782
2012-06-18,-1.64922249132581
2012-06-19,-1.4685529450578605
2012-06-20,-1.5205591823084237
2012-06-21,-1.449598539645227
2012-06-22,-1.313485521778597
2012-06-23,-1.3237809579007946
2012-06-24,-1.329528789311772
2012-06-25,-1.3416451371291922
2012-06-26,-1.3344346206036792
2012-06-27,-1.2644080543315623
2012-06-28,-1.4577357828814612
2012-06-29,-1.4069818623538597
2012-06-30,-1.433066474563292
2012-07-01,-1.3715501152535017
2012-07-02,-1.4196915117248672
2012-07-03,-1.446864086234156
2012-07-04,-1.7268053345455667
2012-07-05,-1.538204852955063
2012-07-06,-1.4117458152188258
2012-07-07,-1.4223352772848747
2012-07-08,-1.427358094936805
2012-07-09,-1.3895259462933376
2012-07-10,-1.3199114400581864
2012-07-11,-1.3205802814258096
2012-07-12,-0.879428978309414
2012-07-13,-0.95159834307556
2012-07-14,-0.8524680850040269
2012-07-15,-0.9139575252318504
2012-07-16,-0.8570460164791909
2012-07-17,-1.057339405863988
2012-07-18,-1.1177004486594695
2012-07-19,-1.2097394324272124
2012-07-20,-1.2895715090377249
2012-07-21,-1.327543892349063
2012-07-22,-1.347210031390475
2012-07-23,-1.4275457458926086
2012-07-24,-1.3018712156813887
2012-07-25,-1.2761122374723028
2012-07-26,-1.0879999902049458
2012-07-27,-0.995793706871166
2012-07-28,-1.0120682049234706
2012-07-29,-0.9920786262998652
2012-07-30,-1.018708604272464
2012-07-31,-1.2886728679722792
2012-08-01,-1.7829919026051408
2012-08-02,-1.757726085581117
2012-08-03,-1.6660565566013996
2012-08-04,-1.6921842488208074
2012-08-05,-1.6915982707138946
2012-08-06,-1.6888801283222588
2012-08-07,-2.150871055417494
2012-08-08,-2.279542252246486
2012-08-09,-2.3810219874511587
2012-08-10,-2.4134027312359674
2012-08-11,-2.409537554702049
2012-08-12,-2.4199787752338997
2012-08-13,-2.413057988502019
2012-08-14,-2.4508982065448635
2012-08-15,-2.3864469376859985
2012-08-16,-2.315292489601087
2012-08-17,-2.30571873694677
2012-08-18,-2.2881605669505056
2012-08-19,-2.304741944783355
2012-08-20,-2.276329460655484
2012-08-21,-2.2693557500775237
2012-08-22,-2.208804622372008
2012-08-23,-2.1974777155046827
2012-08-24,-2.215645196787131
2012-08-25,-2.241784573590267
2012-08-26,-2.272850582063941
2012-08-27,-2.1659517739656664
2012-08-28,-2.1322073958645844
2012-08-29,-2.11759404059977
2012-08-30,-2.211199169851521
2012-08-31,-2.195873004700407
2012-09-01,-2.098959884101088
2012-09-02,-2.154800467855181
2012-09-03,-2.122896418224945
2012-09-04,-1.7753962243801158
2012-09-05,-2.070964396854848
2012-09-06,-2.20363488231091
2012-09-07,-2.103463394959066
2012-09-08,-2.1042171532191807
2012-09-09,-2.1057902471818
2012-09-10,-2.0820590290163845
2012-09-11,-2.0678055013483805
2012-09-12,-2.496934119294243
2012-09-13,-2.42886575333469
2012-09-14,-2.365528157270729
2012-09-15,-2.3371596745538197
2012-09-16,-2.33325191377521
2012-09-17,-2.4397446570837635
2012-09-18,-2.2830281375224404
2012-09-19,-2.1115762214800515
2012-09-20,-2.1456579227463815
2012-09-21,-2.1683748958819757
2012-09-22,-2.167860224852406
2012-09-23,-2.1716713755906176
2012-09-24,-2.1862803210486383
2012-09-25,-2.1887642351141876
2012-09-26,-2.1762798429621637
2012-09-27,-2.1327166401782223
2012-09-28,-2.1267305374788608
2012-09-29,-2.1234725061911073
2012-09-30,-2.12234938516362
2012-10-01,-2.0423563772437134
2012-10-02,-2.1098415222946505
2012-10-03,-2.0833972883433463
2012-10-04,-2.122366551390374
2012-10-05,-2.105063368090124
2012-10-06,-2.110273064420748
2012-10-07,-2.1405568193448676
2012-10-08,-2.1409733727078466
2012-10-09,-2.1841713160432263
2012-10-10,-2.236621136915197
2012-10-11,-2.203907549799607
2012-10-12,-2.189940971663823
2012-10-13,-2.173658438849066
2012-10-14,-2.1743476256909844
2012-10-15,-2.185710702486827
2012-10-16,-2.200896530253992
2012-10-17,-2.0691860669527844
2012-10-18,-1.9715692265686815
2012-10-19,-1.8938145785999885
2012-10-20,-1.9072256594810697
2012-10-21,-1.8930881139317215
2012-10-22,-1.662887429974102
2012-10-23,-1.8036355895424192
2012-10-24,-1.7964452319168005
2012-10-25,-1.6374213697220583
2012-10-26,-1.414005037580233
2012-10-27,-1.4383742725887425
2012-10-28,-1.4724827494831303
2012-10-29,-1.394927780812374
2012-10-30,-1.1076754001998972
2012-10-31,-0.9112635147013932
2012-11-01,-0.3573693889666163
2012-11-02,-0.3775953683707971
2012-11-03,-0.385765191598163
2012-11-04,-0.3764577515653708
2012-11-05,-0.2495693647289298
2012-11-06,-0.0920777791631608
2012-11-07,-0.0499718857723352
2012-11-08,-0.273830528166658
2012-11-09,-0.2372780461240442
2012-11-10,-0.2160473031644498
2012-11-11,-0.2609111392311123
2012-11-12,-0.2438135328023645
2012-11-13,-0.2141683723286171
2012-11-14,-0.3209828482452546
2012-11-15,-0.3786553940485659
2012-11-16,-0.3509791045724491
2012-11-17,-0.3834553543063923
2012-11-18,-0.3237696502420117
2012-11-19,-0.307852097554663
2012-11-20,-0.2018697781199305
2012-11-21,-0.3117389435369202
2012-11-22,-0.3467839805774928
2012-11-23,-0.3407918064523547
2012-11-24,-0.3401482736586088
2012-11-25,-0.3397785031308398
2012-11-26,-0.3605777915461803
2012-11-27,-0.3708413245772322
2012-11-28,-0.3954641620540204
2012-11-29,-0.3740127868349521
2012-11-30,-0.3884639890659864
2012-12-01,-0.3010634189934611
2012-12-02,-0.3497984416856088
2012-12-03,-0.3599258346129659
2012-12-04,-0.435158287593804
2012-12-05,-0.4138420837067456
2012-12-06,-0.3960071168254966
2012-12-07,-0.2613710045236879
2012-12-08,-0.252360775563806
2012-12-09,-0.25616904280541
2012-12-10,-0.2462675078698653
2012-12-11,0.0804228813873602
2012-12-12,0.2926829244827966
2012-12-13,0.6661066544108709
2012-12-14,0.6904528480286611
2012-12-15,0.6278761049340706
2012-12-16,0.5903727870826041
2012-12-17,0.5610406438985471
2012-12-18,0.8214843985956262
2012-12-19,0.7790884235741697
2012-12-20,0.8552001895909283
2012-12-21,0.8572300401015256
2012-12-22,0.8458680485867722
2012-12-23,0.8271017561360985
2012-12-24,0.936768426709073
2012-12-25,0.9792461405311566
2012-12-26,0.9805555159099164
2012-12-27,0.9708618450110568
2012-12-28,0.9229298778174936
2012-12-29,0.9144505580496376
2012-12-30,0.912479520382672
2012-12-31,0.9381064507157076
2013-01-01,1.0266543007061464
2013-01-02,1.0408936098493051
2013-01-03,1.1016867352756514
2013-01-04,1.0826280791174987
2013-01-05,1.0732961787310518
2013-01-06,1.0781079400101974
2013-01-07,1.0610963972611014
2013-01-08,1.1046242493389211
2013-01-09,1.1731588532250004
2013-01-10,1.1488728703208642
2013-01-11,1.1135838469065564
2013-01-12,1.1174674516629934
2013-01-13,1.1115793933302345
2013-01-14,1.1023274023795426
2013-01-15,1.0429277201293623
2013-01-16,0.996027328687622
2013-01-17,1.070342244559217
2013-01-18,1.200297978943152
2013-01-19,1.1759358797293271
2013-01-20,1.175527178840527
2013-01-21,1.1555278756553622
2013-01-22,1.0720258218975365
2013-01-23,1.1550649057878937
2013-01-24,1.018224293783346
2013-01-25,0.9794449234776336
2013-01-26,0.9955008125094288
2013-01-27,1.0037776364805926
2013-01-28,1.0481735862166075
2013-01-29,1.190874919923294
2013-01-30,1.404345714213997
2013-01-31,1.3004636556068294
2013-02-01,1.22931110100413
2013-02-02,1.1783509031910275
2013-02-03,1.1528458193081073
2013-02-04,0.978513719340644
2013-02-05,1.0014573952088142
2013-02-06,1.0012808697097295
2013-02-07,1.0705834579969613
2013-02-08,1.065321194149591
2013-02-09,1.0823485194496878
2013-02-10,1.0820584395081574
2013-02-11,1.032656618161476
2013-02-12,1.1277060314311709
2013-02-13,1.125069688424954
2013-02-14,0.8208568284678186
2013-02-15,0.8968299595859104
2013-02-16,0.9167733958192856
2013-02-17,0.929241493862648
2013-02-18,0.93944319211251
2013-02-19,0.9527615222625552
2013-02-20,0.6065503997624573
2013-02-21,0.446948493299645
2013-02-22,0.5063271829412674
2013-02-23,0.5263446012455533
2013-02-24,0.4426934478672266
2013-02-25,0.3211605979362875
2013-02-26,0.3772064385442728
2013-02-27,0.3448639839657725
2013-02-28,0.2840608071152044
2013-03-01,0.2802006066328562
2013-03-02,0.2091284202519538
2013-03-03,0.2054496261567537
2013-03-04,0.2080624266721769
2013-03-05,0.2661727201936259
2013-03-06,0.3316413803210694
2013-03-07,0.3124162284016414
2013-03-08,0.4227481381856739
2013-03-09,0.3787129687071191
2013-03-10,0.3749107296551426
2013-03-11,0.658621511887187
2013-03-12,0.7378389094953675
2013-03-13,0.8974143981045284
2013-03-14,1.316440979427718
2013-03-15,0.7937404935420453
2013-03-16,0.7003592647249894
2013-03-17,0.646685532150473
2013-03-18,0.709746764572408
2013-03-19,0.8943774308785886
2013-03-20,1.0507743932815528
2013-03-21,1.2353209473556743
2013-03-22,1.2846696800846749
2013-03-23,1.246163328779542
2013-03-24,1.196208395568601
2013-03-25,1.2127469139354374
2013-03-26,1.1274485465957875
2013-03-27,1.0200614579055205
2013-03-28,1.0248160910849462
2013-03-29,1.011266629655789
2013-03-30,1.0245558590565422
2013-03-31,1.0431859410882238
2013-04-01,1.148608015805459
2013-04-02,1.0998807593177489
2013-04-03,1.0641339067301367
2013-04-04,1.0884064203710022
2013-04-05,1.0777949852848383
2013-04-06,1.0761939633414397
2013-04-07,1.0844982042746498
2013-04-08,1.1819208920569464
2013-04-09,1.3326401900707592
2013-04-10,1.2853556054738968
2013-04-11,1.257831792344684
2013-04-12,1.243404860069416
2013-04-13,1.232777533076654
2013-04-14,1.221261072619388
2013-04-15,1.158702606268588
2013-04-16,1.1250824817051497
2013-04-17,0.981461633007866
2013-04-18,1.27447477245222
2013-04-19,1.3402227036637535
2013-04-20,1.348663891534628
2013-04-21,1.3772980654751068
2013-04-22,1.371821589626786
2013-04-23,1.7123387965374386
2013-04-24,1.8523536364491484
2013-04-25,1.9003775373475371
2013-04-26,2.0908461128125224
2013-04-27,2.0773879569711875
2013-04-28,2.050996556023493
2013-04-29,2.049660663339881
2013-04-30,2.024161436728852
2013-05-01,2.046615785821482
2013-05-02,2.5335090686292103
2013-05-03,2.5909151400590713
2013-05-04,2.582291898060638
2013-05-05,2.557653763872276
2013-05-06,2.574021553675202
2013-05-07,2.7229580469056915
2013-05-08,2.777845270352327
2013-05-09,2.75237701809869
2013-05-10,2.813470849182351
2013-05-11,2.843953126835588
2013-05-12,2.834899757865671
2013-05-13,2.86838960753994
2013-05-14,2.8647585881623376
2013-05-15,2.7886846535242658
2013-05-16,2.9883832035337785
2013-05-17,2.984296211476007
2013-05-18,2.9771689992828776
2013-05-19,2.9707489915593905
2013-05-20,2.9760238782449555
2013-05-21,3.195731420158322
2013-05-22,3.2505148718662182
2013-05-23,3.2113460364772703
2013-05-24,3.2228288046796876
2013-05-25,3.2276940137728456
2013-05-26,3.255721625500196
2013-05-27,3.218841528257782
2013-05-28,3.1664191979779592
2013-05-29,3.1165526983631855
2013-05-30,3.1734495453598734
2013-05-31,3.1766591958724204
2013-06-01,3.1775292270468176
2013-06-02,3.1749767384047476
2013-06-03,3.145091121055099
2013-06-04,3.1303693781266224
2013-06-05,3.0688399527548427
2013-06-06,2.897932583267799
2013-06-07,2.805449332771793
2013-06-08,2.8490778624854576
2013-06-09,2.8740041169129418
2013-06-10,2.83241256010214
2013-06-11,2.626025872393128
2013-06-12,2.6404397414737972
2013-06-13,2.93156220474123
2013-06-14,3.221718351190354
2013-06-15,3.209263638937961
2013-06-16,3.1973668980590073
2013-06-17,3.200198181919838
2013-06-18,3.2113898840675024
2013-06-19,3.4080952389112587
2013-06-20,3.0194191067010743
2013-06-21,3.041940617767019
2013-06-22,3.047629208382899
2013-06-23,3.0330201260313947
2013-06-24,3.1105530834061264
2013-06-25,3.125822552065814
2013-06-26,3.3626146804311547
2013-06-27,3.4005471624080337
2013-06-28,3.444541686690865
2013-06-29,3.4269528140361554
2013-06-30,3.413105832239761
2013-07-01,3.3792751441423956
2013-07-02,3.3229913939652667
2013-07-03,3.3193775342869785
2013-07-04,3.451347241172055
2013-07-05,3.466039674198618
2013-07-06,3.389649432389544
2013-07-07,3.3844526432508664
2013-07-08,3.389553600492604
2013-07-09,3.3057897776229073
2013-07-10,3.246150940646337
2013-07-11,3.3099102926233708
2013-07-12,3.3270154758412973
2013-07-13,3.347243022886131
2013-07-14,3.3505170225597816
2013-07-15,3.418675290050063
2013-07-16,3.724016637265529
2013-07-17,3.747129316784715
2013-07-18,3.8796130491716463
2013-07-19,3.9342004279424696
2013-07-20,3.91982793562964
2013-07-21,3.921199133820092
2013-07-22,3.931857607489796
2013-07-23,3.7354767463157614
2013-07-24,3.792305246647546
2013-07-25,3.6913690389601
2013-07-26,3.754920189767839
2013-07-27,3.7704906136815057
2013-07-28,3.783621114167541
2013-07-29,3.8914279548927766
2013-07-30,3.8463749467062
2013-07-31,3.7854098135594247
2013-08-01,3.654754628308582
2013-08-02,3.5566453620773033
2013-08-03,3.5670202181375927
2013-08-04,3.5696343469163656
2013-08-05,3.5565654346757114
2013-08-06,3.728649230280032
2013-08-07,3.689316673358456
2013-08-08,4.015240543706961
2013-08-09,4.2486785044026405
2013-08-10,4.277958509335977
2013-08-11,4.304129606286519
2013-08-12,4.27433691672003
2013-08-13,4.225170884891774
2013-08-14,4.295545032836886
2013-08-15,4.287350384044692
2013-08-16,4.375684848905068
2013-08-17,4.369800841093713
2013-08-18,4.338778610993535
2013-08-19,4.300361379803943
2013-08-20,4.2459641962547465
2013-08-21,4.229084989914636
2013-08-22,4.246522281380855
2013-08-23,4.2449144150634845
2013-08-24,4.242196424219072
2013-08-25,4.223760453625648
2013-08-26,4.191172506199034
2013-08-27,4.182084417879891
2013-08-28,4.191669835634889
2013-08-29,4.1371609505519285
2013-08-30,4.106752843178652
2013-08-31,4.125179689800668
2013-09-01,4.082862296132184
2013-09-02,4.098194713491272
2013-09-03,4.11600092340321
2013-09-04,4.000855905304153
2013-09-05,3.752431871825448
2013-09-06,3.756040607772311
2013-09-07,3.803996916145635
2013-09-08,3.817126193384829
2013-09-09,3.811214316792236
2013-09-10,3.412639391066852
2013-09-11,3.351426769654835
2013-09-12,3.49999782347108
2013-09-13,3.251225415408693
2013-09-14,3.281406993447622
2013-09-15,3.328298294245684
2013-09-16,3.3241841046362683
2013-09-17,3.3303690572137414
2013-09-18,3.1894295159922463
2013-09-19,2.9775249479366837
2013-09-20,3.093273577557703
2013-09-21,3.1092247627047964
2013-09-22,3.122026912897667
2013-09-23,3.075158202981215
2013-09-24,3.0500485382536677
2013-09-25,2.963507883126438
2013-09-26,2.834733022721225
2013-09-27,2.6814048954775735
2013-09-28,2.69874967717192
2013-09-29,2.70997688656592
2013-09-30,2.6996084173318597
2013-10-01,2.6826108504559145
2013-10-02,2.5930579584508533
2013-10-03,2.5489633734892108
2013-10-04,2.5772942435324953
2013-10-05,2.5787024212067617
2013-10-06,2.5751716643535496
2013-10-07,2.5747653826049666
2013-10-08,2.577818588510816
2013-10-09,2.5685652896716915
2013-10-10,2.537698919585157
2013-10-11,2.553704843689156
2013-10-12,2.565895408132989
2013-10-13,2.5506239740621046
2013-10-14,2.5858692870124793
2013-10-15,2.53846766737212
2013-10-16,2.492793602883718
2013-10-17,2.8973781763845365
2013-10-18,2.881563898653444
2013-10-19,2.87713237579965
2013-10-20,2.8895656169302084
2013-10-21,2.94698568307346
2013-10-22,3.204997203202019
2013-10-23,3.2231378717775394
2013-10-24,3.3730168527123925
2013-10-25,3.3664086552519272
2013-10-26,3.3933519568582833
2013-10-27,3.399198524855526
2013-10-28,3.288974322087911
2013-10-29,3.4543945872803725
2013-10-30,3.6491461046237026
2013-10-31,3.3413957021871292
2013-11-01,3.2936971875499403
2013-11-02,3.300549710172863
2013-11-03,3.3001481442764105
2013-11-04,3.3172291732516923
2013-11-05,3.347365149323988
2013-11-06,3.366733048867917
2013-11-07,3.4952690141097076
2013-11-08,3.4628246311160393
2013-11-09,3.46457113086561
2013-11-10,3.4665959842184826
2013-11-11,3.475513558717994
2013-11-12,3.459649248940204
2013-11-13,3.5042405604417555
2013-11-14,3.5493744826126146
2013-11-15,3.51669248040715
2013-11-16,3.4894517839073274
2013-11-17,3.4914543820327246
2013-11-18,3.5461031430096863
2013-11-19,3.60456559102213
2013-11-20,3.788978519362648
2013-11-21,3.779243600567771
2013-11-22,3.75588510500415
2013-11-23,3.711336666292112
2013-11-24,3.687912560634357
2013-11-25,3.818188807763823
2013-11-26,3.8745700016021942
2013-11-27,4.036828013247035
2013-11-28,4.0852064334607325
2013-11-29,4.087983529421063
2013-11-30,4.074327194450058
2013-12-01,4.103605369681583
2013-12-02,4.152616115896722
2013-12-03,4.316955811111015
2013-12-04,4.484471510933902
2013-12-05,4.546285519430654
2013-12-06,4.467456971144285
2013-12-07,4.471418844358878
2013-12-08,4.484675336831885
2013-12-09,4.531908572745479
2013-12-10,4.467196034075529
2013-12-11,4.524993056928858
2013-12-12,4.372613538309598
2013-12-13,4.327920093173835
2013-12-14,4.308565482579121
2013-12-15,4.30667683071308
2013-12-16,4.378961975331226
2013-12-17,4.570465456921749
2013-12-18,5.039410072409193
2013-12-19,4.963806765239805
2013-12-20,4.748007578850941
2013-12-21,4.764560626337636
2013-12-22,4.767263108439237
2013-12-23,4.728890298393709
2013-12-24,5.073249800815857
2013-12-25,5.181326079590809
2013-12-26,5.141319504489686
2013-12-27,5.15059519188103
2013-12-28,5.139577186136516
2013-12-29,5.113187711856179
2013-12-30,5.087689256651198
2013-12-31,5.077266674748823
2014-01-01,5.046755150898737
2014-01-02,4.980292545333559
2014-01-03,4.975384867817722
2014-01-04,4.978603438563023
2014-01-05,4.962593419205584
2014-01-06,4.979964876782081
2014-01-07,5.096765460086264
2014-01-08,5.192639919658019
2014-01-09,5.200335589279977
2014-01-10,5.189549093360529
2014-01-11,5.196087862462143
2014-01-12,5.195013382147636
2014-01-13,5.169694023855447
2014-01-14,5.161163094840636
2014-01-15,5.130828206423237
2014-01-16,5.07636364103616
2014-01-17,5.085154596147625
2014-01-18,5.0736876997739975
2014-01-19,5.058388866731465
2014-01-20,5.043306144433067
2014-01-21,4.88971061878093
2014-01-22,4.891872343955442
2014-01-23,4.8996563396032276
2014-01-24,5.014610800512747
2014-01-25,5.0311465681415575
2014-01-26,5.018554726368963
2014-01-27,4.818651683009575
2014-01-28,4.6472846925728195
2014-01-29,5.003770397963878
2014-01-30,5.431720193591443
2014-01-31,5.485247755550548
2014-02-01,5.4391627727115495
2014-02-02,5.492150187169001
2014-02-03,5.515171912076704
2014-02-04,5.3807320834101935
2014-02-05,5.458829517194017
2014-02-06,5.48529446991901
2014-02-07,5.504329829697762
2014-02-08,5.501991029867575
2014-02-09,5.502219312079615
2014-02-10,5.476726313685861
2014-02-11,5.490854096701361
2014-02-12,5.3974581097564585
2014-02-13,5.363533213602205
2014-02-14,5.425761399235745
2014-02-15,5.444104410989043
2014-02-16,5.454775647085567
2014-02-17,5.463134179386471
2014-02-18,5.480873577083604
2014-02-19,5.623804101329878
2014-02-20,5.576754312247706
2014-02-21,5.579620853584509
2014-02-22,5.607848970556281
2014-02-23,5.651818688325665
2014-02-24,5.550096462194731
2014-02-25,5.636571304487157
2014-02-26,5.58593800933627
2014-02-27,5.505875847831538
2014-02-28,5.479319169747311
2014-03-01,5.484813835065002
2014-03-02,5.482144637770708
2014-03-03,5.447720694361731
2014-03-04,5.539708402427783
2014-03-05,5.445104168882263
2014-03-06,5.2032973004237375
2014-03-07,5.2973497584189575
2014-03-08,5.303583131114321
2014-03-09,5.295122602556773
2014-03-10,5.24887610341149
2014-03-11,5.4179666794411645
2014-03-12,5.447980068871804
2014-03-13,5.245552934333634
2014-03-14,5.113201798756536
2014-03-15,5.180731985308341
2014-03-16,5.203414528271973
2014-03-17,5.075175469510404
2014-03-18,4.958263019324443
2014-03-19,4.832495495930226
2014-03-20,4.467684388725149
2014-03-21,4.537600368541593
2014-03-22,4.581707305380178
2014-03-23,4.595979440891574
2014-03-24,4.520819616440335
2014-03-25,4.554189046036391
2014-03-26,4.569450979614116
2014-03-27,4.723625989985998
2014-03-28,4.732272753136137
2014-03-29,4.769252450070624
2014-03-30,4.789709755575154
2014-03-31,4.794317828385842
2014-04-01,4.778752221359843
2014-04-02,4.782498873747168
2014-04-03,4.917791982097846
2014-04-04,4.900957870421225
2014-04-05,4.892940438971656
2014-04-06,4.897853504547439
2014-04-07,4.879258571515181
2014-04-08,4.900524797663461
2014-04-09,4.854038836918935
2014-04-10,4.851489343613464
2014-04-11,4.842337744165132
2014-04-12,4.837167883460332
2014-04-13,4.836088199988113
2014-04-14,4.818960975633225
2014-04-15,4.758686311807633
2014-04-16,4.68913019800651
2014-04-17,4.3223584370889885
2014-04-18,4.405765359912619
2014-04-19,4.393831398723836
2014-04-20,4.4054395927200725
2014-04-21,4.41706759260813
2014-04-22,4.60315268095291
2014-04-23,4.806345114115273
2014-04-24,4.369646621124951
2014-04-25,4.349625308468045
2014-04-26,4.345838434718253
2014-04-27,4.342551870221785
2014-04-28,4.343347786617259
2014-04-29,4.552098963437189
2014-04-30,4.465896563514938
2014-05-01,4.404917755979479
2014-05-02,4.162093272905326
2014-05-03,4.151368468045342
2014-05-04,4.135965607324041
2014-05-05,4.0780853665722026
2014-05-06,4.057149282754385
2014-05-07,4.040828536051651
2014-05-08,3.983269840251761
2014-05-09,3.956314258175776
2014-05-10,3.953483047733117
2014-05-11,3.982406369694353
2014-05-12,4.129205992807716
2014-05-13,4.170340145327868
2014-05-14,4.227564233509312
2014-05-15,4.294418666318929
2014-05-16,4.2755872786464995
2014-05-17,4.307742588410467
2014-05-18,4.343462800726554
2014-05-19,4.2266417239376874
2014-05-20,4.129125065740171
2014-05-21,4.090832615791214
2014-05-22,4.221049871860952
2014-05-23,4.226436935961523
2014-05-24,4.2257634946752844
2014-05-25,4.218096381215194
2014-05-26,4.213093463549636
2014-05-27,4.15615733068404
2014-05-28,4.065481426049238
2014-05-29,4.084598632456515
2014-05-30,4.090188245828236
2014-05-31,4.106989270965181
2014-06-01,4.103284673072867
2014-06-02,4.090539750957602
2014-06-03,4.041367403286163
2014-06-04,4.054336298623234
2014-06-05,4.051465402856645
2014-06-06,4.030416534214604
2014-06-07,4.038652355353668
2014-06-08,4.055141363423691
2014-06-09,4.059133462121352
2014-06-10,4.120709121175861
2014-06-11,4.270529372331995
2014-06-12,4.430523210240537
2014-06-13,4.392944942992156
2014-06-14,4.380007528404089
2014-06-15,4.3627698642963075
2014-06-16,4.251470443279421
2014-06-17,4.1350564601024224
2014-06-18,3.983441219052795
2014-06-19,4.041108230928128
2014-06-20,4.202027436008002
2014-06-21,4.1897237051979985
2014-06-22,4.189964135677176
2014-06-23,4.326538403213292
2014-06-24,4.397619517299157
2014-06-25,4.328893732449927
2014-06-26,4.297012014867818
2014-06-27,4.288649239570631
2014-06-28,4.272790808474097
2014-06-29,4.265529769843204
2014-06-30,4.2467953621095775
2014-07-01,4.201818198608778
2014-07-02,4.214243635197274
2014-07-03,4.451356707107795
2014-07-04,4.385608632806776
2014-07-05,4.369430567403425
2014-07-06,4.364243181336997
2014-07-07,4.375205160777043
2014-07-08,4.42940521428571
2014-07-09,4.692135346665929
2014-07-10,4.781863396896377
2014-07-11,4.732905030150215
2014-07-12,4.705735719635717
2014-07-13,4.722782270679302
2014-07-14,4.7729010821279285
2014-07-15,4.706194691281427
2014-07-16,4.6250983077636985
2014-07-17,4.616910268688883
2014-07-18,4.686690606533407
2014-07-19,4.673538963207234
2014-07-20,4.675660928594607
2014-07-21,4.7283250561527534
2014-07-22,4.718115499982899
2014-07-23,4.781247901051147
2014-07-24,4.901163354605831
2014-07-25,4.895986426073169
2014-07-26,4.88407950314881
2014-07-27,4.8612125780686695
2014-07-28,4.8587340939166195
2014-07-29,4.938466786560717
2014-07-30,4.939214359760864
2014-07-31,4.905870602408847
2014-08-01,5.136326717032733
2014-08-02,5.135469887487119
2014-08-03,5.143187221332309
2014-08-04,5.181281570668109
2014-08-05,5.304740644466388
2014-08-06,5.321879845256036
2014-08-07,5.442182128484512
2014-08-08,5.437948516982837
2014-08-09,5.433847136848337
2014-08-10,5.428230809936993
2014-08-11,5.3118445344925505
2014-08-12,5.361033965543765
2014-08-13,5.433098149189031
2014-08-14,5.36924061632074
2014-08-15,5.367029657848697
2014-08-16,5.348521434520336
2014-08-17,5.350652627057037
2014-08-18,5.387848090522127
2014-08-19,5.3871858228495215
2014-08-20,5.4252797541961
2014-08-21,5.380287446405515
2014-08-22,5.373421779727863
2014-08-23,5.365078949582427
2014-08-24,5.380953749983677
2014-08-25,5.309516652934791
2014-08-26,5.30523380341569
2014-08-27,5.373295570684943
2014-08-28,5.374719648906894
2014-08-29,5.364381656047253
2014-08-30,5.335382366785781
2014-08-31,5.344972721282935
2014-09-01,5.321101711402003
2014-09-02,5.264354333985672
2014-09-03,5.375447219487179
2014-09-04,5.02080167964875
2014-09-05,5.048968906135467
2014-09-06,5.081591342475702
2014-09-07,5.073142111481477
2014-09-08,5.045488515970645
2014-09-09,4.869452622568611
2014-09-10,4.707933212643887
2014-09-11,4.664717056027036
2014-09-12,4.572264959110083
2014-09-13,4.613459324013341
2014-09-14,4.654924846129876
2014-09-15,4.589878750750372
2014-09-16,4.697841724693998
2014-09-17,4.695419275465458
2014-09-18,4.497610055315067
2014-09-19,4.505604819405395
2014-09-20,4.5417531499025126
2014-09-21,4.543174140583138
2014-09-22,4.561832628876162
2014-09-23,4.42156006769282
2014-09-24,4.432118496612916
2014-09-25,4.464156137896021
2014-09-26,4.4530402995372285
2014-09-27,4.480272365226027
2014-09-28,4.481716725912888
2014-09-29,4.506531712728785
2014-09-30,4.509880825197793
2014-10-01,4.533302455933315
2014-10-02,4.4720517768177475
2014-10-03,4.466649764601398
2014-10-04,4.476503061282305
2014-10-05,4.476687495852397
2014-10-06,4.460462001516109
2014-10-07,4.294109048844675
2014-10-08,4.1498282108302496
2014-10-09,4.168702314053721
2014-10-10,4.200098442397352
2014-10-11,4.196384741593494
2014-10-12,4.208798317635426
2014-10-13,4.23022961689817
2014-10-14,4.22562655859344
2014-10-15,4.264853605238641
2014-10-16,4.295930843486148
2014-10-17,4.442170441209846
2014-10-18,4.438297084368616
2014-10-19,4.4445062356475695
2014-10-20,4.224396305611032
2014-10-21,4.060548808665864
2014-10-22,4.026997507217038
2014-10-23,3.925383613027975
2014-10-24,3.8995591474046414
2014-10-25,3.888188768494756
2014-10-26,3.898252029218108
2014-10-27,3.88136223653754
2014-10-28,3.810497893025688
2014-10-29,3.7651549405785616
2014-10-30,3.7954581854923273
2014-10-31,3.887743926503424
2014-11-01,3.8517143547248978
2014-11-02,3.866137438153171
2014-11-03,3.850654837590338
2014-11-04,3.817341287199424
2014-11-05,3.5069407043238057
2014-11-06,3.3864581574657846
2014-11-07,3.374676862420206
2014-11-08,3.376705265779255
2014-11-09,3.3716908389900073
2014-11-10,3.372517015893987
2014-11-11,3.3917827603366777
2014-11-12,3.390602524926771
2014-11-13,3.3788360895955867
2014-11-14,3.422466709009419
2014-11-15,3.434384928730548
2014-11-16,3.4316341094648095
2014-11-17,3.4458293721273217
2014-11-18,3.447295976237173
2014-11-19,3.3709108812947446
2014-11-20,3.3598692524427847
2014-11-21,3.3593252277738443
2014-11-22,3.3618562701104766
2014-11-23,3.365382704905021
2014-11-24,3.388651799204493
2014-11-25,3.348741663510588
2014-11-26,3.4387077931911003
2014-11-27,3.413994272868889
2014-11-28,3.4390289781303407
2014-11-29,3.4477790478144508
2014-11-30,3.44696174472464
2014-12-01,3.429219689192885
2014-12-02,3.3830701234619713
2014-12-03,3.4020126870199707
2014-12-04,3.220563885259742
2014-12-05,3.2487320242825675
2014-12-06,3.277623348758353
2014-12-07,3.2858871407667443
2014-12-08,3.306794992577019
2014-12-09,3.468867874235479
2014-12-10,3.517337859979059
2014-12-11,3.5962609852590077
2014-12-12,3.5507458165357804
2014-12-13,3.519000630780205
2014-12-14,3.500805395256971
2014-12-15,3.4305071336656594
2014-12-16,3.391175989286812
2014-12-17,3.522930570970947
2014-12-18,3.5284789526415254
2014-12-19,3.5245621019549738
2014-12-20,3.526208622847782
2014-12-21,3.5454001210907
2014-12-22,3.5301682693152823
2014-12-23,3.4023889324054157
2014-12-24,3.4058640669686477
2014-12-25,3.128655043678302
2014-12-26,3.0429298451554088
2014-12-27,3.065226639789284
2014-12-28,3.0950823455767233
2014-12-29,3.1273427468362853
2014-12-30,3.1429824396712496
2014-12-31,3.049112747598298
2015-01-01,2.993216050542454
2015-01-02,2.946051314375381
2015-01-03,2.941864955062768
2015-01-04,2.9515426916296525
2015-01-05,2.971150771358898
2015-01-06,3.1123437996936807
2015-01-07,3.133803777386679
2015-01-08,3.1416112486946126
2015-01-09,3.144581483938103
2015-01-10,3.1510096235677763
2015-01-11,3.151243720782119
2015-01-12,3.1134990827069875
2015-01-13,3.053322559402486
2015-01-14,3.087236064287609
2015-01-15,3.057300209783863
2015-01-16,3.0567151075580528
2015-01-17,3.0403980464967804
2015-01-18,3.027425795201954
2015-01-19,3.039011453754469
2015-01-20,2.945880014415576
2015-01-21,2.958554289151855
2015-01-22,2.94459520875356
2015-01-23,2.672951891598676
2015-01-24,2.649102375239562
2015-01-25,2.6546814880171725
2015-01-26,2.6447985788832087
2015-01-27,2.7074972848545036
2015-01-28,2.632658556150865
2015-01-29,3.090704511442049
2015-01-30,3.162679032405385
2015-01-31,3.16958058556958
2015-02-01,3.1595899307407884
2015-02-02,3.4317749410973013
2015-02-03,3.5624498851335566
2015-02-04,3.45140583264521
2015-02-05,3.4815148131712244
2015-02-06,3.4928457762363196
2015-02-07,3.4950055088200087
2015-02-08,3.4754756056207103
2015-02-09,3.448195185180726
2015-02-10,3.366938856176966
2015-02-11,3.4011633457737664
2015-02-12,3.3815801553663416
2015-02-13,3.4152781868752156
2015-02-14,3.416817251436634
2015-02-15,3.4128948042532103
2015-02-16,3.417657401249762
2015-02-17,3.5774332378555806
2015-02-18,3.635066102371103
2015-02-19,3.623104563741446
2015-02-20,3.660369498470135
2015-02-21,3.657295708547143
2015-02-22,3.6702505182684617
2015-02-23,3.774456705680623
2015-02-24,3.9060660326775487
2015-02-25,3.9376356635236354
2015-02-26,3.8712661045309265
2015-02-27,3.8479798623606136
2015-02-28,3.852915427924928
2015-03-01,3.8357700994317825
2015-03-02,3.8052617449990143
2015-03-03,3.7673817445945934
2015-03-04,3.723657518335414
2015-03-05,3.245083975398872
2015-03-06,3.2155854509429647
2015-03-07,3.254525295937707
2015-03-08,3.2719448454377305
2015-03-09,3.248466193014477
2015-03-10,3.0194182403983403
2015-03-11,3.0449884510187246
2015-03-12,2.8578058611037607
2015-03-13,2.9740112314732956
2015-03-14,3.018800703445538
2015-03-15,3.084425729389533
2015-03-16,3.169364215083358
2015-03-17,2.9146959540533843
2015-03-18,2.6981654390193017
2015-03-19,3.0577237613897115
2015-03-20,3.128251445739634
2015-03-21,3.1361793635931985
2015-03-22,3.1372479026464712
2015-03-23,3.1836008503929913
2015-03-24,3.0345721975390316
2015-03-25,3.0461035327969146
2015-03-26,2.9056281934596995
2015-03-27,2.9344423987304378
2015-03-28,2.9484268764281527
2015-03-29,2.9347318907898656
2015-03-30,2.917729533877143
2015-03-31,2.9256091789240983
2015-04-01,2.968200131377671
2015-04-02,2.9998003011211236
2015-04-03,3.007700328109089
2015-04-04,3.0253789205042247
2015-04-05,3.0127486442233806
2015-04-06,3.008456362735396
2015-04-07,3.053945891121342
2015-04-08,3.034208342693774
2015-04-09,2.8499654386179185
2015-04-10,2.831984882466397
2015-04-11,2.8183158561095807
2015-04-12,2.8146338379798816
2015-04-13,2.7957032484349007
2015-04-14,2.7354979836997946
2015-04-15,2.8224516948736516
2015-04-16,2.766777119579066
2015-04-17,2.8982956397549904
2015-04-18,2.8472539458869486
2015-04-19,2.823523911925
2015-04-20,2.8653265030189212
2015-04-21,3.1256439917302266
2015-04-22,3.517807552861378
2015-04-23,3.635359599470052
2015-04-24,3.688925086038726
2015-04-25,3.675294298272413
2015-04-26,3.657919011521309
2015-04-27,3.819434565103729
2015-04-28,4.371187833867186
2015-04-29,4.808522315523062
2015-04-30,5.892190963842971
2015-05-01,6.130062319523782
2015-05-02,6.149793063432771
2015-05-03,6.12497477530579
2015-05-04,6.160488692585716
2015-05-05,6.521540977765397
2015-05-06,6.770573875375764
2015-05-07,6.81129738903732
2015-05-08,6.851929048030869
2015-05-09,6.85410633219069
2015-05-10,6.866438173867938
2015-05-11,6.8247931489733125
2015-05-12,6.939856518543127
2015-05-13,6.847494959112523
2015-05-14,6.882480691217669
2015-05-15,6.894860162438206
2015-05-16,6.89510756432972
2015-05-17,6.883830419961048
2015-05-18,6.682864061755751
2015-05-19,6.7139652532743685
2015-05-20,6.69603943963889
2015-05-21,6.894717087155321
2015-05-22,6.899523747065533
2015-05-23,6.903962288951325
2015-05-24,6.911307540880205
2015-05-25,6.837171565021133
2015-05-26,6.744137288034699
2015-05-27,6.682933575272223
2015-05-28,6.6900988764781095
2015-05-29,6.705740668240593
2015-05-30,6.732503711216049
2015-05-31,6.719328212252092
2015-06-01,6.676149232094498
2015-06-02,6.538990048963134
2015-06-03,6.539704157803847
2015-06-04,6.491219310712912
2015-06-05,6.470911120966905
2015-06-06,6.491069811198684
2015-06-07,6.514289241906439
2015-06-08,6.552234178051822
2015-06-09,6.769182817068847
2015-06-10,6.712537054853315
2015-06-11,6.69437318674103
2015-06-12,6.625460702698746
2015-06-13,6.612607560414286
2015-06-14,6.615780913712764
2015-06-15,6.631821453267568
2015-06-16,6.648107636060236
2015-06-17,6.3122394435346525
2015-06-18,5.581124226747303
2015-06-19,5.642415743555844
2015-06-20,5.717559538395842
2015-06-21,5.713626331576558
2015-06-22,5.745924597514866
2015-06-23,5.857584818623804
2015-06-24,5.95898725829028
2015-06-25,6.063879619069078
2015-06-26,6.086211877089536
2015-06-27,6.103018542447364
2015-06-28,6.097797549582202
2015-06-29,6.0867850252949935
2015-06-30,6.1117439037126475
2015-07-01,6.171885674886595
2015-07-02,6.188478535114682
2015-07-03,6.1265297433070725
2015-07-04,6.1429077722476135
2015-07-05,6.12805121589091
2015-07-06,6.020721027003732
2015-07-07,5.947134603666571
2015-07-08,5.930212568816487
2015-07-09,5.924894051008161
2015-07-10,5.940616909381925
2015-07-11,5.9482885428244945
2015-07-12,5.950943929260353
2015-07-13,5.97163523871564
2015-07-14,5.961497263696437
2015-07-15,5.980286792661081
2015-07-16,6.094931930721337
2015-07-17,6.189874590141672
2015-07-18,6.092355688581326
2015-07-19,6.083696149187901
2015-07-20,6.111255307429114
2015-07-21,6.209659815086386
2015-07-22,6.140236961306615
2015-07-23,6.068961009473871
2015-07-24,6.000617359026187
2015-07-25,5.971324718025653
2015-07-26,5.966219694215523
2015-07-27,5.985941647381216
2015-07-28,5.807705764406597
2015-07-29,5.862047377726129
2015-07-30,5.8813651604741874
2015-07-31,5.7776834491511035
2015-08-01,5.781144722365048
2015-08-02,5.811239382706869
2015-08-03,5.795577777920478
2015-08-04,5.825218856571323
2015-08-05,5.812873382151421
2015-08-06,5.90783919759591
2015-08-07,5.908065425775516
2015-08-08,5.853342120634571
2015-08-09,5.85907952769545
2015-08-10,5.797164270186187
2015-08-11,5.805705302209857
2015-08-12,5.863205290579421
2015-08-13,5.82427005268828
2015-08-14,5.813777901279707
2015-08-15,5.815447901954874
2015-08-16,5.819472186374936
2015-08-17,5.901583587428032
2015-08-18,5.9949151526787166
2015-08-19,5.987720724304947
2015-08-20,5.92715478581402
2015-08-21,5.941133428380869
2015-08-22,5.944586118019657
2015-08-23,5.921866445407154
2015-08-24,5.955199655652864
2015-08-25,5.740959537028015
2015-08-26,5.8235108066564
2015-08-27,5.816435676002045
2015-08-28,5.791429990779551
2015-08-29,5.800792307236162
2015-08-30,5.798134529455358
2015-08-31,5.783859903291913
2015-09-01,5.733512249756527
2015-09-02,5.88581490029979
2015-09-03,6.125973739847954
2015-09-04,6.118361252650136
2015-09-05,6.1047391447200265
2015-09-06,6.083200947825725
2015-09-07,6.057954046147259
2015-09-08,5.998359436087034
2015-09-09,5.741060521498745
2015-09-10,6.279494611655686
2015-09-11,6.367745492584302
2015-09-12,6.33827118846691
2015-09-13,6.346717184080168
2015-09-14,6.401394480966658
2015-09-15,6.176676271625578
2015-09-16,6.087846481197689
2015-09-17,6.009141374741597
2015-09-18,6.22997599005593
2015-09-19,6.190851977660447
2015-09-20,6.1756067851197765
2015-09-21,6.184940477521162
2015-09-22,6.207548587991262
2015-09-23,6.207763748221848
2015-09-24,6.1930020419646405
2015-09-25,6.160686560915962
2015-09-26,6.159609105200312
2015-09-27,6.1833709767492655
2015-09-28,6.09261172190452
2015-09-29,5.979490026384659
2015-09-30,5.931626998763708
2015-10-01,5.810788867207766
2015-10-02,5.8820134851764285
2015-10-03,5.894010702887622
2015-10-04,5.905733047707773
2015-10-05,5.911273126306566
2015-10-06,5.906319516932931
2015-10-07,5.954391027666327
2015-10-08,5.906184653408156
2015-10-09,5.9043807383954645
2015-10-10,5.91328039553421
2015-10-11,5.917064348630551
2015-10-12,5.909225361232332
2015-10-13,6.018102168517305
2015-10-14,6.104276440274562
2015-10-15,6.0741714298645615
2015-10-16,6.041630241656106
2015-10-17,6.012452036565234
2015-10-18,5.914337168817644
2015-10-19,5.880227581940575
2015-10-20,5.743269859306396
2015-10-21,5.650189663057057
2015-10-22,5.316256319206747
2015-10-23,5.247682096385617
2015-10-24,5.25954172391884
2015-10-25,5.2764665685037135
2015-10-26,5.27240151319844
2015-10-27,5.06261621737657
2015-10-28,4.98261165003948
2015-10-29,4.81912781828701
2015-10-30,4.913244086886603
2015-10-31,4.923893461050553
2015-11-01,4.859168144930568
2015-11-02,4.854119027239252
2015-11-03,4.847430493813077
2015-11-04,4.74182592049736
2015-11-05,4.601052604325632
2015-11-06,4.683519664010488
2015-11-07,4.66586434527228
2015-11-08,4.664731056875185
2015-11-09,4.631519279382312
2015-11-10,4.648276320749249
2015-11-11,4.609338440923191
2015-11-12,4.637737832839079
2015-11-13,4.603130317459837
2015-11-14,4.578067366473308
2015-11-15,4.581640902136002
2015-11-16,4.594029825741117
2015-11-17,4.641606504558403
2015-11-18,4.478101765381885
2015-11-19,4.446197722934039
2015-11-20,4.410416339652351
2015-11-21,4.411719778540642
2015-11-22,4.3849927826326365
2015-11-23,4.37586210700978
2015-11-24,4.447428520421745
2015-11-25,4.390624322837771
2015-11-26,4.434534064394042
2015-11-27,4.416912830337078
2015-11-28,4.41891562187705
2015-11-29,4.421921916343047
2015-11-30,4.394293173087547
2015-12-01,4.250577710912833
2015-12-02,4.216605108183263
2015-12-03,4.181268471720036
2015-12-04,4.173665202865921
2015-12-05,4.144024895179266
2015-12-06,4.14020245884404
2015-12-07,4.143326817550582
2015-12-08,4.1693233828506235
2015-12-09,4.107574848261436
2015-12-10,4.046474696112994
2015-12-11,4.005980781937679
2015-12-12,4.015990725734273
2015-12-13,4.028870664748515
2015-12-14,4.066640041491345
2015-12-15,3.9838402629677128
2015-12-16,4.070310966448167
2015-12-17,4.196499011514853
2015-12-18,4.043226485675863
2015-12-19,4.041930022930378
2015-12-20,4.03461688313717
2015-12-21,4.036659570764267
2015-12-22,3.9345288956906463
2015-12-23,3.907639261730513
2015-12-24,3.862782790386031
2015-12-25,3.896163326468076
2015-12-26,3.864510985466008
2015-12-27,3.850295362180343
2015-12-28,3.893356879176896
2015-12-29,3.900448376855675
2015-12-30,3.8491707823768415
2015-12-31,3.832888080860056
2016-01-01,3.801961749877994
2016-01-02,3.8185462001803687
2016-01-03,3.8073183212625694
2016-01-04,3.808091622066201
2016-01-05,3.832184484753615
2016-01-06,3.768806741973964
2016-01-07,3.692309338836419
2016-01-08,3.697020450668228
2016-01-09,3.691410601300612
2016-01-10,3.7027552670284
2016-01-11,3.730646574018374
2016-01-12,3.729577188828036
2016-01-13,3.655868406001318
2016-01-14,3.727011948045232
2016-01-15,3.71235313514752
2016-01-16,3.694992320140384
2016-01-17,3.697591456242682
2016-01-18,3.5608605008655103
2016-01-19,3.505172007757171
2016-01-20,3.505614304468019
2016-01-21,3.625073950092033
2016-01-22,3.718390674912076
2016-01-23,3.7304597010289826
2016-01-24,3.7226265385548336
2016-01-25,3.962324778349249
2016-01-26,3.5753720646126688
2016-01-27,3.7880923384195766
2016-01-28,3.954809786099283
2016-01-29,3.81996812962794
2016-01-30,3.820628612183583
2016-01-31,3.832504431499464
2016-02-01,3.7823717297673696
2016-02-02,3.841132830414134
2016-02-03,3.699829784126284
2016-02-04,3.6285947538554058
2016-02-05,3.637652205794504
2016-02-06,3.62202275603285
2016-02-07,3.6198235344246896
2016-02-08,3.5769763065978673
2016-02-09,3.499723787750637
2016-02-10,3.4807240970654507
2016-02-11,3.376199951675238
2016-02-12,3.3815041674628312
2016-02-13,3.3649324742750077
2016-02-14,3.3608917992005107
2016-02-15,3.3058009493968328
2016-02-16,3.3926200262502917
2016-02-17,3.3744425583855113
2016-02-18,3.2912673796061185
2016-02-19,3.326265500603389
2016-02-20,3.358058328303587
2016-02-21,3.31594694944853
2016-02-22,3.240853297374194
2016-02-23,3.2665764780107915
2016-02-24,3.1500963567598665
2016-02-25,3.063741373970129
2016-02-26,3.039801434098722
2016-02-27,2.967434696910373
2016-02-28,2.9632737682707173
2016-02-29,2.925698817394194
2016-03-01,2.7491374945776896
2016-03-02,2.6987411733210607
2016-03-03,2.589472865162751
2016-03-04,2.5271099666902437
2016-03-05,2.542841723099352
2016-03-06,2.5504374179338756
2016-03-07,2.785178509869879
2016-03-08,2.706360066846206
2016-03-09,2.6561525403032804
2016-03-10,2.5988630498404515
2016-03-11,2.5796221193755517
2016-03-12,2.575455933622939
2016-03-13,2.548127888157198
2016-03-14,2.530606450774257
2016-03-15,2.427159425890637
2016-03-16,2.47054697918626
2016-03-17,2.4481989524795686
2016-03-18,2.272279329521816
2016-03-19,2.246343106254609
2016-03-20,2.2388609346045745
2016-03-21,2.2756167991607157
2016-03-22,2.314584426582872
2016-03-23,2.526857666290959
2016-03-24,2.5552826440980714
2016-03-25,2.548048639767866
2016-03-26,2.538009246853753
2016-03-27,2.52325182315337
2016-03-28,2.5480102685021113
2016-03-29,2.5012778871445533
2016-03-30,2.480697464897665
2016-03-31,2.5413536546324766
2016-04-01,2.492870776381424
2016-04-02,2.5178766940542214
2016-04-03,2.511279152472521
2016-04-04,2.5162821562377946
2016-04-05,2.5730837814259537
2016-04-06,2.5741634480116056
2016-04-07,2.585728786485633
2016-04-08,2.5787546252943345
2016-04-09,2.5700263688412934
2016-04-10,2.5680720587324135
2016-04-11,2.550645755366176
2016-04-12,2.5927433066510512
2016-04-13,2.5644202529289917
2016-04-14,2.5578874267532443
2016-04-15,2.558731019403558
2016-04-16,2.5644165905939724
2016-04-17,2.5401340543034037
2016-04-18,2.352073537172611
2016-04-19,2.2376239839264596
2016-04-20,2.229530716873665
2016-04-21,2.5197703425089393
2016-04-22,2.566537935596239
2016-04-23,2.5605860424061757
2016-04-24,2.5649010412032087
2016-04-25,2.6257498751454844
2016-04-26,3.0718899299213387
2016-04-27,3.330291521204904
2016-04-28,3.3999232176953664
2016-04-29,3.569682163698415
2016-04-30,3.473977097349767
2016-05-01,3.445392420718038
2016-05-02,3.5496396569055024
2016-05-03,3.504465323497869
2016-05-04,3.5773646508431667
2016-05-05,3.685212911062644
2016-05-06,3.6448490907723583
2016-05-07,3.685665723196827
2016-05-08,3.691133224212946
2016-05-09,3.634900861722645
2016-05-10,3.704901138103757
2016-05-11,3.7246205822078062
2016-05-12,3.715055348122508
2016-05-13,3.736944629848468
2016-05-14,3.7338123670340537
2016-05-15,3.734770346365067
2016-05-16,3.75599013288564
2016-05-17,3.8201887390709777
2016-05-18,4.073972267832347
2016-05-19,4.133255336247493
2016-05-20,4.091473172000271
2016-05-21,4.073412367321824
2016-05-22,4.073825151856421
2016-05-23,4.0554784209156125
2016-05-24,4.082468868558164
2016-05-25,4.076575489036711
2016-05-26,4.1718076578944
2016-05-27,4.162829561769209
2016-05-28,4.163959732985716
2016-05-29,4.164046312129789
2016-05-30,4.172766403720489
2016-05-31,4.288483849408177
2016-06-01,4.2781874207133095
2016-06-02,4.334902722204596
2016-06-03,4.33309571597351
2016-06-04,4.321116492538251
2016-06-05,4.332523670917132
2016-06-06,4.331032934277468
2016-06-07,4.333332304846915
2016-06-08,4.3071724940501275
2016-06-09,4.343969018905825
2016-06-10,4.554622101751944
2016-06-11,4.530181283507886
2016-06-12,4.507536934609973
2016-06-13,4.4791984192335565
2016-06-14,4.277123985022136
2016-06-15,4.308951911711756
2016-06-16,3.9180189149457982
2016-06-17,3.876328398592281
2016-06-18,3.790408037180299
2016-06-19,3.8142033953647623
2016-06-20,3.75046295098819
2016-06-21,3.719355254797378
2016-06-22,4.017222117102509
2016-06-23,4.149969943404212
2016-06-24,4.115263007045809
2016-06-25,4.082455152942822
2016-06-26,4.076112530063332
2016-06-27,4.05824012549769
2016-06-28,4.017241416180628
2016-06-29,4.03085799544575
2016-06-30,4.0231473428730595
2016-07-01,3.984698757421695
2016-07-02,4.023171951890415
2016-07-03,4.0318245508895565
2016-07-04,4.026268485502206
2016-07-05,3.96949801398031
2016-07-06,3.902494294640131
2016-07-07,3.912078301815755
2016-07-08,3.873407391164296
2016-07-09,3.866800172404232
2016-07-10,3.851802697795027
2016-07-11,3.801534435975475
2016-07-12,3.742133811423845
2016-07-13,3.66898270404185
2016-07-14,3.8475673016327905
2016-07-15,3.8315850629307855
2016-07-16,3.778429116968431
2016-07-17,3.7927232782656257
2016-07-18,4.064901416474081
2016-07-19,4.020584405370429
2016-07-20,3.892782633466906
2016-07-21,3.64060161252754
2016-07-22,3.4542606664612947
2016-07-23,3.44866352643342
2016-07-24,3.4375392120745167
2016-07-25,3.5228694881763465
2016-07-26,3.616096807027871
2016-07-27,3.710675101315968
2016-07-28,3.6853644034162247
2016-07-29,3.7664089314489457
2016-07-30,3.766011700001989
2016-07-31,3.767093907245912
2016-08-01,3.658816651241371
2016-08-02,3.666764385758384
2016-08-03,3.775032588480268
2016-08-04,3.866962608649571
2016-08-05,3.91796750988794
2016-08-06,3.9182247025216697
2016-08-07,3.916080967948584
2016-08-08,3.8691098883744415
2016-08-09,3.787537483723633
2016-08-10,3.733947268456345
2016-08-11,3.730029076611973
2016-08-12,3.675426572447416
2016-08-13,3.6644083805998697
2016-08-14,3.6687968768192594
2016-08-15,3.710859470087808
2016-08-16,3.6884538431972977
2016-08-17,3.598975725409937
2016-08-18,3.672074325346575
2016-08-19,3.702072154409218
2016-08-20,3.7117119518880783
2016-08-21,3.7120732526042746
2016-08-22,3.700744857499799
2016-08-23,3.6660113655144464
2016-08-24,3.655329912602732
2016-08-25,3.840672340527407
2016-08-26,3.8203712811241815
2016-08-27,3.807963461119021
2016-08-28,3.788919281938449
2016-08-29,3.781378059551789
2016-08-30,3.83896536079043
2016-08-31,3.778315995230553
2016-09-01,3.819902881759003
2016-09-02,3.762495928567265
2016-09-03,3.774198487789886
2016-09-04,3.767326108782018
2016-09-05,3.703945704858625
2016-09-06,3.758626109326518
2016-09-07,3.651299195337418
2016-09-08,3.597755785919654
2016-09-09,3.643719264269371
2016-09-10,3.677753760753185
2016-09-11,3.685926765480715
2016-09-12,3.4437874532456796
2016-09-13,3.023650508433605
2016-09-14,2.6776688383975813
2016-09-15,2.107364819860129
2016-09-16,2.0337295098241848
2016-09-17,2.124938910689362
2016-09-18,2.12205010574071
2016-09-19,2.1217872569511447
2016-09-20,1.9471251853144889
2016-09-21,1.7765315920882057
2016-09-22,1.8164231093142191
2016-09-23,1.805632957888189
2016-09-24,1.8373768074189771
2016-09-25,1.864272312027032
2016-09-26,1.9404425643137015
2016-09-27,1.932995946240199
2016-09-28,1.936452296861668
2016-09-29,1.889045979710193
2016-09-30,1.8998130756098397
2016-10-01,1.821054772415863
2016-10-02,1.854188046242424
2016-10-03,1.7995497850388835
2016-10-04,1.8700873829364004
2016-10-05,1.8365411855919145
2016-10-06,1.6975868701177452
2016-10-07,1.760536756954446
2016-10-08,1.7670806308323574
2016-10-09,1.7555844047696552
2016-10-10,1.7590510981764582
2016-10-11,1.7725159265432058
2016-10-12,1.8070476880595483
2016-10-13,1.822991552355102
2016-10-14,1.8451926599995567
2016-10-15,1.8523863843719168
2016-10-16,1.8528588523244975
2016-10-17,1.832192513628098
2016-10-18,1.8289117264538637
2016-10-19,1.9607722344432263
2016-10-20,2.345903916291969
2016-10-21,2.3244795584896956
2016-10-22,2.414773536129382
2016-10-23,2.411224067982221
2016-10-24,2.357357230403517
2016-10-25,2.6645316145946376
2016-10-26,2.7614008364668647
2016-10-27,3.1392982642820595
2016-10-28,3.1672365941591867
2016-10-29,3.1653253328776394
2016-10-30,3.1495894223172645
2016-10-31,3.0637444408167145
2016-11-01,3.0346846483601824
2016-11-02,3.569172741840641
2016-11-03,3.7186261115329176
2016-11-04,3.855890745184781
2016-11-05,3.897116181512779
2016-11-06,3.933854306069434
2016-11-07,3.90772397690082
2016-11-08,3.903823462075417
2016-11-09,3.827239806578667
2016-11-10,3.8352156545425617
2016-11-11,3.812026953562039
2016-11-12,3.793920986140338
2016-11-13,3.777575437803602
2016-11-14,3.824102662155447
2016-11-15,3.73607258578512
2016-11-16,3.7514825597212926
2016-11-17,3.726859370119468
2016-11-18,3.708495784276414
2016-11-19,3.706437056685118
2016-11-20,3.6912207499210936
2016-11-21,3.660168768385617
2016-11-22,3.6454682564453327
2016-11-23,3.653033090679739
2016-11-24,3.6418853630414945
2016-11-25,3.631941175969315
2016-11-26,3.6429896760503584
2016-11-27,3.6480586803627304
2016-11-28,3.659257862205924
2016-11-29,3.6623638351482
2016-11-30,3.661978390944645
2016-12-01,3.4953534062520504
2016-12-02,3.4411024084024766
2016-12-03,3.472785430023062
2016-12-04,3.491111208813134
2016-12-05,3.466904909151725
2016-12-06,3.498831176894006
2016-12-07,3.706010151493764
2016-12-08,3.7776037742758986
2016-12-09,3.82982272870102
2016-12-10,3.8369400372875906
2016-12-11,3.858605437507859
2016-12-12,3.782625435405982
2016-12-13,4.026803118983275
2016-12-14,4.0162967069347095
2016-12-15,3.843423466768119
2016-12-16,3.9288662323944625
2016-12-17,3.91672339756122
2016-12-18,3.8239763645369904
2016-12-19,3.782715265860927
2016-12-20,3.703105216137007
2016-12-21,3.712023927105258
2016-12-22,3.505194698183299
2016-12-23,3.49839000752229
2016-12-24,3.5125747205002913
2016-12-25,3.510124396657623
2016-12-26,3.5233033987435016
2016-12-27,3.485883787400256
2016-12-28,3.365807820655422
2016-12-29,3.3931969118553393
2016-12-30,3.393465569463018
2016-12-31,3.412987118086877
2017-01-01,3.313346565697337
2017-01-02,3.35012534598584
2017-01-03,3.358084665527045
2017-01-04,3.3487933858236953
2017-01-05,3.41504506905395
2017-01-06,3.396908923780252
2017-01-07,3.41375430046941
2017-01-08,3.4017952957821422
2017-01-09,3.406976171153466
2017-01-10,3.5180416465428515
2017-01-11,3.494239480743822
2017-01-12,3.4598732785132844
2017-01-13,3.4770795581616936
2017-01-14,3.4535381248353607
2017-01-15,3.4549789949356176
2017-01-16,3.4416903684508835
2017-01-17,3.5344868173181716
2017-01-18,3.593401004217897
2017-01-19,3.577491167049306
2017-01-20,3.38950593418358
2017-01-21,3.4155977751276634
2017-01-22,3.405159923833861
2017-01-23,3.30619607905083
2017-01-24,3.255682834252301
2017-01-25,3.2618506941052066
2017-01-26,3.0130120735772232
2017-01-27,3.061869329760549
2017-01-28,3.054774320081419
2017-01-29,3.0359641250545923
2017-01-30,3.0624916059152296
2017-01-31,2.8087864146498123
2017-02-01,2.6766443787076613
2017-02-02,2.686804570712332
2017-02-03,2.673130578130937
2017-02-04,2.6707811580506027
2017-02-05,2.669087504794991
2017-02-06,2.678292676928019
2017-02-07,2.676294524132876
2017-02-08,2.626364023338415
2017-02-09,2.68396760105373
2017-02-10,2.68947351625113
2017-02-11,2.6844305796864383
2017-02-12,2.662832496067047
2017-02-13,2.65003020040646
2017-02-14,2.547672109932636
2017-02-15,2.58261477680973
2017-02-16,2.58324947607891
2017-02-17,2.604883981306634
2017-02-18,2.5537475370875797
2017-02-19,2.569353603269619
2017-02-20,2.49588818175648
2017-02-21,2.40305752612576
2017-02-22,2.400720391061302
2017-02-23,2.485904195001639
2017-02-24,2.472701491986456
2017-02-25,2.4440372252139424
2017-02-26,2.450234591152177
2017-02-27,2.551570052082938
2017-02-28,2.383956960863145
2017-03-01,2.4109719825207088
2017-03-02,2.2901885645950246
2017-03-03,2.2059417177852665
2017-03-04,2.1852636063014943
2017-03-05,2.18680219793477
2017-03-06,2.222620766438258
2017-03-07,2.2108582120639175
2017-03-08,2.343324167502206
2017-03-09,2.719902541959541
2017-03-10,2.823724450304484
2017-03-11,2.7943803263271363
2017-03-12,2.7605458817466433
2017-03-13,2.7557392632948368
2017-03-14,3.3137589336223296
2017-03-15,3.3969358918941643
2017-03-16,3.5160473103775027
2017-03-17,3.46964259807309
2017-03-18,3.373017688433957
2017-03-19,3.3339365817105184
2017-03-20,3.3715997571022953
2017-03-21,3.304834164925424
2017-03-22,3.570619537080386
2017-03-23,3.685928953382394
2017-03-24,3.48495685102076
2017-03-25,3.4596848178854858
2017-03-26,3.487573071201995
2017-03-27,3.5448310476175453
2017-03-28,3.4268280564960873
2017-03-29,3.345730635066714
2017-03-30,3.307443504747787
2017-03-31,3.31984880468681
2017-04-01,3.2935495197779368
2017-04-02,3.312561723617577
2017-04-03,3.333216934099527
2017-04-04,3.352067545004122
2017-04-05,3.3320856955808553
2017-04-06,3.3687221511166863
2017-04-07,3.359630810544695
2017-04-08,3.3449552073235433
2017-04-09,3.3542452611271525
2017-04-10,3.3384721530512538
2017-04-11,3.3052160032115316
2017-04-12,3.2737343036634083
2017-04-13,3.2571959714252197
2017-04-14,3.2407243356621898
2017-04-15,3.2394926003596174
2017-04-16,3.2340865357907154
2017-04-17,3.2345103723092956
2017-04-18,3.149694874156042
2017-04-19,2.9635321153598277
2017-04-20,3.0149340141411463
2017-04-21,2.988628877532177
2017-04-22,2.984285814217264
2017-04-23,2.9729452482304266
2017-04-24,2.992523074553985
2017-04-25,3.0040176708570803
2017-04-26,2.909004241163557
2017-04-27,3.4762913912544997
2017-04-28,3.3034088384059452
2017-04-29,3.25808148067198
2017-04-30,3.2342545538097585
2017-05-01,3.199499119399534
2017-05-02,3.7330859566064234
2017-05-03,3.7304309949467216
2017-05-04,4.007980295524753
2017-05-05,4.0010436820084125
2017-05-06,3.9913604744003823
2017-05-07,3.976756013912504
2017-05-08,3.9178260873430566
2017-05-09,3.9255675320016072
2017-05-10,3.9335446251367183
2017-05-11,3.9696773081913377
2017-05-12,3.953698815122682
2017-05-13,3.9448575345237096
2017-05-14,3.976744848582323
2017-05-15,3.992570409931215
2017-05-16,3.994994833273699
2017-05-17,4.002092781444308
2017-05-18,4.052677101905728
2017-05-19,4.031618495989218
2017-05-20,4.017031836335085
2017-05-21,3.987134449853696
2017-05-22,4.018280054551072
2017-05-23,4.0195793610255075
2017-05-24,4.116864730720643
2017-05-25,4.229822050869624
2017-05-26,4.243324170458413
2017-05-27,4.244857097464547
2017-05-28,4.234702759671352
2017-05-29,4.230021348328103
2017-05-30,4.2618941458386495
2017-05-31,4.1815143700000235
2017-06-01,4.019641836396608
2017-06-02,4.035756271333638
2017-06-03,4.027945019190707
2017-06-04,4.042962101110209
2017-06-05,4.0289396260906525
2017-06-06,4.063188458534779
2017-06-07,4.081352273149061
2017-06-08,3.911056268322662
2017-06-09,3.699827521965964
2017-06-10,3.720852595999652
2017-06-11,3.7134771124785537
2017-06-12,3.5369060584931433
2017-06-13,3.780505805816305
2017-06-14,3.5650936237701987
2017-06-15,3.1785168329645384
2017-06-16,3.386686311441436
2017-06-17,3.414382688675839
2017-06-18,3.4080654129192953
2017-06-19,3.3274834068757526
2017-06-20,3.37359273969542
2017-06-21,3.517178607152055
2017-06-22,3.4465218234592694
2017-06-23,3.495683819792541
2017-06-24,3.5089467156801377
2017-06-25,3.5115056356089767
2017-06-26,3.54497262093267
2017-06-27,3.679298211280772
2017-06-28,3.712438692951037
2017-06-29,3.7709275276304446
2017-06-30,3.787315098567881
2017-07-01,3.7560602310674978
2017-07-02,3.769028373353731
2017-07-03,3.745779092054548
2017-07-04,3.697372157604482
2017-07-05,3.6934433779230886
2017-07-06,3.840533531720639
2017-07-07,3.831310503669041
2017-07-08,3.791491987008741
2017-07-09,3.803921214319912
2017-07-10,3.7818755767691465
2017-07-11,3.7588570835638553
2017-07-12,3.738624069199642
2017-07-13,3.748917795274078
2017-07-14,3.7447292756973054
2017-07-15,3.826171293864367
2017-07-16,3.8216491546521407
2017-07-17,3.847725226012085
2017-07-18,3.5011538576076138
2017-07-19,3.5474792682425536
2017-07-20,3.6122215771258777
2017-07-21,3.575404353378145
2017-07-22,3.542380225248783
2017-07-23,3.555249412453982
2017-07-24,3.657362193090312
2017-07-25,3.835129896876249
2017-07-26,3.667244424712872
2017-07-27,4.042251692782941
2017-07-28,4.103886134834746
2017-07-29,4.099555709752384
2017-07-30,4.116269537022751
2017-07-31,4.132770431948391
2017-08-01,4.373824315035051
2017-08-02,4.466494582139392
2017-08-03,4.590180247021904
2017-08-04,4.739075667185714
2017-08-05,4.756859085273835
2017-08-06,4.771789223315961
2017-08-07,4.730822628470085
2017-08-08,4.592250407487308
2017-08-09,4.453798892110795
2017-08-10,4.543219755003583
2017-08-11,4.539973628156062
2017-08-12,4.544673314906801
2017-08-13,4.558153575685922
2017-08-14,4.511282058995414
2017-08-15,4.490533105914109
2017-08-16,4.494207811266053
2017-08-17,4.446783885689274
2017-08-18,4.435277614870451
2017-08-19,4.427849433281092
2017-08-20,4.423317495629365
2017-08-21,4.411225768747491
2017-08-22,4.3708048023991655
2017-08-23,4.400468765786723
2017-08-24,4.422290227290987
2017-08-25,4.4068319474076105
2017-08-26,4.440988907532869
2017-08-27,4.427690636265604
2017-08-28,4.43797838784533
2017-08-29,4.455229845462003
2017-08-30,4.421261714620311
2017-08-31,4.423360087886154
2017-09-01,4.398950202208012
2017-09-02,4.42525796972711
2017-09-03,4.425044050299238
2017-09-04,4.3950807307202115
2017-09-05,4.485576909493068
2017-09-06,4.451224723217725
2017-09-07,4.194142984127008
2017-09-08,4.129963388634672
2017-09-09,4.1577451411693795
2017-09-10,4.191742731465357
2017-09-11,4.1336997640004745
2017-09-12,3.7957098587991416
2017-09-13,3.4760047223882604
2017-09-14,3.3673165397521037
2017-09-15,3.1445693628931917
2017-09-16,3.2225688847921
2017-09-17,3.268192522100132
2017-09-18,3.1650010805475817
2017-09-19,3.2561524017606702
2017-09-20,3.1066933976135136
2017-09-21,3.17020559212924
2017-09-22,3.251506809268778
2017-09-23,3.20010842796389
2017-09-24,3.2072514222644797
2017-09-25,3.273403020656571
2017-09-26,3.2396061133740446
2017-09-27,3.1919962889489337
2017-09-28,3.2796472939331673
2017-09-29,3.254950978097
2017-09-30,3.2628535996831003
2017-10-01,3.243787767194808
2017-10-02,3.2598234549755687
2017-10-03,3.2233164700665218
2017-10-04,3.1309803020916824
2017-10-05,3.0325955663128097
2017-10-06,3.056599592474275
2017-10-07,3.0615806206481726
2017-10-08,3.0731583752141436
2017-10-09,3.0748216672596627
2017-10-10,3.0570661585096377
2017-10-11,3.055682977360381
2017-10-12,2.9974248813129183
2017-10-13,3.0137474065555567
2017-10-14,2.999193749809243
2017-10-15,3.004036553809706
2017-10-16,3.0074422829700493
2017-10-17,3.115297390912271
2017-10-18,3.0862505721250786
2017-10-19,3.2119995828912344
2017-10-20,3.0977241092958976
2017-10-21,3.1081669491218213
2017-10-22,3.116058253199724
2017-10-23,3.104564655684835
2017-10-24,3.3560140245454666
2017-10-25,3.1587986231141887
2017-10-26,3.1219129320988888
2017-10-27,3.189262598663688
2017-10-28,3.172121794997231
2017-10-29,3.1635510935664497
2017-10-30,3.128277805220373
2017-10-31,3.161208267917812
2017-11-01,3.319396821171021
2017-11-02,3.3204738018515156
2017-11-03,3.245313028405266
2017-11-04,3.2403438954106036
2017-11-05,3.2404855479454833
2017-11-06,3.2230364764142747
2017-11-07,3.2200745423771338
2017-11-08,3.2325839564909287
2017-11-09,3.178199565348076
2017-11-10,3.180504806771339
2017-11-11,3.1806721563850333
2017-11-12,3.1818700330960743
2017-11-13,3.154431903501779
2017-11-14,3.166856787672716
2017-11-15,3.073531679314314
2017-11-16,3.0381079905987556
2017-11-17,3.0367419430324203
2017-11-18,3.0711056467469247
2017-11-19,3.036844523181064
2017-11-20,3.159027703325208
2017-11-21,3.179684102281916
2017-11-22,3.214552759598841
2017-11-23,3.259918782747478
2017-11-24,3.258737687345245
2017-11-25,3.246001893546268
2017-11-26,3.2349210564419497
2017-11-27,3.2450520435933443
2017-11-28,3.3449691652790516
2017-11-29,3.4569285381163493
2017-11-30,3.5059793535275037
2017-12-01,3.4730674158054957
2017-12-02,3.480214687213035
2017-12-03,3.530069034259021
2017-12-04,3.510467623575668
2017-12-05,3.579248386684511
2017-12-06,3.654141435644818
2017-12-07,3.640330078590969
2017-12-08,3.6314994719075626
2017-12-09,3.6276928843036287
2017-12-10,3.620511199693156
2017-12-11,3.581855369847327
2017-12-12,3.409596951641479
2017-12-13,3.3023039674891104
2017-12-14,3.606472535348656
2017-12-15,3.312484650609525
2017-12-16,3.3407583173551103
2017-12-17,3.357214507098016
2017-12-18,3.4554787992428615
2017-12-19,3.5406015426881585
2017-12-20,3.4091381248141945
2017-12-21,3.3619798531694856
2017-12-22,3.367668362313914
2017-12-23,3.3660786586937164
2017-12-24,3.3480522686286665
2017-12-25,3.3769420370028467
2017-12-26,3.6099133738690847
2017-12-27,3.598641180210141
2017-12-28,3.558044191768148
2017-12-29,3.5432070426397977
2017-12-30,3.531732801369283
2017-12-31,3.5237517199907837
2018-01-01,3.473271985846062
2018-01-02,3.410882711160846
2018-01-03,3.4066060585321716
2018-01-04,3.325051220886935
2018-01-05,3.3118584856517876
2018-01-06,3.31306165885941
2018-01-07,3.3092958278282207
2018-01-08,3.324217172518275
2018-01-09,3.3403718096183237
2018-01-10,3.3211820528441587
2018-01-11,3.3417260478385806
2018-01-12,3.3213991364564612
2018-01-13,3.340358349321158
2018-01-14,3.331474990629677
2018-01-15,3.3239036895969627
2018-01-16,3.2181311980241354
2018-01-17,3.2158425117265534
2018-01-18,3.195118979379409
2018-01-19,3.166943987987434
2018-01-20,3.1560556870260714
2018-01-21,3.152217927849332
2018-01-22,3.1537191138261216
2018-01-23,2.859870889773169
2018-01-24,2.2834182068023843
2018-01-25,2.1263887666066825
2018-01-26,2.045342374901326
2018-01-27,2.0395966153991254
2018-01-28,2.0324721592046537
2018-01-29,1.984751202519736
2018-01-30,1.822265656601639
2018-01-31,1.7289944649197315
2018-02-01,1.3500268037507637
2018-02-02,0.6784830232595926
2018-02-03,0.6889626319223985
2018-02-04,0.6877277602461815
2018-02-05,0.7341232119714407
2018-02-06,0.3989059359715605
2018-02-07,0.3381831661255265
2018-02-08,0.3298975747240078
2018-02-09,0.3112433461670982
2018-02-10,0.3047678505310687
2018-02-11,0.287477378388304
2018-02-12,0.2126850949709631
2018-02-13,0.3438875661729443
2018-02-14,0.2089516066471142
2018-02-15,0.2238334021876162
2018-02-16,0.0347295052190237
2018-02-17,0.070833772202929
2018-02-18,0.0431710486131926
2018-02-19,0.0644479703094367
2018-02-20,0.0576570420176227
2018-02-21,-0.1078096838375086
2018-02-22,-0.226889061227123
2018-02-23,-0.2618447654108287
2018-02-24,-0.3435181463848671
2018-02-25,-0.3766705766621951
2018-02-26,-0.4157314360788799
2018-02-27,-0.6665572364858783
2018-02-28,-0.6879361926519276
2018-03-01,-0.6065567301613539
2018-03-02,-0.6745879846494016
2018-03-03,-0.6765354359976841
2018-03-04,-0.6803449708796181
2018-03-05,-0.655268733286348
2018-03-06,-0.6668654186582483
2018-03-07,-0.7327380635103398
2018-03-08,-1.014307309962364
2018-03-09,-0.96002983381873
2018-03-10,-0.9199713167215122
2018-03-11,-0.926038724367483
2018-03-12,-0.941727861942678
2018-03-13,-1.2522173693948295
2018-03-14,-1.293811028541933
2018-03-15,-1.8015835683505397
2018-03-16,-1.689302451094449
2018-03-17,-1.6673519362691258
2018-03-18,-1.3066247726166529
2018-03-19,-1.1972646022320532
2018-03-20,-1.1478794664775969
2018-03-21,-1.575365020676479
2018-03-22,-1.5814265951830473
2018-03-23,-1.5403487667726952
2018-03-24,-1.553129366560632
2018-03-25,-1.6013154830763965
2018-03-26,-1.5570133381036415
2018-03-27,-1.4096971159781522
2018-03-28,-1.245074035512571
2018-03-29,-1.1850097427591268
2018-03-30,-1.1903002514047651
2018-03-31,-1.2033724856407484
2018-04-01,-1.2124040403788667
2018-04-02,-1.3787242454680086
2018-04-03,-1.1970540187995624
2018-04-04,-1.253508329045114
2018-04-05,-1.2406713363359516
2018-04-06,-1.248183487274893
2018-04-07,-1.2606396017386845
2018-04-08,-1.2943896133238355
2018-04-09,-1.292353641938248
2018-04-10,-1.279923165764213
2018-04-11,-1.3199697122048677
2018-04-12,-1.341151443026914
2018-04-13,-1.3242897984606992
2018-04-14,-1.3218544344398424
2018-04-15,-1.3352264022163918
2018-04-16,-1.2972109947918915
2018-04-17,-1.23199789668545
2018-04-18,-0.4913366391292408
2018-04-19,-0.6239926572186065
2018-04-20,-0.7051431568141149
2018-04-21,-0.7141674863491905
2018-04-22,-0.7227894496909737
2018-04-23,-0.8007569500781517
2018-04-24,-0.8517305014519851
2018-04-25,-0.6091207993950285
2018-04-26,-0.9998886158381666
2018-04-27,-0.8500745492710775
2018-04-28,-0.8896139009640811
2018-04-29,-0.918657730597868
2018-04-30,-0.8763976496458323
2018-05-01,-0.7735480516646731
2018-05-02,-0.0179724601662378
2018-05-03,0.1646995380599119
2018-05-04,0.0129775736834032
2018-05-05,-0.1076041742169269
2018-05-06,-0.1016206047682184
2018-05-07,-0.0614724998877602
2018-05-08,-0.0535791392115243
2018-05-09,0.1086311942488598
2018-05-10,0.0998640368162462
2018-05-11,0.1245753007203469
2018-05-12,0.1217537618294728
2018-05-13,0.1237949716417976
2018-05-14,0.1110468874544403
2018-05-15,0.0593196757327871
2018-05-16,-0.0353258966021117
2018-05-17,-0.0772355889750264
2018-05-18,0.144114630043886
2018-05-19,0.1409919541180535
2018-05-20,0.160333229253865
2018-05-21,0.109242104607439
2018-05-22,0.1827057137314434
2018-05-23,0.2699328364065165
2018-05-24,0.2818444107568167
2018-05-25,0.2877404241515815
2018-05-26,0.3016037727437191
2018-05-27,0.2920807494688004
2018-05-28,0.268598283596722
2018-05-29,0.4002664301469538
2018-05-30,0.4774124678633333
2018-05-31,0.5699083791428494
2018-06-01,0.6466603513018885
2018-06-02,0.6045151610621435
2018-06-03,0.622542592967968
2018-06-04,0.6559154390057982
2018-06-05,0.6440627228921902
2018-06-06,0.7007549370599344
2018-06-07,0.760894800472266
2018-06-08,0.8860176508561564
2018-06-09,0.8615685723238714
2018-06-10,0.8821787115117086
2018-06-11,0.846386788899009
2018-06-12,0.9371992109483644
2018-06-13,1.0288942414630604
2018-06-14,1.1076222029978475
2018-06-15,1.1393320201909365
2018-06-16,1.1410935210824589
2018-06-17,1.1391909791758112
2018-06-18,0.9292771074175786
2018-06-19,1.1034574062292355
2018-06-20,1.139184193767504
2018-06-21,1.1189355342657548
2018-06-22,1.1440210703886535
2018-06-23,1.1549147984177623
2018-06-24,1.1509756267316822
2018-06-25,1.129909923729112
2018-06-26,1.1494047600359285
2018-06-27,1.180443791507787
2018-06-28,1.2461016053708758
2018-06-29,1.205930410320671
2018-06-30,1.2158902263208629
2018-07-01,1.2307852940835604
2018-07-02,1.2333501957345685
2018-07-03,1.3195877042332145
2018-07-04,1.2550538031661929
2018-07-05,1.300948788575844
2018-07-06,1.2821620535769536
2018-07-07,1.2614024916209037
2018-07-08,1.2655004955767666
2018-07-09,1.2613254437370318
2018-07-10,1.0923013565870698
2018-07-11,1.2721843489103
2018-07-12,1.228533086651184
2018-07-13,1.216010467289424
2018-07-14,1.209150969312549
2018-07-15,1.2040111261948836
2018-07-16,1.0947697742053633
2018-07-17,1.4697740614450656
2018-07-18,1.4405493760474148
2018-07-19,1.8987640783731976
2018-07-20,1.909008076764168
2018-07-21,1.8824446842466345
2018-07-22,1.886458013336548
2018-07-23,1.9691306862962743
2018-07-24,1.6618606659513504
2018-07-25,1.340558308623975
2018-07-26,0.7981726119037009
2018-07-27,0.6638583919777838
2018-07-28,0.6694392179597457
2018-07-29,0.676959619850408
2018-07-30,0.6595970210859903
2018-07-31,0.4039101383192958
2018-08-01,0.4412537909788996
2018-08-02,0.3976824747993737
2018-08-03,0.4365235908770408
2018-08-04,0.8293287304430718
2018-08-05,0.8180755617101063
2018-08-06,0.8207592942724987
2018-08-07,1.029996297265987
2018-08-08,1.177276541111096
2018-08-09,1.1419651438126015
2018-08-10,1.1344293877157918
2018-08-11,1.1367483437144812
2018-08-12,1.1382655691308443
2018-08-13,1.1281667964392712
2018-08-14,1.0673218736062609
2018-08-15,1.0236237609567618
2018-08-16,1.0305407499404358
2018-08-17,1.0105820905351282
2018-08-18,1.038967009782619
2018-08-19,1.04386049852415
2018-08-20,1.1339668523434905
2018-08-21,1.0701415614306502
2018-08-22,1.0162526297190488
2018-08-23,0.9790170953158456
2018-08-24,0.9835943057320564
2018-08-25,0.984682105050256
2018-08-26,0.9883011762522352
2018-08-27,0.9978954580664948
2018-08-28,0.9165545232473792
2018-08-29,0.8922910086479607
2018-08-30,0.8820107439029304
2018-08-31,0.883848904924707
2018-09-01,0.8986078397562007
2018-09-02,0.8696980313197584
2018-09-03,0.9066792108262524
2018-09-04,0.9319384670401304
2018-09-05,1.0557892262101187
2018-09-06,0.9764489384062228
2018-09-07,0.965454080444553
2018-09-08,0.9802609078497548
2018-09-09,0.9748588493629816
2018-09-10,0.9948976332413818
2018-09-11,0.8601277321837663
2018-09-12,0.8503318581336223
2018-09-13,0.231308010564379
2018-09-14,0.4330472438578678
2018-09-15,0.4424803385733353
2018-09-16,0.4478525678039651
2018-09-17,0.2642831896865907
2018-09-18,-0.1737299490548385
2018-09-19,-0.224449892965924
2018-09-20,-0.500486805547852
2018-09-21,-0.3085229698430667
2018-09-22,-0.2991231432677068
2018-09-23,-0.2678703521308452
2018-09-24,-0.2694202369977085
2018-09-25,-0.2790663955906767
2018-09-26,-0.247188797505939
2018-09-27,-0.197265617238431
2018-09-28,-0.1792265212505943
2018-09-29,-0.178715548137752
2018-09-30,-0.1708825805922258
2018-10-01,-0.069536709480882
2018-10-02,-0.1654140149152392
2018-10-03,-0.1483430853589322
2018-10-04,-0.2338652913051619
2018-10-05,-0.2177238618867871
2018-10-06,-0.2273534934523935
2018-10-07,-0.2312030638068394
2018-10-08,-0.224322905244598
2018-10-09,-0.2385979640727398
2018-10-10,-0.2407414672793975
2018-10-11,-0.2329957519567587
2018-10-12,-0.226515393962297
2018-10-13,-0.2229942266686444
2018-10-14,-0.2192880849911043
2018-10-15,-0.2039662700354074
2018-10-16,-0.1647445383743544
2018-10-17,-0.05723217397255
2018-10-18,0.0552017438470366
2018-10-19,0.0741762181023155
2018-10-20,0.0728315569521056
2018-10-21,0.0642709513874411
2018-10-22,0.0662308200737957
2018-10-23,0.0738998951993774
2018-10-24,-0.0109853660921002
2018-10-25,0.0538857739662044
2018-10-26,-0.0248699276909944
2018-10-27,-0.0341507714788584
2018-10-28,-0.0416330596647291
2018-10-29,-0.0538489604648788
2018-10-30,-0.1024510884512095
2018-10-31,-0.0779259173140669
2018-11-01,-0.0556004021539784
2018-11-02,-0.1609019926952863
2018-11-03,-0.155220590696903
2018-11-04,-0.157925029185826
2018-11-05,-0.0757510467642517
2018-11-06,-0.0599822255889161
2018-11-07,-0.5423225619609251
2018-11-08,-0.4664697539460201
2018-11-09,-0.4664062355916234
2018-11-10,-0.5050039424923847
2018-11-11,-0.5106540959827024
2018-11-12,-0.5084112975422732
2018-11-13,-0.4866180620917464
2018-11-14,-0.6028903579866978
2018-11-15,-0.6393828477878611
2018-11-16,-0.6305826805225094
2018-11-17,-0.6246475422058468
2018-11-18,-0.632094612552222
2018-11-19,-0.6472711281370138
2018-11-20,-0.70339657866485
2018-11-21,-0.7272802521699091
2018-11-22,-0.7020775933967218
2018-11-23,-0.7219766578368307
2018-11-24,-0.7270525187043486
2018-11-25,-0.7300077649834233
2018-11-26,-0.7349420392767478
2018-11-27,-0.7748349572058002
2018-11-28,-0.823608597287325
2018-11-29,-0.895758187091954
2018-11-30,-0.8971423137391039
2018-12-01,-0.838301686634821
2018-12-02,-0.8866793277974432
2018-12-03,-0.858860756391709
2018-12-04,-0.6935542760454445
2018-12-05,-0.7154006408038189
2018-12-06,-0.851836337047619
2018-12-07,-0.7091280745365169
2018-12-08,-0.7218810470152617
2018-12-09,-0.7498900695841317
2018-12-10,-0.8153531819268187
2018-12-11,-0.9165647011387544
2018-12-12,-0.8881448458574306
2018-12-13,-1.070157881821783
2018-12-14,-1.0477670506394834
2018-12-15,-1.0256221184121304
2018-12-16,-1.0129587906997826
2018-12-17,-1.1777882767664516
2018-12-18,-1.2155873610482557
2018-12-19,-1.2917682923958205
2018-12-20,-1.3085803093856512
2018-12-21,-1.409358011107975
2018-12-22,-1.3896842735410682
2018-12-23,-1.4000051067357602
2018-12-24,-1.3755948237852618
2018-12-25,-1.1729337420729316
2018-12-26,-1.1518914570781662
2018-12-27,-1.2283925236488662
2018-12-28,-1.2216821714749873
2018-12-29,-1.231215719779416
2018-12-30,-1.2615227553778825
2018-12-31,-1.287785079239755
2019-01-01,-1.1802282491049498
2019-01-02,-1.248768532428516
2019-01-03,-1.2563528850587238
2019-01-04,-1.2534452114949417
2019-01-05,-1.2419114641963878
2019-01-06,-1.2389521474977467
2019-01-07,-1.2524284611643597
2019-01-08,-1.243975435867613
2019-01-09,-1.2304959360735832
2019-01-10,-1.2590558614617666
2019-01-11,-1.2225022633532725
2019-01-12,-1.2220447185321504
2019-01-13,-1.2383744342327303
2019-01-14,-1.2364501552392737
2019-01-15,-1.2347982630117214
2019-01-16,-1.2704331959950212
2019-01-17,-1.291356649936138
2019-01-18,-1.2785427891688803
2019-01-19,-1.2865193378136288
2019-01-20,-1.2879841303319652
2019-01-21,-1.304523889867837
2019-01-22,-1.3588793487180668
2019-01-23,-1.6883455837685997
2019-01-24,-1.7711064490673567
2019-01-25,-1.8114860733043097
2019-01-26,-1.7951153477166182
2019-01-27,-1.8037791203461773
2019-01-28,-1.8011614259542927
2019-01-29,-1.7163958993781283
2019-01-30,-2.0110497903339466
2019-01-31,-2.233960175018291
2019-02-01,-2.252598043587734
2019-02-02,-2.3238216645822205
2019-02-03,-2.3209486812757523
2019-02-04,-2.2499202420453126
2019-02-05,-2.246159596837522
2019-02-06,-2.1985116244166423
2019-02-07,-2.5644077572856054
2019-02-08,-2.5583878900656254
2019-02-09,-2.5448925700668408
2019-02-10,-2.5399700492059516
2019-02-11,-2.4899029363636225
2019-02-12,-2.4907254887993973
2019-02-13,-2.6694241802656533
2019-02-14,-2.7200454781867993
2019-02-15,-2.7894460154065666
2019-02-16,-2.7855490913995675
2019-02-17,-2.7823099415262194
2019-02-18,-2.9638135275195663
2019-02-19,-3.169629712113774
2019-02-20,-3.724726339111685
2019-02-21,-3.6710057039790094
2019-02-22,-3.648475247380505
2019-02-23,-3.6141504625483223
2019-02-24,-3.620430299033507
2019-02-25,-3.674966439169861
2019-02-26,-3.7598824949146463
2019-02-27,-3.7889264055196703
2019-02-28,-4.020094588467566
2019-03-01,-4.002842206918694
2019-03-02,-4.093031569444249
2019-03-03,-4.082761112351757
2019-03-04,-4.131715156174594
2019-03-05,-4.164381211675418
2019-03-06,-4.110531249385232
2019-03-07,-4.214496944020393
2019-03-08,-4.158972501209607
2019-03-09,-4.144659722882505
2019-03-10,-4.132454767612854
2019-03-11,-4.094521509379621
2019-03-12,-4.402783106750539
2019-03-13,-4.405190208372238
2019-03-14,-4.667835975046977
2019-03-15,-4.762101976530329
2019-03-16,-4.7145237806703815
2019-03-17,-4.666393332472291
2019-03-18,-4.7245337500239835
2019-03-19,-4.716037605096535
2019-03-20,-4.895263567030701
2019-03-21,-4.817233691011102
2019-03-22,-4.809123211408746
2019-03-23,-4.819739349732139
2019-03-24,-4.843622993321751
2019-03-25,-4.795939873356203
2019-03-26,-4.789992150276716
2019-03-27,-4.7177372729162865
2019-03-28,-4.729917531454653
2019-03-29,-4.736587808266388
2019-03-30,-4.725931215021092
2019-03-31,-4.72205531284871
2019-04-01,-4.6732002213420945
2019-04-02,-4.768841963882844
2019-04-03,-4.741332666409297
2019-04-04,-4.729233664040388
2019-04-05,-4.740966598161847
2019-04-06,-4.734331068874133
2019-04-07,-4.732272958419944
2019-04-08,-4.738078880632029
2019-04-09,-4.741400909207435
2019-04-10,-4.728229013174032
2019-04-11,-4.720118674858106
2019-04-12,-4.719984739435073
2019-04-13,-4.716655659143026
2019-04-14,-4.723287678971804
2019-04-15,-4.708931872781542
2019-04-16,-4.696021890467319
2019-04-17,-4.640648032628929
2019-04-18,-4.517162777218736
2019-04-19,-4.512307198602053
2019-04-20,-4.516076188482927
2019-04-21,-4.513197284098585
2019-04-22,-4.506679332383655
2019-04-23,-4.541461284366179
2019-04-24,-4.432419286091925
2019-04-25,-4.099159421783561
2019-04-26,-4.0451438233555965
2019-04-27,-4.056939035769894
2019-04-28,-4.054682143561861
2019-04-29,-3.961165828518246
2019-04-30,-3.8497952937205
2019-05-01,-3.9728285864325783
2019-05-02,-3.977913153984747
2019-05-03,-3.9217362731435745
2019-05-04,-4.048730921993287
2019-05-05,-4.049812900022281
2019-05-06,-4.063891510797744
2019-05-07,-4.22266975706751
2019-05-08,-4.344259720259336
2019-05-09,-4.394086714936416
2019-05-10,-4.31088825770508
2019-05-11,-4.313685431002437
2019-05-12,-4.30615184290654
2019-05-13,-4.295164972647969
2019-05-14,-4.259640513453241
2019-05-15,-4.154731557618597
2019-05-16,-4.091755069267922
2019-05-17,-4.108443218128137
2019-05-18,-4.248204948622465
2019-05-19,-4.255089671200862
2019-05-20,-4.251716778886518
2019-05-21,-4.310770812040783
2019-05-22,-4.3191524140715165
2019-05-23,-4.14308633125479
2019-05-24,-4.160537558576715
2019-05-25,-4.15150353597793
2019-05-26,-4.127549086360569
2019-05-27,-4.147196092723069
2019-05-28,-4.162320115614957
2019-05-29,-4.215979887693437
2019-05-30,-4.231293905106135
2019-05-31,-4.209165536250944
2019-06-01,-4.157112203739746
2019-06-02,-4.192722509810611
2019-06-03,-4.194146034046106
2019-06-04,-4.145613477850608
2019-06-05,-4.119070988338351
2019-06-06,-4.104357343326383
2019-06-07,-4.07990645276533
2019-06-08,-4.092786629222812
2019-06-09,-4.073409280048631
2019-06-10,-4.098388828753594
2019-06-11,-3.8727542221052698
2019-06-12,-3.6072579636229714
2019-06-13,-3.622722393543844
2019-06-14,-3.5825637366165144
2019-06-15,-3.568761315176777
2019-06-16,-3.5844902571193913
2019-06-17,-3.5760672014443635
2019-06-18,-3.550919243507445
2019-06-19,-3.4068386424611834
2019-06-20,-3.366331581546116
2019-06-21,-3.0493689220390565
2019-06-22,-3.0857229663491283
2019-06-23,-3.1044253717431567
2019-06-24,-3.1288429129244184
2019-06-25,-2.8342855576672545
2019-06-26,-2.819626418018686
2019-06-27,-2.7747154668234217
2019-06-28,-2.789439225120053
2019-06-29,-2.821798569843323
2019-06-30,-2.83847257123777
2019-07-01,-2.8055143544393957
2019-07-02,-2.901249516562004
2019-07-03,-2.7604753652191345
2019-07-04,-2.7591932666470114
2019-07-05,-2.701695438616734
2019-07-06,-2.748152778909816
2019-07-07,-2.7643210262408076
2019-07-08,-2.8132090410738173
2019-07-09,-2.8327964616890577
2019-07-10,-2.818558620135702
2019-07-11,-2.734235773558789
2019-07-12,-2.7410112811208585
2019-07-13,-2.702393993559403
2019-07-14,-2.6972183080188032
2019-07-15,-2.6738615820858245
2019-07-16,-2.725958431456111
2019-07-17,-2.421204954489191
2019-07-18,-2.430210971297983
2019-07-19,-2.4237128010981763
2019-07-20,-2.436842478752802
2019-07-21,-2.431322092441206
2019-07-22,-2.416661977431576
2019-07-23,-2.373023367916824
2019-07-24,-2.036693542080352
2019-07-25,-1.6537298237384972
2019-07-26,-1.6074151725427297
2019-07-27,-1.6522699314067135
2019-07-28,-1.6576939173082066
2019-07-29,-1.7142437026905315
2019-07-30,-1.425900785417643
2019-07-31,-1.2201986085440943
2019-08-01,-1.2247493298072132
2019-08-02,-1.3471724190918417
2019-08-03,-1.3753643368022015
2019-08-04,-1.3682417978915835
2019-08-05,-1.3310186919879528
2019-08-06,-0.9930773442143848
2019-08-07,-0.957136890042524
2019-08-08,-0.9510197454490356
2019-08-09,-0.9431076100062468
2019-08-10,-0.9481177068590774
2019-08-11,-0.945617142500641
2019-08-12,-0.9548802131740022
2019-08-13,-0.9528747953664972
2019-08-14,-0.926898188555256
2019-08-15,-0.94939501601116
2019-08-16,-0.9413214087996948
2019-08-17,-0.920364975372116
2019-08-18,-1.0649114539109197
2019-08-19,-1.045327624453969
2019-08-20,-1.0674528591584782
2019-08-21,-1.0773821975829518
2019-08-22,-1.1630220319259066
2019-08-23,-1.108103685406685
2019-08-24,-1.1157245942745502
2019-08-25,-1.1217980907294507
2019-08-26,-1.115827638095041
2019-08-27,-1.1048829183328035
2019-08-28,-1.1327965108176852
2019-08-29,-1.1774464129997122
2019-08-30,-1.1988286094470555
2019-08-31,-1.2114297111312302
2019-09-01,-1.2020140135903454
2019-09-02,-1.2082197392228091
2019-09-03,-1.1416399686627088
2019-09-04,-1.1447396813143378
2019-09-05,-0.9799357054555256
2019-09-06,-0.9353875528648028
2019-09-07,-0.9492558591072962
2019-09-08,-0.959175863046569
2019-09-09,-0.9256433813269092
2019-09-10,-0.8487303948344631
2019-09-11,-0.9133637859515616
2019-09-12,-0.6156629472745083
2019-09-13,-0.6926850232266097
2019-09-14,-0.7015737588239324
2019-09-15,-0.7131049896950759
2019-09-16,-0.7217628701415788
2019-09-17,-0.9491597667764796
2019-09-18,-1.1320759519592365
2019-09-19,-1.1103820977115482
2019-09-20,-0.9622860384647782
2019-09-21,-0.8607040388128173
2019-09-22,-0.8832366478315283
2019-09-23,-0.8713184191899117
2019-09-24,-0.9181356690964356
2019-09-25,-1.018860116129515
2019-09-26,-0.9838239781496284
2019-09-27,-0.9635934402366422
2019-09-28,-0.9857088924690276
2019-09-29,-0.9901712880030196
2019-09-30,-0.9904291996937118
2019-10-01,-1.011424908441971
2019-10-02,-0.9571374785844042
2019-10-03,-0.9117125568278804
2019-10-04,-0.719892672897013
2019-10-05,-0.7214560840715334
2019-10-06,-0.7521785953564566
2019-10-07,-0.7403635950285217
2019-10-08,-0.7805184523749333
2019-10-09,-0.7573492855099264
2019-10-10,-0.7910684370681631
2019-10-11,-0.7817379190788254
2019-10-12,-0.7579948320247492
2019-10-13,-0.7522246591328237
2019-10-14,-0.7599416213349062
2019-10-15,-0.7223504710117004
2019-10-16,-1.1829096817665337
2019-10-17,-1.1964073267375568
2019-10-18,-1.2504288433220596
2019-10-19,-1.227286566857572
2019-10-20,-1.2338659868575674
2019-10-21,-1.2445943642982882
2019-10-22,-1.177179601867706
2019-10-23,-0.993832324027102
2019-10-24,-1.1301824870473278
2019-10-25,-1.170178927563876
2019-10-26,-1.1758280952635924
2019-10-27,-1.1820350570009168
2019-10-28,-1.101549483640441
2019-10-29,-1.1812834588394765
2019-10-30,-1.0407436909378365
2019-10-31,-1.0634605381115398
2019-11-01,-1.1712676686637695
2019-11-02,-1.1259022697127374
2019-11-03,-1.1092930782863788
2019-11-04,-1.197665604985754
2019-11-05,-1.268245683840343
2019-11-06,-1.1246752029729097
2019-11-07,-0.9774145669370308
2019-11-08,-0.9769004522089396
2019-11-09,-0.9829402648399784
2019-11-10,-0.9792684944909562
2019-11-11,-0.9782878172056704
2019-11-12,-0.9285711597283914
2019-11-13,-0.8817679635836515
2019-11-14,-0.7717914836547672
2019-11-15,-0.7879205256984758
2019-11-16,-0.7915899216396605
2019-11-17,-0.7814943555836933
2019-11-18,-0.9400233171889216
2019-11-19,-0.9361399367970882
2019-11-20,-1.0039364297015068
2019-11-21,-1.0476773568738142
2019-11-22,-1.0635029978097397
2019-11-23,-1.072828612504318
2019-11-24,-1.05170787326213
2019-11-25,-1.0904361067399984
2019-11-26,-1.0122290452508365
2019-11-27,-0.9860629248449242
2019-11-28,-0.9801241213048346
2019-11-29,-0.9631193294463718
2019-11-30,-0.9456907874727842
2019-12-01,-0.9626132472905532
2019-12-02,-1.0027126366749386
2019-12-03,-0.9870360935103206
2019-12-04,-0.9680124555258324
2019-12-05,-0.9979975506922024
2019-12-06,-1.0882325201859593
2019-12-07,-1.080836549791653
2019-12-08,-1.0561947496673922
2019-12-09,-1.1211075277028415
2019-12-10,-0.8090126970227154
2019-12-11,-0.8650000702744605
2019-12-12,-0.6470375161172168
2019-12-13,-0.5470724824802169
2019-12-14,-0.5397130421711671
2019-12-15,-0.5417510100547385
2019-12-16,-0.5781868730387449
2019-12-17,-0.4538348338306124
2019-12-18,-0.4463170553633044
2019-12-19,-0.4199731422476827
2019-12-20,-0.3805321851938692
2019-12-21,-0.8422399407952543
2019-12-22,-0.8114686017775696
2019-12-23,-0.7902304704130658
2019-12-24,-0.9520983030390182
2019-12-25,-1.0759320398535823
2019-12-26,-1.0108002721027909
2019-12-27,-0.985003411909751
2019-12-28,-1.0050734789986142
2019-12-29,-1.0179327901019082
2019-12-30,-1.0191879856184691
2019-12-31,-0.9879907031763144
2020-01-01,-1.037336062969352
2020-01-02,-1.06674725762882
2020-01-03,-1.0547176216823906
2020-01-04,-1.0454700514775188
2020-01-05,-1.0508715248546427
2020-01-06,-1.0679198150181544
2020-01-07,-1.0504987420014509
2020-01-08,-1.0128565574203825
2020-01-09,-1.005245393392012
2020-01-10,-0.96691483342062
2020-01-11,-0.9520403720968644
2020-01-12,-0.9561649470961932
2020-01-13,-0.9573809204323052
2020-01-14,-0.8925513438573847
2020-01-15,-0.8640510439185343
2020-01-16,-0.8579363091537613
2020-01-17,-0.869684046946194
2020-01-18,-0.9102197297132611
2020-01-19,-0.9039367269686152
2020-01-20,-0.9134400604660416
2020-01-21,-0.8537261734283903
2020-01-22,-0.7795977686242515
2020-01-23,-0.6127454938645218
2020-01-24,-0.5815177241174048
2020-01-25,-0.5561919887810656
2020-01-26,-0.558210347032049
2020-01-27,-0.5419487514080927
2020-01-28,-0.5845475514543719
2020-01-29,-0.1849932940889189
2020-01-30,-0.2156987911266961
2020-01-31,-0.3330207937487517
2020-02-01,-0.3863768859136471
2020-02-02,-0.3437612253982851
2020-02-03,-0.308942051887203
2020-02-04,-0.1957682520844867
2020-02-05,-0.2456949475731085
2020-02-06,-0.2849554240419656
2020-02-07,-0.1060642629020656
2020-02-08,-0.0765364904343286
2020-02-09,-0.0741689747801765
2020-02-10,-0.0637393381595481
2020-02-11,0.0144189160755474
2020-02-12,0.4281115149651702
2020-02-13,0.5673449643199169
2020-02-14,0.5970370331125614
2020-02-15,0.5969474953614688
2020-02-16,0.5904371399567101
2020-02-17,0.5276597342097624
2020-02-18,0.3270974509120103
2020-02-19,0.3441668096227117
2020-02-20,0.4699383230883491
2020-02-21,0.4148924814089376
2020-02-22,0.3836105136099519
2020-02-23,0.39096589167555
2020-02-24,0.4116611506155547
2020-02-25,0.2952300570897965
2020-02-26,0.1317841630494745
2020-02-27,0.032582931177016
2020-02-28,0.0154703210916427
2020-02-29,0.0060039577227497
2020-03-01,-0.0216196381908526
2020-03-02,-0.0764354061021508
2020-03-03,-0.1918968300857075
2020-03-04,-0.2609298464412657
2020-03-05,-0.4629301991462218
2020-03-06,-0.4652057823314046
2020-03-07,-0.4688407219998531
2020-03-08,-0.4553270473804534
2020-03-09,-0.4328152091808368
2020-03-10,-0.4585483408007247
2020-03-11,-0.6633915765831655
2020-03-12,-0.7874117271152514
2020-03-13,-0.6840795149731753
2020-03-14,-0.7095745128842337
2020-03-15,-0.6965234238625566
2020-03-16,-0.7329999846639745
2020-03-17,-0.7165948085895528
2020-03-18,-0.673910947609998
2020-03-19,-0.8131023861359201
2020-03-20,-0.8202415795783087
2020-03-21,-0.954387133972244
2020-03-22,-0.9404215503865284
2020-03-23,-1.027918009979426
2020-03-24,-1.1507566809803855
2020-03-25,-0.9016119709818178
2020-03-26,-1.0068434162317783
2020-03-27,-0.9587264553362423
2020-03-28,-0.9493061574393348
2020-03-29,-0.9360499082857748
2020-03-30,-0.9099554781317608
2020-03-31,-0.8891514307558677
2020-04-01,-0.8141378975743097
2020-04-02,-0.6948269938368254
2020-04-03,-0.7121690441312853
2020-04-04,-0.7206496864128635
2020-04-05,-0.7315506789240569
2020-04-06,-0.7455426892992869
2020-04-07,-0.6607738624008141
2020-04-08,-0.6864300211214607
2020-04-09,-0.7030435700848339
2020-04-10,-0.7111740717421235
2020-04-11,-0.7038380519262282
2020-04-12,-0.707447447985365
2020-04-13,-0.7210954858182377
2020-04-14,-0.7703429391120726
2020-04-15,-0.7557401901781924
2020-04-16,-0.7376340746818555
2020-04-17,-0.6778401159016272
2020-04-18,-1.345830390687142
2020-04-19,-1.3532537182699858
2020-04-20,-1.3529191179878943
2020-04-21,-1.3278607031972194
2020-04-22,-1.3425755293824009
2020-04-23,-1.1032218245324887
2020-04-24,-0.99361239466078
2020-04-25,-0.996603457526029
2020-04-26,-0.9918821872573202
2020-04-27,-0.9913079832830982
2020-04-28,-0.6156313998802085
2020-04-29,-0.1165333689480727
2020-04-30,0.2810422821057639
2020-05-01,0.8931527306533363
2020-05-02,0.73286637720302
2020-05-03,0.737329578288505
2020-05-04,0.8509748718056822
2020-05-05,1.1237777166528506
2020-05-06,1.136281765022671
2020-05-07,1.5267297191372418
2020-05-08,1.5082346917510383
2020-05-09,1.5492052728673007
2020-05-10,1.5317523368259955
2020-05-11,1.5901934197978325
2020-05-12,1.5906598480546232
2020-05-13,1.6376811477143445
2020-05-14,1.572950453509384
2020-05-15,1.7011146977136364
2020-05-16,1.709224451697828
2020-05-17,1.7044025896032755
2020-05-18,-0.8592446405777454
2020-05-19,-0.5508532409664315
2020-05-20,-0.5369890882237818
2020-05-21,-0.3240337855540245
2020-05-22,-0.3144711875076071
2020-05-23,-0.3138835913677147
2020-05-24,-0.3196452760886468
2020-05-25,-0.2588022048824754
2020-05-26,-0.1686412736593407
2020-05-27,-0.1151571438834737
2020-05-28,0.1167067273238326
2020-05-29,0.1893118558700821
2020-05-30,0.1996494789716589
2020-05-31,0.2164977094514226
2020-06-01,0.3131721312725376
2020-06-02,0.382176156798129
2020-06-03,0.4319936145945866
2020-06-04,0.4806834980653317
2020-06-05,0.5068400457888084
2020-06-06,0.5036451395387276
2020-06-07,0.5077311695628849
2020-06-08,0.494856213732058
2020-06-09,0.5978045273653732
2020-06-10,0.9486254658034908
2020-06-11,1.0225147020044778
2020-06-12,1.06484951330593
2020-06-13,1.0399212727072482
2020-06-14,1.01475249832413
2020-06-15,1.0455699718974292
2020-06-16,1.39278096860833
2020-06-17,1.631121928484605
2020-06-18,2.3373770942156256
2020-06-19,2.61671337294045
2020-06-20,2.445653368970876
2020-06-21,2.4241890095662377
2020-06-22,2.426896393821999
2020-06-23,2.404261611375623
2020-06-24,2.1202041958890216
2020-06-25,2.563473865016843
2020-06-26,2.391571074642977
2020-06-27,2.3338608662156406
2020-06-28,2.3380808399323136
2020-06-29,2.3151660056912986
2020-06-30,2.326755473553523
2020-07-01,2.4900404649163
2020-07-02,2.6313682827993263
2020-07-03,2.5761415346137335
2020-07-04,2.5891214417009363
2020-07-05,2.584339429924431
2020-07-06,2.5920536611221627
2020-07-07,2.6564360008152725
2020-07-08,3.093900913764883
2020-07-09,3.08570967853787
2020-07-10,3.0168943390961953
2020-07-11,3.0300645631557375
2020-07-12,3.0086618630311195
2020-07-13,2.9927019668275037
2020-07-14,2.9760548154478843
2020-07-15,2.9912989619757058
2020-07-16,3.5442770283690574
2020-07-17,3.618340499409729
2020-07-18,4.879785723023203
2020-07-19,4.863033575723479
2020-07-20,4.5660955658746385
2020-07-21,4.586557260807421
2020-07-22,4.699956381524675
2020-07-23,5.212126692770809
2020-07-24,5.406477510425228
2020-07-25,5.404040491392095
2020-07-26,5.427455805919126
2020-07-27,5.475230239707313
2020-07-28,6.003276071529466
2020-07-29,6.717070300532027
2020-07-30,8.487964013761387
2020-07-31,8.947729834068202
2020-08-01,8.736173368682076
2020-08-02,8.906900658780657
2020-08-03,9.225158983146374
2020-08-04,10.118615278822126
2020-08-05,10.54500581238852
2020-08-06,10.769123320497194
2020-08-07,10.800118418049127
2020-08-08,11.202927513381054
2020-08-09,11.17999736461014
2020-08-10,11.316518412708154
2020-08-11,11.43016435044843
2020-08-12,11.53187458300075
2020-08-13,11.596082028966084
2020-08-14,11.59843619571395
2020-08-15,11.585035789822712
2020-08-16,11.56496265238852
2020-08-17,11.641709241809654
2020-08-18,13.332541283610492
2020-08-19,13.325641211949684
2020-08-20,13.335604191554618
2020-08-21,13.351778695736602
2020-08-22,13.316153897794798
2020-08-23,13.339803767255258
2020-08-24,13.322532237715633
2020-08-25,13.368932069471423
2020-08-26,13.37561292739898
2020-08-27,13.332901854774194
2020-08-28,13.373297512438787
2020-08-29,13.366325991835364
2020-08-30,13.368676753823118
2020-08-31,13.391013236142946
2020-09-01,13.23897751494529
2020-09-02,13.474898585246011
2020-09-03,13.38180094551896
2020-09-04,13.41777221829369
2020-09-05,13.396965264962423
2020-09-06,13.407399690176415
2020-09-07,13.425451078077224
2020-09-08,13.412343870949456
2020-09-09,13.210670471543732
2020-09-10,12.985428037401292
2020-09-11,13.068064423571055
2020-09-12,13.087402574333272
2020-09-13,13.102726504326684
2020-09-14,13.000459258878584
2020-09-15,13.05574277362652
2020-09-16,13.271712742554316
2020-09-17,13.058251985666452
2020-09-18,13.362573796470931
2020-09-19,13.349416018147638
2020-09-20,13.378800558796073
2020-09-21,13.445388544451836
2020-09-22,13.6431641781516
2020-09-23,13.7660348642979
2020-09-24,13.66319559123782
2020-09-25,13.588846937445853
2020-09-26,13.567971261480668
2020-09-27,13.52875264121128
2020-09-28,13.502991311258688
2020-09-29,13.475390218681287
2020-09-30,13.499769314421634
2020-10-01,13.158613587590375
2020-10-02,13.408977200733329
2020-10-03,13.368485179347996
2020-10-04,13.368178727240242
2020-10-05,13.360737686306082
2020-10-06,13.418339238346782
2020-10-07,13.38085993343268
2020-10-08,13.305462087388277
2020-10-09,13.300601076128968
2020-10-10,13.33658994201488
2020-10-11,13.307183850584083
2020-10-12,13.292766920611442
2020-10-13,13.560413369872446
2020-10-14,13.65293234222971
2020-10-15,13.68788496637756
2020-10-16,13.692786618678204
2020-10-17,13.696363595898765
2020-10-18,13.42608293285574
2020-10-19,13.93137981156227
2020-10-20,13.763560729078096
2020-10-21,13.979242778315037
2020-10-22,13.625044488607774
2020-10-23,13.70129462624774
2020-10-24,13.669799682099356
2020-10-25,13.66985305594796
2020-10-26,13.722648193931098
2020-10-27,13.753808498855946
2020-10-28,13.632342747515098
2020-10-29,13.696785250889995
2020-10-30,13.598509595495452
2020-10-31,13.573327103278189
2020-11-01,13.335952134862923
2020-11-02,13.39618364841244
2020-11-03,13.250837683300956
2020-11-04,13.108939466004225
2020-11-05,13.002717033772685
2020-11-06,12.924522053863267
2020-11-07,12.591655721444196
2020-11-08,12.611008138530844
2020-11-09,12.67196098656862
2020-11-10,12.745742184493688
2020-11-11,12.708454295744518
2020-11-12,12.790351932406098
2020-11-13,12.79442246961388
2020-11-14,12.793928932527589
2020-11-15,12.833975580763171
2020-11-16,12.78967941990829
2020-11-17,12.787980485236767
2020-11-18,12.825042785154206
2020-11-19,12.831863178510185
2020-11-20,12.83212262441025
2020-11-21,12.836400410320431
2020-11-22,12.808497890654476
2020-11-23,12.820825947481822
2020-11-24,12.880080984944197
2020-11-25,12.832827077825115
2020-11-26,12.789115837744768
2020-11-27,12.772655903687395
2020-11-28,12.786001984349202
2020-11-29,12.7678334897377
2020-11-30,12.76119918645045
2020-12-01,12.585627004742395
2020-12-02,12.52974965314485
2020-12-03,12.263484478236688
2020-12-04,12.328109062335102
2020-12-05,12.30833555915784
2020-12-06,12.32086791714811
2020-12-07,12.326970830951437
2020-12-08,12.259828380511
2020-12-09,12.18430969311238
2020-12-10,12.184157623750275
2020-12-11,11.97672191305048
2020-12-12,12.018916079683873
2020-12-13,12.053088160467793
2020-12-14,12.07988331930925
2020-12-15,12.045123550194836
2020-12-16,11.929240801370726
2020-12-17,11.96537034443192
2020-12-18,11.95270845963158
2020-12-19,12.084671013124323
2020-12-20,12.077360148850572
2020-12-21,12.064032033992705
2020-12-22,11.861464602424505
2020-12-23,11.867216521569777
2020-12-24,11.77001784868466
2020-12-25,11.75209320490657
2020-12-26,11.74045301646746
2020-12-27,11.746827948825183
2020-12-28,11.728165573144702
2020-12-29,11.734913786680782
2020-12-30,11.748874073408398
2020-12-31,11.765740074557357
2021-01-01,11.518059493913714
2021-01-02,11.699788596451572
2021-01-03,11.688901416149058
2021-01-04,11.688010415308488
2021-01-05,11.65822659487318
2021-01-06,11.693321365504818
2021-01-07,11.752697663057816
2021-01-08,11.763425706437944
2021-01-09,11.776427983281526
2021-01-10,11.793964476139005
2021-01-11,11.827030016521782
2021-01-12,11.839030766324043
2021-01-13,11.892548751371598
2021-01-14,11.870344871553272
2021-01-15,11.878026175398748
2021-01-16,11.861872006264583
2021-01-17,11.871450221605862
2021-01-18,12.055451388097463
2021-01-19,12.049908114601184
2021-01-20,12.050413872350513
2021-01-21,12.167775803469349
2021-01-22,12.179682400510115
2021-01-23,12.208779074363177
2021-01-24,12.178641927326993
2021-01-25,12.156340206661117
2021-01-26,12.56675287401052
2021-01-27,12.255245787468535
2021-01-28,12.041204023372808
2021-01-29,12.032039108158823
2021-01-30,12.054051093439242
2021-01-31,12.050052829275998
2021-02-01,11.854143906853402
2021-02-02,11.95564638132049
2021-02-03,11.86886910040683
2021-02-04,11.544007502059484
2021-02-05,11.639263453242556
2021-02-06,11.654150920474176
2021-02-07,11.64285785911016
2021-02-08,11.581228870024344
2021-02-09,11.425426294558894
2021-02-10,11.396894369649427
2021-02-11,11.46793592677232
2021-02-12,11.475684586131491
2021-02-13,11.473951985315033
2021-02-14,11.45823871115042
2021-02-15,11.42986538936008
2021-02-16,11.465367454831632
2021-02-17,11.6292251133149
2021-02-18,11.493220150208195
2021-02-19,11.509011088292752
2021-02-20,11.475110148296908
2021-02-21,11.432625258917357
2021-02-22,11.39455349143788
2021-02-23,11.480860636131904
2021-02-24,11.421777292088684
2021-02-25,11.693335097090248
2021-02-26,11.605086370171929
2021-02-27,11.6067747088866
2021-02-28,11.633668953816729
2021-03-01,11.586630398253586
2021-03-02,11.687186296289036
2021-03-03,12.156852652081875
2021-03-04,12.04325104817108
2021-03-05,11.991270540483477
2021-03-06,12.0107811412759
2021-03-07,12.02173826671372
2021-03-08,11.984482038521644
2021-03-09,11.874567353964078
2021-03-10,11.740830272004224
2021-03-11,11.771521577732807
2021-03-12,11.832830585296112
2021-03-13,11.841167985773556
2021-03-14,11.842520850117785
2021-03-15,11.748732801915883
2021-03-16,11.924040730451209
2021-03-17,11.96088601642938
2021-03-18,10.6015435558717
2021-03-19,10.692058326301206
2021-03-20,10.666372019892233
2021-03-21,10.671911482349742
2021-03-22,10.80540486162749
2021-03-23,10.903789592485266
2021-03-24,11.008664713626931
2021-03-25,10.920046098281851
2021-03-26,10.904378118732332
2021-03-27,10.91572469957113
2021-03-28,10.89241397685062
2021-03-29,10.902284478386374
2021-03-30,10.894171678291428
2021-03-31,10.89556319292333
2021-04-01,10.655948779591329
2021-04-02,10.752664862876658
2021-04-03,10.776606527979814
2021-04-04,10.777140036719286
2021-04-05,10.760618160284814
2021-04-06,10.748798862036406
2021-04-07,10.812013672976292
2021-04-08,10.89823801281911
2021-04-09,10.907113220603796
2021-04-10,10.900383714883066
2021-04-11,10.916815803205187
2021-04-12,10.924356296199392
2021-04-13,10.908238701968925
2021-04-14,10.892954681673377
2021-04-15,10.834049821264882
2021-04-16,10.84153496457792
2021-04-17,10.825761387332149
2021-04-18,11.578016639052317
2021-04-19,11.526293954690852
2021-04-20,11.421575716233116
2021-04-21,11.241804227940523
2021-04-22,11.309654695829622
2021-04-23,11.259252661939682
2021-04-24,11.238321975117149
2021-04-25,11.222941992864772
2021-04-26,11.076173879660676
2021-04-27,11.028035792768796
2021-04-28,10.86427329281374
2021-04-29,10.860811415875252
2021-04-30,10.41246941861967
2021-05-01,10.096530003568184
2021-05-02,10.187107916670186
2021-05-03,10.011166972540066
2021-05-04,9.853972021939642
2021-05-05,10.016934178872509
2021-05-06,9.933415905594028
2021-05-07,9.855545047852974
2021-05-08,9.853452704121317
2021-05-09,9.867468443288264
2021-05-10,9.936325073903216
2021-05-11,9.929795718123746
2021-05-12,9.939058588289578
2021-05-13,10.264128115526091
2021-05-14,10.294469796095571
2021-05-15,10.310579823451883
2021-05-16,10.343439152805905
2021-05-17,10.417236503530344
2021-05-18,10.378577545433846
2021-05-19,10.217817735233629
2021-05-20,10.219036910496175
2021-05-21,10.146414677065772
2021-05-22,10.181342048940689
2021-05-23,10.156176232487976
2021-05-24,10.127110272076097
2021-05-25,10.119125503710697
2021-05-26,10.041927398695137
2021-05-27,10.03531746718442
2021-05-28,10.057653571473445
2021-05-29,10.067810799959148
2021-05-30,10.073133309279996
2021-05-31,10.045895810937314
2021-06-01,9.932884783567996
2021-06-02,10.086319809142475
2021-06-03,10.088066006738332
2021-06-04,10.046200994209638
2021-06-05,10.045643607323834
2021-06-06,10.047776182364114
2021-06-07,10.041328917297747
2021-06-08,10.006958894326315
2021-06-09,9.986824240420724
2021-06-10,9.948402868158686
2021-06-11,10.002491273357464
2021-06-12,10.005753786086874
2021-06-13,9.99587249334772
2021-06-14,10.009999319476671
2021-06-15,9.660255599665486
2021-06-16,9.323468763403948
2021-06-17,9.405921675860284
2021-06-18,9.759787898817084
2021-06-19,9.756703868483257
2021-06-20,9.77244352934564
2021-06-21,9.803970669535689
2021-06-22,10.015486068828352
2021-06-23,10.175234333340114
2021-06-24,9.962342049446187
2021-06-25,9.73235620218484
2021-06-26,9.735029608175235
2021-06-27,9.742631022074136
2021-06-28,9.73520119807764
2021-06-29,9.73543606238104
2021-06-30,9.66743739459588
2021-07-01,9.43859046058976
2021-07-02,9.573662122837408
2021-07-03,9.585499982626189
2021-07-04,9.570236198114385
2021-07-05,9.584978111091658
2021-07-06,9.678298991862322
2021-07-07,9.700494940931234
2021-07-08,9.768016902566735
2021-07-09,9.85212549547762
2021-07-10,9.712372327130463
2021-07-11,9.705692177831684
2021-07-12,9.70036526094422
2021-07-13,9.669267843691276
2021-07-14,9.54649633530284
2021-07-15,9.548980054460618
2021-07-16,9.551647334668392
2021-07-17,9.537291376207447
2021-07-18,9.580914411108774
2021-07-19,9.540933494129598
2021-07-20,9.541740134233034
2021-07-21,9.527875874707888
2021-07-22,9.40603012204028
2021-07-23,9.340600894744004
2021-07-24,9.33249471711621
2021-07-25,9.32177492739919
2021-07-26,9.254378005981817
2021-07-27,9.346067129050166
2021-07-28,9.046836046925474
2021-07-29,8.711536509842178
2021-07-30,8.635776654133286
2021-07-31,8.652233378809107
2021-08-01,8.832799543634417
2021-08-02,8.959947691542482
2021-08-03,8.142736675556264
2021-08-04,7.774608728888017
2021-08-05,7.437786726005339
2021-08-06,7.300919547672454
2021-08-07,7.405791926439043
2021-08-08,7.385687750177071
2021-08-09,7.260746606380131
2021-08-10,7.090685655199643
2021-08-11,7.115752373955363
2021-08-12,7.055705161070157
2021-08-13,7.064065501631472
2021-08-14,7.063413448065894
2021-08-15,7.07567834950514
2021-08-16,7.0821464904593
2021-08-17,6.990529726886897
2021-08-18,7.17354488819411
2021-08-19,7.0994109300069805
2021-08-20,7.101279871556251
2021-08-21,7.106586130044084
2021-08-22,7.106575908969564
2021-08-23,7.034460065239553
2021-08-24,6.937935921338923
2021-08-25,6.868825338455885
2021-08-26,6.808286050029542
2021-08-27,6.792977090985337
2021-08-28,6.788032036152266
2021-08-29,6.795395084419631
2021-08-30,6.781409683453802
2021-08-31,6.814599779413336
2021-09-01,6.488764790225334
2021-09-02,6.589637822650252
2021-09-03,6.569688468776388
2021-09-04,6.555578100528534
2021-09-05,6.528365061432556
2021-09-06,6.578388082879612
2021-09-07,6.672395312078679
2021-09-08,6.88558008424428
2021-09-09,6.86716613459645
2021-09-10,6.828843329859643
2021-09-11,6.833323135954036
2021-09-12,6.817529760513079
2021-09-13,6.775832488318228
2021-09-14,6.842942881519901
2021-09-15,6.673007997275711
2021-09-16,6.803288575855274
2021-09-17,6.930558169043191
2021-09-18,6.796474374234302
2021-09-19,6.731787661718554
2021-09-20,6.7117501264075194
2021-09-21,6.854137913196077
2021-09-22,6.889045184709451
2021-09-23,6.716304744198044
2021-09-24,6.620115234266017
2021-09-25,6.542159670672074
2021-09-26,6.5294576603885535
2021-09-27,6.5310191441836505
2021-09-28,6.356869571444246
2021-09-29,6.238004649220309
2021-09-30,6.257428458257625
2021-10-01,6.073615589593523
2021-10-02,6.200618054961611
2021-10-03,6.215797553723692
2021-10-04,6.251236884864542
2021-10-05,6.167818601230736
2021-10-06,6.1387415213581775
2021-10-07,6.048646631078092
2021-10-08,6.080521861808572
2021-10-09,6.112943014570269
2021-10-10,6.130083836952985
2021-10-11,6.114968782084232
2021-10-12,6.104709372648963
2021-10-13,6.120825204517745
2021-10-14,5.997848034018812
2021-10-15,5.898917168368072
2021-10-16,5.865228479485154
2021-10-17,5.873458865934471
2021-10-18,5.148493183513185
2021-10-19,5.091167440384868
2021-10-20,5.084688816165505
2021-10-21,5.255059803817075
2021-10-22,5.245600927335231
2021-10-23,5.258830613044069
2021-10-24,5.2598364687462436
2021-10-25,5.152097271269305
2021-10-26,5.263218483598659
2021-10-27,5.373298116700515
2021-10-28,4.861377837540933
2021-10-29,4.943078845836805
2021-10-30,4.945912408530136
2021-10-31,4.940610714336978
2021-11-01,4.742165266174259
2021-11-02,4.536153497137873
2021-11-03,4.468058407054577
2021-11-04,4.360941632039248
2021-11-05,4.374402702667742
2021-11-06,4.183568160062006
2021-11-07,4.191232313084202
2021-11-08,4.199294832645197
2021-11-09,4.261452537841285
2021-11-10,4.2965470231608185
2021-11-11,4.297326426200627
2021-11-12,4.269300878834012
2021-11-13,4.2677555542988586
2021-11-14,4.276275950089758
2021-11-15,4.277802797680779
2021-11-16,4.306975926753933
2021-11-17,4.266927394281019
2021-11-18,4.798311673782017
2021-11-19,4.7764107907228865
2021-11-20,4.783362803815022
2021-11-21,4.74493092090736
2021-11-22,4.729516245289585
2021-11-23,4.70754488851952
2021-11-24,4.702858615910756
2021-11-25,4.717368277237325
2021-11-26,4.73205486762887
2021-11-27,4.714744263358309
2021-11-28,4.739709200611819
2021-11-29,4.77451823787464
2021-11-30,4.719196308012262
2021-12-01,4.618802759210885
2021-12-02,4.638000863581611
2021-12-03,4.632510600744899
2021-12-04,4.634547725629223
2021-12-05,4.656706571643992
2021-12-06,4.579502956972114
2021-12-07,4.41972354948353
2021-12-08,3.911522996214664
2021-12-09,3.5322152693578435
2021-12-10,3.4348769283372107
2021-12-11,3.4805371846627375
2021-12-12,3.537979163792083
2021-12-13,3.572818210671194
2021-12-14,3.310772239455214
2021-12-15,2.9272737475594663
2021-12-16,0.8678644141322531
2021-12-17,0.6410957575811641
2021-12-18,1.0746143337110985
2021-12-19,1.119726226874097
2021-12-20,0.9418453713943866
2021-12-21,0.3658180435099614
2021-12-22,0.3194886925076901
2021-12-23,-0.0068783582427354
2021-12-24,0.1212634709053788
2021-12-25,-0.1849391897112573
2021-12-26,-0.1079852699275532
2021-12-27,-0.1843055296855629
2021-12-28,-0.094156474695257
2021-12-29,0.0142853981112864
2021-12-30,0.2828486035370905
2021-12-31,0.3476029134307719
2022-01-01,0.5243738007112122
2022-01-02,0.5706078254356985
2022-01-03,0.5824748529800571
2022-01-04,0.5188878710835476
2022-01-05,0.4461033568235886
2022-01-06,0.4598240489771208
2022-01-07,0.4691365187412712
2022-01-08,0.4745798891399395
2022-01-09,0.4523971422611725
2022-01-10,0.4814424310368461
2022-01-11,0.3265815578564859
2022-01-12,0.3833174976791211
2022-01-13,0.4442816108634018
2022-01-14,0.4513718826279662
2022-01-15,0.4584170681156574
2022-01-16,0.4544850103488256
2022-01-17,0.458018263123954
2022-01-18,0.3696173514103842
2022-01-19,0.4034378078891987
2022-01-20,0.4064789714690244
2022-01-21,0.4321597283519132
2022-01-22,0.3959599823168589
2022-01-23,0.3808710559820625
2022-01-24,0.4313302325354915
2022-01-25,0.4638722411047451
2022-01-26,0.4155822091940033
2022-01-27,0.4799504436535762
2022-01-28,0.466341602863525
2022-01-29,0.4920879844097507
2022-01-30,0.5124601654667298
2022-01-31,0.5516204269597504
2022-02-01,0.6571290644533738
2022-02-02,0.3131308197761298
2022-02-03,0.091448809118446
2022-02-04,0.1002148557608073
2022-02-05,0.0954250459529482
2022-02-06,0.1087366931909437
2022-02-07,0.0953249537185918
2022-02-08,0.1227453305614028
2022-02-09,0.0485994024970912
2022-02-10,0.0174535789309009
2022-02-11,-0.0621500379947999
2022-02-12,-0.0910612510401158
2022-02-13,-0.0837717395389656
2022-02-14,-0.0411936538764321
2022-02-15,-0.0319582097889936
2022-02-16,-0.0869531921345421
2022-02-17,-0.1460185862457528
2022-02-18,-0.3045874210191477
2022-02-19,-0.2803614298478232
2022-02-20,-0.2536403567078027
2022-02-21,-0.3549857827986278
2022-02-22,-0.4960548729811322
2022-02-23,-0.7608905542608912
2022-02-24,-1.0476349851105615
2022-02-25,-1.012811444934312
2022-02-26,-0.6190365997812812
2022-02-27,-0.6674690738687212
2022-02-28,-0.7774836030118633
2022-03-01,-0.5375788522453284
2022-03-02,-0.5459374501867396
2022-03-03,-0.677622897453908
2022-03-04,-0.6602883424375459
2022-03-05,-0.6294067971063046
2022-03-06,-0.6209318935737429
2022-03-07,-0.5809829146182963
2022-03-08,-0.556077220912659
2022-03-09,-0.8869017376490209
2022-03-10,-0.6453874869244263
2022-03-11,-0.7140462255246978
2022-03-12,-0.6956209304875491
2022-03-13,-0.6293570423495227
2022-03-14,-0.6568415552970772
2022-03-15,-0.669650849051397
2022-03-16,-0.5916998366903155
2022-03-17,-1.4226920167474055
2022-03-18,-0.8318680894878798
2022-03-19,-0.7545321194729468
2022-03-20,-0.7019867029143048
2022-03-21,-0.5774592956279174
2022-03-22,-0.4875553643907917
2022-03-23,-0.3195834653761098
2022-03-24,-0.2271488197147622
2022-03-25,-0.1008030652440454
2022-03-26,0.1090680647079593
2022-03-27,0.0601336257972331
2022-03-28,-0.0325637836825549
2022-03-29,-0.1296102897952795
2022-03-30,-0.1254924622583721
2022-03-31,-0.2170247999992354
2022-04-01,-0.2051454447867891
2022-04-02,-0.1645299989515702
2022-04-03,-0.1809357768498256
2022-04-04,-0.1948300789344745
2022-04-05,-0.1895743666556313
2022-04-06,-0.2261424377672944
2022-04-07,-0.2306366376565227
2022-04-08,-0.2570025150472943
2022-04-09,-0.2434657772352095
2022-04-10,-0.2321046898452288
2022-04-11,-0.2663429064859675
2022-04-12,-0.3077852906380331
2022-04-13,-0.3315741178543965
2022-04-14,-0.31258285937524
2022-04-15,-0.3112558342304421
2022-04-16,-0.3356287903390655
2022-04-17,-0.3506044542761541
2022-04-18,-0.0760045972079628
2022-04-19,-0.1449582704227159
2022-04-20,-0.2852042743395893
2022-04-21,-0.2193288439020524
2022-04-22,-0.1986803254610434
2022-04-23,-0.1730182163899911
2022-04-24,-0.1755273360379119
2022-04-25,-0.2212745634319972
2022-04-26,-0.6659421064221296
2022-04-27,-1.0593441488785458
2022-04-28,-1.057358951628793
2022-04-29,-0.9507062503044488
2022-04-30,-1.440721159995881
2022-05-01,-1.676798460879388
2022-05-02,-1.688175554285144
2022-05-03,-1.972703778741268
2022-05-04,-2.0543777539208055
2022-05-05,-2.0684074545287867
2022-05-06,-2.0442635776232967
2022-05-07,-2.036396701299325
2022-05-08,-2.025524772207638
2022-05-09,-2.0260251409244603
2022-05-10,-2.1299912314644236
2022-05-11,-2.1513663032208594
2022-05-12,-2.236858134077438
2022-05-13,-2.216943516838659
2022-05-14,-2.230784265062329
2022-05-15,-2.2651651662552084
2022-05-16,-2.3590741899058987
2022-05-17,-2.4403777744370325
2022-05-18,-2.429980145732147
2022-05-19,-2.4952283486051545
2022-05-20,-2.5506154366811953
2022-05-21,-2.5687171739018693
2022-05-22,-2.599439432238377
2022-05-23,-2.51102998327471
2022-05-24,-2.5193535202552795
2022-05-25,-2.48114583492987
2022-05-26,-2.4116271138715932
2022-05-27,-2.4030619006471774
2022-05-28,-2.4138578704506
2022-05-29,-2.420967313248533
2022-05-30,-2.3848254301900704
2022-05-31,-2.246285001935978
2022-06-01,-1.8765966766786288
2022-06-02,-1.8389006136902224
2022-06-03,-1.881692821908003
2022-06-04,-1.9356704475237845
2022-06-05,-1.9044387806750225
2022-06-06,-1.922339457107784
2022-06-07,-1.9423741433102877
2022-06-08,-1.9263227542761372
2022-06-09,-2.0884630680213787
2022-06-10,-2.0758628585082164
2022-06-11,-2.0526943738296213
2022-06-12,-2.0387753849131194
2022-06-13,-2.0473197235165874
2022-06-14,-2.9717545605174687
2022-06-15,-3.016055704717866
2022-06-16,-2.8506049066800156
2022-06-17,-2.8633705696224876
2022-06-18,-2.862698110655092
2022-06-19,-2.777905269261016
2022-06-20,-2.70924911297326
2022-06-21,-2.4866757334036027
2022-06-22,-2.4924827598732873
2022-06-23,-2.1268246970449387
2022-06-24,-2.136711610261023
2022-06-25,-2.139058329226553
2022-06-26,-2.119640084339899
2022-06-27,-2.1089045947194753
2022-06-28,-2.005105448743576
2022-06-29,-1.8973460321416245
2022-06-30,-2.0307266981081726
2022-07-01,-1.4075400995170615
2022-07-02,-1.4228038577645066
2022-07-03,-1.4082018527374929
2022-07-04,-1.4037608605901477
2022-07-05,-1.4469021746188178
2022-07-06,-1.6325183577032627
2022-07-07,-1.562053138101679
2022-07-08,-1.6008552852899949
2022-07-09,-1.6080751204980557
2022-07-10,-1.5875113301446773
2022-07-11,-1.663283967866063
2022-07-12,-1.662057352900819
2022-07-13,-1.6137751090103205
2022-07-14,-1.6744416070367136
2022-07-15,-1.5980004459337462
2022-07-16,-1.7312453632754004
2022-07-17,-1.7038364518761109
2022-07-18,-1.8216431641593616
2022-07-19,-1.839852491497115
2022-07-20,-1.9694366454693215
2022-07-21,-2.086175972913875
2022-07-22,-2.12696409205373
2022-07-23,-2.152742888419979
2022-07-24,-2.1532406954092114
2022-07-25,-2.176198158386343
2022-07-26,-2.6390921721177674
2022-07-27,-2.853469694937173
2022-07-28,-3.597960141231451
2022-07-29,-3.848161327441943
2022-07-30,-3.9205072211307126
2022-07-31,-3.9352814588582543
2022-08-01,-3.795875585154633
2022-08-02,-4.07719800530176
2022-08-03,-4.438927595884866
2022-08-04,-4.6432091810083
2022-08-05,-4.772751940082939
2022-08-06,-4.785871451671488
2022-08-07,-4.817377027801888
2022-08-08,-4.952593265449133
2022-08-09,-5.106902376228675
2022-08-10,-5.109725289081894
2022-08-11,-5.160934411958321
2022-08-12,-5.166678144046189
2022-08-13,-5.237126355235009
2022-08-14,-5.235259249341402
2022-08-15,-5.2579852373279525
2022-08-16,-5.488851580624186
2022-08-17,-5.658544956663592
2022-08-18,-5.513388976283436
2022-08-19,-5.477303082597386
2022-08-20,-5.466170571690537
2022-08-21,-5.449725890861844
2022-08-22,-5.47315049606461
2022-08-23,-5.541970003623149
2022-08-24,-6.173639839813081
2022-08-25,-6.190990031313368
2022-08-26,-6.1789393769800975
2022-08-27,-6.1543364778501015
2022-08-28,-6.1349433088730105
2022-08-29,-6.20481013240947
2022-08-30,-6.275733931272228
2022-08-31,-6.483686208503059
2022-09-01,-6.293273866586043
2022-09-02,-6.43358230708308
2022-09-03,-6.403739231527224
2022-09-04,-6.475523160924504
2022-09-05,-6.490321988971155
2022-09-06,-6.490263799026987
2022-09-07,-6.432826731617249
2022-09-08,-6.422918138819068
2022-09-09,-6.377809459394641
2022-09-10,-6.370856703113961
2022-09-11,-6.330014480495958
2022-09-12,-6.520262387231601
2022-09-13,-6.892376873461753
2022-09-14,-7.1343209812493855
2022-09-15,-7.380382455095235
2022-09-16,-6.9849002211595845
2022-09-17,-6.879223201328144
2022-09-18,-6.881032553480907
2022-09-19,-6.502129843174454
2022-09-20,-6.332944330307523
2022-09-21,-6.579135035357116
2022-09-22,-6.761766164521148
2022-09-23,-6.7200004427001545
2022-09-24,-6.755213954866827
2022-09-25,-6.809868508190454
2022-09-26,-6.865810427010802
2022-09-27,-6.857638741324411
2022-09-28,-6.910322354364664
2022-09-29,-7.216989812917932
2022-09-30,-7.212144777869678
2022-10-01,-7.02462854296429
2022-10-02,-7.192514190842781
2022-10-03,-7.216653952755308
2022-10-04,-7.390210828626744
2022-10-05,-7.345501233092332
2022-10-06,-7.318760893829996
2022-10-07,-7.279988534868216
2022-10-08,-7.272673068172642
2022-10-09,-7.235534716591674
2022-10-10,-7.282544250745737
2022-10-11,-7.29817702502823
2022-10-12,-7.3215516077789236
2022-10-13,-7.403926556314668
2022-10-14,-7.404543640929672
2022-10-15,-7.378764046356996
2022-10-16,-7.362523697118559
2022-10-17,-7.364449477887366
2022-10-18,-7.175895547801543
2022-10-19,-7.168617695448143
2022-10-20,-7.190605241463673
2022-10-21,-7.194834446385661
2022-10-22,-7.198325423513947
2022-10-23,-7.183465913904907
2022-10-24,-7.173481165439088
2022-10-25,-7.510149092660877
2022-10-26,-7.603389933130713
2022-10-27,-7.926116247571612
2022-10-28,-7.794948075655659
2022-10-29,-7.818745540074214
2022-10-30,-7.796307763418215
2022-10-31,-7.7940242679051215
2022-11-01,-7.770562390174016
2022-11-02,-7.918427407458062
2022-11-03,-8.016679953603436
2022-11-04,-8.01060337966151
2022-11-05,-8.05731830282338
2022-11-06,-8.023329230708422
2022-11-07,-8.077730844226053
2022-11-08,-8.209571177348572
2022-11-09,-8.185442709877385
2022-11-10,-8.251719595538615
2022-11-11,-8.227427899678602
2022-11-12,-8.232728030415313
2022-11-13,-8.236052023701601
2022-11-14,-8.293311608930576
2022-11-15,-8.346469401267601
2022-11-16,-8.339935981935701
2022-11-17,-8.258506933723131
2022-11-18,-8.155262018513753
2022-11-19,-8.11661398302093
2022-11-20,-8.106623760702975
2022-11-21,-8.150540359319105
2022-11-22,-8.063967007818126
2022-11-23,-8.399456616611833
2022-11-24,-8.361030278093152
2022-11-25,-8.343901882739345
2022-11-26,-8.334627809684031
2022-11-27,-8.35246124798018
2022-11-28,-8.320107578562839
2022-11-29,-8.355719961671744
2022-11-30,-8.328471042947342
2022-12-01,-8.103581123765125
2022-12-02,-8.343950943497202
2022-12-03,-8.321217808202993
2022-12-04,-8.290227779885422
2022-12-05,-8.269491305709296
2022-12-06,-8.35102969487667
2022-12-07,-8.409990788381728
2022-12-08,-8.348499861897414
2022-12-09,-8.319583246862184
2022-12-10,-8.318093417676623
2022-12-11,-8.259864440381971
2022-12-12,-8.180911178920192
2022-12-13,-8.559236125298197
2022-12-14,-8.8402110307492
2022-12-15,-9.010571021088976
2022-12-16,-8.91373589870838
2022-12-17,-8.895336698769782
2022-12-18,-8.8644025193292
2022-12-19,-8.869702002872383
2022-12-20,-8.526186775620205
2022-12-21,-8.388770448601218
2022-12-22,-8.501565286498835
2022-12-23,-8.38768642276424
2022-12-24,-8.677019283623611
2022-12-25,-8.681608271409639
2022-12-26,-8.695936503421175
2022-12-27,-8.70900622894239
2022-12-28,-8.740914485770185
2022-12-29,-8.834131159627324
2022-12-30,-8.85544540950605
2022-12-31,-8.851993889947389
2023-01-01,-8.644732742509369
2023-01-02,-8.910282552069788
2023-01-03,-8.923440118288356
2023-01-04,-8.953578167667805
2023-01-05,-8.933217276657722
2023-01-06,-8.894749824964531
2023-01-07,-8.874454668338203
2023-01-08,-8.870787200510934
2023-01-09,-8.794196111850235
2023-01-10,-8.751259719238883
2023-01-11,-8.710077651784747
2023-01-12,-8.685648393454485
2023-01-13,-8.685593413149443
2023-01-14,-8.674345080322993
2023-01-15,-8.643118905366213
2023-01-16,-8.662427375504697
2023-01-17,-8.673921836541675
2023-01-18,-8.925137471946055
2023-01-19,-8.924443550307323
2023-01-20,-8.935213367651372
2023-01-21,-8.912988029124145
2023-01-22,-8.935151597638752
2023-01-23,-8.944671907016685
2023-01-24,-8.74341090604547
2023-01-25,-8.852378838709015
2023-01-26,-8.75863280124781
2023-01-27,-8.638256832207006
2023-01-28,-8.63916127506805
2023-01-29,-8.645319791212003
2023-01-30,-8.615155149542902
2023-01-31,-8.377258016675903
2023-02-01,-8.552549859179223
2023-02-02,-8.589635008817016
2023-02-03,-8.474466563805537
2023-02-04,-8.467542332930734
2023-02-05,-8.513509820135008
2023-02-06,-8.472943678585592
2023-02-07,-8.015156686324973
2023-02-08,-8.043482925509817
2023-02-09,-7.828219198469864
2023-02-10,-7.817341506590973
2023-02-11,-7.818304821790121
2023-02-12,-7.820097246372712
2023-02-13,-7.804766886010318
2023-02-14,-7.727997613187303
2023-02-15,-7.575131662744332
2023-02-16,-7.512083293214486
2023-02-17,-7.493077934901581
2023-02-18,-7.167426692303637
2023-02-19,-7.1273467804576125
2023-02-20,-7.440775566314302
2023-02-21,-7.549192815660083
2023-02-22,-7.473523908999067
2023-02-23,-7.343226157954999
2023-02-24,-7.31621747094187
2023-02-25,-7.280731813226588
2023-02-26,-7.252525480809636
2023-02-27,-7.266704631784383
2023-02-28,-7.31965075866612
2023-03-01,-7.212804231874928
2023-03-02,-7.360266956310685
2023-03-03,-7.335910984636071
2023-03-04,-7.344313497259154
2023-03-05,-7.378270873027695
2023-03-06,-7.3671925440998045
2023-03-07,-7.30837115535908
2023-03-08,-7.33806064812094
2023-03-09,-7.344784649273111
2023-03-10,-7.310697713424372
2023-03-11,-7.314147689581456
2023-03-12,-7.286548885016485
2023-03-13,-7.198949322139856
2023-03-14,-7.450306348970426
2023-03-15,-7.385688146918902
2023-03-16,-6.723520500005162
2023-03-17,-6.850374817141212
2023-03-18,-6.777625858879462
2023-03-19,-6.803075405517625
2023-03-20,-6.701033396966404
2023-03-21,-6.53468609842205
2023-03-22,-6.537463708920464
2023-03-23,-6.511703526989475
2023-03-24,-6.541260351684046
2023-03-25,-6.257378553457574
2023-03-26,-6.295534651831967
2023-03-27,-6.310349126497569
2023-03-28,-6.3451307580777785
2023-03-29,-6.442351266209423
2023-03-30,-6.49500969193946
2023-03-31,-6.455684480822506
2023-04-01,-6.3406727480248515
2023-04-02,-6.477922404931971
2023-04-03,-6.579975770512343
2023-04-04,-6.589679857581573
2023-04-05,-6.68797643273553
2023-04-06,-6.644220769967244
2023-04-07,-6.632797534734177
2023-04-08,-6.616339044105255
2023-04-09,-6.605545423451295
2023-04-10,-6.586535840209123
2023-04-11,-6.55969224164281
2023-04-12,-6.55561578543758
2023-04-13,-6.5946455210423
2023-04-14,-6.623251514637675
2023-04-15,-6.61510278130118
2023-04-16,-6.6281920765178555
2023-04-17,-6.631981714751103
2023-04-18,-6.498101298432214
2023-04-19,-6.435420217868835
2023-04-20,-6.388696879395713
2023-04-21,-6.37069020105659
2023-04-22,-6.3748597720240685
2023-04-23,-6.367447491105096
2023-04-24,-6.381079683247426
2023-04-25,-5.944397137509747
2023-04-26,-5.894978238193773
2023-04-27,-5.492548808342123
2023-04-28,-5.538637981089883
2023-04-29,-5.529383633113626
2023-04-30,-5.521679877276361
2023-05-01,-5.352033218710977
2023-05-02,-5.243188969165021
2023-05-03,-5.223921054555101
2023-05-04,-4.732751837991076
2023-05-05,-4.669874995757689
2023-05-06,-4.541505706977622
2023-05-07,-4.52448512954361
2023-05-08,-4.511047794822227
2023-05-09,-4.483087526003347
2023-05-10,-4.414224135846855
2023-05-11,-4.418318370268723
2023-05-12,-4.415828146526726
2023-05-13,-4.421801579104452
2023-05-14,-4.437439853758076
2023-05-15,-4.42540099194207
2023-05-16,-4.372855985372594
2023-05-17,-4.322587119803806
2023-05-18,-4.318364297779222
2023-05-19,-4.300399471706856
2023-05-20,-4.287168496419208
2023-05-21,-4.232464127904105
2023-05-22,-4.2782936434876335
2023-05-23,-4.259755641485745
2023-05-24,-4.17098210200589
2023-05-25,-4.093503950917781
2023-05-26,-4.075819397348723
2023-05-27,-4.087321587278361
2023-05-28,-4.068410682535064
2023-05-29,-4.06267799715153
2023-05-30,-3.918394535489398
2023-05-31,-3.910510726474157
2023-06-01,-3.76795340339638
2023-06-02,-3.8180503211430112
2023-06-03,-3.8096204622405176
2023-06-04,-3.815864673972865
2023-06-05,-3.8464821083032863
2023-06-06,-3.868533646599312
2023-06-07,-3.8935410170108016
2023-06-08,-3.8662538009182854
2023-06-09,-3.8440868840091422
2023-06-10,-3.8270057548637832
2023-06-11,-3.854072180274057
2023-06-12,-3.9043083865910377
2023-06-13,-4.03859433166618
2023-06-14,-4.125482710615765
2023-06-15,-4.0423142314207485
2023-06-16,-3.946563917987175
2023-06-17,-3.959868635384174
2023-06-18,-3.9746113940398593
2023-06-19,-3.918102380330758
2023-06-20,-3.72622925703246
2023-06-21,-3.64780574490366
2023-06-22,-3.604582092010195
2023-06-23,-3.5984589228893737
2023-06-24,-3.61530890607041
2023-06-25,-3.636602159576323
2023-06-26,-3.621198594242845
2023-06-27,-3.6772238134609134
2023-06-28,-3.6245013229041416
2023-06-29,-3.446083170768615
2023-06-30,-3.4324630276659915
2023-07-01,-3.340598531073474
2023-07-02,-3.3963922333282355
2023-07-03,-3.413803385498943
2023-07-04,-3.3491647331787977
2023-07-05,-3.365049009815505
2023-07-06,-3.2480628160759304
2023-07-07,-3.2674317581786942
2023-07-08,-3.29273291065459
2023-07-09,-3.299883905464105
2023-07-10,-3.329158251682271
2023-07-11,-3.2550318103264337
2023-07-12,-3.0875994617501688
2023-07-13,-2.913907276299944
2023-07-14,-2.975440333217979
2023-07-15,-3.435281352789636
2023-07-16,-3.4156629028068997
2023-07-17,-3.337839284042059
2023-07-18,-3.457836256403608
2023-07-19,-3.416626848255037
2023-07-20,-3.4976858237042903
2023-07-21,-3.5129609866760667
2023-07-22,-3.512304300208589
2023-07-23,-3.5194840310772935
2023-07-24,-3.502551860238947
2023-07-25,-3.251580743889005
2023-07-26,-3.0463721657491836
2023-07-27,-2.8661974103029992
2023-07-28,-2.976574582941117
2023-07-29,-2.971218075728478
2023-07-30,-2.9655368889197096
2023-07-31,-2.936391871208371
2023-08-01,-2.6763853797111268
2023-08-02,-2.832904522112764
2023-08-03,-2.4842610162729573
2023-08-04,-2.4539280832029062
2023-08-05,-2.4575811339023157
2023-08-06,-2.47391944272091
2023-08-07,-2.3746989757463792
2023-08-08,-2.244038154771573
2023-08-09,-2.2775611112691427
2023-08-10,-2.250594293012479
2023-08-11,-2.253533239053775
2023-08-12,-2.2793070830421014
2023-08-13,-2.2696956614819968
2023-08-14,-2.2659512303922034
2023-08-15,-2.2868124401659595
2023-08-16,-2.210551562149198
2023-08-17,-2.2141065076895625
2023-08-18,-2.026330883374123
2023-08-19,-1.9992178846022357
2023-08-20,-1.9684600533620988
2023-08-21,-2.010870193975431
2023-08-22,-2.095369492074581
2023-08-23,-2.0190103991361
2023-08-24,-2.001948671712948
2023-08-25,-1.999278256182515
2023-08-26,-2.0076850275974545
2023-08-27,-2.013744977944695
2023-08-28,-1.9579696969156972
2023-08-29,-1.972142141624883
2023-08-30,-2.025104824333797
2023-08-31,-2.010738775640264
2023-09-01,-2.0070908240313026
2023-09-02,-2.087136142840044
2023-09-03,-2.0895538080256317
2023-09-04,-2.082273246343663
2023-09-05,-2.077024573587925
2023-09-06,-1.9826532400615056
2023-09-07,-1.999582709735508
2023-09-08,-1.9773706944491496
2023-09-09,-1.9761023434106657
2023-09-10,-1.976710723489517
2023-09-11,-1.9357557651927677
2023-09-12,-1.513384429722389
2023-09-13,-1.2427881936452678
2023-09-14,-1.0343522138232832
2023-09-15,-1.1928518450086552
2023-09-16,-0.7650518508633319
2023-09-17,-0.7993321048267363
2023-09-18,-0.8636618283357598
2023-09-19,-0.6827347016719372
2023-09-20,-0.5733486050993108
2023-09-21,-0.4974813260799193
2023-09-22,-0.492145267810415
2023-09-23,-0.5078587629921476
2023-09-24,-0.5448763683501623
2023-09-25,-0.6546943825200644
2023-09-26,-0.7506435232410815
2023-09-27,-0.7680832819662424
2023-09-28,-0.7095851812360117
2023-09-29,-0.7559102849505792
2023-09-30,-0.7660956347207268
2023-10-01,-0.6656663246872447
2023-10-02,-0.7326587896439987
2023-10-03,-0.7082694561467997
2023-10-04,-0.6976850610114775
2023-10-05,-0.6837513555254371
2023-10-06,-0.6721590661944667
2023-10-07,-0.6787285447054356
2023-10-08,-0.6883912916286012
2023-10-09,-0.7062773357381786
2023-10-10,-0.7298507218973558
2023-10-11,-0.6826327872553899
2023-10-12,-0.6753916600115735
2023-10-13,-0.6978016728577487
2023-10-14,-0.688165741889478
2023-10-15,-0.6738672978886551
2023-10-16,-0.722811195888464
2023-10-17,-0.7401102685872532
2023-10-18,-0.7620479776117826
2023-10-19,-0.7557398597223071
2023-10-20,-0.7659560769095521
2023-10-21,-0.7802054990803375
2023-10-22,-0.7793942225370172
2023-10-23,-0.780246830248216
2023-10-24,-0.6895672508102291
2023-10-25,-0.6404376594464405
2023-10-26,-0.7445357929429559
2023-10-27,-1.0417350898337294
2023-10-28,-1.0344620951504944
2023-10-29,-1.0305049617824185
2023-10-30,-1.0724113215693682
2023-10-31,-1.0580111451501752
2023-11-01,-1.0299131082524826
2023-11-02,-0.9702067203769458
2023-11-03,-1.0548733249951925
2023-11-04,-0.9673316752748709
2023-11-05,-0.9581251431134494
2023-11-06,-1.0121633988508392
2023-11-07,-1.0034053833892915
2023-11-08,-0.9802286924493132
2023-11-09,-1.0217736166278597
2023-11-10,-0.9040296136646048
2023-11-11,-0.8973864833083198
2023-11-12,-0.8704169902825372
2023-11-13,-0.8832694297351558
2023-11-14,-0.9161157389491024
2023-11-15,-0.9785384454805732
2023-11-16,-0.9206362038623672
2023-11-17,-0.930032246128118
2023-11-18,-0.9952640867744876
2023-11-19,-0.9671558956545075
2023-11-20,-1.0426299945684183
2023-11-21,-1.0594817528477394
2023-11-22,-0.971304637702982
2023-11-23,-0.9823914749300556
2023-11-24,-0.9802003363651132
2023-11-25,-0.9838251021134216
2023-11-26,-0.9622556582816082
2023-11-27,-0.9584586696652072
2023-11-28,-0.9156568422045984
2023-11-29,-0.9569994528568506
2023-11-30,-0.963275230885322
2023-12-01,-0.8316690027770592
2023-12-02,-0.9099051156398767
2023-12-03,-0.8964156025594299
2023-12-04,-0.9150984532002842
2023-12-05,-0.8288417249864963
2023-12-06,-0.6731849933031748
2023-12-07,-0.5794693033756875
2023-12-08,-0.5787695659363508
2023-12-09,-0.5369187696933013
2023-12-10,-0.5592843349492858
2023-12-11,-0.5570812951183055
2023-12-12,0.0032793171176366
2023-12-13,0.0977839216069396
2023-12-14,0.8356827486657334
2023-12-15,0.713903657634209
2023-12-16,0.5974336155095907
2023-12-17,0.5358953467788963
2023-12-18,0.51029073906331
2023-12-19,0.531242375325442
2023-12-20,0.6147311782435249
2023-12-21,0.8031061645343284
2023-12-22,0.7119949723767337
2023-12-23,0.7736524928597381
2023-12-24,0.7652909118508034
2023-12-25,0.7756788685045275
2023-12-26,0.8165434327856858
2023-12-27,0.7408278123975038
2023-12-28,0.7049888809128199
2023-12-29,0.6647745783318703
2023-12-30,0.6518918238060211
2023-12-31,0.6358423732197946
2024-01-01,0.7111535417868441
2024-01-02,0.600362349241701
2024-01-03,0.7036787151576243
2024-01-04,0.6710725969361477
2024-01-05,0.6682899645466426
2024-01-06,0.6531041994078504
2024-01-07,0.6811679726967027
2024-01-08,0.6824110273304227
2024-01-09,0.72162247157958
2024-01-10,0.7793402346033536
2024-01-11,0.8309464528011801
2024-01-12,0.8089086924525428
2024-01-13,0.809076961826306
2024-01-14,0.8105370021986641
2024-01-15,0.7575113642241891
2024-01-16,0.7014228963152763
2024-01-17,0.6934534029509064
2024-01-18,0.6682803157936754
2024-01-19,0.6818501091513998
2024-01-20,0.6830571601892848
2024-01-21,0.6987570255390338
2024-01-22,0.6650320965919665
2024-01-23,0.5808976130199506
2024-01-24,0.5628265234138581
2024-01-25,0.4837657518877758
2024-01-26,0.4575761484978513
2024-01-27,0.4505616608727034
2024-01-28,0.4329778595558635
2024-01-29,0.537789592250907
2024-01-30,-0.0485094608987612
2024-01-31,-0.0555408049754195
2024-02-01,0.1093193594114296
2024-02-02,0.2236018270128859
2024-02-03,0.2202262704655346
2024-02-04,0.1881113740384616
2024-02-05,0.1982566482470251
2024-02-06,0.0046757752246673
2024-02-07,-0.1438651904976491
2024-02-08,-0.0244406156665866
2024-02-09,0.1273057265881818
2024-02-10,0.1430365586732134
2024-02-11,0.1319594417699716
2024-02-12,0.1685583299111199
2024-02-13,0.1087072937335138
2024-02-14,0.0815995324526981
2024-02-15,0.0576834027062282
2024-02-16,0.0524519837063655
2024-02-17,0.0544787279568039
2024-02-18,-0.2092998352294259
2024-02-19,-0.2354889028219413
2024-02-20,-0.2856816482632613
2024-02-21,-0.0995330304788888
2024-02-22,-0.1181520644759721
2024-02-23,-0.136448956051558
2024-02-24,-0.2721194138468654
2024-02-25,-0.3139044612168555
2024-02-26,-0.372776560367537
2024-02-27,-0.4290591665295848
2024-02-28,-0.4484768149325098
2024-02-29,-0.5047500568833567
2024-03-01,-0.5823099590261969
2024-03-02,-0.6574541930471547
2024-03-03,-0.6533755752211583
2024-03-04,-0.7141142562427456
2024-03-05,-0.7388168448738484
2024-03-06,-0.7967646769502124
2024-03-07,-0.8374788633223935
2024-03-08,-0.7973443263048792
2024-03-09,-0.8219143050144937
2024-03-10,-0.8794585434162383
2024-03-11,-0.8962989911807995
2024-03-12,-0.5532700239111894
2024-03-13,-0.4911060401152392
2024-03-14,-0.0880303115349911
2024-03-15,-0.3334164977917679
2024-03-16,-0.3842500562191271
2024-03-17,-0.4444847893982377
2024-03-18,-0.276732525107614
2024-03-19,-0.1791855997031373
2024-03-20,-0.0535823423562777
2024-03-21,-0.0050564954372234
2024-03-22,-0.0212906835367805
2024-03-23,-0.0226912366966933
2024-03-24,-0.0250107759837294
2024-03-25,0.0552271240069548
2024-03-26,0.1791666808092091
2024-03-27,0.162913607134048
2024-03-28,0.2225211137623122
2024-03-29,0.2253404002062069
2024-03-30,0.2029357648906424
2024-03-31,0.200385322233348
2024-04-01,0.2592761571534796
2024-04-02,0.2365556373278809
2024-04-03,0.2448777171211245
2024-04-04,0.2230216697474429
2024-04-05,0.2039357965396384
2024-04-06,0.1839252216583646
2024-04-07,0.1955444932856003
2024-04-08,0.1623584710700512
2024-04-09,0.1719384242291628
2024-04-10,0.1619289085595763
2024-04-11,0.1508600439654945
2024-04-12,0.1427306427018944
2024-04-13,0.1334639587530814
2024-04-14,0.1393270748089379
2024-04-15,0.1562461516868933
2024-04-16,0.2304933904194224
2024-04-17,0.2353322421714112
2024-04-18,0.2549255293480401
2024-04-19,0.2693778275528087
2024-04-20,0.2673132882404341
2024-04-21,0.2709602935695814
2024-04-22,0.2863627853346326
2024-04-23,0.3275824235736804
2024-04-24,0.4791100936917212
2024-04-25,0.4208634830221556
2024-04-26,0.3470882878786794
2024-04-27,0.3805409997820332
2024-04-28,0.4024332892891002
2024-04-29,0.3856385284440045
2024-04-30,0.5642199228751943
2024-05-01,0.7322136383970379
2024-05-02,0.6163867692982467
2024-05-03,0.6676081578206431
2024-05-04,0.7558054669837889
2024-05-05,0.7630392399695187
2024-05-06,0.851427642089722
2024-05-07,0.9290992984965892
2024-05-08,0.9954289295797084
2024-05-09,1.0502992511693146
2024-05-10,1.1279016048725323
2024-05-11,1.1496186786225344
2024-05-12,1.146453610223137
2024-05-13,1.1055260575325634
2024-05-14,1.189853012906686
2024-05-15,1.0778964989806106
2024-05-16,1.2149545536449362
2024-05-17,1.2289507808183269
2024-05-18,1.166646712906944
2024-05-19,1.1262303511492209
2024-05-20,1.3084377498352917
2024-05-21,1.342922094735207
2024-05-22,1.6691996951105263
2024-05-23,1.6402297999144373
2024-05-24,1.6821726309378855
2024-05-25,1.6671810083623404
2024-05-26,1.6416262324902222
2024-05-27,1.7508034054934294
2024-05-28,1.801870659877577
2024-05-29,1.890937033017852
2024-05-30,1.9400169158139104
2024-05-31,1.940417696479547
2024-06-01,1.942706003605294
2024-06-02,1.9446733596274304
2024-06-03,1.9511349775053837
2024-06-04,1.9807262572169535
2024-06-05,1.968215705177787
2024-06-06,1.920529946481016
2024-06-07,1.9462379976205977
2024-06-08,1.9530437661981024
2024-06-09,1.9416859220637008
2024-06-10,1.9642461104895297
2024-06-11,1.9584676360614128
2024-06-12,2.254046206962991
2024-06-13,2.1020120971888603
2024-06-14,2.005491091822705
2024-06-15,2.0451287063718433
2024-06-16,2.041887966184885
2024-06-17,2.020040827009204
2024-06-18,2.0937148132096843
2024-06-19,2.1181156751020733
2024-06-20,1.9021864160282556
2024-06-21,1.856566598323344
2024-06-22,1.8820083219502377
2024-06-23,1.9048504264330093
2024-06-24,1.890152780369699
2024-06-25,1.4976867643400449
2024-06-26,1.5169141349517274
2024-06-27,1.491557201498621
2024-06-28,1.5071696713127505
2024-06-29,1.4947979492519188
2024-06-30,1.5139499051987246
2024-07-01,1.555148607011032
2024-07-02,1.6447501977614372
2024-07-03,1.6250112821444007
2024-07-04,1.6814038643410658
2024-07-05,1.675823768338145
2024-07-06,1.6714008876536313
2024-07-07,1.6669141542032009
2024-07-08,1.6547580269931892
2024-07-09,1.7499104740476463
2024-07-10,1.7164007049705112
2024-07-11,1.5839536906158658
2024-07-12,1.5925700355366907
2024-07-13,1.4792354960899634
2024-07-14,1.4836236817727568
2024-07-15,1.4225100939849238
2024-07-16,1.4854250696458642
2024-07-17,1.568565501812676
2024-07-18,1.5333914388368115
2024-07-19,1.5603237118254083
2024-07-20,1.5625947560244091
2024-07-21,1.5590888543022718
2024-07-22,1.515168919692881
2024-07-23,1.4898699974517189
2024-07-24,1.4677717602064293
2024-07-25,1.3375403265085004
2024-07-26,1.2945171326895513
2024-07-27,1.289237011546367
2024-07-28,1.2831206296429165
2024-07-29,1.273570836633192
2024-07-30,1.2455560984074707
2024-07-31,1.109312168050045
2024-08-01,1.2699078191379711
2024-08-02,1.1982686251477424
2024-08-03,1.4777756048233286
2024-08-04,1.489435193786698
2024-08-05,1.4684607924425697
2024-08-06,1.330212757946191
2024-08-07,1.1464407394786442
2024-08-08,1.302511964341198
2024-08-09,1.264832234715155
2024-08-10,1.303932368566693
2024-08-11,1.3076189970942744
2024-08-12,1.2574402530557258
2024-08-13,1.2529350511926838
2024-08-14,1.1676514052208913
2024-08-15,1.170804492282652
2024-08-16,1.1482025807526042
2024-08-17,1.127322832717406
2024-08-18,0.8764308944948611
2024-08-19,1.0852821166719029
2024-08-20,1.099150977797442
2024-08-21,1.3005219753397284
2024-08-22,1.2119197185843456
2024-08-23,1.2000129650816227
2024-08-24,1.184923551135608
2024-08-25,1.174789245150373
2024-08-26,1.1933914446733551
2024-08-27,1.194119501850642
2024-08-28,1.4631536079683456
2024-08-29,1.4489372511771164
2024-08-30,1.4627490888912078
2024-08-31,1.4500547329098925
2024-09-01,1.4649301494260794
2024-09-02,1.549830603606122
2024-09-03,1.531605328196263
2024-09-04,1.440391364530474
2024-09-05,1.423072125452626
2024-09-06,1.452702451590426
2024-09-07,1.444179020964003
2024-09-08,1.444393534655152
2024-09-09,1.4390931706929189
2024-09-10,1.1021442916997997
2024-09-11,1.1823044289049127
2024-09-12,1.011313675144507
2024-09-13,1.0266637028523944
2024-09-14,1.0457027630666762
2024-09-15,1.0743630453348405
2024-09-16,1.129664693084011
2024-09-17,0.9608105742737816
2024-09-18,1.1039824924008006
2024-09-19,0.611604768291962
2024-09-20,0.659088998441463
2024-09-21,0.4925213252356559
2024-09-22,0.4985130243617565
2024-09-23,0.5161725426790811
2024-09-24,0.5638542437812804
2024-09-25,0.5903002514438065
2024-09-26,0.5141003123137451
2024-09-27,0.4761950442857714
2024-09-28,0.4732747590323081
2024-09-29,0.4724578813170228
2024-09-30,0.4700208235436629
2024-10-01,0.4750518915255068
2024-10-02,0.4726310932500945
2024-10-03,0.4045711765860533
2024-10-04,0.4165351377220561
2024-10-05,0.4107030338762272
2024-10-06,0.4526820678662697
2024-10-07,0.4792963795405828
2024-10-08,0.454193174998786
2024-10-09,0.3213403863853989
2024-10-10,0.3222780687607587
2024-10-11,0.3532086168329544
2024-10-12,0.3810470544048971
2024-10-13,0.3866061383001742
2024-10-14,0.3881041158483376
2024-10-15,0.383904568404287
2024-10-16,0.4007439796277179
2024-10-17,0.3986597132970269
2024-10-18,0.3048968985123539
2024-10-19,0.28493731298456
2024-10-20,0.2830863971268367
2024-10-21,0.2865062219663061
2024-10-22,0.358176449949704
2024-10-23,0.3799218967108704
2024-10-24,0.4822298846024864
2024-10-25,0.5102665923387384
2024-10-26,0.519946194677741
2024-10-27,0.5003655125244489
2024-10-28,0.49229458357772
2024-10-29,0.3464900205788526
2024-10-30,0.4090010582827923
2024-10-31,0.4507675197488923
2024-11-01,0.5540989412642228
2024-11-02,0.6497789564119658
2024-11-03,0.6695357150021646
2024-11-04,0.6576399880421563
2024-11-05,0.7231714510411855
2024-11-06,0.5361245413808472
2024-11-07,0.5237929966298176
2024-11-08,0.5986383299116943
2024-11-09,0.5831622819029192
2024-11-10,0.5969279245752694
2024-11-11,0.6045052996410336
2024-11-12,0.6432436975667827
2024-11-13,0.6848934033362157
2024-11-14,0.7004864297112676
2024-11-15,0.7119895367810773
2024-11-16,0.689923514659218
2024-11-17,0.63412307555061
2024-11-18,0.6991567995119302
2024-11-19,0.7292501336162306
2024-11-20,0.9013882146695034
2024-11-21,0.9165642302778578
2024-11-22,0.9042698056547744
2024-11-23,0.9183267935321946
2024-11-24,0.916202031303602
2024-11-25,0.9135203131177362
2024-11-26,0.963997143969407
2024-11-27,0.9856528186816488
2024-11-28,0.9856706202470716
2024-11-29,0.9948976253726088
2024-11-30,0.9988436390439264
2024-12-01,1.003992708883435
2024-12-02,1.0645245823024192
2024-12-03,1.0682662915056709
2024-12-04,0.990602106077124
2024-12-05,1.1269524867144065
2024-12-06,1.1177913107050197
2024-12-07,1.1092719930153707
2024-12-08,1.1134276862456849
2024-12-09,1.1193770071215852
2024-12-10,0.846198324518688
2024-12-11,0.7599164960032609
2024-12-12,0.7070806509004373
2024-12-13,0.8387904960767447
2024-12-14,0.8439310767582332
2024-12-15,0.873474112985468
2024-12-16,0.8860944938449452
2024-12-17,0.9264744269599364
2024-12-18,1.1046434666852971
2024-12-19,0.8259460421234924
2024-12-20,0.8900681615144884
2024-12-21,0.9230811491148596
2024-12-22,0.9243391706572248
2024-12-23,0.8810756610771097
2024-12-24,0.8660374533172589
2024-12-25,0.978288241649968
2024-12-26,0.9479688977384494
2024-12-27,0.930373757505264
2024-12-28,0.9238205278967354
2024-12-29,0.9316258972196318
2024-12-30,0.9319208249239916
2024-12-31,0.9335379241018028
2025-01-01,0.876657882059985
2025-01-02,0.9573695093570196
2025-01-03,0.9382360545935048
2025-01-04,0.942196336836074
2025-01-05,0.935113611613584
2025-01-06,0.925001418057337
2025-01-07,1.0206950066277276
2025-01-08,0.7350240141310507
2025-01-09,0.8246569710809758
2025-01-10,0.8373942281105827
2025-01-11,0.8462099673027068
2025-01-12,0.8435192664050386
2025-01-13,0.8703205308806428
2025-01-14,0.9150178317058684
2025-01-15,0.9669862552925278
2025-01-16,0.956505794418162
2025-01-17,0.9969386456310648
2025-01-18,1.1425672110230798
2025-01-19,1.1312813638312091
2025-01-20,1.126392135097512
2025-01-21,1.171489665271923
2025-01-22,1.219523232841944
2025-01-23,1.2046260677848526
2025-01-24,1.101942343717793
2025-01-25,1.1159088130090693
2025-01-26,1.10618416725857
2025-01-27,1.0609023148045782
2025-01-28,1.186309933560243
2025-01-29,1.8160390595882248
2025-01-30,1.6822327163506152
2025-01-31,1.6475876149380868
2025-02-01,1.6180422900888245
2025-02-02,1.6736706438310571
2025-02-03,1.6870051358898015
2025-02-04,2.1583656051836937
2025-02-05,2.0775424903809805
2025-02-06,1.9082253854812103
2025-02-07,1.9036977499279557
2025-02-08,1.896972942456911
2025-02-09,1.8964012790037128
2025-02-10,1.9058332564115956
2025-02-11,2.016348488881624
2025-02-12,1.9933944639973509
2025-02-13,1.958665988496165
2025-02-14,1.9269438494406437
2025-02-15,1.9335082732032576
2025-02-16,1.9231665533540785
2025-02-17,1.8886814179837383
2025-02-18,1.9646033744751208
2025-02-19,1.900005009717515
2025-02-20,1.8710884329960409
2025-02-21,1.867338331812511
2025-02-22,1.848416823486908
2025-02-23,1.870873763398778
2025-02-24,1.8814198756059233
2025-02-25,1.9136600890605415
2025-02-26,1.840654043351163
2025-02-27,1.781888930908635
2025-02-28,1.797265428982491
2025-03-01,1.7635140146288628
2025-03-02,1.8033858207695144
2025-03-03,1.7875222736205791
2025-03-04,1.6381140813948198
2025-03-05,1.695085130288357
2025-03-06,1.776418063597148
2025-03-07,1.7562229549192798
2025-03-08,1.755430837067453
2025-03-09,1.7496144832147913
2025-03-10,1.75382244427741
2025-03-11,1.8470737135790023
2025-03-12,1.8275428893136796
2025-03-13,2.004081696233344
2025-03-14,2.078030334742369
2025-03-15,2.078702836949285
2025-03-16,2.088577341205959
2025-03-17,2.0734175931523557
2025-03-18,2.25530425656596
2025-03-19,2.2540049376651714
2025-03-20,2.2507232625536258
2025-03-21,2.3235618779578973
2025-03-22,2.3107102521669187
2025-03-23,2.2983322689143177
2025-03-24,2.317405313841189
2025-03-25,2.3414680292373093
2025-03-26,2.2681501411815166
2025-03-27,2.306481901450691
2025-03-28,2.246852725980747
2025-03-29,2.240219206082586
2025-03-30,2.240516660418276
2025-03-31,2.2545446460088874
2025-04-01,2.2435289997977357
2025-04-02,2.2493289774493093
2025-04-03,2.215831278156041
2025-04-04,2.2100791339219903
2025-04-05,2.225163703826777
2025-04-06,2.2149284832865255
2025-04-07,2.2114210553370546
2025-04-08,2.28883175277803
2025-04-09,2.258925783653458
2025-04-10,2.245379413914516
2025-04-11,2.2389562402745646
2025-04-12,2.240767854535847
2025-04-13,2.2247853993071143
2025-04-14,2.1986847086268897
2025-04-15,2.168259720227271
2025-04-16,2.2402530373226712
2025-04-17,2.229983938116628
2025-04-18,2.218486558263228
2025-04-19,2.2212848141207115
2025-04-20,2.218938047142343
2025-04-21,2.2273729037025607
2025-04-22,2.246609131643397
2025-04-23,2.209322693551848
2025-04-24,2.0809615453603785
2025-04-25,2.115746410999583
2025-04-26,2.11064877354195
2025-04-27,2.096314978583357
2025-04-28,2.1319890338527543
2025-04-29,2.2653031448556566
2025-04-30,2.023365578213048
2025-05-01,2.016981421040134
2025-05-02,1.9426419621889153
2025-05-03,1.9106115845067793
2025-05-04,1.885695949924013
2025-05-05,1.914128909456308
2025-05-06,1.916869089082586
2025-05-07,2.067593498082605
2025-05-08,2.0227874591088706
2025-05-09,2.018242288706255
2025-05-10,2.0109021424685007
2025-05-11,2.015060528980484
2025-05-12,2.030630813317086
2025-05-13,2.0477523366325183
2025-05-14,2.104708096199169
2025-05-15,2.1422942564996648
2025-05-16,2.144743419164069
2025-05-17,2.1469621735565956
2025-05-18,2.197440706478392
2025-05-19,2.0476116002816607
2025-05-20,2.0389071214057775
2025-05-21,1.959577628870828
2025-05-22,2.0192997459499153
2025-05-23,2.020310402430259
2025-05-24,2.0241924555692483
2025-05-25,2.0201985893925754
2025-05-26,1.9729785361033323
2025-05-27,2.042320151733939
2025-05-28,1.9914232115805244
2025-05-29,2.018156782243696
2025-05-30,2.0308645946175776
2025-05-31,2.0273614755722167
2025-06-01,2.009514523621463
2025-06-02,2.0404385972604873
2025-06-03,2.029600507708059
2025-06-04,2.0167814552878687
2025-06-05,2.002794342318815
2025-06-06,2.0010707142768385
2025-06-07,1.9937859697205993
2025-06-08,1.9994533685548277
2025-06-09,2.012101657864336
2025-06-10,2.07998799292878
2025-06-11,1.9266471652828676
2025-06-12,1.977629792654496
2025-06-13,1.9807547522695592
2025-06-14,1.9751397300987168
2025-06-15,1.9871339204748164
2025-06-16,1.9942059178090417
2025-06-17,2.0561255854106797
2025-06-18,2.040606716012449
2025-06-19,1.6826047528328951
2025-06-20,1.6507950573344767
2025-06-21,1.675913658037547
2025-06-22,1.6643911685875177
2025-06-23,1.6396473007558288
2025-06-24,1.720490602553188
2025-06-25,1.9337464180969528
2025-06-26,1.93661537691925
2025-06-27,2.0051584113595213
2025-06-28,2.0159959328794534
2025-06-29,2.0105818195819887
2025-06-30,1.9720014787026816
2025-07-01,1.9741642765630736
2025-07-02,2.012315096736435
2025-07-03,2.0406189005366544
2025-07-04,2.0403559456350573
2025-07-05,2.0534044441714534
2025-07-06,2.0231646557070544
2025-07-07,2.029282634456796
2025-07-08,2.029589219046244
2025-07-09,1.7279120839130468
2025-07-10,1.7205852444472498
2025-07-11,1.7574308199785484
2025-07-12,1.8113621865588945
2025-07-13,1.8028506392777517
2025-07-14,1.8991298559938945
2025-07-15,1.925441291801498
2025-07-16,1.8397435456268376
2025-07-17,1.9338121264152943
2025-07-18,1.9573642032316707
2025-07-19,1.9389407808497603
2025-07-20,1.9374662002417136
2025-07-21,1.9408924592160672
2025-07-22,1.9436999725753603
2025-07-23,2.171581267235788
2025-07-24,2.195582574464646
2025-07-25,2.17811352261488
2025-07-26,2.1900220499665037
2025-07-27,2.175281320990554
2025-07-28,2.2158676112300304
2025-07-29,2.228548071185634
2025-07-30,2.3291307946155246
2025-07-31,2.408764977294509
2025-08-01,2.431434361434216
2025-08-02,2.29705389286218
2025-08-03,2.29917899664121
2025-08-04,2.295419757021082
2025-08-05,2.4387225941822344
2025-08-06,2.4279808621176207
2025-08-07,2.393959448819426
2025-08-08,2.4516436313711254
2025-08-09,2.4374786807064677
2025-08-10,2.439597611871944
2025-08-11,2.480125743005587
2025-08-12,2.3762924609790206
2025-08-13,2.4099437098434855
2025-08-14,2.3740372468475894
2025-08-15,2.385677159157966
2025-08-16,2.3824601985278253
2025-08-17,2.4253574508199858
2025-08-18,2.339514381519783
2025-08-19,2.3617782945536625
2025-08-20,2.3491401623004684
2025-08-21,2.3435031997269458
2025-08-22,2.36231454466172
2025-08-23,2.3633990474605806
2025-08-24,2.3636519291407674
2025-08-25,2.3058904489208927
2025-08-26,2.334649216557418
2025-08-27,2.518491990488436
2025-08-28,2.5032170148842736
2025-08-29,2.513345106356004
2025-08-30,2.52479534717272
2025-08-31,2.5192254878989835
2025-09-01,2.4661720203974604
2025-09-02,2.51770963618093
2025-09-03,2.472838141168025
2025-09-04,2.5949780803334184
2025-09-05,2.6001991646656526
2025-09-06,2.601690713459444
2025-09-07,2.5909087968172724
2025-09-08,2.564796136394028
2025-09-09,2.385850001139663
2025-09-10,2.263277729701518
2025-09-11,2.0313685481793904
2025-09-12,2.1306609388525035
2025-09-13,2.1548478474805366
2025-09-14,2.1643238813949575
2025-09-15,2.20716594338419
2025-09-16,1.8108508954911515
2025-09-17,1.7552348821788708
2025-09-18,1.6862156900118712
2025-09-19,1.6890984135507583
2025-09-20,1.869868822481652
2025-09-21,1.8702360066058408
2025-09-22,1.8011662405829116
2025-09-23,1.72433736600943
2025-09-24,1.6573779020937265
2025-09-25,1.59738767364055
2025-09-26,1.5681387334263537
2025-09-27,1.5833668417226208
2025-09-28,1.6064526521194278
2025-09-29,1.6091180698088767
2025-09-30,1.5859834690832288
2025-10-01,1.6729530879508103
2025-10-02,1.6469711967943286
2025-10-03,1.6454281774729522
2025-10-04,1.6608058188066466
2025-10-05,1.6579389431433706
2025-10-06,1.6630207006321878
2025-10-07,1.6743787079823784
2025-10-08,1.3251040400169751
2025-10-09,1.3300796006044608
2025-10-10,1.3578894011651412
2025-10-11,1.3667737998822596
2025-10-12,1.370672093847591
2025-10-13,1.4170552530746656
2025-10-14,1.5620954784497392
2025-10-15,1.5733896528474285
2025-10-16,1.5571615712701377
2025-10-17,1.565426544697586
2025-10-18,1.5605149215880925
2025-10-19,1.5429814238204955
2025-10-20,1.5300383681775411
2025-10-21,1.6278067274122625
2025-10-22,1.6694555600073184
2025-10-23,1.820988872745806
2025-10-24,1.814386802341173
2025-10-25,1.8118838458076296
2025-10-26,1.8192585704175288
2025-10-27,1.8274196022848064
2025-10-28,1.796609992455373
2025-10-29,2.065939144480691
2025-10-30,2.3685952467843236
2025-10-31,2.5019537919023445
2025-11-01,2.532297349242799
2025-11-02,2.575273694021039
2025-11-03,2.613674964195627
2025-11-04,2.6286059139479976
2025-11-05,2.6366385102285914
2025-11-06,2.808185018619217
2025-11-07,2.800602090467234
2025-11-08,2.804585520117497
2025-11-09,2.8037681632776295
2025-11-10,2.797350001514368
2025-11-11,2.852693963140071
2025-11-12,2.7853269471834925
2025-11-13,2.7280132894109195
2025-11-14,2.725291666578087
2025-11-15,2.7379046923435744
2025-11-16,2.707497343748204
2025-11-17,2.76840171471064
2025-11-18,2.6689830537476857
2025-11-19,2.8726848908853846
2025-11-20,2.8110307889179436
2025-11-21,2.8068821702708338
2025-11-22,2.7895686299510345
2025-11-23,2.785940911811939
2025-11-24,2.773452713689264
2025-11-25,2.8120165022090235
2025-11-26,2.811738665883398
2025-11-27,2.831509317375774
2025-11-28,2.833551010579556
2025-11-29,2.838004370771982
2025-11-30,2.8461246494028245
2025-12-01,2.8306339204495887
2025-12-02,2.8579620689847403
2025-12-03,2.8530778152852183
2025-12-04,2.759420682582804
2025-12-05,2.7552618677452356
2025-12-06,2.7389270432174797
2025-12-07,2.7224207725547203
2025-12-08,2.7239298823930507
2025-12-09,2.502053812796635
2025-12-10,2.5990744806313435
2025-12-11,2.803602542865332
2025-12-12,2.817399428913859
2025-12-13,2.8184452708653507
2025-12-14,2.8062107536148044
2025-12-15,2.87482796224054
2025-12-16,2.9343204812874064
2025-12-17,2.9325210172735554
2025-12-18,2.5251967988698287
2025-12-19,2.702290391445068
2025-12-20,2.513260342268075
2025-12-21,2.5030136769674938
2025-12-22,2.5225687859845096
2025-12-23,2.6331951537845835
2025-12-24,2.733910021258347
2025-12-25,2.584802716874318
2025-12-26,2.623092287270353
2025-12-27,2.629227520292688
2025-12-28,2.6224173763739516
2025-12-29,2.588890713054617
2025-12-30,2.6272490828363098
2025-12-31,2.6548891511508454
2026-01-01,2.547133190076302
2026-01-02,2.601733845753146
2026-01-03,2.6175936741682193
2026-01-04,2.613440053149182
2026-01-05,2.630714309110882
2026-01-06,2.610512946584965
2026-01-07,2.580951389670652
2026-01-08,2.654613143425527
2026-01-09,2.6607010098748316
2026-01-10,2.660884616915846
2026-01-11,2.6536755911323033
2026-01-12,2.6440250024964245
2026-01-13,2.6629615778808784
2026-01-14,2.3305916169495013
2026-01-15,2.4269894141621347
2026-01-16,2.440944744417662
2026-01-17,2.433163434446255
2026-01-18,2.477546903769226
2026-01-19,2.516987778404313
2026-01-20,2.520942755079574
2026-01-21,2.505261412146037
2026-01-22,2.574355259465415
2026-01-23,2.611452214502863
2026-01-24,2.6277314323796808
2026-01-25,2.60753057069899
2026-01-26,2.58939345015002
2026-01-27,2.481880831432945
2026-01-28,2.661862978194218
2026-01-29,2.726583345838854
2026-01-30,2.98643643286412
2026-01-31,2.9782985284343972
2026-02-01,2.92192286189305
2026-02-02,2.899982461831907
2026-02-03,2.8115046438875364
2026-02-04,3.3797369984246854
2026-02-05,3.5881936704929545
2026-02-06,3.588309071057745
2026-02-07,3.5649210941550353
2026-02-08,3.560377743942209
2026-02-09,3.5698068314154
2026-02-10,3.460007395426043
2026-02-11,3.2849278188336073
2026-02-12,3.4003817183258582
2026-02-13,3.4205990733022045
2026-02-14,3.408325934494024
2026-02-15,3.406701896431084
2026-02-16,3.437472626042757
2026-02-17,3.230994895070028
2026-02-18,3.1432367153290866
2026-02-19,3.2427012572973073
2026-02-20,3.1809044507333613
2026-02-21,3.1839641631958586
2026-02-22,3.1917159197000933
2026-02-23,3.291311011157408
2026-02-24,3.3426550305801106
2026-02-25,2.9802177797728486
2026-02-26,3.0384970608130333
2026-02-27,3.036877282549364
2026-02-28,2.943379339396302
2026-03-01,3.031257291296276
2026-03-02,3.06167168050571
2026-03-03,3.061476907884347
2026-03-04,3.063255199959094
2026-03-05,3.048593183338559
2026-03-06,3.3219273919284733
2026-03-07,3.3283007704756415
2026-03-08,3.321993095168528
2026-03-09,3.325760218305936
2026-03-10,3.484720236089949
2026-03-11,3.400666237510577
2026-03-12,3.4441645117123296
2026-03-13,3.475058452126986
2026-03-14,3.4571770394587573
2026-03-15,3.4765607158493275
2026-03-16,3.4571725669612654
2026-03-17,3.3429744249678945
2026-03-18,3.407407781073685
2026-03-19,3.274892861802057
2026-03-20,3.2549793335192723
2026-03-21,3.2968300294167268
2026-03-22,3.2906027149663983
2026-03-23,3.296730086589304
2026-03-24,3.294775615569394
2026-03-25,3.553011747746142
2026-03-26,3.4527574612597185
2026-03-27,3.3828488668829664
2026-03-28,3.3937388767557253
2026-03-29,3.385870875530758
2026-03-30,3.3642400574483986
2026-03-31,3.3164315697885387
2026-04-01,3.247372927151218
2026-04-02,3.2935260142255487
2026-04-03,3.2865018310091747
2026-04-04,3.2926225249599073
2026-04-05,3.29304491039043
2026-04-06,3.3033233107077655
2026-04-07,3.2879992652365595
2026-04-08,3.1006890609376594
2026-04-09,3.145830299155988
2026-04-10,3.14912346607023
2026-04-11,3.149897316234889
2026-04-12,3.1559660790076354
2026-04-13,3.194384637123814
2026-04-14,3.1203420853695736
2026-04-15,3.1232481388153928
2026-04-16,3.096779483101365
2026-04-17,3.102076162681957
2026-04-18,3.0704089630337643
2026-04-19,3.064162817863826
2026-04-20,3.0375572476214865
2026-04-21,3.025142496491811
2026-04-22,2.969361399754752
2026-04-23,2.9820758124371567
2026-04-24,3.033925712628233
2026-04-25,3.031730458911065
2026-04-26,3.0312508528209112
2026-04-27,2.8496405762003443
2026-04-28,2.770069866511061
2026-04-29,2.4834632798884906
2026-04-30,2.428757015857517
2026-05-01,2.7227280228379436
2026-05-02,2.688731479094062
2026-05-03,2.7158811119494897
2026-05-04,2.75713911766504
2026-05-05,2.9178823121973627
2026-05-06,2.9211331022728997
2026-05-07,2.9797534428051566
2026-05-08,2.910806847754258
2026-05-09,2.9203715810251207
2026-05-10,2.912564651265079
2026-05-11,2.892068880788872
2026-05-12,2.9061403836213184
2026-05-13,3.0097504908654265
2026-05-14,3.0476082294267366
2026-05-15,3.055021654871026
2026-05-16,3.051516515033706
2026-05-17,3.0596680607924593
2026-05-18,3.228926457796186
2026-05-19,3.2117925127369187
2026-05-20,3.312934013972185
2026-05-21,3.297371234958745
2026-05-22,3.293918334963766
2026-05-23,3.2838768615660596
2026-05-24,3.3098645218639087
2026-05-25,3.2496955794259557
2026-05-26,3.2538960924913183
2026-05-27,3.1741085368784487
2026-05-28,3.118249284416371
2026-05-29,3.158451673849096
2026-05-30,3.177936944605426
2026-05-31,3.157582111909102
2026-06-01,3.168061180530006
2026-06-02,3.1535063128529153
2026-06-03,3.2630928526121776
2026-06-04,3.2755308855933425
2026-06-05,3.2830244846053995
2026-06-06,3.270419179120835
2026-06-07,3.260483424042921
2026-06-08,3.2435738356916977
2026-06-09,3.2377647683649453
2026-06-10,3.333794941158981
2026-06-11,3.3527393833736916
2026-06-12,3.440066214387971
2026-06-13,3.4265737912140835
2026-06-14,3.439025126050554
2026-06-15,3.520061723496899
2026-06-16,3.4222400020538113
2026-06-17,3.1830685228815145
2026-06-18,3.238028324223148
2026-06-19,3.2984360599765052
2026-06-20,3.2779309680667477
2026-06-21,3.283849354294432
2026-06-22,3.276500249082013
2026-06-23,3.152748785249313
2026-06-24,3.6033909670871784
2026-06-25,3.489637217359938
2026-06-26,3.4697223397962977
2026-06-27,3.4542783428381973
2026-06-28,3.465810931988228
2026-06-29,3.465053965504906
2026-06-30,3.495984045309381
2026-07-01,3.498573581820663
2026-07-02,3.530078690217601
2026-07-03,3.529012975222328
2026-07-04,3.5251240792639296
2026-07-05,3.5254664580563277
2026-07-06,3.5304814628374412
2026-07-07,3.558356368968472
2026-07-08,3.58223478871722
2026-07-09,3.5951314128283256
2026-07-10,3.574262190841214
2026-07-11,3.618428036227419
2026-07-12,3.605388255172802
2026-07-13,3.5975239141945554
2026-07-14,3.550554222055559
2026-07-15,3.7977277607299778
2026-07-16,3.824473350855105
2026-07-17,3.8025311053774167
2026-07-18,3.8613177324482018
2026-07-19,3.859700584244108
2026-07-20,3.857618108855544
2026-07-21,3.8604003352055463
2026-07-22,4.932192396717119
2026-07-23,4.544644225083347
2026-07-24,4.535562034979361
2026-07-25,4.535790699454204
2026-07-26,4.530773934878817
2026-07-27,4.573843087158082
2026-07-28,4.6706649927375
2026-07-29,4.89051022178556
2026-07-30,4.4489546443956325
2026-07-31,4.449734078999024
2026-08-01,5.353157485880859
2026-08-02,5.339577888102442
2026-08-03,5.423973162522922
2026-08-04,5.430888269447975
2026-08-05,5.426502293686784
2026-08-06,5.413971366076755
2026-08-07,5.310873055619317
2026-08-08,5.303229988082036
2026-08-09,5.2972351720936635
2026-08-10,5.23982746685867
2026-08-11,5.323134817688946
2026-08-12,5.357391354539328
2026-08-13,5.3774092562362545
2026-08-14,5.371007410288548
2026-08-15,5.36055273972842
2026-08-16,5.388590285426069
2026-08-17,5.335098527270049
2026-08-18,5.474511896734311
2026-08-19,5.519729213842943
2026-08-20,5.543162529985295
2026-08-21,5.531200720771066
2026-08-22,5.526640446885417
2026-08-23,5.529067949573059
2026-08-24,5.53400255478487
2026-08-25,5.475980052182091
2026-08-26,5.846365849287466
2026-08-27,5.867320184481419
2026-08-28,5.846048117346127
2026-08-29,5.82486145325376
2026-08-30,5.81046578315945
2026-08-31,5.83059975181261
2026-09-01,5.832513815588628
2026-09-02,5.914547494546979
2026-09-03,5.921895834626986
2026-09-04,5.9018123418683786
2026-09-05,5.891540190729939
2026-09-06,5.8967193871509345
2026-09-07,5.897862725313902
2026-09-08,5.84876493115344
2026-09-09,5.811262089236251
2026-09-10,6.011958783106576
2026-09-11,5.9671871416955025
