date,nfp_growth
1990-01-01,1.032686293523942
1990-01-02,0.7996809295816742
1990-01-03,0.8772766179770147
1990-01-04,0.8715201891607548
1990-01-05,0.9296170637873998
1990-01-06,0.9293909650762018
1990-01-07,0.9259922684265413
1990-01-08,0.9064970053765028
1990-01-09,0.9771009912303544
1990-01-10,0.9932703784820036
1990-01-11,0.9413791103272888
1990-01-12,0.924796015547916
1990-01-13,0.929882111877026
1990-01-14,0.9426476815272142
1990-01-15,1.0336156892329642
1990-01-16,1.058889455218741
1990-01-17,0.9911920654518054
1990-01-18,0.9217569784187856
1990-01-19,0.9922845719944676
1990-01-20,0.9499220032787276
1990-01-21,0.9309414421443823
1990-01-22,0.9319959456154652
1990-01-23,1.0211528201660225
1990-01-24,1.2508944542406184
1990-01-25,1.1757069578084405
1990-01-26,1.0928774852144063
1990-01-27,1.0994643635413714
1990-01-28,1.093123349361456
1990-01-29,1.1183878836675234
1990-01-30,1.1267735366270917
1990-01-31,1.192000171736721
1990-02-01,1.0349129343515076
1990-02-02,0.8780356892248349
1990-02-03,0.8978899682148351
1990-02-04,0.9104544199190796
1990-02-05,0.9249850665179636
1990-02-06,0.9018366634576414
1990-02-07,0.7366633626830539
1990-02-08,0.7937246098147863
1990-02-09,0.8060139478749044
1990-02-10,0.8105913898188608
1990-02-11,0.7726846231509892
1990-02-12,0.815414617448686
1990-02-13,0.7785172974007459
1990-02-14,0.7658586084788412
1990-02-15,0.6561511914447171
1990-02-16,0.6603006441117885
1990-02-17,0.5814818050305455
1990-02-18,0.5992287305195074
1990-02-19,0.6478004589061825
1990-02-20,0.6891737171152856
1990-02-21,0.8292800114825494
1990-02-22,0.8195296802243455
1990-02-23,0.7365901272972124
1990-02-24,0.7084338123621483
1990-02-25,0.7483234823789491
1990-02-26,0.7102034934505077
1990-02-27,0.7677488724322927
1990-02-28,0.7477682616463002
1990-03-01,0.7437503810242925
1990-03-02,0.6447411576833912
1990-03-03,0.6122278511429102
1990-03-04,0.5909311820981205
1990-03-05,0.6752102945575589
1990-03-06,0.6686375022494746
1990-03-07,0.6736306704733217
1990-03-08,0.8157887685513361
1990-03-09,0.7940854991267925
1990-03-10,0.840128081023237
1990-03-11,0.8027140948518159
1990-03-12,0.8479804894490774
1990-03-13,0.8942458763784749
1990-03-14,0.8471681380049
1990-03-15,0.9088268731406376
1990-03-16,0.846901094175323
1990-03-17,0.8571569562411271
1990-03-18,0.840744121416372
1990-03-19,0.8204040948646898
1990-03-20,0.8257560564073743
1990-03-21,0.8300641834941151
1990-03-22,0.8891312595775156
1990-03-23,0.886833352922824
1990-03-24,0.9364909470453936
1990-03-25,0.9419559349514336
1990-03-26,0.9497885217156996
1990-03-27,0.9491422610469318
1990-03-28,0.9558562821978668
1990-03-29,0.9402065797688154
1990-03-30,0.9358472059713306
1990-03-31,0.9325854712292334
1990-04-01,0.9470011739244856
1990-04-02,0.9315301448346408
1990-04-03,0.9283888173035392
1990-04-04,0.9273210634132596
1990-04-05,0.9964359502621776
1990-04-06,0.9537504650577956
1990-04-07,0.9399526350771984
1990-04-08,1.0478153978092046
1990-04-09,1.0767072453759297
1990-04-10,1.0625590014237989
1990-04-11,1.0775028400788689
1990-04-12,1.0205991102474536
1990-04-13,1.0122491050018605
1990-04-14,1.008570639610555
1990-04-15,1.0048414560385728
1990-04-16,0.992703934706884
1990-04-17,0.9565717666336104
1990-04-18,0.913831336589809
1990-04-19,0.7680083966457234
1990-04-20,0.81805196212836
1990-04-21,0.8053976946672452
1990-04-22,0.8041300688948307
1990-04-23,0.777858228080665
1990-04-24,0.7592008834137636
1990-04-25,0.7341677123982926
1990-04-26,0.6675798318916877
1990-04-27,0.6378906629540892
1990-04-28,0.6425042727897023
1990-04-29,0.6480898198549079
1990-04-30,0.6659378207675486
1990-05-01,0.7347259692718675
1990-05-02,0.6432998432067227
1990-05-03,0.6948027992637056
1990-05-04,0.7002588146314233
1990-05-05,0.6914465866900292
1990-05-06,0.7111230515448306
1990-05-07,0.6823782507398921
1990-05-08,0.7071230117220006
1990-05-09,0.6679448799653189
1990-05-10,0.6034407064288096
1990-05-11,0.5574520398525398
1990-05-12,0.5643205829174647
1990-05-13,0.5707750773622375
1990-05-14,0.5930467549065226
1990-05-15,0.606693703148687
1990-05-16,0.5211052797545659
1990-05-17,0.6477419909204647
1990-05-18,0.6261326901991027
1990-05-19,0.6299447003607168
1990-05-20,0.4507183108219439
1990-05-21,0.4586654285445637
1990-05-22,0.3984663240306467
1990-05-23,0.7586036071504221
1990-05-24,0.7174292701140474
1990-05-25,0.7015277607844956
1990-05-26,0.6986422502909548
1990-05-27,0.717048805907186
1990-05-28,0.7715177499066046
1990-05-29,0.8020982278574809
1990-05-30,0.8106650091361447
1990-05-31,0.8049192547608914
1990-06-01,0.9111172392331112
1990-06-02,0.882001008004025
1990-06-03,0.8662913056593319
1990-06-04,0.8362710438395197
1990-06-05,0.8607808202891515
1990-06-06,0.8413433808549705
1990-06-07,1.3243586724220957
1990-06-08,1.3427537164169558
1990-06-09,1.3057057167742587
1990-06-10,1.3046977583039987
1990-06-11,1.3803654215193069
1990-06-12,1.3755773489729246
1990-06-13,1.4434335907045426
1990-06-14,1.428379743526168
1990-06-15,1.4484579207415853
1990-06-16,1.4570995509254128
1990-06-17,1.443248352399484
1990-06-18,1.472128667011024
1990-06-19,1.438406668259451
1990-06-20,1.4957869902653649
1990-06-21,1.4871395918328418
1990-06-22,1.5445002065944984
1990-06-23,1.52723527435114
1990-06-24,1.5229678026351123
1990-06-25,1.540967845153994
1990-06-26,1.5664541478643388
1990-06-27,1.5759465883671775
1990-06-28,1.605468264662303
1990-06-29,1.611206073308238
1990-06-30,1.6146259636756162
1990-07-01,1.5458634767279271
1990-07-02,1.5604037946576126
1990-07-03,1.5990506894540446
1990-07-04,1.565863421225558
1990-07-05,1.6017116354455323
1990-07-06,1.604906393883354
1990-07-07,1.5882372073032285
1990-07-08,1.588661295822219
1990-07-09,1.570956299744127
1990-07-10,1.5567793919987354
1990-07-11,1.5292050882086174
1990-07-12,1.518448463180222
1990-07-13,1.518102987209803
1990-07-14,1.5084560710959047
1990-07-15,1.5221057877011237
1990-07-16,1.5446752578442196
1990-07-17,1.5590857891955203
1990-07-18,1.6306500669062582
1990-07-19,1.5709306157125007
1990-07-20,1.5195273683640569
1990-07-21,1.4945309514548228
1990-07-22,1.4930440359134618
1990-07-23,1.5347885934471723
1990-07-24,1.637175149506534
1990-07-25,1.6416714547263664
1990-07-26,1.64458391246187
1990-07-27,1.5849382619515682
1990-07-28,1.590255561098997
1990-07-29,1.5866891777792116
1990-07-30,1.5985002050755228
1990-07-31,1.5848310418335128
1990-08-01,1.616007049475408
1990-08-02,1.5924073601049835
1990-08-03,1.5600013683502094
1990-08-04,1.558110138205302
1990-08-05,1.5694916663890028
1990-08-06,1.5700711270446268
1990-08-07,1.5965986857441292
1990-08-08,1.5942931940247609
1990-08-09,1.6174026787098157
1990-08-10,1.614627052838584
1990-08-11,1.6211643620316845
1990-08-12,1.6042907244682547
1990-08-13,1.592471842103892
1990-08-14,1.5928838486637324
1990-08-15,1.6302283817522227
1990-08-16,1.631064465864264
1990-08-17,1.6288629096367626
1990-08-18,1.6272598574555477
1990-08-19,1.6381589602293798
1990-08-20,1.6494623228598313
1990-08-21,1.609975563410725
1990-08-22,1.597017113150398
1990-08-23,1.5658975025308794
1990-08-24,1.5369195518032728
1990-08-25,1.5376353251510932
1990-08-26,1.5204534350630103
1990-08-27,1.5176910684084142
1990-08-28,1.5129594368235229
1990-08-29,1.4843212472675442
1990-08-30,1.440095297227287
1990-08-31,1.4971504103407045
1990-09-01,1.526740620055201
1990-09-02,1.5057581478663489
1990-09-03,1.4859099069139856
1990-09-04,1.4353019691305753
1990-09-05,1.384364627248278
1990-09-06,1.3606415836993675
1990-09-07,1.355363505008993
1990-09-08,1.3271761874837342
1990-09-09,1.3272113142917867
1990-09-10,1.3120829067300912
1990-09-11,1.2688598562875772
1990-09-12,1.297786535122483
1990-09-13,1.2335750027473136
1990-09-14,1.1681214496281886
1990-09-15,1.1588439499648215
1990-09-16,1.1577984692653631
1990-09-17,1.1325740538021138
1990-09-18,1.0827151712974905
1990-09-19,1.0956548395117696
1990-09-20,1.072907017187755
1990-09-21,1.093127959935365
1990-09-22,1.101731561907897
1990-09-23,1.0978814039786364
1990-09-24,1.0738935624920458
1990-09-25,1.0707007702536973
1990-09-26,1.0478676441660244
1990-09-27,1.044438103420147
1990-09-28,1.0580105429513011
1990-09-29,1.0494874661966909
1990-09-30,1.052929894911947
1990-10-01,1.07739642878613
1990-10-02,1.0588186705355829
1990-10-03,1.059545452585637
1990-10-04,1.0585573491445175
1990-10-05,1.0506452005925646
1990-10-06,1.061950088707477
1990-10-07,1.0636098019003288
1990-10-08,1.0097292832518168
1990-10-09,1.0090590918477786
1990-10-10,1.0298827679813995
1990-10-11,1.0220465764765685
1990-10-12,1.0113228933610483
1990-10-13,0.9726722912991942
1990-10-14,0.994102559530422
1990-10-15,0.9990157887114094
1990-10-16,0.9809292961152076
1990-10-17,0.8162852550732074
1990-10-18,0.7200821276660487
1990-10-19,0.6855221127414886
1990-10-20,0.6745465894957638
1990-10-21,0.6778958487692273
1990-10-22,0.7256113071505839
1990-10-23,0.5633012276668328
1990-10-24,0.404352220736315
1990-10-25,0.2962336275446902
1990-10-26,0.2814851676192125
1990-10-27,0.2913519722130768
1990-10-28,0.2860563278681143
1990-10-29,0.229215462244561
1990-10-30,0.2216908086649971
1990-10-31,0.1548911348027997
1990-11-01,0.2298002156874394
1990-11-02,0.0766727858255702
1990-11-03,0.0939875071870353
1990-11-04,0.0854638471936537
1990-11-05,0.078296758598668
1990-11-06,0.0498934503292221
1990-11-07,0.0367459863121941
1990-11-08,0.0024890683717435
1990-11-09,0.1627647566160706
1990-11-10,0.1538788639610755
1990-11-11,0.1447449315080284
1990-11-12,0.1269233859293035
1990-11-13,0.1478351344015007
1990-11-14,0.1590183756036483
1990-11-15,0.1520640728997193
1990-11-16,0.1435006197640882
1990-11-17,0.1322798967005733
1990-11-18,0.1543492417064651
1990-11-19,0.1527959663646445
1990-11-20,0.1513040211494167
1990-11-21,0.1014391768881703
1990-11-22,0.1015824018941538
1990-11-23,0.0968037624780664
1990-11-24,0.0985848990598712
1990-11-25,0.0963797714586032
1990-11-26,0.0434955465612874
1990-11-27,0.0510945819704604
1990-11-28,0.0254282365327007
1990-11-29,0.0093831137032553
1990-11-30,-0.0047057871875726
1990-12-01,0.087808395755315
1990-12-02,-0.0794591086938556
1990-12-03,-0.0501902992339635
1990-12-04,-0.0506863923557729
1990-12-05,-0.0792322390408133
1990-12-06,-0.0493510885433523
1990-12-07,-0.0721498432829081
1990-12-08,-0.1221596172372991
1990-12-09,-0.1173586989839934
1990-12-10,-0.1621446974170661
1990-12-11,-0.2141375783316248
1990-12-12,-0.2191561012976779
1990-12-13,-0.2413966575881219
1990-12-14,-0.2019036420320143
1990-12-15,-0.165315295584985
1990-12-16,-0.1769917343410678
1990-12-17,-0.1681291595936058
1990-12-18,-0.1652637377785393
1990-12-19,-0.1570516754676141
1990-12-20,-0.1998315485174344
1990-12-21,-0.2161856433866078
1990-12-22,-0.2256619863035929
1990-12-23,-0.2143176727459057
1990-12-24,-0.2328406296010894
1990-12-25,-0.2357453909332245
1990-12-26,-0.2513906851016048
1990-12-27,-0.3316866514831162
1990-12-28,-0.3369514112074581
1990-12-29,-0.345552706013156
1990-12-30,-0.3466520204941836
1990-12-31,-0.3418680757627987
1991-01-01,-0.1216559290499135
1991-01-02,-0.3051507709298444
1991-01-03,-0.2910319422028993
1991-01-04,-0.2868551996910395
1991-01-05,-0.2881614590134993
1991-01-06,-0.2808452922233531
1991-01-07,-0.2887396642858493
1991-01-08,-0.3573651078616575
1991-01-09,-0.3547929001234309
1991-01-10,-0.372023187015962
1991-01-11,-0.3495699902975533
1991-01-12,-0.3625321025998582
1991-01-13,-0.3708739770375406
1991-01-14,-0.3433196905828619
1991-01-15,-0.3167999976364839
1991-01-16,-0.3029918260197304
1991-01-17,-0.2110562834222826
1991-01-18,-0.2151999814712197
1991-01-19,-0.2303581416298041
1991-01-20,-0.2355862363451
1991-01-21,-0.2356653659605891
1991-01-22,-0.2671993088885225
1991-01-23,-0.3185306437594992
1991-01-24,-0.344842497352289
1991-01-25,-0.3226234802559642
1991-01-26,-0.3255079073937699
1991-01-27,-0.3348239941914441
1991-01-28,-0.3030387574682447
1991-01-29,-0.2940127748237149
1991-01-30,-0.2954650013304123
1991-01-31,-0.3191250438925166
1991-02-01,-0.0505613742413677
1991-02-02,-0.293411707433741
1991-02-03,-0.2845931385337445
1991-02-04,-0.2806776396338186
1991-02-05,-0.2703741335794127
1991-02-06,-0.2287892899822743
1991-02-07,-0.3030260100596584
1991-02-08,-0.3525436713403804
1991-02-09,-0.3424827496491531
1991-02-10,-0.3310589709818741
1991-02-11,-0.3534131520658157
1991-02-12,-0.3891747173642479
1991-02-13,-0.2215414898560332
1991-02-14,-0.2300477797047868
1991-02-15,-0.2284370965107389
1991-02-16,-0.2053807366320812
1991-02-17,-0.23135923385708
1991-02-18,-0.2212863063631582
1991-02-19,-0.185765857507151
1991-02-20,-0.2944998627984276
1991-02-21,-0.3622514343378789
1991-02-22,-0.3688641009540236
1991-02-23,-0.3558876251528184
1991-02-24,-0.3583164375750738
1991-02-25,-0.3958729536865302
1991-02-26,-0.356165063957256
1991-02-27,-0.3450331786287914
1991-02-28,-0.388660238615097
1991-03-01,-0.2736257484244138
1991-03-02,-0.3573560078352775
1991-03-03,-0.3327285355078626
1991-03-04,-0.3162707244830283
1991-03-05,-0.2938456424086757
1991-03-06,-0.3027363652975727
1991-03-07,-0.3425188024332919
1991-03-08,-0.545184834717036
1991-03-09,-0.5122968701837176
1991-03-10,-0.5109669575751838
1991-03-11,-0.5113426216065435
1991-03-12,-0.4523243474092331
1991-03-13,-0.4131039670218146
1991-03-14,-0.4106415872182276
1991-03-15,-0.3589407903804957
1991-03-16,-0.3469316203256045
1991-03-17,-0.3427161656185851
1991-03-18,-0.359634653087403
1991-03-19,-0.3575664055700551
1991-03-20,-0.3633857735610244
1991-03-21,-0.3532650300260778
1991-03-22,-0.3788182316144863
1991-03-23,-0.3682038783887376
1991-03-24,-0.386565028914837
1991-03-25,-0.3946758490047088
1991-03-26,-0.3978886391365694
1991-03-27,-0.4286269621926399
1991-03-28,-0.42291379641359
1991-03-29,-0.3434222405058786
1991-03-30,-0.3519941607099497
1991-03-31,-0.3509828356777149
1991-04-01,-0.2555840915760181
1991-04-02,-0.3296586260781369
1991-04-03,-0.3056008787181155
1991-04-04,-0.2891794390542781
1991-04-05,-0.3609266601147702
1991-04-06,-0.3559817612646478
1991-04-07,-0.3656064129716305
1991-04-08,-0.42060583804386
1991-04-09,-0.366938650328336
1991-04-10,-0.3796894368571033
1991-04-11,-0.334292764742091
1991-04-12,-0.3787045571435645
1991-04-13,-0.3908541638390796
1991-04-14,-0.3868176500284599
1991-04-15,-0.2767251479916564
1991-04-16,-0.1785831220217502
1991-04-17,-0.061387495619142
1991-04-18,0.0288709861204712
1991-04-19,0.0340583775883565
1991-04-20,0.0410186890802806
1991-04-21,0.0416405218280979
1991-04-22,0.1025612645133267
1991-04-23,0.2313530268213219
1991-04-24,0.4209717817436773
1991-04-25,0.5589888908439282
1991-04-26,0.5289931665370422
1991-04-27,0.5191624338504364
1991-04-28,0.5267356940912697
1991-04-29,0.5850064579094914
1991-04-30,0.7815872377929389
1991-05-01,0.8024767857580402
1991-05-02,0.7849419013681007
1991-05-03,0.791302289397042
1991-05-04,0.807824226438784
1991-05-05,0.8042060912233804
1991-05-06,0.8081539277092193
1991-05-07,0.828853519434438
1991-05-08,0.7974597150242382
1991-05-09,0.8045531929900519
1991-05-10,0.8274198879881165
1991-05-11,0.8309930519537767
1991-05-12,0.8174036858616159
1991-05-13,0.8029054439946197
1991-05-14,0.806775722282201
1991-05-15,0.7730902440043371
1991-05-16,0.8030482199364988
1991-05-17,0.8708395813614326
1991-05-18,0.868619603820532
1991-05-19,0.8493037340635018
1991-05-20,0.8853945270774034
1991-05-21,0.7911459112405305
1991-05-22,0.8257404592625976
1991-05-23,0.8588705509552842
1991-05-24,0.8514961846888333
1991-05-25,0.8519439208926578
1991-05-26,0.8642835580412671
1991-05-27,0.8370043814074825
1991-05-28,0.8134220131360417
1991-05-29,0.8232149949615339
1991-05-30,0.8426162436350615
1991-05-31,0.8491684577780476
1991-06-01,0.8817716980239861
1991-06-02,0.8558741652182433
1991-06-03,0.8535853289932581
1991-06-04,0.8476660370553536
1991-06-05,0.9127666121563534
1991-06-06,0.9518585496662372
1991-06-07,0.9594099522382806
1991-06-08,0.9297554600363478
1991-06-09,0.926953716899428
1991-06-10,0.9956222610783064
1991-06-11,0.9161561043761756
1991-06-12,0.8674373097541642
1991-06-13,0.9573201649674378
1991-06-14,1.0033593447484122
1991-06-15,0.9823764976174856
1991-06-16,0.9772812352211078
1991-06-17,1.0061589573366216
1991-06-18,1.0673301615400606
1991-06-19,1.0360801358247027
1991-06-20,1.022779857909168
1991-06-21,1.0334918445832724
1991-06-22,1.017804341353756
1991-06-23,1.0425339248131604
1991-06-24,1.1144439699829558
1991-06-25,1.124274373104549
1991-06-26,1.144375971365918
1991-06-27,1.1592226332253728
1991-06-28,1.1308186631497126
1991-06-29,1.1168196493928138
1991-06-30,1.1026953857333466
1991-07-01,1.1250857971587924
1991-07-02,1.1399951244840445
1991-07-03,1.1294742919474143
1991-07-04,1.18071715121522
1991-07-05,1.158203938622839
1991-07-06,1.1400502987507108
1991-07-07,1.1330921921817363
1991-07-08,1.1615302164843038
1991-07-09,1.159344270151158
1991-07-10,1.1466132419388884
1991-07-11,1.1643847628660686
1991-07-12,1.2907706778564898
1991-07-13,1.2597109394543318
1991-07-14,1.2562987099505771
1991-07-15,1.2576961456025857
1991-07-16,1.2072742336605655
1991-07-17,1.3148118346853166
1991-07-18,1.4332224563927474
1991-07-19,1.3539532354789978
1991-07-20,1.3441841549420332
1991-07-21,1.333098666162896
1991-07-22,1.2652713442835244
1991-07-23,1.20079545538033
1991-07-24,1.1498490852303345
1991-07-25,1.128442853316987
1991-07-26,1.0796784025162245
1991-07-27,1.0633279189414333
1991-07-28,1.0727050793211248
1991-07-29,1.1033221427477549
1991-07-30,1.1289179726275278
1991-07-31,1.11649389324399
1991-08-01,1.128188446779652
1991-08-02,1.049396511290866
1991-08-03,1.0390561711890467
1991-08-04,1.0362298012318982
1991-08-05,1.0356768968066468
1991-08-06,1.0656940147676393
1991-08-07,1.0805097351308115
1991-08-08,0.9906506096217782
1991-08-09,0.9831237573454664
1991-08-10,0.9689325092722644
1991-08-11,0.9892464523942276
1991-08-12,0.9856709494367624
1991-08-13,0.9315489242934304
1991-08-14,0.9019754516779837
1991-08-15,0.8832966118960133
1991-08-16,0.8845095066426133
1991-08-17,0.9006804202594764
1991-08-18,0.8686804730773213
1991-08-19,0.879036594401466
1991-08-20,0.8896394773745548
1991-08-21,0.8679126746850915
1991-08-22,0.8814446808358184
1991-08-23,0.901225439451921
1991-08-24,0.8991956567435981
1991-08-25,0.8978675049429282
1991-08-26,0.8886395794608825
1991-08-27,0.8718475265186642
1991-08-28,0.8431247686794607
1991-08-29,0.8748040423271096
1991-08-30,0.8765759867412907
1991-08-31,0.8606780480180918
1991-09-01,0.898363233617314
1991-09-02,0.891637737977485
1991-09-03,0.8740776558050939
1991-09-04,0.9011305531845678
1991-09-05,1.019954279149904
1991-09-06,0.9867016109301718
1991-09-07,0.9746404643343908
1991-09-08,0.9635803524073094
1991-09-09,0.9469998694283834
1991-09-10,0.9095864977381302
1991-09-11,0.9059677659719096
1991-09-12,0.9365774327757342
1991-09-13,0.9198755468455568
1991-09-14,0.9052637442652492
1991-09-15,0.8932107937223112
1991-09-16,0.8741056458006722
1991-09-17,0.8514795525202821
1991-09-18,0.8511815418711686
1991-09-19,0.8224860958003901
1991-09-20,0.7989124392358725
1991-09-21,0.792920073776574
1991-09-22,0.7849247404776244
1991-09-23,0.7894129229209653
1991-09-24,0.810738095328422
1991-09-25,0.794306799012913
1991-09-26,0.8123693207099882
1991-09-27,0.7771008573223039
1991-09-28,0.7727723908860342
1991-09-29,0.7817812445017919
1991-09-30,0.7846734603104497
1991-10-01,0.8473077853439643
1991-10-02,0.788958664319785
1991-10-03,0.8066224215348355
1991-10-04,0.7935647578889874
1991-10-05,0.80186124811221
1991-10-06,0.8020200252635263
1991-10-07,0.8015123608422523
1991-10-08,0.800442134466977
1991-10-09,0.7486139286056258
1991-10-10,0.8098939750329343
1991-10-11,0.8197641346503692
1991-10-12,0.8243418109220129
1991-10-13,0.8313133221891443
1991-10-14,0.8022504667514575
1991-10-15,0.784643665285651
1991-10-16,0.8113423093821731
1991-10-17,0.8184728806932487
1991-10-18,0.8786499379368697
1991-10-19,0.8714497588924601
1991-10-20,0.8751306261049322
1991-10-21,0.9260251377278056
1991-10-22,0.9422596823849494
1991-10-23,0.9943122970835544
1991-10-24,1.071283927483988
1991-10-25,1.0745965081574298
1991-10-26,1.0711063395694298
1991-10-27,1.057727886665467
1991-10-28,1.1348534829805197
1991-10-29,1.1740484580048436
1991-10-30,1.166793453875708
1991-10-31,1.2375158857674693
1991-11-01,1.2355685878641411
1991-11-02,1.223565157376909
1991-11-03,1.2368215898084085
1991-11-04,1.268886914774222
1991-11-05,1.3002166508105957
1991-11-06,1.3379419696466512
1991-11-07,1.271813849090034
1991-11-08,1.2876022557680291
1991-11-09,1.2887485771607927
1991-11-10,1.3060058790628208
1991-11-11,1.295853125505252
1991-11-12,1.265954515012124
1991-11-13,1.2527209902851657
1991-11-14,1.2228940538765054
1991-11-15,1.2207754096046104
1991-11-16,1.2232186175908304
1991-11-17,1.237822585852992
1991-11-18,1.2631406627686854
1991-11-19,1.2538137531891014
1991-11-20,1.2302941984125766
1991-11-21,1.2015669666781932
1991-11-22,1.2042979524404984
1991-11-23,1.2091949329886695
1991-11-24,1.2018220089904357
1991-11-25,1.2144043252063474
1991-11-26,1.2077816773069463
1991-11-27,1.2198501640005512
1991-11-28,1.2035743229238218
1991-11-29,1.180207713472898
1991-11-30,1.1895612540522598
1991-12-01,1.2171812957456356
1991-12-02,1.1650801942659743
1991-12-03,1.1518213770859214
1991-12-04,1.0801271643389536
1991-12-05,1.1537236057291045
1991-12-06,1.1587373237788052
1991-12-07,1.156839429623356
1991-12-08,1.134446670428399
1991-12-09,1.133136283881966
1991-12-10,1.0253985977391973
1991-12-11,0.9709515204783424
1991-12-12,0.951935950112016
1991-12-13,1.0123921284493722
1991-12-14,1.0139377993831558
1991-12-15,1.0210447611448277
1991-12-16,1.030410920698972
1991-12-17,1.026960881398618
1991-12-18,0.994075471697282
1991-12-19,0.9992346013459475
1991-12-20,0.9933875699282856
1991-12-21,0.991022317109978
1991-12-22,0.9810104743959998
1991-12-23,0.9697516829456316
1991-12-24,0.965954646245842
1991-12-25,0.940823148664416
1991-12-26,0.8455013599709404
1991-12-27,0.8875808623565782
1991-12-28,0.8877310656999726
1991-12-29,0.8795651324623442
1991-12-30,0.8962120497725494
1991-12-31,0.8979917313297511
1992-01-01,0.9690179845809848
1992-01-02,0.9389470320656552
1992-01-03,0.9506057113452918
1992-01-04,0.9602212759415014
1992-01-05,0.9556428183919188
1992-01-06,0.976265195653377
1992-01-07,0.9707863497392024
1992-01-08,0.97535066049478
1992-01-09,0.998365491562908
1992-01-10,1.0549516322186416
1992-01-11,1.0306731934996125
1992-01-12,1.030838231703902
1992-01-13,1.0311922423508797
1992-01-14,1.02274116224245
1992-01-15,1.1036769552447765
1992-01-16,1.1039390677769807
1992-01-17,1.125929401084453
1992-01-18,1.138077087249573
1992-01-19,1.1444539076862013
1992-01-20,1.0843591764842404
1992-01-21,1.0859683773938065
1992-01-22,1.0762254556445916
1992-01-23,1.040833609007408
1992-01-24,0.9272461593963944
1992-01-25,0.9413476958126304
1992-01-26,0.9398113049356857
1992-01-27,0.9559634200383336
1992-01-28,0.950699397350825
1992-01-29,0.9549964894851072
1992-01-30,0.9739805556939204
1992-01-31,0.9822147987025388
1992-02-01,0.990060484355442
1992-02-02,0.9694536707421476
1992-02-03,1.0229899000720135
1992-02-04,1.089043849644174
1992-02-05,1.1391189341546673
1992-02-06,1.1886417569588406
1992-02-07,1.1855716699081336
1992-02-08,1.1921613607699602
1992-02-09,1.1747703151489162
1992-02-10,1.2156714577073668
1992-02-11,1.298598417343381
1992-02-12,1.2730461264757615
1992-02-13,1.3536284321383762
1992-02-14,1.3571593385754566
1992-02-15,1.373212473543245
1992-02-16,1.3762381507706094
1992-02-17,1.328703580626146
1992-02-18,1.2138311273057545
1992-02-19,1.1722692538725248
1992-02-20,1.224578468924677
1992-02-21,1.234951747221683
1992-02-22,1.2433174787996548
1992-02-23,1.218881526142278
1992-02-24,1.2122026555853336
1992-02-25,1.2878031735087605
1992-02-26,1.3151969781467825
1992-02-27,1.318261314360874
1992-02-28,1.3299201562070315
1992-02-29,1.331313024896828
1992-03-01,1.3534166487256398
1992-03-02,1.3247915901169405
1992-03-03,1.3610444745688994
1992-03-04,1.4950385812430336
1992-03-05,1.6465752570548515
1992-03-06,1.6333631111846778
1992-03-07,1.593408568381359
1992-03-08,1.518291942167715
1992-03-09,1.488769157328503
1992-03-10,1.5805636333531636
1992-03-11,1.6599694550569286
1992-03-12,1.7636871899198143
1992-03-13,1.7104420580859574
1992-03-14,1.6908688657397872
1992-03-15,1.6789685323610912
1992-03-16,1.7422112028033738
1992-03-17,1.71736712954956
1992-03-18,1.7174070023331836
1992-03-19,1.653242384767672
1992-03-20,1.6665629015907892
1992-03-21,1.6500312355839295
1992-03-22,1.6564943458203136
1992-03-23,1.6450273897077117
1992-03-24,1.637718189480235
1992-03-25,1.624909213058265
1992-03-26,1.621157549332474
1992-03-27,1.5173056164324008
1992-03-28,1.5166746882864486
1992-03-29,1.5073357515020862
1992-03-30,1.5006983906367384
1992-03-31,1.5116884073505046
1992-04-01,1.5075764055810077
1992-04-02,1.4900102616757882
1992-04-03,1.534338987355932
1992-04-04,1.5330778634109588
1992-04-05,1.530329471781025
1992-04-06,1.5447267762893886
1992-04-07,1.5542477200352285
1992-04-08,1.6107346083984198
1992-04-09,1.5729963001019207
1992-04-10,1.571358989073842
1992-04-11,1.5581175312073747
1992-04-12,1.55347091327414
1992-04-13,1.5235542743090618
1992-04-14,1.5301738120295958
1992-04-15,1.617831617639044
1992-04-16,1.65912871409407
1992-04-17,1.6199695569865509
1992-04-18,1.6185400647073358
1992-04-19,1.6102963512845776
1992-04-20,1.6132690569375772
1992-04-21,1.6737911051394905
1992-04-22,1.6082444325139702
1992-04-23,1.6237613698275728
1992-04-24,1.600948600723966
1992-04-25,1.5827048010238192
1992-04-26,1.5863151258704875
1992-04-27,1.489961184695752
1992-04-28,1.489121458772084
1992-04-29,1.5565899777043002
1992-04-30,1.5767285203232049
1992-05-01,1.5701578646147734
1992-05-02,1.5444974937204958
1992-05-03,1.5601947552654458
1992-05-04,1.5519884637507202
1992-05-05,1.5388483075574493
1992-05-06,1.4894152037127026
1992-05-07,1.528475319427073
1992-05-08,1.5743025500749557
1992-05-09,1.5637550623152148
1992-05-10,1.534815046956001
1992-05-11,1.5053969576588788
1992-05-12,1.47009175411295
1992-05-13,1.4614737340149646
1992-05-14,1.4794259819101074
1992-05-15,1.554834833795259
1992-05-16,1.5387398347999288
1992-05-17,1.570874258012311
1992-05-18,1.6003933416316514
1992-05-19,1.573546819691343
1992-05-20,1.5756012757625804
1992-05-21,1.5964252881011611
1992-05-22,1.5705887797125553
1992-05-23,1.5648724674728554
1992-05-24,1.5730841826102344
1992-05-25,1.5870570126247148
1992-05-26,1.6012170904229537
1992-05-27,1.6087880692726075
1992-05-28,1.5717804465952283
1992-05-29,1.5639678791494165
1992-05-30,1.5580851819494204
1992-05-31,1.548874493121781
1992-06-01,1.529262402991802
1992-06-02,1.510634660491171
1992-06-03,1.480945516454419
1992-06-04,1.3887927615105662
1992-06-05,1.3710555872779375
1992-06-06,1.389722789572807
1992-06-07,1.400576940025411
1992-06-08,1.4562593984993415
1992-06-09,1.4868493639944196
1992-06-10,1.646683244865699
1992-06-11,1.693407685568004
1992-06-12,1.629396831831165
1992-06-13,1.6341424239761126
1992-06-14,1.613701690847649
1992-06-15,1.60568924020518
1992-06-16,1.6512409174434284
1992-06-17,1.669814765811803
1992-06-18,1.721704801115447
1992-06-19,1.7214800058616455
1992-06-20,1.7203990413598589
1992-06-21,1.7321020270313725
1992-06-22,1.7882658587437648
1992-06-23,1.8062214739492433
1992-06-24,1.7636327042064102
1992-06-25,1.802841600614189
1992-06-26,1.8115399779254169
1992-06-27,1.7995690696594748
1992-06-28,1.7938480575665223
1992-06-29,1.830646888369818
1992-06-30,1.8480001520300604
1992-07-01,1.768872301161852
1992-07-02,1.7990761386128535
1992-07-03,1.814668158771137
1992-07-04,1.8189172398458135
1992-07-05,1.814205546827618
1992-07-06,1.8214326466521025
1992-07-07,1.791356262080665
1992-07-08,1.815764717389726
1992-07-09,1.8943265546556511
1992-07-10,1.9057027731284777
1992-07-11,1.889314029889249
1992-07-12,1.88126747350017
1992-07-13,1.8649622234277672
1992-07-14,1.901500333370571
1992-07-15,1.891036796772355
1992-07-16,1.9156952530516465
1992-07-17,2.010058431510566
1992-07-18,2.0057845347188965
1992-07-19,2.0279940414985216
1992-07-20,2.006680703932468
1992-07-21,1.9161108677765863
1992-07-22,1.8009750623153342
1992-07-23,1.8361282135545536
1992-07-24,1.8498706219348309
1992-07-25,1.8468032458492287
1992-07-26,1.8534534782560153
1992-07-27,1.9433406422183697
1992-07-28,1.9259350442590133
1992-07-29,1.8309155396986867
1992-07-30,1.7471545391111667
1992-07-31,1.753185830962372
1992-08-01,1.7383619941907154
1992-08-02,1.7394654977442452
1992-08-03,1.7484650671092763
1992-08-04,1.799657966023696
1992-08-05,1.84468953182791
1992-08-06,1.869354915329635
1992-08-07,1.9522937926353088
1992-08-08,1.9725933816695385
1992-08-09,1.959501709796947
1992-08-10,1.966036931081036
1992-08-11,1.9410229499517069
1992-08-12,1.9266612470254216
1992-08-13,1.8996825819502627
1992-08-14,1.915104409851294
1992-08-15,1.9112074452532175
1992-08-16,1.8873412054075724
1992-08-17,1.9056014471422893
1992-08-18,1.8859504068779405
1992-08-19,1.84229968730028
1992-08-20,1.8163760438597751
1992-08-21,1.8693323969300368
1992-08-22,1.8678400084241071
1992-08-23,1.8609635343426976
1992-08-24,1.856699229408211
1992-08-25,1.8704252916178816
1992-08-26,1.847173703495
1992-08-27,1.8053234948248744
1992-08-28,1.873407136686088
1992-08-29,1.8788867047120148
1992-08-30,1.886265467560364
1992-08-31,1.7606708607420176
1992-09-01,1.7542654177121353
1992-09-02,1.6129868692753706
1992-09-03,1.4971433755653358
1992-09-04,1.5086495429701086
1992-09-05,1.544034996530902
1992-09-06,1.553976744823918
1992-09-07,1.4849025838190877
1992-09-08,1.4970688519892743
1992-09-09,1.305106881485671
1992-09-10,1.2322985693163564
1992-09-11,1.288509831487622
1992-09-12,1.3107742990586009
1992-09-13,1.318493096511855
1992-09-14,1.2715558690779216
1992-09-15,1.1574662940478644
1992-09-16,1.1497075632674734
1992-09-17,1.189015289497132
1992-09-18,1.1551300783260467
1992-09-19,1.154867635257789
1992-09-20,1.168327413846072
1992-09-21,1.1925723985839638
1992-09-22,1.1894880963289982
1992-09-23,1.201302054253131
1992-09-24,1.183695646327933
1992-09-25,1.1989483273055157
1992-09-26,1.1983548055669104
1992-09-27,1.1801088001705589
1992-09-28,1.2096874603701766
1992-09-29,1.2324428590639107
1992-09-30,1.290532351196748
1992-10-01,1.302944790718515
1992-10-02,1.2197772353610354
1992-10-03,1.2245488732750782
1992-10-04,1.238115218215064
1992-10-05,1.273077872485162
1992-10-06,1.4135814536983744
1992-10-07,1.4240745555717855
1992-10-08,1.4616933629144622
1992-10-09,1.4796294739283475
1992-10-10,1.4760987784509858
1992-10-11,1.4656694075342491
1992-10-12,1.4682574784073286
1992-10-13,1.4402517314168894
1992-10-14,1.3455669613601895
1992-10-15,1.331714479349724
1992-10-16,1.2988351592655676
1992-10-17,1.3175707447507117
1992-10-18,1.3204346531943374
1992-10-19,1.3900970636824572
1992-10-20,1.4036288966925765
1992-10-21,1.4833052974996055
1992-10-22,1.5074344089243714
1992-10-23,1.5113716559176154
1992-10-24,1.5391854509722138
1992-10-25,1.5290995113518178
1992-10-26,1.5788148694934938
1992-10-27,1.6130345291645616
1992-10-28,1.6470449761973756
1992-10-29,1.670487000204508
1992-10-30,1.6655676033138789
1992-10-31,1.6685451991664582
1992-11-01,1.6516872788272774
1992-11-02,1.616631783091261
1992-11-03,1.606690631149671
1992-11-04,1.5548056266025871
1992-11-05,1.598011897846491
1992-11-06,1.5916047882431847
1992-11-07,1.566490718216384
1992-11-08,1.6119075790937083
1992-11-09,1.6322371012485348
1992-11-10,1.7152472051345282
1992-11-11,1.7721956399313563
1992-11-12,1.795349328960409
1992-11-13,1.7446712760256795
1992-11-14,1.7276490876560795
1992-11-15,1.753747471849897
1992-11-16,1.7032089713455694
1992-11-17,1.7732818622630904
1992-11-18,1.7688249221679724
1992-11-19,1.79122857759489
1992-11-20,1.8014448753934664
1992-11-21,1.7925761181662478
1992-11-22,1.8003310548791338
1992-11-23,1.7777287056054116
1992-11-24,1.8069972333712832
1992-11-25,1.8226319804167177
1992-11-26,1.835726909198568
1992-11-27,1.8230235077167083
1992-11-28,1.8302545434469384
1992-11-29,1.829470557076294
1992-11-30,1.8532875168065843
1992-12-01,1.8797909474577763
1992-12-02,1.8486777231699612
1992-12-03,1.757694525527311
1992-12-04,1.8761575300482551
1992-12-05,1.8674430836090996
1992-12-06,1.845329253096351
1992-12-07,1.879159650964119
1992-12-08,1.9816452728614584
1992-12-09,2.019824876403419
1992-12-10,2.016497840377483
1992-12-11,2.042919907936379
1992-12-12,2.038182144630942
1992-12-13,2.0330151558079628
1992-12-14,2.019088441671715
1992-12-15,1.959321517204298
1992-12-16,1.9777823002401251
1992-12-17,1.9807422417774505
1992-12-18,1.968000829414479
1992-12-19,1.9691750530576817
1992-12-20,1.97241699374735
1992-12-21,1.9704587870512449
1992-12-22,1.9182136464236992
1992-12-23,1.9168444352956289
1992-12-24,1.926931025636476
1992-12-25,1.916311134192051
1992-12-26,1.9152742276772747
1992-12-27,1.9086661025365017
1992-12-28,1.900049604456312
1992-12-29,1.889972805184514
1992-12-30,1.906285409824054
1992-12-31,1.934616317705189
1993-01-01,1.9117398078009045
1993-01-02,1.928127982145595
1993-01-03,1.947995819067193
1993-01-04,1.949701491443272
1993-01-05,1.939393751887737
1993-01-06,1.9484601887216328
1993-01-07,1.9413969630951644
1993-01-08,1.9223757110153343
1993-01-09,1.9156331407100915
1993-01-10,1.9245044691671889
1993-01-11,1.9223073195494291
1993-01-12,1.9236020130685272
1993-01-13,1.9809281653273088
1993-01-14,2.0040105316931007
1993-01-15,1.996383321696297
1993-01-16,1.9850116183804571
1993-01-17,1.9931905611459968
1993-01-18,2.0007626070285403
1993-01-19,1.8759567064273424
1993-01-20,1.8770723378516476
1993-01-21,2.116847922048523
1993-01-22,2.188641564848853
1993-01-23,2.190147792696969
1993-01-24,2.2012178933216253
1993-01-25,2.272387138165681
1993-01-26,2.277139008665717
1993-01-27,2.2414605830039456
1993-01-28,2.2635489339125474
1993-01-29,2.300353498614389
1993-01-30,2.3010548891326397
1993-01-31,2.304167980129419
1993-02-01,2.2415851141432923
1993-02-02,2.290380530266555
1993-02-03,2.294331716094952
1993-02-04,2.289524230794312
1993-02-05,2.303678585520102
1993-02-06,2.31946019315827
1993-02-07,2.309037457295192
1993-02-08,2.3592327538681204
1993-02-09,2.455784494975628
1993-02-10,2.4265237022141086
1993-02-11,2.5221325421157283
1993-02-12,2.546276731094175
1993-02-13,2.568899847748773
1993-02-14,2.575089393748235
1993-02-15,2.5420497971492324
1993-02-16,2.4950407620056234
1993-02-17,2.463789202332687
1993-02-18,2.416750746940259
1993-02-19,2.37747192868103
1993-02-20,2.3846287416730476
1993-02-21,2.3835884007711856
1993-02-22,2.403999471096098
1993-02-23,2.4101917754086415
1993-02-24,2.381696336260808
1993-02-25,2.3626220206713526
1993-02-26,2.36004586306992
1993-02-27,2.3604412404714408
1993-02-28,2.2722183021801734
1993-03-01,2.195483492871746
1993-03-02,2.2751346048348573
1993-03-03,2.177252313631353
1993-03-04,2.185535637274935
1993-03-05,2.162916535628626
1993-03-06,2.1734949870145015
1993-03-07,2.167969729060537
1993-03-08,2.230596844789938
1993-03-09,2.2427043072663837
1993-03-10,2.2944344344784264
1993-03-11,2.252663561552012
1993-03-12,2.2727655680943335
1993-03-13,2.289056493784501
1993-03-14,2.320812380762818
1993-03-15,2.284125465880547
1993-03-16,2.269502275199552
1993-03-17,2.219573521438927
1993-03-18,2.189860334664662
1993-03-19,2.2256160892074837
1993-03-20,2.233796537365411
1993-03-21,2.227081304963358
1993-03-22,2.216678466834018
1993-03-23,2.2272692810096513
1993-03-24,2.175098147075525
1993-03-25,2.2201013820254207
1993-03-26,2.220097160476543
1993-03-27,2.21402358399271
1993-03-28,2.214836274652427
1993-03-29,2.2149393606503933
1993-03-30,2.2363514054876497
1993-03-31,2.2294553738898744
1993-04-01,2.1526218534247192
1993-04-02,2.1240823779874085
1993-04-03,2.1312671123166425
1993-04-04,2.1143481928947336
1993-04-05,2.1182776644963166
1993-04-06,2.2359970152138486
1993-04-07,2.211254094239113
1993-04-08,2.2054336032395874
1993-04-09,2.195031529056671
1993-04-10,2.195376480966467
1993-04-11,2.1943593157412087
1993-04-12,2.2141585682647182
1993-04-13,2.198008652813486
1993-04-14,2.174897958543902
1993-04-15,2.209949724955842
1993-04-16,2.2081287120347843
1993-04-17,2.1997640166594885
1993-04-18,2.192181827444534
1993-04-19,2.1595334133337376
1993-04-20,2.1064151441063177
1993-04-21,1.9650045814197583
1993-04-22,1.954597108911155
1993-04-23,1.9419025845892752
1993-04-24,1.943756810537816
1993-04-25,1.9118835592923744
1993-04-26,1.992279495791604
1993-04-27,2.0286216731187294
1993-04-28,2.1075031926819143
1993-04-29,2.2165270612280965
1993-04-30,2.1805347126751182
1993-05-01,2.15421870506296
1993-05-02,2.1760456835972204
1993-05-03,2.189822379839259
1993-05-04,2.171927046841813
1993-05-05,2.2102313869974157
1993-05-06,2.2348800169170184
1993-05-07,2.233159780684828
1993-05-08,2.2960310369263492
1993-05-09,2.2757799224962447
1993-05-10,2.3044119924086917
1993-05-11,2.209681337836893
1993-05-12,2.1643545236495094
1993-05-13,2.151793348586261
1993-05-14,2.177338379842598
1993-05-15,2.1895310487499176
1993-05-16,2.186825601421986
1993-05-17,2.2459401384411306
1993-05-18,2.2415910618177692
1993-05-19,2.155820899893384
1993-05-20,2.081330175750936
1993-05-21,2.087566039751536
1993-05-22,2.0901262253036856
1993-05-23,2.064858202734789
1993-05-24,2.0723975290637515
1993-05-25,2.087384465796018
1993-05-26,2.0883561829042305
1993-05-27,2.078870100218327
1993-05-28,2.08511144656827
1993-05-29,2.088146419769046
1993-05-30,2.095426722362426
1993-05-31,2.0784925556685208
1993-06-01,2.0601264120752374
1993-06-02,2.028083786916923
1993-06-03,2.039747201937888
1993-06-04,2.059418808766728
1993-06-05,2.0475133613222076
1993-06-06,2.0552109352002015
1993-06-07,2.0723073869403827
1993-06-08,2.13830891644353
1993-06-09,2.1642535068760123
1993-06-10,2.2450613070586387
1993-06-11,2.366748964364293
1993-06-12,2.3597443208760973
1993-06-13,2.340375446399631
1993-06-14,2.302101582036528
1993-06-15,2.288178111647253
1993-06-16,2.2994445848995877
1993-06-17,2.2843869158497587
1993-06-18,2.286462247544712
1993-06-19,2.275915240742438
1993-06-20,2.278010690865679
1993-06-21,2.2507831242419822
1993-06-22,2.193621923362574
1993-06-23,2.203185622326589
1993-06-24,2.192428539042839
1993-06-25,2.2052083250280443
1993-06-26,2.2025552601649308
1993-06-27,2.2076017060367863
1993-06-28,2.2058052517739624
1993-06-29,2.190691002856374
1993-06-30,2.1894877563741617
1993-07-01,2.169957895211031
1993-07-02,2.1821222665520863
1993-07-03,2.1779596051425094
1993-07-04,2.1932501827842388
1993-07-05,2.1891249137905184
1993-07-06,2.1896513439753305
1993-07-07,2.161562295751897
1993-07-08,2.1062759303506136
1993-07-09,2.1348106313563724
1993-07-10,2.1418565021376557
1993-07-11,2.1592063833679145
1993-07-12,2.1595580565379717
1993-07-13,2.076890792424561
1993-07-14,2.0456434304462654
1993-07-15,2.047742568449576
1993-07-16,1.9712209675268184
1993-07-17,1.9672340984650765
1993-07-18,1.9811111843944644
1993-07-19,2.040984410713474
1993-07-20,2.000093304028706
1993-07-21,1.9390831864289657
1993-07-22,1.95580365217468
1993-07-23,1.9427797176977757
1993-07-24,1.944601989274502
1993-07-25,1.958997307640437
1993-07-26,1.9453408498331557
1993-07-27,1.8892311447432233
1993-07-28,2.029583754292984
1993-07-29,2.077974452949263
1993-07-30,2.075790308761577
1993-07-31,2.0645499418356974
1993-08-01,2.053711809651129
1993-08-02,2.0575886302861406
1993-08-03,2.074458850584199
1993-08-04,2.130758827951222
1993-08-05,2.142911534158988
1993-08-06,2.103243003134398
1993-08-07,2.114755021819738
1993-08-08,2.156352646602772
1993-08-09,2.1332605579620862
1993-08-10,2.164569375380201
1993-08-11,2.1799132074575365
1993-08-12,2.201357158836839
1993-08-13,2.1846029500371884
1993-08-14,2.174685124414694
1993-08-15,2.165091547402108
1993-08-16,2.176841698599857
1993-08-17,2.1699279858811327
1993-08-18,2.1697868517521783
1993-08-19,2.187015550235601
1993-08-20,2.224158243060888
1993-08-21,2.2158720954403623
1993-08-22,2.2156679236729504
1993-08-23,2.217620271474845
1993-08-24,2.2207404258148467
1993-08-25,2.2301850691712475
1993-08-26,2.257451245445348
1993-08-27,2.2472335177685396
1993-08-28,2.243366857529356
1993-08-29,2.241613063435186
1993-08-30,2.286086697521144
1993-08-31,2.263476845087728
1993-09-01,2.232049852189773
1993-09-02,2.201276213027883
1993-09-03,2.2475682747287173
1993-09-04,2.2468831290601896
1993-09-05,2.246566327424836
1993-09-06,2.2274215197454006
1993-09-07,2.250497884346207
1993-09-08,2.3289834615322773
1993-09-09,2.3246378225433473
1993-09-10,2.2931075355095993
1993-09-11,2.275629671978895
1993-09-12,2.284828991298579
1993-09-13,2.25266080328708
1993-09-14,2.2133407657515294
1993-09-15,2.1528750494649724
1993-09-16,2.11934117135006
1993-09-17,2.1478746693159834
1993-09-18,2.155355990243371
1993-09-19,2.1641528043154805
1993-09-20,2.1665758879534422
1993-09-21,2.156763493559549
1993-09-22,2.172462376906916
1993-09-23,2.1325742908802043
1993-09-24,2.141964922590121
1993-09-25,2.148878709647087
1993-09-26,2.150771816521073
1993-09-27,2.1983583154360447
1993-09-28,2.221407669658551
1993-09-29,2.216337371718611
1993-09-30,2.2868767735808113
1993-10-01,2.1876075140094
1993-10-02,2.200535300503448
1993-10-03,2.2017589326268396
1993-10-04,2.1766625730137905
1993-10-05,2.2225008021558876
1993-10-06,2.2358552199343436
1993-10-07,2.2126669310622935
1993-10-08,2.246270441355035
1993-10-09,2.2458928770008058
1993-10-10,2.2529826443662135
1993-10-11,2.232075461929662
1993-10-12,2.2546047461770615
1993-10-13,2.323185794424262
1993-10-14,2.3562303064573267
1993-10-15,2.363044969081522
1993-10-16,2.3631458994386696
1993-10-17,2.3715168719604045
1993-10-18,2.380789943899272
1993-10-19,2.3862476048727705
1993-10-20,2.4240636343955906
1993-10-21,2.433073229002341
1993-10-22,2.4428492816331286
1993-10-23,2.4385887714284578
1993-10-24,2.443626512616328
1993-10-25,2.4358580725549186
1993-10-26,2.4713989605603186
1993-10-27,2.4309138756566777
1993-10-28,2.5106931411441007
1993-10-29,2.5356784869268036
1993-10-30,2.5469473915096534
1993-10-31,2.543796556885273
1993-11-01,2.503737825313827
1993-11-02,2.5341999104268504
1993-11-03,2.5368585427295516
1993-11-04,2.5246835711009075
1993-11-05,2.540946216234057
1993-11-06,2.5455162951311543
1993-11-07,2.5599186771338056
1993-11-08,2.601520153727683
1993-11-09,2.5909712418479893
1993-11-10,2.6202150384687934
1993-11-11,2.622485734875892
1993-11-12,2.6560642876363674
1993-11-13,2.6575291806005357
1993-11-14,2.6568127625197455
1993-11-15,2.65495038195748
1993-11-16,2.6442932334714273
1993-11-17,2.667252992717419
1993-11-18,2.650913685616494
1993-11-19,2.6579703586635137
1993-11-20,2.653043129173892
1993-11-21,2.652850596980217
1993-11-22,2.6438524051872365
1993-11-23,2.651187179945124
1993-11-24,2.6536386697302667
1993-11-25,2.648980147026786
1993-11-26,2.647476430072035
1993-11-27,2.653938142470339
1993-11-28,2.6463023919985726
1993-11-29,2.663244804203944
1993-11-30,2.668304967840544
1993-12-01,2.6341635197645625
1993-12-02,2.601608989679644
1993-12-03,2.5113810253789652
1993-12-04,2.525159890437367
1993-12-05,2.531449970145995
1993-12-06,2.5692729469284172
1993-12-07,2.5461119928458533
1993-12-08,2.5899843819128505
1993-12-09,2.6174932930624397
1993-12-10,2.621664385993011
1993-12-11,2.631107448491095
1993-12-12,2.6247929635736824
1993-12-13,2.587318555636465
1993-12-14,2.5668583588194416
1993-12-15,2.6152478270320465
1993-12-16,2.6126194767062003
1993-12-17,2.617815775506007
1993-12-18,2.6230052543973006
1993-12-19,2.6265492212241583
1993-12-20,2.618876687852974
1993-12-21,2.599561126380098
1993-12-22,2.5891185947351008
1993-12-23,2.5920650463615167
1993-12-24,2.5870975422626907
1993-12-25,2.587873846597331
1993-12-26,2.5817358909461747
1993-12-27,2.571330624519388
1993-12-28,2.601474215889662
1993-12-29,2.6052913629724985
1993-12-30,2.6066482918137637
1993-12-31,2.6069946430747715
1994-01-01,2.576642966204917
1994-01-02,2.5899158406618032
1994-01-03,2.5890324758620995
1994-01-04,2.590358990012003
1994-01-05,2.5852950498416134
1994-01-06,2.5938778558955153
1994-01-07,2.60236548919728
1994-01-08,2.643361893126078
1994-01-09,2.6449826673116186
1994-01-10,2.649375428600745
1994-01-11,2.663113301356039
1994-01-12,2.683632422932517
1994-01-13,2.680250981172392
1994-01-14,2.6994621145201707
1994-01-15,2.704876677535581
1994-01-16,2.7048310609689685
1994-01-17,2.713265937370213
1994-01-18,2.699873225106522
1994-01-19,2.696135322744998
1994-01-20,2.561774493352319
1994-01-21,2.533921996567146
1994-01-22,2.5264393537593266
1994-01-23,2.5348331666906274
1994-01-24,2.5362085239947674
1994-01-25,2.6278522110685145
1994-01-26,2.5547908924270075
1994-01-27,2.5145781346321594
1994-01-28,2.4515010526123464
1994-01-29,2.455726428103129
1994-01-30,2.4692112824307895
1994-01-31,2.4667172585397523
1994-02-01,2.5158286710613913
1994-02-02,2.569247997728574
1994-02-03,2.5845881817344543
1994-02-04,2.5402781273841955
1994-02-05,2.536441269860214
1994-02-06,2.5599630778909157
1994-02-07,2.5595271240160447
1994-02-08,2.5234229944112068
1994-02-09,2.50664296496008
1994-02-10,2.564691145416578
1994-02-11,2.563583179995055
1994-02-12,2.574923150082698
1994-02-13,2.580877139958428
1994-02-14,2.586852440271403
1994-02-15,2.5719243148061546
1994-02-16,2.5653920633950635
1994-02-17,2.514064021279731
1994-02-18,2.5375259276527524
1994-02-19,2.5523997727422536
1994-02-20,2.54903481291993
1994-02-21,2.479440540093011
1994-02-22,2.4103803348726593
1994-02-23,2.3673422354090996
1994-02-24,2.4391645415032155
1994-02-25,2.4335314555701655
1994-02-26,2.383431287712194
1994-02-27,2.3991150110986905
1994-02-28,2.4524842966484925
1994-03-01,2.3866234309990935
1994-03-02,2.420456032240353
1994-03-03,2.4505531297601095
1994-03-04,2.5402277783438816
1994-03-05,2.5335527186607276
1994-03-06,2.533175202020913
1994-03-07,2.524761097739386
1994-03-08,2.4817590731387535
1994-03-09,2.448307396677506
1994-03-10,2.442000146231609
1994-03-11,2.453461641080019
1994-03-12,2.4639153214303
1994-03-13,2.4780025506223593
1994-03-14,2.4162678600008274
1994-03-15,2.432224078387848
1994-03-16,2.3923723964778856
1994-03-17,2.362311042506461
1994-03-18,2.382942446665651
1994-03-19,2.3897859726685473
1994-03-20,2.3918252200071297
1994-03-21,2.4080378287647872
1994-03-22,2.3798972848567503
1994-03-23,2.377401411269687
1994-03-24,2.3452450271940215
1994-03-25,2.350996470147075
1994-03-26,2.353484836084059
1994-03-27,2.34339319691586
1994-03-28,2.3524463598161245
1994-03-29,2.2684355504326343
1994-03-30,2.257246817090135
1994-03-31,2.2602950211380506
1994-04-01,2.2909634318413947
1994-04-02,2.309903403060665
1994-04-03,2.3109404176894826
1994-04-04,2.359132471979423
1994-04-05,2.365714650340099
1994-04-06,2.3639855041910485
1994-04-07,2.3959870634925817
1994-04-08,2.428085806351122
1994-04-09,2.431850745209888
1994-04-10,2.4238696782942104
1994-04-11,2.412784664437887
1994-04-12,2.4075957700988697
1994-04-13,2.3699324832979
1994-04-14,2.381364787810643
1994-04-15,2.4045406895133645
1994-04-16,2.412166734976246
1994-04-17,2.417283207595895
1994-04-18,2.386039229734483
1994-04-19,2.41426482443563
1994-04-20,2.4833489493410603
1994-04-21,2.571817054613107
1994-04-22,2.510658957397967
1994-04-23,2.512323130245611
1994-04-24,2.50566346276519
1994-04-25,2.6730018453148094
1994-04-26,2.585461174065724
1994-04-27,2.5671562536157193
1994-04-28,2.579502992165823
1994-04-29,2.5940780863910877
1994-04-30,2.5912270799874806
1994-05-01,2.5500140991170177
1994-05-02,2.5853593450816192
1994-05-03,2.5887261446710506
1994-05-04,2.6049737936434765
1994-05-05,2.614573880512592
1994-05-06,2.5856333115989365
1994-05-07,2.585778265918721
1994-05-08,2.5973247252993974
1994-05-09,2.5977504528343367
1994-05-10,2.6001759092370347
1994-05-11,2.5672034425263712
1994-05-12,2.5853967222104264
1994-05-13,2.5867316104305593
1994-05-14,2.5714161320637774
1994-05-15,2.568420362751781
1994-05-16,2.490063885186473
1994-05-17,2.485150409086806
1994-05-18,2.5295955247818833
1994-05-19,2.525693840047279
1994-05-20,2.4673423877166223
1994-05-21,2.462945465165555
1994-05-22,2.440405490526511
1994-05-23,2.480790191688741
1994-05-24,2.5220452792719867
1994-05-25,2.526291678036431
1994-05-26,2.5326635938284614
1994-05-27,2.537702427418984
1994-05-28,2.540059681084179
1994-05-29,2.550622537544999
1994-05-30,2.541195569985633
1994-05-31,2.5387353425262367
1994-06-01,2.4886420457464484
1994-06-02,2.4962441746344055
1994-06-03,2.4855011818243047
1994-06-04,2.4894951946005315
1994-06-05,2.49207783026464
1994-06-06,2.497782199927598
1994-06-07,2.6418615594827624
1994-06-08,2.670161142109518
1994-06-09,2.4973388489616197
1994-06-10,2.4471722167002072
1994-06-11,2.4625507412288496
1994-06-12,2.4884620717591517
1994-06-13,2.4254035316160154
1994-06-14,2.4073208390598846
1994-06-15,2.514590811503314
1994-06-16,2.5305748334862415
1994-06-17,2.5041941366936227
1994-06-18,2.5142438953220645
1994-06-19,2.5122269577085445
1994-06-20,2.5349090969045327
1994-06-21,2.5468692911120465
1994-06-22,2.5669994932731273
1994-06-23,2.595943090951745
1994-06-24,2.593560614863786
1994-06-25,2.600496096629876
1994-06-26,2.6048852427324576
1994-06-27,2.594824240826042
1994-06-28,2.539305774375989
1994-06-29,2.527892167505676
1994-06-30,2.5131143395266218
1994-07-01,2.4877700812465458
1994-07-02,2.506960772440926
1994-07-03,2.506435604303049
1994-07-04,2.5121848629601304
1994-07-05,2.5012949200382173
1994-07-06,2.4774531821615957
1994-07-07,2.486788959601463
1994-07-08,2.541588021539851
1994-07-09,2.5363439136054944
1994-07-10,2.5086960948003583
1994-07-11,2.5156952107621553
1994-07-12,2.5326455224267237
1994-07-13,2.553457905969405
1994-07-14,2.586328425070114
1994-07-15,2.593457186118958
1994-07-16,2.6435220439276215
1994-07-17,2.6774219733640505
1994-07-18,2.715892053797763
1994-07-19,2.712852991535216
1994-07-20,2.872413867550115
1994-07-21,2.9828747175520363
1994-07-22,3.067671994641336
1994-07-23,3.0709218599295216
1994-07-24,3.079822059660984
1994-07-25,2.9646587214999283
1994-07-26,2.976989810032696
1994-07-27,2.9978385592829153
1994-07-28,2.8797020155899
1994-07-29,3.008310411614314
1994-07-30,3.013822596822701
1994-07-31,3.0164813009398683
1994-08-01,2.7829720958213997
1994-08-02,2.817151958082748
1994-08-03,2.8260851751946117
1994-08-04,2.8653847171474096
1994-08-05,2.86153368902997
1994-08-06,2.8618018139782757
1994-08-07,2.8658194628500704
1994-08-08,2.909535767794777
1994-08-09,2.8973834182156786
1994-08-10,2.906488696885142
1994-08-11,2.875255676147572
1994-08-12,2.8695535875813034
1994-08-13,2.8663421671756417
1994-08-14,2.880018538759053
1994-08-15,2.9346721952539023
1994-08-16,2.9177702846591944
1994-08-17,2.9106479011323683
1994-08-18,2.905324199901127
1994-08-19,2.961655628902086
1994-08-20,2.952206717886064
1994-08-21,2.926246304489891
1994-08-22,2.913424055974654
1994-08-23,2.885487887801676
1994-08-24,2.8888571581645577
1994-08-25,2.9043656241885105
1994-08-26,2.9743800247198866
1994-08-27,2.9770665334869273
1994-08-28,2.986537446338926
1994-08-29,2.9617420752690338
1994-08-30,2.9628444450901057
1994-08-31,3.01816850787079
1994-09-01,2.9230265611753445
1994-09-02,2.9450276112607465
1994-09-03,2.9488030691348004
1994-09-04,2.949692575574879
1994-09-05,2.9751571344204875
1994-09-06,2.999986517435718
1994-09-07,3.0937232744551917
1994-09-08,3.143991878725236
1994-09-09,3.1140482944536263
1994-09-10,3.1156246358769586
1994-09-11,3.125389881368453
1994-09-12,3.074946937114688
1994-09-13,3.0725848332937904
1994-09-14,2.9910430535358237
1994-09-15,2.9456032477550087
1994-09-16,2.934233072164491
1994-09-17,2.9407414177310462
1994-09-18,2.9384444442853073
1994-09-19,2.940049590565017
1994-09-20,2.900117620637318
1994-09-21,2.9193934828141783
1994-09-22,2.8956735840867553
1994-09-23,2.8938506354189437
1994-09-24,2.88799436954825
1994-09-25,2.892341865963587
1994-09-26,2.9162445813243254
1994-09-27,2.9307486845024067
1994-09-28,2.9676609386510924
1994-09-29,2.9613415984448075
1994-09-30,2.9144720791689003
1994-10-01,2.8832786541036697
1994-10-02,2.9197633364150875
1994-10-03,2.850945350366763
1994-10-04,2.879795110894123
1994-10-05,2.9369851640999856
1994-10-06,2.9727660670305145
1994-10-07,2.940042012777469
1994-10-08,2.988110356566357
1994-10-09,2.991632887856269
1994-10-10,2.9885925233498236
1994-10-11,2.9441679342770635
1994-10-12,2.9223864662692285
1994-10-13,2.9655574524631465
1994-10-14,2.983747148619148
1994-10-15,2.990933737904802
1994-10-16,2.984873302424385
1994-10-17,2.995463928141316
1994-10-18,2.9931429220285084
1994-10-19,3.040862704254012
1994-10-20,3.025155496496261
1994-10-21,3.1122436970271856
1994-10-22,3.119260553298933
1994-10-23,3.144140393172597
1994-10-24,3.196027878121672
1994-10-25,3.25650531600603
1994-10-26,3.3050169273297128
1994-10-27,3.3465872003657076
1994-10-28,3.3333823562784586
1994-10-29,3.3338409188061124
1994-10-30,3.328716605947745
1994-10-31,3.3400467000036196
1994-11-01,3.3155312701184263
1994-11-02,3.340982060293924
1994-11-03,3.3627608016713992
1994-11-04,3.3443897768578967
1994-11-05,3.3404275100148335
1994-11-06,3.3550011444159584
1994-11-07,3.348160434765747
1994-11-08,3.380894670139507
1994-11-09,3.3947372699463405
1994-11-10,3.3041496128392422
1994-11-11,3.2883495823186664
1994-11-12,3.2908758145693606
1994-11-13,3.2990581546264615
1994-11-14,3.2793978684453924
1994-11-15,3.320636647559042
1994-11-16,3.299762000468142
1994-11-17,3.2728623728140303
1994-11-18,3.2431860024257397
1994-11-19,3.242978482019626
1994-11-20,3.2513421641946683
1994-11-21,3.251664331394908
1994-11-22,3.274180721989896
1994-11-23,3.2798905565544763
1994-11-24,3.2784796861338386
1994-11-25,3.27595775671372
1994-11-26,3.2733476602776888
1994-11-27,3.2849216726485686
1994-11-28,3.2694142126007093
1994-11-29,3.268560963294356
1994-11-30,3.335469443372004
1994-12-01,3.2532102598517665
1994-12-02,3.362137946478764
1994-12-03,3.3545882106416736
1994-12-04,3.3282321599244034
1994-12-05,3.304133114560402
1994-12-06,3.2871018159520267
1994-12-07,3.305226019044877
1994-12-08,3.352866670058811
1994-12-09,3.3823815623768434
1994-12-10,3.390826294577484
1994-12-11,3.377529093764436
1994-12-12,3.362391360839082
1994-12-13,3.4180791473787924
1994-12-14,3.305711501518905
1994-12-15,3.248010946558903
1994-12-16,3.2839239777331217
1994-12-17,3.2801060514549487
1994-12-18,3.2763539837521805
1994-12-19,3.275365285158652
1994-12-20,3.2943566564237634
1994-12-21,3.2348283385516803
1994-12-22,3.2324633397464675
1994-12-23,3.274059561399686
1994-12-24,3.271325484539184
1994-12-25,3.272954855555067
1994-12-26,3.2705408121272246
1994-12-27,3.276921508656831
1994-12-28,3.282499464717959
1994-12-29,3.278613673126153
1994-12-30,3.2830762925742603
1994-12-31,3.284009334568599
1995-01-01,3.2203875958568196
1995-01-02,3.293294009151557
1995-01-03,3.3191417835752404
1995-01-04,3.3104444195554925
1995-01-05,3.3151024519708217
1995-01-06,3.2937832913755747
1995-01-07,3.2975831250197
1995-01-08,3.3478078400849576
1995-01-09,3.341704185123403
1995-01-10,3.362888297087516
1995-01-11,3.349924912832792
1995-01-12,3.3647694569675544
1995-01-13,3.3601914872420267
1995-01-14,3.3594115749866096
1995-01-15,3.354586869848706
1995-01-16,3.327217604590036
1995-01-17,3.354909524177547
1995-01-18,3.3426688769120014
1995-01-19,3.3494447749475347
1995-01-20,3.565258822316376
1995-01-21,3.569591996706765
1995-01-22,3.5682227397747623
1995-01-23,3.6214147289055174
1995-01-24,3.574120743412488
1995-01-25,3.7265426706082474
1995-01-26,3.755502296040947
1995-01-27,3.736104177618126
1995-01-28,3.74223490423956
1995-01-29,3.7651494517315434
1995-01-30,3.769308016133082
1995-01-31,3.7403461040617216
1995-02-01,3.645961224240515
1995-02-02,3.6424865332869945
1995-02-03,3.616865385434987
1995-02-04,3.615132104293343
1995-02-05,3.621867628002078
1995-02-06,3.6020959124425698
1995-02-07,3.591370024431398
1995-02-08,3.705798465542245
1995-02-09,3.720091881178197
1995-02-10,3.711317164563232
1995-02-11,3.736657253840442
1995-02-12,3.7266320567888886
1995-02-13,3.6773476554901263
1995-02-14,3.6246293830759337
1995-02-15,3.63278330234327
1995-02-16,3.635322739307692
1995-02-17,3.624281335686124
1995-02-18,3.6266128637021406
1995-02-19,3.6286300587340463
1995-02-20,3.6218933949378487
1995-02-21,3.5575742136147954
1995-02-22,3.585061189282559
1995-02-23,3.525650901350252
1995-02-24,3.612461930949917
1995-02-25,3.6246726191807968
1995-02-26,3.618359583821867
1995-02-27,3.569006346053752
1995-02-28,3.542823788013528
1995-03-01,3.5017281097201556
1995-03-02,3.577632446560131
1995-03-03,3.58214620714982
1995-03-04,3.5761912161351246
1995-03-05,3.578611216947377
1995-03-06,3.574079752384385
1995-03-07,3.494497683007326
1995-03-08,3.499608488304025
1995-03-09,3.5178686952301064
1995-03-10,3.470510465200355
1995-03-11,3.467830723886547
1995-03-12,3.4638881568166027
1995-03-13,3.441476550656499
1995-03-14,3.4149242125105994
1995-03-15,3.422887511266711
1995-03-16,3.3432935509716346
1995-03-17,3.325328497880034
1995-03-18,3.3434681902961705
1995-03-19,3.3388774559939645
1995-03-20,3.3322861031620343
1995-03-21,3.3396454218670537
1995-03-22,3.4129441359898545
1995-03-23,3.4759210042292894
1995-03-24,3.467655516058888
1995-03-25,3.4492635671713097
1995-03-26,3.437488611348558
1995-03-27,3.4417512064374027
1995-03-28,3.4420440426913084
1995-03-29,3.4117260073899542
1995-03-30,3.4064929380933786
1995-03-31,3.36613233214672
1995-04-01,3.3059654696346357
1995-04-02,3.3732230865840176
1995-04-03,3.3592473517906685
1995-04-04,3.3515689588565443
1995-04-05,3.3529634218976128
1995-04-06,3.3736768473715903
1995-04-07,3.382639181130699
1995-04-08,3.4129889195611165
1995-04-09,3.410685203100906
1995-04-10,3.408024796679008
1995-04-11,3.390721542696501
1995-04-12,3.420582117798923
1995-04-13,3.3567359373972967
1995-04-14,3.343666737973942
1995-04-15,3.3441176195265063
1995-04-16,3.326727221548356
1995-04-17,3.3839553978325423
1995-04-18,3.446792965040295
1995-04-19,3.3934710921310756
1995-04-20,3.663885237821915
1995-04-21,3.6411804723518806
1995-04-22,3.617198815612077
1995-04-23,3.6122162471526273
1995-04-24,3.6842714891430273
1995-04-25,3.6242486664862392
1995-04-26,3.658237223351736
1995-04-27,3.7359964660857417
1995-04-28,3.7260596612029246
1995-04-29,3.7237401503133007
1995-04-30,3.71882560344494
1995-05-01,3.675650713327389
1995-05-02,3.7258722505536808
1995-05-03,3.7058078855935177
1995-05-04,3.696205130127391
1995-05-05,3.6998692968048896
1995-05-06,3.6968679260263304
1995-05-07,3.6908583526142578
1995-05-08,3.665334429604847
1995-05-09,3.656301793989406
1995-05-10,3.65897275751286
1995-05-11,3.640213913163032
1995-05-12,3.6425057832755607
1995-05-13,3.634674706339929
1995-05-14,3.619918471833364
1995-05-15,3.6228086738924494
1995-05-16,3.537873019918992
1995-05-17,3.577734235701908
1995-05-18,3.565813324954518
1995-05-19,3.5422338961396873
1995-05-20,3.5345003203153684
1995-05-21,3.544854442846521
1995-05-22,3.5555822949283584
1995-05-23,3.56570221352555
1995-05-24,3.5773482023246608
1995-05-25,3.576175993028709
1995-05-26,3.573549962233858
1995-05-27,3.5753655607211785
1995-05-28,3.578103062726123
1995-05-29,3.56100780776929
1995-05-30,3.1240106470442583
1995-05-31,3.3664060908626574
1995-06-01,3.2902371559207992
1995-06-02,3.3284128764499807
1995-06-03,3.325454128162379
1995-06-04,3.3133845978943115
1995-06-05,3.302176493583572
1995-06-06,3.3462579679977926
1995-06-07,3.3578003690658726
1995-06-08,3.4201816028794982
1995-06-09,3.416424393824437
1995-06-10,3.412655530663894
1995-06-11,3.435819475184257
1995-06-12,3.435969059351666
1995-06-13,3.3416154319745286
1995-06-14,3.375091220912558
1995-06-15,3.4132456512055622
1995-06-16,3.4462284654778497
1995-06-17,3.430056900975521
1995-06-18,3.3878439407712913
1995-06-19,3.4050354205173914
1995-06-20,3.378343587109224
1995-06-21,3.3660883056872777
1995-06-22,3.3483065381752386
1995-06-23,3.415197718559379
1995-06-24,3.400483916653058
1995-06-25,3.3876394003601207
1995-06-26,3.390954597228644
1995-06-27,3.4068314735236545
1995-06-28,3.397214877552977
1995-06-29,3.36173406788299
1995-06-30,3.342581795050162
1995-07-01,3.297338260834031
1995-07-02,3.3340423830117327
1995-07-03,3.3297572443922467
1995-07-04,3.3332691051811247
1995-07-05,3.315119983711382
1995-07-06,3.314557685356511
1995-07-07,3.295803585653026
1995-07-08,3.336541852116629
1995-07-09,3.33409414442964
1995-07-10,3.360102232081256
1995-07-11,3.4406515291682123
1995-07-12,3.456356543042021
1995-07-13,3.4252751332950786
1995-07-14,3.4152598350344125
1995-07-15,3.4560153867427386
1995-07-16,3.436521892938222
1995-07-17,3.396814377546627
1995-07-18,3.4129882500842204
1995-07-19,3.46073886614451
1995-07-20,3.3896952224277586
1995-07-21,3.410256205667362
1995-07-22,3.4130182643428544
1995-07-23,3.4092520657627876
1995-07-24,3.3813524242633157
1995-07-25,3.4138248898327626
1995-07-26,3.4259366904212105
1995-07-27,3.4480938608907508
1995-07-28,3.4746341045584668
1995-07-29,3.4885697374382527
1995-07-30,3.4931633707771077
1995-07-31,3.510451973678461
1995-08-01,3.503170771744343
1995-08-02,3.5803230170459055
1995-08-03,3.6019838700223046
1995-08-04,3.61112835137732
1995-08-05,3.6150483331509218
1995-08-06,3.62179592422169
1995-08-07,3.635678580089417
1995-08-08,3.5972082210102228
1995-08-09,3.593831582671477
1995-08-10,3.5826515238147625
1995-08-11,3.561403821487769
1995-08-12,3.5655320921293265
1995-08-13,3.563866927223471
1995-08-14,3.5618152801709857
1995-08-15,3.568350413321636
1995-08-16,3.57778002635909
1995-08-17,3.5701711498953177
1995-08-18,3.568656262932821
1995-08-19,3.572973159860811
1995-08-20,3.569758423200263
1995-08-21,3.5722441810224956
1995-08-22,3.604422522949104
1995-08-23,3.583285401896805
1995-08-24,3.617401743003718
1995-08-25,3.625015968245501
1995-08-26,3.628796521728116
1995-08-27,3.631065604785848
1995-08-28,3.6379615394296216
1995-08-29,3.658551304708957
1995-08-30,3.493846057099172
1995-08-31,3.4684241936553075
1995-09-01,3.4152529912204797
1995-09-02,3.448916795471513
1995-09-03,3.4433383514551563
1995-09-04,3.473929916670523
1995-09-05,3.4032120722926535
1995-09-06,3.434587756924654
1995-09-07,3.4040177415018125
1995-09-08,3.4118078795559375
1995-09-09,3.411561317979699
1995-09-10,3.4068038364409023
1995-09-11,3.218854282127096
1995-09-12,3.2611637818360366
1995-09-13,3.2694370624858555
1995-09-14,3.2233765962343828
1995-09-15,3.2177645524768588
1995-09-16,3.2216050371624707
1995-09-17,3.236515459362352
1995-09-18,3.2504247533018775
1995-09-19,3.2481530890240577
1995-09-20,3.2242066320075216
1995-09-21,3.2107803913657857
1995-09-22,3.245811243620768
1995-09-23,3.2530194634134184
1995-09-24,3.2441752330225855
1995-09-25,3.2575420706654183
1995-09-26,3.2666462261498856
1995-09-27,3.2910230403220657
1995-09-28,3.2421204208260854
1995-09-29,3.233720618003593
1995-09-30,3.255323101876294
1995-10-01,3.218731375106466
1995-10-02,3.328186155056714
1995-10-03,3.327431510210433
1995-10-04,3.3475208819365045
1995-10-05,3.3751038711481165
1995-10-06,3.4023236871696767
1995-10-07,3.405452757984391
1995-10-08,3.395330078726738
1995-10-09,3.375170181426791
1995-10-10,3.3713388922169303
1995-10-11,3.410459589087627
1995-10-12,3.432594455698605
1995-10-13,3.4326260414828065
1995-10-14,3.4352974033011563
1995-10-15,3.4353703445992023
1995-10-16,3.527113063342952
1995-10-17,3.562925684548997
1995-10-18,3.378967309994663
1995-10-19,3.399127907001181
1995-10-20,3.426398852793488
1995-10-21,3.4244110056402812
1995-10-22,3.4568338863335653
1995-10-23,3.4576449261958624
1995-10-24,3.3963790137292653
1995-10-25,3.4550008283436404
1995-10-26,3.435658698894363
1995-10-27,3.4728497287580655
1995-10-28,3.4666233673679776
1995-10-29,3.467682088285713
1995-10-30,3.474934069402975
1995-10-31,3.4674455518845697
1995-11-01,3.417825689784241
1995-11-02,3.462520060364975
1995-11-03,3.4386838648674725
1995-11-04,3.4456387490796243
1995-11-05,3.4481876302460264
1995-11-06,3.426472369365719
1995-11-07,3.440407034324272
1995-11-08,3.458938141619828
1995-11-09,3.455842635182073
1995-11-10,3.443964890662788
1995-11-11,3.444447905388422
1995-11-12,3.4328047834107505
1995-11-13,3.4312831428773416
1995-11-14,3.4510180386515428
1995-11-15,3.458997649834196
1995-11-16,3.4777623044437025
1995-11-17,3.501520590345826
1995-11-18,3.51241321080488
1995-11-19,3.50047403683806
1995-11-20,3.522704729959708
1995-11-21,3.5161295578053378
1995-11-22,3.5348620883912107
1995-11-23,3.52488691228468
1995-11-24,3.529227642573649
1995-11-25,3.521209695880253
1995-11-26,3.5316956136911752
1995-11-27,3.518007813371353
1995-11-28,3.499959906129407
1995-11-29,3.491492890433165
1995-11-30,3.526551234421973
1995-12-01,3.465880053100318
1995-12-02,3.5161924295192635
1995-12-03,3.514562928058285
1995-12-04,3.5012071022493347
1995-12-05,3.482447302948396
1995-12-06,3.3355861252400256
1995-12-07,3.2745318252832885
1995-12-08,3.242837339248746
1995-12-09,3.2573045586905516
1995-12-10,3.2499956312378773
1995-12-11,3.3041244661261207
1995-12-12,3.3086517223894907
1995-12-13,3.274723598921055
1995-12-14,3.3717626482747916
1995-12-15,3.3109666932501187
1995-12-16,3.3163125085971235
1995-12-17,3.3063272560466044
1995-12-18,3.3018328109130826
1995-12-19,3.2898950820652058
1995-12-20,3.272428322934278
1995-12-21,3.2691887485101523
1995-12-22,3.279285702577802
1995-12-23,3.2697150849324252
1995-12-24,3.268401890377449
1995-12-25,3.264769241068935
1995-12-26,3.2735535873091512
1995-12-27,3.292431077022852
1995-12-28,3.2932925018706225
1995-12-29,3.321796709195304
1995-12-30,3.3149252196135848
1995-12-31,3.309036661032052
1996-01-01,3.2363144486768425
1996-01-02,3.304211799305189
1996-01-03,3.3077811258477388
1996-01-04,3.289568958278848
1996-01-05,3.289789140229517
1996-01-06,3.281519432914916
1996-01-07,3.2701188067074756
1996-01-08,3.2643613062729795
1996-01-09,3.223832704631759
1996-01-10,3.2227539883544756
1996-01-11,3.2254966732324086
1996-01-12,3.092690459831803
1996-01-13,3.0971850014710185
1996-01-14,3.1254859856466415
1996-01-15,3.1176519227093196
1996-01-16,3.1105271865683344
1996-01-17,3.1586082496798813
1996-01-18,3.1557142520515447
1996-01-19,3.08012359721367
1996-01-20,3.022933843037653
1996-01-21,3.0333689043554024
1996-01-22,3.0149049588148604
1996-01-23,3.0246048068146676
1996-01-24,3.0110219184070717
1996-01-25,2.734117718812822
1996-01-26,2.686329697906652
1996-01-27,2.6872200028622997
1996-01-28,2.6959326247367117
1996-01-29,2.659801148184947
1996-01-30,2.6851661614827025
1996-01-31,2.723074854712162
1996-02-01,2.6645527793426327
1996-02-02,2.692738446219032
1996-02-03,2.7006085513177616
1996-02-04,2.7018785276319273
1996-02-05,2.532159542909642
1996-02-06,2.530487998678067
1996-02-07,2.5226632767468464
1996-02-08,2.5084354740342825
1996-02-09,2.515297493546419
1996-02-10,2.513235623834825
1996-02-11,2.5234785787760132
1996-02-12,2.485519338382825
1996-02-13,2.4749875336351677
1996-02-14,2.453504410189302
1996-02-15,2.427074202153867
1996-02-16,2.354654625470789
1996-02-17,2.341955714378467
1996-02-18,2.357152715707853
1996-02-19,2.3677276551430393
1996-02-20,2.318762138608757
1996-02-21,2.3071979890313843
1996-02-22,2.323915927329825
1996-02-23,2.3384899954292564
1996-02-24,2.365902872943791
1996-02-25,2.364124790490512
1996-02-26,2.3512351750346436
1996-02-27,2.374060786924133
1996-02-28,2.375134203164622
1996-02-29,2.33955383404129
1996-03-01,2.3053306993068725
1996-03-02,2.3293864018993227
1996-03-03,2.3235371804178935
1996-03-04,2.3177800654825575
1996-03-05,2.230048294144917
1996-03-06,2.13888848190305
1996-03-07,2.2106766948774768
1996-03-08,2.1769566948577332
1996-03-09,2.180702216586857
1996-03-10,2.1916020593634347
1996-03-11,2.185179074764892
1996-03-12,2.1247943236041045
1996-03-13,2.0647319264346375
1996-03-14,2.1079838468513583
1996-03-15,2.0970012991291864
1996-03-16,2.103290279412006
1996-03-17,2.0928420531451324
1996-03-18,2.0804456187524027
1996-03-19,2.0699372588244738
1996-03-20,2.105697772902291
1996-03-21,2.070150670241967
1996-03-22,2.0741435093003053
1996-03-23,2.0746875057972587
1996-03-24,2.0723578286842947
1996-03-25,2.0772702997718206
1996-03-26,2.078029037641164
1996-03-27,2.0706988107475617
1996-03-28,2.1022875818792635
1996-03-29,2.103326320010102
1996-03-30,2.11134565260186
1996-03-31,2.0887840695841007
1996-04-01,2.0754735350231073
1996-04-02,2.0557152109255306
1996-04-03,2.0848310425579024
1996-04-04,2.0898905915706405
1996-04-05,2.101160760727088
1996-04-06,2.0963083282474013
1996-04-07,2.093062035400749
1996-04-08,2.114019174979939
1996-04-09,2.1232600542912867
1996-04-10,2.111295513275076
1996-04-11,2.0791731455870246
1996-04-12,2.0364433596258324
1996-04-13,2.033150928947002
1996-04-14,2.0349835404771826
1996-04-15,2.018989102859928
1996-04-16,2.0980743126466286
1996-04-17,2.1016341017337683
1996-04-18,2.0561252657775384
1996-04-19,2.0177412981461664
1996-04-20,2.0194547602753956
1996-04-21,2.0181398113167983
1996-04-22,2.0202954790604046
1996-04-23,2.055457894496872
1996-04-24,2.100351485834091
1996-04-25,2.1188411081948866
1996-04-26,2.13759238982329
1996-04-27,2.1209845497016357
1996-04-28,2.132258455441985
1996-04-29,2.1546748180630764
1996-04-30,2.1776276091891593
1996-05-01,2.1849748918988263
1996-05-02,2.195981272135148
1996-05-03,2.172041501525758
1996-05-04,2.185649759988052
1996-05-05,2.182419063753541
1996-05-06,2.1693093467358224
1996-05-07,2.170814777974648
1996-05-08,2.176837695248151
1996-05-09,2.2070129212552265
1996-05-10,2.311745755649341
1996-05-11,2.299995314960698
1996-05-12,2.3021305902829776
1996-05-13,2.3354688091145137
1996-05-14,2.400225391815492
1996-05-15,2.454061094326531
1996-05-16,2.4433229081324623
1996-05-17,2.4449022172579262
1996-05-18,2.4348685241117467
1996-05-19,2.5042199648002494
1996-05-20,2.5028516492132256
1996-05-21,2.521761199255814
1996-05-22,2.578068558061353
1996-05-23,2.3906152623508303
1996-05-24,2.427012763306174
1996-05-25,2.4265597586165195
1996-05-26,2.4353961329377425
1996-05-27,2.439318829043537
1996-05-28,2.748022395485945
1996-05-29,2.7303694228877378
1996-05-30,2.7165814583231063
1996-05-31,2.720349969236525
1996-06-01,2.6996107779567966
1996-06-02,2.7263464952461876
1996-06-03,2.8491849142154293
1996-06-04,2.826765613700439
1996-06-05,2.91272570455605
1996-06-06,2.8883525918602797
1996-06-07,2.6199755388519397
1996-06-08,2.6632310580682064
1996-06-09,2.675674755157888
1996-06-10,2.6498749245774893
1996-06-11,2.6836579056946626
1996-06-12,2.6616843818349043
1996-06-13,2.656235579344791
1996-06-14,2.670960465518965
1996-06-15,2.667599720556282
1996-06-16,2.6468442619446946
1996-06-17,2.61862567526023
1996-06-18,2.5934320105211177
1996-06-19,2.569479616774275
1996-06-20,2.649903157798173
1996-06-21,2.657231854808949
1996-06-22,2.666846586109677
1996-06-23,2.6740502301641644
1996-06-24,2.6843111059783524
1996-06-25,2.694732996309648
1996-06-26,2.6437802247338436
1996-06-27,2.6303491161080648
1996-06-28,2.6377066058335603
1996-06-29,2.6374712539622127
1996-06-30,2.6231495198989667
1996-07-01,2.622436180934793
1996-07-02,2.678951988655875
1996-07-03,2.663226783745471
1996-07-04,2.6497436316582546
1996-07-05,2.6589435508998416
1996-07-06,2.6501716296290088
1996-07-07,2.6310024329257846
1996-07-08,2.6275824718459972
1996-07-09,2.6124051892734523
1996-07-10,2.589668755641119
1996-07-11,2.6053086502919793
1996-07-12,2.5513977491080886
1996-07-13,2.558512016552677
1996-07-14,2.5589233625763512
1996-07-15,2.585040848816324
1996-07-16,2.5764534834027426
1996-07-17,2.7093554818997316
1996-07-18,2.8024882187899163
1996-07-19,2.7819468841062323
1996-07-20,2.7963027455720004
1996-07-21,2.8023742428646896
1996-07-22,2.8194318659243773
1996-07-23,2.852245119211024
1996-07-24,2.8814526437773624
1996-07-25,2.7794811062728964
1996-07-26,2.825185837824085
1996-07-27,2.833095610798139
1996-07-28,2.8332082044372315
1996-07-29,2.8764238514234215
1996-07-30,2.855183117633693
1996-07-31,2.8889826817504725
1996-08-01,2.767912281223317
1996-08-02,2.7485960238039695
1996-08-03,2.744085632711384
1996-08-04,2.739847119274759
1996-08-05,2.721046743965015
1996-08-06,2.727988659920987
1996-08-07,2.696490722983442
1996-08-08,2.699663133020196
1996-08-09,2.69675911834391
1996-08-10,2.700052180625896
1996-08-11,2.706310661608254
1996-08-12,2.7010580279309595
1996-08-13,2.786738300203095
1996-08-14,2.7992355976414367
1996-08-15,2.6980580730888435
1996-08-16,2.704014080984318
1996-08-17,2.7004225272242675
1996-08-18,2.7046775154004035
1996-08-19,2.701594317481425
1996-08-20,2.716131709898063
1996-08-21,2.668541647084581
1996-08-22,2.667554706447339
1996-08-23,2.678097573540572
1996-08-24,2.6685346714705176
1996-08-25,2.6797299873289955
1996-08-26,2.688263131787305
1996-08-27,2.7073884481639574
1996-08-28,2.707354884427188
1996-08-29,2.7976158137715865
1996-08-30,2.7778161099790832
1996-08-31,2.7741156250059364
1996-09-01,2.723894074010188
1996-09-02,2.7231611993128775
1996-09-03,2.6427911884016924
1996-09-04,2.6968923006514895
1996-09-05,2.5216402903360344
1996-09-06,2.5065269122568496
1996-09-07,2.533341727097457
1996-09-08,2.564097357619337
1996-09-09,2.5068721967228096
1996-09-10,2.5714020615206463
1996-09-11,2.599598222476855
1996-09-12,2.5342387781965874
1996-09-13,2.5503594884385707
1996-09-14,2.555142161066906
1996-09-15,2.5578039464652633
1996-09-16,2.536730109733676
1996-09-17,2.5265436878929717
1996-09-18,2.5568882013090097
1996-09-19,2.6076661996689356
1996-09-20,2.6216042068051015
1996-09-21,2.613413878495857
1996-09-22,2.6198419221030553
1996-09-23,2.633496965492997
1996-09-24,2.6383161596629954
1996-09-25,2.649587335403415
1996-09-26,2.6660833473696433
1996-09-27,2.62148774426434
1996-09-28,2.6143113331945185
1996-09-29,2.621824303442515
1996-09-30,2.622851920487687
1996-10-01,2.6317452644190533
1996-10-02,2.6446730119970745
1996-10-03,2.6470651301497408
1996-10-04,2.660280404550147
1996-10-05,2.6573124468092955
1996-10-06,2.657887998539578
1996-10-07,2.656017265421525
1996-10-08,2.6401724592942384
1996-10-09,2.6592174232885615
1996-10-10,2.660473682966164
1996-10-11,2.665255428876554
1996-10-12,2.671228201574855
1996-10-13,2.675817354451482
1996-10-14,2.642340608496734
1996-10-15,3.122972597937536
1996-10-16,2.9069963569251076
1996-10-17,2.8880248924732745
1996-10-18,2.9068996732889687
1996-10-19,2.9105392399028656
1996-10-20,2.902300856868391
1996-10-21,2.864087630595768
1996-10-22,2.8907119494151843
1996-10-23,2.8920245982049737
1996-10-24,2.9070375506925066
1996-10-25,2.9233152217420764
1996-10-26,2.9294849769873457
1996-10-27,2.934425772799498
1996-10-28,2.92931585194993
1996-10-29,2.937576107005584
1996-10-30,2.924955576886833
1996-10-31,2.9505877218931156
1996-11-01,2.8912422555200026
1996-11-02,2.962830398009631
1996-11-03,2.974335461396126
1996-11-04,2.978929627327438
1996-11-05,3.015380416499757
1996-11-06,3.0002096333784714
1996-11-07,2.9750352072029376
1996-11-08,2.9891105242252447
1996-11-09,3.006779122546534
1996-11-10,3.0084644438782733
1996-11-11,3.0147491018378534
1996-11-12,3.0121755515530184
1996-11-13,2.98891804209311
1996-11-14,3.0138305098014984
1996-11-15,3.0139123278063193
1996-11-16,3.005226482013799
1996-11-17,3.0067691845173266
1996-11-18,3.0310977470636713
1996-11-19,3.0364340066122133
1996-11-20,2.991809159961999
1996-11-21,3.012129988339546
1996-11-22,3.014028867825318
1996-11-23,3.0177389897914866
1996-11-24,3.0148308593733697
1996-11-25,2.9930385848507415
1996-11-26,2.9848971395372423
1996-11-27,2.963129798313574
1996-11-28,2.96747040393422
1996-11-29,2.972458696235321
1996-11-30,2.9695603683039247
1996-12-01,2.9163381259156216
1996-12-02,2.945717834945947
1996-12-03,2.9188356850094657
1996-12-04,2.789156476784795
1996-12-05,2.728614615583485
1996-12-06,2.6760064204432874
1996-12-07,2.698742202877649
1996-12-08,2.738371500987543
1996-12-09,2.7243875160146453
1996-12-10,2.7288450995668354
1996-12-11,2.7727739358444135
1996-12-12,2.7733914392150236
1996-12-13,2.755537425978213
1996-12-14,2.7586766345256883
1996-12-15,2.7421775337890657
1996-12-16,2.7378984978790264
1996-12-17,2.724625086109999
1996-12-18,2.6956209034549157
1996-12-19,2.700637378934762
1996-12-20,2.703685555185098
1996-12-21,2.699752976230358
1996-12-22,2.6940096957727024
1996-12-23,2.699146685706844
1996-12-24,2.6946281322066037
1996-12-25,2.7193654165622645
1996-12-26,2.738761495327817
1996-12-27,2.7524219102223713
1996-12-28,2.7510011619803847
1996-12-29,2.7518560609391
1996-12-30,2.744106447767993
1996-12-31,2.7134864500220917
1997-01-01,2.663827982572681
1997-01-02,2.7229778049463365
1997-01-03,2.72981213552087
1997-01-04,2.734599505312075
1997-01-05,2.739596691695218
1997-01-06,2.748250411408455
1997-01-07,2.7276186107992126
1997-01-08,2.7776215006807723
1997-01-09,2.7786662605430603
1997-01-10,2.7717358248484496
1997-01-11,2.7711796991126656
1997-01-12,2.758058795716752
1997-01-13,2.7634023364325975
1997-01-14,2.7768860494627776
1997-01-15,2.9252288995377067
1997-01-16,2.894308557936645
1997-01-17,2.898054264440962
1997-01-18,2.896946614343083
1997-01-19,2.8861592233764943
1997-01-20,2.8967058930623413
1997-01-21,2.8370204187571257
1997-01-22,2.9605524431544596
1997-01-23,2.9406971406074542
1997-01-24,2.9579105077526786
1997-01-25,2.9557639112530136
1997-01-26,2.9649323632045
1997-01-27,3.1122157499173264
1997-01-28,3.1111625876285514
1997-01-29,3.1320753693274423
1997-01-30,3.126593055413747
1997-01-31,3.1377428424004847
1997-02-01,3.0759684162921195
1997-02-02,3.1495003112518427
1997-02-03,3.132329041951773
1997-02-04,3.176956544049296
1997-02-05,3.17833154833959
1997-02-06,3.192395037580698
1997-02-07,3.1831863426459224
1997-02-08,3.1870109901302124
1997-02-09,3.1861692731116427
1997-02-10,3.198039835628819
1997-02-11,3.1607814289804206
1997-02-12,3.1995088566643854
1997-02-13,3.2361951889216867
1997-02-14,3.281279631586312
1997-02-15,3.274954798687466
1997-02-16,3.306750860867634
1997-02-17,3.30746720309222
1997-02-18,3.373386443043529
1997-02-19,3.3856011640145804
1997-02-20,3.287108521364698
1997-02-21,3.3062880897723295
1997-02-22,3.3155244149236607
1997-02-23,3.2748340594470724
1997-02-24,3.2535447661703287
1997-02-25,3.3038253489800367
1997-02-26,3.287171278190137
1997-02-27,3.289749525369877
1997-02-28,3.265252146198357
1997-03-01,3.2257226451836933
1997-03-02,3.265809797204646
1997-03-03,3.1896470349613364
1997-03-04,3.1239432294222658
1997-03-05,3.24821050302251
1997-03-06,3.206248507766624
1997-03-07,3.241895508586792
1997-03-08,3.286324009652688
1997-03-09,3.2884118531730913
1997-03-10,3.2419150669228483
1997-03-11,3.277196397117009
1997-03-12,3.259700243576825
1997-03-13,3.252357577920822
1997-03-14,3.2219484075893723
1997-03-15,3.2287135636020867
1997-03-16,3.227753160336989
1997-03-17,3.229527315652113
1997-03-18,3.2798431366937555
1997-03-19,3.2781337370203563
1997-03-20,3.2809307427085126
1997-03-21,3.3072748142083395
1997-03-22,3.300213355339786
1997-03-23,3.2850565840110417
1997-03-24,3.290411348886082
1997-03-25,3.2614454571092413
1997-03-26,3.256879619358049
1997-03-27,3.2736862718387014
1997-03-28,3.276545959005719
1997-03-29,3.2941103282641766
1997-03-30,3.276905260440478
1997-03-31,3.2813826547855847
1997-04-01,3.247129543851445
1997-04-02,3.3119223602679053
1997-04-03,3.3149596742415586
1997-04-04,3.2765027603774177
1997-04-05,3.2786476538494953
1997-04-06,3.275534105982949
1997-04-07,3.2885098791316176
1997-04-08,3.341123981154633
1997-04-09,3.335816441924699
1997-04-10,3.319808666600978
1997-04-11,3.3011981826690526
1997-04-12,3.300927976615898
1997-04-13,3.292129532391203
1997-04-14,3.296637579366501
1997-04-15,3.315587177332702
1997-04-16,3.3332706709974165
1997-04-17,3.304196279453211
1997-04-18,3.2783822508705818
1997-04-19,3.259365705888447
1997-04-20,3.2567203620974716
1997-04-21,3.300980414906481
1997-04-22,3.3709978916193313
1997-04-23,3.3542999809737157
1997-04-24,3.3655775825103538
1997-04-25,3.379054681761483
1997-04-26,3.371696112895195
1997-04-27,3.400367386309743
1997-04-28,3.4608340291377155
1997-04-29,3.484014596341094
1997-04-30,3.437845797451871
1997-05-01,3.3699031991877755
1997-05-02,3.4056048907042027
1997-05-03,3.3927028152003116
1997-05-04,3.3948047371182852
1997-05-05,3.3769644159822563
1997-05-06,3.360304361239326
1997-05-07,3.345145615898703
1997-05-08,3.3313784168541343
1997-05-09,3.3055354483097172
1997-05-10,3.3080665420557382
1997-05-11,3.303119194267629
1997-05-12,3.3166720655692083
1997-05-13,3.2850218776835876
1997-05-14,3.377698468032611
1997-05-15,3.292631382703884
1997-05-16,3.251331130994429
1997-05-17,3.268184907180899
1997-05-18,3.2298730248183514
1997-05-19,3.2005672634926308
1997-05-20,3.151494150371732
1997-05-21,3.276399735707477
1997-05-22,3.267957817475077
1997-05-23,3.2640301245649237
1997-05-24,3.2726146554046203
1997-05-25,3.277747239007576
1997-05-26,3.2789651179046686
1997-05-27,3.319186955191157
1997-05-28,3.3372998771167675
1997-05-29,3.3242870315494493
1997-05-30,3.3238839986757407
1997-05-31,3.3360220484887533
1997-06-01,3.2584472420472403
1997-06-02,3.3039284812411003
1997-06-03,3.313224149803264
1997-06-04,3.3450494215806614
1997-06-05,3.363736325461971
1997-06-06,3.4004731106406796
1997-06-07,3.4360935887398316
1997-06-08,3.439919962413434
1997-06-09,3.3975665557456436
1997-06-10,3.389501497972485
1997-06-11,3.405809579898354
1997-06-12,3.6118143988992193
1997-06-13,3.6045983258514394
1997-06-14,3.6026180736704756
1997-06-15,3.599132586236087
1997-06-16,3.594979478425696
1997-06-17,3.612404595933092
1997-06-18,3.639826401166175
1997-06-19,3.6594073338625295
1997-06-20,3.6613737617015207
1997-06-21,3.6542090835387846
1997-06-22,3.641049288010739
1997-06-23,3.594258224109982
1997-06-24,3.6380317022952218
1997-06-25,3.6493968956973086
1997-06-26,3.618655249277837
1997-06-27,3.596966141908101
1997-06-28,3.5933747031241436
1997-06-29,3.587662351836342
1997-06-30,3.5940751660376495
1997-07-01,3.5409279968029463
1997-07-02,3.56680355406936
1997-07-03,3.5873911018742937
1997-07-04,3.5999368277671233
1997-07-05,3.597438337850095
1997-07-06,3.596398209691825
1997-07-07,3.6081195391580176
1997-07-08,3.6050687512211943
1997-07-09,3.5983354610500218
1997-07-10,3.606609432938951
1997-07-11,3.5590805933990453
1997-07-12,3.547805813799962
1997-07-13,3.547119207596296
1997-07-14,3.566237822068975
1997-07-15,3.542907827260626
1997-07-16,3.6402769976050897
1997-07-17,3.7439897023645488
1997-07-18,3.767295257737656
1997-07-19,3.7495431139080257
1997-07-20,3.745319932230836
1997-07-21,3.7174272191033393
1997-07-22,3.759243458741176
1997-07-23,3.73215201436387
1997-07-24,3.764067259839923
1997-07-25,3.750400820870236
1997-07-26,3.743189314224343
1997-07-27,3.740502888998537
1997-07-28,3.749323082729183
1997-07-29,3.750079224563909
1997-07-30,3.7536373682309545
1997-07-31,3.723439233295821
1997-08-01,3.6832022706458583
1997-08-02,3.720918694907592
1997-08-03,3.7220675964128977
1997-08-04,3.748728269492106
1997-08-05,3.755670528927696
1997-08-06,3.761888949208473
1997-08-07,3.771449867102586
1997-08-08,3.7809661942690704
1997-08-09,3.790668372465003
1997-08-10,3.773166870565243
1997-08-11,3.7975352289698794
1997-08-12,3.761224278519958
1997-08-13,3.7143630387788766
1997-08-14,3.7052344155306054
1997-08-15,3.765063785045026
1997-08-16,3.768263541362624
1997-08-17,3.7827111412392744
1997-08-18,3.783143971436095
1997-08-19,3.7824703540079696
1997-08-20,3.7796050123384184
1997-08-21,3.764429947893449
1997-08-22,3.7293236535656913
1997-08-23,3.7264774348170793
1997-08-24,3.726145073466941
1997-08-25,3.7178021058494064
1997-08-26,3.711079249401743
1997-08-27,3.710533081834378
1997-08-28,3.7233808458745496
1997-08-29,3.725320850533003
1997-08-30,3.72163802012329
1997-08-31,3.716084618132763
1997-09-01,3.6546175895462
1997-09-02,3.663193540963732
1997-09-03,3.641804297187304
1997-09-04,3.6516610238556666
1997-09-05,3.6566742887980337
1997-09-06,3.6723312283908647
1997-09-07,3.681364569233175
1997-09-08,3.6098335419431833
1997-09-09,3.5869279982338567
1997-09-10,3.513023072645214
1997-09-11,3.537785264394749
1997-09-12,3.531771565301508
1997-09-13,3.5342232684224975
1997-09-14,3.5284223462030644
1997-09-15,3.532920706060012
1997-09-16,3.504753645512094
1997-09-17,3.5080912636541894
1997-09-18,3.5284864831962164
1997-09-19,3.536002745379414
1997-09-20,3.526326292303926
1997-09-21,3.534011013722267
1997-09-22,3.535177475809075
1997-09-23,3.4941062070808315
1997-09-24,3.502110192272247
1997-09-25,3.4801907976654696
1997-09-26,3.396164071412221
1997-09-27,3.408931548517194
1997-09-28,3.4086356097627983
1997-09-29,3.4383101067127413
1997-09-30,3.4125451570666874
1997-10-01,3.3568268724435955
1997-10-02,3.4318777050139753
1997-10-03,3.4323586396275676
1997-10-04,3.4354356263775774
1997-10-05,3.4412642395769777
1997-10-06,3.468216431837483
1997-10-07,3.4586981194272575
1997-10-08,3.487435128331541
1997-10-09,3.6514341678097866
1997-10-10,3.606423399516776
1997-10-11,3.600934611868385
1997-10-12,3.595691189780409
1997-10-13,3.5905400009179886
1997-10-14,3.3035605053606485
1997-10-15,3.3514053176312633
1997-10-16,3.4133701633040925
1997-10-17,3.388290440881873
1997-10-18,3.379179831451161
1997-10-19,3.4493770288438332
1997-10-20,3.474524168539623
1997-10-21,3.507643703392381
1997-10-22,3.508593312451416
1997-10-23,3.5146118225146665
1997-10-24,3.464999005078261
1997-10-25,3.461940401354605
1997-10-26,3.4626532020780845
1997-10-27,3.4764669610396393
1997-10-28,3.495174702891497
1997-10-29,3.449487776950338
1997-10-30,3.4708604803366754
1997-10-31,3.468491106711194
1997-11-01,3.3979472512210007
1997-11-02,3.4630470751066453
1997-11-03,3.441725067540822
1997-11-04,3.49009625349719
1997-11-05,3.528925280698772
1997-11-06,3.5199108015887006
1997-11-07,3.522787012011511
1997-11-08,3.5702724594817266
1997-11-09,3.5818090025923013
1997-11-10,3.61439663809194
1997-11-11,3.5087437609936876
1997-11-12,3.434322124281672
1997-11-13,3.4462458848131954
1997-11-14,3.461473164662065
1997-11-15,3.472944454771353
1997-11-16,3.514544814834885
1997-11-17,3.4971424556998354
1997-11-18,3.526452266800703
1997-11-19,3.5253936845488827
1997-11-20,3.540768572554682
1997-11-21,3.5407822807645237
1997-11-22,3.5376432669528164
1997-11-23,3.5360553669122816
1997-11-24,3.552793373104559
1997-11-25,3.561746649483122
1997-11-26,3.5612886393707655
1997-11-27,3.5637265412997685
1997-11-28,3.5833333408467034
1997-11-29,3.5771592332133855
1997-11-30,3.5676625829662236
1997-12-01,3.4345604210166782
1997-12-02,3.4424535651318813
1997-12-03,3.317615215869046
1997-12-04,3.25230611449493
1997-12-05,3.2892996126077465
1997-12-06,3.2973976902432307
1997-12-07,3.284369738966858
1997-12-08,3.315845916822054
1997-12-09,3.2909553186942295
1997-12-10,3.286150798606477
1997-12-11,3.2736560440957554
1997-12-12,3.2518713849944643
1997-12-13,3.2491409009500174
1997-12-14,3.2527018386675493
1997-12-15,3.1950964304550515
1997-12-16,3.202575717719048
1997-12-17,3.202303051582488
1997-12-18,3.2066147165365755
1997-12-19,3.257435149227961
1997-12-20,3.258807869897264
1997-12-21,3.241837485244898
1997-12-22,3.2247139069141673
1997-12-23,3.1976051924309337
1997-12-24,3.2106826600543164
1997-12-25,3.2119291834070296
1997-12-26,3.208435229694929
1997-12-27,3.208176916404166
1997-12-28,3.2160775836476416
1997-12-29,3.226341751451203
1997-12-30,3.220689653748167
1997-12-31,3.242810272669171
1998-01-01,3.266126058951822
1998-01-02,3.3035157110776723
1998-01-03,3.3001079975502554
1998-01-04,3.2960423593996193
1998-01-05,3.2971275905157302
1998-01-06,3.2938364772326754
1998-01-07,3.2952740572355976
1998-01-08,3.3328378811079062
1998-01-09,3.304286604587648
1998-01-10,3.303076006815351
1998-01-11,3.3081359579457974
1998-01-12,3.2797564631007257
1998-01-13,3.2663232428626188
1998-01-14,3.264759896425941
1998-01-15,3.1750905659101365
1998-01-16,3.2988155790062943
1998-01-17,3.2826718763376355
1998-01-18,3.2904056520362253
1998-01-19,3.295442304617578
1998-01-20,3.217728121266608
1998-01-21,3.3096314457119496
1998-01-22,3.2429918718875297
1998-01-23,3.23804744478347
1998-01-24,3.24805453074472
1998-01-25,3.2449993603886726
1998-01-26,3.242103305285478
1998-01-27,3.244961907252308
1998-01-28,3.1456820669687566
1998-01-29,3.144104570951093
1998-01-30,3.16729711126883
1998-01-31,3.1647394614529123
1998-02-01,3.117994377093367
1998-02-02,3.158806696203704
1998-02-03,3.198046646192135
1998-02-04,3.131620994475308
1998-02-05,3.140467265803939
1998-02-06,3.119585155776354
1998-02-07,3.104802182303744
1998-02-08,3.1346025692754766
1998-02-09,3.1192142234393443
1998-02-10,3.203921158615424
1998-02-11,3.2057487173333037
1998-02-12,3.2553067691665727
1998-02-13,3.19373082189884
1998-02-14,3.212987928058835
1998-02-15,3.189519394452575
1998-02-16,3.153144494333038
1998-02-17,3.12089317115507
1998-02-18,3.013602852375095
1998-02-19,3.0075268824878174
1998-02-20,2.985653869081933
1998-02-21,2.9871538443322683
1998-02-22,2.9888084446514016
1998-02-23,3.0009595176208275
1998-02-24,2.9796192706053892
1998-02-25,2.9588182728280525
1998-02-26,3.0203532301019793
1998-02-27,3.0153112419945884
1998-02-28,3.0080382776962793
1998-03-01,2.9620970653195364
1998-03-02,3.0118056047734303
1998-03-03,3.0166143225439175
1998-03-04,3.154015968519408
1998-03-05,3.1230175711453176
1998-03-06,3.11144101762023
1998-03-07,3.1031250045412633
1998-03-08,3.100669356876164
1998-03-09,3.117372847526096
1998-03-10,3.076477820269499
1998-03-11,3.0634651156078316
1998-03-12,3.015212144183548
1998-03-13,3.002827560703905
1998-03-14,3.012930002400344
1998-03-15,3.017806593820381
1998-03-16,2.9995823525851852
1998-03-17,2.9933598701409316
1998-03-18,2.9762526594753864
1998-03-19,2.9608799067088953
1998-03-20,2.983134230400899
1998-03-21,2.9839960126464375
1998-03-22,2.988022615336434
1998-03-23,2.980326081727073
1998-03-24,2.9620106094344876
1998-03-25,2.962635117378661
1998-03-26,2.952143061642657
1998-03-27,2.955513062126188
1998-03-28,2.9544409935921125
1998-03-29,2.957466625257605
1998-03-30,2.967437669825518
1998-03-31,2.9416801189285833
1998-04-01,2.9189592191908096
1998-04-02,2.9606739676698264
1998-04-03,2.9499994417440853
1998-04-04,2.93339245311484
1998-04-05,2.937007959301958
1998-04-06,2.9274537979433233
1998-04-07,2.8814028554095295
1998-04-08,2.90789462116561
1998-04-09,2.919478380200602
1998-04-10,2.922167270418109
1998-04-11,2.925215228408712
1998-04-12,2.9304487164173647
1998-04-13,2.9574538144925033
1998-04-14,2.952489017992664
1998-04-15,2.8954823197536577
1998-04-16,3.65064233197487
1998-04-17,3.7367962610072425
1998-04-18,3.736240079107941
1998-04-19,3.7315306603319063
1998-04-20,3.716959108414816
1998-04-21,3.6929014444652326
1998-04-22,3.687349919128717
1998-04-23,3.5632871016891556
1998-04-24,3.612621374534644
1998-04-25,3.6121719888498105
1998-04-26,3.613281268237256
1998-04-27,3.5627836670096977
1998-04-28,3.5187649258159013
1998-04-29,3.4345434150292773
1998-04-30,3.406724132741488
1998-05-01,3.3687993277563937
1998-05-02,3.415958616806104
1998-05-03,3.4229599658754495
1998-05-04,3.435013438264076
1998-05-05,3.300576076541753
1998-05-06,3.3392063390336046
1998-05-07,3.3299187231212675
1998-05-08,3.332155121301812
1998-05-09,3.3213123999834897
1998-05-10,3.317615363189947
1998-05-11,3.365542235425228
1998-05-12,3.3481506066775717
1998-05-13,3.3675270866015015
1998-05-14,3.3663821626309938
1998-05-15,3.2918602757951834
1998-05-16,3.305936353626998
1998-05-17,3.2909321827722513
1998-05-18,3.3088584614919183
1998-05-19,3.298550010414238
1998-05-20,3.2669096399308266
1998-05-21,3.292258771148006
1998-05-22,3.3098640597534397
1998-05-23,3.314669673129197
1998-05-24,3.313129020336776
1998-05-25,3.3079388012075777
1998-05-26,3.3370943125366015
1998-05-27,3.316605866243763
1998-05-28,3.245744798791518
1998-05-29,3.260031296583283
1998-05-30,3.2551370551955356
1998-05-31,3.24576935379202
1998-06-01,3.2037832754016256
1998-06-02,3.213687327637889
1998-06-03,3.1350351574716946
1998-06-04,3.2162329745401177
1998-06-05,3.2042714114382305
1998-06-06,3.2091114759595554
1998-06-07,3.1961365227732665
1998-06-08,3.2673075299779195
1998-06-09,3.2534367536982653
1998-06-10,3.2432964852580426
1998-06-11,3.2888259569791596
1998-06-12,3.3082847338283345
1998-06-13,3.3131658186130113
1998-06-14,3.3049666941393863
1998-06-15,3.311993080006783
1998-06-16,3.276555548383798
1998-06-17,3.2085672991480085
1998-06-18,3.185509022239673
1998-06-19,3.1820904191425012
1998-06-20,3.1832603504292925
1998-06-21,3.188361343107423
1998-06-22,3.2647553140791037
1998-06-23,3.239006813370737
1998-06-24,3.27694257681721
1998-06-25,3.271612643371296
1998-06-26,3.287866262534915
1998-06-27,3.2843341556947445
1998-06-28,3.306349299055288
1998-06-29,3.296080837400323
1998-06-30,3.261709227492474
1998-07-01,3.202766783136755
1998-07-02,3.209696816385086
1998-07-03,3.205804747838376
1998-07-04,3.2054915695315067
1998-07-05,3.2077082639364134
1998-07-06,3.2104631306842
1998-07-07,3.1797173578881255
1998-07-08,3.1741717825222757
1998-07-09,3.2483628990111706
1998-07-10,3.2397934023457697
1998-07-11,3.246492629402839
1998-07-12,3.245895771327553
1998-07-13,3.254961102381966
1998-07-14,3.1490636883198726
1998-07-15,3.0323551168994145
1998-07-16,2.3592750389236303
1998-07-17,2.3636957397386347
1998-07-18,2.3611893636141668
1998-07-19,2.355351714031971
1998-07-20,2.4270848318821043
1998-07-21,2.4663677131596375
1998-07-22,2.521998521615462
1998-07-23,2.5129007137272916
1998-07-24,2.500532344740468
1998-07-25,2.500168753189726
1998-07-26,2.530719772792754
1998-07-27,2.559292707732226
1998-07-28,2.588555153251351
1998-07-29,2.5922188754767057
1998-07-30,2.6559787307968508
1998-07-31,2.6482488048231794
1998-08-01,2.6228461977706816
1998-08-02,2.644850950662268
1998-08-03,2.6219059133919185
1998-08-04,2.9117098200417724
1998-08-05,2.903112650742173
1998-08-06,2.946663293893957
1998-08-07,2.949650126943874
1998-08-08,2.956894117572499
1998-08-09,2.9632262901258155
1998-08-10,2.953450706976499
1998-08-11,3.002121311880024
1998-08-12,3.0274353096507007
1998-08-13,2.9487589820357583
1998-08-14,2.9397669494752865
1998-08-15,2.946257305543115
1998-08-16,2.9528169218373415
1998-08-17,2.991821651251197
1998-08-18,3.0810519802114253
1998-08-19,3.08109185376685
1998-08-20,3.1080652704195915
1998-08-21,3.1046211726087907
1998-08-22,3.107119852832481
1998-08-23,3.1154899384521437
1998-08-24,3.107729957130207
1998-08-25,3.083026489214654
1998-08-26,3.0726651291152107
1998-08-27,3.069200158181797
1998-08-28,3.0920615812890464
1998-08-29,3.0831915591838808
1998-08-30,3.0841208108963776
1998-08-31,3.0688564474540883
1998-09-01,2.9952781715018153
1998-09-02,3.0006438525536314
1998-09-03,2.9689114346974774
1998-09-04,2.966787594269082
1998-09-05,2.977506435334682
1998-09-06,2.9796007061715986
1998-09-07,2.9244309562126265
1998-09-08,2.9079751413087287
1998-09-09,2.966240381704979
1998-09-10,2.9377235376281807
1998-09-11,2.9352586891790735
1998-09-12,2.9412284092612486
1998-09-13,2.922573040875892
1998-09-14,2.8801185645450573
1998-09-15,2.8780326431051084
1998-09-16,2.9442368022675325
1998-09-17,2.9465090312743287
1998-09-18,2.9364727336314815
1998-09-19,2.9331022841192897
1998-09-20,2.932817776586462
1998-09-21,2.9489085194388776
1998-09-22,2.929998210218293
1998-09-23,2.949779727567045
1998-09-24,2.95333340064997
1998-09-25,2.999801449326684
1998-09-26,2.9967750839932625
1998-09-27,2.9989319039630953
1998-09-28,3.0190131957730264
1998-09-29,2.9925492129589784
1998-09-30,2.9658783180471735
1998-10-01,2.972564919394033
1998-10-02,3.0565305784645203
1998-10-03,3.0436028864839804
1998-10-04,3.0381137367065243
1998-10-05,3.0542611580871526
1998-10-06,3.074934750295154
1998-10-07,2.9643010565874364
1998-10-08,2.9707394589333873
1998-10-09,2.972278654913383
1998-10-10,2.972057832920048
1998-10-11,2.9725150973580745
1998-10-12,2.955435640991828
1998-10-13,3.0417970434676613
1998-10-14,2.9615236098051554
1998-10-15,2.930013185423774
1998-10-16,3.0342252867727497
1998-10-17,3.014950890103405
1998-10-18,3.0080215889854713
1998-10-19,2.9631410622767937
1998-10-20,3.042427679926656
1998-10-21,3.0321851979098855
1998-10-22,3.066361824386819
1998-10-23,2.969878744692426
1998-10-24,2.9329735180301086
1998-10-25,2.9312901869967867
1998-10-26,2.8623808847061873
1998-10-27,2.9183543906574423
1998-10-28,2.9260527689937676
1998-10-29,2.866382828450906
1998-10-30,2.8502792005895454
1998-10-31,2.8567025207644177
1998-11-01,2.8058165158944903
1998-11-02,2.8069788445198824
1998-11-03,2.7787073495695735
1998-11-04,2.7808629107967135
1998-11-05,2.7780637007891777
1998-11-06,2.7299208653228737
1998-11-07,2.735553820043372
1998-11-08,2.743819300213786
1998-11-09,2.7747941160374308
1998-11-10,2.7301411610641995
1998-11-11,2.723494051055323
1998-11-12,2.7196289069517823
1998-11-13,2.7222055486832453
1998-11-14,2.725496859937304
1998-11-15,2.6964389535540665
1998-11-16,2.63247608696044
1998-11-17,2.520310954033687
1998-11-18,2.5241145135033505
1998-11-19,2.52792462500861
1998-11-20,2.5361283864143247
1998-11-21,2.53294406530344
1998-11-22,2.53177266285687
1998-11-23,2.533143088080971
1998-11-24,2.522573550094293
1998-11-25,2.5419175376635685
1998-11-26,2.476534590047169
1998-11-27,2.51982602756253
1998-11-28,2.520541176031176
1998-11-29,2.521984324698937
1998-11-30,2.501331595236822
1998-12-01,2.4555548887924155
1998-12-02,2.3449485525806413
1998-12-03,2.2112135885684316
1998-12-04,2.209737112427786
1998-12-05,2.224460417196372
1998-12-06,2.2395907790954883
1998-12-07,2.2569442276689777
1998-12-08,2.2099784972412686
1998-12-09,2.2575727129697434
1998-12-10,2.177129093260757
1998-12-11,2.178247149699595
1998-12-12,2.2052352937646766
1998-12-13,2.225826059814083
1998-12-14,2.173252171593482
1998-12-15,2.169635370529868
1998-12-16,2.1675503081117076
1998-12-17,2.217039659490408
1998-12-18,2.184460939713896
1998-12-19,2.181325644543558
1998-12-20,2.174372564995516
1998-12-21,2.14635948792317
1998-12-22,2.1464428919168994
1998-12-23,2.184814426792233
1998-12-24,2.2126785947319645
1998-12-25,2.2178486336458434
1998-12-26,2.2082367496974293
1998-12-27,2.2180979604854887
1998-12-28,2.20631292200817
1998-12-29,2.1958823442669035
1998-12-30,2.203415588787517
1998-12-31,2.21632953908162
1999-01-01,2.203804158856004
1999-01-02,2.2115553204578986
1999-01-03,2.217512871134437
1999-01-04,2.2322316030226936
1999-01-05,2.233778559062215
1999-01-06,2.2173827684173597
1999-01-07,2.235653206431936
1999-01-08,2.2908629974352275
1999-01-09,2.2875123104569073
1999-01-10,2.280941481765445
1999-01-11,2.288124083155327
1999-01-12,2.295342712008677
1999-01-13,2.3179154086464253
1999-01-14,2.31489356339464
1999-01-15,2.315136819096466
1999-01-16,2.31861203954565
1999-01-17,2.3185492672009653
1999-01-18,2.3174374128545483
1999-01-19,2.3355838421642012
1999-01-20,2.3795802210441104
1999-01-21,2.492346432510291
1999-01-22,2.336399431711414
1999-01-23,2.350333193445223
1999-01-24,2.3617718227600673
1999-01-25,2.407812424643609
1999-01-26,2.2706745054795348
1999-01-27,2.244931215405554
1999-01-28,2.2611508919986636
1999-01-29,2.268385122034044
1999-01-30,2.2694353838663
1999-01-31,2.2621912534520563
1999-02-01,2.192414632151507
1999-02-02,2.1995298638494525
1999-02-03,2.2156884625711646
1999-02-04,2.1791810583409736
1999-02-05,2.179859293360943
1999-02-06,2.178902738860352
1999-02-07,2.1873440129811814
1999-02-08,2.2323484154470306
1999-02-09,2.230936722153281
1999-02-10,2.22932591508863
1999-02-11,2.295268870290128
1999-02-12,2.295590856651235
1999-02-13,2.2943906109697334
1999-02-14,2.296146857031411
1999-02-15,2.2873460311654052
1999-02-16,2.317364366596297
1999-02-17,2.217095235107048
1999-02-18,2.2462070813418795
1999-02-19,2.2529852061622213
1999-02-20,2.2632442763903415
1999-02-21,2.265837381073452
1999-02-22,2.1234676516437587
1999-02-23,2.1521360892266683
1999-02-24,2.130656430608036
1999-02-25,2.0912907823802316
1999-02-26,2.086166031395893
1999-02-27,2.0830701865515255
1999-02-28,2.0820587343960217
1999-03-01,2.069437074911721
1999-03-02,2.071722000220372
1999-03-03,2.1100800795026236
1999-03-04,2.0627649616765824
1999-03-05,2.0307619464105713
1999-03-06,2.03764248753166
1999-03-07,2.0183958102328563
1999-03-08,1.9423085060505063
1999-03-09,1.9609897664673073
1999-03-10,2.045952919926248
1999-03-11,2.02852917760699
1999-03-12,2.0782678883369012
1999-03-13,2.0850631567008517
1999-03-14,2.0944144940743032
1999-03-15,2.110448645737654
1999-03-16,2.061630946798279
1999-03-17,2.048728954612773
1999-03-18,2.0213781276983616
1999-03-19,2.008974390551077
1999-03-20,2.0110358174754235
1999-03-21,2.00399580686856
1999-03-22,2.044350873444639
1999-03-23,2.03223224042749
1999-03-24,2.0250444043985465
1999-03-25,2.032604149818461
1999-03-26,2.021098048970083
1999-03-27,2.0131005052394397
1999-03-28,2.0094720845246004
1999-03-29,1.9539579978338528
1999-03-30,1.975034115389564
1999-03-31,2.0106295727715935
1999-04-01,1.9944926760979815
1999-04-02,1.9848711380668949
1999-04-03,1.984371930965676
1999-04-04,1.9783583153775677
1999-04-05,1.940888977777093
1999-04-06,1.9501574864770717
1999-04-07,1.9802613728980365
1999-04-08,1.9759698082906911
1999-04-09,1.9904589475694656
1999-04-10,1.9899908969419835
1999-04-11,1.984416684117159
1999-04-12,1.9758994531601657
1999-04-13,2.002809053631657
1999-04-14,2.0394081203446137
1999-04-15,1.6995219552891396
1999-04-16,1.7387882202298484
1999-04-17,1.7243359961384137
1999-04-18,1.7185030967564303
1999-04-19,1.725788811879916
1999-04-20,1.742431197079389
1999-04-21,1.838160883336448
1999-04-22,1.7682479990293882
1999-04-23,1.786802854844707
1999-04-24,1.7748082157828535
1999-04-25,1.7553712501621712
1999-04-26,1.8669023915318397
1999-04-27,1.7493190410454638
1999-04-28,1.78495326389819
1999-04-29,1.7783247116526462
1999-04-30,1.7874013550796517
1999-05-01,1.7787311003031028
1999-05-02,1.7817866763060584
1999-05-03,1.774860764141867
1999-05-04,1.8003317811865147
1999-05-05,1.7994668978690918
1999-05-06,1.8956134651042844
1999-05-07,1.886158820781398
1999-05-08,1.9423811533628943
1999-05-09,1.940179984697356
1999-05-10,1.9474869336877063
1999-05-11,2.006654373043697
1999-05-12,1.9424988048524392
1999-05-13,1.9265138570068787
1999-05-14,1.9108547423747864
1999-05-15,1.902525425691156
1999-05-16,1.9334676248174687
1999-05-17,2.0237888005991884
1999-05-18,2.0387699018403693
1999-05-19,2.044215151948874
1999-05-20,2.03061698901069
1999-05-21,2.042220943162931
1999-05-22,2.040708364053141
1999-05-23,2.0619016668586596
1999-05-24,2.1317726029177413
1999-05-25,2.1219435818407675
1999-05-26,2.1127012357926196
1999-05-27,2.115693597302053
1999-05-28,2.110361324168928
1999-05-29,2.100294270127399
1999-05-30,2.096540264573393
1999-05-31,2.1204896168608265
1999-06-01,2.101922370071295
1999-06-02,2.092462731363381
1999-06-03,2.1110833439628927
1999-06-04,2.1023562272052887
1999-06-05,2.10348000938947
1999-06-06,2.0954940603740546
1999-06-07,2.0808376606238164
1999-06-08,2.240117567132165
1999-06-09,2.1164716744618497
1999-06-10,2.15831687535297
1999-06-11,2.113176620496353
1999-06-12,2.1166369131806992
1999-06-13,2.104019081450019
1999-06-14,2.113330348370127
1999-06-15,2.186220123092933
1999-06-16,2.2838546612009405
1999-06-17,2.304879447541782
1999-06-18,2.2567243976559586
1999-06-19,2.254326788992109
1999-06-20,2.2540132648526
1999-06-21,2.247814166234179
1999-06-22,2.333661886451874
1999-06-23,2.357475018460442
1999-06-24,2.3493849306767864
1999-06-25,2.3642849915166773
1999-06-26,2.363444892834736
1999-06-27,2.3600894027728163
1999-06-28,2.3432356685757596
1999-06-29,2.252092236836263
1999-06-30,2.2646609966096114
1999-07-01,2.221904415376802
1999-07-02,2.295176947319734
1999-07-03,2.2980472437421966
1999-07-04,2.295500315571568
1999-07-05,2.3182194172637742
1999-07-06,2.302030515527865
1999-07-07,2.3156773878227517
1999-07-08,2.374101002241066
1999-07-09,2.4083673249708895
1999-07-10,2.380637327615558
1999-07-11,2.3801653699419663
1999-07-12,2.3914533827013305
1999-07-13,2.414613793742424
1999-07-14,2.790019542130344
1999-07-15,2.837676517986152
1999-07-16,2.818996499068522
1999-07-17,2.82727332105873
1999-07-18,2.822996408931454
1999-07-19,2.867193529529556
1999-07-20,2.9251549991434316
1999-07-21,3.0823262210525604
1999-07-22,3.0366951445577053
1999-07-23,3.1068553943155273
1999-07-24,3.106119639790563
1999-07-25,3.1094464348266406
1999-07-26,3.0886104356129875
1999-07-27,3.023559955849947
1999-07-28,3.027530073271568
1999-07-29,2.8197110353930164
1999-07-30,2.826045691503166
1999-07-31,2.824415974604903
1999-08-01,2.8042935763572623
1999-08-02,2.715522566775409
1999-08-03,2.7331897717086697
1999-08-04,2.694562209340604
1999-08-05,2.672672501492512
1999-08-06,2.673542880612227
1999-08-07,2.673831758830824
1999-08-08,2.7118626260097822
1999-08-09,2.803294166542161
1999-08-10,2.9463121770556464
1999-08-11,2.973512064544269
1999-08-12,2.9839958823981316
1999-08-13,3.0004518496273453
1999-08-14,3.006208501713396
1999-08-15,2.9866249382833647
1999-08-16,2.8766099747288543
1999-08-17,2.8207768192865625
1999-08-18,2.8345754905256424
1999-08-19,2.8298323292964405
1999-08-20,2.839689175859233
1999-08-21,2.8442782063169476
1999-08-22,2.856419823408793
1999-08-23,2.865588089087084
1999-08-24,2.868201101210694
1999-08-25,2.887898358911947
1999-08-26,2.830725768912012
1999-08-27,2.832222471770979
1999-08-28,2.839876364251563
1999-08-29,2.8395892224932435
1999-08-30,2.8257485334775727
1999-08-31,2.813159462486026
1999-09-01,2.5649326357622586
1999-09-02,1.766106849199223
1999-09-03,1.6907300167934778
1999-09-04,1.7477908074184576
1999-09-05,1.7715391642999765
1999-09-06,1.8201509432496723
1999-09-07,1.7934001910482873
1999-09-08,1.8686127579018148
1999-09-09,2.025757738413037
1999-09-10,1.91990924929666
1999-09-11,1.924562432051359
1999-09-12,1.9186456212849037
1999-09-13,1.955341283780406
1999-09-14,1.9695999570558136
1999-09-15,1.9922582893140568
1999-09-16,2.031163514220986
1999-09-17,2.0260763252325216
1999-09-18,2.030224696385121
1999-09-19,2.036956966931984
1999-09-20,2.029627447736949
1999-09-21,2.0978344809077085
1999-09-22,2.067933208294575
1999-09-23,2.0681679793704633
1999-09-24,2.094304848685991
1999-09-25,2.085723221318169
1999-09-26,2.088290519118634
1999-09-27,2.1133691177481015
1999-09-28,2.1144836472628232
1999-09-29,2.107565152525124
1999-09-30,2.0781496805951485
1999-10-01,2.1428393137897164
1999-10-02,2.138532122186458
1999-10-03,2.142349784892924
1999-10-04,2.162093895409041
1999-10-05,2.1937337335349576
1999-10-06,2.223625546136156
1999-10-07,2.217600568774296
1999-10-08,2.2093185117472407
1999-10-09,2.2319540803195324
1999-10-10,2.2534878060709853
1999-10-11,2.228632537655891
1999-10-12,2.176119761193378
1999-10-13,2.118492082145535
1999-10-14,2.1881575537532187
1999-10-15,2.186285888206327
1999-10-16,2.198703309044046
1999-10-17,2.2103946965161354
1999-10-18,2.1937459985860386
1999-10-19,2.1568710907702235
1999-10-20,2.063761509653826
1999-10-21,2.1097814878027767
1999-10-22,2.0727694448858136
1999-10-23,2.048257011052236
1999-10-24,2.0480380101656444
1999-10-25,2.08193224036098
1999-10-26,2.143446467239398
1999-10-27,1.9889873246127685
1999-10-28,1.9514890037387012
1999-10-29,1.9035153272472705
1999-10-30,1.9127778620211489
1999-10-31,1.9144250001955496
1999-11-01,2.0209949337039195
1999-11-02,2.0732983116110413
1999-11-03,2.0354465810477396
1999-11-04,2.0331096073605943
1999-11-05,2.0431994338157526
1999-11-06,2.037102943687071
1999-11-07,2.0524085661717977
1999-11-08,2.0212147336437276
1999-11-09,1.9714571322776504
1999-11-10,1.967287479552596
1999-11-11,1.9665775437904776
1999-11-12,1.956811000080207
1999-11-13,1.974792718897825
1999-11-14,1.9842275916410528
1999-11-15,1.964918616737633
1999-11-16,1.990378591876842
1999-11-17,1.990710586706102
1999-11-18,1.9954818725814705
1999-11-19,1.9723287422598537
1999-11-20,1.9742618405861727
1999-11-21,1.966023978223933
1999-11-22,1.974738234735946
1999-11-23,2.0299310717070163
1999-11-24,2.2579673315184867
1999-11-25,2.220537028984749
1999-11-26,2.253392709561716
1999-11-27,2.2314625344747947
1999-11-28,2.225820682975875
1999-11-29,2.22832913958763
1999-11-30,2.2808721178130376
1999-12-01,2.358323666323035
1999-12-02,2.8198281572265973
1999-12-03,2.776609694840633
1999-12-04,2.770158256530846
1999-12-05,2.7711110397004814
1999-12-06,2.7132414438525996
1999-12-07,2.6907813259675786
1999-12-08,2.663029225031654
1999-12-09,2.6315389250588246
1999-12-10,2.60258690733365
1999-12-11,2.613179993696682
1999-12-12,2.587640118783905
1999-12-13,2.6002260990079784
1999-12-14,2.593451014261643
1999-12-15,2.621619650128346
1999-12-16,2.5610730290987673
1999-12-17,2.522517375198368
1999-12-18,2.516165606195286
1999-12-19,2.519437900549766
1999-12-20,2.521224496087912
1999-12-21,2.490026934034912
1999-12-22,2.516994701555733
1999-12-23,2.470635255451431
1999-12-24,2.480602330120961
1999-12-25,2.468413951657326
1999-12-26,2.4512769731279818
1999-12-27,2.4614403142760746
1999-12-28,2.4689918352559888
1999-12-29,2.444257315319249
1999-12-30,2.4715955161291254
1999-12-31,2.4913315719936024
2000-01-01,2.4103491020116974
2000-01-02,2.535014291756392
2000-01-03,2.516733787837174
2000-01-04,2.472145392120035
2000-01-05,2.4848295204758664
2000-01-06,2.4793169968580164
2000-01-07,2.468744412917376
2000-01-08,2.4776064010653687
2000-01-09,2.4623446897520704
2000-01-10,2.4726146828008586
2000-01-11,2.473988372270775
2000-01-12,2.4966221776762194
2000-01-13,2.545223145761054
2000-01-14,2.49257744584069
2000-01-15,2.4401702755295434
2000-01-16,2.417379682520078
2000-01-17,2.4199379695607
2000-01-18,2.436001256471465
2000-01-19,2.4927658053878443
2000-01-20,2.4420856680236227
2000-01-21,2.469612318595355
2000-01-22,2.46846648099436
2000-01-23,2.477765625903
2000-01-24,2.5128143712807356
2000-01-25,2.694685488666652
2000-01-26,2.753839699590536
2000-01-27,2.8008468840791614
2000-01-28,2.7996765085819284
2000-01-29,2.7724459202976415
2000-01-30,2.760792811070265
2000-01-31,2.8310784991127056
2000-02-01,2.5712824361566167
2000-02-02,2.6612828810624705
2000-02-03,2.5588067666947416
2000-02-04,2.565434667032553
2000-02-05,2.5558989983919767
2000-02-06,2.53594626636049
2000-02-07,2.5518573052506475
2000-02-08,2.665734380648824
2000-02-09,2.747046486287154
2000-02-10,2.820922123982369
2000-02-11,2.809471480745847
2000-02-12,2.8220073479292664
2000-02-13,2.8291140582856484
2000-02-14,2.795142035403572
2000-02-15,2.8909666961543063
2000-02-16,2.853849440612652
2000-02-17,2.8349237452556766
2000-02-18,2.8736023536449524
2000-02-19,2.890516873647581
2000-02-20,2.8676187752395257
2000-02-21,2.817230792392055
2000-02-22,2.8505233214864383
2000-02-23,2.8299334011446424
2000-02-24,2.8579636729945213
2000-02-25,2.8102780168462953
2000-02-26,2.8226681815574644
2000-02-27,2.829902858298981
2000-02-28,2.726712588296691
2000-02-29,2.688788827888453
2000-03-01,2.735277044780722
2000-03-02,2.9998684730100345
2000-03-03,2.9013372697064765
2000-03-04,2.8667263686129942
2000-03-05,2.8621174529683504
2000-03-06,2.841122579012827
2000-03-07,2.8446985198852133
2000-03-08,2.9184966782753405
2000-03-09,2.8589122906179387
2000-03-10,2.8998100072770905
2000-03-11,2.9110162813712943
2000-03-12,2.8921653800787848
2000-03-13,2.9420613107975147
2000-03-14,2.9469013086734046
2000-03-15,2.9102684931294744
2000-03-16,3.0548434258759807
2000-03-17,3.0587110738243233
2000-03-18,3.0403735849523748
2000-03-19,3.031725507810974
2000-03-20,3.0805950589060784
2000-03-21,3.1192038222394673
2000-03-22,3.0309398732809507
2000-03-23,2.9910612279769335
2000-03-24,3.0265308849530994
2000-03-25,3.017979685421291
2000-03-26,3.0158386497621015
2000-03-27,3.0109813000893064
2000-03-28,2.9786213568696462
2000-03-29,2.957907212194115
2000-03-30,3.0072135659031063
2000-03-31,3.003118935914767
2000-04-01,2.8949697091313125
2000-04-02,3.026314903565517
2000-04-03,3.0746702116492584
2000-04-04,3.191676245519951
2000-04-05,3.2121815162291956
2000-04-06,3.1973616974295807
2000-04-07,3.1749215267327537
2000-04-08,3.218057736351066
2000-04-09,3.184147997671025
2000-04-10,3.177061091428363
2000-04-11,3.142598041225516
2000-04-12,3.1585585777963994
2000-04-13,3.16132985983762
2000-04-14,3.1642001088683216
2000-04-15,3.14457129076526
2000-04-16,3.1488995776178768
2000-04-17,3.0940999368767423
2000-04-18,3.140451498385094
2000-04-19,3.2131369595357575
2000-04-20,3.108992572735478
2000-04-21,3.1072383922967455
2000-04-22,3.10180257039909
2000-04-23,3.0892652296753433
2000-04-24,3.171408097285104
2000-04-25,3.0429874194032887
2000-04-26,3.215700458978862
2000-04-27,3.187170353297277
2000-04-28,3.167008510942077
2000-04-29,3.1730827023989505
2000-04-30,3.1789184195934532
2000-05-01,3.3186395377317117
2000-05-02,3.5172314975829932
2000-05-03,3.519269177010667
2000-05-04,3.539772489868726
2000-05-05,3.5844473491959845
2000-05-06,3.5743654097472044
2000-05-07,3.56613384698256
2000-05-08,3.5897507206337953
2000-05-09,3.5720327272016945
2000-05-10,3.803944015626709
2000-05-11,3.879279297537064
2000-05-12,3.8548784590673697
2000-05-13,3.8641244223232065
2000-05-14,3.849563362390254
2000-05-15,3.9024856388380265
2000-05-16,3.796646897952177
2000-05-17,3.729217145474751
2000-05-18,3.736973759113409
2000-05-19,3.753690534518911
2000-05-20,3.7277095068093073
2000-05-21,3.7234625385361113
2000-05-22,3.7123926386250217
2000-05-23,3.69907232689121
2000-05-24,3.691822059550608
2000-05-25,3.6641949116303154
2000-05-26,3.698087051860396
2000-05-27,3.704766592646652
2000-05-28,3.686460703395213
2000-05-29,3.659821686894652
2000-05-30,3.63833292022179
2000-05-31,3.6125409710349263
2000-06-01,3.47517862462126
2000-06-02,3.624356426880996
2000-06-03,3.6292051818527913
2000-06-04,3.6371358583292066
2000-06-05,3.6051423990980775
2000-06-06,3.4955719227516253
2000-06-07,3.4148845762009605
2000-06-08,3.3375623927508533
2000-06-09,3.3932450277616923
2000-06-10,3.3955104652315096
2000-06-11,3.39582246633735
2000-06-12,3.363843476173193
2000-06-13,3.4166219037582337
2000-06-14,3.4409809129859275
2000-06-15,3.4631168714647407
2000-06-16,3.467809653528763
2000-06-17,3.4563268618056675
2000-06-18,3.4578196172932585
2000-06-19,3.4729041307150292
2000-06-20,3.651256677785317
2000-06-21,3.663606173950666
2000-06-22,3.704213026384609
2000-06-23,3.701929202098122
2000-06-24,3.698292761058637
2000-06-25,3.697714676387763
2000-06-26,3.692529827619363
2000-06-27,3.69756107601496
2000-06-28,3.706052773611785
2000-06-29,3.6570232286360262
2000-06-30,3.660204096408389
2000-07-01,3.5437484627519784
2000-07-02,3.7112945330451614
2000-07-03,3.707941516147125
2000-07-04,3.7123723164302262
2000-07-05,3.737416730379924
2000-07-06,3.715108786663532
2000-07-07,3.7134835129837698
2000-07-08,3.6419737411362574
2000-07-09,3.643892946887615
2000-07-10,3.656356119001392
2000-07-11,3.600499123153216
2000-07-12,3.6046129064899266
2000-07-13,3.629249120043754
2000-07-14,3.653189534274869
2000-07-15,3.65490334315947
2000-07-16,3.651837965524379
2000-07-17,3.6441634119666086
2000-07-18,3.658421789955862
2000-07-19,3.7067809904511257
2000-07-20,3.5576679687613684
2000-07-21,3.555233527081585
2000-07-22,3.5500765842865167
2000-07-23,3.5414416957737207
2000-07-24,3.574198117706718
2000-07-25,3.716137383977816
2000-07-26,3.692622688765278
2000-07-27,3.5848072073137773
2000-07-28,3.5416216799400684
2000-07-29,3.546330373248985
2000-07-30,3.5398594992904515
2000-07-31,3.4819924905508897
2000-08-01,3.400513397152534
2000-08-02,3.4845267132164044
2000-08-03,3.457464037967002
2000-08-04,3.47086706691255
2000-08-05,3.4758133984775066
2000-08-06,3.4569744983409834
2000-08-07,3.419186109359946
2000-08-08,3.5152292964910887
2000-08-09,3.257550843403193
2000-08-10,3.2438684276570218
2000-08-11,3.232234374981948
2000-08-12,3.230570009729264
2000-08-13,3.244073245235353
2000-08-14,3.137134441648893
2000-08-15,3.176343608572065
2000-08-16,3.244795692158141
2000-08-17,3.279351454791473
2000-08-18,3.270166523818217
2000-08-19,3.2738428170967353
2000-08-20,3.279206298195345
2000-08-21,3.281888168937696
2000-08-22,3.272325822579961
2000-08-23,3.246670158814775
2000-08-24,3.2762130106258764
2000-08-25,3.2727774021329963
2000-08-26,3.2717798577426223
2000-08-27,3.2773639497321536
2000-08-28,3.2872647400456785
2000-08-29,3.262099566990077
2000-08-30,3.258257813690384
2000-08-31,3.2621051465089685
2000-09-01,3.197520932435137
2000-09-02,3.2226545871688934
2000-09-03,3.222391463520315
2000-09-04,3.231479813755346
2000-09-05,3.2135553897750286
2000-09-06,3.243642653105038
2000-09-07,3.2443660501596336
2000-09-08,3.2413837095607874
2000-09-09,3.235031582450687
2000-09-10,3.253966230382215
2000-09-11,3.206744175273637
2000-09-12,3.3234449538877593
2000-09-13,3.25355000769262
2000-09-14,3.079514030079161
2000-09-15,3.0581811073479512
2000-09-16,3.0578757259627154
2000-09-17,3.0556923635422883
2000-09-18,3.0383199339502776
2000-09-19,2.9925881526565634
2000-09-20,2.9952544600517967
2000-09-21,2.91604688544268
2000-09-22,2.9288134906894525
2000-09-23,2.932131715962126
2000-09-24,2.914856786674351
2000-09-25,2.934281788973718
2000-09-26,2.875909868138889
2000-09-27,2.916372400968682
2000-09-28,2.9112372322505573
2000-09-29,2.9272436688201457
2000-09-30,2.925230584909255
2000-10-01,2.9181966569456463
2000-10-02,2.986674376954575
2000-10-03,2.9388924969852943
2000-10-04,2.9908810772443823
2000-10-05,2.9948891490406035
2000-10-06,2.997758039125188
2000-10-07,2.993574548480165
2000-10-08,3.00240724251317
2000-10-09,2.9410303824180684
2000-10-10,2.9510523017278705
2000-10-11,2.9229299080306745
2000-10-12,2.909762741379793
2000-10-13,2.9097584511489893
2000-10-14,2.8966864324971535
2000-10-15,2.901563871455739
2000-10-16,2.894815201824801
2000-10-17,2.8183387378879106
2000-10-18,2.76047993653588
2000-10-19,2.7307484444146373
2000-10-20,2.7565042599998653
2000-10-21,2.758812336115785
2000-10-22,2.7413748715090787
2000-10-23,2.823713648291243
2000-10-24,2.8886938003689138
2000-10-25,2.6619097054436622
2000-10-26,2.6793099029662515
2000-10-27,2.768156820994957
2000-10-28,2.7691957554741067
2000-10-29,2.7674507571141236
2000-10-30,2.6611076276100216
2000-10-31,2.6905820281666983
2000-11-01,2.6869932845838136
2000-11-02,2.6601140110715527
2000-11-03,2.657631002645397
2000-11-04,2.6504770314404977
2000-11-05,2.6472761994740885
2000-11-06,2.67991380766047
2000-11-07,2.495956116681157
2000-11-08,2.5300563738648343
2000-11-09,2.50882142522099
2000-11-10,2.5128505444816644
2000-11-11,2.502932804894782
2000-11-12,2.5159781064921507
2000-11-13,2.5066616015548595
2000-11-14,2.526026570817046
2000-11-15,2.603647334685424
2000-11-16,2.6037523247501593
2000-11-17,2.6057855785939843
2000-11-18,2.6006381758822523
2000-11-19,2.596277326000908
2000-11-20,2.6760117789232165
2000-11-21,2.701775063090733
2000-11-22,2.698097491573737
2000-11-23,2.684611259189807
2000-11-24,2.66817220103121
2000-11-25,2.688160457483244
2000-11-26,2.6861018897040445
2000-11-27,2.6724188566492586
2000-11-28,2.65883779229505
2000-11-29,2.6013803322673983
2000-11-30,2.532837143145227
2000-12-01,2.5016327853904694
2000-12-02,2.5164790752407393
2000-12-03,2.5274472724091384
2000-12-04,2.394145064310877
2000-12-05,2.27755547855978
2000-12-06,2.1683679463462577
2000-12-07,2.17918453343842
2000-12-08,2.2259492804637766
2000-12-09,2.236147106689576
2000-12-10,2.2300198124183264
2000-12-11,2.2269549741863015
2000-12-12,2.232893177313274
2000-12-13,2.2263293797011445
2000-12-14,2.336307476863934
2000-12-15,2.312883951567275
2000-12-16,2.3098489143067673
2000-12-17,2.3073400769587207
2000-12-18,2.3246523297314736
2000-12-19,2.3295210113081133
2000-12-20,2.3279962415724795
2000-12-21,2.3120470898644476
2000-12-22,2.311863928706952
2000-12-23,2.3122313901178035
2000-12-24,2.3133990088081706
2000-12-25,2.2195491806794387
2000-12-26,2.2254497676769676
2000-12-27,2.228951216524597
2000-12-28,2.233066893774305
2000-12-29,2.2261485423353733
2000-12-30,2.219319403018238
2000-12-31,2.219617951848857
2001-01-01,2.2018635890713516
2001-01-02,2.2170789657638657
2001-01-03,2.232341598418626
2001-01-04,2.240879487890764
2001-01-05,2.2440487219356364
2001-01-06,2.2481631676309286
2001-01-07,2.240293896296229
2001-01-08,2.269280414566615
2001-01-09,2.279564488299688
2001-01-10,2.1948639696448833
2001-01-11,2.1859368239029866
2001-01-12,2.1726627783327745
2001-01-13,2.170600151158113
2001-01-14,2.169100188920477
2001-01-15,2.151746033529215
2001-01-16,2.1280613750074795
2001-01-17,2.1944802337677953
2001-01-18,2.149069305645609
2001-01-19,2.134202997556441
2001-01-20,2.1223292143281505
2001-01-21,2.123835106078423
2001-01-22,2.002771155101158
2001-01-23,1.9838845203930773
2001-01-24,1.976383727185172
2001-01-25,1.8402576032055695
2001-01-26,1.8740523537409484
2001-01-27,1.8667518299472003
2001-01-28,1.8703134324968984
2001-01-29,1.9044246548591144
2001-01-30,1.8541883376553028
2001-01-31,2.0605752661695136
2001-02-01,1.9566750524594705
2001-02-02,1.9236455271329451
2001-02-03,1.913413760973373
2001-02-04,1.8861283490846288
2001-02-05,1.827768594947062
2001-02-06,1.7097189990660175
2001-02-07,1.7058944630237016
2001-02-08,1.6299345275112562
2001-02-09,1.6458634250962474
2001-02-10,1.6507681699607752
2001-02-11,1.6806253018680115
2001-02-12,1.667948113691493
2001-02-13,1.568891583456605
2001-02-14,1.5148709264568598
2001-02-15,1.5172182131953469
2001-02-16,1.46556082651257
2001-02-17,1.4884948990209066
2001-02-18,1.4556597153676754
2001-02-19,1.3609529023724616
2001-02-20,1.3433948178916106
2001-02-21,1.2620676471925163
2001-02-22,1.2461725762302418
2001-02-23,1.2077137609288533
2001-02-24,1.2185182231670708
2001-02-25,1.214872740012161
2001-02-26,1.0926127243546704
2001-02-27,1.1450887604557245
2001-02-28,1.2069871746317773
2001-03-01,1.2127877387716397
2001-03-02,1.1476972605293576
2001-03-03,1.1604300241099974
2001-03-04,1.1426376626089598
2001-03-05,1.163906559224847
2001-03-06,1.124340222681286
2001-03-07,1.1874050498178534
2001-03-08,1.2054234861952189
2001-03-09,1.2003088397644524
2001-03-10,1.236889748540699
2001-03-11,1.2391033557189484
2001-03-12,1.2060414189905244
2001-03-13,1.0648152288453248
2001-03-14,1.2140208250505111
2001-03-15,1.2750417124386102
2001-03-16,1.257566448169055
2001-03-17,1.2401086847704703
2001-03-18,1.2263664397499847
2001-03-19,1.159190668697316
2001-03-20,1.1130049015772756
2001-03-21,1.1132978364243993
2001-03-22,1.1365388854335774
2001-03-23,1.1201917677119235
2001-03-24,1.1167020141700053
2001-03-25,1.1265134442483853
2001-03-26,1.1621986013842789
2001-03-27,1.1854622579407552
2001-03-28,1.1956224465164795
2001-03-29,1.171689834009717
2001-03-30,1.1643365548819622
2001-03-31,1.1579344745704383
2001-04-01,1.206656800953236
2001-04-02,1.20199581058482
2001-04-03,1.2816413050666204
2001-04-04,1.2064056550313895
2001-04-05,1.1936681133631342
2001-04-06,1.195499333757549
2001-04-07,1.193821190666723
2001-04-08,1.1878335914168852
2001-04-09,1.1648091288534237
2001-04-10,1.161309389426544
2001-04-11,0.8646232804178455
2001-04-12,0.752106768657222
2001-04-13,0.7669914007888543
2001-04-14,0.7802379221674494
2001-04-15,0.7844899108586465
2001-04-16,0.7268070708359216
2001-04-17,0.5660985937881413
2001-04-18,0.4183966919481214
2001-04-19,0.3075136418491968
2001-04-20,0.3479350105298664
2001-04-21,0.3509040454245746
2001-04-22,0.3465357602227015
2001-04-23,0.4409789088347553
2001-04-24,0.5215363362742831
2001-04-25,0.6385208826769218
2001-04-26,0.4830984386240429
2001-04-27,0.4498822365135231
2001-04-28,0.4278490369892427
2001-04-29,0.4315842958530604
2001-04-30,0.3950400944718342
2001-05-01,0.515420339460692
2001-05-02,0.3750036813906197
2001-05-03,0.4214169152915819
2001-05-04,0.4236758776735079
2001-05-05,0.4328026253264292
2001-05-06,0.42654837660356
2001-05-07,0.4136791377846298
2001-05-08,0.2373623244943383
2001-05-09,0.2493607090248024
2001-05-10,0.2218200901058886
2001-05-11,0.2061246794703592
2001-05-12,0.2041134959426789
2001-05-13,0.2094671390934113
2001-05-14,0.2413545382896456
2001-05-15,0.2116082509161649
2001-05-16,0.1594549600378738
2001-05-17,0.3554503154449275
2001-05-18,0.2612634039154
2001-05-19,0.244976866975503
2001-05-20,0.2386599916074341
2001-05-21,0.2203942270616732
2001-05-22,0.2284221691674464
2001-05-23,0.1945150561824193
2001-05-24,0.1871750088360819
2001-05-25,0.2111750315965268
2001-05-26,0.2204540817729074
2001-05-27,0.2281275710779675
2001-05-28,0.2166033714547175
2001-05-29,0.185241569632937
2001-05-30,0.2273533897774537
2001-05-31,0.1709554654878902
2001-06-01,0.2690655265494635
2001-06-02,0.1981253023697535
2001-06-03,0.1972152749796281
2001-06-04,0.1892613410314874
2001-06-05,0.1260664456292906
2001-06-06,0.102867754322028
2001-06-07,0.0284248800633595
2001-06-08,0.0581092914190322
2001-06-09,0.0690462184716877
2001-06-10,0.0723618976971824
2001-06-11,0.0719613664102656
2001-06-12,-0.089175579396318
2001-06-13,-0.0473604830831335
2001-06-14,-0.0328671489930323
2001-06-15,-0.0129569343644813
2001-06-16,-0.0179009309282998
2001-06-17,0.0279902818784139
2001-06-18,-0.0827244734295582
2001-06-19,-0.0174853570752915
2001-06-20,-0.0042740562242706
2001-06-21,0.0756298922929523
2001-06-22,0.0904901119964614
2001-06-23,0.0782938954090437
2001-06-24,0.0826451494843913
2001-06-25,0.0858185775899598
2001-06-26,-0.0293299591634572
2001-06-27,-0.0384976469338183
2001-06-28,-0.0294526559422314
2001-06-29,0.0020177938206391
2001-06-30,0.0066161384428293
2001-07-01,0.1073599327382726
2001-07-02,0.0092206998633783
2001-07-03,-0.0109216294918854
2001-07-04,-0.0332809163865088
2001-07-05,-0.023075940465798
2001-07-06,0.0087403694436065
2001-07-07,-0.00110318551418
2001-07-08,-0.0322330273279858
2001-07-09,-0.018871107987048
2001-07-10,-0.0624611096671734
2001-07-11,-0.0463868840438519
2001-07-12,0.0153641441431977
2001-07-13,0.0252645792444028
2001-07-14,0.0285806017976346
2001-07-15,0.0185294808485687
2001-07-16,0.1146243457504228
2001-07-17,0.2184058835722568
2001-07-18,0.1420141874845288
2001-07-19,0.1344528233648898
2001-07-20,0.10426091845642
2001-07-21,0.1006455481604136
2001-07-22,0.0977473968774558
2001-07-23,0.1189704816690016
2001-07-24,0.1516576286766207
2001-07-25,0.1850039660284319
2001-07-26,0.3512850825900886
2001-07-27,0.4564059551267276
2001-07-28,0.4507583212711878
2001-07-29,0.4542220957185579
2001-07-30,0.4700521925039893
2001-07-31,0.455774706476781
2001-08-01,0.5944044307997833
2001-08-02,0.5360873118096605
2001-08-03,0.539469647461347
2001-08-04,0.5316423292737158
2001-08-05,0.5383159595035674
2001-08-06,0.5267561636436797
2001-08-07,0.4997463420458921
2001-08-08,0.5663369051305154
2001-08-09,0.6454975704722496
2001-08-10,0.6469637812126519
2001-08-11,0.6559543684080433
2001-08-12,0.6779586440597103
2001-08-13,0.6282391721510829
2001-08-14,0.6359187389333971
2001-08-15,0.6313481280445319
2001-08-16,0.6865582730991495
2001-08-17,0.7138185808274797
2001-08-18,0.7014017302232556
2001-08-19,0.7082906479563293
2001-08-20,0.6934757100028883
2001-08-21,0.7041934448590226
2001-08-22,0.6521622910459397
2001-08-23,0.6444056970119263
2001-08-24,0.6280902482350135
2001-08-25,0.6373394313771621
2001-08-26,0.6420408413522596
2001-08-27,0.6441756175195235
2001-08-28,0.6568414170883703
2001-08-29,0.6410831810232052
2001-08-30,0.6595801867566549
2001-08-31,0.6885753138508186
2001-09-01,0.7362402583085788
2001-09-02,0.7372380933325668
2001-09-03,0.7858749952767776
2001-09-04,0.6710760088335521
2001-09-05,0.6703213543475641
2001-09-06,0.7284260150560165
2001-09-07,0.7043977654603903
2001-09-08,0.6752282292779266
2001-09-09,0.6704779741765419
2001-09-10,0.6444898176359524
2001-09-11,0.6308302549756151
2001-09-12,0.5376475908096272
2001-09-13,0.6546314636547717
2001-09-14,0.6469024789702096
2001-09-15,0.6478876527061479
2001-09-16,0.6417113648354638
2001-09-17,0.6245229993067192
2001-09-18,0.6504211774965554
2001-09-19,0.6536182215236146
2001-09-20,0.6559491198390892
2001-09-21,0.6393410505439225
2001-09-22,0.63889172858998
2001-09-23,0.6327497969864377
2001-09-24,0.624331882951058
2001-09-25,0.535747311340075
2001-09-26,0.5372484418024073
2001-09-27,0.5219131936902084
2001-09-28,0.5153325186081983
2001-09-29,0.5271667697175044
2001-09-30,0.527114675282703
2001-10-01,0.5579008480176118
2001-10-02,0.5751989906027881
2001-10-03,0.5796802179715783
2001-10-04,0.5697443368737487
2001-10-05,0.5571010811289163
2001-10-06,0.5652757376611006
2001-10-07,0.568043922813829
2001-10-08,0.4996877765620477
2001-10-09,0.5003105038707438
2001-10-10,0.5223315685808725
2001-10-11,0.505657681035494
2001-10-12,0.4834358308591955
2001-10-13,0.4933555909000435
2001-10-14,0.4977526474457441
2001-10-15,0.5121326774956727
2001-10-16,0.3898633835272955
2001-10-17,0.697775114627188
2001-10-18,0.7095093098960737
2001-10-19,0.7677209699779046
2001-10-20,0.7598311702177253
2001-10-21,0.7636116985157201
2001-10-22,0.7566568346785083
2001-10-23,0.641161444642858
2001-10-24,0.6350644792406499
2001-10-25,0.5202959740940212
2001-10-26,0.5366932866729242
2001-10-27,0.5278472932820863
2001-10-28,0.5374375982002633
2001-10-29,0.5188672538254624
2001-10-30,0.4934907502640226
2001-10-31,0.4391071598024407
2001-11-01,0.462715686917982
2001-11-02,0.4444544048579579
2001-11-03,0.4478220583400512
2001-11-04,0.4400255539855537
2001-11-05,0.4699770834440053
2001-11-06,0.3692710382866557
2001-11-07,0.3076520190536709
2001-11-08,0.1859413266154126
2001-11-09,0.1469089108023895
2001-11-10,0.1431155880396364
2001-11-11,0.1522767521089787
2001-11-12,0.1626882017315412
2001-11-13,0.1382588499221202
2001-11-14,0.0791792548922349
2001-11-15,0.0372233218610933
2001-11-16,0.0246485700173437
2001-11-17,0.0107020399106394
2001-11-18,0.0465989460200158
2001-11-19,0.0635132770803224
2001-11-20,0.0314305522319569
2001-11-21,0.0471285411605784
2001-11-22,0.0188611666899858
2001-11-23,-0.0033719681145663
2001-11-24,-0.0148365343166889
2001-11-25,-0.0009705878240557
2001-11-26,0.0211548461975654
2001-11-27,0.050492108005357
2001-11-28,0.0464292265111199
2001-11-29,0.0153534004797815
2001-11-30,0.0078491535955556
2001-12-01,0.0728467806989421
2001-12-02,0.0217093210264214
2001-12-03,0.0136677223378387
2001-12-04,0.0381118405699827
2001-12-05,-0.0616616728845831
2001-12-06,0.0004657520396864
2001-12-07,-0.0070180942815385
2001-12-08,-0.1036928853848262
2001-12-09,-0.1087350086555705
2001-12-10,-0.181530529787862
2001-12-11,-0.1947760863310936
2001-12-12,-0.2199445633542436
2001-12-13,-0.1781809538840484
2001-12-14,-0.1750465502199931
2001-12-15,-0.1712678219590795
2001-12-16,-0.170246464344671
2001-12-17,-0.1605525450791589
2001-12-18,-0.1177457535904051
2001-12-19,-0.1170820604704743
2001-12-20,-0.1047207657889603
2001-12-21,-0.1378482122105497
2001-12-22,-0.1336957855563452
2001-12-23,-0.134220158366161
2001-12-24,-0.1031634319635796
2001-12-25,-0.1061056279378442
2001-12-26,-0.0833184802590323
2001-12-27,-0.0864074985598779
2001-12-28,-0.0851638440599578
2001-12-29,-0.0811877402906835
2001-12-30,-0.0805278984303179
2001-12-31,0.0239744734237916
2002-01-01,0.1047039188685721
2002-01-02,0.0140813190893129
2002-01-03,-0.0337405097984437
2002-01-04,-0.0364822497036012
2002-01-05,-0.0320102098708252
2002-01-06,-0.0464544437067171
2002-01-07,-0.0758490257765964
2002-01-08,-0.1323911689110561
2002-01-09,-0.1354473543703571
2002-01-10,-0.14035830134499
2002-01-11,-0.1234382138281973
2002-01-12,-0.1270377882971096
2002-01-13,-0.1322106557893285
2002-01-14,-0.1321702971923863
2002-01-15,-0.0522163390373076
2002-01-16,-0.013890975235578
2002-01-17,0.1160198207296832
2002-01-18,0.1125204116773235
2002-01-19,0.1144154906676775
2002-01-20,0.115168609698139
2002-01-21,0.1072122695141268
2002-01-22,0.0822852680526713
2002-01-23,0.2878228364033213
2002-01-24,0.1393240341703774
2002-01-25,0.1488282412964037
2002-01-26,0.1463550455084539
2002-01-27,0.1508712985632474
2002-01-28,0.1559525673700115
2002-01-29,0.1251230492311688
2002-01-30,0.1484830075206493
2002-01-31,0.2019444951688438
2002-02-01,0.2478448552920948
2002-02-02,0.1980656909562177
2002-02-03,0.1959806277361515
2002-02-04,0.1685889500684891
2002-02-05,0.1163035063587603
2002-02-06,0.1575719017932211
2002-02-07,0.1020209316327793
2002-02-08,0.0910113510592398
2002-02-09,0.1099507039035976
2002-02-10,0.1137471314378899
2002-02-11,0.1289315512668531
2002-02-12,0.2004587891918687
2002-02-13,0.1800638842023119
2002-02-14,0.1875332711367685
2002-02-15,0.2049210547944489
2002-02-16,0.2052139913780355
2002-02-17,0.242136877413541
2002-02-18,0.1484118621457537
2002-02-19,0.1880919856419236
2002-02-20,0.1308360286924546
2002-02-21,0.1409337616373431
2002-02-22,0.1485655891844741
2002-02-23,0.1433031454470565
2002-02-24,0.1458398178611057
2002-02-25,0.142791969530512
2002-02-26,0.1974625373163627
2002-02-27,0.1814015297734703
2002-02-28,0.2520179976175938
2002-03-01,0.2833429061477699
2002-03-02,0.2513441489006551
2002-03-03,0.2585859817290126
2002-03-04,0.238606890830392
2002-03-05,0.3975675378250225
2002-03-06,0.4418841461087834
2002-03-07,0.4796975266928693
2002-03-08,0.4182514993609096
2002-03-09,0.4221073292333039
2002-03-10,0.425286822912355
2002-03-11,0.4361986587220896
2002-03-12,0.3672531345507026
2002-03-13,0.446991525923369
2002-03-14,0.453916297095263
2002-03-15,0.3847210958185494
2002-03-16,0.372264429744896
2002-03-17,0.376269572231378
2002-03-18,0.4602072676361626
2002-03-19,0.3509784622797236
2002-03-20,0.3834772650958895
2002-03-21,0.4126270066835689
2002-03-22,0.4119804229075348
2002-03-23,0.4170126601501782
2002-03-24,0.4076768516525113
2002-03-25,0.431645693580073
2002-03-26,0.4197284276535871
2002-03-27,0.3988428322734609
2002-03-28,0.4617399648892353
2002-03-29,0.4625361367271725
2002-03-30,0.4525765375967858
2002-03-31,0.3737274429322708
2002-04-01,0.4937713426070083
2002-04-02,0.4709684577483481
2002-04-03,0.4566552830999972
2002-04-04,0.4404438215613122
2002-04-05,0.4371221895624129
2002-04-06,0.4359034530786994
2002-04-07,0.4422228005583302
2002-04-08,0.3656701247767693
2002-04-09,0.3714558423739329
2002-04-10,0.3608988718028656
2002-04-11,0.3262579371453902
2002-04-12,0.3238657848867401
2002-04-13,0.331375107651128
2002-04-14,0.3287332812270818
2002-04-15,0.3770080572861114
2002-04-16,0.4461788283423473
2002-04-17,0.3285050695225919
2002-04-18,0.551056773667447
2002-04-19,0.6369650156175279
2002-04-20,0.6289506021358913
2002-04-21,0.6258824163460275
2002-04-22,0.6741942258084328
2002-04-23,0.6658909161874214
2002-04-24,0.6477497078619178
2002-04-25,0.6082083586898346
2002-04-26,0.5921172926662857
2002-04-27,0.5970675312735882
2002-04-28,0.5955405211770564
2002-04-29,0.5771960267725007
2002-04-30,0.5846185321030972
2002-05-01,0.7025201282657978
2002-05-02,0.7030758260094501
2002-05-03,0.593884840838748
2002-05-04,0.5918078972140646
2002-05-05,0.5966751097969238
2002-05-06,0.5927936955678041
2002-05-07,0.5615599499707902
2002-05-08,0.5126598467922723
2002-05-09,0.5150264715819397
2002-05-10,0.5228485232623705
2002-05-11,0.514607614924625
2002-05-12,0.5042503883761977
2002-05-13,0.4200563753028652
2002-05-14,0.5655199435252867
2002-05-15,0.6391363396116505
2002-05-16,0.6589017808978014
2002-05-17,0.673953129875051
2002-05-18,0.6785852112015969
2002-05-19,0.6758350078259759
2002-05-20,0.687620981625766
2002-05-21,0.736261974407493
2002-05-22,0.7044157647859408
2002-05-23,0.6838921476818218
2002-05-24,0.686036070956016
2002-05-25,0.6848396892634755
2002-05-26,0.6905202769491405
2002-05-27,0.6897449291140478
2002-05-28,0.6865923095169971
2002-05-29,0.7295092503599837
2002-05-30,0.7434033490690594
2002-05-31,0.7451724403332006
2002-06-01,0.7517598426474369
2002-06-02,0.7401100806704417
2002-06-03,0.7263302365640791
2002-06-04,0.784435747982827
2002-06-05,0.9194506610214748
2002-06-06,1.0104171421621655
2002-06-07,0.9783839056391022
2002-06-08,0.9797934021044642
2002-06-09,0.9868244749070996
2002-06-10,1.0351446904823165
2002-06-11,1.0640933589699872
2002-06-12,1.074127294630289
2002-06-13,1.205722278400825
2002-06-14,1.2245242519393094
2002-06-15,1.207948944954345
2002-06-16,1.2012374316840977
2002-06-17,1.201864737484042
2002-06-18,1.2221872869482746
2002-06-19,0.9872376446345936
2002-06-20,1.005039105385525
2002-06-21,1.0045366390251718
2002-06-22,1.0112183225828035
2002-06-23,1.0178603189830562
2002-06-24,1.031693226878057
2002-06-25,1.1412784622655772
2002-06-26,1.1389056992037414
2002-06-27,1.2230537466435878
2002-06-28,1.2039484284086734
2002-06-29,1.1919542104506162
2002-06-30,1.1808270789786042
2002-07-01,1.1804061750146586
2002-07-02,1.2578058403254542
2002-07-03,1.2444968290786833
2002-07-04,1.2214455478658044
2002-07-05,1.2373905369870646
2002-07-06,1.235229376384762
2002-07-07,1.231722668584368
2002-07-08,1.2228428005778464
2002-07-09,1.187723775530355
2002-07-10,1.205446129711301
2002-07-11,1.1875585148923755
2002-07-12,1.2134148644209084
2002-07-13,1.2093353885969853
2002-07-14,1.2067192134798066
2002-07-15,1.3102324606669298
2002-07-16,1.265239839697955
2002-07-17,1.2887422935109254
2002-07-18,1.323075172260636
2002-07-19,1.4580620668084243
2002-07-20,1.4496085840893502
2002-07-21,1.4437297001015497
2002-07-22,1.4243690182039193
2002-07-23,1.3704180076957306
2002-07-24,1.4057141049232416
2002-07-25,1.5115781945598252
2002-07-26,1.5009389233246266
2002-07-27,1.4993154829780515
2002-07-28,1.4808810203072789
2002-07-29,1.4345224340306435
2002-07-30,1.4896256066118412
2002-07-31,1.4928783860635026
2002-08-01,1.4424356680561825
2002-08-02,1.4600805993214447
2002-08-03,1.453780140930136
2002-08-04,1.4499642088836675
2002-08-05,1.4512195960064904
2002-08-06,1.5011558281325612
2002-08-07,1.5129443756569472
2002-08-08,1.4642043634021953
2002-08-09,1.4570631974035928
2002-08-10,1.4581022330647198
2002-08-11,1.4540817174479426
2002-08-12,1.4108365024885363
2002-08-13,1.453125722269477
2002-08-14,1.4396773365100122
2002-08-15,1.4468313867522058
2002-08-16,1.4366346405521258
2002-08-17,1.43977330801748
2002-08-18,1.4147309959808212
2002-08-19,1.4380294310566115
2002-08-20,1.4321743494382406
2002-08-21,1.392111378192179
2002-08-22,1.3818644356573804
2002-08-23,1.3805646218221452
2002-08-24,1.378551491179648
2002-08-25,1.3628742338616031
2002-08-26,1.3693022566141244
2002-08-27,1.3506051623072135
2002-08-28,1.3564517611058922
2002-08-29,1.4415646954469985
2002-08-30,1.416523370654204
2002-08-31,1.4071630750302222
2002-09-01,1.4158960552816855
2002-09-02,1.4775675641100097
2002-09-03,1.6822727737058354
2002-09-04,1.9254382249424304
2002-09-05,2.0137332920840514
2002-09-06,1.9904041455054011
2002-09-07,1.9471961745013655
2002-09-08,1.9415981417325567
2002-09-09,1.86894274247642
2002-09-10,1.8705258696691869
2002-09-11,1.7496851152325563
2002-09-12,1.848205282027529
2002-09-13,1.889093801258166
2002-09-14,1.8607776617800111
2002-09-15,1.865471487298071
2002-09-16,1.85488596190196
2002-09-17,1.8484578880444325
2002-09-18,1.871524262330637
2002-09-19,1.8194440773775715
2002-09-20,1.8194386494531176
2002-09-21,1.825742399573312
2002-09-22,1.8203332172155056
2002-09-23,1.8405877130934376
2002-09-24,1.9261986448449788
2002-09-25,1.870092609190108
2002-09-26,1.8630663226638289
2002-09-27,1.8642729083251055
2002-09-28,1.852825506585696
2002-09-29,1.8374568053537457
2002-09-30,1.8394599133782183
2002-10-01,1.8967377231336189
2002-10-02,1.9408782630696853
2002-10-03,1.80402709527131
2002-10-04,1.8998825566341395
2002-10-05,1.900420880769136
2002-10-06,1.8957013620988763
2002-10-07,1.9039716389220795
2002-10-08,1.8352583795328423
2002-10-09,1.810007272629536
2002-10-10,1.788703540334002
2002-10-11,1.7295922551079488
2002-10-12,1.725428460532182
2002-10-13,1.7346945165169203
2002-10-14,1.7228710475058615
2002-10-15,1.6527752816234431
2002-10-16,1.7033912130407312
2002-10-17,1.744008920982013
2002-10-18,1.672736778706425
2002-10-19,1.6803617473736838
2002-10-20,1.6852301795138207
2002-10-21,1.698914701164156
2002-10-22,1.668008849701862
2002-10-23,1.5497507585291916
2002-10-24,1.478348597353172
2002-10-25,1.6673347017974427
2002-10-26,1.6484439873299024
2002-10-27,1.6492162006012518
2002-10-28,1.617764690349042
2002-10-29,1.738187314217003
2002-10-30,1.7078584820406186
2002-10-31,1.6861771639561791
2002-11-01,1.6779806280817993
2002-11-02,1.7206048214139538
2002-11-03,1.7245659107476827
2002-11-04,1.7398618052091683
2002-11-05,1.7075219307696357
2002-11-06,1.6505544346201209
2002-11-07,1.6468176428201269
2002-11-08,1.661374133094472
2002-11-09,1.6683417842181048
2002-11-10,1.641619334736648
2002-11-11,1.647051658740848
2002-11-12,1.628318384221239
2002-11-13,1.577921773948778
2002-11-14,1.5449326041664797
2002-11-15,1.552874059141438
2002-11-16,1.541451061758811
2002-11-17,1.5636111346525252
2002-11-18,1.5885369705954189
2002-11-19,1.553483795705943
2002-11-20,1.5609269194281183
2002-11-21,1.552438969452061
2002-11-22,1.543323303881727
2002-11-23,1.541199179914301
2002-11-24,1.5134367326550933
2002-11-25,1.519798231758965
2002-11-26,1.4966868488788292
2002-11-27,1.47359554924554
2002-11-28,1.380515821887031
2002-11-29,1.3839669003629196
2002-11-30,1.384039937999445
2002-12-01,1.432436934226698
2002-12-02,1.4352364960905089
2002-12-03,1.3330168447302757
2002-12-04,1.3735263999385434
2002-12-05,1.3394525686208485
2002-12-06,1.3455401574288903
2002-12-07,1.3453886445087728
2002-12-08,1.31225692064253
2002-12-09,1.284062938736859
2002-12-10,1.231019309515332
2002-12-11,1.2237496517366684
2002-12-12,1.1507662332122472
2002-12-13,1.1110048934817516
2002-12-14,1.1268906256573552
2002-12-15,1.151350606038827
2002-12-16,1.1738516853179015
2002-12-17,1.1323213409082715
2002-12-18,1.161602158887305
2002-12-19,1.172727352278801
2002-12-20,1.220398376570472
2002-12-21,1.2091807265020806
2002-12-22,1.2039033892417657
2002-12-23,1.200819216965497
2002-12-24,1.241909128326586
2002-12-25,1.236160366469932
2002-12-26,1.2267294716494008
2002-12-27,1.2371585534398712
2002-12-28,1.2331581653225716
2002-12-29,1.2409016858441897
2002-12-30,1.2426308294873123
2002-12-31,1.23798718787454
2003-01-01,1.220176070352076
2003-01-02,1.1535895649910757
2003-01-03,1.1666219452710904
2003-01-04,1.160041729259693
2003-01-05,1.1572274714837505
2003-01-06,1.155422780878865
2003-01-07,1.1651263351552648
2003-01-08,1.1744510373650985
2003-01-09,1.17565018868014
2003-01-10,1.191731686388955
2003-01-11,1.1822314572331198
2003-01-12,1.1877374328685608
2003-01-13,1.1861355972649552
2003-01-14,1.2088937816472909
2003-01-15,1.2319989398060416
2003-01-16,1.2571153344097965
2003-01-17,1.1338408369956725
2003-01-18,1.141596771813492
2003-01-19,1.1497950855510917
2003-01-20,1.1585736074481034
2003-01-21,1.1362081695465505
2003-01-22,1.1753994888996016
2003-01-23,1.2398576325409598
2003-01-24,1.2404372550703917
2003-01-25,1.2444170278264322
2003-01-26,1.2529190722144492
2003-01-27,1.221671060127137
2003-01-28,1.312327139623322
2003-01-29,1.1955498155340705
2003-01-30,1.3313370569698706
2003-01-31,1.357425314030488
2003-02-01,1.357584226483613
2003-02-02,1.3623616242229075
2003-02-03,1.3453829099072754
2003-02-04,1.321331074093545
2003-02-05,1.2778477337566758
2003-02-06,1.275446690700674
2003-02-07,1.2795902763780769
2003-02-08,1.2921151769720365
2003-02-09,1.277449981019524
2003-02-10,1.265411329139357
2003-02-11,1.213067914827208
2003-02-12,1.2699913870918444
2003-02-13,1.1073764209723604
2003-02-14,1.1152059246905155
2003-02-15,1.1187551812397638
2003-02-16,1.1138622820511024
2003-02-17,1.103651571287687
2003-02-18,1.138621926721535
2003-02-19,1.2109332751136752
2003-02-20,1.2032472307478757
2003-02-21,1.196461819132241
2003-02-22,1.1896987798794592
2003-02-23,1.218936284944137
2003-02-24,1.211721895925296
2003-02-25,1.163536261300698
2003-02-26,1.1661798711385831
2003-02-27,1.186696004319648
2003-02-28,1.1751136107107474
2003-03-01,1.1757747420390616
2003-03-02,1.1493550760210989
2003-03-03,1.1706778971428926
2003-03-04,1.269466419807741
2003-03-05,1.0784418450087776
2003-03-06,1.2455757192231052
2003-03-07,1.1643388071355902
2003-03-08,1.1301930545344407
2003-03-09,1.128434918038152
2003-03-10,1.1312333648558628
2003-03-11,1.2460010829733472
2003-03-12,1.2927261698230843
2003-03-13,1.364007757382355
2003-03-14,1.3248744133350407
2003-03-15,1.3198930712760115
2003-03-16,1.3181759098272587
2003-03-17,1.297576169459736
2003-03-18,1.2584537460667873
2003-03-19,1.2614185610076194
2003-03-20,1.2755066451462995
2003-03-21,1.240466148388016
2003-03-22,1.2439665306446657
2003-03-23,1.2340364614708377
2003-03-24,1.2342047590551393
2003-03-25,1.2980029545766267
2003-03-26,1.3155704230326526
2003-03-27,1.323389245860637
2003-03-28,1.3757815183600737
2003-03-29,1.353825659037962
2003-03-30,1.3535566776386454
2003-03-31,1.338618644532264
2003-04-01,1.4164189281713877
2003-04-02,1.3828822861724157
2003-04-03,1.3958560189882692
2003-04-04,1.3786797313868682
2003-04-05,1.3800961443865798
2003-04-06,1.3623830806508244
2003-04-07,1.3755404184445232
2003-04-08,1.327603183615397
2003-04-09,1.343502304196261
2003-04-10,1.3103149128931313
2003-04-11,1.4010801203800003
2003-04-12,1.4092323353566256
2003-04-13,1.4126236537615082
2003-04-14,1.433297555666686
2003-04-15,1.5710552474769952
2003-04-16,1.5130286977065688
2003-04-17,1.5184524528662775
2003-04-18,1.5283953417686689
2003-04-19,1.5376358239083214
2003-04-20,1.5481894197103123
2003-04-21,1.5212314569863374
2003-04-22,1.472630111493942
2003-04-23,1.4129442978269335
2003-04-24,1.4063723447831684
2003-04-25,1.3990892175080134
2003-04-26,1.402837611778791
2003-04-27,1.4011109468445275
2003-04-28,1.3298440115958063
2003-04-29,1.5071540870942115
2003-04-30,1.4926492813954553
2003-05-01,1.6628976598475256
2003-05-02,1.8322434772659535
2003-05-03,1.819955784731349
2003-05-04,1.8238071774612996
2003-05-05,1.8160364256077055
2003-05-06,1.7376659330901063
2003-05-07,1.7458852035065149
2003-05-08,1.7208298996006677
2003-05-09,1.7312230205838266
2003-05-10,1.7259111797649562
2003-05-11,1.709736816640024
2003-05-12,1.703308181640331
2003-05-13,1.7675057402699
2003-05-14,1.777140159798953
2003-05-15,1.8189930670047068
2003-05-16,1.819371263312619
2003-05-17,1.8007538761237312
2003-05-18,1.8230003142429452
2003-05-19,1.818320531740227
2003-05-20,1.8458399315076788
2003-05-21,1.863895242307764
2003-05-22,1.8587472074131328
2003-05-23,1.8530771427182011
2003-05-24,1.847758694242704
2003-05-25,1.8436525229853733
2003-05-26,1.841304717197412
2003-05-27,1.8376577201261397
2003-05-28,1.8370049723497015
2003-05-29,1.8173775163224035
2003-05-30,1.81509680742808
2003-05-31,1.806417895299648
2003-06-01,1.794679537181587
2003-06-02,1.8428844635641868
2003-06-03,1.7549947903755805
2003-06-04,1.7220849733513308
2003-06-05,1.5792552948235157
2003-06-06,1.6254428506500949
2003-06-07,1.6366983705373264
2003-06-08,1.640655604280943
2003-06-09,1.675815499015404
2003-06-10,1.7056754338488245
2003-06-11,1.657555912945662
2003-06-12,1.7952196895336343
2003-06-13,1.8032860395613588
2003-06-14,1.8013609863135525
2003-06-15,1.798365213042698
2003-06-16,1.7891602161415772
2003-06-17,1.8179802938845544
2003-06-18,1.838018411006446
2003-06-19,1.931900841432168
2003-06-20,1.9240926859212428
2003-06-21,1.9241069882419268
2003-06-22,1.9203514946406184
2003-06-23,1.9387643230369804
2003-06-24,1.9931609060984232
2003-06-25,1.9738110691943476
2003-06-26,2.01883235966514
2003-06-27,1.9779275685957545
2003-06-28,1.97292835789684
2003-06-29,1.974547427327059
2003-06-30,1.9540206926458108
2003-07-01,1.924970873457751
2003-07-02,1.954119494310866
2003-07-03,1.934659838487223
2003-07-04,1.902371128951598
2003-07-05,1.907965896725048
2003-07-06,1.909497865011745
2003-07-07,1.9036626156562544
2003-07-08,1.86634229756052
2003-07-09,1.8478184211328
2003-07-10,1.824881212346916
2003-07-11,1.8053838524214103
2003-07-12,1.791555186867343
2003-07-13,1.7977891317201755
2003-07-14,1.792424948660408
2003-07-15,1.7606224051158932
2003-07-16,1.8674693197468697
2003-07-17,1.9128165764403648
2003-07-18,1.9306805531349056
2003-07-19,1.9251896995882976
2003-07-20,1.926943580546775
2003-07-21,1.9439549871369084
2003-07-22,1.990563815307277
2003-07-23,2.065273410881617
2003-07-24,1.8663975486038689
2003-07-25,1.8564951924983288
2003-07-26,1.844599514005516
2003-07-27,1.838664936027552
2003-07-28,1.8005752713902057
2003-07-29,1.7694779032504726
2003-07-30,1.8123814207234457
2003-07-31,1.7142381281197692
2003-08-01,1.7167431732918692
2003-08-02,1.7223283982227988
2003-08-03,1.715328654530598
2003-08-04,1.7149797823356483
2003-08-05,1.6976703728629348
2003-08-06,1.6933363725970834
2003-08-07,1.7036302725255934
2003-08-08,1.735283334166709
2003-08-09,1.7357729711783123
2003-08-10,1.7369618038568415
2003-08-11,1.7353994144746163
2003-08-12,1.7617159828031246
2003-08-13,1.7621350531558098
2003-08-14,1.7277269988316668
2003-08-15,1.7280578908941908
2003-08-16,1.7372572056116249
2003-08-17,1.7416579370683505
2003-08-18,1.7237044432354198
2003-08-19,1.757277148075015
2003-08-20,1.7693343996411637
2003-08-21,1.7611315288764002
2003-08-22,1.7629985412853122
2003-08-23,1.766552511430108
2003-08-24,1.772937377865479
2003-08-25,1.7725988088552378
2003-08-26,1.7501454376652883
2003-08-27,1.7558060126712025
2003-08-28,1.7710364683756852
2003-08-29,1.771633702731601
2003-08-30,1.7703817082605562
2003-08-31,1.7820815988561316
2003-09-01,1.761880311264248
2003-09-02,1.7068086784536811
2003-09-03,1.784862971308066
2003-09-04,1.6167890110952796
2003-09-05,1.5630010758838797
2003-09-06,1.5673374979008066
2003-09-07,1.5752331578656582
2003-09-08,1.5630930213024217
2003-09-09,1.5617209322601968
2003-09-10,1.4873240827849987
2003-09-11,1.5423229276730543
2003-09-12,1.5233746871566678
2003-09-13,1.5415705019324566
2003-09-14,1.5371077051697992
2003-09-15,1.5643503180912406
2003-09-16,1.5688548631590602
2003-09-17,1.533260421498398
2003-09-18,1.5790242246622652
2003-09-19,1.6585286777433437
2003-09-20,1.658643117275914
2003-09-21,1.648605878836777
2003-09-22,1.6521599272072036
2003-09-23,1.674047041259112
2003-09-24,1.6614197395868182
2003-09-25,1.6640013943115826
2003-09-26,1.657289091147856
2003-09-27,1.6501025839960997
2003-09-28,1.640804088356976
2003-09-29,1.635456348331732
2003-09-30,1.5412769396537696
2003-10-01,1.565720394383033
2003-10-02,1.5458940865427215
2003-10-03,1.5341454976156728
2003-10-04,1.5284321039741795
2003-10-05,1.5310745119474165
2003-10-06,1.5458202388658262
2003-10-07,1.557953376541603
2003-10-08,1.5767211647612285
2003-10-09,1.60095500467952
2003-10-10,1.6212718551888576
2003-10-11,1.6204148954457924
2003-10-12,1.6210842508608414
2003-10-13,1.6297384071573982
2003-10-14,1.7386978597755285
2003-10-15,1.7008092341613397
2003-10-16,1.6516176000579526
2003-10-17,1.6565937516683626
2003-10-18,1.6503729121200608
2003-10-19,1.6424511266366202
2003-10-20,1.696596599168965
2003-10-21,1.867694400532505
2003-10-22,1.820517316807053
2003-10-23,1.906544084924859
2003-10-24,1.924774126080114
2003-10-25,1.9297641396010972
2003-10-26,1.9339658086836145
2003-10-27,1.961464451649852
2003-10-28,1.846055171669904
2003-10-29,1.841161441026232
2003-10-30,1.8005029899217655
2003-10-31,1.796464403631851
2003-11-01,1.8006548817062589
2003-11-02,1.7806329454471337
2003-11-03,1.7786020850089188
2003-11-04,1.7804369953841268
2003-11-05,1.863826147889038
2003-11-06,1.8454166037770203
2003-11-07,1.802742195324189
2003-11-08,1.8317827863666991
2003-11-09,1.821562038105512
2003-11-10,1.833167954705907
2003-11-11,1.8865377506277896
2003-11-12,1.9779173625973905
2003-11-13,1.989565328008364
2003-11-14,1.996064228711498
2003-11-15,1.9982044458750745
2003-11-16,2.0017484525242484
2003-11-17,1.9889256212477908
2003-11-18,2.0239318875481387
2003-11-19,2.076405044932966
2003-11-20,2.079609896683513
2003-11-21,2.078873942556667
2003-11-22,2.0740352836821763
2003-11-23,2.065928450381048
2003-11-24,2.0750506888630924
2003-11-25,2.0550365753199618
2003-11-26,2.063533623770421
2003-11-27,2.08550392027477
2003-11-28,2.1294633065274775
2003-11-29,2.1081440928114183
2003-11-30,2.1016151671287107
2003-12-01,2.126630108933572
2003-12-02,2.2088766563934277
2003-12-03,2.1680929062964855
2003-12-04,2.2202946139575537
2003-12-05,2.0728273849258643
2003-12-06,2.0629676641516577
2003-12-07,2.047662678444326
2003-12-08,2.081631648705741
2003-12-09,2.1217433135885506
2003-12-10,2.1030980071947263
2003-12-11,2.086331805268095
2003-12-12,2.062319243103542
2003-12-13,2.0583693037435022
2003-12-14,2.0445020586129634
2003-12-15,2.068818905433477
2003-12-16,2.043491466163223
2003-12-17,1.9994862092941232
2003-12-18,2.0524616085021923
2003-12-19,2.059407705648886
2003-12-20,2.058020199266873
2003-12-21,2.0523741105905096
2003-12-22,2.0587818039041084
2003-12-23,2.033034563688447
2003-12-24,2.005493249844496
2003-12-25,2.011786347524856
2003-12-26,2.003291618723304
2003-12-27,1.99944714858433
2003-12-28,1.9989955029141575
2003-12-29,1.993687340124436
2003-12-30,2.000217816418382
2003-12-31,2.018034241466169
2004-01-01,2.014136524548402
2004-01-02,2.0124536390030503
2004-01-03,2.004922327033591
2004-01-04,2.008178894520433
2004-01-05,1.9958852606050224
2004-01-06,1.997601477057527
2004-01-07,2.0104254018755365
2004-01-08,2.0171435546114846
2004-01-09,2.0043793324486816
2004-01-10,2.007881439878933
2004-01-11,1.9923035065391677
2004-01-12,1.983432357303277
2004-01-13,1.9958014882118205
2004-01-14,2.0350148798711234
2004-01-15,2.0812274355014018
2004-01-16,2.1344680174459514
2004-01-17,2.136639001156383
2004-01-18,2.134584936003075
2004-01-19,2.1285873291795703
2004-01-20,2.1224819333887153
2004-01-21,2.168784570491869
2004-01-22,1.9095646671358173
2004-01-23,1.8996316512645577
2004-01-24,1.9139652687642712
2004-01-25,1.9131128578079148
2004-01-26,1.9243912128273633
2004-01-27,1.931908054757186
2004-01-28,2.038641630450135
2004-01-29,2.2877044399899233
2004-01-30,2.2839547510994973
2004-01-31,2.268945015854582
2004-02-01,2.2704980044069707
2004-02-02,2.267143454053065
2004-02-03,2.3101670512449495
2004-02-04,2.2948269494382445
2004-02-05,2.306406882005572
2004-02-06,2.3015610746562416
2004-02-07,2.3018388469388498
2004-02-08,2.3285710788662572
2004-02-09,2.308339069972899
2004-02-10,2.3332542883972547
2004-02-11,2.237250488524161
2004-02-12,2.244200836251407
2004-02-13,2.216423162414035
2004-02-14,2.2103184531909905
2004-02-15,2.2115842973913655
2004-02-16,2.220825197322478
2004-02-17,2.238037927504864
2004-02-18,2.2439497053132573
2004-02-19,2.201019187676974
2004-02-20,2.1727033295064553
2004-02-21,2.166508609442767
2004-02-22,2.163207238753728
2004-02-23,2.128415641680888
2004-02-24,2.1368200861308217
2004-02-25,2.1207124716375594
2004-02-26,2.118797871224942
2004-02-27,2.1789046648443504
2004-02-28,2.1617607582847502
2004-02-29,2.1530630872099934
2004-03-01,2.224180171210581
2004-03-02,2.2869643889044227
2004-03-03,2.3595208832970083
2004-03-04,2.3707054716544036
2004-03-05,2.386652427238238
2004-03-06,2.3788667549080977
2004-03-07,2.35256457279376
2004-03-08,2.34950929147741
2004-03-09,2.3738511389834476
2004-03-10,2.4184253385125265
2004-03-11,2.5494802097343117
2004-03-12,2.416774363920281
2004-03-13,2.396577118798907
2004-03-14,2.388939170114689
2004-03-15,2.3803696536744843
2004-03-16,2.3591983677320316
2004-03-17,2.3493255119999503
2004-03-18,2.4873582933063747
2004-03-19,2.4659919599253275
2004-03-20,2.454668199027969
2004-03-21,2.457611190573772
2004-03-22,2.464750697783804
2004-03-23,2.459659435073921
2004-03-24,2.4468965245355747
2004-03-25,2.4559573989375765
2004-03-26,2.457331868402058
2004-03-27,2.449522124392533
2004-03-28,2.4494020595698585
2004-03-29,2.4529206265384307
2004-03-30,2.448092936165359
2004-03-31,2.47806511205641
2004-04-01,2.458361622672061
2004-04-02,2.4651654664316873
2004-04-03,2.464016254054803
2004-04-04,2.4983524988757217
2004-04-05,2.488366263813531
2004-04-06,2.498028277517771
2004-04-07,2.4817165537104913
2004-04-08,2.6099187089520983
2004-04-09,2.59651620738157
2004-04-10,2.5983769447764176
2004-04-11,2.59660255461937
2004-04-12,2.5843579134640815
2004-04-13,2.5662224419418713
2004-04-14,2.550840040263722
2004-04-15,2.453035360794679
2004-04-16,2.4439683185017196
2004-04-17,2.436895481423236
2004-04-18,2.4448920309373987
2004-04-19,2.420280318709389
2004-04-20,2.420927179871471
2004-04-21,2.6042096592240953
2004-04-22,2.6811124965507993
2004-04-23,2.671107280520606
2004-04-24,2.661545326149903
2004-04-25,2.660796121984168
2004-04-26,2.6957306972067476
2004-04-27,2.6962837994307627
2004-04-28,2.7172375993025057
2004-04-29,2.618351313021803
2004-04-30,2.627578112872796
2004-05-01,2.619345196956135
2004-05-02,2.640147812526455
2004-05-03,2.6489767880224875
2004-05-04,2.694643715624096
2004-05-05,2.6926249165477696
2004-05-06,2.7253424422439236
2004-05-07,2.688468154938506
2004-05-08,2.7249287182016357
2004-05-09,2.731643168261292
2004-05-10,2.629036415887279
2004-05-11,2.5925316424560236
2004-05-12,2.562416993259647
2004-05-13,2.5720231148009463
2004-05-14,2.576385842970738
2004-05-15,2.574766653268714
2004-05-16,2.571262040233448
2004-05-17,2.5629243220050215
2004-05-18,2.581510811745112
2004-05-19,2.616057590659376
2004-05-20,2.56957001680354
2004-05-21,2.5817729860957863
2004-05-22,2.571323781330242
2004-05-23,2.571683535754944
2004-05-24,2.5823033710142327
2004-05-25,2.581826897056226
2004-05-26,2.575623559767703
2004-05-27,2.562436553796917
2004-05-28,2.5710016210564213
2004-05-29,2.571439965787331
2004-05-30,2.574336001361597
2004-05-31,2.587046950690615
2004-06-01,2.5340845445018334
2004-06-02,2.535382889889318
2004-06-03,2.483410461511544
2004-06-04,2.575417380465354
2004-06-05,2.566833907824011
2004-06-06,2.5515896492628487
2004-06-07,2.573027387889809
2004-06-08,2.620304656830637
2004-06-09,2.59275012073101
2004-06-10,2.4601518700556047
2004-06-11,2.463437288195393
2004-06-12,2.470071367314019
2004-06-13,2.4644000962216355
2004-06-14,2.504055931253717
2004-06-15,2.4147575616675576
2004-06-16,2.440145712971278
2004-06-17,2.414707174357886
2004-06-18,2.435922760546572
2004-06-19,2.443835336381982
2004-06-20,2.4509049076340736
2004-06-21,2.467998279742504
2004-06-22,2.4887088850032613
2004-06-23,2.5446051274746595
2004-06-24,2.5767808342774523
2004-06-25,2.578884078960685
2004-06-26,2.5736775934011886
2004-06-27,2.5660559566617582
2004-06-28,2.569941267882162
2004-06-29,2.6525707526711386
2004-06-30,2.5997940052805837
2004-07-01,2.7396209369857765
2004-07-02,2.7457729623100393
2004-07-03,2.729312968842996
2004-07-04,2.721694644969899
2004-07-05,2.705156831313822
2004-07-06,2.704931588210229
2004-07-07,2.6335253830360448
2004-07-08,2.6666615230870576
2004-07-09,2.6628916873127664
2004-07-10,2.665865422245664
2004-07-11,2.651154901673255
2004-07-12,2.7204187544953085
2004-07-13,2.7775664066961188
2004-07-14,2.775940565745207
2004-07-15,2.834353713431393
2004-07-16,2.827497245766202
2004-07-17,2.821767742936575
2004-07-18,2.8161754832474504
2004-07-19,2.814206228078783
2004-07-20,2.826517907257142
2004-07-21,2.9160450553859585
2004-07-22,2.9967869338784023
2004-07-23,3.0262782620340065
2004-07-24,3.02256944730433
2004-07-25,3.035138346304993
2004-07-26,3.0501238918504265
2004-07-27,3.169296071407185
2004-07-28,3.2597344471939538
2004-07-29,3.442786264313387
2004-07-30,3.5206427723724745
2004-07-31,3.5323798697958484
2004-08-01,3.485595519517581
2004-08-02,3.5066099536348414
2004-08-03,3.448556263896131
2004-08-04,3.4294573827332107
2004-08-05,3.45141617881886
2004-08-06,3.4853861515672704
2004-08-07,3.482805189233132
2004-08-08,3.44205891456392
2004-08-09,3.416983188992651
2004-08-10,3.4130468399060967
2004-08-11,3.452911234645476
2004-08-12,3.4678874621412534
2004-08-13,3.4560416866119557
2004-08-14,3.4545422010111864
2004-08-15,3.4473873227832588
2004-08-16,3.4827260550597297
2004-08-17,3.521421010592074
2004-08-18,3.5404329195998248
2004-08-19,3.537302258476746
2004-08-20,3.5382118101600577
2004-08-21,3.5306224609099974
2004-08-22,3.5242102404960125
2004-08-23,3.545301049753773
2004-08-24,3.52680472699949
2004-08-25,3.532702000428242
2004-08-26,3.535444876210117
2004-08-27,3.4662153499815265
2004-08-28,3.4695841856452336
2004-08-29,3.4738273188796915
2004-08-30,3.490304803302996
2004-08-31,3.3916752302109874
2004-09-01,3.450715249805449
2004-09-02,3.4394375379752016
2004-09-03,3.457173806040837
2004-09-04,3.449891732412106
2004-09-05,3.4385601952653406
2004-09-06,3.46790550552874
2004-09-07,3.449622154389667
2004-09-08,3.5092083277588975
2004-09-09,3.5492784467645526
2004-09-10,3.540621097670865
2004-09-11,3.536451062666702
2004-09-12,3.540865417284249
2004-09-13,3.614222454359718
2004-09-14,3.482829519561258
2004-09-15,3.5019605369774194
2004-09-16,3.4040091193895705
2004-09-17,3.3497277195232003
2004-09-18,3.3519337401325116
2004-09-19,3.352226516466085
2004-09-20,3.334681505925579
2004-09-21,3.3224067444871626
2004-09-22,3.3579381864820457
2004-09-23,3.3383907006707285
2004-09-24,3.286189217711584
2004-09-25,3.2967999915096655
2004-09-26,3.301727626638832
2004-09-27,3.27926607805702
2004-09-28,3.2746798289146803
2004-09-29,3.262071631007877
2004-09-30,3.239898944502758
2004-10-01,3.204743944368916
2004-10-02,3.2563342635755697
2004-10-03,3.2512358741427994
2004-10-04,3.263390347362092
2004-10-05,3.253690586198778
2004-10-06,3.2553250540490186
2004-10-07,3.2415558900849524
2004-10-08,3.2241873945319277
2004-10-09,3.227976892896958
2004-10-10,3.2252720037735783
2004-10-11,3.231047982946392
2004-10-12,3.196656771801643
2004-10-13,3.181733868241267
2004-10-14,3.1207654805515705
2004-10-15,3.135251429035142
2004-10-16,3.1397509010726203
2004-10-17,3.1437129450831938
2004-10-18,3.160263680087214
2004-10-19,3.13328383470658
2004-10-20,3.249048398332138
2004-10-21,3.2893319434883335
2004-10-22,3.248549074837163
2004-10-23,3.2428590438282714
2004-10-24,3.247574732995006
2004-10-25,3.26613702032618
2004-10-26,3.211673934917714
2004-10-27,3.1578911214033925
2004-10-28,3.1500877802342075
2004-10-29,3.1027718494520116
2004-10-30,3.110979948964796
2004-10-31,3.119197243069281
2004-11-01,3.0382423885263226
2004-11-02,3.05358640240635
2004-11-03,3.011509602259963
2004-11-04,2.9147380200846627
2004-11-05,2.9467682083575646
2004-11-06,2.9483881248655956
2004-11-07,2.948473641705981
2004-11-08,2.948533675019834
2004-11-09,2.9511777738749445
2004-11-10,3.0100289901829553
2004-11-11,2.980798834102977
2004-11-12,2.9710160084819774
2004-11-13,2.9559864727661216
2004-11-14,2.9574437742344455
2004-11-15,2.9833821505197697
2004-11-16,2.9749449504307597
2004-11-17,3.054149130548826
2004-11-18,3.0726912370130033
2004-11-19,3.068952869800245
2004-11-20,3.055925878766244
2004-11-21,3.0631991134783902
2004-11-22,3.062776358105654
2004-11-23,3.061767332683006
2004-11-24,3.0956616681619695
2004-11-25,3.093712527096157
2004-11-26,3.0762182137905434
2004-11-27,3.0799670550648144
2004-11-28,3.085304163535578
2004-11-29,3.090940964993041
2004-11-30,3.0814945338823354
2004-12-01,3.000595653655083
2004-12-02,2.9055824883365577
2004-12-03,2.9208150582494654
2004-12-04,2.9258698763497506
2004-12-05,2.935275498876786
2004-12-06,2.907264021257309
2004-12-07,2.8346432079821264
2004-12-08,2.741634569442613
2004-12-09,2.8169508247260255
2004-12-10,2.8836114500218084
2004-12-11,2.8695523474583267
2004-12-12,2.8781392254721343
2004-12-13,2.8892792295176815
2004-12-14,2.850781709669921
2004-12-15,2.8560101532060944
2004-12-16,2.838065802358026
2004-12-17,2.8045373275678243
2004-12-18,2.81794775582534
2004-12-19,2.817240702693354
2004-12-20,2.8418232710069944
2004-12-21,2.8340789048891635
2004-12-22,2.872090704640541
2004-12-23,2.8690673006196787
2004-12-24,2.8493464106747437
2004-12-25,2.8554928986531136
2004-12-26,2.846486934711244
2004-12-27,2.846621134342555
2004-12-28,2.8320953091385346
2004-12-29,2.7771787902537692
2004-12-30,2.7832738086606343
2004-12-31,2.781006610084598
2005-01-01,2.7416994237660663
2005-01-02,2.7897599964108624
2005-01-03,2.7859250316912387
2005-01-04,2.773341192705481
2005-01-05,2.7913315963623595
2005-01-06,2.8039818968422634
2005-01-07,2.7994215771132955
2005-01-08,2.7915238380719183
2005-01-09,2.7917705249083564
2005-01-10,2.794016127978252
2005-01-11,2.830138168161028
2005-01-12,2.832702172671251
2005-01-13,2.8367770045882637
2005-01-14,2.845731346074065
2005-01-15,2.843865910876536
2005-01-16,2.8465423818788977
2005-01-17,2.8478417902718043
2005-01-18,2.9199162518281483
2005-01-19,2.959655027292728
2005-01-20,2.9631795586213494
2005-01-21,2.8506989932544364
2005-01-22,2.853977469785719
2005-01-23,2.8520689761834777
2005-01-24,2.851234533468481
2005-01-25,2.777434310345594
2005-01-26,2.72981709579019
2005-01-27,2.584028366231233
2005-01-28,2.708895457596732
2005-01-29,2.701703083293712
2005-01-30,2.689906485261877
2005-01-31,2.7714621732911553
2005-02-01,2.738402207949436
2005-02-02,2.7045244541098645
2005-02-03,2.6225229554392406
2005-02-04,2.6192175944581395
2005-02-05,2.6171968319104497
2005-02-06,2.625075397374249
2005-02-07,2.622365859681478
2005-02-08,2.4767807364401326
2005-02-09,2.502472364268812
2005-02-10,2.556059578785705
2005-02-11,2.572126481390536
2005-02-12,2.573975925949858
2005-02-13,2.566788230027366
2005-02-14,2.578557013812303
2005-02-15,2.5753649125592206
2005-02-16,2.5921227895852628
2005-02-17,2.5826422275520327
2005-02-18,2.599409463568618
2005-02-19,2.6045918645295267
2005-02-20,2.6085964322914754
2005-02-21,2.6142318096679364
2005-02-22,2.5478212957014517
2005-02-23,2.588428926726011
2005-02-24,2.570704467031881
2005-02-25,2.574953216898728
2005-02-26,2.5782716109420223
2005-02-27,2.5809651055059377
2005-02-28,2.587326350780053
2005-03-01,2.4938491661652407
2005-03-02,2.568183290963047
2005-03-03,2.579134175981852
2005-03-04,2.582529659205037
2005-03-05,2.5925877565648547
2005-03-06,2.593349220779084
2005-03-07,2.62375516203677
2005-03-08,2.6304754906720897
2005-03-09,2.683525859536762
2005-03-10,2.636198111907865
2005-03-11,2.634504606001709
2005-03-12,2.638029467520318
2005-03-13,2.63765569798829
2005-03-14,2.622732196503999
2005-03-15,2.624145178609642
2005-03-16,2.619627325460249
2005-03-17,2.624885324268095
2005-03-18,2.612628195019609
2005-03-19,2.620551977926185
2005-03-20,2.620285096124207
2005-03-21,2.6223778416625105
2005-03-22,2.551053378458672
2005-03-23,2.535825576734668
2005-03-24,2.5435279194246547
2005-03-25,2.562248605767169
2005-03-26,2.563200671613399
2005-03-27,2.557974356358196
2005-03-28,2.5657066969692144
2005-03-29,2.564935344625844
2005-03-30,2.5482066815085687
2005-03-31,2.5512446105770383
2005-04-01,2.5387657181206498
2005-04-02,2.5728486913452047
2005-04-03,2.5666510504648077
2005-04-04,2.5602516738035277
2005-04-05,2.550894498477697
2005-04-06,2.555993532544054
2005-04-07,2.569407674506828
2005-04-08,2.5688079733228255
2005-04-09,2.5640295319855806
2005-04-10,2.556542352093781
2005-04-11,2.5563695576048
2005-04-12,2.547535404862014
2005-04-13,2.551961322574421
2005-04-14,2.5051928568351154
2005-04-15,2.6089953299748467
2005-04-16,2.606015502088723
2005-04-17,2.603536356114808
2005-04-18,2.5947823282928857
2005-04-19,2.3979382605430755
2005-04-20,2.394463619629459
2005-04-21,2.463461353396548
2005-04-22,2.4345372748802143
2005-04-23,2.437993190530454
2005-04-24,2.4357178134480075
2005-04-25,2.427560043703471
2005-04-26,2.7558395725610807
2005-04-27,2.7238074556039575
2005-04-28,2.8434406422400516
2005-04-29,2.804421832986815
2005-04-30,2.8002010013490843
2005-05-01,2.812610935849062
2005-05-02,2.8428776264047677
2005-05-03,2.769568054465748
2005-05-04,2.723536459928712
2005-05-05,2.7632763287984896
2005-05-06,2.7585146500154902
2005-05-07,2.755520499642472
2005-05-08,2.767754031124317
2005-05-09,2.7215220340082436
2005-05-10,2.726716016357367
2005-05-11,2.657160364802368
2005-05-12,2.6902007454094976
2005-05-13,2.6813707217276983
2005-05-14,2.678463464390265
2005-05-15,2.674905324973111
2005-05-16,2.630926472853091
2005-05-17,2.62629989289414
2005-05-18,2.677774344650467
2005-05-19,2.6468637178243135
2005-05-20,2.645568251179058
2005-05-21,2.6440627349121653
2005-05-22,2.6465888736199785
2005-05-23,2.6784818765291565
2005-05-24,2.6770166214278333
2005-05-25,2.6860454239415383
2005-05-26,2.677470092453916
2005-05-27,2.681466891399749
2005-05-28,2.6763279923056635
2005-05-29,2.6876731165970984
2005-05-30,2.6735646471978893
2005-05-31,2.634338845827333
2005-06-01,2.527992261080307
2005-06-02,2.525277811878573
2005-06-03,2.526393004902257
2005-06-04,2.522408430642606
2005-06-05,2.528760402956305
2005-06-06,2.5174777058153808
2005-06-07,2.4659800102920606
2005-06-08,2.463794104445994
2005-06-09,2.517743988796475
2005-06-10,2.5341760703348046
2005-06-11,2.538633832377162
2005-06-12,2.5284655138708043
2005-06-13,2.5705737124625685
2005-06-14,2.5648111840224335
2005-06-15,2.507307499245774
2005-06-16,2.2554241047907766
2005-06-17,2.260970542940664
2005-06-18,2.281798863457893
2005-06-19,2.289676980106068
2005-06-20,2.3740844468940425
2005-06-21,2.3406004579673736
2005-06-22,2.394764035709753
2005-06-23,2.396761225873683
2005-06-24,2.402031031793195
2005-06-25,2.404164816162711
2005-06-26,2.405207660623816
2005-06-27,2.408841739073486
2005-06-28,2.4168950102842066
2005-06-29,2.447636478238894
2005-06-30,2.444092344356316
2005-07-01,2.4741332354480208
2005-07-02,2.493047348174132
2005-07-03,2.4957668113192972
2005-07-04,2.4996894635463627
2005-07-05,2.4765974183086845
2005-07-06,2.477429010879568
2005-07-07,2.481376749925518
2005-07-08,2.531875179991963
2005-07-09,2.5298186976522867
2005-07-10,2.524408052479481
2005-07-11,2.5284119986689486
2005-07-12,2.550778337951419
2005-07-13,2.5722019382069004
2005-07-14,2.562734783798448
2005-07-15,2.5580044229636716
2005-07-16,2.5562044097353818
2005-07-17,2.5589060998369626
2005-07-18,2.553200998884982
2005-07-19,2.6034780779408955
2005-07-20,2.662687357463496
2005-07-21,2.749964092482421
2005-07-22,2.6447928980872586
2005-07-23,2.650716378483918
2005-07-24,2.6530427650352664
2005-07-25,2.758645763938164
2005-07-26,2.6800589791837375
2005-07-27,2.7169325755247966
2005-07-28,2.6249084437903987
2005-07-29,2.768050034900593
2005-07-30,2.7461130936391447
2005-07-31,2.7433073591255503
2005-08-01,2.6470464502507847
2005-08-02,2.732622670381456
2005-08-03,2.7807867809250695
2005-08-04,2.7721364929644157
2005-08-05,2.7539313659678992
2005-08-06,2.7542948746494837
2005-08-07,2.76312232814514
2005-08-08,2.7869546997341175
2005-08-09,2.8659617787715748
2005-08-10,2.830855398635392
2005-08-11,2.8293777672406124
2005-08-12,2.8251263365651584
2005-08-13,2.832179439608246
2005-08-14,2.8359934864160223
2005-08-15,2.8264602756674684
2005-08-16,2.77862789021758
2005-08-17,2.6848846463407856
2005-08-18,2.7136304000699676
2005-08-19,2.7122398193959856
2005-08-20,2.7181047275681216
2005-08-21,2.7099787027784705
2005-08-22,2.6780858555259694
2005-08-23,2.678194935850566
2005-08-24,2.6423259396542633
2005-08-25,2.558055682507299
2005-08-26,2.550308499723531
2005-08-27,2.5568625337903965
2005-08-28,2.5638624846004205
2005-08-29,2.553324185839335
2005-08-30,2.5889796742395497
2005-08-31,2.604188219891011
2005-09-01,2.6574072253331957
2005-09-02,2.68452122422491
2005-09-03,2.6900444346848396
2005-09-04,2.6891695753237483
2005-09-05,2.704734801289283
2005-09-06,2.6519521909040513
2005-09-07,2.537854005811916
2005-09-08,2.548301047899958
2005-09-09,2.546266724027395
2005-09-10,2.5518531533156223
2005-09-11,2.563214832497654
2005-09-12,2.523848502283576
2005-09-13,2.5343420826366927
2005-09-14,2.5121177357271463
2005-09-15,2.481207345718654
2005-09-16,2.4564008116598126
2005-09-17,2.4669029200474477
2005-09-18,2.4729776423969474
2005-09-19,2.4856126528693987
2005-09-20,2.4042898480757144
2005-09-21,2.410792734532497
2005-09-22,2.376656828519806
2005-09-23,2.397680360711018
2005-09-24,2.3963541571646765
2005-09-25,2.3978211202775284
2005-09-26,2.468464924297684
2005-09-27,2.491387743403636
2005-09-28,2.498503794587896
2005-09-29,2.478923287278474
2005-09-30,2.4671333762161227
2005-10-01,2.441633927421447
2005-10-02,2.45751315184648
2005-10-03,2.4638585259996377
2005-10-04,2.4072680671199915
2005-10-05,2.4118336631510777
2005-10-06,2.4029028990543893
2005-10-07,2.411978403306462
2005-10-08,2.401541332274574
2005-10-09,2.3936354228878116
2005-10-10,2.390256235437477
2005-10-11,2.39006630562636
2005-10-12,2.3826592173041083
2005-10-13,2.3719579455103617
2005-10-14,2.4205576123986328
2005-10-15,2.4233306351627
2005-10-16,2.4174180066550135
2005-10-17,2.3863897608914675
2005-10-18,2.3606234212493455
2005-10-19,2.390119244314014
2005-10-20,2.3476288244423698
2005-10-21,2.3291476324406695
2005-10-22,2.319444630258001
2005-10-23,2.319743950221497
2005-10-24,2.317635700615539
2005-10-25,2.339388688005279
2005-10-26,2.270353632439476
2005-10-27,2.182199384521849
2005-10-28,2.178381449044797
2005-10-29,2.1822486549729088
2005-10-30,2.1813657445491668
2005-10-31,2.162752055313697
2005-11-01,2.153656538335828
2005-11-02,2.1995066277009583
2005-11-03,2.196790640193707
2005-11-04,2.176118698987779
2005-11-05,2.1858457058665217
2005-11-06,2.187814766353576
2005-11-07,2.1547609555802136
2005-11-08,2.1228676317671225
2005-11-09,2.084944211134219
2005-11-10,2.1169979650584536
2005-11-11,2.135574103114495
2005-11-12,2.1323974610663337
2005-11-13,2.1291005863404595
2005-11-14,2.1327110560677633
2005-11-15,2.119135491446147
2005-11-16,2.1457688812001647
2005-11-17,2.1088524915842672
2005-11-18,2.1094410457930524
2005-11-19,2.106052635837108
2005-11-20,2.103062235091613
2005-11-21,2.11429523791449
2005-11-22,2.1154319446314704
2005-11-23,2.1337521933011367
2005-11-24,2.144209555004733
2005-11-25,2.1443434674663733
2005-11-26,2.148367826282882
2005-11-27,2.1517013345848937
2005-11-28,2.1382678111208646
2005-11-29,2.1396610319438176
2005-11-30,2.144112033604577
2005-12-01,2.107211307068853
2005-12-02,2.111193364580644
2005-12-03,2.10859858241894
2005-12-04,2.1027003961582857
2005-12-05,2.0951191613268993
2005-12-06,2.0540814403306564
2005-12-07,1.9622255725955853
2005-12-08,1.9700355792578927
2005-12-09,1.942106180527539
2005-12-10,1.9452198315780047
2005-12-11,1.9477773422014557
2005-12-12,1.91295087287596
2005-12-13,1.8271020421783368
2005-12-14,1.7225830612090292
2005-12-15,1.6660829196535905
2005-12-16,1.6184489973816094
2005-12-17,1.6340089101806607
2005-12-18,1.6390252733557682
2005-12-19,1.6557689368529982
2005-12-20,1.746439864899269
2005-12-21,1.7603141000381235
2005-12-22,1.732660268709128
2005-12-23,1.7301295303088318
2005-12-24,1.7259160487046947
2005-12-25,1.7263816056490129
2005-12-26,1.7258300907330932
2005-12-27,1.7288179033119466
2005-12-28,1.7375894100582323
2005-12-29,1.7047007113445831
2005-12-30,1.7078615388571057
2005-12-31,1.7124749764503953
2006-01-01,1.7028247103970149
2006-01-02,1.6924788639540718
2006-01-03,1.6754498041945969
2006-01-04,1.659397364584987
2006-01-05,1.6566516716800497
2006-01-06,1.6512895843154174
2006-01-07,1.6551734167294416
2006-01-08,1.6737974814773295
2006-01-09,1.6799901568628508
2006-01-10,1.6932651386242876
2006-01-11,1.687882362900917
2006-01-12,1.695064283518237
2006-01-13,1.6976137542229068
2006-01-14,1.6927215078015725
2006-01-15,1.692026418712639
2006-01-16,1.6836321923516238
2006-01-17,1.777359992850749
2006-01-18,1.7616721901034915
2006-01-19,1.7941729754253948
2006-01-20,1.715217621535171
2006-01-21,1.7192446740225733
2006-01-22,1.7246628284696643
2006-01-23,1.6838731468904269
2006-01-24,1.650740036902149
2006-01-25,1.6686001220227844
2006-01-26,1.7820108682937752
2006-01-27,1.8022199682737776
2006-01-28,1.7870935604451188
2006-01-29,1.7818702801629334
2006-01-30,1.815571666647714
2006-01-31,1.7886347122738424
2006-02-01,1.7069215537097202
2006-02-02,1.6166350341386329
2006-02-03,1.590564532517052
2006-02-04,1.5934084740960095
2006-02-05,1.5861539366380653
2006-02-06,1.611545225193333
2006-02-07,1.5828194476870965
2006-02-08,1.6446256025568888
2006-02-09,1.6644606762961445
2006-02-10,1.6920940246736569
2006-02-11,1.6976313152778364
2006-02-12,1.6970709183706474
2006-02-13,1.7343958765393557
2006-02-14,1.7304383090342743
2006-02-15,1.7757688915038452
2006-02-16,1.7849560637418171
2006-02-17,1.6969206983936915
2006-02-18,1.7051831793727426
2006-02-19,1.7001612532352797
2006-02-20,1.7094899756346469
2006-02-21,1.7314968808974438
2006-02-22,1.7431995226929289
2006-02-23,1.7683614104518064
2006-02-24,1.775230432255844
2006-02-25,1.779981671733794
2006-02-26,1.774762108511623
2006-02-27,1.7536850371355934
2006-02-28,1.7473430084259785
2006-03-01,1.736617735202325
2006-03-02,1.7967992276198412
2006-03-03,1.7969662128145671
2006-03-04,1.8024557793081843
2006-03-05,1.8006141910970677
2006-03-06,1.9607161026297084
2006-03-07,1.9534851117393075
2006-03-08,1.922771187035208
2006-03-09,1.9115622121063944
2006-03-10,1.9168928668802423
2006-03-11,1.9192583746889125
2006-03-12,1.915125138989094
2006-03-13,1.889335284350856
2006-03-14,1.9179906156525304
2006-03-15,1.8974415355363752
2006-03-16,1.8909121407780909
2006-03-17,1.9134685784792036
2006-03-18,1.9161163094652465
2006-03-19,1.9154641999208293
2006-03-20,1.9630824845392705
2006-03-21,1.9680949770307876
2006-03-22,2.012115377738295
2006-03-23,2.009798909930461
2006-03-24,1.9711099427089689
2006-03-25,1.963162788822259
2006-03-26,1.964941850504662
2006-03-27,1.966500567377241
2006-03-28,1.9533023637317393
2006-03-29,1.9417507860501575
2006-03-30,1.9312088064203503
2006-03-31,1.9229850157089237
2006-04-01,1.9248826835947623
2006-04-02,1.9286408164123017
2006-04-03,1.9388682241147024
2006-04-04,1.952806890922341
2006-04-05,1.9410477863266544
2006-04-06,1.9754625815415576
2006-04-07,1.9631582125153164
2006-04-08,1.978581550930232
2006-04-09,1.973072243998534
2006-04-10,1.9981159863639568
2006-04-11,1.97182125840115
2006-04-12,1.9856500084399873
2006-04-13,1.9277220502939167
2006-04-14,1.9177682301855656
2006-04-15,1.9157528398996493
2006-04-16,1.9190856825717977
2006-04-17,1.9105856306694984
2006-04-18,1.8424893339622304
2006-04-19,1.8731078551967852
2006-04-20,1.9038253424427776
2006-04-21,1.8703265108355156
2006-04-22,1.8666326177638384
2006-04-23,1.8584403556398907
2006-04-24,1.8777416494430617
2006-04-25,1.9320034033828644
2006-04-26,1.8975648724608007
2006-04-27,1.860520683081288
2006-04-28,1.8839258612235628
2006-04-29,1.883605201068118
2006-04-30,1.8806928908396705
2006-05-01,1.8788085526517968
2006-05-02,1.9597333449539975
2006-05-03,1.9183656590445783
2006-05-04,1.9089557351753963
2006-05-05,1.775422689902787
2006-05-06,1.781423267653971
2006-05-07,1.7741572027915475
2006-05-08,2.020271027643826
2006-05-09,2.050849171722933
2006-05-10,2.038604429030624
2006-05-11,2.0460750473440674
2006-05-12,2.0415382179030717
2006-05-13,2.0371929386896457
2006-05-14,2.038079782756656
2006-05-15,1.9844361936666504
2006-05-16,2.041787669712937
2006-05-17,2.03928589738501
2006-05-18,1.9969949109947993
2006-05-19,1.9931183204052365
2006-05-20,1.9922198773130373
2006-05-21,1.9927843489352168
2006-05-22,1.971423665681672
2006-05-23,1.9932079642484597
2006-05-24,2.002786835699277
2006-05-25,2.014332326118616
2006-05-26,2.0179811622988546
2006-05-27,2.0181271354394257
2006-05-28,2.0090659870758674
2006-05-29,2.0303534100209095
2006-05-30,2.0093901590431957
2006-05-31,2.0032619380401764
2006-06-01,2.014898474762616
2006-06-02,2.019374326546468
2006-06-03,2.019684225655448
2006-06-04,2.00838939057565
2006-06-05,2.02365704590337
2006-06-06,1.9467899234651584
2006-06-07,1.9532330427317248
2006-06-08,1.949878560028428
2006-06-09,2.0877262509925876
2006-06-10,2.088134576720261
2006-06-11,2.084797709884732
2006-06-12,2.086266701676937
2006-06-13,2.1400192085594485
2006-06-14,2.1952530862004256
2006-06-15,2.198711760657869
2006-06-16,2.188700254406883
2006-06-17,2.1791762156404584
2006-06-18,2.1804645230245994
2006-06-19,2.041905506560357
2006-06-20,2.038854160491382
2006-06-21,2.0963723214284973
2006-06-22,2.189980554536904
2006-06-23,2.200594025483234
2006-06-24,2.193967786841008
2006-06-25,2.1968799046019183
2006-06-26,2.1957185689370022
2006-06-27,2.362391989359461
2006-06-28,2.372585538897474
2006-06-29,2.331826838892871
2006-06-30,2.32751278566586
2006-07-01,2.3051432185727583
2006-07-02,2.3225156683696326
2006-07-03,2.3226456544632392
2006-07-04,2.3362227914063016
2006-07-05,2.3045366061705006
2006-07-06,2.2858604002611687
2006-07-07,2.301223502073358
2006-07-08,2.301464005042109
2006-07-09,2.3017493868465304
2006-07-10,2.305160547143079
2006-07-11,2.2879838952490266
2006-07-12,2.2733651665191505
2006-07-13,2.287985142763606
2006-07-14,2.2839330423953736
2006-07-15,2.286155255625684
2006-07-16,2.295496616816471
2006-07-17,2.278051926446743
2006-07-18,2.2767562930444805
2006-07-19,2.2627815914568497
2006-07-20,2.1751475092747885
2006-07-21,2.175333082271691
2006-07-22,2.166653794616958
2006-07-23,2.167272665639892
2006-07-24,2.125287171770033
2006-07-25,2.2114243716626594
2006-07-26,2.2650589489821473
2006-07-27,2.274540805764186
2006-07-28,2.318442310920177
2006-07-29,2.314278940330391
2006-07-30,2.3119051766573073
2006-07-31,2.068556891768991
2006-08-01,2.150818892840122
2006-08-02,2.179882451370199
2006-08-03,2.2448078883497677
2006-08-04,2.209915408176017
2006-08-05,2.214810412247508
2006-08-06,2.2202578496953715
2006-08-07,2.220118311931087
2006-08-08,2.2619474107953126
2006-08-09,2.2566639119335496
2006-08-10,2.2623744871438
2006-08-11,2.24983143173564
2006-08-12,2.242406490406683
2006-08-13,2.2405706446132476
2006-08-14,2.2391634115920236
2006-08-15,2.2496374592380644
2006-08-16,2.255083867051492
2006-08-17,2.25596271723106
2006-08-18,2.2452845156649643
2006-08-19,2.242378421770332
2006-08-20,2.251195482031733
2006-08-21,2.260058613416564
2006-08-22,2.2652574613290835
2006-08-23,2.277343725644137
2006-08-24,2.3055231254365753
2006-08-25,2.304998197007213
2006-08-26,2.3038719784895516
2006-08-27,2.296787429826664
2006-08-28,2.2705745710345324
2006-08-29,2.281773388933384
2006-08-30,2.304168720534431
2006-08-31,2.3712069912938194
2006-09-01,2.2865914154301987
2006-09-02,2.297501770059907
2006-09-03,2.301377920539441
2006-09-04,2.323918243883542
2006-09-05,2.4042615033586903
2006-09-06,2.4206454159867974
2006-09-07,2.36087719927046
2006-09-08,2.3950015760653756
2006-09-09,2.389278870444417
2006-09-10,2.3872812190893233
2006-09-11,2.378520607688668
2006-09-12,2.0879098726146754
2006-09-13,2.1634048850294736
2006-09-14,2.0664901164719756
2006-09-15,2.099614804696076
2006-09-16,2.1102894480924395
2006-09-17,2.115838032015954
2006-09-18,2.1107872775689285
2006-09-19,2.150679980199192
2006-09-20,2.151645472568191
2006-09-21,2.1400426216797817
2006-09-22,2.1418453020939068
2006-09-23,2.1480373406298
2006-09-24,2.1488648804906165
2006-09-25,2.2234585345221873
2006-09-26,2.21192996536532
2006-09-27,2.297546144608748
2006-09-28,2.288317829266163
2006-09-29,2.286137701486808
2006-09-30,2.281956033716873
2006-10-01,2.247787231061407
2006-10-02,2.2953007401089964
2006-10-03,2.30472184167306
2006-10-04,2.2931175849610033
2006-10-05,2.341518770704157
2006-10-06,2.3404945868718836
2006-10-07,2.3381259522748774
2006-10-08,2.3427563126813125
2006-10-09,2.3374666278063043
2006-10-10,2.3387822503588573
2006-10-11,2.3413837786383147
2006-10-12,2.369223464792726
2006-10-13,2.343046081814361
2006-10-14,2.34348087586095
2006-10-15,2.341768565346152
2006-10-16,2.34721899247558
2006-10-17,2.3650933585696765
2006-10-18,2.3668132545259906
2006-10-19,2.422000652933914
2006-10-20,2.3826229464010895
2006-10-21,2.387007637869572
2006-10-22,2.388564187104397
2006-10-23,2.343559765798238
2006-10-24,2.2661808078907053
2006-10-25,2.115619452441926
2006-10-26,2.059050599029851
2006-10-27,1.9885710212232937
2006-10-28,1.9913304422196811
2006-10-29,1.9905933092411203
2006-10-30,2.0015242680163037
2006-10-31,2.044397097619616
2006-11-01,2.071674731552025
2006-11-02,2.094315725057424
2006-11-03,2.187974481352293
2006-11-04,2.1942830398333726
2006-11-05,2.1884942744287113
2006-11-06,2.1786405747904114
2006-11-07,2.2090102456020793
2006-11-08,2.1825242386129826
2006-11-09,2.203614803999079
2006-11-10,2.1928338636573814
2006-11-11,2.1819139681654587
2006-11-12,2.1861889622572743
2006-11-13,2.1542196654659267
2006-11-14,2.15637622797768
2006-11-15,2.143204206934894
2006-11-16,2.157405171120577
2006-11-17,2.154826837954399
2006-11-18,2.1615097791698705
2006-11-19,2.1668633970895748
2006-11-20,2.1736262681788125
2006-11-21,2.2074718633158867
2006-11-22,2.2065815363061763
2006-11-23,2.1911076467659747
2006-11-24,2.178081914072303
2006-11-25,2.1782429854948444
2006-11-26,2.1902850844389783
2006-11-27,2.1829615403280944
2006-11-28,2.174490132772341
2006-11-29,2.187229732648004
2006-11-30,2.1882440427292464
2006-12-01,2.187709451759518
2006-12-02,2.206128554497015
2006-12-03,2.200128631574591
2006-12-04,2.2049444601732997
2006-12-05,2.144477979902694
2006-12-06,2.113486900150688
2006-12-07,1.9608798096383584
2006-12-08,2.06734149296305
2006-12-09,2.0528906662457818
2006-12-10,2.050267723870957
2006-12-11,1.987110683240677
2006-12-12,2.000713076155273
2006-12-13,1.94459669552742
2006-12-14,2.008032804493501
2006-12-15,1.8394523560990963
2006-12-16,1.8500534238933704
2006-12-17,1.852695508626464
2006-12-18,1.8740569640060232
2006-12-19,1.838119683148912
2006-12-20,1.8103263604676376
2006-12-21,1.7962160605080064
2006-12-22,1.84085802926132
2006-12-23,1.838447575969979
2006-12-24,1.8360272354314509
2006-12-25,1.8207627452902095
2006-12-26,1.776964947368047
2006-12-27,1.7620894332030572
2006-12-28,1.7487897969331074
2006-12-29,1.757602593892833
2006-12-30,1.7586619054056225
2006-12-31,1.7627606201049586
2007-01-01,1.7375076880343905
2007-01-02,1.7373600049593865
2007-01-03,1.7432795596496071
2007-01-04,1.7638696595375514
2007-01-05,1.751835423766552
2007-01-06,1.7536131816676246
2007-01-07,1.7575090764947483
2007-01-08,1.7644171496028138
2007-01-09,1.7674740055709803
2007-01-10,1.7791663378512967
2007-01-11,1.774350115228734
2007-01-12,1.7817547472519475
2007-01-13,1.7885080156898685
2007-01-14,1.785202789406347
2007-01-15,1.783835149599723
2007-01-16,1.7963520776184374
2007-01-17,1.818702633274588
2007-01-18,1.647017479997474
2007-01-19,1.6273233699594554
2007-01-20,1.6396714814037243
2007-01-21,1.64681199896916
2007-01-22,1.6646120131480466
2007-01-23,1.6161114843783468
2007-01-24,1.560349977348826
2007-01-25,1.59852113641469
2007-01-26,1.5934041718746554
2007-01-27,1.59886482349781
2007-01-28,1.6070467923816525
2007-01-29,1.6325785943507698
2007-01-30,1.5731832962788488
2007-01-31,1.6013748774741174
2007-02-01,1.6914555457378688
2007-02-02,1.631728701912225
2007-02-03,1.633913460686308
2007-02-04,1.626342348824432
2007-02-05,1.5870027716528703
2007-02-06,1.513977001852132
2007-02-07,1.5819529725206272
2007-02-08,1.640330316092144
2007-02-09,1.6455529694136064
2007-02-10,1.643661640726047
2007-02-11,1.643283932855199
2007-02-12,1.662007341240298
2007-02-13,1.6454743020312508
2007-02-14,1.649175221816784
2007-02-15,1.5451725279546775
2007-02-16,1.5643297984285254
2007-02-17,1.5672406171102145
2007-02-18,1.5682709812003024
2007-02-19,1.5441696179457882
2007-02-20,1.479829254616653
2007-02-21,1.546569762574134
2007-02-22,1.513766228031972
2007-02-23,1.5230486724735788
2007-02-24,1.5249388885290702
2007-02-25,1.5545638978333736
2007-02-26,1.5419886564847092
2007-02-27,1.503705295615853
2007-02-28,1.461366976623797
2007-03-01,1.4980069689864726
2007-03-02,1.451339260898913
2007-03-03,1.453293604342366
2007-03-04,1.455090973523224
2007-03-05,1.4398936079265643
2007-03-06,1.4445352196127403
2007-03-07,1.3735309689937183
2007-03-08,1.3776380848672949
2007-03-09,1.4028724912266073
2007-03-10,1.4089528779908176
2007-03-11,1.4125769475192247
2007-03-12,1.3779563136259998
2007-03-13,1.3767882351690597
2007-03-14,1.531768228154209
2007-03-15,1.6191771270025732
2007-03-16,1.613501393441496
2007-03-17,1.6083375801790505
2007-03-18,1.6141964457381843
2007-03-19,1.6494852057448135
2007-03-20,1.5784508866971314
2007-03-21,1.5509684829429873
2007-03-22,1.5724575897958049
2007-03-23,1.590510349977679
2007-03-24,1.5799413426075106
2007-03-25,1.5773078418846185
2007-03-26,1.587940478061508
2007-03-27,1.6181865263065816
2007-03-28,1.6568097536987167
2007-03-29,1.6315417532486576
2007-03-30,1.5972945063144155
2007-03-31,1.5946271795631046
2007-04-01,1.6031921595917284
2007-04-02,1.6213053291181687
2007-04-03,1.6319810418335827
2007-04-04,1.655047033841639
2007-04-05,1.677920230833137
2007-04-06,1.6588777737505214
2007-04-07,1.6569375107582776
2007-04-08,1.6657672937566177
2007-04-09,1.631372180273572
2007-04-10,1.6392426024793636
2007-04-11,1.616413142835949
2007-04-12,1.598884929711839
2007-04-13,1.810750963116016
2007-04-14,1.8006331643241484
2007-04-15,1.789673411334368
2007-04-16,1.7782543974253122
2007-04-17,1.8000994782375623
2007-04-18,1.7570495406204345
2007-04-19,1.6959773590752132
2007-04-20,1.680126280341122
2007-04-21,1.6805793462639556
2007-04-22,1.6813730265308913
2007-04-23,1.6303292549916482
2007-04-24,1.7327741262308547
2007-04-25,1.7128928407534751
2007-04-26,1.8375565148512376
2007-04-27,1.8422992176855617
2007-04-28,1.837886649277526
2007-04-29,1.8340512150952264
2007-04-30,1.875778689488159
2007-05-01,1.8498391696364385
2007-05-02,1.8008779929572647
2007-05-03,1.702418301283962
2007-05-04,1.683568106862385
2007-05-05,1.677500528842507
2007-05-06,1.679989271503954
2007-05-07,1.6715274915282143
2007-05-08,1.62776442802422
2007-05-09,1.631913239520431
2007-05-10,1.6294305728530625
2007-05-11,1.637233387598647
2007-05-12,1.5755892580492452
2007-05-13,1.5730976910684566
2007-05-14,1.5867719964874298
2007-05-15,1.5700612729402557
2007-05-16,1.5791482063585398
2007-05-17,1.5634729611454106
2007-05-18,1.5610131494715809
2007-05-19,1.5632427275220715
2007-05-20,1.5645279487734858
2007-05-21,1.6064879090827815
2007-05-22,1.5929001261047653
2007-05-23,1.5790307522236235
2007-05-24,1.56756702584448
2007-05-25,1.574737744882008
2007-05-26,1.5725199555871154
2007-05-27,1.5650691281835136
2007-05-28,1.5594687542977008
2007-05-29,1.5602941988218606
2007-05-30,1.554504795133523
2007-05-31,1.586376604988802
2007-06-01,1.5844636739288822
2007-06-02,1.5882850258769896
2007-06-03,1.576673707021904
2007-06-04,1.5781411888725496
2007-06-05,1.4900197610645922
2007-06-06,1.4993718337866089
2007-06-07,1.504618321114802
2007-06-08,1.5081132402501791
2007-06-09,1.5093381901796423
2007-06-10,1.5062990251933654
2007-06-11,1.5724625597268929
2007-06-12,1.610435617801034
2007-06-13,1.6300894143014966
2007-06-14,1.5776541315805428
2007-06-15,1.6000346587190877
2007-06-16,1.5958870096571234
2007-06-17,1.5927404637643403
2007-06-18,1.5494273570737076
2007-06-19,1.5786126454335878
2007-06-20,1.6459214384413294
2007-06-21,1.7467900359146682
2007-06-22,1.7206955963316035
2007-06-23,1.7140176460493397
2007-06-24,1.712286030279374
2007-06-25,1.682115113992203
2007-06-26,1.7121174557395222
2007-06-27,1.679885309602206
2007-06-28,1.705006137911776
2007-06-29,1.6911561938396968
2007-06-30,1.698002326991733
2007-07-01,1.7038679027263035
2007-07-02,1.680432038188306
2007-07-03,1.6976339201710262
2007-07-04,1.6566427966250838
2007-07-05,1.639210974312884
2007-07-06,1.732614787667366
2007-07-07,1.7269470685938737
2007-07-08,1.727972340941515
2007-07-09,1.7248453147009493
2007-07-10,1.7170559079700125
2007-07-11,1.7011532040387576
2007-07-12,1.6656643172233518
2007-07-13,1.6708537340548704
2007-07-14,1.6718474868213251
2007-07-15,1.675165820506005
2007-07-16,1.681185494856376
2007-07-17,1.763136412355144
2007-07-18,1.7293054235913838
2007-07-19,1.6775794515494602
2007-07-20,1.6820785848307456
2007-07-21,1.6725186767892228
2007-07-22,1.6811516752513336
2007-07-23,1.5316492018470866
2007-07-24,1.6314806729889038
2007-07-25,1.6199653155968716
2007-07-26,1.6040084898228486
2007-07-27,1.6394473079148977
2007-07-28,1.630264046051423
2007-07-29,1.631504185670931
2007-07-30,1.6605598962581567
2007-07-31,1.815566973402118
2007-08-01,1.900527039155509
2007-08-02,1.9303665033741648
2007-08-03,1.9636131039624176
2007-08-04,1.9722215621300905
2007-08-05,1.95798803517627
2007-08-06,1.949635018508802
2007-08-07,1.9747785191778409
2007-08-08,2.0230494273111455
2007-08-09,2.0687256482793592
2007-08-10,2.056278884903076
2007-08-11,2.0479053138354653
2007-08-12,2.060187151263311
2007-08-13,2.074140789938397
2007-08-14,2.0980481196532494
2007-08-15,2.1100366504281567
2007-08-16,2.082123525243199
2007-08-17,2.087564167854673
2007-08-18,2.083936727342902
2007-08-19,2.0923410019390856
2007-08-20,2.1043099697816716
2007-08-21,2.11085779820938
2007-08-22,2.1245512866084173
2007-08-23,2.1382777279263174
2007-08-24,2.1368024113761463
2007-08-25,2.130409391072235
2007-08-26,2.1284446465982763
2007-08-27,2.124459692900387
2007-08-28,2.1405101956869697
2007-08-29,2.1178305220877984
2007-08-30,2.2258413373778234
2007-08-31,2.231020635320382
2007-09-01,2.221025136021253
2007-09-02,2.233381401505532
2007-09-03,2.2294008117519724
2007-09-04,2.297338052030214
2007-09-05,2.3320200240780298
2007-09-06,2.341700900476941
2007-09-07,2.3432406877899266
2007-09-08,2.3279018957234077
2007-09-09,2.3241319839361108
2007-09-10,2.307758749812921
2007-09-11,2.199353657895615
2007-09-12,2.1931428678464227
2007-09-13,2.1707813780338983
2007-09-14,2.1765428457719973
2007-09-15,2.183253049166191
2007-09-16,2.191715301680702
2007-09-17,2.184188950123407
2007-09-18,2.125991236570346
2007-09-19,2.16621499638251
2007-09-20,2.174363283934884
2007-09-21,2.2971717440204893
2007-09-22,2.2949460190659563
2007-09-23,2.2915621625053033
2007-09-24,1.9613413348367583
2007-09-25,1.954721463209787
2007-09-26,1.959457088061981
2007-09-27,1.9655554216092253
2007-09-28,1.982463954618043
2007-09-29,1.9741379404168329
2007-09-30,1.965814376135943
2007-10-01,1.9825112318058435
2007-10-02,1.9896605995288392
2007-10-03,1.9999757181913385
2007-10-04,2.032718593983098
2007-10-05,2.040914813171695
2007-10-06,2.0348671678051664
2007-10-07,2.0415609630358342
2007-10-08,2.0381803185405896
2007-10-09,2.0444439419417386
2007-10-10,2.0243940731537657
2007-10-11,2.025144381067288
2007-10-12,1.9898658053359577
2007-10-13,1.9888463643038667
2007-10-14,1.9972575265843235
2007-10-15,1.987915100729415
2007-10-16,2.005243117321234
2007-10-17,1.9969916481527592
2007-10-18,2.0548638519353917
2007-10-19,2.0573051786223195
2007-10-20,2.0532332324130858
2007-10-21,2.04310256930743
2007-10-22,2.1492724406703294
2007-10-23,2.0709338226947125
2007-10-24,2.155767455477391
2007-10-25,2.091625148505166
2007-10-26,2.141805754040208
2007-10-27,2.1405383837548833
2007-10-28,2.1460205279349744
2007-10-29,2.133542622132988
2007-10-30,2.1985554445614617
2007-10-31,2.2221256297409315
2007-11-01,2.1783285581980785
2007-11-02,2.193304512666627
2007-11-03,2.199118223131435
2007-11-04,2.1897458683938646
2007-11-05,2.1693202884407548
2007-11-06,2.073557698120089
2007-11-07,2.0487714235265115
2007-11-08,2.007434625467016
2007-11-09,2.0087726454234525
2007-11-10,2.0250155487007455
2007-11-11,2.0263341152003926
2007-11-12,2.0457956163696083
2007-11-13,2.0078183051043785
2007-11-14,1.9867038836508517
2007-11-15,1.9637718079427855
2007-11-16,1.9666385762177792
2007-11-17,1.9710841249322837
2007-11-18,1.9781177675374768
2007-11-19,1.9742012256028836
2007-11-20,1.967763381918268
2007-11-21,1.9572446309008529
2007-11-22,1.96164204283304
2007-11-23,1.93652421732337
2007-11-24,1.9355466560536791
2007-11-25,1.9412864705065176
2007-11-26,1.9495418234463444
2007-11-27,1.9228524901598567
2007-11-28,1.9181417045539064
2007-11-29,1.889715098377468
2007-11-30,1.8927522566818773
2007-12-01,1.891428342846256
2007-12-02,1.8885831530070951
2007-12-03,1.8998165561229696
2007-12-04,1.8716790588708576
2007-12-05,1.9034201477304993
2007-12-06,1.9465161904712824
2007-12-07,1.9265603672910403
2007-12-08,1.9273724025878285
2007-12-09,1.9405794606012892
2007-12-10,1.9185285023229013
2007-12-11,1.8757661777538408
2007-12-12,1.7976409932758155
2007-12-13,1.8109441263113115
2007-12-14,1.7419881632245444
2007-12-15,1.7516833254304136
2007-12-16,1.7560362801646765
2007-12-17,2.072502266846538
2007-12-18,1.9827995765921909
2007-12-19,1.9993140724437737
2007-12-20,1.9235224463480596
2007-12-21,1.9308073930989496
2007-12-22,1.9289129139325256
2007-12-23,1.9224995651089944
2007-12-24,1.885251358614788
2007-12-25,1.90579182017604
2007-12-26,1.9057182772515324
2007-12-27,1.9119476113413816
2007-12-28,1.924531632547727
2007-12-29,1.9242933676541485
2007-12-30,1.9086385268922832
2007-12-31,1.9159757608474757
2008-01-01,1.912201557221158
2008-01-02,1.942795517362228
2008-01-03,1.9544378154508288
2008-01-04,1.9743951967981832
2008-01-05,1.9644328743332728
2008-01-06,1.9524360700854209
2008-01-07,1.9453415672893084
2008-01-08,1.9531364335845176
2008-01-09,1.9588528439444968
2008-01-10,1.9053481505538432
2008-01-11,1.918483248143736
2008-01-12,1.9397113195451092
2008-01-13,1.9403078284025137
2008-01-14,1.9304569278328605
2008-01-15,1.943777029213074
2008-01-16,1.935269501221518
2008-01-17,1.975289060010808
2008-01-18,1.965413787076793
2008-01-19,1.966742213446489
2008-01-20,1.9661182876446752
2008-01-21,1.9558095516363487
2008-01-22,2.0135264775213124
2008-01-23,2.017740320567885
2008-01-24,2.0242241032884976
2008-01-25,2.0341248431570493
2008-01-26,2.0290101158224108
2008-01-27,2.0339342360048143
2008-01-28,2.0131080387607705
2008-01-29,1.913982377017065
2008-01-30,1.7626978838248857
2008-01-31,1.7571184239312618
2008-02-01,1.787575350332659
2008-02-02,1.825415154201551
2008-02-03,1.8210562567717743
2008-02-04,1.7826334624910571
2008-02-05,1.822204346238133
2008-02-06,1.8033899290427635
2008-02-07,1.7720078100581855
2008-02-08,1.7664352143520006
2008-02-09,1.7551031358561
2008-02-10,1.746135864117193
2008-02-11,1.7922591751706909
2008-02-12,1.709507308667271
2008-02-13,1.7040132048415275
2008-02-14,1.7311577154825486
2008-02-15,1.7279941636621947
2008-02-16,1.7318010941286803
2008-02-17,1.7140850812428388
2008-02-18,1.692398601042454
2008-02-19,1.7035825859224347
2008-02-20,1.6900672958528564
2008-02-21,1.7382305448971789
2008-02-22,1.7332939516931989
2008-02-23,1.7253397085536055
2008-02-24,1.7552718843885229
2008-02-25,1.7174147399159383
2008-02-26,1.7375589092444028
2008-02-27,1.7589486923524562
2008-02-28,1.7204574095455991
2008-02-29,1.6096546446673752
2008-03-01,1.590473540919984
2008-03-02,1.6197019536756008
2008-03-03,1.6014046493203014
2008-03-04,1.5822608864197258
2008-03-05,1.5429825204436964
2008-03-06,1.5202109535839403
2008-03-07,1.553918162853788
2008-03-08,1.5150211625436034
2008-03-09,1.5085466685780085
2008-03-10,1.540713614751843
2008-03-11,1.5962224348141565
2008-03-12,1.7297290973805612
2008-03-13,1.6883593960295378
2008-03-14,1.7127021150794468
2008-03-15,1.709859135998144
2008-03-16,1.7152220392783728
2008-03-17,1.7125222790624284
2008-03-18,1.6283731281757066
2008-03-19,1.5927970572263888
2008-03-20,1.6070089555283096
2008-03-21,1.563916112599799
2008-03-22,1.5665357664700594
2008-03-23,1.5740911236276725
2008-03-24,1.612718800310342
2008-03-25,1.584243788636325
2008-03-26,1.5769250749989498
2008-03-27,1.5710921087479888
2008-03-28,1.5597709205503842
2008-03-29,1.5579734491255457
2008-03-30,1.600193222766298
2008-03-31,1.620849256468445
2008-04-01,1.5988908049292605
2008-04-02,1.65373913360779
2008-04-03,1.6616156969381486
2008-04-04,1.6755477700656145
2008-04-05,1.6635491410715806
2008-04-06,1.656786750946346
2008-04-07,1.6481481716629105
2008-04-08,1.6294168477391384
2008-04-09,1.6308742434550418
2008-04-10,1.6395198517363774
2008-04-11,1.5915372496346976
2008-04-12,1.5948057872873247
2008-04-13,1.6010251775029989
2008-04-14,1.59058210112512
2008-04-15,1.5737731386203055
2008-04-16,1.4809538928115953
2008-04-17,1.471716982870839
2008-04-18,1.457887766997289
2008-04-19,1.454821711444311
2008-04-20,1.453610726109991
2008-04-21,1.524375070065905
2008-04-22,1.459813754797853
2008-04-23,1.450074794314479
2008-04-24,1.4366830372095234
2008-04-25,1.457964334884135
2008-04-26,1.4479694303569874
2008-04-27,1.441097553409218
2008-04-28,1.455628202940841
2008-04-29,1.4991163826577434
2008-04-30,1.4846933312361343
2008-05-01,1.3902136339287334
2008-05-02,1.3206653218232476
2008-05-03,1.3267343912115193
2008-05-04,1.3197017064180323
2008-05-05,1.2980619541930138
2008-05-06,1.279401808794278
2008-05-07,1.244874614878019
2008-05-08,1.2369224415479991
2008-05-09,1.2035951595290624
2008-05-10,1.2070718958905549
2008-05-11,1.2116820681245175
2008-05-12,1.1790453836637227
2008-05-13,1.2138315951550798
2008-05-14,1.156542328514495
2008-05-15,1.121278622069274
2008-05-16,1.1205648767514993
2008-05-17,1.1301311924569692
2008-05-18,1.11969119681233
2008-05-19,1.1318805396903462
2008-05-20,1.1450604590275304
2008-05-21,1.1733473274426238
2008-05-22,1.163491676628872
2008-05-23,1.1679592696908965
2008-05-24,1.160251769152848
2008-05-25,1.1453837562726377
2008-05-26,1.142902708683356
2008-05-27,1.1367975351737605
2008-05-28,1.1183150779844362
2008-05-29,1.075642941843085
2008-05-30,1.0841239673429428
2008-05-31,1.0836978822047036
2008-06-01,1.1908267011472502
2008-06-02,1.219261092144624
2008-06-03,1.201876963015868
2008-06-04,1.181415986172314
2008-06-05,1.3171292242345904
2008-06-06,1.3343828003007427
2008-06-07,1.3162287302001707
2008-06-08,1.275078677385077
2008-06-09,1.2929360740703566
2008-06-10,1.3397303361858623
2008-06-11,1.3268142972716672
2008-06-12,1.314566473243618
2008-06-13,1.3172559670988755
2008-06-14,1.3097828233614726
2008-06-15,1.3161423412240738
2008-06-16,1.270286877989208
2008-06-17,1.293363784742424
2008-06-18,1.2806360952281597
2008-06-19,1.2500759392955474
2008-06-20,1.2936936015026683
2008-06-21,1.3035126875399614
2008-06-22,1.3069433395581471
2008-06-23,1.3302560070783946
2008-06-24,1.4115043279303885
2008-06-25,1.3802729205065385
2008-06-26,1.3545784230039082
2008-06-27,1.3470927419253265
2008-06-28,1.3396553633744557
2008-06-29,1.340796159508554
2008-06-30,1.3577725039929551
2008-07-01,1.3450821538378823
2008-07-02,1.3756642753903974
2008-07-03,1.4151064205567976
2008-07-04,1.4108299728174605
2008-07-05,1.408580605869597
2008-07-06,1.4008334025349327
2008-07-07,1.398302101112919
2008-07-08,1.4062659438129463
2008-07-09,1.3140479583172482
2008-07-10,1.3274724372499984
2008-07-11,1.3283442173459417
2008-07-12,1.3257827013163372
2008-07-13,1.326792515085959
2008-07-14,1.3172004484069917
2008-07-15,1.2898045010664982
2008-07-16,1.3022911135097426
2008-07-17,1.2926114746619064
2008-07-18,1.3079560949718625
2008-07-19,1.3059837755051735
2008-07-20,1.309208773919442
2008-07-21,1.2872946769870297
2008-07-22,1.2794039873655911
2008-07-23,1.3319629598407885
2008-07-24,1.296628335249479
2008-07-25,1.2677241300433193
2008-07-26,1.264705609124696
2008-07-27,1.2632415173042797
2008-07-28,1.2828294806816078
2008-07-29,1.2389254155572482
2008-07-30,1.2211183137816326
2008-07-31,1.2248986162126336
2008-08-01,1.0949861582663316
2008-08-02,1.1360770077885758
2008-08-03,1.1372613044059046
2008-08-04,1.13810525326264
2008-08-05,1.1335366422040394
2008-08-06,1.1449862074685535
2008-08-07,1.1527168917509554
2008-08-08,1.1284169599990486
2008-08-09,1.123964043179259
2008-08-10,1.121103900716782
2008-08-11,1.0146339773172812
2008-08-12,0.94873429709726
2008-08-13,0.9605856854169084
2008-08-14,0.9628161037711774
2008-08-15,0.9696440332240414
2008-08-16,0.9724197636614536
2008-08-17,0.9596353522630432
2008-08-18,1.0582038852578193
2008-08-19,1.0990845610984168
2008-08-20,1.0853594120744396
2008-08-21,1.0950559893474172
2008-08-22,1.0898668750691172
2008-08-23,1.0996736860207614
2008-08-24,1.0005438416540922
2008-08-25,1.0273869272689928
2008-08-26,1.0169341644517935
2008-08-27,1.029475990865529
2008-08-28,1.0227928016836003
2008-08-29,0.8410171194692535
2008-08-30,0.8359618809675279
2008-08-31,0.8370312730996322
2008-09-01,0.8956562949830282
2008-09-02,0.9009737140238904
2008-09-03,0.9141634173716944
2008-09-04,0.962227080378684
2008-09-05,0.9347389691303344
2008-09-06,0.9341485697897436
2008-09-07,0.9175177787396154
2008-09-08,0.8697541541267726
2008-09-09,0.7775507286593469
2008-09-10,0.8103399719572023
2008-09-11,0.7653516152952886
2008-09-12,0.7589699975579982
2008-09-13,0.7588125539739804
2008-09-14,0.7688091403872264
2008-09-15,0.7332807414056418
2008-09-16,0.7706553103680128
2008-09-17,0.9006620440282864
2008-09-18,0.911642568500003
2008-09-19,0.9895593368353306
2008-09-20,0.9978433815900264
2008-09-21,0.99664167261222
2008-09-22,1.009531610541528
2008-09-23,1.0298527083583326
2008-09-24,1.005829368039645
2008-09-25,1.0080528302738094
2008-09-26,0.982752714085868
2008-09-27,1.028074039324155
2008-09-28,1.033693913144034
2008-09-29,1.0365523616752963
2008-09-30,1.064143394505851
2008-10-01,1.082838039028363
2008-10-02,1.0999155555503208
2008-10-03,1.1052354058419112
2008-10-04,1.1115816487990149
2008-10-05,1.107208080027056
2008-10-06,1.1253563598530134
2008-10-07,1.1224818509162278
2008-10-08,0.966688172048054
2008-10-09,0.9769793491409182
2008-10-10,0.9438317315114492
2008-10-11,0.9351356127883866
2008-10-12,0.9525353968182046
2008-10-13,0.9439864198112976
2008-10-14,0.9350357096794548
2008-10-15,0.9437634316309969
2008-10-16,0.9132025780678418
2008-10-17,0.9003154387869075
2008-10-18,0.8920775177576985
2008-10-19,0.8930407591344846
2008-10-20,0.7910737139779579
2008-10-21,0.7438504964104036
2008-10-22,0.6271241139090462
2008-10-23,0.6848692118785658
2008-10-24,0.6815001230706046
2008-10-25,0.6787651794890457
2008-10-26,0.6780762915372172
2008-10-27,0.6778754682388085
2008-10-28,0.718708623273134
2008-10-29,0.586485777189374
2008-10-30,0.7118519137531277
2008-10-31,0.8455431317754047
2008-11-01,0.8612509019450403
2008-11-02,0.8452414980865476
2008-11-03,0.9702285610384658
2008-11-04,0.9758502084120936
2008-11-05,0.97140887942956
2008-11-06,0.977253661675302
2008-11-07,1.0421649233661987
2008-11-08,0.8937458095490799
2008-11-09,0.9063120757461346
2008-11-10,0.907533665341514
2008-11-11,0.901515715023135
2008-11-12,0.8481526049828463
2008-11-13,0.822752759901535
2008-11-14,0.8069806910087355
2008-11-15,0.821373906462411
2008-11-16,0.7974968624833156
2008-11-17,0.788420595394947
2008-11-18,0.7787118703918253
2008-11-19,0.7398557843033216
2008-11-20,0.7417492750352492
2008-11-21,0.7249528248004071
2008-11-22,0.7216540160574708
2008-11-23,0.7310840807471426
2008-11-24,0.6873258433422682
2008-11-25,0.6922104324467493
2008-11-26,0.6944927933607081
2008-11-27,0.7044246722529803
2008-11-28,0.6987812777394529
2008-11-29,0.6893105010258627
2008-11-30,0.6831117254131673
2008-12-01,0.7125866236639116
2008-12-02,0.6379997928770326
2008-12-03,0.6931601910702072
2008-12-04,0.6896423667142942
2008-12-05,0.6604314922483584
2008-12-06,0.6594890362583021
2008-12-07,0.6552934703435579
2008-12-08,0.353882863145168
2008-12-09,0.2701235846684147
2008-12-10,0.219131144936348
2008-12-11,0.2350022522813661
2008-12-12,0.2196892849066707
2008-12-13,0.2163201198989115
2008-12-14,0.2185112701939093
2008-12-15,0.2028967133343944
2008-12-16,0.1005336094079605
2008-12-17,-0.0108943475214495
2008-12-18,-0.0526362862746145
2008-12-19,-0.0858496835270601
2008-12-20,-0.0986660105168639
2008-12-21,-0.0929678722862497
2008-12-22,-0.0953527329817902
2008-12-23,-0.1229124553125109
2008-12-24,-0.1427477429928902
2008-12-25,-0.1383350197895902
2008-12-26,-0.1259323114491002
2008-12-27,-0.1223687905276331
2008-12-28,-0.1257473800259805
2008-12-29,-0.1224431578942111
2008-12-30,-0.1238331777693646
2008-12-31,-0.1150279194030592
2009-01-01,-0.0822908248958775
2009-01-02,-0.1163068650881398
2009-01-03,-0.1214020747131965
2009-01-04,-0.1107411528897017
2009-01-05,-0.1329938024216437
2009-01-06,-0.1327526887668921
2009-01-07,-0.1374641852414455
2009-01-08,-0.3209236811557019
2009-01-09,-0.3002212727463635
2009-01-10,-0.2978913615125464
2009-01-11,-0.3018820742961021
2009-01-12,-0.3143501613511568
2009-01-13,-0.316192198412504
2009-01-14,-0.3130001529836577
2009-01-15,-0.3521345572981871
2009-01-16,-0.4067393782834587
2009-01-17,-0.3918812503329421
2009-01-18,-0.3861538840307645
2009-01-19,-0.3956532128525654
2009-01-20,-0.3907070558592231
2009-01-21,-0.4184192605645229
2009-01-22,-0.5173668192453493
2009-01-23,-0.4864412342918738
2009-01-24,-0.4792027287362701
2009-01-25,-0.4807849124312857
2009-01-26,-0.6162605329446225
2009-01-27,-0.5977419037536518
2009-01-28,-0.5425746827540112
2009-01-29,-0.5940641631980652
2009-01-30,-0.6182598940114641
2009-01-31,-0.6085006419014032
2009-02-01,-0.58111543242006
2009-02-02,-0.6494695851747199
2009-02-03,-0.6054341403326133
2009-02-04,-0.7603614456377654
2009-02-05,-0.7905638535739967
2009-02-06,-0.7783176910380163
2009-02-07,-0.7831791268454629
2009-02-08,-0.9139952156400448
2009-02-09,-0.9152408852874774
2009-02-10,-0.9112617152284824
2009-02-11,-0.9611631739165108
2009-02-12,-1.1264080204314435
2009-02-13,-1.17783833848971
2009-02-14,-1.1844232842766853
2009-02-15,-1.1740692318629211
2009-02-16,-1.1651834844547646
2009-02-17,-1.2134339645808143
2009-02-18,-1.257411393401125
2009-02-19,-1.3100811542637285
2009-02-20,-1.4070606810700397
2009-02-21,-1.3966809328369385
2009-02-22,-1.3924298795577543
2009-02-23,-1.402812804573504
2009-02-24,-1.458250658203288
2009-02-25,-1.4969537445532444
2009-02-26,-1.481887746935484
2009-02-27,-1.495292116063162
2009-02-28,-1.492609335159667
2009-03-01,-1.4479616819390468
2009-03-02,-1.517480030032672
2009-03-03,-1.5556777124106425
2009-03-04,-1.540875751391659
2009-03-05,-1.545741010243758
2009-03-06,-1.5708497504187866
2009-03-07,-1.550797712830155
2009-03-08,-1.717198802254631
2009-03-09,-1.7790959132499171
2009-03-10,-1.7243210844825516
2009-03-11,-1.806909414645521
2009-03-12,-1.7061587279305934
2009-03-13,-1.746162935316752
2009-03-14,-1.7520260788473982
2009-03-15,-1.7467498337019465
2009-03-16,-1.765547998121465
2009-03-17,-1.7868424657970596
2009-03-18,-1.803060509261298
2009-03-19,-1.7982481887048412
2009-03-20,-1.8191182442209912
2009-03-21,-1.8214992560784105
2009-03-22,-1.8250295598237796
2009-03-23,-1.8278741088586852
2009-03-24,-1.7488711524461904
2009-03-25,-1.726795176564409
2009-03-26,-1.675094273837803
2009-03-27,-1.6856002115578723
2009-03-28,-1.7071073472030167
2009-03-29,-1.7184182682347375
2009-03-30,-1.840381736998394
2009-03-31,-1.806904913243473
2009-04-01,-1.7455632017370202
2009-04-02,-1.771309764208887
2009-04-03,-1.773163360715985
2009-04-04,-1.7756715206935745
2009-04-05,-1.7813100215713653
2009-04-06,-1.772468332918674
2009-04-07,-1.789839385160664
2009-04-08,-2.0056316779277177
2009-04-09,-2.02225593034298
2009-04-10,-2.03882134221039
2009-04-11,-2.0583826791420683
2009-04-12,-2.0665476560044
2009-04-13,-2.0700046670114425
2009-04-14,-2.0904525283478064
2009-04-15,-2.113542894785689
2009-04-16,-2.0739738027229846
2009-04-17,-2.0973356682596487
2009-04-18,-2.1058789290760975
2009-04-19,-2.1066445493950208
2009-04-20,-2.135863008506746
2009-04-21,-2.052218983822725
2009-04-22,-2.09813685090411
2009-04-23,-2.179538594644502
2009-04-24,-2.252632051693756
2009-04-25,-2.265035122895089
2009-04-26,-2.2686416504268943
2009-04-27,-2.2978008759864323
2009-04-28,-2.141557880224799
2009-04-29,-2.0102945582566356
2009-04-30,-2.191715171818487
2009-05-01,-2.1901464250320597
2009-05-02,-2.224088840354956
2009-05-03,-2.2260285748302255
2009-05-04,-2.2205654624920266
2009-05-05,-2.1788167045264037
2009-05-06,-2.1093227314677665
2009-05-07,-2.132773299874297
2009-05-08,-2.04516351856419
2009-05-09,-1.8435969402669437
2009-05-10,-1.8515777134057216
2009-05-11,-1.8551448667891703
2009-05-12,-1.8657669244352515
2009-05-13,-1.9093763885072597
2009-05-14,-1.8730459292852513
2009-05-15,-1.8728479314636928
2009-05-16,-1.862038005589548
2009-05-17,-1.8548422132681672
2009-05-18,-1.8541137961615757
2009-05-19,-1.8309629072136353
2009-05-20,-1.7536181622358105
2009-05-21,-1.7442152155274164
2009-05-22,-1.7451738485253552
2009-05-23,-1.7397798417448571
2009-05-24,-1.7483845309967512
2009-05-25,-1.7565275748555813
2009-05-26,-1.758126389972148
2009-05-27,-1.7501431436806083
2009-05-28,-1.7374239907650098
2009-05-29,-1.6923905622961262
2009-05-30,-1.6931822181841203
2009-05-31,-1.6940335217165563
2009-06-01,-1.6340182811836583
2009-06-02,-1.6825265986060147
2009-06-03,-1.690035020277077
2009-06-04,-1.7257674424163978
2009-06-05,-1.7044685868860812
2009-06-06,-1.717117524471368
2009-06-07,-1.7235366358035022
2009-06-08,-1.8698359866752152
2009-06-09,-1.917087513958187
2009-06-10,-1.915749631439986
2009-06-11,-1.882222385564452
2009-06-12,-1.8830926386927656
2009-06-13,-1.8755562497712523
2009-06-14,-1.8731348977611877
2009-06-15,-1.8395058044315855
2009-06-16,-1.7516005488498378
2009-06-17,-1.644014919725703
2009-06-18,-1.543468978087771
2009-06-19,-1.5266427787942682
2009-06-20,-1.53955669681619
2009-06-21,-1.5477578564539758
2009-06-22,-1.5072421280822472
2009-06-23,-1.458495946302937
2009-06-24,-1.4653563359191266
2009-06-25,-1.4799082456026214
2009-06-26,-1.4917525769541689
2009-06-27,-1.4899331574251085
2009-06-28,-1.4972549822783472
2009-06-29,-1.4739926822721068
2009-06-30,-1.4683744276445383
2009-07-01,-1.4059424414216746
2009-07-02,-1.4318792421348867
2009-07-03,-1.4336025663207683
2009-07-04,-1.434093362219215
2009-07-05,-1.4297614563265149
2009-07-06,-1.4261525577192282
2009-07-07,-1.3927888600377507
2009-07-08,-1.587779181904013
2009-07-09,-1.6123223530331368
2009-07-10,-1.6032618252871842
2009-07-11,-1.601691672932885
2009-07-12,-1.60575802186248
2009-07-13,-1.5878310332782075
2009-07-14,-1.5712410354671005
2009-07-15,-1.5792655036661627
2009-07-16,-1.4642812158875798
2009-07-17,-1.405778405337906
2009-07-18,-1.4049198207629168
2009-07-19,-1.4066608532592126
2009-07-20,-1.3956623318474817
2009-07-21,-1.246816032985079
2009-07-22,-1.046483528080464
2009-07-23,-0.8650467532610118
2009-07-24,-1.0084237857225045
2009-07-25,-1.014299298788056
2009-07-26,-1.0169390463891983
2009-07-27,-0.9695792617391276
2009-07-28,-0.9806861522055824
2009-07-29,-0.9760081928076908
2009-07-30,-1.0529273293768258
2009-07-31,-1.0038736342635195
2009-08-01,-0.9762303404516904
2009-08-02,-1.0117098253733314
2009-08-03,-1.0498912862933616
2009-08-04,-1.0727393175674236
2009-08-05,-1.1279751023277609
2009-08-06,-1.064653643867011
2009-08-07,-0.9358029036082368
2009-08-08,-1.1135326328169968
2009-08-09,-1.111396511950095
2009-08-10,-1.1273913817259256
2009-08-11,-1.0814844321582326
2009-08-12,-1.046696895401162
2009-08-13,-1.0175696436764758
2009-08-14,-1.0061808230742877
2009-08-15,-1.0049936914481838
2009-08-16,-1.0044995074103211
2009-08-17,-0.9836562586014188
2009-08-18,-0.9737416774114278
2009-08-19,-1.0137589867102883
2009-08-20,-1.0948148864567435
2009-08-21,-1.101710770180936
2009-08-22,-1.0987700604647077
2009-08-23,-1.100361784607551
2009-08-24,-1.0646436168642506
2009-08-25,-1.0332173142779009
2009-08-26,-1.0424075975431957
2009-08-27,-1.0261278534883336
2009-08-28,-0.9982517217850936
2009-08-29,-1.0039448062540866
2009-08-30,-1.0009993012392415
2009-08-31,-1.0033064646707304
2009-09-01,-0.9484517206929552
2009-09-02,-0.916348874536761
2009-09-03,-0.8251754102804871
2009-09-04,-0.8372162832394101
2009-09-05,-0.8474017738439648
2009-09-06,-0.856328952981843
2009-09-07,-0.8613822478062694
2009-09-08,-0.901973240248736
2009-09-09,-0.8881915876725968
2009-09-10,-0.7691163978910764
2009-09-11,-0.819834946641516
2009-09-12,-0.8448265646292259
2009-09-13,-0.8509329745954206
2009-09-14,-0.8444482010967715
2009-09-15,-0.8926598731418445
2009-09-16,-0.872980361989667
2009-09-17,-0.7879186714031876
2009-09-18,-0.7344734231295567
2009-09-19,-0.7555989158085654
2009-09-20,-0.7597307577586705
2009-09-21,-0.770708688911079
2009-09-22,-0.7374625903965586
2009-09-23,-0.7356340713025
2009-09-24,-0.7334602917541713
2009-09-25,-0.7114245449562329
2009-09-26,-0.7240681053748459
2009-09-27,-0.726315365479496
2009-09-28,-0.6862165746240856
2009-09-29,-0.7220836333312932
2009-09-30,-0.7255048048030932
2009-10-01,-0.6718176383753338
2009-10-02,-0.712787353908972
2009-10-03,-0.7183426800615627
2009-10-04,-0.7197263013928892
2009-10-05,-0.7298465032208694
2009-10-06,-0.7416698087090452
2009-10-07,-0.7520004832321749
2009-10-08,-0.8580527722580353
2009-10-09,-0.8586505905721336
2009-10-10,-0.853941392997009
2009-10-11,-0.8650806965513835
2009-10-12,-0.8682841803887462
2009-10-13,-0.8358425366337578
2009-10-14,-0.8206655994062311
2009-10-15,-0.7762901343021651
2009-10-16,-0.7287720202751091
2009-10-17,-0.7294479970430248
2009-10-18,-0.7241077870257115
2009-10-19,-0.6843963028850077
2009-10-20,-0.5431278782162858
2009-10-21,-0.4508079103042479
2009-10-22,-0.1923524826589286
2009-10-23,-0.1534112656728787
2009-10-24,-0.1520605329681332
2009-10-25,-0.1491497464375226
2009-10-26,-0.1036048729728522
2009-10-27,-0.0569969155577758
2009-10-28,0.0172222764248199
2009-10-29,0.1941983256285682
2009-10-30,0.1948169757873197
2009-10-31,0.2046849217813964
2009-11-01,0.2416935430550327
2009-11-02,0.1909288653612479
2009-11-03,0.2773945103150557
2009-11-04,0.3077790077038579
2009-11-05,0.3318876077056679
2009-11-06,0.3652608553266869
2009-11-07,0.3572555047218342
2009-11-08,0.2699882154117773
2009-11-09,0.285823149719312
2009-11-10,0.2825551281577453
2009-11-11,0.2613078718538499
2009-11-12,0.2889758878249361
2009-11-13,0.3071576085183909
2009-11-14,0.3043111913449297
2009-11-15,0.3009661577954208
2009-11-16,0.2710111952669124
2009-11-17,0.2706676194355576
2009-11-18,0.27080599694975
2009-11-19,0.2773437998785883
2009-11-20,0.2823627980151707
2009-11-21,0.285963631344187
2009-11-22,0.2893479847457337
2009-11-23,0.3057999219917064
2009-11-24,0.3120963553634651
2009-11-25,0.2746714685484498
2009-11-26,0.2892543374528901
2009-11-27,0.406118177680878
2009-11-28,0.3894217276212257
2009-11-29,0.3841359158693562
2009-11-30,0.3743001106852923
2009-12-01,0.4432426905542538
2009-12-02,0.3844818065352863
2009-12-03,0.3398209267711465
2009-12-04,0.3001367664677655
2009-12-05,0.2994229725430195
2009-12-06,0.3013157798448564
2009-12-07,0.2814389468596259
2009-12-08,0.2849961334232256
2009-12-09,0.3247934643753112
2009-12-10,0.3569288045411197
2009-12-11,0.3568032944589455
2009-12-12,0.3508209482297166
2009-12-13,0.3396124199219161
2009-12-14,0.3150308887680406
2009-12-15,0.3160861319530464
2009-12-16,0.2191247028366399
2009-12-17,0.2536959185458808
2009-12-18,0.3289257694716326
2009-12-19,0.3164552318957928
2009-12-20,0.3084784704547245
2009-12-21,0.3157987222853665
2009-12-22,0.3913724312138001
2009-12-23,0.361942741686541
2009-12-24,0.3374879194039766
2009-12-25,0.3285525727897452
2009-12-26,0.3205872146551574
2009-12-27,0.3085159854324583
2009-12-28,0.3756630138997777
2009-12-29,0.4073077744267124
2009-12-30,0.4202076487083085
2009-12-31,0.4039154271468992
2010-01-01,0.4750493807799315
2010-01-02,0.4431517523644531
2010-01-03,0.4347346310106678
2010-01-04,0.3405488459923098
2010-01-05,0.3431441862584533
2010-01-06,0.3347680168395804
2010-01-07,0.3517580105320196
2010-01-08,0.1996289138094849
2010-01-09,0.2030212180391145
2010-01-10,0.2064418747664895
2010-01-11,0.1965570945133473
2010-01-12,0.2064817004823793
2010-01-13,0.2114162462058987
2010-01-14,0.2743640020410685
2010-01-15,0.2780940030716551
2010-01-16,0.2675044678552573
2010-01-17,0.2688190360155862
2010-01-18,0.2746502292502965
2010-01-19,0.3179492539721672
2010-01-20,0.3733626883533821
2010-01-21,0.4154416756161647
2010-01-22,0.4105748559744593
2010-01-23,0.414103757903107
2010-01-24,0.4122495927800398
2010-01-25,0.4471472412103948
2010-01-26,0.5675905599116596
2010-01-27,0.7236519638076562
2010-01-28,0.9905857776622689
2010-01-29,1.0558011064160913
2010-01-30,1.0617476775543817
2010-01-31,1.0580515411202436
2010-02-01,1.2543425458176989
2010-02-02,1.343102011501129
2010-02-03,1.2498242695918758
2010-02-04,1.3170992708614535
2010-02-05,1.4618550827482022
2010-02-06,1.457307461813567
2010-02-07,1.4572389248186393
2010-02-08,1.459507082628623
2010-02-09,1.4933495794755227
2010-02-10,1.5443015557961637
2010-02-11,1.7076403670384317
2010-02-12,1.715018913728521
2010-02-13,1.7185601438523674
2010-02-14,1.7168336054002409
2010-02-15,1.7252916455717289
2010-02-16,1.7718262456349263
2010-02-17,1.8487233349811352
2010-02-18,1.851578549331124
2010-02-19,1.831489617837172
2010-02-20,1.8260788871756304
2010-02-21,1.8254171329500193
2010-02-22,1.873993589458256
2010-02-23,1.9022239497179716
2010-02-24,1.9178106884561688
2010-02-25,1.9613953702847915
2010-02-26,2.007536572301783
2010-02-27,2.0323535004266273
2010-02-28,2.083474960866434
2010-03-01,2.136050721115681
2010-03-02,2.155591360577766
2010-03-03,2.1511935636852386
2010-03-04,2.14216021366809
2010-03-05,2.169934616309344
2010-03-06,2.1660540971535034
2010-03-07,2.176398968689791
2010-03-08,2.1695808863561976
2010-03-09,2.2443642724035877
2010-03-10,2.316385495448179
2010-03-11,2.3360522726267474
2010-03-12,2.3211229969785143
2010-03-13,2.3054971618953024
2010-03-14,2.287867758844825
2010-03-15,2.2920109429360784
2010-03-16,2.29032098145814
2010-03-17,2.3509381282868556
2010-03-18,2.3552154784361807
2010-03-19,2.283304945042821
2010-03-20,2.2686762006546637
2010-03-21,2.2550124745664792
2010-03-22,2.216384739984442
2010-03-23,2.225236505366791
2010-03-24,2.310744434216311
2010-03-25,2.3167241802867773
2010-03-26,2.2510374571968352
2010-03-27,2.2402516301803472
2010-03-28,2.2385648963620035
2010-03-29,2.2348686175094317
2010-03-30,2.1922242827469978
2010-03-31,2.3066579881287783
2010-04-01,2.3056360290047095
2010-04-02,2.312519079731059
2010-04-03,2.311747831145623
2010-04-04,2.3176917306160476
2010-04-05,2.3215571793571756
2010-04-06,2.3107854813435256
2010-04-07,2.3016049023359617
2010-04-08,2.3613419453175872
2010-04-09,2.348628250608414
2010-04-10,2.3475327510843886
2010-04-11,2.355841801998235
2010-04-12,2.3910958584863393
2010-04-13,2.394837369714577
2010-04-14,2.3947894591851098
2010-04-15,2.3491475924613745
2010-04-16,2.3314405933802753
2010-04-17,2.3266582865316296
2010-04-18,2.3207428403162504
2010-04-19,2.279316489840249
2010-04-20,2.335003946237312
2010-04-21,2.2762724539607424
2010-04-22,2.1841573581939597
2010-04-23,2.181729776823295
2010-04-24,2.186743252716391
2010-04-25,2.184150588497848
2010-04-26,2.1928392261544083
2010-04-27,2.401860037563249
2010-04-28,2.6095861144606625
2010-04-29,2.8799249792056214
2010-04-30,2.967372059667106
2010-05-01,2.9264171644433894
2010-05-02,2.938711230890943
2010-05-03,2.9649704304793616
2010-05-04,2.8447104872368527
2010-05-05,2.8414695026747188
2010-05-06,2.9670688617696492
2010-05-07,2.9795854446023693
2010-05-08,3.0521367632139738
2010-05-09,3.052032819077578
2010-05-10,3.096289995656325
2010-05-11,3.0771919800660306
2010-05-12,3.0415318840000047
2010-05-13,3.0478835802089494
2010-05-14,3.0521096275243913
2010-05-15,3.0417561604836605
2010-05-16,3.0530379690120117
2010-05-17,3.063956925042836
2010-05-18,3.03115707026837
2010-05-19,3.077501927508374
2010-05-20,3.070346384792826
2010-05-21,3.0645593239734508
2010-05-22,3.0452565578943447
2010-05-23,3.058852438135878
2010-05-24,3.1276656620596457
2010-05-25,3.155941127324565
2010-05-26,3.2028976938323743
2010-05-27,3.2127377577340583
2010-05-28,3.1586724251797555
2010-05-29,3.1500699911724297
2010-05-30,3.1372627387926215
2010-05-31,3.1455224801321062
2010-06-01,3.1717687298300064
2010-06-02,3.217405058999018
2010-06-03,3.2451873974195955
2010-06-04,3.3347777980232216
2010-06-05,3.3128639934535338
2010-06-06,3.319519270070743
2010-06-07,3.3122261942181312
2010-06-08,3.502786406525508
2010-06-09,3.5460658462096433
2010-06-10,3.683907017603591
2010-06-11,3.710339735435314
2010-06-12,3.6814675954405054
2010-06-13,3.6637017869385633
2010-06-14,3.738186309048729
2010-06-15,3.7989324704352194
2010-06-16,3.819530964624951
2010-06-17,4.009972223359951
2010-06-18,3.931551487378271
2010-06-19,3.9044723425310313
2010-06-20,3.8952569368542886
2010-06-21,3.903533159642272
2010-06-22,3.990199196804502
2010-06-23,4.064154802249364
2010-06-24,4.113616016781514
2010-06-25,4.0756477195168745
2010-06-26,4.067577408868399
2010-06-27,4.047848885327912
2010-06-28,4.054381795897333
2010-06-29,4.032622285785841
2010-06-30,4.078698848411046
2010-07-01,4.134053050431195
2010-07-02,4.2733708737058125
2010-07-03,4.249272622011456
2010-07-04,4.240980269223489
2010-07-05,4.2421612495246706
2010-07-06,4.347399603307531
2010-07-07,4.30687046805128
2010-07-08,4.255005810638382
2010-07-09,4.325720646510684
2010-07-10,4.301918242871056
2010-07-11,4.294780346599692
2010-07-12,4.284753725018943
2010-07-13,4.321875723135502
2010-07-14,4.3501485919394725
2010-07-15,4.306418372831325
2010-07-16,4.322194180904239
2010-07-17,4.314167523935569
2010-07-18,4.306859076992254
2010-07-19,4.35493060095042
2010-07-20,4.295188653268008
2010-07-21,4.242805439786526
2010-07-22,4.199833181223782
2010-07-23,4.202846370129906
2010-07-24,4.206473337861548
2010-07-25,4.20275891039339
2010-07-26,4.201691445867155
2010-07-27,4.079287391509694
2010-07-28,4.11361134036049
2010-07-29,4.091004220484076
2010-07-30,4.036681371526208
2010-07-31,4.041134902023758
2010-08-01,3.924257016319968
2010-08-02,3.970950893611829
2010-08-03,3.9614536540723866
2010-08-04,4.021106788624065
2010-08-05,4.107880124275371
2010-08-06,4.086204169092047
2010-08-07,4.081228667948649
2010-08-08,4.018383008455857
2010-08-09,4.018671120199263
2010-08-10,4.012170031691749
2010-08-11,4.010425335980968
2010-08-12,3.978990827640215
2010-08-13,3.963606734251507
2010-08-14,3.9617401379543056
2010-08-15,3.9372763216989153
2010-08-16,4.060390855861893
2010-08-17,4.007619046282454
2010-08-18,3.977881929347451
2010-08-19,3.881399871419653
2010-08-20,3.8739014613409095
2010-08-21,3.86442239657952
2010-08-22,3.8455644819715578
2010-08-23,3.8245151612721062
2010-08-24,3.8015175831689434
2010-08-25,3.721814285605613
2010-08-26,3.712577054133603
2010-08-27,3.716879397610539
2010-08-28,3.712893735290508
2010-08-29,3.7100610350428287
2010-08-30,3.734554429222229
2010-08-31,3.751841701958563
2010-09-01,3.620834404856441
2010-09-02,3.662610876591616
2010-09-03,3.7111498884879217
2010-09-04,3.7005410532862753
2010-09-05,3.679092234627946
2010-09-06,3.714405084637273
2010-09-07,3.688098801401672
2010-09-08,3.6696371385848416
2010-09-09,3.782164652618923
2010-09-10,3.7925917991439624
2010-09-11,3.7842485903772056
2010-09-12,3.7735484722942263
2010-09-13,3.7999582629245703
2010-09-14,3.742689239588444
2010-09-15,3.6394796012724857
2010-09-16,3.806086035523411
2010-09-17,3.7913393697943834
2010-09-18,3.78131707890488
2010-09-19,3.773017525052284
2010-09-20,3.7503487646806497
2010-09-21,3.775268118729591
2010-09-22,3.6972454843146823
2010-09-23,3.716740849649243
2010-09-24,3.4446933295187465
2010-09-25,3.228699125132064
2010-09-26,3.295164785974588
2010-09-27,3.312770741804459
2010-09-28,3.326982311945021
2010-09-29,3.330331879285151
2010-09-30,3.334949185312559
2010-10-01,3.2283922872763844
2010-10-02,3.31229701410427
2010-10-03,3.3373120372441822
2010-10-04,3.3235681609898977
2010-10-05,3.3029629229045745
2010-10-06,3.227227218212002
2010-10-07,3.2115604129849418
2010-10-08,3.200045054206471
2010-10-09,3.217021686166032
2010-10-10,3.225010910170615
2010-10-11,3.2345141623702087
2010-10-12,3.2307341918828207
2010-10-13,3.2402929267349103
2010-10-14,3.2375800356677695
2010-10-15,3.1699739867404326
2010-10-16,3.1889696599827806
2010-10-17,3.1912240949457926
2010-10-18,3.2221087814497347
2010-10-19,3.2787073211779187
2010-10-20,3.297350222693559
2010-10-21,3.468861882167447
2010-10-22,3.5381635320100235
2010-10-23,3.547078812552499
2010-10-24,3.555324795277654
2010-10-25,3.558184639372825
2010-10-26,3.5407413471975904
2010-10-27,3.5498182244618777
2010-10-28,3.5184124843540365
2010-10-29,3.412981055255958
2010-10-30,3.408990491986128
2010-10-31,3.4013376954614785
2010-11-01,3.24987237734455
2010-11-02,3.0607583134733263
2010-11-03,3.121166501838142
2010-11-04,3.1010481090652995
2010-11-05,3.127638327368454
2010-11-06,3.118520548315817
2010-11-07,3.120949150060462
2010-11-08,3.117310204700076
2010-11-09,3.042338762275435
2010-11-10,3.0624883044235656
2010-11-11,3.0201778600209757
2010-11-12,3.011285084698197
2010-11-13,3.0279415067225317
2010-11-14,3.0365490233320847
2010-11-15,3.058690290818764
2010-11-16,3.08314991431734
2010-11-17,3.1257450300633174
2010-11-18,3.1661896055969585
2010-11-19,3.162094091269795
2010-11-20,3.1467029787197234
2010-11-21,3.154349843919632
2010-11-22,3.1070743766019335
2010-11-23,3.074108888579582
2010-11-24,3.141866524244704
2010-11-25,3.1432456887012123
2010-11-26,3.137126591037316
2010-11-27,3.134318690737943
2010-11-28,3.1603924504748444
2010-11-29,3.1495805187717183
2010-11-30,3.1574343820805604
2010-12-01,3.014099914002573
2010-12-02,3.027167061559303
2010-12-03,3.01972377995365
2010-12-04,3.038539178113341
2010-12-05,3.053616323572246
2010-12-06,3.020603985484728
2010-12-07,2.9130906788722384
2010-12-08,2.8328545510598255
2010-12-09,2.6179684652647626
2010-12-10,2.776977790552267
2010-12-11,2.802153106488142
2010-12-12,2.820716966168458
2010-12-13,2.8056080610703433
2010-12-14,2.8075165901643455
2010-12-15,2.79463383396649
2010-12-16,2.7695636821417486
2010-12-17,2.768505059725882
2010-12-18,2.756081715915503
2010-12-19,2.7838796711536618
2010-12-20,2.8509813892622105
2010-12-21,2.828781755491822
2010-12-22,2.8454231758287714
2010-12-23,2.8370129795769303
2010-12-24,2.7651849168576805
2010-12-25,2.781478427232306
2010-12-26,2.7871152446020178
2010-12-27,2.7811695473599256
2010-12-28,2.7886469627044663
2010-12-29,2.81891907814465
2010-12-30,2.8111379350376637
2010-12-31,2.8047618089604582
2011-01-01,2.6673154004882003
2011-01-02,2.7113590562965264
2011-01-03,2.7177864876083957
2011-01-04,2.7209234131523736
2011-01-05,2.6996843899008995
2011-01-06,2.7430409280084525
2011-01-07,2.7720020984347125
2011-01-08,2.766245756426966
2011-01-09,2.771635010720108
2011-01-10,2.785564590442769
2011-01-11,2.7804293709457997
2011-01-12,2.83459045165916
2011-01-13,2.848418063989779
2011-01-14,2.8555386334080617
2011-01-15,2.853868856992348
2011-01-16,2.863770072891394
2011-01-17,2.866534307268625
2011-01-18,2.913939887911247
2011-01-19,2.8877548287754453
2011-01-20,2.8856899343014346
2011-01-21,2.8954476634480955
2011-01-22,2.8958505226368976
2011-01-23,2.897606059981464
2011-01-24,2.9112964203115883
2011-01-25,2.874035592851917
2011-01-26,2.5041521576145795
2011-01-27,2.4440152295040782
2011-01-28,2.4317679953316116
2011-01-29,2.425821723758302
2011-01-30,2.4456090689764656
2011-01-31,2.4570943429734937
2011-02-01,2.5954296515575064
2011-02-02,2.6804402887780756
2011-02-03,2.8773183750982585
2011-02-04,2.802315889594973
2011-02-05,2.807511813686887
2011-02-06,2.8083405440422315
2011-02-07,2.8020737070182573
2011-02-08,2.7777613696689127
2011-02-09,2.793839576820104
2011-02-10,2.8835449132456175
2011-02-11,2.8812404364255446
2011-02-12,2.9024983668344553
2011-02-13,2.8873902610695796
2011-02-14,2.8724618588405946
2011-02-15,2.8758189415138005
2011-02-16,2.974394752748098
2011-02-17,2.9845415963692545
2011-02-18,2.933595577642889
2011-02-19,2.924269848991
2011-02-20,2.9266860680933435
2011-02-21,2.9337819187381045
2011-02-22,2.8599940791137533
2011-02-23,2.9531301967774466
2011-02-24,2.7619398389025394
2011-02-25,2.75631517589326
2011-02-26,2.7493545994664723
2011-02-27,2.7301917570266614
2011-02-28,2.8207287889667816
2011-03-01,2.666209629636074
2011-03-02,2.72069604602131
2011-03-03,2.6636450257545263
2011-03-04,2.6261700444206233
2011-03-05,2.641757211820887
2011-03-06,2.6486393376163813
2011-03-07,2.5901208800273894
2011-03-08,2.508597736537035
2011-03-09,2.4980895324423944
2011-03-10,2.3849497173172143
2011-03-11,2.425623745868591
2011-03-12,2.452951872619372
2011-03-13,2.4444875193943627
2011-03-14,2.5030925918034086
2011-03-15,2.493118829895973
2011-03-16,2.524574619781428
2011-03-17,2.486893117797155
2011-03-18,2.52259287109989
2011-03-19,2.5127512872456172
2011-03-20,2.5246716446308226
2011-03-21,2.5208955313794004
2011-03-22,2.478886442214479
2011-03-23,2.4829830937189863
2011-03-24,2.495204435257592
2011-03-25,2.492623916472992
2011-03-26,2.4948358103316046
2011-03-27,2.539854728890827
2011-03-28,2.534636726845952
2011-03-29,2.560535586627135
2011-03-30,2.5800932224277027
2011-03-31,2.5738404959318766
2011-04-01,2.5249330418599714
2011-04-02,2.5686885300570075
2011-04-03,2.570571450695041
2011-04-04,2.587400495789479
2011-04-05,2.624973309673009
2011-04-06,2.649430668914669
2011-04-07,2.6519634470776294
2011-04-08,2.6614264877036877
2011-04-09,2.655265229206969
2011-04-10,2.6565832329335297
2011-04-11,2.656272315494186
2011-04-12,2.6696904275338236
2011-04-13,2.677169620707386
2011-04-14,2.6808979022276813
2011-04-15,2.687943672185985
2011-04-16,2.6896306498794416
2011-04-17,2.6848723590538413
2011-04-18,2.653937307252404
2011-04-19,2.544323843212855
2011-04-20,2.6907821227152726
2011-04-21,2.7989365896467175
2011-04-22,2.7942496197794755
2011-04-23,2.79211446672523
2011-04-24,2.8370575120381547
2011-04-25,2.8446130675718555
2011-04-26,2.811543422829166
2011-04-27,2.988147676366959
2011-04-28,3.064634010362808
2011-04-29,3.1611595036521134
2011-04-30,3.069306818838714
2011-05-01,3.0198774443412075
2011-05-02,3.0279605998192
2011-05-03,3.017607584842001
2011-05-04,3.0021947378811316
2011-05-05,3.0168345109621795
2011-05-06,3.0635303916553864
2011-05-07,3.0489330871167164
2011-05-08,3.042046416461596
2011-05-09,3.0359326227544834
2011-05-10,3.0194769563048567
2011-05-11,3.0420172656914017
2011-05-12,3.059979122727759
2011-05-13,3.1000518394930445
2011-05-14,3.0872956139246357
2011-05-15,3.0836963109513524
2011-05-16,3.0532754149603
2011-05-17,3.0258760459853744
2011-05-18,3.080580132945934
2011-05-19,3.087013699692303
2011-05-20,3.0748707317945163
2011-05-21,3.0551163105651247
2011-05-22,3.0557377477494017
2011-05-23,3.078273983876991
2011-05-24,3.0345018013794007
2011-05-25,3.1372932815531045
2011-05-26,3.120942376834933
2011-05-27,3.1359865658991666
2011-05-28,3.145323689022452
2011-05-29,3.135494874914539
2011-05-30,3.1646138802569643
2011-05-31,3.1561644908309763
2011-06-01,3.1761231655365525
2011-06-02,3.1578559427436947
2011-06-03,3.0957748341071794
2011-06-04,3.0956385376298776
2011-06-05,3.1062231005919605
2011-06-06,3.110591886971932
2011-06-07,3.071404552610627
2011-06-08,3.0613172633739936
2011-06-09,2.9992224167874135
2011-06-10,2.9888493063806676
2011-06-11,3.0033819305041214
2011-06-12,3.009414517734176
2011-06-13,2.984796694514302
2011-06-14,2.94281245717594
2011-06-15,2.8907014466923924
2011-06-16,2.7496409208597097
2011-06-17,2.785475927837517
2011-06-18,2.8022018918641463
2011-06-19,2.810322674595887
2011-06-20,2.8434292783372603
2011-06-21,2.8822795863660566
2011-06-22,3.0200763927247576
2011-06-23,3.017472520938142
2011-06-24,2.863944331811477
2011-06-25,2.8885172669189476
2011-06-26,2.8845771387647208
2011-06-27,2.8755518378212965
2011-06-28,2.8661058278928326
2011-06-29,2.797418432688908
2011-06-30,2.742646049013868
2011-07-01,2.7415053583354454
2011-07-02,2.77396918644223
2011-07-03,2.773740098370564
2011-07-04,2.7687896196055135
2011-07-05,2.787479669852128
2011-07-06,2.7670764123354257
2011-07-07,2.8055890650022546
2011-07-08,2.8118179997953447
2011-07-09,2.8233864153121973
2011-07-10,2.8225312499922417
2011-07-11,2.792020887726264
2011-07-12,2.7602917687849486
2011-07-13,2.750925257967415
2011-07-14,2.7825661675066184
2011-07-15,2.7780799783370194
2011-07-16,2.8034051448506965
2011-07-17,2.649680289413272
2011-07-18,2.6854926612010144
2011-07-19,2.7376058626817237
2011-07-20,2.7077369131413764
2011-07-21,2.8350044576865656
2011-07-22,2.8309951577722425
2011-07-23,2.8419621624316997
2011-07-24,2.8540841768875524
2011-07-25,2.8784363340004453
2011-07-26,2.7812736001544476
2011-07-27,2.772083994650858
2011-07-28,2.6194451944050066
2011-07-29,2.6203036788801626
2011-07-30,2.6112527380226616
2011-07-31,2.620008568234544
2011-08-01,2.523303477827279
2011-08-02,2.4994249155033703
2011-08-03,2.580863528336818
2011-08-04,2.619644184506341
2011-08-05,2.7040128656289024
2011-08-06,2.683261312001693
2011-08-07,2.6846843682298984
2011-08-08,2.6994084122116586
2011-08-09,2.7323692935548243
2011-08-10,2.7490710643112752
2011-08-11,2.757650429846159
2011-08-12,2.7620179780848777
2011-08-13,2.7692005977553835
2011-08-14,2.776504546315832
2011-08-15,2.751656413861753
2011-08-16,2.7235953436999116
2011-08-17,2.623594963796152
2011-08-18,2.639565258468431
2011-08-19,2.6463713429212
2011-08-20,2.658823445038209
2011-08-21,2.661068148007416
2011-08-22,2.658175398613367
2011-08-23,2.636011527985424
2011-08-24,2.5907416546956488
2011-08-25,2.5874356362986513
2011-08-26,2.597039329874149
2011-08-27,2.602406694632519
2011-08-28,2.61097256695376
2011-08-29,2.592472449047034
2011-08-30,2.5539225388694087
2011-08-31,2.5211051428944207
2011-09-01,2.4840585572066
2011-09-02,2.486458119129087
2011-09-03,2.4984127964226763
2011-09-04,2.490807310572612
2011-09-05,2.4992703463232706
2011-09-06,2.5054630603639616
2011-09-07,2.5485787728224416
2011-09-08,2.6099422823963403
2011-09-09,2.64471191160615
2011-09-10,2.651069404213107
2011-09-11,2.661070391285949
2011-09-12,2.6545113443421897
2011-09-13,2.579414964972977
2011-09-14,2.497335127349448
2011-09-15,2.430784269717808
2011-09-16,2.4500161507654683
2011-09-17,2.5319174149667285
2011-09-18,2.5295377111458777
2011-09-19,2.51210210782788
2011-09-20,2.485522537841602
2011-09-21,2.4759827779331403
2011-09-22,2.4767298742363693
2011-09-23,2.4728063480714297
2011-09-24,2.46138676053098
2011-09-25,2.4620077621158893
2011-09-26,2.4568939169459485
2011-09-27,2.443697771996382
2011-09-28,2.463596557991435
2011-09-29,2.4493624800816045
2011-09-30,2.4442145071685495
2011-10-01,2.407119744364376
2011-10-02,2.434486530773412
2011-10-03,2.419874220249599
2011-10-04,2.4047605765719684
2011-10-05,2.3671024464579764
2011-10-06,2.3516781715618835
2011-10-07,2.359605189745845
2011-10-08,2.385474451735992
2011-10-09,2.3865841706066577
2011-10-10,2.3925648156640644
2011-10-11,2.375825478514665
2011-10-12,2.3741369076589383
2011-10-13,2.391139367694821
2011-10-14,2.4181148516029873
2011-10-15,2.4144419989465256
2011-10-16,2.4059384779838195
2011-10-17,2.398947022349766
2011-10-18,2.3112915923184283
2011-10-19,2.254218833760034
2011-10-20,2.0989576284200284
2011-10-21,2.0438235335763406
2011-10-22,2.0345556261742224
2011-10-23,2.0222420456892283
2011-10-24,1.9053964448279492
2011-10-25,1.8740361874079872
2011-10-26,1.7724285816719676
2011-10-27,1.7121731213295923
2011-10-28,1.7366992967107655
2011-10-29,1.737147523463706
2011-10-30,1.7474470295788311
2011-10-31,1.7344472462204583
2011-11-01,1.7033167812957992
2011-11-02,1.6144510986912377
2011-11-03,1.5128348457504128
2011-11-04,1.4197064914973234
2011-11-05,1.410147836673094
2011-11-06,1.408993116396343
2011-11-07,1.394391345609695
2011-11-08,1.447145118572671
2011-11-09,1.4504927301689452
2011-11-10,1.4049717079360426
2011-11-11,1.4054049222772558
2011-11-12,1.4083435220844192
2011-11-13,1.4017605311571844
2011-11-14,1.3478296562465495
2011-11-15,1.3236620258683296
2011-11-16,1.2720029805874706
2011-11-17,1.2575029257221553
2011-11-18,1.2564922211302751
2011-11-19,1.258285730343386
2011-11-20,1.263705098047119
2011-11-21,1.1668360379987752
2011-11-22,0.950617959749231
2011-11-23,0.9181987448479918
2011-11-24,0.9277478919222182
2011-11-25,0.92470069383033
2011-11-26,0.929522372240174
2011-11-27,0.931147451175689
2011-11-28,0.9191105218121928
2011-11-29,0.9030128522198668
2011-11-30,0.8562262372592042
2011-12-01,0.926513906733234
2011-12-02,0.9117647756585676
2011-12-03,0.9097058781318852
2011-12-04,0.9016564796850676
2011-12-05,0.897884984389791
2011-12-06,0.9197544920259472
2011-12-07,0.9309881888912126
2011-12-08,1.047243552030534
2011-12-09,1.015184496200377
2011-12-10,0.998495154983915
2011-12-11,0.9904912343805004
2011-12-12,0.990563674547944
2011-12-13,1.08313965760258
2011-12-14,1.0507729172028484
2011-12-15,1.124713939084905
2011-12-16,1.0971806031119609
2011-12-17,1.0866338129617443
2011-12-18,1.066434790229574
2011-12-19,1.0539902534172274
2011-12-20,1.031259418933887
2011-12-21,1.0075123047730083
2011-12-22,0.92609285768609
2011-12-23,0.9337105879278802
2011-12-24,0.937955886297844
2011-12-25,0.9414013990837258
2011-12-26,0.9338142847448744
2011-12-27,0.9123641414335488
2011-12-28,0.901218260972854
2011-12-29,0.8799362557935488
2011-12-30,0.8952922390484297
2011-12-31,0.9023073592268424
2012-01-01,0.9148768153104516
2012-01-02,0.9191869907147994
2012-01-03,0.9209536282771962
2012-01-04,0.8979750226439411
2012-01-05,0.9350610735891612
2012-01-06,0.93051062655265
2012-01-07,0.9213487681203288
2012-01-08,0.9390569972482584
2012-01-09,0.9324123507304884
2012-01-10,0.9287836156889976
2012-01-11,0.9891896383676142
2012-01-12,0.9744526791047476
2012-01-13,0.9681245492778424
2012-01-14,0.9675446601975368
2012-01-15,0.9603036330805343
2012-01-16,0.9454147370937293
2012-01-17,0.9297937494939844
2012-01-18,0.9430198197131102
2012-01-19,0.921586902344073
2012-01-20,0.9493357357479244
2012-01-21,0.9501852478618044
2012-01-22,0.9558840776211608
2012-01-23,0.948423528170124
2012-01-24,1.059810505681814
2012-01-25,1.0526202080493583
2012-01-26,1.0008056898103483
2012-01-27,1.103132190846812
2012-01-28,1.0986829927304456
2012-01-29,1.1024309442528808
2012-01-30,1.116515442630189
2012-01-31,0.8828217838516867
2012-02-01,0.8580437056293215
2012-02-02,0.7742722728226916
2012-02-03,0.7744488427611302
2012-02-04,0.7691402376792316
2012-02-05,0.7641828961930706
2012-02-06,0.7603463400544587
2012-02-07,0.6304363485482657
2012-02-08,0.587909699067097
2012-02-09,0.5402060225487506
2012-02-10,0.5225815441966811
2012-02-11,0.5206873650822899
2012-02-12,0.5221517244039904
2012-02-13,0.5164152242578318
2012-02-14,0.5428264833568103
2012-02-15,0.4993066308993275
2012-02-16,0.4289670538478191
2012-02-17,0.4376553029509552
2012-02-18,0.4601496390508065
2012-02-19,0.4561428060318258
2012-02-20,0.4485719516642933
2012-02-21,0.4401867702217086
2012-02-22,0.4537817807264985
2012-02-23,0.4082535833765969
2012-02-24,0.396704900281994
2012-02-25,0.3936872581017535
2012-02-26,0.3933011613015803
2012-02-27,0.3593092110974862
2012-02-28,0.3086762327966026
2012-02-29,0.3019501129457904
2012-03-01,0.2714876801336892
2012-03-02,0.2422520212954164
2012-03-03,0.248214540045017
2012-03-04,0.2476804428382145
2012-03-05,0.2199590998880642
2012-03-06,0.156770412012547
2012-03-07,0.1168365274261389
2012-03-08,-0.0268384684411755
2012-03-09,-0.0460847384751013
2012-03-10,-0.0121428591238468
2012-03-11,-0.0080761481180815
2012-03-12,0.0133840826840718
2012-03-13,0.0181279364483211
2012-03-14,0.0079092961725679
2012-03-15,-0.0874179487493027
2012-03-16,-0.0793448608476226
2012-03-17,-0.0476609175370885
2012-03-18,-0.0395012379739811
2012-03-19,-0.0653424865229503
2012-03-20,-0.0344401499640552
2012-03-21,-0.0295185819238577
2012-03-22,-0.0071968269182582
2012-03-23,0.0254746765217721
2012-03-24,-0.0321963649044749
2012-03-25,-0.0293131466955831
2012-03-26,-0.0340464068485331
2012-03-27,-0.0257083902976384
2012-03-28,-0.042931870302977
2012-03-29,-0.0233010359951182
2012-03-30,-0.0207920365139966
2012-03-31,-0.020594561474206
2012-04-01,0.0151812027449538
2012-04-02,0.0048258892342523
2012-04-03,0.012802191311112
2012-04-04,0.031615035548173
2012-04-05,0.0042981211559467
2012-04-06,0.0118849082295444
2012-04-07,0.0120889058596269
2012-04-08,0.0461075804454325
2012-04-09,0.071122761315493
2012-04-10,0.0720233622933537
2012-04-11,0.0461521466190142
2012-04-12,0.0847432027527681
2012-04-13,0.0907478832001751
2012-04-14,0.0853360718683837
2012-04-15,0.0809260317477151
2012-04-16,0.0690367050377109
2012-04-17,0.2210602475165133
2012-04-18,0.218691670731817
2012-04-19,0.2174845291485615
2012-04-20,0.2252342960993766
2012-04-21,0.2303828730067806
2012-04-22,0.2358349983377564
2012-04-23,0.2745483659038067
2012-04-24,0.4109297788140497
2012-04-25,0.4625330376094806
2012-04-26,0.4599549108122395
2012-04-27,0.2471602409287626
2012-04-28,0.2578668590530746
2012-04-29,0.2608007621867998
2012-04-30,0.2396162679387918
2012-05-01,0.2786327881866257
2012-05-02,0.2655647339668782
2012-05-03,0.1827757883762355
2012-05-04,0.2434579805257528
2012-05-05,0.2517477687385405
2012-05-06,0.2581170057074834
2012-05-07,0.2502305353688955
2012-05-08,0.294692203512216
2012-05-09,0.3088483253912041
2012-05-10,0.3404865387735446
2012-05-11,0.3885051104867884
2012-05-12,0.3898252852166903
2012-05-13,0.3934918303920238
2012-05-14,0.3785251752305298
2012-05-15,0.4068279048667614
2012-05-16,0.5236314275670179
2012-05-17,0.540748281804046
2012-05-18,0.5361905737549559
2012-05-19,0.532149438538377
2012-05-20,0.5297068477648512
2012-05-21,0.5267681298791407
2012-05-22,0.5106366399116082
2012-05-23,0.5176737910472011
2012-05-24,0.5192950286168438
2012-05-25,0.5338475279357583
2012-05-26,0.5385011620965212
2012-05-27,0.53529907349549
2012-05-28,0.5242715769896132
2012-05-29,0.5303919181814131
2012-05-30,0.5283183052871264
2012-05-31,0.5156060013403165
2012-06-01,0.5345637970603808
2012-06-02,0.5386730647388677
2012-06-03,0.5467021798655304
2012-06-04,0.5418350311573331
2012-06-05,0.4823930764064276
2012-06-06,0.484025705988244
2012-06-07,0.4287511905822007
2012-06-08,0.413355580093082
2012-06-09,0.4327072243116723
2012-06-10,0.4341247617607806
2012-06-11,0.4246085342888126
2012-06-12,0.4070188583499184
2012-06-13,0.536719108615062
2012-06-14,0.4578852477141475
2012-06-15,0.486401013659626
2012-06-16,0.4991853785006909
2012-06-17,0.498156921850227
2012-06-18,0.4580858645151117
2012-06-19,0.4487873005096487
2012-06-20,0.4246189250176555
2012-06-21,0.373572088774764
2012-06-22,0.4020912044470698
2012-06-23,0.4084764541886558
2012-06-24,0.4127024418700218
2012-06-25,0.4213047030659826
2012-06-26,0.4156904338681531
2012-06-27,0.4082673416700464
2012-06-28,0.3600205338734834
2012-06-29,0.3851505985504895
2012-06-30,0.373187634237114
2012-07-01,0.3906848765139051
2012-07-02,0.3875446402180995
2012-07-03,0.385812712523318
2012-07-04,0.2700111412993543
2012-07-05,0.3061179227661161
2012-07-06,0.3599438510619196
2012-07-07,0.3555674269901605
2012-07-08,0.3596692976090101
2012-07-09,0.3676259646134602
2012-07-10,0.3611921143306896
2012-07-11,0.3568131484852579
2012-07-12,0.4426935826667132
2012-07-13,0.4365668727863672
2012-07-14,0.4825186148834315
2012-07-15,0.4582694564245383
2012-07-16,0.4516773089943202
2012-07-17,0.3489376957760115
2012-07-18,0.3150267432476425
2012-07-19,0.2702271357427945
2012-07-20,0.2460871934454602
2012-07-21,0.2295524094669522
2012-07-22,0.225343280491453
2012-07-23,0.2076314737202953
2012-07-24,0.1560992068302398
2012-07-25,0.1126153481085572
2012-07-26,0.0894317795921255
2012-07-27,0.1012817463765187
2012-07-28,0.0946213276196374
2012-07-29,0.0997005427302177
2012-07-30,0.096966922102692
2012-07-31,0.0250280780106637
2012-08-01,-0.1143865541427298
2012-08-02,-0.1081549551590903
2012-08-03,-0.1208114093589474
2012-08-04,-0.1259008643085033
2012-08-05,-0.1216304846618874
2012-08-06,-0.1356699356487367
2012-08-07,-0.1776614328824459
2012-08-08,-0.2790411579756249
2012-08-09,-0.3195948289474712
2012-08-10,-0.3310304018723411
2012-08-11,-0.3307512763478095
2012-08-12,-0.3330368565994437
2012-08-13,-0.333395387492954
2012-08-14,-0.3497390051398703
2012-08-15,-0.3317563610889236
2012-08-16,-0.321298775806365
2012-08-17,-0.3235029459936207
2012-08-18,-0.3327267612282225
2012-08-19,-0.3334798853964973
2012-08-20,-0.3243622457473021
2012-08-21,-0.3588678096935653
2012-08-22,-0.3750691680203795
2012-08-23,-0.3633910806755758
2012-08-24,-0.3650489731210065
2012-08-25,-0.3690239970859781
2012-08-26,-0.3807878584117841
2012-08-27,-0.346021717011105
2012-08-28,-0.3323257933460364
2012-08-29,-0.3177509011315995
2012-08-30,-0.3314805168175392
2012-08-31,-0.3263440024354969
2012-09-01,-0.2993622844917796
2012-09-02,-0.3090842868585273
2012-09-03,-0.2984294138542558
2012-09-04,-0.2566395006131479
2012-09-05,-0.3236841971860742
2012-09-06,-0.379392754069028
2012-09-07,-0.3478132738934403
2012-09-08,-0.3320424023091728
2012-09-09,-0.3279592208025097
2012-09-10,-0.3190661167336859
2012-09-11,-0.3008760043559062
2012-09-12,-0.4186659613128807
2012-09-13,-0.4393126352219418
2012-09-14,-0.4578456252883731
2012-09-15,-0.3887499822297926
2012-09-16,-0.3862223402597948
2012-09-17,-0.3532268163149914
2012-09-18,-0.3000460528144808
2012-09-19,-0.2657837066490183
2012-09-20,-0.325568762443402
2012-09-21,-0.3076356830860283
2012-09-22,-0.3062432136445778
2012-09-23,-0.3122961853139681
2012-09-24,-0.3153256883314543
2012-09-25,-0.2729123219030611
2012-09-26,-0.2518375857237727
2012-09-27,-0.2314184736219235
2012-09-28,-0.2367284002285405
2012-09-29,-0.2370719403755199
2012-09-30,-0.2392624886114336
2012-10-01,-0.1852763089217293
2012-10-02,-0.1784552597864825
2012-10-03,-0.1798080600115836
2012-10-04,-0.1881951599291904
2012-10-05,-0.1777247393540764
2012-10-06,-0.1784094057525882
2012-10-07,-0.1834044644668324
2012-10-08,-0.1646710609020509
2012-10-09,-0.1759010143556829
2012-10-10,-0.1715831504824441
2012-10-11,-0.1645228316195912
2012-10-12,-0.1689805121419476
2012-10-13,-0.1690375900402412
2012-10-14,-0.1693533471656385
2012-10-15,-0.1786162088565379
2012-10-16,-0.1852166252195546
2012-10-17,-0.1330012755713336
2012-10-18,-0.159714147890823
2012-10-19,-0.156325691711302
2012-10-20,-0.1681786745601499
2012-10-21,-0.1618241698886928
2012-10-22,-0.0671581012842774
2012-10-23,-0.1218291881992246
2012-10-24,-0.1333081792463826
2012-10-25,-0.0829549826233937
2012-10-26,-0.0241029634209417
2012-10-27,-0.0284057279131895
2012-10-28,-0.0333396845122917
2012-10-29,-0.0378350881638556
2012-10-30,0.0693396719605035
2012-10-31,0.10351704593285
2012-11-01,0.1255669636489054
2012-11-02,0.1217866214860758
2012-11-03,0.11369850247675
2012-11-04,0.1136216763935624
2012-11-05,0.1633161769890099
2012-11-06,0.2444460524135251
2012-11-07,0.2402359640213716
2012-11-08,0.201237266580861
2012-11-09,0.224039894435711
2012-11-10,0.235880266712201
2012-11-11,0.2242284994917339
2012-11-12,0.2126049416881134
2012-11-13,0.2153055233339496
2012-11-14,0.1929361501739357
2012-11-15,0.1793926306818942
2012-11-16,0.1880600989565188
2012-11-17,0.1791487830768348
2012-11-18,0.1841294310139956
2012-11-19,0.1891544226714343
2012-11-20,0.2130463049005377
2012-11-21,0.1743329746807185
2012-11-22,0.1573775040566625
2012-11-23,0.1655828691643819
2012-11-24,0.1638332369099682
2012-11-25,0.1668292529626813
2012-11-26,0.155727372792658
2012-11-27,0.1560084030275288
2012-11-28,0.1448505842325897
2012-11-29,0.1551824641605317
2012-11-30,0.1457344105621045
2012-12-01,0.167348339143871
2012-12-02,0.1555933386910681
2012-12-03,0.1352783781468696
2012-12-04,0.1120260530474583
2012-12-05,0.1045232696164379
2012-12-06,0.0798379474077803
2012-12-07,0.0907855362714069
2012-12-08,0.1039933416547989
2012-12-09,0.1019907605238079
2012-12-10,0.1061771656045682
2012-12-11,0.1697406532715981
2012-12-12,0.1809222068277149
2012-12-13,0.2508899189612706
2012-12-14,0.2392172564809241
2012-12-15,0.2271680837226646
2012-12-16,0.2253014571900854
2012-12-17,0.2150406543070591
2012-12-18,0.2693454120048881
2012-12-19,0.2698044639702065
2012-12-20,0.2389680614040318
2012-12-21,0.2432708934405142
2012-12-22,0.2384589417396607
2012-12-23,0.2369610014361385
2012-12-24,0.2185325519672306
2012-12-25,0.2159027934245038
2012-12-26,0.2192345804709824
2012-12-27,0.2092098598894738
2012-12-28,0.2021039959993088
2012-12-29,0.2015774074936954
2012-12-30,0.2027462430961296
2012-12-31,0.2043270184355925
2013-01-01,0.2316713445052477
2013-01-02,0.2296562556305815
2013-01-03,0.2608748158210003
2013-01-04,0.2599241525061949
2013-01-05,0.2564065696700562
2013-01-06,0.2585819847593316
2013-01-07,0.2520841109729295
2013-01-08,0.2780614669285196
2013-01-09,0.3036343135582845
2013-01-10,0.2963079583189824
2013-01-11,0.2876506776322888
2013-01-12,0.287449400958373
2013-01-13,0.2888088356245141
2013-01-14,0.281838247851042
2013-01-15,0.2590129494499329
2013-01-16,0.2365582093985595
2013-01-17,0.24889051945327
2013-01-18,0.2750758398619135
2013-01-19,0.2706821342996518
2013-01-20,0.2703600490183613
2013-01-21,0.2692878956113749
2013-01-22,0.2727907275063218
2013-01-23,0.3039609850617449
2013-01-24,0.3233534958034118
2013-01-25,0.3428535881972193
2013-01-26,0.3505345251455932
2013-01-27,0.3511325215830699
2013-01-28,0.2911537473292233
2013-01-29,0.2539630218771276
2013-01-30,0.2891868898747946
2013-01-31,0.2823029156781087
2013-02-01,0.3676311974391313
2013-02-02,0.3413768066700087
2013-02-03,0.3412999038006085
2013-02-04,0.2933821409679432
2013-02-05,0.2168767491445118
2013-02-06,0.1915479899944705
2013-02-07,0.1996561452987288
2013-02-08,0.2162127993120277
2013-02-09,0.2179233070520618
2013-02-10,0.2292210074433881
2013-02-11,0.2124182298508873
2013-02-12,0.2228321470541617
2013-02-13,0.2229756190500589
2013-02-14,0.1521710005798691
2013-02-15,0.1638373056578421
2013-02-16,0.1704114971114452
2013-02-17,0.1744513993993721
2013-02-18,0.1698939847739433
2013-02-19,0.1636850948725472
2013-02-20,0.0950011454375241
2013-02-21,0.0605574388874168
2013-02-22,0.077374113407886
2013-02-23,0.0862984115808145
2013-02-24,0.0575712630975093
2013-02-25,0.0322319215583746
2013-02-26,0.0523021634233074
2013-02-27,0.0612433435693429
2013-02-28,0.0668507246791167
2013-03-01,0.0829954211500356
2013-03-02,0.0622338500100327
2013-03-03,0.0608887745166593
2013-03-04,0.0820789387149933
2013-03-05,0.106490699868782
2013-03-06,0.1464817512530198
2013-03-07,0.1935628567876017
2013-03-08,0.2611258879398135
2013-03-09,0.2439145383495027
2013-03-10,0.236108632043498
2013-03-11,0.3037469879065076
2013-03-12,0.3612683163163753
2013-03-13,0.4256841800237756
2013-03-14,0.5481855966057957
2013-03-15,0.4474654440475735
2013-03-16,0.4089488873237199
2013-03-17,0.3911325950381322
2013-03-18,0.3638993291924148
2013-03-19,0.4117095002504473
2013-03-20,0.4254142205484458
2013-03-21,0.4834031362806897
2013-03-22,0.5231137319654509
2013-03-23,0.5132724830751131
2013-03-24,0.5001577545811008
2013-03-25,0.4946176295570568
2013-03-26,0.4605869251434813
2013-03-27,0.4165504613607768
2013-03-28,0.4338530493428369
2013-03-29,0.4214664279927596
2013-03-30,0.4272827611603019
2013-03-31,0.432497778597659
2013-04-01,0.4832028039938367
2013-04-02,0.466618239977892
2013-04-03,0.4705145104833105
2013-04-04,0.4617939880485957
2013-04-05,0.4548054130354867
2013-04-06,0.4547090405684948
2013-04-07,0.4552181031753609
2013-04-08,0.5137588366436779
2013-04-09,0.5830087565314559
2013-04-10,0.5679626158110532
2013-04-11,0.5585051482156725
2013-04-12,0.5577682809644436
2013-04-13,0.5524057502929507
2013-04-14,0.549085377369077
2013-04-15,0.5263488336223391
2013-04-16,0.4916567550453934
2013-04-17,0.4670866037495227
2013-04-18,0.5183259443967584
2013-04-19,0.5444299582818237
2013-04-20,0.5486490346804372
2013-04-21,0.5535820035721509
2013-04-22,0.5474921811125101
2013-04-23,0.6013284309601029
2013-04-24,0.7269001543900577
2013-04-25,0.7515518799407913
2013-04-26,0.7605662886647664
2013-04-27,0.7618287866281399
2013-04-28,0.7603451585001813
2013-04-29,0.7439519576036568
2013-04-30,1.0489780348580506
2013-05-01,1.0529016442785104
2013-05-02,1.1005104601539382
2013-05-03,1.1277671223807186
2013-05-04,1.1221517426305512
2013-05-05,1.11680538944281
2013-05-06,1.0925969039063463
2013-05-07,1.1215080746009474
2013-05-08,1.2170584321673492
2013-05-09,1.207203924023643
2013-05-10,1.2190127225836738
2013-05-11,1.2239324867331212
2013-05-12,1.2249728931377228
2013-05-13,1.239293053962064
2013-05-14,1.2271942944687315
2013-05-15,1.1805080537002433
2013-05-16,1.1856763360251144
2013-05-17,1.184583736498674
2013-05-18,1.186091028822423
2013-05-19,1.1861127228637671
2013-05-20,1.1866779698119692
2013-05-21,1.2419744833420927
2013-05-22,1.2289300170719977
2013-05-23,1.2137027352470946
2013-05-24,1.2094024658091171
2013-05-25,1.2088037845083222
2013-05-26,1.2182724671939262
2013-05-27,1.2041945491333417
2013-05-28,1.188982097945008
2013-05-29,1.1686015473806457
2013-05-30,1.1589429305918209
2013-05-31,1.1583230516425078
2013-06-01,1.1595419799677829
2013-06-02,1.1567522366305805
2013-06-03,1.1495877666390044
2013-06-04,1.1471962141116865
2013-06-05,1.1173139224287936
2013-06-06,1.029821350385324
2013-06-07,0.9729286294547262
2013-06-08,1.004175692394494
2013-06-09,1.0134317876803238
2013-06-10,1.015254615484332
2013-06-11,0.9746584894939871
2013-06-12,0.982669013642698
2013-06-13,1.0275724035358629
2013-06-14,0.973442232209439
2013-06-15,0.9868452261619408
2013-06-16,0.9904074047950034
2013-06-17,0.9890467981902534
2013-06-18,1.0147321252975785
2013-06-19,1.0404554052452206
2013-06-20,1.021524730775092
2013-06-21,1.0358739808714612
2013-06-22,1.0392885708471586
2013-06-23,1.0405147678999835
2013-06-24,1.036064768084631
2013-06-25,1.0268692998874416
2013-06-26,1.1178614184196862
2013-06-27,1.1412518248486507
2013-06-28,1.1545594956968128
2013-06-29,1.153617500900647
2013-06-30,1.151202622029402
2013-07-01,1.1464142380187452
2013-07-02,1.130461795519595
2013-07-03,1.124594965709453
2013-07-04,1.178823989097885
2013-07-05,1.1768743790848182
2013-07-06,1.1604284521752275
2013-07-07,1.162143387491567
2013-07-08,1.1742030182431782
2013-07-09,1.1418660219824537
2013-07-10,1.1113419812944936
2013-07-11,1.111849065116382
2013-07-12,1.1229160525679258
2013-07-13,1.126083832392874
2013-07-14,1.1315192178261988
2013-07-15,1.1621230846610284
2013-07-16,1.3727729270219495
2013-07-17,1.3448045133733595
2013-07-18,1.3623796929978396
2013-07-19,1.38919053869498
2013-07-20,1.3811362190369352
2013-07-21,1.3825753168598804
2013-07-22,1.392707527326681
2013-07-23,1.2944645902114005
2013-07-24,1.3714594610105435
2013-07-25,1.3718995821538795
2013-07-26,1.3991758405247094
2013-07-27,1.405252392767043
2013-07-28,1.4058263586381206
2013-07-29,1.4030498944033696
2013-07-30,1.379836717544812
2013-07-31,1.4688109689869109
2013-08-01,1.2709427365270054
2013-08-02,1.2368711396734238
2013-08-03,1.2438761424043907
2013-08-04,1.2429788640812358
2013-08-05,1.2267557184607658
2013-08-06,1.1973679462575229
2013-08-07,1.1958322597934228
2013-08-08,1.2343405543964745
2013-08-09,1.2914377255810816
2013-08-10,1.3026541379595693
2013-08-11,1.3058968832075506
2013-08-12,1.2985249805996943
2013-08-13,1.2870387937054877
2013-08-14,1.297506720281473
2013-08-15,1.3102907334968352
2013-08-16,1.339733098652983
2013-08-17,1.33897336925857
2013-08-18,1.3399615849854722
2013-08-19,1.3315470009383672
2013-08-20,1.3504810055131988
2013-08-21,1.3607845474781537
2013-08-22,1.3618094919224444
2013-08-23,1.3593189213341894
2013-08-24,1.361316248859607
2013-08-25,1.357827528571547
2013-08-26,1.346804849224269
2013-08-27,1.3491088301695826
2013-08-28,1.381056912901888
2013-08-29,1.374798969928426
2013-08-30,1.3666496064615623
2013-08-31,1.3703883743930358
2013-09-01,1.3684249575296148
2013-09-02,1.3701120216638003
2013-09-03,1.3380370436369524
2013-09-04,1.3129232717861476
2013-09-05,1.246978258746425
2013-09-06,1.2530808602091876
2013-09-07,1.273789284140441
2013-09-08,1.2896215220924432
2013-09-09,1.2814194356805175
2013-09-10,1.1379969029880868
2013-09-11,1.1330742079077196
2013-09-12,1.1210909569825829
2013-09-13,1.187739482985028
2013-09-14,1.1921556772837845
2013-09-15,1.1999672670993995
2013-09-16,1.2054829175202972
2013-09-17,1.2136153852951364
2013-09-18,1.1844624893117446
2013-09-19,1.1734941048764658
2013-09-20,1.180962975661051
2013-09-21,1.175055987882912
2013-09-22,1.173282975185125
2013-09-23,1.1668686197573035
2013-09-24,1.1836360119598857
2013-09-25,1.1797122982206858
2013-09-26,1.1643188769838582
2013-09-27,1.1399587992313809
2013-09-28,1.137907226190103
2013-09-29,1.137925632577305
2013-09-30,1.1366534855509485
2013-10-01,1.1422412527510253
2013-10-02,1.0271074086077188
2013-10-03,1.067563859507515
2013-10-04,1.0778879102432752
2013-10-05,1.0707466674720965
2013-10-06,1.0721976962179929
2013-10-07,1.072403184593398
2013-10-08,1.0790155719456425
2013-10-09,1.0783243184178848
2013-10-10,1.097993042747714
2013-10-11,1.1007346881019058
2013-10-12,1.097223217154626
2013-10-13,1.0948109332434344
2013-10-14,1.1069015114086929
2013-10-15,1.0532049635373233
2013-10-16,1.05238757359691
2013-10-17,1.1566234350410698
2013-10-18,1.1432940170034982
2013-10-19,1.1431657570378284
2013-10-20,1.1405749326875183
2013-10-21,1.1729435055481072
2013-10-22,1.2289853471913874
2013-10-23,1.2406404948283936
2013-10-24,1.323379905814015
2013-10-25,1.3515037209551874
2013-10-26,1.3520693060997917
2013-10-27,1.3571458562517835
2013-10-28,1.3530972023409786
2013-10-29,1.2233488168292737
2013-10-30,1.1961005277309045
2013-10-31,1.276040275262626
2013-11-01,1.2353229683090643
2013-11-02,1.2314605575755335
2013-11-03,1.2330058748469008
2013-11-04,1.2618573228263448
2013-11-05,1.2536185851598245
2013-11-06,1.2515982048932526
2013-11-07,1.262382044245982
2013-11-08,1.269178028682328
2013-11-09,1.2651125978668676
2013-11-10,1.2616650613304088
2013-11-11,1.2514318420823851
2013-11-12,1.2632548429516646
2013-11-13,1.2603704981521338
2013-11-14,1.273696163758719
2013-11-15,1.2601243674981912
2013-11-16,1.254732833227096
2013-11-17,1.2549949727911138
2013-11-18,1.276336840308455
2013-11-19,1.2939612631224615
2013-11-20,1.351081647492894
2013-11-21,1.3572115262728162
2013-11-22,1.3409853083138326
2013-11-23,1.3297616900226237
2013-11-24,1.3194906152534838
2013-11-25,1.3433823710439998
2013-11-26,1.3773464422366528
2013-11-27,1.443522533984348
2013-11-28,1.4615565724032522
2013-11-29,1.464082643530835
2013-11-30,1.4603051118353911
2013-12-01,1.4743795607071737
2013-12-02,1.4882142803095295
2013-12-03,1.5216935868722197
2013-12-04,1.5817883439404736
2013-12-05,1.5774184452993232
2013-12-06,1.55325650761654
2013-12-07,1.5457123671233437
2013-12-08,1.5661666970538703
2013-12-09,1.5732970431685018
2013-12-10,1.5686668183275414
2013-12-11,1.572085679717449
2013-12-12,1.5389276429190144
2013-12-13,1.52710719761466
2013-12-14,1.5218866193463108
2013-12-15,1.5212045068931124
2013-12-16,1.5431568141182226
2013-12-17,1.5298179186001295
2013-12-18,1.6334472677858054
2013-12-19,1.613304318168785
2013-12-20,1.5729588945254445
2013-12-21,1.5745105802515882
2013-12-22,1.576210727996887
2013-12-23,1.570467593182883
2013-12-24,1.6035094286980005
2013-12-25,1.6498325044669044
2013-12-26,1.651312411433754
2013-12-27,1.649002454616325
2013-12-28,1.649519405322208
2013-12-29,1.6405976448234736
2013-12-30,1.638731072792377
2013-12-31,1.6264245528095245
2014-01-01,1.6340496087786176
2014-01-02,1.6071068433267888
2014-01-03,1.6082490366528677
2014-01-04,1.6104616008940928
2014-01-05,1.603102380737285
2014-01-06,1.607164458549048
2014-01-07,1.6180714603160065
2014-01-08,1.6537488710433164
2014-01-09,1.6564952742805403
2014-01-10,1.6549510515964274
2014-01-11,1.6627676963082454
2014-01-12,1.6590429254024344
2014-01-13,1.654883247946248
2014-01-14,1.6432886811495464
2014-01-15,1.6368409611510124
2014-01-16,1.6182898176273808
2014-01-17,1.638626409794174
2014-01-18,1.6306817874494026
2014-01-19,1.6256481832007068
2014-01-20,1.6223973108450744
2014-01-21,1.8254880558285025
2014-01-22,1.8208634990823591
2014-01-23,1.830833586011444
2014-01-24,1.8625302324793864
2014-01-25,1.8609068763292944
2014-01-26,1.8605232031651215
2014-01-27,1.9038012824751709
2014-01-28,1.96139503820372
2014-01-29,2.115172727168472
2014-01-30,2.084938673069654
2014-01-31,2.067282962434961
2014-02-01,2.0545051392237013
2014-02-02,2.064123706040362
2014-02-03,2.08254984885894
2014-02-04,2.037701227679926
2014-02-05,2.04792264328407
2014-02-06,2.0586872778916296
2014-02-07,2.0725838790097404
2014-02-08,2.083035386968449
2014-02-09,2.080741646085367
2014-02-10,2.085488757712067
2014-02-11,2.0771153252225227
2014-02-12,2.0199249187821673
2014-02-13,2.001333679229333
2014-02-14,2.0109698461775554
2014-02-15,2.018059654974321
2014-02-16,2.022094985413581
2014-02-17,2.0366296823790977
2014-02-18,2.029640994829134
2014-02-19,2.038878147605812
2014-02-20,2.008700924856157
2014-02-21,2.0009281700946846
2014-02-22,2.0080546182781367
2014-02-23,2.02661459521469
2014-02-24,1.9947592539529069
2014-02-25,2.0148780080253355
2014-02-26,1.9464776407418696
2014-02-27,1.9236650809792992
2014-02-28,1.9093243394238717
2014-03-01,1.902569620535232
2014-03-02,1.8925945604906744
2014-03-03,1.8761933004440925
2014-03-04,1.9009485776788295
2014-03-05,1.877682962221006
2014-03-06,1.8394667495614831
2014-03-07,1.879044284345055
2014-03-08,1.8830927749425288
2014-03-09,1.8835396288610369
2014-03-10,1.869967757104964
2014-03-11,1.919897578501952
2014-03-12,1.911913247057672
2014-03-13,1.8272038850787524
2014-03-14,1.8394422172979377
2014-03-15,1.852254886374128
2014-03-16,1.8562598236521608
2014-03-17,1.8524269695512192
2014-03-18,1.813502785640789
2014-03-19,1.7868311406391544
2014-03-20,1.7671655040006085
2014-03-21,1.7972336472288792
2014-03-22,1.7994222791351002
2014-03-23,1.7956649499027555
2014-03-24,1.7717406941645195
2014-03-25,1.7482046793765975
2014-03-26,1.7518490256647825
2014-03-27,1.7917784224260656
2014-03-28,1.785690515485486
2014-03-29,1.7890992487779225
2014-03-30,1.7931491485339888
2014-03-31,1.8011865349014289
2014-04-01,1.7893666398299493
2014-04-02,1.799831939131758
2014-04-03,1.8267816862761008
2014-04-04,1.8195397428395672
2014-04-05,1.8181981402637093
2014-04-06,1.818946074266978
2014-04-07,1.8132290734995933
2014-04-08,1.83143635381732
2014-04-09,1.8268306890585513
2014-04-10,1.8263318839985727
2014-04-11,1.821605212817364
2014-04-12,1.8156082842719896
2014-04-13,1.8189884528111688
2014-04-14,1.8184942086750435
2014-04-15,1.8042358709575976
2014-04-16,1.7277187653575936
2014-04-17,1.6229381167938386
2014-04-18,1.6202802971213797
2014-04-19,1.6199467498564888
2014-04-20,1.6215335786066298
2014-04-21,1.6129277895216845
2014-04-22,1.6315512377157304
2014-04-23,1.4496024681172954
2014-04-24,1.2884354875752848
2014-04-25,1.2465631579721776
2014-04-26,1.247382413636832
2014-04-27,1.249068091795883
2014-04-28,1.2356156619132397
2014-04-29,1.1268331379196452
2014-04-30,1.1506958035841397
2014-05-01,1.15150087613555
2014-05-02,1.0730665176582146
2014-05-03,1.0686407698724276
2014-05-04,1.0642648983736922
2014-05-05,1.0391535613833056
2014-05-06,1.0531495422591493
2014-05-07,1.0547866938042514
2014-05-08,1.0292721133520375
2014-05-09,1.0195574769769955
2014-05-10,1.0172043683737946
2014-05-11,1.0266048553090514
2014-05-12,1.061913361252035
2014-05-13,1.0722683647980165
2014-05-14,1.089697502793464
2014-05-15,1.09615511610631
2014-05-16,1.0872954697476644
2014-05-17,1.0939148167701225
2014-05-18,1.1084485369401105
2014-05-19,1.0542844210223732
2014-05-20,1.0172100107347424
2014-05-21,1.0072178127674942
2014-05-22,1.0348527062908175
2014-05-23,1.0370050808291282
2014-05-24,1.0359858496986942
2014-05-25,1.0357439047062431
2014-05-26,1.0312451187861782
2014-05-27,1.018935981118127
2014-05-28,1.0481091759225525
2014-05-29,1.0544835675998774
2014-05-30,1.0560301777431682
2014-05-31,1.0581109885913114
2014-06-01,1.0594041391901168
2014-06-02,1.050637813669026
2014-06-03,1.0352087442435705
2014-06-04,1.02601249437506
2014-06-05,1.045366744201196
2014-06-06,1.0390081430481874
2014-06-07,1.0342179815225503
2014-06-08,1.0580544642436438
2014-06-09,1.0574588956098618
2014-06-10,1.0896067507943277
2014-06-11,1.150457625232096
2014-06-12,1.1592497948068292
2014-06-13,1.1449626452965629
2014-06-14,1.1411464659051993
2014-06-15,1.135259642555266
2014-06-16,1.1192990586428575
2014-06-17,1.1015988412181816
2014-06-18,1.076775065837617
2014-06-19,1.1330336917535728
2014-06-20,1.1569387806283271
2014-06-21,1.150061251536783
2014-06-22,1.1530457172962074
2014-06-23,1.2219241623618833
2014-06-24,1.2650015795719536
2014-06-25,1.2457850519532103
2014-06-26,1.258515069516716
2014-06-27,1.2566278889615972
2014-06-28,1.2505777270998035
2014-06-29,1.2456424965010402
2014-06-30,1.2411738140277029
2014-07-01,1.246056800923625
2014-07-02,1.2492207790783725
2014-07-03,1.3042759111307851
2014-07-04,1.293477110176236
2014-07-05,1.2900195154090732
2014-07-06,1.2882078222654143
2014-07-07,1.2998646625947137
2014-07-08,1.3334774879645026
2014-07-09,1.3964617608836198
2014-07-10,1.402092559079504
2014-07-11,1.3965815795856769
2014-07-12,1.389233586871982
2014-07-13,1.396559210293506
2014-07-14,1.401898621726259
2014-07-15,1.400784307589955
2014-07-16,1.375820903154055
2014-07-17,1.408050716453265
2014-07-18,1.4422880269504703
2014-07-19,1.4362179948550295
2014-07-20,1.4386324154708336
2014-07-21,1.4514405291289314
2014-07-22,1.4175691046277343
2014-07-23,1.5040565961511525
2014-07-24,1.559717195218715
2014-07-25,1.5644737684862555
2014-07-26,1.5614420551115384
2014-07-27,1.5566342679576712
2014-07-28,1.5623142946524906
2014-07-29,1.667369389836728
2014-07-30,1.680919230483389
2014-07-31,1.7415400714842515
2014-08-01,1.84986865500446
2014-08-02,1.8576315335921492
2014-08-03,1.859302490315366
2014-08-04,1.8534455112843664
2014-08-05,1.9611892109727944
2014-08-06,1.960246206423646
2014-08-07,1.980232650016886
2014-08-08,1.992535477206253
2014-08-09,1.9928878680931548
2014-08-10,1.9885458633651376
2014-08-11,1.9575431269273105
2014-08-12,1.9751410048812712
2014-08-13,2.0021176136383234
2014-08-14,1.9800563028528833
2014-08-15,1.980123199359558
2014-08-16,1.9739184352135235
2014-08-17,1.975832000910754
2014-08-18,1.9835660390260497
2014-08-19,1.9937005210775536
2014-08-20,1.987276997415656
2014-08-21,1.9811717841053536
2014-08-22,1.978312874796706
2014-08-23,1.974089423466118
2014-08-24,1.980722090640477
2014-08-25,1.9562971838518175
2014-08-26,1.9528370620620057
2014-08-27,1.9102828221950472
2014-08-28,1.9100556059721088
2014-08-29,1.905783777640636
2014-08-30,1.8999718210551384
2014-08-31,1.9035429226236056
2014-09-01,1.9033995586252015
2014-09-02,1.8677313286499
2014-09-03,1.8934173255088975
2014-09-04,1.8298127431312523
2014-09-05,1.8151227125484528
2014-09-06,1.825577915345415
2014-09-07,1.8246995854262824
2014-09-08,1.8260927163018197
2014-09-09,1.8186327124878627
2014-09-10,1.7590741721067134
2014-09-11,1.7065185438315758
2014-09-12,1.6937898435141434
2014-09-13,1.7074890121285484
2014-09-14,1.7166853485016125
2014-09-15,1.7166245112248206
2014-09-16,1.5396230428444038
2014-09-17,1.52448815937539
2014-09-18,1.522772244785601
2014-09-19,1.512612248387722
2014-09-20,1.5260410855282829
2014-09-21,1.5339451654926957
2014-09-22,1.535809006434227
2014-09-23,1.5318057983090414
2014-09-24,1.4798009438050523
2014-09-25,1.5002225368002469
2014-09-26,1.5054522726750408
2014-09-27,1.506053523566984
2014-09-28,1.511957211773146
2014-09-29,1.521614532089342
2014-09-30,1.5290398156056089
2014-10-01,1.5667069616075977
2014-10-02,1.5504787512037683
2014-10-03,1.546400138406385
2014-10-04,1.5436543720734122
2014-10-05,1.5403507024342125
2014-10-06,1.5372904666070748
2014-10-07,1.503835724200945
2014-10-08,1.5010317495423202
2014-10-09,1.5088071845696231
2014-10-10,1.5168442789171055
2014-10-11,1.515508160522198
2014-10-12,1.5174948587341746
2014-10-13,1.5227355929657074
2014-10-14,1.5445644644710073
2014-10-15,1.562895334857911
2014-10-16,1.553564696433745
2014-10-17,1.556083730319057
2014-10-18,1.5567476184787703
2014-10-19,1.5563737499151802
2014-10-20,1.485531806274605
2014-10-21,1.4972742288177872
2014-10-22,1.491480644753742
2014-10-23,1.4519041807860118
2014-10-24,1.4423241327438892
2014-10-25,1.4404088233193977
2014-10-26,1.4404852841525222
2014-10-27,1.4070855060913054
2014-10-28,1.4597245591578505
2014-10-29,1.5433372307037725
2014-10-30,1.4939861374392729
2014-10-31,1.5181696969454397
2014-11-01,1.520292839350605
2014-11-02,1.5182528284958918
2014-11-03,1.5139845470768152
2014-11-04,1.5262248932747766
2014-11-05,1.5146683096548357
2014-11-06,1.4743316523666288
2014-11-07,1.4391952870841878
2014-11-08,1.450127250361245
2014-11-09,1.450455298590814
2014-11-10,1.4625768550412228
2014-11-11,1.4739544832765914
2014-11-12,1.5219721034505551
2014-11-13,1.537457443382363
2014-11-14,1.548153864378344
2014-11-15,1.5512703802025498
2014-11-16,1.546414541433459
2014-11-17,1.5564240159403488
2014-11-18,1.5613600427582237
2014-11-19,1.5304077948952168
2014-11-20,1.5265855160454334
2014-11-21,1.527507312504662
2014-11-22,1.5309179941414146
2014-11-23,1.5320474454604638
2014-11-24,1.5374215415880874
2014-11-25,1.5350090982843274
2014-11-26,1.5574194887450037
2014-11-27,1.5478756432295917
2014-11-28,1.55090033039165
2014-11-29,1.55519021526275
2014-11-30,1.5524024750343444
2014-12-01,1.554714104767145
2014-12-02,1.5186779496652267
2014-12-03,1.5288353406987636
2014-12-04,1.4805027836759874
2014-12-05,1.4837020369739915
2014-12-06,1.492411907496539
2014-12-07,1.500421784621606
2014-12-08,1.5145348104978884
2014-12-09,1.5437924808591794
2014-12-10,1.52615769729957
2014-12-11,1.502064582087924
2014-12-12,1.4961203786531625
2014-12-13,1.4915125024104
2014-12-14,1.4895291302501117
2014-12-15,1.4589094753125953
2014-12-16,1.5246351390033897
2014-12-17,1.4897128196585991
2014-12-18,1.5664076639507427
2014-12-19,1.5804383391632606
2014-12-20,1.574896456271717
2014-12-21,1.578424868503398
2014-12-22,1.5732888170159471
2014-12-23,1.6247642935319724
2014-12-24,1.623545007414442
2014-12-25,1.6123818653873108
2014-12-26,1.606157625067318
2014-12-27,1.6054329477648674
2014-12-28,1.607111123479229
2014-12-29,1.6071014804300765
2014-12-30,1.602968058476362
2014-12-31,1.5756356865024626
2015-01-01,1.5584735143902044
2015-01-02,1.5456193138839691
2015-01-03,1.5457895156367898
2015-01-04,1.5521380087028778
2015-01-05,1.5590793162482552
2015-01-06,1.5906351708555515
2015-01-07,1.5702351515801305
2015-01-08,1.602065845577826
2015-01-09,1.604385457108918
2015-01-10,1.6030260759366373
2015-01-11,1.601608963574518
2015-01-12,1.588219699536082
2015-01-13,1.5881248925533615
2015-01-14,1.582120248343776
2015-01-15,1.5445551775626472
2015-01-16,1.5434400834728317
2015-01-17,1.538105736067661
2015-01-18,1.532547036085261
2015-01-19,1.5344933890364392
2015-01-20,1.4795219978744234
2015-01-21,1.4817685050038265
2015-01-22,1.477939600323783
2015-01-23,1.4762226998830488
2015-01-24,1.4709588209790687
2015-01-25,1.4705433555711684
2015-01-26,1.4668628749142203
2015-01-27,1.500062607385977
2015-01-28,1.4748389449462875
2015-01-29,1.5048899303081236
2015-01-30,1.4508786271862706
2015-01-31,1.4488639735037043
2015-02-01,1.4484370214438411
2015-02-02,1.4525471055221657
2015-02-03,1.439107489206978
2015-02-04,1.6410087881549384
2015-02-05,1.6576148180708905
2015-02-06,1.6391128518584397
2015-02-07,1.6345175933042515
2015-02-08,1.6413427142444126
2015-02-09,1.6167407194880346
2015-02-10,1.557976987912672
2015-02-11,1.5519398285356982
2015-02-12,1.5622140768926465
2015-02-13,1.5412951892966915
2015-02-14,1.5367965109944273
2015-02-15,1.532432825688885
2015-02-16,1.530495695780295
2015-02-17,1.630555236070476
2015-02-18,1.6103633770678611
2015-02-19,1.5782973003394916
2015-02-20,1.584368886196034
2015-02-21,1.58186578581246
2015-02-22,1.585809770452641
2015-02-23,1.616355781851833
2015-02-24,1.590394042080279
2015-02-25,1.6163480955846117
2015-02-26,1.5921424465203442
2015-02-27,1.588412206525192
2015-02-28,1.5752148486457414
2015-03-01,1.5752816600394737
2015-03-02,1.5574362526107568
2015-03-03,1.536165803269664
2015-03-04,1.517182344050474
2015-03-05,1.4528604108136245
2015-03-06,1.437877050408685
2015-03-07,1.4421552047877229
2015-03-08,1.4591167713144684
2015-03-09,1.4334446908442635
2015-03-10,1.3770407312040682
2015-03-11,1.366440571374013
2015-03-12,1.3087021122072684
2015-03-13,1.3242355427098715
2015-03-14,1.336839923883392
2015-03-15,1.3502307689840083
2015-03-16,1.3417402793537592
2015-03-17,1.297847886097785
2015-03-18,1.3107401727234858
2015-03-19,1.3498669882454393
2015-03-20,1.351684050597297
2015-03-21,1.3551566538642927
2015-03-22,1.3557013301408216
2015-03-23,1.3839804437110317
2015-03-24,1.3451102210492456
2015-03-25,1.3544945973574634
2015-03-26,1.3364797403873192
2015-03-27,1.3248681825562607
2015-03-28,1.3336597080048502
2015-03-29,1.3309204846811862
2015-03-30,1.338982705390608
2015-03-31,1.3447404171309545
2015-04-01,1.3733190389720995
2015-04-02,1.3792518291465066
2015-04-03,1.3804503991140389
2015-04-04,1.3816878474533596
2015-04-05,1.3786134705827844
2015-04-06,1.379433914717893
2015-04-07,1.3886991407458575
2015-04-08,1.424599700757334
2015-04-09,1.400720083190611
2015-04-10,1.400319037466214
2015-04-11,1.400032854488732
2015-04-12,1.3972927688907977
2015-04-13,1.407671133645474
2015-04-14,1.3903955861576822
2015-04-15,1.4254083226695542
2015-04-16,1.4228197802887783
2015-04-17,1.4368774441941712
2015-04-18,1.438018210273115
2015-04-19,1.4347350491553392
2015-04-20,1.433794553829857
2015-04-21,1.4588352317651714
2015-04-22,1.4966263639246506
2015-04-23,1.5524132220916385
2015-04-24,1.583867408573226
2015-04-25,1.581783554176754
2015-04-26,1.5750561644805163
2015-04-27,1.5408486299427966
2015-04-28,1.5840304189574963
2015-04-29,1.57413490120757
2015-04-30,1.590963466686905
2015-05-01,1.6527168967693833
2015-05-02,1.645987604401538
2015-05-03,1.6440778465197
2015-05-04,1.651271914850435
2015-05-05,1.689296669052374
2015-05-06,1.6332249034335624
2015-05-07,1.6172640857424954
2015-05-08,1.648426149923583
2015-05-09,1.652348300165723
2015-05-10,1.656075175973342
2015-05-11,1.6444972248467915
2015-05-12,1.6582430366419103
2015-05-13,1.6145181764215306
2015-05-14,1.6103327306768611
2015-05-15,1.6192196337977602
2015-05-16,1.6219864137308726
2015-05-17,1.613259259496141
2015-05-18,1.60174633606499
2015-05-19,1.572506306501542
2015-05-20,1.5463841360695143
2015-05-21,1.5624354248708558
2015-05-22,1.5636852016512717
2015-05-23,1.568369272622606
2015-05-24,1.5742038778008354
2015-05-25,1.5528954510914807
2015-05-26,1.5280754819572162
2015-05-27,1.5028459908662448
2015-05-28,1.4715529170346318
2015-05-29,1.4692989551318236
2015-05-30,1.4804583662820263
2015-05-31,1.4730863587047864
2015-06-01,1.461471406375928
2015-06-02,1.4131945697441477
2015-06-03,1.4103400153363563
2015-06-04,1.3975791285725614
2015-06-05,1.3664304296954275
2015-06-06,1.373256533033646
2015-06-07,1.379272253047165
2015-06-08,1.4366596864144543
2015-06-09,1.3727033962696518
2015-06-10,1.3702951851856162
2015-06-11,1.352289657531885
2015-06-12,1.3338452346282148
2015-06-13,1.3382767605479022
2015-06-14,1.340705471219746
2015-06-15,1.2738091532914853
2015-06-16,1.2251462911116455
2015-06-17,1.1311299831009305
2015-06-18,0.9766596574676252
2015-06-19,0.9920103598888284
2015-06-20,1.0192249079266806
2015-06-21,1.0251552004409068
2015-06-22,1.0398120446377896
2015-06-23,1.0820483628330422
2015-06-24,1.1244776712586495
2015-06-25,1.164972519970941
2015-06-26,1.1695315561447777
2015-06-27,1.1670452453767508
2015-06-28,1.1647565481950828
2015-06-29,1.1607909925500446
2015-06-30,1.16514451264346
2015-07-01,1.197981370511232
2015-07-02,1.1831491002815524
2015-07-03,1.169944020851367
2015-07-04,1.1738713453909186
2015-07-05,1.174259095538787
2015-07-06,1.1400824064281472
2015-07-07,1.1376692126522296
2015-07-08,1.178601805670798
2015-07-09,1.1715308733689145
2015-07-10,1.186213657335341
2015-07-11,1.189650067464065
2015-07-12,1.1861545143514205
2015-07-13,1.1929163571591763
2015-07-14,1.1970409213641235
2015-07-15,1.2273193088340195
2015-07-16,1.2734744791880996
2015-07-17,1.2677803509712031
2015-07-18,1.2817022677332934
2015-07-19,1.272372326147532
2015-07-20,1.255018164320494
2015-07-21,1.181575516297313
2015-07-22,1.1667685463870492
2015-07-23,1.1292326241687636
2015-07-24,1.1170161842000506
2015-07-25,1.1097490651560933
2015-07-26,1.1094840866564093
2015-07-27,1.121460109171874
2015-07-28,1.118994898772526
2015-07-29,1.1438286295905835
2015-07-30,1.1214093342956244
2015-07-31,1.0503947214418223
2015-08-01,1.0611268255633055
2015-08-02,1.062327459524814
2015-08-03,1.062432179750234
2015-08-04,1.055472094601522
2015-08-05,1.0668615912522754
2015-08-06,1.0770594413256904
2015-08-07,1.0162273539761522
2015-08-08,1.0508886915347742
2015-08-09,1.053014805795475
2015-08-10,1.0317622184397623
2015-08-11,1.0226049202923686
2015-08-12,1.0144961195213025
2015-08-13,1.0004937381358543
2015-08-14,0.9969568012042912
2015-08-15,0.9962833771571172
2015-08-16,0.992897493811702
2015-08-17,1.017742010647673
2015-08-18,1.0171906412947824
2015-08-19,1.0085136614045205
2015-08-20,0.9899092758412934
2015-08-21,0.990723069273774
2015-08-22,0.9903689958591226
2015-08-23,0.981253818735382
2015-08-24,1.001295340147529
2015-08-25,0.951173783360218
2015-08-26,0.981992495346044
2015-08-27,0.9777171168851008
2015-08-28,0.9698716371188244
2015-08-29,0.9700099603315416
2015-08-30,0.9748014299593116
2015-08-31,0.9690458893248278
2015-09-01,0.9559984130110476
2015-09-02,1.0315493272035523
2015-09-03,1.0492229657774863
2015-09-04,1.0520428581631958
2015-09-05,1.052291381492097
2015-09-06,1.048201408298719
2015-09-07,1.0399836206336004
2015-09-08,1.0581722184250673
2015-09-09,1.1120683820776731
2015-09-10,1.1775252290892424
2015-09-11,1.225265587918729
2015-09-12,1.2212541964193453
2015-09-13,1.2164507749799884
2015-09-14,1.229128583292785
2015-09-15,1.2119975585397482
2015-09-16,1.1856029358354738
2015-09-17,1.1707426041003264
2015-09-18,1.2590720177833663
2015-09-19,1.2418973353307432
2015-09-20,1.23369340505732
2015-09-21,1.2314343646734192
2015-09-22,1.2472048597835157
2015-09-23,1.2302418547260172
2015-09-24,1.2136575189764265
2015-09-25,1.2037868799854288
2015-09-26,1.203964922132686
2015-09-27,1.211411457215142
2015-09-28,1.215096759675719
2015-09-29,1.1924045887451875
2015-09-30,1.185350292245856
2015-10-01,1.1679536669573185
2015-10-02,1.1748912582983917
2015-10-03,1.1734086233580416
2015-10-04,1.1741666812514495
2015-10-05,1.1714327582686277
2015-10-06,1.1490698237984616
2015-10-07,1.155637613920129
2015-10-08,1.1605004664343537
2015-10-09,1.1568327164819274
2015-10-10,1.1545304087708343
2015-10-11,1.156101737775312
2015-10-12,1.1541875310988337
2015-10-13,1.1667213015514477
2015-10-14,1.1646350810478237
2015-10-15,1.1551980766037402
2015-10-16,1.1396070240256737
2015-10-17,1.132072105865368
2015-10-18,1.12910797722603
2015-10-19,1.1280192659669912
2015-10-20,1.0278398450157558
2015-10-21,0.9654936124612844
2015-10-22,0.9823938322802696
2015-10-23,1.0104677450340669
2015-10-24,1.0056139501508117
2015-10-25,1.004206769059212
2015-10-26,1.005139888922619
2015-10-27,0.859393088101967
2015-10-28,0.9323684517403232
2015-10-29,0.826937967714415
2015-10-30,0.8690762816068178
2015-10-31,0.8692646505455246
2015-11-01,0.8649350244792227
2015-11-02,0.8507113788329486
2015-11-03,0.831250789980158
2015-11-04,0.7731732023860065
2015-11-05,0.7158682353933004
2015-11-06,0.8322290892070492
2015-11-07,0.8243712165204771
2015-11-08,0.8702473000860389
2015-11-09,0.8635659050726401
2015-11-10,0.8641667956894303
2015-11-11,0.8711960817489262
2015-11-12,0.874804195750959
2015-11-13,0.8598642363916555
2015-11-14,0.8508947585593396
2015-11-15,0.852740153068652
2015-11-16,0.8592754518730146
2015-11-17,0.8626773264339112
2015-11-18,0.8430238884434171
2015-11-19,0.8319608362588652
2015-11-20,0.8218284862502137
2015-11-21,0.825285330514052
2015-11-22,0.8067361910090971
2015-11-23,0.794537095972379
2015-11-24,0.8192170211236136
2015-11-25,0.8083261868651912
2015-11-26,0.821205720039466
2015-11-27,0.8171801902800712
2015-11-28,0.8217186404000658
2015-11-29,0.8236575520317935
2015-11-30,0.8059829539264274
2015-12-01,0.7510136582642184
2015-12-02,0.7438035808449628
2015-12-03,0.6943492896395564
2015-12-04,0.6803143075390221
2015-12-05,0.6707350775586199
2015-12-06,0.6734970614366129
2015-12-07,0.6553765860924475
2015-12-08,0.6894183877335867
2015-12-09,0.6471902782929508
2015-12-10,0.6132794893991418
2015-12-11,0.6154615274075892
2015-12-12,0.6185301007647874
2015-12-13,0.6230362837601781
2015-12-14,0.6333413142808978
2015-12-15,0.6213130011397132
2015-12-16,0.6321646029941819
2015-12-17,0.6585733780142874
2015-12-18,0.6474280845114796
2015-12-19,0.6506505584348934
2015-12-20,0.648524004299884
2015-12-21,0.6550617511289798
2015-12-22,0.6317944038217543
2015-12-23,0.6165311261549878
2015-12-24,0.6080688989545802
2015-12-25,0.6133371106072237
2015-12-26,0.607324178137083
2015-12-27,0.6032792182098711
2015-12-28,0.6130100068410804
2015-12-29,0.6244208046655012
2015-12-30,0.6142408011951562
2015-12-31,0.6094789429382275
2016-01-01,0.6172589819651015
2016-01-02,0.6127567088538504
2016-01-03,0.6115136885241189
2016-01-04,0.6110384866337114
2016-01-05,0.6241880646339037
2016-01-06,0.6124047991279468
2016-01-07,0.5887562435721965
2016-01-08,0.6297516831319486
2016-01-09,0.6292676853532037
2016-01-10,0.6325112199319335
2016-01-11,0.6395785428401896
2016-01-12,0.635284139510768
2016-01-13,0.6343477623352506
2016-01-14,0.6499460687780892
2016-01-15,0.643631609396217
2016-01-16,0.6424578884415241
2016-01-17,0.6377924087628307
2016-01-18,0.6394796045557655
2016-01-19,0.6080784885604844
2016-01-20,0.6027344047214427
2016-01-21,0.5757696080998549
2016-01-22,0.5850442183430378
2016-01-23,0.5833036591598828
2016-01-24,0.5830953305203619
2016-01-25,0.6296190461035928
2016-01-26,0.5994658340841522
2016-01-27,0.6447371805743127
2016-01-28,0.6603637008913854
2016-01-29,0.6480639254666449
2016-01-30,0.6487113043001104
2016-01-31,0.6520551118106197
2016-02-01,0.6444316133879373
2016-02-02,0.6804099884136905
2016-02-03,0.6039787244639464
2016-02-04,0.6254755970295612
2016-02-05,0.6432554843869708
2016-02-06,0.642113450222826
2016-02-07,0.6459650399752498
2016-02-08,0.6104606120482355
2016-02-09,0.5997620928688508
2016-02-10,0.5900432860799663
2016-02-11,0.5788903647409056
2016-02-12,0.5807517269937308
2016-02-13,0.5754526574773065
2016-02-14,0.575418901060324
2016-02-15,0.570472047992066
2016-02-16,0.5803446404835478
2016-02-17,0.5701684287193636
2016-02-18,0.5226899942495127
2016-02-19,0.5284998792833917
2016-02-20,0.5439047463762642
2016-02-21,0.5325161942794657
2016-02-22,0.5071535532407363
2016-02-23,0.5050023461931733
2016-02-24,0.4024352529957166
2016-02-25,0.3603933015752124
2016-02-26,0.3697454123646654
2016-02-27,0.2880575401490901
2016-02-28,0.2890925980068396
2016-02-29,0.2843686180821423
2016-03-01,0.2324496629731895
2016-03-02,0.2208313501799415
2016-03-03,0.2101964263315301
2016-03-04,0.2093542967593085
2016-03-05,0.2106536750238365
2016-03-06,0.2140510218548135
2016-03-07,0.2300040975920125
2016-03-08,0.2734479391550891
2016-03-09,0.2501386138906893
2016-03-10,0.2296008253051531
2016-03-11,0.2186426806626609
2016-03-12,0.2207067914808662
2016-03-13,0.2132907473917058
2016-03-14,0.2151327422079196
2016-03-15,0.1989890516644781
2016-03-16,0.1765838031199167
2016-03-17,0.1886391508636604
2016-03-18,0.1999685231998742
2016-03-19,0.1885963633759684
2016-03-20,0.1848008443685416
2016-03-21,0.2042646356482906
2016-03-22,0.2071655913679859
2016-03-23,0.2400880050082177
2016-03-24,0.2476231188843169
2016-03-25,0.2560233309485755
2016-03-26,0.2538087640979183
2016-03-27,0.2454019130882854
2016-03-28,0.2438043506622371
2016-03-29,0.2225487823390068
2016-03-30,0.2029165638109551
2016-03-31,0.2173913570202281
2016-04-01,0.216354582148482
2016-04-02,0.2157196999309065
2016-04-03,0.211257387346625
2016-04-04,0.2140047359130874
2016-04-05,0.202333552662667
2016-04-06,0.1971877878606147
2016-04-07,0.1817412118612857
2016-04-08,0.2186359458427864
2016-04-09,0.2219227762000459
2016-04-10,0.2213999690122878
2016-04-11,0.2180191943039582
2016-04-12,0.2194408350378558
2016-04-13,0.2274205606295181
2016-04-14,0.2236533879465112
2016-04-15,0.2249283395283705
2016-04-16,0.2276145334298662
2016-04-17,0.2240584029883694
2016-04-18,0.2129087022862246
2016-04-19,0.1924968975078
2016-04-20,0.1682936495923261
2016-04-21,0.1025799721710492
2016-04-22,0.0677048968752129
2016-04-23,0.0665339169362597
2016-04-24,0.0678800716078356
2016-04-25,0.0949419634576265
2016-04-26,0.2025327482851631
2016-04-27,0.1663503670786148
2016-04-28,0.0405209174686185
2016-04-29,0.1009232320401165
2016-04-30,0.0805318918345601
2016-05-01,0.0883612881601108
2016-05-02,0.102035515526748
2016-05-03,0.1133798666410237
2016-05-04,0.1486990761471609
2016-05-05,0.222354516149497
2016-05-06,0.209091638166553
2016-05-07,0.2215565214451325
2016-05-08,0.2644307475160268
2016-05-09,0.2513141015267135
2016-05-10,0.2514768088338068
2016-05-11,0.2571487731273936
2016-05-12,0.2680771849536838
2016-05-13,0.2755419688054561
2016-05-14,0.2731966497388065
2016-05-15,0.2732474389593966
2016-05-16,0.2756803692764533
2016-05-17,0.2906037878654042
2016-05-18,0.2934148252137597
2016-05-19,0.3000478786354812
2016-05-20,0.287347578815104
2016-05-21,0.281416326059968
2016-05-22,0.280583074391883
2016-05-23,0.263379796811362
2016-05-24,0.2939752879483758
2016-05-25,0.2966899196292664
2016-05-26,0.3149623253720299
2016-05-27,0.3131059151536782
2016-05-28,0.3144142395597642
2016-05-29,0.3100672652453301
2016-05-30,0.3112079800040549
2016-05-31,0.318724688093314
2016-06-01,0.3249503301136814
2016-06-02,0.3526214863044105
2016-06-03,0.352189497774094
2016-06-04,0.3486214861451446
2016-06-05,0.3565763664969954
2016-06-06,0.353024292052041
2016-06-07,0.3552227262866395
2016-06-08,0.356196395158236
2016-06-09,0.3559729969175104
2016-06-10,0.3651947429531267
2016-06-11,0.3627120808364393
2016-06-12,0.3595479110921962
2016-06-13,0.3436199972517098
2016-06-14,0.2355377613473281
2016-06-15,0.2245483263593339
2016-06-16,0.1940643980088108
2016-06-17,0.1977628143629373
2016-06-18,0.2045728205814716
2016-06-19,0.2158172148184487
2016-06-20,0.2231069938103482
2016-06-21,0.2172888220050928
2016-06-22,0.1898248441432382
2016-06-23,0.2282244582168529
2016-06-24,0.2267702829584374
2016-06-25,0.2140497287375991
2016-06-26,0.2150583363777403
2016-06-27,0.2182092624258005
2016-06-28,0.2220535280080986
2016-06-29,0.2132186456027476
2016-06-30,0.2276341393827403
2016-07-01,0.2369813261391935
2016-07-02,0.2323957109917629
2016-07-03,0.2332467847033426
2016-07-04,0.2381986528518698
2016-07-05,0.2315605609616069
2016-07-06,0.2591179527516112
2016-07-07,0.2854210564768531
2016-07-08,0.3360131712007977
2016-07-09,0.3313817460812188
2016-07-10,0.3199623964093426
2016-07-11,0.3092306737626498
2016-07-12,0.3284634200041377
2016-07-13,0.2954455854447982
2016-07-14,0.3346931338891595
2016-07-15,0.3273149979315729
2016-07-16,0.3152876785878395
2016-07-17,0.316715429179386
2016-07-18,0.3405801924495464
2016-07-19,0.3785611067625963
2016-07-20,0.358094852425597
2016-07-21,0.3100137194104824
2016-07-22,0.3148366209279382
2016-07-23,0.3105973865154225
2016-07-24,0.3047008835837993
2016-07-25,0.3243494927907682
2016-07-26,0.1592063641441963
2016-07-27,0.2524120524325557
2016-07-28,0.3103514668653111
2016-07-29,0.3434228191851445
2016-07-30,0.3452437243654723
2016-07-31,0.3423732309129698
2016-08-01,0.3330943276580446
2016-08-02,0.3185299718261279
2016-08-03,0.3398015137186275
2016-08-04,0.3634651240704908
2016-08-05,0.3814569788784168
2016-08-06,0.3811369987112323
2016-08-07,0.384925321846066
2016-08-08,0.4507144346766986
2016-08-09,0.4833598692431496
2016-08-10,0.4690350240370732
2016-08-11,0.4708470534923934
2016-08-12,0.4831579642219175
2016-08-13,0.4787670823236181
2016-08-14,0.4793284166647863
2016-08-15,0.482794392156084
2016-08-16,0.4946817973227532
2016-08-17,0.4771169741227882
2016-08-18,0.500785738940475
2016-08-19,0.5081082529594576
2016-08-20,0.512319298045272
2016-08-21,0.5119711704658624
2016-08-22,0.5105125474121559
2016-08-23,0.5031843376646883
2016-08-24,0.4820305099560106
2016-08-25,0.5026984059455396
2016-08-26,0.4988671545351741
2016-08-27,0.4945786783905256
2016-08-28,0.4917386440636075
2016-08-29,0.489591247519674
2016-08-30,0.5022503018331138
2016-08-31,0.478249254642432
2016-09-01,0.4883965091403734
2016-09-02,0.4513518081856831
2016-09-03,0.4572069513297803
2016-09-04,0.45404799354747
2016-09-05,0.4608571883428575
2016-09-06,0.4547495541465559
2016-09-07,0.4272644570931007
2016-09-08,0.4685075586231878
2016-09-09,0.4578600310901198
2016-09-10,0.4674392497452492
2016-09-11,0.4710268396861027
2016-09-12,0.4481346499372506
2016-09-13,0.3459765879543711
2016-09-14,0.3030915189245099
2016-09-15,0.1815428494874396
2016-09-16,0.1609401485093768
2016-09-17,0.1883570478163674
2016-09-18,0.1979439714089117
2016-09-19,0.1919005865139265
2016-09-20,0.1592240313861324
2016-09-21,0.1463782058845959
2016-09-22,0.158417153074982
2016-09-23,0.1567126757606647
2016-09-24,0.1622593909090768
2016-09-25,0.1683376012816175
2016-09-26,0.1926236626083544
2016-09-27,0.1914154269984718
2016-09-28,0.2061654103276371
2016-09-29,0.2035447744969336
2016-09-30,0.2078831773994025
2016-10-01,0.1891223134902095
2016-10-02,0.1937996965509048
2016-10-03,0.1697073240780897
2016-10-04,0.1941947774891272
2016-10-05,0.1885956972030906
2016-10-06,0.1731512424944883
2016-10-07,0.1864342235839013
2016-10-08,0.222270863222294
2016-10-09,0.2214168219773564
2016-10-10,0.2219051611727085
2016-10-11,0.2262976770923013
2016-10-12,0.2374099971958689
2016-10-13,0.2356834146422359
2016-10-14,0.2395725795575869
2016-10-15,0.241042340159175
2016-10-16,0.241787976132251
2016-10-17,0.2292205659558908
2016-10-18,0.3293167279281968
2016-10-19,0.3791941831613894
2016-10-20,0.5641631646036748
2016-10-21,0.5421044028123364
2016-10-22,0.5370938942292298
2016-10-23,0.5331115677070402
2016-10-24,0.5294658082560058
2016-10-25,0.5900676510361527
2016-10-26,0.544042455901232
2016-10-27,0.5617046998330015
2016-10-28,0.6543611051570527
2016-10-29,0.6561107432650424
2016-10-30,0.6524286706837009
2016-10-31,0.64884165400693
2016-11-01,0.6441547803541208
2016-11-02,0.8496903807279792
2016-11-03,0.8535923818631194
2016-11-04,0.8813723046251727
2016-11-05,0.8881593841258044
2016-11-06,0.8991497643138282
2016-11-07,0.8870611007699002
2016-11-08,0.9005068640587626
2016-11-09,0.8956168139857847
2016-11-10,0.8928708180207672
2016-11-11,0.8873795010814134
2016-11-12,0.8853413695302896
2016-11-13,0.8738437368637149
2016-11-14,0.9056237324031317
2016-11-15,0.8865381092545641
2016-11-16,0.8716453816312772
2016-11-17,0.8574699152040028
2016-11-18,0.8531660940875565
2016-11-19,0.8515022707806028
2016-11-20,0.8462097899515871
2016-11-21,0.8348431785689456
2016-11-22,0.8231996210659012
2016-11-23,0.8203485993198872
2016-11-24,0.8305226368975067
2016-11-25,0.8237972624797132
2016-11-26,0.8263958372536275
2016-11-27,0.8248692143249935
2016-11-28,0.8359534493426188
2016-11-29,0.8477212435961824
2016-11-30,0.8388090090215174
2016-12-01,0.7958629821836014
2016-12-02,0.7951543437671054
2016-12-03,0.80055260870723
2016-12-04,0.8048591981713151
2016-12-05,0.798861239114395
2016-12-06,0.8194743927204922
2016-12-07,0.8690333600019017
2016-12-08,0.8849863141792422
2016-12-09,0.8963386229532089
2016-12-10,0.8910747701604032
2016-12-11,0.8986255767240748
2016-12-12,0.8778720848878195
2016-12-13,0.9050398950390116
2016-12-14,0.8922994357358462
2016-12-15,0.8589782437013618
2016-12-16,0.9136864247992696
2016-12-17,0.9072534350852548
2016-12-18,0.9048380762936126
2016-12-19,0.8929993240348215
2016-12-20,0.8642380947263497
2016-12-21,0.8701550822462634
2016-12-22,0.8174690166302401
2016-12-23,0.8440791775727576
2016-12-24,0.8480703332208654
2016-12-25,0.8455630014266128
2016-12-26,0.8542871606392136
2016-12-27,0.8590852848995529
2016-12-28,0.8320047458011106
2016-12-29,0.8369461952033953
2016-12-30,0.8347573122611625
2016-12-31,0.835787561543154
2017-01-01,0.8119362701005712
2017-01-02,0.8134246655705951
2017-01-03,0.8067808057257775
2017-01-04,0.8019660870945002
2017-01-05,0.8157927158347174
2017-01-06,0.8109262135732227
2017-01-07,0.8160273728542471
2017-01-08,0.832166221469848
2017-01-09,0.832722946139165
2017-01-10,0.8606583357042854
2017-01-11,0.8517150799800999
2017-01-12,0.8322818253292297
2017-01-13,0.8350042698835731
2017-01-14,0.8298133876605875
2017-01-15,0.8294371565493059
2017-01-16,0.8283643612080822
2017-01-17,0.865357198762049
2017-01-18,0.8587788442022211
2017-01-19,0.8731475558624135
2017-01-20,0.8706058754040684
2017-01-21,0.8748981273566594
2017-01-22,0.8728555699657372
2017-01-23,0.8424063673694546
2017-01-24,0.8422152564442869
2017-01-25,0.8647830860714687
2017-01-26,0.7626328371871344
2017-01-27,0.7463807547459235
2017-01-28,0.7411361091508433
2017-01-29,0.738829614785116
2017-01-30,0.7439345317678041
2017-01-31,0.7940955232391933
2017-02-01,0.884043699715821
2017-02-02,0.9279419688410852
2017-02-03,0.9304533418888798
2017-02-04,0.931767912770554
2017-02-05,0.9312076737047608
2017-02-06,0.9455026624783952
2017-02-07,0.872968005789813
2017-02-08,0.8390164348983443
2017-02-09,0.8678353984600573
2017-02-10,0.866494779450389
2017-02-11,0.863650346368396
2017-02-12,0.8600702192838263
2017-02-13,0.8611157910422464
2017-02-14,0.8696866000774182
2017-02-15,0.884765219316783
2017-02-16,0.8938880650496909
2017-02-17,0.8956131954701347
2017-02-18,0.8986459625499792
2017-02-19,0.9074446500662134
2017-02-20,0.8771233432162029
2017-02-21,0.8419802427785714
2017-02-22,0.8765891397108045
2017-02-23,0.8914413690129447
2017-02-24,0.8810725068723644
2017-02-25,0.9000247229390035
2017-02-26,0.8993129229185705
2017-02-27,0.9441444584296378
2017-02-28,0.9009563395398898
2017-03-01,0.9117619147317324
2017-03-02,0.8740053800094906
2017-03-03,0.857966773914188
2017-03-04,0.8514934071153133
2017-03-05,0.8548182755736997
2017-03-06,0.8700678683537358
2017-03-07,0.8691198935008385
2017-03-08,0.9355816636344896
2017-03-09,0.9835093793030788
2017-03-10,1.003959418780574
2017-03-11,0.9938646050463128
2017-03-12,0.983034170109847
2017-03-13,0.9791805784387064
2017-03-14,1.1734686028260717
2017-03-15,1.1702930186150562
2017-03-16,1.2282038402968851
2017-03-17,1.242765958074714
2017-03-18,1.2112647604456754
2017-03-19,1.1928922092278107
2017-03-20,1.197243878664116
2017-03-21,1.1822658235290202
2017-03-22,1.2755976682928027
2017-03-23,1.3168166046123737
2017-03-24,1.2320718478493986
2017-03-25,1.225438758960839
2017-03-26,1.232432757032208
2017-03-27,1.2424089313385414
2017-03-28,1.1988525740077225
2017-03-29,1.160083556489584
2017-03-30,1.1524251769931857
2017-03-31,1.144999585132258
2017-04-01,1.1438645454845304
2017-04-02,1.1481030547043074
2017-04-03,1.1543419595839777
2017-04-04,1.1573648847874378
2017-04-05,1.171927379689
2017-04-06,1.178920637426189
2017-04-07,1.176236501072888
2017-04-08,1.1768245499001426
2017-04-09,1.1789555435437622
2017-04-10,1.1789527794898975
2017-04-11,1.1653023236478035
2017-04-12,1.1515566035503328
2017-04-13,1.1464142578844312
2017-04-14,1.1418166158865364
2017-04-15,1.1414351296036798
2017-04-16,1.1382875806560873
2017-04-17,1.133138293528946
2017-04-18,1.0845598644031798
2017-04-19,0.9984584367792604
2017-04-20,1.0106252269263938
2017-04-21,0.9948481379141269
2017-04-22,0.9973929728293176
2017-04-23,0.993954876862894
2017-04-24,0.9947391036613912
2017-04-25,1.0430473231978958
2017-04-26,0.9875627562734222
2017-04-27,1.3127118128573472
2017-04-28,1.395833365822445
2017-04-29,1.384495518262428
2017-04-30,1.3792362363283142
2017-05-01,1.370133367978453
2017-05-02,1.4640535149476828
2017-05-03,1.4862416731608594
2017-05-04,1.6830078997724671
2017-05-05,1.644266645524587
2017-05-06,1.640597033753252
2017-05-07,1.6320612976515902
2017-05-08,1.639069975485282
2017-05-09,1.6589010785794804
2017-05-10,1.6643558913499907
2017-05-11,1.6752231278375829
2017-05-12,1.68065069041689
2017-05-13,1.680524181236368
2017-05-14,1.68939057437285
2017-05-15,1.6940220505788972
2017-05-16,1.6885612638077394
2017-05-17,1.7131332941637776
2017-05-18,1.7625487081860427
2017-05-19,1.7647102151957803
2017-05-20,1.763711799216842
2017-05-21,1.7483543345272072
2017-05-22,1.753697645215822
2017-05-23,1.7613576272592208
2017-05-24,1.7717251446365676
2017-05-25,1.80216277615803
2017-05-26,1.80958291943404
2017-05-27,1.810124838373225
2017-05-28,1.8037880250252765
2017-05-29,1.7974625210020414
2017-05-30,1.8043832833592832
2017-05-31,1.7707704717439872
2017-06-01,1.6341803834434063
2017-06-02,1.6330303813175482
2017-06-03,1.6325483608284526
2017-06-04,1.6475885913629575
2017-06-05,1.6425753219937682
2017-06-06,1.6489624397268483
2017-06-07,1.6492012072304196
2017-06-08,1.6493688127703037
2017-06-09,1.5826825462776422
2017-06-10,1.5943106201118866
2017-06-11,1.5883870763847785
2017-06-12,1.5520897123238362
2017-06-13,1.5455522387323883
2017-06-14,1.4914451919935412
2017-06-15,1.3688991151718817
2017-06-16,1.415801536710961
2017-06-17,1.4342992129356649
2017-06-18,1.4343806227424882
2017-06-19,1.396362283135737
2017-06-20,1.4161440934688552
2017-06-21,1.492047116215904
2017-06-22,1.5052664992734792
2017-06-23,1.502112431910032
2017-06-24,1.5056420552257062
2017-06-25,1.5076945173065768
2017-06-26,1.5236928510316523
2017-06-27,1.533765907210821
2017-06-28,1.543281572247752
2017-06-29,1.5370980757944028
2017-06-30,1.5383166812119693
2017-07-01,1.5339416360798843
2017-07-02,1.5314988081977396
2017-07-03,1.5294132378287046
2017-07-04,1.5177530124847065
2017-07-05,1.528989402752991
2017-07-06,1.5631185566960228
2017-07-07,1.5706509979135188
2017-07-08,1.567413375713206
2017-07-09,1.5703676589988182
2017-07-10,1.56159285449903
2017-07-11,1.5772757684623204
2017-07-12,1.58367839211447
2017-07-13,1.5824733562776443
2017-07-14,1.5840429217710688
2017-07-15,1.640944551963204
2017-07-16,1.6353634304397535
2017-07-17,1.6320207443840795
2017-07-18,1.5677221963029075
2017-07-19,1.575019940027102
2017-07-20,1.6475016770718147
2017-07-21,1.6403995575429788
2017-07-22,1.6286893336790798
2017-07-23,1.6305424721177224
2017-07-24,1.6176428552774031
2017-07-25,1.6737558943316793
2017-07-26,1.6210187047816058
2017-07-27,1.485534588353673
2017-07-28,1.4921956476162783
2017-07-29,1.4953260681495406
2017-07-30,1.4999661907155697
2017-07-31,1.5068539427562575
2017-08-01,1.543943908195633
2017-08-02,1.5321037856896231
2017-08-03,1.5599854300198264
2017-08-04,1.5887952070149438
2017-08-05,1.596454487242918
2017-08-06,1.598495520956402
2017-08-07,1.5884441052044929
2017-08-08,1.5675574363128333
2017-08-09,1.5394107294527366
2017-08-10,1.546381517632136
2017-08-11,1.550086339153471
2017-08-12,1.5523751107569506
2017-08-13,1.5550483696033504
2017-08-14,1.5395557068293375
2017-08-15,1.546205184448996
2017-08-16,1.5439238041093597
2017-08-17,1.529421343516546
2017-08-18,1.5407792968944527
2017-08-19,1.535561365072463
2017-08-20,1.533679439210934
2017-08-21,1.535306737962138
2017-08-22,1.5206126039854695
2017-08-23,1.5473539576193611
2017-08-24,1.5613960184316544
2017-08-25,1.5549301101386832
2017-08-26,1.5619030057837702
2017-08-27,1.5547821509836293
2017-08-28,1.5551838177481618
2017-08-29,1.5692077904907986
2017-08-30,1.5564322608248111
2017-08-31,1.5614501648528074
2017-09-01,1.55550128155687
2017-09-02,1.5592735824483055
2017-09-03,1.560161325169371
2017-09-04,1.5822274059075383
2017-09-05,1.5771605438614211
2017-09-06,1.5757117309462585
2017-09-07,1.5808567088409675
2017-09-08,1.587277943499999
2017-09-09,1.5924401219415236
2017-09-10,1.6036749074190424
2017-09-11,1.5866219714451986
2017-09-12,1.523921339511887
2017-09-13,1.5398173938441135
2017-09-14,1.5415402567730945
2017-09-15,1.4800440016966598
2017-09-16,1.501429673057464
2017-09-17,1.51090013007167
2017-09-18,1.4867336399319924
2017-09-19,1.482855119391197
2017-09-20,1.4329567097546194
2017-09-21,1.4408892063181882
2017-09-22,1.446601461048864
2017-09-23,1.4366428465585042
2017-09-24,1.441393256505335
2017-09-25,1.4596339853407307
2017-09-26,1.4670673098933618
2017-09-27,1.4555509740821195
2017-09-28,1.46946395662673
2017-09-29,1.4645913344169113
2017-09-30,1.4674824004747573
2017-10-01,1.4668120645917664
2017-10-02,1.4681188064128194
2017-10-03,1.4549289034471669
2017-10-04,1.4338900707549167
2017-10-05,1.409949459837781
2017-10-06,1.415870727865485
2017-10-07,1.4202147753452428
2017-10-08,1.4203945348849707
2017-10-09,1.4208446881808952
2017-10-10,1.4112096187043102
2017-10-11,1.4177619596053412
2017-10-12,1.4105011565095558
2017-10-13,1.411736494868835
2017-10-14,1.4065536533581304
2017-10-15,1.4062136174220694
2017-10-16,1.4120099653592697
2017-10-17,1.4363979219731475
2017-10-18,1.4314759494761524
2017-10-19,1.4224150467921333
2017-10-20,1.427504236928314
2017-10-21,1.4287998595341989
2017-10-22,1.4292516226425724
2017-10-23,1.4376966238478548
2017-10-24,1.4960629026093204
2017-10-25,1.4827621818339336
2017-10-26,1.6043073498391984
2017-10-27,1.6557947694262805
2017-10-28,1.646546035929221
2017-10-29,1.6426551972221224
2017-10-30,1.6408961495141257
2017-10-31,1.6401616872335705
2017-11-01,1.6546460881328129
2017-11-02,1.729923841210706
2017-11-03,1.6810336744211134
2017-11-04,1.6794274283799306
2017-11-05,1.677227722881325
2017-11-06,1.6786658712786555
2017-11-07,1.6844908029918106
2017-11-08,1.6808707110630885
2017-11-09,1.6499934905410958
2017-11-10,1.6506798301838743
2017-11-11,1.6455058578778683
2017-11-12,1.6462804391425936
2017-11-13,1.6386706659351145
2017-11-14,1.6272134655459756
2017-11-15,1.6018439823020212
2017-11-16,1.5937515275069445
2017-11-17,1.5907377516437822
2017-11-18,1.5797311095158366
2017-11-19,1.5628234341495784
2017-11-20,1.6186858930256045
2017-11-21,1.679145540169272
2017-11-22,1.6861021920662778
2017-11-23,1.70676119765081
2017-11-24,1.7027559900674445
2017-11-25,1.696772679680119
2017-11-26,1.6896173879767982
2017-11-27,1.6941928288941277
2017-11-28,1.7318744112418027
2017-11-29,1.7799297794931648
2017-11-30,1.7967347685763198
2017-12-01,1.7857975383154032
2017-12-02,1.7829747848303557
2017-12-03,1.8016426408852193
2017-12-04,1.792093064107024
2017-12-05,1.8065700494895456
2017-12-06,1.827055785631539
2017-12-07,1.8311907557872389
2017-12-08,1.8194260056670768
2017-12-09,1.8173404852338184
2017-12-10,1.814296097282884
2017-12-11,1.8096702223761325
2017-12-12,1.8281012219381951
2017-12-13,1.788474588821202
2017-12-14,1.86589117895802
2017-12-15,1.8314422711076592
2017-12-16,1.8381796437640583
2017-12-17,1.8405006303664204
2017-12-18,1.856115649400559
2017-12-19,1.900129303481215
2017-12-20,1.8733482144496711
2017-12-21,1.8683531360329049
2017-12-22,1.870293494674215
2017-12-23,1.8680818490012825
2017-12-24,1.861414257018278
2017-12-25,1.8693069021177688
2017-12-26,1.9424393066114436
2017-12-27,1.937952965869356
2017-12-28,1.9216488770248117
2017-12-29,1.921880165905596
2017-12-30,1.915888896743777
2017-12-31,1.9133253674109372
2018-01-01,1.892128304440199
2018-01-02,1.863407209621894
2018-01-03,1.858000883085116
2018-01-04,1.8369003234348855
2018-01-05,1.8352334934863652
2018-01-06,1.8365391474897463
2018-01-07,1.8372243058789377
2018-01-08,1.8448846675931772
2018-01-09,1.84700607200263
2018-01-10,1.8451890167643152
2018-01-11,1.834141383828677
2018-01-12,1.8318894162936288
2018-01-13,1.835443808021484
2018-01-14,1.833977844163663
2018-01-15,1.8289506855869109
2018-01-16,1.8589754515584789
2018-01-17,1.8622448106355152
2018-01-18,1.8626961283582673
2018-01-19,1.8632127009052708
2018-01-20,1.8612709333981403
2018-01-21,1.8578064152801848
2018-01-22,1.8674620283087664
2018-01-23,1.9702212946569948
2018-01-24,2.084512433573652
2018-01-25,2.21186876917483
2018-01-26,2.1894433363176
2018-01-27,2.188837357215571
2018-01-28,2.1883452987919427
2018-01-29,2.203761020289937
2018-01-30,2.331915730282333
2018-01-31,2.657153623352799
2018-02-01,2.801232614200571
2018-02-02,3.0417538023008
2018-02-03,3.040024455299137
2018-02-04,3.0350978821442136
2018-02-05,3.0498494684503084
2018-02-06,3.0866283680793547
2018-02-07,3.147327910397839
2018-02-08,3.2662584731753537
2018-02-09,3.288409974811797
2018-02-10,3.2843004927400896
2018-02-11,3.2747568085732093
2018-02-12,3.2624920363542484
2018-02-13,3.296921748980256
2018-02-14,3.3398400352074606
2018-02-15,3.3624382755546742
2018-02-16,3.488651341248473
2018-02-17,3.5001474209781693
2018-02-18,3.492988438227112
2018-02-19,3.5134800125401062
2018-02-20,3.5861895115178792
2018-02-21,3.579403687422582
2018-02-22,3.646858890790116
2018-02-23,3.652399638905937
2018-02-24,4.008078525106186
2018-02-25,3.98236377903332
2018-02-26,3.969027842830278
2018-02-27,3.97575815320886
2018-02-28,3.964135616275226
2018-03-01,3.976894938660825
2018-03-02,3.979117190500868
2018-03-03,3.9746925174358982
2018-03-04,3.965454454247141
2018-03-05,3.957101302611574
2018-03-06,3.940099035415683
2018-03-07,3.920996098120238
2018-03-08,4.083507876778944
2018-03-09,4.096187537888239
2018-03-10,4.109697573552557
2018-03-11,4.098261809593372
2018-03-12,4.089171750041135
2018-03-13,4.008716804101123
2018-03-14,3.994320717650683
2018-03-15,4.011236638067994
2018-03-16,4.024271302184097
2018-03-17,4.017065002492297
2018-03-18,4.012521330931003
2018-03-19,4.0265449073767074
2018-03-20,4.082484589116092
2018-03-21,3.9823900009439024
2018-03-22,3.971695991425351
2018-03-23,3.973250641796358
2018-03-24,3.956992520155703
2018-03-25,3.935716160269096
2018-03-26,3.927784556081604
2018-03-27,3.957378960199042
2018-03-28,3.999298274369197
2018-03-29,4.0150762263496
2018-03-30,4.000477287575324
2018-03-31,3.991408706682851
2018-04-01,3.9440897576819824
2018-04-02,3.9202083698173142
2018-04-03,3.964858589438656
2018-04-04,3.955332077959428
2018-04-05,3.953499579823797
2018-04-06,3.9399194320136095
2018-04-07,3.931119726783484
2018-04-08,4.037140904811233
2018-04-09,4.032109591909382
2018-04-10,4.031561276731612
2018-04-11,4.013090597324088
2018-04-12,4.004540937338133
2018-04-13,3.999168728571728
2018-04-14,3.9934334142062897
2018-04-15,3.986619338710738
2018-04-16,3.986800211296114
2018-04-17,3.948606511349177
2018-04-18,3.9530320283447136
2018-04-19,3.950234194309121
2018-04-20,3.906143922486698
2018-04-21,3.8968753582141487
2018-04-22,3.891333348029417
2018-04-23,3.865251988001561
2018-04-24,3.7035334549203673
2018-04-25,3.2543940025685565
2018-04-26,3.073341263954058
2018-04-27,2.798474246231823
2018-04-28,2.787625346868303
2018-04-29,2.775633506351637
2018-04-30,2.7471240021730443
2018-05-01,1.9992822984872096
2018-05-02,2.078202086801245
2018-05-03,2.1006753710248316
2018-05-04,2.025045633402075
2018-05-05,1.9739032100845644
2018-05-06,1.9750667637834196
2018-05-07,1.9638217916805416
2018-05-08,1.9854492843281184
2018-05-09,1.9471737196398995
2018-05-10,1.9455786418174343
2018-05-11,1.951508430404052
2018-05-12,1.952815339979085
2018-05-13,1.9542295761322095
2018-05-14,1.9492572490518387
2018-05-15,1.9306777959045405
2018-05-16,1.898948177032862
2018-05-17,1.8963002764721888
2018-05-18,1.847931759876944
2018-05-19,1.8453014476437
2018-05-20,1.8544123366993124
2018-05-21,1.8266424456159227
2018-05-22,1.8512856275905731
2018-05-23,1.8918548435689813
2018-05-24,1.8855652308320807
2018-05-25,1.8846562593147376
2018-05-26,1.8889887378219377
2018-05-27,1.88457086753521
2018-05-28,1.871606157632226
2018-05-29,1.913128316735916
2018-05-30,1.932528113120852
2018-05-31,1.938780972035612
2018-06-01,1.9559256347989311
2018-06-02,1.9480905004457316
2018-06-03,1.952663785302085
2018-06-04,1.9642986751532563
2018-06-05,1.9546647126525083
2018-06-06,1.9688029665384683
2018-06-07,1.9392508940201911
2018-06-08,1.998460773412476
2018-06-09,1.991431719493852
2018-06-10,1.997886011220495
2018-06-11,1.9884955298844589
2018-06-12,1.9995044258812564
2018-06-13,2.0250680180754235
2018-06-14,2.0294113716238407
2018-06-15,2.0361997103041594
2018-06-16,2.040522506573632
2018-06-17,2.0412433378669212
2018-06-18,2.044583433936465
2018-06-19,2.0587360476548024
2018-06-20,2.07737799212054
2018-06-21,2.0902675072214008
2018-06-22,2.1004943573365287
2018-06-23,2.1008675655121065
2018-06-24,2.1002977303333865
2018-06-25,2.0914619857506636
2018-06-26,2.0879863176690674
2018-06-27,2.059007209683883
2018-06-28,2.080016377557113
2018-06-29,2.0666306589593737
2018-06-30,2.069268859032255
2018-07-01,2.0747620641812032
2018-07-02,2.079352936659122
2018-07-03,2.0998249115273655
2018-07-04,2.0795678692871613
2018-07-05,2.0879632103377626
2018-07-06,2.08245371974623
2018-07-07,2.0764776288307454
2018-07-08,2.099008888954609
2018-07-09,2.0976974839150224
2018-07-10,2.0495818289126593
2018-07-11,2.09650177488105
2018-07-12,2.087038290133184
2018-07-13,2.0888902494443293
2018-07-14,2.085501188367331
2018-07-15,2.0853120425357714
2018-07-16,2.074062302551329
2018-07-17,2.1786730942574177
2018-07-18,2.209736690303212
2018-07-19,2.317589856554618
2018-07-20,2.3037851303376673
2018-07-21,2.295978613517377
2018-07-22,2.2979648168282
2018-07-23,2.2826164654624774
2018-07-24,2.199823930705785
2018-07-25,2.0977437835660533
2018-07-26,2.056319785743314
2018-07-27,2.0582155345852886
2018-07-28,2.0603486918616833
2018-07-29,2.063191931919551
2018-07-30,2.060540478123583
2018-07-31,2.017836815960272
2018-08-01,2.026557330140646
2018-08-02,2.0055343181817444
2018-08-03,2.031158410170727
2018-08-04,1.9910949825248123
2018-08-05,1.988362568776343
2018-08-06,1.988300601702776
2018-08-07,2.0288081525737853
2018-08-08,2.0809164260524335
2018-08-09,2.0710098182160466
2018-08-10,2.0672519425942095
2018-08-11,2.068156815848501
2018-08-12,2.0667288413537497
2018-08-13,2.063280902779404
2018-08-14,2.0488344585928333
2018-08-15,2.05769023788613
2018-08-16,2.0536735225172977
2018-08-17,2.0457676840587053
2018-08-18,2.0468914464989267
2018-08-19,2.0498071178007993
2018-08-20,2.091322102659368
2018-08-21,2.066387215815416
2018-08-22,2.049904616073558
2018-08-23,2.0260541010223605
2018-08-24,2.0288300613782115
2018-08-25,2.0306535836981836
2018-08-26,2.0307711114879625
2018-08-27,2.0292309651795533
2018-08-28,1.9889818303236664
2018-08-29,1.975464913450432
2018-08-30,1.9704795842945664
2018-08-31,1.971563885122368
2018-09-01,1.9675190878843525
2018-09-02,1.9591019697005971
2018-09-03,1.9807928483063009
2018-09-04,1.9872759834718792
2018-09-05,2.0043943553620087
2018-09-06,1.980870703827709
2018-09-07,1.9845692692620012
2018-09-08,2.0108329029524947
2018-09-09,2.0108332325789684
2018-09-10,2.0123795913629867
2018-09-11,1.9664160736700915
2018-09-12,1.9487058032322004
2018-09-13,1.7625881146404356
2018-09-14,1.833980994292048
2018-09-15,1.8345735414448376
2018-09-16,1.8377274735573963
2018-09-17,1.7903708125762663
2018-09-18,1.6327328020207277
2018-09-19,1.6267353940490816
2018-09-20,1.5487234999149426
2018-09-21,1.6152075977040474
2018-09-22,1.617248098262605
2018-09-23,1.6278642632493552
2018-09-24,1.640475060395289
2018-09-25,1.6367093603801093
2018-09-26,1.652852017379098
2018-09-27,1.674428238861481
2018-09-28,1.673928185035244
2018-09-29,1.6706304125658131
2018-09-30,1.6715900119526526
2018-10-01,1.6956222105312264
2018-10-02,1.6791601244608598
2018-10-03,1.6815489487171345
2018-10-04,1.651990911458796
2018-10-05,1.6552331487612997
2018-10-06,1.652342316735392
2018-10-07,1.6482902113237183
2018-10-08,1.6566710965037783
2018-10-09,1.6503797254750605
2018-10-10,1.6527262944643435
2018-10-11,1.6626382055482702
2018-10-12,1.66313973264557
2018-10-13,1.661767174704014
2018-10-14,1.6639477054769571
2018-10-15,1.6682251064639222
2018-10-16,1.6741960934071067
2018-10-17,1.7003960732929189
2018-10-18,1.663717821959274
2018-10-19,1.691742765997296
2018-10-20,1.6913375040264391
2018-10-21,1.6876131865295867
2018-10-22,1.6817547377140718
2018-10-23,1.7010295048610131
2018-10-24,1.6924479367511231
2018-10-25,1.744194651255024
2018-10-26,1.7213486651740328
2018-10-27,1.7179462002747985
2018-10-28,1.7136694088506137
2018-10-29,1.7157967342057052
2018-10-30,1.6722035547335017
2018-10-31,1.7121541306450605
2018-11-01,1.6773481492921345
2018-11-02,1.7005489566761849
2018-11-03,1.777847222797694
2018-11-04,1.777780460341122
2018-11-05,1.8145521890097975
2018-11-06,1.822477386323388
2018-11-07,1.6724217401076449
2018-11-08,1.7159384415734242
2018-11-09,1.7180146127846774
2018-11-10,1.7039964083271135
2018-11-11,1.7004136847215827
2018-11-12,1.6976835593763535
2018-11-13,1.706378199943285
2018-11-14,1.6673539682732317
2018-11-15,1.6662574481546288
2018-11-16,1.6687320451069356
2018-11-17,1.669623376870976
2018-11-18,1.6758364573728188
2018-11-19,1.659469553597435
2018-11-20,1.6296482341538028
2018-11-21,1.6107764192943912
2018-11-22,1.6206114433005483
2018-11-23,1.615755336182943
2018-11-24,1.6138647785871658
2018-11-25,1.6133618251923862
2018-11-26,1.6152215084825277
2018-11-27,1.6021267682072482
2018-11-28,1.578509334995736
2018-11-29,1.559817903489534
2018-11-30,1.5577702459915153
2018-12-01,1.5694743113769396
2018-12-02,1.5629879759269614
2018-12-03,1.5693704476985813
2018-12-04,1.5842293970581018
2018-12-05,1.5880406367353204
2018-12-06,1.5291748697763974
2018-12-07,1.5734444994999497
2018-12-08,1.5792107158105697
2018-12-09,1.5648613167967165
2018-12-10,1.543166665935239
2018-12-11,1.5387084832303766
2018-12-12,1.5497017028598852
2018-12-13,1.508574822025267
2018-12-14,1.512981108142167
2018-12-15,1.5200367895135818
2018-12-16,1.5222377012808697
2018-12-17,1.4748782567017031
2018-12-18,1.452478565880152
2018-12-19,1.4357170014263725
2018-12-20,1.416403084398636
2018-12-21,1.3842685003645558
2018-12-22,1.3891348683373752
2018-12-23,1.3864880535916413
2018-12-24,1.3891961417413443
2018-12-25,1.442258012780959
2018-12-26,1.4480195133947382
2018-12-27,1.4228820611857964
2018-12-28,1.4262824182577738
2018-12-29,1.4212933699235568
2018-12-30,1.4098134293051436
2018-12-31,1.399521974460444
2019-01-01,1.4268991389364454
2019-01-02,1.41767707758417
2019-01-03,1.4165387017434918
2019-01-04,1.4169601683952502
2019-01-05,1.420574012446297
2019-01-06,1.4188025848773824
2019-01-07,1.4167037381331415
2019-01-08,1.450805839161433
2019-01-09,1.4455768662855568
2019-01-10,1.4340660527248974
2019-01-11,1.4385347389589458
2019-01-12,1.437569534289409
2019-01-13,1.433952029688243
2019-01-14,1.436080710272894
2019-01-15,1.4375353819885557
2019-01-16,1.365664731590506
2019-01-17,1.349936242120117
2019-01-18,1.3421605424525282
2019-01-19,1.3399890312500684
2019-01-20,1.3391305250730192
2019-01-21,1.334053775947201
2019-01-22,1.299457918025161
2019-01-23,1.0972442760771686
2019-01-24,0.939880365835961
2019-01-25,0.9080973476859646
2019-01-26,0.9115965608270338
2019-01-27,0.9085999407594316
2019-01-28,0.9008088372865238
2019-01-29,0.7064936495329066
2019-01-30,0.4916841210335121
2019-01-31,0.1913738156054119
2019-02-01,0.0607135363112758
2019-02-02,0.0481420281895486
2019-02-03,0.0470440417861954
2019-02-04,0.0455790212938325
2019-02-05,-0.0261462837186874
2019-02-06,0.0535612367007207
2019-02-07,-0.202661045196923
2019-02-08,-0.2132434100524542
2019-02-09,-0.210544152661992
2019-02-10,-0.2108567223142816
2019-02-11,-0.1990132544853626
2019-02-12,-0.2241764685841709
2019-02-13,-0.3093604966757981
2019-02-14,-0.3687806125005528
2019-02-15,-0.3935786740624096
2019-02-16,-0.3926821595107599
2019-02-17,-0.3903264288279633
2019-02-18,-0.4215194006738063
2019-02-19,-0.487165117237412
2019-02-20,-0.6631958839015686
2019-02-21,-0.6937547056161042
2019-02-22,-0.698134865504958
2019-02-23,-0.7139072596268148
2019-02-24,-0.7141537330747068
2019-02-25,-0.7456366632923981
2019-02-26,-0.8055652892336311
2019-02-27,-0.842535910379794
2019-02-28,-0.9261891599601166
2019-03-01,-0.9613121957543648
2019-03-02,-0.9812062420421352
2019-03-03,-0.9761758258607658
2019-03-04,-0.9967932612762388
2019-03-05,-1.011635051514706
2019-03-06,-1.000828940061376
2019-03-07,-1.0466464870181682
2019-03-08,-1.00621585704506
2019-03-09,-1.0085304866758087
2019-03-10,-1.0071255642685122
2019-03-11,-1.0002885027279191
2019-03-12,-1.0717814979725564
2019-03-13,-1.0962916146363744
2019-03-14,-1.1976385894025956
2019-03-15,-1.244213208537927
2019-03-16,-1.2256554094646006
2019-03-17,-1.2120583624740515
2019-03-18,-1.1978168607889732
2019-03-19,-1.2122074646680112
2019-03-20,-1.2676278246528292
2019-03-21,-1.2313877359379448
2019-03-22,-1.2348623785141517
2019-03-23,-1.2388337122112258
2019-03-24,-1.2437371478185448
2019-03-25,-1.238821349942644
2019-03-26,-1.2454874956971564
2019-03-27,-1.233225190754495
2019-03-28,-1.2196741957254436
2019-03-29,-1.2232263776732812
2019-03-30,-1.2205377171675953
2019-03-31,-1.218527819633109
2019-04-01,-1.2104663089683476
2019-04-02,-1.242641826639546
2019-04-03,-1.2331730705347317
2019-04-04,-1.2374550098374886
2019-04-05,-1.2422655147062267
2019-04-06,-1.2399754364319322
2019-04-07,-1.23934280910689
2019-04-08,-1.1821188423375717
2019-04-09,-1.1834942860780748
2019-04-10,-1.1848630885711475
2019-04-11,-1.1831512856351143
2019-04-12,-1.1827548388932267
2019-04-13,-1.1803490634849296
2019-04-14,-1.1829929198331706
2019-04-15,-1.17684893077416
2019-04-16,-1.1549213585574198
2019-04-17,-1.1471372465659009
2019-04-18,-1.114198287228523
2019-04-19,-1.112995078518035
2019-04-20,-1.1146696861024517
2019-04-21,-1.1143014498449308
2019-04-22,-1.1087935525806305
2019-04-23,-1.0330405007771952
2019-04-24,-0.9185293330310312
2019-04-25,-0.7054955129505227
2019-04-26,-0.6991465737172078
2019-04-27,-0.6992980912905269
2019-04-28,-0.6969051852286234
2019-04-29,-0.6927434946238202
2019-04-30,-0.5858184355436054
2019-05-01,-0.5551633621859169
2019-05-02,-0.5013519652527145
2019-05-03,-0.4934776344416405
2019-05-04,-0.486394036218722
2019-05-05,-0.4884074649252732
2019-05-06,-0.4739116269987657
2019-05-07,-0.5103120965618149
2019-05-08,-0.4453008283214281
2019-05-09,-0.4494248752230272
2019-05-10,-0.4286396201055975
2019-05-11,-0.4298809679008706
2019-05-12,-0.4271506256359529
2019-05-13,-0.4265595331729424
2019-05-14,-0.4139325781027789
2019-05-15,-0.3749490319216819
2019-05-16,-0.3539467253245913
2019-05-17,-0.3620155403720757
2019-05-18,-0.3618040780327518
2019-05-19,-0.3647997450896201
2019-05-20,-0.3610884931576028
2019-05-21,-0.3754466066755733
2019-05-22,-0.3888748421806418
2019-05-23,-0.3124821253308714
2019-05-24,-0.317067697453985
2019-05-25,-0.314576680791186
2019-05-26,-0.3019498582457056
2019-05-27,-0.3204932509883087
2019-05-28,-0.3276619435298817
2019-05-29,-0.3521510434454404
2019-05-30,-0.3592316089922187
2019-05-31,-0.3558884497519672
2019-06-01,-0.349726530412789
2019-06-02,-0.3529883078369915
2019-06-03,-0.3626302757686623
2019-06-04,-0.3541244182324323
2019-06-05,-0.3467066344128031
2019-06-06,-0.3315068505057688
2019-06-07,-0.328967018009028
2019-06-08,-0.3239929119323126
2019-06-09,-0.3201814395674536
2019-06-10,-0.3289494476895536
2019-06-11,-0.3004580523775475
2019-06-12,-0.2399000480295676
2019-06-13,-0.2557534158919068
2019-06-14,-0.2410105968630185
2019-06-15,-0.2343486970485422
2019-06-16,-0.2371286324925583
2019-06-17,-0.2367762765327341
2019-06-18,-0.2698535570345446
2019-06-19,-0.3253258296775458
2019-06-20,-0.410839081394049
2019-06-21,-0.3427681929814259
2019-06-22,-0.3428427921285499
2019-06-23,-0.3436871860850861
2019-06-24,-0.344163432970572
2019-06-25,-0.2799221477275064
2019-06-26,-0.2625760097694758
2019-06-27,-0.2488225507782835
2019-06-28,-0.2436351567179093
2019-06-29,-0.2544339176344898
2019-06-30,-0.264132966507568
2019-07-01,-0.2185465627660383
2019-07-02,-0.2506449670041066
2019-07-03,-0.2301750151658528
2019-07-04,-0.2247257075783066
2019-07-05,-0.2354761343822391
2019-07-06,-0.2467779565252845
2019-07-07,-0.2536413496650871
2019-07-08,-0.2262133055510282
2019-07-09,-0.2684500810450017
2019-07-10,-0.260827511860584
2019-07-11,-0.2533752641643512
2019-07-12,-0.257057396295488
2019-07-13,-0.2656957849872112
2019-07-14,-0.2593924708414827
2019-07-15,-0.2493054093893478
2019-07-16,-0.2557673229158157
2019-07-17,-0.1799749521746378
2019-07-18,-0.1773091062674685
2019-07-19,-0.1819005917820866
2019-07-20,-0.1848368327033263
2019-07-21,-0.1812619100974875
2019-07-22,-0.1850831551887539
2019-07-23,-0.1659723737735157
2019-07-24,-0.048956667152799
2019-07-25,0.0831814566351965
2019-07-26,0.0956343893242221
2019-07-27,0.0757316097684361
2019-07-28,0.0715780003861448
2019-07-29,0.0505140337657874
2019-07-30,0.1326808888270816
2019-07-31,0.2372011860087888
2019-08-01,0.2539885509803228
2019-08-02,0.2735659293686443
2019-08-03,0.1515136270514352
2019-08-04,0.1505486238647071
2019-08-05,0.1602002677775251
2019-08-06,0.2247956292134838
2019-08-07,0.2305340833155802
2019-08-08,0.2422497097780716
2019-08-09,0.2428685137860431
2019-08-10,0.2411147715763351
2019-08-11,0.2404493936660139
2019-08-12,0.2318787271080178
2019-08-13,0.2421704673905478
2019-08-14,0.233109873495271
2019-08-15,0.2358335250657492
2019-08-16,0.2360637195605082
2019-08-17,0.243291183588665
2019-08-18,0.2295018105272521
2019-08-19,0.2335092939744674
2019-08-20,0.2284989568799693
2019-08-21,0.2297281011219689
2019-08-22,0.2451141231169837
2019-08-23,0.2708615877898728
2019-08-24,0.2652716212100487
2019-08-25,0.2581739599506842
2019-08-26,0.2615536140263039
2019-08-27,0.266542773170644
2019-08-28,0.2605416296617326
2019-08-29,0.2451254936988622
2019-08-30,0.2413224647446727
2019-08-31,0.2384377382692788
2019-09-01,0.3183743368317948
2019-09-02,0.3025816630880716
2019-09-03,0.3347990109260659
2019-09-04,0.3250074476690366
2019-09-05,0.3645073445420884
2019-09-06,0.3819223754898245
2019-09-07,0.3746570115060669
2019-09-08,0.4015434402069631
2019-09-09,0.4170102712173675
2019-09-10,0.4400799847363001
2019-09-11,0.4561984938601495
2019-09-12,0.5346727000381665
2019-09-13,0.5411035745210602
2019-09-14,0.5361547780164562
2019-09-15,0.5297578999267121
2019-09-16,0.522314832926465
2019-09-17,0.496892259177579
2019-09-18,0.4754747352236461
2019-09-19,0.4704174503907743
2019-09-20,0.4944808275293675
2019-09-21,0.525751134825616
2019-09-22,0.5228424436501012
2019-09-23,0.5238923543136216
2019-09-24,0.4969383892977327
2019-09-25,0.4655266587696677
2019-09-26,0.4657806962550701
2019-09-27,0.4677107730826715
2019-09-28,0.4606203891593378
2019-09-29,0.457350374707281
2019-09-30,0.4551896785314318
2019-10-01,0.5255201776578023
2019-10-02,0.5266163214877602
2019-10-03,0.5357469196727702
2019-10-04,0.5913855916117471
2019-10-05,0.5867367412356522
2019-10-06,0.5785888101254928
2019-10-07,0.5797088436727712
2019-10-08,0.5828388424706961
2019-10-09,0.5815424497730539
2019-10-10,0.5654659500994269
2019-10-11,0.567382318432508
2019-10-12,0.5705959989949868
2019-10-13,0.57271625837656
2019-10-14,0.5670015981036064
2019-10-15,0.5466418733414278
2019-10-16,0.4172475568090427
2019-10-17,0.4014749558479766
2019-10-18,0.4068099506049426
2019-10-19,0.4157595990370459
2019-10-20,0.4170878060343712
2019-10-21,0.4135108916839082
2019-10-22,0.4540448314844987
2019-10-23,0.4656515222881681
2019-10-24,0.3994045128641278
2019-10-25,0.3873296396234275
2019-10-26,0.3841631517495327
2019-10-27,0.3829368426348291
2019-10-28,0.3445899837643918
2019-10-29,0.3033506860662911
2019-10-30,0.3380721287150504
2019-10-31,0.3411563551364541
2019-11-01,0.3023395181750247
2019-11-02,0.2868046368425307
2019-11-03,0.2878508902411639
2019-11-04,0.2569804807373457
2019-11-05,0.240212616707764
2019-11-06,0.3290770671605355
2019-11-07,0.3570765537315886
2019-11-08,0.3657731215702432
2019-11-09,0.3595769365935978
2019-11-10,0.3581646075755913
2019-11-11,0.3613139715086457
2019-11-12,0.3697556994937072
2019-11-13,0.3951061078481542
2019-11-14,0.4417665315695055
2019-11-15,0.4414992656527414
2019-11-16,0.4384643585985786
2019-11-17,0.4420957258738353
2019-11-18,0.4468558747065101
2019-11-19,0.4494656844131655
2019-11-20,0.4278249556803027
2019-11-21,0.4060301250631721
2019-11-22,0.4060719367866939
2019-11-23,0.402448048534611
2019-11-24,0.4103918194303466
2019-11-25,0.3973034022381905
2019-11-26,0.3667013712652105
2019-11-27,0.3819287096432644
2019-11-28,0.3864986557767601
2019-11-29,0.3966801738325438
2019-11-30,0.4071229807807466
2019-12-01,0.4231525971914294
2019-12-02,0.4086856048380134
2019-12-03,0.4213324961073843
2019-12-04,0.4352465738902561
2019-12-05,0.4103032703547681
2019-12-06,0.3882448221575388
2019-12-07,0.3899199112637846
2019-12-08,0.4216987692055646
2019-12-09,0.3913633206909369
2019-12-10,0.4708064930965235
2019-12-11,0.4269010252166004
2019-12-12,0.4514666907031055
2019-12-13,0.4732405826701642
2019-12-14,0.4796837688974278
2019-12-15,0.4816826603092425
2019-12-16,0.4673941252586255
2019-12-17,0.4630681313376812
2019-12-18,0.4444855942833844
2019-12-19,0.4499746002375817
2019-12-20,0.4615946072032245
2019-12-21,0.3422960737469406
2019-12-22,0.3568846306492709
2019-12-23,0.3694531868741465
2019-12-24,0.324047125837691
2019-12-25,0.2997716330816016
2019-12-26,0.3221475693986159
2019-12-27,0.3304529199566814
2019-12-28,0.3219174230775493
2019-12-29,0.3170763320875626
2019-12-30,0.3190007279753283
2019-12-31,0.3289428275060205
2020-01-01,0.2747941874070736
2020-01-02,0.2886227314114618
2020-01-03,0.2945664433818995
2020-01-04,0.2970638799609507
2020-01-05,0.2947372876407282
2020-01-06,0.2911149384055796
2020-01-07,0.2994536885566115
2020-01-08,0.3283171765377455
2020-01-09,0.3348693945595363
2020-01-10,0.3437559159823986
2020-01-11,0.3474139624500233
2020-01-12,0.3455849506728218
2020-01-13,0.3453072382655527
2020-01-14,0.3628036201758003
2020-01-15,0.3635344675255402
2020-01-16,0.3638665731544195
2020-01-17,0.358517187926384
2020-01-18,0.3571137077696995
2020-01-19,0.3583663577840602
2020-01-20,0.3583790709172598
2020-01-21,0.3971889999616801
2020-01-22,0.4449015091631334
2020-01-23,0.4799949760795124
2020-01-24,0.4979533392407412
2020-01-25,0.5068649922633014
2020-01-26,0.5088260791441069
2020-01-27,0.5121884220126826
2020-01-28,0.5508739789947321
2020-01-29,0.6867922511875488
2020-01-30,0.6741504638403988
2020-01-31,0.677677384755753
2020-02-01,0.6490542632878493
2020-02-02,0.6618686920283758
2020-02-03,0.7097107217526489
2020-02-04,0.7461593951643711
2020-02-05,0.7472588762444918
2020-02-06,0.7732619369645092
2020-02-07,0.8099645639222461
2020-02-08,0.8414858598526689
2020-02-09,0.8424190077894815
2020-02-10,0.8460159655371723
2020-02-11,0.8671601234650048
2020-02-12,0.9745338398591
2020-02-13,0.9711312735465591
2020-02-14,0.9811964954995316
2020-02-15,0.9763711310575618
2020-02-16,0.9712640573271192
2020-02-17,0.9403648985162344
2020-02-18,0.9000205066037612
2020-02-19,0.9146690565485708
2020-02-20,0.9415762726593804
2020-02-21,0.9255700266709102
2020-02-22,0.98572343690211
2020-02-23,0.9879858545561496
2020-02-24,0.9988711815274076
2020-02-25,0.9491795056423568
2020-02-26,0.874561491919216
2020-02-27,0.8238604843370174
2020-02-28,0.8185815569089548
2020-02-29,0.8174973728758554
2020-03-01,0.8277447873514021
2020-03-02,0.8027246627540237
2020-03-03,0.7613382432376943
2020-03-04,0.7440562295279262
2020-03-05,0.6999118349382497
2020-03-06,0.69227912923989
2020-03-07,0.6916313778599349
2020-03-08,0.7271148095279876
2020-03-09,0.732409556574239
2020-03-10,0.7208638347637397
2020-03-11,0.6514729624642012
2020-03-12,0.597268949406773
2020-03-13,0.6262077885969846
2020-03-14,0.6264418532312453
2020-03-15,0.638638255499504
2020-03-16,0.6141887711266185
2020-03-17,0.6155230555177474
2020-03-18,0.6112120458432054
2020-03-19,0.503973888677353
2020-03-20,0.4993482447364403
2020-03-21,0.4540896022436984
2020-03-22,0.4609791265301783
2020-03-23,0.4434485974966153
2020-03-24,0.4066499426115191
2020-03-25,0.4433304977128176
2020-03-26,0.4105149842039117
2020-03-27,0.4301776114053538
2020-03-28,0.4353972619781812
2020-03-29,0.4363407248550949
2020-03-30,0.4407626200821412
2020-03-31,0.4468409245176196
2020-04-01,0.4890186158928666
2020-04-02,0.5065197465344248
2020-04-03,0.4921154695500542
2020-04-04,0.4878538576855392
2020-04-05,0.4812002998863426
2020-04-06,0.4743679361224202
2020-04-07,0.485815380912406
2020-04-08,0.3085956073101118
2020-04-09,0.2986740021222605
2020-04-10,0.2998044422759143
2020-04-11,0.3013075903960959
2020-04-12,0.3000835889695763
2020-04-13,0.2944469944717022
2020-04-14,0.2874756723272119
2020-04-15,0.288237416380138
2020-04-16,0.2887076954689918
2020-04-17,0.2990698702797983
2020-04-18,0.3039244385527921
2020-04-19,0.3014817115650681
2020-04-20,0.2729741234871119
2020-04-21,0.2675555193736859
2020-04-22,0.2468612245326251
2020-04-23,0.2898744306020309
2020-04-24,0.2820965091919274
2020-04-25,0.2797647887815893
2020-04-26,0.2818416637093608
2020-04-27,0.2720667609955557
2020-04-28,0.257580607861174
2020-04-29,0.3723247273260077
2020-04-30,0.3209205119950672
2020-05-01,0.4330301703855903
2020-05-02,0.366151748760202
2020-05-03,0.3638495913532338
2020-05-04,0.3563021846628128
2020-05-05,0.3218691312654318
2020-05-06,0.2253765560064737
2020-05-07,0.265192467659114
2020-05-08,-2.278487681993287
2020-05-09,-2.283227094963637
2020-05-10,-2.2911993483692425
2020-05-11,-2.2843966564460767
2020-05-12,-2.2915651701733006
2020-05-13,-2.310650446783959
2020-05-14,-2.3406675084057156
2020-05-15,-2.307110943595684
2020-05-16,-2.3041810529250912
2020-05-17,-2.3083054600806276
2020-05-18,-2.298528345811577
2020-05-19,-2.1684878757592294
2020-05-20,-2.1398953663441422
2020-05-21,-2.0957449805710895
2020-05-22,-2.099852621805311
2020-05-23,-2.0951502211962
2020-05-24,-2.0969712969868413
2020-05-25,-2.0517268235267747
2020-05-26,-1.9779659282578088
2020-05-27,-1.9498015003002651
2020-05-28,-1.901977028455898
2020-05-29,-1.8939991711452024
2020-05-30,-1.8826984226297525
2020-05-31,-1.877062399790548
2020-06-01,-1.807982504532743
2020-06-02,-1.7993183624513844
2020-06-03,-1.7779400521547064
2020-06-04,-1.775744918140174
2020-06-05,-1.7675817564691385
2020-06-06,-1.7723411588311695
2020-06-07,-1.7674508936851945
2020-06-08,-1.3506479474223272
2020-06-09,-1.3103323013329762
2020-06-10,-1.220535284262705
2020-06-11,-1.1962642473329574
2020-06-12,-1.1782322974591497
2020-06-13,-1.1853470006711466
2020-06-14,-1.1941571381097824
2020-06-15,-1.1835215365721328
2020-06-16,-1.0455785123724146
2020-06-17,-0.948376792142435
2020-06-18,-0.7761123240344443
2020-06-19,-0.6275825618426338
2020-06-20,-0.7096237943688942
2020-06-21,-0.7203385689540568
2020-06-22,-0.6872141939097046
2020-06-23,-0.701510373991739
2020-06-24,-0.8236554837940656
2020-06-25,-0.6528747235132835
2020-06-26,-0.7269009146535685
2020-06-27,-0.7531512578502589
2020-06-28,-0.7517504909337717
2020-06-29,-0.7464678551814301
2020-06-30,-0.7379084729383412
2020-07-01,-0.6809171976159172
2020-07-02,-0.6263510594182152
2020-07-03,-0.6748953362766912
2020-07-04,-0.67385552093662
2020-07-05,-0.6747696106260553
2020-07-06,-0.6682029550455063
2020-07-07,-0.6505078481248802
2020-07-08,0.1882308374021042
2020-07-09,0.184644252363486
2020-07-10,0.1603559477856606
2020-07-11,0.1583120136958152
2020-07-12,0.1513479696124431
2020-07-13,0.1446719720390323
2020-07-14,0.1345399350881179
2020-07-15,0.1431527638828263
2020-07-16,0.2180588231956776
2020-07-17,0.2903455137323748
2020-07-18,0.2606532637005365
2020-07-19,0.2500201036958405
2020-07-20,0.1459212143465805
2020-07-21,0.0727926359014842
2020-07-22,0.0970567911162899
2020-07-23,0.1508447250159552
2020-07-24,0.2127014851857375
2020-07-25,0.2120909661785992
2020-07-26,0.2234648813662515
2020-07-27,0.2309892213808577
2020-07-28,0.350549324892075
2020-07-29,0.5718426365333624
2020-07-30,1.0050731304474545
2020-07-31,1.045335729963201
2020-08-01,1.012290872422874
2020-08-02,1.036490410234768
2020-08-03,1.0841073036908817
2020-08-04,1.2750991622788337
2020-08-05,1.361820178182939
2020-08-06,1.3764273854111466
2020-08-07,1.390645065556655
2020-08-08,2.146951100318823
2020-08-09,2.1345350191820285
2020-08-10,2.1595649708570077
2020-08-11,2.2025347349844586
2020-08-12,2.2375116541009756
2020-08-13,2.259788751033133
2020-08-14,2.25487624254714
2020-08-15,2.2518589022414233
2020-08-16,2.2427471447099676
2020-08-17,2.2713432039291366
2020-08-18,2.3502582067004925
2020-08-19,2.377823015295509
2020-08-20,2.3590045264011117
2020-08-21,2.371040280735913
2020-08-22,2.362270889580521
2020-08-23,2.3646113233777397
2020-08-24,2.348701913978824
2020-08-25,2.394300577919048
2020-08-26,2.400537544438445
2020-08-27,2.346199820359061
2020-08-28,2.369341666684132
2020-08-29,2.367497748870955
2020-08-30,2.366452001543625
2020-08-31,2.372289047063452
2020-09-01,2.3839378639603392
2020-09-02,2.4514697524457825
2020-09-03,2.424212338102945
2020-09-04,2.444067431085863
2020-09-05,2.4311974502160165
2020-09-06,2.4393526713185105
2020-09-07,2.4468995815789256
2020-09-08,3.129127578457694
2020-09-09,2.9858786482243533
2020-09-10,2.89590061189908
2020-09-11,2.909725311119934
2020-09-12,2.919143520648377
2020-09-13,2.9270469904918075
2020-09-14,2.895135095627178
2020-09-15,2.899648580289055
2020-09-16,2.9702452291234422
2020-09-17,2.897248884764876
2020-09-18,2.917508471319747
2020-09-19,2.9022079815750343
2020-09-20,2.909424304647456
2020-09-21,2.9391020054915007
2020-09-22,3.0133581732627297
2020-09-23,3.055978791021284
2020-09-24,3.0551431305556855
2020-09-25,3.0294252278403855
2020-09-26,3.020501167233988
2020-09-27,3.0069845649890548
2020-09-28,3.0035429876953064
2020-09-29,3.003335644684274
2020-09-30,3.016610045589682
2020-10-01,2.9610723868682385
2020-10-02,3.0227524311624343
2020-10-03,3.012297183816411
2020-10-04,3.0122743650096355
2020-10-05,3.0075152143837514
2020-10-06,3.020118158619242
2020-10-07,3.008167318735099
2020-10-08,3.379820085098248
2020-10-09,3.3784483648574843
2020-10-10,3.384794376850684
2020-10-11,3.372823852201176
2020-10-12,3.3707565759204967
2020-10-13,3.4935311885529954
2020-10-14,3.5307858012849382
2020-10-15,3.5538388739683224
2020-10-16,3.5550904474536016
2020-10-17,3.5540465456090864
2020-10-18,3.5494380485170094
2020-10-19,3.7383111691265456
2020-10-20,3.714015232274183
2020-10-21,3.83185364569281
2020-10-22,3.7624597514363662
2020-10-23,3.802832528986574
2020-10-24,3.790097833632183
2020-10-25,3.7879434950168975
2020-10-26,3.80856294002291
2020-10-27,3.89971781018477
2020-10-28,3.969740820005548
2020-10-29,4.142487114248032
2020-10-30,4.16165015455865
2020-10-31,4.147066344498427
2020-11-01,4.135880159924776
2020-11-02,4.187300933848844
2020-11-03,4.179431886301828
2020-11-04,4.189840608411471
2020-11-05,4.256859798740604
2020-11-06,4.2267330465274116
2020-11-07,4.1281866150279445
2020-11-08,4.319333779231671
2020-11-09,4.337797615604462
2020-11-10,4.379037614207555
2020-11-11,4.369134448596235
2020-11-12,4.394116609976701
2020-11-13,4.396961544350643
2020-11-14,4.398022312391934
2020-11-15,4.411252117098535
2020-11-16,4.405138639952445
2020-11-17,4.381441684095662
2020-11-18,4.3403218816842495
2020-11-19,4.343531189301694
2020-11-20,4.35149631621076
2020-11-21,4.354350820480221
2020-11-22,4.341615440606343
2020-11-23,4.347041999103295
2020-11-24,4.423742243116979
2020-11-25,4.391786212781527
2020-11-26,4.371081907400463
2020-11-27,4.358511270023321
2020-11-28,4.365147875108807
2020-11-29,4.355872900472721
2020-11-30,4.354537529547871
2020-12-01,4.2633648178584105
2020-12-02,4.239403232776761
2020-12-03,4.118930964249803
2020-12-04,4.147719647671635
2020-12-05,4.137197641284743
2020-12-06,4.142627860742511
2020-12-07,4.152754399445564
2020-12-08,4.152519102961472
2020-12-09,4.125023481620028
2020-12-10,4.159493741653991
2020-12-11,4.042842088612284
2020-12-12,4.061634325192804
2020-12-13,4.081797768703934
2020-12-14,4.082059447387453
2020-12-15,4.07453156193196
2020-12-16,4.049550281196456
2020-12-17,4.100794524400733
2020-12-18,4.101374648684311
2020-12-19,4.180437360387229
2020-12-20,4.177668158920622
2020-12-21,4.164670658705508
2020-12-22,4.116990294910263
2020-12-23,4.118988656922015
2020-12-24,4.091111556543345
2020-12-25,4.078853277058462
2020-12-26,4.0698975322682305
2020-12-27,4.069768238068692
2020-12-28,4.06386080939118
2020-12-29,4.062660372048255
2020-12-30,4.062857799545533
2020-12-31,4.069788559104431
2021-01-01,3.9967057114318263
2021-01-02,4.064991139605384
2021-01-03,4.056728538620207
2021-01-04,4.059132747422931
2021-01-05,4.040274611684809
2021-01-06,4.04937033623698
2021-01-07,4.065521163930889
2021-01-08,3.9892556780559545
2021-01-09,3.997240900503344
2021-01-10,3.9936617857994694
2021-01-11,4.009571640596629
2021-01-12,4.011477731601199
2021-01-13,4.0271615152439715
2021-01-14,4.014613667617377
2021-01-15,4.019528355655529
2021-01-16,4.018059281624282
2021-01-17,4.015117448679807
2021-01-18,4.002832586922498
2021-01-19,4.000351349389789
2021-01-20,3.996791503412787
2021-01-21,4.04701036288829
2021-01-22,4.061511381426899
2021-01-23,4.068728150779365
2021-01-24,4.063226945213437
2021-01-25,4.060583609547541
2021-01-26,4.217354158761103
2021-01-27,4.3501226438327905
2021-01-28,4.337915019781199
2021-01-29,4.3780186464132615
2021-01-30,4.387538695836609
2021-01-31,4.3890903909473815
2021-02-01,4.350065197540469
2021-02-02,4.501201183076184
2021-02-03,4.431292718795472
2021-02-04,4.350243691969835
2021-02-05,4.394323257487371
2021-02-06,4.403073319081754
2021-02-07,4.399891698795931
2021-02-08,4.40016796701669
2021-02-09,4.352256948711793
2021-02-10,4.3568425866103535
2021-02-11,4.441590659417256
2021-02-12,4.4430702613932045
2021-02-13,4.443568955920116
2021-02-14,4.436095504022663
2021-02-15,4.428954001546512
2021-02-16,4.452331888337682
2021-02-17,4.538651464942912
2021-02-18,4.501797953460877
2021-02-19,4.51778436904106
2021-02-20,4.504350103893549
2021-02-21,4.480527087314826
2021-02-22,4.4753977002166705
2021-02-23,4.521829316905125
2021-02-24,4.517735546634496
2021-02-25,4.776155406669369
2021-02-26,4.763735454199554
2021-02-27,4.733754771141458
2021-02-28,4.755366044725761
2021-03-01,4.773516169182267
2021-03-02,4.843238095250198
2021-03-03,5.0046492128322875
2021-03-04,5.0039874727071
2021-03-05,4.980226137835609
2021-03-06,4.986165530757907
2021-03-07,4.9927653375115595
2021-03-08,5.031798928217563
2021-03-09,4.985135564979872
2021-03-10,4.999738851589487
2021-03-11,5.039311279794371
2021-03-12,5.042252599079478
2021-03-13,5.0488034508513255
2021-03-14,5.04984272507682
2021-03-15,5.02381955323754
2021-03-16,5.106990429445631
2021-03-17,5.11793691460352
2021-03-18,5.057190304232126
2021-03-19,5.093687397985695
2021-03-20,5.081400534650861
2021-03-21,5.078067371497147
2021-03-22,5.144969594212305
2021-03-23,5.1848393815920994
2021-03-24,5.235378857361944
2021-03-25,5.208225383461833
2021-03-26,5.192335563311462
2021-03-27,5.198009263318995
2021-03-28,5.184430532660493
2021-03-29,5.188266804002598
2021-03-30,5.183629225585377
2021-03-31,5.186756623068575
2021-04-01,5.084144291106089
2021-04-02,5.130643113640075
2021-04-03,5.136263855592166
2021-04-04,5.139395792609905
2021-04-05,5.133752732145951
2021-04-06,5.119916301100228
2021-04-07,5.143313280367519
2021-04-08,5.282786298963122
2021-04-09,5.286481022971546
2021-04-10,5.285016203541165
2021-04-11,5.294025548345495
2021-04-12,5.29837398596632
2021-04-13,5.329389100817387
2021-04-14,5.31646677319862
2021-04-15,5.297591884991467
2021-04-16,5.301795884789367
2021-04-17,5.294954040210706
2021-04-18,5.282014697534777
2021-04-19,5.280557267532874
2021-04-20,5.311397849215565
2021-04-21,5.28809889922344
2021-04-22,5.374930842620949
2021-04-23,5.354737525603415
2021-04-24,5.34811682756935
2021-04-25,5.340577333627781
2021-04-26,5.36737719991943
2021-04-27,5.507280760449628
2021-04-28,5.520742920687632
2021-04-29,5.783362426581771
2021-04-30,5.658953955259736
2021-05-01,5.526209232525064
2021-05-02,5.576057676578803
2021-05-03,5.368088516169286
2021-05-04,5.583049825577558
2021-05-05,5.70776953548029
2021-05-06,5.762173185186846
2021-05-07,5.7392910485370665
2021-05-08,5.720744140983417
2021-05-09,5.727945034616296
2021-05-10,5.76355708373023
2021-05-11,5.792168252284908
2021-05-12,5.806242487563791
2021-05-13,5.89589284568004
2021-05-14,5.906839443285247
2021-05-15,5.913822817211407
2021-05-16,5.929372627340593
2021-05-17,5.964240259543551
2021-05-18,5.926957204826489
2021-05-19,5.906797132639866
2021-05-20,5.907992268625739
2021-05-21,5.889277632995158
2021-05-22,5.909008324362646
2021-05-23,5.896209268690107
2021-05-24,5.875621334958264
2021-05-25,5.883054744862678
2021-05-26,5.853773690363576
2021-05-27,5.860775032183985
2021-05-28,5.865328042218256
2021-05-29,5.870915499426887
2021-05-30,5.87278094048181
2021-05-31,5.8542765974281945
2021-06-01,5.839610556476669
2021-06-02,5.909756927785272
2021-06-03,5.886629240046085
2021-06-04,5.867623515793915
2021-06-05,5.866417316266384
2021-06-06,5.86916980394888
2021-06-07,5.872173396157508
2021-06-08,5.859753526840585
2021-06-09,5.846421996889159
2021-06-10,5.8238005374536375
2021-06-11,5.835417529347425
2021-06-12,5.836352626264584
2021-06-13,5.833833883324555
2021-06-14,5.842367280424381
2021-06-15,5.647481527592624
2021-06-16,5.497817437657291
2021-06-17,5.514376451282871
2021-06-18,5.547207234007365
2021-06-19,5.549580337353778
2021-06-20,5.563092817027256
2021-06-21,5.562398888911952
2021-06-22,5.662988514467791
2021-06-23,5.723739207139613
2021-06-24,5.668498817326921
2021-06-25,5.600593241516947
2021-06-26,5.601985525489841
2021-06-27,5.605081416052456
2021-06-28,5.605617681959626
2021-06-29,5.61506505032686
2021-06-30,5.5917928060666595
2021-07-01,5.530100329770345
2021-07-02,5.588912633405741
2021-07-03,5.589410123192468
2021-07-04,5.585014190668622
2021-07-05,5.59280670571278
2021-07-06,5.620281306080004
2021-07-07,5.62914707063644
2021-07-08,5.746785996975134
2021-07-09,5.776028574525046
2021-07-10,5.684510487081763
2021-07-11,5.6826770814421845
2021-07-12,5.685112518406492
2021-07-13,5.665085400327441
2021-07-14,5.621275156677315
2021-07-15,5.610778903900405
2021-07-16,5.604275920775688
2021-07-17,5.601748976295893
2021-07-18,5.607051111698446
2021-07-19,5.616299856289071
2021-07-20,5.627491189386426
2021-07-21,5.710086999986787
2021-07-22,5.752348605242418
2021-07-23,5.6989754459204445
2021-07-24,5.692853646588659
2021-07-25,5.688248195591799
2021-07-26,5.684100555813493
2021-07-27,5.741563919743592
2021-07-28,5.672882706040767
2021-07-29,5.667432158104285
2021-07-30,5.739495797112906
2021-07-31,5.747617009503842
2021-08-01,5.781247537838997
2021-08-02,5.865141690960247
2021-08-03,5.671579650619051
2021-08-04,5.692009818722056
2021-08-05,5.663615499552465
2021-08-06,5.617248730068154
2021-08-07,5.757237312100489
2021-08-08,5.925486772099941
2021-08-09,5.901387022580723
2021-08-10,5.863794586131354
2021-08-11,5.916618129245904
2021-08-12,5.9133362776528635
2021-08-13,5.9155596093161575
2021-08-14,5.916680443865922
2021-08-15,5.91929386026332
2021-08-16,5.917565696666319
2021-08-17,5.886886643372885
2021-08-18,5.898211952046137
2021-08-19,5.8754617675298295
2021-08-20,5.874441686406482
2021-08-21,5.8759882944237
2021-08-22,5.87341129663413
2021-08-23,5.843490555693495
2021-08-24,5.792802613443789
2021-08-25,5.749621915490092
2021-08-26,5.699757440260058
2021-08-27,5.69576501649489
2021-08-28,5.691755837286449
2021-08-29,5.694160964310347
2021-08-30,5.688176993834376
2021-08-31,5.696203540655516
2021-09-01,5.5879142850812595
2021-09-02,5.6563197784742405
2021-09-03,5.654423387196417
2021-09-04,5.644650952552502
2021-09-05,5.630689954200518
2021-09-06,5.662626038385899
2021-09-07,5.695608892701674
2021-09-08,5.885842873895465
2021-09-09,5.882041618113941
2021-09-10,5.880852405558024
2021-09-11,5.878221085602097
2021-09-12,5.869827935822718
2021-09-13,5.836198025973485
2021-09-14,5.9334833976563965
2021-09-15,5.882158143513713
2021-09-16,6.032102526320326
2021-09-17,6.079859772487452
2021-09-18,6.0559210037139
2021-09-19,6.022540349121717
2021-09-20,6.007415007880233
2021-09-21,6.083695062572128
2021-09-22,6.092501679105779
2021-09-23,6.06084871337646
2021-09-24,5.983446719322354
2021-09-25,5.951412481983363
2021-09-26,5.941680843573617
2021-09-27,5.9449826303844056
2021-09-28,5.869617613551742
2021-09-29,5.803993258839821
2021-09-30,5.795637033131756
2021-10-01,5.701663661290574
2021-10-02,5.774116575206513
2021-10-03,5.777734006592401
2021-10-04,5.792519772840935
2021-10-05,5.750404196064846
2021-10-06,5.731378502712005
2021-10-07,5.704379807255897
2021-10-08,5.757417460942121
2021-10-09,5.7674831197763385
2021-10-10,5.774288990878882
2021-10-11,5.765140599048353
2021-10-12,5.760996151078512
2021-10-13,5.772725308684363
2021-10-14,5.729518549149276
2021-10-15,5.683297593766701
2021-10-16,5.6704363200780925
2021-10-17,5.6721605956281005
2021-10-18,5.6611512828179595
2021-10-19,5.594025600711943
2021-10-20,5.591156094363479
2021-10-21,5.615128377377839
2021-10-22,5.6240167957423495
2021-10-23,5.630715526628085
2021-10-24,5.629269679957167
2021-10-25,5.534594141257793
2021-10-26,5.529527677593448
2021-10-27,5.4090778639307295
2021-10-28,5.139513334426174
2021-10-29,5.194959488810527
2021-10-30,5.19154708844151
2021-10-31,5.192017898459287
2021-11-01,5.0941852755303785
2021-11-02,5.06430418011869
2021-11-03,4.930659593872603
2021-11-04,4.883287172982684
2021-11-05,4.847267611402305
2021-11-06,4.47370117341616
2021-11-07,4.476022762107274
2021-11-08,4.605365500381832
2021-11-09,4.637380011361031
2021-11-10,4.628721239337471
2021-11-11,4.603600189315156
2021-11-12,4.59767105056103
2021-11-13,4.597519607741459
2021-11-14,4.598911543578996
2021-11-15,4.6006151178610635
2021-11-16,4.612664229357611
2021-11-17,4.616670988187488
2021-11-18,4.595650205832687
2021-11-19,4.585304118461823
2021-11-20,4.589371568803417
2021-11-21,4.568628822283696
2021-11-22,4.564263501471411
2021-11-23,4.601808266139006
2021-11-24,4.594095974660148
2021-11-25,4.602836218527759
2021-11-26,4.60737771493817
2021-11-27,4.600902470095176
2021-11-28,4.6118879017609835
2021-11-29,4.621919217830073
2021-11-30,4.635858862188665
2021-12-01,4.5870785775139495
2021-12-02,4.616248731645232
2021-12-03,4.611990117785473
2021-12-04,4.611819603580395
2021-12-05,4.620766631713274
2021-12-06,4.588704546840664
2021-12-07,4.537159514779137
2021-12-08,4.384233824184337
2021-12-09,4.289969627626045
2021-12-10,4.238285867551954
2021-12-11,4.252893983727469
2021-12-12,4.2738132001616
2021-12-13,4.291649016199438
2021-12-14,4.197867242827911
2021-12-15,4.046918460668178
2021-12-16,3.1959462204816695
2021-12-17,3.113923339980901
2021-12-18,3.1907443737557024
2021-12-19,3.2015720034284763
2021-12-20,3.1338927867489956
2021-12-21,2.9187339987374807
2021-12-22,2.9241562946665476
2021-12-23,2.8231149150980475
2021-12-24,2.8710328831165772
2021-12-25,2.761215664195491
2021-12-26,2.783034356915697
2021-12-27,2.741942565969789
2021-12-28,2.779382058585236
2021-12-29,2.828148480325905
2021-12-30,2.960556150422226
2021-12-31,2.9779199806287977
2022-01-01,3.012995272354156
2022-01-02,3.055229028417994
2022-01-03,3.0572787593941753
2022-01-04,3.0271229696177073
2022-01-05,2.975324477602681
2022-01-06,3.009514954958785
2022-01-07,3.010093311792742
2022-01-08,3.1235209681077585
2022-01-09,3.1175575204111587
2022-01-10,3.1340818649426483
2022-01-11,3.0838316130078005
2022-01-12,3.105693906084011
2022-01-13,3.120551364204932
2022-01-14,3.118137235925645
2022-01-15,3.1184495826075516
2022-01-16,3.11679574171161
2022-01-17,3.1198840117714504
2022-01-18,3.1297401071420614
2022-01-19,3.141859614364254
2022-01-20,3.116978489616593
2022-01-21,3.134658732907679
2022-01-22,3.1131220132105204
2022-01-23,3.10949610329736
2022-01-24,3.15084420249182
2022-01-25,3.1191488974026766
2022-01-26,3.0324901900201526
2022-01-27,3.0818475108849936
2022-01-28,3.057585593019573
2022-01-29,3.068495300432916
2022-01-30,3.0744366064408517
2022-01-31,3.0871080796701422
2022-02-01,2.995781726394953
2022-02-02,3.0350429388267264
2022-02-03,3.2296579760193795
2022-02-04,3.2495380914684073
2022-02-05,3.245518670143162
2022-02-06,3.2505318779109356
2022-02-07,3.2557459929991293
2022-02-08,3.2401316931274926
2022-02-09,3.2502730008810725
2022-02-10,3.257906757066465
2022-02-11,3.249513009446363
2022-02-12,3.2341782511292543
2022-02-13,3.2345286773919995
2022-02-14,3.2551215344572784
2022-02-15,3.285604817253888
2022-02-16,3.3180215649722813
2022-02-17,3.286600399295354
2022-02-18,3.279140415768638
2022-02-19,3.2888665606875893
2022-02-20,3.3005333925237963
2022-02-21,3.2630423619575573
2022-02-22,3.20780702211826
2022-02-23,2.9663832648201995
2022-02-24,2.9131289547425543
2022-02-25,2.9163050589780983
2022-02-26,3.4079833797020624
2022-02-27,3.375849279931906
2022-02-28,3.309089961394346
2022-03-01,3.4737418641824727
2022-03-02,3.509415847920633
2022-03-03,3.467096398556873
2022-03-04,3.476937559499653
2022-03-05,3.4828344986295603
2022-03-06,3.4826055653205135
2022-03-07,3.495820163080792
2022-03-08,3.706712984897003
2022-03-09,3.5727928239914135
2022-03-10,3.626633060352314
2022-03-11,3.606398096636112
2022-03-12,3.610657325816176
2022-03-13,3.6358761875341505
2022-03-14,3.627704998378261
2022-03-15,3.589154402795216
2022-03-16,3.561472311597166
2022-03-17,3.150189398969932
2022-03-18,3.2623019831945905
2022-03-19,3.292999400938504
2022-03-20,3.3086845716408746
2022-03-21,3.3530024100617215
2022-03-22,3.392200860770156
2022-03-23,3.4490965515327447
2022-03-24,3.4806175844935963
2022-03-25,3.5350554861779298
2022-03-26,3.592018561220818
2022-03-27,3.570194545134155
2022-03-28,3.5293838673391376
2022-03-29,3.489295911453297
2022-03-30,3.490414219710761
2022-03-31,3.445771641043503
2022-04-01,3.401563176672357
2022-04-02,3.446864920079571
2022-04-03,3.4338662093313195
2022-04-04,3.4305150645709848
2022-04-05,3.4279046006280396
2022-04-06,3.4201346995357205
2022-04-07,3.4199450278187493
2022-04-08,3.508841622242529
2022-04-09,3.5205527377850125
2022-04-10,3.523316958715438
2022-04-11,3.5106092856415487
2022-04-12,3.488383476859243
2022-04-13,3.480693810040488
2022-04-14,3.4838338405089715
2022-04-15,3.48269530365925
2022-04-16,3.469963577819748
2022-04-17,3.4623516592587507
2022-04-18,3.4546905425110035
2022-04-19,3.4024157672014868
2022-04-20,3.3572622270474817
2022-04-21,3.3339458276561524
2022-04-22,3.328785028310856
2022-04-23,3.3334532665135304
2022-04-24,3.3286021029840436
2022-04-25,3.307813344084959
2022-04-26,2.8870379194194364
2022-04-27,2.7327381929840744
2022-04-28,2.6619523820531272
2022-04-29,2.7084508397581946
2022-04-30,2.2391543602111357
2022-05-01,2.035883860934861
2022-05-02,2.0702907324921296
2022-05-03,1.929526565560558
2022-05-04,1.9465430392006229
2022-05-05,1.9531176885093464
2022-05-06,2.058774303186154
2022-05-07,2.062822619280458
2022-05-08,2.126903956479413
2022-05-09,2.1504910565753943
2022-05-10,2.142796429135552
2022-05-11,2.1169663674364796
2022-05-12,2.09008555064374
2022-05-13,2.098172601741462
2022-05-14,2.090150693369694
2022-05-15,2.0751975472581043
2022-05-16,2.034557532931287
2022-05-17,2.001759862081774
2022-05-18,1.9895240240332035
2022-05-19,1.942678103398337
2022-05-20,1.9318917826362636
2022-05-21,1.9192070641926888
2022-05-22,1.899465681057204
2022-05-23,1.9455809517841751
2022-05-24,1.950164698137959
2022-05-25,1.952648688546192
2022-05-26,1.973107545439281
2022-05-27,1.9769975434831584
2022-05-28,1.9642008192647968
2022-05-29,1.95763701868434
2022-05-30,1.9871736461420832
2022-05-31,2.0444969543464993
2022-06-01,2.2008574883190644
2022-06-02,2.233961231137955
2022-06-03,2.2156062006605435
2022-06-04,2.1911079484813607
2022-06-05,2.2100347797042623
2022-06-06,2.19846001158814
2022-06-07,2.1872980773704245
2022-06-08,2.247522172188299
2022-06-09,2.1764208926416693
2022-06-10,2.1876152748641955
2022-06-11,2.1967967075951407
2022-06-12,2.198590870094801
2022-06-13,2.2126136153834732
2022-06-14,1.8946430916955823
2022-06-15,1.7406815262548103
2022-06-16,1.79724612893559
2022-06-17,1.7858498681970352
2022-06-18,1.8011170145897777
2022-06-19,1.838148471147828
2022-06-20,1.8662532490453856
2022-06-21,1.90612825633082
2022-06-22,1.929529273244172
2022-06-23,2.02394585953195
2022-06-24,2.0220097575159572
2022-06-25,2.0217052488842215
2022-06-26,2.0279352351805873
2022-06-27,2.0383602795956053
2022-06-28,2.077985554693465
2022-06-29,2.124501987188092
2022-06-30,2.051862823209335
2022-07-01,2.3289179742066666
2022-07-02,2.348873515905299
2022-07-03,2.352313996323332
2022-07-04,2.3527194877014956
2022-07-05,2.322588279710784
2022-07-06,2.2458504231335072
2022-07-07,2.2853427120577
2022-07-08,2.336459293311682
2022-07-09,2.3352066271037453
2022-07-10,2.346322194016203
2022-07-11,2.316032479824786
2022-07-12,2.2717036444088734
2022-07-13,2.293849758546937
2022-07-14,2.2036678964837653
2022-07-15,2.2365641681067236
2022-07-16,2.171648200711007
2022-07-17,2.184264197286233
2022-07-18,2.1857064637916537
2022-07-19,2.1187566597724556
2022-07-20,2.084269325292315
2022-07-21,2.0367843852612224
2022-07-22,2.0359662822617732
2022-07-23,2.029464768697731
2022-07-24,2.020263197555993
2022-07-25,2.004632755242767
2022-07-26,1.7858814126394926
2022-07-27,1.6436482365270642
2022-07-28,1.500220922604382
2022-07-29,1.6968344048993056
2022-07-30,1.6685442876671213
2022-07-31,1.6685208635097653
2022-08-01,1.6970045954032764
2022-08-02,1.8159650241891432
2022-08-03,1.7171572234403802
2022-08-04,1.6248969614247986
2022-08-05,1.571321535236657
2022-08-06,1.5171836872466893
2022-08-07,1.5027502553284342
2022-08-08,1.6390090717002423
2022-08-09,1.5910927329321327
2022-08-10,1.6196468276596525
2022-08-11,1.585492511771952
2022-08-12,1.585482481947154
2022-08-13,1.554195552083161
2022-08-14,1.557243131352983
2022-08-15,1.556537026928141
2022-08-16,1.5107158390788344
2022-08-17,1.4400062437245196
2022-08-18,1.4532522941981898
2022-08-19,1.4664307065545077
2022-08-20,1.4732833432751806
2022-08-21,1.482480054410608
2022-08-22,1.470435622126764
2022-08-23,1.4391787235035878
2022-08-24,1.141626249528538
2022-08-25,1.1240357812576374
2022-08-26,1.129336943070705
2022-08-27,1.1416912092481997
2022-08-28,1.1491375976030636
2022-08-29,1.119411475531884
2022-08-30,1.0881855236079714
2022-08-31,1.0040389363099167
2022-09-01,0.9962801459553776
2022-09-02,0.9768186051407254
2022-09-03,0.9834711961980412
2022-09-04,0.9543248650781092
2022-09-05,0.9424367543763996
2022-09-06,0.8831309543817955
2022-09-07,0.8767722157482821
2022-09-08,0.9308489307769672
2022-09-09,0.949165864969292
2022-09-10,0.9551208618015314
2022-09-11,0.9677100016976912
2022-09-12,0.8252777047864823
2022-09-13,0.6180013481636413
2022-09-14,0.5564793005756977
2022-09-15,0.3582285926475486
2022-09-16,0.4983857142337289
2022-09-17,0.5474837263976938
2022-09-18,0.5522953859849695
2022-09-19,0.8811455759505351
2022-09-20,0.8052555654027562
2022-09-21,0.6841736691480466
2022-09-22,0.5914925933955315
2022-09-23,0.6242986329393079
2022-09-24,0.6062534931923331
2022-09-25,0.5871594018386403
2022-09-26,0.5716648799948351
2022-09-27,0.5507389832984889
2022-09-28,0.5379204678001083
2022-09-29,0.5105322733911182
2022-09-30,0.5151376382428491
2022-10-01,0.5134004876411317
2022-10-02,0.5075078527828297
2022-10-03,0.4944788608200361
2022-10-04,0.4390854410865423
2022-10-05,0.4289121851945561
2022-10-06,0.4392725947967322
2022-10-07,0.4520717985979944
2022-10-08,0.5049821578769091
2022-10-09,0.5245841121270135
2022-10-10,0.4964741934103853
2022-10-11,0.4738811850255416
2022-10-12,0.4870860425106225
2022-10-13,0.4509984480214912
2022-10-14,0.4505242329675276
2022-10-15,0.4540026711356872
2022-10-16,0.4590217538525396
2022-10-17,0.4637899886246324
2022-10-18,0.52062559492242
2022-10-19,0.5222452604064128
2022-10-20,0.503787483446898
2022-10-21,0.4841434019365319
2022-10-22,0.4848576761485118
2022-10-23,0.4828979248670917
2022-10-24,0.4671276072219396
2022-10-25,0.3315037209848555
2022-10-26,0.2282940461375944
2022-10-27,-0.2263991648810128
2022-10-28,-0.1399968283442467
2022-10-29,-0.1534166022090353
2022-10-30,-0.1537760290149556
2022-10-31,-0.1511805632825114
2022-11-01,-0.24678879213254
2022-11-02,-0.2965292944803812
2022-11-03,-0.3758584645002125
2022-11-04,-0.3830347957289646
2022-11-05,-0.3577571642587089
2022-11-06,-0.3490811621086038
2022-11-07,-0.3865540741730078
2022-11-08,-0.3891202935035291
2022-11-09,-0.3813180292040308
2022-11-10,-0.4598815110273389
2022-11-11,-0.4511093822209491
2022-11-12,-0.4530665968872494
2022-11-13,-0.4592868205301414
2022-11-14,-0.4873757743729099
2022-11-15,-0.5121743825125722
2022-11-16,-0.5362820580254803
2022-11-17,-0.5088752622976864
2022-11-18,-0.5045578174528633
2022-11-19,-0.4927223996789354
2022-11-20,-0.4883938673714689
2022-11-21,-0.5232083589094529
2022-11-22,-0.4885336114888512
2022-11-23,-0.6491682293225043
2022-11-24,-0.6320114213233083
2022-11-25,-0.6202609641758339
2022-11-26,-0.6166966807692598
2022-11-27,-0.6224875903403333
2022-11-28,-0.6108909674253831
2022-11-29,-0.6478936901773871
2022-11-30,-0.6314575558855653
2022-12-01,-0.575382291069398
2022-12-02,-0.6229048945689137
2022-12-03,-0.6220394360043053
2022-12-04,-0.6177851550495257
2022-12-05,-0.6245675400707211
2022-12-06,-0.653676512010001
2022-12-07,-0.711227092784158
2022-12-08,-0.6531389320153558
2022-12-09,-0.6189786196267062
2022-12-10,-0.6149810750371323
2022-12-11,-0.5962582196119466
2022-12-12,-0.5904597129802269
2022-12-13,-0.7591023437962334
2022-12-14,-0.8511036089222932
2022-12-15,-0.9679847852843372
2022-12-16,-0.9483160375880428
2022-12-17,-0.936727963842936
2022-12-18,-0.9230539075102926
2022-12-19,-0.9060616866471574
2022-12-20,-0.7601041684779852
2022-12-21,-0.7242054552658268
2022-12-22,-0.8320109913724976
2022-12-23,-0.7600884270475183
2022-12-24,-0.9477540449986336
2022-12-25,-0.9401394410415856
2022-12-26,-0.9438483538894088
2022-12-27,-0.952973810338283
2022-12-28,-0.9502535206797368
2022-12-29,-0.9833094958354318
2022-12-30,-0.9842421245091084
2022-12-31,-0.9707483075259332
2023-01-01,-0.9180215120734272
2023-01-02,-0.9827664538587064
2023-01-03,-1.024474365572238
2023-01-04,-1.0632265165894077
2023-01-05,-1.0457983206390715
2023-01-06,-1.0315930378497415
2023-01-07,-1.0245470985208198
2023-01-08,-0.988982362322684
2023-01-09,-0.966997010559389
2023-01-10,-0.9522061778526544
2023-01-11,-0.9420386139399282
2023-01-12,-0.9251351953501804
2023-01-13,-0.9290607145924592
2023-01-14,-0.927165365856369
2023-01-15,-0.9138132016554036
2023-01-16,-0.9225261516696944
2023-01-17,-0.9241392690622798
2023-01-18,-0.9253540152911088
2023-01-19,-0.952208487410328
2023-01-20,-0.9510147703817788
2023-01-21,-0.950796305920906
2023-01-22,-0.9557669400872116
2023-01-23,-0.965076065209022
2023-01-24,-0.9460639763639278
2023-01-25,-1.0142776580121031
2023-01-26,-1.0176577405284606
2023-01-27,-1.0591619363896478
2023-01-28,-1.0597265304611363
2023-01-29,-1.0638003810558412
2023-01-30,-1.041602047506693
2023-01-31,-1.2663003249005718
2023-02-01,-1.4442838662890642
2023-02-02,-1.6968976611925524
2023-02-03,-1.661304721137115
2023-02-04,-1.6649391490128698
2023-02-05,-1.679635789161802
2023-02-06,-1.6845409459358698
2023-02-07,-1.504567655566008
2023-02-08,-1.5664642521775958
2023-02-09,-1.5885737751286126
2023-02-10,-1.5946357917088851
2023-02-11,-1.6003106855353884
2023-02-12,-1.5977872926957812
2023-02-13,-1.6015910905000394
2023-02-14,-1.6167729320161457
2023-02-15,-1.6003838613977084
2023-02-16,-1.64751435733385
2023-02-17,-1.6485481371240491
2023-02-18,-1.6492384525025394
2023-02-19,-1.6359767544964878
2023-02-20,-1.727337914397869
2023-02-21,-1.8233680435321968
2023-02-22,-1.889283320341714
2023-02-23,-1.8329974620553715
2023-02-24,-1.8432094428287809
2023-02-25,-1.7931909264763817
2023-02-26,-1.7790256805204996
2023-02-27,-1.7979334621963683
2023-02-28,-1.8464665006460603
2023-03-01,-1.826240351704422
2023-03-02,-1.8675680868882376
2023-03-03,-1.859554463786738
2023-03-04,-1.8650360227248604
2023-03-05,-1.8815013600120467
2023-03-06,-1.8868983909364057
2023-03-07,-1.8640301526927072
2023-03-08,-1.85635377291462
2023-03-09,-1.8713402120767415
2023-03-10,-1.864858236064613
2023-03-11,-1.8714760391194327
2023-03-12,-1.861161399586802
2023-03-13,-1.8485988447282735
2023-03-14,-1.9656985899151536
2023-03-15,-1.965396676998724
2023-03-16,-1.7730693730653273
2023-03-17,-1.8607170650579872
2023-03-18,-1.873465020682764
2023-03-19,-1.8696392360337697
2023-03-20,-1.844566097382477
2023-03-21,-1.813154147508835
2023-03-22,-1.7520266608566637
2023-03-23,-1.7676290946963509
2023-03-24,-1.7654691321005378
2023-03-25,-1.5793747207889577
2023-03-26,-1.5938665778873968
2023-03-27,-1.6031441739442995
2023-03-28,-1.6219580610725306
2023-03-29,-1.652549027402036
2023-03-30,-1.6636385020392055
2023-03-31,-1.6483776555792924
2023-04-01,-1.6168375448789891
2023-04-02,-1.6787498057709302
2023-04-03,-1.717903897344322
2023-04-04,-1.7220387810207345
2023-04-05,-1.75859611697127
2023-04-06,-1.7532472494405056
2023-04-07,-1.7467129918883813
2023-04-08,-1.71000440346986
2023-04-09,-1.7074053878901123
2023-04-10,-1.6962560545724108
2023-04-11,-1.7003815304134082
2023-04-12,-1.6932338382191594
2023-04-13,-1.7094261198778802
2023-04-14,-1.716039926497113
2023-04-15,-1.713764121345566
2023-04-16,-1.719724332271919
2023-04-17,-1.7242906599558083
2023-04-18,-1.731881647293792
2023-04-19,-1.756600817207774
2023-04-20,-1.7541477309200642
2023-04-21,-1.7671505660877165
2023-04-22,-1.7699457398978118
2023-04-23,-1.7721343584883584
2023-04-24,-1.769857620135129
2023-04-25,-1.5386745651549707
2023-04-26,-1.5428668684031288
2023-04-27,-1.4416608777487965
2023-04-28,-1.4918665373347575
2023-04-29,-1.483009921927113
2023-04-30,-1.483341952452642
2023-05-01,-1.418365925488636
2023-05-02,-1.4675928575929746
2023-05-03,-1.5087990985253374
2023-05-04,-1.4949126458108402
2023-05-05,-1.4846163452972418
2023-05-06,-1.05094869183081
2023-05-07,-1.0465999636631629
2023-05-08,-1.0132099868506586
2023-05-09,-1.0545371861379758
2023-05-10,-1.0514862305947523
2023-05-11,-1.0479074719955837
2023-05-12,-1.0735747742452977
2023-05-13,-1.0716905448481475
2023-05-14,-1.075967874516231
2023-05-15,-1.0815686274625864
2023-05-16,-1.0637093351158224
2023-05-17,-1.0518475086051997
2023-05-18,-1.149635079004706
2023-05-19,-1.1367189148717696
2023-05-20,-1.13443121055211
2023-05-21,-1.115832279662468
2023-05-22,-1.1556481957529987
2023-05-23,-1.1108316906329
2023-05-24,-1.071681704901018
2023-05-25,-1.0813085790487384
2023-05-26,-1.0706097063540283
2023-05-27,-1.072036605870925
2023-05-28,-1.05331949545921
2023-05-29,-1.0617569754258636
2023-05-30,-1.009340582021194
2023-05-31,-1.018083877385929
2023-06-01,-0.9706236284894976
2023-06-02,-0.99998235293744
2023-06-03,-0.995267495789682
2023-06-04,-1.0003336856985623
2023-06-05,-1.016981692826776
2023-06-06,-1.0296942281710733
2023-06-07,-1.0400493170052774
2023-06-08,-0.9888722694876316
2023-06-09,-0.9902512919502008
2023-06-10,-0.974050985108934
2023-06-11,-0.982441052389642
2023-06-12,-0.9971334016244922
2023-06-13,-1.054384865342106
2023-06-14,-1.0856273128254617
2023-06-15,-1.1465336994566084
2023-06-16,-1.1039164617777537
2023-06-17,-1.0906304603418624
2023-06-18,-1.0796112984693715
2023-06-19,-1.0582346130418523
2023-06-20,-0.9788683649753728
2023-06-21,-1.0286533709443602
2023-06-22,-1.1737170768878793
2023-06-23,-1.1486220289387454
2023-06-24,-1.1266764232317406
2023-06-25,-1.1445770536985869
2023-06-26,-1.1329771149865473
2023-06-27,-1.1112442748940137
2023-06-28,-1.095408513411002
2023-06-29,-1.0309294631914168
2023-06-30,-1.0166386463112138
2023-07-01,-0.9466146682267668
2023-07-02,-1.0038143628502425
2023-07-03,-1.022179835876382
2023-07-04,-1.0178579998296664
2023-07-05,-1.0416323483178775
2023-07-06,-0.9951912533124908
2023-07-07,-0.9861431426823528
2023-07-08,-0.9633414346005156
2023-07-09,-0.9710278972571847
2023-07-10,-0.9815715441960828
2023-07-11,-0.9570380536773042
2023-07-12,-0.866626595478887
2023-07-13,-0.8044697775952829
2023-07-14,-0.8169472337841928
2023-07-15,-1.1227219705703504
2023-07-16,-1.100182791808602
2023-07-17,-1.0524286915674532
2023-07-18,-1.0231061153367118
2023-07-19,-1.0017991766481422
2023-07-20,-0.9853563041339068
2023-07-21,-0.9831845146811726
2023-07-22,-0.9709363331394872
2023-07-23,-0.9607289035293674
2023-07-24,-0.9595609368241664
2023-07-25,-0.8480887195911633
2023-07-26,-0.8269074640551568
2023-07-27,-0.9279465938008606
2023-07-28,-1.1045768859442922
2023-07-29,-1.1082353929795037
2023-07-30,-1.1138439125266153
2023-07-31,-1.1226135016698555
2023-08-01,-1.219374240043296
2023-08-02,-1.3967411942765386
2023-08-03,-1.460825266257727
2023-08-04,-1.4756431134474994
2023-08-05,-1.4816673987707265
2023-08-06,-1.4752221662556269
2023-08-07,-1.4163454502519532
2023-08-08,-1.3142706643762423
2023-08-09,-1.3315573044657076
2023-08-10,-1.3119779049856304
2023-08-11,-1.310690122032686
2023-08-12,-1.331845616444146
2023-08-13,-1.3326841255483095
2023-08-14,-1.3295935935859915
2023-08-15,-1.32529397921549
2023-08-16,-1.2865903252866449
2023-08-17,-1.229405789230763
2023-08-18,-1.2192641967236304
2023-08-19,-1.202082708692975
2023-08-20,-1.185006316518088
2023-08-21,-1.2272498947522796
2023-08-22,-1.2886620823457904
2023-08-23,-1.21532921243871
2023-08-24,-1.2321691732865554
2023-08-25,-1.244698800488028
2023-08-26,-1.246442883670768
2023-08-27,-1.2451448251710977
2023-08-28,-1.222865873721078
2023-08-29,-1.2273569676661045
2023-08-30,-1.2432281736274446
2023-08-31,-1.240335253312175
2023-09-01,-1.1957406026889683
2023-09-02,-1.2780897250930248
2023-09-03,-1.2753073112172144
2023-09-04,-1.2674959611865988
2023-09-05,-1.2546149067738028
2023-09-06,-1.2261544264630693
2023-09-07,-1.2042577267164134
2023-09-08,-1.168801395812535
2023-09-09,-1.172308254892083
2023-09-10,-1.1619012747398514
2023-09-11,-1.165261073737805
2023-09-12,-0.9369120559393096
2023-09-13,-0.9198927551580603
2023-09-14,-0.819076961094021
2023-09-15,-0.8652093120685986
2023-09-16,-0.5467082901000209
2023-09-17,-0.5782733009709478
2023-09-18,-0.6239934462725671
2023-09-19,-0.5691663638315785
2023-09-20,-0.5891632547552974
2023-09-21,-0.5786707974294338
2023-09-22,-0.5836592950723682
2023-09-23,-0.6062606955626353
2023-09-24,-0.6180229469842557
2023-09-25,-0.6704633892305951
2023-09-26,-0.717051117653541
2023-09-27,-0.7054214321057855
2023-09-28,-0.680890218420436
2023-09-29,-0.6889561639481381
2023-09-30,-0.6965742078101242
2023-10-01,-0.6013150315249622
2023-10-02,-0.6859624450832293
2023-10-03,-0.6719590750840232
2023-10-04,-0.6709269969705363
2023-10-05,-0.6637081033834586
2023-10-06,-0.6650755433569853
2023-10-07,-0.6735653592259405
2023-10-08,-0.6608036304769334
2023-10-09,-0.6756699443246306
2023-10-10,-0.6829567219640078
2023-10-11,-0.6527305908181995
2023-10-12,-0.6509324847815545
2023-10-13,-0.6632232605613544
2023-10-14,-0.6765330688916893
2023-10-15,-0.6687235330313215
2023-10-16,-0.6872747919858773
2023-10-17,-0.6654440173139244
2023-10-18,-0.6817289069315007
2023-10-19,-0.6894573227866021
2023-10-20,-0.6888583840012779
2023-10-21,-0.6922249278591053
2023-10-22,-0.6874009450789431
2023-10-23,-0.6929294340627647
2023-10-24,-0.6725534053751778
2023-10-25,-0.6221014549040929
2023-10-26,-0.4827346036584294
2023-10-27,-0.5266110536094271
2023-10-28,-0.5312929667769097
2023-10-29,-0.5258846117897975
2023-10-30,-0.5530442497898593
2023-10-31,-0.5183209477074875
2023-11-01,-0.4427065804906611
2023-11-02,-0.2775743467247504
2023-11-03,-0.3319210306712747
2023-11-04,-0.358392353033159
2023-11-05,-0.3573408658185175
2023-11-06,-0.3520416052902975
2023-11-07,-0.3329637471290065
2023-11-08,-0.3076284427369273
2023-11-09,-0.3199227180352215
2023-11-10,-0.2692775860214238
2023-11-11,-0.2583545871031238
2023-11-12,-0.2433196988318715
2023-11-13,-0.2539021210898446
2023-11-14,-0.278822003985631
2023-11-15,-0.3012297146262777
2023-11-16,-0.3073029099495756
2023-11-17,-0.3113662882989929
2023-11-18,-0.2950563861431214
2023-11-19,-0.2847959549356889
2023-11-20,-0.3137016823954832
2023-11-21,-0.2791343551955143
2023-11-22,-0.2672407857939756
2023-11-23,-0.280405515734861
2023-11-24,-0.2796341200000769
2023-11-25,-0.2872849232299423
2023-11-26,-0.2889510089502765
2023-11-27,-0.3011777771477018
2023-11-28,-0.2705307086003912
2023-11-29,-0.2876277467221926
2023-11-30,-0.2935508210341422
2023-12-01,-0.1682642425696012
2023-12-02,-0.2432267513462584
2023-12-03,-0.2260449640303909
2023-12-04,-0.2468495404462285
2023-12-05,-0.1752966917642102
2023-12-06,-0.1079416487629436
2023-12-07,-0.0781142924294517
2023-12-08,-0.064257159520898
2023-12-09,-0.0348198247490878
2023-12-10,-0.0357839645294428
2023-12-11,-0.0318157848971223
2023-12-12,0.2091148667470408
2023-12-13,0.2741667846982639
2023-12-14,0.488896451888115
2023-12-15,0.3596941934896243
2023-12-16,0.3458183901834664
2023-12-17,0.3239148124104636
2023-12-18,0.2648654528507935
2023-12-19,0.1894625903111122
2023-12-20,0.1993494927749357
2023-12-21,0.3069626066917219
2023-12-22,0.2601542382421288
2023-12-23,0.2797862891316022
2023-12-24,0.2801649443493015
2023-12-25,0.2732690776418496
2023-12-26,0.2858655817176854
2023-12-27,0.2601256928337581
2023-12-28,0.246624323660518
2023-12-29,0.2351314848337098
2023-12-30,0.2293550715661632
2023-12-31,0.2222887389198797
2024-01-01,0.3254935771332973
2024-01-02,0.1725320655234949
2024-01-03,0.2036045840696434
2024-01-04,0.1996287584699103
2024-01-05,0.2108032077099746
2024-01-06,0.1944752108593861
2024-01-07,0.2168648561519488
2024-01-08,0.2343222699276566
2024-01-09,0.2533715406592312
2024-01-10,0.277967078990791
2024-01-11,0.3150934217904436
2024-01-12,0.3102326759840713
2024-01-13,0.3035075131914828
2024-01-14,0.2998198142588208
2024-01-15,0.2735754993410526
2024-01-16,0.2507555003425304
2024-01-17,0.2554075499347703
2024-01-18,0.2639182533194708
2024-01-19,0.2668218550694083
2024-01-20,0.2644541365213276
2024-01-21,0.2679306080216513
2024-01-22,0.2522697429401767
2024-01-23,0.1813415710485728
2024-01-24,0.2510195588850644
2024-01-25,0.1579432972987027
2024-01-26,0.1486368807431144
2024-01-27,0.1464389328292463
2024-01-28,0.1383898925444187
2024-01-29,0.1854021071643443
2024-01-30,0.0495977072963378
2024-01-31,0.0504854985384524
2024-02-01,0.1843413370854836
2024-02-02,0.1052557385205166
2024-02-03,0.094207641355833
2024-02-04,0.0793268077864575
2024-02-05,0.1035854581235962
2024-02-06,-0.0229590196947029
2024-02-07,-0.0325610102853608
2024-02-08,0.0330608112910362
2024-02-09,0.0819321932454477
2024-02-10,0.096553543006512
2024-02-11,0.0954955489929316
2024-02-12,0.1083324623190824
2024-02-13,0.1156281795727884
2024-02-14,0.1052527984029039
2024-02-15,0.0848773316001167
2024-02-16,0.076716866614984
2024-02-17,0.0788806473667791
2024-02-18,0.0782237055967953
2024-02-19,0.0669058522183223
2024-02-20,0.0150731910545898
2024-02-21,0.1390041984987307
2024-02-22,0.1209480619856451
2024-02-23,0.1213729222714814
2024-02-24,0.0587744166000476
2024-02-25,0.0307061054569208
2024-02-26,0.0010359007428457
2024-02-27,-0.0134865923187987
2024-02-28,-0.0392638181255307
2024-02-29,-0.0489705004500982
2024-03-01,-0.0823532001987434
2024-03-02,-0.1849584222190357
2024-03-03,-0.1797005964206168
2024-03-04,-0.1922406663806646
2024-03-05,-0.1852260775759404
2024-03-06,-0.2326696682801441
2024-03-07,-0.2446751590277427
2024-03-08,-0.1907740336780776
2024-03-09,-0.1907992583311144
2024-03-10,-0.2091622132005461
2024-03-11,-0.2187129878183416
2024-03-12,-0.0904986752871135
2024-03-13,-0.0492038803723149
2024-03-14,0.1986487137344708
2024-03-15,0.0918301105769865
2024-03-16,0.0703200565044956
2024-03-17,0.0407504424610634
2024-03-18,0.01745694241317
2024-03-19,0.0563014017080543
2024-03-20,0.1226424116180711
2024-03-21,0.1390650353645279
2024-03-22,0.1026197222540774
2024-03-23,0.1007780153473267
2024-03-24,0.0993645476707545
2024-03-25,0.1446328050037006
2024-03-26,0.1960378242243394
2024-03-27,0.1751928941423273
2024-03-28,0.1929044719428994
2024-03-29,0.1922246097927862
2024-03-30,0.1893127412671826
2024-03-31,0.188045624274453
2024-04-01,0.2635935785429302
2024-04-02,0.1882527721254305
2024-04-03,0.2255810232172079
2024-04-04,0.2109961806686653
2024-04-05,0.2030789362448692
2024-04-06,0.184784650626812
2024-04-07,0.18558528938918
2024-04-08,0.2073877399167438
2024-04-09,0.2164748061481314
2024-04-10,0.2024602974026239
2024-04-11,0.1984130877618288
2024-04-12,0.2019999123336937
2024-04-13,0.1942078064282308
2024-04-14,0.1916350501015604
2024-04-15,0.1973522547194661
2024-04-16,0.2284997916395847
2024-04-17,0.2306251880698524
2024-04-18,0.2432197719536832
2024-04-19,0.2505818518503512
2024-04-20,0.249800797507647
2024-04-21,0.2575556579903997
2024-04-22,0.2641815082154929
2024-04-23,0.2350092483248236
2024-04-24,0.246339110392645
2024-04-25,0.3011362237036763
2024-04-26,0.3551165949304923
2024-04-27,0.3685558334902153
2024-04-28,0.3699009099436825
2024-04-29,0.3635346193747144
2024-04-30,0.436132201427354
2024-05-01,0.5243019805605268
2024-05-02,0.4526417724192396
2024-05-03,0.4498090322593444
2024-05-04,0.0724098931410501
2024-05-05,0.0834010751473501
2024-05-06,0.0855180665628376
2024-05-07,0.1030319245512456
2024-05-08,0.1321110452222873
2024-05-09,0.159409455498922
2024-05-10,0.1724408484899149
2024-05-11,0.1811150915408024
2024-05-12,0.184901295856116
2024-05-13,0.1652956269967433
2024-05-14,0.1752964565485457
2024-05-15,0.1343909197594874
2024-05-16,0.2143652901709918
2024-05-17,0.2093565254814398
2024-05-18,0.1944584319828532
2024-05-19,0.1747774044530159
2024-05-20,0.2627848446431271
2024-05-21,0.2580458155775285
2024-05-22,0.4077641452246934
2024-05-23,0.3777879103832122
2024-05-24,0.4440641126008354
2024-05-25,0.4437013824851215
2024-05-26,0.4307037519292072
2024-05-27,0.4712642934337927
2024-05-28,0.4730101466721708
2024-05-29,0.5081465178596238
2024-05-30,0.5245902335584192
2024-05-31,0.5224821771562237
2024-06-01,0.5698229123071129
2024-06-02,0.541236355389767
2024-06-03,0.5373979978970084
2024-06-04,0.5634752004976659
2024-06-05,0.5493289231321499
2024-06-06,0.5405916839576527
2024-06-07,0.5462127726697703
2024-06-08,0.5614209294469956
2024-06-09,0.5555960263426133
2024-06-10,0.5603038366934691
2024-06-11,0.5760042004201663
2024-06-12,0.7354035501165164
2024-06-13,0.676460622221344
2024-06-14,0.6486443446174938
2024-06-15,0.66529197368536
2024-06-16,0.6595608101339903
2024-06-17,0.6398495251470481
2024-06-18,0.7094162706322805
2024-06-19,0.7029237005921005
2024-06-20,0.6145369512788728
2024-06-21,0.5989310535228561
2024-06-22,0.6033929213253264
2024-06-23,0.6126051232841293
2024-06-24,0.6129731753692745
2024-06-25,0.4791415801697331
2024-06-26,0.5273710682833296
2024-06-27,0.5433519756088494
2024-06-28,0.5448381195087894
2024-06-29,0.5401762217866771
2024-06-30,0.5488233824454077
2024-07-01,0.5968231088303241
2024-07-02,0.6215868324904494
2024-07-03,0.6218554726013642
2024-07-04,0.6710210581800433
2024-07-05,0.6671371958932891
2024-07-06,0.6548937898490839
2024-07-07,0.6515290152209182
2024-07-08,0.6536616231615718
2024-07-09,0.6993694891110128
2024-07-10,0.716104661173341
2024-07-11,0.6399785502573155
2024-07-12,0.65090332585078
2024-07-13,0.5454540567765459
2024-07-14,0.5529918488609019
2024-07-15,0.5273166966120443
2024-07-16,0.5625296049475128
2024-07-17,0.5936845268998161
2024-07-18,0.5740143389560062
2024-07-19,0.5947070061019407
2024-07-20,0.5986635982159217
2024-07-21,0.6030510260895386
2024-07-22,0.5877049889710482
2024-07-23,0.6108008091949706
2024-07-24,0.5898216437161675
2024-07-25,0.5618565418240522
2024-07-26,0.5657018765360419
2024-07-27,0.5625016209966807
2024-07-28,0.5576041112967582
2024-07-29,0.55364701992359
2024-07-30,0.5187018066307404
2024-07-31,0.5139901927180237
2024-08-01,0.584238767272486
2024-08-02,0.5679473004247784
2024-08-03,0.8338350907085418
2024-08-04,0.848905414244413
2024-08-05,0.8420126392133538
2024-08-06,0.8156932584024388
2024-08-07,0.741880863475723
2024-08-08,0.8231769303944275
2024-08-09,0.8217788511425174
2024-08-10,0.8359507718465417
2024-08-11,0.8359212820288182
2024-08-12,0.8119921690964027
2024-08-13,0.8138427283940796
2024-08-14,0.7706497062400306
2024-08-15,0.7154179722224465
2024-08-16,0.7058274783534144
2024-08-17,0.6988334671027979
2024-08-18,0.668031205180621
2024-08-19,0.7680475501079287
2024-08-20,0.7875332711736442
2024-08-21,0.8721809013100115
2024-08-22,0.8288605115134482
2024-08-23,0.8162212793280085
2024-08-24,0.8076312681395831
2024-08-25,0.8048722411107921
2024-08-26,0.8063753987953302
2024-08-27,0.8439610714039634
2024-08-28,0.9619829052192346
2024-08-29,0.9596003421817008
2024-08-30,0.9669959312243644
2024-08-31,0.9566744117913206
2024-09-01,0.9962049707875616
2024-09-02,1.0137652649309103
2024-09-03,1.0161946152186676
2024-09-04,1.01597203958397
2024-09-05,1.0406921629700656
2024-09-06,1.0554443097561224
2024-09-07,1.0467762126274918
2024-09-08,1.0489856425743125
2024-09-09,1.0473798460194992
2024-09-10,0.8845425533719148
2024-09-11,0.9308631970850396
2024-09-12,0.8854128956481337
2024-09-13,0.902993047740194
2024-09-14,0.9012135808827932
2024-09-15,0.9163049207495066
2024-09-16,0.952361459125052
2024-09-17,0.929286716402165
2024-09-18,0.9675429427934632
2024-09-19,0.8684099745170442
2024-09-20,0.8947845927456657
2024-09-21,0.7489250120240405
2024-09-22,0.7552304355846781
2024-09-23,0.7833180305022573
2024-09-24,0.8157386121812836
2024-09-25,0.8341490049417417
2024-09-26,0.8075288709312322
2024-09-27,0.7987004753913622
2024-09-28,0.7978521403605574
2024-09-29,0.793588636633853
2024-09-30,0.8069097613253953
2024-10-01,0.8211369803908115
2024-10-02,0.8074711928011826
2024-10-03,0.8052466011106505
2024-10-04,0.8084570296686413
2024-10-05,0.7989400060982079
2024-10-06,0.8147013994219714
2024-10-07,0.8228127276271793
2024-10-08,0.8118437470504289
2024-10-09,0.7499929968551086
2024-10-10,0.7481945976027826
2024-10-11,0.7513452108914636
2024-10-12,0.7523298639869852
2024-10-13,0.7553744098121009
2024-10-14,0.7566257425574461
2024-10-15,0.6879823167714225
2024-10-16,0.6900157433913221
2024-10-17,0.687646108668438
2024-10-18,0.6916567238786283
2024-10-19,0.6848020951650818
2024-10-20,0.6846656422764206
2024-10-21,0.6819574148225652
2024-10-22,0.7046174916882815
2024-10-23,0.7437346704450212
2024-10-24,0.7549600896670252
2024-10-25,0.7515105144170434
2024-10-26,0.7594515029068662
2024-10-27,0.7568082631273139
2024-10-28,0.7302213858948384
2024-10-29,0.7116857289551733
2024-10-30,0.7771458633945012
2024-10-31,0.6643401371409908
2024-11-01,0.6880550642004027
2024-11-02,0.6985534649493608
2024-11-03,0.705968095634731
2024-11-04,0.7084810118448068
2024-11-05,0.7229861265180471
2024-11-06,0.6423175461008241
2024-11-07,0.6758509232662707
2024-11-08,0.7117117611269476
2024-11-09,0.7079335750431738
2024-11-10,0.7117531457645693
2024-11-11,0.7145570565829392
2024-11-12,0.7028782177812244
2024-11-13,0.7124141827152909
2024-11-14,0.701843938961378
2024-11-15,0.7075592524384332
2024-11-16,0.6988486379087336
2024-11-17,0.6750354472936837
2024-11-18,0.734699814759949
2024-11-19,0.7747824922392217
2024-11-20,0.8780087356908535
2024-11-21,0.8607384899966112
2024-11-22,0.8521251171516724
2024-11-23,0.8567650570450492
2024-11-24,0.853961710998675
2024-11-25,0.8588502776180984
2024-11-26,0.889766300036265
2024-11-27,0.8980792395954649
2024-11-28,0.8957465705891234
2024-11-29,0.9012887623720812
2024-11-30,0.903197943920064
2024-12-01,0.9282949912147832
2024-12-02,0.9483830153778277
2024-12-03,0.9463015090139726
2024-12-04,0.9151466410004806
2024-12-05,0.9350346843635624
2024-12-06,0.9378154711657496
2024-12-07,0.938044286981884
2024-12-08,0.9494949269466426
2024-12-09,0.9516920278140552
2024-12-10,0.8185212668505023
2024-12-11,0.8180668673009814
2024-12-12,0.8818489026909071
2024-12-13,0.942509154168587
2024-12-14,0.9412531627067052
2024-12-15,0.9521416051192366
2024-12-16,0.9684268881739576
2024-12-17,1.0460600495949253
2024-12-18,1.1287472283350566
2024-12-19,1.0879029262474047
2024-12-20,1.0892806895376292
2024-12-21,1.086633329193488
2024-12-22,1.086482381398199
2024-12-23,1.0727129385497367
2024-12-24,1.041444598365716
2024-12-25,1.0827439376048429
2024-12-26,1.068655389487674
2024-12-27,1.0525539865921898
2024-12-28,1.052053529732706
2024-12-29,1.057075962551654
2024-12-30,1.0575712795970702
2024-12-31,1.0500292585685171
2025-01-01,1.0323302376828731
2025-01-02,1.0355056255342856
2025-01-03,1.026247958139301
2025-01-04,1.0300162732032754
2025-01-05,1.0267579240512446
2025-01-06,1.0236802650588108
2025-01-07,1.0709222334960349
2025-01-08,0.9474250628317012
2025-01-09,0.9924950579967244
2025-01-10,0.9795627927006874
2025-01-11,0.9832020818982524
2025-01-12,0.979655520350547
2025-01-13,0.989218901856026
2025-01-14,1.0080192378827055
2025-01-15,1.0241636434960364
2025-01-16,1.0201022567451163
2025-01-17,1.0298057061525945
2025-01-18,1.0228461209438733
2025-01-19,1.0186072386518883
2025-01-20,1.0145652058990458
2025-01-21,1.0257495753126085
2025-01-22,1.1602482655354227
2025-01-23,1.1481388480981625
2025-01-24,1.120929379848747
2025-01-25,1.12996740400123
2025-01-26,1.1260891889935871
2025-01-27,1.1281443750895055
2025-01-28,1.1380393735488792
2025-01-29,1.3454253233167397
2025-01-30,1.4512037273677123
2025-01-31,1.4144368373730514
2025-02-01,1.413249686738962
2025-02-02,1.4290335056170886
2025-02-03,1.4314198188664031
2025-02-04,1.5186587027630143
2025-02-05,1.5796845623407243
2025-02-06,1.5946882882742155
2025-02-07,1.595714231773544
2025-02-08,1.5903711167596368
2025-02-09,1.5903030224029862
2025-02-10,1.5929848609308812
2025-02-11,1.6088952897099842
2025-02-12,1.6241095837222108
2025-02-13,1.588228791861567
2025-02-14,1.582499176645056
2025-02-15,1.5866689520452015
2025-02-16,1.5808006622886133
2025-02-17,1.5653102388018625
2025-02-18,1.6157827157423814
2025-02-19,1.5788610610347904
2025-02-20,1.5468201340063144
2025-02-21,1.5485915537739334
2025-02-22,1.4107367463594107
2025-02-23,1.4187202475391083
2025-02-24,1.423873774722962
2025-02-25,1.421014366674448
2025-02-26,1.4015715254298788
2025-02-27,1.3518444372715777
2025-02-28,1.3541810481060477
2025-03-01,1.3416660294716556
2025-03-02,1.3558889929068585
2025-03-03,1.3456587019390918
2025-03-04,1.3100967785336464
2025-03-05,1.3322533136969212
2025-03-06,1.3717796392817334
2025-03-07,1.361610234345627
2025-03-08,1.359484289375713
2025-03-09,1.3606374835109007
2025-03-10,1.355879346844253
2025-03-11,1.3989737621798293
2025-03-12,1.3894668350329278
2025-03-13,1.450372654374556
2025-03-14,1.447844042890567
2025-03-15,1.4558953419311744
2025-03-16,1.4630748024539997
2025-03-17,1.4609905133868504
2025-03-18,1.4783378116966135
2025-03-19,1.4809744871017674
2025-03-20,1.4211878229508104
2025-03-21,1.4905572480561793
2025-03-22,1.4875338246563672
2025-03-23,1.476328022172147
2025-03-24,1.4799272613223002
2025-03-25,1.4731857011905374
2025-03-26,1.4500527180234268
2025-03-27,1.4670233381671192
2025-03-28,1.4491064320387703
2025-03-29,1.4437092774202986
2025-03-30,1.4401500137085148
2025-03-31,1.441240615576663
2025-04-01,1.44738843328945
2025-04-02,1.448959730581354
2025-04-03,1.4607068789218092
2025-04-04,1.4560186619866498
2025-04-05,1.4583185800072955
2025-04-06,1.4579966443999068
2025-04-07,1.4552412489796995
2025-04-08,1.4864258959002972
2025-04-09,1.4735979893170137
2025-04-10,1.4676449405927434
2025-04-11,1.464633871752938
2025-04-12,1.465718517858748
2025-04-13,1.4574992625547434
2025-04-14,1.4449928952001247
2025-04-15,1.4970707304931543
2025-04-16,1.4549698569562892
2025-04-17,1.4522010659973166
2025-04-18,1.451516426842841
2025-04-19,1.4538671662246725
2025-04-20,1.453136545985222
2025-04-21,1.4567198690891017
2025-04-22,1.4759755087645885
2025-04-23,1.4441412523691883
2025-04-24,1.4539498408987923
2025-04-25,1.462656068375645
2025-04-26,1.460239629669681
2025-04-27,1.4525818209590091
2025-04-28,1.4617257599736286
2025-04-29,1.5424162153667496
2025-04-30,1.441778745888414
2025-05-01,1.3392988821973992
2025-05-02,1.3274844668101982
2025-05-03,1.284653227687319
2025-05-04,1.277247439620555
2025-05-05,1.2842775564723057
2025-05-06,1.2760555169818644
2025-05-07,1.2998222185214416
2025-05-08,1.312013828112157
2025-05-09,1.3111908298795525
2025-05-10,1.304921314027332
2025-05-11,1.3082957819566443
2025-05-12,1.3230445720456896
2025-05-13,1.338734826552358
2025-05-14,1.3601294731537577
2025-05-15,1.383535384114391
2025-05-16,1.383062988374321
2025-05-17,1.3877572180739417
2025-05-18,1.408994280447558
2025-05-19,1.3351583043300272
2025-05-20,1.3327217181241182
2025-05-21,1.3052828505819667
2025-05-22,1.3499134575296048
2025-05-23,1.3503084107802112
2025-05-24,1.3527080235571871
2025-05-25,1.3490757688479564
2025-05-26,1.33312253826093
2025-05-27,1.3573998797552838
2025-05-28,1.2757424699197533
2025-05-29,1.282188402523652
2025-05-30,1.2749521397684966
2025-05-31,1.2701199927437528
2025-06-01,1.2687144006249331
2025-06-02,1.277400051003062
2025-06-03,1.2796428034319476
2025-06-04,1.2777872003927933
2025-06-05,1.2593912595026966
2025-06-06,1.2559950252671477
2025-06-07,1.253228070953274
2025-06-08,1.2545316885910562
2025-06-09,1.2608512477606808
2025-06-10,1.279891112011664
2025-06-11,1.1829017215225246
2025-06-12,1.2339612930609487
2025-06-13,1.2373649239755449
2025-06-14,1.2347756432686186
2025-06-15,1.242789799405034
2025-06-16,1.252269456210538
2025-06-17,1.2179682397762943
2025-06-18,1.2414140222268408
2025-06-19,1.1186267431129804
2025-06-20,1.169769496611888
2025-06-21,1.1723942535301686
2025-06-22,1.1682835888601106
2025-06-23,1.1688810242894077
2025-06-24,1.2140241300715546
2025-06-25,1.2780284368093495
2025-06-26,1.2743433922038063
2025-06-27,1.2940198416982494
2025-06-28,1.2942090991690307
2025-06-29,1.290779162430076
2025-06-30,1.2817251790545383
2025-07-01,1.2742145146413266
2025-07-02,1.2958726217131675
2025-07-03,1.3056417947787533
2025-07-04,1.3037123488537945
2025-07-05,1.308183139794334
2025-07-06,1.2938357286585047
2025-07-07,1.2976726884616747
2025-07-08,1.2914020366808994
2025-07-09,1.1466517142621
2025-07-10,1.1838785106634064
2025-07-11,1.1986249683062755
2025-07-12,1.2186918658347483
2025-07-13,1.21228089260291
2025-07-14,1.2493883758873563
2025-07-15,1.262071903499845
2025-07-16,1.182184765161706
2025-07-17,1.2186419963655486
2025-07-18,1.202631007471664
2025-07-19,1.1894735103323455
2025-07-20,1.1884921133361637
2025-07-21,1.1939383048496768
2025-07-22,1.2232472890099442
2025-07-23,1.300597336614056
2025-07-24,1.3134929156782411
2025-07-25,1.3126451541066484
2025-07-26,1.3177277042175053
2025-07-27,1.3140036539004765
2025-07-28,1.3363940095892577
2025-07-29,1.3597342001185273
2025-07-30,1.4585061846441754
2025-07-31,1.6096649708453945
2025-08-01,1.6038410531394898
2025-08-02,1.5903235214669529
2025-08-03,1.589530690129876
2025-08-04,1.5914084303779783
2025-08-05,1.704123181640672
2025-08-06,1.7142410299767823
2025-08-07,1.7752769797254524
2025-08-08,1.776037868303622
2025-08-09,1.7677111905853176
2025-08-10,1.7714014581356592
2025-08-11,1.7940978429119046
2025-08-12,1.769634365866764
2025-08-13,1.7744346304387106
2025-08-14,1.7680863241703504
2025-08-15,1.7697669679374937
2025-08-16,1.7689910669039626
2025-08-17,1.7880712190279513
2025-08-18,1.715784331158884
2025-08-19,1.725455430428121
2025-08-20,1.7281162726817398
2025-08-21,1.7425886072049568
2025-08-22,1.7482957054244943
2025-08-23,1.7477295607124337
2025-08-24,1.750057074840357
2025-08-25,1.7356986751983188
2025-08-26,1.7508793863038732
2025-08-27,1.9005300193997845
2025-08-28,1.9018375114213557
2025-08-29,1.9056724730727668
2025-08-30,1.9089178950503496
2025-08-31,1.908790280579264
2025-09-01,1.8854392046181736
2025-09-02,1.9141757450681065
2025-09-03,1.899033353596455
2025-09-04,1.9298131255502309
2025-09-05,1.9295586534847569
2025-09-06,1.9321342357809077
2025-09-07,1.926016754254381
2025-09-08,1.909340635540708
2025-09-09,1.8433837026369095
2025-09-10,1.8117433110940655
2025-09-11,1.6984165580223332
2025-09-12,1.7177622692503598
2025-09-13,1.729157197613308
2025-09-14,1.7377800643298331
2025-09-15,1.7635235744990616
2025-09-16,1.6124923076626396
2025-09-17,1.6405509254456103
2025-09-18,1.6271153101375826
2025-09-19,1.637964782280227
2025-09-20,1.7997615923813792
2025-09-21,1.7918988993866027
2025-09-22,1.7739383135354982
2025-09-23,1.7711827695189222
2025-09-24,1.7352540556998148
2025-09-25,1.709248010261891
2025-09-26,1.6943622233570104
2025-09-27,1.6864629148409205
2025-09-28,1.690308156991951
2025-09-29,1.6964876490188583
2025-09-30,1.7039158224978097
2025-10-01,1.728540177178992
2025-10-02,1.7275286255172737
2025-10-03,1.7222132952714464
2025-10-04,1.7249391385939858
2025-10-05,1.722337759488965
2025-10-06,1.7323586842119716
2025-10-07,1.7346007920418058
2025-10-08,1.585846684611604
2025-10-09,1.6065941377493358
2025-10-10,1.6167991050978523
2025-10-11,1.6156043200915071
2025-10-12,1.6163084530524665
2025-10-13,1.6312387518252518
2025-10-14,1.6874919274209872
2025-10-15,1.6918844902038197
2025-10-16,1.692714516638462
2025-10-17,1.6926095166461526
2025-10-18,1.6867780685792089
2025-10-19,1.6786675243099607
2025-10-20,1.6776790531928505
2025-10-21,1.7006731077672077
2025-10-22,1.739590127243421
2025-10-23,1.8407371624003743
2025-10-24,1.8405641325510569
2025-10-25,1.8403698883597357
2025-10-26,1.8414737153632932
2025-10-27,1.8508640092578323
2025-10-28,1.8755470354661807
2025-10-29,1.8567837875197155
2025-10-30,2.022249774079672
2025-10-31,2.065265786382841
2025-11-01,2.2740883465091057
2025-11-02,2.2963752876687145
2025-11-03,2.3035938686928006
2025-11-04,2.3779679294093476
2025-11-05,2.3844660973938803
2025-11-06,2.447541257954225
2025-11-07,2.4520019651996225
2025-11-08,2.441253273232547
2025-11-09,2.4370583949422544
2025-11-10,2.438770748651921
2025-11-11,2.45808963097074
2025-11-12,2.442418918831641
2025-11-13,2.382066844094942
2025-11-14,2.376643486576143
2025-11-15,2.3805060683079855
2025-11-16,2.3661185886467377
2025-11-17,2.391741595291967
2025-11-18,2.374206615810105
2025-11-19,2.50019925286215
2025-11-20,2.460664114134611
2025-11-21,2.458331684580534
2025-11-22,2.4569005023948005
2025-11-23,2.4555747035470685
2025-11-24,2.4584290108435045
2025-11-25,2.4799746289985904
2025-11-26,2.4761179005119103
2025-11-27,2.482539550502201
2025-11-28,2.483837138753402
2025-11-29,2.485513580441581
2025-11-30,2.4841168429118543
2025-12-01,2.4773105519961343
2025-12-02,2.5017844095139363
2025-12-03,2.4980649363585994
2025-12-04,2.4656160597378074
2025-12-05,2.4644708317643182
2025-12-06,2.456539694745804
2025-12-07,2.4495996141665843
2025-12-08,2.4555760345301056
2025-12-09,2.362370455033453
2025-12-10,2.4333182091642422
2025-12-11,2.533059867255403
2025-12-12,2.5338944943472548
2025-12-13,2.540254844738894
2025-12-14,2.536139628981048
2025-12-15,2.575808235507062
2025-12-16,2.6136827608670172
2025-12-17,2.6085190865152983
2025-12-18,2.4918606689992258
2025-12-19,2.5492778592070113
2025-12-20,2.417573749241107
2025-12-21,2.4150908023900985
2025-12-22,2.4338116507011636
2025-12-23,2.4646792945444425
2025-12-24,2.4930128484844607
2025-12-25,2.443600850907706
2025-12-26,2.4466318466386774
2025-12-27,2.455376912085196
2025-12-28,2.453148063019736
2025-12-29,2.44193806639493
2025-12-30,2.454219408726449
2025-12-31,2.465113475030435
2026-01-01,2.435861129305063
2026-01-02,2.4585461336072454
2026-01-03,2.464651699465935
2026-01-04,2.4606589442229643
2026-01-05,2.469508668281782
2026-01-06,2.4514975540174193
2026-01-07,2.43820338483817
2026-01-08,2.4518345081056045
2026-01-09,2.450052869712738
2026-01-10,2.4523816264309506
2026-01-11,2.448802815658204
2026-01-12,2.446302170602875
2026-01-13,2.4266033388278627
2026-01-14,2.280092697667315
2026-01-15,2.3256587330262706
2026-01-16,2.3303370716196965
2026-01-17,2.3271421154456053
2026-01-18,2.327907170717525
2026-01-19,2.3449391916937423
2026-01-20,2.352341910326854
2026-01-21,2.3541948828477555
2026-01-22,2.319788493394539
2026-01-23,2.3406662576083574
2026-01-24,2.3444367440337373
2026-01-25,2.3355355940456004
2026-01-26,2.3233904100428626
2026-01-27,2.323320733242033
2026-01-28,2.6209924538156253
2026-01-29,2.607137323115354
2026-01-30,2.612218077750467
2026-01-31,2.6237180247355267
2026-02-01,2.603043532213041
2026-02-02,2.613044902187471
2026-02-03,2.5568258884471797
2026-02-04,2.676911070948047
2026-02-05,2.6930216671898077
2026-02-06,2.6730403685992634
2026-02-07,2.665135081812279
2026-02-08,2.6636422535674464
2026-02-09,2.660787947150937
2026-02-10,2.642415021641848
2026-02-11,2.544684850095627
2026-02-12,2.5665468567155316
2026-02-13,2.5777666450044014
2026-02-14,2.57317282252671
2026-02-15,2.5759482209834195
2026-02-16,2.585758847997073
2026-02-17,2.4903356102320515
2026-02-18,2.5067752427419614
2026-02-19,2.5135095354954933
2026-02-20,2.4745364205645313
2026-02-21,2.4758864949693775
2026-02-22,2.485918705851832
2026-02-23,2.4904731476803628
2026-02-24,2.486075492853308
2026-02-25,2.452122491073941
2026-02-26,2.499276667668692
2026-02-27,2.498109328738553
2026-02-28,2.408047917787461
2026-03-01,2.4610653529577027
2026-03-02,2.4721574413301677
2026-03-03,2.483754079210116
2026-03-04,2.4687728596170473
2026-03-05,2.4613669951111237
2026-03-06,2.520615310243713
2026-03-07,2.522973358214937
2026-03-08,2.504293449242068
2026-03-09,2.5080400063368
2026-03-10,2.5423717893658573
2026-03-11,2.5102293393479123
2026-03-12,2.5371304602872065
2026-03-13,2.5484511142976585
2026-03-14,2.5376776299183725
2026-03-15,2.5498899955205756
2026-03-16,2.5495508332588512
2026-03-17,2.48897627772617
2026-03-18,2.558132206293217
2026-03-19,2.495940054227181
2026-03-20,2.511303474154374
2026-03-21,2.5334180576255565
2026-03-22,2.5328062235593585
2026-03-23,2.528615795716669
2026-03-24,2.5332980656405533
2026-03-25,2.646719215588349
2026-03-26,2.593318749382944
2026-03-27,2.568284867975705
2026-03-28,2.5704739099852976
2026-03-29,2.5686152902735686
2026-03-30,2.565466087885825
2026-03-31,2.565704586936395
2026-04-01,2.5314438447663736
2026-04-02,2.566702898102105
2026-04-03,2.5621619535086992
2026-04-04,2.560680356818544
2026-04-05,2.562819311692992
2026-04-06,2.5638939345581644
2026-04-07,2.552138593760274
2026-04-08,2.4692926699956073
2026-04-09,2.502325220100167
2026-04-10,2.5043397408280534
2026-04-11,2.502425026063463
2026-04-12,2.506450617359789
2026-04-13,2.522731237738996
2026-04-14,2.4634590304059856
2026-04-15,2.4705801398942526
2026-04-16,2.506515007206518
2026-04-17,2.505855960602859
2026-04-18,2.503063905136553
2026-04-19,2.4990094534587244
2026-04-20,2.4930539248442924
2026-04-21,2.490013486374481
2026-04-22,2.4813113262257467
2026-04-23,2.525010946223422
2026-04-24,2.5345094134244075
2026-04-25,2.5333845455851995
2026-04-26,2.534468657723524
2026-04-27,2.5008308279493794
2026-04-28,2.551606244378967
2026-04-29,2.7684305207522883
2026-04-30,2.8274321797172197
2026-05-01,2.8212830814842222
2026-05-02,2.82155011059058
2026-05-03,2.8313105726550436
2026-05-04,2.826243112630942
2026-05-05,2.9265099061516695
2026-05-06,3.019283678388315
2026-05-07,3.035908632605103
2026-05-08,3.0441371219771813
2026-05-09,3.0522960468884053
2026-05-10,3.049325057641979
2026-05-11,3.058962300616757
2026-05-12,3.085655874982142
2026-05-13,3.1238866104949135
2026-05-14,3.1389085819481144
2026-05-15,3.153918101970702
2026-05-16,3.1529615998477167
2026-05-17,3.1514898181658557
2026-05-18,3.1563201907179894
2026-05-19,3.163567379890914
2026-05-20,3.383781395145985
2026-05-21,3.3920699018430804
2026-05-22,3.3964900679993333
2026-05-23,3.3944797283543244
2026-05-24,3.404867166089404
2026-05-25,3.373442511128599
2026-05-26,3.3835905874421623
2026-05-27,3.3574800447679034
2026-05-28,3.360259133078517
2026-05-29,3.377984201666945
2026-05-30,3.382616044692885
2026-05-31,3.3762969835225354
2026-06-01,3.3818414580195615
2026-06-02,3.381348899303902
2026-06-03,3.4402505489250084
2026-06-04,3.4375036886814287
2026-06-05,3.44087756358536
2026-06-06,3.437669542703593
2026-06-07,3.4331320123594704
2026-06-08,3.4180109287527634
2026-06-09,3.426085161231879
2026-06-10,3.4220686658402326
2026-06-11,3.4366667806155307
2026-06-12,3.4534569327654907
2026-06-13,3.45000316113073
2026-06-14,3.456584463012321
2026-06-15,3.485736960953828
2026-06-16,3.446418716213513
2026-06-17,3.343749180562816
2026-06-18,3.3533826675475957
2026-06-19,3.403019366196798
2026-06-20,3.3945589226752126
2026-06-21,3.3936565718643728
2026-06-22,3.3954607936524424
2026-06-23,3.4110492458184147
2026-06-24,3.579931811514968
2026-06-25,3.5177247493596924
2026-06-26,3.5096838134621215
2026-06-27,3.5068712666748487
2026-06-28,3.5051673477172285
2026-06-29,3.5090734253020894
2026-06-30,3.5376333530363313
2026-07-01,3.521236630272458
2026-07-02,3.561961930405838
2026-07-03,3.5648824024424637
2026-07-04,3.5672014536938574
2026-07-05,3.564229359628479
2026-07-06,3.566471124812154
2026-07-07,3.5691282332015595
2026-07-08,3.5517911579661003
2026-07-09,3.5619282601479165
2026-07-10,3.5518036286890675
2026-07-11,3.600283552522252
2026-07-12,3.5908077444033317
2026-07-13,3.592556265251531
2026-07-14,3.580145279392117
2026-07-15,3.674585731392676
2026-07-16,3.6867012696434216
2026-07-17,3.6769345068094816
2026-07-18,3.668735230378259
2026-07-19,3.667814753127264
2026-07-20,3.669111398003821
2026-07-21,3.6337460037483993
2026-07-22,4.351138584173038
2026-07-23,4.242433798353277
2026-07-24,4.24329966786139
2026-07-25,4.245497071866801
2026-07-26,4.23893734867195
2026-07-27,4.260589743935045
2026-07-28,4.3159246581992186
2026-07-29,4.246778448869341
2026-07-30,4.5237056465988505
2026-07-31,4.831995512802192
2026-08-01,5.082368242999644
2026-08-02,5.101363511792732
2026-08-03,5.225859328441242
2026-08-04,5.362342359089862
2026-08-05,5.534241363566636
2026-08-06,5.6102588040164
2026-08-07,5.570396420880607
2026-08-08,5.590133859784247
2026-08-09,5.589974607776852
2026-08-10,5.578470757779698
2026-08-11,5.612954975111957
2026-08-12,5.618177226336479
2026-08-13,5.6238237450423565
2026-08-14,5.620336958209919
2026-08-15,5.616877308413279
2026-08-16,5.625939356027336
2026-08-17,5.594244077655979
2026-08-18,5.613844998235125
2026-08-19,5.6514965543545586
2026-08-20,5.658127095070853
2026-08-21,5.655140644531575
2026-08-22,5.653742371533042
2026-08-23,5.655670907126142
2026-08-24,5.651834944336707
2026-08-25,5.623141728722127
2026-08-26,5.718018227023236
2026-08-27,5.738032469227255
2026-08-28,5.723436923376927
2026-08-29,5.717235873401314
2026-08-30,5.71096960469286
2026-08-31,5.715210646606829
2026-09-01,5.6102191020835495
2026-09-02,5.754259717045481
2026-09-03,5.742708101316272
2026-09-04,5.752316710665708
2026-09-05,5.747691312349012
2026-09-06,5.749436433269578
2026-09-07,5.743853910834847
2026-09-08,5.6928920249327035
2026-09-09,5.70288939705061
2026-09-10,5.684693515477273
2026-09-11,5.695160545313369
