date,inflation_mom
1990-01-01,3.6360888207907665
1990-01-02,3.5833574893900417
1990-01-03,3.56418394180928
1990-01-04,3.5654215656068073
1990-01-05,3.5233371112060716
1990-01-06,3.5306493542224806
1990-01-07,3.538530162794209
1990-01-08,3.523713488248701
1990-01-09,3.5946129688960538
1990-01-10,3.5495615596881027
1990-01-11,3.5635531032764547
1990-01-12,3.572114086273256
1990-01-13,3.574303549036742
1990-01-14,3.562129290006479
1990-01-15,3.6440434475044374
1990-01-16,3.665057286714567
1990-01-17,3.4323454853502526
1990-01-18,3.454066313460295
1990-01-19,3.3772523145007884
1990-01-20,3.3431979262995517
1990-01-21,3.337526341015816
1990-01-22,3.240726720088338
1990-01-23,3.174604059014224
1990-01-24,2.9328361497244755
1990-01-25,2.8714729397741574
1990-01-26,2.930837206721224
1990-01-27,2.9297609188582534
1990-01-28,2.896473864106608
1990-01-29,2.7302377872334125
1990-01-30,2.750312387455791
1990-01-31,2.7040817695727917
1990-02-01,3.2206202304165625
1990-02-02,2.982925886729661
1990-02-03,2.9571388336977025
1990-02-04,2.957874362928356
1990-02-05,3.04767477747913
1990-02-06,2.9002733610359703
1990-02-07,2.916611983598472
1990-02-08,2.961522337102714
1990-02-09,2.8485414605738835
1990-02-10,2.8245941407359507
1990-02-11,2.8369570733542786
1990-02-12,2.838283141807635
1990-02-13,2.803916402217356
1990-02-14,2.732693807761421
1990-02-15,3.2032624985627245
1990-02-16,3.127875922976573
1990-02-17,3.1549813994243356
1990-02-18,3.130783595391758
1990-02-19,3.141919801670416
1990-02-20,3.152942234846597
1990-02-21,3.077333414786489
1990-02-22,3.166269816708545
1990-02-23,3.1145237307061286
1990-02-24,3.131226691794558
1990-02-25,3.126820206466242
1990-02-26,3.152251153463078
1990-02-27,3.228646845562669
1990-02-28,3.2460885439924247
1990-03-01,3.440777457077988
1990-03-02,3.2958142723980197
1990-03-03,3.3055403206824643
1990-03-04,3.317225261602948
1990-03-05,3.278596126142962
1990-03-06,3.324331962645471
1990-03-07,3.1901599184659357
1990-03-08,3.212036109028091
1990-03-09,3.2386645229973734
1990-03-10,3.229394264201382
1990-03-11,3.2101247358274954
1990-03-12,3.1207383430026248
1990-03-13,3.113248460494546
1990-03-14,3.277162726315999
1990-03-15,3.5660350122855773
1990-03-16,3.5618877077847033
1990-03-17,3.5391873949058543
1990-03-18,3.53766980811966
1990-03-19,3.5437248758870705
1990-03-20,3.480865288727748
1990-03-21,3.4037613566688476
1990-03-22,3.3538698053035016
1990-03-23,3.3483613366382827
1990-03-24,3.345924157140108
1990-03-25,3.348781676013102
1990-03-26,3.3661800844060843
1990-03-27,3.339655347383747
1990-03-28,3.3174844932406735
1990-03-29,3.3105552337213124
1990-03-30,3.303639170630926
1990-03-31,3.2852028160746753
1990-04-01,3.45426798588912
1990-04-02,3.3030473290547757
1990-04-03,3.299283576480005
1990-04-04,3.280163439884002
1990-04-05,3.215246076093724
1990-04-06,3.2546871626435983
1990-04-07,3.2722861045841127
1990-04-08,3.2210959936197026
1990-04-09,3.2354600790273196
1990-04-10,3.211583603422255
1990-04-11,3.209144298050904
1990-04-12,3.2468457541910114
1990-04-13,3.2602772372815103
1990-04-14,3.2442798914721953
1990-04-15,3.4407978929232774
1990-04-16,3.6723666584028303
1990-04-17,3.613482204832525
1990-04-18,3.5733771876907943
1990-04-19,3.654994255595178
1990-04-20,3.566023991687649
1990-04-21,3.5871157911033413
1990-04-22,3.5794137480847263
1990-04-23,3.6904612489015474
1990-04-24,3.349749879996076
1990-04-25,3.383057335369328
1990-04-26,3.395933224254025
1990-04-27,3.4028404147664975
1990-04-28,3.3959832183982464
1990-04-29,3.40012596032991
1990-04-30,3.4375214255520747
1990-05-01,3.501144476998334
1990-05-02,3.3321270200240685
1990-05-03,3.219830269195461
1990-05-04,3.1608514420227856
1990-05-05,3.1843230274521757
1990-05-06,3.181581415037285
1990-05-07,3.1758348345136156
1990-05-08,3.0952530390360087
1990-05-09,3.095858843063488
1990-05-10,3.0828907294338244
1990-05-11,3.009363585118382
1990-05-12,2.996602640714268
1990-05-13,3.0012365073518894
1990-05-14,2.972036393339258
1990-05-15,2.975087722041182
1990-05-16,3.008392685657599
1990-05-17,2.7813433567709818
1990-05-18,2.8020753386098067
1990-05-19,2.795443150279367
1990-05-20,2.898861231056402
1990-05-21,2.896944742981585
1990-05-22,2.936057283020435
1990-05-23,2.724081154927943
1990-05-24,2.877459385329157
1990-05-25,2.7803172570579453
1990-05-26,2.779247395372398
1990-05-27,2.747810931290121
1990-05-28,2.683257022637309
1990-05-29,2.648531240323862
1990-05-30,2.6320755043789874
1990-05-31,2.622198906428448
1990-06-01,2.6515539577424763
1990-06-02,2.573351611640115
1990-06-03,2.563206876031427
1990-06-04,2.5724250115728733
1990-06-05,2.5873032409397703
1990-06-06,2.566045282336695
1990-06-07,2.056529209196251
1990-06-08,2.0792981984405854
1990-06-09,2.110895897447474
1990-06-10,2.1157272866606025
1990-06-11,2.188910086628996
1990-06-12,2.2399152800492375
1990-06-13,2.35916686050019
1990-06-14,2.4099129443135303
1990-06-15,2.3987479139072785
1990-06-16,2.3822916546925277
1990-06-17,2.3772605671009064
1990-06-18,2.3610866061902573
1990-06-19,2.4063256924373655
1990-06-20,2.3743406757731313
1990-06-21,2.3293302819176014
1990-06-22,2.2367575476990424
1990-06-23,2.2529172349124016
1990-06-24,2.265650362835491
1990-06-25,2.2443895682472728
1990-06-26,2.258430237337191
1990-06-27,2.2990333838718904
1990-06-28,2.3005147465266296
1990-06-29,2.313915100727042
1990-06-30,2.3035947824986143
1990-07-01,2.495884134933382
1990-07-02,2.3534348815204886
1990-07-03,2.2883124678658175
1990-07-04,2.3513070088988446
1990-07-05,2.299934272778331
1990-07-06,2.32089202069781
1990-07-07,2.3444498637323847
1990-07-08,2.32574535671815
1990-07-09,2.3336692228626075
1990-07-10,2.3848394722766493
1990-07-11,2.388619636162655
1990-07-12,2.3825652916549394
1990-07-13,2.367904683452079
1990-07-14,2.362851158693001
1990-07-15,2.55497361806888
1990-07-16,2.6633835100828103
1990-07-17,2.652879494156565
1990-07-18,2.6193217491082614
1990-07-19,2.602795258513838
1990-07-20,2.606149556380483
1990-07-21,2.619329922692782
1990-07-22,2.6067834943265784
1990-07-23,2.6030968117511053
1990-07-24,2.7500312446649544
1990-07-25,2.7457261178379957
1990-07-26,2.6924467147411213
1990-07-27,2.8562036592047404
1990-07-28,2.859364968184245
1990-07-29,2.865434804297926
1990-07-30,2.8498050966624575
1990-07-31,2.8632097869807276
1990-08-01,2.989832766292709
1990-08-02,2.8837425501513065
1990-08-03,2.8938428405507928
1990-08-04,2.890011949418417
1990-08-05,2.881854150737722
1990-08-06,2.889238364010926
1990-08-07,2.9018279843856254
1990-08-08,2.9393729040902414
1990-08-09,2.792419806476189
1990-08-10,2.751514312487042
1990-08-11,2.748632655825695
1990-08-12,2.755202972794806
1990-08-13,2.7801558844134284
1990-08-14,2.781589363336835
1990-08-15,2.8909755338704812
1990-08-16,2.9011499340186924
1990-08-17,2.8796083738924545
1990-08-18,2.8832148569129687
1990-08-19,2.873186993932664
1990-08-20,2.888024981272145
1990-08-21,2.922776056365922
1990-08-22,2.9421096053846982
1990-08-23,2.9617126923036476
1990-08-24,3.0087856399598345
1990-08-25,2.994580834647201
1990-08-26,3.0025025139895094
1990-08-27,3.0260950822367487
1990-08-28,3.0355987780815603
1990-08-29,3.0562368600285477
1990-08-30,3.1080285173786013
1990-08-31,3.244474885359227
1990-09-01,3.3301590230204656
1990-09-02,3.2587607072433116
1990-09-03,3.2379270710889947
1990-09-04,3.2383576025075627
1990-09-05,3.297318434058818
1990-09-06,3.2750191187674487
1990-09-07,3.197915248103929
1990-09-08,3.1637045510884274
1990-09-09,3.1772283653093316
1990-09-10,3.241523631159226
1990-09-11,3.056405873447684
1990-09-12,3.0379226431075264
1990-09-13,3.042558904038401
1990-09-14,3.091629198723836
1990-09-15,3.339647203227746
1990-09-16,3.3559310991724844
1990-09-17,3.3534994479425397
1990-09-18,3.3764655424359473
1990-09-19,3.4173359998060127
1990-09-20,3.530243668636533
1990-09-21,3.4847267119711347
1990-09-22,3.4650074336191645
1990-09-23,3.4711000306618818
1990-09-24,3.510618518344841
1990-09-25,3.523555702954705
1990-09-26,3.540440398841441
1990-09-27,3.5052524801138563
1990-09-28,3.2766336444519952
1990-09-29,3.292454524617284
1990-09-30,3.3014518781045705
1990-10-01,3.464095050949306
1990-10-02,3.413972270010797
1990-10-03,3.4287258774972855
1990-10-04,3.42084635960804
1990-10-05,3.4311660212196724
1990-10-06,3.424585475789928
1990-10-07,3.418494896381932
1990-10-08,3.4336790400744706
1990-10-09,3.4435386563025445
1990-10-10,3.429584640576868
1990-10-11,3.444277175762275
1990-10-12,3.4578025017875147
1990-10-13,3.508251568560553
1990-10-14,3.5127534429846863
1990-10-15,3.671517334304728
1990-10-16,3.657053626432787
1990-10-17,3.732275800605796
1990-10-18,3.848846155315291
1990-10-19,3.982368327321423
1990-10-20,3.9931542865456926
1990-10-21,3.971318060126867
1990-10-22,4.02134816256064
1990-10-23,4.155023654457553
1990-10-24,4.356993841904347
1990-10-25,4.455529718588957
1990-10-26,4.484302865937817
1990-10-27,4.483978147949706
1990-10-28,4.479360985468505
1990-10-29,4.442837054966583
1990-10-30,4.536640096603014
1990-10-31,4.491128620655052
1990-11-01,4.598076088029759
1990-11-02,4.582460664354251
1990-11-03,4.572500669930657
1990-11-04,4.578763145604344
1990-11-05,4.600597010539469
1990-11-06,4.600614779419787
1990-11-07,4.601878743671191
1990-11-08,4.621783012491842
1990-11-09,4.9904103109218285
1990-11-10,5.001777678015984
1990-11-11,4.991514069439033
1990-11-12,4.979622667281722
1990-11-13,4.966986121397752
1990-11-14,4.919305974103139
1990-11-15,5.140469317896096
1990-11-16,5.164875573393472
1990-11-17,5.1501135342347135
1990-11-18,5.130392727857772
1990-11-19,5.098642098691425
1990-11-20,5.082865862316492
1990-11-21,5.113817865293551
1990-11-22,5.117121941270175
1990-11-23,5.1134355717576625
1990-11-24,5.131768101230518
1990-11-25,5.128622559728617
1990-11-26,5.155094892930467
1990-11-27,5.1580015027716
1990-11-28,5.161715766165629
1990-11-29,5.140885077882257
1990-11-30,5.165564987362143
1990-12-01,5.1996813612472845
1990-12-02,5.240970590461653
1990-12-03,5.192031971593116
1990-12-04,5.126491612616771
1990-12-05,5.112603298576633
1990-12-06,5.137132647280142
1990-12-07,5.156372835254179
1990-12-08,5.129258699023691
1990-12-09,5.116037120448773
1990-12-10,5.16080440864597
1990-12-11,5.319633638207563
1990-12-12,5.297415552844589
1990-12-13,5.420238712880153
1990-12-14,5.423257828678226
1990-12-15,5.430027102507856
1990-12-16,5.416536251755867
1990-12-17,5.433805882918804
1990-12-18,5.4430908295501075
1990-12-19,5.417074288633456
1990-12-20,5.431846786561464
1990-12-21,5.45743507105408
1990-12-22,5.451444970958411
1990-12-23,5.432929259271968
1990-12-24,5.445320682857248
1990-12-25,5.441475524423421
1990-12-26,5.431899672793266
1990-12-27,5.512739057782936
1990-12-28,5.515776656705128
1990-12-29,5.515821423723734
1990-12-30,5.507380847883126
1990-12-31,5.505110400991919
1991-01-01,5.502481309775165
1991-01-02,5.559112351467238
1991-01-03,5.552741117825874
1991-01-04,5.503936330020081
1991-01-05,5.51133845202109
1991-01-06,5.496934835556326
1991-01-07,5.49170203169367
1991-01-08,5.4377632125650965
1991-01-09,5.4401803653313925
1991-01-10,5.460896435686123
1991-01-11,5.442696816242542
1991-01-12,5.442817240504912
1991-01-13,5.443430367505548
1991-01-14,5.438045380513432
1991-01-15,5.536773919482987
1991-01-16,5.522430582683331
1991-01-17,5.743143934580201
1991-01-18,5.735545165402916
1991-01-19,5.7287230001744325
1991-01-20,5.716614064099441
1991-01-21,5.7133247271692875
1991-01-22,5.6512037261851535
1991-01-23,5.694835470531026
1991-01-24,5.843072909994664
1991-01-25,5.83026816765383
1991-01-26,5.823620508604761
1991-01-27,5.843001579782334
1991-01-28,5.814758743854896
1991-01-29,5.870382753993824
1991-01-30,5.8745465858018795
1991-01-31,5.877511316478771
1991-02-01,5.762911228422821
1991-02-02,5.8364631078523175
1991-02-03,5.8114448289596625
1991-02-04,5.741045007604434
1991-02-05,5.711412353626584
1991-02-06,5.697691758969476
1991-02-07,5.74455810602893
1991-02-08,5.73963372146217
1991-02-09,5.719854571894514
1991-02-10,5.708568479273958
1991-02-11,5.630605649445012
1991-02-12,5.636511730340834
1991-02-13,5.598534036087722
1991-02-14,5.570607801127942
1991-02-15,5.628693295483775
1991-02-16,5.602913742015151
1991-02-17,5.616337302166704
1991-02-18,5.599916363357099
1991-02-19,5.538366730264629
1991-02-20,5.5795719044512
1991-02-21,5.564468782088984
1991-02-22,5.571322646700057
1991-02-23,5.557228892663324
1991-02-24,5.552820199311641
1991-02-25,5.558217403032179
1991-02-26,5.524774330451212
1991-02-27,5.47564988717389
1991-02-28,5.544663948667812
1991-03-01,5.600111398497959
1991-03-02,5.571084864526835
1991-03-03,5.544506718141158
1991-03-04,5.609906498529722
1991-03-05,5.525044159860738
1991-03-06,5.582313034651676
1991-03-07,5.535714251708463
1991-03-08,5.654456375954562
1991-03-09,5.633307042089633
1991-03-10,5.6264352893425045
1991-03-11,5.49745899070404
1991-03-12,5.409398553161772
1991-03-13,5.467737858230369
1991-03-14,5.684936602157529
1991-03-15,5.621239138568861
1991-03-16,5.614388700971873
1991-03-17,5.615177628876978
1991-03-18,5.6063576182114385
1991-03-19,5.588135573054719
1991-03-20,5.619133409958194
1991-03-21,5.575099642221647
1991-03-22,5.578028181358105
1991-03-23,5.568509828102903
1991-03-24,5.5475161374573005
1991-03-25,5.536610785382835
1991-03-26,5.53018501049421
1991-03-27,5.5530756858610175
1991-03-28,5.5669066850551525
1991-03-29,5.56971670544856
1991-03-30,5.5686214386341994
1991-03-31,5.571155873939148
1991-04-01,5.630031772832649
1991-04-02,5.58907364194828
1991-04-03,5.570021544900164
1991-04-04,5.558531668597331
1991-04-05,5.554939926859708
1991-04-06,5.537581814880294
1991-04-07,5.534223923254485
1991-04-08,5.518405728215569
1991-04-09,5.466339817081389
1991-04-10,5.49582096218402
1991-04-11,5.46909659904881
1991-04-12,5.1362510929437
1991-04-13,5.139993020383941
1991-04-14,5.122017815313765
1991-04-15,4.978317991250835
1991-04-16,4.910818883747815
1991-04-17,4.664018587705564
1991-04-18,4.551737288616074
1991-04-19,4.459725059466375
1991-04-20,4.451971859653419
1991-04-21,4.45729063599732
1991-04-22,4.358790786397461
1991-04-23,4.0345417020462415
1991-04-24,3.90706402616754
1991-04-25,3.7415613820219864
1991-04-26,3.6321769661977017
1991-04-27,3.613973955719123
1991-04-28,3.6076731475363495
1991-04-29,3.56388016943086
1991-04-30,3.3010620317880983
1991-05-01,3.3980669751601256
1991-05-02,3.285450610840013
1991-05-03,3.304087730767395
1991-05-04,3.296981904099183
1991-05-05,3.3112501430705956
1991-05-06,3.309178927069303
1991-05-07,3.3063148876221105
1991-05-08,3.273254868126009
1991-05-09,3.2098731689673556
1991-05-10,3.1871788372387515
1991-05-11,3.1822058054436675
1991-05-12,3.1850754189467603
1991-05-13,3.044415547705137
1991-05-14,2.9998848720442313
1991-05-15,3.1193727466487298
1991-05-16,3.1124571417167637
1991-05-17,2.9551857701553677
1991-05-18,2.9605653904758005
1991-05-19,2.9276417844139075
1991-05-20,2.8362937641657413
1991-05-21,2.8536180464041907
1991-05-22,2.820355096410354
1991-05-23,2.6332111709530848
1991-05-24,2.6241134022968833
1991-05-25,2.6220712847130683
1991-05-26,2.61130212533928
1991-05-27,2.612775640797444
1991-05-28,2.608045855583098
1991-05-29,2.5907916226421883
1991-05-30,2.5711998621665004
1991-05-31,2.583620745529664
1991-06-01,2.682541576648121
1991-06-02,2.5826952000408925
1991-06-03,2.5807969776289483
1991-06-04,2.5729415764682595
1991-06-05,2.692116137965913
1991-06-06,2.6791880782808426
1991-06-07,2.6660285914253476
1991-06-08,2.6583969356062087
1991-06-09,2.6661188023445903
1991-06-10,2.6856476228145625
1991-06-11,2.7454423351131596
1991-06-12,2.7967927194537547
1991-06-13,2.8142602201548224
1991-06-14,2.750948559441282
1991-06-15,2.822041223458134
1991-06-16,2.8228378566374457
1991-06-17,2.845709660088064
1991-06-18,2.80091129015288
1991-06-19,2.851634481050389
1991-06-20,2.913483761876443
1991-06-21,2.934189412014258
1991-06-22,2.928418794292398
1991-06-23,2.906059848361267
1991-06-24,2.7934571088147733
1991-06-25,2.8364807190903383
1991-06-26,2.902608941940528
1991-06-27,2.8060135116099247
1991-06-28,2.9058885134174623
1991-06-29,2.905274787458854
1991-06-30,2.899996614641105
1991-07-01,2.9519927039313165
1991-07-02,2.8673305652945236
1991-07-03,2.9003645822749817
1991-07-04,2.8477177812414416
1991-07-05,2.8895727123497417
1991-07-06,2.8983542374055427
1991-07-07,2.894363684098287
1991-07-08,2.8654473234412356
1991-07-09,2.8462477357323985
1991-07-10,2.813170429444512
1991-07-11,2.762152981551573
1991-07-12,2.7179574180440884
1991-07-13,2.7327303061539694
1991-07-14,2.7384385368043436
1991-07-15,2.7659524919939833
1991-07-16,2.73204231609131
1991-07-17,2.8259833739562987
1991-07-18,2.7937602857497463
1991-07-19,2.5732830970081833
1991-07-20,2.5730227775168
1991-07-21,2.5814845200203136
1991-07-22,2.5042619283582908
1991-07-23,2.331211717598838
1991-07-24,2.127126989486258
1991-07-25,2.0415089818902974
1991-07-26,1.9871554527211113
1991-07-27,1.9911962078718384
1991-07-28,1.9732162132159696
1991-07-29,1.9729993670944712
1991-07-30,1.9776274657226725
1991-07-31,1.9587212450720477
1991-08-01,2.037835064676341
1991-08-02,1.8971168939863552
1991-08-03,1.899002700239809
1991-08-04,1.8905818276146849
1991-08-05,1.8936157793073105
1991-08-06,1.87483773414239
1991-08-07,1.8975078767634024
1991-08-08,1.9234441930829425
1991-08-09,1.962780650154771
1991-08-10,1.961144000370031
1991-08-11,1.938761004228494
1991-08-12,1.9400434691473176
1991-08-13,1.9719764839420644
1991-08-14,1.9714158477564736
1991-08-15,2.003653886226675
1991-08-16,1.982352960192162
1991-08-17,1.9641943042686696
1991-08-18,1.952091066769059
1991-08-19,1.9752995736206045
1991-08-20,1.995077835768108
1991-08-21,2.01967874634565
1991-08-22,2.0105223989480367
1991-08-23,2.0114029021933684
1991-08-24,2.009018532157432
1991-08-25,1.998689740380803
1991-08-26,1.9962953379106283
1991-08-27,2.003710344404974
1991-08-28,2.0016669331141075
1991-08-29,1.9694080812203745
1991-08-30,1.960691853074624
1991-08-31,1.9639141679392729
1991-09-01,2.0845625065148177
1991-09-02,1.8170116860174683
1991-09-03,1.9325959243947295
1991-09-04,1.925226001261509
1991-09-05,1.8729829721187916
1991-09-06,1.9697438222208588
1991-09-07,1.9779148103850208
1991-09-08,1.972029346463916
1991-09-09,1.9266625644163136
1991-09-10,2.153249419319355
1991-09-11,2.1349392459044725
1991-09-12,2.109628634916164
1991-09-13,2.1218525824169614
1991-09-14,2.137290157296656
1991-09-15,2.2040750507250944
1991-09-16,2.1849796878465795
1991-09-17,2.2362017273736643
1991-09-18,2.2809453919385105
1991-09-19,2.3819333965130083
1991-09-20,2.3765297021974874
1991-09-21,2.389939351369647
1991-09-22,2.383901823092061
1991-09-23,2.385573674609948
1991-09-24,2.4011490627677134
1991-09-25,2.4001309324849123
1991-09-26,2.413052757345336
1991-09-27,2.460214684446376
1991-09-28,2.461283087113862
1991-09-29,2.4488174747048217
1991-09-30,2.4378247021004884
1991-10-01,2.59914985642945
1991-10-02,2.5097324127975265
1991-10-03,2.6911082454583877
1991-10-04,2.6872332550071647
1991-10-05,2.661170654800464
1991-10-06,2.6539493717843334
1991-10-07,2.6527177699591244
1991-10-08,2.658994241655613
1991-10-09,2.7036402992256616
1991-10-10,2.6365810869015975
1991-10-11,2.6912469265503747
1991-10-12,2.6758476685716213
1991-10-13,2.6706528883185015
1991-10-14,2.720491827775976
1991-10-15,2.9371061111655328
1991-10-16,2.838465339200686
1991-10-17,2.8008046216151152
1991-10-18,2.8298815651211955
1991-10-19,2.8071773767674664
1991-10-20,2.8092531847770865
1991-10-21,2.7972680659086553
1991-10-22,2.7887110792592047
1991-10-23,2.697853896599514
1991-10-24,2.7817202230945837
1991-10-25,2.739096840330194
1991-10-26,2.7420015000428486
1991-10-27,2.776580047495374
1991-10-28,2.725957525316504
1991-10-29,2.6978439907364713
1991-10-30,2.685433538932579
1991-10-31,2.693143773216457
1991-11-01,2.772196436224706
1991-11-02,2.676171487632029
1991-11-03,2.685646451606471
1991-11-04,2.6463408389584635
1991-11-05,2.6306044918938256
1991-11-06,2.6211110831827273
1991-11-07,2.515774426766228
1991-11-08,2.491842173092803
1991-11-09,2.4846579544063716
1991-11-10,2.477602310682215
1991-11-11,2.4875024632581444
1991-11-12,2.4962757915651745
1991-11-13,2.5087658285646404
1991-11-14,2.515237258766524
1991-11-15,2.418042713234065
1991-11-16,2.415364152228965
1991-11-17,2.415672917307421
1991-11-18,2.4089616979024218
1991-11-19,2.367688556937144
1991-11-20,2.385009555308258
1991-11-21,2.3990199764206985
1991-11-22,2.405708909023671
1991-11-23,2.3942606233233388
1991-11-24,2.4023835821011743
1991-11-25,2.3850359173551827
1991-11-26,2.385356290184047
1991-11-27,2.3905404378238417
1991-11-28,2.393358984041759
1991-11-29,2.4209254196838588
1991-11-30,2.4219257378539036
1991-12-01,2.5196382852863266
1991-12-02,2.3400580256970605
1991-12-03,2.361046656966169
1991-12-04,2.3820484958546864
1991-12-05,2.4048624238262444
1991-12-06,2.461709967490023
1991-12-07,2.4646037856417844
1991-12-08,2.457418009812454
1991-12-09,2.4023326491984363
1991-12-10,2.2785870748302828
1991-12-11,2.2866211197182595
1991-12-12,2.304840453996326
1991-12-13,2.233214574446742
1991-12-14,2.250408962748334
1991-12-15,2.364612668682337
1991-12-16,2.353608601313153
1991-12-17,2.390672512967836
1991-12-18,2.377741515408023
1991-12-19,2.4103113256006927
1991-12-20,2.414566622686548
1991-12-21,2.397963262480977
1991-12-22,2.392768349833849
1991-12-23,2.3863415632765945
1991-12-24,2.37409227411985
1991-12-25,2.3521059618710973
1991-12-26,2.4484804053097045
1991-12-27,2.469879418244674
1991-12-28,2.454221712380484
1991-12-29,2.4522124059331434
1991-12-30,2.44592680198129
1991-12-31,2.452207884599133
1992-01-01,2.57442438746524
1992-01-02,2.4869241170803567
1992-01-03,2.489808935356902
1992-01-04,2.4882122231389525
1992-01-05,2.4855840405416942
1992-01-06,2.469992636735242
1992-01-07,2.4525274368032157
1992-01-08,2.4667129127809773
1992-01-09,2.4629810634338747
1992-01-10,2.4391800682601095
1992-01-11,2.4518757094635757
1992-01-12,2.4573917118027975
1992-01-13,2.4702660206952034
1992-01-14,2.4749091616546717
1992-01-15,2.524778475310222
1992-01-16,2.485169024611928
1992-01-17,2.443394939578966
1992-01-18,2.430524962763388
1992-01-19,2.4235202020726057
1992-01-20,2.393992530509236
1992-01-21,2.3549667635031937
1992-01-22,2.3538129142172526
1992-01-23,2.180666773132396
1992-01-24,1.9738256419444744
1992-01-25,1.9482071166285269
1992-01-26,1.946250298579244
1992-01-27,1.9155840423909505
1992-01-28,1.8462249877485757
1992-01-29,1.7054836186975266
1992-01-30,1.642257577210429
1992-01-31,1.5831960687090358
1992-02-01,1.759996280770387
1992-02-02,1.6305533120725473
1992-02-03,1.6093773505348694
1992-02-04,1.5594882802228742
1992-02-05,1.5151154648588037
1992-02-06,1.45818509362959
1992-02-07,1.4412776753411656
1992-02-08,1.4433398964609223
1992-02-09,1.4344881944883157
1992-02-10,1.3814063643559096
1992-02-11,1.293968088416821
1992-02-12,1.313102562646081
1992-02-13,1.2825853651203625
1992-02-14,1.2511567989590686
1992-02-15,1.229852410720767
1992-02-16,1.213698723577119
1992-02-17,1.2206888382816432
1992-02-18,1.2768284443091915
1992-02-19,1.3591744535517876
1992-02-20,1.470911053831527
1992-02-21,1.3863319900792943
1992-02-22,1.3916594082201
1992-02-23,1.4010762430452095
1992-02-24,1.4930288118379056
1992-02-25,1.512299297148887
1992-02-26,1.5720982849871
1992-02-27,1.5739793829122992
1992-02-28,1.5826703538421794
1992-02-29,1.5896987583893305
1992-03-01,1.7125121432120172
1992-03-02,1.607426695551441
1992-03-03,1.6520964173213044
1992-03-04,1.6014062154449502
1992-03-05,1.4819050158223974
1992-03-06,1.3864439001748945
1992-03-07,1.4044052617647602
1992-03-08,1.4263273166105035
1992-03-09,1.3758193707561897
1992-03-10,1.332022611080499
1992-03-11,1.2497970388963275
1992-03-12,1.228075618350044
1992-03-13,1.2213697167010489
1992-03-14,1.2318358028623702
1992-03-15,1.2729584759108472
1992-03-16,1.2909198029162008
1992-03-17,1.2898766423092003
1992-03-18,1.37133801259239
1992-03-19,1.3970185416311516
1992-03-20,1.4000366004529177
1992-03-21,1.4086633320901196
1992-03-22,1.409522899102262
1992-03-23,1.3947147333403596
1992-03-24,1.3996069382594327
1992-03-25,1.3938797575151969
1992-03-26,1.400439900392255
1992-03-27,1.3307481697314452
1992-03-28,1.346016692359833
1992-03-29,1.3610496555773146
1992-03-30,1.373879034695432
1992-03-31,1.3451510242850817
1992-04-01,1.5187006050110456
1992-04-02,1.3543100622779192
1992-04-03,1.3781844002491537
1992-04-04,1.378198660245471
1992-04-05,1.3933982757836998
1992-04-06,1.3882595963465023
1992-04-07,1.3795721837192394
1992-04-08,1.3233674648388467
1992-04-09,1.330926795452168
1992-04-10,1.3495018611307743
1992-04-11,1.3503355359516167
1992-04-12,1.3493580220378862
1992-04-13,1.4293473701205714
1992-04-14,1.5557008063248432
1992-04-15,1.6733209214372429
1992-04-16,1.6461890781431965
1992-04-17,1.7651698349364109
1992-04-18,1.7779121488045455
1992-04-19,1.7866962596107294
1992-04-20,1.810117117607695
1992-04-21,1.949024073132986
1992-04-22,1.8686128621459788
1992-04-23,1.7499056455027064
1992-04-24,1.8219380164324672
1992-04-25,1.8162152822059987
1992-04-26,1.8339484369315449
1992-04-27,1.8348209885284776
1992-04-28,1.9309875865844768
1992-04-29,1.9351345926346752
1992-04-30,1.9989271320556488
1992-05-01,2.104795403159768
1992-05-02,2.0063502384762812
1992-05-03,2.0105074653005683
1992-05-04,2.0432586958946466
1992-05-05,2.061360582978544
1992-05-06,2.070704145275751
1992-05-07,1.998045970570271
1992-05-08,1.9882752043987255
1992-05-09,1.9782369425745825
1992-05-10,2.01405101539302
1992-05-11,1.9244794163014651
1992-05-12,1.911751765043992
1992-05-13,1.91768666387092
1992-05-14,1.9695586358689323
1992-05-15,2.0640021128054347
1992-05-16,2.0578484661897956
1992-05-17,2.0148612580310092
1992-05-18,1.9758296179332513
1992-05-19,1.835665751217376
1992-05-20,1.8339788641047703
1992-05-21,1.8465838526374263
1992-05-22,1.844130306505777
1992-05-23,1.8432676301866588
1992-05-24,1.8422836547769648
1992-05-25,1.8205134483930632
1992-05-26,1.847369306725103
1992-05-27,1.7998053581881006
1992-05-28,1.7803009348254348
1992-05-29,1.7784285929737875
1992-05-30,1.7696935719017182
1992-05-31,1.7714068798359168
1992-06-01,1.877623194503596
1992-06-02,1.7952439435323448
1992-06-03,1.7869884362098445
1992-06-04,1.6621416261723303
1992-06-05,1.6816188847774098
1992-06-06,1.6979987005187231
1992-06-07,1.692564225369669
1992-06-08,1.6944932647861055
1992-06-09,1.770454442438854
1992-06-10,1.6171430441799743
1992-06-11,1.5758588472040893
1992-06-12,1.6174862353817954
1992-06-13,1.6189936489929528
1992-06-14,1.6225605215861485
1992-06-15,1.7097496755251744
1992-06-16,1.6528795390518245
1992-06-17,1.6434261100827765
1992-06-18,1.653061824663736
1992-06-19,1.651805468636859
1992-06-20,1.658724592929548
1992-06-21,1.6470782636414998
1992-06-22,1.681284088903157
1992-06-23,1.6891268303904163
1992-06-24,1.6659005084842788
1992-06-25,1.6244248620856094
1992-06-26,1.6466908919298051
1992-06-27,1.6495759003534802
1992-06-28,1.6574246834838855
1992-06-29,1.65161729372223
1992-06-30,1.616499889888273
1992-07-01,1.75276336060239
1992-07-02,1.5637639001710029
1992-07-03,1.5576723345900452
1992-07-04,1.546908758121642
1992-07-05,1.5499301500223148
1992-07-06,1.5578244252473663
1992-07-07,1.5624546702985
1992-07-08,1.569817337197712
1992-07-09,1.5910628148532855
1992-07-10,1.5836756805952956
1992-07-11,1.5909232813361265
1992-07-12,1.5974460661654333
1992-07-13,1.5654339463288296
1992-07-14,1.552442486236015
1992-07-15,1.794156751013705
1992-07-16,1.8569832591579636
1992-07-17,1.892551767864818
1992-07-18,1.8993213372547575
1992-07-19,1.9027606437447049
1992-07-20,1.943752893030307
1992-07-21,1.9782694792601
1992-07-22,2.0149194581470713
1992-07-23,2.13966269979956
1992-07-24,2.172592401344618
1992-07-25,2.18846047488262
1992-07-26,2.200955999593392
1992-07-27,2.306969270276493
1992-07-28,2.48574610333195
1992-07-29,2.6063243788585058
1992-07-30,2.4675139928047938
1992-07-31,2.4804914319077596
1992-08-01,2.56681303531779
1992-08-02,2.5096131150878276
1992-08-03,2.4858577728472344
1992-08-04,2.49383702193478
1992-08-05,2.45835199463779
1992-08-06,2.469725000305258
1992-08-07,2.5458016106510226
1992-08-08,2.5453052699578933
1992-08-09,2.5626183781126706
1992-08-10,2.6283053310012408
1992-08-11,2.6723310939959175
1992-08-12,2.6822701330848964
1992-08-13,2.677998727334974
1992-08-14,2.6903885100827596
1992-08-15,2.732058497345446
1992-08-16,2.735917712083995
1992-08-17,2.7396081986107537
1992-08-18,2.76536477965361
1992-08-19,2.795116168902553
1992-08-20,2.720138406167791
1992-08-21,2.705068229205263
1992-08-22,2.7070961826967155
1992-08-23,2.703915935415839
1992-08-24,2.696584874890065
1992-08-25,2.7137407773041304
1992-08-26,2.6715752925213443
1992-08-27,2.7030579348403143
1992-08-28,2.936092189821788
1992-08-29,2.89352823813746
1992-08-30,2.863074065850915
1992-08-31,2.956888028858066
1992-09-01,3.029445743475392
1992-09-02,3.121043270554389
1992-09-03,3.198666178024434
1992-09-04,3.241465593797324
1992-09-05,3.2039842856576293
1992-09-06,3.174905126572787
1992-09-07,3.2426559687821053
1992-09-08,3.3991860864849746
1992-09-09,3.3322824930199983
1992-09-10,3.423869575503086
1992-09-11,3.4681785931916855
1992-09-12,3.442451989928337
1992-09-13,3.436163010855714
1992-09-14,3.447969197771267
1992-09-15,3.591050027291968
1992-09-16,3.607337838683502
1992-09-17,3.574516552247045
1992-09-18,3.5327836880066488
1992-09-19,3.518635601139986
1992-09-20,3.51185816576218
1992-09-21,3.524650843115287
1992-09-22,3.539128202350602
1992-09-23,3.5334058965891684
1992-09-24,3.580996023180628
1992-09-25,3.5772444885197503
1992-09-26,3.592854931274096
1992-09-27,3.580459627965561
1992-09-28,3.6903179009496134
1992-09-29,3.7028486787626376
1992-09-30,3.608906743968773
1992-10-01,3.6745222505672217
1992-10-02,3.6896467123998926
1992-10-03,3.696271036246413
1992-10-04,3.675755880951882
1992-10-05,3.737388585323473
1992-10-06,3.7050744663404895
1992-10-07,3.7266521611697776
1992-10-08,3.714231445334264
1992-10-09,3.697617232823189
1992-10-10,3.7038022083307833
1992-10-11,3.70695564313824
1992-10-12,3.698126134881352
1992-10-13,3.7299141710936534
1992-10-14,3.747168824330613
1992-10-15,3.727867575578576
1992-10-16,3.719609729310125
1992-10-17,3.709923595192325
1992-10-18,3.707601682773092
1992-10-19,3.727228911166356
1992-10-20,3.7528660577762545
1992-10-21,3.8021010782578872
1992-10-22,3.84742812535492
1992-10-23,3.9466540956724825
1992-10-24,3.928444246451801
1992-10-25,3.918876568530707
1992-10-26,3.912522120051777
1992-10-27,3.977221840057252
1992-10-28,4.018023474507866
1992-10-29,4.012387105286766
1992-10-30,4.013248403448979
1992-10-31,4.008448616182402
1992-11-01,4.063735934964498
1992-11-02,3.938988368871005
1992-11-03,3.943804447358037
1992-11-04,3.962638256758276
1992-11-05,3.9823043234845463
1992-11-06,4.0009662193194515
1992-11-07,4.034943610028847
1992-11-08,4.004395607963119
1992-11-09,3.988106234864453
1992-11-10,3.964669242090483
1992-11-11,3.955127766522146
1992-11-12,3.977717741027745
1992-11-13,4.006654921775551
1992-11-14,4.016386178602812
1992-11-15,4.043214276182602
1992-11-16,4.031777768933587
1992-11-17,3.979246234576192
1992-11-18,3.974184976732467
1992-11-19,3.972975337353952
1992-11-20,3.9757392546848127
1992-11-21,3.990740853832592
1992-11-22,3.9754181992101354
1992-11-23,3.970602517009139
1992-11-24,3.986139267130319
1992-11-25,3.9761618561575744
1992-11-26,3.9479675465008337
1992-11-27,3.978251966758124
1992-11-28,3.986608002137962
1992-11-29,3.9743119387476726
1992-11-30,3.9761164870890666
1992-12-01,4.008714960655574
1992-12-02,3.853775082262448
1992-12-03,3.833495749415284
1992-12-04,3.850771220507029
1992-12-05,3.85912897956708
1992-12-06,3.8566955038621806
1992-12-07,3.930723352279042
1992-12-08,4.0623018054216775
1992-12-09,4.14961897603292
1992-12-10,4.20587971407599
1992-12-11,4.218469731526626
1992-12-12,4.2080346956069175
1992-12-13,4.17983361088802
1992-12-14,4.166340522796744
1992-12-15,4.246164171902707
1992-12-16,4.214655273624599
1992-12-17,4.199445204081666
1992-12-18,4.213972702370507
1992-12-19,4.220825313391279
1992-12-20,4.217788633714836
1992-12-21,4.221717402499728
1992-12-22,4.239534002966915
1992-12-23,4.2379043953820394
1992-12-24,4.2334515643430075
1992-12-25,4.253106572907899
1992-12-26,4.246403371628102
1992-12-27,4.266107000340685
1992-12-28,4.276681382702192
1992-12-29,4.299285686349766
1992-12-30,4.296275050749127
1992-12-31,4.2856124462368905
1993-01-01,4.3086356222205735
1993-01-02,4.295183515184306
1993-01-03,4.2843455976252915
1993-01-04,4.286882042202372
1993-01-05,4.279672537400708
1993-01-06,4.288727926773235
1993-01-07,4.299783601499138
1993-01-08,4.279349736068086
1993-01-09,4.277240931879953
1993-01-10,4.264987635733234
1993-01-11,4.256828740172161
1993-01-12,4.272618035206631
1993-01-13,4.3073008109097755
1993-01-14,4.295887426537346
1993-01-15,4.2894275700387
1993-01-16,4.288388600456661
1993-01-17,4.290659809989943
1993-01-18,4.268287273160275
1993-01-19,4.2511918062537255
1993-01-20,4.253343725195783
1993-01-21,4.286505525145216
1993-01-22,4.289539022897339
1993-01-23,4.294763162517062
1993-01-24,4.293237502603274
1993-01-25,4.3493642111704585
1993-01-26,4.325035353397352
1993-01-27,4.344792610474865
1993-01-28,4.393343020335505
1993-01-29,4.38111746026831
1993-01-30,4.372301400905545
1993-01-31,4.363832768262044
1993-02-01,4.396571488778628
1993-02-02,4.412547834929437
1993-02-03,4.345295814334285
1993-02-04,4.29858107320585
1993-02-05,4.282915556506787
1993-02-06,4.269479806570811
1993-02-07,4.277076922376057
1993-02-08,4.28052121443081
1993-02-09,4.199211684341018
1993-02-10,4.170577261143251
1993-02-11,3.988275826883841
1993-02-12,3.977296868440346
1993-02-13,3.948797465823202
1993-02-14,3.928300733395252
1993-02-15,3.9840703624774263
1993-02-16,3.971564597520754
1993-02-17,3.9362205393708223
1993-02-18,3.944563554362306
1993-02-19,3.85667151454528
1993-02-20,3.867835746936178
1993-02-21,3.8273314239170926
1993-02-22,3.7309536776941377
1993-02-23,3.733421655204714
1993-02-24,3.626690981337876
1993-02-25,3.607861067483525
1993-02-26,3.653376497496813
1993-02-27,3.574502721397227
1993-02-28,3.7133175954817617
1993-03-01,3.6851902123366607
1993-03-02,3.580126806903484
1993-03-03,3.71343684517117
1993-03-04,3.718343845728355
1993-03-05,3.675453518304227
1993-03-06,3.6825681255446026
1993-03-07,3.684250508947108
1993-03-08,3.5470791585145003
1993-03-09,3.483682180697196
1993-03-10,3.5322888693154204
1993-03-11,3.442870388192578
1993-03-12,3.4256135658029447
1993-03-13,3.427379408810893
1993-03-14,3.399276859044022
1993-03-15,3.4429605245555273
1993-03-16,3.448808195524827
1993-03-17,3.408417878918308
1993-03-18,3.4137406782899076
1993-03-19,3.4204205108328756
1993-03-20,3.402886721322095
1993-03-21,3.392118984010219
1993-03-22,3.398083139406304
1993-03-23,3.360531237442393
1993-03-24,3.381823361528822
1993-03-25,3.400998947632008
1993-03-26,3.3968391759024934
1993-03-27,3.378497022368614
1993-03-28,3.3826429698148366
1993-03-29,3.358670613461185
1993-03-30,3.3584268250650284
1993-03-31,3.3685428602837355
1993-04-01,3.4134426063516212
1993-04-02,3.3697864363040395
1993-04-03,3.358428900184226
1993-04-04,3.336243616577736
1993-04-05,3.3333587681144774
1993-04-06,3.323281162952189
1993-04-07,3.335513565413223
1993-04-08,3.336897926520882
1993-04-09,3.3416967711884356
1993-04-10,3.3395937679502685
1993-04-11,3.3472605014660033
1993-04-12,3.3668342141897223
1993-04-13,3.4225627777498735
1993-04-14,3.4272476024137757
1993-04-15,3.4234863279020105
1993-04-16,3.42764434700522
1993-04-17,3.419703390223115
1993-04-18,3.427526828263467
1993-04-19,3.3746016356872843
1993-04-20,3.4798306673201584
1993-04-21,3.399379467178798
1993-04-22,3.406196126055563
1993-04-23,3.3695107235519783
1993-04-24,3.367425544296464
1993-04-25,3.396862267517893
1993-04-26,3.388246552502565
1993-04-27,3.337498679013252
1993-04-28,3.4111732183274333
1993-04-29,3.442566241324516
1993-04-30,3.477004841576646
1993-05-01,3.506934892409519
1993-05-02,3.4781137676060268
1993-05-03,3.46558427592055
1993-05-04,3.5656948584842856
1993-05-05,3.5401497551807672
1993-05-06,3.632669408865408
1993-05-07,3.627030554581392
1993-05-08,3.6262634787824193
1993-05-09,3.633998202967072
1993-05-10,3.6019624656958795
1993-05-11,3.601376377249761
1993-05-12,3.518923504539434
1993-05-13,3.5093768237252725
1993-05-14,3.4843643955606094
1993-05-15,3.5018808662844383
1993-05-16,3.479341768590936
1993-05-17,3.286895872544486
1993-05-18,3.2036996209890196
1993-05-19,3.215696973120491
1993-05-20,3.2200525402375093
1993-05-21,3.340778604169419
1993-05-22,3.3312419985502784
1993-05-23,3.3395478949790354
1993-05-24,3.3020191624743163
1993-05-25,3.306353238113978
1993-05-26,3.306354482944198
1993-05-27,3.2719500503447065
1993-05-28,3.2667427990435813
1993-05-29,3.2584632849338817
1993-05-30,3.258723748030448
1993-05-31,3.263976378619188
1993-06-01,3.290349387244573
1993-06-02,3.270812939869229
1993-06-03,3.3118288804883074
1993-06-04,3.3371216405419117
1993-06-05,3.3314584584549345
1993-06-06,3.304255457985662
1993-06-07,3.3748925617691903
1993-06-08,3.454830429151475
1993-06-09,3.431588128363919
1993-06-10,3.5492983021391344
1993-06-11,3.5980631619503476
1993-06-12,3.5687291600494744
1993-06-13,3.5466622001800703
1993-06-14,3.56745052072422
1993-06-15,3.561247054159615
1993-06-16,3.667262164136027
1993-06-17,3.673781353222191
1993-06-18,3.727304798244621
1993-06-19,3.718235227729213
1993-06-20,3.6979674087929055
1993-06-21,3.6908428495068657
1993-06-22,3.6831184967363626
1993-06-23,3.655394895211249
1993-06-24,3.683378843442
1993-06-25,3.676861491918353
1993-06-26,3.6679922197045567
1993-06-27,3.6632156685489625
1993-06-28,3.652821202513096
1993-06-29,3.714808306485256
1993-06-30,3.693425495007737
1993-07-01,3.7142544328664417
1993-07-02,3.699921389177211
1993-07-03,3.694932186056176
1993-07-04,3.684610830702562
1993-07-05,3.679222865586266
1993-07-06,3.689134872681647
1993-07-07,3.6737625648993415
1993-07-08,3.609944826854705
1993-07-09,3.6181266629519664
1993-07-10,3.616002704221102
1993-07-11,3.61683919585259
1993-07-12,3.5858300208316303
1993-07-13,3.565878378019842
1993-07-14,3.526546691525541
1993-07-15,3.5520228636826463
1993-07-16,3.5680910348364065
1993-07-17,3.560070863190855
1993-07-18,3.538305651769642
1993-07-19,3.506655421951711
1993-07-20,3.502146902842355
1993-07-21,3.6338893962204497
1993-07-22,3.6312776658801593
1993-07-23,3.57869384684897
1993-07-24,3.583904500008088
1993-07-25,3.6095387727631296
1993-07-26,3.628790504739347
1993-07-27,3.5563983905045773
1993-07-28,3.5991627803153974
1993-07-29,3.5794407499958796
1993-07-30,3.5828763907492065
1993-07-31,3.581641227079107
1993-08-01,3.6069309787859063
1993-08-02,3.5961716692593004
1993-08-03,3.591473486332881
1993-08-04,3.6921944583675503
1993-08-05,3.6190210106771383
1993-08-06,3.5703324228761657
1993-08-07,3.5692555493334552
1993-08-08,3.559371691825299
1993-08-09,3.559905317647335
1993-08-10,3.5625782260878607
1993-08-11,3.5751040845613096
1993-08-12,3.560463786782235
1993-08-13,3.5642089509890864
1993-08-14,3.5737010071853845
1993-08-15,3.5716372724887444
1993-08-16,3.5471255800762655
1993-08-17,3.5696623265846092
1993-08-18,3.5481021836502022
1993-08-19,3.5644114041479837
1993-08-20,3.538043741235999
1993-08-21,3.5305286508523177
1993-08-22,3.54302174809278
1993-08-23,3.5145814467091965
1993-08-24,3.5127305032829983
1993-08-25,3.5228667118532377
1993-08-26,3.5240028118052904
1993-08-27,3.524018645468251
1993-08-28,3.526471265198115
1993-08-29,3.5195760915961323
1993-08-30,3.445105504077195
1993-08-31,3.336233906350726
1993-09-01,3.357536082042551
1993-09-02,3.3508137311927975
1993-09-03,3.243871797003742
1993-09-04,3.2596285358226735
1993-09-05,3.276317561049093
1993-09-06,3.254205479605236
1993-09-07,3.1649464601329163
1993-09-08,3.259335561207508
1993-09-09,3.4584290304563217
1993-09-10,3.4459777302269723
1993-09-11,3.4579127495946675
1993-09-12,3.4673832996788914
1993-09-13,3.549596834722756
1993-09-14,3.57316999319013
1993-09-15,3.639808480474297
1993-09-16,3.6426053874540862
1993-09-17,3.613428805970656
1993-09-18,3.612279085464442
1993-09-19,3.611495134681221
1993-09-20,3.607794837315795
1993-09-21,3.6160446936859527
1993-09-22,3.6093458830043463
1993-09-23,3.679731008386328
1993-09-24,3.6852254345587014
1993-09-25,3.682550634575812
1993-09-26,3.668468956090238
1993-09-27,3.7213245782793334
1993-09-28,3.744421772052
1993-09-29,3.747613073387141
1993-09-30,3.7171654264543648
1993-10-01,3.733644621738718
1993-10-02,3.735348988842565
1993-10-03,3.737190077548457
1993-10-04,3.7744467951401353
1993-10-05,3.913186452113842
1993-10-06,3.880837078334529
1993-10-07,3.862549256184353
1993-10-08,3.8800683755810312
1993-10-09,3.8785793115026106
1993-10-10,3.857583164664653
1993-10-11,3.8642998686187777
1993-10-12,3.843856137237327
1993-10-13,3.8363706970692664
1993-10-14,3.810721102186299
1993-10-15,3.76109102487906
1993-10-16,3.749977320832722
1993-10-17,3.748831193246876
1993-10-18,3.7467416146932417
1993-10-19,3.7283670197168535
1993-10-20,3.720114561850724
1993-10-21,3.609806999361003
1993-10-22,3.650012141857993
1993-10-23,3.6520875881859833
1993-10-24,3.6444912442089383
1993-10-25,3.568844399918153
1993-10-26,3.520905659501253
1993-10-27,3.4926157799556776
1993-10-28,3.512283903874436
1993-10-29,3.493396858705129
1993-10-30,3.4838666460562875
1993-10-31,3.482576430092453
1993-11-01,3.495422841071143
1993-11-02,3.520325625302095
1993-11-03,3.5168509936822923
1993-11-04,3.528132680777186
1993-11-05,3.5083881908717736
1993-11-06,3.506256105502269
1993-11-07,3.495497612347428
1993-11-08,3.518487755094114
1993-11-09,3.496030434158599
1993-11-10,3.4720627605306236
1993-11-11,3.4883814923551553
1993-11-12,3.4623741217694564
1993-11-13,3.464404288158291
1993-11-14,3.467465712223725
1993-11-15,3.5706580118490807
1993-11-16,3.5568420449173788
1993-11-17,3.577312987488928
1993-11-18,3.5857058125697527
1993-11-19,3.5687310628165205
1993-11-20,3.5791250901267597
1993-11-21,3.5826914883450236
1993-11-22,3.5814500191794663
1993-11-23,3.5921501895009564
1993-11-24,3.570713812736459
1993-11-25,3.576881705088507
1993-11-26,3.5867224709885317
1993-11-27,3.5662770910859933
1993-11-28,3.5583368091549277
1993-11-29,3.5702555788014187
1993-11-30,3.568627673761785
1993-12-01,3.4720646556075687
1993-12-02,3.397667055397385
1993-12-03,3.3535917070591417
1993-12-04,3.3572062335307233
1993-12-05,3.375049210154412
1993-12-06,3.3304418242779077
1993-12-07,3.3307285259884383
1993-12-08,3.307228387598279
1993-12-09,3.2861016108514196
1993-12-10,3.288903698639616
1993-12-11,3.277326643787662
1993-12-12,3.27734637771293
1993-12-13,3.2539256262698024
1993-12-14,3.1909073323547044
1993-12-15,3.0919934412168204
1993-12-16,3.2199151574785914
1993-12-17,3.248968401978116
1993-12-18,3.2438817843133956
1993-12-19,3.242861491498669
1993-12-20,3.2685039645448546
1993-12-21,3.272839151442618
1993-12-22,3.309691612755967
1993-12-23,3.2972720695357114
1993-12-24,3.262694299386138
1993-12-25,3.266593886673828
1993-12-26,3.261077724564675
1993-12-27,3.211486822118378
1993-12-28,3.1885584749240157
1993-12-29,3.198756688994603
1993-12-30,3.2033722595524985
1993-12-31,3.190647046310671
1994-01-01,3.216578658240258
1994-01-02,3.203225571927693
1994-01-03,3.218842189636464
1994-01-04,3.228584301008235
1994-01-05,3.2325647081284616
1994-01-06,3.32168483798407
1994-01-07,3.302841806967217
1994-01-08,3.2985908211625596
1994-01-09,3.3065357836224587
1994-01-10,3.3118453721074843
1994-01-11,3.3131271792174637
1994-01-12,3.3246243786832577
1994-01-13,3.335921225566934
1994-01-14,3.3319908667354996
1994-01-15,3.3400177324287355
1994-01-16,3.353723378552927
1994-01-17,3.3639602505682507
1994-01-18,3.3717453464429674
1994-01-19,3.3500276266761273
1994-01-20,3.562464425414211
1994-01-21,3.536306451579426
1994-01-22,3.5332740910856564
1994-01-23,3.5341955442436404
1994-01-24,3.545414401562316
1994-01-25,3.512869395255312
1994-01-26,3.3520924039551945
1994-01-27,3.331892723378007
1994-01-28,3.3293389203068964
1994-01-29,3.329405182056405
1994-01-30,3.3320593519515924
1994-01-31,3.2856728350344664
1994-02-01,3.323748280068995
1994-02-02,3.3085431459744994
1994-02-03,3.346840499990115
1994-02-04,3.3443126535794248
1994-02-05,3.3375930202660298
1994-02-06,3.3375000841922713
1994-02-07,3.3255551531928553
1994-02-08,3.4233115015154416
1994-02-09,3.424847683305306
1994-02-10,3.3349068007352543
1994-02-11,3.2929760618272734
1994-02-12,3.278113073341113
1994-02-13,3.2835731392237495
1994-02-14,3.2762953992874424
1994-02-15,3.278278905896237
1994-02-16,3.345444642625795
1994-02-17,3.367802246497952
1994-02-18,3.3826901857527174
1994-02-19,3.374814804024043
1994-02-20,3.3700279078579713
1994-02-21,3.4209580005109492
1994-02-22,3.607199954098608
1994-02-23,3.677118085180076
1994-02-24,3.688724467874492
1994-02-25,3.64959187205296
1994-02-26,3.671068043517171
1994-02-27,3.7001907987614095
1994-02-28,3.6700640070971593
1994-03-01,3.7156154894177247
1994-03-02,3.697759825217801
1994-03-03,3.7037667132134167
1994-03-04,3.6784962050469487
1994-03-05,3.6704405515334098
1994-03-06,3.655228152082419
1994-03-07,3.5942034701285155
1994-03-08,3.628981034111899
1994-03-09,3.554615329122075
1994-03-10,3.595432755554892
1994-03-11,3.553684525837991
1994-03-12,3.5637769334302707
1994-03-13,3.5764970619436247
1994-03-14,3.580362872310725
1994-03-15,3.560300462745633
1994-03-16,3.5573109848731264
1994-03-17,3.544060867730522
1994-03-18,3.54515170514066
1994-03-19,3.54862492738576
1994-03-20,3.550795780188872
1994-03-21,3.551114387390775
1994-03-22,3.580426207347589
1994-03-23,3.5957794052777405
1994-03-24,3.601512789583038
1994-03-25,3.5953707250286007
1994-03-26,3.594998864326876
1994-03-27,3.590899348064023
1994-03-28,3.575901391388105
1994-03-29,3.6772387926873256
1994-03-30,3.676116618183405
1994-03-31,3.6557390339418943
1994-04-01,3.6300877461331487
1994-04-02,3.6087963904011904
1994-04-03,3.6096769599372927
1994-04-04,3.630576737655245
1994-04-05,3.639960945707445
1994-04-06,3.6567857581022345
1994-04-07,3.648040651903528
1994-04-08,3.664981345675259
1994-04-09,3.66785251253079
1994-04-10,3.670972304207366
1994-04-11,3.65021409562089
1994-04-12,3.6279064928701814
1994-04-13,3.624807516437696
1994-04-14,3.644005310512011
1994-04-15,3.674785107397277
1994-04-16,3.664625402834443
1994-04-17,3.6616923594057487
1994-04-18,3.691070985341449
1994-04-19,3.844659244250724
1994-04-20,3.9747193818157314
1994-04-21,4.045628591706313
1994-04-22,4.1284969223128
1994-04-23,4.112232560841686
1994-04-24,4.118696062051378
1994-04-25,3.82141308009229
1994-04-26,3.848392913561453
1994-04-27,3.816201087726384
1994-04-28,4.143275828092408
1994-04-29,4.100624637390948
1994-04-30,4.110394373498134
1994-05-01,4.125895209941498
1994-05-02,4.167833856935499
1994-05-03,4.149469550635539
1994-05-04,4.110638177374391
1994-05-05,4.124073559818857
1994-05-06,4.169104968525865
1994-05-07,4.171225270742609
1994-05-08,4.19566030428026
1994-05-09,4.160137730905869
1994-05-10,4.129726857327831
1994-05-11,4.09187254837489
1994-05-12,4.151108937219106
1994-05-13,4.144373168269486
1994-05-14,4.167617767840134
1994-05-15,4.1704599834212175
1994-05-16,4.081480615667947
1994-05-17,4.0742868924407505
1994-05-18,4.013185511834985
1994-05-19,3.980360698855564
1994-05-20,4.04900922099001
1994-05-21,4.046848849652839
1994-05-22,4.048538852518203
1994-05-23,4.0201299449598356
1994-05-24,4.006808520025763
1994-05-25,4.01537056110914
1994-05-26,4.026145590699869
1994-05-27,4.010435453136693
1994-05-28,4.018168258936828
1994-05-29,4.015175846085667
1994-05-30,4.021494767534849
1994-05-31,4.008676034411304
1994-06-01,3.939503854402921
1994-06-02,3.9390087810591856
1994-06-03,3.939716869000176
1994-06-04,3.944898306151228
1994-06-05,3.9388067165825142
1994-06-06,3.948075850007763
1994-06-07,3.938345010928126
1994-06-08,3.93675066297968
1994-06-09,3.808116638420192
1994-06-10,3.810642645779969
1994-06-11,3.816970248282578
1994-06-12,3.810788500048403
1994-06-13,3.73299467342975
1994-06-14,3.6977327982719106
1994-06-15,3.682377484455289
1994-06-16,3.643432745719435
1994-06-17,3.688125823935607
1994-06-18,3.6804255377390738
1994-06-19,3.6873065761118538
1994-06-20,3.684337255344561
1994-06-21,3.686694418780246
1994-06-22,3.7332323037488577
1994-06-23,3.736747010904274
1994-06-24,3.7302817228692304
1994-06-25,3.731087195244697
1994-06-26,3.734895280561953
1994-06-27,3.736088197279044
1994-06-28,3.807271205523786
1994-06-29,3.8142691184122417
1994-06-30,3.843827631155459
1994-07-01,3.854583743376769
1994-07-02,3.8444142949402265
1994-07-03,3.8465510890732864
1994-07-04,3.8362237499272425
1994-07-05,3.856962755777056
1994-07-06,3.8585119109514503
1994-07-07,3.842800627687536
1994-07-08,3.8542238954336687
1994-07-09,3.853895015719443
1994-07-10,3.8776806612842663
1994-07-11,3.9319057181815698
1994-07-12,3.871772395510427
1994-07-13,3.920303055612987
1994-07-14,3.884210141382062
1994-07-15,3.9019562730164
1994-07-16,3.8738863486560033
1994-07-17,3.754815936783697
1994-07-18,3.83579566525109
1994-07-19,3.82635456289211
1994-07-20,4.023860170919021
1994-07-21,4.057067603010481
1994-07-22,4.064585244964691
1994-07-23,4.076728020042884
1994-07-24,4.081210709201951
1994-07-25,4.079359783108742
1994-07-26,4.110001702268435
1994-07-27,4.13316745733236
1994-07-28,4.2503625907866684
1994-07-29,4.3692786903888035
1994-07-30,4.369779306301091
1994-07-31,4.366962978775999
1994-08-01,4.2597197984514725
1994-08-02,4.282287981729452
1994-08-03,4.315843283958337
1994-08-04,4.335259334683959
1994-08-05,4.336824351893269
1994-08-06,4.339285654714679
1994-08-07,4.3400662113002255
1994-08-08,4.3487970052837905
1994-08-09,4.371360268024532
1994-08-10,4.3560535074130815
1994-08-11,4.3495510841315355
1994-08-12,4.311906882248945
1994-08-13,4.3080460231266295
1994-08-14,4.3014873682010535
1994-08-15,4.367430711100194
1994-08-16,4.351684565696843
1994-08-17,4.372721993048617
1994-08-18,4.388691788722204
1994-08-19,4.444799865967095
1994-08-20,4.442581364957153
1994-08-21,4.448045850288926
1994-08-22,4.4521580944641554
1994-08-23,4.485804982682375
1994-08-24,4.4675051334225495
1994-08-25,4.475873153635649
1994-08-26,4.4517503019321
1994-08-27,4.452836463191721
1994-08-28,4.447324163511041
1994-08-29,4.431503778307797
1994-08-30,4.426709809975857
1994-08-31,4.415418580285128
1994-09-01,4.44816191650538
1994-09-02,4.472155758481366
1994-09-03,4.455712056459593
1994-09-04,4.445076479363683
1994-09-05,4.459805555943546
1994-09-06,4.3259794427815
1994-09-07,4.444397262190145
1994-09-08,4.373685856280695
1994-09-09,4.384067100362773
1994-09-10,4.379235616706085
1994-09-11,4.366621405425908
1994-09-12,4.384121956970282
1994-09-13,4.486074076916274
1994-09-14,4.367766642282522
1994-09-15,4.435001962785693
1994-09-16,4.452132258903905
1994-09-17,4.443765456085881
1994-09-18,4.437132135757043
1994-09-19,4.422170932046928
1994-09-20,4.405780681372509
1994-09-21,4.396633679302034
1994-09-22,4.36076564525476
1994-09-23,4.3670563599144145
1994-09-24,4.366389561432782
1994-09-25,4.3687449796857685
1994-09-26,4.396012922568611
1994-09-27,4.442567752305663
1994-09-28,4.495473022034883
1994-09-29,4.490212976808801
1994-09-30,4.523048634984016
1994-10-01,4.516294107842516
1994-10-02,4.524502285991135
1994-10-03,4.695834246090251
1994-10-04,4.760770018495534
1994-10-05,4.726654823612339
1994-10-06,4.7066029015607995
1994-10-07,4.730312260946849
1994-10-08,4.731351471556143
1994-10-09,4.718488557938592
1994-10-10,4.688881131605846
1994-10-11,4.657457888265356
1994-10-12,4.665677222531956
1994-10-13,4.685093619998269
1994-10-14,4.687208007759665
1994-10-15,4.71459268756428
1994-10-16,4.706055181747536
1994-10-17,4.768063641109298
1994-10-18,4.71169070238275
1994-10-19,4.720138245446739
1994-10-20,4.666571200725429
1994-10-21,4.715424281778936
1994-10-22,4.700240292341793
1994-10-23,4.6877243514475655
1994-10-24,4.770148825038104
1994-10-25,4.895923094924387
1994-10-26,5.03202934641019
1994-10-27,5.0354492845761225
1994-10-28,5.062949521645283
1994-10-29,5.061876989055478
1994-10-30,5.032767858394229
1994-10-31,5.073781659209195
1994-11-01,5.089270700652781
1994-11-02,5.137623456033308
1994-11-03,5.158570302168445
1994-11-04,5.162345931841115
1994-11-05,5.14033306709319
1994-11-06,5.133150678578102
1994-11-07,5.125422052251938
1994-11-08,5.149116681484488
1994-11-09,5.127399292181188
1994-11-10,5.145032891730862
1994-11-11,5.159845433111026
1994-11-12,5.161942429883721
1994-11-13,5.161278672941077
1994-11-14,5.179278136840902
1994-11-15,5.136336476528764
1994-11-16,5.132341754849536
1994-11-17,5.145557279825564
1994-11-18,5.155977355383444
1994-11-19,5.162611808900683
1994-11-20,5.154699901689619
1994-11-21,5.164604486313352
1994-11-22,5.153073791184417
1994-11-23,5.14713955337078
1994-11-24,5.155376434103029
1994-11-25,5.156677594872178
1994-11-26,5.1438550322851055
1994-11-27,5.1382532104582594
1994-11-28,5.13149651287485
1994-11-29,5.150285130498888
1994-11-30,5.128954431436259
1994-12-01,5.1158478421901945
1994-12-02,5.124535082688766
1994-12-03,5.1237744620411325
1994-12-04,5.142810829839796
1994-12-05,5.154892695010355
1994-12-06,5.097225370313957
1994-12-07,4.9972399112742645
1994-12-08,5.021953289873389
1994-12-09,5.0643918159276895
1994-12-10,5.068065365114257
1994-12-11,5.033913373757561
1994-12-12,5.024605202106848
1994-12-13,5.063494187396882
1994-12-14,4.9753817474895285
1994-12-15,5.060969725376933
1994-12-16,5.082944057900297
1994-12-17,5.078297742510409
1994-12-18,5.069392128392416
1994-12-19,5.075378692618832
1994-12-20,5.06896026755262
1994-12-21,5.030786746952538
1994-12-22,5.055383554543718
1994-12-23,5.0748203364960895
1994-12-24,5.059440930570825
1994-12-25,5.042675159277728
1994-12-26,5.052618909242655
1994-12-27,5.0289787527687135
1994-12-28,5.039848421540596
1994-12-29,5.029669215949474
1994-12-30,5.030645708139835
1994-12-31,5.028245819866005
1995-01-01,5.0428928006823
1995-01-02,5.048794993891945
1995-01-03,5.060770171923914
1995-01-04,5.060295678455477
1995-01-05,5.056739013240257
1995-01-06,5.078672038490657
1995-01-07,5.078450989601452
1995-01-08,5.073463862417879
1995-01-09,5.083194888433602
1995-01-10,5.059767224229356
1995-01-11,5.069540994746404
1995-01-12,5.082127543436225
1995-01-13,5.0818087791189255
1995-01-14,5.072483379834548
1995-01-15,5.1142744552435175
1995-01-16,5.107887370152439
1995-01-17,5.173307807232437
1995-01-18,5.095375517060093
1995-01-19,5.114247796005275
1995-01-20,4.861725590174378
1995-01-21,4.857022122807706
1995-01-22,4.861022595157869
1995-01-23,4.954303039338111
1995-01-24,4.991862399632931
1995-01-25,5.122037437672671
1995-01-26,5.054931781461824
1995-01-27,5.031186001252959
1995-01-28,5.036713294750231
1995-01-29,5.053992155847997
1995-01-30,5.030449482909061
1995-01-31,5.030282459597438
1995-02-01,5.236406537212502
1995-02-02,5.312295338998797
1995-02-03,5.310385954563104
1995-02-04,5.310718103298792
1995-02-05,5.307979583733902
1995-02-06,5.301037345021814
1995-02-07,5.324566358472933
1995-02-08,5.2984203628513376
1995-02-09,5.254903212154494
1995-02-10,5.2373720943715405
1995-02-11,5.224860101191073
1995-02-12,5.238140326929015
1995-02-13,5.237231883290313
1995-02-14,5.305214632178203
1995-02-15,5.409391343078613
1995-02-16,5.414563919963054
1995-02-17,5.396393802136438
1995-02-18,5.375956157637306
1995-02-19,5.379653622371699
1995-02-20,5.374921616752183
1995-02-21,5.369947236261243
1995-02-22,5.388940918133786
1995-02-23,5.43119556179363
1995-02-24,5.532919228501636
1995-02-25,5.524786607817454
1995-02-26,5.517361283317366
1995-02-27,5.609914033017072
1995-02-28,5.684734994568613
1995-03-01,5.468338932832681
1995-03-02,5.520340849770383
1995-03-03,5.517911817878322
1995-03-04,5.514620884580387
1995-03-05,5.497676948538495
1995-03-06,5.454168056016718
1995-03-07,5.474606297347983
1995-03-08,5.475337263303519
1995-03-09,5.519651199371136
1995-03-10,5.48236966020018
1995-03-11,5.487133208350828
1995-03-12,5.476407034417277
1995-03-13,5.50196420196342
1995-03-14,5.527998062100396
1995-03-15,5.573635196569043
1995-03-16,5.514039868359532
1995-03-17,5.504653416909822
1995-03-18,5.4896584106127335
1995-03-19,5.478268575403718
1995-03-20,5.492713873610053
1995-03-21,5.480958427636044
1995-03-22,5.377149483542082
1995-03-23,5.332014969452771
1995-03-24,5.35263905256648
1995-03-25,5.383502302728678
1995-03-26,5.362984540976566
1995-03-27,5.356151592786579
1995-03-28,5.357917277954835
1995-03-29,5.3731368304109
1995-03-30,5.363288407170244
1995-03-31,5.319635327326954
1995-04-01,5.310822672339186
1995-04-02,5.312195654838531
1995-04-03,5.299548374676024
1995-04-04,5.298064337772563
1995-04-05,5.2963750111591645
1995-04-06,5.281965684627228
1995-04-07,5.273898076167086
1995-04-08,5.268997593186766
1995-04-09,5.264258961303338
1995-04-10,5.243242893970399
1995-04-11,5.213621332621479
1995-04-12,5.248217589034849
1995-04-13,5.216225458446537
1995-04-14,5.2206818470826395
1995-04-15,5.262763687061161
1995-04-16,5.253547478987495
1995-04-17,5.297687379409779
1995-04-18,5.19128050256782
1995-04-19,5.361140347255922
1995-04-20,5.33284180062253
1995-04-21,5.3840769015530885
1995-04-22,5.367902381086954
1995-04-23,5.367190820808207
1995-04-24,5.472654550133036
1995-04-25,5.351844286970641
1995-04-26,5.3715528418808
1995-04-27,5.37399078361665
1995-04-28,5.364917139481818
1995-04-29,5.364600718538199
1995-04-30,5.359057045803484
1995-05-01,5.346730685369211
1995-05-02,5.371273297142636
1995-05-03,5.343102091817961
1995-05-04,5.338511501207497
1995-05-05,5.304200403863155
1995-05-06,5.306723018354082
1995-05-07,5.306695488751283
1995-05-08,5.26927191199437
1995-05-09,5.236892312200704
1995-05-10,5.244847032021403
1995-05-11,5.245859807933666
1995-05-12,5.167399158677732
1995-05-13,5.1410442607359945
1995-05-14,5.132066366271749
1995-05-15,5.325730599408389
1995-05-16,5.25563509031802
1995-05-17,5.169253233982533
1995-05-18,5.142567074706102
1995-05-19,5.148190993928416
1995-05-20,5.1554873644272945
1995-05-21,5.141192343249978
1995-05-22,5.114263303708242
1995-05-23,5.150689150674658
1995-05-24,5.138881663629144
1995-05-25,5.1598176741342865
1995-05-26,5.157319342477825
1995-05-27,5.145987164662358
1995-05-28,5.144260652844309
1995-05-29,5.157490412854923
1995-05-30,5.524627243114023
1995-05-31,5.557903108009099
1995-06-01,5.5506008029565646
1995-06-02,5.556190780096723
1995-06-03,5.547307945963091
1995-06-04,5.539224978080877
1995-06-05,5.510990041194228
1995-06-06,5.506740537478305
1995-06-07,5.493273491293713
1995-06-08,5.302079766964819
1995-06-09,5.376754086291997
1995-06-10,5.3675053244431234
1995-06-11,5.301398271722177
1995-06-12,5.2794273253194515
1995-06-13,5.301911775696171
1995-06-14,5.448831563317553
1995-06-15,5.486665307263285
1995-06-16,5.466624142942741
1995-06-17,5.465809761405878
1995-06-18,5.477903908553928
1995-06-19,5.489067597003643
1995-06-20,5.463200453145653
1995-06-21,5.454491776045285
1995-06-22,5.42349907342679
1995-06-23,5.451036711691298
1995-06-24,5.4412133106866225
1995-06-25,5.437531200548136
1995-06-26,5.431645788718532
1995-06-27,5.361508126169785
1995-06-28,5.376334081790043
1995-06-29,5.311712265209436
1995-06-30,5.3237826203802285
1995-07-01,5.326365654101441
1995-07-02,5.344200472417638
1995-07-03,5.350407967648085
1995-07-04,5.327243847655873
1995-07-05,5.2987019332769725
1995-07-06,5.2846128924711255
1995-07-07,5.285714070502629
1995-07-08,5.279158511762195
1995-07-09,5.277223547874765
1995-07-10,5.29134742337022
1995-07-11,5.110382749901315
1995-07-12,5.12857523817453
1995-07-13,5.095846139439852
1995-07-14,5.12644015095703
1995-07-15,5.152169418469347
1995-07-16,5.147163316209565
1995-07-17,5.13469322149221
1995-07-18,5.039791478003579
1995-07-19,5.128768639694127
1995-07-20,4.99004016467757
1995-07-21,5.015542667722821
1995-07-22,5.0107582765627505
1995-07-23,5.007643557243071
1995-07-24,5.037209665563015
1995-07-25,4.966312806282919
1995-07-26,4.963282672637376
1995-07-27,4.865203045106162
1995-07-28,4.85049048028481
1995-07-29,4.851155798908101
1995-07-30,4.844397915269708
1995-07-31,4.845872923819909
1995-08-01,4.846979614918515
1995-08-02,4.845413328519033
1995-08-03,4.845705383077524
1995-08-04,4.8583664093091175
1995-08-05,4.85928930918649
1995-08-06,4.8527925670913925
1995-08-07,4.846965759947655
1995-08-08,4.823715086428823
1995-08-09,4.816082800316488
1995-08-10,4.814524737025375
1995-08-11,4.804066579546654
1995-08-12,4.792225996700551
1995-08-13,4.7850373590229935
1995-08-14,4.79069292159113
1995-08-15,4.810206607104858
1995-08-16,4.83178692216887
1995-08-17,4.826366746453865
1995-08-18,4.831595344913137
1995-08-19,4.858071480973438
1995-08-20,4.846037817066235
1995-08-21,4.835313633712623
1995-08-22,4.834342211230833
1995-08-23,4.799168327146065
1995-08-24,4.781205529408294
1995-08-25,4.747340138861472
1995-08-26,4.747813532607673
1995-08-27,4.74418828317884
1995-08-28,4.738244335553836
1995-08-29,4.731096079397646
1995-08-30,4.741014372018848
1995-08-31,4.749583384087732
1995-09-01,4.761767225560023
1995-09-02,4.768620402208174
1995-09-03,4.764048513861938
1995-09-04,4.728001473031761
1995-09-05,4.646785816484606
1995-09-06,4.53989253214232
1995-09-07,4.551374303666464
1995-09-08,4.545178077809743
1995-09-09,4.5477135441894285
1995-09-10,4.562768600839717
1995-09-11,4.780358148314839
1995-09-12,4.813689232715713
1995-09-13,4.868476653308545
1995-09-14,4.8497741301769635
1995-09-15,4.942878541766715
1995-09-16,4.923961919029514
1995-09-17,4.915961037240129
1995-09-18,4.924255250192248
1995-09-19,4.950994550837418
1995-09-20,4.969498296435889
1995-09-21,4.964210567746969
1995-09-22,4.94631710204774
1995-09-23,4.9445536316954755
1995-09-24,4.933143457911835
1995-09-25,4.9632899045230525
1995-09-26,4.979320831392853
1995-09-27,5.005377246731306
1995-09-28,5.005536483473798
1995-09-29,5.0059012278408925
1995-09-30,4.975777431488126
1995-10-01,4.968805132248155
1995-10-02,5.07745751894114
1995-10-03,5.060436571629935
1995-10-04,5.028368753495822
1995-10-05,5.045015768208023
1995-10-06,5.0011960995964575
1995-10-07,5.001269819446277
1995-10-08,5.01326505740209
1995-10-09,5.015098807375674
1995-10-10,4.97219816138484
1995-10-11,4.9914572347736215
1995-10-12,4.996241054898467
1995-10-13,5.001524957775442
1995-10-14,5.001648489454191
1995-10-15,5.020284517170483
1995-10-16,5.003569386701647
1995-10-17,5.00451950396376
1995-10-18,4.814809762528705
1995-10-19,4.764017514236091
1995-10-20,4.77072128382389
1995-10-21,4.773266151438683
1995-10-22,4.759238150883945
1995-10-23,4.802588200690781
1995-10-24,4.702839506702074
1995-10-25,4.721701302999814
1995-10-26,4.772618229697713
1995-10-27,4.767795647972838
1995-10-28,4.765858942002125
1995-10-29,4.754714166850869
1995-10-30,4.724867004545624
1995-10-31,4.718015399153893
1995-11-01,4.71854707902744
1995-11-02,4.725451219034013
1995-11-03,4.669768898387401
1995-11-04,4.660768144275307
1995-11-05,4.650020214960769
1995-11-06,4.647494785151862
1995-11-07,4.6718796593971135
1995-11-08,4.661154284002391
1995-11-09,4.672176491570804
1995-11-10,4.669842589116071
1995-11-11,4.669497707769048
1995-11-12,4.668320426739766
1995-11-13,4.634036468841738
1995-11-14,4.682397276283911
1995-11-15,4.709096923377727
1995-11-16,4.705843694238536
1995-11-17,4.693014022956754
1995-11-18,4.68882504700965
1995-11-19,4.685071656137621
1995-11-20,4.661322771556266
1995-11-21,4.667590341969883
1995-11-22,4.6672145023719125
1995-11-23,4.665601404124502
1995-11-24,4.669355362300241
1995-11-25,4.666049002191143
1995-11-26,4.651216546489272
1995-11-27,4.63839482810374
1995-11-28,4.659403375822124
1995-11-29,4.644858903784841
1995-11-30,4.591543535852802
1995-12-01,4.569798132178587
1995-12-02,4.581371695778211
1995-12-03,4.584926298408372
1995-12-04,4.566039106448606
1995-12-05,4.5574284500203825
1995-12-06,4.418571665208604
1995-12-07,4.413579906795814
1995-12-08,4.396148446847822
1995-12-09,4.389968442911012
1995-12-10,4.395352495626309
1995-12-11,4.397653264628363
1995-12-12,4.365112840548843
1995-12-13,4.360338617037531
1995-12-14,4.301033810712403
1995-12-15,4.215737485867721
1995-12-16,4.227879518940522
1995-12-17,4.241654465651607
1995-12-18,4.287710618393841
1995-12-19,4.266982511785146
1995-12-20,4.247086812373785
1995-12-21,4.255571156650045
1995-12-22,4.256381857204837
1995-12-23,4.255639722133412
1995-12-24,4.247091207344799
1995-12-25,4.245146449471572
1995-12-26,4.261827598668934
1995-12-27,4.265943845143859
1995-12-28,4.260750996533271
1995-12-29,4.264809479147589
1995-12-30,4.263380788461152
1995-12-31,4.261174274661157
1996-01-01,4.2644965251126425
1996-01-02,4.262595777195114
1996-01-03,4.245015675037975
1996-01-04,4.2639347693858385
1996-01-05,4.26374960193784
1996-01-06,4.268157308626645
1996-01-07,4.282774342041117
1996-01-08,4.288195257811774
1996-01-09,4.2993039974652225
1996-01-10,4.2814768843627835
1996-01-11,4.270403056713161
1996-01-12,4.343227141585712
1996-01-13,4.335948952883422
1996-01-14,4.323486215161211
1996-01-15,4.34514281931569
1996-01-16,4.309606764440537
1996-01-17,4.262912524214866
1996-01-18,4.2657807226598825
1996-01-19,4.4920219362473635
1996-01-20,4.472944737740926
1996-01-21,4.475947687289027
1996-01-22,4.3791822444378
1996-01-23,4.308511717551776
1996-01-24,4.244725247268049
1996-01-25,4.13833471660079
1996-01-26,4.1151621622826475
1996-01-27,4.102178327320585
1996-01-28,4.089056459987542
1996-01-29,4.0889134095549595
1996-01-30,4.171133473738078
1996-01-31,4.1190468125825
1996-02-01,4.153437123047616
1996-02-02,4.151212125098703
1996-02-03,4.154938776524618
1996-02-04,4.15364816381239
1996-02-05,4.205579320644615
1996-02-06,4.161790757877682
1996-02-07,4.085878997818322
1996-02-08,4.1153742650350065
1996-02-09,4.114753103450665
1996-02-10,4.105753933814812
1996-02-11,4.114512853112075
1996-02-12,4.083104890751284
1996-02-13,4.073832110109925
1996-02-14,4.1043159205803414
1996-02-15,4.1483374192674525
1996-02-16,4.0452447391649855
1996-02-17,4.0521058286655744
1996-02-18,4.040893067363106
1996-02-19,4.03871839039706
1996-02-20,4.028171751411518
1996-02-21,4.032400504650255
1996-02-22,4.006386806544876
1996-02-23,4.039551101126447
1996-02-24,4.018831197882253
1996-02-25,4.008963825611295
1996-02-26,4.0046389356427
1996-02-27,4.005000592566408
1996-02-28,4.039384310134785
1996-02-29,4.003063529552403
1996-03-01,4.018912569421864
1996-03-02,4.017898945626787
1996-03-03,4.019048226690328
1996-03-04,4.02095712550975
1996-03-05,4.116773966586566
1996-03-06,4.141169943379914
1996-03-07,4.190675496154954
1996-03-08,4.160752636661896
1996-03-09,4.155764837727404
1996-03-10,4.1453249136671
1996-03-11,4.098871362572453
1996-03-12,4.015762989209401
1996-03-13,3.9727725492104233
1996-03-14,4.002091680159349
1996-03-15,3.9703993296645823
1996-03-16,3.966483426898672
1996-03-17,4.007722480375106
1996-03-18,4.03416993239396
1996-03-19,4.028774502691932
1996-03-20,4.021337537622438
1996-03-21,4.040226256178306
1996-03-22,4.045348318696277
1996-03-23,4.036459820652079
1996-03-24,4.034073949124728
1996-03-25,4.048080170711137
1996-03-26,4.041117428946391
1996-03-27,4.034012947394183
1996-03-28,4.013178847586141
1996-03-29,4.015804071521285
1996-03-30,4.009512303247712
1996-03-31,4.035736837197334
1996-04-01,4.026068501412253
1996-04-02,4.045320083927706
1996-04-03,4.0542921133935845
1996-04-04,4.059691249933664
1996-04-05,4.049414131014098
1996-04-06,4.041044693870983
1996-04-07,4.037483828089306
1996-04-08,4.032212728212385
1996-04-09,4.032378988798735
1996-04-10,4.066571775883457
1996-04-11,4.0367254353217135
1996-04-12,4.0401501102319
1996-04-13,4.035469192302248
1996-04-14,4.042660012420196
1996-04-15,4.029493151986201
1996-04-16,4.059740269599282
1996-04-17,4.028670131813443
1996-04-18,4.063567566508744
1996-04-19,4.0865388529054085
1996-04-20,4.086568364139695
1996-04-21,4.095783113321826
1996-04-22,4.240997663296465
1996-04-23,4.246918702901748
1996-04-24,4.349712522195455
1996-04-25,4.349295681815682
1996-04-26,4.361977014208824
1996-04-27,4.375969629059602
1996-04-28,4.381573172417355
1996-04-29,4.39036655910851
1996-04-30,4.452214529946403
1996-05-01,4.455239306386466
1996-05-02,4.451030688223687
1996-05-03,4.467564086060584
1996-05-04,4.473434423210352
1996-05-05,4.476434234643335
1996-05-06,4.480207329513895
1996-05-07,4.520914538587309
1996-05-08,4.523874774428931
1996-05-09,4.474263314659133
1996-05-10,4.707144498946981
1996-05-11,4.7043446029786375
1996-05-12,4.702448796492713
1996-05-13,4.686604984967729
1996-05-14,4.640843052900124
1996-05-15,4.644312311191224
1996-05-16,4.622545767977425
1996-05-17,4.626256938106041
1996-05-18,4.636508473698012
1996-05-19,4.562671232872517
1996-05-20,4.516089100044658
1996-05-21,4.467181394660814
1996-05-22,4.436400710768053
1996-05-23,4.633387144290672
1996-05-24,4.54264500654998
1996-05-25,4.534407495050467
1996-05-26,4.528158451416635
1996-05-27,4.522639152813607
1996-05-28,4.137719409908536
1996-05-29,4.154912406888366
1996-05-30,4.117518614870111
1996-05-31,4.12034018734981
1996-06-01,4.1201879919717825
1996-06-02,4.1055894291849135
1996-06-03,4.148025542603676
1996-06-04,4.067941020326607
1996-06-05,4.081916305832548
1996-06-06,4.040304938829082
1996-06-07,4.360310071744567
1996-06-08,4.341190804962949
1996-06-09,4.300048395938521
1996-06-10,4.249878032477093
1996-06-11,4.234512187936099
1996-06-12,4.141660282911584
1996-06-13,4.161236780949463
1996-06-14,4.163471493891631
1996-06-15,4.176195106999737
1996-06-16,4.168153197384071
1996-06-17,4.212821059717542
1996-06-18,4.162491929629303
1996-06-19,4.192988204110951
1996-06-20,4.157197140496074
1996-06-21,4.153705321216102
1996-06-22,4.135030416427658
1996-06-23,4.13138905255689
1996-06-24,4.131615775303993
1996-06-25,4.123252690439002
1996-06-26,4.151918579848397
1996-06-27,4.170937917486148
1996-06-28,4.170054093979395
1996-06-29,4.170739763691072
1996-06-30,4.175411187537426
1996-07-01,4.183866879350085
1996-07-02,4.138226004336785
1996-07-03,4.146490615057416
1996-07-04,4.1358915746235985
1996-07-05,4.126673002060192
1996-07-06,4.1298573373524645
1996-07-07,4.1433927631130345
1996-07-08,4.145022929425177
1996-07-09,4.084402504158675
1996-07-10,4.066296363046335
1996-07-11,4.030938319487709
1996-07-12,4.023480920876652
1996-07-13,4.0324256952288
1996-07-14,4.04851290624906
1996-07-15,4.025575659921932
1996-07-16,3.9272590722349614
1996-07-17,4.0510690213688205
1996-07-18,4.062343329873896
1996-07-19,4.059160458395207
1996-07-20,4.061089365929514
1996-07-21,4.059116524032996
1996-07-22,4.075668969055734
1996-07-23,4.071847319506424
1996-07-24,3.974165084779155
1996-07-25,4.182710920852246
1996-07-26,4.1858328189227105
1996-07-27,4.177676256447475
1996-07-28,4.181860779731315
1996-07-29,4.194398030070574
1996-07-30,4.2040965958513645
1996-07-31,4.191584306841982
1996-08-01,4.233110818451441
1996-08-02,4.168611003566645
1996-08-03,4.1690500452477455
1996-08-04,4.17289641670537
1996-08-05,4.1914736700060615
1996-08-06,4.209302189268735
1996-08-07,4.208329079202736
1996-08-08,4.230464529664019
1996-08-09,4.229269510154024
1996-08-10,4.230374413314312
1996-08-11,4.23363504376561
1996-08-12,4.212732593405536
1996-08-13,4.210533237987608
1996-08-14,4.215322965675467
1996-08-15,4.195496733526711
1996-08-16,4.18835096910869
1996-08-17,4.193088134094299
1996-08-18,4.202591082780971
1996-08-19,4.210375063696618
1996-08-20,4.2146943148641896
1996-08-21,4.187763745281428
1996-08-22,4.20969944721125
1996-08-23,4.274060450642681
1996-08-24,4.268271567724715
1996-08-25,4.258212470409425
1996-08-26,4.2700646703366525
1996-08-27,4.289977350331728
1996-08-28,4.296366384247043
1996-08-29,4.234458311514837
1996-08-30,4.232563051321569
1996-08-31,4.229518352636701
1996-09-01,4.214252903083942
1996-09-02,4.148377189537357
1996-09-03,4.226052802786988
1996-09-04,4.0578855989964
1996-09-05,4.071089486351566
1996-09-06,4.091136941798091
1996-09-07,4.1040661844204145
1996-09-08,4.091182059297208
1996-09-09,4.121009964126944
1996-09-10,4.204484387771841
1996-09-11,4.163824792823568
1996-09-12,4.13021190895929
1996-09-13,4.1472897897986005
1996-09-14,4.141059812960277
1996-09-15,4.144645054210585
1996-09-16,4.143175319063736
1996-09-17,4.137680658744231
1996-09-18,4.161406833618382
1996-09-19,4.119846429085774
1996-09-20,4.110821455816207
1996-09-21,4.113265523206407
1996-09-22,4.10907277794301
1996-09-23,4.115750532390174
1996-09-24,4.127550452872581
1996-09-25,4.132625518773401
1996-09-26,4.112240236005848
1996-09-27,4.1580786833972665
1996-09-28,4.170717867419738
1996-09-29,4.163779793413603
1996-09-30,4.157003395527839
1996-10-01,4.251260580514166
1996-10-02,4.313829901088295
1996-10-03,4.296816884438063
1996-10-04,4.286228752515586
1996-10-05,4.283977488418431
1996-10-06,4.2865618491243245
1996-10-07,4.278016412323948
1996-10-08,4.279687127151078
1996-10-09,4.280287462538026
1996-10-10,4.289842917472384
1996-10-11,4.282480091005338
1996-10-12,4.275511723146974
1996-10-13,4.269016422056134
1996-10-14,4.235689802230605
1996-10-15,3.776783862772785
1996-10-16,3.753452647594992
1996-10-17,3.804998068236744
1996-10-18,3.868765452876597
1996-10-19,3.8615510672260185
1996-10-20,3.896721431122714
1996-10-21,3.896488967984814
1996-10-22,3.887813492598543
1996-10-23,3.936651916450101
1996-10-24,3.939548272724533
1996-10-25,3.9384219456039102
1996-10-26,3.938472452139643
1996-10-27,3.919527824419877
1996-10-28,3.9342490899752542
1996-10-29,3.9501797395651193
1996-10-30,3.959219006202929
1996-10-31,4.00352680092433
1996-11-01,4.070478021600734
1996-11-02,4.011656075935988
1996-11-03,4.003778124283472
1996-11-04,4.015561540489511
1996-11-05,4.0139063941126825
1996-11-06,4.036492600270591
1996-11-07,3.999614094163549
1996-11-08,4.028224812643629
1996-11-09,4.014677176921003
1996-11-10,4.031036901745882
1996-11-11,4.024199324003406
1996-11-12,4.011538389081904
1996-11-13,4.046249088266805
1996-11-14,4.00537455623339
1996-11-15,4.087426292405054
1996-11-16,4.087006963443913
1996-11-17,4.098947939814738
1996-11-18,4.10889062052119
1996-11-19,4.137681757167951
1996-11-20,4.190061734301682
1996-11-21,4.198644204742792
1996-11-22,4.179088377631016
1996-11-23,4.176638854450559
1996-11-24,4.183627977119996
1996-11-25,4.167621113499702
1996-11-26,4.147512028690921
1996-11-27,4.141533672646982
1996-11-28,4.152726874399166
1996-11-29,4.1404771735426085
1996-11-30,4.139072559672035
1996-12-01,4.183819477040476
1996-12-02,4.156165394341546
1996-12-03,4.219789814186331
1996-12-04,4.173506224424273
1996-12-05,4.313136005644287
1996-12-06,4.307511847054906
1996-12-07,4.286355818666749
1996-12-08,4.276885552741992
1996-12-09,4.263708662191095
1996-12-10,4.314908330110864
1996-12-11,4.268647817738764
1996-12-12,4.322304104493837
1996-12-13,4.317008198201862
1996-12-14,4.305682477278188
1996-12-15,4.383690646233987
1996-12-16,4.3639936385850655
1996-12-17,4.380231713104282
1996-12-18,4.3752026200718745
1996-12-19,4.3533671998508305
1996-12-20,4.342565512125124
1996-12-21,4.361193274371526
1996-12-22,4.359354932282891
1996-12-23,4.3637140007161594
1996-12-24,4.366439543871952
1996-12-25,4.390120311042361
1996-12-26,4.378969969868645
1996-12-27,4.382577295547381
1996-12-28,4.376777897000879
1996-12-29,4.367076235093161
1996-12-30,4.366756263301746
1996-12-31,4.372800348815296
1997-01-01,4.424795082412904
1997-01-02,4.404234315006392
1997-01-03,4.405387178748206
1997-01-04,4.399484465929342
1997-01-05,4.403905396108038
1997-01-06,4.392219790993993
1997-01-07,4.403122626104609
1997-01-08,4.387341895271079
1997-01-09,4.388697101950562
1997-01-10,4.394952227210067
1997-01-11,4.381279112090648
1997-01-12,4.390117842355041
1997-01-13,4.395000934193637
1997-01-14,4.398662700543226
1997-01-15,4.424172417383882
1997-01-16,4.429143114166331
1997-01-17,4.4491743636269625
1997-01-18,4.419232191897984
1997-01-19,4.424657842702029
1997-01-20,4.409312867822336
1997-01-21,4.546536988528836
1997-01-22,4.573112434347392
1997-01-23,4.685622228473934
1997-01-24,4.669311459210089
1997-01-25,4.675152494853202
1997-01-26,4.659590447521564
1997-01-27,4.672041152641198
1997-01-28,4.591250677932633
1997-01-29,4.623265640798813
1997-01-30,4.724817551168237
1997-01-31,4.690049041868275
1997-02-01,4.71512762002194
1997-02-02,4.684488353912738
1997-02-03,4.673025960582275
1997-02-04,4.656436686844326
1997-02-05,4.624964034394491
1997-02-06,4.628158168290137
1997-02-07,4.652316638502979
1997-02-08,4.650930465472638
1997-02-09,4.637794349251843
1997-02-10,4.654551764132206
1997-02-11,4.72523664873471
1997-02-12,4.785141371612247
1997-02-13,4.730390680988335
1997-02-14,4.7478741732542264
1997-02-15,4.784928145096654
1997-02-16,4.769047456813867
1997-02-17,4.773675112419871
1997-02-18,4.753251355207144
1997-02-19,4.736987119184731
1997-02-20,4.790403351654658
1997-02-21,4.751236028854031
1997-02-22,4.739301660472574
1997-02-23,4.73853343276845
1997-02-24,4.7047503865502875
1997-02-25,4.786384815849404
1997-02-26,4.786220006519019
1997-02-27,4.762889381705982
1997-02-28,4.778651838906565
1997-03-01,4.79769553336986
1997-03-02,4.773483528571545
1997-03-03,4.810202993545172
1997-03-04,4.792823674451187
1997-03-05,4.951962018196863
1997-03-06,4.887805043329627
1997-03-07,4.840795367764086
1997-03-08,4.828727201124391
1997-03-09,4.814745138337111
1997-03-10,4.75047915309143
1997-03-11,4.750744305548461
1997-03-12,4.761622555721588
1997-03-13,4.704226245601754
1997-03-14,4.714543736003761
1997-03-15,4.748074488129253
1997-03-16,4.756998886739054
1997-03-17,4.791027554308396
1997-03-18,4.754846777883378
1997-03-19,4.756020975572245
1997-03-20,4.754732235003105
1997-03-21,4.729530226444055
1997-03-22,4.719299241728442
1997-03-23,4.73694105989377
1997-03-24,4.757620465392634
1997-03-25,4.749122962986901
1997-03-26,4.744543137175815
1997-03-27,4.791915155308358
1997-03-28,4.7940294739280995
1997-03-29,4.772095859681157
1997-03-30,4.774141391596671
1997-03-31,4.783215580386208
1997-04-01,4.7419637482749515
1997-04-02,4.718527644996691
1997-04-03,4.711106346834615
1997-04-04,4.695377415832567
1997-04-05,4.69560384705658
1997-04-06,4.7019309828363385
1997-04-07,4.690161980317192
1997-04-08,4.641395023765117
1997-04-09,4.6587071077633055
1997-04-10,4.709041949570908
1997-04-11,4.73257536846218
1997-04-12,4.738814646239269
1997-04-13,4.744123024474817
1997-04-14,4.659881837983241
1997-04-15,4.7776541553028276
1997-04-16,4.802241937410843
1997-04-17,4.565190456590432
1997-04-18,4.608570496792043
1997-04-19,4.6204349917322745
1997-04-20,4.617317063498844
1997-04-21,4.407989772598014
1997-04-22,4.407510253492375
1997-04-23,4.2124102780127295
1997-04-24,4.185945823241962
1997-04-25,4.17794724859985
1997-04-26,4.184352783920071
1997-04-27,4.182204750627849
1997-04-28,4.102914526500854
1997-04-29,4.083175386003688
1997-04-30,4.10659255468239
1997-05-01,4.140179848950271
1997-05-02,4.078167345814808
1997-05-03,4.097169955940578
1997-05-04,4.090606435000569
1997-05-05,4.087187229361877
1997-05-06,4.059320631389986
1997-05-07,4.049977812793684
1997-05-08,4.073308317129821
1997-05-09,4.029631778569061
1997-05-10,4.026919131755383
1997-05-11,4.046580229656063
1997-05-12,3.970360239344913
1997-05-13,4.040481344173488
1997-05-14,3.995593393658519
1997-05-15,3.958661391593566
1997-05-16,3.887289392535002
1997-05-17,3.889842069604495
1997-05-18,3.91144325200978
1997-05-19,3.872630377715713
1997-05-20,3.8546608697379825
1997-05-21,3.7201532629783904
1997-05-22,3.731214756701095
1997-05-23,3.7267720683471177
1997-05-24,3.712945447500003
1997-05-25,3.717810687240093
1997-05-26,3.711442350769737
1997-05-27,3.662231125186077
1997-05-28,3.642062854883765
1997-05-29,3.6217998407898495
1997-05-30,3.588041668980234
1997-05-31,3.5654716773747084
1997-06-01,3.5697205356075714
1997-06-02,3.5092461971415587
1997-06-03,3.50649988754431
1997-06-04,3.508841423177284
1997-06-05,3.499641179689874
1997-06-06,3.283237816751529
1997-06-07,3.297778982673846
1997-06-08,3.295348771553453
1997-06-09,3.328229284068549
1997-06-10,3.3348780394178856
1997-06-11,3.3896650833069613
1997-06-12,3.3395928671650665
1997-06-13,3.3782007871988027
1997-06-14,3.3685609077155516
1997-06-15,3.339384598956687
1997-06-16,3.3380915444195933
1997-06-17,3.2356362678163455
1997-06-18,3.183539952271209
1997-06-19,3.131090124513752
1997-06-20,3.1349524739401655
1997-06-21,3.137059393476415
1997-06-22,3.1454213348200977
1997-06-23,3.2662792024505007
1997-06-24,3.2336887794630496
1997-06-25,3.290764914557116
1997-06-26,3.267952413043055
1997-06-27,3.287336381066711
1997-06-28,3.2872000059306585
1997-06-29,3.281638923556613
1997-06-30,3.2989400033024614
1997-07-01,3.309441475084524
1997-07-02,3.3086587187793897
1997-07-03,3.3048286059490763
1997-07-04,3.2746234074570126
1997-07-05,3.2722755457434336
1997-07-06,3.2692991909792184
1997-07-07,3.2533742927250935
1997-07-08,3.248075932401033
1997-07-09,3.2622906512711043
1997-07-10,3.293206131152704
1997-07-11,3.200364795572286
1997-07-12,3.2074924476218465
1997-07-13,3.213198123482694
1997-07-14,3.2101895826391753
1997-07-15,3.248592559033564
1997-07-16,3.255209221014384
1997-07-17,3.27289358263479
1997-07-18,3.284557351864154
1997-07-19,3.29563992787408
1997-07-20,3.2949300102489296
1997-07-21,3.1853692179353916
1997-07-22,3.120157546061463
1997-07-23,3.0165685237020092
1997-07-24,3.0059445163421654
1997-07-25,3.0437963116324225
1997-07-26,3.053998918126487
1997-07-27,3.0550123913112275
1997-07-28,3.045401024479026
1997-07-29,3.03713672720869
1997-07-30,3.039578845694489
1997-07-31,3.0588421027485144
1997-08-01,3.1143536488712353
1997-08-02,3.0913561017798026
1997-08-03,3.0862444191738367
1997-08-04,3.0735134036832807
1997-08-05,3.0187497314886116
1997-08-06,3.0190320993294746
1997-08-07,2.947686089991439
1997-08-08,2.9119130881132884
1997-08-09,2.8994051251933426
1997-08-10,2.9057121963977877
1997-08-11,2.887199320634164
1997-08-12,2.952466103692225
1997-08-13,2.9540247563523634
1997-08-14,2.9351297159425984
1997-08-15,2.9776824709360232
1997-08-16,2.978314704853891
1997-08-17,2.9637420636607548
1997-08-18,2.9581765352609715
1997-08-19,2.9830289642256465
1997-08-20,2.9797996565024283
1997-08-21,2.9953110596252475
1997-08-22,3.0416496062279403
1997-08-23,3.0417329365424655
1997-08-24,3.0449763063426056
1997-08-25,3.038120733527803
1997-08-26,3.02596932930751
1997-08-27,2.9833947886800622
1997-08-28,3.027157074882779
1997-08-29,3.0240420716265497
1997-08-30,3.013144919107212
1997-08-31,3.006348208514038
1997-09-01,3.055840717033135
1997-09-02,3.0676534942404565
1997-09-03,3.193850877048382
1997-09-04,3.1498649995445445
1997-09-05,3.1424651336878977
1997-09-06,3.124530972787177
1997-09-07,3.106592856368022
1997-09-08,3.035995211220199
1997-09-09,3.058348271000677
1997-09-10,3.0292966902805
1997-09-11,3.0695159377713757
1997-09-12,3.0559268604731726
1997-09-13,3.0524532666848994
1997-09-14,3.062267802372169
1997-09-15,3.1244649765143127
1997-09-16,3.0968097542780413
1997-09-17,3.1095536304653697
1997-09-18,3.086957673781355
1997-09-19,3.073973570649529
1997-09-20,3.0702356284309342
1997-09-21,3.0611839214805867
1997-09-22,3.072702713306712
1997-09-23,3.080667240780693
1997-09-24,3.0905964720937673
1997-09-25,3.108123872339511
1997-09-26,3.088776010584552
1997-09-27,3.092620811809254
1997-09-28,3.087969587679641
1997-09-29,3.1154348939668663
1997-09-30,3.1854821646464195
1997-10-01,3.239437080610072
1997-10-02,3.2402114020785895
1997-10-03,3.231617387104458
1997-10-04,3.230883766237665
1997-10-05,3.232481903710432
1997-10-06,3.242110177257494
1997-10-07,3.2615939538789496
1997-10-08,3.2547958214549153
1997-10-09,2.997386921385081
1997-10-10,3.03287768902974
1997-10-11,3.033048606062853
1997-10-12,3.051839281930284
1997-10-13,3.042563568071853
1997-10-14,3.393415644342362
1997-10-15,3.396792866428417
1997-10-16,3.400950813495956
1997-10-17,3.400886616200066
1997-10-18,3.4050650706983676
1997-10-19,3.395419805650433
1997-10-20,3.4455727812574293
1997-10-21,3.4252202963597735
1997-10-22,3.4450332906929364
1997-10-23,3.5198256344122525
1997-10-24,3.614234579929205
1997-10-25,3.615629672245843
1997-10-26,3.6147922884812207
1997-10-27,3.6010350030135343
1997-10-28,3.6172240556288786
1997-10-29,3.632173631527662
1997-10-30,3.641072507591611
1997-10-31,3.668376720286388
1997-11-01,3.7403554391900906
1997-11-02,3.6830270376415224
1997-11-03,3.6937737106571538
1997-11-04,3.665586633175725
1997-11-05,3.6654425653232705
1997-11-06,3.6441644585171473
1997-11-07,3.645250585179267
1997-11-08,3.638850681824428
1997-11-09,3.645890114030732
1997-11-10,3.709391369753483
1997-11-11,3.744889564685399
1997-11-12,3.7776568473207046
1997-11-13,3.7409483504489622
1997-11-14,3.7276439669125434
1997-11-15,3.7544647835400218
1997-11-16,3.737003216496448
1997-11-17,3.739410653134129
1997-11-18,3.714738901891953
1997-11-19,3.7229869196014262
1997-11-20,3.705969385508627
1997-11-21,3.705370105098512
1997-11-22,3.706764648119438
1997-11-23,3.710637174494801
1997-11-24,3.69672065700015
1997-11-25,3.7603960762937927
1997-11-26,3.7523351860172047
1997-11-27,3.758665196272368
1997-11-28,3.756259759149099
1997-11-29,3.759788161316717
1997-11-30,3.7604436105838968
1997-12-01,3.810225855278108
1997-12-02,3.8162631111729386
1997-12-03,3.778270199202018
1997-12-04,3.797530466554456
1997-12-05,3.786574477250317
1997-12-06,3.778614200901501
1997-12-07,3.794599737609508
1997-12-08,3.795284786187036
1997-12-09,3.8042520021778152
1997-12-10,3.8639614933554807
1997-12-11,3.8178672006271896
1997-12-12,3.7730450670452296
1997-12-13,3.775593351687409
1997-12-14,3.762212232814523
1997-12-15,3.780451884472671
1997-12-16,3.760306062814487
1997-12-17,3.78443870554475
1997-12-18,3.8035199702364335
1997-12-19,3.8172770738021695
1997-12-20,3.803432572686088
1997-12-21,3.792730622654148
1997-12-22,3.797073005678746
1997-12-23,3.8014256988462862
1997-12-24,3.788407735277205
1997-12-25,3.78584666490924
1997-12-26,3.782363818475319
1997-12-27,3.776929074454273
1997-12-28,3.774013262203089
1997-12-29,3.768139672220535
1997-12-30,3.770731959256792
1997-12-31,3.734198252285776
1998-01-01,3.7508842541666985
1998-01-02,3.723491603017472
1998-01-03,3.7243155061214432
1998-01-04,3.724311789096148
1998-01-05,3.716665043580756
1998-01-06,3.7137986662464977
1998-01-07,3.7099148674178384
1998-01-08,3.698553162297204
1998-01-09,3.7009421778811498
1998-01-10,3.698129075563312
1998-01-11,3.692866411855061
1998-01-12,3.6983747086600927
1998-01-13,3.714847481667269
1998-01-14,3.711771695505503
1998-01-15,3.77845531681268
1998-01-16,3.7073779923030927
1998-01-17,3.714430083460466
1998-01-18,3.696910031554554
1998-01-19,3.685005608520073
1998-01-20,3.663552480087101
1998-01-21,3.653066701925765
1998-01-22,3.658893253525177
1998-01-23,3.730835324481399
1998-01-24,3.720421063664132
1998-01-25,3.720067417000921
1998-01-26,3.7412170158820137
1998-01-27,3.7707010311244273
1998-01-28,3.6337825121794856
1998-01-29,3.6652221074450817
1998-01-30,3.6665044761181385
1998-01-31,3.6615501941003306
1998-02-01,3.681816034202282
1998-02-02,3.6553605401231946
1998-02-03,3.6230981775133007
1998-02-04,3.616413980970427
1998-02-05,3.5781629698371944
1998-02-06,3.559809691010294
1998-02-07,3.5781209837472305
1998-02-08,3.573295747216243
1998-02-09,3.573905485015316
1998-02-10,3.6836565357550217
1998-02-11,3.6818123861278393
1998-02-12,3.715006292160587
1998-02-13,3.696244332069525
1998-02-14,3.6855664509321504
1998-02-15,3.7049324746413026
1998-02-16,3.695975418214168
1998-02-17,3.715627325897013
1998-02-18,3.7894168321463337
1998-02-19,3.7707941888378382
1998-02-20,3.787666983522814
1998-02-21,3.79189106254637
1998-02-22,3.788580518753255
1998-02-23,3.802794779631274
1998-02-24,3.86588297323564
1998-02-25,3.8812955741350534
1998-02-26,3.826575697844623
1998-02-27,3.834846792252978
1998-02-28,3.838024616396348
1998-03-01,3.876620028720146
1998-03-02,3.868213653098739
1998-03-03,3.9062123114439298
1998-03-04,4.00306279992896
1998-03-05,3.9389831815347858
1998-03-06,3.903279869080822
1998-03-07,3.909678339106906
1998-03-08,3.8833155980686778
1998-03-09,3.922145661773669
1998-03-10,3.9109686356122295
1998-03-11,3.908722925797465
1998-03-12,3.9774175436629897
1998-03-13,3.9743605997927784
1998-03-14,3.973370957367225
1998-03-15,3.9606887547554734
1998-03-16,3.95647281230396
1998-03-17,3.929920079537794
1998-03-18,3.9782098771863073
1998-03-19,3.9715962895831383
1998-03-20,3.959625441889153
1998-03-21,3.96313209021494
1998-03-22,3.9584230853937807
1998-03-23,3.9533310478490415
1998-03-24,3.986952567944067
1998-03-25,3.993103295827556
1998-03-26,4.012930182409468
1998-03-27,3.982346202571206
1998-03-28,3.982932831290148
1998-03-29,3.977771850314621
1998-03-30,3.9677128990466177
1998-03-31,3.978582005847502
1998-04-01,3.98464165558926
1998-04-02,3.988338893326364
1998-04-03,3.99395916441726
1998-04-04,4.004107738003795
1998-04-05,3.9979072051983406
1998-04-06,3.9727945752509255
1998-04-07,3.997472630682005
1998-04-08,3.9203874693887446
1998-04-09,3.900438691660856
1998-04-10,3.8977764283687857
1998-04-11,3.8953773349312018
1998-04-12,3.885194071363325
1998-04-13,3.8813843330314146
1998-04-14,3.810214336240049
1998-04-15,3.8386424790133375
1998-04-16,4.315449654998514
1998-04-17,4.07725429988202
1998-04-18,4.063066317555455
1998-04-19,4.0600132383473895
1998-04-20,4.055447972784358
1998-04-21,4.0091690498271335
1998-04-22,3.9290277394526743
1998-04-23,3.8789945503864542
1998-04-24,3.854082735170521
1998-04-25,3.850785610238428
1998-04-26,3.83983297001042
1998-04-27,3.838576083386463
1998-04-28,3.8384631981718296
1998-04-29,3.8565105367175745
1998-04-30,3.829071710797636
1998-05-01,3.880512244986799
1998-05-02,3.8498787859338384
1998-05-03,3.845686225043531
1998-05-04,3.838124342003314
1998-05-05,3.715686483077225
1998-05-06,3.731335979566712
1998-05-07,3.672435261919209
1998-05-08,3.687776154805564
1998-05-09,3.675743778253196
1998-05-10,3.665511667517485
1998-05-11,3.6691434785049735
1998-05-12,3.631328374166378
1998-05-13,3.638210958453665
1998-05-14,3.64039928687462
1998-05-15,3.624252313641023
1998-05-16,3.6195458144523327
1998-05-17,3.648100915070935
1998-05-18,3.6421884358898686
1998-05-19,3.6267196298327886
1998-05-20,3.6283191157612777
1998-05-21,3.629577264837209
1998-05-22,3.636181836786758
1998-05-23,3.6085773165034167
1998-05-24,3.6125630853691297
1998-05-25,3.6248363637780048
1998-05-26,3.608016515805766
1998-05-27,3.5408446376963374
1998-05-28,3.5897635310235754
1998-05-29,3.5761361249925847
1998-05-30,3.5894089295857303
1998-05-31,3.5989657095041743
1998-06-01,3.632851989000892
1998-06-02,3.613906994184181
1998-06-03,3.657799972834216
1998-06-04,3.5753476581921926
1998-06-05,3.573801758759942
1998-06-06,3.566111427621628
1998-06-07,3.5655601713299783
1998-06-08,3.560710087343147
1998-06-09,3.468932980960206
1998-06-10,3.406275596529919
1998-06-11,3.355911790189839
1998-06-12,3.3519925696143673
1998-06-13,3.348163144956456
1998-06-14,3.340986722350366
1998-06-15,3.395492732446187
1998-06-16,3.432781192551026
1998-06-17,3.466684238171507
1998-06-18,3.4395395592225397
1998-06-19,3.460396912708296
1998-06-20,3.453829141511401
1998-06-21,3.4451714397061277
1998-06-22,3.347900346291926
1998-06-23,3.363951919104445
1998-06-24,3.3778294520311585
1998-06-25,3.375666265185663
1998-06-26,3.3623695658329744
1998-06-27,3.3662649180873174
1998-06-28,3.339484583947409
1998-06-29,3.337833850567084
1998-06-30,3.37884010292169
1998-07-01,3.390135194834909
1998-07-02,3.364385129609081
1998-07-03,3.353565407471576
1998-07-04,3.353308589203172
1998-07-05,3.345171866381456
1998-07-06,3.346586649831115
1998-07-07,3.353585758121219
1998-07-08,3.3780899773054527
1998-07-09,3.3702529733780997
1998-07-10,3.3700202515593674
1998-07-11,3.3663748121721544
1998-07-12,3.365688704598748
1998-07-13,3.384181754537671
1998-07-14,3.4057464241687683
1998-07-15,3.4126891174739544
1998-07-16,2.929714492790019
1998-07-17,2.8960630630093944
1998-07-18,2.907565801576976
1998-07-19,2.9094898378738785
1998-07-20,2.911514068761492
1998-07-21,2.793205889250733
1998-07-22,2.802548941674412
1998-07-23,2.8744601754331525
1998-07-24,2.8782907257344945
1998-07-25,2.874993248811469
1998-07-26,2.843874768229815
1998-07-27,2.827643475753727
1998-07-28,2.8279874562976985
1998-07-29,2.7799581452429294
1998-07-30,2.690376642992758
1998-07-31,2.7233663086896285
1998-08-01,2.7646515732900645
1998-08-02,2.725579464037579
1998-08-03,2.723948800170197
1998-08-04,2.585076594569443
1998-08-05,2.60227230823242
1998-08-06,2.550701705034994
1998-08-07,2.582238587625256
1998-08-08,2.5805515150303084
1998-08-09,2.582858569348038
1998-08-10,2.5792683157019924
1998-08-11,2.5571829294072073
1998-08-12,2.5454878845768807
1998-08-13,2.520506467233149
1998-08-14,2.5172221474838956
1998-08-15,2.5671770456374583
1998-08-16,2.5724375055150723
1998-08-17,2.557142682617173
1998-08-18,2.5588484894877443
1998-08-19,2.5839565855871225
1998-08-20,2.539010133815723
1998-08-21,2.535844840462395
1998-08-22,2.538492185729857
1998-08-23,2.5405266917281293
1998-08-24,2.545528995484813
1998-08-25,2.568471399784654
1998-08-26,2.544227706586505
1998-08-27,2.535169267093127
1998-08-28,2.541198785121418
1998-08-29,2.547985254518599
1998-08-30,2.5429492448835065
1998-08-31,2.5933325323626373
1998-09-01,2.6238095508040757
1998-09-02,2.5788801515880975
1998-09-03,2.749802900410198
1998-09-04,2.7169872448330343
1998-09-05,2.688443349720354
1998-09-06,2.685378360374973
1998-09-07,2.8323199968241073
1998-09-08,2.824935648420382
1998-09-09,2.8810885485644793
1998-09-10,2.882221822616054
1998-09-11,2.8624597387710446
1998-09-12,2.8514330712547427
1998-09-13,2.8579227892199524
1998-09-14,2.8991598946995696
1998-09-15,2.916752795620381
1998-09-16,2.867232315241397
1998-09-17,2.8497369958602556
1998-09-18,2.8481116332984087
1998-09-19,2.8490969787590443
1998-09-20,2.845941008818402
1998-09-21,2.824807132856037
1998-09-22,2.847808654945913
1998-09-23,2.838312230398079
1998-09-24,2.81262344919475
1998-09-25,2.764353564266827
1998-09-26,2.7588154215899543
1998-09-27,2.755630755282225
1998-09-28,2.779008746973348
1998-09-29,2.8054311424612264
1998-09-30,2.8434876538284692
1998-10-01,2.8545155787218146
1998-10-02,2.88110292712106
1998-10-03,2.862447390168693
1998-10-04,2.8540379729163146
1998-10-05,2.855941901261306
1998-10-06,2.8485325459552353
1998-10-07,2.9754923196993284
1998-10-08,2.9311759245423175
1998-10-09,2.9204165021216157
1998-10-10,2.9095471480349877
1998-10-11,2.8971440962154675
1998-10-12,2.863718535372013
1998-10-13,2.8387601910340914
1998-10-14,2.8075710347131753
1998-10-15,2.7502970632532833
1998-10-16,2.752687609437599
1998-10-17,2.7585139281503106
1998-10-18,2.759832715493237
1998-10-19,2.8051731319843105
1998-10-20,2.7430765115817604
1998-10-21,2.838783831947705
1998-10-22,2.8239690702885856
1998-10-23,2.850090851727929
1998-10-24,2.870284514381538
1998-10-25,2.8691212942676794
1998-10-26,2.942570427256447
1998-10-27,2.9270448315655786
1998-10-28,3.011264837247006
1998-10-29,3.089106664927417
1998-10-30,3.052215681914908
1998-10-31,3.0409247679027653
1998-11-01,3.0785246627942104
1998-11-02,3.075391120407899
1998-11-03,3.1214710283028033
1998-11-04,3.1080114471212275
1998-11-05,3.1027667510275148
1998-11-06,3.0797679787036554
1998-11-07,3.068002586544212
1998-11-08,3.0668581799117307
1998-11-09,3.0685834984300775
1998-11-10,3.1480872760206116
1998-11-11,3.1503793023554643
1998-11-12,3.148268967044074
1998-11-13,3.167636029567028
1998-11-14,3.19218193622328
1998-11-15,3.2479630705038653
1998-11-16,3.292983015871428
1998-11-17,3.23690692408619
1998-11-18,3.231466631005504
1998-11-19,3.21887668890701
1998-11-20,3.2089823361591057
1998-11-21,3.2058312384440715
1998-11-22,3.1945499832671844
1998-11-23,3.187417628191219
1998-11-24,3.198916043283869
1998-11-25,3.190550081018577
1998-11-26,3.214412401406449
1998-11-27,3.231524939638885
1998-11-28,3.2179684152224195
1998-11-29,3.2164147812196857
1998-11-30,3.247930811893286
1998-12-01,3.298801108199783
1998-12-02,3.2366755069953648
1998-12-03,3.311846646044977
1998-12-04,3.3164648630029587
1998-12-05,3.305490841423884
1998-12-06,3.3001009428356523
1998-12-07,3.325869898893559
1998-12-08,3.3997354986265487
1998-12-09,3.3793822055198217
1998-12-10,3.408480553818958
1998-12-11,3.3817536448022754
1998-12-12,3.353974080470043
1998-12-13,3.339484634941292
1998-12-14,3.371197851288618
1998-12-15,3.400072336007431
1998-12-16,3.391266049320632
1998-12-17,3.372778261199625
1998-12-18,3.3959174063365714
1998-12-19,3.3967376934565565
1998-12-20,3.3929437449114896
1998-12-21,3.4108695589590243
1998-12-22,3.457895571371691
1998-12-23,3.433885859196584
1998-12-24,3.432408063321817
1998-12-25,3.4405266492693523
1998-12-26,3.443563956857656
1998-12-27,3.440308148612494
1998-12-28,3.4437797287231593
1998-12-29,3.4487276963715265
1998-12-30,3.437559845049026
1998-12-31,3.4420557782443177
1999-01-01,3.4555424652861637
1999-01-02,3.451943007963817
1999-01-03,3.4465960407802743
1999-01-04,3.445806447552698
1999-01-05,3.4429750091093094
1999-01-06,3.463798632452654
1999-01-07,3.4425994348285487
1999-01-08,3.415339589572442
1999-01-09,3.4161477067428203
1999-01-10,3.4183632558282926
1999-01-11,3.41474816059184
1999-01-12,3.397094231815738
1999-01-13,3.419850600605915
1999-01-14,3.4348558438296264
1999-01-15,3.440528854312925
1999-01-16,3.4464649770132056
1999-01-17,3.4448249880046973
1999-01-18,3.437787743079175
1999-01-19,3.266782945829044
1999-01-20,2.919916317617531
1999-01-21,2.7628186771931578
1999-01-22,2.858605091637896
1999-01-23,2.8456055639810773
1999-01-24,2.8380438131213808
1999-01-25,2.809313671610978
1999-01-26,2.8767758681938074
1999-01-27,2.8557365176736917
1999-01-28,2.768869501799079
1999-01-29,2.7407948657880237
1999-01-30,2.7433316066831086
1999-01-31,2.7458822857092953
1999-02-01,2.75190590026176
1999-02-02,2.7252789565909765
1999-02-03,2.7080213542521188
1999-02-04,2.6500109192305157
1999-02-05,2.64551184428932
1999-02-06,2.640359548021401
1999-02-07,2.6365811867450724
1999-02-08,2.624529369109427
1999-02-09,2.619871021841485
1999-02-10,2.6281753062860225
1999-02-11,2.5765394552028607
1999-02-12,2.551215622753074
1999-02-13,2.5580549314679732
1999-02-14,2.5589086847275375
1999-02-15,2.598073439056561
1999-02-16,2.582706904003044
1999-02-17,2.4140671754956005
1999-02-18,2.3740493493314414
1999-02-19,2.3613588536897714
1999-02-20,2.3604885916363667
1999-02-21,2.360326578830385
1999-02-22,2.4427118003647106
1999-02-23,2.410412406009611
1999-02-24,2.4523433352624724
1999-02-25,2.53644469159285
1999-02-26,2.646258488362421
1999-02-27,2.644318258294307
1999-02-28,2.6477169696213108
1999-03-01,2.689751490336177
1999-03-02,2.759867421665169
1999-03-03,2.798799297415152
1999-03-04,2.776862740336363
1999-03-05,2.7998132250818233
1999-03-06,2.7857560607892893
1999-03-07,2.7574509776858225
1999-03-08,2.799029304083079
1999-03-09,2.806346778582547
1999-03-10,2.7781107016357156
1999-03-11,2.724900286282786
1999-03-12,2.646945154911414
1999-03-13,2.6451220009642373
1999-03-14,2.635702496554778
1999-03-15,2.6064087042122455
1999-03-16,2.605615972269933
1999-03-17,2.6148526102005074
1999-03-18,2.6151558931459338
1999-03-19,2.596622728197332
1999-03-20,2.5988257969200426
1999-03-21,2.6098661797060156
1999-03-22,2.5732931833748247
1999-03-23,2.5690128471542826
1999-03-24,2.5548184372247222
1999-03-25,2.554587612493199
1999-03-26,2.557049702717576
1999-03-27,2.5552879990656203
1999-03-28,2.589470764947833
1999-03-29,2.5933031682242964
1999-03-30,2.5876818541446776
1999-03-31,2.5721404290083107
1999-04-01,2.624100049398471
1999-04-02,2.623997166691935
1999-04-03,2.6168880544557003
1999-04-04,2.615980451040472
1999-04-05,2.6316052502909963
1999-04-06,2.6495683025977086
1999-04-07,2.6491742535853016
1999-04-08,2.576760776973543
1999-04-09,2.5610262777534354
1999-04-10,2.561039067554037
1999-04-11,2.5704445727892105
1999-04-12,2.5709261962279895
1999-04-13,2.580049535727178
1999-04-14,2.552866594430043
1999-04-15,2.661309403828985
1999-04-16,2.9402692714360112
1999-04-17,2.9474059233243146
1999-04-18,2.956233338833929
1999-04-19,2.9345757265087937
1999-04-20,3.0074740104537336
1999-04-21,3.1052412724889837
1999-04-22,3.1576785024496807
1999-04-23,3.152236063883341
1999-04-24,3.1579536665811743
1999-04-25,3.1694411847454376
1999-04-26,3.057250803689759
1999-04-27,3.0504539239362187
1999-04-28,3.052400110528191
1999-04-29,3.033875506736681
1999-04-30,3.030831858023895
1999-05-01,3.058766058274734
1999-05-02,3.036026912781295
1999-05-03,3.035793482275778
1999-05-04,3.0646361710586847
1999-05-05,3.058112250272893
1999-05-06,3.0417050400076375
1999-05-07,3.051773813135908
1999-05-08,3.048827916011986
1999-05-09,3.0299198283246875
1999-05-10,2.9899531452150785
1999-05-11,2.962733917314739
1999-05-12,2.901869918408451
1999-05-13,2.8908150525450385
1999-05-14,2.9349133649361754
1999-05-15,3.099195709093532
1999-05-16,3.0577832327767984
1999-05-17,2.990835516977448
1999-05-18,2.9681854415135165
1999-05-19,2.9589389392622123
1999-05-20,2.888175863804878
1999-05-21,2.788311291353782
1999-05-22,2.7784308408981566
1999-05-23,2.7565449478499047
1999-05-24,2.620375924562263
1999-05-25,2.603260603039576
1999-05-26,2.609173625544672
1999-05-27,2.609685118686079
1999-05-28,2.6026651268410337
1999-05-29,2.6058606109821585
1999-05-30,2.6030029240577113
1999-05-31,2.5741256777988073
1999-06-01,2.60089426097277
1999-06-02,2.6012652911431244
1999-06-03,2.583966429369232
1999-06-04,2.5872044901008184
1999-06-05,2.579456170617368
1999-06-06,2.5811626306569986
1999-06-07,2.5363774555078544
1999-06-08,2.4956160991820138
1999-06-09,2.501599767380474
1999-06-10,2.4207763159641575
1999-06-11,2.3822913223793463
1999-06-12,2.3753389857135225
1999-06-13,2.3802551731044335
1999-06-14,2.3444071483145024
1999-06-15,2.259968498790111
1999-06-16,2.313883927916359
1999-06-17,2.263214195477533
1999-06-18,2.3379235954957336
1999-06-19,2.334838385303602
1999-06-20,2.326484530023055
1999-06-21,2.329323285611486
1999-06-22,2.1919334730201157
1999-06-23,2.1974054081629273
1999-06-24,2.205349675084575
1999-06-25,2.1923525539391697
1999-06-26,2.196119622192501
1999-06-27,2.1944787656438995
1999-06-28,2.216362137697857
1999-06-29,2.244576788433881
1999-06-30,2.2444901637313643
1999-07-01,2.288652945630683
1999-07-02,2.1760135966819596
1999-07-03,2.1830283774034624
1999-07-04,2.1826680246116332
1999-07-05,2.165754572485178
1999-07-06,2.150663972774048
1999-07-07,2.1473685213044114
1999-07-08,2.1711837911517016
1999-07-09,2.1791031640319947
1999-07-10,2.1784273311094333
1999-07-11,2.174073989583343
1999-07-12,2.1799810239082813
1999-07-13,2.158626166345895
1999-07-14,2.3143178215942424
1999-07-15,2.3335738303358147
1999-07-16,2.3759766258358255
1999-07-17,2.369544798459362
1999-07-18,2.3718845283418153
1999-07-19,2.362444406242412
1999-07-20,2.396193712046088
1999-07-21,2.4018657123804523
1999-07-22,2.585234127093659
1999-07-23,2.603430039739827
1999-07-24,2.600196807401444
1999-07-25,2.6013646220123063
1999-07-26,2.689441282026994
1999-07-27,2.752306608429028
1999-07-28,2.768079891435583
1999-07-29,2.869071279439092
1999-07-30,2.8692219203275555
1999-07-31,2.8608748549214145
1999-08-01,2.914454340388942
1999-08-02,2.931911311977927
1999-08-03,2.8939432814338835
1999-08-04,2.901105934983941
1999-08-05,2.9152583196845714
1999-08-06,2.92783723474382
1999-08-07,2.9347755618159432
1999-08-08,2.929626257821093
1999-08-09,2.8342833407483177
1999-08-10,2.8720145421871814
1999-08-11,2.8825526633889464
1999-08-12,2.9168254250726595
1999-08-13,2.90164835052307
1999-08-14,2.8975527123698086
1999-08-15,3.00279749209668
1999-08-16,3.075147782928065
1999-08-17,3.121141829801758
1999-08-18,3.128353430028475
1999-08-19,3.1100592831148437
1999-08-20,3.1086654152060893
1999-08-21,3.106448946101061
1999-08-22,3.098383545440746
1999-08-23,3.109908245972921
1999-08-24,3.1243769411738445
1999-08-25,3.1162488302683817
1999-08-26,3.1361949038497805
1999-08-27,3.133444799288848
1999-08-28,3.128537817730298
1999-08-29,3.121406138566151
1999-08-30,3.116976383014576
1999-08-31,3.139089765358097
1999-09-01,3.585517026887949
1999-09-02,3.265879395054162
1999-09-03,3.528250114438886
1999-09-04,3.5391033348857146
1999-09-05,3.5197376892642223
1999-09-06,3.529590670743664
1999-09-07,3.5727938738816913
1999-09-08,3.6082923096241606
1999-09-09,3.636428905397
1999-09-10,3.712566460031832
1999-09-11,3.6883330278201214
1999-09-12,3.688660413931503
1999-09-13,3.674327214703643
1999-09-14,3.624608760494261
1999-09-15,3.644985581260983
1999-09-16,3.704983246085946
1999-09-17,3.672021409484632
1999-09-18,3.67116060062052
1999-09-19,3.674084096211268
1999-09-20,3.648470039546942
1999-09-21,3.7280718744803902
1999-09-22,3.6980756210672543
1999-09-23,3.7092115853013192
1999-09-24,3.714546311065936
1999-09-25,3.72102050037848
1999-09-26,3.706996875161452
1999-09-27,3.7042995217601127
1999-09-28,3.731221405200622
1999-09-29,3.731830993436708
1999-09-30,3.728359626356029
1999-10-01,3.712361729071235
1999-10-02,3.765868164224212
1999-10-03,3.7687692143651472
1999-10-04,3.7689526793361487
1999-10-05,3.770977750764998
1999-10-06,3.751910267969949
1999-10-07,3.7751550216100496
1999-10-08,3.761140064949797
1999-10-09,3.775777417404154
1999-10-10,3.7558262706002465
1999-10-11,3.7546654967419513
1999-10-12,3.69534501424609
1999-10-13,3.702137013727658
1999-10-14,3.65468724546388
1999-10-15,3.796630407020706
1999-10-16,3.786829994552851
1999-10-17,3.799273525026339
1999-10-18,3.811235105329203
1999-10-19,3.816747143447509
1999-10-20,3.849118069352015
1999-10-21,3.9646031621566897
1999-10-22,3.9545741124980993
1999-10-23,3.997706653428851
1999-10-24,3.979600312437378
1999-10-25,3.9037738984508903
1999-10-26,3.862758620867601
1999-10-27,3.900350566490103
1999-10-28,3.94641876873738
1999-10-29,3.944999386991975
1999-10-30,3.947066996164492
1999-10-31,3.946940351959535
1999-11-01,3.951548054943559
1999-11-02,3.951738608817346
1999-11-03,4.000936302128386
1999-11-04,4.082433930732031
1999-11-05,4.128683878218248
1999-11-06,4.116799951958834
1999-11-07,4.09449391753855
1999-11-08,4.10741421830305
1999-11-09,4.126063420023302
1999-11-10,4.087084743517658
1999-11-11,4.087306578577681
1999-11-12,4.134559015674314
1999-11-13,4.107160866631053
1999-11-14,4.1155243341246734
1999-11-15,4.130378438455653
1999-11-16,4.088898169268941
1999-11-17,4.160850298455279
1999-11-18,4.18897821046408
1999-11-19,4.173296298966274
1999-11-20,4.211898675819306
1999-11-21,4.251467690030975
1999-11-22,4.22138033495232
1999-11-23,4.198627386597216
1999-11-24,3.74202063179886
1999-11-25,3.726028082617141
1999-11-26,3.733464254125796
1999-11-27,3.694078147855665
1999-11-28,3.694157518106872
1999-11-29,3.684682462532772
1999-11-30,3.7116730564365614
1999-12-01,3.708344937854048
1999-12-02,4.059835357154978
1999-12-03,4.029163949149488
1999-12-04,3.99988695415844
1999-12-05,3.993939507141113
1999-12-06,3.9480306246219534
1999-12-07,3.985691698799534
1999-12-08,3.9884042233241934
1999-12-09,3.98044532090525
1999-12-10,3.9779547851265673
1999-12-11,3.988547942265224
1999-12-12,4.004798941034877
1999-12-13,4.003236987710916
1999-12-14,4.006186662933463
1999-12-15,4.018896037823462
1999-12-16,4.1333867640253175
1999-12-17,4.11199647732794
1999-12-18,4.114685297976414
1999-12-19,4.109222395974601
1999-12-20,4.114045010158019
1999-12-21,4.146060192725318
1999-12-22,4.141512294513097
1999-12-23,4.188812392090527
1999-12-24,4.167481251345586
1999-12-25,4.143494521220447
1999-12-26,4.160129286184567
1999-12-27,4.150699821368008
1999-12-28,4.149735705067484
1999-12-29,4.184602174948437
1999-12-30,4.184062382095657
1999-12-31,4.188038797922111
2000-01-01,4.186937863507268
2000-01-02,4.188419755102083
2000-01-03,4.1674056683593435
2000-01-04,4.146537300076003
2000-01-05,4.1533593014802515
2000-01-06,4.1229015856732385
2000-01-07,4.131304580143993
2000-01-08,4.139306027804257
2000-01-09,4.124729471371414
2000-01-10,4.132958340101603
2000-01-11,4.128380312076538
2000-01-12,4.1026666588262835
2000-01-13,4.099137930986427
2000-01-14,4.106412262155279
2000-01-15,4.122178972725141
2000-01-16,4.112646291269731
2000-01-17,4.0945739224623185
2000-01-18,4.115543740181825
2000-01-19,4.037258520189584
2000-01-20,3.9824347768249497
2000-01-21,3.965871917596631
2000-01-22,3.9589042437372326
2000-01-23,3.957370576661149
2000-01-24,3.905842308168818
2000-01-25,3.7921037597740073
2000-01-26,3.854283371387017
2000-01-27,3.8258616833778394
2000-01-28,3.875729521203837
2000-01-29,3.84862655735748
2000-01-30,3.8582453989051273
2000-01-31,3.8883803682515543
2000-02-01,4.424653168169802
2000-02-02,4.471433693580283
2000-02-03,4.479568968400126
2000-02-04,4.483811271846042
2000-02-05,4.478418973094696
2000-02-06,4.473587838496754
2000-02-07,4.4477829257889
2000-02-08,4.330643126123364
2000-02-09,4.294812816465736
2000-02-10,4.174052308364555
2000-02-11,4.242057949605215
2000-02-12,4.2485024550944726
2000-02-13,4.233703561424695
2000-02-14,4.255598294903099
2000-02-15,4.343454833868749
2000-02-16,4.425228731407175
2000-02-17,4.478321673966141
2000-02-18,4.478329600148444
2000-02-19,4.443160990821941
2000-02-20,4.445613163533567
2000-02-21,4.450439357263966
2000-02-22,4.417412247962767
2000-02-23,4.442271128801519
2000-02-24,4.354873600987095
2000-02-25,4.346834894315065
2000-02-26,4.35470111201984
2000-02-27,4.360052463609237
2000-02-28,3.9979126174196056
2000-02-29,4.04900597522135
2000-03-01,4.045290474372449
2000-03-02,4.135284135003222
2000-03-03,4.142529040132205
2000-03-04,4.114081081903516
2000-03-05,4.112465723699592
2000-03-06,4.09391859207183
2000-03-07,4.112233209578841
2000-03-08,4.071848443994997
2000-03-09,4.084483210989145
2000-03-10,4.052123062564527
2000-03-11,4.063972026397904
2000-03-12,4.065116468309853
2000-03-13,3.986197751280417
2000-03-14,4.009355447630374
2000-03-15,4.051572833457966
2000-03-16,3.9394128977880167
2000-03-17,3.972060467765011
2000-03-18,3.9801407173909262
2000-03-19,3.97536279251113
2000-03-20,3.953893366900677
2000-03-21,3.9227632657289617
2000-03-22,4.052441013854712
2000-03-23,4.073569290823891
2000-03-24,4.060597732268592
2000-03-25,4.078473117618425
2000-03-26,4.080930769224282
2000-03-27,4.050870703028271
2000-03-28,4.036908578605947
2000-03-29,4.0171808902756325
2000-03-30,3.9923056410055784
2000-03-31,4.007569522102992
2000-04-01,4.001933748196452
2000-04-02,4.01195351025999
2000-04-03,3.956681425070971
2000-04-04,3.916283307130628
2000-04-05,3.936854728402808
2000-04-06,3.9554894251274546
2000-04-07,3.962738444063714
2000-04-08,3.9770745784172994
2000-04-09,3.962243469130388
2000-04-10,4.000817172948643
2000-04-11,4.019138804456282
2000-04-12,3.996043458684304
2000-04-13,3.9820848440265566
2000-04-14,3.9529831288223782
2000-04-15,4.135826709759464
2000-04-16,4.133178447370734
2000-04-17,4.078093961158037
2000-04-18,4.043030892264789
2000-04-19,4.530508044446177
2000-04-20,4.596471329963433
2000-04-21,4.603543915050794
2000-04-22,4.600337071260491
2000-04-23,4.607842249997971
2000-04-24,4.556287030261795
2000-04-25,4.987634153408717
2000-04-26,5.057833831543457
2000-04-27,5.1776372958357495
2000-04-28,5.271957783809637
2000-04-29,5.264157377333692
2000-04-30,5.248089374265386
2000-05-01,4.731019866545383
2000-05-02,4.763536289899521
2000-05-03,4.732412363905442
2000-05-04,4.868426551633424
2000-05-05,4.839040771521859
2000-05-06,4.829607893221307
2000-05-07,4.845462125187373
2000-05-08,4.842612023263504
2000-05-09,4.805570099664286
2000-05-10,4.79564356354791
2000-05-11,4.602809531236257
2000-05-12,4.591810228475886
2000-05-13,4.564339263651902
2000-05-14,4.564000204575178
2000-05-15,4.445088435804177
2000-05-16,4.541908532082731
2000-05-17,4.553009759320805
2000-05-18,4.508207478526988
2000-05-19,4.536497552449537
2000-05-20,4.556252518223078
2000-05-21,4.5497620502481
2000-05-22,4.585024874227006
2000-05-23,4.603588147704995
2000-05-24,4.566439909198391
2000-05-25,4.577541191229027
2000-05-26,4.541871343687536
2000-05-27,4.533268354638517
2000-05-28,4.5256606848909104
2000-05-29,4.527871746275004
2000-05-30,4.529932517436773
2000-05-31,4.548751460880347
2000-06-01,4.592153272666074
2000-06-02,4.585796113594367
2000-06-03,4.587304068238713
2000-06-04,4.561794445865645
2000-06-05,4.539446880425119
2000-06-06,4.67660200218508
2000-06-07,4.720489347154088
2000-06-08,4.758236656439786
2000-06-09,4.716260488952257
2000-06-10,4.6881232976666265
2000-06-11,4.688387830528023
2000-06-12,4.697757509751513
2000-06-13,4.677760531554538
2000-06-14,4.701604884384053
2000-06-15,4.745324369801401
2000-06-16,4.725352295946418
2000-06-17,4.720179833223447
2000-06-18,4.7129950932334985
2000-06-19,4.728011272770623
2000-06-20,4.818609618827995
2000-06-21,4.824100926015109
2000-06-22,4.789978675107356
2000-06-23,4.781690348784754
2000-06-24,4.767783101211994
2000-06-25,4.7513993220722535
2000-06-26,4.688346339855777
2000-06-27,4.662930737887055
2000-06-28,4.654517663953861
2000-06-29,4.71794446019123
2000-06-30,4.698094407521563
2000-07-01,4.653385447577575
2000-07-02,4.67761660507986
2000-07-03,4.665204894859965
2000-07-04,4.676743399906068
2000-07-05,4.649490273066759
2000-07-06,4.660651538182148
2000-07-07,4.647071121034498
2000-07-08,4.622970699287575
2000-07-09,4.61870588124867
2000-07-10,4.609393672698517
2000-07-11,4.665567145890634
2000-07-12,4.633534335359573
2000-07-13,4.642146789230075
2000-07-14,4.558250457407036
2000-07-15,4.966499425435804
2000-07-16,4.95507565340062
2000-07-17,4.937000352197795
2000-07-18,5.05204551191313
2000-07-19,5.045908240008324
2000-07-20,5.011781121515345
2000-07-21,5.009284671187838
2000-07-22,5.009011669932728
2000-07-23,4.998773231856866
2000-07-24,5.001719965195806
2000-07-25,4.821931703431001
2000-07-26,4.767750344940411
2000-07-27,4.871735082713079
2000-07-28,4.917103512238091
2000-07-29,4.9140552000888915
2000-07-30,4.908639923267723
2000-07-31,4.943333467014032
2000-08-01,4.888818679741045
2000-08-02,4.970602025208787
2000-08-03,5.024623877660512
2000-08-04,4.972785301063492
2000-08-05,4.962635612390823
2000-08-06,4.94993847930221
2000-08-07,4.968984550374256
2000-08-08,5.028280110178075
2000-08-09,4.99751198168255
2000-08-10,4.989532172493546
2000-08-11,4.993808836017462
2000-08-12,4.992024305073773
2000-08-13,4.989692254159162
2000-08-14,4.945096356420658
2000-08-15,5.083921017412871
2000-08-16,5.048577721019721
2000-08-17,4.988956420740009
2000-08-18,4.992711075809389
2000-08-19,4.973001514321979
2000-08-20,4.962892113782393
2000-08-21,4.9455280668517565
2000-08-22,4.919869237038736
2000-08-23,4.888385298386927
2000-08-24,4.922294299375658
2000-08-25,4.910594105791335
2000-08-26,4.899039415934272
2000-08-27,4.884975787190948
2000-08-28,4.868921899425396
2000-08-29,4.875555400006061
2000-08-30,4.8873027003418406
2000-08-31,4.814435697549983
2000-09-01,4.740694813011339
2000-09-02,4.746317864696398
2000-09-03,4.736896316209179
2000-09-04,4.758548219422168
2000-09-05,4.661231752276958
2000-09-06,4.593319915125917
2000-09-07,4.636132682527976
2000-09-08,4.645547819905324
2000-09-09,4.634950943634257
2000-09-10,4.610492003798011
2000-09-11,4.681085935714941
2000-09-12,4.674140218423297
2000-09-13,4.7919529630262465
2000-09-14,4.699054206736639
2000-09-15,4.675482072015077
2000-09-16,4.658976097333878
2000-09-17,4.658168472565105
2000-09-18,4.670920310381375
2000-09-19,4.719358834267801
2000-09-20,4.7176109602575576
2000-09-21,4.775080290023513
2000-09-22,4.762897831865603
2000-09-23,4.756346244143812
2000-09-24,4.761922801288955
2000-09-25,4.776248908961434
2000-09-26,4.870917509984928
2000-09-27,4.874654810999385
2000-09-28,4.8563520039497305
2000-09-29,4.8417715807754895
2000-09-30,4.8363434979105975
2000-10-01,4.796404902784996
2000-10-02,4.776083379908017
2000-10-03,4.818070932126431
2000-10-04,4.799142231049051
2000-10-05,4.794707531621213
2000-10-06,4.849855229184761
2000-10-07,4.845087805536637
2000-10-08,4.839474905503709
2000-10-09,4.94138379333907
2000-10-10,4.932233910341477
2000-10-11,4.944960867894514
2000-10-12,4.904699977955239
2000-10-13,4.891677960688314
2000-10-14,4.892676866690559
2000-10-15,5.2015052929927545
2000-10-16,5.176147741494069
2000-10-17,5.348819230844117
2000-10-18,5.4498060720237715
2000-10-19,5.576466273635636
2000-10-20,5.578800902334841
2000-10-21,5.570803210264695
2000-10-22,5.570757682513984
2000-10-23,5.550433209401421
2000-10-24,5.588553010145907
2000-10-25,5.635996425679379
2000-10-26,5.499856638242822
2000-10-27,5.383064241896693
2000-10-28,5.365936697700192
2000-10-29,5.353018634367516
2000-10-30,5.288957838972889
2000-10-31,5.234843570094309
2000-11-01,5.207980286195439
2000-11-02,5.247448614756776
2000-11-03,5.2477810720080065
2000-11-04,5.239147076679024
2000-11-05,5.2324458808223095
2000-11-06,5.153346578982392
2000-11-07,5.397649221244805
2000-11-08,5.345043235630151
2000-11-09,5.356912039410382
2000-11-10,5.338987358503784
2000-11-11,5.330081168841739
2000-11-12,5.303272948344146
2000-11-13,5.2772192072499475
2000-11-14,5.190423366234121
2000-11-15,5.221138078541993
2000-11-16,5.213417155629481
2000-11-17,5.207346792919706
2000-11-18,5.205620829979933
2000-11-19,5.207642120226405
2000-11-20,5.0968722690858455
2000-11-21,5.078694805370686
2000-11-22,5.095100533556393
2000-11-23,5.076486875021761
2000-11-24,5.076170319376004
2000-11-25,5.060818757608564
2000-11-26,5.0451218223510494
2000-11-27,5.047260976864237
2000-11-28,5.012068791874958
2000-11-29,4.994436335545033
2000-11-30,4.957912203550303
2000-12-01,4.921601749407709
2000-12-02,4.944352810377402
2000-12-03,4.940507328254467
2000-12-04,5.039211622907788
2000-12-05,5.086171449179463
2000-12-06,5.0813627748898735
2000-12-07,5.010784192415378
2000-12-08,5.00458588704211
2000-12-09,5.001417064318561
2000-12-10,5.009849377025417
2000-12-11,4.988839682742947
2000-12-12,4.97495515002028
2000-12-13,4.982003671532311
2000-12-14,4.988893558193545
2000-12-15,5.069938360241004
2000-12-16,5.0557419624703925
2000-12-17,5.051811001544673
2000-12-18,5.071419767847629
2000-12-19,5.052801537698571
2000-12-20,5.040630270733418
2000-12-21,5.023435978457833
2000-12-22,5.008306280286406
2000-12-23,4.998479441739374
2000-12-24,4.977035776942611
2000-12-25,5.082990258811122
2000-12-26,5.005923324108372
2000-12-27,5.00006952061011
2000-12-28,4.977115868355812
2000-12-29,4.986509500571762
2000-12-30,4.988148742154884
2000-12-31,4.969066668208025
2001-01-01,4.9336110411516305
2001-01-02,4.927427615937058
2001-01-03,4.915931564919594
2001-01-04,4.920507347365351
2001-01-05,4.912878418737042
2001-01-06,4.9067673043099145
2001-01-07,4.921859734999118
2001-01-08,4.9196015506086255
2001-01-09,4.9038816292260785
2001-01-10,4.981169532238519
2001-01-11,4.994601768066674
2001-01-12,4.99976718257437
2001-01-13,4.989400975868086
2001-01-14,4.982293934690757
2001-01-15,5.094669756301707
2001-01-16,5.052781613522956
2001-01-17,4.568737606063792
2001-01-18,4.535307472132688
2001-01-19,4.525233893613711
2001-01-20,4.547161886284732
2001-01-21,4.5469951097855095
2001-01-22,4.727885451379918
2001-01-23,4.730834222884292
2001-01-24,4.6860117317940615
2001-01-25,4.653534669512551
2001-01-26,4.63099322695652
2001-01-27,4.631507420683705
2001-01-28,4.632735504694714
2001-01-29,4.609190455845359
2001-01-30,4.586490843670283
2001-01-31,4.165838416293017
2001-02-01,4.647047424363196
2001-02-02,4.697515987157012
2001-02-03,4.6967623003642425
2001-02-04,4.712399537938683
2001-02-05,4.749275764738317
2001-02-06,4.840448498791436
2001-02-07,4.840612335427935
2001-02-08,4.957144915896388
2001-02-09,4.950683448541454
2001-02-10,4.94581224308091
2001-02-11,4.915631807914265
2001-02-12,4.897288887744216
2001-02-13,4.956733218255889
2001-02-14,4.973769695370202
2001-02-15,5.111936980261781
2001-02-16,5.141568838658398
2001-02-17,5.124001966003257
2001-02-18,5.143246281523367
2001-02-19,5.200385482862314
2001-02-20,5.221798925936473
2001-02-21,5.266881197872063
2001-02-22,5.283671441545376
2001-02-23,5.343346163962139
2001-02-24,5.323666607629242
2001-02-25,5.322374546053756
2001-02-26,5.5822163026667315
2001-02-27,5.575631114726216
2001-02-28,5.540653763147773
2001-03-01,5.48242719153008
2001-03-02,5.529143286125322
2001-03-03,5.521435007385618
2001-03-04,5.541972814857051
2001-03-05,5.54382455505949
2001-03-06,5.597284361634962
2001-03-07,5.522476127200912
2001-03-08,5.459442848249273
2001-03-09,5.468442738140111
2001-03-10,5.4767751069872315
2001-03-11,5.469657032265987
2001-03-12,5.478092995933176
2001-03-13,5.59324307325569
2001-03-14,5.48931967783808
2001-03-15,5.460454050556919
2001-03-16,5.483075322505694
2001-03-17,5.495347658927051
2001-03-18,5.493311990735574
2001-03-19,5.456773115892011
2001-03-20,5.4733858452992585
2001-03-21,5.4482246321418195
2001-03-22,5.386330285858364
2001-03-23,5.383328838314324
2001-03-24,5.37724355626384
2001-03-25,5.377459172541732
2001-03-26,5.36732198138831
2001-03-27,5.340089868827612
2001-03-28,5.32800829547751
2001-03-29,5.344995843475867
2001-03-30,5.341959062986954
2001-03-31,5.343528641182393
2001-04-01,5.277865295408654
2001-04-02,5.310456091908893
2001-04-03,5.268376604152271
2001-04-04,5.323524628323316
2001-04-05,5.324442743082705
2001-04-06,5.32044083788333
2001-04-07,5.324784788285901
2001-04-08,5.310813329058869
2001-04-09,5.316897631313513
2001-04-10,5.306834786691225
2001-04-11,5.846781446383125
2001-04-12,5.90894194493659
2001-04-13,5.8676963280883445
2001-04-14,5.838880484342854
2001-04-15,5.797613764715687
2001-04-16,5.8409931636825725
2001-04-17,5.935465545541661
2001-04-18,5.991407898185228
2001-04-19,6.0767948498238
2001-04-20,6.07541017078557
2001-04-21,6.067911171478179
2001-04-22,6.058833096515275
2001-04-23,5.9583734606803045
2001-04-24,5.78325574729157
2001-04-25,5.564765135904333
2001-04-26,5.759622319799345
2001-04-27,5.8095117939505645
2001-04-28,5.831868323388536
2001-04-29,5.83533216345169
2001-04-30,5.847509248061524
2001-05-01,5.319866007557372
2001-05-02,5.28211719833471
2001-05-03,5.15999290545753
2001-05-04,5.157793042759002
2001-05-05,5.138680657095616
2001-05-06,5.142246664900004
2001-05-07,5.13489334475456
2001-05-08,5.281869860484633
2001-05-09,5.311056649758546
2001-05-10,5.342070506398457
2001-05-11,5.338671831151135
2001-05-12,5.332261995429171
2001-05-13,5.321285822621277
2001-05-14,5.314451288429345
2001-05-15,5.23215810559491
2001-05-16,5.222902104787716
2001-05-17,5.204566144255098
2001-05-18,5.367564440227827
2001-05-19,5.3837938154980485
2001-05-20,5.375111130647086
2001-05-21,5.378939364222695
2001-05-22,5.325953686133737
2001-05-23,5.337986123799891
2001-05-24,5.3122640500443765
2001-05-25,5.304318634595459
2001-05-26,5.2856813269870155
2001-05-27,5.266040790160639
2001-05-28,5.2745342163999895
2001-05-29,5.3125883501392135
2001-05-30,5.238601207363866
2001-05-31,5.246972862963656
2001-06-01,5.143775432289811
2001-06-02,5.256435275110132
2001-06-03,5.242280078235404
2001-06-04,5.234528228226595
2001-06-05,5.326664063369984
2001-06-06,5.3280015122993145
2001-06-07,5.377943586483644
2001-06-08,5.358189684148475
2001-06-09,5.341600707645137
2001-06-10,5.332261831561414
2001-06-11,5.350815026410549
2001-06-12,5.297215880094794
2001-06-13,5.216640918149171
2001-06-14,5.176543013048433
2001-06-15,5.335884079922528
2001-06-16,5.334284684308243
2001-06-17,5.282204156718051
2001-06-18,5.283206807970807
2001-06-19,5.213204636258108
2001-06-20,5.1868946246804075
2001-06-21,5.2022846518162975
2001-06-22,5.180747771563148
2001-06-23,5.184326592563721
2001-06-24,5.170782509670093
2001-06-25,5.169544844132891
2001-06-26,5.287589988587395
2001-06-27,5.300283418611679
2001-06-28,5.273124269940084
2001-06-29,5.228882901364789
2001-06-30,5.218445562083801
2001-07-01,5.117904077000003
2001-07-02,5.247321345136542
2001-07-03,5.261216214209127
2001-07-04,5.25761630996994
2001-07-05,5.250056904646879
2001-07-06,5.20882599388708
2001-07-07,5.214621701181133
2001-07-08,5.203451054284013
2001-07-09,5.2007481003122065
2001-07-10,5.2354224576516515
2001-07-11,5.217725269164657
2001-07-12,5.065540428444844
2001-07-13,5.046857528292243
2001-07-14,5.039757575554848
2001-07-15,5.116379539946728
2001-07-16,4.993840637132396
2001-07-17,4.85874357637693
2001-07-18,4.877512334792471
2001-07-19,4.662649889179877
2001-07-20,4.600705435697012
2001-07-21,4.599113148327099
2001-07-22,4.597693602522622
2001-07-23,4.485860585633241
2001-07-24,4.301610263456871
2001-07-25,4.171919931374827
2001-07-26,3.848274019494057
2001-07-27,3.7352862590758886
2001-07-28,3.7371363887310074
2001-07-29,3.730871275434435
2001-07-30,3.695744315708516
2001-07-31,3.647896365529413
2001-08-01,3.501443938775705
2001-08-02,3.5402770984412664
2001-08-03,3.555073419934374
2001-08-04,3.556337932845614
2001-08-05,3.5504349868061182
2001-08-06,3.567241928629929
2001-08-07,3.4830026590140046
2001-08-08,3.3772651089293415
2001-08-09,3.2607111294674898
2001-08-10,3.26092910463617
2001-08-11,3.25219118813148
2001-08-12,3.2325989992205386
2001-08-13,3.265271938007353
2001-08-14,3.2927413466903404
2001-08-15,3.2437645843040954
2001-08-16,3.111659074356155
2001-08-17,3.0803427079519854
2001-08-18,3.1018983012853143
2001-08-19,3.093712408080486
2001-08-20,3.0895658677609728
2001-08-21,3.079162423594841
2001-08-22,3.077234551234442
2001-08-23,3.0634579480400665
2001-08-24,3.090627324628364
2001-08-25,3.0773696354151108
2001-08-26,3.07153018086046
2001-08-27,3.057476427753143
2001-08-28,3.0386027159999927
2001-08-29,3.0069324766487124
2001-08-30,2.959733659623521
2001-08-31,2.9287979081982436
2001-09-01,2.914318258129896
2001-09-02,2.9028801973991243
2001-09-03,2.93195550825366
2001-09-04,3.001562130725362
2001-09-05,2.993535213196571
2001-09-06,2.899167365760289
2001-09-07,2.9178771604290414
2001-09-08,2.903194033210373
2001-09-09,2.8885301204251093
2001-09-10,2.9123551447531177
2001-09-11,2.8946620347261525
2001-09-12,2.8965798245312446
2001-09-13,2.7945690550134854
2001-09-14,2.819625035500174
2001-09-15,2.8109319353855886
2001-09-16,2.812076615601529
2001-09-17,2.8073964859447647
2001-09-18,2.7576741161049503
2001-09-19,2.7471953978278902
2001-09-20,2.7012365738104367
2001-09-21,2.7260792599730372
2001-09-22,2.727004874285699
2001-09-23,2.733483817591591
2001-09-24,2.7374881095147
2001-09-25,2.819480254524584
2001-09-26,2.840924824695884
2001-09-27,2.879519428754132
2001-09-28,2.8944294894401152
2001-09-29,2.8820042929434515
2001-09-30,2.876361846776687
2001-10-01,2.8923527052248255
2001-10-02,2.85220457216365
2001-10-03,2.830067986856359
2001-10-04,2.834463453586812
2001-10-05,2.8323633636421848
2001-10-06,2.807455117430906
2001-10-07,2.796027103505896
2001-10-08,2.784420846376083
2001-10-09,2.763768198706378
2001-10-10,2.7400738690248856
2001-10-11,2.6998359183041902
2001-10-12,2.724795265796068
2001-10-13,2.7096987930911416
2001-10-14,2.69633889827034
2001-10-15,2.8287200735735
2001-10-16,2.819784703703574
2001-10-17,2.163924275301608
2001-10-18,2.0663725287251316
2001-10-19,2.02587258959635
2001-10-20,2.0307643312779335
2001-10-21,2.022561477503107
2001-10-22,1.9434230948470472
2001-10-23,1.8943251946977009
2001-10-24,1.7339449439770247
2001-10-25,1.6918910886014888
2001-10-26,1.6852099625410195
2001-10-27,1.6875558749760993
2001-10-28,1.6541651872805092
2001-10-29,1.6508256242228971
2001-10-30,1.6619230690888602
2001-10-31,1.6454529953578063
2001-11-01,1.600351482161452
2001-11-02,1.5850313146862909
2001-11-03,1.5741949844018714
2001-11-04,1.5705221284914872
2001-11-05,1.500722594640712
2001-11-06,1.2474923134086384
2001-11-07,1.2674517616859715
2001-11-08,1.262702192734924
2001-11-09,1.25502141787609
2001-11-10,1.2541858067994247
2001-11-11,1.23827914819421
2001-11-12,1.2668990191659426
2001-11-13,1.257982935660535
2001-11-14,1.220637971846935
2001-11-15,1.0193035319004702
2001-11-16,1.0202318415034068
2001-11-17,1.0241525433383054
2001-11-18,0.9962670392353415
2001-11-19,0.958837441845465
2001-11-20,1.0139498547340555
2001-11-21,0.9990744944006584
2001-11-22,1.0398198137152417
2001-11-23,1.0618211263792974
2001-11-24,1.063197108022138
2001-11-25,1.053500153576134
2001-11-26,1.0370552027958078
2001-11-27,0.9910265789528476
2001-11-28,0.9944941317344496
2001-11-29,0.9611537116285498
2001-11-30,0.965236888754898
2001-12-01,1.0113179671574053
2001-12-02,0.989432034903306
2001-12-03,1.0013128368765205
2001-12-04,0.9281667897473084
2001-12-05,0.9599721863855256
2001-12-06,1.015576553234804
2001-12-07,1.002522426522697
2001-12-08,0.9862250062059554
2001-12-09,0.9930040255140992
2001-12-10,1.0002897083293258
2001-12-11,1.030076238288276
2001-12-12,1.06768496536642
2001-12-13,0.9795313440744184
2001-12-14,0.9680879550793028
2001-12-15,0.9009259178224216
2001-12-16,0.8948490045293127
2001-12-17,0.884568800553355
2001-12-18,0.7735027100930503
2001-12-19,0.7502010701715611
2001-12-20,0.6910606242251665
2001-12-21,0.7168938659684025
2001-12-22,0.7103692659362189
2001-12-23,0.7022339727816798
2001-12-24,0.678956377578638
2001-12-25,0.5176121021317481
2001-12-26,0.5058605138043619
2001-12-27,0.5142960542715231
2001-12-28,0.5054673418987226
2001-12-29,0.4944183130124782
2001-12-30,0.5029410491498632
2001-12-31,0.4589148070645823
2002-01-01,0.5395287405436298
2002-01-02,0.486744711648905
2002-01-03,0.5635215195513377
2002-01-04,0.5522638324409561
2002-01-05,0.5301603566970257
2002-01-06,0.5483876656359428
2002-01-07,0.5624128621404689
2002-01-08,0.5458873543497123
2002-01-09,0.5490486356715505
2002-01-10,0.5432193400492271
2002-01-11,0.5225076681936649
2002-01-12,0.5141208279753342
2002-01-13,0.5006756264007248
2002-01-14,0.4968230652503123
2002-01-15,0.4269835806457664
2002-01-16,0.3955430712633072
2002-01-17,0.4097304136049362
2002-01-18,0.3806793521910943
2002-01-19,0.3815901870297518
2002-01-20,0.3760531025382305
2002-01-21,0.384630389551162
2002-01-22,0.3628554299599762
2002-01-23,0.1676484906389959
2002-01-24,0.2839675424190959
2002-01-25,0.2767727282507453
2002-01-26,0.2722615231346297
2002-01-27,0.2533880681412577
2002-01-28,0.2163265450700766
2002-01-29,0.2442976059882653
2002-01-30,0.1888736838433491
2002-01-31,0.1824469174239933
2002-02-01,0.2766882135760675
2002-02-02,0.2058088376523184
2002-02-03,0.2112919701222551
2002-02-04,0.2441739586970466
2002-02-05,0.2131276437426215
2002-02-06,0.2031533898619479
2002-02-07,0.1353591356031964
2002-02-08,0.1351421204904732
2002-02-09,0.1169382723602412
2002-02-10,0.1108155244086663
2002-02-11,0.0958304113887429
2002-02-12,-0.0292418913176453
2002-02-13,-0.0122106561521087
2002-02-14,-0.0183809756812598
2002-02-15,0.1499208336515858
2002-02-16,0.1497742320126267
2002-02-17,0.1158635149260018
2002-02-18,0.2183868709990921
2002-02-19,0.2610725274564185
2002-02-20,0.2736107199418929
2002-02-21,0.2407858314457938
2002-02-22,0.2375338187896498
2002-02-23,0.2312321451252765
2002-02-24,0.2191026174620498
2002-02-25,0.2171363223684523
2002-02-26,0.1897352867630339
2002-02-27,0.1845553968306421
2002-02-28,0.146334955906862
2002-03-01,0.2635918006561497
2002-03-02,0.2138202672794902
2002-03-03,0.2046009849867114
2002-03-04,0.1992722904422779
2002-03-05,-0.0168335984085898
2002-03-06,-0.0338607042703471
2002-03-07,-0.1669850182634582
2002-03-08,-0.1663219549593098
2002-03-09,-0.1628624617055769
2002-03-10,-0.1630735543114081
2002-03-11,-0.2653947797159688
2002-03-12,-0.3581903231647358
2002-03-13,-0.3955317209912792
2002-03-14,-0.3817312225850151
2002-03-15,-0.2414477511683492
2002-03-16,-0.224641468653219
2002-03-17,-0.2390890017675824
2002-03-18,-0.2187244640945267
2002-03-19,-0.140383947086784
2002-03-20,-0.2030396566204304
2002-03-21,-0.2603792052424443
2002-03-22,-0.2691048850254951
2002-03-23,-0.2810777210149178
2002-03-24,-0.2622748593869133
2002-03-25,-0.2488815648409592
2002-03-26,-0.2992414334076989
2002-03-27,-0.3460179857938019
2002-03-28,-0.3831164550575336
2002-03-29,-0.3902318018214687
2002-03-30,-0.386747000181856
2002-03-31,-0.5225260617738958
2002-04-01,-0.4354406982101668
2002-04-02,-0.5337685408675141
2002-04-03,-0.5170365982600065
2002-04-04,-0.5042446976833608
2002-04-05,-0.5110758640692068
2002-04-06,-0.5044797251401132
2002-04-07,-0.5136851149496255
2002-04-08,-0.4545406595775572
2002-04-09,-0.4520807383915075
2002-04-10,-0.4438626568675401
2002-04-11,-0.4520514001527291
2002-04-12,-0.4504401088628476
2002-04-13,-0.4565444948714314
2002-04-14,-0.4523738787549978
2002-04-15,-0.3000277493874379
2002-04-16,-0.2686021617869678
2002-04-17,-0.062516885793928
2002-04-18,-0.3948537724413938
2002-04-19,-0.4343555486494241
2002-04-20,-0.4323286510942155
2002-04-21,-0.4349340250349858
2002-04-22,-0.4707129576897144
2002-04-23,-0.7005938264243285
2002-04-24,-0.7093265698113123
2002-04-25,-0.985785900692678
2002-04-26,-0.9260046250429844
2002-04-27,-0.9264363132044008
2002-04-28,-0.9232523014607664
2002-04-29,-0.9396389300519612
2002-04-30,-0.9405546575722892
2002-05-01,-0.8702395613287783
2002-05-02,-0.8960851571268558
2002-05-03,-0.8318027265048409
2002-05-04,-0.8290557938292866
2002-05-05,-0.8331400024327582
2002-05-06,-0.8384576103288017
2002-05-07,-0.8221989648746462
2002-05-08,-0.7854650751783328
2002-05-09,-0.7843727578959747
2002-05-10,-0.8052768221898887
2002-05-11,-0.8124303415255798
2002-05-12,-0.7889992074464804
2002-05-13,-0.8133164992432569
2002-05-14,-0.9416860476549682
2002-05-15,-0.5057260706289752
2002-05-16,-0.4970970266492989
2002-05-17,-0.4927298240217852
2002-05-18,-0.5008260301884451
2002-05-19,-0.5072718799511633
2002-05-20,-0.5102087774184705
2002-05-21,-0.5577732210286541
2002-05-22,-0.5097717674681563
2002-05-23,-0.503754004852039
2002-05-24,-0.5158804304776421
2002-05-25,-0.5178709835583657
2002-05-26,-0.5162071048608929
2002-05-27,-0.521820270307868
2002-05-28,-0.5138870262719295
2002-05-29,-0.5324630930382774
2002-05-30,-0.5563284618774329
2002-05-31,-0.56769761390118
2002-06-01,-0.4871475830697402
2002-06-02,-0.5644648731957949
2002-06-03,-0.5557141770115424
2002-06-04,-0.577132187075104
2002-06-05,-0.6648105884855164
2002-06-06,-0.7256374880639855
2002-06-07,-0.6916569106216985
2002-06-08,-0.6951198319107528
2002-06-09,-0.7132689814646871
2002-06-10,-0.785893171926527
2002-06-11,-0.8255736171063801
2002-06-12,-0.7560699577368029
2002-06-13,-0.8105558478861461
2002-06-14,-0.8901929506927235
2002-06-15,-0.8028312735730743
2002-06-16,-0.8054565289029827
2002-06-17,-0.7959873171960514
2002-06-18,-0.8398397266771931
2002-06-19,-0.4986299161319438
2002-06-20,-0.4884175939494888
2002-06-21,-0.5013780321682666
2002-06-22,-0.5250280318919827
2002-06-23,-0.5393593040390816
2002-06-24,-0.5567791808441482
2002-06-25,-0.6267331112916317
2002-06-26,-0.6170122353178473
2002-06-27,-0.6818048401288261
2002-06-28,-0.6727046874617888
2002-06-29,-0.6601103594895887
2002-06-30,-0.6531907292925285
2002-07-01,-0.5039655217386603
2002-07-02,-0.6598342590005868
2002-07-03,-0.648940455852884
2002-07-04,-0.6562343314412553
2002-07-05,-0.6689967950761888
2002-07-06,-0.6663996640133196
2002-07-07,-0.6779877613060017
2002-07-08,-0.6666936767862008
2002-07-09,-0.6544786127957272
2002-07-10,-0.6643194343098417
2002-07-11,-0.6425694695648305
2002-07-12,-0.6505819264003345
2002-07-13,-0.6534736673952488
2002-07-14,-0.6409513837704863
2002-07-15,-0.7024125009409619
2002-07-16,-0.6621746424240671
2002-07-17,-0.6991632522325828
2002-07-18,-0.6922848811861249
2002-07-19,-0.7664448149981431
2002-07-20,-0.7744486177152323
2002-07-21,-0.7685921238864486
2002-07-22,-0.7606627533781012
2002-07-23,-0.7904536183013171
2002-07-24,-0.7937172483656041
2002-07-25,-0.8352061591876225
2002-07-26,-0.8528328747583842
2002-07-27,-0.8665460275997705
2002-07-28,-0.8623141555136908
2002-07-29,-0.8154333809086132
2002-07-30,-0.8366970475542108
2002-07-31,-0.7831251727167676
2002-08-01,-0.5185724923581345
2002-08-02,-0.6437811356918863
2002-08-03,-0.6400801872117112
2002-08-04,-0.6377801181754799
2002-08-05,-0.649166280933168
2002-08-06,-0.6233441834297411
2002-08-07,-0.6631516013853851
2002-08-08,-0.6852522400573107
2002-08-09,-0.6828657958090418
2002-08-10,-0.6839245205739677
2002-08-11,-0.6784428384904522
2002-08-12,-0.6687343441161278
2002-08-13,-0.6603770556586359
2002-08-14,-0.6743208419204194
2002-08-15,-0.5373233119692697
2002-08-16,-0.5238321749398578
2002-08-17,-0.5279481194235478
2002-08-18,-0.5181499970143104
2002-08-19,-0.528961690550358
2002-08-20,-0.5213823332252643
2002-08-21,-0.462509056096636
2002-08-22,-0.4541696739404464
2002-08-23,-0.4599802849814414
2002-08-24,-0.4652814971204422
2002-08-25,-0.4565261142181258
2002-08-26,-0.4668185296146281
2002-08-27,-0.3980486693479363
2002-08-28,-0.3686660497038478
2002-08-29,-0.4007350881661677
2002-08-30,-0.3872597546400484
2002-08-31,-0.3868683463102695
2002-09-01,-0.2448441364779632
2002-09-02,-0.3051155249761437
2002-09-03,-0.4215138668671985
2002-09-04,-0.5258810598355015
2002-09-05,-0.5965169871185387
2002-09-06,-0.593820812901146
2002-09-07,-0.5873065425592023
2002-09-08,-0.5602313312554599
2002-09-09,-0.5060409444490741
2002-09-10,-0.3825314280699081
2002-09-11,-0.2902493297138631
2002-09-12,-0.3836182291914651
2002-09-13,-0.420425599431196
2002-09-14,-0.4102792692140786
2002-09-15,-0.2842275634232316
2002-09-16,-0.2825902509003044
2002-09-17,-0.2769815157345068
2002-09-18,-0.2577860662862852
2002-09-19,-0.2428131296569597
2002-09-20,-0.2518648699840904
2002-09-21,-0.2502911903183555
2002-09-22,-0.2405226250057057
2002-09-23,-0.2490841530276517
2002-09-24,-0.2903953252270104
2002-09-25,-0.2485873201156421
2002-09-26,-0.2443917097109049
2002-09-27,-0.2605620424574559
2002-09-28,-0.2569221341035677
2002-09-29,-0.2468441197339346
2002-09-30,-0.2575784418274343
2002-10-01,-0.1134360445410878
2002-10-02,-0.2127412006415894
2002-10-03,-0.1943971207009975
2002-10-04,-0.3505014108133948
2002-10-05,-0.3489898919124048
2002-10-06,-0.3500743312411885
2002-10-07,-0.3607838484983587
2002-10-08,-0.3088219662433054
2002-10-09,-0.3132721769067044
2002-10-10,-0.2812163018899847
2002-10-11,-0.2599457984146003
2002-10-12,-0.2559634690392132
2002-10-13,-0.2628814415911757
2002-10-14,-0.2608935808475396
2002-10-15,-0.1039764643827942
2002-10-16,0.005295278621106
2002-10-17,0.161126191848977
2002-10-18,0.1940098082656449
2002-10-19,0.1812138383516139
2002-10-20,0.1418384760677877
2002-10-21,0.1214066568255769
2002-10-22,0.0442631340379375
2002-10-23,0.1064679942894697
2002-10-24,0.2066722867223998
2002-10-25,0.3384316618085168
2002-10-26,0.35969001403067
2002-10-27,0.3559914026278488
2002-10-28,0.3776923067738487
2002-10-29,0.5116762553944487
2002-10-30,0.6294952581181774
2002-10-31,0.7822895511272314
2002-11-01,0.885190650451924
2002-11-02,0.7887245354841887
2002-11-03,0.7811750961610961
2002-11-04,0.7941278557359976
2002-11-05,0.7840862821015695
2002-11-06,0.8038625414786429
2002-11-07,0.803980122342296
2002-11-08,0.8196558251689106
2002-11-09,0.8218680215438177
2002-11-10,0.8230586764427561
2002-11-11,0.7856045871273145
2002-11-12,0.7594795732744828
2002-11-13,0.7977260179422796
2002-11-14,0.7894911691728188
2002-11-15,0.8949430910442628
2002-11-16,0.9006803350926216
2002-11-17,0.8987886525593112
2002-11-18,0.8720409805157061
2002-11-19,0.860396032618568
2002-11-20,0.8538821410538207
2002-11-21,0.8387919748636428
2002-11-22,0.8568501342634902
2002-11-23,0.8525011704777787
2002-11-24,0.8549256693798384
2002-11-25,0.8473711371036434
2002-11-26,0.8592528223317428
2002-11-27,0.8664871890758024
2002-11-28,0.9598127408384703
2002-11-29,0.9402080726179554
2002-11-30,0.938697416223762
2002-12-01,1.0116578734569597
2002-12-02,0.9376548431529454
2002-12-03,1.0658901990377334
2002-12-04,1.0144429425365895
2002-12-05,1.1626762291235466
2002-12-06,1.18783880825705
2002-12-07,1.173797030859451
2002-12-08,1.1939756125559993
2002-12-09,1.3231192169238066
2002-12-10,1.431122055128689
2002-12-11,1.4368452595798384
2002-12-12,1.6478370054203406
2002-12-13,1.678510462303869
2002-12-14,1.6489283326704245
2002-12-15,1.6698290359396122
2002-12-16,1.651459841950563
2002-12-17,1.738363411226103
2002-12-18,1.7617117944972744
2002-12-19,1.6884869002749752
2002-12-20,1.633913025863324
2002-12-21,1.6319712534281785
2002-12-22,1.6206931973087628
2002-12-23,1.613417691335139
2002-12-24,1.6173235254220732
2002-12-25,1.6140287458244806
2002-12-26,1.6538996933977224
2002-12-27,1.6403983786948366
2002-12-28,1.6397211902983777
2002-12-29,1.6288759425533468
2002-12-30,1.6234816013877928
2002-12-31,1.596630644711886
2003-01-01,1.6858895968447007
2003-01-02,1.704584775432183
2003-01-03,1.6891387068682562
2003-01-04,1.6894593363471038
2003-01-05,1.6895010812471165
2003-01-06,1.663175487648059
2003-01-07,1.6531343333317228
2003-01-08,1.6329700882502038
2003-01-09,1.632986973922824
2003-01-10,1.612299882063578
2003-01-11,1.615976798347956
2003-01-12,1.6015421702890715
2003-01-13,1.6019666730674054
2003-01-14,1.594534428806524
2003-01-15,1.637859010402502
2003-01-16,1.5696289455010397
2003-01-17,1.6048328478158322
2003-01-18,1.5967661023727109
2003-01-19,1.5862436191768343
2003-01-20,1.572298290993786
2003-01-21,1.577664381278418
2003-01-22,1.5608501079082655
2003-01-23,1.5522105757315208
2003-01-24,1.5014700247672126
2003-01-25,1.4893855411094044
2003-01-26,1.4700545703624497
2003-01-27,1.4705440254122748
2003-01-28,1.4288947408397985
2003-01-29,1.3609359437195665
2003-01-30,1.3931843747433428
2003-01-31,1.4473672129089628
2003-02-01,1.5568376066110092
2003-02-02,1.4846619336294054
2003-02-03,1.485328898064603
2003-02-04,1.438265623825608
2003-02-05,1.412521273500983
2003-02-06,1.4644788199815646
2003-02-07,1.4554112796866323
2003-02-08,1.4557555762183814
2003-02-09,1.4560396961182835
2003-02-10,1.4753357243170822
2003-02-11,1.5773920622436006
2003-02-12,1.5673264990572138
2003-02-13,1.6413221024320732
2003-02-14,1.6300412075200006
2003-02-15,1.753964031074317
2003-02-16,1.7498912796028985
2003-02-17,1.7432348859501436
2003-02-18,1.7479099864929697
2003-02-19,1.677918977335724
2003-02-20,1.785815743593043
2003-02-21,1.793857984042071
2003-02-22,1.7858967452555792
2003-02-23,1.7608037267305203
2003-02-24,1.7494983609251231
2003-02-25,1.7429850935232771
2003-02-26,1.7417835148665115
2003-02-27,1.788668377076561
2003-02-28,1.7859806544729966
2003-03-01,1.8561678709327951
2003-03-02,1.8202118235512164
2003-03-03,1.8192293705565208
2003-03-04,1.7861859632444026
2003-03-05,2.1781584330559274
2003-03-06,2.098294246112024
2003-03-07,2.1135208176351696
2003-03-08,2.1088874803020223
2003-03-09,2.0997549053562667
2003-03-10,2.0956663347080795
2003-03-11,2.1411139787411733
2003-03-12,2.120388968937707
2003-03-13,2.122150334567813
2003-03-14,2.1507929612306627
2003-03-15,2.2832316953361205
2003-03-16,2.2778979037571885
2003-03-17,2.289925935655583
2003-03-18,2.3029343076548985
2003-03-19,2.325635376768119
2003-03-20,2.350797987621754
2003-03-21,2.3597156774501573
2003-03-22,2.357410473422097
2003-03-23,2.3703143452101543
2003-03-24,2.384153494921389
2003-03-25,2.370320504808105
2003-03-26,2.3940437890670645
2003-03-27,2.3961461186476525
2003-03-28,2.387423595136072
2003-03-29,2.3930800379406474
2003-03-30,2.3857773204044785
2003-03-31,2.3487355519645794
2003-04-01,2.3774014678636366
2003-04-02,2.366490695598105
2003-04-03,2.368498651279129
2003-04-04,2.385499426404258
2003-04-05,2.3767232781988232
2003-04-06,2.386376249718122
2003-04-07,2.3755092919506167
2003-04-08,2.371613124578994
2003-04-09,2.3396164185691175
2003-04-10,2.360091497535085
2003-04-11,2.2621228457877764
2003-04-12,2.2590621661650623
2003-04-13,2.254237606988837
2003-04-14,2.269980630221226
2003-04-15,2.218698382052213
2003-04-16,2.3602497958862765
2003-04-17,2.267292690102967
2003-04-18,2.260835613846317
2003-04-19,2.2441017384718625
2003-04-20,2.234042651937662
2003-04-21,2.2262421827776446
2003-04-22,2.261089628707202
2003-04-23,2.335025390851873
2003-04-24,2.363556375212845
2003-04-25,2.3754359031238037
2003-04-26,2.3692378717555345
2003-04-27,2.361287138691062
2003-04-28,2.3867003578760366
2003-04-29,2.5757777886885975
2003-04-30,2.740485301371146
2003-05-01,2.8614036708137265
2003-05-02,2.944011858015221
2003-05-03,2.9500803469711525
2003-05-04,2.94990860995131
2003-05-05,2.9264849568662457
2003-05-06,2.9614362576692637
2003-05-07,2.9158223867576663
2003-05-08,2.943003949263213
2003-05-09,2.9286395405438563
2003-05-10,2.926359658095179
2003-05-11,2.9236799555036743
2003-05-12,2.92798201011403
2003-05-13,2.881358021099505
2003-05-14,2.8451077560920104
2003-05-15,2.662594494529766
2003-05-16,2.654964897938271
2003-05-17,2.655542850796033
2003-05-18,2.628638382217294
2003-05-19,2.608068817477468
2003-05-20,2.589391821307988
2003-05-21,2.586696312506258
2003-05-22,2.585853025941218
2003-05-23,2.5815488651375347
2003-05-24,2.5798613263090484
2003-05-25,2.576071986227681
2003-05-26,2.572395967577541
2003-05-27,2.56699735791756
2003-05-28,2.562328540157642
2003-05-29,2.568827639694139
2003-05-30,2.562430845380758
2003-05-31,2.564553170369809
2003-06-01,2.631537639350746
2003-06-02,2.5585872940985954
2003-06-03,2.582927910636901
2003-06-04,2.6165238799895025
2003-06-05,2.6953388768044073
2003-06-06,2.665743967365753
2003-06-07,2.646091456101806
2003-06-08,2.6478836190014245
2003-06-09,2.6252958031950424
2003-06-10,2.657351308890316
2003-06-11,2.677827876240684
2003-06-12,2.6583249073994715
2003-06-13,2.635888677199456
2003-06-14,2.622586596356497
2003-06-15,2.5436987816786027
2003-06-16,2.55118849919966
2003-06-17,2.4975442810546493
2003-06-18,2.52239540905102
2003-06-19,2.5746702492676743
2003-06-20,2.5761272053161894
2003-06-21,2.558766770215376
2003-06-22,2.554585858241157
2003-06-23,2.52221360634915
2003-06-24,2.4736244352327743
2003-06-25,2.4716544973044736
2003-06-26,2.4512296836114436
2003-06-27,2.444187463543346
2003-06-28,2.4436727958563287
2003-06-29,2.439339791835943
2003-06-30,2.445865175118704
2003-07-01,2.5571018438280575
2003-07-02,2.506076575856278
2003-07-03,2.511161274978285
2003-07-04,2.5055647195959505
2003-07-05,2.496269145709719
2003-07-06,2.4952731506310153
2003-07-07,2.4968175897153726
2003-07-08,2.505519895321025
2003-07-09,2.528486169985474
2003-07-10,2.545177577998121
2003-07-11,2.52624898887168
2003-07-12,2.539684762684904
2003-07-13,2.532049098743936
2003-07-14,2.5323163195417733
2003-07-15,2.5494115500213725
2003-07-16,2.5462920211377975
2003-07-17,2.442970867928129
2003-07-18,2.428004535724917
2003-07-19,2.437551311063632
2003-07-20,2.4404919328504433
2003-07-21,2.4277455770501883
2003-07-22,2.3863285055408707
2003-07-23,2.4678073440746946
2003-07-24,2.4373955802726233
2003-07-25,2.5467149447373387
2003-07-26,2.562865324292398
2003-07-27,2.568177018820765
2003-07-28,2.581119112043848
2003-07-29,2.4218392740162886
2003-07-30,2.3386399783250456
2003-07-31,2.2308430507099235
2003-08-01,2.296480841897947
2003-08-02,2.2621382551110627
2003-08-03,2.262537886986346
2003-08-04,2.257225978358939
2003-08-05,2.2029886814279314
2003-08-06,2.201823417858656
2003-08-07,2.21123679594546
2003-08-08,2.2069474781513976
2003-08-09,2.2073147366018615
2003-08-10,2.2065357920632698
2003-08-11,2.188224205858544
2003-08-12,2.1646448869362107
2003-08-13,2.156337222917187
2003-08-14,2.201285221302869
2003-08-15,2.2950505360675812
2003-08-16,2.290941373786098
2003-08-17,2.271871034273381
2003-08-18,2.268967419773999
2003-08-19,2.1872755895912985
2003-08-20,2.131007179133129
2003-08-21,2.129371339414285
2003-08-22,2.132336916953582
2003-08-23,2.1291072483493547
2003-08-24,2.1255791292778863
2003-08-25,2.0900955716033964
2003-08-26,2.085995240667031
2003-08-27,2.084337962837955
2003-08-28,2.097029434091721
2003-08-29,2.1029972702837547
2003-08-30,2.096582284925104
2003-08-31,2.085846732625549
2003-09-01,2.149267393808598
2003-09-02,2.1267261383840506
2003-09-03,2.03355825668522
2003-09-04,2.223834654790968
2003-09-05,2.250509723022187
2003-09-06,2.2476379257059196
2003-09-07,2.2331718904242974
2003-09-08,2.250676844325379
2003-09-09,2.4000485902464535
2003-09-10,2.4701786401494576
2003-09-11,2.562533912109056
2003-09-12,2.4980300303112006
2003-09-13,2.48627865854095
2003-09-14,2.485802615134986
2003-09-15,2.5471950384651603
2003-09-16,2.552292047070665
2003-09-17,2.5913561165518093
2003-09-18,2.6021692958837077
2003-09-19,2.58245228977688
2003-09-20,2.5678422024646896
2003-09-21,2.561503867447822
2003-09-22,2.5584114875702406
2003-09-23,2.5593446941401083
2003-09-24,2.561825298783101
2003-09-25,2.5764214892855732
2003-09-26,2.5794132184929506
2003-09-27,2.580052752846618
2003-09-28,2.5765949128275287
2003-09-29,2.5655862540774352
2003-09-30,2.7342573771053416
2003-10-01,2.7203167531576153
2003-10-02,2.729610067336681
2003-10-03,2.722652404660868
2003-10-04,2.7222414457103223
2003-10-05,2.715275889369354
2003-10-06,2.6936833174790635
2003-10-07,2.71302006790331
2003-10-08,2.7101733359338422
2003-10-09,2.7030471645231797
2003-10-10,2.702868202761228
2003-10-11,2.7036884021990355
2003-10-12,2.697322298050681
2003-10-13,2.692794084137053
2003-10-14,2.675755109596534
2003-10-15,2.7750065821982006
2003-10-16,2.7388348264850535
2003-10-17,2.7364856631129264
2003-10-18,2.7359794769173083
2003-10-19,2.742154714107395
2003-10-20,2.6853871621686065
2003-10-21,2.6899216333301244
2003-10-22,2.705764574888721
2003-10-23,2.7640481779591832
2003-10-24,2.74602005515971
2003-10-25,2.7352118996424952
2003-10-26,2.730550489300998
2003-10-27,2.7406228070474805
2003-10-28,2.6872306334534457
2003-10-29,2.6746483001592827
2003-10-30,2.7187572567642846
2003-10-31,2.742082931570361
2003-11-01,2.768754188391444
2003-11-02,2.7630049471860945
2003-11-03,2.7520153800180545
2003-11-04,2.7971340763825014
2003-11-05,2.8002892389789817
2003-11-06,2.8015414485545693
2003-11-07,2.830123031417767
2003-11-08,2.831389757663615
2003-11-09,2.82831523903754
2003-11-10,2.8149572280444515
2003-11-11,2.7445630280127915
2003-11-12,2.7081956099287963
2003-11-13,2.7243328478923696
2003-11-14,2.733357045497785
2003-11-15,2.672740507869458
2003-11-16,2.6651757861888132
2003-11-17,2.639282830629483
2003-11-18,2.6228783422118647
2003-11-19,2.6117032036468686
2003-11-20,2.597244854187969
2003-11-21,2.5946245840682254
2003-11-22,2.5933011250289546
2003-11-23,2.5978536507882555
2003-11-24,2.5787353029310163
2003-11-25,2.5814362168753
2003-11-26,2.5759318480987883
2003-11-27,2.559208340484457
2003-11-28,2.5151152522323814
2003-11-29,2.5158212046163513
2003-11-30,2.5114258028179917
2003-12-01,2.5600069049441467
2003-12-02,2.5143988964528337
2003-12-03,2.5568965192121604
2003-12-04,2.5991310412320106
2003-12-05,2.693650710381537
2003-12-06,2.6979682276563186
2003-12-07,2.6880355141531664
2003-12-08,2.6686256033511806
2003-12-09,2.711336052398582
2003-12-10,2.7862472355082932
2003-12-11,2.780231996366421
2003-12-12,2.7859382450677783
2003-12-13,2.7877873888484146
2003-12-14,2.7916083152938036
2003-12-15,2.7654511957276027
2003-12-16,2.8034197942932044
2003-12-17,2.8355410008715367
2003-12-18,2.730610089284792
2003-12-19,2.737079663240816
2003-12-20,2.7363029162796035
2003-12-21,2.7407313626357483
2003-12-22,2.7610455421560074
2003-12-23,2.788187172673015
2003-12-24,2.8234079836687287
2003-12-25,2.8272698177259397
2003-12-26,2.829243353644142
2003-12-27,2.827416363559258
2003-12-28,2.8252593444522596
2003-12-29,2.833135607134004
2003-12-30,2.8195342232597858
2003-12-31,2.80617491079979
2004-01-01,2.850564552906896
2004-01-02,2.836420642005105
2004-01-03,2.840867788266157
2004-01-04,2.837708912425411
2004-01-05,2.835124648248157
2004-01-06,2.842244425776178
2004-01-07,2.8033782508010736
2004-01-08,2.8087638309406717
2004-01-09,2.821719807669606
2004-01-10,2.8180773462475868
2004-01-11,2.8289271264082627
2004-01-12,2.834642362777391
2004-01-13,2.795294795806217
2004-01-14,2.7881699396897544
2004-01-15,2.8214598068854544
2004-01-16,2.8319718815819495
2004-01-17,2.822264268182233
2004-01-18,2.8251958654372875
2004-01-19,2.8329004560293636
2004-01-20,2.849619539297608
2004-01-21,2.843815700299924
2004-01-22,2.928967573371483
2004-01-23,2.9625157290045623
2004-01-24,2.947284074603919
2004-01-25,2.9403801461965027
2004-01-26,2.9771990441036182
2004-01-27,2.9854793660162633
2004-01-28,2.948523492244582
2004-01-29,2.9479078230010747
2004-01-30,2.9347281886993746
2004-01-31,2.9423508476775155
2004-02-01,2.9474390073786583
2004-02-02,2.955075756282473
2004-02-03,2.9842168747578808
2004-02-04,2.968753480196467
2004-02-05,2.9334769239107965
2004-02-06,2.95647131594157
2004-02-07,2.961715551502279
2004-02-08,2.9530935406244407
2004-02-09,2.991790576692132
2004-02-10,3.0251142879151462
2004-02-11,3.0567837675958422
2004-02-12,3.086682518148398
2004-02-13,3.1226181641607593
2004-02-14,3.1263646358191055
2004-02-15,3.2383890195748313
2004-02-16,3.216613143577502
2004-02-17,3.2064905701419746
2004-02-18,3.192486139678966
2004-02-19,3.2970618766352575
2004-02-20,3.3411268947399586
2004-02-21,3.34641409887975
2004-02-22,3.3415671332722288
2004-02-23,3.363422347551652
2004-02-24,3.365884827223214
2004-02-25,3.361039471996608
2004-02-26,3.378121846737258
2004-02-27,3.3530199970294596
2004-02-28,3.3648808634480822
2004-02-29,3.369839140691518
2004-03-01,3.357328542162829
2004-03-02,3.2957088856543337
2004-03-03,3.2990920733718836
2004-03-04,3.28830852434176
2004-03-05,3.237962594163534
2004-03-06,3.2398991734479656
2004-03-07,3.249797969836957
2004-03-08,3.22595028605556
2004-03-09,3.189533592722991
2004-03-10,3.1629555683432917
2004-03-11,3.10960552853522
2004-03-12,3.1185001228378955
2004-03-13,3.1355206864421525
2004-03-14,3.1456994100848252
2004-03-15,3.185590402314408
2004-03-16,3.1449411765417365
2004-03-17,3.151361024184194
2004-03-18,3.077531274745509
2004-03-19,3.090385276325322
2004-03-20,3.10235078414573
2004-03-21,3.1036605936028496
2004-03-22,3.0827173776966963
2004-03-23,3.0821624451271092
2004-03-24,3.09091267297638
2004-03-25,3.083496650370736
2004-03-26,3.0903349179598036
2004-03-27,3.0962143256428067
2004-03-28,3.0902063642097897
2004-03-29,3.09042976366002
2004-03-30,3.0858291931211363
2004-03-31,3.05447796886967
2004-04-01,3.1026007194362615
2004-04-02,3.092400465233366
2004-04-03,3.0907224963399713
2004-04-04,3.0874523262062543
2004-04-05,3.0980784611880896
2004-04-06,3.0973575872414587
2004-04-07,3.109883628495389
2004-04-08,2.8789969538862783
2004-04-09,2.889888743386748
2004-04-10,2.887377457222392
2004-04-11,2.885037079039041
2004-04-12,2.8863485977511103
2004-04-13,2.900419396722545
2004-04-14,2.912558280063287
2004-04-15,2.9749057446572973
2004-04-16,2.9759336435115453
2004-04-17,2.9874911638339148
2004-04-18,2.9827809818033773
2004-04-19,2.994658631482966
2004-04-20,3.0534627118585727
2004-04-21,2.966526237861105
2004-04-22,3.018966274673726
2004-04-23,3.0301683138278506
2004-04-24,3.0287977747945383
2004-04-25,3.0285024045602222
2004-04-26,2.9553911431345283
2004-04-27,2.9934456272111354
2004-04-28,2.9939645799794303
2004-04-29,2.98837039365639
2004-04-30,3.0156346111852357
2004-05-01,3.0344759929245826
2004-05-02,3.010250789936639
2004-05-03,3.0072691350787433
2004-05-04,3.020367835147604
2004-05-05,3.0233532133070313
2004-05-06,3.056695303173787
2004-05-07,3.089720425909177
2004-05-08,3.0777883063699214
2004-05-09,3.073604346178091
2004-05-10,3.10502732412046
2004-05-11,3.13469354069609
2004-05-12,3.102069211274559
2004-05-13,3.033231813078322
2004-05-14,3.0354688500761804
2004-05-15,3.0633756525091904
2004-05-16,3.0586584496800757
2004-05-17,3.0450036986304085
2004-05-18,2.9869253272072056
2004-05-19,2.956377445993289
2004-05-20,2.9720617435259333
2004-05-21,2.9606130063674634
2004-05-22,2.9653207708002984
2004-05-23,2.9730679479579925
2004-05-24,2.975600081016447
2004-05-25,2.9735133901315565
2004-05-26,2.968410311592624
2004-05-27,2.97356998617386
2004-05-28,2.9699373564623417
2004-05-29,2.963258901361028
2004-05-30,2.9654625599586613
2004-05-31,2.953766701094721
2004-06-01,3.003565954668723
2004-06-02,3.0011100724655
2004-06-03,3.0665889551685392
2004-06-04,2.9941439913262573
2004-06-05,2.9919071143394955
2004-06-06,2.989981081949833
2004-06-07,2.961458091382329
2004-06-08,2.9385786398000686
2004-06-09,2.9422778830011613
2004-06-10,3.0607706179632146
2004-06-11,3.066655028324474
2004-06-12,3.0598351244534716
2004-06-13,3.0632436540513663
2004-06-14,3.0338985132083125
2004-06-15,3.195311812060406
2004-06-16,3.174678487477221
2004-06-17,3.209291085581142
2004-06-18,3.2174622306976373
2004-06-19,3.2082915720894354
2004-06-20,3.1999098480826027
2004-06-21,3.1943420226510773
2004-06-22,3.187637564570615
2004-06-23,3.18105557125972
2004-06-24,3.1191660485533124
2004-06-25,3.111658030141607
2004-06-26,3.1054042361239196
2004-06-27,3.10511694477947
2004-06-28,3.089498358426777
2004-06-29,2.9916224499321302
2004-06-30,3.0097498153336937
2004-07-01,2.9553206068115543
2004-07-02,2.9327460670464323
2004-07-03,2.9373960278752445
2004-07-04,2.9352619138727274
2004-07-05,2.9405162508173026
2004-07-06,2.955375910772635
2004-07-07,3.0105535144692808
2004-07-08,2.97010982950644
2004-07-09,2.9494671090159676
2004-07-10,2.9420543423688317
2004-07-11,2.964633609236345
2004-07-12,2.9467442290744126
2004-07-13,2.9280917395715607
2004-07-14,2.9429241516463787
2004-07-15,3.038377155505038
2004-07-16,3.042137789767685
2004-07-17,3.04892989239967
2004-07-18,3.060609752855796
2004-07-19,3.070400305456255
2004-07-20,3.101181017423957
2004-07-21,3.059579609354419
2004-07-22,3.0527497551541565
2004-07-23,3.039591761140692
2004-07-24,3.0376384442344984
2004-07-25,3.0378704174392466
2004-07-26,3.027895702949555
2004-07-27,3.0508623623337705
2004-07-28,2.9519285324120683
2004-07-29,3.0905026952555614
2004-07-30,3.1512741296296505
2004-07-31,3.139930253697883
2004-08-01,3.2024327309547065
2004-08-02,3.159793682655554
2004-08-03,3.2208535941521745
2004-08-04,3.24809396658025
2004-08-05,3.2675015135396697
2004-08-06,3.2642534771717795
2004-08-07,3.2580090943022504
2004-08-08,3.25722635780499
2004-08-09,3.2525158215053382
2004-08-10,3.2418782982912955
2004-08-11,3.228224982104411
2004-08-12,3.219753573250423
2004-08-13,3.2231292389135096
2004-08-14,3.215643904533049
2004-08-15,3.24682101846392
2004-08-16,3.2147133807175456
2004-08-17,3.1951582999229533
2004-08-18,3.197561336170433
2004-08-19,3.1883281379653523
2004-08-20,3.1852253770222028
2004-08-21,3.190257116570904
2004-08-22,3.1892831251092835
2004-08-23,3.1694415761438863
2004-08-24,3.1853224243108675
2004-08-25,3.191886767798184
2004-08-26,3.179654763799536
2004-08-27,3.2538207911777572
2004-08-28,3.2449210749230004
2004-08-29,3.237855622722393
2004-08-30,3.2103890149081025
2004-08-31,3.308368790409804
2004-09-01,3.26139794452957
2004-09-02,3.2573380340495843
2004-09-03,3.24725469691121
2004-09-04,3.2403991714124665
2004-09-05,3.237673092430586
2004-09-06,3.215279160162848
2004-09-07,3.237807339198526
2004-09-08,3.1036463566731594
2004-09-09,3.1145039303274524
2004-09-10,3.09969578581458
2004-09-11,3.0971392005263345
2004-09-12,3.0902692199691857
2004-09-13,3.026430396957039
2004-09-14,3.073534361710017
2004-09-15,3.0299577147469834
2004-09-16,3.0591418942089543
2004-09-17,3.0933806949900657
2004-09-18,3.0933408685961252
2004-09-19,3.0921822537044905
2004-09-20,3.113613911541089
2004-09-21,3.110622107798935
2004-09-22,3.0941315861408833
2004-09-23,3.1420482600664315
2004-09-24,3.186580933351044
2004-09-25,3.1811064827443616
2004-09-26,3.181509621149618
2004-09-27,3.189709274340028
2004-09-28,3.21767256362138
2004-09-29,3.2306411394448533
2004-09-30,3.250932858485905
2004-10-01,3.310107837434379
2004-10-02,3.2550304886744774
2004-10-03,3.257556797799752
2004-10-04,3.244164737621291
2004-10-05,3.262726348811378
2004-10-06,3.2508506488454527
2004-10-07,3.2467101265634017
2004-10-08,3.214394287936521
2004-10-09,3.210675028114758
2004-10-10,3.208989038574829
2004-10-11,3.197383605446718
2004-10-12,3.178004650924058
2004-10-13,3.1846043676995524
2004-10-14,3.1963002521632182
2004-10-15,3.2636915309812555
2004-10-16,3.2589257004182963
2004-10-17,3.2500001613408895
2004-10-18,3.2314948751953243
2004-10-19,3.2471949421693145
2004-10-20,3.2885944357849604
2004-10-21,3.320587205614549
2004-10-22,3.3282870868820127
2004-10-23,3.3251093514753087
2004-10-24,3.3180874455222535
2004-10-25,3.323532956454901
2004-10-26,3.333277726056922
2004-10-27,3.3400808365100287
2004-10-28,3.460573247509408
2004-10-29,3.4500445347627915
2004-10-30,3.4447039638452104
2004-10-31,3.4351706193563487
2004-11-01,3.526425576523602
2004-11-02,3.460202304946968
2004-11-03,3.500151743632
2004-11-04,3.5680653069079775
2004-11-05,3.5648509156017085
2004-11-06,3.5672658051969792
2004-11-07,3.5650322205589866
2004-11-08,3.558416442210349
2004-11-09,3.5310669465625293
2004-11-10,3.4972521931510725
2004-11-11,3.50973311738018
2004-11-12,3.5128543309771953
2004-11-13,3.521676536340964
2004-11-14,3.519371777671114
2004-11-15,3.659765260875104
2004-11-16,3.667564730527439
2004-11-17,3.6613506310768233
2004-11-18,3.648583392614292
2004-11-19,3.6489217846584463
2004-11-20,3.653413548140892
2004-11-21,3.651076281425081
2004-11-22,3.6394589503925463
2004-11-23,3.633373378184231
2004-11-24,3.6314545138139778
2004-11-25,3.6194008507181383
2004-11-26,3.632896940167692
2004-11-27,3.633039383936687
2004-11-28,3.6296838535318168
2004-11-29,3.623737230016025
2004-11-30,3.6655546709115834
2004-12-01,3.7349090860315486
2004-12-02,3.823008743912716
2004-12-03,3.818206204183191
2004-12-04,3.811761155836108
2004-12-05,3.805142209500941
2004-12-06,3.806492437794863
2004-12-07,3.8563441604423976
2004-12-08,3.867830417789013
2004-12-09,3.867584647545827
2004-12-10,3.73114635040668
2004-12-11,3.729911890800151
2004-12-12,3.72791740328918
2004-12-13,3.731285849320911
2004-12-14,3.740961219961216
2004-12-15,3.917902765792303
2004-12-16,4.006698911389983
2004-12-17,4.026294839103748
2004-12-18,4.0023998704848
2004-12-19,4.003387854382802
2004-12-20,3.9775008663834366
2004-12-21,3.9922808692766334
2004-12-22,3.9611908385742143
2004-12-23,3.9603948270982983
2004-12-24,3.957426328929734
2004-12-25,3.9507097484812137
2004-12-26,3.953979815969248
2004-12-27,3.943125263953984
2004-12-28,3.948533191768909
2004-12-29,3.964535084781861
2004-12-30,3.9438018310997824
2004-12-31,3.944766423408398
2005-01-01,3.980180920560045
2005-01-02,3.939899291580664
2005-01-03,3.9376719195541554
2005-01-04,3.972455173072751
2005-01-05,3.960384385317724
2005-01-06,3.952426252961808
2005-01-07,3.9556707673318408
2005-01-08,3.956081908424691
2005-01-09,3.94459710508359
2005-01-10,3.944743378319083
2005-01-11,3.903721331626112
2005-01-12,3.9162314833878114
2005-01-13,3.881683388913588
2005-01-14,3.871718863419125
2005-01-15,3.84821563464426
2005-01-16,3.847780024560879
2005-01-17,3.8413090679046458
2005-01-18,3.804535672239441
2005-01-19,3.744711555960472
2005-01-20,3.740750262290817
2005-01-21,4.066235173093102
2005-01-22,4.065286041158293
2005-01-23,4.06256536326769
2005-01-24,4.051237812089592
2005-01-25,4.023191340429139
2005-01-26,4.118004304290566
2005-01-27,4.290992379675832
2005-01-28,4.294725761408985
2005-01-29,4.290164367106825
2005-01-30,4.292399592329725
2005-01-31,4.246375044155405
2005-02-01,4.2709224946309705
2005-02-02,4.356772227205429
2005-02-03,4.430577388015042
2005-02-04,4.482683314629494
2005-02-05,4.47263860920284
2005-02-06,4.464196413774502
2005-02-07,4.466069157755191
2005-02-08,4.539210631872585
2005-02-09,4.526201111769993
2005-02-10,4.503551199758864
2005-02-11,4.499582280865539
2005-02-12,4.491452125631775
2005-02-13,4.4897348259758445
2005-02-14,4.482319277213065
2005-02-15,4.420029461677781
2005-02-16,4.37987544194703
2005-02-17,4.3981164370297545
2005-02-18,4.399182417929829
2005-02-19,4.392468447921038
2005-02-20,4.39218017888672
2005-02-21,4.373250596286407
2005-02-22,4.399507179916745
2005-02-23,4.396154967178608
2005-02-24,4.412315648682345
2005-02-25,4.435741933988671
2005-02-26,4.427763790156867
2005-02-27,4.423432065616226
2005-02-28,4.4447620868989866
2005-03-01,4.51884581552887
2005-03-02,4.4827166557518705
2005-03-03,4.477667822700306
2005-03-04,4.482043590223139
2005-03-05,4.46515575127734
2005-03-06,4.456839907612425
2005-03-07,4.49611555858786
2005-03-08,4.524558877297813
2005-03-09,4.54548592114452
2005-03-10,4.559720579637825
2005-03-11,4.539076251083437
2005-03-12,4.534853880121566
2005-03-13,4.542369694343086
2005-03-14,4.520479311778345
2005-03-15,4.602447185931446
2005-03-16,4.635980800275132
2005-03-17,4.656998599719167
2005-03-18,4.655708497491814
2005-03-19,4.6418058636840405
2005-03-20,4.643848188433429
2005-03-21,4.644077315581988
2005-03-22,4.649596598116865
2005-03-23,4.666212409281352
2005-03-24,4.665304685279863
2005-03-25,4.643752231982394
2005-03-26,4.637041603369569
2005-03-27,4.6417507698738
2005-03-28,4.630557904972071
2005-03-29,4.627829121145604
2005-03-30,4.645645780155525
2005-03-31,4.618997368990102
2005-04-01,4.6565189682474575
2005-04-02,4.634751921665759
2005-04-03,4.633403019299965
2005-04-04,4.6358648656773
2005-04-05,4.62469289657849
2005-04-06,4.6283594801636125
2005-04-07,4.614734490129693
2005-04-08,4.619812271117634
2005-04-09,4.623869797607678
2005-04-10,4.63790688521843
2005-04-11,4.642453849396344
2005-04-12,4.6347997839947865
2005-04-13,4.652050151654555
2005-04-14,4.664669891612814
2005-04-15,4.415627984231033
2005-04-16,4.41361102685749
2005-04-17,4.413835496704072
2005-04-18,4.425041206166311
2005-04-19,4.482002407206878
2005-04-20,4.452426305593948
2005-04-21,4.371235630024621
2005-04-22,4.382243858757796
2005-04-23,4.378607657295062
2005-04-24,4.374086709054936
2005-04-25,4.353999454549993
2005-04-26,3.864086171785783
2005-04-27,3.825284346370751
2005-04-28,3.670115723923899
2005-04-29,3.6467582671689343
2005-04-30,3.645826480567572
2005-05-01,3.686921578262443
2005-05-02,3.6442375396394615
2005-05-03,3.631496461585128
2005-05-04,3.5692895375092824
2005-05-05,3.5286818170679326
2005-05-06,3.487138603492447
2005-05-07,3.495419006126969
2005-05-08,3.5048769993182476
2005-05-09,3.510809800045453
2005-05-10,3.5052370957480665
2005-05-11,3.522685907496776
2005-05-12,3.3687347805497967
2005-05-13,3.3595564882096025
2005-05-14,3.3670802869785073
2005-05-15,3.4257859107604696
2005-05-16,3.4292354833554506
2005-05-17,3.4275347171906767
2005-05-18,3.401556068595143
2005-05-19,3.4064522580620817
2005-05-20,3.4010116046313934
2005-05-21,3.402423862241716
2005-05-22,3.411998238868328
2005-05-23,3.3894502382233505
2005-05-24,3.3839568214760014
2005-05-25,3.3658644211072626
2005-05-26,3.3315806597742395
2005-05-27,3.3179788897859597
2005-05-28,3.3181104470280656
2005-05-29,3.314060756379136
2005-05-30,3.3216724569871774
2005-05-31,3.3266270011020977
2005-06-01,3.4192176289653955
2005-06-02,3.429011456544267
2005-06-03,3.4276356878422365
2005-06-04,3.429396220767617
2005-06-05,3.4264273926659152
2005-06-06,3.4286525667072185
2005-06-07,3.4320290950871506
2005-06-08,3.443252532321873
2005-06-09,3.320249226265849
2005-06-10,3.3011994144395613
2005-06-11,3.300217628877353
2005-06-12,3.3050854178693174
2005-06-13,3.276313870246599
2005-06-14,3.2639567810335945
2005-06-15,3.2570623198414657
2005-06-16,3.454939693663759
2005-06-17,3.4434674717683458
2005-06-18,3.433295326634349
2005-06-19,3.428377821686338
2005-06-20,3.441290736579735
2005-06-21,3.4575280015082024
2005-06-22,3.4373159915478295
2005-06-23,3.417433392207643
2005-06-24,3.414594217178748
2005-06-25,3.4134577342543033
2005-06-26,3.4125713351622564
2005-06-27,3.406847032873688
2005-06-28,3.3748720336677183
2005-06-29,3.3395087084634527
2005-06-30,3.3366896709333904
2005-07-01,3.260142038035068
2005-07-02,3.2375457614455283
2005-07-03,3.237976651595466
2005-07-04,3.2370444131307896
2005-07-05,3.2594858052933646
2005-07-06,3.273806660216541
2005-07-07,3.2156239106708617
2005-07-08,3.1712742214559126
2005-07-09,3.1745803236679953
2005-07-10,3.170668177776454
2005-07-11,3.179426795522363
2005-07-12,3.163453609870976
2005-07-13,3.167626839648285
2005-07-14,3.196909311412763
2005-07-15,3.180852436426952
2005-07-16,3.1753376232506945
2005-07-17,3.177792436392466
2005-07-18,3.1817882349824256
2005-07-19,3.204111656386659
2005-07-20,3.2767727761997674
2005-07-21,3.317012239656132
2005-07-22,3.3611017045294256
2005-07-23,3.3543129382762453
2005-07-24,3.3424773233427287
2005-07-25,3.3846240630267936
2005-07-26,3.4838087803829194
2005-07-27,3.5087104964635407
2005-07-28,3.6338509891221937
2005-07-29,3.3397688412131856
2005-07-30,3.346973646419691
2005-07-31,3.3508364374203508
2005-08-01,3.3785336827697874
2005-08-02,3.36629138393469
2005-08-03,3.337864957249392
2005-08-04,3.3173558731496335
2005-08-05,3.340166173256794
2005-08-06,3.3407050834709935
2005-08-07,3.33449604736813
2005-08-08,3.3240723723317673
2005-08-09,3.2792770428621623
2005-08-10,3.293183717014353
2005-08-11,3.293485104441122
2005-08-12,3.2838787742266766
2005-08-13,3.2804888087357575
2005-08-14,3.2723052412218423
2005-08-15,3.43167139962985
2005-08-16,3.4671139938509805
2005-08-17,3.5187004054482744
2005-08-18,3.5391101426693408
2005-08-19,3.537951685893036
2005-08-20,3.534173650502052
2005-08-21,3.532876932145326
2005-08-22,3.547112554346967
2005-08-23,3.52238862588414
2005-08-24,3.520164531615885
2005-08-25,3.654339411015618
2005-08-26,3.649692853578312
2005-08-27,3.637589410901775
2005-08-28,3.629861760579141
2005-08-29,3.630060415087685
2005-08-30,3.605231427995104
2005-08-31,3.594456282719524
2005-09-01,3.576817819560851
2005-09-02,3.547355390081003
2005-09-03,3.5393355057083866
2005-09-04,3.541164043911662
2005-09-05,3.530581018726903
2005-09-06,3.549222818028501
2005-09-07,3.6352608635624737
2005-09-08,3.666406089570227
2005-09-09,3.664693676474892
2005-09-10,3.658462123356547
2005-09-11,3.648902458957085
2005-09-12,3.6676850536857826
2005-09-13,3.62235766619862
2005-09-14,3.651565413674651
2005-09-15,3.833412757673365
2005-09-16,3.828644859733328
2005-09-17,3.815869951366921
2005-09-18,3.814740432697304
2005-09-19,3.818805139089831
2005-09-20,3.810805937225055
2005-09-21,3.808890726260521
2005-09-22,3.818388563489135
2005-09-23,3.794349153160107
2005-09-24,3.792712632053425
2005-09-25,3.7878458362251974
2005-09-26,3.738269170776762
2005-09-27,3.7259848355626897
2005-09-28,3.718377609478207
2005-09-29,3.724685667692079
2005-09-30,3.725233709274249
2005-10-01,3.7601464631752384
2005-10-02,3.7522385261268942
2005-10-03,3.7530199015459536
2005-10-04,3.836835855141815
2005-10-05,3.82999709664507
2005-10-06,3.850459281123288
2005-10-07,3.834901657439316
2005-10-08,3.827322839326948
2005-10-09,3.831777711993235
2005-10-10,3.836555525430534
2005-10-11,3.842351074295654
2005-10-12,3.8475074283163457
2005-10-13,3.848300215211363
2005-10-14,3.8187414785481497
2005-10-15,4.051928351633475
2005-10-16,4.0457899177037655
2005-10-17,4.116866784543789
2005-10-18,4.137473269181496
2005-10-19,4.122844807194588
2005-10-20,4.074953299877718
2005-10-21,4.077160138701301
2005-10-22,4.106795039282579
2005-10-23,4.108043554646232
2005-10-24,4.083367700480933
2005-10-25,4.095110589718467
2005-10-26,4.199823720324347
2005-10-27,4.515212037991533
2005-10-28,4.529012638344468
2005-10-29,4.5207649833043595
2005-10-30,4.5191052550721205
2005-10-31,4.580248335093206
2005-11-01,4.646758813547031
2005-11-02,4.655306728697461
2005-11-03,4.664574261833418
2005-11-04,4.709122157042397
2005-11-05,4.705557354826635
2005-11-06,4.700791303599675
2005-11-07,4.758005359601166
2005-11-08,4.742839724363548
2005-11-09,4.7634161976831635
2005-11-10,4.71692002017984
2005-11-11,4.714483037757936
2005-11-12,4.708611452133312
2005-11-13,4.706634221461272
2005-11-14,4.640138736131971
2005-11-15,4.642931628584281
2005-11-16,4.633963502306375
2005-11-17,4.639088357469526
2005-11-18,4.635704185035663
2005-11-19,4.633241176825904
2005-11-20,4.6374239081152595
2005-11-21,4.638251665286393
2005-11-22,4.619444998824811
2005-11-23,4.6187955628937765
2005-11-24,4.604335092893143
2005-11-25,4.61311649854782
2005-11-26,4.609121759058903
2005-11-27,4.598387117911633
2005-11-28,4.6161728059803675
2005-11-29,4.600943349124879
2005-11-30,4.59587914519938
2005-12-01,4.617612892719922
2005-12-02,4.631004692557336
2005-12-03,4.6332762634757865
2005-12-04,4.636660203910786
2005-12-05,4.636000614214786
2005-12-06,4.631277000886002
2005-12-07,4.733902429493908
2005-12-08,4.81419185562103
2005-12-09,4.830278846417993
2005-12-10,4.826269042993354
2005-12-11,4.828102504627273
2005-12-12,4.851157219640541
2005-12-13,4.878676454096282
2005-12-14,4.9727460618219546
2005-12-15,4.929604855469449
2005-12-16,4.919511438261086
2005-12-17,4.898472553092373
2005-12-18,4.8911309738946
2005-12-19,4.87771710833877
2005-12-20,4.877881110234933
2005-12-21,4.8609986775334635
2005-12-22,4.879969122515761
2005-12-23,4.873041942971452
2005-12-24,4.87598748440068
2005-12-25,4.871256172914564
2005-12-26,4.884299268927287
2005-12-27,4.879355403358989
2005-12-28,4.874308019134381
2005-12-29,4.889453020367826
2005-12-30,4.8827335280042545
2005-12-31,4.877865783111918
2006-01-01,4.872159745772009
2006-01-02,4.894531996301762
2006-01-03,4.918291964080814
2006-01-04,4.925844834315749
2006-01-05,4.919543364736592
2006-01-06,4.9196766877130464
2006-01-07,4.918961938531988
2006-01-08,4.910238494973779
2006-01-09,4.911320214082141
2006-01-10,4.895905347706698
2006-01-11,4.896161443330162
2006-01-12,4.892868459810875
2006-01-13,4.8899445222524625
2006-01-14,4.890107017127917
2006-01-15,4.8680850506111195
2006-01-16,4.8719273863216515
2006-01-17,4.838978965376639
2006-01-18,4.85481157675312
2006-01-19,4.833875062721624
2006-01-20,4.836500707454215
2006-01-21,4.83239993467636
2006-01-22,4.830192896392917
2006-01-23,4.827760427754664
2006-01-24,4.797030006636398
2006-01-25,4.7682368236084045
2006-01-26,4.71730646643659
2006-01-27,4.736149265272697
2006-01-28,4.750221404061619
2006-01-29,4.755316854919446
2006-01-30,4.697218038323028
2006-01-31,4.730895362486514
2006-02-01,4.749946567856057
2006-02-02,4.7547706615734
2006-02-03,4.792753864480231
2006-02-04,4.7846842589139245
2006-02-05,4.79393407765864
2006-02-06,4.812396516722264
2006-02-07,4.808367177566328
2006-02-08,4.811123033042903
2006-02-09,4.767607587613657
2006-02-10,4.76266536212644
2006-02-11,4.755938411461812
2006-02-12,4.756123692659872
2006-02-13,4.777652950644901
2006-02-14,4.792704954633918
2006-02-15,4.879875918149147
2006-02-16,4.898550582101564
2006-02-17,4.840330050247825
2006-02-18,4.83844447421495
2006-02-19,4.839673780610344
2006-02-20,4.834137495715121
2006-02-21,4.881609292573203
2006-02-22,4.843318874367474
2006-02-23,4.831696795669748
2006-02-24,4.842917065479415
2006-02-25,4.833712617453682
2006-02-26,4.837914794475803
2006-02-27,4.853117032534384
2006-02-28,4.891974519589279
2006-03-01,4.81802856873344
2006-03-02,4.802840630737498
2006-03-03,4.801641391634322
2006-03-04,4.801018543986819
2006-03-05,4.808863206528669
2006-03-06,4.767258283079832
2006-03-07,4.78784607587682
2006-03-08,4.773317502202332
2006-03-09,4.794345788521208
2006-03-10,4.78815831867371
2006-03-11,4.780071621269766
2006-03-12,4.779146838782093
2006-03-13,4.781914474729296
2006-03-14,4.7300813763452325
2006-03-15,4.7563568856105345
2006-03-16,4.716285673041645
2006-03-17,4.706510510983078
2006-03-18,4.70642596630016
2006-03-19,4.709527688702946
2006-03-20,4.682936047538905
2006-03-21,4.700216599937656
2006-03-22,4.664640262748684
2006-03-23,4.647175842556058
2006-03-24,4.679556122582296
2006-03-25,4.686242466292461
2006-03-26,4.68492199457162
2006-03-27,4.702141672243763
2006-03-28,4.69435349104794
2006-03-29,4.686092961641924
2006-03-30,4.714302888580235
2006-03-31,4.725449036155084
2006-04-01,4.710584985522479
2006-04-02,4.725982495414756
2006-04-03,4.716893466500401
2006-04-04,4.682775107969863
2006-04-05,4.692804372853531
2006-04-06,4.676747428756374
2006-04-07,4.691351806037551
2006-04-08,4.6947640174979
2006-04-09,4.700934647582465
2006-04-10,4.702994582275068
2006-04-11,4.731038061634303
2006-04-12,4.7313810301931944
2006-04-13,4.8093723752782145
2006-04-14,4.823326208292139
2006-04-15,4.818389293350326
2006-04-16,4.817274909612457
2006-04-17,4.808311023960563
2006-04-18,4.806015887129239
2006-04-19,4.869771654281297
2006-04-20,4.844277188101597
2006-04-21,4.915305160687831
2006-04-22,4.9200258207435414
2006-04-23,4.9239643109893905
2006-04-24,4.920863610280739
2006-04-25,4.985125658820396
2006-04-26,4.966633851194845
2006-04-27,4.910220045193206
2006-04-28,4.913297097794201
2006-04-29,4.9099985962078065
2006-04-30,4.910673153479821
2006-05-01,4.913591680281998
2006-05-02,4.937415566436228
2006-05-03,4.961532160679858
2006-05-04,4.970813959190371
2006-05-05,5.087494820606592
2006-05-06,5.086933344765146
2006-05-07,5.090974915830299
2006-05-08,5.0655392377249555
2006-05-09,5.07169752159361
2006-05-10,5.040126585108171
2006-05-11,5.009252417103876
2006-05-12,5.0323770673442025
2006-05-13,5.034931700814157
2006-05-14,5.033829617830241
2006-05-15,5.0607265639955745
2006-05-16,4.996051624470907
2006-05-17,4.994120648343877
2006-05-18,4.95331617916656
2006-05-19,4.95831898427125
2006-05-20,4.956535140914512
2006-05-21,4.951330324535965
2006-05-22,4.931978203947347
2006-05-23,4.922834687967127
2006-05-24,4.899240038821587
2006-05-25,4.885633928373066
2006-05-26,4.890944190265324
2006-05-27,4.8901626747263816
2006-05-28,4.8945103701366595
2006-05-29,4.880355883404604
2006-05-30,4.899996620673109
2006-05-31,4.904582497619428
2006-06-01,4.909537899193632
2006-06-02,4.911115579011458
2006-06-03,4.9102317281217704
2006-06-04,4.920885360240208
2006-06-05,4.908308726145199
2006-06-06,4.964215519065594
2006-06-07,4.9615558880913175
2006-06-08,4.941907952441361
2006-06-09,4.715495053319155
2006-06-10,4.717102221010212
2006-06-11,4.723478056061186
2006-06-12,4.721821091968309
2006-06-13,4.655425861371359
2006-06-14,4.549562491180872
2006-06-15,4.424685788250086
2006-06-16,4.421889832585421
2006-06-17,4.438635751197967
2006-06-18,4.441045104330151
2006-06-19,4.547232384053037
2006-06-20,4.561060103658145
2006-06-21,4.5222052705309
2006-06-22,4.450565609320071
2006-06-23,4.428520296028473
2006-06-24,4.436766891658341
2006-06-25,4.4367547323505105
2006-06-26,4.442484146498869
2006-06-27,4.305809141143962
2006-06-28,4.301807360868995
2006-06-29,4.333800425671467
2006-06-30,4.339683842857495
2006-07-01,4.357438099266125
2006-07-02,4.341768952878665
2006-07-03,4.340451727268218
2006-07-04,4.323339596025296
2006-07-05,4.356731237483706
2006-07-06,4.375302245016106
2006-07-07,4.360317269638761
2006-07-08,4.361080972744263
2006-07-09,4.351374031644982
2006-07-10,4.342953710804218
2006-07-11,4.3577136396983915
2006-07-12,4.362888734214904
2006-07-13,4.336683428445111
2006-07-14,4.35140551363702
2006-07-15,4.371260898407938
2006-07-16,4.3683790051336135
2006-07-17,4.377651034470179
2006-07-18,4.377065912916513
2006-07-19,4.395524839396826
2006-07-20,4.328363693438457
2006-07-21,4.348222307510598
2006-07-22,4.357376202883994
2006-07-23,4.354718696393135
2006-07-24,4.427458466382555
2006-07-25,4.506996778506578
2006-07-26,4.485639482465049
2006-07-27,4.549190304272148
2006-07-28,4.489538186817796
2006-07-29,4.490029026930183
2006-07-30,4.495014869374327
2006-07-31,4.519600669135928
2006-08-01,4.472859077045797
2006-08-02,4.484512473055789
2006-08-03,4.444736102630079
2006-08-04,4.482140159795125
2006-08-05,4.473236264048774
2006-08-06,4.4660898554727755
2006-08-07,4.453810492944768
2006-08-08,4.429598070467563
2006-08-09,4.421054165609208
2006-08-10,4.421055290331256
2006-08-11,4.4319163182357375
2006-08-12,4.436312475257719
2006-08-13,4.440499207645194
2006-08-14,4.441109799643232
2006-08-15,4.369450685807055
2006-08-16,4.351313600409821
2006-08-17,4.329405261546273
2006-08-18,4.337370630672622
2006-08-19,4.337630896226975
2006-08-20,4.326923919675441
2006-08-21,4.313774067065211
2006-08-22,4.303042848224994
2006-08-23,4.289164257878877
2006-08-24,4.287061234775013
2006-08-25,4.2831939562921235
2006-08-26,4.285466356986231
2006-08-27,4.290137114478826
2006-08-28,4.299980943988205
2006-08-29,4.292098095023165
2006-08-30,4.276886875316446
2006-08-31,4.2412305708953335
2006-09-01,4.406707535911852
2006-09-02,4.399212983375125
2006-09-03,4.392883529573144
2006-09-04,4.373550237132985
2006-09-05,4.366220330934665
2006-09-06,4.356821114428177
2006-09-07,4.4079096900938834
2006-09-08,4.381346288308878
2006-09-09,4.371612555467939
2006-09-10,4.372090837630627
2006-09-11,4.371663340710376
2006-09-12,4.654376648439256
2006-09-13,4.605467984886634
2006-09-14,4.682080501411838
2006-09-15,4.717912002911904
2006-09-16,4.711339825796607
2006-09-17,4.701288234897566
2006-09-18,4.704326014163703
2006-09-19,4.687220841552698
2006-09-20,4.714408368681568
2006-09-21,4.698931746309503
2006-09-22,4.674688651779736
2006-09-23,4.663928963006589
2006-09-24,4.661031380229579
2006-09-25,4.619384830451613
2006-09-26,4.614634296347822
2006-09-27,4.543622790559521
2006-09-28,4.58386709571221
2006-09-29,4.587540051311275
2006-09-30,4.590215436517505
2006-10-01,4.606903166249561
2006-10-02,4.581964915087878
2006-10-03,4.580300681939196
2006-10-04,4.578387554890366
2006-10-05,4.538157359602607
2006-10-06,4.531755026408215
2006-10-07,4.527727525363808
2006-10-08,4.529577331387832
2006-10-09,4.52985111298395
2006-10-10,4.549596423933716
2006-10-11,4.551381179358461
2006-10-12,4.573241447050778
2006-10-13,4.626194956238324
2006-10-14,4.623326620419106
2006-10-15,4.511817029352958
2006-10-16,4.498460171829177
2006-10-17,4.489273226342754
2006-10-18,4.466560043717499
2006-10-19,4.473794562013775
2006-10-20,4.488814759723914
2006-10-21,4.458148985318434
2006-10-22,4.458150873140718
2006-10-23,4.553434076876247
2006-10-24,4.500584696396602
2006-10-25,4.5529400266530695
2006-10-26,4.539206085491958
2006-10-27,4.46833553916891
2006-10-28,4.469702078804732
2006-10-29,4.460723203914872
2006-10-30,4.499381099863284
2006-10-31,4.4186370056025615
2006-11-01,4.417768201094649
2006-11-02,4.365256337048278
2006-11-03,4.304597760394726
2006-11-04,4.29299711866719
2006-11-05,4.296534019016681
2006-11-06,4.288769217731236
2006-11-07,4.293831325317827
2006-11-08,4.286477852048871
2006-11-09,4.295703400862852
2006-11-10,4.290537277736291
2006-11-11,4.299773743164484
2006-11-12,4.294990687861796
2006-11-13,4.306327640237424
2006-11-14,4.41352633952179
2006-11-15,4.3155994892599745
2006-11-16,4.314595676983
2006-11-17,4.31732194382725
2006-11-18,4.304875426049235
2006-11-19,4.293462878485171
2006-11-20,4.284742664606968
2006-11-21,4.256176938438598
2006-11-22,4.2645661167092594
2006-11-23,4.266840904469764
2006-11-24,4.276524399068849
2006-11-25,4.279799286795771
2006-11-26,4.270617034711666
2006-11-27,4.261502674383852
2006-11-28,4.276931496588119
2006-11-29,4.270972245942725
2006-11-30,4.281118015515523
2006-12-01,4.299510539434958
2006-12-02,4.2893023511577395
2006-12-03,4.2853973567925685
2006-12-04,4.283995137376717
2006-12-05,4.319928254387068
2006-12-06,4.2688613708540855
2006-12-07,4.351431645144299
2006-12-08,4.276885177306352
2006-12-09,4.290458133952763
2006-12-10,4.29289316898433
2006-12-11,4.309339394082665
2006-12-12,4.274168559365982
2006-12-13,4.316284522307373
2006-12-14,4.269033471385629
2006-12-15,4.5458940463170645
2006-12-16,4.533474839582706
2006-12-17,4.5241776376521035
2006-12-18,4.515021447266359
2006-12-19,4.5455279628676495
2006-12-20,4.580292345265828
2006-12-21,4.603906992516403
2006-12-22,4.572269728225113
2006-12-23,4.5697969830977385
2006-12-24,4.565009099734593
2006-12-25,4.589893419934814
2006-12-26,4.620691045944053
2006-12-27,4.631873533561746
2006-12-28,4.622048074577544
2006-12-29,4.61241303852919
2006-12-30,4.608493175976033
2006-12-31,4.603539390495859
2007-01-01,4.608375053453759
2007-01-02,4.62479700930759
2007-01-03,4.6208624641636575
2007-01-04,4.589260913557644
2007-01-05,4.603317269112339
2007-01-06,4.607894198129551
2007-01-07,4.604266132777788
2007-01-08,4.615975565524143
2007-01-09,4.625727972435004
2007-01-10,4.619466975688482
2007-01-11,4.632061564093992
2007-01-12,4.62313908312219
2007-01-13,4.618390058529451
2007-01-14,4.615164781767958
2007-01-15,4.66625111243998
2007-01-16,4.661500944355556
2007-01-17,4.6559836872399325
2007-01-18,5.010531115711943
2007-01-19,5.006524490822467
2007-01-20,4.989946575204447
2007-01-21,4.978698473381429
2007-01-22,4.949359674173946
2007-01-23,4.962453729941876
2007-01-24,4.921212385432958
2007-01-25,4.722974770787045
2007-01-26,4.690809418637173
2007-01-27,4.680696038848503
2007-01-28,4.672272207228042
2007-01-29,4.654481436250294
2007-01-30,4.5911900676130335
2007-01-31,4.480065123260493
2007-02-01,4.193503878413947
2007-02-02,4.192058291619574
2007-02-03,4.188748695911317
2007-02-04,4.1940291620495636
2007-02-05,4.228889081097981
2007-02-06,4.202931687619599
2007-02-07,4.17649572352847
2007-02-08,4.156180162392957
2007-02-09,4.141367977449571
2007-02-10,4.144636898482799
2007-02-11,4.147847771878652
2007-02-12,4.114952116114693
2007-02-13,4.131861058404018
2007-02-14,4.112091221440555
2007-02-15,4.117596227930344
2007-02-16,4.0995971215321605
2007-02-17,4.093615016106502
2007-02-18,4.090748446439844
2007-02-19,4.100831197679051
2007-02-20,4.1693692988145745
2007-02-21,4.141164896955955
2007-02-22,4.099709112935459
2007-02-23,4.0837691111105805
2007-02-24,4.090889379425922
2007-02-25,4.053321040186399
2007-02-26,4.054560146131786
2007-02-27,4.109138810995084
2007-02-28,4.134408960599293
2007-03-01,4.037380851947147
2007-03-02,4.1067291887592585
2007-03-03,4.105388954503878
2007-03-04,4.099663543578041
2007-03-05,4.111748481946366
2007-03-06,4.119833109327713
2007-03-07,4.127390544851913
2007-03-08,4.142006594708359
2007-03-09,4.109285177115142
2007-03-10,4.0963662392623235
2007-03-11,4.09348084073603
2007-03-12,4.150747897094935
2007-03-13,4.135021364111869
2007-03-14,4.0147964720725815
2007-03-15,3.7696906081989434
2007-03-16,3.781216879309505
2007-03-17,3.781739815509378
2007-03-18,3.772734738526287
2007-03-19,3.7310468732664273
2007-03-20,3.747417847350092
2007-03-21,3.72447469093586
2007-03-22,3.689741232865131
2007-03-23,3.638952437871687
2007-03-24,3.660022226246843
2007-03-25,3.6667902257575418
2007-03-26,3.656416510764065
2007-03-27,3.6499008466486833
2007-03-28,3.6190736841973745
2007-03-29,3.67957958205686
2007-03-30,3.7002867748629167
2007-03-31,3.705628669182902
2007-04-01,3.693300961452962
2007-04-02,3.68784878928639
2007-04-03,3.6719851445326688
2007-04-04,3.6855607204025183
2007-04-05,3.6552176697810936
2007-04-06,3.6793839584058303
2007-04-07,3.6867585855405993
2007-04-08,3.683123858701036
2007-04-09,3.722302339427234
2007-04-10,3.728033007034763
2007-04-11,3.750084715498127
2007-04-12,3.7480301348548295
2007-04-13,3.367789316163484
2007-04-14,3.378022198590361
2007-04-15,3.4476469789944635
2007-04-16,3.467262754354581
2007-04-17,3.4893182994383967
2007-04-18,3.5090432528274693
2007-04-19,3.5649198742892843
2007-04-20,3.5691441272155244
2007-04-21,3.56884960484051
2007-04-22,3.563606527936089
2007-04-23,3.632953820553475
2007-04-24,3.5610916499169507
2007-04-25,3.5800199503494574
2007-04-26,3.625692808962848
2007-04-27,3.6587865009305856
2007-04-28,3.658826520251375
2007-04-29,3.661569753543712
2007-04-30,3.639234256732537
2007-05-01,3.670596405608467
2007-05-02,3.683044005537685
2007-05-03,3.708888370070851
2007-05-04,3.7639331980010464
2007-05-05,3.766346293814452
2007-05-06,3.76616670770277
2007-05-07,3.765454223690417
2007-05-08,3.752606355788636
2007-05-09,3.764483015723662
2007-05-10,3.775524695066028
2007-05-11,3.752362308023794
2007-05-12,3.894936581274228
2007-05-13,3.890400110149874
2007-05-14,3.895598572724872
2007-05-15,3.925014480417039
2007-05-16,3.924061467865109
2007-05-17,3.9331067475179577
2007-05-18,3.9422561186208407
2007-05-19,3.936282156763637
2007-05-20,3.9385297140625983
2007-05-21,3.88944271921036
2007-05-22,3.8895117841326585
2007-05-23,3.8787160514327583
2007-05-24,3.874308061491833
2007-05-25,3.873191180637653
2007-05-26,3.8748031509883303
2007-05-27,3.877906514619656
2007-05-28,3.8857559667997648
2007-05-29,3.8828577178695247
2007-05-30,3.888675193303685
2007-05-31,3.8685493642478224
2007-06-01,3.8606988609397175
2007-06-02,3.859598003079441
2007-06-03,3.8675853838456
2007-06-04,3.870940328557436
2007-06-05,3.9459359398757448
2007-06-06,3.922541490914872
2007-06-07,3.9354069349676974
2007-06-08,3.915690999591659
2007-06-09,3.912039106829184
2007-06-10,3.916125034984153
2007-06-11,3.8824917510799146
2007-06-12,3.866075765164214
2007-06-13,3.869747509159924
2007-06-14,3.813445479060835
2007-06-15,3.845547081418131
2007-06-16,3.842415712526984
2007-06-17,3.844924055219827
2007-06-18,3.911785324991389
2007-06-19,3.874086338525341
2007-06-20,3.8148906700818177
2007-06-21,3.765992560074175
2007-06-22,3.7660257528000214
2007-06-23,3.7694883145253697
2007-06-24,3.773036312454059
2007-06-25,3.752875085308198
2007-06-26,3.7302004188706857
2007-06-27,3.729221952546903
2007-06-28,3.713761635760434
2007-06-29,3.709870776920131
2007-06-30,3.7088738337311664
2007-07-01,3.705302000433387
2007-07-02,3.727994212784868
2007-07-03,3.6930607287302215
2007-07-04,3.704777605678185
2007-07-05,3.717357048193158
2007-07-06,3.650006894871644
2007-07-07,3.652803712838545
2007-07-08,3.652349917192536
2007-07-09,3.654610895659955
2007-07-10,3.6619256433164455
2007-07-11,3.6935461530556313
2007-07-12,3.6940270955799015
2007-07-13,3.700281870063032
2007-07-14,3.697899057509602
2007-07-15,3.7080942967818578
2007-07-16,3.7045906081488686
2007-07-17,3.673614893584779
2007-07-18,3.627486114727261
2007-07-19,3.570726945748112
2007-07-20,3.5644765099622724
2007-07-21,3.578558400153822
2007-07-22,3.5686037335831866
2007-07-23,3.696426161200196
2007-07-24,3.682109602844111
2007-07-25,3.714577834563843
2007-07-26,3.823598209343469
2007-07-27,3.8611550679439577
2007-07-28,3.8678335496034313
2007-07-29,3.872002548145494
2007-07-30,3.906785130877077
2007-07-31,3.846025736246641
2007-08-01,3.7903873957960017
2007-08-02,3.871104761436591
2007-08-03,3.804398716449554
2007-08-04,3.8038650351461167
2007-08-05,3.812848750553908
2007-08-06,3.836913346845471
2007-08-07,3.8123637931462584
2007-08-08,3.79658570801348
2007-08-09,3.7763560777352168
2007-08-10,3.7814909543506663
2007-08-11,3.7896670935619774
2007-08-12,3.7817769518769824
2007-08-13,3.768889878493168
2007-08-14,3.803003993848327
2007-08-15,3.808443301358225
2007-08-16,3.842063691491571
2007-08-17,3.8376459742847393
2007-08-18,3.8370260705229344
2007-08-19,3.8361611379153726
2007-08-20,3.84294067707662
2007-08-21,3.8145619437424374
2007-08-22,3.830266003871874
2007-08-23,3.7932602737514993
2007-08-24,3.788017047423145
2007-08-25,3.793664260918676
2007-08-26,3.792507769121929
2007-08-27,3.7868500545644177
2007-08-28,3.7795057419554743
2007-08-29,3.788067298945726
2007-08-30,3.716088660590223
2007-08-31,3.700930561621583
2007-09-01,3.6973561086019657
2007-09-02,3.6945135858714018
2007-09-03,3.695049162307269
2007-09-04,3.619945517866388
2007-09-05,3.555917257082741
2007-09-06,3.5259105487932514
2007-09-07,3.495764049289436
2007-09-08,3.503666653005982
2007-09-09,3.5070008673152526
2007-09-10,3.511692184900943
2007-09-11,3.607748899527015
2007-09-12,3.6382153092398375
2007-09-13,3.7171044776804414
2007-09-14,3.724221023449787
2007-09-15,3.714590925822961
2007-09-16,3.707792967768764
2007-09-17,3.714854723392446
2007-09-18,3.725303841656759
2007-09-19,3.7250907482358513
2007-09-20,3.7150284473990434
2007-09-21,3.578020011190863
2007-09-22,3.581517801110773
2007-09-23,3.5836057469379505
2007-09-24,3.824890861743108
2007-09-25,3.856467919479948
2007-09-26,3.8730005298411663
2007-09-27,3.881101064910807
2007-09-28,3.859298320785825
2007-09-29,3.8614683094154394
2007-09-30,3.876211610533817
2007-10-01,3.835953383734344
2007-10-02,3.8658985753254025
2007-10-03,3.852505066651059
2007-10-04,3.83724780554834
2007-10-05,3.824082031052494
2007-10-06,3.828624184665792
2007-10-07,3.8157175079304047
2007-10-08,3.8143259693112266
2007-10-09,3.8030456957592897
2007-10-10,3.82387853240424
2007-10-11,3.822310270953841
2007-10-12,3.8481125290561526
2007-10-13,3.8449726536662463
2007-10-14,3.830407203236818
2007-10-15,3.8594538881514553
2007-10-16,3.823890978886392
2007-10-17,3.812881129065348
2007-10-18,3.776198492103509
2007-10-19,3.786834377769548
2007-10-20,3.795603328084203
2007-10-21,3.810888280850449
2007-10-22,3.8073886478304786
2007-10-23,3.8420518550293408
2007-10-24,3.820290685267441
2007-10-25,3.92449317304055
2007-10-26,3.878130692041573
2007-10-27,3.8739843732361936
2007-10-28,3.866848546974466
2007-10-29,3.8614648876338062
2007-10-30,3.8653948897016264
2007-10-31,3.876557962842639
2007-11-01,3.912183076456669
2007-11-02,3.9810222685761727
2007-11-03,3.969713217737896
2007-11-04,3.979228203157093
2007-11-05,3.93525164292888
2007-11-06,3.9564583960189266
2007-11-07,3.941514270022676
2007-11-08,3.948846756660298
2007-11-09,3.9312848000653258
2007-11-10,3.926911178969122
2007-11-11,3.9244549702327305
2007-11-12,3.9217338593056503
2007-11-13,3.8891925350191814
2007-11-14,3.869259625901265
2007-11-15,3.909849930994475
2007-11-16,3.9003488818618153
2007-11-17,3.8943810623048174
2007-11-18,3.868746382442712
2007-11-19,3.8736636453312863
2007-11-20,3.874745002714002
2007-11-21,3.915082165755124
2007-11-22,3.917529579595927
2007-11-23,3.931926458974748
2007-11-24,3.9321299947985104
2007-11-25,3.924631127846571
2007-11-26,3.9128557628228937
2007-11-27,3.941537907402503
2007-11-28,3.9429624463994393
2007-11-29,3.974311746706564
2007-11-30,3.971306186681628
2007-12-01,3.95537335395222
2007-12-02,3.978587071276072
2007-12-03,3.954317688167604
2007-12-04,3.969835230918639
2007-12-05,3.9168084200903257
2007-12-06,3.915748912172409
2007-12-07,3.916324526503249
2007-12-08,3.91369007549579
2007-12-09,3.9024945250566887
2007-12-10,3.929705224830265
2007-12-11,3.9259744549977498
2007-12-12,3.958063736904201
2007-12-13,3.9143409007059855
2007-12-14,3.971744082720463
2007-12-15,4.0014252496073315
2007-12-16,4.001163765582101
2007-12-17,3.777044155743816
2007-12-18,3.8212004010813425
2007-12-19,3.82665798859
2007-12-20,3.900906499557203
2007-12-21,3.884966785624652
2007-12-22,3.887766183273624
2007-12-23,3.896041377762341
2007-12-24,3.929190571466048
2007-12-25,3.9199190207204193
2007-12-26,3.940376412818179
2007-12-27,3.923344089294846
2007-12-28,3.906804403095795
2007-12-29,3.9046190041122184
2007-12-30,3.9160967160249656
2007-12-31,3.8963105751430898
2008-01-01,3.875533272977952
2008-01-02,3.8668113576447385
2008-01-03,3.856482482692052
2008-01-04,3.831514254013303
2008-01-05,3.837638990974272
2008-01-06,3.845707118447482
2008-01-07,3.854141104566951
2008-01-08,3.837303392695072
2008-01-09,3.838651745449867
2008-01-10,3.8758510534636583
2008-01-11,3.870115406968706
2008-01-12,3.852969200351403
2008-01-13,3.855243628207661
2008-01-14,3.869005278478959
2008-01-15,3.8789522082461
2008-01-16,3.896618881046535
2008-01-17,3.856322613514807
2008-01-18,3.842085467385985
2008-01-19,3.8389213929208377
2008-01-20,3.839364724009651
2008-01-21,3.833379529561789
2008-01-22,3.814628532943825
2008-01-23,3.863347584494918
2008-01-24,3.90950227935736
2008-01-25,3.900482081212555
2008-01-26,3.905955991226457
2008-01-27,3.89850390667788
2008-01-28,3.925589580247231
2008-01-29,4.048004736377783
2008-01-30,4.13884603473244
2008-01-31,4.32551500566621
2008-02-01,4.489438659349431
2008-02-02,4.478584829332112
2008-02-03,4.480694379710203
2008-02-04,4.529067852497335
2008-02-05,4.628343999352456
2008-02-06,4.649332714316273
2008-02-07,4.645936480786384
2008-02-08,4.648858040346901
2008-02-09,4.659484131892693
2008-02-10,4.664872982587423
2008-02-11,4.632246545849874
2008-02-12,4.777311593760103
2008-02-13,4.772911792887592
2008-02-14,4.777775617658559
2008-02-15,4.799840978814327
2008-02-16,4.797322993072707
2008-02-17,4.818150524750357
2008-02-18,4.83542630696164
2008-02-19,4.8772542632227305
2008-02-20,4.881007608298752
2008-02-21,4.879193992423066
2008-02-22,4.894156307811397
2008-02-23,4.906252507673997
2008-02-24,4.891431918325273
2008-02-25,4.910756223100968
2008-02-26,4.937577133163076
2008-02-27,4.922975843908282
2008-02-28,4.947007903301389
2008-02-29,4.891995808949194
2008-03-01,4.892862465015361
2008-03-02,4.901436586522308
2008-03-03,4.910914355279825
2008-03-04,4.9230790760982694
2008-03-05,4.958399224254993
2008-03-06,4.98437297453745
2008-03-07,4.941278369022758
2008-03-08,4.977990625392729
2008-03-09,4.9907885083042505
2008-03-10,4.911415565713484
2008-03-11,4.899104379847239
2008-03-12,4.792662983469382
2008-03-13,4.813708242660026
2008-03-14,4.846601908037475
2008-03-15,4.8555182551750855
2008-03-16,4.860542686937234
2008-03-17,4.877553926469064
2008-03-18,4.891816870482074
2008-03-19,4.912322033940034
2008-03-20,4.914082831398017
2008-03-21,4.9514379150562045
2008-03-22,4.948825437124503
2008-03-23,4.934194708812175
2008-03-24,4.868928228907485
2008-03-25,4.892041216856999
2008-03-26,4.911945147469581
2008-03-27,4.897677318633534
2008-03-28,4.9076781291413845
2008-03-29,4.918067599029942
2008-03-30,4.881238382931084
2008-03-31,4.851654683915957
2008-04-01,4.824435915737609
2008-04-02,4.820838294989432
2008-04-03,4.795797406800396
2008-04-04,4.784014046165662
2008-04-05,4.790711578169225
2008-04-06,4.801830424643686
2008-04-07,4.797679228234714
2008-04-08,4.803384864014719
2008-04-09,4.80901555141234
2008-04-10,4.809574898807734
2008-04-11,4.801837386729208
2008-04-12,4.80028154252527
2008-04-13,4.789382892104737
2008-04-14,4.800391467613411
2008-04-15,4.816227180598412
2008-04-16,4.828108672073828
2008-04-17,4.844521652115621
2008-04-18,4.851072616192464
2008-04-19,4.850812970135405
2008-04-20,4.855821257588422
2008-04-21,4.843538355004247
2008-04-22,4.838383722504094
2008-04-23,4.81083057975478
2008-04-24,4.746028225338958
2008-04-25,4.737619260186296
2008-04-26,4.755656532057578
2008-04-27,4.759558916618528
2008-04-28,4.745620608518482
2008-04-29,4.826797088408442
2008-04-30,4.818816726689015
2008-05-01,4.879910894350563
2008-05-02,4.935759215117168
2008-05-03,4.92986021212356
2008-05-04,4.931546254680242
2008-05-05,4.926150050875162
2008-05-06,4.918992366514907
2008-05-07,4.970241289351579
2008-05-08,4.929222282007032
2008-05-09,4.959395881793667
2008-05-10,4.949128159599076
2008-05-11,4.944859705632702
2008-05-12,5.000138953511712
2008-05-13,4.959976226428846
2008-05-14,5.025354591223341
2008-05-15,5.047488629508898
2008-05-16,5.044826382941894
2008-05-17,5.033941218319473
2008-05-18,5.046557253908411
2008-05-19,5.030551289757316
2008-05-20,5.018279151365253
2008-05-21,5.044384800280422
2008-05-22,5.053464870125166
2008-05-23,5.046984164850357
2008-05-24,5.051612358870377
2008-05-25,5.060847847849281
2008-05-26,5.066114909017468
2008-05-27,5.078538898308845
2008-05-28,5.090180297721444
2008-05-29,5.138779232975883
2008-05-30,5.125432397367421
2008-05-31,5.126271477269157
2008-06-01,5.019029725669667
2008-06-02,4.974660912375214
2008-06-03,4.987395811289951
2008-06-04,4.9883543915000965
2008-06-05,4.792370925781214
2008-06-06,4.796324466056179
2008-06-07,4.819965859314754
2008-06-08,4.832625643036734
2008-06-09,4.86883181851071
2008-06-10,4.797337556491476
2008-06-11,4.8096262982191735
2008-06-12,4.820463047644267
2008-06-13,4.817683152753862
2008-06-14,4.819842435870668
2008-06-15,4.8719575713988545
2008-06-16,4.924710969014533
2008-06-17,4.888534116836096
2008-06-18,4.886611156670046
2008-06-19,4.9251213415204536
2008-06-20,4.894369700280212
2008-06-21,4.8851925314891655
2008-06-22,4.881349968399028
2008-06-23,4.856242604284054
2008-06-24,4.843221460087795
2008-06-25,4.883955347388341
2008-06-26,4.902958635126823
2008-06-27,4.901477706251598
2008-06-28,4.904930125282426
2008-06-29,4.9011603507097785
2008-06-30,4.890432134489032
2008-07-01,4.893101970309753
2008-07-02,4.872092790418
2008-07-03,4.850293876606306
2008-07-04,4.862363799087895
2008-07-05,4.852720341494831
2008-07-06,4.858472592866395
2008-07-07,4.856979198530852
2008-07-08,4.813153016638668
2008-07-09,4.9185641158024405
2008-07-10,4.912378990865414
2008-07-11,4.909158534863613
2008-07-12,4.910497689353666
2008-07-13,4.904261345594806
2008-07-14,4.907797350052206
2008-07-15,5.044776651123675
2008-07-16,5.049083188962987
2008-07-17,5.099633385643344
2008-07-18,5.095607828398019
2008-07-19,5.101164448940738
2008-07-20,5.097886088443832
2008-07-21,5.102457430945245
2008-07-22,5.099356146045501
2008-07-23,5.254403830198348
2008-07-24,5.3706223005272955
2008-07-25,5.389486624973324
2008-07-26,5.394011447125364
2008-07-27,5.39812341027711
2008-07-28,5.412154007120369
2008-07-29,5.529792291717873
2008-07-30,5.70889913811002
2008-07-31,5.751242861306174
2008-08-01,5.867875276883259
2008-08-02,5.864345123274065
2008-08-03,5.860231605135636
2008-08-04,5.909962787755697
2008-08-05,5.902840525849101
2008-08-06,5.934346035756605
2008-08-07,5.941542312150563
2008-08-08,5.958841610010396
2008-08-09,5.951878616599302
2008-08-10,5.94559041640275
2008-08-11,6.025177187413559
2008-08-12,6.064639116065098
2008-08-13,6.046085615017767
2008-08-14,6.040534371039888
2008-08-15,6.153146564267615
2008-08-16,6.1498776443450005
2008-08-17,6.155595189380319
2008-08-18,6.1264970766289375
2008-08-19,6.123985852939115
2008-08-20,6.139195614960207
2008-08-21,6.136543705556486
2008-08-22,6.138506055387725
2008-08-23,6.130129792340789
2008-08-24,6.209545565080177
2008-08-25,6.182979287677586
2008-08-26,6.203952955552653
2008-08-27,6.173235808329059
2008-08-28,6.174430045475024
2008-08-29,6.4134134330903105
2008-08-30,6.41539823190198
2008-08-31,6.405792641387007
2008-09-01,6.342251302570738
2008-09-02,6.351398331961075
2008-09-03,6.328274734335873
2008-09-04,6.363571428971477
2008-09-05,6.36400537764823
2008-09-06,6.358566619408105
2008-09-07,6.367257657714209
2008-09-08,6.345076429557594
2008-09-09,6.426756971057523
2008-09-10,6.4278759513710035
2008-09-11,6.474180984305249
2008-09-12,6.457862659246931
2008-09-13,6.466588118492443
2008-09-14,6.4555960717192304
2008-09-15,6.374482826066247
2008-09-16,6.331419400765762
2008-09-17,6.266490913185173
2008-09-18,6.232281323389554
2008-09-19,6.173782572288891
2008-09-20,6.160450732468073
2008-09-21,6.1515988276825775
2008-09-22,6.13855133613423
2008-09-23,6.154145505651096
2008-09-24,6.142260447656444
2008-09-25,6.112386541992112
2008-09-26,6.155815306046856
2008-09-27,6.082426619542759
2008-09-28,6.07667817215912
2008-09-29,6.073473138925275
2008-09-30,6.0551260178243425
2008-10-01,6.0401294778381
2008-10-02,6.057955313711043
2008-10-03,6.053120421941429
2008-10-04,6.042813354961655
2008-10-05,6.043823074375032
2008-10-06,6.029168913640652
2008-10-07,6.012925395961407
2008-10-08,6.030802116075144
2008-10-09,6.012980249013932
2008-10-10,6.0090404101223704
2008-10-11,6.014085713957272
2008-10-12,5.99181256356958
2008-10-13,5.992112958279394
2008-10-14,5.982519557557488
2008-10-15,5.94268527678658
2008-10-16,5.965031575529478
2008-10-17,5.948789130837129
2008-10-18,5.941786154933068
2008-10-19,5.928677720020576
2008-10-20,5.938837460623342
2008-10-21,5.925084815088933
2008-10-22,5.935780309971369
2008-10-23,5.906196864390507
2008-10-24,5.9178377458823
2008-10-25,5.913202919327895
2008-10-26,5.909935055168361
2008-10-27,5.907548450316151
2008-10-28,5.85222211939438
2008-10-29,5.850349677662365
2008-10-30,5.808436723601281
2008-10-31,5.732740825720958
2008-11-01,5.730289865372447
2008-11-02,5.748236091868188
2008-11-03,5.7210058408543
2008-11-04,5.727914244750513
2008-11-05,5.693583121825027
2008-11-06,5.707208061137963
2008-11-07,5.579848161138437
2008-11-08,5.571336777460901
2008-11-09,5.556732001303349
2008-11-10,5.562098279262188
2008-11-11,5.5450644999050525
2008-11-12,5.537940126792374
2008-11-13,5.516984568789793
2008-11-14,5.52203478725678
2008-11-15,5.119842256409758
2008-11-16,5.124967365474684
2008-11-17,5.105876015363459
2008-11-18,5.114325209490065
2008-11-19,5.140480740645738
2008-11-20,5.1142667842057365
2008-11-21,5.118356429984521
2008-11-22,5.116950288633562
2008-11-23,5.099400199522224
2008-11-24,5.11159545219741
2008-11-25,5.096099204299347
2008-11-26,5.089472143621486
2008-11-27,5.070092665602594
2008-11-28,5.056223995591141
2008-11-29,5.057718276928962
2008-11-30,5.072512226912629
2008-12-01,5.114470123864166
2008-12-02,5.144430807717302
2008-12-03,5.122942497590862
2008-12-04,5.1048888813541655
2008-12-05,5.120260705260631
2008-12-06,5.119464215473468
2008-12-07,5.12313163219408
2008-12-08,5.162186710352981
2008-12-09,5.22567614032806
2008-12-10,5.237322396419359
2008-12-11,5.150613429766444
2008-12-12,5.1708779003938
2008-12-13,5.17558221959608
2008-12-14,5.176957736535571
2008-12-15,4.460329608767174
2008-12-16,4.683576839623031
2008-12-17,4.794999150602449
2008-12-18,4.765794289194133
2008-12-19,4.809960688545054
2008-12-20,4.820483293400978
2008-12-21,4.810837013926692
2008-12-22,4.806649768581207
2008-12-23,4.831255938596552
2008-12-24,4.865425606696249
2008-12-25,4.854268956363985
2008-12-26,4.8394335979212535
2008-12-27,4.838627029113315
2008-12-28,4.842964407017028
2008-12-29,4.83428674235593
2008-12-30,4.8447066730156685
2008-12-31,4.830600695226851
2009-01-01,4.871174278174672
2009-01-02,4.874925016230343
2009-01-03,4.87925744895316
2009-01-04,4.8760040357161545
2009-01-05,4.881817673108857
2009-01-06,4.871701662365462
2009-01-07,4.879350611902016
2009-01-08,4.872646976426857
2009-01-09,4.849995552646632
2009-01-10,4.840926455742663
2009-01-11,4.838143211108291
2009-01-12,4.842602040278964
2009-01-13,4.828589668374976
2009-01-14,4.820182947825416
2009-01-15,4.498218706503936
2009-01-16,4.5008834213063675
2009-01-17,4.482313688344288
2009-01-18,4.470215894751073
2009-01-19,4.464832122596027
2009-01-20,4.424300164754694
2009-01-21,4.365988455890815
2009-01-22,4.36838684607516
2009-01-23,4.241349781336728
2009-01-24,4.232015853788756
2009-01-25,4.234368736019662
2009-01-26,4.227081468256462
2009-01-27,4.122950090682561
2009-01-28,3.868770972561829
2009-01-29,3.5700788782738484
2009-01-30,3.252163191198122
2009-01-31,3.230413713965287
2009-02-01,3.2074342619752216
2009-02-02,3.1707175167705492
2009-02-03,2.8360386298640083
2009-02-04,2.9992412710229335
2009-02-05,2.976824183158824
2009-02-06,2.983205933443399
2009-02-07,2.9878331170527432
2009-02-08,2.973312473556125
2009-02-09,2.944666587659278
2009-02-10,2.9397345260510703
2009-02-11,2.8577741092913187
2009-02-12,2.9765335582659307
2009-02-13,2.9814422774062272
2009-02-14,2.9801288556024965
2009-02-15,3.0485634398185284
2009-02-16,3.052724636257546
2009-02-17,3.0521372965982825
2009-02-18,3.042873411141578
2009-02-19,3.0449020919031917
2009-02-20,3.1399692409689504
2009-02-21,3.119669369023949
2009-02-22,3.0981028020946404
2009-02-23,3.0732178943608788
2009-02-24,3.0506415992844538
2009-02-25,3.0429738386735714
2009-02-26,2.949444399628258
2009-02-27,2.919903714598747
2009-02-28,2.912985297946647
2009-03-01,2.8890485915060053
2009-03-02,2.887960489569494
2009-03-03,2.8848276055749196
2009-03-04,2.832321029122454
2009-03-05,2.823901642126428
2009-03-06,2.8586076890774796
2009-03-07,2.830438953297988
2009-03-08,2.8155353520310022
2009-03-09,2.893076061200203
2009-03-10,2.726155357258776
2009-03-11,2.837717133580524
2009-03-12,2.7012017916605955
2009-03-13,2.7536135783750866
2009-03-14,2.759409369362448
2009-03-15,2.949387054884614
2009-03-16,2.9295680321753625
2009-03-17,2.9803090771513254
2009-03-18,2.998041588452281
2009-03-19,2.9539378894986665
2009-03-20,3.0170671122771555
2009-03-21,3.0064453398767172
2009-03-22,3.0073953885178226
2009-03-23,3.038106735838488
2009-03-24,2.8630052732220888
2009-03-25,2.8685885187496303
2009-03-26,2.8102723428476377
2009-03-27,2.7756892301820906
2009-03-28,2.815383024221622
2009-03-29,2.8212956563326914
2009-03-30,2.8574977538695885
2009-03-31,2.8169871789434966
2009-04-01,2.815657668305402
2009-04-02,2.779439231672903
2009-04-03,2.78978703075794
2009-04-04,2.791449586692207
2009-04-05,2.7987924073469403
2009-04-06,2.7781781277984585
2009-04-07,2.713638077864587
2009-04-08,2.7221009578306172
2009-04-09,2.7287663976244447
2009-04-10,2.740376080814187
2009-04-11,2.7609072725257295
2009-04-12,2.7687245634765305
2009-04-13,2.7814743689701635
2009-04-14,2.7865232341694135
2009-04-15,2.728528066885295
2009-04-16,2.7109379021321955
2009-04-17,2.6666865377446474
2009-04-18,2.668556293423431
2009-04-19,2.6689705504273937
2009-04-20,2.7431506919730713
2009-04-21,2.68032365641003
2009-04-22,2.690167489353196
2009-04-23,2.68468483831335
2009-04-24,2.7452766840192746
2009-04-25,2.7570200448270707
2009-04-26,2.747591240033091
2009-04-27,2.7206102257572926
2009-04-28,2.435778104301314
2009-04-29,2.137651625974504
2009-04-30,2.062958938897877
2009-05-01,2.015016046984234
2009-05-02,2.053052553939189
2009-05-03,2.0502186335047785
2009-05-04,1.9958526063519135
2009-05-05,1.9083967227479297
2009-05-06,1.7514354059111228
2009-05-07,1.475645916709651
2009-05-08,1.530526422636696
2009-05-09,1.437809282721842
2009-05-10,1.4377686136015295
2009-05-11,1.4030657432601736
2009-05-12,1.4216322220181374
2009-05-13,1.4196562780956712
2009-05-14,1.353577001915863
2009-05-15,1.4214999672871125
2009-05-16,1.4302313303139331
2009-05-17,1.4279614425529403
2009-05-18,1.3935412112263554
2009-05-19,1.3972202160015978
2009-05-20,1.3383151667691684
2009-05-21,1.299927476181023
2009-05-22,1.2792558286209723
2009-05-23,1.2819094539924127
2009-05-24,1.2723910232321405
2009-05-25,1.2601955736685575
2009-05-26,1.2918541558334669
2009-05-27,1.321713667063236
2009-05-28,1.3072214440279772
2009-05-29,1.224770027593713
2009-05-30,1.2257921129856943
2009-05-31,1.2266650648005126
2009-06-01,1.1785853656290142
2009-06-02,1.2232517626608377
2009-06-03,1.227708784145091
2009-06-04,1.259360901726752
2009-06-05,1.2712958779881045
2009-06-06,1.26131035436938
2009-06-07,1.2517758737954394
2009-06-08,1.2324667548745447
2009-06-09,1.2476940664960954
2009-06-10,1.3476497580366669
2009-06-11,1.3272703490138489
2009-06-12,1.3047030808403193
2009-06-13,1.2955935501223252
2009-06-14,1.289599595281575
2009-06-15,1.3975279948842032
2009-06-16,1.2720042987911984
2009-06-17,1.089518504422252
2009-06-18,1.037469481878385
2009-06-19,1.0715374569860838
2009-06-20,1.0736319823958662
2009-06-21,1.0694667797124624
2009-06-22,1.0072518906769383
2009-06-23,0.9450880010353564
2009-06-24,0.956629105888286
2009-06-25,0.977031431787054
2009-06-26,0.9834527195724044
2009-06-27,0.961176790674612
2009-06-28,0.9542981000872895
2009-06-29,0.9262970387173386
2009-06-30,0.7127867638793806
2009-07-01,0.662800890175415
2009-07-02,0.655815191661369
2009-07-03,0.655109751477303
2009-07-04,0.6427774120534568
2009-07-05,0.6369703527423183
2009-07-06,0.6389055069176748
2009-07-07,0.6131114691594104
2009-07-08,0.5653632503370014
2009-07-09,0.6357502964974793
2009-07-10,0.6176039785598157
2009-07-11,0.6054903470349493
2009-07-12,0.6054491879676873
2009-07-13,0.5867739681252448
2009-07-14,0.5857624260285097
2009-07-15,1.5294020547479588
2009-07-16,1.50547250203031
2009-07-17,1.3365547556384576
2009-07-18,1.3283483574980433
2009-07-19,1.3275367162046687
2009-07-20,1.293638916090007
2009-07-21,1.224237949715974
2009-07-22,1.156518277526743
2009-07-23,0.9526050591655671
2009-07-24,1.0558561943991784
2009-07-25,1.052722534861771
2009-07-26,1.0422195677769088
2009-07-27,1.0337758846875302
2009-07-28,1.059644424438961
2009-07-29,1.0800697114153608
2009-07-30,0.99883376277447
2009-07-31,0.9349048076378196
2009-08-01,0.9873411510543116
2009-08-02,0.9674647594315968
2009-08-03,1.1059452804720302
2009-08-04,1.0861583409208126
2009-08-05,1.1486244294214385
2009-08-06,1.090068240725265
2009-08-07,0.9320487221151494
2009-08-08,0.9249534671013256
2009-08-09,0.912778193979254
2009-08-10,0.9208170746167929
2009-08-11,0.8923313727612467
2009-08-12,0.8618775777776588
2009-08-13,0.8412923860771078
2009-08-14,0.8390124767121856
2009-08-15,0.78053899720573
2009-08-16,0.7784699236073251
2009-08-17,0.7179134777613054
2009-08-18,0.721312012916818
2009-08-19,0.7931693352596012
2009-08-20,0.8534234302426915
2009-08-21,0.8701769801093096
2009-08-22,0.8637994496536341
2009-08-23,0.8579162601737136
2009-08-24,0.7199232062621803
2009-08-25,0.6461554389779613
2009-08-26,0.6476964294516052
2009-08-27,0.6441262620991655
2009-08-28,0.5717948406905005
2009-08-29,0.5686214215248975
2009-08-30,0.567787002443668
2009-08-31,0.5413686169296446
2009-09-01,0.5868978656861805
2009-09-02,0.4522747225974215
2009-09-03,0.3684426060004342
2009-09-04,0.3722777394077945
2009-09-05,0.3631164869933991
2009-09-06,0.3659910970581803
2009-09-07,0.4192991723745756
2009-09-08,0.3970948296108494
2009-09-09,0.3852231866841187
2009-09-10,0.3691270009573695
2009-09-11,0.383898833965024
2009-09-12,0.3998273263627765
2009-09-13,0.3977245618118949
2009-09-14,0.4232676561063773
2009-09-15,0.9594671028126154
2009-09-16,0.9767117486140844
2009-09-17,0.9297229630138588
2009-09-18,0.841593922981084
2009-09-19,0.8398270114548465
2009-09-20,0.8204589629561005
2009-09-21,0.8365721776149724
2009-09-22,0.8014175692192285
2009-09-23,0.8543791315713087
2009-09-24,1.0133480348973545
2009-09-25,0.8602224421938178
2009-09-26,0.8650363885921029
2009-09-27,0.8700200332117074
2009-09-28,0.8383010881583464
2009-09-29,0.8390445772857906
2009-09-30,0.8459361152158555
2009-10-01,0.8323093986160544
2009-10-02,0.8015752230265445
2009-10-03,0.7996614154841759
2009-10-04,0.7939321915053732
2009-10-05,0.779671085271695
2009-10-06,0.7908232873086356
2009-10-07,0.7997976404181766
2009-10-08,0.7753450685930341
2009-10-09,0.7578450980645282
2009-10-10,0.7554868328027871
2009-10-11,0.7549182426404064
2009-10-12,0.7496276165776745
2009-10-13,0.7238808814141158
2009-10-14,0.6964945975129977
2009-10-15,0.8804760904931102
2009-10-16,0.8211004233776924
2009-10-17,0.8234166985123439
2009-10-18,0.8295213250492508
2009-10-19,0.8360228106763286
2009-10-20,0.8001000288958924
2009-10-21,0.8004197532404431
2009-10-22,0.7123697134149527
2009-10-23,0.6483674962863049
2009-10-24,0.648680882685813
2009-10-25,0.6350750165270438
2009-10-26,0.6269631239988298
2009-10-27,0.7391397596682459
2009-10-28,0.7394276967969162
2009-10-29,0.8337012753636404
2009-10-30,0.8340105527808195
2009-10-31,0.8120674134270898
2009-11-01,0.8122445919907131
2009-11-02,0.8170784299950813
2009-11-03,0.7819392690381415
2009-11-04,0.8140949431263209
2009-11-05,0.8552393868810788
2009-11-06,0.835449442825082
2009-11-07,0.8420594622987596
2009-11-08,0.8333524922846332
2009-11-09,0.835131639871201
2009-11-10,0.8408018738331853
2009-11-11,0.8407441206372357
2009-11-12,0.7873465613078987
2009-11-13,0.7859652252621978
2009-11-14,0.7812220521744857
2009-11-15,1.0066434734738303
2009-11-16,1.07348245687631
2009-11-17,1.042751206120962
2009-11-18,1.046217661071422
2009-11-19,1.0341382202957128
2009-11-20,1.0037477155465555
2009-11-21,1.0124279916515868
2009-11-22,1.0094736380503746
2009-11-23,0.9919917936213642
2009-11-24,1.0016113765227583
2009-11-25,0.990481604400113
2009-11-26,0.9609943576154424
2009-11-27,1.0427863393168466
2009-11-28,1.0368307219503228
2009-11-29,1.0149080342769854
2009-11-30,1.0626653315816603
2009-12-01,1.0189066097798034
2009-12-02,1.0396132607246995
2009-12-03,1.118616075056858
2009-12-04,1.1201484751371005
2009-12-05,1.108672450037564
2009-12-06,1.1012662910575393
2009-12-07,1.082750363357487
2009-12-08,1.114858171457295
2009-12-09,1.093263275591858
2009-12-10,1.097893266958442
2009-12-11,1.0832358978460173
2009-12-12,1.0798805770558857
2009-12-13,1.0789737148612155
2009-12-14,1.0939246844543358
2009-12-15,1.418066411757389
2009-12-16,1.595705664162271
2009-12-17,1.6064352008755665
2009-12-18,1.5118744278355716
2009-12-19,1.5195015517814203
2009-12-20,1.5101673584834538
2009-12-21,1.531171022581367
2009-12-22,1.4909589109090498
2009-12-23,1.507914575546207
2009-12-24,1.5550309128273303
2009-12-25,1.6161061006046196
2009-12-26,1.6018138896207486
2009-12-27,1.6133737917453748
2009-12-28,1.413009510800492
2009-12-29,1.336465129790846
2009-12-30,1.315241399491935
2009-12-31,1.3167976826293142
2010-01-01,1.309163501735894
2010-01-02,1.3114735253877186
2010-01-03,1.3056693797839274
2010-01-04,1.4409393238457846
2010-01-05,1.453664313988002
2010-01-06,1.4553971874146372
2010-01-07,1.4372064373238105
2010-01-08,1.430034085185079
2010-01-09,1.422027010913541
2010-01-10,1.4214586998644956
2010-01-11,1.439936938236528
2010-01-12,1.4240115250226162
2010-01-13,1.423530164253996
2010-01-14,1.3795099997172755
2010-01-15,1.3978443324011596
2010-01-16,1.402696861430794
2010-01-17,1.388495967020539
2010-01-18,1.3968609807389702
2010-01-19,1.3675834112021374
2010-01-20,1.3337500251429455
2010-01-21,1.35562544662346
2010-01-22,1.4351557098882075
2010-01-23,1.428795136051678
2010-01-24,1.4242889786530617
2010-01-25,1.4071812505972283
2010-01-26,1.392711761497739
2010-01-27,1.4940149167477943
2010-01-28,1.534651901932852
2010-01-29,1.6266016691381755
2010-01-30,1.6081527599332726
2010-01-31,1.597567514884986
2010-02-01,1.6523364690076805
2010-02-02,1.874587210627855
2010-02-03,1.9474292035710088
2010-02-04,2.150525559747006
2010-02-05,2.0474004743511474
2010-02-06,2.047808609339947
2010-02-07,2.047702555560373
2010-02-08,2.0359409804417243
2010-02-09,2.0306968571622503
2010-02-10,1.9888991789861472
2010-02-11,2.0480558387361993
2010-02-12,2.03644912203799
2010-02-13,2.0242816812399487
2010-02-14,2.011641707238652
2010-02-15,2.0277285709431325
2010-02-16,1.942027819694431
2010-02-17,1.9250010541932323
2010-02-18,2.003260405375042
2010-02-19,2.010750316054641
2010-02-20,2.0033302533503266
2010-02-21,2.0089235114084847
2010-02-22,1.952379417427287
2010-02-23,2.0078051149862937
2010-02-24,1.9897969684286936
2010-02-25,2.04759557740448
2010-02-26,2.000334525705011
2010-02-27,2.0013908883361236
2010-02-28,1.9060326902388736
2010-03-01,1.872769091057048
2010-03-02,1.880392393290636
2010-03-03,1.9108291250889264
2010-03-04,1.996059655389252
2010-03-05,1.9903485261317737
2010-03-06,1.9803239339474104
2010-03-07,1.9612020681666515
2010-03-08,2.013188653888772
2010-03-09,2.0151006531325204
2010-03-10,2.002554203203097
2010-03-11,2.112350358703207
2010-03-12,2.104568327547613
2010-03-13,2.095358129960968
2010-03-14,2.0933982456043023
2010-03-15,2.007648768786237
2010-03-16,2.035253998167042
2010-03-17,1.9571942707208303
2010-03-18,2.1672653720312662
2010-03-19,2.258083055920026
2010-03-20,2.241196232915949
2010-03-21,2.2407488978919288
2010-03-22,2.336608759247953
2010-03-23,2.35163520844956
2010-03-24,2.3617905111320603
2010-03-25,2.4758620836698664
2010-03-26,2.537160218839251
2010-03-27,2.5134785692371646
2010-03-28,2.490800058864087
2010-03-29,2.476694316271904
2010-03-30,2.491060777813
2010-03-31,2.4893460773806817
2010-04-01,2.449912436623272
2010-04-02,2.457396125486236
2010-04-03,2.4487295498268464
2010-04-04,2.4350349222526573
2010-04-05,2.41312131313752
2010-04-06,2.3983814358074627
2010-04-07,2.3764211215611315
2010-04-08,2.3714990329448766
2010-04-09,2.367085330428268
2010-04-10,2.3681305362316394
2010-04-11,2.371219348800984
2010-04-12,2.328349958766487
2010-04-13,2.3192210195694365
2010-04-14,2.305122004369644
2010-04-15,2.331995062383788
2010-04-16,2.365897198062645
2010-04-17,2.366288478276072
2010-04-18,2.367018867704215
2010-04-19,2.424077941502738
2010-04-20,2.4201239516375086
2010-04-21,2.4503443399939075
2010-04-22,2.5111205134184047
2010-04-23,2.5261801978509153
2010-04-24,2.5096697621618267
2010-04-25,2.520244588183733
2010-04-26,2.543660173310397
2010-04-27,2.604412807174187
2010-04-28,2.7237671646011536
2010-04-29,2.808053688964205
2010-04-30,2.865812451916658
2010-05-01,2.9267781527595265
2010-05-02,2.9316092576288666
2010-05-03,2.935773950923587
2010-05-04,2.911132953974563
2010-05-05,2.984896031448086
2010-05-06,3.0963626539924833
2010-05-07,3.1203765601893187
2010-05-08,3.1049617477575246
2010-05-09,3.0930168986315874
2010-05-10,3.0938426517996316
2010-05-11,3.119004948320892
2010-05-12,3.124026580609005
2010-05-13,3.0390904821670244
2010-05-14,3.0258998688584446
2010-05-15,3.0249108021864872
2010-05-16,2.9975774479539217
2010-05-17,2.991357263928214
2010-05-18,2.959243365082439
2010-05-19,2.9681171721089816
2010-05-20,2.962434083989219
2010-05-21,2.955310434837592
2010-05-22,2.9653935897100534
2010-05-23,2.965765211341723
2010-05-24,2.8851166384530966
2010-05-25,2.8768154368930956
2010-05-26,2.868165993528394
2010-05-27,2.8679231639691567
2010-05-28,2.8892836644163262
2010-05-29,2.8891747038303843
2010-05-30,2.8834720144635737
2010-05-31,2.8812100090214674
2010-06-01,2.864434016631579
2010-06-02,2.8182961297117273
2010-06-03,2.8401392931828924
2010-06-04,2.7712496775211823
2010-06-05,2.769756423844548
2010-06-06,2.7597375304953453
2010-06-07,2.7660902573235373
2010-06-08,2.8028868320386944
2010-06-09,2.817182579070127
2010-06-10,2.80809005480454
2010-06-11,2.874794786613351
2010-06-12,2.864863056882743
2010-06-13,2.86038068023975
2010-06-14,2.81822404881117
2010-06-15,2.78316663217508
2010-06-16,2.827231275427956
2010-06-17,2.8721886100803196
2010-06-18,2.8525530131211334
2010-06-19,2.8594070294896765
2010-06-20,2.8432084686118415
2010-06-21,2.807352629440011
2010-06-22,2.8581709443168757
2010-06-23,2.6976186671217395
2010-06-24,2.664431800700075
2010-06-25,2.6795850018924448
2010-06-26,2.6634904077534793
2010-06-27,2.6606129908262597
2010-06-28,2.652441882370135
2010-06-29,2.653615352037158
2010-06-30,2.690646930702785
2010-07-01,2.5922490670586793
2010-07-02,2.5275632243930697
2010-07-03,2.5381645449230925
2010-07-04,2.536074278220414
2010-07-05,2.524587132455851
2010-07-06,2.5213136392873703
2010-07-07,2.528381227585479
2010-07-08,2.497091801757196
2010-07-09,2.407148638881413
2010-07-10,2.41640775242625
2010-07-11,2.4047128806601297
2010-07-12,2.402461924674582
2010-07-13,2.4149929785549364
2010-07-14,2.3983754361973695
2010-07-15,2.419913498458112
2010-07-16,2.359976468557678
2010-07-17,2.373215473718408
2010-07-18,2.3833059107057
2010-07-19,2.3721978949052973
2010-07-20,2.373231438962962
2010-07-21,2.359613273017016
2010-07-22,2.4077230732261423
2010-07-23,2.367766632161299
2010-07-24,2.364757885387624
2010-07-25,2.3466476313921465
2010-07-26,2.3457584808606
2010-07-27,2.3665692578985817
2010-07-28,2.3283084297209173
2010-07-29,2.312591151365822
2010-07-30,2.338793787815653
2010-07-31,2.3327434198243457
2010-08-01,2.4662700029662847
2010-08-02,2.4093405959305256
2010-08-03,2.3886497748794366
2010-08-04,2.4125929884845334
2010-08-05,2.3083347060193757
2010-08-06,2.3230407130470025
2010-08-07,2.3313555002251416
2010-08-08,2.3106264501581792
2010-08-09,2.325107679137828
2010-08-10,2.298329448795844
2010-08-11,2.277566094618921
2010-08-12,2.3072274286002665
2010-08-13,2.3109236086798464
2010-08-14,2.323052108487367
2010-08-15,2.422073981049128
2010-08-16,2.329941988740938
2010-08-17,2.325144985392769
2010-08-18,2.3134904290337843
2010-08-19,2.3513254648927218
2010-08-20,2.36146717672591
2010-08-21,2.362658218514183
2010-08-22,2.3642344428157287
2010-08-23,2.364611959318991
2010-08-24,2.335455222824476
2010-08-25,2.2944111739289306
2010-08-26,2.284743367048419
2010-08-27,2.277551165865437
2010-08-28,2.2747917037191305
2010-08-29,2.2809125679665883
2010-08-30,2.27740495995024
2010-08-31,2.278666725625873
2010-09-01,2.4235879786206644
2010-09-02,2.3502784986563077
2010-09-03,2.3971229398689955
2010-09-04,2.3833700704554626
2010-09-05,2.418784787050894
2010-09-06,2.352582972630745
2010-09-07,2.447971055618078
2010-09-08,2.418294646658365
2010-09-09,2.361212865407669
2010-09-10,2.3163190534180673
2010-09-11,2.3165768412823846
2010-09-12,2.2933234912721536
2010-09-13,2.253612081290178
2010-09-14,2.3420985236298737
2010-09-15,2.4870225933291676
2010-09-16,2.459599724470131
2010-09-17,2.3918235770136276
2010-09-18,2.39147393477806
2010-09-19,2.3840382218948823
2010-09-20,2.3700974074554644
2010-09-21,2.3976684108596547
2010-09-22,2.4760006433391255
2010-09-23,2.356695420937001
2010-09-24,2.601654924058068
2010-09-25,2.795221750260473
2010-09-26,2.747896582170026
2010-09-27,2.718224317259212
2010-09-28,2.697650132514529
2010-09-29,2.67385451392453
2010-09-30,2.6554112753395915
2010-10-01,2.887982734126066
2010-10-02,2.7965315336730914
2010-10-03,2.7810903979356203
2010-10-04,2.774842086098274
2010-10-05,2.788267354935
2010-10-06,2.8496826270900595
2010-10-07,2.8561229744367305
2010-10-08,2.836574697597103
2010-10-09,2.8340270854962135
2010-10-10,2.814565751591898
2010-10-11,2.8024292724648268
2010-10-12,2.784309804365996
2010-10-13,2.7715439435310696
2010-10-14,2.778098874864746
2010-10-15,2.901447721407662
2010-10-16,2.8965968001096987
2010-10-17,2.8842023044592393
2010-10-18,2.8774692867435054
2010-10-19,2.844532153449486
2010-10-20,2.850366205442599
2010-10-21,2.7662640276378965
2010-10-22,2.7489551048303458
2010-10-23,2.746518137629989
2010-10-24,2.7329114963585703
2010-10-25,2.7206440224320168
2010-10-26,2.727849441877156
2010-10-27,2.729137071594182
2010-10-28,2.6536852917711986
2010-10-29,2.670879854229907
2010-10-30,2.6868723384350446
2010-10-31,2.6899603597321597
2010-11-01,2.9941566633026793
2010-11-02,2.9211890420393356
2010-11-03,2.889397412877128
2010-11-04,2.9158126245516227
2010-11-05,2.899677337308576
2010-11-06,2.9175345166047673
2010-11-07,2.9150879828245073
2010-11-08,2.919712107682991
2010-11-09,2.9726457419822774
2010-11-10,2.9173465375403764
2010-11-11,2.9584381987570127
2010-11-12,2.9622692782499525
2010-11-13,2.940533313673291
2010-11-14,2.9226407995965915
2010-11-15,3.0713155850903817
2010-11-16,3.0617869923081553
2010-11-17,3.0196568372774695
2010-11-18,2.9914107632786364
2010-11-19,2.984967990234259
2010-11-20,2.9892181168979106
2010-11-21,2.988379378682766
2010-11-22,2.995188461135882
2010-11-23,2.997106758293614
2010-11-24,2.984254752202963
2010-11-25,2.96231625289403
2010-11-26,2.9600000197661904
2010-11-27,2.948862424090239
2010-11-28,2.9168848278696906
2010-11-29,2.9000523776485885
2010-11-30,2.922305205266473
2010-12-01,3.1330458649405424
2010-12-02,3.118865415536168
2010-12-03,3.127908385066791
2010-12-04,3.1017606091167043
2010-12-05,3.0856871093656064
2010-12-06,3.0878663036708045
2010-12-07,3.1721443384256323
2010-12-08,3.2521369362776853
2010-12-09,3.421537908097372
2010-12-10,3.202624430565765
2010-12-11,3.1890569758376346
2010-12-12,3.166907786635865
2010-12-13,3.212934419995938
2010-12-14,3.1727367643813498
2010-12-15,3.2572290143449085
2010-12-16,3.2509337462850896
2010-12-17,3.306484307676808
2010-12-18,3.29034927019333
2010-12-19,3.2802791089315053
2010-12-20,3.210134100504021
2010-12-21,3.2228522768289287
2010-12-22,3.1536598151351964
2010-12-23,3.1697088639956164
2010-12-24,3.255077947401235
2010-12-25,3.240432307855583
2010-12-26,3.221260174088928
2010-12-27,3.2029890876500424
2010-12-28,3.2071929739077967
2010-12-29,3.2531019944428867
2010-12-30,3.2535171559966947
2010-12-31,3.261178094724461
2011-01-01,3.4294826171218027
2011-01-02,3.3676340802348927
2011-01-03,3.3607265806888424
2011-01-04,3.3691648575419384
2011-01-05,3.374729647581585
2011-01-06,3.241936814965132
2011-01-07,3.2242262031424396
2011-01-08,3.221151019521459
2011-01-09,3.2085616733869218
2011-01-10,3.190086723078515
2011-01-11,3.1885592834768253
2011-01-12,3.1693018633758583
2011-01-13,3.159250582996437
2011-01-14,3.1600568844498578
2011-01-15,3.271024782835127
2011-01-16,3.2705186694937405
2011-01-17,3.257990768506746
2011-01-18,3.2256087920265015
2011-01-19,3.227392716176026
2011-01-20,3.219242541195483
2011-01-21,3.243307977634788
2011-01-22,3.2420991688539726
2011-01-23,3.238588658325878
2011-01-24,3.2255315877111244
2011-01-25,3.1962100734928542
2011-01-26,3.3792184302198933
2011-01-27,3.340920938765189
2011-01-28,3.3518018872954904
2011-01-29,3.365658508518235
2011-01-30,3.3549486202076375
2011-01-31,3.3502291015718444
2011-02-01,3.451161835658598
2011-02-02,3.393381461175348
2011-02-03,3.351165478842599
2011-02-04,3.3451603015105884
2011-02-05,3.336898105413821
2011-02-06,3.3444714231478865
2011-02-07,3.3363381756515245
2011-02-08,3.3708644967027177
2011-02-09,3.3350510358546073
2011-02-10,3.2812546264337397
2011-02-11,3.2721018128174633
2011-02-12,3.2464051885552743
2011-02-13,3.247145347998374
2011-02-14,3.2508236791411056
2011-02-15,3.3197508569166865
2011-02-16,3.2787964664125235
2011-02-17,3.2506213792480247
2011-02-18,3.297383181919792
2011-02-19,3.298640019689962
2011-02-20,3.288457327540853
2011-02-21,3.3002007516563796
2011-02-22,3.361121552816808
2011-02-23,3.330354084680714
2011-02-24,3.501998104481826
2011-02-25,3.504094737230566
2011-02-26,3.4661670054810383
2011-02-27,3.4734355427064703
2011-02-28,3.432154208370161
2011-03-01,3.5877101086278067
2011-03-02,3.550188086633254
2011-03-03,3.5835528287033767
2011-03-04,3.5800955914726305
2011-03-05,3.571216927978083
2011-03-06,3.564782082993241
2011-03-07,3.5881788280108684
2011-03-08,3.665743513438384
2011-03-09,3.6861625822638255
2011-03-10,3.7856804099825334
2011-03-11,3.7836057186305703
2011-03-12,3.7507770576186186
2011-03-13,3.750187012697946
2011-03-14,3.746034269951527
2011-03-15,3.794982781431729
2011-03-16,3.763144942885552
2011-03-17,3.827365601406179
2011-03-18,3.819630398570469
2011-03-19,3.8064678135873025
2011-03-20,3.790735402706285
2011-03-21,3.752163139082063
2011-03-22,3.799605384737247
2011-03-23,3.776679648996856
2011-03-24,3.775385737777383
2011-03-25,3.8171840334816767
2011-03-26,3.797065416292395
2011-03-27,3.7751941308414296
2011-03-28,3.774398827672568
2011-03-29,3.761653102135604
2011-03-30,3.74796903352686
2011-03-31,3.744973568858277
2011-04-01,3.787832644513703
2011-04-02,3.7505480625141687
2011-04-03,3.744446573128977
2011-04-04,3.727315087936474
2011-04-05,3.666117564730101
2011-04-06,3.64782701474752
2011-04-07,3.6477563614242
2011-04-08,3.6513963424158224
2011-04-09,3.6548683766361263
2011-04-10,3.643474121816899
2011-04-11,3.633222678286504
2011-04-12,3.624623555373269
2011-04-13,3.6194592676713
2011-04-14,3.603766399493141
2011-04-15,3.721841425163657
2011-04-16,3.708907104195422
2011-04-17,3.706226665775503
2011-04-18,3.7207498346665826
2011-04-19,3.745170775615983
2011-04-20,3.6711329972704263
2011-04-21,3.6501201568099138
2011-04-22,3.648554176807437
2011-04-23,3.632750673466427
2011-04-24,3.617589330354198
2011-04-25,3.614031283159659
2011-04-26,3.6643201103966674
2011-04-27,3.4549555254617563
2011-04-28,3.594703814269489
2011-04-29,3.628273915875947
2011-04-30,3.650108081210435
2011-05-01,3.698380416371326
2011-05-02,3.7549396923947542
2011-05-03,3.8583687978287777
2011-05-04,3.907722276821986
2011-05-05,3.905422728022689
2011-05-06,3.9006226146270233
2011-05-07,3.913752831588143
2011-05-08,3.9312581221668927
2011-05-09,3.9556308412113954
2011-05-10,3.972507407916807
2011-05-11,3.999666428020354
2011-05-12,3.973449012175075
2011-05-13,4.011674927956525
2011-05-14,4.0261509051296445
2011-05-15,4.140716037201553
2011-05-16,4.1609596341562405
2011-05-17,4.147997383619526
2011-05-18,4.121559675834107
2011-05-19,4.111320904987127
2011-05-20,4.116466891308571
2011-05-21,4.124483843749896
2011-05-22,4.129282642909223
2011-05-23,4.125070497983562
2011-05-24,4.1219332428412745
2011-05-25,4.074256257998087
2011-05-26,4.086116166124667
2011-05-27,4.0874709597693215
2011-05-28,4.086530398135446
2011-05-29,4.090757629657117
2011-05-30,4.075520389266319
2011-05-31,4.073601895108942
2011-06-01,4.053215256188644
2011-06-02,4.075769315743524
2011-06-03,4.080970044540497
2011-06-04,4.075348749713995
2011-06-05,4.070136533832133
2011-06-06,4.065483798392114
2011-06-07,4.1070881570293665
2011-06-08,4.10902406431571
2011-06-09,4.15689134584005
2011-06-10,4.148484754022361
2011-06-11,4.133844422900328
2011-06-12,4.125803267932269
2011-06-13,4.135627111750177
2011-06-14,4.189234433734344
2011-06-15,4.257169766976064
2011-06-16,4.349292666008685
2011-06-17,4.314577709298303
2011-06-18,4.304390889569008
2011-06-19,4.297674726528684
2011-06-20,4.257272958294836
2011-06-21,4.1772351381401736
2011-06-22,3.9642396321513833
2011-06-23,3.9025487723065018
2011-06-24,4.006310387167659
2011-06-25,4.00000734370897
2011-06-26,4.003369377518349
2011-06-27,4.017932829413128
2011-06-28,4.025525162031406
2011-06-29,4.088517020559679
2011-06-30,4.209453221740602
2011-07-01,4.206799486238331
2011-07-02,4.187070320211925
2011-07-03,4.182064740318488
2011-07-04,4.194166416135374
2011-07-05,4.143487644851814
2011-07-06,4.163971255550751
2011-07-07,4.11614094044233
2011-07-08,4.1170053891449765
2011-07-09,4.105292946236016
2011-07-10,4.103259108336783
2011-07-11,4.177818788840427
2011-07-12,4.1966012910705635
2011-07-13,4.1995875885914415
2011-07-14,4.206038199919903
2011-07-15,4.199303412305083
2011-07-16,4.171568889061367
2011-07-17,4.240969468919039
2011-07-18,4.223634637884889
2011-07-19,4.24821797658943
2011-07-20,4.259529816657126
2011-07-21,4.111910609171749
2011-07-22,4.1617552305348955
2011-07-23,4.155790061248756
2011-07-24,4.152475565419854
2011-07-25,4.108349927428945
2011-07-26,4.288794437150282
2011-07-27,4.325361088496741
2011-07-28,4.461273805746996
2011-07-29,4.476835152310821
2011-07-30,4.481718888689561
2011-07-31,4.469497175075892
2011-08-01,4.474440942075727
2011-08-02,4.556280393764053
2011-08-03,4.617353225173439
2011-08-04,4.651990853650751
2011-08-05,4.652038213834618
2011-08-06,4.65705424237347
2011-08-07,4.6525734033153405
2011-08-08,4.646369348724527
2011-08-09,4.660049875812546
2011-08-10,4.64948139543913
2011-08-11,4.624217395209898
2011-08-12,4.627492352037362
2011-08-13,4.6261789653904675
2011-08-14,4.622621993053394
2011-08-15,4.666738984403672
2011-08-16,4.68060216840613
2011-08-17,4.7164911607834865
2011-08-18,4.722837198472766
2011-08-19,4.720349868323006
2011-08-20,4.714509076128413
2011-08-21,4.711218154577765
2011-08-22,4.702389967152048
2011-08-23,4.7091152660733595
2011-08-24,4.752427909158439
2011-08-25,4.762817739210179
2011-08-26,4.749032291818445
2011-08-27,4.74452642660376
2011-08-28,4.728225225624392
2011-08-29,4.733957377505223
2011-08-30,4.727939631854717
2011-08-31,4.7258776200045745
2011-09-01,4.732648866528623
2011-09-02,4.702162683946719
2011-09-03,4.699022724347073
2011-09-04,4.695576092033574
2011-09-05,4.646618814240391
2011-09-06,4.68773892169265
2011-09-07,4.643724160833006
2011-09-08,4.5787953753463535
2011-09-09,4.542165334005617
2011-09-10,4.53429071305895
2011-09-11,4.527732682371475
2011-09-12,4.534069336232489
2011-09-13,4.595639504417137
2011-09-14,4.6526702229965355
2011-09-15,4.712969013442213
2011-09-16,4.689702582173758
2011-09-17,4.6278680796102165
2011-09-18,4.623808774354142
2011-09-19,4.643862881309496
2011-09-20,4.617125511005078
2011-09-21,4.599167476012082
2011-09-22,4.55714981500411
2011-09-23,4.55292797439627
2011-09-24,4.562400284160201
2011-09-25,4.56242682823998
2011-09-26,4.571385286736631
2011-09-27,4.591641117084838
2011-09-28,4.568113508159553
2011-09-29,4.654937700919415
2011-09-30,4.637887239738147
2011-10-01,4.642986392454915
2011-10-02,4.622708292684979
2011-10-03,4.641354680133023
2011-10-04,4.629510330381756
2011-10-05,4.665388759566564
2011-10-06,4.64913252381285
2011-10-07,4.640112908500748
2011-10-08,4.636119501237614
2011-10-09,4.638679439788204
2011-10-10,4.640993739149842
2011-10-11,4.655407523951171
2011-10-12,4.652485333025946
2011-10-13,4.61966504723096
2011-10-14,4.588372275175914
2011-10-15,4.629953461344891
2011-10-16,4.634157933927794
2011-10-17,4.63596165677483
2011-10-18,4.618829312201331
2011-10-19,4.62045454757763
2011-10-20,4.5958191072391426
2011-10-21,4.575502534430529
2011-10-22,4.5772078435136025
2011-10-23,4.587009340629688
2011-10-24,4.617094929033208
2011-10-25,4.580758500539209
2011-10-26,4.608168871964475
2011-10-27,4.568236982954612
2011-10-28,4.545147651155391
2011-10-29,4.538982994758544
2011-10-30,4.5323057767096095
2011-10-31,4.535015702979661
2011-11-01,4.559532049102834
2011-11-02,4.51261452282795
2011-11-03,4.512094955227056
2011-11-04,4.518263168465765
2011-11-05,4.527136107006866
2011-11-06,4.523696026984802
2011-11-07,4.542804497432744
2011-11-08,4.528643350220619
2011-11-09,4.541197954001884
2011-11-10,4.623302051401326
2011-11-11,4.6233393376939365
2011-11-12,4.622201532729198
2011-11-13,4.615574247969044
2011-11-14,4.623920919482769
2011-11-15,4.616680367720358
2011-11-16,4.623570884173476
2011-11-17,4.6224067709552905
2011-11-18,4.622641243089839
2011-11-19,4.621289185674945
2011-11-20,4.618987060934599
2011-11-21,4.640832418533405
2011-11-22,4.671085293250784
2011-11-23,4.685103886246849
2011-11-24,4.689700567753286
2011-11-25,4.689481881473795
2011-11-26,4.686607549453177
2011-11-27,4.6831881211247985
2011-11-28,4.6890774517637395
2011-11-29,4.7024123731001355
2011-11-30,4.703347641606788
2011-12-01,4.713501831590817
2011-12-02,4.76030183402419
2011-12-03,4.7546777667587
2011-12-04,4.752114561722274
2011-12-05,4.75040352815415
2011-12-06,4.756288106444718
2011-12-07,4.788589158311675
2011-12-08,4.797794546852839
2011-12-09,4.804705950806623
2011-12-10,4.803528170009887
2011-12-11,4.811060192408375
2011-12-12,4.820240735246897
2011-12-13,4.73328682812739
2011-12-14,4.849353673848307
2011-12-15,4.83498023074532
2011-12-16,4.845169920256417
2011-12-17,4.844686100462813
2011-12-18,4.848315338360963
2011-12-19,4.854322358661008
2011-12-20,4.926828145295508
2011-12-21,4.945390220979794
2011-12-22,5.061655553693541
2011-12-23,5.017748052805147
2011-12-24,5.006849606015915
2011-12-25,5.004540242665517
2011-12-26,5.009645823735095
2011-12-27,5.028670480970796
2011-12-28,5.043294153450052
2011-12-29,5.073098213547726
2011-12-30,5.044857486062018
2011-12-31,5.034592487126027
2012-01-01,5.047441031097093
2012-01-02,5.0511948262871496
2012-01-03,5.05909675764696
2012-01-04,5.052445733218659
2012-01-05,5.001781300609247
2012-01-06,4.994916702386641
2012-01-07,5.002865779853405
2012-01-08,4.99735928753508
2012-01-09,4.989951282871885
2012-01-10,4.980507242899794
2012-01-11,5.003952872782191
2012-01-12,4.993795184937726
2012-01-13,4.989705652797627
2012-01-14,4.990808291383656
2012-01-15,4.960452870237379
2012-01-16,4.960900558570605
2012-01-17,4.967041266697006
2012-01-18,4.965755664739535
2012-01-19,4.944840036411932
2012-01-20,4.916134791634812
2012-01-21,4.915671035684245
2012-01-22,4.916291118413625
2012-01-23,4.921761015336443
2012-01-24,4.956955705079034
2012-01-25,4.950285917728594
2012-01-26,4.996574936135135
2012-01-27,4.950832104524412
2012-01-28,4.959760177004046
2012-01-29,4.950326563929433
2012-01-30,4.945878020308082
2012-01-31,4.9630431204757866
2012-02-01,4.985576144822166
2012-02-02,4.9124307249221495
2012-02-03,4.9130426406364816
2012-02-04,4.913881146967023
2012-02-05,4.918682921181336
2012-02-06,4.925521872299848
2012-02-07,4.873553988656415
2012-02-08,4.926959872338011
2012-02-09,4.939482240347063
2012-02-10,4.935728729458174
2012-02-11,4.934261089599514
2012-02-12,4.9361805450116325
2012-02-13,4.940439074469189
2012-02-14,4.926202098470827
2012-02-15,4.934360371616178
2012-02-16,4.955698808208765
2012-02-17,4.9699238249210715
2012-02-18,4.9515833386551265
2012-02-19,4.951258887595578
2012-02-20,4.940408375622955
2012-02-21,4.957531002282743
2012-02-22,4.943892143096155
2012-02-23,4.9446892295159985
2012-02-24,4.948695976544236
2012-02-25,4.9611802458558385
2012-02-26,4.968572265673411
2012-02-27,5.014725043937011
2012-02-28,5.081977543825008
2012-02-29,5.059954346112858
2012-03-01,5.078986601683181
2012-03-02,5.107745596706622
2012-03-03,5.104271954940075
2012-03-04,5.102452573491099
2012-03-05,5.082799813226815
2012-03-06,5.124706208158004
2012-03-07,5.105253518621302
2012-03-08,5.185664910387798
2012-03-09,5.207471571313579
2012-03-10,5.184285113044681
2012-03-11,5.183923823328067
2012-03-12,5.188445625630827
2012-03-13,5.141355102164218
2012-03-14,5.158404437552584
2012-03-15,5.18703274747099
2012-03-16,5.163741960550553
2012-03-17,5.143703916738979
2012-03-18,5.148703733275283
2012-03-19,5.179064956737585
2012-03-20,5.0856242594700065
2012-03-21,5.100170844895762
2012-03-22,5.079017316327395
2012-03-23,5.078795662081097
2012-03-24,5.080332140794947
2012-03-25,5.078566061322856
2012-03-26,5.080102638262833
2012-03-27,5.068406620953824
2012-03-28,5.102189955122125
2012-03-29,5.082126910912843
2012-03-30,5.072967744839675
2012-03-31,5.067784651774077
2012-04-01,5.060841413294044
2012-04-02,5.068917660953269
2012-04-03,5.0537309393853285
2012-04-04,5.042766770598502
2012-04-05,5.072356133318522
2012-04-06,5.068364595950206
2012-04-07,5.0667382498941045
2012-04-08,5.0584101345329575
2012-04-09,5.0416086634776
2012-04-10,5.028276921022933
2012-04-11,5.071775906354365
2012-04-12,5.044259951276336
2012-04-13,5.037764414960324
2012-04-14,5.029891803452747
2012-04-15,5.037682662441282
2012-04-16,5.04790668306379
2012-04-17,5.037475571557906
2012-04-18,5.04152243896948
2012-04-19,5.049767857668579
2012-04-20,5.0527999899793
2012-04-21,5.046592960559195
2012-04-22,5.039842392858292
2012-04-23,5.065292114783055
2012-04-24,4.977756053784596
2012-04-25,4.938671584375964
2012-04-26,4.894525726532037
2012-04-27,4.933088135094032
2012-04-28,4.925785540289905
2012-04-29,4.923775340023386
2012-04-30,4.9043132093598
2012-05-01,4.8325351399036975
2012-05-02,4.789902541491074
2012-05-03,4.768348853809063
2012-05-04,4.769394298977373
2012-05-05,4.762482272990302
2012-05-06,4.76255442093519
2012-05-07,4.754691477445957
2012-05-08,4.736469788687201
2012-05-09,4.727798372223236
2012-05-10,4.703686949134143
2012-05-11,4.656070939870479
2012-05-12,4.660330003749665
2012-05-13,4.657373151875575
2012-05-14,4.661663558347823
2012-05-15,4.626515342706855
2012-05-16,4.488748140813032
2012-05-17,4.488597181777916
2012-05-18,4.491518180260523
2012-05-19,4.493636773263578
2012-05-20,4.497764955045859
2012-05-21,4.500280697513679
2012-05-22,4.5031454167097005
2012-05-23,4.5023610538277286
2012-05-24,4.498564472308697
2012-05-25,4.498672805368098
2012-05-26,4.499170164079675
2012-05-27,4.505005435767089
2012-05-28,4.517541631114673
2012-05-29,4.521020057704907
2012-05-30,4.522719145856161
2012-05-31,4.545592296503795
2012-06-01,4.530091604360818
2012-06-02,4.530927034103738
2012-06-03,4.524724327799584
2012-06-04,4.526459354216097
2012-06-05,4.566569650669379
2012-06-06,4.581694051043988
2012-06-07,4.603383166674531
2012-06-08,4.6005134971582
2012-06-09,4.594247912272591
2012-06-10,4.594497259950666
2012-06-11,4.598323035272223
2012-06-12,4.5882131470764085
2012-06-13,4.331899700187041
2012-06-14,4.396891328175287
2012-06-15,4.299101170688069
2012-06-16,4.296332312344454
2012-06-17,4.306919485244441
2012-06-18,4.272268335340746
2012-06-19,4.3425311810724265
2012-06-20,4.35884300115065
2012-06-21,4.426925867933712
2012-06-22,4.392578593341151
2012-06-23,4.390589978544831
2012-06-24,4.392092978975478
2012-06-25,4.378365054071127
2012-06-26,4.379664835040243
2012-06-27,4.386128631342501
2012-06-28,4.419764737566916
2012-06-29,4.410486837687167
2012-06-30,4.424113209247324
2012-07-01,4.412844877480703
2012-07-02,4.4030140755494696
2012-07-03,4.4095906449467055
2012-07-04,4.495979918178707
2012-07-05,4.43916413578825
2012-07-06,4.3902553512799205
2012-07-07,4.397990195985674
2012-07-08,4.398923874466749
2012-07-09,4.393819578132344
2012-07-10,4.402075792195047
2012-07-11,4.384958616148528
2012-07-12,4.306186983042517
2012-07-13,4.305341970917048
2012-07-14,4.348039912847769
2012-07-15,4.325018614377399
2012-07-16,4.322495372392436
2012-07-17,4.345409094933799
2012-07-18,4.346725019675112
2012-07-19,4.29780673603329
2012-07-20,4.297484585657757
2012-07-21,4.300063032579059
2012-07-22,4.302442178271453
2012-07-23,4.299281423126796
2012-07-24,4.2679416714556
2012-07-25,4.209058397115676
2012-07-26,4.096432294151106
2012-07-27,4.046167583247724
2012-07-28,4.0484610415553615
2012-07-29,4.046755786242862
2012-07-30,4.047700204537373
2012-07-31,4.066617170144871
2012-08-01,4.197267480267888
2012-08-02,4.171617968084475
2012-08-03,4.137299147622082
2012-08-04,4.140269326551659
2012-08-05,4.136082828544749
2012-08-06,4.118558693431796
2012-08-07,4.188241618509454
2012-08-08,4.173609912084406
2012-08-09,4.2026514997123945
2012-08-10,4.200054928816862
2012-08-11,4.193947121175791
2012-08-12,4.190528570109981
2012-08-13,4.186913000303486
2012-08-14,4.174073187159228
2012-08-15,4.127864437314029
2012-08-16,4.105715326335217
2012-08-17,4.100528597771192
2012-08-18,4.100915849815579
2012-08-19,4.101982160554048
2012-08-20,4.094651958955863
2012-08-21,4.147639453655668
2012-08-22,4.205072174968783
2012-08-23,4.195826065077073
2012-08-24,4.203554664143148
2012-08-25,4.198989768981838
2012-08-26,4.201325670261892
2012-08-27,4.1879599351571235
2012-08-28,4.182711057121337
2012-08-29,4.183506001487869
2012-08-30,4.210386384798487
2012-08-31,4.199151291060515
2012-09-01,4.175395749255804
2012-09-02,4.185494711005446
2012-09-03,4.167913974401043
2012-09-04,4.086984320772109
2012-09-05,4.143404975353714
2012-09-06,4.146052939061369
2012-09-07,4.121064945997607
2012-09-08,4.126681838967966
2012-09-09,4.127059606583993
2012-09-10,4.11494984710184
2012-09-11,4.068358248375978
2012-09-12,4.156346020013556
2012-09-13,4.171134184621532
2012-09-14,4.177558170570006
2012-09-15,4.204675336949895
2012-09-16,4.203263240763707
2012-09-17,4.1032846598384385
2012-09-18,4.0234567888367865
2012-09-19,3.9853067207064106
2012-09-20,4.0743202117913615
2012-09-21,4.047740689839117
2012-09-22,4.051199247177016
2012-09-23,4.063751993668043
2012-09-24,4.060353875337364
2012-09-25,4.024980748404332
2012-09-26,4.028814766557277
2012-09-27,4.004960606325127
2012-09-28,3.994854612130376
2012-09-29,3.995653007765017
2012-09-30,4.001363187664959
2012-10-01,3.9366779275204262
2012-10-02,3.9244324149219754
2012-10-03,3.9229976215185
2012-10-04,3.927329838936059
2012-10-05,3.9063726132523864
2012-10-06,3.907265832360866
2012-10-07,3.905284068238363
2012-10-08,3.906684885285024
2012-10-09,3.9161453367460104
2012-10-10,3.920286324274477
2012-10-11,3.9054109309406377
2012-10-12,3.9053117659116374
2012-10-13,3.906487423153267
2012-10-14,3.908370847418203
2012-10-15,4.006940459548405
2012-10-16,3.9869923352914647
2012-10-17,3.9978861169563538
2012-10-18,4.020616028989305
2012-10-19,4.006063362635429
2012-10-20,4.011888289130997
2012-10-21,4.004330520158446
2012-10-22,3.9606923466452306
2012-10-23,3.9811477708495344
2012-10-24,3.9617732377271806
2012-10-25,3.9617566125282457
2012-10-26,4.002802618779154
2012-10-27,4.003206941999752
2012-10-28,4.000833157308424
2012-10-29,4.022860104397405
2012-10-30,3.969840573617021
2012-10-31,3.948525998911867
2012-11-01,3.8492747539722183
2012-11-02,3.889724829552616
2012-11-03,3.893747390940327
2012-11-04,3.8942608524912785
2012-11-05,3.8720636218746023
2012-11-06,3.8392016390261703
2012-11-07,3.8437187181988928
2012-11-08,3.9295366335719706
2012-11-09,3.9122101592584393
2012-11-10,3.8998411841144662
2012-11-11,3.895313701303021
2012-11-12,3.901044603772096
2012-11-13,3.899366674345349
2012-11-14,3.8891072922971808
2012-11-15,3.909976836299744
2012-11-16,3.900050222474544
2012-11-17,3.912307450112259
2012-11-18,3.91119094314916
2012-11-19,3.910578434716357
2012-11-20,3.895978937735164
2012-11-21,3.90617208033716
2012-11-22,3.915147660754915
2012-11-23,3.908518344483843
2012-11-24,3.913028700428704
2012-11-25,3.909637601489488
2012-11-26,3.921080321075795
2012-11-27,3.9199471702553934
2012-11-28,3.923998358282699
2012-11-29,3.94379284864497
2012-11-30,3.940826426820575
2012-12-01,3.9181827528891766
2012-12-02,3.9343566373498904
2012-12-03,3.961726159852084
2012-12-04,3.984378679941947
2012-12-05,3.97528029258724
2012-12-06,4.019040066823836
2012-12-07,4.02376106668741
2012-12-08,4.0119140116326655
2012-12-09,4.010517904360012
2012-12-10,4.027152532884308
2012-12-11,3.933343474568591
2012-12-12,3.91656008579291
2012-12-13,3.842637318479268
2012-12-14,3.8744719319969745
2012-12-15,3.8450481998637582
2012-12-16,3.8496036383802066
2012-12-17,3.851079409928975
2012-12-18,3.8062709042818375
2012-12-19,3.840157768646334
2012-12-20,3.8691262337928314
2012-12-21,3.886245677606551
2012-12-22,3.886706414444777
2012-12-23,3.885340205327502
2012-12-24,3.913413604407612
2012-12-25,3.9075848596965086
2012-12-26,3.920985614627813
2012-12-27,3.928663659077916
2012-12-28,3.923488235591528
2012-12-29,3.9186720531814863
2012-12-30,3.915346506057886
2012-12-31,3.910947700355443
2013-01-01,3.8799782619395966
2013-01-02,3.8900301801345982
2013-01-03,3.861939100450493
2013-01-04,3.863072292177863
2013-01-05,3.8664623076346194
2013-01-06,3.8613748476462426
2013-01-07,3.86792391702204
2013-01-08,3.864260773398053
2013-01-09,3.8642058603675946
2013-01-10,3.8465164501940112
2013-01-11,3.85041315904032
2013-01-12,3.850579286401477
2013-01-13,3.846022572387807
2013-01-14,3.8528234771110417
2013-01-15,3.850527448602324
2013-01-16,3.8448485908303134
2013-01-17,3.8438344090219023
2013-01-18,3.794204445929081
2013-01-19,3.7984825188163023
2013-01-20,3.7992860711775567
2013-01-21,3.799327719136896
2013-01-22,3.825296023989606
2013-01-23,3.821273358952146
2013-01-24,3.857955804713132
2013-01-25,3.8515480469975
2013-01-26,3.8442978901804215
2013-01-27,3.8438308043899063
2013-01-28,3.840990106775569
2013-01-29,3.817579424010423
2013-01-30,3.807408103209861
2013-01-31,3.875778927964218
2013-02-01,3.846795201549605
2013-02-02,3.872901224919633
2013-02-03,3.872066206669958
2013-02-04,3.912765515347262
2013-02-05,4.001945655277508
2013-02-06,4.018780940647771
2013-02-07,3.997550901338341
2013-02-08,4.0001194951956
2013-02-09,3.995421076260828
2013-02-10,3.983514920372758
2013-02-11,3.9927103875144985
2013-02-12,3.998909213521777
2013-02-13,3.982570290977301
2013-02-14,4.067766458376009
2013-02-15,4.073643665311494
2013-02-16,4.067030762950324
2013-02-17,4.059644989221781
2013-02-18,4.059180267876791
2013-02-19,4.050500589415794
2013-02-20,4.183685956727094
2013-02-21,4.2066038673777335
2013-02-22,4.1960396802403785
2013-02-23,4.193475027949475
2013-02-24,4.1999575885117
2013-02-25,4.218527674987374
2013-02-26,4.190825744060625
2013-02-27,4.204691549540038
2013-02-28,4.2183807641935305
2013-03-01,4.203124320345162
2013-03-02,4.227700602168251
2013-03-03,4.228928619184518
2013-03-04,4.235184154702885
2013-03-05,4.22959105295087
2013-03-06,4.201645173279372
2013-03-07,4.257296272680662
2013-03-08,4.265037060753729
2013-03-09,4.25865701503607
2013-03-10,4.2531503228910905
2013-03-11,4.166923478067925
2013-03-12,4.159290541491106
2013-03-13,4.151638467758564
2013-03-14,4.177353895878507
2013-03-15,4.39629517469935
2013-03-16,4.3947049757472945
2013-03-17,4.396245385057394
2013-03-18,4.3828642983991
2013-03-19,4.410908748723931
2013-03-20,4.4189409115035065
2013-03-21,4.395461121437421
2013-03-22,4.36853158103988
2013-03-23,4.36789727470861
2013-03-24,4.368036440489205
2013-03-25,4.360759291061093
2013-03-26,4.367893858832271
2013-03-27,4.363409525107465
2013-03-28,4.348059680034854
2013-03-29,4.344925858346805
2013-03-30,4.343064982433596
2013-03-31,4.340908470166233
2013-04-01,4.292365658769909
2013-04-02,4.296071663350119
2013-04-03,4.284273535571424
2013-04-04,4.273463398778221
2013-04-05,4.27439919459261
2013-04-06,4.273304853000443
2013-04-07,4.272437522682442
2013-04-08,4.219577131537856
2013-04-09,4.142857545214489
2013-04-10,4.149328342256386
2013-04-11,4.150440496453678
2013-04-12,4.14978111542184
2013-04-13,4.1550138223780415
2013-04-14,4.151978366514951
2013-04-15,4.0884241736582005
2013-04-16,4.084066857084649
2013-04-17,4.086809475651125
2013-04-18,4.105338210941358
2013-04-19,4.08629379819461
2013-04-20,4.08450945169557
2013-04-21,4.077272555927536
2013-04-22,4.068343562471571
2013-04-23,3.973745324930504
2013-04-24,3.9651532122832673
2013-04-25,3.9515216484373616
2013-04-26,3.912664024920479
2013-04-27,3.9111263054854426
2013-04-28,3.910335335510036
2013-04-29,3.913625360134969
2013-04-30,3.718056323539542
2013-05-01,3.662606658117809
2013-05-02,3.57500114237073
2013-05-03,3.555196220275203
2013-05-04,3.5597803027707022
2013-05-05,3.5579425744388726
2013-05-06,3.5413536790711775
2013-05-07,3.501902954065044
2013-05-08,3.4276054187506544
2013-05-09,3.4340258724816595
2013-05-10,3.4179637406018055
2013-05-11,3.4122701496376617
2013-05-12,3.4122054904342787
2013-05-13,3.408562584162933
2013-05-14,3.412634398546223
2013-05-15,3.383810966092783
2013-05-16,3.337588137415589
2013-05-17,3.336326475033778
2013-05-18,3.3345852923168895
2013-05-19,3.3363310532766026
2013-05-20,3.339127251481464
2013-05-21,3.3091984504875063
2013-05-22,3.286617816088811
2013-05-23,3.2814613634299534
2013-05-24,3.286714458378032
2013-05-25,3.2845718203474696
2013-05-26,3.2807316199687424
2013-05-27,3.286538560951105
2013-05-28,3.2958996011350576
2013-05-29,3.3037623352450765
2013-05-30,3.2997092582656986
2013-05-31,3.2975535358193504
2013-06-01,3.2965407437056635
2013-06-02,3.297052801700316
2013-06-03,3.2990354048837873
2013-06-04,3.3041166059149414
2013-06-05,3.320960476934588
2013-06-06,3.3449690186528818
2013-06-07,3.389254156951102
2013-06-08,3.3843036950688417
2013-06-09,3.3743026898262016
2013-06-10,3.379649975976997
2013-06-11,3.4122146469299945
2013-06-12,3.371704987826503
2013-06-13,3.3166361497027808
2013-06-14,3.351211414684793
2013-06-15,3.3423535653565377
2013-06-16,3.3410527751795653
2013-06-17,3.3428044719764554
2013-06-18,3.228852697792807
2013-06-19,3.211293355171972
2013-06-20,3.197079244391727
2013-06-21,3.207103049161605
2013-06-22,3.2088978966749293
2013-06-23,3.2141373422704556
2013-06-24,3.228054589296192
2013-06-25,3.2599418237325923
2013-06-26,3.1719478483505714
2013-06-27,3.148114267382907
2013-06-28,3.127638906113137
2013-06-29,3.131352955466725
2013-06-30,3.135050977818504
2013-07-01,3.1377782347329126
2013-07-02,3.1588997065690307
2013-07-03,3.1447464744104443
2013-07-04,3.0877248409833764
2013-07-05,3.094639088570361
2013-07-06,3.1110394006449815
2013-07-07,3.1087837654611077
2013-07-08,3.1003336882240955
2013-07-09,3.112933339373161
2013-07-10,3.15915224334883
2013-07-11,3.1640972805154752
2013-07-12,3.15629823492963
2013-07-13,3.170174639814942
2013-07-14,3.165377653315338
2013-07-15,3.1302632881112338
2013-07-16,2.9612432530597044
2013-07-17,2.9588032968830364
2013-07-18,2.9754947983086257
2013-07-19,2.969211139523696
2013-07-20,2.978809957203145
2013-07-21,2.978444227991523
2013-07-22,2.974656046160674
2013-07-23,2.949090307515101
2013-07-24,2.937122716785604
2013-07-25,2.9410757896791684
2013-07-26,2.918142310330108
2013-07-27,2.9114490174412695
2013-07-28,2.9105785373219004
2013-07-29,2.8481406330848964
2013-07-30,3.0476756877105387
2013-07-31,3.0189831386837196
2013-08-01,3.112910632957804
2013-08-02,3.1468134273534893
2013-08-03,3.1407471654270216
2013-08-04,3.145404702444106
2013-08-05,3.1520683807930436
2013-08-06,3.200528729071084
2013-08-07,3.237746377896309
2013-08-08,3.203532200186569
2013-08-09,3.211180404416872
2013-08-10,3.199724694323137
2013-08-11,3.198797211200161
2013-08-12,3.2007562020049236
2013-08-13,3.21376604999892
2013-08-14,3.2131328157567696
2013-08-15,3.233503934412395
2013-08-16,3.225040462020534
2013-08-17,3.221574447996254
2013-08-18,3.2230136660079785
2013-08-19,3.23339642654204
2013-08-20,3.21843473883388
2013-08-21,3.2398273061856155
2013-08-22,3.238722795026102
2013-08-23,3.2368677362420217
2013-08-24,3.231626607601763
2013-08-25,3.230223569023754
2013-08-26,3.234238094342627
2013-08-27,3.2400505837087104
2013-08-28,3.225050154161134
2013-08-29,3.2422915936147407
2013-08-30,3.2481001908917704
2013-08-31,3.246049480143397
2013-09-01,3.251414469835863
2013-09-02,3.249816606719879
2013-09-03,3.257436848225003
2013-09-04,3.2762792215832235
2013-09-05,3.2896560102547996
2013-09-06,3.2729888739889113
2013-09-07,3.2574088961240983
2013-09-08,3.25746761080563
2013-09-09,3.2742875933025855
2013-09-10,3.3128441219876734
2013-09-11,3.3287773172995623
2013-09-12,3.2996029851751314
2013-09-13,3.2182572702766685
2013-09-14,3.221441513039735
2013-09-15,3.2368245485815983
2013-09-16,3.2374767870658783
2013-09-17,3.238080988056002
2013-09-18,3.2545001459424725
2013-09-19,3.2727171385186744
2013-09-20,3.281240052350626
2013-09-21,3.280814218937175
2013-09-22,3.283600955828553
2013-09-23,3.287495740846962
2013-09-24,3.275696252970412
2013-09-25,3.2652512141528516
2013-09-26,3.288556739674321
2013-09-27,3.3353861690205746
2013-09-28,3.3366008466435964
2013-09-29,3.3341931156884015
2013-09-30,3.341052127459842
2013-10-01,3.352919903016111
2013-10-02,3.546800734187942
2013-10-03,3.49842648847468
2013-10-04,3.48681792332421
2013-10-05,3.494624554130894
2013-10-06,3.490896817579391
2013-10-07,3.4882086964375505
2013-10-08,3.489275578845887
2013-10-09,3.50670824892779
2013-10-10,3.4883639195536977
2013-10-11,3.4868575440070253
2013-10-12,3.490778352331531
2013-10-13,3.489731834952929
2013-10-14,3.4756249410034195
2013-10-15,3.439131666483791
2013-10-16,3.444277229010953
2013-10-17,3.399012867042232
2013-10-18,3.4160940237581987
2013-10-19,3.41283490253161
2013-10-20,3.4115233417865136
2013-10-21,3.3849501982307095
2013-10-22,3.3485808184798724
2013-10-23,3.338808801395073
2013-10-24,3.3148617124526143
2013-10-25,3.307243530069724
2013-10-26,3.3105341316499923
2013-10-27,3.308104410090938
2013-10-28,3.3230930784233066
2013-10-29,3.257222725363977
2013-10-30,3.223380796857389
2013-10-31,3.3021905874573183
2013-11-01,3.296094667333147
2013-11-02,3.3030897203388254
2013-11-03,3.3038027449200618
2013-11-04,3.337071346236377
2013-11-05,3.3386578164727996
2013-11-06,3.3261009568049613
2013-11-07,3.3295607610977496
2013-11-08,3.3250302137970578
2013-11-09,3.3246096698286434
2013-11-10,3.3268207962241676
2013-11-11,3.324400385431612
2013-11-12,3.3191436863269885
2013-11-13,3.29853677450106
2013-11-14,3.2963223673657582
2013-11-15,3.2954567324287267
2013-11-16,3.292023644903062
2013-11-17,3.2824701216268672
2013-11-18,3.271867026590554
2013-11-19,3.263339913307512
2013-11-20,3.2584315487463313
2013-11-21,3.249567027673342
2013-11-22,3.2624548408394984
2013-11-23,3.262840443676871
2013-11-24,3.260991886933161
2013-11-25,3.2568209914591035
2013-11-26,3.260399752299083
2013-11-27,3.247873967736089
2013-11-28,3.239922718700903
2013-11-29,3.2371439355561127
2013-11-30,3.230843401197772
2013-12-01,3.220370361106503
2013-12-02,3.219351803491201
2013-12-03,3.1477710545563564
2013-12-04,3.12671369825585
2013-12-05,3.1448820351978104
2013-12-06,3.1561395621528634
2013-12-07,3.1617407076509
2013-12-08,3.163180082144006
2013-12-09,3.167834091000663
2013-12-10,3.1691427042756644
2013-12-11,3.186396590009274
2013-12-12,3.2986321444793
2013-12-13,3.3184506179047255
2013-12-14,3.3066349688081824
2013-12-15,3.317976061994447
2013-12-16,3.3122476217900383
2013-12-17,3.3030442950510195
2013-12-18,3.193835013874645
2013-12-19,3.2504934323551673
2013-12-20,3.286396501385297
2013-12-21,3.2802485868476503
2013-12-22,3.278611876293077
2013-12-23,3.2932302674244087
2013-12-24,3.2278753178887287
2013-12-25,3.1546654781598806
2013-12-26,3.152388198639291
2013-12-27,3.1479736387220005
2013-12-28,3.1425762464551488
2013-12-29,3.151908563299952
2013-12-30,3.1496480665283597
2013-12-31,3.1612327503711986
2014-01-01,3.1532439166017223
2014-01-02,3.172948955468473
2014-01-03,3.169469236904859
2014-01-04,3.168396718039681
2014-01-05,3.1735826195129326
2014-01-06,3.1709815354321607
2014-01-07,3.158958940907985
2014-01-08,3.0881468631029345
2014-01-09,3.0864268116919917
2014-01-10,3.0873503084050697
2014-01-11,3.0820845907105068
2014-01-12,3.0831492769776387
2014-01-13,3.0869661959102848
2014-01-14,3.0967609126620164
2014-01-15,3.120076461159041
2014-01-16,3.12774762544761
2014-01-17,3.119635358165894
2014-01-18,3.1240671579649937
2014-01-19,3.1276483934510866
2014-01-20,3.1316118660578875
2014-01-21,3.0847108400350036
2014-01-22,3.093334600864591
2014-01-23,3.0923816553344188
2014-01-24,3.0838190092949453
2014-01-25,3.0816435281310586
2014-01-26,3.079981893085642
2014-01-27,3.0669868510215483
2014-01-28,3.035024394404815
2014-01-29,2.9472578057801178
2014-01-30,2.8848733863046374
2014-01-31,2.8587827696288466
2014-02-01,2.863072918190217
2014-02-02,2.8523723954851254
2014-02-03,2.847527538537632
2014-02-04,2.8532301070490877
2014-02-05,2.8508433643785165
2014-02-06,2.83444813560198
2014-02-07,2.8252239938997254
2014-02-08,2.8192922471888897
2014-02-09,2.821820278096914
2014-02-10,2.827410478806396
2014-02-11,2.858473663919857
2014-02-12,2.873132191909914
2014-02-13,2.8648444480966746
2014-02-14,2.8608164600418817
2014-02-15,2.8740358277556304
2014-02-16,2.8763058252862828
2014-02-17,2.8527556150968207
2014-02-18,2.86276889285486
2014-02-19,2.8086544259433603
2014-02-20,2.822902618977473
2014-02-21,2.8292616547744043
2014-02-22,2.821239274848704
2014-02-23,2.815047002957224
2014-02-24,2.8179576225757614
2014-02-25,2.811697273094574
2014-02-26,2.8295897440005637
2014-02-27,2.8588707016320662
2014-02-28,2.8522941984424866
2014-03-01,2.848537256472439
2014-03-02,2.8570448869041094
2014-03-03,2.8565579565576744
2014-03-04,2.865081659750205
2014-03-05,2.8868070645371713
2014-03-06,2.8941439260928696
2014-03-07,2.8965269154541287
2014-03-08,2.884846045334694
2014-03-09,2.880641483100004
2014-03-10,2.907990910480313
2014-03-11,2.830405230864703
2014-03-12,2.8412680106056247
2014-03-13,2.854327774479393
2014-03-14,2.8377952550411174
2014-03-15,2.833002866103638
2014-03-16,2.834193721429586
2014-03-17,2.822000011208842
2014-03-18,2.881803153916678
2014-03-19,2.9078418355293607
2014-03-20,2.8922714596403063
2014-03-21,2.846754693021149
2014-03-22,2.8556855989814176
2014-03-23,2.848434500108329
2014-03-24,2.881132399924651
2014-03-25,2.907307898136227
2014-03-26,2.879468665297695
2014-03-27,2.856916818183091
2014-03-28,2.8667404333343045
2014-03-29,2.857713578865888
2014-03-30,2.85256054610124
2014-03-31,2.8452707486750337
2014-04-01,2.843627137008818
2014-04-02,2.8295419906400485
2014-04-03,2.7885435370946032
2014-04-04,2.7972285647874813
2014-04-05,2.7966098380659243
2014-04-06,2.7923026393145545
2014-04-07,2.8009426831902435
2014-04-08,2.8024931708872747
2014-04-09,2.8061902896960205
2014-04-10,2.8072622634308804
2014-04-11,2.816841113115338
2014-04-12,2.82036175222407
2014-04-13,2.818194680007562
2014-04-14,2.818630170807042
2014-04-15,2.852884422885143
2014-04-16,2.9002506162226975
2014-04-17,2.964500467115911
2014-04-18,2.966658289519255
2014-04-19,2.9649825482556307
2014-04-20,2.961114398263915
2014-04-21,2.969750906872313
2014-04-22,2.9636918886658528
2014-04-23,3.017338263606173
2014-04-24,3.0510994564026133
2014-04-25,3.0851481103077005
2014-04-26,3.0834748292125997
2014-04-27,3.077906811126563
2014-04-28,3.0865238546657348
2014-04-29,3.012423573285841
2014-04-30,3.0259507407735615
2014-05-01,3.0199173017239995
2014-05-02,3.080117124461588
2014-05-03,3.081181486056559
2014-05-04,3.084190987481917
2014-05-05,3.1015307872462685
2014-05-06,3.116709870156975
2014-05-07,3.1073675242408116
2014-05-08,3.0733179021656056
2014-05-09,3.0831416080400693
2014-05-10,3.0876998994910743
2014-05-11,3.0802999018901525
2014-05-12,3.1092224435518476
2014-05-13,3.117442064823951
2014-05-14,3.1279109522992243
2014-05-15,3.1457255352928053
2014-05-16,3.1589990341054186
2014-05-17,3.155745171511888
2014-05-18,3.1502227762350175
2014-05-19,3.1537356878658955
2014-05-20,3.160246201834194
2014-05-21,3.173060576986534
2014-05-22,3.148490298113342
2014-05-23,3.147564293162525
2014-05-24,3.1477770481023613
2014-05-25,3.1438192858245935
2014-05-26,3.1433141167176473
2014-05-27,3.1505213418521927
2014-05-28,3.143152895728339
2014-05-29,3.1394199199393698
2014-05-30,3.1457194954526657
2014-05-31,3.140845876748112
2014-06-01,3.136355988342985
2014-06-02,3.14331921958437
2014-06-03,3.146500013556322
2014-06-04,3.148744660213918
2014-06-05,3.150072142456521
2014-06-06,3.1673945268716888
2014-06-07,3.167639657298661
2014-06-08,3.1609412572237994
2014-06-09,3.155665329543002
2014-06-10,3.155291700917555
2014-06-11,3.178959442141956
2014-06-12,3.1673633565566894
2014-06-13,3.1714434978628137
2014-06-14,3.176093382288344
2014-06-15,3.202043068821386
2014-06-16,3.1897726550438854
2014-06-17,3.212764386331635
2014-06-18,3.2122723974696035
2014-06-19,3.1595545978909954
2014-06-20,3.161896422402904
2014-06-21,3.1635344735100013
2014-06-22,3.16549755756684
2014-06-23,3.105698326290559
2014-06-24,3.044918173405754
2014-06-25,3.030746813418342
2014-06-26,3.0392574992613244
2014-06-27,3.0374486149204647
2014-06-28,3.03937351163759
2014-06-29,3.0386442651169494
2014-06-30,3.042771858508017
2014-07-01,3.0371764669438517
2014-07-02,3.033974515716064
2014-07-03,2.962642011107921
2014-07-04,2.970051299284355
2014-07-05,2.9754251513639303
2014-07-06,2.974936395366996
2014-07-07,2.974998363908107
2014-07-08,2.965791003536242
2014-07-09,2.8527542332497093
2014-07-10,2.846736276862014
2014-07-11,2.8551968514212094
2014-07-12,2.857270870931225
2014-07-13,2.853880334771674
2014-07-14,2.8376654114519937
2014-07-15,2.863816400722563
2014-07-16,2.9011416561754424
2014-07-17,2.922833599996795
2014-07-18,2.925246884953224
2014-07-19,2.9264167771443876
2014-07-20,2.929458445166966
2014-07-21,2.9279568374936336
2014-07-22,2.921821987996547
2014-07-23,2.8743117541567855
2014-07-24,2.8426268354843502
2014-07-25,2.841357715514806
2014-07-26,2.842172838877463
2014-07-27,2.8474210896077823
2014-07-28,2.8393332921716192
2014-07-29,2.870656176664786
2014-07-30,2.878357427324231
2014-07-31,2.9617808756688926
2014-08-01,2.8856220957132868
2014-08-02,2.8854829594394364
2014-08-03,2.8845774193935347
2014-08-04,2.874468027045854
2014-08-05,2.893199769620004
2014-08-06,2.88811743353984
2014-08-07,2.848034929976576
2014-08-08,2.851402807017453
2014-08-09,2.8509785437701516
2014-08-10,2.8564770500948824
2014-08-11,2.8687910063914024
2014-08-12,2.8860560425799284
2014-08-13,2.8728732498637863
2014-08-14,2.8862015816704405
2014-08-15,2.8865536282741644
2014-08-16,2.887949585968267
2014-08-17,2.8864110861125143
2014-08-18,2.885269693881759
2014-08-19,2.894090056121972
2014-08-20,2.915001996045984
2014-08-21,2.928920637115802
2014-08-22,2.9257680224694873
2014-08-23,2.9297218480028637
2014-08-24,2.9271060865600997
2014-08-25,2.9351374678156303
2014-08-26,2.9410526512614936
2014-08-27,2.9464899020583055
2014-08-28,2.9467632528368743
2014-08-29,2.946482128172055
2014-08-30,2.949156579027885
2014-08-31,2.94945297445671
2014-09-01,2.9558227465282028
2014-09-02,2.961071635563021
2014-09-03,2.927883912400207
2014-09-04,2.952681119342937
2014-09-05,2.941265085625365
2014-09-06,2.9410144855744935
2014-09-07,2.9406206566016544
2014-09-08,2.9463077916761296
2014-09-09,3.030654825494033
2014-09-10,3.0347980946054753
2014-09-11,3.015565560909663
2014-09-12,3.0453182487181594
2014-09-13,3.0375900303160512
2014-09-14,3.0280089839697575
2014-09-15,3.014265978289112
2014-09-16,3.283046552810538
2014-09-17,3.2425150222376624
2014-09-18,3.2455233583969085
2014-09-19,3.2686578030683613
2014-09-20,3.2604740478006446
2014-09-21,3.250919666641173
2014-09-22,3.2445517606248293
2014-09-23,3.236992740981818
2014-09-24,3.3085882224845578
2014-09-25,3.281904592870921
2014-09-26,3.294623763718538
2014-09-27,3.2965744821856613
2014-09-28,3.2878229828131498
2014-09-29,3.2817406290905167
2014-09-30,3.2789170158360124
2014-10-01,3.236967771968964
2014-10-02,3.237498803625584
2014-10-03,3.2401282399443385
2014-10-04,3.24307805678719
2014-10-05,3.241987641440202
2014-10-06,3.241452870194742
2014-10-07,3.3039246118603858
2014-10-08,3.332841164648112
2014-10-09,3.3134076803490475
2014-10-10,3.311981333959669
2014-10-11,3.31114403813089
2014-10-12,3.30834245951154
2014-10-13,3.301467650709927
2014-10-14,3.267812704659302
2014-10-15,3.2521078065193416
2014-10-16,3.24331563866053
2014-10-17,3.2161350859881463
2014-10-18,3.215535158819528
2014-10-19,3.2159516420255323
2014-10-20,3.2000982835011493
2014-10-21,3.1887051603058323
2014-10-22,3.197633069620115
2014-10-23,3.181808771283002
2014-10-24,3.161090217431213
2014-10-25,3.1646949241523825
2014-10-26,3.1659664907722513
2014-10-27,3.155251377700428
2014-10-28,3.1833480637850644
2014-10-29,3.1512351444736524
2014-10-30,3.1060404892343207
2014-10-31,3.0651121118233227
2014-11-01,3.053011923675644
2014-11-02,3.0676654746167427
2014-11-03,3.071211024484395
2014-11-04,3.040776815129636
2014-11-05,3.1054360092782227
2014-11-06,3.1244049361172195
2014-11-07,3.1330349993777253
2014-11-08,3.1272664468438824
2014-11-09,3.1171353327957583
2014-11-10,3.118613759370505
2014-11-11,3.1136566584124608
2014-11-12,3.0941527744299697
2014-11-13,3.098571730857903
2014-11-14,3.0991554776212156
2014-11-15,3.0853074008668546
2014-11-16,3.082098189086561
2014-11-17,3.07756227810576
2014-11-18,3.0680861759625495
2014-11-19,3.0851774671485344
2014-11-20,3.0811711262131913
2014-11-21,3.080319302974594
2014-11-22,3.0781080395222995
2014-11-23,3.074122491956301
2014-11-24,3.073419487759301
2014-11-25,3.0775067647711665
2014-11-26,3.0576162673437306
2014-11-27,3.05085846745466
2014-11-28,3.0558962697169263
2014-11-29,3.0512715465399523
2014-11-30,3.050732941332695
2014-12-01,3.041805013505045
2014-12-02,3.0786787079610467
2014-12-03,3.076568293045188
2014-12-04,3.079739030741615
2014-12-05,3.087924963411586
2014-12-06,3.078398060281761
2014-12-07,3.071023828401471
2014-12-08,3.0672531512781256
2014-12-09,3.093405809104568
2014-12-10,3.1107456901554986
2014-12-11,3.135115589385502
2014-12-12,3.144156715515329
2014-12-13,3.152112974374281
2014-12-14,3.14623402608569
2014-12-15,3.1493833829545186
2014-12-16,3.0186030409769367
2014-12-17,3.0512960324628433
2014-12-18,2.93480821300069
2014-12-19,2.9266598740542302
2014-12-20,2.9360004734294067
2014-12-21,2.932493874406249
2014-12-22,2.9348580720724233
2014-12-23,2.8996920159783603
2014-12-24,2.9101414126011993
2014-12-25,2.941503968208719
2014-12-26,2.962911765405544
2014-12-27,2.9603580807624437
2014-12-28,2.9575014898662477
2014-12-29,2.9616600432163187
2014-12-30,2.961269511935346
2014-12-31,2.9669019514154877
2015-01-01,2.987010757987391
2015-01-02,2.99891688564363
2015-01-03,2.999121694213855
2015-01-04,2.988155601592327
2015-01-05,2.982243481087075
2015-01-06,3.0053618365015113
2015-01-07,3.003813473575451
2015-01-08,2.9961479411666465
2015-01-09,2.9941914248340797
2015-01-10,2.9907654234495795
2015-01-11,2.9920730386575944
2015-01-12,2.9991225935392594
2015-01-13,3.007872107537947
2015-01-14,3.015786490212544
2015-01-15,2.985925802244058
2015-01-16,2.99177227695989
2015-01-17,3.0004728866267203
2015-01-18,3.00384277418054
2015-01-19,3.001187273638772
2015-01-20,3.0120003082648643
2015-01-21,3.012258242079365
2015-01-22,3.0229507990889815
2015-01-23,3.0331615337445177
2015-01-24,3.0418273133506593
2015-01-25,3.0432738652665643
2015-01-26,3.016365386808815
2015-01-27,3.04054688574225
2015-01-28,3.028970311147566
2015-01-29,2.9206126370802066
2015-01-30,2.887014584775595
2015-01-31,2.8856314573018462
2015-02-01,2.879454496005641
2015-02-02,2.8102679212284825
2015-02-03,2.7238465781610106
2015-02-04,2.662837967829607
2015-02-05,2.659346900484738
2015-02-06,2.6653816385257083
2015-02-07,2.671867788015413
2015-02-08,2.673339691022858
2015-02-09,2.681854678602744
2015-02-10,2.716328309530023
2015-02-11,2.714419579979813
2015-02-12,2.7255241454815495
2015-02-13,2.717797381879741
2015-02-14,2.7165182282744524
2015-02-15,2.658403123147852
2015-02-16,2.653611801545049
2015-02-17,2.64377418015408
2015-02-18,2.6355955429510844
2015-02-19,2.6645654319490943
2015-02-20,2.6460186688233263
2015-02-21,2.6456957040477813
2015-02-22,2.644572806899304
2015-02-23,2.616347374366982
2015-02-24,2.5860567617568355
2015-02-25,2.577060214618138
2015-02-26,2.6030209829833346
2015-02-27,2.6086131171975975
2015-02-28,2.6001243812199224
2015-03-01,2.593101498196811
2015-03-02,2.592817567714299
2015-03-03,2.61768511844588
2015-03-04,2.657629623631669
2015-03-05,2.8357877300288576
2015-03-06,2.8260304910598415
2015-03-07,2.815883049362838
2015-03-08,2.806772651681258
2015-03-09,2.825306961481453
2015-03-10,2.851347556110878
2015-03-11,2.851916543157371
2015-03-12,2.8957226195507793
2015-03-13,2.8866783867824437
2015-03-14,2.86933259588069
2015-03-15,2.878409734041604
2015-03-16,2.821191086516469
2015-03-17,2.8582461355418247
2015-03-18,2.8971352707995357
2015-03-19,2.831328885337456
2015-03-20,2.807085182002999
2015-03-21,2.802870734398881
2015-03-22,2.8173879195638474
2015-03-23,2.784986967916768
2015-03-24,2.7929576895131065
2015-03-25,2.78806028225501
2015-03-26,2.7988802073883736
2015-03-27,2.811002962360196
2015-03-28,2.8058304650316463
2015-03-29,2.812755474108572
2015-03-30,2.810251292350665
2015-03-31,2.8101497661183172
2015-04-01,2.777541668065562
2015-04-02,2.77812085787152
2015-04-03,2.7733795737830116
2015-04-04,2.768765401802354
2015-04-05,2.77376116914679
2015-04-06,2.771082274268348
2015-04-07,2.7647095012690275
2015-04-08,2.7454051296636064
2015-04-09,2.76416073638528
2015-04-10,2.7637034655850012
2015-04-11,2.7651785723985665
2015-04-12,2.7657712166033233
2015-04-13,2.749166094086213
2015-04-14,2.750726633749076
2015-04-15,2.740125481002077
2015-04-16,2.7268720094041012
2015-04-17,2.6526975068295644
2015-04-18,2.649353700540237
2015-04-19,2.653273360154546
2015-04-20,2.6787929203017575
2015-04-21,2.630339908002901
2015-04-22,2.547143358099091
2015-04-23,2.550000254103128
2015-04-24,2.528757855411124
2015-04-25,2.5335003222460855
2015-04-26,2.5408025565975976
2015-04-27,2.5536360358571115
2015-04-28,2.3759958666061705
2015-04-29,2.30067378423374
2015-04-30,1.9175559049571649
2015-05-01,1.8188206637916216
2015-05-02,1.8273983896648376
2015-05-03,1.8243556294440617
2015-05-04,1.793592408103495
2015-05-05,1.700234104719475
2015-05-06,1.6224607031208027
2015-05-07,1.5852707232378886
2015-05-08,1.5737101959082174
2015-05-09,1.5738808117077954
2015-05-10,1.575800712157422
2015-05-11,1.6066075745411368
2015-05-12,1.5802946863259686
2015-05-13,1.5744133387919448
2015-05-14,1.5695688221205104
2015-05-15,1.573930093912438
2015-05-16,1.567703141514126
2015-05-17,1.569499866694566
2015-05-18,1.541873094105222
2015-05-19,1.5175678579349516
2015-05-20,1.515066366206156
2015-05-21,1.483952991034657
2015-05-22,1.4838084707926096
2015-05-23,1.4788685589852375
2015-05-24,1.4743507725625398
2015-05-25,1.490988997980739
2015-05-26,1.4810102021497769
2015-05-27,1.4603707614766648
2015-05-28,1.4425801801671518
2015-05-29,1.4396166197878002
2015-05-30,1.4307602584709642
2015-05-31,1.4354859548948304
2015-06-01,1.4319467778800934
2015-06-02,1.4614912415063055
2015-06-03,1.4622007066457574
2015-06-04,1.470939800231277
2015-06-05,1.4780005310320892
2015-06-06,1.4701413606295797
2015-06-07,1.4670577991877625
2015-06-08,1.4499022160096626
2015-06-09,1.5595926381390492
2015-06-10,1.5438451840865646
2015-06-11,1.544357914828166
2015-06-12,1.5570170047944396
2015-06-13,1.555658422200632
2015-06-14,1.5493541114944882
2015-06-15,1.6717957619306814
2015-06-16,1.710853157782282
2015-06-17,1.811601828968768
2015-06-18,1.7928372632930163
2015-06-19,1.7844563351478329
2015-06-20,1.7745052496491789
2015-06-21,1.773953106766796
2015-06-22,1.7729360110781751
2015-06-23,1.7013376074166755
2015-06-24,1.6583558205111073
2015-06-25,1.6275286688746342
2015-06-26,1.6390691950834075
2015-06-27,1.6423744380911836
2015-06-28,1.6402495051019397
2015-06-29,1.6386975686745524
2015-06-30,1.629135986055988
2015-07-01,1.6023190575530752
2015-07-02,1.6069631409730116
2015-07-03,1.610048790138424
2015-07-04,1.6121672141970835
2015-07-05,1.6067760357731928
2015-07-06,1.65059489953618
2015-07-07,1.6408987347449766
2015-07-08,1.6392433277863754
2015-07-09,1.6496577591322137
2015-07-10,1.6255008114074567
2015-07-11,1.618809997382957
2015-07-12,1.6218233466122642
2015-07-13,1.6139544862637794
2015-07-14,1.619194079644514
2015-07-15,1.6027082798675472
2015-07-16,1.5770769839654168
2015-07-17,1.6154835271764862
2015-07-18,1.6127405967734325
2015-07-19,1.618905498426023
2015-07-20,1.6027201091913812
2015-07-21,1.5551385822848496
2015-07-22,1.538860553700756
2015-07-23,1.5230896465658623
2015-07-24,1.5299365665827702
2015-07-25,1.530440483216169
2015-07-26,1.5272672777552594
2015-07-27,1.512992775866555
2015-07-28,1.517861986880773
2015-07-29,1.4980793991736976
2015-07-30,1.4909410471149822
2015-07-31,1.5441039200707418
2015-08-01,1.5331899197230143
2015-08-02,1.536254016838237
2015-08-03,1.5229582911066328
2015-08-04,1.5165180035417485
2015-08-05,1.5311080686898375
2015-08-06,1.4909235161944945
2015-08-07,1.52930646870543
2015-08-08,1.5428558374316852
2015-08-09,1.5419666206543274
2015-08-10,1.5388269220294717
2015-08-11,1.5199676321024789
2015-08-12,1.5230875792736145
2015-08-13,1.5207109160547214
2015-08-14,1.52588017381138
2015-08-15,1.5495371936816362
2015-08-16,1.5453078127310098
2015-08-17,1.5336229906512509
2015-08-18,1.5301348057133353
2015-08-19,1.5478307941073368
2015-08-20,1.563088309694882
2015-08-21,1.559991135680154
2015-08-22,1.5608145726689238
2015-08-23,1.5640280088952443
2015-08-24,1.5504352573068714
2015-08-25,1.5837140826813925
2015-08-26,1.5651742783090827
2015-08-27,1.5668731049906697
2015-08-28,1.573494232021598
2015-08-29,1.5733843742901792
2015-08-30,1.570523570826818
2015-08-31,1.5613528716501104
2015-09-01,1.562576747751814
2015-09-02,1.4743305351705656
2015-09-03,1.437033433984669
2015-09-04,1.437929277295755
2015-09-05,1.4351232165370975
2015-09-06,1.4378047791080062
2015-09-07,1.43946287789491
2015-09-08,1.4332437899989074
2015-09-09,1.300530598971282
2015-09-10,1.1110340622585606
2015-09-11,1.075252989265422
2015-09-12,1.0803792669388308
2015-09-13,1.084153896295395
2015-09-14,1.088651936793842
2015-09-15,1.136534959910649
2015-09-16,1.176472512212373
2015-09-17,1.19271788194815
2015-09-18,1.1199726101255143
2015-09-19,1.1222710333502173
2015-09-20,1.1238532279076363
2015-09-21,1.1060180098673142
2015-09-22,1.0946908461570506
2015-09-23,1.1071819302695047
2015-09-24,1.0980733736803496
2015-09-25,1.1063056169522012
2015-09-26,1.1060316294860932
2015-09-27,1.098267715515744
2015-09-28,1.1221368305243136
2015-09-29,1.1480714855461325
2015-09-30,1.1656709596601682
2015-10-01,1.1750896193597524
2015-10-02,1.1587710305576944
2015-10-03,1.1577003366931111
2015-10-04,1.156308737321551
2015-10-05,1.154891298402855
2015-10-06,1.1748867825581388
2015-10-07,1.1548985788301915
2015-10-08,1.1619611188636425
2015-10-09,1.1669201261900777
2015-10-10,1.1703622071103872
2015-10-11,1.1672659154873832
2015-10-12,1.1661143440929305
2015-10-13,1.1673148232519983
2015-10-14,1.1792920550236494
2015-10-15,1.1122497308498844
2015-10-16,1.1092210661146242
2015-10-17,1.116832201987528
2015-10-18,1.1181671414916576
2015-10-19,1.119244220799036
2015-10-20,1.1002830558823544
2015-10-21,1.0795578267982884
2015-10-22,1.112404854332917
2015-10-23,1.1057557704008842
2015-10-24,1.1100312949587092
2015-10-25,1.1148813817569074
2015-10-26,1.1129257514763586
2015-10-27,1.15467436275275
2015-10-28,1.115693740387342
2015-10-29,1.1626219384553038
2015-10-30,1.1214687480347894
2015-10-31,1.1251966170127845
2015-11-01,1.1435862978472549
2015-11-02,1.1402789926138155
2015-11-03,1.1253109536838837
2015-11-04,1.109341928528885
2015-11-05,1.125438147829222
2015-11-06,1.0775901506832528
2015-11-07,1.0860199312580847
2015-11-08,1.08737901723216
2015-11-09,1.069000131246527
2015-11-10,1.066297514499266
2015-11-11,1.062474433054878
2015-11-12,1.0652425471157163
2015-11-13,1.060307705475776
2015-11-14,1.063995745369296
2015-11-15,1.0746306420812393
2015-11-16,1.0624111713233375
2015-11-17,1.0470145970757656
2015-11-18,1.0484126715081716
2015-11-19,1.0495878595293089
2015-11-20,1.065670480631275
2015-11-21,1.0653162962277838
2015-11-22,1.065572307856749
2015-11-23,1.05728769808191
2015-11-24,1.0637069676813409
2015-11-25,1.0696520300477954
2015-11-26,1.0582346738119366
2015-11-27,1.0639129915633592
2015-11-28,1.061578489766258
2015-11-29,1.0585082022827723
2015-11-30,1.0629527404499153
2015-12-01,1.1742263101433077
2015-12-02,1.16395891200274
2015-12-03,1.1942751287656712
2015-12-04,1.1993993315232807
2015-12-05,1.209544653415361
2015-12-06,1.2092122862907375
2015-12-07,1.216855926121731
2015-12-08,1.1430008305697328
2015-12-09,1.2288101429198957
2015-12-10,1.272465397766054
2015-12-11,1.2692283159314084
2015-12-12,1.271163848425601
2015-12-13,1.2719695200383838
2015-12-14,1.2702386838254085
2015-12-15,1.3076695368115514
2015-12-16,1.2738634634959325
2015-12-17,1.2125149720972346
2015-12-18,1.2308609893692286
2015-12-19,1.2296273404492246
2015-12-20,1.232110113761291
2015-12-21,1.2273499898960492
2015-12-22,1.2509593212087833
2015-12-23,1.2562688320372628
2015-12-24,1.290891160169437
2015-12-25,1.2870467654176674
2015-12-26,1.287591578311338
2015-12-27,1.288669902947558
2015-12-28,1.2705018450343843
2015-12-29,1.2713131300529037
2015-12-30,1.287685869150906
2015-12-31,1.2924777776125314
2016-01-01,1.3003095110906966
2016-01-02,1.3004100063842632
2016-01-03,1.297310858435731
2016-01-04,1.2921661769969068
2016-01-05,1.268922490542571
2016-01-06,1.2742678054883934
2016-01-07,1.250665633308309
2016-01-08,1.25044280315657
2016-01-09,1.2510879563307902
2016-01-10,1.2450622197636072
2016-01-11,1.2337324659871318
2016-01-12,1.2352505846722857
2016-01-13,1.2283600792551037
2016-01-14,1.2283472094110055
2016-01-15,1.197226591420563
2016-01-16,1.1984664557185964
2016-01-17,1.1989211822871593
2016-01-18,1.1977674342682116
2016-01-19,1.1927489404873013
2016-01-20,1.19083465300102
2016-01-21,1.202313352313224
2016-01-22,1.1686358541728248
2016-01-23,1.1621187458531514
2016-01-24,1.1583535669295266
2016-01-25,1.1386782948762062
2016-01-26,1.1124033319074411
2016-01-27,1.0907141706701422
2016-01-28,1.0736092986926975
2016-01-29,1.087267503548469
2016-01-30,1.0828670440912602
2016-01-31,1.075920809392397
2016-02-01,1.0926698597179572
2016-02-02,1.0716513734384343
2016-02-03,1.038798625585328
2016-02-04,1.0649035501879074
2016-02-05,1.0408676768010443
2016-02-06,1.0436590846094056
2016-02-07,1.0378714721740945
2016-02-08,1.0247777054473215
2016-02-09,1.0338114209554594
2016-02-10,1.0219437365383857
2016-02-11,1.016565260580388
2016-02-12,1.0128194042985164
2016-02-13,1.0136657952772228
2016-02-14,1.011129509520372
2016-02-15,0.9908999439482392
2016-02-16,0.9751792524544456
2016-02-17,0.981976558307939
2016-02-18,1.0074792646646826
2016-02-19,0.997361152646751
2016-02-20,0.993100292381357
2016-02-21,0.9931203131590318
2016-02-22,0.9778957141194096
2016-02-23,0.9514607636299268
2016-02-24,0.935743892257526
2016-02-25,0.9229535560800004
2016-02-26,0.914886899548569
2016-02-27,0.9367512979162956
2016-02-28,0.937417108439576
2016-02-29,0.935407782874984
2016-03-01,0.9304752761529124
2016-03-02,0.943301395249546
2016-03-03,0.9728622022974256
2016-03-04,0.972225905983203
2016-03-05,0.9745802642547724
2016-03-06,0.9712275967255826
2016-03-07,0.9141148019970836
2016-03-08,0.9766863903426826
2016-03-09,0.9653610001431624
2016-03-10,0.9979075106621402
2016-03-11,1.0081449985395627
2016-03-12,1.00668244526091
2016-03-13,1.0092780585538563
2016-03-14,1.0069407501709595
2016-03-15,0.9528246683517052
2016-03-16,1.0328939147451566
2016-03-17,1.0531830222561984
2016-03-18,1.0594543024356766
2016-03-19,1.063758151040889
2016-03-20,1.0623286262483602
2016-03-21,1.0381953210251638
2016-03-22,1.0714511310668289
2016-03-23,1.0176359003994009
2016-03-24,1.0148326708186204
2016-03-25,0.985149991323083
2016-03-26,0.9879125699041128
2016-03-27,0.9895733017221428
2016-03-28,0.9844387605828652
2016-03-29,0.9888387897484257
2016-03-30,1.0062764813730474
2016-03-31,0.9818228659573388
2016-04-01,0.9866950821798984
2016-04-02,0.9827147853896024
2016-04-03,0.9870736707832508
2016-04-04,0.9840119570788152
2016-04-05,0.9635471342608488
2016-04-06,0.9521680537240348
2016-04-07,0.9416123340568854
2016-04-08,0.943211921982638
2016-04-09,0.9397045252684753
2016-04-10,0.9436365309566784
2016-04-11,0.951199166756768
2016-04-12,0.9458411557403624
2016-04-13,0.9402880674934352
2016-04-14,0.93320985982383
2016-04-15,0.9945831910685724
2016-04-16,0.988339175558246
2016-04-17,0.9946804394944032
2016-04-18,1.0216578811669872
2016-04-19,1.0397244394025171
2016-04-20,1.0205677564626607
2016-04-21,0.9653734445920858
2016-04-22,0.9820927130645254
2016-04-23,0.9786521349942204
2016-04-24,0.9761160654520976
2016-04-25,0.9518536812187076
2016-04-26,0.9051249102665656
2016-04-27,0.9124197358365688
2016-04-28,0.899388094821914
2016-04-29,0.8990448150804089
2016-04-30,0.9172038971900438
2016-05-01,0.9181979226511254
2016-05-02,0.907993760489306
2016-05-03,0.9155259474936676
2016-05-04,0.8864778123479682
2016-05-05,0.8976300155064494
2016-05-06,0.8949855835384017
2016-05-07,0.8899716169887548
2016-05-08,0.8839867698742174
2016-05-09,0.8891147449414252
2016-05-10,0.8637534535577891
2016-05-11,0.8660840865281401
2016-05-12,0.8790032848408953
2016-05-13,0.8802964103328321
2016-05-14,0.8786524746687863
2016-05-15,0.9871561967259042
2016-05-16,0.980353842818773
2016-05-17,0.9755161441183952
2016-05-18,0.9509555213954348
2016-05-19,0.9392844063645572
2016-05-20,0.9486929624181024
2016-05-21,0.949332496615968
2016-05-22,0.949195632885916
2016-05-23,0.947198479572562
2016-05-24,0.94365317426485
2016-05-25,0.9302250537065532
2016-05-26,0.9136768102560224
2016-05-27,0.9156726522760126
2016-05-28,0.914073856783594
2016-05-29,0.912721358198796
2016-05-30,0.9066232947818832
2016-05-31,0.891179812171182
2016-06-01,0.89924143909376
2016-06-02,0.8800030892781638
2016-06-03,0.8757832174832396
2016-06-04,0.873058434877926
2016-06-05,0.871970821798917
2016-06-06,0.8692224163296882
2016-06-07,0.8611696845632073
2016-06-08,0.8536319707482063
2016-06-09,0.8319803982532057
2016-06-10,0.8379738030095565
2016-06-11,0.8383186081737817
2016-06-12,0.8372327402732149
2016-06-13,0.8543543975628105
2016-06-14,0.9300637136889393
2016-06-15,0.9854886191446912
2016-06-16,1.080081260801628
2016-06-17,1.04908520371802
2016-06-18,1.0412812018050746
2016-06-19,1.0333986580061358
2016-06-20,1.043182530318254
2016-06-21,1.0682508236578534
2016-06-22,1.1350653774220545
2016-06-23,1.1064507735224347
2016-06-24,1.089541553134151
2016-06-25,1.0950230253724929
2016-06-26,1.088324939057204
2016-06-27,1.0788480267285308
2016-06-28,1.046939851261159
2016-06-29,1.037534803545844
2016-06-30,1.0343069807825982
2016-07-01,1.0377124368221184
2016-07-02,1.0404309563462315
2016-07-03,1.0383440947723472
2016-07-04,1.0326457212528326
2016-07-05,1.0818063998651253
2016-07-06,1.053652635487636
2016-07-07,1.0344202042651216
2016-07-08,1.0399452377384657
2016-07-09,1.04082629681011
2016-07-10,1.0481360466908485
2016-07-11,1.0687170788507188
2016-07-12,1.0581763610858306
2016-07-13,1.0859354774141634
2016-07-14,1.0627384759078438
2016-07-15,1.1412731703809609
2016-07-16,1.1483023797041625
2016-07-17,1.1429754192582848
2016-07-18,1.1077003416568432
2016-07-19,1.1166839642915605
2016-07-20,1.1200735511877564
2016-07-21,1.1447773266810846
2016-07-22,1.1419021165000982
2016-07-23,1.1438066149886827
2016-07-24,1.147505819265966
2016-07-25,1.1373914479071154
2016-07-26,1.1285331366441895
2016-07-27,1.1228446481658256
2016-07-28,1.1408651650039978
2016-07-29,1.198132956237149
2016-07-30,1.193587344098156
2016-07-31,1.1961535980739082
2016-08-01,1.2137325610826208
2016-08-02,1.2329803200692562
2016-08-03,1.2313286981831286
2016-08-04,1.2067753775014942
2016-08-05,1.1880918682386596
2016-08-06,1.1871573798875978
2016-08-07,1.1824180751353135
2016-08-08,1.1849287890670848
2016-08-09,1.2184613688189063
2016-08-10,1.2265861129934632
2016-08-11,1.2260695418952487
2016-08-12,1.2402961016855292
2016-08-13,1.2426826356045235
2016-08-14,1.2437377953838813
2016-08-15,1.224273348366725
2016-08-16,1.212958500793933
2016-08-17,1.228412750098542
2016-08-18,1.2257988378609923
2016-08-19,1.216079319258507
2016-08-20,1.2105019078886845
2016-08-21,1.2100906128266462
2016-08-22,1.2056999957386387
2016-08-23,1.213553651770056
2016-08-24,1.2285469779336256
2016-08-25,1.1691020566168948
2016-08-26,1.1693011977194117
2016-08-27,1.1732955336779132
2016-08-28,1.1758852683211805
2016-08-29,1.175732744478314
2016-08-30,1.169283457490021
2016-08-31,1.1889995631423804
2016-09-01,1.1931903609480032
2016-09-02,1.2847957970967314
2016-09-03,1.2707675661274196
2016-09-04,1.2662230975103386
2016-09-05,1.2434618872912626
2016-09-06,1.220651991356469
2016-09-07,1.2459440200507308
2016-09-08,1.2303810645251076
2016-09-09,1.2290598962943633
2016-09-10,1.2229438055186053
2016-09-11,1.2154305109135737
2016-09-12,1.19845900602691
2016-09-13,1.292976929380075
2016-09-14,1.3217481843469432
2016-09-15,1.572533702340565
2016-09-16,1.6156656010403678
2016-09-17,1.5894221593933415
2016-09-18,1.5800161282237606
2016-09-19,1.5956318418422155
2016-09-20,1.6313162277835416
2016-09-21,1.6820574170526024
2016-09-22,1.6536210613810516
2016-09-23,1.6490142933708172
2016-09-24,1.6451951677784558
2016-09-25,1.636363097676998
2016-09-26,1.595628777086871
2016-09-27,1.5968169263296332
2016-09-28,1.5683526838121489
2016-09-29,1.575277745042993
2016-09-30,1.57247853240418
2016-10-01,1.601856591347675
2016-10-02,1.5922748216838167
2016-10-03,1.6200146612840145
2016-10-04,1.5891255253196677
2016-10-05,1.5839009366238437
2016-10-06,1.6164476391123088
2016-10-07,1.6051103979124952
2016-10-08,1.601875102057154
2016-10-09,1.6046928841845902
2016-10-10,1.600836611992174
2016-10-11,1.6019323401153096
2016-10-12,1.597938587699357
2016-10-13,1.593554536673502
2016-10-14,1.5909426844693295
2016-10-15,1.6223132783899656
2016-10-16,1.6201394373183753
2016-10-17,1.6042199461305775
2016-10-18,1.5791951139668765
2016-10-19,1.5902244664359242
2016-10-20,1.5877314951589734
2016-10-21,1.5952957877119125
2016-10-22,1.5638103052626056
2016-10-23,1.5673019061350209
2016-10-24,1.5857366363469132
2016-10-25,1.6024342048621247
2016-10-26,1.57277759829583
2016-10-27,1.5948468127845237
2016-10-28,1.6177667104103146
2016-10-29,1.6201945268582587
2016-10-30,1.6237921366497408
2016-10-31,1.6378968646750889
2016-11-01,1.5906497576404426
2016-11-02,1.595627234981136
2016-11-03,1.5688535406950734
2016-11-04,1.539872934749322
2016-11-05,1.5349427959864814
2016-11-06,1.5293087259128957
2016-11-07,1.5257839429534503
2016-11-08,1.5381599601815017
2016-11-09,1.5609246691208527
2016-11-10,1.5763712831024246
2016-11-11,1.5819027834735415
2016-11-12,1.5865345875391397
2016-11-13,1.5874287082136285
2016-11-14,1.594783442529765
2016-11-15,1.633591734401228
2016-11-16,1.645163774285298
2016-11-17,1.6440147381989505
2016-11-18,1.6472724845905466
2016-11-19,1.6469983249998716
2016-11-20,1.654589051240151
2016-11-21,1.6588745516602796
2016-11-22,1.6611888353133524
2016-11-23,1.6674531937169634
2016-11-24,1.6756571894414105
2016-11-25,1.6789755955799326
2016-11-26,1.675723085374272
2016-11-27,1.6774405785940785
2016-11-28,1.6730153759094353
2016-11-29,1.678726998572702
2016-11-30,1.700177220563918
2016-12-01,1.7545110815554872
2016-12-02,1.719416236078734
2016-12-03,1.7134157368282454
2016-12-04,1.7109783208061784
2016-12-05,1.7084775555224372
2016-12-06,1.6642044019954172
2016-12-07,1.6649708258696876
2016-12-08,1.6848052130729327
2016-12-09,1.6901633663662436
2016-12-10,1.694600678326822
2016-12-11,1.6895460050827285
2016-12-12,1.700548019860872
2016-12-13,1.6935507946808697
2016-12-14,1.716878598658378
2016-12-15,1.758167541534698
2016-12-16,1.6879947905191597
2016-12-17,1.6869039932527825
2016-12-18,1.69008294922634
2016-12-19,1.6950663418180754
2016-12-20,1.6941419882952418
2016-12-21,1.7119534693337506
2016-12-22,1.7297564710212696
2016-12-23,1.6905907764948889
2016-12-24,1.6745575059407147
2016-12-25,1.682466499754621
2016-12-26,1.6797543221709916
2016-12-27,1.684669191166596
2016-12-28,1.7057725380273574
2016-12-29,1.695347367294698
2016-12-30,1.7014388214567775
2016-12-31,1.7039856421154156
2017-01-01,1.7346782380933383
2017-01-02,1.7331384081326962
2017-01-03,1.7452587642497406
2017-01-04,1.7454167037566888
2017-01-05,1.7357511709326676
2017-01-06,1.7372311792102262
2017-01-07,1.7293035308105864
2017-01-08,1.7315225553104618
2017-01-09,1.7270138961926411
2017-01-10,1.6949151448809767
2017-01-11,1.6872730319781355
2017-01-12,1.7022043123112214
2017-01-13,1.6976509995725757
2017-01-14,1.7034479953396235
2017-01-15,1.7209331680345912
2017-01-16,1.7239349199816505
2017-01-17,1.722660920271673
2017-01-18,1.733865892543102
2017-01-19,1.718270291310939
2017-01-20,1.7507129224180378
2017-01-21,1.744842537416682
2017-01-22,1.7457514354219257
2017-01-23,1.7432785355647504
2017-01-24,1.758172365567581
2017-01-25,1.756395692029933
2017-01-26,1.7254518672145844
2017-01-27,1.7424422686328245
2017-01-28,1.7467716179763948
2017-01-29,1.7467246631257074
2017-01-30,1.7481630470321123
2017-01-31,1.8196106631915017
2017-02-01,1.8365759988176524
2017-02-02,1.841721475058238
2017-02-03,1.876436385420732
2017-02-04,1.8747250183459272
2017-02-05,1.871937359905126
2017-02-06,1.883699719721058
2017-02-07,1.9222719693415504
2017-02-08,1.8738225719692212
2017-02-09,1.9261537338666248
2017-02-10,1.9248037079554168
2017-02-11,1.9242281662995748
2017-02-12,1.9305386314056352
2017-02-13,1.936845127083063
2017-02-14,1.9545601026110229
2017-02-15,1.964184846492774
2017-02-16,1.969947336521981
2017-02-17,1.9633399414532344
2017-02-18,1.965704012740065
2017-02-19,1.9669974803704893
2017-02-20,1.968806696658478
2017-02-21,1.9869296754614287
2017-02-22,2.034341774578486
2017-02-23,2.0366603787575097
2017-02-24,2.046457712081432
2017-02-25,2.078662034254556
2017-02-26,2.080143863644559
2017-02-27,2.084737202894356
2017-02-28,2.1105204154797184
2017-03-01,2.1199984543968817
2017-03-02,2.1403587297700666
2017-03-03,2.1336189768894487
2017-03-04,2.138110142045706
2017-03-05,2.137008391852372
2017-03-06,2.12059432927323
2017-03-07,2.1056704511166693
2017-03-08,2.1136012852411907
2017-03-09,2.0549144930061276
2017-03-10,2.068951369954859
2017-03-11,2.0667165536246106
2017-03-12,2.066226189283517
2017-03-13,2.0652361582713348
2017-03-14,1.9378315432446191
2017-03-15,2.029054816886286
2017-03-16,1.97252913718474
2017-03-17,2.044858968410657
2017-03-18,2.0500820460832365
2017-03-19,2.0494301312345593
2017-03-20,2.043911157594825
2017-03-21,2.0838212934334206
2017-03-22,2.0346152648817593
2017-03-23,2.010104839595698
2017-03-24,2.1121694591498756
2017-03-25,2.1111172819893116
2017-03-26,2.1026349353862144
2017-03-27,2.112461101301335
2017-03-28,2.1204329227385523
2017-03-29,2.127528082790608
2017-03-30,2.1275124534307417
2017-03-31,2.123353408892937
2017-04-01,2.118397075027471
2017-04-02,2.115313555613456
2017-04-03,2.1120860498485032
2017-04-04,2.108546070736035
2017-04-05,2.103428324377945
2017-04-06,2.09376400677317
2017-04-07,2.095161348193193
2017-04-08,2.1010942734612756
2017-04-09,2.097808244471962
2017-04-10,2.1049437992580393
2017-04-11,2.116274310136248
2017-04-12,2.120028581905588
2017-04-13,2.123257760287318
2017-04-14,2.1288170814115897
2017-04-15,2.117156190823665
2017-04-16,2.120208341064913
2017-04-17,2.1276926659947266
2017-04-18,2.142684642389428
2017-04-19,2.172800064588243
2017-04-20,2.1650279732745976
2017-04-21,2.1873849027372954
2017-04-22,2.185005395605571
2017-04-23,2.1846087840941197
2017-04-24,2.184464813872612
2017-04-25,2.210068368611152
2017-04-26,2.2381867683594736
2017-04-27,2.279927521208046
2017-04-28,2.362693424248276
2017-04-29,2.3744580855181097
2017-04-30,2.3819475062974953
2017-05-01,2.395751273212807
2017-05-02,2.477605579439988
2017-05-03,2.498733418630609
2017-05-04,2.5207753730710767
2017-05-05,2.573228246606518
2017-05-06,2.573918465206986
2017-05-07,2.5725359595531576
2017-05-08,2.588087770094127
2017-05-09,2.571421862099308
2017-05-10,2.5940866669321028
2017-05-11,2.566901371097224
2017-05-12,2.577338909417215
2017-05-13,2.5765223192881694
2017-05-14,2.5748864103737183
2017-05-15,2.578929868356646
2017-05-16,2.5698127087288327
2017-05-17,2.5713740600720127
2017-05-18,2.567541047656299
2017-05-19,2.5679381600840743
2017-05-20,2.5699285445547826
2017-05-21,2.5788003096303354
2017-05-22,2.5730862094954934
2017-05-23,2.5636620772210983
2017-05-24,2.53567644650773
2017-05-25,2.5305660106763765
2017-05-26,2.528296247993449
2017-05-27,2.5299510491365913
2017-05-28,2.528963715408395
2017-05-29,2.5314574826196754
2017-05-30,2.518649270776575
2017-05-31,2.5168936098000385
2017-06-01,2.518096750659032
2017-06-02,2.519068886919726
2017-06-03,2.514169947166632
2017-06-04,2.512883385773891
2017-06-05,2.511788436041787
2017-06-06,2.5166010188153907
2017-06-07,2.522157894423908
2017-06-08,2.5213575468801848
2017-06-09,2.5616240175693106
2017-06-10,2.559714421736244
2017-06-11,2.5571570033900626
2017-06-12,2.6001529476838368
2017-06-13,2.6345765647295103
2017-06-14,2.666204191539417
2017-06-15,2.659960569927063
2017-06-16,2.6374765868194077
2017-06-17,2.630047520549602
2017-06-18,2.626821413859076
2017-06-19,2.619449932949926
2017-06-20,2.6128029099370784
2017-06-21,2.5693526211316824
2017-06-22,2.5737118307829143
2017-06-23,2.5976714192201857
2017-06-24,2.595817399611497
2017-06-25,2.59356538721722
2017-06-26,2.59240302317557
2017-06-27,2.574984519672845
2017-06-28,2.565800228969336
2017-06-29,2.5590834854691327
2017-06-30,2.5567115407484615
2017-07-01,2.5608220757639075
2017-07-02,2.5658048194920076
2017-07-03,2.562605840954858
2017-07-04,2.5725851033833997
2017-07-05,2.575067137089713
2017-07-06,2.534420613022584
2017-07-07,2.5250517410824425
2017-07-08,2.5321669164954184
2017-07-09,2.5308215124452564
2017-07-10,2.5336492910309003
2017-07-11,2.5487475095068906
2017-07-12,2.5543618013208422
2017-07-13,2.55213655188786
2017-07-14,2.568942632509873
2017-07-15,2.5029036740633064
2017-07-16,2.506239463866372
2017-07-17,2.510467287570531
2017-07-18,2.52028909924416
2017-07-19,2.5338738779809487
2017-07-20,2.5361026339685693
2017-07-21,2.563862185487096
2017-07-22,2.563845749103735
2017-07-23,2.563564683755175
2017-07-24,2.557362477583077
2017-07-25,2.55102680582526
2017-07-26,2.5591127893567505
2017-07-27,2.4433855407531184
2017-07-28,2.406788590429098
2017-07-29,2.406014896385468
2017-07-30,2.4008053374998632
2017-07-31,2.398818867935462
2017-08-01,2.3670754319173373
2017-08-02,2.374714020093906
2017-08-03,2.35595500556392
2017-08-04,2.3075721781074945
2017-08-05,2.30218095195168
2017-08-06,2.300245990329662
2017-08-07,2.2984332013804183
2017-08-08,2.3767111937260417
2017-08-09,2.383606413050609
2017-08-10,2.377129519336979
2017-08-11,2.3716922533449103
2017-08-12,2.3718664683218966
2017-08-13,2.3681110556938036
2017-08-14,2.3678471238776546
2017-08-15,2.3694034129413866
2017-08-16,2.358588841425222
2017-08-17,2.363425718141618
2017-08-18,2.361642960743058
2017-08-19,2.3642799457375285
2017-08-20,2.3658013129287423
2017-08-21,2.369223477482114
2017-08-22,2.383118238758913
2017-08-23,2.3838872207522335
2017-08-24,2.389069139007346
2017-08-25,2.3916931157824513
2017-08-26,2.3909233031220873
2017-08-27,2.3922569960296727
2017-08-28,2.3867516255661467
2017-08-29,2.381524098442224
2017-08-30,2.388019681315578
2017-08-31,2.389612726234481
2017-09-01,2.392482313412601
2017-09-02,2.392214284378902
2017-09-03,2.391206657303478
2017-09-04,2.368886099934104
2017-09-05,2.3454734498608034
2017-09-06,2.33422815474069
2017-09-07,2.314701066900959
2017-09-08,2.2739283697196124
2017-09-09,2.275765806404534
2017-09-10,2.2708625802336497
2017-09-11,2.291728530192932
2017-09-12,2.353138051646191
2017-09-13,2.354864029295085
2017-09-14,2.3031864314021275
2017-09-15,2.3678834325324503
2017-09-16,2.3536391431323604
2017-09-17,2.3474573864135237
2017-09-18,2.3691222913489014
2017-09-19,2.3485454452820185
2017-09-20,2.367037974002585
2017-09-21,2.3657688776107433
2017-09-22,2.3363790178608577
2017-09-23,2.342558779116229
2017-09-24,2.3375918876921227
2017-09-25,2.324066668852975
2017-09-26,2.3272891711108508
2017-09-27,2.3249216107770883
2017-09-28,2.300505983468516
2017-09-29,2.3066536732354916
2017-09-30,2.3073284282115107
2017-10-01,2.3079733001722595
2017-10-02,2.3007417722782773
2017-10-03,2.3069945116164936
2017-10-04,2.3339061371303287
2017-10-05,2.3640279228897025
2017-10-06,2.360873062820631
2017-10-07,2.3615446013862784
2017-10-08,2.363701248367025
2017-10-09,2.3651641192536257
2017-10-10,2.37844198164034
2017-10-11,2.3786081267705517
2017-10-12,2.384609450689307
2017-10-13,2.3850973456692857
2017-10-14,2.3894095914962725
2017-10-15,2.414622771149249
2017-10-16,2.406068002391699
2017-10-17,2.397565350504725
2017-10-18,2.4007783955598536
2017-10-19,2.3886424602750527
2017-10-20,2.442705630468028
2017-10-21,2.4432556083744985
2017-10-22,2.4422905345140635
2017-10-23,2.4436166562472765
2017-10-24,2.4250382602229914
2017-10-25,2.4505202118058325
2017-10-26,2.459620733911268
2017-10-27,2.454299466425116
2017-10-28,2.46060691706505
2017-10-29,2.4669339237611343
2017-10-30,2.464816554838743
2017-10-31,2.480392873324517
2017-11-01,2.455241680385122
2017-11-02,2.485659711496784
2017-11-03,2.488917530965956
2017-11-04,2.4917409091345117
2017-11-05,2.4949807993130673
2017-11-06,2.5005198922159377
2017-11-07,2.492487600146511
2017-11-08,2.494227172638753
2017-11-09,2.479471008081886
2017-11-10,2.4841391676741753
2017-11-11,2.484685347364461
2017-11-12,2.489055461611189
2017-11-13,2.4971152377438024
2017-11-14,2.4985360836868
2017-11-15,2.490225870362766
2017-11-16,2.496529727677707
2017-11-17,2.4968988280259476
2017-11-18,2.5010425785409423
2017-11-19,2.505258531213873
2017-11-20,2.498050098722034
2017-11-21,2.5102454029043404
2017-11-22,2.5137209370056555
2017-11-23,2.524195938799358
2017-11-24,2.5240540688831894
2017-11-25,2.522582550683745
2017-11-26,2.52173503840824
2017-11-27,2.5210985405161095
2017-11-28,2.515988440318269
2017-11-29,2.5135342981301325
2017-11-30,2.5028452911967047
2017-12-01,2.5086329073156066
2017-12-02,2.508871147169609
2017-12-03,2.4993999177454636
2017-12-04,2.5126135823916056
2017-12-05,2.503823599144116
2017-12-06,2.499067419500265
2017-12-07,2.4890986022091894
2017-12-08,2.532113825591047
2017-12-09,2.53238619780313
2017-12-10,2.5331222977971533
2017-12-11,2.554434474128248
2017-12-12,2.49132121299185
2017-12-13,2.561439031835953
2017-12-14,2.5862877826915867
2017-12-15,2.6718067470516
2017-12-16,2.665027918953518
2017-12-17,2.662221799516435
2017-12-18,2.631911204806022
2017-12-19,2.6166792675018806
2017-12-20,2.630193556946767
2017-12-21,2.652516934620685
2017-12-22,2.659649252952723
2017-12-23,2.6570811257750924
2017-12-24,2.663530047198023
2017-12-25,2.6583383119872024
2017-12-26,2.654545187804322
2017-12-27,2.654905262932413
2017-12-28,2.656250269547501
2017-12-29,2.6518108754497858
2017-12-30,2.648040651633165
2017-12-31,2.6467621756873503
2018-01-01,2.657038990135576
2018-01-02,2.6799583341498923
2018-01-03,2.6774499596248753
2018-01-04,2.6907146786456275
2018-01-05,2.6906280929799213
2018-01-06,2.689639521714336
2018-01-07,2.6859891935139464
2018-01-08,2.679970285008658
2018-01-09,2.6751572988360537
2018-01-10,2.6754982754985788
2018-01-11,2.671648944373822
2018-01-12,2.677020947997706
2018-01-13,2.674455936404282
2018-01-14,2.6752968978732445
2018-01-15,2.6856253037666096
2018-01-16,2.694496330108751
2018-01-17,2.696122515690621
2018-01-18,2.699301926050504
2018-01-19,2.7006600397366163
2018-01-20,2.7007812334552166
2018-01-21,2.6995613430974323
2018-01-22,2.7028720023722337
2018-01-23,2.706272803998914
2018-01-24,2.7699960592718567
2018-01-25,2.7943428351704274
2018-01-26,2.814298879201754
2018-01-27,2.8121221448250093
2018-01-28,2.809026762942479
2018-01-29,2.812727329002121
2018-01-30,2.8094607788938153
2018-01-31,2.8144448772167205
2018-02-01,2.867935005793396
2018-02-02,2.9005739121764327
2018-02-03,2.8944698747239546
2018-02-04,2.892846497794162
2018-02-05,2.890178471365303
2018-02-06,2.950689888588581
2018-02-07,2.933023374070893
2018-02-08,2.94239221838623
2018-02-09,2.931800575520828
2018-02-10,2.92731341445597
2018-02-11,2.9259673049937893
2018-02-12,2.9291762515553668
2018-02-13,2.9150766019424332
2018-02-14,2.899751312849104
2018-02-15,3.085011631334507
2018-02-16,3.1022176176196696
2018-02-17,3.087452597327717
2018-02-18,3.0840610436373233
2018-02-19,3.072451369759287
2018-02-20,3.0833710998426467
2018-02-21,3.1100691781388807
2018-02-22,3.116766511190976
2018-02-23,3.09747670559476
2018-02-24,3.076398649696364
2018-02-25,3.0632813093917077
2018-02-26,3.056396770944928
2018-02-27,3.013421003581192
2018-02-28,3.0096328532127994
2018-03-01,2.994687066361138
2018-03-02,2.96387294050911
2018-03-03,2.9455431227948177
2018-03-04,2.937664592880897
2018-03-05,2.9198644702055896
2018-03-06,2.9250238419591565
2018-03-07,2.9642694484505414
2018-03-08,3.08289656412494
2018-03-09,3.049571843962013
2018-03-10,3.024520612551519
2018-03-11,3.0156889977667136
2018-03-12,3.002440486363691
2018-03-13,3.023632109241649
2018-03-14,3.007719295697941
2018-03-15,3.3733381047007316
2018-03-16,3.359121146684729
2018-03-17,3.3414731472366643
2018-03-18,3.319742303575868
2018-03-19,3.2899124865853566
2018-03-20,3.264004330191884
2018-03-21,3.3728786285329697
2018-03-22,3.3486659133125363
2018-03-23,3.368816853703763
2018-03-24,3.357373957610349
2018-03-25,3.352235004716247
2018-03-26,3.3201160171664776
2018-03-27,3.283309138067463
2018-03-28,3.2343450586843567
2018-03-29,3.2044791148754217
2018-03-30,3.1880697648179908
2018-03-31,3.1784480565110025
2018-04-01,3.230916162639909
2018-04-02,3.223124034948922
2018-04-03,3.1736403367157946
2018-04-04,3.1692980491508034
2018-04-05,3.13678603584962
2018-04-06,3.136684053493481
2018-04-07,3.122499481489997
2018-04-08,3.106468308981892
2018-04-09,3.0907263377245595
2018-04-10,3.065171896625421
2018-04-11,3.0563698517509987
2018-04-12,3.0435487096083365
2018-04-13,3.032455597493056
2018-04-14,3.0180319111709033
2018-04-15,3.028872840942166
2018-04-16,3.015200530080743
2018-04-17,3.0252633462876446
2018-04-18,2.997466445857304
2018-04-19,3.0063195379499157
2018-04-20,3.0110235269762735
2018-04-21,2.995094129565859
2018-04-22,2.980182781752313
2018-04-23,2.9626159981309317
2018-04-24,2.956713458328206
2018-04-25,3.0094337953349815
2018-04-26,3.1071040368115748
2018-04-27,3.0917695482799052
2018-04-28,3.0934982873982397
2018-04-29,3.091852668325527
2018-04-30,3.099138668905505
2018-05-01,3.040834444343824
2018-05-02,3.1337319651338116
2018-05-03,3.104192160025748
2018-05-04,3.1156320647900313
2018-05-05,3.101968640269843
2018-05-06,3.0988482097341303
2018-05-07,3.101421330303673
2018-05-08,3.0807517883474316
2018-05-09,3.0502473555106566
2018-05-10,3.0692462773884457
2018-05-11,3.073109498874418
2018-05-12,3.066707383407743
2018-05-13,3.0715467725151404
2018-05-14,3.072518754401002
2018-05-15,3.176998491555137
2018-05-16,3.1914162291452426
2018-05-17,3.181697942066629
2018-05-18,3.2437989068031605
2018-05-19,3.2397691124513783
2018-05-20,3.232132381262539
2018-05-21,3.242344107161672
2018-05-22,3.232078762580642
2018-05-23,3.216992145354658
2018-05-24,3.18948819190598
2018-05-25,3.187411610302268
2018-05-26,3.1825174688474576
2018-05-27,3.179585483734849
2018-05-28,3.1845996551762323
2018-05-29,3.1599506135192876
2018-05-30,3.1477070869713586
2018-05-31,3.128962173106379
2018-06-01,3.125423431749436
2018-06-02,3.1282152405087587
2018-06-03,3.1219672214550207
2018-06-04,3.1147443480671413
2018-06-05,3.1038492985452404
2018-06-06,3.094818562241886
2018-06-07,3.100943552966903
2018-06-08,3.0810993772186293
2018-06-09,3.0846867300556764
2018-06-10,3.0803843393384014
2018-06-11,3.086753422387394
2018-06-12,3.051185599068957
2018-06-13,3.0506169732858917
2018-06-14,3.0120733868768896
2018-06-15,3.035153451202212
2018-06-16,3.0348032518325967
2018-06-17,3.034815229656836
2018-06-18,3.0305355617132865
2018-06-19,3.0233351652793905
2018-06-20,3.0659079521714867
2018-06-21,3.063227854044129
2018-06-22,3.040994899747297
2018-06-23,3.037686515091419
2018-06-24,3.0343373062437875
2018-06-25,3.0334115354978235
2018-06-26,2.9955113064112937
2018-06-27,2.9947542519346753
2018-06-28,2.950289099826195
2018-06-29,2.9563480689233694
2018-06-30,2.957021926198095
2018-07-01,2.965956953948245
2018-07-02,2.9623929520928556
2018-07-03,2.943416737136391
2018-07-04,2.965311306332291
2018-07-05,2.9401892011676924
2018-07-06,2.943480549314883
2018-07-07,2.9503684913430193
2018-07-08,2.9493581827705713
2018-07-09,2.9486755823047472
2018-07-10,2.965336626957425
2018-07-11,2.9353733938997935
2018-07-12,2.9387267350875055
2018-07-13,2.931105132606972
2018-07-14,2.922811729094459
2018-07-15,2.93738848220811
2018-07-16,2.9611053197261867
2018-07-17,2.927012979685864
2018-07-18,2.911833784189203
2018-07-19,2.728901948783034
2018-07-20,2.702352083476391
2018-07-21,2.711445591693764
2018-07-22,2.7098141990516633
2018-07-23,2.7102595537572607
2018-07-24,2.738680928239648
2018-07-25,2.746319356621493
2018-07-26,2.7978210728149637
2018-07-27,2.8609454802459444
2018-07-28,2.859231448079375
2018-07-29,2.854452078758672
2018-07-30,2.853289103936681
2018-07-31,2.9060521374754487
2018-08-01,2.9351917959692098
2018-08-02,2.9556080705004493
2018-08-03,2.9093948940656076
2018-08-04,2.907779425122228
2018-08-05,2.9106989582986307
2018-08-06,2.930308883372172
2018-08-07,2.8945397059061233
2018-08-08,2.8740317878116044
2018-08-09,2.8915997587383755
2018-08-10,2.8948839436464735
2018-08-11,2.893054371953326
2018-08-12,2.8885574972608827
2018-08-13,2.891944256937215
2018-08-14,2.889384993877425
2018-08-15,2.9006627241958367
2018-08-16,2.9166481788046643
2018-08-17,2.918414053404794
2018-08-18,2.9163257972429357
2018-08-19,2.9162386197607173
2018-08-20,2.896492505859118
2018-08-21,2.9064836291627665
2018-08-22,2.92158425774612
2018-08-23,2.9281532777056865
2018-08-24,2.927918920663557
2018-08-25,2.927414255240282
2018-08-26,2.9244497529469498
2018-08-27,2.917654124872786
2018-08-28,2.9200154424828937
2018-08-29,2.9106686907405503
2018-08-30,2.904166954623066
2018-08-31,2.9021737207910117
2018-09-01,2.897664265684518
2018-09-02,2.8975467604886123
2018-09-03,2.884612382286128
2018-09-04,2.8513794524282363
2018-09-05,2.7812816205749495
2018-09-06,2.806473693832796
2018-09-07,2.7849240126490855
2018-09-08,2.782526303630723
2018-09-09,2.78376921501588
2018-09-10,2.7680935088945215
2018-09-11,2.826016429096733
2018-09-12,2.808629851977342
2018-09-13,2.9821200819235303
2018-09-14,2.9785921913266886
2018-09-15,2.996647908958064
2018-09-16,2.9906125337576244
2018-09-17,3.0005209024831654
2018-09-18,2.988388636440095
2018-09-19,3.023701585021714
2018-09-20,3.1220093384349035
2018-09-21,3.0294143921589964
2018-09-22,3.0264128296676875
2018-09-23,3.0236741585236127
2018-09-24,3.021440355486247
2018-09-25,3.0306871658113
2018-09-26,3.004815573654552
2018-09-27,2.9781351443628044
2018-09-28,2.9771623064891446
2018-09-29,2.9749506258523035
2018-09-30,2.9725352939478316
2018-10-01,2.958949541566028
2018-10-02,2.9711475603793556
2018-10-03,2.9679027550242
2018-10-04,3.0031644570380664
2018-10-05,2.9964874110454787
2018-10-06,2.995450881766527
2018-10-07,2.993023490697621
2018-10-08,2.991801746156464
2018-10-09,3.0067746011404015
2018-10-10,3.0072217972550677
2018-10-11,3.001686093978109
2018-10-12,2.9989621624306753
2018-10-13,2.995033065919625
2018-10-14,2.991956360130037
2018-10-15,3.0219091389553356
2018-10-16,3.0105510656477996
2018-10-17,2.985474000463786
2018-10-18,2.980784527990026
2018-10-19,2.9666749095675766
2018-10-20,2.9692232891579065
2018-10-21,2.970082618099201
2018-10-22,2.963626140148554
2018-10-23,2.9663824804082872
2018-10-24,2.9579695542655133
2018-10-25,2.908533319804144
2018-10-26,2.918065289595463
2018-10-27,2.915797399601421
2018-10-28,2.91645421314173
2018-10-29,2.9145422644231394
2018-10-30,2.8999973238220003
2018-10-31,2.8817289851746906
2018-11-01,2.7539669669984033
2018-11-02,2.769149960700926
2018-11-03,2.7629573323009637
2018-11-04,2.7585651512627316
2018-11-05,2.748702868873776
2018-11-06,2.734421076465378
2018-11-07,2.7321114703691993
2018-11-08,2.698889185765432
2018-11-09,2.6955925729183265
2018-11-10,2.7035074209706305
2018-11-11,2.7044536471471043
2018-11-12,2.696983677474539
2018-11-13,2.681282034285871
2018-11-14,2.6752207744537566
2018-11-15,2.737142110644476
2018-11-16,2.734674911855636
2018-11-17,2.729600871714582
2018-11-18,2.7286276272588172
2018-11-19,2.7344156099264234
2018-11-20,2.734559140074828
2018-11-21,2.730248424628658
2018-11-22,2.720991153593479
2018-11-23,2.723848894450829
2018-11-24,2.71965430418996
2018-11-25,2.7196531250216465
2018-11-26,2.7160567954263595
2018-11-27,2.7310195901313725
2018-11-28,2.7351088287879723
2018-11-29,2.7500740257104557
2018-11-30,2.743629917226304
2018-12-01,2.748367396535736
2018-12-02,2.7520082572684847
2018-12-03,2.7445042259332544
2018-12-04,2.7044474066582116
2018-12-05,2.7053223266733473
2018-12-06,2.7461580017579563
2018-12-07,2.722870464571726
2018-12-08,2.7207654217028043
2018-12-09,2.7229828660004527
2018-12-10,2.7152744988695288
2018-12-11,2.775579474516093
2018-12-12,2.7810350163459305
2018-12-13,2.7520278833368668
2018-12-14,2.73808914200675
2018-12-15,2.704974031385497
2018-12-16,2.7005284109981154
2018-12-17,2.683532210105044
2018-12-18,2.6597801860549297
2018-12-19,2.674409555865982
2018-12-20,2.6865409171269383
2018-12-21,2.7091234481414483
2018-12-22,2.7038915790653713
2018-12-23,2.703836866638004
2018-12-24,2.695104550060075
2018-12-25,2.645342588844475
2018-12-26,2.649527062446841
2018-12-27,2.657975355046484
2018-12-28,2.6529461366144385
2018-12-29,2.652660803288375
2018-12-30,2.6558606850681974
2018-12-31,2.6531529549172252
2019-01-01,2.6531258108560607
2019-01-02,2.660062857154001
2019-01-03,2.659476493676234
2019-01-04,2.652652186991646
2019-01-05,2.6457233182005884
2019-01-06,2.645408491160511
2019-01-07,2.6389419048607947
2019-01-08,2.620739724687112
2019-01-09,2.626191113104143
2019-01-10,2.6333800055435095
2019-01-11,2.625939311983711
2019-01-12,2.6218457365487637
2019-01-13,2.6236237330002634
2019-01-14,2.6227783438805057
2019-01-15,2.642279451027094
2019-01-16,2.6158603736625863
2019-01-17,2.617374276540957
2019-01-18,2.6167588672273556
2019-01-19,2.613890414248796
2019-01-20,2.6106259252129744
2019-01-21,2.6152982113828656
2019-01-22,2.611069680339321
2019-01-23,2.648020207855696
2019-01-24,2.6368500719225354
2019-01-25,2.644744735184655
2019-01-26,2.635658332704703
2019-01-27,2.6366021887888467
2019-01-28,2.642873209561171
2019-01-29,2.56162801229254
2019-01-30,2.5454896075297877
2019-01-31,2.5013421858682454
2019-02-01,2.447279769418297
2019-02-02,2.456142813815614
2019-02-03,2.4510837429792285
2019-02-04,2.462301979919369
2019-02-05,2.381525999615742
2019-02-06,2.330320615885189
2019-02-07,2.424828819257019
2019-02-08,2.389269330491057
2019-02-09,2.384894068972695
2019-02-10,2.386112595315876
2019-02-11,2.377198320135304
2019-02-12,2.386159334667298
2019-02-13,2.3731527630297315
2019-02-14,2.3838111970787352
2019-02-15,2.304753310747785
2019-02-16,2.300580081719798
2019-02-17,2.3000236666363625
2019-02-18,2.301862165321692
2019-02-19,2.314595998563953
2019-02-20,2.3133872905113093
2019-02-21,2.261885681079407
2019-02-22,2.2497961234106363
2019-02-23,2.204177581585316
2019-02-24,2.2041133308132803
2019-02-25,2.189059768356967
2019-02-26,2.166992218559365
2019-02-27,2.12808623645151
2019-02-28,2.074091178088086
2019-03-01,2.1444503383196185
2019-03-02,2.1586654493689874
2019-03-03,2.1529041386641183
2019-03-04,2.15884249484887
2019-03-05,2.1650300867853876
2019-03-06,2.150017138955187
2019-03-07,2.148997438313148
2019-03-08,2.12253570075516
2019-03-09,2.1194078567716517
2019-03-10,2.114805727456909
2019-03-11,2.1091924491056586
2019-03-12,2.1604250436565864
2019-03-13,2.1408301733694333
2019-03-14,2.230177003543997
2019-03-15,2.3546904856772266
2019-03-16,2.3386421913630135
2019-03-17,2.3261153472195453
2019-03-18,2.295095564439945
2019-03-19,2.2840316913427388
2019-03-20,2.3168628137737124
2019-03-21,2.308327201016323
2019-03-22,2.2917758133369266
2019-03-23,2.290189521323249
2019-03-24,2.29508535862751
2019-03-25,2.2821962980127593
2019-03-26,2.28299000337236
2019-03-27,2.2610674227202203
2019-03-28,2.255714902137159
2019-03-29,2.2502846399392693
2019-03-30,2.249479169989904
2019-03-31,2.2448517922421836
2019-04-01,2.2485271516288594
2019-04-02,2.261431110000658
2019-04-03,2.2520120525052034
2019-04-04,2.237189348781603
2019-04-05,2.236134136691342
2019-04-06,2.2335236378855954
2019-04-07,2.2320420302663986
2019-04-08,2.231035080845245
2019-04-09,2.232729499956927
2019-04-10,2.2206555308050024
2019-04-11,2.217637808445917
2019-04-12,2.216029545504958
2019-04-13,2.2121518872502395
2019-04-14,2.209098494506099
2019-04-15,2.334488853541583
2019-04-16,2.314134181694583
2019-04-17,2.350034649703596
2019-04-18,2.3492875371493995
2019-04-19,2.343036382066895
2019-04-20,2.342703609507468
2019-04-21,2.338925780399816
2019-04-22,2.331632449911264
2019-04-23,2.319900472289306
2019-04-24,2.3125322243004405
2019-04-25,2.2731896219983594
2019-04-26,2.229345939853045
2019-04-27,2.232912292271826
2019-04-28,2.2259702621837034
2019-04-29,2.2206459789873616
2019-04-30,2.2229808413161867
2019-05-01,2.2105599691099425
2019-05-02,2.2032715582033515
2019-05-03,2.1849065346726757
2019-05-04,2.20077933327653
2019-05-05,2.192206000653232
2019-05-06,2.1963153100378463
2019-05-07,2.1978116835665875
2019-05-08,2.1890269600616983
2019-05-09,2.175375286297504
2019-05-10,2.1586232518895496
2019-05-11,2.1532646017873023
2019-05-12,2.1496153165953777
2019-05-13,2.144004868459512
2019-05-14,2.137022646625199
2019-05-15,2.2687363194532604
2019-05-16,2.2388367191355423
2019-05-17,2.2347385105837803
2019-05-18,2.230862677010016
2019-05-19,2.230434102748316
2019-05-20,2.2286237367293316
2019-05-21,2.2371325594954934
2019-05-22,2.228859604942489
2019-05-23,2.207070329225777
2019-05-24,2.205018554316696
2019-05-25,2.1992758476071694
2019-05-26,2.19659743932061
2019-05-27,2.1983889923836726
2019-05-28,2.1963437279227387
2019-05-29,2.1949268713895327
2019-05-30,2.189392226437689
2019-05-31,2.1806993382883513
2019-06-01,2.181491896586253
2019-06-02,2.1897839283554905
2019-06-03,2.182234548760575
2019-06-04,2.185501199177573
2019-06-05,2.174425151022124
2019-06-06,2.1793148155163795
2019-06-07,2.175108539137047
2019-06-08,2.173732045428884
2019-06-09,2.164911434674001
2019-06-10,2.1740884946106163
2019-06-11,2.1942094139157704
2019-06-12,2.215510295518706
2019-06-13,2.2600555501128485
2019-06-14,2.2316711775786784
2019-06-15,2.2264444550119418
2019-06-16,2.2241181137428456
2019-06-17,2.22541897572591
2019-06-18,2.282190821895682
2019-06-19,2.3348636830383187
2019-06-20,2.3958112591043883
2019-06-21,2.427960628467579
2019-06-22,2.420103784739605
2019-06-23,2.419066358679627
2019-06-24,2.426669666752132
2019-06-25,2.3815984746388428
2019-06-26,2.39547439414746
2019-06-27,2.3984301570471844
2019-06-28,2.380761889793554
2019-06-29,2.3766177079375717
2019-06-30,2.378017069089072
2019-07-01,2.2694214935362567
2019-07-02,2.3361619097956736
2019-07-03,2.350180803160075
2019-07-04,2.3474804874879616
2019-07-05,2.356208070542979
2019-07-06,2.3583914863713935
2019-07-07,2.3631501384922697
2019-07-08,2.371322360841021
2019-07-09,2.3674317923306467
2019-07-10,2.371750853056004
2019-07-11,2.3613382573587507
2019-07-12,2.358119632605118
2019-07-13,2.4381589817517075
2019-07-14,2.423766542089716
2019-07-15,2.390683358640051
2019-07-16,2.4101153573378955
2019-07-17,2.3994416106418335
2019-07-18,2.3794804780160623
2019-07-19,2.381358525093749
2019-07-20,2.3710855676050273
2019-07-21,2.363167063058467
2019-07-22,2.3685735742190603
2019-07-23,2.3339857599524336
2019-07-24,2.2571566555325795
2019-07-25,2.328779151663935
2019-07-26,2.261149243601475
2019-07-27,2.28105626275568
2019-07-28,2.278432302319997
2019-07-29,2.271014135435392
2019-07-30,2.3311627755668662
2019-07-31,2.3941039992098596
2019-08-01,2.187899621066131
2019-08-02,2.2448303958162388
2019-08-03,2.267625138929933
2019-08-04,2.267992597028705
2019-08-05,2.260963339559587
2019-08-06,2.287884519764446
2019-08-07,2.2786815117496757
2019-08-08,2.3033849035524456
2019-08-09,2.299919891621648
2019-08-10,2.3020121271194207
2019-08-11,2.305680204865114
2019-08-12,2.3128740675852764
2019-08-13,2.3044159588835993
2019-08-14,2.3034526396915846
2019-08-15,2.382820706584927
2019-08-16,2.382518357778077
2019-08-17,2.3755467964156605
2019-08-18,2.37652319168709
2019-08-19,2.368571280065704
2019-08-20,2.3698069207410457
2019-08-21,2.363605649735593
2019-08-22,2.37157393058273
2019-08-23,2.354325897719327
2019-08-24,2.359273756251045
2019-08-25,2.3622646776177585
2019-08-26,2.3629293877588573
2019-08-27,2.361448131536739
2019-08-28,2.357302767465488
2019-08-29,2.3535128786895063
2019-08-30,2.355293569466989
2019-08-31,2.347398590189852
2019-09-01,2.13267532127347
2019-09-02,2.1662021188782528
2019-09-03,2.149102691348523
2019-09-04,2.140821549604488
2019-09-05,2.1059443920719607
2019-09-06,2.086025139005241
2019-09-07,2.0912308780735467
2019-09-08,2.097317702200921
2019-09-09,2.087632850133214
2019-09-10,2.0428030635611703
2019-09-11,1.977755941680304
2019-09-12,1.8676940583910964
2019-09-13,1.8525714734004703
2019-09-14,1.8569855686837884
2019-09-15,1.8739258913119263
2019-09-16,1.8824202292008296
2019-09-17,1.8759841662524384
2019-09-18,1.9275479490824907
2019-09-19,1.9318268223962944
2019-09-20,1.913072354253834
2019-09-21,1.8869837057556575
2019-09-22,1.8887114494261827
2019-09-23,1.8775208780738095
2019-09-24,1.905158256419232
2019-09-25,1.9236104675422865
2019-09-26,1.926616076710297
2019-09-27,1.922186668302578
2019-09-28,1.921670882648928
2019-09-29,1.921264977941368
2019-09-30,1.9209610604075005
2019-10-01,1.8255632347917887
2019-10-02,1.8142736782575752
2019-10-03,1.854626354190306
2019-10-04,1.8048989235454864
2019-10-05,1.8125223823905925
2019-10-06,1.8205825123683013
2019-10-07,1.823929463658539
2019-10-08,1.847260620213471
2019-10-09,1.846523734075909
2019-10-10,1.857440516208526
2019-10-11,1.8580983267063924
2019-10-12,1.873420330054343
2019-10-13,1.8684863047796323
2019-10-14,1.8718755005787708
2019-10-15,1.9063452465873352
2019-10-16,1.889934266049936
2019-10-17,1.89220388673884
2019-10-18,1.8864458461284264
2019-10-19,1.8754883614118896
2019-10-20,1.869638296933761
2019-10-21,1.8618561605203032
2019-10-22,1.8491346986817057
2019-10-23,1.833470800378095
2019-10-24,1.8544274500041835
2019-10-25,1.8386939061898069
2019-10-26,1.8448993620306708
2019-10-27,1.8417076957907588
2019-10-28,1.809405507220861
2019-10-29,1.765085225074575
2019-10-30,1.768150389363429
2019-10-31,1.7422077843433437
2019-11-01,1.6682809763860054
2019-11-02,1.6708373982307547
2019-11-03,1.6791872120699751
2019-11-04,1.683731131772874
2019-11-05,1.7074121293784468
2019-11-06,1.7599893303181084
2019-11-07,1.7286387765327136
2019-11-08,1.7123790225931783
2019-11-09,1.7159442533034837
2019-11-10,1.7140482126644048
2019-11-11,1.714519673534877
2019-11-12,1.7069379118761423
2019-11-13,1.699361719848001
2019-11-14,1.680977866209774
2019-11-15,1.7360342658889698
2019-11-16,1.733034964062985
2019-11-17,1.726311576464675
2019-11-18,1.7250656096518828
2019-11-19,1.710785125052078
2019-11-20,1.7206066871223518
2019-11-21,1.7219897637653914
2019-11-22,1.717900900770967
2019-11-23,1.7205033805097445
2019-11-24,1.720150384064649
2019-11-25,1.7251536345075835
2019-11-26,1.7384820238214245
2019-11-27,1.740055628565809
2019-11-28,1.7411190958774432
2019-11-29,1.7290510758374718
2019-11-30,1.7163472889407254
2019-12-01,1.6626290600924354
2019-12-02,1.6783965552427302
2019-12-03,1.6850366008202289
2019-12-04,1.7002136141057962
2019-12-05,1.709140614248627
2019-12-06,1.7176838583008764
2019-12-07,1.7190862177845652
2019-12-08,1.7149360720124855
2019-12-09,1.6981555083021551
2019-12-10,1.6165920813491903
2019-12-11,1.5741531420729638
2019-12-12,1.545452982921521
2019-12-13,1.5036395928389117
2019-12-14,1.5086650213321813
2019-12-15,1.5654430125830578
2019-12-16,1.5725512676113798
2019-12-17,1.4885358798481416
2019-12-18,1.4831334062749348
2019-12-19,1.4709243688576736
2019-12-20,1.4870504678272063
2019-12-21,1.5333513928974425
2019-12-22,1.5359079367291717
2019-12-23,1.532463142069414
2019-12-24,1.559149600440246
2019-12-25,1.5925745914664249
2019-12-26,1.595732146125352
2019-12-27,1.591381878458437
2019-12-28,1.5994204530990177
2019-12-29,1.6079431954558725
2019-12-30,1.608258633526451
2019-12-31,1.6113123893691834
2020-01-01,1.6262280841141377
2020-01-02,1.6430356660312055
2020-01-03,1.6362959914809525
2020-01-04,1.632061194165
2020-01-05,1.6338332281964136
2020-01-06,1.6561481370871538
2020-01-07,1.6436215229100362
2020-01-08,1.635774553327168
2020-01-09,1.632481592951299
2020-01-10,1.6285377395821128
2020-01-11,1.628054733656429
2020-01-12,1.628390355238054
2020-01-13,1.6266859903133848
2020-01-14,1.6131732601981088
2020-01-15,1.661866691448443
2020-01-16,1.6665899200377394
2020-01-17,1.6680874748870629
2020-01-18,1.6684511228940486
2020-01-19,1.6619108820755808
2020-01-20,1.6676076403000766
2020-01-21,1.6587611927815098
2020-01-22,1.6547398474035535
2020-01-23,1.5935829157864456
2020-01-24,1.578979745104208
2020-01-25,1.5631166091180733
2020-01-26,1.5563483538182077
2020-01-27,1.5571309667629205
2020-01-28,1.5691843718406795
2020-01-29,1.542453842934044
2020-01-30,1.5352616286909149
2020-01-31,1.571560253746079
2020-02-01,1.5782853256333944
2020-02-02,1.5849719209665394
2020-02-03,1.5442165680341362
2020-02-04,1.6196636704965517
2020-02-05,1.6252952200089803
2020-02-06,1.599154405009365
2020-02-07,1.6174984493732896
2020-02-08,1.6153687246385675
2020-02-09,1.621256861745535
2020-02-10,1.6337634067446642
2020-02-11,1.649582993307736
2020-02-12,1.6222028592990938
2020-02-13,1.605597242884267
2020-02-14,1.604330413849013
2020-02-15,1.6365739364238274
2020-02-16,1.6406206697171075
2020-02-17,1.654874817277864
2020-02-18,1.6808062046295378
2020-02-19,1.700300082229088
2020-02-20,1.7134611505054511
2020-02-21,1.7352786373486335
2020-02-22,1.7509860596192692
2020-02-23,1.749480665866222
2020-02-24,1.7555749521738586
2020-02-25,1.755141977040496
2020-02-26,1.7824959379908794
2020-02-27,1.8076159684829831
2020-02-28,1.818632060809785
2020-02-29,1.8218899613096144
2020-03-01,1.771451460766728
2020-03-02,1.8078202177430516
2020-03-03,1.8390153919644276
2020-03-04,1.8522504957257804
2020-03-05,1.8866936318673349
2020-03-06,1.9106213218299593
2020-03-07,1.9163875167755011
2020-03-08,1.9109056336208303
2020-03-09,1.9072933202842095
2020-03-10,1.9154053300088951
2020-03-11,1.9279626574626505
2020-03-12,2.02018378461053
2020-03-13,1.987273484439996
2020-03-14,1.9880449708070755
2020-03-15,1.985109863106758
2020-03-16,1.986416411553283
2020-03-17,1.991524984168633
2020-03-18,2.005343581776261
2020-03-19,2.0494371050236206
2020-03-20,2.1212063905281773
2020-03-21,2.1720415868603022
2020-03-22,2.1615024327801224
2020-03-23,2.18630353691261
2020-03-24,2.195689198006238
2020-03-25,2.1302607770860087
2020-03-26,2.140909236258455
2020-03-27,2.130935206858318
2020-03-28,2.1293862570045827
2020-03-29,2.1251462996500257
2020-03-30,2.125299791738435
2020-03-31,2.123171990351164
2020-04-01,2.059286779121462
2020-04-02,2.0531297784982465
2020-04-03,2.0581052039109906
2020-04-04,2.063176560457629
2020-04-05,2.0672480991157594
2020-04-06,2.0701871541665713
2020-04-07,2.0479737334756236
2020-04-08,2.0666635744816735
2020-04-09,2.0778335696373236
2020-04-10,2.07860358401501
2020-04-11,2.0713298848895683
2020-04-12,2.0702807403410346
2020-04-13,2.0769409209758916
2020-04-14,2.092181809198802
2020-04-15,1.986386108442194
2020-04-16,1.976410551945096
2020-04-17,1.9655031684366433
2020-04-18,1.9577654759290493
2020-04-19,1.9590601849722171
2020-04-20,1.9529557695337547
2020-04-21,1.9305532766161553
2020-04-22,1.897562361239067
2020-04-23,1.9056123813126715
2020-04-24,1.871535845894272
2020-04-25,1.8688577325485936
2020-04-26,1.8701094253660189
2020-04-27,1.8575939859177504
2020-04-28,1.735654044586717
2020-04-29,1.6657633488148842
2020-04-30,1.5709698882369247
2020-05-01,1.4851584062605696
2020-05-02,1.442678663733116
2020-05-03,1.442502787993038
2020-05-04,1.360326993949084
2020-05-05,1.275612165634781
2020-05-06,1.1786421812864838
2020-05-07,1.1724480947153544
2020-05-08,1.1684045943416184
2020-05-09,1.1730654277304584
2020-05-10,1.1706214495481622
2020-05-11,1.1609005582604237
2020-05-12,1.1638363274987111
2020-05-13,1.169213036350352
2020-05-14,1.176876989560331
2020-05-15,1.0195305578216185
2020-05-16,1.0154333035355765
2020-05-17,1.016960072328864
2020-05-18,1.0206805332179882
2020-05-19,0.9811025665119302
2020-05-20,0.9823887811650178
2020-05-21,0.9334749143053992
2020-05-22,0.9271852138355654
2020-05-23,0.927175408759886
2020-05-24,0.9255028100294792
2020-05-25,0.9002380349201489
2020-05-26,0.8770317942996413
2020-05-27,0.873757164501284
2020-05-28,0.8560210205777006
2020-05-29,0.8305479515158254
2020-05-30,0.8365325782813127
2020-05-31,0.8330382260358591
2020-06-01,0.8198621186278272
2020-06-02,0.8088101524114077
2020-06-03,0.7952320259102383
2020-06-04,0.786617493424246
2020-06-05,0.7832215118421044
2020-06-06,0.7815998774639579
2020-06-07,0.778882005992986
2020-06-08,0.7767831356046031
2020-06-09,0.7706841828301751
2020-06-10,0.7059268885234737
2020-06-11,0.687173029086837
2020-06-12,0.6741597975881151
2020-06-13,0.6806164067352753
2020-06-14,0.6820070515683896
2020-06-15,0.6415753701106919
2020-06-16,0.6970226123973675
2020-06-17,0.6470737389967094
2020-06-18,0.6071489268269996
2020-06-19,0.5769622073102023
2020-06-20,0.5958359714504464
2020-06-21,0.5933653116377302
2020-06-22,0.5890037678523661
2020-06-23,0.5952393431833642
2020-06-24,0.675011404025609
2020-06-25,0.5452221571504734
2020-06-26,0.5709638837276962
2020-06-27,0.5835847969773456
2020-06-28,0.5823330219186871
2020-06-29,0.596064922144548
2020-06-30,0.6052905004682296
2020-07-01,0.5930168396334365
2020-07-02,0.5575848538674406
2020-07-03,0.575796928725441
2020-07-04,0.5771064662112639
2020-07-05,0.5795642726135561
2020-07-06,0.5740262347843519
2020-07-07,0.5650100152732866
2020-07-08,0.463577628718836
2020-07-09,0.4744661752277985
2020-07-10,0.4903898182156667
2020-07-11,0.4919693257421227
2020-07-12,0.4954567208550609
2020-07-13,0.4929562691202314
2020-07-14,0.5083311903821666
2020-07-15,0.617150625178355
2020-07-16,0.5717912350204997
2020-07-17,0.5401529854168037
2020-07-18,0.5515914013227632
2020-07-19,0.5553892750422502
2020-07-20,0.5178042138134247
2020-07-21,0.4841823689142028
2020-07-22,0.4352446843329227
2020-07-23,0.3927575642760654
2020-07-24,0.3648715991718685
2020-07-25,0.3631353116007028
2020-07-26,0.3603528274482239
2020-07-27,0.3472054822917032
2020-07-28,0.3331978390305061
2020-07-29,0.290191370310664
2020-07-30,-0.1416394587111975
2020-07-31,-0.3660485391590913
2020-08-01,-0.3145339079110973
2020-08-02,-0.3524558356331426
2020-08-03,-0.4794389366979712
2020-08-04,-0.7116467152045143
2020-08-05,-0.8387439387272568
2020-08-06,-0.9676438455569408
2020-08-07,-0.983685975100951
2020-08-08,-1.040715933156111
2020-08-09,-1.0409068241957922
2020-08-10,-1.0750339217667664
2020-08-11,-1.0984597394452078
2020-08-12,-1.0990194645200253
2020-08-13,-1.1096938990319445
2020-08-14,-1.1120893647429466
2020-08-15,-0.8989610699711843
2020-08-16,-0.8999617192515035
2020-08-17,-0.9076560913682288
2020-08-18,-0.8875536808614672
2020-08-19,-0.8945976864087162
2020-08-20,-0.8898377713290051
2020-08-21,-0.8920760101233896
2020-08-22,-0.8876047479964546
2020-08-23,-0.8928888292604436
2020-08-24,-0.882925715056925
2020-08-25,-0.8710313385730908
2020-08-26,-0.875614353999989
2020-08-27,-0.8827282998667401
2020-08-28,-0.8995311181858918
2020-08-29,-0.9003823174060392
2020-08-30,-0.9029842773497028
2020-08-31,-0.9126398199906084
2020-09-01,-0.864083329843754
2020-09-02,-0.9468369881030384
2020-09-03,-0.9503228894069432
2020-09-04,-0.9524646822080128
2020-09-05,-0.94893788863835
2020-09-06,-0.9498927981069047
2020-09-07,-0.9553918004912498
2020-09-08,-0.9511630955824876
2020-09-09,-0.9215831100967544
2020-09-10,-0.8728909353773782
2020-09-11,-0.8865335428097927
2020-09-12,-0.8894984402590014
2020-09-13,-0.8966128498989456
2020-09-14,-0.8933403977908041
2020-09-15,-0.7418112582733261
2020-09-16,-0.7599166340609855
2020-09-17,-0.6973151009703464
2020-09-18,-0.7041453306876666
2020-09-19,-0.6749310001433813
2020-09-20,-0.6826445372772745
2020-09-21,-0.6969067616620035
2020-09-22,-0.7255350685229827
2020-09-23,-0.738272279858454
2020-09-24,-0.7007394243124612
2020-09-25,-0.6958531870707305
2020-09-26,-0.6970239680371346
2020-09-27,-0.6924539965606438
2020-09-28,-0.6934247222265655
2020-09-29,-0.6905823486936256
2020-09-30,-0.699069936358049
2020-10-01,-0.6228945847692597
2020-10-02,-0.673048742975733
2020-10-03,-0.6710494484171847
2020-10-04,-0.6734325521232347
2020-10-05,-0.6754532510585101
2020-10-06,-0.6816129968043203
2020-10-07,-0.6722558000544732
2020-10-08,-0.6558619636012653
2020-10-09,-0.659791138741046
2020-10-10,-0.6703406226717528
2020-10-11,-0.66781414869217
2020-10-12,-0.6664407108950963
2020-10-13,-0.6568990073569902
2020-10-14,-0.6600488565725326
2020-10-15,-0.5267582500521191
2020-10-16,-0.523239595487377
2020-10-17,-0.5247119567340088
2020-10-18,-0.5221910099656539
2020-10-19,-0.496657367190612
2020-10-20,-0.4686741177640261
2020-10-21,-0.4520000604782423
2020-10-22,-0.3784523866879867
2020-10-23,-0.3745175523983688
2020-10-24,-0.3670123624508803
2020-10-25,-0.3693181974630461
2020-10-26,-0.3650839862588158
2020-10-27,-0.3433432324005996
2020-10-28,-0.2555254755989349
2020-10-29,-0.1994904652371216
2020-10-30,-0.1205001241715315
2020-10-31,-0.1128234451899721
2020-11-01,-0.0485094157418637
2020-11-02,-0.0166495189948081
2020-11-03,0.0300448657792373
2020-11-04,0.0764834915751655
2020-11-05,0.2049435179167966
2020-11-06,0.2434169675580415
2020-11-07,0.2985623474657872
2020-11-08,0.2909913264677151
2020-11-09,0.2562786661452327
2020-11-10,0.2485530121176333
2020-11-11,0.2531165987741781
2020-11-12,0.2805303010986457
2020-11-13,0.2829686299706631
2020-11-14,0.2780696842366867
2020-11-15,0.3300752108458642
2020-11-16,0.3394473924693275
2020-11-17,0.3270904706010684
2020-11-18,0.3382028193210922
2020-11-19,0.3265981274965441
2020-11-20,0.3246610044365039
2020-11-21,0.3188458985336662
2020-11-22,0.3258735657831146
2020-11-23,0.3190134383003675
2020-11-24,0.354465671133652
2020-11-25,0.3601031745636129
2020-11-26,0.3712653969420008
2020-11-27,0.3686287325985566
2020-11-28,0.3628944223023458
2020-11-29,0.3624366347289172
2020-11-30,0.3648711356638232
2020-12-01,0.4125582355466286
2020-12-02,0.4337205867682563
2020-12-03,0.4764806667610788
2020-12-04,0.4695761123589079
2020-12-05,0.4613936981775186
2020-12-06,0.4570954690188502
2020-12-07,0.4519539514632642
2020-12-08,0.4611560282624865
2020-12-09,0.4810211813463918
2020-12-10,0.4687755464447005
2020-12-11,0.5076898553623717
2020-12-12,0.491036293179083
2020-12-13,0.4813710546393621
2020-12-14,0.4814394850135568
2020-12-15,0.5562824604230001
2020-12-16,0.5646459228853478
2020-12-17,0.5291884294842308
2020-12-18,0.559328696040299
2020-12-19,0.4821792815519896
2020-12-20,0.4830844862015193
2020-12-21,0.4872209966059069
2020-12-22,0.5028818019951928
2020-12-23,0.5059665111517782
2020-12-24,0.5126460829101607
2020-12-25,0.517590350497954
2020-12-26,0.5191601272728597
2020-12-27,0.5207341055291188
2020-12-28,0.5222823716531599
2020-12-29,0.5204645935072705
2020-12-30,0.5116892664504187
2020-12-31,0.5044717817884199
2021-01-01,0.5676350298846589
2021-01-02,0.5264895324051926
2021-01-03,0.5280020059306225
2021-01-04,0.5223893870413656
2021-01-05,0.530778945068501
2021-01-06,0.5257983949662965
2021-01-07,0.5190617505151929
2021-01-08,0.5138636048867755
2021-01-09,0.5073447764785199
2021-01-10,0.5039664935740573
2021-01-11,0.5027055421309075
2021-01-12,0.4998507498964546
2021-01-13,0.4911897434150951
2021-01-14,0.492178860252134
2021-01-15,0.6353096340482796
2021-01-16,0.6346963937352093
2021-01-17,0.6318103486344793
2021-01-18,0.638470074074942
2021-01-19,0.6408757601246102
2021-01-20,0.6426002350576985
2021-01-21,0.6326922512449378
2021-01-22,0.6324104743561989
2021-01-23,0.6233300906764443
2021-01-24,0.6245951560220449
2021-01-25,0.6289426760803405
2021-01-26,0.5977707477919596
2021-01-27,0.6024755456798743
2021-01-28,0.6211107987491093
2021-01-29,0.6231509818918859
2021-01-30,0.6159786816157413
2021-01-31,0.6157446611418491
2021-02-01,0.6868161855590551
2021-02-02,0.6834351521156932
2021-02-03,0.6796778590616537
2021-02-04,0.6631669216649656
2021-02-05,0.6749187091342126
2021-02-06,0.6702771769897335
2021-02-07,0.6693194487363847
2021-02-08,0.6673047569744228
2021-02-09,0.6729485651274074
2021-02-10,0.6825084296160253
2021-02-11,0.6916175864572378
2021-02-12,0.6765155725214034
2021-02-13,0.6760394007777131
2021-02-14,0.6776258836445352
2021-02-15,0.7540198700142073
2021-02-16,0.7530003135809626
2021-02-17,0.7238670037943806
2021-02-18,0.7763229662361852
2021-02-19,0.7777304069706896
2021-02-20,0.7770929724959861
2021-02-21,0.780363679735494
2021-02-22,0.7810185826789953
2021-02-23,0.7528723956640433
2021-02-24,0.7378311066459329
2021-02-25,0.768265030006849
2021-02-26,0.7840164642869332
2021-02-27,0.742642188655712
2021-02-28,0.7358540552923323
2021-03-01,0.7869863236090344
2021-03-02,0.7672869035265091
2021-03-03,0.7069288380809153
2021-03-04,0.7149999214006275
2021-03-05,0.7219341816261031
2021-03-06,0.7136631581162529
2021-03-07,0.7076120049256414
2021-03-08,0.7123413520723076
2021-03-09,0.724257266575532
2021-03-10,0.7330863094033195
2021-03-11,0.7082534848874658
2021-03-12,0.6978444218253865
2021-03-13,0.6890045172397969
2021-03-14,0.6842627708578282
2021-03-15,0.8257383558615903
2021-03-16,0.8138926207535526
2021-03-17,0.8340824891230878
2021-03-18,0.8700976254910633
2021-03-19,0.8594137254177325
2021-03-20,0.8619059205029331
2021-03-21,0.8598410434410431
2021-03-22,0.845742216788905
2021-03-23,0.8320256786433977
2021-03-24,0.8062848586179312
2021-03-25,0.8315900809299772
2021-03-26,0.8335417583832228
2021-03-27,0.824746104669237
2021-03-28,0.8251211706738926
2021-03-29,0.8283595231590981
2021-03-30,0.8295288057733261
2021-03-31,0.830946650061783
2021-04-01,0.8988286757711541
2021-04-02,0.8722431686713836
2021-04-03,0.8675923199143845
2021-04-04,0.8626430477389588
2021-04-05,0.8615351353161751
2021-04-06,0.861663052926271
2021-04-07,0.8463489308809282
2021-04-08,0.8348273406363438
2021-04-09,0.8294709718769449
2021-04-10,0.8268795748985509
2021-04-11,0.8245176653436648
2021-04-12,0.8199260423634844
2021-04-13,0.7945353846424195
2021-04-14,0.7960772751155298
2021-04-15,1.027267743241994
2021-04-16,1.0212064610077014
2021-04-17,1.0189137590915591
2021-04-18,1.0207319192983964
2021-04-19,1.0155960703169422
2021-04-20,1.0037711821550974
2021-04-21,1.034547133404108
2021-04-22,1.0897942811973376
2021-04-23,1.091574495594135
2021-04-24,1.0911393387463828
2021-04-25,1.088955551331664
2021-04-26,1.056270564903976
2021-04-27,1.1014697838088492
2021-04-28,1.0470321305638286
2021-04-29,1.1350512113743572
2021-04-30,1.245883190922927
2021-05-01,1.3116544364234564
2021-05-02,1.2832368047414422
2021-05-03,1.4197197830793804
2021-05-04,1.51719530546321
2021-05-05,1.4786253631870518
2021-05-06,1.533067681676193
2021-05-07,1.534303320737318
2021-05-08,1.5342907869478026
2021-05-09,1.5262180488418429
2021-05-10,1.551531903827735
2021-05-11,1.5328417443803
2021-05-12,1.5361952463530009
2021-05-13,1.5485534837117003
2021-05-14,1.5452301285031735
2021-05-15,1.8729714435845848
2021-05-16,1.866852498769539
2021-05-17,1.864699250083571
2021-05-18,1.83508592209738
2021-05-19,1.82773281220375
2021-05-20,1.821427551837638
2021-05-21,1.8249118343529325
2021-05-22,1.816799845780928
2021-05-23,1.8177013098145032
2021-05-24,1.8099023829472305
2021-05-25,1.803423840848161
2021-05-26,1.793951302070233
2021-05-27,1.795621837069756
2021-05-28,1.7853757094074172
2021-05-29,1.7793332477699693
2021-05-30,1.7735263997110158
2021-05-31,1.769909390588871
2021-06-01,1.8153565475539448
2021-06-02,1.7852103757647704
2021-06-03,1.7791953500989126
2021-06-04,1.779762733451398
2021-06-05,1.7765473648784058
2021-06-06,1.771736898632083
2021-06-07,1.7718114005287102
2021-06-08,1.7807438988109747
2021-06-09,1.7824687905721428
2021-06-10,1.7820336549121452
2021-06-11,1.7742137207995874
2021-06-12,1.7698406064070027
2021-06-13,1.767861211050464
2021-06-14,1.7622423000822822
2021-06-15,2.1594245972156565
2021-06-16,2.182360882749094
2021-06-17,2.176223200839712
2021-06-18,2.163109381470089
2021-06-19,2.1600969342184437
2021-06-20,2.154473460794243
2021-06-21,2.1492917145823816
2021-06-22,2.1253027005178007
2021-06-23,2.1089778814542104
2021-06-24,2.115655997320874
2021-06-25,2.154941690628791
2021-06-26,2.147875586585733
2021-06-27,2.1427126681334583
2021-06-28,2.138255732576692
2021-06-29,2.131197111959644
2021-06-30,2.1308250506668727
2021-07-01,2.1812710581078316
2021-07-02,2.153609505130921
2021-07-03,2.1498673885445596
2021-07-04,2.1469556627478963
2021-07-05,2.140214016922572
2021-07-06,2.121988891399037
2021-07-07,2.1136707890878945
2021-07-08,2.0901616742474283
2021-07-09,2.0698841251895694
2021-07-10,2.128519128390979
2021-07-11,2.120494702542587
2021-07-12,2.1153045437473144
2021-07-13,2.119659017094552
2021-07-14,2.137744241586274
2021-07-15,2.5585033285558008
2021-07-16,2.5545725318960018
2021-07-17,2.549975726781806
2021-07-18,2.5439585436024816
2021-07-19,2.5527778712916223
2021-07-20,2.575439255319646
2021-07-21,2.6305106642431886
2021-07-22,2.652294883658801
2021-07-23,2.651792905797352
2021-07-24,2.648291885536054
2021-07-25,2.6452112076201506
2021-07-26,2.651439561367825
2021-07-27,2.642274214236055
2021-07-28,2.643175300561607
2021-07-29,2.768713274258931
2021-07-30,2.8743364167167393
2021-07-31,2.8655528471200573
2021-08-01,2.9302592077190783
2021-08-02,2.9303870920196142
2021-08-03,3.1034249754512797
2021-08-04,3.298036436836737
2021-08-05,3.3453122690936494
2021-08-06,3.3805557626271243
2021-08-07,3.3726449017873694
2021-08-08,3.3674677697408906
2021-08-09,3.3814337492989535
2021-08-10,3.403446904977005
2021-08-11,3.449307155819148
2021-08-12,3.4598002504506487
2021-08-13,3.4532782175093364
2021-08-14,3.4452524748247586
2021-08-15,3.7119211407746175
2021-08-16,3.708628950213118
2021-08-17,3.681182420132675
2021-08-18,3.665631357338692
2021-08-19,3.682433273250722
2021-08-20,3.675525644913962
2021-08-21,3.6689376144901487
2021-08-22,3.6628148744104143
2021-08-23,3.661627002905717
2021-08-24,3.6541490363276528
2021-08-25,3.6349402004225624
2021-08-26,3.61460373933342
2021-08-27,3.6078613741789103
2021-08-28,3.602258450581583
2021-08-29,3.5951775235229837
2021-08-30,3.5850555162943443
2021-08-31,3.577573028072572
2021-09-01,3.5760850976834377
2021-09-02,3.56286049079674
2021-09-03,3.5619308176802087
2021-09-04,3.5572576593810985
2021-09-05,3.5537534791458443
2021-09-06,3.5405672616028605
2021-09-07,3.532141100416444
2021-09-08,3.5253731846975156
2021-09-09,3.520455861353808
2021-09-10,3.527458148837507
2021-09-11,3.5201789816690523
2021-09-12,3.5146940401810047
2021-09-13,3.499995929241366
2021-09-14,3.496775645266721
2021-09-15,3.6901469050145863
2021-09-16,3.663609130202574
2021-09-17,3.6646850265945665
2021-09-18,3.669789523682053
2021-09-19,3.665935563180085
2021-09-20,3.665653351333737
2021-09-21,3.65294371461553
2021-09-22,3.665467577832209
2021-09-23,3.652695070821264
2021-09-24,3.6645696076976817
2021-09-25,3.662825816767686
2021-09-26,3.6539907834189487
2021-09-27,3.652381071790245
2021-09-28,3.6556254236426806
2021-09-29,3.6461239981123343
2021-09-30,3.629025325808553
2021-10-01,3.660397909164044
2021-10-02,3.638545538657299
2021-10-03,3.6322622545024226
2021-10-04,3.624566629140472
2021-10-05,3.624120382831007
2021-10-06,3.621676964308726
2021-10-07,3.621276409063217
2021-10-08,3.6147505022188
2021-10-09,3.606134592167168
2021-10-10,3.598620112130754
2021-10-11,3.593767571217419
2021-10-12,3.5871033972218314
2021-10-13,3.5704804445515776
2021-10-14,3.577756450551051
2021-10-15,3.862486094297646
2021-10-16,3.8565556354448223
2021-10-17,3.850978034443523
2021-10-18,3.844962326843634
2021-10-19,3.806137683151283
2021-10-20,3.7633790596766663
2021-10-21,3.7190748572268952
2021-10-22,3.70367562660519
2021-10-23,3.696917105509152
2021-10-24,3.6912293515841776
2021-10-25,3.6414416047103857
2021-10-26,3.5655614220361316
2021-10-27,3.43081118621689
2021-10-28,3.3528247998981286
2021-10-29,3.3305014423946915
2021-10-30,3.326511752114036
2021-10-31,3.3219048842969823
2021-11-01,3.364261486493097
2021-11-02,3.3403364592725846
2021-11-03,3.320286447570327
2021-11-04,3.3158468704241746
2021-11-05,3.2799929787223108
2021-11-06,3.1753146032798525
2021-11-07,3.171163741957902
2021-11-08,3.1644849734299867
2021-11-09,3.1443125254935524
2021-11-10,3.130818665271331
2021-11-11,3.1343717897617807
2021-11-12,3.1335633493023036
2021-11-13,3.129803890425167
2021-11-14,3.126510615628373
2021-11-15,3.5807349221075055
2021-11-16,3.5857703591923524
2021-11-17,3.5878967724161406
2021-11-18,3.5773426947837184
2021-11-19,3.573392371973133
2021-11-20,3.5693907640954468
2021-11-21,3.5651956550220834
2021-11-22,3.5604555367569537
2021-11-23,3.574520178858436
2021-11-24,3.5709139661237694
2021-11-25,3.5657199085313662
2021-11-26,3.5607416052807017
2021-11-27,3.5571766215285363
2021-11-28,3.5524528733363994
2021-11-29,3.549852054813631
2021-11-30,3.5566321357972113
2021-12-01,3.5725932673372105
2021-12-02,3.564972281734496
2021-12-03,3.562768769219046
2021-12-04,3.559717423361476
2021-12-05,3.554287364814515
2021-12-06,3.557598868495693
2021-12-07,3.551164561601405
2021-12-08,3.567307234313841
2021-12-09,3.5703749904162883
2021-12-10,3.5750791442207044
2021-12-11,3.570066623460897
2021-12-12,3.563156765236929
2021-12-13,3.559757003234046
2021-12-14,3.563247661770168
2021-12-15,3.884952306699642
2021-12-16,3.9950652760297194
2021-12-17,4.009646279956001
2021-12-18,3.995773896354993
2021-12-19,3.990247773612396
2021-12-20,3.992215214779363
2021-12-21,4.02638682614168
2021-12-22,4.029610082187714
2021-12-23,4.038255868878611
2021-12-24,4.028180662429637
2021-12-25,4.04193163495664
2021-12-26,4.035074885313312
2021-12-27,4.034288622696182
2021-12-28,4.029056477977855
2021-12-29,4.019739443494942
2021-12-30,4.004999398580462
2021-12-31,3.9986616473589702
2022-01-01,3.991467968559573
2022-01-02,3.9912930301457656
2022-01-03,3.98766151222329
2022-01-04,3.98744010636948
2022-01-05,3.9896780663667992
2022-01-06,3.9914826218563695
2022-01-07,3.98776375428318
2022-01-08,3.9850077138252304
2022-01-09,3.9840437154378776
2022-01-10,3.980371867969862
2022-01-11,4.00000783975701
2022-01-12,3.9950633191403706
2022-01-13,3.988341189066287
2022-01-14,3.982996932708233
2022-01-15,4.180882868024857
2022-01-16,4.178858316152644
2022-01-17,4.177368228124868
2022-01-18,4.173517325101229
2022-01-19,4.170274596221647
2022-01-20,4.1533245425432295
2022-01-21,4.152995570269697
2022-01-22,4.1519723796001795
2022-01-23,4.150964379963687
2022-01-24,4.158569724042374
2022-01-25,4.107196397318551
2022-01-26,4.042246313573599
2022-01-27,4.04160321185668
2022-01-28,4.034605116732699
2022-01-29,4.031542940990345
2022-01-30,4.0272539680208075
2022-01-31,4.023538995884575
2022-02-01,4.005849566542967
2022-02-02,4.0102077431324545
2022-02-03,4.1251711585820905
2022-02-04,4.130753278113666
2022-02-05,4.126257967209471
2022-02-06,4.1220391110476235
2022-02-07,4.125744266185141
2022-02-08,4.1362381081330275
2022-02-09,4.177193891423651
2022-02-10,4.1642636213059
2022-02-11,4.171587111103474
2022-02-12,4.169923971945503
2022-02-13,4.1666299797966335
2022-02-14,4.165739704528531
2022-02-15,4.363475065192243
2022-02-16,4.381160215499406
2022-02-17,4.368333337101161
2022-02-18,4.356166368082313
2022-02-19,4.352513073052422
2022-02-20,4.350768779401015
2022-02-21,4.354301193145794
2022-02-22,4.357874471193325
2022-02-23,4.278406150520291
2022-02-24,4.294267492245244
2022-02-25,4.2956322994718725
2022-02-26,4.454339582879902
2022-02-27,4.450056498535577
2022-02-28,4.430541922996027
2022-03-01,4.532999837061059
2022-03-02,4.546307535845469
2022-03-03,4.548576491920963
2022-03-04,4.544251170911434
2022-03-05,4.539403889872749
2022-03-06,4.535307242841341
2022-03-07,4.5293883861761115
2022-03-08,4.5225969692747565
2022-03-09,4.5256108913416035
2022-03-10,4.502896490185106
2022-03-11,4.500086005034209
2022-03-12,4.495615926507871
2022-03-13,4.489546151456825
2022-03-14,4.484958857290849
2022-03-15,4.715857322314291
2022-03-16,4.689981686806111
2022-03-17,4.677262011032366
2022-03-18,4.68032829212801
2022-03-19,4.675620993132488
2022-03-20,4.668661106096954
2022-03-21,4.65692588533695
2022-03-22,4.651253580524417
2022-03-23,4.6457828595630275
2022-03-24,4.648220330483419
2022-03-25,4.641816001723824
2022-03-26,4.614133090336094
2022-03-27,4.613056290846294
2022-03-28,4.613202482731697
2022-03-29,4.612442476067855
2022-03-30,4.614149935986573
2022-03-31,4.5989048861742825
2022-04-01,4.603896332432731
2022-04-02,4.612960861023401
2022-04-03,4.60980765537108
2022-04-04,4.607833987304303
2022-04-05,4.603137208702451
2022-04-06,4.60617832560291
2022-04-07,4.604759376054254
2022-04-08,4.601901647327084
2022-04-09,4.600467369257323
2022-04-10,4.5981429314885585
2022-04-11,4.598893570493145
2022-04-12,4.596343839763508
2022-04-13,4.59312456236546
2022-04-14,4.589076937773008
2022-04-15,4.895735031528268
2022-04-16,4.894768721377259
2022-04-17,4.8929396383282615
2022-04-18,4.889677087242243
2022-04-19,4.877022602605875
2022-04-20,4.877136998165779
2022-04-21,4.873766715417284
2022-04-22,4.865691087867086
2022-04-23,4.860869796786055
2022-04-24,4.857549294732038
2022-04-25,4.857501743416597
2022-04-26,4.682809212393541
2022-04-27,4.649602393679231
2022-04-28,4.61958023406061
2022-04-29,4.65321544433877
2022-04-30,4.471074114086848
2022-05-01,4.401731558052963
2022-05-02,4.40787229346839
2022-05-03,4.410247503379513
2022-05-04,4.432556712962166
2022-05-05,4.405872583429611
2022-05-06,4.467010817821337
2022-05-07,4.464690387810057
2022-05-08,4.463849239498071
2022-05-09,4.472322048980487
2022-05-10,4.481131150606977
2022-05-11,4.469933662570231
2022-05-12,4.467498265617553
2022-05-13,4.463243505559973
2022-05-14,4.462184111352244
2022-05-15,4.510799226353739
2022-05-16,4.510113575086437
2022-05-17,4.509077514891451
2022-05-18,4.511688858743448
2022-05-19,4.499485281625016
2022-05-20,4.506384317961507
2022-05-21,4.5033056928764825
2022-05-22,4.499968423891894
2022-05-23,4.501827326793138
2022-05-24,4.508811497467621
2022-05-25,4.4994791177992655
2022-05-26,4.483281250114636
2022-05-27,4.482776301778097
2022-05-28,4.475849963167714
2022-05-29,4.47352235356254
2022-05-30,4.4764151685139915
2022-05-31,4.468378342284506
2022-06-01,4.451901214391477
2022-06-02,4.458664725949251
2022-06-03,4.458831758701293
2022-06-04,4.458911641116168
2022-06-05,4.460428140559011
2022-06-06,4.458195065384691
2022-06-07,4.4558946821476715
2022-06-08,4.454391121095986
2022-06-09,4.4576926599524445
2022-06-10,4.45792504656324
2022-06-11,4.455629807402907
2022-06-12,4.45261203250622
2022-06-13,4.4525947699905855
2022-06-14,4.49774835428549
2022-06-15,4.65606452390296
2022-06-16,4.640871022041409
2022-06-17,4.642654073385281
2022-06-18,4.641085823711882
2022-06-19,4.637413816616878
2022-06-20,4.6332512835804005
2022-06-21,4.611793837767167
2022-06-22,4.622397102552702
2022-06-23,4.5910650159877155
2022-06-24,4.586183140942628
2022-06-25,4.5850505948868205
2022-06-26,4.582996442179078
2022-06-27,4.579535758168783
2022-06-28,4.565048173475331
2022-06-29,4.557448326587425
2022-06-30,4.547402330402127
2022-07-01,4.543152798225956
2022-07-02,4.5567040427249035
2022-07-03,4.555439309666198
2022-07-04,4.557741010394737
2022-07-05,4.552065617565525
2022-07-06,4.553513277618899
2022-07-07,4.556184160673596
2022-07-08,4.558032521121298
2022-07-09,4.558124682450082
2022-07-10,4.558099216147278
2022-07-11,4.5587497770070815
2022-07-12,4.537182578807437
2022-07-13,4.52951531665836
2022-07-14,4.491370408244309
2022-07-15,4.678400247141287
2022-07-16,4.669561912384799
2022-07-17,4.67023652634672
2022-07-18,4.676790228106272
2022-07-19,4.639054166375921
2022-07-20,4.652082211267087
2022-07-21,4.626998780068391
2022-07-22,4.635022207791486
2022-07-23,4.6385708176344576
2022-07-24,4.6345234587272035
2022-07-25,4.629975600670006
2022-07-26,4.59930645379998
2022-07-27,4.563879087989211
2022-07-28,4.649837027647959
2022-07-29,4.85373079524322
2022-07-30,4.856413855434507
2022-07-31,4.8599011564992916
2022-08-01,4.848345905482932
2022-08-02,4.999368005113971
2022-08-03,5.0280262308474315
2022-08-04,5.039549536738853
2022-08-05,5.046399398059201
2022-08-06,4.985708689635519
2022-08-07,4.9858656306465585
2022-08-08,5.013166558246913
2022-08-09,5.003735284585474
2022-08-10,5.017997588088807
2022-08-11,5.008662682946089
2022-08-12,5.008737837819064
2022-08-13,5.008187010076582
2022-08-14,5.007509224619179
2022-08-15,4.967909162908635
2022-08-16,5.007400563475295
2022-08-17,5.000157936769419
2022-08-18,4.996597064607618
2022-08-19,4.993483210112545
2022-08-20,4.9936098270394345
2022-08-21,4.9940380347009095
2022-08-22,4.990871736947861
2022-08-23,4.98542460479539
2022-08-24,4.959573629965961
2022-08-25,4.9565491675602145
2022-08-26,4.954973193916134
2022-08-27,4.954322551405584
2022-08-28,4.951906148166373
2022-08-29,4.955709858531644
2022-08-30,4.952487319016991
2022-08-31,4.953503326167555
2022-09-01,4.915640479142327
2022-09-02,4.936760357406644
2022-09-03,4.932185905657057
2022-09-04,4.933870420649252
2022-09-05,4.927183023057571
2022-09-06,4.887588390264284
2022-09-07,4.873108927623049
2022-09-08,4.860626601157732
2022-09-09,4.856614229973847
2022-09-10,4.8568226547811095
2022-09-11,4.853960197527795
2022-09-12,4.810227710977509
2022-09-13,4.777116658327783
2022-09-14,4.790360332067825
2022-09-15,4.705890010129256
2022-09-16,4.685265831786123
2022-09-17,4.6895294149590745
2022-09-18,4.695699494792225
2022-09-19,4.7604712996118295
2022-09-20,4.6779278214534
2022-09-21,4.672615032900786
2022-09-22,4.6624762212512705
2022-09-23,4.672133029446584
2022-09-24,4.670102087971271
2022-09-25,4.673907779761946
2022-09-26,4.675601133194564
2022-09-27,4.663111965860885
2022-09-28,4.66793042577866
2022-09-29,4.7146496642342015
2022-09-30,4.716853422765345
2022-10-01,4.682444140342401
2022-10-02,4.718027146398674
2022-10-03,4.713909357934439
2022-10-04,4.7243660155197995
2022-10-05,4.711519406674679
2022-10-06,4.709412160722593
2022-10-07,4.704984013818562
2022-10-08,4.701810754790792
2022-10-09,4.7028792110209166
2022-10-10,4.697388093030025
2022-10-11,4.689612965572485
2022-10-12,4.700161627706802
2022-10-13,4.695827098487007
2022-10-14,4.692753402483348
2022-10-15,4.767162160958911
2022-10-16,4.76564621554871
2022-10-17,4.7673450771999635
2022-10-18,4.794717296475388
2022-10-19,4.796190839696242
2022-10-20,4.790288278232566
2022-10-21,4.779971250524525
2022-10-22,4.779370465495311
2022-10-23,4.773780721161903
2022-10-24,4.758245350554697
2022-10-25,4.740364379555681
2022-10-26,4.696575513952281
2022-10-27,4.462266646398268
2022-10-28,4.475039797701342
2022-10-29,4.4726500247410375
2022-10-30,4.466113790704751
2022-10-31,4.467642578833667
2022-11-01,4.381295659222367
2022-11-02,4.367404861551845
2022-11-03,4.3096915350756255
2022-11-04,4.306030089138375
2022-11-05,4.339717384848711
2022-11-06,4.333523342805693
2022-11-07,4.318038297532814
2022-11-08,4.284108220106566
2022-11-09,4.278324538411762
2022-11-10,4.231556015191227
2022-11-11,4.228509259459616
2022-11-12,4.226418421237543
2022-11-13,4.222626942917978
2022-11-14,4.212337028237671
2022-11-15,4.329833809489317
2022-11-16,4.306937286441357
2022-11-17,4.299754953855697
2022-11-18,4.298538498674923
2022-11-19,4.294427318756132
2022-11-20,4.292502491594125
2022-11-21,4.276399294705595
2022-11-22,4.262735372887942
2022-11-23,4.253780408825547
2022-11-24,4.250137666029294
2022-11-25,4.2502640265542855
2022-11-26,4.248617930426814
2022-11-27,4.247793100075563
2022-11-28,4.24373734883083
2022-11-29,4.226685261082777
2022-11-30,4.229899577942545
2022-12-01,4.213277352607846
2022-12-02,4.246870684846426
2022-12-03,4.240231608156606
2022-12-04,4.232639696044764
2022-12-05,4.222637688025259
2022-12-06,4.223843123117949
2022-12-07,4.198130868783244
2022-12-08,4.1712995173451315
2022-12-09,4.183084800994877
2022-12-10,4.183572593721859
2022-12-11,4.178003521974946
2022-12-12,4.165380794368401
2022-12-13,4.162185958660744
2022-12-14,4.173753303449862
2022-12-15,4.175577544633735
2022-12-16,4.16258807017271
2022-12-17,4.163370612419998
2022-12-18,4.167080557987546
2022-12-19,4.17518291085142
2022-12-20,4.1636231303412385
2022-12-21,4.146126854299181
2022-12-22,4.101296084202664
2022-12-23,4.112294689322127
2022-12-24,4.0846275231526175
2022-12-25,4.087699533715382
2022-12-26,4.084802754318353
2022-12-27,4.081211493913149
2022-12-28,4.088088472839385
2022-12-29,4.088908796645196
2022-12-30,4.090484208413764
2022-12-31,4.095669641435533
2023-01-01,4.085192820851583
2023-01-02,4.114747884907564
2023-01-03,4.095489088932478
2023-01-04,4.081611410870174
2023-01-05,4.082021543122448
2023-01-06,4.078383383690458
2023-01-07,4.075456183960622
2023-01-08,4.07596787122807
2023-01-09,4.067201693307263
2023-01-10,4.054974750264609
2023-01-11,4.048008028957655
2023-01-12,4.0480032795945755
2023-01-13,4.043759633336811
2023-01-14,4.039893200436634
2023-01-15,4.027842275328636
2023-01-16,4.02652863538834
2023-01-17,4.0267679140433446
2023-01-18,4.021400231688425
2023-01-19,4.0051396390046765
2023-01-20,4.0050570523378415
2023-01-21,3.998304942674309
2023-01-22,3.9987050764634473
2023-01-23,3.992489137699938
2023-01-24,3.978292121889387
2023-01-25,3.965035591675769
2023-01-26,3.932908917496359
2023-01-27,3.8723532976985537
2023-01-28,3.8713202241893274
2023-01-29,3.868347627010317
2023-01-30,3.8710611559741896
2023-01-31,3.668719771405989
2023-02-01,3.70062107765052
2023-02-02,3.5745928084260057
2023-02-03,3.5638336892324007
2023-02-04,3.5590093137167824
2023-02-05,3.5610555254738174
2023-02-06,3.544182478539384
2023-02-07,3.5608963039814507
2023-02-08,3.4456594369749545
2023-02-09,3.372681778589024
2023-02-10,3.365628136797631
2023-02-11,3.361545880428776
2023-02-12,3.3613951317422694
2023-02-13,3.348307596593707
2023-02-14,3.323175255175522
2023-02-15,3.416557940931536
2023-02-16,3.36710616843664
2023-02-17,3.35947660750858
2023-02-18,3.3560124751371507
2023-02-19,3.3517487781527784
2023-02-20,3.3790446798762015
2023-02-21,3.344424980802156
2023-02-22,3.284119608028999
2023-02-23,3.2619035909513516
2023-02-24,3.2436437930778346
2023-02-25,3.284330052812049
2023-02-26,3.2834926806479583
2023-02-27,3.272691195812318
2023-02-28,3.2462976834856043
2023-03-01,3.2323669171673473
2023-03-02,3.2604710480070636
2023-03-03,3.2578218779874843
2023-03-04,3.2560591693205025
2023-03-05,3.2542265137637125
2023-03-06,3.248028931539871
2023-03-07,3.2422155937688855
2023-03-08,3.2111162324113143
2023-03-09,3.1985215262339945
2023-03-10,3.19326073364187
2023-03-11,3.1900050566592806
2023-03-12,3.187756373925488
2023-03-13,3.170829337650601
2023-03-14,3.15303903407471
2023-03-15,3.218563215221612
2023-03-16,3.160267645705606
2023-03-17,3.1420501174127207
2023-03-18,3.146301976443168
2023-03-19,3.1550770016225376
2023-03-20,3.142861339280293
2023-03-21,3.1202351607653855
2023-03-22,3.150587111420932
2023-03-23,3.134609701018941
2023-03-24,3.1358923013872415
2023-03-25,3.145792905970232
2023-03-26,3.1476112080801797
2023-03-27,3.14135499438676
2023-03-28,3.141090404309713
2023-03-29,3.141859611957615
2023-03-30,3.1457434743224764
2023-03-31,3.1348929596054136
2023-04-01,3.1306616266742493
2023-04-02,3.1335235245473254
2023-04-03,3.1335812475994116
2023-04-04,3.1309517488824596
2023-04-05,3.137462576357525
2023-04-06,3.130161333577219
2023-04-07,3.129601724148578
2023-04-08,3.131218178425545
2023-04-09,3.129318008060064
2023-04-10,3.128983725310325
2023-04-11,3.108557549180469
2023-04-12,3.1086954807990153
2023-04-13,3.1058076076104255
2023-04-14,3.108843478225287
2023-04-15,3.1271115109251975
2023-04-16,3.126187337499972
2023-04-17,3.123376351007386
2023-04-18,3.1177576052436464
2023-04-19,3.0913189792934466
2023-04-20,3.0710917102888597
2023-04-21,3.05720537102938
2023-04-22,3.055326040384065
2023-04-23,3.050298630086936
2023-04-24,3.056742151018135
2023-04-25,3.10365684656849
2023-04-26,3.0812005813462116
2023-04-27,3.043251105133547
2023-04-28,2.99761400529321
2023-04-29,2.9984347815356456
2023-04-30,2.994295898852605
2023-05-01,2.984361093913618
2023-05-02,2.9115236398036046
2023-05-03,2.8828774014392886
2023-05-04,2.7360550663998744
2023-05-05,2.724408113981361
2023-05-06,2.95300148444405
2023-05-07,2.9491677760450616
2023-05-08,2.9368770088445877
2023-05-09,2.9039083012336264
2023-05-10,2.8872254554971395
2023-05-11,2.891876974640121
2023-05-12,2.8685828170812275
2023-05-13,2.869884316212612
2023-05-14,2.8706696728471464
2023-05-15,2.92040085109855
2023-05-16,2.9129754829461865
2023-05-17,2.9068203887327813
2023-05-18,2.881583288181152
2023-05-19,2.8859341342998004
2023-05-20,2.8823543698127403
2023-05-21,2.8764412735379388
2023-05-22,2.861875704410918
2023-05-23,2.880836287989391
2023-05-24,2.878633605279247
2023-05-25,2.851683950603808
2023-05-26,2.8521093610074852
2023-05-27,2.853279789994348
2023-05-28,2.8610480904367988
2023-05-29,2.8532448285603564
2023-05-30,2.83993403384289
2023-05-31,2.8309516309748637
2023-06-01,2.820512473222518
2023-06-02,2.8180930460723563
2023-06-03,2.8170605450786432
2023-06-04,2.814734997769481
2023-06-05,2.812677360204231
2023-06-06,2.809686312456064
2023-06-07,2.81184845407091
2023-06-08,2.8068486513439215
2023-06-09,2.7983093094216778
2023-06-10,2.8026489250749753
2023-06-11,2.8046787701131035
2023-06-12,2.8122814892048056
2023-06-13,2.796139205875286
2023-06-14,2.78818143595296
2023-06-15,2.756178724338417
2023-06-16,2.7512628270047275
2023-06-17,2.7608974807239495
2023-06-18,2.761988015088261
2023-06-19,2.760575854511265
2023-06-20,2.7454390817820333
2023-06-21,2.7051671713624925
2023-06-22,2.613698452666581
2023-06-23,2.626805818884999
2023-06-24,2.641680997211821
2023-06-25,2.6363455602884107
2023-06-26,2.636942044913003
2023-06-27,2.6604423428568293
2023-06-28,2.6507319342736277
2023-06-29,2.6267325206608483
2023-06-30,2.629877938285438
2023-07-01,2.647518474459421
2023-07-02,2.6299061962957264
2023-07-03,2.6238489025326035
2023-07-04,2.608030666745637
2023-07-05,2.6040341953519635
2023-07-06,2.599984886484095
2023-07-07,2.608282412563203
2023-07-08,2.6078751387452677
2023-07-09,2.6048634839141047
2023-07-10,2.6062519724772173
2023-07-11,2.5987821526843464
2023-07-12,2.5900308751735173
2023-07-13,2.5807442545583865
2023-07-14,2.5879104958597337
2023-07-15,2.58626107659017
2023-07-16,2.5911296952716807
2023-07-17,2.5953237619174385
2023-07-18,2.608044920509272
2023-07-19,2.6086475116144685
2023-07-20,2.6287834763639486
2023-07-21,2.6355281737164784
2023-07-22,2.6412240165728904
2023-07-23,2.6470784814835824
2023-07-24,2.642317234750516
2023-07-25,2.673557665609744
2023-07-26,2.6787539524800947
2023-07-27,2.5446377394539272
2023-07-28,2.456977210087937
2023-07-29,2.4526707376404606
2023-07-30,2.4473674020801206
2023-07-31,2.433545218924042
2023-08-01,2.318708480222178
2023-08-02,2.263008697553607
2023-08-03,2.1102924099313856
2023-08-04,2.0870527478831775
2023-08-05,2.0841073441342397
2023-08-06,2.091511568783117
2023-08-07,2.1345853720530776
2023-08-08,2.134136682384459
2023-08-09,2.1340482306067026
2023-08-10,2.1411354208427724
2023-08-11,2.1446424098415946
2023-08-12,2.139903492936301
2023-08-13,2.1357073932999615
2023-08-14,2.1351292984383416
2023-08-15,2.168051048736394
2023-08-16,2.1751829973319854
2023-08-17,2.206853106216524
2023-08-18,2.204772555918131
2023-08-19,2.205347745643379
2023-08-20,2.205766569651611
2023-08-21,2.1951468272913184
2023-08-22,2.184856147716033
2023-08-23,2.2106519912179268
2023-08-24,2.194230491440333
2023-08-25,2.184968616687934
2023-08-26,2.1852936024977865
2023-08-27,2.1870992807534666
2023-08-28,2.184543821848691
2023-08-29,2.1836071114303204
2023-08-30,2.185031268328764
2023-08-31,2.18391583390412
2023-09-01,2.2234157316605496
2023-09-02,2.201320258950556
2023-09-03,2.2018733077049837
2023-09-04,2.2026124881405087
2023-09-05,2.203852497552548
2023-09-06,2.1923958543062767
2023-09-07,2.214147400087979
2023-09-08,2.203952529944794
2023-09-09,2.200534828913592
2023-09-10,2.2064196820534754
2023-09-11,2.192756618173667
2023-09-12,2.1935307063068823
2023-09-13,2.139418617125248
2023-09-14,2.1426919791739176
2023-09-15,2.2336952717712486
2023-09-16,2.252854068705509
2023-09-17,2.2471206257983822
2023-09-18,2.2404542600391495
2023-09-19,2.200559382270426
2023-09-20,2.1663996194992428
2023-09-21,2.153595536954149
2023-09-22,2.151149755445433
2023-09-23,2.143741758592718
2023-09-24,2.1481320120334537
2023-09-25,2.149270796731681
2023-09-26,2.155210496511491
2023-09-27,2.1712295616992723
2023-09-28,2.1708450231407097
2023-09-29,2.178660107693574
2023-09-30,2.177178948680873
2023-10-01,2.2035814993328464
2023-10-02,2.1796874330991254
2023-10-03,2.186897860173173
2023-10-04,2.1865805890875114
2023-10-05,2.186439577504953
2023-10-06,2.1815014556989807
2023-10-07,2.179406567846036
2023-10-08,2.176555895751624
2023-10-09,2.1736688092029364
2023-10-10,2.1754732374243724
2023-10-11,2.1789204527445816
2023-10-12,2.1781345088607766
2023-10-13,2.176991978141582
2023-10-14,2.1694994010403974
2023-10-15,2.2232073665564753
2023-10-16,2.22441699743536
2023-10-17,2.2401812758895447
2023-10-18,2.2391960168608804
2023-10-19,2.2337369405413847
2023-10-20,2.235504503228782
2023-10-21,2.2372771578233825
2023-10-22,2.239014790933138
2023-10-23,2.2339725658739695
2023-10-24,2.219909151363616
2023-10-25,2.2440068451604183
2023-10-26,2.353292373317313
2023-10-27,2.402207359893853
2023-10-28,2.3977997964349465
2023-10-29,2.3980385505065884
2023-10-30,2.3954495566478515
2023-10-31,2.465613289674599
2023-11-01,2.5122770345701433
2023-11-02,2.619894501179298
2023-11-03,2.618468795884148
2023-11-04,2.562531840903294
2023-11-05,2.5598507823021386
2023-11-06,2.5695867526215572
2023-11-07,2.587615603895464
2023-11-08,2.5876229637453427
2023-11-09,2.5914460569389077
2023-11-10,2.5954160995448317
2023-11-11,2.59669642890567
2023-11-12,2.5963646927825383
2023-11-13,2.591302839948888
2023-11-14,2.57940299488398
2023-11-15,2.5949172265265443
2023-11-16,2.5760858285767183
2023-11-17,2.5757631449743816
2023-11-18,2.5781865590202058
2023-11-19,2.575565744276462
2023-11-20,2.576671259566571
2023-11-21,2.6023869500136954
2023-11-22,2.585979839532544
2023-11-23,2.5797926028330593
2023-11-24,2.579030617470317
2023-11-25,2.574749082463987
2023-11-26,2.56758700321989
2023-11-27,2.5607894069056782
2023-11-28,2.564752120252154
2023-11-29,2.5666136746247763
2023-11-30,2.566079523512216
2023-12-01,2.600454586442462
2023-12-02,2.5825998388135427
2023-12-03,2.5858050734337104
2023-12-04,2.5784037071166033
2023-12-05,2.5880159103712836
2023-12-06,2.5832299870638344
2023-12-07,2.566971486729434
2023-12-08,2.568574213261999
2023-12-09,2.5716375177983695
2023-12-10,2.5770379058206987
2023-12-11,2.5788337339430667
2023-12-12,2.560726715914871
2023-12-13,2.5671849021908892
2023-12-14,2.5078351068377542
2023-12-15,2.4858647356390295
2023-12-16,2.502645679972806
2023-12-17,2.505862452619574
2023-12-18,2.499739299524358
2023-12-19,2.471643414510985
2023-12-20,2.4472426900889905
2023-12-21,2.451285509955177
2023-12-22,2.4538356232569187
2023-12-23,2.455384701649727
2023-12-24,2.454821072574602
2023-12-25,2.443191790847861
2023-12-26,2.438210298939503
2023-12-27,2.440283324757305
2023-12-28,2.4383259558010706
2023-12-29,2.4402977224844817
2023-12-30,2.4397778419069427
2023-12-31,2.439622970751602
2024-01-01,2.4789868878513617
2024-01-02,2.4416038210062823
2024-01-03,2.4289347114733957
2024-01-04,2.433072552309965
2024-01-05,2.4373940386875423
2024-01-06,2.431959616068561
2024-01-07,2.4335309686097304
2024-01-08,2.432160337279397
2024-01-09,2.4256571317653397
2024-01-10,2.4216961046093095
2024-01-11,2.4266859208769316
2024-01-12,2.4279194588545474
2024-01-13,2.423705890371987
2024-01-14,2.420618231377161
2024-01-15,2.435455610069583
2024-01-16,2.438763627198143
2024-01-17,2.442207349917502
2024-01-18,2.4404680925987474
2024-01-19,2.43887333891537
2024-01-20,2.436485073746516
2024-01-21,2.4346136349714107
2024-01-22,2.434590494866044
2024-01-23,2.3949151936881985
2024-01-24,2.43651643241334
2024-01-25,2.4139777828708047
2024-01-26,2.4155515824691376
2024-01-27,2.414780319119538
2024-01-28,2.4154590078946248
2024-01-29,2.4145249528964388
2024-01-30,2.37318435059013
2024-01-31,2.372863746735761
2024-02-01,2.4126085923172265
2024-02-02,2.347286084136402
2024-02-03,2.34261935145497
2024-02-04,2.3419131987963793
2024-02-05,2.344966131177972
2024-02-06,2.2894951176403806
2024-02-07,2.321569622357125
2024-02-08,2.2944618358542748
2024-02-09,2.2776110517051213
2024-02-10,2.279456202498735
2024-02-11,2.280976501581514
2024-02-12,2.276670671889926
2024-02-13,2.2899901115700083
2024-02-14,2.285036088095236
2024-02-15,2.3153971197467693
2024-02-16,2.3119325746844415
2024-02-17,2.3125764062807117
2024-02-18,2.314501256681344
2024-02-19,2.3130934129876732
2024-02-20,2.3047206149645465
2024-02-21,2.3351451778451775
2024-02-22,2.3336862082863763
2024-02-23,2.3382687561779583
2024-02-24,2.3469466660100924
2024-02-25,2.34407206561722
2024-02-26,2.343592507444436
2024-02-27,2.3433226307285064
2024-02-28,2.3345883611334655
2024-02-29,2.347099780155112
2024-03-01,2.3705279614477353
2024-03-02,2.341015001586726
2024-03-03,2.3423975945120876
2024-03-04,2.3486018142751783
2024-03-05,2.359506512650534
2024-03-06,2.35083252173844
2024-03-07,2.346369553295385
2024-03-08,2.3491868648035097
2024-03-09,2.3545468745169424
2024-03-10,2.3587382105226933
2024-03-11,2.3587488968549124
2024-03-12,2.334379798411722
2024-03-13,2.3336360356303265
2024-03-14,2.3563945942010545
2024-03-15,2.4274069130168883
2024-03-16,2.4276167836199547
2024-03-17,2.428412395144109
2024-03-18,2.425562898666426
2024-03-19,2.402816143956114
2024-03-20,2.4069671548975595
2024-03-21,2.407414276701291
2024-03-22,2.3963455493715067
2024-03-23,2.4006993208119916
2024-03-24,2.400309830621057
2024-03-25,2.402143552831439
2024-03-26,2.396910046987097
2024-03-27,2.38888365446533
2024-03-28,2.3767749768533943
2024-03-29,2.3748221033808226
2024-03-30,2.377631077617548
2024-03-31,2.375179140756447
2024-04-01,2.4045105851178774
2024-04-02,2.3846299985343986
2024-04-03,2.4030298031930517
2024-04-04,2.399799257238613
2024-04-05,2.397303918476456
2024-04-06,2.392626648616985
2024-04-07,2.389186145591247
2024-04-08,2.3926475623279377
2024-04-09,2.394275279332657
2024-04-10,2.3883166591539684
2024-04-11,2.387761227844053
2024-04-12,2.389232786989555
2024-04-13,2.3864184538145454
2024-04-14,2.3831063090270708
2024-04-15,2.4492464606558606
2024-04-16,2.452843948627689
2024-04-17,2.453944581674982
2024-04-18,2.459543475910457
2024-04-19,2.4578774568350963
2024-04-20,2.456659297953711
2024-04-21,2.458242393401202
2024-04-22,2.457741224834332
2024-04-23,2.44414891503613
2024-04-24,2.40614674478019
2024-04-25,2.4278238116837247
2024-04-26,2.4744632131365583
2024-04-27,2.4701149440774466
2024-04-28,2.4632863653816894
2024-04-29,2.459958305910888
2024-04-30,2.4647116322083353
2024-05-01,2.4381625984671924
2024-05-02,2.4015157958388533
2024-05-03,2.382379596596036
2024-05-04,2.144725083195781
2024-05-05,2.146367267835181
2024-05-06,2.1310121932864012
2024-05-07,2.111893241176277
2024-05-08,2.1034748944403487
2024-05-09,2.1100581896958355
2024-05-10,2.095650023115897
2024-05-11,2.0937662208295262
2024-05-12,2.094884598705053
2024-05-13,2.0943145689626004
2024-05-14,2.0867789624223456
2024-05-15,2.118154635952424
2024-05-16,2.11386506890503
2024-05-17,2.107145770027749
2024-05-18,2.10296532354512
2024-05-19,2.101384749531763
2024-05-20,2.0964327712153192
2024-05-21,2.0856774990265947
2024-05-22,2.084860219433757
2024-05-23,2.077827269294782
2024-05-24,2.0978459125867053
2024-05-25,2.0993109504911125
2024-05-26,2.097580061509629
2024-05-27,2.0902260139894
2024-05-28,2.0830966029741873
2024-05-29,2.078834687748431
2024-05-30,2.076675146609019
2024-05-31,2.0756962316795864
2024-06-01,2.1025083688172064
2024-06-02,2.0906476744131908
2024-06-03,2.085860684674172
2024-06-04,2.0892697993412463
2024-06-05,2.0803986072407405
2024-06-06,2.082708207388678
2024-06-07,2.077530381405478
2024-06-08,2.0771070178432125
2024-06-09,2.0765323471993797
2024-06-10,2.07357394127979
2024-06-11,2.0660958272982337
2024-06-12,2.0835953000543705
2024-06-13,2.0750656256962494
2024-06-14,2.080617087698914
2024-06-15,2.0800898004214963
2024-06-16,2.076966929350246
2024-06-17,2.0747069661889586
2024-06-18,2.092413371390088
2024-06-19,2.0913274360984655
2024-06-20,2.1125251214484164
2024-06-21,2.1110936001242826
2024-06-22,2.1070055922916637
2024-06-23,2.1053354633671955
2024-06-24,2.1082215797289767
2024-06-25,2.1440993204894596
2024-06-26,2.1277201288943832
2024-06-27,2.1406002056262494
2024-06-28,2.1376795037283185
2024-06-29,2.137081645697285
2024-06-30,2.136205790865771
2024-07-01,2.1536550115892847
2024-07-02,2.143414517113398
2024-07-03,2.146925123087655
2024-07-04,2.150543133968467
2024-07-05,2.1510454767941978
2024-07-06,2.1458631413789
2024-07-07,2.1437296488854214
2024-07-08,2.1429577319985356
2024-07-09,2.128109515718564
2024-07-10,2.1379955769812753
2024-07-11,2.141005042464373
2024-07-12,2.1423948434011644
2024-07-13,2.1292437180885284
2024-07-14,2.1313005968532917
2024-07-15,2.118168521489436
2024-07-16,2.119980733164655
2024-07-17,2.108833655414341
2024-07-18,2.1094319540541706
2024-07-19,2.1142065882744454
2024-07-20,2.1158721575205215
2024-07-21,2.1169632084720607
2024-07-22,2.1127668623830074
2024-07-23,2.115578498158923
2024-07-24,2.11039187145272
2024-07-25,2.1174738409766674
2024-07-26,2.1234328734993504
2024-07-27,2.122191584440542
2024-07-28,2.121801931963419
2024-07-29,2.121765200213166
2024-07-30,2.10918687701498
2024-07-31,2.135419678993977
2024-08-01,2.158956645543485
2024-08-02,2.1943312184772177
2024-08-03,2.2959693528723695
2024-08-04,2.298480373094952
2024-08-05,2.2996932150422715
2024-08-06,2.3166858174758285
2024-08-07,2.309151310092354
2024-08-08,2.308896628601509
2024-08-09,2.309845638357813
2024-08-10,2.3079716932831498
2024-08-11,2.3050130228318237
2024-08-12,2.3079094137773257
2024-08-13,2.308066569874067
2024-08-14,2.309706828945258
2024-08-15,2.3036648408231573
2024-08-16,2.30276027723852
2024-08-17,2.303058696209309
2024-08-18,2.30121024106081
2024-08-19,2.302263459971782
2024-08-20,2.307822460908549
2024-08-21,2.2977509625616044
2024-08-22,2.290562055726735
2024-08-23,2.2858969443550707
2024-08-24,2.283436804896679
2024-08-25,2.282777618262455
2024-08-26,2.2818055677878144
2024-08-27,2.2965728283762865
2024-08-28,2.2950176325775704
2024-08-29,2.2957628191064834
2024-08-30,2.2994523378815614
2024-08-31,2.2965548370854383
2024-09-01,2.3170255627891874
2024-09-02,2.3055564395571375
2024-09-03,2.3149688631518814
2024-09-04,2.331685346815723
2024-09-05,2.3379271489429834
2024-09-06,2.33686569760998
2024-09-07,2.3335621119305587
2024-09-08,2.334277208885537
2024-09-09,2.333644758783079
2024-09-10,2.3285147559599224
2024-09-11,2.3258597377863506
2024-09-12,2.340922827871803
2024-09-13,2.3432068655247873
2024-09-14,2.337715218508514
2024-09-15,2.358252303300002
2024-09-16,2.3632393505522717
2024-09-17,2.376408032026795
2024-09-18,2.380822618390945
2024-09-19,2.429803323849737
2024-09-20,2.431357852107733
2024-09-21,2.4108168222217037
2024-09-22,2.4104018300863252
2024-09-23,2.419001240458721
2024-09-24,2.427284170030279
2024-09-25,2.4263197793401594
2024-09-26,2.4332752356585097
2024-09-27,2.4350268024122137
2024-09-28,2.435451634602038
2024-09-29,2.4328790498316826
2024-09-30,2.4404688584991976
2024-10-01,2.4475769198709765
2024-10-02,2.443127537132182
2024-10-03,2.459057919867651
2024-10-04,2.45836405555214
2024-10-05,2.4553990449334737
2024-10-06,2.452004118908663
2024-10-07,2.4486408612769885
2024-10-08,2.444134552533998
2024-10-09,2.4461049655472875
2024-10-10,2.4419076981717542
2024-10-11,2.435674101489574
2024-10-12,2.4295351948999397
2024-10-13,2.4287216680956796
2024-10-14,2.4284856826269587
2024-10-15,2.417411593230651
2024-10-16,2.415931426149963
2024-10-17,2.4153757499662416
2024-10-18,2.4144068339556677
2024-10-19,2.4154207333031312
2024-10-20,2.4144874843262154
2024-10-21,2.4093472932167823
2024-10-22,2.411077690946031
2024-10-23,2.417817936216738
2024-10-24,2.4001673659755305
2024-10-25,2.390194296276582
2024-10-26,2.391102827486284
2024-10-27,2.393806098253897
2024-10-28,2.382921929650858
2024-10-29,2.37682043239334
2024-10-30,2.408309016771211
2024-10-31,2.3403487336637365
2024-11-01,2.3074831188377756
2024-11-02,2.3212934732491535
2024-11-03,2.3193809416125735
2024-11-04,2.330526464100849
2024-11-05,2.323038047959699
2024-11-06,2.330357839849605
2024-11-07,2.350629024803419
2024-11-08,2.3450175924013705
2024-11-09,2.3465006652726146
2024-11-10,2.3436129806858887
2024-11-11,2.341594665807695
2024-11-12,2.3354316573465024
2024-11-13,2.341333071511146
2024-11-14,2.3320244943140915
2024-11-15,2.374392706469137
2024-11-16,2.3746757751065086
2024-11-17,2.3754238947769104
2024-11-18,2.372171274801155
2024-11-19,2.38697532662789
2024-11-20,2.400752003426013
2024-11-21,2.3892920733006284
2024-11-22,2.387598487291003
2024-11-23,2.386058248192565
2024-11-24,2.384308152881068
2024-11-25,2.3868693169010657
2024-11-26,2.39113825135065
2024-11-27,2.3878132442909976
2024-11-28,2.3874477926773143
2024-11-29,2.3838501875959626
2024-11-30,2.383299475100968
2024-12-01,2.396226224018692
2024-12-02,2.3906041851707505
2024-12-03,2.387464978203097
2024-12-04,2.392864118235833
2024-12-05,2.385457778332089
2024-12-06,2.387496239209738
2024-12-07,2.3889634395101473
2024-12-08,2.3867593435711525
2024-12-09,2.3874559076935116
2024-12-10,2.385949657684713
2024-12-11,2.3968140678204013
2024-12-12,2.4355706053857062
2024-12-13,2.4257225063852705
2024-12-14,2.42317649109705
2024-12-15,2.459570669748712
2024-12-16,2.4647078638134023
2024-12-17,2.4945820207149363
2024-12-18,2.4814464428041125
2024-12-19,2.525276319668495
2024-12-20,2.5109752529719813
2024-12-21,2.503602190183889
2024-12-22,2.5022592012131524
2024-12-23,2.4927394666332763
2024-12-24,2.485468780038274
2024-12-25,2.4810740717794673
2024-12-26,2.4819191173472333
2024-12-27,2.47707473288115
2024-12-28,2.478515003018437
2024-12-29,2.4798109811272995
2024-12-30,2.4789156541794695
2024-12-31,2.4741794806667077
2025-01-01,2.484260122510625
2025-01-02,2.4684880757721257
2025-01-03,2.4679993687124133
2025-01-04,2.46768100083124
2025-01-05,2.4673385450835243
2025-01-06,2.4670064893485515
2025-01-07,2.4628036987199327
2025-01-08,2.463621169775205
2025-01-09,2.460823124329346
2025-01-10,2.4563990845710544
2025-01-11,2.45514087445724
2025-01-12,2.454344397955461
2025-01-13,2.453085507036837
2025-01-14,2.4522155689851277
2025-01-15,2.4879646956827948
2025-01-16,2.486586552489884
2025-01-17,2.4735810755045136
2025-01-18,2.473139544416701
2025-01-19,2.472539501718982
2025-01-20,2.470695160594609
2025-01-21,2.4676088112622683
2025-01-22,2.5320574724813625
2025-01-23,2.5273544641584964
2025-01-24,2.5386250590284942
2025-01-25,2.538787821707591
2025-01-26,2.538488100072094
2025-01-27,2.5458605041023143
2025-01-28,2.5337660795361265
2025-01-29,2.5613554001521344
2025-01-30,2.6380287485501444
2025-01-31,2.6152361574614575
2025-02-01,2.6229017142997755
2025-02-02,2.6176616754075295
2025-02-03,2.6144911469409604
2025-02-04,2.5764142449607093
2025-02-05,2.6244793960696446
2025-02-06,2.6324622895432848
2025-02-07,2.6283867325022605
2025-02-08,2.63063774238591
2025-02-09,2.6301411182863967
2025-02-10,2.624407115112715
2025-02-11,2.5928933342762774
2025-02-12,2.6037727824378134
2025-02-13,2.5840371590251783
2025-02-14,2.583991537471073
2025-02-15,2.6322134263972563
2025-02-16,2.6316799036041862
2025-02-17,2.629217944603802
2025-02-18,2.6140877799244517
2025-02-19,2.60376192312423
2025-02-20,2.593114702856783
2025-02-21,2.595469299255418
2025-02-22,2.502639631792216
2025-02-23,2.501209795171754
2025-02-24,2.502052324506029
2025-02-25,2.491357165588395
2025-02-26,2.4926048005947807
2025-02-27,2.451477939753743
2025-02-28,2.450630621093534
2025-03-01,2.455043937712129
2025-03-02,2.4520034305438614
2025-03-03,2.450293303808345
2025-03-04,2.470365571497396
2025-03-05,2.470375655984057
2025-03-06,2.4510596548576684
2025-03-07,2.4463677323949575
2025-03-08,2.44477366578047
2025-03-09,2.4457141657972605
2025-03-10,2.445214438491314
2025-03-11,2.4605476242684645
2025-03-12,2.4607827659103
2025-03-13,2.4465837933857464
2025-03-14,2.4285337592191403
2025-03-15,2.4544647977180354
2025-03-16,2.4549718850430264
2025-03-17,2.4532060912805913
2025-03-18,2.4482429942805077
2025-03-19,2.447791073623243
2025-03-20,2.4273843262704298
2025-03-21,2.4343781503978628
2025-03-22,2.4345523246560252
2025-03-23,2.4324028855376207
2025-03-24,2.4298674876302995
2025-03-25,2.419633393958005
2025-03-26,2.420497466766485
2025-03-27,2.4208778869263217
2025-03-28,2.4275710296992044
2025-03-29,2.4254193145911365
2025-03-30,2.423136969330509
2025-03-31,2.4221535241681984
2025-04-01,2.431081502495443
2025-04-02,2.4319064268204373
2025-04-03,2.441977822617244
2025-04-04,2.440693641148848
2025-04-05,2.438049304633889
2025-04-06,2.43874608882855
2025-04-07,2.437882705980325
2025-04-08,2.433280568143458
2025-04-09,2.4315740457234436
2025-04-10,2.4312008223721504
2025-04-11,2.4304218434614993
2025-04-12,2.430297341324616
2025-04-13,2.4293322680785736
2025-04-14,2.4288001470679306
2025-04-15,2.4682362541309386
2025-04-16,2.43583274680593
2025-04-17,2.43317140607566
2025-04-18,2.4317469905548053
2025-04-19,2.4308914941882023
2025-04-20,2.4300797366462943
2025-04-21,2.4284752781272703
2025-04-22,2.421197164854018
2025-04-23,2.3999451348476977
2025-04-24,2.4433141000257237
2025-04-25,2.4396278223334393
2025-04-26,2.4392435668015526
2025-04-27,2.438486990141765
2025-04-28,2.4333560661447797
2025-04-29,2.4793661941690828
2025-04-30,2.4887376058633923
2025-05-01,2.433913176362669
2025-05-02,2.456412592024092
2025-05-03,2.4432706768113333
2025-05-04,2.445515727060758
2025-05-05,2.444703915096352
2025-05-06,2.443708225156601
2025-05-07,2.4355410330417424
2025-05-08,2.4490232279635036
2025-05-09,2.4501575363174934
2025-05-10,2.4489077004258077
2025-05-11,2.448912905251793
2025-05-12,2.451876999688511
2025-05-13,2.455133665718915
2025-05-14,2.4471013968822923
2025-05-15,2.4570584360593255
2025-05-16,2.456374188605753
2025-05-17,2.457217144118176
2025-05-18,2.456803981369567
2025-05-19,2.4555131123512055
2025-05-20,2.456756125160861
2025-05-21,2.4573300821466546
2025-05-22,2.4666307270582815
2025-05-23,2.467849197772326
2025-05-24,2.4676398441134193
2025-05-25,2.4666866776214995
2025-05-26,2.4699626131031978
2025-05-27,2.468980972781356
2025-05-28,2.454025069461564
2025-05-29,2.452236188461824
2025-05-30,2.444225689670873
2025-05-31,2.442393305916941
2025-06-01,2.4463663403229967
2025-06-02,2.442122597829447
2025-06-03,2.444091624738525
2025-06-04,2.447268794550084
2025-06-05,2.4444605294842594
2025-06-06,2.4421843228360505
2025-06-07,2.4421636163099847
2025-06-08,2.4415836410400287
2025-06-09,2.4383891525199632
2025-06-10,2.44176014886066
2025-06-11,2.427382212004251
2025-06-12,2.42854498328642
2025-06-13,2.4297551869848832
2025-06-14,2.4297043420514814
2025-06-15,2.434784468310285
2025-06-16,2.4344237005582063
2025-06-17,2.3925043517747633
2025-06-18,2.404983334443808
2025-06-19,2.431738637415595
2025-06-20,2.469720363367274
2025-06-21,2.4647211877618487
2025-06-22,2.466115275100837
2025-06-23,2.475051644177115
2025-06-24,2.481615336324548
2025-06-25,2.4576853505761456
2025-06-26,2.46014135150383
2025-06-27,2.4653531435031817
2025-06-28,2.461036511560017
2025-06-29,2.4602144844015
2025-06-30,2.4636089189703387
2025-07-01,2.458634637953992
2025-07-02,2.4575096784263635
2025-07-03,2.452761738148163
2025-07-04,2.452348982840788
2025-07-05,2.450463574157421
2025-07-06,2.450283454158096
2025-07-07,2.450765384366868
2025-07-08,2.4422007004997304
2025-07-09,2.442719171685624
2025-07-10,2.4582567578461125
2025-07-11,2.456389502351926
2025-07-12,2.4509631562998884
2025-07-13,2.449935663661143
2025-07-14,2.444215553792344
2025-07-15,2.4639999829086685
2025-07-16,2.429506340752634
2025-07-17,2.437734705998529
2025-07-18,2.437111231140809
2025-07-19,2.435731936576165
2025-07-20,2.435173382526178
2025-07-21,2.4374053749979057
2025-07-22,2.468684191705847
2025-07-23,2.480090387416093
2025-07-24,2.481234230637675
2025-07-25,2.483053468336006
2025-07-26,2.4821141650324905
2025-07-27,2.483437899322881
2025-07-28,2.482527246316362
2025-07-29,2.493492936993898
2025-07-30,2.5277603713885703
2025-07-31,2.610266219660985
2025-08-01,2.594122472278707
2025-08-02,2.5940555047523626
2025-08-03,2.592741404451017
2025-08-04,2.5999026702999486
2025-08-05,2.636642682530178
2025-08-06,2.662603005562864
2025-08-07,2.7010491607780525
2025-08-08,2.689585952256538
2025-08-09,2.687902122043345
2025-08-10,2.688703857220335
2025-08-11,2.6918482703245994
2025-08-12,2.697354583755681
2025-08-13,2.6947750406657325
2025-08-14,2.706221361518481
2025-08-15,2.7228018929452587
2025-08-16,2.721928582884795
2025-08-17,2.7205253190595107
2025-08-18,2.7160592388857716
2025-08-19,2.7210578424580443
2025-08-20,2.726333626784931
2025-08-21,2.736255548309982
2025-08-22,2.7357073432360233
2025-08-23,2.7344043389214026
2025-08-24,2.734392516695643
2025-08-25,2.7395808069120053
2025-08-26,2.7399846296547574
2025-08-27,2.7809675463795576
2025-08-28,2.791855659911413
2025-08-29,2.790778682382245
2025-08-30,2.789519588873637
2025-08-31,2.788728761434654
2025-09-01,2.79193081480405
2025-09-02,2.79670230915589
2025-09-03,2.800324065290575
2025-09-04,2.800426676474511
2025-09-05,2.796850932962216
2025-09-06,2.7966104409311754
2025-09-07,2.796291605781576
2025-09-08,2.7965727072281266
2025-09-09,2.790063534125646
2025-09-10,2.7972255550458542
2025-09-11,2.79707104850705
2025-09-12,2.7889244276841527
2025-09-13,2.788044477364004
2025-09-14,2.789705741195877
2025-09-15,2.8270785622313195
2025-09-16,2.834316088018852
2025-09-17,2.858981943080385
2025-09-18,2.856479978860332
2025-09-19,2.863431350855819
2025-09-20,2.86680145089397
2025-09-21,2.8652825527757004
2025-09-22,2.8725010995107256
2025-09-23,2.8907055053266912
2025-09-24,2.893424611142695
2025-09-25,2.8984256121736465
2025-09-26,2.8967149611336227
2025-09-27,2.8911641918485
2025-09-28,2.887711866880437
2025-09-29,2.8919862795222437
2025-09-30,2.900770766293372
2025-10-01,2.89769513334484
2025-10-02,2.9050499405119226
2025-10-03,2.903407924321907
2025-10-04,2.900987816605972
2025-10-05,2.899669771805838
2025-10-06,2.9023451232121733
2025-10-07,2.9004055741638664
2025-10-08,2.907707745566588
2025-10-09,2.921110686944673
2025-10-10,2.919769410685105
2025-10-11,2.917067200320098
2025-10-12,2.916104515684117
2025-10-13,2.9124209281789017
2025-10-14,2.914963505074636
2025-10-15,2.939549212001474
2025-10-16,2.9447457050891157
2025-10-17,2.939509915965891
2025-10-18,2.9390480606888967
2025-10-19,2.9387966032184867
2025-10-20,2.939318821183516
2025-10-21,2.932273948553945
2025-10-22,2.9510930429374533
2025-10-23,2.9915284755795084
2025-10-24,2.993104098636934
2025-10-25,2.9930790889067964
2025-10-26,2.991038126911643
2025-10-27,2.994544161163594
2025-10-28,3.009992371507604
2025-10-29,2.9599200988670784
2025-10-30,3.0080469920238384
2025-10-31,3.0255208506774527
2025-11-01,3.1431211491550113
2025-11-02,3.1420921257121397
2025-11-03,3.1324092678849738
2025-11-04,3.1820641706343578
2025-11-05,3.2003182110905724
2025-11-06,3.2102469081805847
2025-11-07,3.2134721187152393
2025-11-08,3.213317590525909
2025-11-09,3.2109025991407347
2025-11-10,3.211639493378798
2025-11-11,3.2146124490729755
2025-11-12,3.2145366872065995
2025-11-13,3.2016682171399924
2025-11-14,3.2019221073373187
2025-11-15,3.1996247920292444
2025-11-16,3.1991214554905554
2025-11-17,3.197988111062703
2025-11-18,3.198136525172949
2025-11-19,3.228481329610291
2025-11-20,3.2198871443766106
2025-11-21,3.2181987524024867
2025-11-22,3.220482502865511
2025-11-23,3.219808558302688
2025-11-24,3.221404763816907
2025-11-25,3.22065679124955
2025-11-26,3.2206300107377013
2025-11-27,3.2190644972826643
2025-11-28,3.220426969357703
2025-11-29,3.2201541441112593
2025-11-30,3.2172121324431204
2025-12-01,3.2216181771725214
2025-12-02,3.2269196630999093
2025-12-03,3.225094769758225
2025-12-04,3.21738333261479
2025-12-05,3.217517684608185
2025-12-06,3.215123447766967
2025-12-07,3.2149801799760764
2025-12-08,3.2164525224015015
2025-12-09,3.2222144154780623
2025-12-10,3.234768556718769
2025-12-11,3.2357696465295707
2025-12-12,3.2282004690799404
2025-12-13,3.2297540735129866
2025-12-14,3.231202279118129
2025-12-15,3.234051056678895
2025-12-16,3.2309092445106766
2025-12-17,3.228249555949898
2025-12-18,3.2502875851613817
2025-12-19,3.2156420758707673
2025-12-20,3.207934690510499
2025-12-21,3.2089690500817953
2025-12-22,3.2135849129600844
2025-12-23,3.208921618226176
2025-12-24,3.2034260761123656
2025-12-25,3.224228908193558
2025-12-26,3.2190887688342773
2025-12-27,3.219538575275733
2025-12-28,3.218871993358529
2025-12-29,3.2206857257185244
2025-12-30,3.216151045991922
2025-12-31,3.2114165695731582
2026-01-01,3.2250567723910506
2026-01-02,3.2221668989722625
2026-01-03,3.2208676294583425
2026-01-04,3.2190502895582287
2026-01-05,3.2189684624124566
2026-01-06,3.2166956020680075
2026-01-07,3.2199984989300825
2026-01-08,3.217763621127966
2026-01-09,3.2150857472751464
2026-01-10,3.215649114039709
2026-01-11,3.2156621848061677
2026-01-12,3.2153299794884167
2026-01-13,3.20420358696461
2026-01-14,3.202386198506689
2026-01-15,3.22923101178942
2026-01-16,3.228883578273478
2026-01-17,3.2278058318889853
2026-01-18,3.2299380970130995
2026-01-19,3.2282905645329305
2026-01-20,3.2270413024542672
2026-01-21,3.2226055635115705
2026-01-22,3.207730285544227
2026-01-23,3.2084163451941445
2026-01-24,3.2044686956880843
2026-01-25,3.203014075907757
2026-01-26,3.2057851364357157
2026-01-27,3.216324685323466
2026-01-28,3.348353700780563
2026-01-29,3.3879693813383733
2026-01-30,3.336644444640821
2026-01-31,3.3456934608352316
2026-02-01,3.3532398472610874
2026-02-02,3.3626525191404357
2026-02-03,3.342163202968261
2026-02-04,3.3318222124822507
2026-02-05,3.3159096578974223
2026-02-06,3.3091638972750355
2026-02-07,3.3132879865711207
2026-02-08,3.3119034885049574
2026-02-09,3.3027528152188736
2026-02-10,3.293138414940288
2026-02-11,3.292791872440418
2026-02-12,3.2777944500008394
2026-02-13,3.27936816601406
2026-02-14,3.2798549618532835
2026-02-15,3.2942799241970326
2026-02-16,3.2900832098197257
2026-02-17,3.2994131701659466
2026-02-18,3.326214821485568
2026-02-19,3.3190555925313605
2026-02-20,3.315570585365983
2026-02-21,3.315787776532393
2026-02-22,3.3196727874133027
2026-02-23,3.2915197563052465
2026-02-24,3.282630441017588
2026-02-25,3.3430929241779035
2026-02-26,3.3738736107787544
2026-02-27,3.3770949953148635
2026-02-28,3.3536196939084593
2026-03-01,3.361793298621912
2026-03-02,3.3589419865831505
2026-03-03,3.3719379899369173
2026-03-04,3.375054349086521
2026-03-05,3.378387337020014
2026-03-06,3.3425705105415835
2026-03-07,3.342251357514076
2026-03-08,3.341739869346498
2026-03-09,3.3422645190438467
2026-03-10,3.3576121114733923
2026-03-11,3.366168490558769
2026-03-12,3.367986340671223
2026-03-13,3.364996516091805
2026-03-14,3.3653604067276506
2026-03-15,3.386590948968601
2026-03-16,3.392660965199819
2026-03-17,3.3930835421134757
2026-03-18,3.451772697656024
2026-03-19,3.462525731019127
2026-03-20,3.4757838024732495
2026-03-21,3.4651909067715554
2026-03-22,3.465226385110835
2026-03-23,3.455361105247223
2026-03-24,3.4560541114537706
2026-03-25,3.4514174473171826
2026-03-26,3.448661935078383
2026-03-27,3.4558095436176175
2026-03-28,3.454918801309955
2026-03-29,3.456359966255867
2026-03-30,3.460903041520993
2026-03-31,3.4737105260780585
2026-04-01,3.474450220851567
2026-04-02,3.478804133899305
2026-04-03,3.475543712776101
2026-04-04,3.4731031816922417
2026-04-05,3.473751574124332
2026-04-06,3.4716990123931164
2026-04-07,3.4679483937037583
2026-04-08,3.4675336707795035
2026-04-09,3.4722137025010205
2026-04-10,3.471466942187054
2026-04-11,3.4707663133631947
2026-04-12,3.4708241263148856
2026-04-13,3.4698868230471045
2026-04-14,3.4474127948582836
2026-04-15,3.5293962361304927
2026-04-16,3.5542960502280323
2026-04-17,3.551670349241488
2026-04-18,3.5508759409387096
2026-04-19,3.549414501688178
2026-04-20,3.551712246542031
2026-04-21,3.5516692686936593
2026-04-22,3.551830400613684
2026-04-23,3.5991655515287633
2026-04-24,3.592637664932401
2026-04-25,3.591855776544727
2026-04-26,3.5922434755199624
2026-04-27,3.6098770579855297
2026-04-28,3.644809824786368
2026-04-29,3.853780022264806
2026-04-30,3.8795586415425887
2026-05-01,3.848590662214557
2026-05-02,3.8458609846296303
2026-05-03,3.843711562215774
2026-05-04,3.833246715914709
2026-05-05,3.8674173694586584
2026-05-06,3.903845447818244
2026-05-07,3.922595757066798
2026-05-08,3.936637377274911
2026-05-09,3.936211873033703
2026-05-10,3.934688466038332
2026-05-11,3.948475829970053
2026-05-12,3.9603239474744742
2026-05-13,3.971709336602942
2026-05-14,3.9730955907806305
2026-05-15,4.057692938768835
2026-05-16,4.057095611530416
2026-05-17,4.053583850624003
2026-05-18,4.0503817212384225
2026-05-19,4.056957188680157
2026-05-20,4.182224432449725
2026-05-21,4.182010688179254
2026-05-22,4.183670312786207
2026-05-23,4.183756177215599
2026-05-24,4.182284497056071
2026-05-25,4.17975182117897
2026-05-26,4.182155040173191
2026-05-27,4.175163058404592
2026-05-28,4.193345563136994
2026-05-29,4.190993905696224
2026-05-30,4.188087595300473
2026-05-31,4.188446253197662
2026-06-01,4.192278242267781
2026-06-02,4.1931216087136445
2026-06-03,4.2082724224016035
2026-06-04,4.203857552637939
2026-06-05,4.202922673155909
2026-06-06,4.203007093003724
2026-06-07,4.201616213275151
2026-06-08,4.202810142333909
2026-06-09,4.205459175324709
2026-06-10,4.182817713199488
2026-06-11,4.183589734502335
2026-06-12,4.170795377269668
2026-06-13,4.170532955493826
2026-06-14,4.169415687499715
2026-06-15,4.235009225778595
2026-06-16,4.233213378054678
2026-06-17,4.229135243250328
2026-06-18,4.217520011782437
2026-06-19,4.22920701544836
2026-06-20,4.229024429565556
2026-06-21,4.226632755775316
2026-06-22,4.228960312354801
2026-06-23,4.268729913480588
2026-06-24,4.296811449618833
2026-06-25,4.28950623547839
2026-06-26,4.289101101679732
2026-06-27,4.290110357019908
2026-06-28,4.284928947010245
2026-06-29,4.284575739755455
2026-06-30,4.298742408875877
2026-07-01,4.28980855476623
2026-07-02,4.298216425132104
2026-07-03,4.300447490748009
2026-07-04,4.301212211897396
2026-07-05,4.298115227745004
2026-07-06,4.296311344568104
2026-07-07,4.287423980217849
2026-07-08,4.281208986612955
2026-07-09,4.283735918667116
2026-07-10,4.283702930433346
2026-07-11,4.283217075615569
2026-07-12,4.281437797205953
2026-07-13,4.287460363352233
2026-07-14,4.287279358433141
2026-07-15,4.194578599227791
2026-07-16,4.196112920796208
2026-07-17,4.197495842658123
2026-07-18,4.194249882795589
2026-07-19,4.192653819890616
2026-07-20,4.195566977116191
2026-07-21,4.16922065444045
2026-07-22,4.446037232234461
2026-07-23,4.458660433125861
2026-07-24,4.458244638464235
2026-07-25,4.457358025646347
2026-07-26,4.452903017190319
2026-07-27,4.454792854602635
2026-07-28,4.462488615823286
2026-07-29,4.390656999642282
2026-07-30,4.644329619449928
2026-07-31,4.854166044065325
2026-08-01,4.882904158209194
2026-08-02,4.892474361532125
2026-08-03,4.961436019425059
2026-08-04,5.078999887024488
2026-08-05,5.206830409561929
2026-08-06,5.243638852576907
2026-08-07,5.253191937266355
2026-08-08,5.318856348584086
2026-08-09,5.317287596178465
2026-08-10,5.317627651416089
2026-08-11,5.320850570803836
2026-08-12,5.3129618499940765
2026-08-13,5.315690430011633
2026-08-14,5.311518690480763
2026-08-15,5.290556008686936
2026-08-16,5.286123498760393
2026-08-17,5.277092928971813
2026-08-18,5.279511840960366
2026-08-19,5.283178818498688
2026-08-20,5.276702302831852
2026-08-21,5.275536085397356
2026-08-22,5.272802655192429
2026-08-23,5.2702748594972935
2026-08-24,5.2645269712034075
2026-08-25,5.257399237021193
2026-08-26,5.2877157877741645
2026-08-27,5.28733312740213
2026-08-28,5.28177533103307
2026-08-29,5.280101993814789
2026-08-30,5.276910906727224
2026-08-31,5.271921782511713
2026-09-01,5.235940877483165
2026-09-02,5.294328257098414
2026-09-03,5.285680964116397
2026-09-04,5.290211613213129
2026-09-05,5.286808170421962
2026-09-06,5.283352922052797
2026-09-07,5.27678235379308
2026-09-08,5.281904523215921
2026-09-09,5.289637516421497
2026-09-10,5.234969278991792
2026-09-11,5.246315127346023
