date,rnoa_ratio
1975-01-01,0.121317394
1975-01-02,0.1214344
1975-01-03,0.1213881
1975-01-04,0.1213881
1975-01-05,0.1213881
1975-01-06,0.12136508
1975-01-07,0.12136508
1975-01-08,0.12140386
1975-01-09,0.1216185
1975-01-10,0.1216185
1975-01-11,0.1216185
1975-01-12,0.1216185
1975-01-13,0.1216185
1975-01-14,0.12173232
1975-01-15,0.122312374
1975-01-16,0.122213736
1975-01-17,0.12212364
1975-01-18,0.12212364
1975-01-19,0.12212364
1975-01-20,0.1221445
1975-01-21,0.12205777
1975-01-22,0.12214448
1975-01-23,0.12320987
1975-01-24,0.12288658
1975-01-25,0.12288658
1975-01-26,0.12288658
1975-01-27,0.12311389
1975-01-28,0.12357368
1975-01-29,0.12341435
1975-01-30,0.12304379
1975-01-31,0.122750916
1975-02-01,0.12275496
1975-02-02,0.12275496
1975-02-03,0.12247865
1975-02-04,0.12279736
1975-02-05,0.12283591
1975-02-06,0.12296861
1975-02-07,0.12309831
1975-02-08,0.1230974
1975-02-09,0.1230974
1975-02-10,0.12266295
1975-02-11,0.12270597
1975-02-12,0.1230738
1975-02-13,0.12313635
1975-02-14,0.123199545
1975-02-15,0.123199545
1975-02-16,0.123199545
1975-02-17,0.123196684
1975-02-18,0.12380104
1975-02-19,0.12365136
1975-02-20,0.123552255
1975-02-21,0.123850875
1975-02-22,0.123841844
1975-02-23,0.12384162
1975-02-24,0.12367094
1975-02-25,0.12354123
1975-02-26,0.12346193
1975-02-27,0.12336011
1975-02-28,0.12320198
1975-03-01,0.12320198
1975-03-02,0.123211645
1975-03-03,0.123259746
1975-03-04,0.12296136
1975-03-05,0.12284752
1975-03-06,0.12286502
1975-03-07,0.122864015
1975-03-08,0.122869775
1975-03-09,0.122869775
1975-03-10,0.12301357
1975-03-11,0.122780874
1975-03-12,0.12281913
1975-03-13,0.12069337
1975-03-14,0.120691076
1975-03-15,0.120691076
1975-03-16,0.120691076
1975-03-17,0.12059098
1975-03-18,0.12053888
1975-03-19,0.1205298
1975-03-20,0.12051821
1975-03-21,0.12048888
1975-03-22,0.12048888
1975-03-23,0.12048888
1975-03-24,0.12049014
1975-03-25,0.12047151
1975-03-26,0.12005956
1975-03-27,0.120082326
1975-03-28,0.12008359
1975-03-29,0.12008359
1975-03-30,0.12008321
1975-03-31,0.119952716
1975-04-01,0.11987426
1975-04-02,0.119869746
1975-04-03,0.119798295
1975-04-04,0.119763315
1975-04-05,0.11976185
1975-04-06,0.11976185
1975-04-07,0.119727656
1975-04-08,0.119715154
1975-04-09,0.11947319
1975-04-10,0.119075224
1975-04-11,0.11909315
1975-04-12,0.119040936
1975-04-13,0.1190378
1975-04-14,0.11902002
1975-04-15,0.118628696
1975-04-16,0.11797279
1975-04-17,0.11709639
1975-04-18,0.11593927
1975-04-19,0.11593927
1975-04-20,0.11593927
1975-04-21,0.11519639
1975-04-22,0.11432209
1975-04-23,0.11369299
1975-04-24,0.11235069
1975-04-25,0.111962736
1975-04-26,0.111961156
1975-04-27,0.11195872
1975-04-28,0.111503586
1975-04-29,0.11111054
1975-04-30,0.11097626
1975-05-01,0.110573106
1975-05-02,0.11027829
1975-05-03,0.1102903
1975-05-04,0.110256076
1975-05-05,0.11023813
1975-05-06,0.1101852
1975-05-07,0.11023313
1975-05-08,0.1101649
1975-05-09,0.110145316
1975-05-10,0.110145316
1975-05-11,0.110144466
1975-05-12,0.11038768
1975-05-13,0.11034608
1975-05-14,0.110286996
1975-05-15,0.11029357
1975-05-16,0.11018162
1975-05-17,0.1101812
1975-05-18,0.11019114
1975-05-19,0.110149585
1975-05-20,0.11015557
1975-05-21,0.10863325
1975-05-22,0.10853947
1975-05-23,0.108492926
1975-05-24,0.10849564
1975-05-25,0.10849564
1975-05-26,0.10849564
1975-05-27,0.10816771
1975-05-28,0.1081658
1975-05-29,0.10791656
1975-05-30,0.10788393
1975-05-31,0.10788566
1975-06-01,0.10788566
1975-06-02,0.107834294
1975-06-03,0.10780759
1975-06-04,0.10774352
1975-06-05,0.107722916
1975-06-06,0.107717186
1975-06-07,0.107717186
1975-06-08,0.107717186
1975-06-09,0.10771974
1975-06-10,0.10771974
1975-06-11,0.10772182
1975-06-12,0.107714646
1975-06-13,0.107720785
1975-06-14,0.107720785
1975-06-15,0.107720785
1975-06-16,0.10772729
1975-06-17,0.10772128
1975-06-18,0.10766762
1975-06-19,0.107649766
1975-06-20,0.10757827
1975-06-21,0.10757827
1975-06-22,0.10757827
1975-06-23,0.10757242
1975-06-24,0.10756885
1975-06-25,0.107551135
1975-06-26,0.10759639
1975-06-27,0.1076516
1975-06-28,0.1076516
1975-06-29,0.1076516
1975-06-30,0.107633606
1975-07-01,0.1075944
1975-07-02,0.10759621
1975-07-03,0.10760922
1975-07-04,0.10760922
1975-07-05,0.10758214
1975-07-06,0.10759311
1975-07-07,0.10759347
1975-07-08,0.107587054
1975-07-09,0.107587054
1975-07-10,0.10758569
1975-07-11,0.10733716
1975-07-12,0.10733716
1975-07-13,0.10733716
1975-07-14,0.1074452
1975-07-15,0.10741724
1975-07-16,0.10725139
1975-07-17,0.10707764
1975-07-18,0.10704191
1975-07-19,0.10704191
1975-07-20,0.10704191
1975-07-21,0.106678225
1975-07-22,0.10639401
1975-07-23,0.10660459
1975-07-24,0.10679397
1975-07-25,0.106829025
1975-07-26,0.10679503
1975-07-27,0.10679503
1975-07-28,0.106167234
1975-07-29,0.10597819
1975-07-30,0.105822474
1975-07-31,0.105769575
1975-08-01,0.105812386
1975-08-02,0.10581498
1975-08-03,0.10581498
1975-08-04,0.10581617
1975-08-05,0.105810024
1975-08-06,0.105674244
1975-08-07,0.105686575
1975-08-08,0.105861
1975-08-09,0.105861
1975-08-10,0.105861
1975-08-11,0.1058307
1975-08-12,0.10589721
1975-08-13,0.105882004
1975-08-14,0.105833925
1975-08-15,0.10582965
1975-08-16,0.10582965
1975-08-17,0.10582949
1975-08-18,0.10581424
1975-08-19,0.10583619
1975-08-20,0.10582992
1975-08-21,0.10541323
1975-08-22,0.105294526
1975-08-23,0.10529805
1975-08-24,0.10529984
1975-08-25,0.10522249
1975-08-26,0.10521183
1975-08-27,0.10525498
1975-08-28,0.10523419
1975-08-29,0.10513861
1975-08-30,0.10513587
1975-08-31,0.10513587
1975-09-01,0.10513587
1975-09-02,0.10512052
1975-09-03,0.10523002
1975-09-04,0.10520416
1975-09-05,0.105204694
1975-09-06,0.105204694
1975-09-07,0.105204694
1975-09-08,0.10519522
1975-09-09,0.10516894
1975-09-10,0.105165035
1975-09-11,0.10517133
1975-09-12,0.1051369
1975-09-13,0.1051369
1975-09-14,0.1051369
1975-09-15,0.105122015
1975-09-16,0.105125785
1975-09-17,0.10511428
1975-09-18,0.105088495
1975-09-19,0.105054
1975-09-20,0.105054
1975-09-21,0.105054
1975-09-22,0.10504481
1975-09-23,0.10500779
1975-09-24,0.10476939
1975-09-25,0.10472704
1975-09-26,0.10471545
1975-09-27,0.10471545
1975-09-28,0.10471545
1975-09-29,0.10474869
1975-09-30,0.10471929
1975-10-01,0.10473931
1975-10-02,0.104738005
1975-10-03,0.10475076
1975-10-04,0.10472925
1975-10-05,0.10472925
1975-10-06,0.1047101
1975-10-07,0.1047046
1975-10-08,0.10470969
1975-10-09,0.104655415
1975-10-10,0.10467037
1975-10-11,0.104673035
1975-10-12,0.104673035
1975-10-13,0.104679555
1975-10-14,0.104608096
1975-10-15,0.104555696
1975-10-16,0.10461699
1975-10-17,0.10447656
1975-10-18,0.10447656
1975-10-19,0.10447656
1975-10-20,0.10397552
1975-10-21,0.10382655
1975-10-22,0.103670955
1975-10-23,0.10239259
1975-10-24,0.10234139
1975-10-25,0.10234123
1975-10-26,0.10233535
1975-10-27,0.10236385
1975-10-28,0.10230473
1975-10-29,0.10237237
1975-10-30,0.10225768
1975-10-31,0.10215517
1975-11-01,0.10215342
1975-11-02,0.10215342
1975-11-03,0.10219127
1975-11-04,0.10225372
1975-11-05,0.102216445
1975-11-06,0.10222652
1975-11-07,0.102234356
1975-11-08,0.102235295
1975-11-09,0.10223463
1975-11-10,0.1022322
1975-11-11,0.1021352
1975-11-12,0.10215855
1975-11-13,0.10219354
1975-11-14,0.10212528
1975-11-15,0.102121264
1975-11-16,0.10211992
1975-11-17,0.10217162
1975-11-18,0.102163196
1975-11-19,0.102087535
1975-11-20,0.10204565
1975-11-21,0.10202423
1975-11-22,0.10202298
1975-11-23,0.10202547
1975-11-24,0.10202267
1975-11-25,0.10204224
1975-11-26,0.10200811
1975-11-27,0.10200811
1975-11-28,0.10201087
1975-11-29,0.102012075
1975-11-30,0.102012075
1975-12-01,0.101982236
1975-12-02,0.10205902
1975-12-03,0.10206333
1975-12-04,0.10206061
1975-12-05,0.102059744
1975-12-06,0.102059744
1975-12-07,0.102059744
1975-12-08,0.10187548
1975-12-09,0.10184244
1975-12-10,0.102037326
1975-12-11,0.10197744
1975-12-12,0.10196915
1975-12-13,0.101968855
1975-12-14,0.10197364
1975-12-15,0.101913564
1975-12-16,0.10201908
1975-12-17,0.102054
1975-12-18,0.102054335
1975-12-19,0.10203126
1975-12-20,0.102121234
1975-12-21,0.10213021
1975-12-22,0.1021289
1975-12-23,0.10221692
1975-12-24,0.10220588
1975-12-25,0.10220588
1975-12-26,0.10220299
1975-12-27,0.102202766
1975-12-28,0.102202766
1975-12-29,0.10219552
1975-12-30,0.10219739
1975-12-31,0.10218763
1976-01-01,0.10218763
1976-01-02,0.10218763
1976-01-03,0.10218702
1976-01-04,0.10218702
1976-01-05,0.102050304
1976-01-06,0.10204549
1976-01-07,0.10198632
1976-01-08,0.10194928
1976-01-09,0.101926446
1976-01-10,0.101926446
1976-01-11,0.101925515
1976-01-12,0.10194618
1976-01-13,0.10194983
1976-01-14,0.10183728
1976-01-15,0.10168792
1976-01-16,0.10129126
1976-01-17,0.101291865
1976-01-18,0.101291865
1976-01-19,0.10131068
1976-01-20,0.10094934
1976-01-21,0.10044201
1976-01-22,0.09890032
1976-01-23,0.09876352
1976-01-24,0.09875748
1976-01-25,0.09875773
1976-01-26,0.098175585
1976-01-27,0.09772824
1976-01-28,0.09689804
1976-01-29,0.09685527
1976-01-30,0.096536726
1976-01-31,0.096536726
1976-02-01,0.09651008
1976-02-02,0.09634441
1976-02-03,0.09618236
1976-02-04,0.09618746
1976-02-05,0.09598634
1976-02-06,0.0960916
1976-02-07,0.09605198
1976-02-08,0.09619035
1976-02-09,0.09630076
1976-02-10,0.09634607
1976-02-11,0.09505128
1976-02-12,0.094649956
1976-02-13,0.09288899
1976-02-14,0.09288848
1976-02-15,0.09289246
1976-02-16,0.09289259
1976-02-17,0.09300552
1976-02-18,0.093007006
1976-02-19,0.093158975
1976-02-20,0.09289823
1976-02-21,0.09289853
1976-02-22,0.09289894
1976-02-23,0.093334585
1976-02-24,0.09359576
1976-02-25,0.09293625
1976-02-26,0.09281736
1976-02-27,0.09276324
1976-02-28,0.092787474
1976-02-29,0.092787474
1976-03-01,0.09292318
1976-03-02,0.09298633
1976-03-03,0.09338746
1976-03-04,0.093268834
1976-03-05,0.093277074
1976-03-06,0.09327857
1976-03-07,0.093273334
1976-03-08,0.09324114
1976-03-09,0.093563
1976-03-10,0.093672454
1976-03-11,0.093488485
1976-03-12,0.09357969
1976-03-13,0.09357969
1976-03-14,0.093577944
1976-03-15,0.09356117
1976-03-16,0.09363864
1976-03-17,0.09360133
1976-03-18,0.0936012
1976-03-19,0.093851164
1976-03-20,0.093851164
1976-03-21,0.09282691
1976-03-22,0.09284076
1976-03-23,0.09290848
1976-03-24,0.09288279
1976-03-25,0.09292592
1976-03-26,0.09290944
1976-03-27,0.09290944
1976-03-28,0.09290208
1976-03-29,0.09301429
1976-03-30,0.09306588
1976-03-31,0.09302179
1976-04-01,0.09301363
1976-04-02,0.09302816
1976-04-03,0.093154
1976-04-04,0.09316002
1976-04-05,0.09301199
1976-04-06,0.09291673
1976-04-07,0.09271158
1976-04-08,0.091391765
1976-04-09,0.09128446
1976-04-10,0.09128446
1976-04-11,0.09128446
1976-04-12,0.091083
1976-04-13,0.09016654
1976-04-14,0.08900931
1976-04-15,0.087952174
1976-04-16,0.08801024
1976-04-17,0.08801024
1976-04-18,0.088010155
1976-04-19,0.08752364
1976-04-20,0.08656867
1976-04-21,0.085066184
1976-04-22,0.08296333
1976-04-23,0.082043424
1976-04-24,0.082043424
1976-04-25,0.082029894
1976-04-26,0.07890201
1976-04-27,0.076991275
1976-04-28,0.0750793
1976-04-29,0.07450708
1976-04-30,0.07468053
1976-05-01,0.07468173
1976-05-02,0.074685834
1976-05-03,0.0741314
1976-05-04,0.07371634
1976-05-05,0.073398806
1976-05-06,0.072305776
1976-05-07,0.072653905
1976-05-08,0.07265063
1976-05-09,0.07265769
1976-05-10,0.07259576
1976-05-11,0.072265804
1976-05-12,0.07223946
1976-05-13,0.072078645
1976-05-14,0.07204587
1976-05-15,0.07204587
1976-05-16,0.07204597
1976-05-17,0.07104334
1976-05-18,0.070570536
1976-05-19,0.069685325
1976-05-20,0.069560066
1976-05-21,0.06934603
1976-05-22,0.06934625
1976-05-23,0.06934529
1976-05-24,0.069313884
1976-05-25,0.069413275
1976-05-26,0.069382794
1976-05-27,0.06912567
1976-05-28,0.06883809
1976-05-29,0.06883286
1976-05-30,0.06883286
1976-05-31,0.06883286
1976-06-01,0.0688125
1976-06-02,0.06877267
1976-06-03,0.06876714
1976-06-04,0.0686787
1976-06-05,0.0686787
1976-06-06,0.0686787
1976-06-07,0.06866905
1976-06-08,0.06868612
1976-06-09,0.06856022
1976-06-10,0.06843245
1976-06-11,0.068437256
1976-06-12,0.068437256
1976-06-13,0.068437256
1976-06-14,0.06840327
1976-06-15,0.0683525
1976-06-16,0.06822682
1976-06-17,0.06822257
1976-06-18,0.068176374
1976-06-19,0.068176374
1976-06-20,0.068176374
1976-06-21,0.06815976
1976-06-22,0.068141885
1976-06-23,0.06815059
1976-06-24,0.06813924
1976-06-25,0.06810696
1976-06-26,0.06810663
1976-06-27,0.06810663
1976-06-28,0.06810756
1976-06-29,0.068174094
1976-06-30,0.068073034
1976-07-01,0.068081304
1976-07-02,0.068082385
1976-07-03,0.068082385
1976-07-04,0.068082385
1976-07-05,0.06808532
1976-07-06,0.06814227
1976-07-07,0.06812638
1976-07-08,0.06812689
1976-07-09,0.06828446
1976-07-10,0.06828446
1976-07-11,0.06828446
1976-07-12,0.06830259
1976-07-13,0.06830172
1976-07-14,0.06827677
1976-07-15,0.06841943
1976-07-16,0.06848998
1976-07-17,0.06848998
1976-07-18,0.068490475
1976-07-19,0.06865698
1976-07-20,0.06854127
1976-07-21,0.068629235
1976-07-22,0.068844624
1976-07-23,0.068811886
1976-07-24,0.068807505
1976-07-25,0.068807095
1976-07-26,0.06876896
1976-07-27,0.06903488
1976-07-28,0.06870366
1976-07-29,0.068721116
1976-07-30,0.06904189
1976-07-31,0.06904187
1976-08-01,0.069041654
1976-08-02,0.06913514
1976-08-03,0.06912571
1976-08-04,0.069098115
1976-08-05,0.06911442
1976-08-06,0.069094084
1976-08-07,0.069100894
1976-08-08,0.06910816
1976-08-09,0.06908106
1976-08-10,0.06904608
1976-08-11,0.06894552
1976-08-12,0.068949506
1976-08-13,0.06893236
1976-08-14,0.068930514
1976-08-15,0.06892948
1976-08-16,0.06884295
1976-08-17,0.0688088
1976-08-18,0.06868376
1976-08-19,0.06850136
1976-08-20,0.06851066
1976-08-21,0.06851066
1976-08-22,0.068511285
1976-08-23,0.06852361
1976-08-24,0.06856387
1976-08-25,0.068404004
1976-08-26,0.06837403
1976-08-27,0.06818922
1976-08-28,0.06812767
1976-08-29,0.06812681
1976-08-30,0.068061695
1976-08-31,0.068054765
1976-09-01,0.06808044
1976-09-02,0.06810154
1976-09-03,0.06807461
1976-09-04,0.06807461
1976-09-05,0.06807461
1976-09-06,0.06807321
1976-09-07,0.06790079
1976-09-08,0.06789498
1976-09-09,0.06789963
1976-09-10,0.06786809
1976-09-11,0.06787002
1976-09-12,0.06786672
1976-09-13,0.06784766
1976-09-14,0.06783724
1976-09-15,0.06785285
1976-09-16,0.06769763
1976-09-17,0.067719564
1976-09-18,0.06771904
1976-09-19,0.06771977
1976-09-20,0.067721285
1976-09-21,0.06777516
1976-09-22,0.0677634
1976-09-23,0.06774752
1976-09-24,0.06774241
1976-09-25,0.06774255
1976-09-26,0.06774258
1976-09-27,0.0677164
1976-09-28,0.067716755
1976-09-29,0.067705065
1976-09-30,0.06757534
1976-10-01,0.06751719
1976-10-02,0.06751719
1976-10-03,0.06751657
1976-10-04,0.0674666
1976-10-05,0.06743043
1976-10-06,0.06742192
1976-10-07,0.067415155
1976-10-08,0.06740563
1976-10-09,0.06740547
1976-10-10,0.06740547
1976-10-11,0.06743132
1976-10-12,0.06744034
1976-10-13,0.06730254
1976-10-14,0.067222476
1976-10-15,0.06718442
1976-10-16,0.06717189
1976-10-17,0.06714223
1976-10-18,0.06696575
1976-10-19,0.066789836
1976-10-20,0.066728756
1976-10-21,0.06643677
1976-10-22,0.06634679
1976-10-23,0.066348895
1976-10-24,0.066346735
1976-10-25,0.06624753
1976-10-26,0.06571653
1976-10-27,0.06587556
1976-10-28,0.064487934
1976-10-29,0.06441851
1976-10-30,0.06441735
1976-10-31,0.06441915
1976-11-01,0.06457117
1976-11-02,0.064578414
1976-11-03,0.06462097
1976-11-04,0.06456963
1976-11-05,0.064537324
1976-11-06,0.06453688
1976-11-07,0.06453621
1976-11-08,0.06454614
1976-11-09,0.064494774
1976-11-10,0.06458388
1976-11-11,0.06446912
1976-11-12,0.06446401
1976-11-13,0.06446368
1976-11-14,0.06446327
1976-11-15,0.06447864
1976-11-16,0.06457946
1976-11-17,0.06454727
1976-11-18,0.064548075
1976-11-19,0.06454521
1976-11-20,0.0645746
1976-11-21,0.06457474
1976-11-22,0.06451062
1976-11-23,0.064552896
1976-11-24,0.064574055
1976-11-25,0.064574055
1976-11-26,0.06457457
1976-11-27,0.06457457
1976-11-28,0.06456994
1976-11-29,0.06458372
1976-11-30,0.06456767
1976-12-01,0.0645504
1976-12-02,0.06455091
1976-12-03,0.064562686
1976-12-04,0.064562686
1976-12-05,0.06456294
1976-12-06,0.064610265
1976-12-07,0.06462753
1976-12-08,0.064578846
1976-12-09,0.064466394
1976-12-10,0.064460784
1976-12-11,0.064460784
1976-12-12,0.06446011
1976-12-13,0.064476706
1976-12-14,0.0644908
1976-12-15,0.06451407
1976-12-16,0.064513534
1976-12-17,0.064596
1976-12-18,0.064592876
1976-12-19,0.06459202
1976-12-20,0.06465914
1976-12-21,0.064646445
1976-12-22,0.064663
1976-12-23,0.06466045
1976-12-24,0.06466163
1976-12-25,0.06466163
1976-12-26,0.06461092
1976-12-27,0.06461053
1976-12-28,0.0646071
1976-12-29,0.064584866
1976-12-30,0.06458581
1976-12-31,0.06458262
1977-01-01,0.06458262
1977-01-02,0.06458262
1977-01-03,0.06455185
1977-01-04,0.064554
1977-01-05,0.06453788
1977-01-06,0.06453374
1977-01-07,0.06452415
1977-01-08,0.06452415
1977-01-09,0.06452415
1977-01-10,0.064540915
1977-01-11,0.06448517
1977-01-12,0.06447465
1977-01-13,0.064431846
1977-01-14,0.06443005
1977-01-15,0.06443027
1977-01-16,0.064430065
1977-01-17,0.06113963
1977-01-18,0.06108188
1977-01-19,0.06114014
1977-01-20,0.060850006
1977-01-21,0.06071314
1977-01-22,0.06071314
1977-01-23,0.06071382
1977-01-24,0.060193773
1977-01-25,0.059467886
1977-01-26,0.058948897
1977-01-27,0.05916288
1977-01-28,0.05927975
1977-01-29,0.059264753
1977-01-30,0.059263453
1977-01-31,0.059152238
1977-02-01,0.05889397
1977-02-02,0.0589236
1977-02-03,0.05910262
1977-02-04,0.059061173
1977-02-05,0.05906114
1977-02-06,0.059062675
1977-02-07,0.058801882
1977-02-08,0.058901537
1977-02-09,0.058884397
1977-02-10,0.058905397
1977-02-11,0.05887729
1977-02-12,0.05888347
1977-02-13,0.058881555
1977-02-14,0.058602728
1977-02-15,0.05857026
1977-02-16,0.058730103
1977-02-17,0.058734164
1977-02-18,0.05875351
1977-02-19,0.058754418
1977-02-20,0.0587546
1977-02-21,0.058755245
1977-02-22,0.058765814
1977-02-23,0.058624323
1977-02-24,0.05861927
1977-02-25,0.058637526
1977-02-26,0.058638755
1977-02-27,0.058638755
1977-02-28,0.058962133
1977-03-01,0.058935013
1977-03-02,0.058809098
1977-03-03,0.05875555
1977-03-04,0.058782443
1977-03-05,0.05878264
1977-03-06,0.05877718
1977-03-07,0.058651038
1977-03-08,0.05871877
1977-03-09,0.058888707
1977-03-10,0.05918999
1977-03-11,0.05917285
1977-03-12,0.059172392
1977-03-13,0.059172392
1977-03-14,0.059015527
1977-03-15,0.058945745
1977-03-16,0.059020307
1977-03-17,0.059011437
1977-03-18,0.059074625
1977-03-19,0.059074625
1977-03-20,0.059074625
1977-03-21,0.059891645
1977-03-22,0.06022043
1977-03-23,0.06026881
1977-03-24,0.060263492
1977-03-25,0.0602899
1977-03-26,0.06028953
1977-03-27,0.06029258
1977-03-28,0.060292657
1977-03-29,0.06028362
1977-03-30,0.060201116
1977-03-31,0.060185365
1977-04-01,0.060180698
1977-04-02,0.06019564
1977-04-03,0.060196437
1977-04-04,0.06029777
1977-04-05,0.06030186
1977-04-06,0.06027208
1977-04-07,0.060291395
1977-04-08,0.060291395
1977-04-09,0.060291395
1977-04-10,0.060291395
1977-04-11,0.06029605
1977-04-12,0.060199574
1977-04-13,0.059993558
1977-04-14,0.059789814
1977-04-15,0.059708502
1977-04-16,0.059707657
1977-04-17,0.059708003
1977-04-18,0.05956245
1977-04-19,0.059461985
1977-04-20,0.05953496
1977-04-21,0.058578156
1977-04-22,0.058361728
1977-04-23,0.058332954
1977-04-24,0.058340855
1977-04-25,0.057372283
1977-04-26,0.057356868
1977-04-27,0.055794116
1977-04-28,0.056033272
1977-04-29,0.05597985
1977-04-30,0.05597985
1977-05-01,0.055979248
1977-05-02,0.05577517
1977-05-03,0.0555691
1977-05-04,0.055484273
1977-05-05,0.05540272
1977-05-06,0.05530868
1977-05-07,0.055358477
1977-05-08,0.055361986
1977-05-09,0.055291507
1977-05-10,0.05526457
1977-05-11,0.05530764
1977-05-12,0.055251624
1977-05-13,0.055248734
1977-05-14,0.05524861
1977-05-15,0.055253047
1977-05-16,0.054849092
1977-05-17,0.054715108
1977-05-18,0.05452777
1977-05-19,0.05451852
1977-05-20,0.05439023
1977-05-21,0.05439023
1977-05-22,0.054388568
1977-05-23,0.054393485
1977-05-24,0.05438001
1977-05-25,0.0544688
1977-05-26,0.054409105
1977-05-27,0.054421056
1977-05-28,0.054421056
1977-05-29,0.054422114
1977-05-30,0.054418944
1977-05-31,0.054341458
1977-06-01,0.05431572
1977-06-02,0.054300316
1977-06-03,0.05433123
1977-06-04,0.05433123
1977-06-05,0.05433123
1977-06-06,0.05430013
1977-06-07,0.05429649
1977-06-08,0.054289967
1977-06-09,0.054288737
1977-06-10,0.05428494
1977-06-11,0.054285116
1977-06-12,0.054285116
1977-06-13,0.05427756
1977-06-14,0.05429254
1977-06-15,0.05428523
1977-06-16,0.054297883
1977-06-17,0.054301724
1977-06-18,0.054301992
1977-06-19,0.054301992
1977-06-20,0.054304965
1977-06-21,0.054303937
1977-06-22,0.05429078
1977-06-23,0.05431854
1977-06-24,0.05431685
1977-06-25,0.05429701
1977-06-26,0.05429701
1977-06-27,0.05433231
1977-06-28,0.05432057
1977-06-29,0.05429071
1977-06-30,0.05436207
1977-07-01,0.05435125
1977-07-02,0.05435125
1977-07-03,0.05435125
1977-07-04,0.05435125
1977-07-05,0.054387763
1977-07-06,0.054393187
1977-07-07,0.054395687
1977-07-08,0.054404896
1977-07-09,0.054404896
1977-07-10,0.054404896
1977-07-11,0.054414842
1977-07-12,0.05444316
1977-07-13,0.05450752
1977-07-14,0.054617845
1977-07-15,0.054715417
1977-07-16,0.054716885
1977-07-17,0.05471678
1977-07-18,0.054920707
1977-07-19,0.05490244
1977-07-20,0.054804143
1977-07-21,0.054959796
1977-07-22,0.055065833
1977-07-23,0.055065833
1977-07-24,0.05506595
1977-07-25,0.055200953
1977-07-26,0.05526907
1977-07-27,0.055191867
1977-07-28,0.055315647
1977-07-29,0.05513965
1977-07-30,0.055142492
1977-07-31,0.055123772
1977-08-01,0.055013396
1977-08-02,0.055024147
1977-08-03,0.054865986
1977-08-04,0.05487412
1977-08-05,0.054821648
1977-08-06,0.05481476
1977-08-07,0.054740228
1977-08-08,0.05470918
1977-08-09,0.05475897
1977-08-10,0.054809723
1977-08-11,0.054709613
1977-08-12,0.054710995
1977-08-13,0.054705326
1977-08-14,0.054704506
1977-08-15,0.05456219
1977-08-16,0.05453039
1977-08-17,0.054493453
1977-08-18,0.054432515
1977-08-19,0.054436263
1977-08-20,0.054440204
1977-08-21,0.054440204
1977-08-22,0.054474235
1977-08-23,0.05448737
1977-08-24,0.054477807
1977-08-25,0.05448368
1977-08-26,0.0544627
1977-08-27,0.0544627
1977-08-28,0.0544627
1977-08-29,0.05444805
1977-08-30,0.05445177
1977-08-31,0.05445374
1977-09-01,0.054459896
1977-09-02,0.054457948
1977-09-03,0.054457948
1977-09-04,0.054458104
1977-09-05,0.054458104
1977-09-06,0.054469313
1977-09-07,0.05443599
1977-09-08,0.054435726
1977-09-09,0.05443388
1977-09-10,0.05443388
1977-09-11,0.0544367
1977-09-12,0.05441393
1977-09-13,0.054419708
1977-09-14,0.054422516
1977-09-15,0.054459713
1977-09-16,0.05444373
1977-09-17,0.05444381
1977-09-18,0.05444416
1977-09-19,0.054437175
1977-09-20,0.0544399
1977-09-21,0.054437187
1977-09-22,0.05442937
1977-09-23,0.05443109
1977-09-24,0.054428384
1977-09-25,0.05442957
1977-09-26,0.054433715
1977-09-27,0.05446356
1977-09-28,0.054446865
1977-09-29,0.054428637
1977-09-30,0.05441137
1977-10-01,0.05440206
1977-10-02,0.05440206
1977-10-03,0.054404
1977-10-04,0.054401454
1977-10-05,0.054342303
1977-10-06,0.054322276
1977-10-07,0.05429573
1977-10-08,0.05429573
1977-10-09,0.05429573
1977-10-10,0.05429826
1977-10-11,0.05429107
1977-10-12,0.054228123
1977-10-13,0.054194555
1977-10-14,0.05422477
1977-10-15,0.05422764
1977-10-16,0.05422776
1977-10-17,0.05423162
1977-10-18,0.05402078
1977-10-19,0.05397337
1977-10-20,0.053815465
1977-10-21,0.05357186
1977-10-22,0.05357186
1977-10-23,0.053572137
1977-10-24,0.053604487
1977-10-25,0.05344472
1977-10-26,0.053497847
1977-10-27,0.052695755
1977-10-28,0.052664455
1977-10-29,0.052664377
1977-10-30,0.05266741
1977-10-31,0.05284462
1977-11-01,0.052777626
1977-11-02,0.052769877
1977-11-03,0.052740045
1977-11-04,0.052716836
1977-11-05,0.05271284
1977-11-06,0.052713484
1977-11-07,0.05265572
1977-11-08,0.05266572
1977-11-09,0.052572697
1977-11-10,0.052602585
1977-11-11,0.05272743
1977-11-12,0.052728225
1977-11-13,0.052727796
1977-11-14,0.052709345
1977-11-15,0.052782867
1977-11-16,0.05276964
1977-11-17,0.05284054
1977-11-18,0.052668177
1977-11-19,0.05266765
1977-11-20,0.05266795
1977-11-21,0.05267033
1977-11-22,0.05268229
1977-11-23,0.052685726
1977-11-24,0.052685916
1977-11-25,0.052685708
1977-11-26,0.052686065
1977-11-27,0.05268586
1977-11-28,0.052690443
1977-11-29,0.052703265
1977-11-30,0.05276382
1977-12-01,0.052735783
1977-12-02,0.0527479
1977-12-03,0.052746076
1977-12-04,0.052751064
1977-12-05,0.05277297
1977-12-06,0.052707218
1977-12-07,0.05269806
1977-12-08,0.052709773
1977-12-09,0.052710842
1977-12-10,0.05271043
1977-12-11,0.05271043
1977-12-12,0.052842982
1977-12-13,0.05287264
1977-12-14,0.05288194
1977-12-15,0.052872103
1977-12-16,0.052902825
1977-12-17,0.052906405
1977-12-18,0.05290683
1977-12-19,0.05294959
1977-12-20,0.052971795
1977-12-21,0.05297249
1977-12-22,0.052989688
1977-12-23,0.052983448
1977-12-24,0.052983444
1977-12-25,0.052983444
1977-12-26,0.05298235
1977-12-27,0.05298426
1977-12-28,0.05298616
1977-12-29,0.05298839
1977-12-30,0.052988138
1977-12-31,0.052990023
1978-01-01,0.05299109
1978-01-02,0.05299109
1978-01-03,0.05299052
1978-01-04,0.052989114
1978-01-05,0.05302929
1978-01-06,0.053015903
1978-01-07,0.053015903
1978-01-08,0.05301571
1978-01-09,0.05303043
1978-01-10,0.053027168
1978-01-11,0.05303811
1978-01-12,0.053054396
1978-01-13,0.05306604
1978-01-14,0.05306604
1978-01-15,0.053066567
1978-01-16,0.053055916
1978-01-17,0.05323036
1978-01-18,0.053109363
1978-01-19,0.053085938
1978-01-20,0.05290163
1978-01-21,0.05290968
1978-01-22,0.05290968
1978-01-23,0.052523497
1978-01-24,0.05470598
1978-01-25,0.0548245
1978-01-26,0.054518566
1978-01-27,0.05430485
1978-01-28,0.054304924
1978-01-29,0.054305796
1978-01-30,0.054367397
1978-01-31,0.054379705
1978-02-01,0.054403678
1978-02-02,0.05436958
1978-02-03,0.054344177
1978-02-04,0.054342963
1978-02-05,0.054343235
1978-02-06,0.054316446
1978-02-07,0.05430979
1978-02-08,0.054603983
1978-02-09,0.05459974
1978-02-10,0.05469234
1978-02-11,0.05468619
1978-02-12,0.054694045
1978-02-13,0.05469524
1978-02-14,0.05479373
1978-02-15,0.0549979
1978-02-16,0.05503456
1978-02-17,0.05521125
1978-02-18,0.055209015
1978-02-19,0.055212643
1978-02-20,0.055212703
1978-02-21,0.055163164
1978-02-22,0.055259578
1978-02-23,0.05531825
1978-02-24,0.05537315
1978-02-25,0.05536189
1978-02-26,0.055362433
1978-02-27,0.055801705
1978-02-28,0.05631139
1978-03-01,0.05629883
1978-03-02,0.056363672
1978-03-03,0.056347504
1978-03-04,0.056347784
1978-03-05,0.056347784
1978-03-06,0.056358308
1978-03-07,0.056338623
1978-03-08,0.05660493
1978-03-09,0.05658335
1978-03-10,0.056531463
1978-03-11,0.056531884
1978-03-12,0.056531377
1978-03-13,0.05652929
1978-03-14,0.056492474
1978-03-15,0.05676874
1978-03-16,0.056848656
1978-03-17,0.056855306
1978-03-18,0.05685564
1978-03-19,0.05685578
1978-03-20,0.05705341
1978-03-21,0.057017747
1978-03-22,0.05706063
1978-03-23,0.05708862
1978-03-24,0.057089746
1978-03-25,0.057089746
1978-03-26,0.057088885
1978-03-27,0.057114616
1978-03-28,0.057115167
1978-03-29,0.057069413
1978-03-30,0.057023495
1978-03-31,0.05702024
1978-04-01,0.05702024
1978-04-02,0.05701752
1978-04-03,0.057019383
1978-04-04,0.05706455
1978-04-05,0.05706792
1978-04-06,0.057106685
1978-04-07,0.05710308
1978-04-08,0.057104144
1978-04-09,0.057104144
1978-04-10,0.056991685
1978-04-11,0.056970503
1978-04-12,0.0567793
1978-04-13,0.05666285
1978-04-14,0.056498118
1978-04-15,0.05649732
1978-04-16,0.056495395
1978-04-17,0.05650311
1978-04-18,0.056438364
1978-04-19,0.05642707
1978-04-20,0.056098484
1978-04-21,0.05631218
1978-04-22,0.056320768
1978-04-23,0.056320015
1978-04-24,0.05625199
1978-04-25,0.054123268
1978-04-26,0.053942706
1978-04-27,0.054129142
1978-04-28,0.053847503
1978-04-29,0.053854894
1978-04-30,0.053853825
1978-05-01,0.053945832
1978-05-02,0.053998295
1978-05-03,0.054123603
1978-05-04,0.054136682
1978-05-05,0.054130435
1978-05-06,0.054130435
1978-05-07,0.05417648
1978-05-08,0.054296885
1978-05-09,0.054265726
1978-05-10,0.054226324
1978-05-11,0.05418694
1978-05-12,0.05419016
1978-05-13,0.054190334
1978-05-14,0.054186676
1978-05-15,0.054194886
1978-05-16,0.05416323
1978-05-17,0.053953562
1978-05-18,0.053954117
1978-05-19,0.05381275
1978-05-20,0.05381528
1978-05-21,0.05381652
1978-05-22,0.053761106
1978-05-23,0.053740356
1978-05-24,0.053738356
1978-05-25,0.05374156
1978-05-26,0.053477455
1978-05-27,0.053477455
1978-05-28,0.053477455
1978-05-29,0.05347996
1978-05-30,0.053478014
1978-05-31,0.05346113
1978-06-01,0.053412896
1978-06-02,0.053426452
1978-06-03,0.053426452
1978-06-04,0.05342339
1978-06-05,0.05343989
1978-06-06,0.053422585
1978-06-07,0.05342499
1978-06-08,0.053380165
1978-06-09,0.053405665
1978-06-10,0.053405665
1978-06-11,0.05340531
1978-06-12,0.053407602
1978-06-13,0.053366695
1978-06-14,0.05340108
1978-06-15,0.05338185
1978-06-16,0.053381942
1978-06-17,0.053382006
1978-06-18,0.0533808
1978-06-19,0.053374987
1978-06-20,0.05337284
1978-06-21,0.053399075
1978-06-22,0.053342935
1978-06-23,0.053347092
1978-06-24,0.05334741
1978-06-25,0.05334741
1978-06-26,0.05336404
1978-06-27,0.05338635
1978-06-28,0.05341451
1978-06-29,0.053409956
1978-06-30,0.053376682
1978-07-01,0.053376682
1978-07-02,0.053376682
1978-07-03,0.05337763
1978-07-04,0.05337763
1978-07-05,0.05341386
1978-07-06,0.05341038
1978-07-07,0.05345966
1978-07-08,0.05345966
1978-07-09,0.05345966
1978-07-10,0.053464714
1978-07-11,0.05347614
1978-07-12,0.053529184
1978-07-13,0.05380643
1978-07-14,0.054052733
1978-07-15,0.054053467
1978-07-16,0.05405538
1978-07-17,0.05397665
1978-07-18,0.054088704
1978-07-19,0.054298256
1978-07-20,0.05441893
1978-07-21,0.05453768
1978-07-22,0.05453811
1978-07-23,0.05450672
1978-07-24,0.054657247
1978-07-25,0.05492911
1978-07-26,0.055077527
1978-07-27,0.055399973
1978-07-28,0.055608064
1978-07-29,0.055607986
1978-07-30,0.05560059
1978-07-31,0.055594686
1978-08-01,0.0555669
1978-08-02,0.05540318
1978-08-03,0.055442244
1978-08-04,0.055421215
1978-08-05,0.05542218
1978-08-06,0.05541861
1978-08-07,0.05506528
1978-08-08,0.05520711
1978-08-09,0.05523553
1978-08-10,0.05529529
1978-08-11,0.05519653
1978-08-12,0.05520937
1978-08-13,0.05520565
1978-08-14,0.055177975
1978-08-15,0.055163447
1978-08-16,0.055254653
1978-08-17,0.05520602
1978-08-18,0.055231493
1978-08-19,0.055231493
1978-08-20,0.05522879
1978-08-21,0.055248406
1978-08-22,0.055263296
1978-08-23,0.055311296
1978-08-24,0.055306416
1978-08-25,0.0552945
1978-08-26,0.05529814
1978-08-27,0.05529814
1978-08-28,0.055283148
1978-08-29,0.05528283
1978-08-30,0.055286393
1978-08-31,0.055304013
1978-09-01,0.055301256
1978-09-02,0.055301864
1978-09-03,0.055301864
1978-09-04,0.055301815
1978-09-05,0.055325486
1978-09-06,0.05530648
1978-09-07,0.05527165
1978-09-08,0.055273384
1978-09-09,0.055273384
1978-09-10,0.055273492
1978-09-11,0.05526029
1978-09-12,0.055260267
1978-09-13,0.055252463
1978-09-14,0.055234257
1978-09-15,0.055241216
1978-09-16,0.055241436
1978-09-17,0.055242196
1978-09-18,0.055238787
1978-09-19,0.055253603
1978-09-20,0.055304885
1978-09-21,0.055316493
1978-09-22,0.05531596
1978-09-23,0.055309106
1978-09-24,0.055306535
1978-09-25,0.05530415
1978-09-26,0.05529345
1978-09-27,0.05526142
1978-09-28,0.055223096
1978-09-29,0.055147693
1978-09-30,0.055147693
1978-10-01,0.055147693
1978-10-02,0.055142954
1978-10-03,0.055132993
1978-10-04,0.055145852
1978-10-05,0.055127893
1978-10-06,0.05511777
1978-10-07,0.05511777
1978-10-08,0.05511785
1978-10-09,0.055118553
1978-10-10,0.055064015
1978-10-11,0.054958586
1978-10-12,0.054952614
1978-10-13,0.05508607
1978-10-14,0.05508607
1978-10-15,0.055087987
1978-10-16,0.055087496
1978-10-17,0.0550496
1978-10-18,0.055147663
1978-10-19,0.055200376
1978-10-20,0.05516663
1978-10-21,0.055166017
1978-10-22,0.05516338
1978-10-23,0.055228334
1978-10-24,0.055101104
1978-10-25,0.05535808
1978-10-26,0.055500243
1978-10-27,0.05482556
1978-10-28,0.05483335
1978-10-29,0.054834686
1978-10-30,0.054915316
1978-10-31,0.05478328
1978-11-01,0.054737594
1978-11-02,0.054691236
1978-11-03,0.054700065
1978-11-04,0.054698903
1978-11-05,0.054698274
1978-11-06,0.054739743
1978-11-07,0.05476763
1978-11-08,0.054662198
1978-11-09,0.054706406
1978-11-10,0.05462156
1978-11-11,0.054610696
1978-11-12,0.054606766
1978-11-13,0.054634668
1978-11-14,0.054677743
1978-11-15,0.054677814
1978-11-16,0.054686252
1978-11-17,0.0547268
1978-11-18,0.054723762
1978-11-19,0.054723214
1978-11-20,0.05471005
1978-11-21,0.054729737
1978-11-22,0.054743208
1978-11-23,0.054743208
1978-11-24,0.054760717
1978-11-25,0.054760717
1978-11-26,0.05476176
1978-11-27,0.054758552
1978-11-28,0.054768536
1978-11-29,0.05484122
1978-11-30,0.054855533
1978-12-01,0.054873172
1978-12-02,0.05487328
1978-12-03,0.05487333
1978-12-04,0.054878335
1978-12-05,0.05488365
1978-12-06,0.054886058
1978-12-07,0.05488537
1978-12-08,0.05502291
1978-12-09,0.0550234
1978-12-10,0.0550234
1978-12-11,0.05501307
1978-12-12,0.055022683
1978-12-13,0.055039436
1978-12-14,0.05509106
1978-12-15,0.055092424
1978-12-16,0.055098206
1978-12-17,0.055098206
1978-12-18,0.055105958
1978-12-19,0.05511092
1978-12-20,0.055125795
1978-12-21,0.05523108
1978-12-22,0.055234447
1978-12-23,0.05523532
1978-12-24,0.055235166
1978-12-25,0.055235166
1978-12-26,0.05523585
1978-12-27,0.055239107
1978-12-28,0.055244856
1978-12-29,0.055245455
1978-12-30,0.055245455
1978-12-31,0.055245455
1979-01-01,0.055245455
1979-01-02,0.055249296
1979-01-03,0.05525289
1979-01-04,0.055253513
1979-01-05,0.05525475
1979-01-06,0.05525475
1979-01-07,0.05525475
1979-01-08,0.055264186
1979-01-09,0.055238336
1979-01-10,0.055235785
1979-01-11,0.05522272
1979-01-12,0.055208866
1979-01-13,0.055227615
1979-01-14,0.055226076
1979-01-15,0.05527682
1979-01-16,0.05588768
1979-01-17,0.055707686
1979-01-18,0.05581119
1979-01-19,0.0557441
1979-01-20,0.055745743
1979-01-21,0.055747647
1979-01-22,0.055756535
1979-01-23,0.055436604
1979-01-24,0.055845227
1979-01-25,0.056451175
1979-01-26,0.056600112
1979-01-27,0.056600112
1979-01-28,0.056424957
1979-01-29,0.056382507
1979-01-30,0.056595877
1979-01-31,0.05659256
1979-02-01,0.05721319
1979-02-02,0.05725017
1979-02-03,0.05725017
1979-02-04,0.05724799
1979-02-05,0.057165023
1979-02-06,0.057195075
1979-02-07,0.057233218
1979-02-08,0.057292584
1979-02-09,0.05734522
1979-02-10,0.057338506
1979-02-11,0.05733308
1979-02-12,0.05730901
1979-02-13,0.057839252
1979-02-14,0.05789755
1979-02-15,0.058024164
1979-02-16,0.058093112
1979-02-17,0.058093715
1979-02-18,0.05809418
1979-02-19,0.058091287
1979-02-20,0.05824309
1979-02-21,0.05818658
1979-02-22,0.058280796
1979-02-23,0.058305223
1979-02-24,0.058325354
1979-02-25,0.058326356
1979-02-26,0.05777496
1979-02-27,0.057910286
1979-02-28,0.05781636
1979-03-01,0.057869952
1979-03-02,0.057878345
1979-03-03,0.057875052
1979-03-04,0.057875287
1979-03-05,0.057890207
1979-03-06,0.057906505
1979-03-07,0.057885613
1979-03-08,0.058015432
1979-03-09,0.05797077
1979-03-10,0.05797077
1979-03-11,0.05797077
1979-03-12,0.05771532
1979-03-13,0.05769875
1979-03-14,0.057853527
1979-03-15,0.057960585
1979-03-16,0.05801972
1979-03-17,0.058019597
1979-03-18,0.05801816
1979-03-19,0.05796335
1979-03-20,0.058028523
1979-03-21,0.057979133
1979-03-22,0.05800014
1979-03-23,0.05795777
1979-03-24,0.05795777
1979-03-25,0.057957824
1979-03-26,0.057956234
1979-03-27,0.057953153
1979-03-28,0.057938926
1979-03-29,0.058060985
1979-03-30,0.05811136
1979-03-31,0.058110908
1979-04-01,0.058110908
1979-04-02,0.05814677
1979-04-03,0.05815225
1979-04-04,0.05810592
1979-04-05,0.05813135
1979-04-06,0.058133394
1979-04-07,0.05813308
1979-04-08,0.058165595
1979-04-09,0.058156315
1979-04-10,0.058179863
1979-04-11,0.058191694
1979-04-12,0.05718348
1979-04-13,0.05713334
1979-04-14,0.057133447
1979-04-15,0.057133883
1979-04-16,0.056981593
1979-04-17,0.057045985
1979-04-18,0.057181105
1979-04-19,0.056835085
1979-04-20,0.056502003
1979-04-21,0.05650196
1979-04-22,0.05650044
1979-04-23,0.056400165
1979-04-24,0.05549933
1979-04-25,0.05568429
1979-04-26,0.056056358
1979-04-27,0.05544157
1979-04-28,0.05547209
1979-04-29,0.055478416
1979-04-30,0.055904046
1979-05-01,0.0559305
1979-05-02,0.05599814
1979-05-03,0.055953268
1979-05-04,0.056035217
1979-05-05,0.05603318
1979-05-06,0.056031026
1979-05-07,0.05617699
1979-05-08,0.056109227
1979-05-09,0.05615467
1979-05-10,0.056064487
1979-05-11,0.056075856
1979-05-12,0.05608081
1979-05-13,0.056080606
1979-05-14,0.056103244
1979-05-15,0.0561041
1979-05-16,0.056094218
1979-05-17,0.056021184
1979-05-18,0.056093365
1979-05-19,0.056096736
1979-05-20,0.056098074
1979-05-21,0.056100804
1979-05-22,0.05599299
1979-05-23,0.055889025
1979-05-24,0.055678986
1979-05-25,0.055475123
1979-05-26,0.055475123
1979-05-27,0.055475123
1979-05-28,0.05546576
1979-05-29,0.05540749
1979-05-30,0.0554167
1979-05-31,0.055366095
1979-06-01,0.05536131
1979-06-02,0.05536131
1979-06-03,0.055361383
1979-06-04,0.055342533
1979-06-05,0.05529246
1979-06-06,0.055279218
1979-06-07,0.05524896
1979-06-08,0.055260655
1979-06-09,0.055260655
1979-06-10,0.055260655
1979-06-11,0.055254232
1979-06-12,0.055267904
1979-06-13,0.05528403
1979-06-14,0.05528101
1979-06-15,0.055308446
1979-06-16,0.055308353
1979-06-17,0.055309754
1979-06-18,0.055301923
1979-06-19,0.055315744
1979-06-20,0.055324465
1979-06-21,0.05533182
1979-06-22,0.05536872
1979-06-23,0.055363715
1979-06-24,0.05540574
1979-06-25,0.055435143
1979-06-26,0.05541042
1979-06-27,0.055423185
1979-06-28,0.05545047
1979-06-29,0.05545913
1979-06-30,0.05545913
1979-07-01,0.05545913
1979-07-02,0.055467784
1979-07-03,0.05547292
1979-07-04,0.05547292
1979-07-05,0.055513225
1979-07-06,0.055498105
1979-07-07,0.055498105
1979-07-08,0.055498105
1979-07-09,0.055499855
1979-07-10,0.055510048
1979-07-11,0.055634562
1979-07-12,0.05587923
1979-07-13,0.05590099
1979-07-14,0.05590458
1979-07-15,0.055902444
1979-07-16,0.055910353
1979-07-17,0.055923387
1979-07-18,0.056114584
1979-07-19,0.056258984
1979-07-20,0.05602717
1979-07-21,0.056042083
1979-07-22,0.056041874
1979-07-23,0.055977583
1979-07-24,0.05620758
1979-07-25,0.05651179
1979-07-26,0.056327462
1979-07-27,0.056958586
1979-07-28,0.056959767
1979-07-29,0.056964878
1979-07-30,0.057029586
1979-07-31,0.05704453
1979-08-01,0.057364717
1979-08-02,0.057236433
1979-08-03,0.0570494
1979-08-04,0.05704768
1979-08-05,0.057051495
1979-08-06,0.05702692
1979-08-07,0.056886896
1979-08-08,0.056920834
1979-08-09,0.056852203
1979-08-10,0.056652505
1979-08-11,0.0566562
1979-08-12,0.05665654
1979-08-13,0.056651194
1979-08-14,0.05663899
1979-08-15,0.05659029
1979-08-16,0.056599353
1979-08-17,0.056598004
1979-08-18,0.056597635
1979-08-19,0.05659787
1979-08-20,0.05655369
1979-08-21,0.056578342
1979-08-22,0.05660333
1979-08-23,0.056675762
1979-08-24,0.056686256
1979-08-25,0.056689523
1979-08-26,0.056689523
1979-08-27,0.056667075
1979-08-28,0.05667657
1979-08-29,0.056675937
1979-08-30,0.056688767
1979-08-31,0.05671407
1979-09-01,0.056714073
1979-09-02,0.05671356
1979-09-03,0.056709085
1979-09-04,0.0566898
1979-09-05,0.056693256
1979-09-06,0.05670159
1979-09-07,0.05667464
1979-09-08,0.05667464
1979-09-09,0.05667464
1979-09-10,0.05667067
1979-09-11,0.05668115
1979-09-12,0.056664698
1979-09-13,0.05667027
1979-09-14,0.05667511
1979-09-15,0.056675315
1979-09-16,0.05667427
1979-09-17,0.056633554
1979-09-18,0.05662493
1979-09-19,0.05667392
1979-09-20,0.056645453
1979-09-21,0.056663495
1979-09-22,0.056664355
1979-09-23,0.056664243
1979-09-24,0.05666944
1979-09-25,0.05667067
1979-09-26,0.056671992
1979-09-27,0.05665605
1979-09-28,0.056639988
1979-09-29,0.05664098
1979-09-30,0.056637213
1979-10-01,0.0566375
1979-10-02,0.056643523
1979-10-03,0.056645323
1979-10-04,0.056627303
1979-10-05,0.05662706
1979-10-06,0.05662924
1979-10-07,0.05662924
1979-10-08,0.056590203
1979-10-09,0.056509893
1979-10-10,0.056485556
1979-10-11,0.056302406
1979-10-12,0.056295685
1979-10-13,0.05629729
1979-10-14,0.05629729
1979-10-15,0.056394096
1979-10-16,0.056361403
1979-10-17,0.056252792
1979-10-18,0.0560483
1979-10-19,0.055956166
1979-10-20,0.055954546
1979-10-21,0.055954546
1979-10-22,0.055933855
1979-10-23,0.05634728
1979-10-24,0.05640462
1979-10-25,0.056740876
1979-10-26,0.056783106
1979-10-27,0.056782115
1979-10-28,0.05678224
1979-10-29,0.057021912
1979-10-30,0.05691259
1979-10-31,0.056821667
1979-11-01,0.057042427
1979-11-02,0.057023585
1979-11-03,0.057023503
1979-11-04,0.057024084
1979-11-05,0.05694245
1979-11-06,0.056959525
1979-11-07,0.056955002
1979-11-08,0.056883797
1979-11-09,0.056850158
1979-11-10,0.056861725
1979-11-11,0.056860443
1979-11-12,0.0568442
1979-11-13,0.056868896
1979-11-14,0.056880854
1979-11-15,0.056860045
1979-11-16,0.056859434
1979-11-17,0.056859266
1979-11-18,0.056858607
1979-11-19,0.056860004
1979-11-20,0.05686178
1979-11-21,0.056929734
1979-11-22,0.056929734
1979-11-23,0.05696208
1979-11-24,0.056963537
1979-11-25,0.056963537
1979-11-26,0.056969274
1979-11-27,0.057001133
1979-11-28,0.056990925
1979-11-29,0.0569967
1979-11-30,0.057011284
1979-12-01,0.057011284
1979-12-02,0.057011407
1979-12-03,0.05701312
1979-12-04,0.057024885
1979-12-05,0.05702556
1979-12-06,0.057055242
1979-12-07,0.057024483
1979-12-08,0.05702612
1979-12-09,0.057025217
1979-12-10,0.057023153
1979-12-11,0.05701609
1979-12-12,0.05702548
1979-12-13,0.057019904
1979-12-14,0.057080496
1979-12-15,0.05707429
1979-12-16,0.05707429
1979-12-17,0.057082977
1979-12-18,0.057121664
1979-12-19,0.057148594
1979-12-20,0.057182543
1979-12-21,0.05719766
1979-12-22,0.05719766
1979-12-23,0.05719766
1979-12-24,0.057200447
1979-12-25,0.057200447
1979-12-26,0.05719441
1979-12-27,0.057188787
1979-12-28,0.057188787
1979-12-29,0.057188787
1979-12-30,0.057188787
1979-12-31,0.05718704
1980-01-01,0.05718704
1980-01-02,0.057187267
1980-01-03,0.057225563
1980-01-04,0.057210177
1980-01-05,0.057210177
1980-01-06,0.057210177
1980-01-07,0.057210114
1980-01-08,0.057195075
1980-01-09,0.057204373
1980-01-10,0.05720499
1980-01-11,0.05720402
1980-01-12,0.057202753
1980-01-13,0.057202753
1980-01-14,0.05721144
1980-01-15,0.05730576
1980-01-16,0.057729498
1980-01-17,0.057657927
1980-01-18,0.05749431
1980-01-19,0.05749845
1980-01-20,0.05749845
1980-01-21,0.05749561
1980-01-22,0.057368994
1980-01-23,0.05720781
1980-01-24,0.057305157
1980-01-25,0.056942113
1980-01-26,0.05693879
1980-01-27,0.05693879
1980-01-28,0.05706819
1980-01-29,0.057112984
1980-01-30,0.056978527
1980-01-31,0.056911156
1980-02-01,0.056891512
1980-02-02,0.05689407
1980-02-03,0.056894287
1980-02-04,0.056955528
1980-02-05,0.056919128
1980-02-06,0.05707822
1980-02-07,0.056962777
1980-02-08,0.05699231
1980-02-09,0.05699342
1980-02-10,0.056992948
1980-02-11,0.05692842
1980-02-12,0.05697804
1980-02-13,0.05738032
1980-02-14,0.057496715
1980-02-15,0.05761437
1980-02-16,0.057611205
1980-02-17,0.057617374
1980-02-18,0.05761932
1980-02-19,0.05759262
1980-02-20,0.057859194
1980-02-21,0.057755943
1980-02-22,0.057753235
1980-02-23,0.05775423
1980-02-24,0.057754286
1980-02-25,0.057761904
1980-02-26,0.05774607
1980-02-27,0.057833567
1980-02-28,0.057882793
1980-02-29,0.05813414
1980-03-01,0.058136832
1980-03-02,0.058136832
1980-03-03,0.05813199
1980-03-04,0.058095057
1980-03-05,0.058067776
1980-03-06,0.058119033
1980-03-07,0.05809773
1980-03-08,0.05809694
1980-03-09,0.05809726
1980-03-10,0.058108415
1980-03-11,0.058078617
1980-03-12,0.058089852
1980-03-13,0.061154563
1980-03-14,0.06202833
1980-03-15,0.06202833
1980-03-16,0.06202833
1980-03-17,0.06201731
1980-03-18,0.062212028
1980-03-19,0.06217219
1980-03-20,0.06215362
1980-03-21,0.06217542
1980-03-22,0.06217609
1980-03-23,0.06217609
1980-03-24,0.062162977
1980-03-25,0.062173832
1980-03-26,0.062257092
1980-03-27,0.062250894
1980-03-28,0.06221465
1980-03-29,0.06221465
1980-03-30,0.062214017
1980-03-31,0.062212054
1980-04-01,0.062235698
1980-04-02,0.06220986
1980-04-03,0.062237825
1980-04-04,0.062264398
1980-04-05,0.062264398
1980-04-06,0.062264398
1980-04-07,0.062255573
1980-04-08,0.062280558
1980-04-09,0.062274177
1980-04-10,0.062198266
1980-04-11,0.062038932
1980-04-12,0.062038932
1980-04-13,0.062037118
1980-04-14,0.061418377
1980-04-15,0.06141959
1980-04-16,0.061371565
1980-04-17,0.061623797
1980-04-18,0.06177001
1980-04-19,0.061761975
1980-04-20,0.061759397
1980-04-21,0.061839234
1980-04-22,0.06203905
1980-04-23,0.06265108
1980-04-24,0.06300163
1980-04-25,0.06441721
1980-04-26,0.06441721
1980-04-27,0.06441117
1980-04-28,0.06460683
1980-04-29,0.065028936
1980-04-30,0.06510109
1980-05-01,0.065284714
1980-05-02,0.06582804
1980-05-03,0.06582796
1980-05-04,0.0658305
1980-05-05,0.06583281
1980-05-06,0.06583757
1980-05-07,0.06594302
1980-05-08,0.06599659
1980-05-09,0.06596995
1980-05-10,0.06597077
1980-05-11,0.06597002
1980-05-12,0.06597894
1980-05-13,0.06600381
1980-05-14,0.06597948
1980-05-15,0.065957285
1980-05-16,0.06596616
1980-05-17,0.065966465
1980-05-18,0.06596656
1980-05-19,0.06581062
1980-05-20,0.06585788
1980-05-21,0.06557627
1980-05-22,0.06550401
1980-05-23,0.06546157
1980-05-24,0.06546157
1980-05-25,0.06546206
1980-05-26,0.06546665
1980-05-27,0.06545665
1980-05-28,0.065420166
1980-05-29,0.065377675
1980-05-30,0.06539135
1980-05-31,0.06539135
1980-06-01,0.065391004
1980-06-02,0.065386534
1980-06-03,0.06539196
1980-06-04,0.06538232
1980-06-05,0.06539664
1980-06-06,0.06533468
1980-06-07,0.06533468
1980-06-08,0.06533749
1980-06-09,0.06534447
1980-06-10,0.06538877
1980-06-11,0.065395
1980-06-12,0.065381214
1980-06-13,0.06535797
1980-06-14,0.065357886
1980-06-15,0.06535819
1980-06-16,0.0653509
1980-06-17,0.0653143
1980-06-18,0.065321706
1980-06-19,0.06531726
1980-06-20,0.06531856
1980-06-21,0.06531856
1980-06-22,0.06531856
1980-06-23,0.06531781
1980-06-24,0.065294325
1980-06-25,0.06531347
1980-06-26,0.06532159
1980-06-27,0.06533185
1980-06-28,0.06533253
1980-06-29,0.06533253
1980-06-30,0.06532718
1980-07-01,0.065318316
1980-07-02,0.06531021
1980-07-03,0.06532631
1980-07-04,0.06532631
1980-07-05,0.06534158
1980-07-06,0.065341584
1980-07-07,0.06534082
1980-07-08,0.06541903
1980-07-09,0.06551278
1980-07-10,0.065525636
1980-07-11,0.06551529
1980-07-12,0.06551529
1980-07-13,0.0655167
1980-07-14,0.06563406
1980-07-15,0.065610096
1980-07-16,0.06556624
1980-07-17,0.06539582
1980-07-18,0.06482813
1980-07-19,0.06482813
1980-07-20,0.0648284
1980-07-21,0.06468132
1980-07-22,0.06386626
1980-07-23,0.06373934
1980-07-24,0.06335817
1980-07-25,0.06286902
1980-07-26,0.06286902
1980-07-27,0.06285615
1980-07-28,0.06264004
1980-07-29,0.062444564
1980-07-30,0.06240526
1980-07-31,0.06225903
1980-08-01,0.062228974
1980-08-02,0.062110372
1980-08-03,0.06210882
1980-08-04,0.062049206
1980-08-05,0.06185094
1980-08-06,0.06149052
1980-08-07,0.06153514
1980-08-08,0.06144533
1980-08-09,0.061447512
1980-08-10,0.061405245
1980-08-11,0.061391555
1980-08-12,0.061310105
1980-08-13,0.061315447
1980-08-14,0.061299097
1980-08-15,0.06124421
1980-08-16,0.061244283
1980-08-17,0.06124355
1980-08-18,0.06119057
1980-08-19,0.061093625
1980-08-20,0.06108863
1980-08-21,0.061093874
1980-08-22,0.06110243
1980-08-23,0.061096035
1980-08-24,0.061096054
1980-08-25,0.061067834
1980-08-26,0.061107043
1980-08-27,0.06109306
1980-08-28,0.06108587
1980-08-29,0.06100377
1980-08-30,0.06100278
1980-08-31,0.06100286
1980-09-01,0.061005287
1980-09-02,0.06099394
1980-09-03,0.06097887
1980-09-04,0.060968097
1980-09-05,0.06097366
1980-09-06,0.06097366
1980-09-07,0.06097366
1980-09-08,0.060968816
1980-09-09,0.06092822
1980-09-10,0.060922485
1980-09-11,0.060911044
1980-09-12,0.0609014
1980-09-13,0.0609014
1980-09-14,0.06090143
1980-09-15,0.06088724
1980-09-16,0.060869955
1980-09-17,0.060870353
1980-09-18,0.060874615
1980-09-19,0.06085563
1980-09-20,0.06085563
1980-09-21,0.06085563
1980-09-22,0.060857743
1980-09-23,0.060876615
1980-09-24,0.06087312
1980-09-25,0.0608554
1980-09-26,0.06085277
1980-09-27,0.06085277
1980-09-28,0.06085421
1980-09-29,0.060851637
1980-09-30,0.060847495
1980-10-01,0.060865294
1980-10-02,0.060864948
1980-10-03,0.06086659
1980-10-04,0.06086659
1980-10-05,0.06086659
1980-10-06,0.060858216
1980-10-07,0.060868274
1980-10-08,0.060852773
1980-10-09,0.06076416
1980-10-10,0.060683943
1980-10-11,0.060684003
1980-10-12,0.060681
1980-10-13,0.06075197
1980-10-14,0.060820263
1980-10-15,0.060798276
1980-10-16,0.060760707
1980-10-17,0.060382288
1980-10-18,0.06041357
1980-10-19,0.06041454
1980-10-20,0.06060292
1980-10-21,0.06014936
1980-10-22,0.060056757
1980-10-23,0.059987444
1980-10-24,0.0598142
1980-10-25,0.059814464
1980-10-26,0.059814285
1980-10-27,0.059495147
1980-10-28,0.05947198
1980-10-29,0.05929022
1980-10-30,0.059297137
1980-10-31,0.05924508
1980-11-01,0.05924508
1980-11-02,0.059245642
1980-11-03,0.05920063
1980-11-04,0.059215315
1980-11-05,0.059178736
1980-11-06,0.05919052
1980-11-07,0.059171807
1980-11-08,0.059172254
1980-11-09,0.059174858
1980-11-10,0.059199072
1980-11-11,0.05920902
1980-11-12,0.059304547
1980-11-13,0.059301518
1980-11-14,0.05932276
1980-11-15,0.059323657
1980-11-16,0.059323486
1980-11-17,0.05932616
1980-11-18,0.059326384
1980-11-19,0.0593368
1980-11-20,0.059364866
1980-11-21,0.0593848
1980-11-22,0.0593848
1980-11-23,0.0593848
1980-11-24,0.059435647
1980-11-25,0.059467394
1980-11-26,0.059499405
1980-11-27,0.059499405
1980-11-28,0.05949707
1980-11-29,0.05949707
1980-11-30,0.05949707
1980-12-01,0.059484255
1980-12-02,0.059490953
1980-12-03,0.059539597
1980-12-04,0.059545167
1980-12-05,0.059609663
1980-12-06,0.059612624
1980-12-07,0.05961323
1980-12-08,0.059612896
1980-12-09,0.05961762
1980-12-10,0.059585176
1980-12-11,0.059589967
1980-12-12,0.059617724
1980-12-13,0.059617724
1980-12-14,0.059617724
1980-12-15,0.059623443
1980-12-16,0.059626304
1980-12-17,0.05965103
1980-12-18,0.059647653
1980-12-19,0.05965612
1980-12-20,0.05965612
1980-12-21,0.05965717
1980-12-22,0.059669185
1980-12-23,0.05964566
1980-12-24,0.05964674
1980-12-25,0.05964674
1980-12-26,0.059645776
1980-12-27,0.059645776
1980-12-28,0.059647307
1980-12-29,0.05965171
1980-12-30,0.05964999
1980-12-31,0.059650943
1981-01-01,0.059650943
1981-01-02,0.059650943
1981-01-03,0.059650943
1981-01-04,0.059650354
1981-01-05,0.05964684
1981-01-06,0.05965509
1981-01-07,0.05965558
1981-01-08,0.059652027
1981-01-09,0.05963832
1981-01-10,0.05963832
1981-01-11,0.05963832
1981-01-12,0.05963349
1981-01-13,0.05964254
1981-01-14,0.059614964
1981-01-15,0.05968967
1981-01-16,0.059673216
1981-01-17,0.059674814
1981-01-18,0.059674785
1981-01-19,0.06030708
1981-01-20,0.0603578
1981-01-21,0.06040072
1981-01-22,0.06046308
1981-01-23,0.060247973
1981-01-24,0.060251977
1981-01-25,0.06024955
1981-01-26,0.059679832
1981-01-27,0.05968363
1981-01-28,0.05912689
1981-01-29,0.058853667
1981-01-30,0.058951013
1981-01-31,0.058933623
1981-02-01,0.058931686
1981-02-02,0.058829553
1981-02-03,0.058946647
1981-02-04,0.059057962
1981-02-05,0.05930656
1981-02-06,0.059352726
1981-02-07,0.059352726
1981-02-08,0.059352726
1981-02-09,0.059228912
1981-02-10,0.05924525
1981-02-11,0.059505295
1981-02-12,0.05958342
1981-02-13,0.05958962
1981-02-14,0.059598844
1981-02-15,0.059598844
1981-02-16,0.059596684
1981-02-17,0.05953651
1981-02-18,0.05958535
1981-02-19,0.059509043
1981-02-20,0.059436638
1981-02-21,0.059434883
1981-02-22,0.059434984
1981-02-23,0.059345823
1981-02-24,0.059401073
1981-02-25,0.059416395
1981-02-26,0.059536513
1981-02-27,0.05899376
1981-02-28,0.05899376
1981-03-01,0.05899376
1981-03-02,0.058988474
1981-03-03,0.059032936
1981-03-04,0.05903283
1981-03-05,0.05910763
1981-03-06,0.05907373
1981-03-07,0.05907446
1981-03-08,0.059073992
1981-03-09,0.059145607
1981-03-10,0.059173953
1981-03-11,0.05904565
1981-03-12,0.059340406
1981-03-13,0.055970836
1981-03-14,0.055970967
1981-03-15,0.05597172
1981-03-16,0.055969637
1981-03-17,0.056029513
1981-03-18,0.056055468
1981-03-19,0.05604934
1981-03-20,0.05620075
1981-03-21,0.056188293
1981-03-22,0.056184642
1981-03-23,0.056204833
1981-03-24,0.05620497
1981-03-25,0.056204956
1981-03-26,0.056206364
1981-03-27,0.056197334
1981-03-28,0.056197334
1981-03-29,0.056195512
1981-03-30,0.056197632
1981-03-31,0.05621085
1981-04-01,0.056236755
1981-04-02,0.056242596
1981-04-03,0.05626625
1981-04-04,0.05626625
1981-04-05,0.05626625
1981-04-06,0.056252576
1981-04-07,0.05626031
1981-04-08,0.056253716
1981-04-09,0.056105405
1981-04-10,0.056108676
1981-04-11,0.056108676
1981-04-12,0.056108676
1981-04-13,0.0555264
1981-04-14,0.055305324
1981-04-15,0.055103064
1981-04-16,0.055077877
1981-04-17,0.054940432
1981-04-18,0.054959282
1981-04-19,0.054958075
1981-04-20,0.055008687
1981-04-21,0.05535078
1981-04-22,0.0553497
1981-04-23,0.05531124
1981-04-24,0.05535823
1981-04-25,0.055378318
1981-04-26,0.055378795
1981-04-27,0.055466168
1981-04-28,0.05402038
1981-04-29,0.054506127
1981-04-30,0.054502144
1981-05-01,0.054557867
1981-05-02,0.054557867
1981-05-03,0.05455612
1981-05-04,0.05463952
1981-05-05,0.05439468
1981-05-06,0.05451785
1981-05-07,0.05466409
1981-05-08,0.054673173
1981-05-09,0.054675438
1981-05-10,0.05467542
1981-05-11,0.0546917
1981-05-12,0.05470775
1981-05-13,0.05473509
1981-05-14,0.054577474
1981-05-15,0.05457466
1981-05-16,0.054574996
1981-05-17,0.054573234
1981-05-18,0.054592825
1981-05-19,0.05457415
1981-05-20,0.054379508
1981-05-21,0.05426909
1981-05-22,0.05422912
1981-05-23,0.054232705
1981-05-24,0.054232705
1981-05-25,0.054230027
1981-05-26,0.05422765
1981-05-27,0.05417792
1981-05-28,0.054151572
1981-05-29,0.054130647
1981-05-30,0.054130647
1981-05-31,0.054130647
1981-06-01,0.054126143
1981-06-02,0.05414508
1981-06-03,0.054142922
1981-06-04,0.05411621
1981-06-05,0.05411482
1981-06-06,0.05411482
1981-06-07,0.05411482
1981-06-08,0.054106377
1981-06-09,0.05410547
1981-06-10,0.054108266
1981-06-11,0.054102566
1981-06-12,0.054107875
1981-06-13,0.054107938
1981-06-14,0.054108117
1981-06-15,0.054097474
1981-06-16,0.054050516
1981-06-17,0.0540526
1981-06-18,0.05410248
1981-06-19,0.05413248
1981-06-20,0.054127697
1981-06-21,0.054127697
1981-06-22,0.0541386
1981-06-23,0.05411685
1981-06-24,0.054125726
1981-06-25,0.054121513
1981-06-26,0.054096635
1981-06-27,0.054096635
1981-06-28,0.054096635
1981-06-29,0.054103523
1981-06-30,0.0541072
1981-07-01,0.054102592
1981-07-02,0.054047886
1981-07-03,0.054047886
1981-07-04,0.054047886
1981-07-05,0.054047886
1981-07-06,0.054034982
1981-07-07,0.05404297
1981-07-08,0.05404234
1981-07-09,0.054098163
1981-07-10,0.05420006
1981-07-11,0.05420006
1981-07-12,0.05420006
1981-07-13,0.05420682
1981-07-14,0.054356012
1981-07-15,0.05437498
1981-07-16,0.05446046
1981-07-17,0.05452976
1981-07-18,0.054544967
1981-07-19,0.054544967
1981-07-20,0.054402225
1981-07-21,0.05423921
1981-07-22,0.054401904
1981-07-23,0.054129906
1981-07-24,0.053093527
1981-07-25,0.053088754
1981-07-26,0.05309017
1981-07-27,0.052974235
1981-07-28,0.052899268
1981-07-29,0.053355377
1981-07-30,0.05311546
1981-07-31,0.05314809
1981-08-01,0.05312262
1981-08-02,0.05312369
1981-08-03,0.052970868
1981-08-04,0.05289753
1981-08-05,0.052797444
1981-08-06,0.052708495
1981-08-07,0.05271907
1981-08-08,0.05271907
1981-08-09,0.052718606
1981-08-10,0.0526436
1981-08-11,0.052576073
1981-08-12,0.052602474
1981-08-13,0.052610714
1981-08-14,0.05261448
1981-08-15,0.05261437
1981-08-16,0.052612003
1981-08-17,0.052582894
1981-08-18,0.052560493
1981-08-19,0.052584596
1981-08-20,0.05257321
1981-08-21,0.05258025
1981-08-22,0.05258008
1981-08-23,0.052580677
1981-08-24,0.052584995
1981-08-25,0.052581657
1981-08-26,0.05259353
1981-08-27,0.05260635
1981-08-28,0.052591775
1981-08-29,0.052604552
1981-08-30,0.052603815
1981-08-31,0.05260299
1981-09-01,0.052591506
1981-09-02,0.052626517
1981-09-03,0.052619603
1981-09-04,0.052604713
1981-09-05,0.052604713
1981-09-06,0.052604713
1981-09-07,0.052604713
1981-09-08,0.052603263
1981-09-09,0.052602027
1981-09-10,0.05258991
1981-09-11,0.05258313
1981-09-12,0.052583836
1981-09-13,0.052582905
1981-09-14,0.05257766
1981-09-15,0.052591566
1981-09-16,0.052597273
1981-09-17,0.05260701
1981-09-18,0.05254195
1981-09-19,0.05254195
1981-09-20,0.05254195
1981-09-21,0.052552946
1981-09-22,0.052539073
1981-09-23,0.05252512
1981-09-24,0.052541744
1981-09-25,0.052547835
1981-09-26,0.052548263
1981-09-27,0.052548263
1981-09-28,0.05256751
1981-09-29,0.05256338
1981-09-30,0.05256636
1981-10-01,0.05255819
1981-10-02,0.052540746
1981-10-03,0.052540746
1981-10-04,0.052540746
1981-10-05,0.052540205
1981-10-06,0.05254525
1981-10-07,0.052568417
1981-10-08,0.05244734
1981-10-09,0.05243305
1981-10-10,0.052433033
1981-10-11,0.052433114
1981-10-12,0.052427
1981-10-13,0.052139636
1981-10-14,0.05199915
1981-10-15,0.051916283
1981-10-16,0.051881265
1981-10-17,0.05190096
1981-10-18,0.05189998
1981-10-19,0.05197921
1981-10-20,0.052008584
1981-10-21,0.051922213
1981-10-22,0.051414285
1981-10-23,0.051411655
1981-10-24,0.05141121
1981-10-25,0.051411703
1981-10-26,0.051256787
1981-10-27,0.05132375
1981-10-28,0.05145904
1981-10-29,0.051168896
1981-10-30,0.05075399
1981-10-31,0.05075399
1981-11-01,0.05075399
1981-11-02,0.050773524
1981-11-03,0.050829682
1981-11-04,0.050695635
1981-11-05,0.05073569
1981-11-06,0.050895672
1981-11-07,0.050915748
1981-11-08,0.05091565
1981-11-09,0.050903697
1981-11-10,0.05082303
1981-11-11,0.050868634
1981-11-12,0.05084551
1981-11-13,0.050820395
1981-11-14,0.050820395
1981-11-15,0.050822187
1981-11-16,0.050808795
1981-11-17,0.050730236
1981-11-18,0.05070478
1981-11-19,0.050671417
1981-11-20,0.050698396
1981-11-21,0.050699178
1981-11-22,0.05069961
1981-11-23,0.050703038
1981-11-24,0.05071982
1981-11-25,0.050722506
1981-11-26,0.050722506
1981-11-27,0.050698288
1981-11-28,0.050698288
1981-11-29,0.050698295
1981-11-30,0.050702307
1981-12-01,0.0507093
1981-12-02,0.05070404
1981-12-03,0.050715744
1981-12-04,0.050725434
1981-12-05,0.050725434
1981-12-06,0.050727703
1981-12-07,0.05072207
1981-12-08,0.050729625
1981-12-09,0.05072639
1981-12-10,0.050719228
1981-12-11,0.0507245
1981-12-12,0.0507245
1981-12-13,0.050724596
1981-12-14,0.050673902
1981-12-15,0.050669037
1981-12-16,0.050670296
1981-12-17,0.050690938
1981-12-18,0.05069005
1981-12-19,0.05069026
1981-12-20,0.050693326
1981-12-21,0.050719656
1981-12-22,0.050718833
1981-12-23,0.05072715
1981-12-24,0.05071871
1981-12-25,0.05071871
1981-12-26,0.050713018
1981-12-27,0.050713018
1981-12-28,0.050704762
1981-12-29,0.050699715
1981-12-30,0.05070868
1981-12-31,0.050707653
1982-01-01,0.050707653
1982-01-02,0.050707653
1982-01-03,0.050707653
1982-01-04,0.050707724
1982-01-05,0.050712217
1982-01-06,0.050711453
1982-01-07,0.0507131
1982-01-08,0.050691605
1982-01-09,0.050691605
1982-01-10,0.050691612
1982-01-11,0.050692234
1982-01-12,0.050690453
1982-01-13,0.050690975
1982-01-14,0.050684907
1982-01-15,0.050677627
1982-01-16,0.05067665
1982-01-17,0.050680205
1982-01-18,0.05123889
1982-01-19,0.051145006
1982-01-20,0.051176332
1982-01-21,0.051122073
1982-01-22,0.05057116
1982-01-23,0.050553996
1982-01-24,0.050553996
1982-01-25,0.05080157
1982-01-26,0.05051302
1982-01-27,0.049861655
1982-01-28,0.05022537
1982-01-29,0.04974007
1982-01-30,0.04973976
1982-01-31,0.04973823
1982-02-01,0.049528625
1982-02-02,0.048679225
1982-02-03,0.048943926
1982-02-04,0.048944034
1982-02-05,0.04892938
1982-02-06,0.048929654
1982-02-07,0.048929654
1982-02-08,0.048781008
1982-02-09,0.048742585
1982-02-10,0.048627473
1982-02-11,0.048774634
1982-02-12,0.048744127
1982-02-13,0.048746448
1982-02-14,0.04874784
1982-02-15,0.048745587
1982-02-16,0.048683725
1982-02-17,0.048870917
1982-02-18,0.048739947
1982-02-19,0.048740175
1982-02-20,0.04873952
1982-02-21,0.048739497
1982-02-22,0.048615407
1982-02-23,0.048616894
1982-02-24,0.048615646
1982-02-25,0.04863945
1982-02-26,0.04857403
1982-02-27,0.048574444
1982-02-28,0.048573934
1982-03-01,0.048532028
1982-03-02,0.0485599
1982-03-03,0.04854223
1982-03-04,0.048831813
1982-03-05,0.048808966
1982-03-06,0.048808992
1982-03-07,0.048809487
1982-03-08,0.048801165
1982-03-09,0.048821956
1982-03-10,0.04882839
1982-03-11,0.048796624
1982-03-12,0.048761144
1982-03-13,0.048761144
1982-03-14,0.048761602
1982-03-15,0.048736967
1982-03-16,0.04881507
1982-03-17,0.048850857
1982-03-18,0.04893672
1982-03-19,0.048990183
1982-03-20,0.048990183
1982-03-21,0.048987895
1982-03-22,0.048982535
1982-03-23,0.04895381
1982-03-24,0.048863962
1982-03-25,0.04827985
1982-03-26,0.048285317
1982-03-27,0.048285987
1982-03-28,0.048286293
1982-03-29,0.04827886
1982-03-30,0.048276752
1982-03-31,0.048225563
1982-04-01,0.048216667
1982-04-02,0.04833625
1982-04-03,0.04833625
1982-04-04,0.04833755
1982-04-05,0.048356295
1982-04-06,0.048349697
1982-04-07,0.048205234
1982-04-08,0.048191987
1982-04-09,0.048197966
1982-04-10,0.04820045
1982-04-11,0.048201002
1982-04-12,0.04818972
1982-04-13,0.048159007
1982-04-14,0.048105575
1982-04-15,0.047524344
1982-04-16,0.047467187
1982-04-17,0.047468282
1982-04-18,0.04740572
1982-04-19,0.04750696
1982-04-20,0.047279626
1982-04-21,0.047239333
1982-04-22,0.047154747
1982-04-23,0.047277804
1982-04-24,0.047268294
1982-04-25,0.047262326
1982-04-26,0.047293846
1982-04-27,0.04648003
1982-04-28,0.045854107
1982-04-29,0.045874085
1982-04-30,0.04610413
1982-05-01,0.0461014
1982-05-02,0.046095494
1982-05-03,0.046222076
1982-05-04,0.046248533
1982-05-05,0.046266958
1982-05-06,0.04621522
1982-05-07,0.046303134
1982-05-08,0.046302278
1982-05-09,0.046293654
1982-05-10,0.046308223
1982-05-11,0.04631008
1982-05-12,0.046256136
1982-05-13,0.04705521
1982-05-14,0.04693289
1982-05-15,0.046941984
1982-05-16,0.046939783
1982-05-17,0.04691842
1982-05-18,0.04675341
1982-05-19,0.04665062
1982-05-20,0.046580277
1982-05-21,0.04645192
1982-05-22,0.046452805
1982-05-23,0.04645309
1982-05-24,0.046452302
1982-05-25,0.04644547
1982-05-26,0.046425913
1982-05-27,0.046408318
1982-05-28,0.046451773
1982-05-29,0.046451025
1982-05-30,0.046451025
1982-05-31,0.04645076
1982-06-01,0.04645166
1982-06-02,0.046431623
1982-06-03,0.046404913
1982-06-04,0.04640529
1982-06-05,0.046405416
1982-06-06,0.046405587
1982-06-07,0.046398398
1982-06-08,0.046396952
1982-06-09,0.04638897
1982-06-10,0.046374395
1982-06-11,0.04636306
1982-06-12,0.046363074
1982-06-13,0.04636253
1982-06-14,0.04636436
1982-06-15,0.046440583
1982-06-16,0.04644729
1982-06-17,0.04642973
1982-06-18,0.046424735
1982-06-19,0.046424735
1982-06-20,0.046424236
1982-06-21,0.046445265
1982-06-22,0.046454415
1982-06-23,0.046500757
1982-06-24,0.046508983
1982-06-25,0.046538178
1982-06-26,0.046538178
1982-06-27,0.04653821
1982-06-28,0.04653831
1982-06-29,0.046520308
1982-06-30,0.046521537
1982-07-01,0.04650723
1982-07-02,0.046513025
1982-07-03,0.046513263
1982-07-04,0.046523288
1982-07-05,0.046524145
1982-07-06,0.046529505
1982-07-07,0.04646723
1982-07-08,0.04645764
1982-07-09,0.046514925
1982-07-10,0.046514235
1982-07-11,0.046513945
1982-07-12,0.046515997
1982-07-13,0.046545785
1982-07-14,0.046895895
1982-07-15,0.04698825
1982-07-16,0.04705838
1982-07-17,0.047058422
1982-07-18,0.04705782
1982-07-19,0.046903
1982-07-20,0.046981838
1982-07-21,0.046912894
1982-07-22,0.046991765
1982-07-23,0.047113124
1982-07-24,0.047108006
1982-07-25,0.04711102
1982-07-26,0.04692192
1982-07-27,0.047118768
1982-07-28,0.047037177
1982-07-29,0.046994336
1982-07-30,0.04686227
1982-07-31,0.046862505
1982-08-01,0.046867218
1982-08-02,0.046745926
1982-08-03,0.046598542
1982-08-04,0.0465197
1982-08-05,0.04632928
1982-08-06,0.046261415
1982-08-07,0.046261538
1982-08-08,0.046260886
1982-08-09,0.046218887
1982-08-10,0.04608338
1982-08-11,0.04605583
1982-08-12,0.046006203
1982-08-13,0.04602458
1982-08-14,0.046024222
1982-08-15,0.04601872
1982-08-16,0.04592837
1982-08-17,0.045893822
1982-08-18,0.045915045
1982-08-19,0.045947127
1982-08-20,0.04593658
1982-08-21,0.04593456
1982-08-22,0.04593328
1982-08-23,0.045929864
1982-08-24,0.045926787
1982-08-25,0.04595547
1982-08-26,0.04593708
1982-08-27,0.045932274
1982-08-28,0.045933027
1982-08-29,0.045930743
1982-08-30,0.04591138
1982-08-31,0.045897685
1982-09-01,0.045888502
1982-09-02,0.045878652
1982-09-03,0.04588946
1982-09-04,0.04588927
1982-09-05,0.045890026
1982-09-06,0.045891073
1982-09-07,0.045892242
1982-09-08,0.04588814
1982-09-09,0.045877136
1982-09-10,0.045876425
1982-09-11,0.045876298
1982-09-12,0.04587655
1982-09-13,0.04585743
1982-09-14,0.04586887
1982-09-15,0.045865465
1982-09-16,0.045872863
1982-09-17,0.045870643
1982-09-18,0.045870643
1982-09-19,0.045870744
1982-09-20,0.04585865
1982-09-21,0.045885436
1982-09-22,0.045881268
1982-09-23,0.045881987
1982-09-24,0.04587876
1982-09-25,0.045878258
1982-09-26,0.045878258
1982-09-27,0.04587518
1982-09-28,0.04587759
1982-09-29,0.045879662
1982-09-30,0.04586459
1982-10-01,0.04585424
1982-10-02,0.04585424
1982-10-03,0.04585446
1982-10-04,0.045827754
1982-10-05,0.045812584
1982-10-06,0.045843687
1982-10-07,0.045831222
1982-10-08,0.045803435
1982-10-09,0.04580417
1982-10-10,0.04580421
1982-10-11,0.045803223
1982-10-12,0.045799837
1982-10-13,0.045772407
1982-10-14,0.04564751
1982-10-15,0.045549855
1982-10-16,0.04554969
1982-10-17,0.0455464
1982-10-18,0.04552383
1982-10-19,0.045620665
1982-10-20,0.04541288
1982-10-21,0.04538572
1982-10-22,0.045467637
1982-10-23,0.045468897
1982-10-24,0.045466434
1982-10-25,0.045600004
1982-10-26,0.046147563
1982-10-27,0.04625923
1982-10-28,0.04623761
1982-10-29,0.046339817
1982-10-30,0.046337765
1982-10-31,0.046334673
1982-11-01,0.046364296
1982-11-02,0.04633405
1982-11-03,0.04631118
1982-11-04,0.046294376
1982-11-05,0.046311695
1982-11-06,0.04631151
1982-11-07,0.04630776
1982-11-08,0.046316233
1982-11-09,0.046336275
1982-11-10,0.0461642
1982-11-11,0.046080228
1982-11-12,0.046097197
1982-11-13,0.046099566
1982-11-14,0.046098936
1982-11-15,0.046105113
1982-11-16,0.046154737
1982-11-17,0.04612711
1982-11-18,0.046170924
1982-11-19,0.046159483
1982-11-20,0.046159495
1982-11-21,0.046157885
1982-11-22,0.04615711
1982-11-23,0.04616639
1982-11-24,0.04616007
1982-11-25,0.04616325
1982-11-26,0.046156723
1982-11-27,0.04615803
1982-11-28,0.046159256
1982-11-29,0.04610773
1982-11-30,0.04610396
1982-12-01,0.04611361
1982-12-02,0.04612474
1982-12-03,0.04611909
1982-12-04,0.04611909
1982-12-05,0.046118196
1982-12-06,0.046136204
1982-12-07,0.04613674
1982-12-08,0.046138693
1982-12-09,0.04610009
1982-12-10,0.046117637
1982-12-11,0.04611746
1982-12-12,0.046117395
1982-12-13,0.046135116
1982-12-14,0.04614046
1982-12-15,0.046137795
1982-12-16,0.04616787
1982-12-17,0.04617072
1982-12-18,0.046178896
1982-12-19,0.046176102
1982-12-20,0.046183825
1982-12-21,0.046123248
1982-12-22,0.046117947
1982-12-23,0.046105567
1982-12-24,0.04610594
1982-12-25,0.04610594
1982-12-26,0.04610594
1982-12-27,0.04610756
1982-12-28,0.04610414
1982-12-29,0.046105724
1982-12-30,0.04610515
1982-12-31,0.04610462
1983-01-01,0.04610487
1983-01-02,0.04610486
1983-01-03,0.04610424
1983-01-04,0.046091445
1983-01-05,0.046093468
1983-01-06,0.04608565
1983-01-07,0.046093922
1983-01-08,0.04609406
1983-01-09,0.046094563
1983-01-10,0.04608835
1983-01-11,0.04608819
1983-01-12,0.0460905
1983-01-13,0.04610329
1983-01-14,0.046102542
1983-01-15,0.046103034
1983-01-16,0.046105787
1983-01-17,0.046054687
1983-01-18,0.046109248
1983-01-19,0.046215396
1983-01-20,0.046218213
1983-01-21,0.046166427
1983-01-22,0.046165574
1983-01-23,0.04616601
1983-01-24,0.04670239
1983-01-25,0.046833865
1983-01-26,0.04597262
1983-01-27,0.0458552
1983-01-28,0.045309093
1983-01-29,0.045291208
1983-01-30,0.045291025
1983-01-31,0.045288257
1983-02-01,0.044907477
1983-02-02,0.04481185
1983-02-03,0.04482451
1983-02-04,0.04485525
1983-02-05,0.04485365
1983-02-06,0.044853702
1983-02-07,0.044724863
1983-02-08,0.044693243
1983-02-09,0.044473704
1983-02-10,0.044458862
1983-02-11,0.044522766
1983-02-12,0.044522803
1983-02-13,0.044526532
1983-02-14,0.04456359
1983-02-15,0.04460738
1983-02-16,0.044550914
1983-02-17,0.04433794
1983-02-18,0.044349052
1983-02-19,0.044349592
1983-02-20,0.04434948
1983-02-21,0.044228546
1983-02-22,0.044220164
1983-02-23,0.04419133
1983-02-24,0.044013306
1983-02-25,0.043874916
1983-02-26,0.043877218
1983-02-27,0.043877903
1983-02-28,0.04400622
1983-03-01,0.043991264
1983-03-02,0.043895915
1983-03-03,0.043921817
1983-03-04,0.043925058
1983-03-05,0.043925807
1983-03-06,0.043925613
1983-03-07,0.04392696
1983-03-08,0.043918937
1983-03-09,0.044010743
1983-03-10,0.04407525
1983-03-11,0.0442713
1983-03-12,0.04426842
1983-03-13,0.044268545
1983-03-14,0.04425208
1983-03-15,0.044327497
1983-03-16,0.044491224
1983-03-17,0.043676704
1983-03-18,0.04373469
1983-03-19,0.04373458
1983-03-20,0.043733954
1983-03-21,0.043727353
1983-03-22,0.043712463
1983-03-23,0.043717917
1983-03-24,0.043714367
1983-03-25,0.043707643
1983-03-26,0.04370752
1983-03-27,0.043708898
1983-03-28,0.04371488
1983-03-29,0.043738145
1983-03-30,0.043745555
1983-03-31,0.043688476
1983-04-01,0.043725464
1983-04-02,0.04372547
1983-04-03,0.043725252
1983-04-04,0.043700993
1983-04-05,0.043750264
1983-04-06,0.04377159
1983-04-07,0.04375355
1983-04-08,0.04370373
1983-04-09,0.043701842
1983-04-10,0.04370073
1983-04-11,0.043743603
1983-04-12,0.043734543
1983-04-13,0.043579545
1983-04-14,0.04351603
1983-04-15,0.042920347
1983-04-16,0.042924482
1983-04-17,0.042924844
1983-04-18,0.042939685
1983-04-19,0.04299538
1983-04-20,0.043138944
1983-04-21,0.04288514
1983-04-22,0.04279506
1983-04-23,0.042798
1983-04-24,0.04280387
1983-04-25,0.04281671
1983-04-26,0.042504724
1983-04-27,0.0422671
1983-04-28,0.04199837
1983-04-29,0.041924108
1983-04-30,0.041923873
1983-05-01,0.04192504
1983-05-02,0.041624554
1983-05-03,0.041806303
1983-05-04,0.041955248
1983-05-05,0.04195269
1983-05-06,0.04201964
1983-05-07,0.04203674
1983-05-08,0.04203722
1983-05-09,0.04205839
1983-05-10,0.042068865
1983-05-11,0.042126752
1983-05-12,0.042075317
1983-05-13,0.0419972
1983-05-14,0.041996658
1983-05-15,0.04199528
1983-05-16,0.04182244
1983-05-17,0.041754425
1983-05-18,0.041614182
1983-05-19,0.041573055
1983-05-20,0.041477315
1983-05-21,0.041476723
1983-05-22,0.04147881
1983-05-23,0.041477736
1983-05-24,0.04145508
1983-05-25,0.041429777
1983-05-26,0.041119404
1983-05-27,0.04112021
1983-05-28,0.04112355
1983-05-29,0.041123223
1983-05-30,0.04114986
1983-05-31,0.041142713
1983-06-01,0.04114647
1983-06-02,0.041150063
1983-06-03,0.041116558
1983-06-04,0.041116588
1983-06-05,0.041117482
1983-06-06,0.041121714
1983-06-07,0.041127272
1983-06-08,0.041125413
1983-06-09,0.041091777
1983-06-10,0.041090515
1983-06-11,0.04109054
1983-06-12,0.04109054
1983-06-13,0.041092247
1983-06-14,0.041117214
1983-06-15,0.041110106
1983-06-16,0.041117195
1983-06-17,0.041759156
1983-06-18,0.041759375
1983-06-19,0.041759178
1983-06-20,0.041765995
1983-06-21,0.04178021
1983-06-22,0.041780185
1983-06-23,0.041811265
1983-06-24,0.041832756
1983-06-25,0.041832756
1983-06-26,0.041833136
1983-06-27,0.041830897
1983-06-28,0.0418214
1983-06-29,0.041825052
1983-06-30,0.041825935
1983-07-01,0.04182715
1983-07-02,0.041824885
1983-07-03,0.04178444
1983-07-04,0.04176137
1983-07-05,0.041752327
1983-07-06,0.0417864
1983-07-07,0.041810095
1983-07-08,0.04181561
1983-07-09,0.041815843
1983-07-10,0.041817013
1983-07-11,0.04181956
1983-07-12,0.041836478
1983-07-13,0.04190218
1983-07-14,0.042441983
1983-07-15,0.04258806
1983-07-16,0.04258818
1983-07-17,0.042588845
1983-07-18,0.042503376
1983-07-19,0.0430796
1983-07-20,0.043063246
1983-07-21,0.043499835
1983-07-22,0.043764904
1983-07-23,0.04376577
1983-07-24,0.043757804
1983-07-25,0.04370603
1983-07-26,0.044087905
1983-07-27,0.045067333
1983-07-28,0.046016112
1983-07-29,0.04625927
1983-07-30,0.046259362
1983-07-31,0.046258364
1983-08-01,0.04620338
1983-08-02,0.046083596
1983-08-03,0.046013143
1983-08-04,0.0459362
1983-08-05,0.045928553
1983-08-06,0.045914363
1983-08-07,0.045911703
1983-08-08,0.04587392
1983-08-09,0.045826893
1983-08-10,0.045776542
1983-08-11,0.045793008
1983-08-12,0.045853786
1983-08-13,0.04585436
1983-08-14,0.045855343
1983-08-15,0.0458781
1983-08-16,0.045866314
1983-08-17,0.045873094
1983-08-18,0.045911185
1983-08-19,0.045924585
1983-08-20,0.045921475
1983-08-21,0.045925587
1983-08-22,0.04594375
1983-08-23,0.045946825
1983-08-24,0.045975685
1983-08-25,0.045965612
1983-08-26,0.04598835
1983-08-27,0.045988727
1983-08-28,0.045988858
1983-08-29,0.04597855
1983-08-30,0.045981653
1983-08-31,0.045975283
1983-09-01,0.04598235
1983-09-02,0.04598652
1983-09-03,0.045987412
1983-09-04,0.045986686
1983-09-05,0.045986544
1983-09-06,0.0459857
1983-09-07,0.04599796
1983-09-08,0.046021946
1983-09-09,0.046035346
1983-09-10,0.046035618
1983-09-11,0.046037585
1983-09-12,0.04604565
1983-09-13,0.04605921
1983-09-14,0.046056565
1983-09-15,0.046056353
1983-09-16,0.04606329
1983-09-17,0.046065275
1983-09-18,0.04606525
1983-09-19,0.046080574
1983-09-20,0.04609561
1983-09-21,0.04606493
1983-09-22,0.04604076
1983-09-23,0.046047263
1983-09-24,0.046047688
1983-09-25,0.046047434
1983-09-26,0.046052758
1983-09-27,0.046049524
1983-09-28,0.04608754
1983-09-29,0.046050567
1983-09-30,0.046040602
1983-10-01,0.04603994
1983-10-02,0.04604049
1983-10-03,0.046049204
1983-10-04,0.046049092
1983-10-05,0.046058785
1983-10-06,0.04607424
1983-10-07,0.046078544
1983-10-08,0.046078544
1983-10-09,0.04608121
1983-10-10,0.046153925
1983-10-11,0.046152186
1983-10-12,0.04614716
1983-10-13,0.046194136
1983-10-14,0.046165302
1983-10-15,0.046167266
1983-10-16,0.046169538
1983-10-17,0.04611901
1983-10-18,0.046184015
1983-10-19,0.04606711
1983-10-20,0.046465542
1983-10-21,0.046723686
1983-10-22,0.046778794
1983-10-23,0.046781126
1983-10-24,0.04717049
1983-10-25,0.046844658
1983-10-26,0.047616
1983-10-27,0.047580127
1983-10-28,0.047543664
1983-10-29,0.04754199
1983-10-30,0.04758422
1983-10-31,0.0477237
1983-11-01,0.047690608
1983-11-02,0.047679216
1983-11-03,0.04782893
1983-11-04,0.047833588
1983-11-05,0.047822583
1983-11-06,0.04782613
1983-11-07,0.047831904
1983-11-08,0.04784575
1983-11-09,0.047828157
1983-11-10,0.047849037
1983-11-11,0.047944836
1983-11-12,0.047944546
1983-11-13,0.047948103
1983-11-14,0.04796765
1983-11-15,0.048021395
1983-11-16,0.048037313
1983-11-17,0.048087236
1983-11-18,0.048109777
1983-11-19,0.048114784
1983-11-20,0.048114978
1983-11-21,0.048104342
1983-11-22,0.048091155
1983-11-23,0.048103455
1983-11-24,0.0481051
1983-11-25,0.048116267
1983-11-26,0.04814329
1983-11-27,0.048144106
1983-11-28,0.04814386
1983-11-29,0.04814525
1983-11-30,0.048155006
1983-12-01,0.048154768
1983-12-02,0.048156526
1983-12-03,0.048156504
1983-12-04,0.048156504
1983-12-05,0.04815472
1983-12-06,0.04816192
1983-12-07,0.048130065
1983-12-08,0.048144445
1983-12-09,0.048144884
1983-12-10,0.04814439
1983-12-11,0.048144754
1983-12-12,0.04816465
1983-12-13,0.048172437
1983-12-14,0.048177633
1983-12-15,0.04817981
1983-12-16,0.0482163
1983-12-17,0.048217542
1983-12-18,0.04821789
1983-12-19,0.048231635
1983-12-20,0.048282243
1983-12-21,0.048295792
1983-12-22,0.048288614
1983-12-23,0.0482892
1983-12-24,0.0482892
1983-12-25,0.0482892
1983-12-26,0.048289046
1983-12-27,0.048294343
1983-12-28,0.048293978
1983-12-29,0.048294388
1983-12-30,0.048295226
1983-12-31,0.048295226
1984-01-01,0.048295226
1984-01-02,0.048295166
1984-01-03,0.04829446
1984-01-04,0.048291355
1984-01-05,0.048303824
1984-01-06,0.048322644
1984-01-07,0.0483225
1984-01-08,0.048322387
1984-01-09,0.048322916
1984-01-10,0.04828101
1984-01-11,0.04830941
1984-01-12,0.048332803
1984-01-13,0.048326902
1984-01-14,0.048328884
1984-01-15,0.04832936
1984-01-16,0.04832436
1984-01-17,0.04851988
1984-01-18,0.04849989
1984-01-19,0.049010832
1984-01-20,0.048988257
1984-01-21,0.048989248
1984-01-22,0.048991498
1984-01-23,0.04885572
1984-01-24,0.048330054
1984-01-25,0.048251025
1984-01-26,0.048110057
1984-01-27,0.047066107
1984-01-28,0.047063023
1984-01-29,0.04706444
1984-01-30,0.047092833
1984-01-31,0.047044612
1984-02-01,0.047247853
1984-02-02,0.047301386
1984-02-03,0.047291525
1984-02-04,0.047293816
1984-02-05,0.04729749
1984-02-06,0.04728446
1984-02-07,0.047518607
1984-02-08,0.0483822
1984-02-09,0.048326712
1984-02-10,0.04834886
1984-02-11,0.048354235
1984-02-12,0.048364777
1984-02-13,0.048375674
1984-02-14,0.048669893
1984-02-15,0.048875477
1984-02-16,0.048640832
1984-02-17,0.04871474
1984-02-18,0.048715927
1984-02-19,0.04871742
1984-02-20,0.048732273
1984-02-21,0.04864354
1984-02-22,0.04858287
1984-02-23,0.04909519
1984-02-24,0.049246546
1984-02-25,0.049248558
1984-02-26,0.049250215
1984-02-27,0.049209658
1984-02-28,0.04928563
1984-02-29,0.049470738
1984-03-01,0.04946114
1984-03-02,0.049475297
1984-03-03,0.049475305
1984-03-04,0.04947548
1984-03-05,0.049524937
1984-03-06,0.04955711
1984-03-07,0.049530856
1984-03-08,0.049651403
1984-03-09,0.049637094
1984-03-10,0.04963829
1984-03-11,0.0496381
1984-03-12,0.04964379
1984-03-13,0.049737867
1984-03-14,0.049862817
1984-03-15,0.050362967
1984-03-16,0.050505854
1984-03-17,0.050483588
1984-03-18,0.050483648
1984-03-19,0.05047762
1984-03-20,0.050462916
1984-03-21,0.050451517
1984-03-22,0.050440513
1984-03-23,0.05042405
1984-03-24,0.050427757
1984-03-25,0.050428443
1984-03-26,0.05043595
1984-03-27,0.05043219
1984-03-28,0.05043025
1984-03-29,0.050446026
1984-03-30,0.05048809
1984-03-31,0.050488684
1984-04-01,0.050497327
1984-04-02,0.05053812
1984-04-03,0.050561592
1984-04-04,0.050561566
1984-04-05,0.050539136
1984-04-06,0.050540645
1984-04-07,0.050541196
1984-04-08,0.050541222
1984-04-09,0.050543364
1984-04-10,0.05051094
1984-04-11,0.05044396
1984-04-12,0.04985347
1984-04-13,0.04966317
1984-04-14,0.049662378
1984-04-15,0.0496695
1984-04-16,0.049558587
1984-04-17,0.04934869
1984-04-18,0.04940482
1984-04-19,0.049565446
1984-04-20,0.049460106
1984-04-21,0.049437013
1984-04-22,0.049452815
1984-04-23,0.049649205
1984-04-24,0.049396135
1984-04-25,0.04948424
1984-04-26,0.04962292
1984-04-27,0.04932017
1984-04-28,0.049320456
1984-04-29,0.049327567
1984-04-30,0.049764987
1984-05-01,0.049750403
1984-05-02,0.049754072
1984-05-03,0.049809076
1984-05-04,0.049802445
1984-05-05,0.049792927
1984-05-06,0.049793147
1984-05-07,0.05001735
1984-05-08,0.05000351
1984-05-09,0.049985133
1984-05-10,0.049931344
1984-05-11,0.049943626
1984-05-12,0.049944963
1984-05-13,0.04994552
1984-05-14,0.049924742
1984-05-15,0.04957456
1984-05-16,0.049552083
1984-05-17,0.049544085
1984-05-18,0.04963799
1984-05-19,0.049639028
1984-05-20,0.04963889
1984-05-21,0.049662873
1984-05-22,0.04966787
1984-05-23,0.049481362
1984-05-24,0.04940884
1984-05-25,0.049376436
1984-05-26,0.049391665
1984-05-27,0.049391776
1984-05-28,0.049389686
1984-05-29,0.049389586
1984-05-30,0.049440935
1984-05-31,0.049439006
1984-06-01,0.049424652
1984-06-02,0.049424607
1984-06-03,0.04942391
1984-06-04,0.04942194
1984-06-05,0.049420815
1984-06-06,0.04941783
1984-06-07,0.049501058
1984-06-08,0.049456466
1984-06-09,0.049456466
1984-06-10,0.049456537
1984-06-11,0.049441736
1984-06-12,0.049528506
1984-06-13,0.049539857
1984-06-14,0.04946112
1984-06-15,0.04945839
1984-06-16,0.049459424
1984-06-17,0.049459126
1984-06-18,0.04945451
1984-06-19,0.049474943
1984-06-20,0.04950007
1984-06-21,0.049526103
1984-06-22,0.049537927
1984-06-23,0.049537882
1984-06-24,0.049537882
1984-06-25,0.04952725
1984-06-26,0.049538087
1984-06-27,0.049565148
1984-06-28,0.049606718
1984-06-29,0.049617425
1984-06-30,0.049617425
1984-07-01,0.04961634
1984-07-02,0.04960868
1984-07-03,0.049627297
1984-07-04,0.049627297
1984-07-05,0.04963298
1984-07-06,0.049667705
1984-07-07,0.049667705
1984-07-08,0.04966776
1984-07-09,0.049689032
1984-07-10,0.049691774
1984-07-11,0.04977579
1984-07-12,0.049968906
1984-07-13,0.05038117
1984-07-14,0.05038119
1984-07-15,0.050381217
1984-07-16,0.05051775
1984-07-17,0.05072968
1984-07-18,0.0507844
1984-07-19,0.053124696
1984-07-20,0.053348962
1984-07-21,0.05335591
1984-07-22,0.053342763
1984-07-23,0.053419594
1984-07-24,0.053355485
1984-07-25,0.053127687
1984-07-26,0.053248033
1984-07-27,0.05319449
1984-07-28,0.05324023
1984-07-29,0.053229734
1984-07-30,0.052627157
1984-07-31,0.0526307
1984-08-01,0.05274336
1984-08-02,0.05253353
1984-08-03,0.052473325
1984-08-04,0.052477475
1984-08-05,0.05247741
1984-08-06,0.05247282
1984-08-07,0.052379925
1984-08-08,0.052377995
1984-08-09,0.05231213
1984-08-10,0.052012682
1984-08-11,0.05201311
1984-08-12,0.052013326
1984-08-13,0.05199439
1984-08-14,0.051963594
1984-08-15,0.05198898
1984-08-16,0.051966906
1984-08-17,0.051951975
1984-08-18,0.051955793
1984-08-19,0.051953625
1984-08-20,0.051925108
1984-08-21,0.051916927
1984-08-22,0.051934216
1984-08-23,0.05193259
1984-08-24,0.051905714
1984-08-25,0.051906113
1984-08-26,0.051906582
1984-08-27,0.05186145
1984-08-28,0.051870123
1984-08-29,0.05186037
1984-08-30,0.051861223
1984-08-31,0.052059945
1984-09-01,0.052059945
1984-09-02,0.052060023
1984-09-03,0.052060466
1984-09-04,0.052069444
1984-09-05,0.052044984
1984-09-06,0.052030515
1984-09-07,0.05203459
1984-09-08,0.052034788
1984-09-09,0.052034546
1984-09-10,0.052019767
1984-09-11,0.052011043
1984-09-12,0.052007645
1984-09-13,0.052004352
1984-09-14,0.051995218
1984-09-15,0.051987026
1984-09-16,0.051987004
1984-09-17,0.05198425
1984-09-18,0.051973984
1984-09-19,0.05193814
1984-09-20,0.051906474
1984-09-21,0.0518968
1984-09-22,0.0518968
1984-09-23,0.05189627
1984-09-24,0.05184831
1984-09-25,0.051849715
1984-09-26,0.051827483
1984-09-27,0.0518136
1984-09-28,0.051804952
1984-09-29,0.051804535
1984-09-30,0.051804535
1984-10-01,0.05182999
1984-10-02,0.051830553
1984-10-03,0.05184484
1984-10-04,0.051835623
1984-10-05,0.05182629
1984-10-06,0.05182675
1984-10-07,0.05182662
1984-10-08,0.051826507
1984-10-09,0.05183712
1984-10-10,0.0518521
1984-10-11,0.05175031
1984-10-12,0.051594686
1984-10-13,0.051594447
1984-10-14,0.051594447
1984-10-15,0.051548723
1984-10-16,0.0515037
1984-10-17,0.051233783
1984-10-18,0.051084165
1984-10-19,0.05092149
1984-10-20,0.050954923
1984-10-21,0.050955072
1984-10-22,0.05115299
1984-10-23,0.051030193
1984-10-24,0.050216883
1984-10-25,0.049585212
1984-10-26,0.049489994
1984-10-27,0.049495623
1984-10-28,0.049494725
1984-10-29,0.049187973
1984-10-30,0.04920511
1984-10-31,0.04920152
1984-11-01,0.04919278
1984-11-02,0.0491237
1984-11-03,0.04912325
1984-11-04,0.04912227
1984-11-05,0.049096737
1984-11-06,0.0491318
1984-11-07,0.049124915
1984-11-08,0.049091917
1984-11-09,0.04911106
1984-11-10,0.04926019
1984-11-11,0.049277052
1984-11-12,0.04933258
1984-11-13,0.049353387
1984-11-14,0.04933944
1984-11-15,0.049311813
1984-11-16,0.049302217
1984-11-17,0.049302176
1984-11-18,0.049303364
1984-11-19,0.049303066
1984-11-20,0.049329232
1984-11-21,0.049328342
1984-11-22,0.04932771
1984-11-23,0.04933031
1984-11-24,0.049330276
1984-11-25,0.049329218
1984-11-26,0.049343504
1984-11-27,0.049358748
1984-11-28,0.049348738
1984-11-29,0.049365915
1984-11-30,0.049359933
1984-12-01,0.049360003
1984-12-02,0.04935958
1984-12-03,0.04937679
1984-12-04,0.04937507
1984-12-05,0.049350925
1984-12-06,0.04936481
1984-12-07,0.049355794
1984-12-08,0.049355786
1984-12-09,0.049356792
1984-12-10,0.049364276
1984-12-11,0.04936382
1984-12-12,0.049351793
1984-12-13,0.049352143
1984-12-14,0.049394492
1984-12-15,0.049394507
1984-12-16,0.0493946
1984-12-17,0.049391627
1984-12-18,0.0493849
1984-12-19,0.049418665
1984-12-20,0.049421657
1984-12-21,0.049405526
1984-12-22,0.04940678
1984-12-23,0.049426556
1984-12-24,0.04942614
1984-12-25,0.04942614
1984-12-26,0.04942108
1984-12-27,0.049422543
1984-12-28,0.049384583
1984-12-29,0.049384907
1984-12-30,0.04938471
1984-12-31,0.04938248
1985-01-01,0.04938218
1985-01-02,0.049382403
1985-01-03,0.049322728
1985-01-04,0.04931689
1985-01-05,0.049316924
1985-01-06,0.049316924
1985-01-07,0.049311582
1985-01-08,0.04929436
1985-01-09,0.049293816
1985-01-10,0.049297385
1985-01-11,0.04928872
1985-01-12,0.04928872
1985-01-13,0.0492885
1985-01-14,0.049286198
1985-01-15,0.04920133
1985-01-16,0.049243823
1985-01-17,0.04927186
1985-01-18,0.049830046
1985-01-19,0.0498326
1985-01-20,0.04983051
1985-01-21,0.049605116
1985-01-22,0.049551282
1985-01-23,0.049466003
1985-01-24,0.049342796
1985-01-25,0.049018577
1985-01-26,0.049018666
1985-01-27,0.04902456
1985-01-28,0.048788134
1985-01-29,0.04920333
1985-01-30,0.048870247
1985-01-31,0.04882031
1985-02-01,0.048973106
1985-02-02,0.04896913
1985-02-03,0.04896883
1985-02-04,0.04888612
1985-02-05,0.048874874
1985-02-06,0.04895622
1985-02-07,0.048848763
1985-02-08,0.048763603
1985-02-09,0.048763573
1985-02-10,0.04874421
1985-02-11,0.048922252
1985-02-12,0.0489016
1985-02-13,0.048911814
1985-02-14,0.04919749
1985-02-15,0.049489975
1985-02-16,0.04949043
1985-02-17,0.049490765
1985-02-18,0.049493052
1985-02-19,0.049328245
1985-02-20,0.049344733
1985-02-21,0.049210798
1985-02-22,0.049150765
1985-02-23,0.049150888
1985-02-24,0.049150582
1985-02-25,0.049116753
1985-02-26,0.049105313
1985-02-27,0.04943185
1985-02-28,0.049479693
1985-03-01,0.049668957
1985-03-02,0.04966904
1985-03-03,0.049671214
1985-03-04,0.049687956
1985-03-05,0.04971256
1985-03-06,0.049740884
1985-03-07,0.049600814
1985-03-08,0.05143865
1985-03-09,0.051438615
1985-03-10,0.051439296
1985-03-11,0.051437423
1985-03-12,0.051435046
1985-03-13,0.05141714
1985-03-14,0.05152075
1985-03-15,0.05136045
1985-03-16,0.05133777
1985-03-17,0.05133777
1985-03-18,0.05142067
1985-03-19,0.051590215
1985-03-20,0.051674746
1985-03-21,0.051688965
1985-03-22,0.051662914
1985-03-23,0.051662978
1985-03-24,0.05166534
1985-03-25,0.051662836
1985-03-26,0.051673897
1985-03-27,0.05168877
1985-03-28,0.05192546
1985-03-29,0.051953547
1985-03-30,0.051953793
1985-03-31,0.051953793
1985-04-01,0.051945508
1985-04-02,0.051967848
1985-04-03,0.052069746
1985-04-04,0.052064583
1985-04-05,0.052077867
1985-04-06,0.052077763
1985-04-07,0.052077793
1985-04-08,0.05199539
1985-04-09,0.05204552
1985-04-10,0.052076448
1985-04-11,0.050905548
1985-04-12,0.050611287
1985-04-13,0.050611287
1985-04-14,0.05061144
1985-04-15,0.050567206
1985-04-16,0.050470017
1985-04-17,0.050325613
1985-04-18,0.050217535
1985-04-19,0.049062926
1985-04-20,0.049059715
1985-04-21,0.049061492
1985-04-22,0.049126197
1985-04-23,0.049445774
1985-04-24,0.049246226
1985-04-25,0.049198855
1985-04-26,0.049578283
1985-04-27,0.049577046
1985-04-28,0.049559835
1985-04-29,0.049664
1985-04-30,0.04971901
1985-05-01,0.04982623
1985-05-02,0.04993648
1985-05-03,0.04983778
1985-05-04,0.049827527
1985-05-05,0.049828816
1985-05-06,0.049843173
1985-05-07,0.0498594
1985-05-08,0.04992195
1985-05-09,0.04982866
1985-05-10,0.049831018
1985-05-11,0.049833946
1985-05-12,0.049840633
1985-05-13,0.04983366
1985-05-14,0.04983925
1985-05-15,0.049767617
1985-05-16,0.049785834
1985-05-17,0.049767252
1985-05-18,0.049760256
1985-05-19,0.049760807
1985-05-20,0.0497995
1985-05-21,0.049645416
1985-05-22,0.04955259
1985-05-23,0.049239203
1985-05-24,0.04908204
1985-05-25,0.04908391
1985-05-26,0.049083937
1985-05-27,0.049083922
1985-05-28,0.049085625
1985-05-29,0.049089205
1985-05-30,0.04909701
1985-05-31,0.049074788
1985-06-01,0.049073916
1985-06-02,0.049073875
1985-06-03,0.049071986
1985-06-04,0.049059138
1985-06-05,0.049049262
1985-06-06,0.04894617
1985-06-07,0.04905624
1985-06-08,0.049069896
1985-06-09,0.049069967
1985-06-10,0.049067486
1985-06-11,0.049054854
1985-06-12,0.04890061
1985-06-13,0.048890077
1985-06-14,0.048898455
1985-06-15,0.048898604
1985-06-16,0.048899435
1985-06-17,0.048888657
1985-06-18,0.048922736
1985-06-19,0.048912685
1985-06-20,0.048993636
1985-06-21,0.04896514
1985-06-22,0.048965115
1985-06-23,0.048965212
1985-06-24,0.048965123
1985-06-25,0.048987
1985-06-26,0.049004935
1985-06-27,0.04900346
1985-06-28,0.049006157
1985-06-29,0.04899841
1985-06-30,0.04899571
1985-07-01,0.049007975
1985-07-02,0.049028683
1985-07-03,0.049029503
1985-07-04,0.049029503
1985-07-05,0.049027994
1985-07-06,0.04902802
1985-07-07,0.049028274
1985-07-08,0.048960384
1985-07-09,0.04894821
1985-07-10,0.0490201
1985-07-11,0.049097225
1985-07-12,0.049301717
1985-07-13,0.04930071
1985-07-14,0.049290325
1985-07-15,0.049418077
1985-07-16,0.04980348
1985-07-17,0.04967264
1985-07-18,0.05018316
1985-07-19,0.05068348
1985-07-20,0.050704785
1985-07-21,0.050701898
1985-07-22,0.05063258
1985-07-23,0.050764218
1985-07-24,0.05091858
1985-07-25,0.05109723
1985-07-26,0.051023375
1985-07-27,0.051025238
1985-07-28,0.05102506
1985-07-29,0.050885044
1985-07-30,0.050935145
1985-07-31,0.05101068
1985-08-01,0.050904885
1985-08-02,0.050898388
1985-08-03,0.050901216
1985-08-04,0.050901182
1985-08-05,0.05076745
1985-08-06,0.050739646
1985-08-07,0.050594814
1985-08-08,0.05038968
1985-08-09,0.050609313
1985-08-10,0.05058487
1985-08-11,0.050585095
1985-08-12,0.050572783
1985-08-13,0.050576113
1985-08-14,0.050626893
1985-08-15,0.050606005
1985-08-16,0.050591856
1985-08-17,0.05060607
1985-08-18,0.050601665
1985-08-19,0.050586805
1985-08-20,0.05056264
1985-08-21,0.05060019
1985-08-22,0.050590724
1985-08-23,0.05058996
1985-08-24,0.05058996
1985-08-25,0.05058981
1985-08-26,0.05059343
1985-08-27,0.05059504
1985-08-28,0.050591707
1985-08-29,0.05060609
1985-08-30,0.050597683
1985-08-31,0.050597683
1985-09-01,0.050597683
1985-09-02,0.05059773
1985-09-03,0.050604086
1985-09-04,0.050614223
1985-09-05,0.050594587
1985-09-06,0.050564818
1985-09-07,0.050564818
1985-09-08,0.050565943
1985-09-09,0.050567526
1985-09-10,0.050572738
1985-09-11,0.05057248
1985-09-12,0.050567273
1985-09-13,0.050562583
1985-09-14,0.050562542
1985-09-15,0.050562568
1985-09-16,0.050562523
1985-09-17,0.050516292
1985-09-18,0.050506692
1985-09-19,0.050504826
1985-09-20,0.050459586
1985-09-21,0.050460063
1985-09-22,0.050461747
1985-09-23,0.050467283
1985-09-24,0.05047084
1985-09-25,0.05045667
1985-09-26,0.05045799
1985-09-27,0.05044873
1985-09-28,0.05044873
1985-09-29,0.050448768
1985-09-30,0.050438024
1985-10-01,0.050318945
1985-10-02,0.050306693
1985-10-03,0.050347053
1985-10-04,0.05034267
1985-10-05,0.05034262
1985-10-06,0.050343703
1985-10-07,0.05034378
1985-10-08,0.050356887
1985-10-09,0.050349366
1985-10-10,0.050175168
1985-10-11,0.05015889
1985-10-12,0.05016956
1985-10-13,0.05016991
1985-10-14,0.049990997
1985-10-15,0.05008031
1985-10-16,0.050075497
1985-10-17,0.05023631
1985-10-18,0.05006113
1985-10-19,0.05007131
1985-10-20,0.05007133
1985-10-21,0.05007228
1985-10-22,0.049634386
1985-10-23,0.049814034
1985-10-24,0.04966921
1985-10-25,0.049848765
1985-10-26,0.049862124
1985-10-27,0.04986101
1985-10-28,0.04944313
1985-10-29,0.049186755
1985-10-30,0.04906027
1985-10-31,0.04919355
1985-11-01,0.049165677
1985-11-02,0.049165938
1985-11-03,0.04916393
1985-11-04,0.04918942
1985-11-05,0.049366616
1985-11-06,0.04933829
1985-11-07,0.049350303
1985-11-08,0.048860718
1985-11-09,0.048869163
1985-11-10,0.04886921
1985-11-11,0.04885792
1985-11-12,0.048745006
1985-11-13,0.048783943
1985-11-14,0.04875863
1985-11-15,0.048731156
1985-11-16,0.04873117
1985-11-17,0.04873178
1985-11-18,0.048753757
1985-11-19,0.048818126
1985-11-20,0.04884694
1985-11-21,0.04885388
1985-11-22,0.048887372
1985-11-23,0.04888733
1985-11-24,0.04888752
1985-11-25,0.04888926
1985-11-26,0.04890021
1985-11-27,0.04891506
1985-11-28,0.04891506
1985-11-29,0.048913706
1985-11-30,0.04891506
1985-12-01,0.04891506
1985-12-02,0.04891424
1985-12-03,0.04889579
1985-12-04,0.048899237
1985-12-05,0.048909742
1985-12-06,0.048933752
1985-12-07,0.048933752
1985-12-08,0.048933562
1985-12-09,0.048945244
1985-12-10,0.048945446
1985-12-11,0.048953723
1985-12-12,0.04895609
1985-12-13,0.048980325
1985-12-14,0.048980325
1985-12-15,0.048980135
1985-12-16,0.048978165
1985-12-17,0.049032744
1985-12-18,0.04903995
1985-12-19,0.049061853
1985-12-20,0.049085602
1985-12-21,0.04908281
1985-12-22,0.049082838
1985-12-23,0.04907988
1985-12-24,0.04908529
1985-12-25,0.04908529
1985-12-26,0.04908284
1985-12-27,0.04908371
1985-12-28,0.049083684
1985-12-29,0.0490838
1985-12-30,0.049084518
1985-12-31,0.0490826
1986-01-01,0.0490826
1986-01-02,0.04908055
1986-01-03,0.049069043
1986-01-04,0.04906909
1986-01-05,0.04906909
1986-01-06,0.049070094
1986-01-07,0.049042154
1986-01-08,0.04904765
1986-01-09,0.049051743
1986-01-10,0.049054496
1986-01-11,0.049054496
1986-01-12,0.049054496
1986-01-13,0.049065217
1986-01-14,0.04913715
1986-01-15,0.049254827
1986-01-16,0.049539763
1986-01-17,0.050702248
1986-01-18,0.050702285
1986-01-19,0.050702035
1986-01-20,0.05059899
1986-01-21,0.050556827
1986-01-22,0.050445598
1986-01-23,0.050221942
1986-01-24,0.049975164
1986-01-25,0.049974054
1986-01-26,0.049975686
1986-01-27,0.049808986
1986-01-28,0.049529735
1986-01-29,0.049407728
1986-01-30,0.04930275
1986-01-31,0.04893402
1986-02-01,0.04895659
1986-02-02,0.04895651
1986-02-03,0.048928015
1986-02-04,0.04870284
1986-02-05,0.048731662
1986-02-06,0.048907034
1986-02-07,0.049090184
1986-02-08,0.049082566
1986-02-09,0.04908407
1986-02-10,0.0490284
1986-02-11,0.04928331
1986-02-12,0.04929428
1986-02-13,0.049208686
1986-02-14,0.049199216
1986-02-15,0.049191136
1986-02-16,0.049191084
1986-02-17,0.04919219
1986-02-18,0.049346223
1986-02-19,0.04925584
1986-02-20,0.049199402
1986-02-21,0.049217902
1986-02-22,0.049226824
1986-02-23,0.049242854
1986-02-24,0.04926975
1986-02-25,0.04929752
1986-02-26,0.049273513
1986-02-27,0.049366433
1986-02-28,0.0495843
1986-03-01,0.04958511
1986-03-02,0.04958224
1986-03-03,0.049617954
1986-03-04,0.049640443
1986-03-05,0.04961669
1986-03-06,0.04964357
1986-03-07,0.049681846
1986-03-08,0.049681958
1986-03-09,0.049681842
1986-03-10,0.049603783
1986-03-11,0.049616657
1986-03-12,0.04962482
1986-03-13,0.049642976
1986-03-14,0.050271347
1986-03-15,0.050269227
1986-03-16,0.050269578
1986-03-17,0.050264873
1986-03-18,0.050318033
1986-03-19,0.050492056
1986-03-20,0.05066894
1986-03-21,0.050628457
1986-03-22,0.050627846
1986-03-23,0.05062785
1986-03-24,0.050645426
1986-03-25,0.05068382
1986-03-26,0.0506804
1986-03-27,0.050743766
1986-03-28,0.05073579
1986-03-29,0.050735798
1986-03-30,0.05073547
1986-03-31,0.050800428
1986-04-01,0.050779678
1986-04-02,0.05077199
1986-04-03,0.050769977
1986-04-04,0.0507789
1986-04-05,0.05076836
1986-04-06,0.05076362
1986-04-07,0.050774448
1986-04-08,0.050764784
1986-04-09,0.05076465
1986-04-10,0.05052696
1986-04-11,0.05051951
1986-04-12,0.05051953
1986-04-13,0.05051942
1986-04-14,0.048938483
1986-04-15,0.048757516
1986-04-16,0.04865229
1986-04-17,0.04899558
1986-04-18,0.048862364
1986-04-19,0.048902474
1986-04-20,0.048899602
1986-04-21,0.049078256
1986-04-22,0.048776552
1986-04-23,0.04886321
1986-04-24,0.04870953
1986-04-25,0.04881702
1986-04-26,0.048777297
1986-04-27,0.048801254
1986-04-28,0.048876293
1986-04-29,0.048785985
1986-04-30,0.04860924
1986-05-01,0.04828114
1986-05-02,0.04829698
1986-05-03,0.048295476
1986-05-04,0.048297025
1986-05-05,0.048379183
1986-05-06,0.048477154
1986-05-07,0.048465222
1986-05-08,0.048440028
1986-05-09,0.04835082
1986-05-10,0.04835082
1986-05-11,0.048352137
1986-05-12,0.048342016
1986-05-13,0.04832775
1986-05-14,0.048202455
1986-05-15,0.048110362
1986-05-16,0.04757831
1986-05-17,0.047577944
1986-05-18,0.04757722
1986-05-19,0.04761604
1986-05-20,0.047539584
1986-05-21,0.0471154
1986-05-22,0.04712031
1986-05-23,0.047121733
1986-05-24,0.04712205
1986-05-25,0.047122188
1986-05-26,0.047050077
1986-05-27,0.046954285
1986-05-28,0.04691587
1986-05-29,0.046911553
1986-05-30,0.046867616
1986-05-31,0.046867616
1986-06-01,0.046867616
1986-06-02,0.04686488
1986-06-03,0.04683781
1986-06-04,0.04681398
1986-06-05,0.046822783
1986-06-06,0.0467158
1986-06-07,0.0467158
1986-06-08,0.0467158
1986-06-09,0.04671291
1986-06-10,0.046718042
1986-06-11,0.04671959
1986-06-12,0.04672622
1986-06-13,0.046721924
1986-06-14,0.046722874
1986-06-15,0.046668347
1986-06-16,0.046667457
1986-06-17,0.046654686
1986-06-18,0.046637073
1986-06-19,0.046640497
1986-06-20,0.04664363
1986-06-21,0.04664496
1986-06-22,0.046643328
1986-06-23,0.046661735
1986-06-24,0.046698377
1986-06-25,0.046703525
1986-06-26,0.046709895
1986-06-27,0.04671893
1986-06-28,0.04671893
1986-06-29,0.046719026
1986-06-30,0.04673251
1986-07-01,0.046747226
1986-07-02,0.046759266
1986-07-03,0.0467647
1986-07-04,0.0467647
1986-07-05,0.0467647
1986-07-06,0.04676459
1986-07-07,0.046772998
1986-07-08,0.046849478
1986-07-09,0.046867304
1986-07-10,0.046886828
1986-07-11,0.046875436
1986-07-12,0.046875533
1986-07-13,0.046874944
1986-07-14,0.04695176
1986-07-15,0.047158696
1986-07-16,0.04743016
1986-07-17,0.047426183
1986-07-18,0.047594924
1986-07-19,0.047608774
1986-07-20,0.047605444
1986-07-21,0.04747791
1986-07-22,0.04764874
1986-07-23,0.047574848
1986-07-24,0.047308598
1986-07-25,0.047162697
1986-07-26,0.047168113
1986-07-27,0.04716475
1986-07-28,0.047078595
1986-07-29,0.046847217
1986-07-30,0.04644284
1986-07-31,0.046430975
1986-08-01,0.046406653
1986-08-02,0.046406653
1986-08-03,0.046407312
1986-08-04,0.04636628
1986-08-05,0.04624593
1986-08-06,0.046220087
1986-08-07,0.04607162
1986-08-08,0.04577644
1986-08-09,0.045776572
1986-08-10,0.04575208
1986-08-11,0.045773182
1986-08-12,0.0457719
1986-08-13,0.04574451
1986-08-14,0.04574235
1986-08-15,0.045730043
1986-08-16,0.04572969
1986-08-17,0.045729183
1986-08-18,0.045670062
1986-08-19,0.045627654
1986-08-20,0.045651548
1986-08-21,0.04568372
1986-08-22,0.045659654
1986-08-23,0.04566269
1986-08-24,0.045663506
1986-08-25,0.04566444
1986-08-26,0.045647644
1986-08-27,0.0456247
1986-08-28,0.045626514
1986-08-29,0.045644037
1986-08-30,0.045644034
1986-08-31,0.045645095
1986-09-01,0.04564508
1986-09-02,0.04563315
1986-09-03,0.045630705
1986-09-04,0.04567417
1986-09-05,0.04567675
1986-09-06,0.04567886
1986-09-07,0.045682095
1986-09-08,0.045687106
1986-09-09,0.04568716
1986-09-10,0.045687832
1986-09-11,0.04568481
1986-09-12,0.04568248
1986-09-13,0.045682196
1986-09-14,0.045681983
1986-09-15,0.04567604
1986-09-16,0.045672968
1986-09-17,0.045633163
1986-09-18,0.045630727
1986-09-19,0.04557913
1986-09-20,0.04557913
1986-09-21,0.04557913
1986-09-22,0.04557649
1986-09-23,0.045591056
1986-09-24,0.045590386
1986-09-25,0.04557687
1986-09-26,0.0455737
1986-09-27,0.045574613
1986-09-28,0.04557343
1986-09-29,0.045591306
1986-09-30,0.045588505
1986-10-01,0.045528214
1986-10-02,0.045514204
1986-10-03,0.0455119
1986-10-04,0.045512423
1986-10-05,0.045510277
1986-10-06,0.045511123
1986-10-07,0.045510486
1986-10-08,0.045475822
1986-10-09,0.0454875
1986-10-10,0.045379955
1986-10-11,0.04538017
1986-10-12,0.04538017
1986-10-13,0.045382258
1986-10-14,0.045227773
1986-10-15,0.04521792
1986-10-16,0.045082092
1986-10-17,0.044955507
1986-10-18,0.04498871
1986-10-19,0.04499018
1986-10-20,0.045032814
1986-10-21,0.045159
1986-10-22,0.04506145
1986-10-23,0.044862796
1986-10-24,0.04462579
1986-10-25,0.044649225
1986-10-26,0.044647247
1986-10-27,0.044591457
1986-10-28,0.044645842
1986-10-29,0.044654224
1986-10-30,0.044697244
1986-10-31,0.044856906
1986-11-01,0.044857558
1986-11-02,0.0449025
1986-11-03,0.045003626
1986-11-04,0.045036953
1986-11-05,0.045042805
1986-11-06,0.04504394
1986-11-07,0.04506015
1986-11-08,0.04507059
1986-11-09,0.045070913
1986-11-10,0.045049723
1986-11-11,0.04507416
1986-11-12,0.045061205
1986-11-13,0.04509743
1986-11-14,0.04485287
1986-11-15,0.044855244
1986-11-16,0.044857826
1986-11-17,0.04494786
1986-11-18,0.044949215
1986-11-19,0.044883683
1986-11-20,0.04488693
1986-11-21,0.04491536
1986-11-22,0.044914473
1986-11-23,0.04491424
1986-11-24,0.044896357
1986-11-25,0.04489179
1986-11-26,0.044923134
1986-11-27,0.044923756
1986-11-28,0.0449225
1986-11-29,0.044923466
1986-11-30,0.044923298
1986-12-01,0.0449357
1986-12-02,0.044949055
1986-12-03,0.044949956
1986-12-04,0.04495962
1986-12-05,0.0449751
1986-12-06,0.0449751
1986-12-07,0.0449751
1986-12-08,0.04498121
1986-12-09,0.044977643
1986-12-10,0.045001
1986-12-11,0.044960175
1986-12-12,0.044977628
1986-12-13,0.044968963
1986-12-14,0.044968963
1986-12-15,0.04497011
1986-12-16,0.044960886
1986-12-17,0.044975325
1986-12-18,0.044979267
1986-12-19,0.044967115
1986-12-20,0.044950813
1986-12-21,0.044950813
1986-12-22,0.044949263
1986-12-23,0.044940688
1986-12-24,0.04494549
1986-12-25,0.04494549
1986-12-26,0.04494598
1986-12-27,0.044946034
1986-12-28,0.044946034
1986-12-29,0.044941515
1986-12-30,0.044930767
1986-12-31,0.044928845
1987-01-01,0.044928845
1987-01-02,0.044956405
1987-01-03,0.044956382
1987-01-04,0.044956405
1987-01-05,0.044958603
1987-01-06,0.04494422
1987-01-07,0.044933744
1987-01-08,0.04493838
1987-01-09,0.044942535
1987-01-10,0.04494234
1987-01-11,0.04494234
1987-01-12,0.044935215
1987-01-13,0.04494817
1987-01-14,0.045067403
1987-01-15,0.04507163
1987-01-16,0.04523916
1987-01-17,0.04523605
1987-01-18,0.045236077
1987-01-19,0.045253392
1987-01-20,0.04557464
1987-01-21,0.045671955
1987-01-22,0.04546076
1987-01-23,0.04537312
1987-01-24,0.04536736
1987-01-25,0.04536355
1987-01-26,0.045444664
1987-01-27,0.045425724
1987-01-28,0.044966627
1987-01-29,0.044771142
1987-01-30,0.04462026
1987-01-31,0.044619914
1987-02-01,0.044619918
1987-02-02,0.04455968
1987-02-03,0.044465154
1987-02-04,0.044611868
1987-02-05,0.044791225
1987-02-06,0.044290017
1987-02-07,0.044289995
1987-02-08,0.044290353
1987-02-09,0.044186633
1987-02-10,0.04417886
1987-02-11,0.044215184
1987-02-12,0.044450663
1987-02-13,0.04443639
1987-02-14,0.044429027
1987-02-15,0.044428557
1987-02-16,0.044423606
1987-02-17,0.044292513
1987-02-18,0.043461654
1987-02-19,0.043470554
1987-02-20,0.043485343
1987-02-21,0.043482296
1987-02-22,0.04348433
1987-02-23,0.043386497
1987-02-24,0.04340385
1987-02-25,0.042905707
1987-02-26,0.042974036
1987-02-27,0.042938776
1987-02-28,0.042968005
1987-03-01,0.0429706
1987-03-02,0.04295777
1987-03-03,0.043209296
1987-03-04,0.04335011
1987-03-05,0.043368127
1987-03-06,0.04336123
1987-03-07,0.043361213
1987-03-08,0.043361705
1987-03-09,0.043366097
1987-03-10,0.04346455
1987-03-11,0.04349757
1987-03-12,0.04373691
1987-03-13,0.04378848
1987-03-14,0.043790158
1987-03-15,0.043791734
1987-03-16,0.043790333
1987-03-17,0.043772027
1987-03-18,0.04400117
1987-03-19,0.044122405
1987-03-20,0.044083003
1987-03-21,0.04408383
1987-03-22,0.04408383
1987-03-23,0.04407257
1987-03-24,0.044086196
1987-03-25,0.044071898
1987-03-26,0.04408442
1987-03-27,0.044066142
1987-03-28,0.044066265
1987-03-29,0.044068042
1987-03-30,0.044069994
1987-03-31,0.04407337
1987-04-01,0.044066902
1987-04-02,0.04407079
1987-04-03,0.044126675
1987-04-04,0.04412731
1987-04-05,0.044126485
1987-04-06,0.04411694
1987-04-07,0.044098612
1987-04-08,0.044142067
1987-04-09,0.044133455
1987-04-10,0.043936055
1987-04-11,0.043936092
1987-04-12,0.043936495
1987-04-13,0.043881867
1987-04-14,0.043341022
1987-04-15,0.043367546
1987-04-16,0.04318944
1987-04-17,0.043203905
1987-04-18,0.043205336
1987-04-19,0.04320115
1987-04-20,0.043392565
1987-04-21,0.04353918
1987-04-22,0.04350411
1987-04-23,0.04310082
1987-04-24,0.043289583
1987-04-25,0.043282446
1987-04-26,0.04327468
1987-04-27,0.04329043
1987-04-28,0.0430564
1987-04-29,0.043561168
1987-04-30,0.04427565
1987-05-01,0.044319578
1987-05-02,0.044311035
1987-05-03,0.044309124
1987-05-04,0.044443432
1987-05-05,0.044429056
1987-05-06,0.044413902
1987-05-07,0.044359475
1987-05-08,0.04431689
1987-05-09,0.044314962
1987-05-10,0.044314858
1987-05-11,0.044304263
1987-05-12,0.04437811
1987-05-13,0.044402596
1987-05-14,0.044306546
1987-05-15,0.044307448
1987-05-16,0.044308286
1987-05-17,0.04430875
1987-05-18,0.044333175
1987-05-19,0.044223383
1987-05-20,0.043693352
1987-05-21,0.043692645
1987-05-22,0.043648556
1987-05-23,0.043648284
1987-05-24,0.04364825
1987-05-25,0.043647964
1987-05-26,0.04364931
1987-05-27,0.043619245
1987-05-28,0.04361711
1987-05-29,0.043618374
1987-05-30,0.04361825
1987-05-31,0.043618366
1987-06-01,0.04357817
1987-06-02,0.043574605
1987-06-03,0.043532785
1987-06-04,0.043533284
1987-06-05,0.043501705
1987-06-06,0.04350127
1987-06-07,0.043487005
1987-06-08,0.043485988
1987-06-09,0.04348387
1987-06-10,0.043481175
1987-06-11,0.043470755
1987-06-12,0.043472692
1987-06-13,0.04347453
1987-06-14,0.043474097
1987-06-15,0.043506894
1987-06-16,0.043511696
1987-06-17,0.043512035
1987-06-18,0.04352352
1987-06-19,0.043665748
1987-06-20,0.043665748
1987-06-21,0.04366595
1987-06-22,0.043703485
1987-06-23,0.043724705
1987-06-24,0.043727297
1987-06-25,0.04372362
1987-06-26,0.043732304
1987-06-27,0.043732304
1987-06-28,0.043732677
1987-06-29,0.043638654
1987-06-30,0.04363009
1987-07-01,0.04363099
1987-07-02,0.043648615
1987-07-03,0.043649096
1987-07-04,0.043649096
1987-07-05,0.04364912
1987-07-06,0.04364424
1987-07-07,0.043648835
1987-07-08,0.043656196
1987-07-09,0.04384897
1987-07-10,0.043878958
1987-07-11,0.043879356
1987-07-12,0.04387711
1987-07-13,0.04383374
1987-07-14,0.044373102
1987-07-15,0.044458173
1987-07-16,0.04491002
1987-07-17,0.045325622
1987-07-18,0.045318276
1987-07-19,0.045318164
1987-07-20,0.045341436
1987-07-21,0.04553141
1987-07-22,0.04646329
1987-07-23,0.046521824
1987-07-24,0.046425007
1987-07-25,0.04642661
1987-07-26,0.046427105
1987-07-27,0.04651742
1987-07-28,0.04665776
1987-07-29,0.04672054
1987-07-30,0.04670878
1987-07-31,0.04666806
1987-08-01,0.04666694
1987-08-02,0.046667237
1987-08-03,0.046615884
1987-08-04,0.046665788
1987-08-05,0.046560604
1987-08-06,0.046539947
1987-08-07,0.046446003
1987-08-08,0.04644349
1987-08-09,0.046443608
1987-08-10,0.04635724
1987-08-11,0.04633079
1987-08-12,0.046246912
1987-08-13,0.046256516
1987-08-14,0.046195634
1987-08-15,0.04619997
1987-08-16,0.046202824
1987-08-17,0.04620443
1987-08-18,0.046081312
1987-08-19,0.04600523
1987-08-20,0.046003982
1987-08-21,0.046001833
1987-08-22,0.046002377
1987-08-23,0.046002578
1987-08-24,0.045991767
1987-08-25,0.04596937
1987-08-26,0.045968533
1987-08-27,0.046082124
1987-08-28,0.04607281
1987-08-29,0.04607208
1987-08-30,0.046063937
1987-08-31,0.04606524
1987-09-01,0.046061505
1987-09-02,0.046047017
1987-09-03,0.04605784
1987-09-04,0.046066232
1987-09-05,0.046066232
1987-09-06,0.04606537
1987-09-07,0.04606511
1987-09-08,0.046064008
1987-09-09,0.045963388
1987-09-10,0.04596474
1987-09-11,0.04594449
1987-09-12,0.04594465
1987-09-13,0.04594465
1987-09-14,0.045943845
1987-09-15,0.045948695
1987-09-16,0.045937594
1987-09-17,0.04594778
1987-09-18,0.045946922
1987-09-19,0.045945216
1987-09-20,0.04594503
1987-09-21,0.04595688
1987-09-22,0.04597767
1987-09-23,0.045941547
1987-09-24,0.045938883
1987-09-25,0.045959394
1987-09-26,0.04595727
1987-09-27,0.04595727
1987-09-28,0.045970704
1987-09-29,0.045984007
1987-09-30,0.045967866
1987-10-01,0.045969494
1987-10-02,0.045969356
1987-10-03,0.04596961
1987-10-04,0.04597019
1987-10-05,0.04596217
1987-10-06,0.045950532
1987-10-07,0.04595805
1987-10-08,0.045933545
1987-10-09,0.045914944
1987-10-10,0.045915987
1987-10-11,0.04591551
1987-10-12,0.045914326
1987-10-13,0.045783855
1987-10-14,0.045616046
1987-10-15,0.045657404
1987-10-16,0.045680515
1987-10-17,0.04568216
1987-10-18,0.04568307
1987-10-19,0.045940723
1987-10-20,0.045985132
1987-10-21,0.04625861
1987-10-22,0.046231285
1987-10-23,0.04612387
1987-10-24,0.04609295
1987-10-25,0.04609943
1987-10-26,0.046349775
1987-10-27,0.046084564
1987-10-28,0.04603823
1987-10-29,0.04605709
1987-10-30,0.046016462
1987-10-31,0.04602231
1987-11-01,0.046016123
1987-11-02,0.04617899
1987-11-03,0.046192374
1987-11-04,0.046318404
1987-11-05,0.04643699
1987-11-06,0.04640586
1987-11-07,0.046468467
1987-11-08,0.04646884
1987-11-09,0.046503272
1987-11-10,0.04649366
1987-11-11,0.046503864
1987-11-12,0.046556324
1987-11-13,0.0465667
1987-11-14,0.046721518
1987-11-15,0.046764273
1987-11-16,0.046721958
1987-11-17,0.04677852
1987-11-18,0.046759263
1987-11-19,0.04685522
1987-11-20,0.04685198
1987-11-21,0.046841405
1987-11-22,0.04684121
1987-11-23,0.046875987
1987-11-24,0.046907913
1987-11-25,0.04692559
1987-11-26,0.04692559
1987-11-27,0.046924733
1987-11-28,0.04692472
1987-11-29,0.046922933
1987-11-30,0.046941027
1987-12-01,0.046959165
1987-12-02,0.046957295
1987-12-03,0.046949096
1987-12-04,0.047393985
1987-12-05,0.047395755
1987-12-06,0.047395896
1987-12-07,0.047395937
1987-12-08,0.04740453
1987-12-09,0.04740079
1987-12-10,0.047361407
1987-12-11,0.04735843
1987-12-12,0.047358688
1987-12-13,0.047351286
1987-12-14,0.047353778
1987-12-15,0.047355913
1987-12-16,0.047373194
1987-12-17,0.04736391
1987-12-18,0.047380943
1987-12-19,0.047380872
1987-12-20,0.047381382
1987-12-21,0.047364835
1987-12-22,0.04738023
1987-12-23,0.04737203
1987-12-24,0.047372025
1987-12-25,0.047372025
1987-12-26,0.047372006
1987-12-27,0.047371168
1987-12-28,0.047371168
1987-12-29,0.04737143
1987-12-30,0.047368582
1987-12-31,0.047369655
1988-01-01,0.047370095
1988-01-02,0.047370095
1988-01-03,0.047370058
1988-01-04,0.04738129
1988-01-05,0.047395565
1988-01-06,0.0474174
1988-01-07,0.04754835
1988-01-08,0.047537357
1988-01-09,0.047537357
1988-01-10,0.04753679
1988-01-11,0.047540743
1988-01-12,0.047566377
1988-01-13,0.04759779
1988-01-14,0.047618065
1988-01-15,0.04763757
1988-01-16,0.047637627
1988-01-17,0.04763706
1988-01-18,0.047692493
1988-01-19,0.048272338
1988-01-20,0.048257995
1988-01-21,0.048287578
1988-01-22,0.048177116
1988-01-23,0.048168473
1988-01-24,0.048158962
1988-01-25,0.047962237
1988-01-26,0.04794307
1988-01-27,0.048220463
1988-01-28,0.04762127
1988-01-29,0.047387857
1988-01-30,0.047393605
1988-01-31,0.04739394
1988-02-01,0.04735256
1988-02-02,0.047420345
1988-02-03,0.04714004
1988-02-04,0.04726093
1988-02-05,0.04749003
1988-02-06,0.047455627
1988-02-07,0.047455378
1988-02-08,0.047456708
1988-02-09,0.047543835
1988-02-10,0.047521725
1988-02-11,0.047563855
1988-02-12,0.047550417
1988-02-13,0.04754118
1988-02-14,0.0475455
1988-02-15,0.047482103
1988-02-16,0.047510173
1988-02-17,0.047506753
1988-02-18,0.04763633
1988-02-19,0.047956526
1988-02-20,0.047956552
1988-02-21,0.047953848
1988-02-22,0.047698904
1988-02-23,0.047766563
1988-02-24,0.04776649
1988-02-25,0.048050802
1988-02-26,0.04801214
1988-02-27,0.0480127
1988-02-28,0.048182555
1988-02-29,0.048200097
1988-03-01,0.048344485
1988-03-02,0.0483942
1988-03-03,0.048232317
1988-03-04,0.048212394
1988-03-05,0.04821238
1988-03-06,0.04821228
1988-03-07,0.048267066
1988-03-08,0.04817789
1988-03-09,0.04818058
1988-03-10,0.048465036
1988-03-11,0.048474383
1988-03-12,0.048482772
1988-03-13,0.048484232
1988-03-14,0.04848768
1988-03-15,0.04854814
1988-03-16,0.048707616
1988-03-17,0.04861896
1988-03-18,0.04865096
1988-03-19,0.048642583
1988-03-20,0.048642583
1988-03-21,0.048623584
1988-03-22,0.04861769
1988-03-23,0.048613064
1988-03-24,0.048649386
1988-03-25,0.04862455
1988-03-26,0.0486234
1988-03-27,0.0486234
1988-03-28,0.048611186
1988-03-29,0.04861512
1988-03-30,0.04860882
1988-03-31,0.048607912
1988-04-01,0.04859945
1988-04-02,0.048599984
1988-04-03,0.04860233
1988-04-04,0.048599605
1988-04-05,0.04856456
1988-04-06,0.04856751
1988-04-07,0.04845884
1988-04-08,0.04879863
1988-04-09,0.04879863
1988-04-10,0.04879908
1988-04-11,0.04879426
1988-04-12,0.048827354
1988-04-13,0.048017096
1988-04-14,0.047830652
1988-04-15,0.047719497
1988-04-16,0.047721263
1988-04-17,0.04771347
1988-04-18,0.04772342
1988-04-19,0.047110956
1988-04-20,0.047322508
1988-04-21,0.047441125
1988-04-22,0.047437206
1988-04-23,0.047444306
1988-04-24,0.047443002
1988-04-25,0.04775499
1988-04-26,0.048015654
1988-04-27,0.048390314
1988-04-28,0.048065986
1988-04-29,0.048393555
1988-04-30,0.048392393
1988-05-01,0.04839425
1988-05-02,0.0484008
1988-05-03,0.048516687
1988-05-04,0.048553452
1988-05-05,0.048517995
1988-05-06,0.048558153
1988-05-07,0.04855764
1988-05-08,0.04855678
1988-05-09,0.048519418
1988-05-10,0.048478886
1988-05-11,0.04837285
1988-05-12,0.048484974
1988-05-13,0.048259147
1988-05-14,0.04827162
1988-05-15,0.048273172
1988-05-16,0.048341785
1988-05-17,0.048147
1988-05-18,0.047843564
1988-05-19,0.04781534
1988-05-20,0.047827058
1988-05-21,0.047827534
1988-05-22,0.04782701
1988-05-23,0.047799215
1988-05-24,0.0478075
1988-05-25,0.04781141
1988-05-26,0.047685478
1988-05-27,0.047471847
1988-05-28,0.047471847
1988-05-29,0.047471847
1988-05-30,0.04747356
1988-05-31,0.047461566
1988-06-01,0.047446154
1988-06-02,0.04746424
1988-06-03,0.047440946
1988-06-04,0.04744118
1988-06-05,0.04744118
1988-06-06,0.047192786
1988-06-07,0.047193076
1988-06-08,0.04714968
1988-06-09,0.046829563
1988-06-10,0.046804216
1988-06-11,0.04680423
1988-06-12,0.046804294
1988-06-13,0.04680546
1988-06-14,0.0468044
1988-06-15,0.046824824
1988-06-16,0.0468206
1988-06-17,0.046828646
1988-06-18,0.046828605
1988-06-19,0.046828438
1988-06-20,0.046827998
1988-06-21,0.0468491
1988-06-22,0.046854746
1988-06-23,0.046856403
1988-06-24,0.046853263
1988-06-25,0.04685327
1988-06-26,0.046853922
1988-06-27,0.046847768
1988-06-28,0.046850808
1988-06-29,0.046850506
1988-06-30,0.046864253
1988-07-01,0.04695783
1988-07-02,0.04695783
1988-07-03,0.046957746
1988-07-04,0.046957746
1988-07-05,0.046965715
1988-07-06,0.046979006
1988-07-07,0.04696906
1988-07-08,0.046999797
1988-07-09,0.04699988
1988-07-10,0.04699988
1988-07-11,0.04700658
1988-07-12,0.047047134
1988-07-13,0.047129635
1988-07-14,0.047140315
1988-07-15,0.047242463
1988-07-16,0.047236715
1988-07-17,0.04723669
1988-07-18,0.047252145
1988-07-19,0.047338195
1988-07-20,0.04763931
1988-07-21,0.04838431
1988-07-22,0.048555672
1988-07-23,0.04854912
1988-07-24,0.04858006
1988-07-25,0.048559196
1988-07-26,0.048354454
1988-07-27,0.048124224
1988-07-28,0.04820041
1988-07-29,0.04820189
1988-07-30,0.04819877
1988-07-31,0.048202112
1988-08-01,0.0480957
1988-08-02,0.04810247
1988-08-03,0.04805004
1988-08-04,0.04805234
1988-08-05,0.047876935
1988-08-06,0.04787553
1988-08-07,0.047871385
1988-08-08,0.047959797
1988-08-09,0.047978677
1988-08-10,0.048035987
1988-08-11,0.047968578
1988-08-12,0.047796585
1988-08-13,0.047801573
1988-08-14,0.047801517
1988-08-15,0.047793727
1988-08-16,0.047850996
1988-08-17,0.04779812
1988-08-18,0.047805168
1988-08-19,0.04795822
1988-08-20,0.047966722
1988-08-21,0.047940377
1988-08-22,0.047956023
1988-08-23,0.047944188
1988-08-24,0.047949895
1988-08-25,0.047844227
1988-08-26,0.047852356
1988-08-27,0.047852255
1988-08-28,0.04785213
1988-08-29,0.047807872
1988-08-30,0.047811892
1988-08-31,0.047816142
1988-09-01,0.04782549
1988-09-02,0.047833197
1988-09-03,0.047833044
1988-09-04,0.04783296
1988-09-05,0.047832828
1988-09-06,0.04784296
1988-09-07,0.04785968
1988-09-08,0.047890812
1988-09-09,0.047867596
1988-09-10,0.047867574
1988-09-11,0.047867574
1988-09-12,0.047866866
1988-09-13,0.0478999
1988-09-14,0.04784936
1988-09-15,0.047848288
1988-09-16,0.047842007
1988-09-17,0.047863245
1988-09-18,0.047862984
1988-09-19,0.047863424
1988-09-20,0.04782493
1988-09-21,0.047810208
1988-09-22,0.04780746
1988-09-23,0.04781678
1988-09-24,0.047818508
1988-09-25,0.047819022
1988-09-26,0.04780946
1988-09-27,0.047813468
1988-09-28,0.047807507
1988-09-29,0.04782401
1988-09-30,0.047816604
1988-10-01,0.0478158
1988-10-02,0.0478158
1988-10-03,0.047813337
1988-10-04,0.047810975
1988-10-05,0.047806833
1988-10-06,0.047815293
1988-10-07,0.04781995
1988-10-08,0.04781995
1988-10-09,0.04782079
1988-10-10,0.04781891
1988-10-11,0.047875065
1988-10-12,0.04780101
1988-10-13,0.047758453
1988-10-14,0.047900703
1988-10-15,0.04790209
1988-10-16,0.04790318
1988-10-17,0.04790781
1988-10-18,0.048068643
1988-10-19,0.04866266
1988-10-20,0.04849338
1988-10-21,0.04799384
1988-10-22,0.048003048
1988-10-23,0.048003532
1988-10-24,0.048241425
1988-10-25,0.048557192
1988-10-26,0.048860483
1988-10-27,0.04863012
1988-10-28,0.048649006
1988-10-29,0.048648987
1988-10-30,0.048656676
1988-10-31,0.048778597
1988-11-01,0.048841473
1988-11-02,0.048759885
1988-11-03,0.048881058
1988-11-04,0.04893208
1988-11-05,0.048933778
1988-11-06,0.04893487
1988-11-07,0.048943453
1988-11-08,0.048815064
1988-11-09,0.048856866
1988-11-10,0.048860554
1988-11-11,0.048871987
1988-11-12,0.048876125
1988-11-13,0.048876315
1988-11-14,0.048959985
1988-11-15,0.048952065
1988-11-16,0.04894853
1988-11-17,0.04902199
1988-11-18,0.049057655
1988-11-19,0.049057283
1988-11-20,0.04905675
1988-11-21,0.049061213
1988-11-22,0.049074
1988-11-23,0.04906516
1988-11-24,0.049064875
1988-11-25,0.049066756
1988-11-26,0.04906678
1988-11-27,0.04906678
1988-11-28,0.049082696
1988-11-29,0.049086396
1988-11-30,0.049086876
1988-12-01,0.049100958
1988-12-02,0.049098488
1988-12-03,0.04909851
1988-12-04,0.049098644
1988-12-05,0.049095564
1988-12-06,0.049098082
1988-12-07,0.049094506
1988-12-08,0.049288087
1988-12-09,0.049286895
1988-12-10,0.049286895
1988-12-11,0.049286895
1988-12-12,0.049287125
1988-12-13,0.049284607
1988-12-14,0.049339637
1988-12-15,0.049303453
1988-12-16,0.0492995
1988-12-17,0.0492995
1988-12-18,0.049299445
1988-12-19,0.049301703
1988-12-20,0.049305946
1988-12-21,0.049313057
1988-12-22,0.049316738
1988-12-23,0.049315237
1988-12-24,0.049315274
1988-12-25,0.049315274
1988-12-26,0.049315337
1988-12-27,0.049316484
1988-12-28,0.049315993
1988-12-29,0.04931688
1988-12-30,0.04931748
1988-12-31,0.04931748
1989-01-01,0.04931748
1989-01-02,0.049315255
1989-01-03,0.049324032
1989-01-04,0.049317364
1989-01-05,0.04931359
1989-01-06,0.049326237
1989-01-07,0.04932624
1989-01-08,0.04932624
1989-01-09,0.049326465
1989-01-10,0.049323518
1989-01-11,0.049348928
1989-01-12,0.04935011
1989-01-13,0.049336754
1989-01-14,0.049336795
1989-01-15,0.04933694
1989-01-16,0.049428694
1989-01-17,0.049373407
1989-01-18,0.049484283
1989-01-19,0.048723094
1989-01-20,0.04865975
1989-01-21,0.048663322
1989-01-22,0.048664156
1989-01-23,0.048048437
1989-01-24,0.047793917
1989-01-25,0.0468177
1989-01-26,0.046649687
1989-01-27,0.046601634
1989-01-28,0.04659209
1989-01-29,0.04658441
1989-01-30,0.04652023
1989-01-31,0.046612233
1989-02-01,0.046536952
1989-02-02,0.046631373
1989-02-03,0.046792977
1989-02-04,0.046777453
1989-02-05,0.046777453
1989-02-06,0.046647653
1989-02-07,0.0466537
1989-02-08,0.046505798
1989-02-09,0.04674157
1989-02-10,0.04680535
1989-02-11,0.046801947
1989-02-12,0.046800632
1989-02-13,0.046740476
1989-02-14,0.046402715
1989-02-15,0.0463176
1989-02-16,0.04610558
1989-02-17,0.046180822
1989-02-18,0.046178002
1989-02-19,0.046177976
1989-02-20,0.04617491
1989-02-21,0.046019774
1989-02-22,0.04606197
1989-02-23,0.04609686
1989-02-24,0.04607139
1989-02-25,0.046064258
1989-02-26,0.046061356
1989-02-27,0.045934614
1989-02-28,0.045912664
1989-03-01,0.046005335
1989-03-02,0.0460321
1989-03-03,0.045852933
1989-03-04,0.045853417
1989-03-05,0.045851674
1989-03-06,0.045858435
1989-03-07,0.045858786
1989-03-08,0.04582993
1989-03-09,0.045990467
1989-03-10,0.046095632
1989-03-11,0.046100836
1989-03-12,0.046100836
1989-03-13,0.046108227
1989-03-14,0.046089597
1989-03-15,0.046305645
1989-03-16,0.046306945
1989-03-17,0.04627297
1989-03-18,0.046273425
1989-03-19,0.046273444
1989-03-20,0.04624536
1989-03-21,0.0462584
1989-03-22,0.04625386
1989-03-23,0.046241216
1989-03-24,0.04624169
1989-03-25,0.046241622
1989-03-26,0.046239834
1989-03-27,0.046258613
1989-03-28,0.046265118
1989-03-29,0.046243474
1989-03-30,0.046188444
1989-03-31,0.046209987
1989-04-01,0.046208557
1989-04-02,0.046207692
1989-04-03,0.046160914
1989-04-04,0.04615141
1989-04-05,0.046148926
1989-04-06,0.046164393
1989-04-07,0.046162378
1989-04-08,0.046162393
1989-04-09,0.04616252
1989-04-10,0.046184678
1989-04-11,0.046196174
1989-04-12,0.046118014
1989-04-13,0.046108637
1989-04-14,0.045123372
1989-04-15,0.045123067
1989-04-16,0.04511109
1989-04-17,0.04506739
1989-04-18,0.045195404
1989-04-19,0.045112293
1989-04-20,0.04559124
1989-04-21,0.045701127
1989-04-22,0.045728702
1989-04-23,0.045732785
1989-04-24,0.045563582
1989-04-25,0.04589791
1989-04-26,0.046083372
1989-04-27,0.04638821
1989-04-28,0.04642559
1989-04-29,0.046428777
1989-04-30,0.046428178
1989-05-01,0.04659035
1989-05-02,0.04626492
1989-05-03,0.046178263
1989-05-04,0.0459436
1989-05-05,0.046020728
1989-05-06,0.04601938
1989-05-07,0.04601912
1989-05-08,0.046041504
1989-05-09,0.045991316
1989-05-10,0.045934785
1989-05-11,0.04589041
1989-05-12,0.046230678
1989-05-13,0.04623146
1989-05-14,0.046230372
1989-05-15,0.046237975
1989-05-16,0.04605266
1989-05-17,0.045964662
1989-05-18,0.045943674
1989-05-19,0.04595028
1989-05-20,0.045946967
1989-05-21,0.04594534
1989-05-22,0.04593598
1989-05-23,0.045896504
1989-05-24,0.045825057
1989-05-25,0.045813076
1989-05-26,0.045739178
1989-05-27,0.045739084
1989-05-28,0.04573909
1989-05-29,0.04573881
1989-05-30,0.045740366
1989-05-31,0.0457423
1989-06-01,0.045427226
1989-06-02,0.045420267
1989-06-03,0.045420248
1989-06-04,0.045420296
1989-06-05,0.045412816
1989-06-06,0.045454103
1989-06-07,0.0454783
1989-06-08,0.045469064
1989-06-09,0.0455462
1989-06-10,0.0455462
1989-06-11,0.045546226
1989-06-12,0.0455481
1989-06-13,0.04552757
1989-06-14,0.045576915
1989-06-15,0.045577955
1989-06-16,0.04556589
1989-06-17,0.045566283
1989-06-18,0.045566283
1989-06-19,0.04556367
1989-06-20,0.045575753
1989-06-21,0.0455927
1989-06-22,0.045598067
1989-06-23,0.045598406
1989-06-24,0.045598406
1989-06-25,0.045598406
1989-06-26,0.045602497
1989-06-27,0.04560431
1989-06-28,0.045616426
1989-06-29,0.04561778
1989-06-30,0.0455992
1989-07-01,0.0455992
1989-07-02,0.045599308
1989-07-03,0.04561241
1989-07-04,0.04561241
1989-07-05,0.04563846
1989-07-06,0.045668874
1989-07-07,0.045668356
1989-07-08,0.045668356
1989-07-09,0.04561429
1989-07-10,0.045601573
1989-07-11,0.045606475
1989-07-12,0.04567237
1989-07-13,0.045799073
1989-07-14,0.04589583
1989-07-15,0.045895875
1989-07-16,0.04589508
1989-07-17,0.04593917
1989-07-18,0.046348263
1989-07-19,0.046572093
1989-07-20,0.046533696
1989-07-21,0.04660157
1989-07-22,0.046578895
1989-07-23,0.04658044
1989-07-24,0.04641475
1989-07-25,0.046488333
1989-07-26,0.04649984
1989-07-27,0.04672276
1989-07-28,0.046711296
1989-07-29,0.046711974
1989-07-30,0.046766426
1989-07-31,0.04660594
1989-08-01,0.04658444
1989-08-02,0.0465433
1989-08-03,0.046589665
1989-08-04,0.04648183
1989-08-05,0.046493523
1989-08-06,0.0464904
1989-08-07,0.04645468
1989-08-08,0.046459388
1989-08-09,0.04648104
1989-08-10,0.04634365
1989-08-11,0.046321385
1989-08-12,0.04632646
1989-08-13,0.0463283
1989-08-14,0.04626262
1989-08-15,0.046262488
1989-08-16,0.04624873
1989-08-17,0.046209503
1989-08-18,0.04641449
1989-08-19,0.04641454
1989-08-20,0.0464146
1989-08-21,0.046416726
1989-08-22,0.04641051
1989-08-23,0.0464009
1989-08-24,0.0463978
1989-08-25,0.04645977
1989-08-26,0.04645977
1989-08-27,0.04645959
1989-08-28,0.046459477
1989-08-29,0.046467938
1989-08-30,0.04646033
1989-08-31,0.046418518
1989-09-01,0.046401985
1989-09-02,0.046401817
1989-09-03,0.046401612
1989-09-04,0.04640073
1989-09-05,0.04640646
1989-09-06,0.04641335
1989-09-07,0.04643124
1989-09-08,0.046424475
1989-09-09,0.046425164
1989-09-10,0.046425197
1989-09-11,0.046433315
1989-09-12,0.04643092
1989-09-13,0.04647531
1989-09-14,0.046481587
1989-09-15,0.04648657
1989-09-16,0.046486557
1989-09-17,0.04648658
1989-09-18,0.046463236
1989-09-19,0.046523307
1989-09-20,0.046466265
1989-09-21,0.046459664
1989-09-22,0.046463218
1989-09-23,0.046463396
1989-09-24,0.046463355
1989-09-25,0.046457946
1989-09-26,0.04644407
1989-09-27,0.04643863
1989-09-28,0.04643997
1989-09-29,0.046447195
1989-09-30,0.04646475
1989-10-01,0.046464246
1989-10-02,0.046464566
1989-10-03,0.046445657
1989-10-04,0.046440523
1989-10-05,0.04644797
1989-10-06,0.046444252
1989-10-07,0.046444252
1989-10-08,0.046444252
1989-10-09,0.046444207
1989-10-10,0.046408944
1989-10-11,0.046325143
1989-10-12,0.046169266
1989-10-13,0.046127092
1989-10-14,0.046127092
1989-10-15,0.046128184
1989-10-16,0.045762528
1989-10-17,0.045819607
1989-10-18,0.04577063
1989-10-19,0.045574024
1989-10-20,0.045300458
1989-10-21,0.045302834
1989-10-22,0.045299776
1989-10-23,0.045489434
1989-10-24,0.04528274
1989-10-25,0.0452295
1989-10-26,0.04496841
1989-10-27,0.044912565
1989-10-28,0.04486655
1989-10-29,0.044865493
1989-10-30,0.04497516
1989-10-31,0.0449622
1989-11-01,0.044977695
1989-11-02,0.044947796
1989-11-03,0.044957563
1989-11-04,0.044990513
1989-11-05,0.045038827
1989-11-06,0.045061156
1989-11-07,0.045055844
1989-11-08,0.045126036
1989-11-09,0.045158826
1989-11-10,0.044936303
1989-11-11,0.04493602
1989-11-12,0.04493666
1989-11-13,0.04503881
1989-11-14,0.0450733
1989-11-15,0.0451332
1989-11-16,0.04516858
1989-11-17,0.04521422
1989-11-18,0.04521431
1989-11-19,0.04521427
1989-11-20,0.0451881
1989-11-21,0.04522078
1989-11-22,0.045218438
1989-11-23,0.045218147
1989-11-24,0.045229677
1989-11-25,0.045229677
1989-11-26,0.04522915
1989-11-27,0.045219235
1989-11-28,0.045227453
1989-11-29,0.0452384
1989-11-30,0.04525061
1989-12-01,0.04530294
1989-12-02,0.045302916
1989-12-03,0.045302823
1989-12-04,0.045292415
1989-12-05,0.045284756
1989-12-06,0.045281015
1989-12-07,0.045262106
1989-12-08,0.04525783
1989-12-09,0.04525783
1989-12-10,0.045258667
1989-12-11,0.045266535
1989-12-12,0.04526941
1989-12-13,0.045267265
1989-12-14,0.04526311
1989-12-15,0.045255415
1989-12-16,0.045255415
1989-12-17,0.045255344
1989-12-18,0.04521266
1989-12-19,0.045232084
1989-12-20,0.04525988
1989-12-21,0.04524889
1989-12-22,0.045243405
1989-12-23,0.045243468
1989-12-24,0.045243468
1989-12-25,0.045243468
1989-12-26,0.045239512
1989-12-27,0.045239888
1989-12-28,0.0452393
1989-12-29,0.045243844
1989-12-30,0.045243844
1989-12-31,0.045243844
1990-01-01,0.045243844
1990-01-02,0.04524379
1990-01-03,0.045288794
1990-01-04,0.04528599
1990-01-05,0.045300014
1990-01-06,0.045300514
1990-01-07,0.045300476
1990-01-08,0.045267273
1990-01-09,0.045268238
1990-01-10,0.04524957
1990-01-11,0.04526438
1990-01-12,0.045262646
1990-01-13,0.045262434
1990-01-14,0.045261916
1990-01-15,0.045298006
1990-01-16,0.04535075
1990-01-17,0.04610907
1990-01-18,0.045899663
1990-01-19,0.045898363
1990-01-20,0.04584815
1990-01-21,0.04584815
1990-01-22,0.045500748
1990-01-23,0.045305282
1990-01-24,0.04502137
1990-01-25,0.04469631
1990-01-26,0.044628475
1990-01-27,0.044628605
1990-01-28,0.044629432
1990-01-29,0.04439136
1990-01-30,0.044411667
1990-01-31,0.04448388
1990-02-01,0.04427571
1990-02-02,0.044177424
1990-02-03,0.04417697
1990-02-04,0.044154786
1990-02-05,0.04468584
1990-02-06,0.04452275
1990-02-07,0.04431255
1990-02-08,0.04433256
1990-02-09,0.044303857
1990-02-10,0.044303857
1990-02-11,0.04430337
1990-02-12,0.044315726
1990-02-13,0.04411303
1990-02-14,0.044050347
1990-02-15,0.043198504
1990-02-16,0.043195322
1990-02-17,0.043195352
1990-02-18,0.043195568
1990-02-19,0.04319467
1990-02-20,0.043065954
1990-02-21,0.043078456
1990-02-22,0.043149836
1990-02-23,0.043005608
1990-02-24,0.043005016
1990-02-25,0.043001723
1990-02-26,0.042947598
1990-02-27,0.04315518
1990-02-28,0.04315941
1990-03-01,0.04310241
1990-03-02,0.043134343
1990-03-03,0.043133613
1990-03-04,0.043133743
1990-03-05,0.04309422
1990-03-06,0.043173965
1990-03-07,0.043217096
1990-03-08,0.043378398
1990-03-09,0.0433828
1990-03-10,0.043383997
1990-03-11,0.04338381
1990-03-12,0.04339068
1990-03-13,0.043424763
1990-03-14,0.043442443
1990-03-15,0.043678857
1990-03-16,0.043684248
1990-03-17,0.043681663
1990-03-18,0.04368165
1990-03-19,0.043700647
1990-03-20,0.043689236
1990-03-21,0.043482486
1990-03-22,0.04377035
1990-03-23,0.043771144
1990-03-24,0.043771144
1990-03-25,0.04377106
1990-03-26,0.04376457
1990-03-27,0.043768864
1990-03-28,0.04375109
1990-03-29,0.043768737
1990-03-30,0.043758426
1990-03-31,0.043748654
1990-04-01,0.043748207
1990-04-02,0.043762002
1990-04-03,0.043718133
1990-04-04,0.043720838
1990-04-05,0.043668095
1990-04-06,0.04365566
1990-04-07,0.04365571
1990-04-08,0.04364104
1990-04-09,0.043654237
1990-04-10,0.043635346
1990-04-11,0.0436937
1990-04-12,0.04359035
1990-04-13,0.043598868
1990-04-14,0.043598656
1990-04-15,0.043600004
1990-04-16,0.043060835
1990-04-17,0.04293511
1990-04-18,0.04273713
1990-04-19,0.042704713
1990-04-20,0.042732958
1990-04-21,0.042731978
1990-04-22,0.04273192
1990-04-23,0.043039262
1990-04-24,0.042764965
1990-04-25,0.043161854
1990-04-26,0.04333689
1990-04-27,0.04341343
1990-04-28,0.04341423
1990-04-29,0.04341941
1990-04-30,0.043555796
1990-05-01,0.043666963
1990-05-02,0.04364249
1990-05-03,0.043327868
1990-05-04,0.043353483
1990-05-05,0.04336308
1990-05-06,0.043358877
1990-05-07,0.043232627
1990-05-08,0.043177307
1990-05-09,0.043081075
1990-05-10,0.042979047
1990-05-11,0.043009277
1990-05-12,0.043009296
1990-05-13,0.043007735
1990-05-14,0.043008454
1990-05-15,0.042813662
1990-05-16,0.04279188
1990-05-17,0.04279635
1990-05-18,0.042809796
1990-05-19,0.04281455
1990-05-20,0.0428149
1990-05-21,0.042640194
1990-05-22,0.042622235
1990-05-23,0.042430446
1990-05-24,0.042621728
1990-05-25,0.042411312
1990-05-26,0.042411312
1990-05-27,0.042411335
1990-05-28,0.042411327
1990-05-29,0.042411957
1990-05-30,0.04238978
1990-05-31,0.042394187
1990-06-01,0.042387668
1990-06-02,0.04238764
1990-06-03,0.042387627
1990-06-04,0.042382393
1990-06-05,0.04238419
1990-06-06,0.04231918
1990-06-07,0.04233848
1990-06-08,0.042331573
1990-06-09,0.042331584
1990-06-10,0.042331535
1990-06-11,0.042362534
1990-06-12,0.042360764
1990-06-13,0.042708173
1990-06-14,0.042716548
1990-06-15,0.042710908
1990-06-16,0.042710867
1990-06-17,0.04271034
1990-06-18,0.042708915
1990-06-19,0.04273223
1990-06-20,0.04273445
1990-06-21,0.042743832
1990-06-22,0.042745676
1990-06-23,0.042745583
1990-06-24,0.042745583
1990-06-25,0.04273713
1990-06-26,0.042751357
1990-06-27,0.042766258
1990-06-28,0.042780075
1990-06-29,0.04277683
1990-06-30,0.042777773
1990-07-01,0.04277782
1990-07-02,0.042770796
1990-07-03,0.042786144
1990-07-04,0.042786144
1990-07-05,0.04278269
1990-07-06,0.042792257
1990-07-07,0.04279295
1990-07-08,0.04279295
1990-07-09,0.042799063
1990-07-10,0.0428401
1990-07-11,0.042898938
1990-07-12,0.04292902
1990-07-13,0.042932957
1990-07-14,0.04293276
1990-07-15,0.042934228
1990-07-16,0.04320707
1990-07-17,0.043237656
1990-07-18,0.0436
1990-07-19,0.04382069
1990-07-20,0.043910403
1990-07-21,0.043910325
1990-07-22,0.04391125
1990-07-23,0.04360079
1990-07-24,0.043717965
1990-07-25,0.043753665
1990-07-26,0.043546617
1990-07-27,0.043452963
1990-07-28,0.04344783
1990-07-29,0.043436732
1990-07-30,0.043351512
1990-07-31,0.04328818
1990-08-01,0.043286655
1990-08-02,0.04317407
1990-08-03,0.043154072
1990-08-04,0.043150995
1990-08-05,0.043148875
1990-08-06,0.04309651
1990-08-07,0.04317622
1990-08-08,0.043253712
1990-08-09,0.04247595
1990-08-10,0.042040184
1990-08-11,0.04204408
1990-08-12,0.042044085
1990-08-13,0.04202348
1990-08-14,0.041993488
1990-08-15,0.042022344
1990-08-16,0.04201007
1990-08-17,0.041969717
1990-08-18,0.04196989
1990-08-19,0.041970644
1990-08-20,0.041967202
1990-08-21,0.041975565
1990-08-22,0.041928127
1990-08-23,0.041956272
1990-08-24,0.04196129
1990-08-25,0.041961268
1990-08-26,0.04196123
1990-08-27,0.04195765
1990-08-28,0.041963495
1990-08-29,0.041968077
1990-08-30,0.04195844
1990-08-31,0.041951414
1990-09-01,0.041951556
1990-09-02,0.041951533
1990-09-03,0.041952625
1990-09-04,0.041955426
1990-09-05,0.041939866
1990-09-06,0.041947596
1990-09-07,0.041948613
1990-09-08,0.04194863
1990-09-09,0.04194859
1990-09-10,0.041950174
1990-09-11,0.04194873
1990-09-12,0.04194869
1990-09-13,0.04195528
1990-09-14,0.04196188
1990-09-15,0.04196276
1990-09-16,0.04196295
1990-09-17,0.041989233
1990-09-18,0.04198614
1990-09-19,0.04198407
1990-09-20,0.042117104
1990-09-21,0.04210845
1990-09-22,0.04210813
1990-09-23,0.04210853
1990-09-24,0.042113785
1990-09-25,0.042119354
1990-09-26,0.04204741
1990-09-27,0.042046875
1990-09-28,0.042050622
1990-09-29,0.042050656
1990-09-30,0.042050656
1990-10-01,0.042060588
1990-10-02,0.04205563
1990-10-03,0.04204723
1990-10-04,0.042044464
1990-10-05,0.04203967
1990-10-06,0.04203967
1990-10-07,0.042039752
1990-10-08,0.042029362
1990-10-09,0.04197879
1990-10-10,0.041915502
1990-10-11,0.041902043
1990-10-12,0.041903656
1990-10-13,0.041903745
1990-10-14,0.04190207
1990-10-15,0.041687682
1990-10-16,0.04161985
1990-10-17,0.041600153
1990-10-18,0.04148044
1990-10-19,0.041852724
1990-10-20,0.041852705
1990-10-21,0.041851617
1990-10-22,0.042009804
1990-10-23,0.042081844
1990-10-24,0.042399734
1990-10-25,0.042475894
1990-10-26,0.04256901
1990-10-27,0.04256754
1990-10-28,0.042545263
1990-10-29,0.042363774
1990-10-30,0.04238878
1990-10-31,0.042364012
1990-11-01,0.042384755
1990-11-02,0.042448543
1990-11-03,0.04244849
1990-11-04,0.042447835
1990-11-05,0.042516075
1990-11-06,0.042505518
1990-11-07,0.04248116
1990-11-08,0.042549636
1990-11-09,0.043142688
1990-11-10,0.043145902
1990-11-11,0.043144993
1990-11-12,0.043142222
1990-11-13,0.043170422
1990-11-14,0.043208662
1990-11-15,0.043263394
1990-11-16,0.04327888
1990-11-17,0.04327912
1990-11-18,0.043279294
1990-11-19,0.043252103
1990-11-20,0.043262474
1990-11-21,0.043262493
1990-11-22,0.043263867
1990-11-23,0.043274652
1990-11-24,0.043274652
1990-11-25,0.043274447
1990-11-26,0.04325352
1990-11-27,0.04327932
1990-11-28,0.04325811
1990-11-29,0.043262072
1990-11-30,0.04326308
1990-12-01,0.04326308
1990-12-02,0.043263085
1990-12-03,0.04326267
1990-12-04,0.04326618
1990-12-05,0.043358408
1990-12-06,0.043361474
1990-12-07,0.04352657
1990-12-08,0.043526545
1990-12-09,0.043525334
1990-12-10,0.043532405
1990-12-11,0.043524742
1990-12-12,0.04353183
1990-12-13,0.043525513
1990-12-14,0.043533657
1990-12-15,0.04353381
1990-12-16,0.043533035
1990-12-17,0.04350301
1990-12-18,0.043500632
1990-12-19,0.04352614
1990-12-20,0.04352067
1990-12-21,0.0435593
1990-12-22,0.043559287
1990-12-23,0.043564737
1990-12-24,0.043564525
1990-12-25,0.043564525
1990-12-26,0.0435642
1990-12-27,0.043563668
1990-12-28,0.043563392
1990-12-29,0.043563392
1990-12-30,0.043563414
1990-12-31,0.043563414
1991-01-01,0.043563414
1991-01-02,0.043562017
1991-01-03,0.043551028
1991-01-04,0.04355188
1991-01-05,0.043551892
1991-01-06,0.043551892
1991-01-07,0.043529697
1991-01-08,0.043496367
1991-01-09,0.043480378
1991-01-10,0.0434811
1991-01-11,0.043536283
1991-01-12,0.043536503
1991-01-13,0.043536842
1991-01-14,0.043594304
1991-01-15,0.0435953
1991-01-16,0.043619912
1991-01-17,0.044060957
1991-01-18,0.044057433
1991-01-19,0.044057265
1991-01-20,0.04405732
1991-01-21,0.04379443
1991-01-22,0.04344306
1991-01-23,0.043119837
1991-01-24,0.043090515
1991-01-25,0.043072917
1991-01-26,0.043070674
1991-01-27,0.043070357
1991-01-28,0.043108404
1991-01-29,0.043081865
1991-01-30,0.042971175
1991-01-31,0.042833213
1991-02-01,0.04259693
1991-02-02,0.0425965
1991-02-03,0.04259573
1991-02-04,0.042373713
1991-02-05,0.04220532
1991-02-06,0.042279415
1991-02-07,0.04254326
1991-02-08,0.042668026
1991-02-09,0.042668026
1991-02-10,0.042668
1991-02-11,0.04228215
1991-02-12,0.04243242
1991-02-13,0.042438034
1991-02-14,0.04183337
1991-02-15,0.04183369
1991-02-16,0.041835178
1991-02-17,0.041835457
1991-02-18,0.04181358
1991-02-19,0.041847315
1991-02-20,0.04185419
1991-02-21,0.042130604
1991-02-22,0.042060625
1991-02-23,0.042069577
1991-02-24,0.042082652
1991-02-25,0.042096917
1991-02-26,0.042088494
1991-02-27,0.04197281
1991-02-28,0.042100303
1991-03-01,0.042109843
1991-03-02,0.04211012
1991-03-03,0.042109065
1991-03-04,0.042163316
1991-03-05,0.04215845
1991-03-06,0.042411484
1991-03-07,0.042411447
1991-03-08,0.042434413
1991-03-09,0.042435236
1991-03-10,0.042435236
1991-03-11,0.042424202
1991-03-12,0.042398565
1991-03-13,0.042519588
1991-03-14,0.04262735
1991-03-15,0.042628773
1991-03-16,0.042627994
1991-03-17,0.042628005
1991-03-18,0.042603686
1991-03-19,0.04260091
1991-03-20,0.04257834
1991-03-21,0.042575993
1991-03-22,0.042562705
1991-03-23,0.04256108
1991-03-24,0.042571228
1991-03-25,0.042580437
1991-03-26,0.04255503
1991-03-27,0.04250717
1991-03-28,0.04251878
1991-03-29,0.042521365
1991-03-30,0.042522702
1991-03-31,0.042523187
1991-04-01,0.042506944
1991-04-02,0.042505074
1991-04-03,0.04246212
1991-04-04,0.04243746
1991-04-05,0.042431198
1991-04-06,0.04242973
1991-04-07,0.04242973
1991-04-08,0.042414412
1991-04-09,0.042397454
1991-04-10,0.04233604
1991-04-11,0.042287726
1991-04-12,0.041265696
1991-04-13,0.0412663
1991-04-14,0.04126671
1991-04-15,0.041104198
1991-04-16,0.04109422
1991-04-17,0.040722292
1991-04-18,0.040626198
1991-04-19,0.04062201
1991-04-20,0.04062081
1991-04-21,0.040625203
1991-04-22,0.04058083
1991-04-23,0.040148973
1991-04-24,0.04050837
1991-04-25,0.040471345
1991-04-26,0.04031311
1991-04-27,0.04026668
1991-04-28,0.04026278
1991-04-29,0.04007
1991-04-30,0.04012915
1991-05-01,0.040045198
1991-05-02,0.040051483
1991-05-03,0.04006265
1991-05-04,0.040091887
1991-05-05,0.040092282
1991-05-06,0.04008202
1991-05-07,0.04005647
1991-05-08,0.040015955
1991-05-09,0.039803255
1991-05-10,0.039790276
1991-05-11,0.03976394
1991-05-12,0.03976342
1991-05-13,0.03973625
1991-05-14,0.039581686
1991-05-15,0.03959222
1991-05-16,0.039535422
1991-05-17,0.03900176
1991-05-18,0.03900518
1991-05-19,0.039006308
1991-05-20,0.03874904
1991-05-21,0.03862312
1991-05-22,0.03850337
1991-05-23,0.038237505
1991-05-24,0.03820208
1991-05-25,0.03820206
1991-05-26,0.038201977
1991-05-27,0.03820181
1991-05-28,0.038192883
1991-05-29,0.03819406
1991-05-30,0.03819242
1991-05-31,0.038195677
1991-06-01,0.038195677
1991-06-02,0.03819568
1991-06-03,0.038195863
1991-06-04,0.03818722
1991-06-05,0.038170625
1991-06-06,0.038151808
1991-06-07,0.038147196
1991-06-08,0.038146935
1991-06-09,0.038146947
1991-06-10,0.03814499
1991-06-11,0.03814077
1991-06-12,0.038180668
1991-06-13,0.038213268
1991-06-14,0.038184762
1991-06-15,0.03818482
1991-06-16,0.038184907
1991-06-17,0.038202308
1991-06-18,0.038227502
1991-06-19,0.038238153
1991-06-20,0.038252264
1991-06-21,0.038250525
1991-06-22,0.03825146
1991-06-23,0.038251422
1991-06-24,0.03825255
1991-06-25,0.03824798
1991-06-26,0.03826534
1991-06-27,0.03828377
1991-06-28,0.038268566
1991-06-29,0.038267914
1991-06-30,0.038267914
1991-07-01,0.038251825
1991-07-02,0.038272206
1991-07-03,0.038273644
1991-07-04,0.038273644
1991-07-05,0.038274266
1991-07-06,0.038274612
1991-07-07,0.038275093
1991-07-08,0.038274072
1991-07-09,0.03827677
1991-07-10,0.03828781
1991-07-11,0.038306516
1991-07-12,0.0382486
1991-07-13,0.0382489
1991-07-14,0.03824891
1991-07-15,0.038333405
1991-07-16,0.038339023
1991-07-17,0.038695112
1991-07-18,0.038838707
1991-07-19,0.038735963
1991-07-20,0.03873605
1991-07-21,0.03875204
1991-07-22,0.03861379
1991-07-23,0.038448438
1991-07-24,0.03795865
1991-07-25,0.03774958
1991-07-26,0.03759292
1991-07-27,0.03759432
1991-07-28,0.03759753
1991-07-29,0.037461042
1991-07-30,0.037628226
1991-07-31,0.037670765
1991-08-01,0.03763677
1991-08-02,0.037605066
1991-08-03,0.037588604
1991-08-04,0.03759089
1991-08-05,0.037581448
1991-08-06,0.037632577
1991-08-07,0.037638813
1991-08-08,0.03763354
1991-08-09,0.037323583
1991-08-10,0.03732403
1991-08-11,0.037247613
1991-08-12,0.03724621
1991-08-13,0.037227552
1991-08-14,0.037215624
1991-08-15,0.03720414
1991-08-16,0.037189443
1991-08-17,0.037189342
1991-08-18,0.037187632
1991-08-19,0.037182815
1991-08-20,0.03719536
1991-08-21,0.037168294
1991-08-22,0.03716712
1991-08-23,0.03731874
1991-08-24,0.037318856
1991-08-25,0.037318878
1991-08-26,0.03731817
1991-08-27,0.03732155
1991-08-28,0.037320495
1991-08-29,0.037329327
1991-08-30,0.037332386
1991-08-31,0.03733256
1991-09-01,0.037332617
1991-09-02,0.03733257
1991-09-03,0.037366938
1991-09-04,0.037361175
1991-09-05,0.037366826
1991-09-06,0.037369058
1991-09-07,0.037369058
1991-09-08,0.037369024
1991-09-09,0.037371572
1991-09-10,0.0373538
1991-09-11,0.037355915
1991-09-12,0.03734682
1991-09-13,0.03734557
1991-09-14,0.03734555
1991-09-15,0.03734543
1991-09-16,0.037347674
1991-09-17,0.037324313
1991-09-18,0.037318636
1991-09-19,0.03731974
1991-09-20,0.037306532
1991-09-21,0.037306447
1991-09-22,0.037306465
1991-09-23,0.037293833
1991-09-24,0.037297543
1991-09-25,0.037291378
1991-09-26,0.037289135
1991-09-27,0.03728833
1991-09-28,0.03728833
1991-09-29,0.037288383
1991-09-30,0.03727838
1991-10-01,0.037271507
1991-10-02,0.03726277
1991-10-03,0.037265494
1991-10-04,0.037266273
1991-10-05,0.037266273
1991-10-06,0.037266295
1991-10-07,0.03726378
1991-10-08,0.037277844
1991-10-09,0.037241414
1991-10-10,0.03724162
1991-10-11,0.0372698
1991-10-12,0.03726982
1991-10-13,0.037270285
1991-10-14,0.037251886
1991-10-15,0.03720572
1991-10-16,0.037081964
1991-10-17,0.037050467
1991-10-18,0.03716829
1991-10-19,0.037167907
1991-10-20,0.03716304
1991-10-21,0.037309896
1991-10-22,0.037390944
1991-10-23,0.03717003
1991-10-24,0.03746133
1991-10-25,0.037420277
1991-10-26,0.037420433
1991-10-27,0.03742041
1991-10-28,0.037498534
1991-10-29,0.037449002
1991-10-30,0.037545934
1991-10-31,0.03758942
1991-11-01,0.03760116
1991-11-02,0.037601184
1991-11-03,0.037602935
1991-11-04,0.037654035
1991-11-05,0.03771958
1991-11-06,0.03772353
1991-11-07,0.03772998
1991-11-08,0.037735637
1991-11-09,0.037735976
1991-11-10,0.037735946
1991-11-11,0.037824504
1991-11-12,0.037849914
1991-11-13,0.037863217
1991-11-14,0.037845902
1991-11-15,0.038038842
1991-11-16,0.038038623
1991-11-17,0.038038787
1991-11-18,0.03805596
1991-11-19,0.03803596
1991-11-20,0.03802544
1991-11-21,0.0379831
1991-11-22,0.03799352
1991-11-23,0.03799349
1991-11-24,0.03799354
1991-11-25,0.03798942
1991-11-26,0.037976556
1991-11-27,0.037983034
1991-11-28,0.03798853
1991-11-29,0.037999634
1991-11-30,0.037999872
1991-12-01,0.03800002
1991-12-02,0.038003813
1991-12-03,0.037996817
1991-12-04,0.037889324
1991-12-05,0.03809812
1991-12-06,0.03811049
1991-12-07,0.03811049
1991-12-08,0.03811044
1991-12-09,0.038108684
1991-12-10,0.03810717
1991-12-11,0.038101304
1991-12-12,0.03810049
1991-12-13,0.038105637
1991-12-14,0.038105622
1991-12-15,0.038111757
1991-12-16,0.038121395
1991-12-17,0.038090415
1991-12-18,0.038098406
1991-12-19,0.038107812
1991-12-20,0.03811522
1991-12-21,0.038115166
1991-12-22,0.03811682
1991-12-23,0.038133826
1991-12-24,0.038133763
1991-12-25,0.038134016
1991-12-26,0.038133413
1991-12-27,0.038133975
1991-12-28,0.038133908
1991-12-29,0.038133908
1991-12-30,0.03813381
1991-12-31,0.03813215
1992-01-01,0.038133778
1992-01-02,0.038122933
1992-01-03,0.03811747
1992-01-04,0.038117383
1992-01-05,0.038117383
1992-01-06,0.038132954
1992-01-07,0.038132314
1992-01-08,0.0381403
1992-01-09,0.038174175
1992-01-10,0.038177535
1992-01-11,0.03817751
1992-01-12,0.03817822
1992-01-13,0.038190495
1992-01-14,0.03824696
1992-01-15,0.03816699
1992-01-16,0.038095947
1992-01-17,0.038671494
1992-01-18,0.03867225
1992-01-19,0.03867228
1992-01-20,0.038410548
1992-01-21,0.038169444
1992-01-22,0.03815005
1992-01-23,0.037989333
1992-01-24,0.037502494
1992-01-25,0.037502863
1992-01-26,0.037502717
1992-01-27,0.037432577
1992-01-28,0.037440717
1992-01-29,0.036988918
1992-01-30,0.036949746
1992-01-31,0.037012655
1992-02-01,0.037014224
1992-02-02,0.037014093
1992-02-03,0.03707511
1992-02-04,0.03700453
1992-02-05,0.037027337
1992-02-06,0.037084825
1992-02-07,0.03708114
1992-02-08,0.037082043
1992-02-09,0.037082173
1992-02-10,0.03708241
1992-02-11,0.037220728
1992-02-12,0.037265103
1992-02-13,0.037030306
1992-02-14,0.037004687
1992-02-15,0.03700464
1992-02-16,0.037004337
1992-02-17,0.03700575
1992-02-18,0.037031397
1992-02-19,0.03705073
1992-02-20,0.03720012
1992-02-21,0.037038535
1992-02-22,0.037038464
1992-02-23,0.036967136
1992-02-24,0.036743216
1992-02-25,0.036938053
1992-02-26,0.03705691
1992-02-27,0.037226584
1992-02-28,0.037238825
1992-02-29,0.03724144
1992-03-01,0.03724
1992-03-02,0.037267234
1992-03-03,0.037463162
1992-03-04,0.037454303
1992-03-05,0.037420515
1992-03-06,0.03742876
1992-03-07,0.037428867
1992-03-08,0.0374285
1992-03-09,0.0374285
1992-03-10,0.03742889
1992-03-11,0.037562553
1992-03-12,0.037724044
1992-03-13,0.037716974
1992-03-14,0.037716914
1992-03-15,0.037716992
1992-03-16,0.03769066
1992-03-17,0.037691947
1992-03-18,0.037706282
1992-03-19,0.037740447
1992-03-20,0.037731953
1992-03-21,0.03773186
1992-03-22,0.037731823
1992-03-23,0.037733607
1992-03-24,0.03774683
1992-03-25,0.03773338
1992-03-26,0.037752155
1992-03-27,0.037739266
1992-03-28,0.037741527
1992-03-29,0.03774166
1992-03-30,0.03774556
1992-03-31,0.03774524
1992-04-01,0.037742943
1992-04-02,0.03772555
1992-04-03,0.037726704
1992-04-04,0.03772667
1992-04-05,0.037732493
1992-04-06,0.03775094
1992-04-07,0.03776282
1992-04-08,0.037770793
1992-04-09,0.037688266
1992-04-10,0.03769131
1992-04-11,0.03769103
1992-04-12,0.03769103
1992-04-13,0.036767416
1992-04-14,0.03637421
1992-04-15,0.03625661
1992-04-16,0.03600252
1992-04-17,0.036195233
1992-04-18,0.03619532
1992-04-19,0.036195256
1992-04-20,0.03628691
1992-04-21,0.036476575
1992-04-22,0.036603067
1992-04-23,0.036715638
1992-04-24,0.03681701
1992-04-25,0.036817722
1992-04-26,0.036824174
1992-04-27,0.03657525
1992-04-28,0.036768682
1992-04-29,0.036950856
1992-04-30,0.036954444
1992-05-01,0.036966372
1992-05-02,0.036966242
1992-05-03,0.036967326
1992-05-04,0.03702391
1992-05-05,0.037041575
1992-05-06,0.036881283
1992-05-07,0.03657294
1992-05-08,0.03656172
1992-05-09,0.03656287
1992-05-10,0.036562286
1992-05-11,0.036349196
1992-05-12,0.036143843
1992-05-13,0.03608889
1992-05-14,0.036051426
1992-05-15,0.0362332
1992-05-16,0.03623358
1992-05-17,0.036226735
1992-05-18,0.036187284
1992-05-19,0.035737075
1992-05-20,0.0357141
1992-05-21,0.03548244
1992-05-22,0.035473585
1992-05-23,0.035473555
1992-05-24,0.035475306
1992-05-25,0.0354753
1992-05-26,0.03547388
1992-05-27,0.035458602
1992-05-28,0.03521392
1992-05-29,0.035215538
1992-05-30,0.035215538
1992-05-31,0.035215538
1992-06-01,0.03521967
1992-06-02,0.03521201
1992-06-03,0.03517443
1992-06-04,0.035174582
1992-06-05,0.035174318
1992-06-06,0.035174157
1992-06-07,0.0351741
1992-06-08,0.035165396
1992-06-09,0.035171337
1992-06-10,0.035164572
1992-06-11,0.035164986
1992-06-12,0.03516818
1992-06-13,0.03516817
1992-06-14,0.03516816
1992-06-15,0.035166074
1992-06-16,0.03516376
1992-06-17,0.03516904
1992-06-18,0.03517969
1992-06-19,0.035182748
1992-06-20,0.035182748
1992-06-21,0.035182737
1992-06-22,0.03519887
1992-06-23,0.03520553
1992-06-24,0.035205133
1992-06-25,0.035192486
1992-06-26,0.03518091
1992-06-27,0.03518091
1992-06-28,0.03518091
1992-06-29,0.035198495
1992-06-30,0.035209652
1992-07-01,0.03521486
1992-07-02,0.03522406
1992-07-03,0.035224125
1992-07-04,0.035224125
1992-07-05,0.035220966
1992-07-06,0.035219926
1992-07-07,0.035225354
1992-07-08,0.03524259
1992-07-09,0.035282288
1992-07-10,0.035308227
1992-07-11,0.035308227
1992-07-12,0.035308227
1992-07-13,0.035307862
1992-07-14,0.03538973
1992-07-15,0.03555021
1992-07-16,0.035762552
1992-07-17,0.03582978
1992-07-18,0.03582981
1992-07-19,0.035829812
1992-07-20,0.035804354
1992-07-21,0.036046613
1992-07-22,0.03596948
1992-07-23,0.03580091
1992-07-24,0.035785656
1992-07-25,0.035769492
1992-07-26,0.03576328
1992-07-27,0.03580089
1992-07-28,0.036166757
1992-07-29,0.036159553
1992-07-30,0.036066692
1992-07-31,0.03601559
1992-08-01,0.03601303
1992-08-02,0.036012582
1992-08-03,0.0359575
1992-08-04,0.03600711
1992-08-05,0.03593589
1992-08-06,0.03597094
1992-08-07,0.035831288
1992-08-08,0.035831288
1992-08-09,0.03583138
1992-08-10,0.03583204
1992-08-11,0.035859406
1992-08-12,0.0358401
1992-08-13,0.035823707
1992-08-14,0.035824984
1992-08-15,0.03582488
1992-08-16,0.0358283
1992-08-17,0.035819132
1992-08-18,0.035836324
1992-08-19,0.03584282
1992-08-20,0.035724387
1992-08-21,0.035722964
1992-08-22,0.035722964
1992-08-23,0.035723124
1992-08-24,0.035738
1992-08-25,0.03574385
1992-08-26,0.03568979
1992-08-27,0.03573523
1992-08-28,0.035727218
1992-08-29,0.035727248
1992-08-30,0.035727248
1992-08-31,0.035727393
1992-09-01,0.035733372
1992-09-02,0.035698347
1992-09-03,0.03570382
1992-09-04,0.035707284
1992-09-05,0.035707284
1992-09-06,0.035707284
1992-09-07,0.035707492
1992-09-08,0.03570184
1992-09-09,0.035701897
1992-09-10,0.035681147
1992-09-11,0.03568381
1992-09-12,0.035684634
1992-09-13,0.03568463
1992-09-14,0.035685737
1992-09-15,0.035668433
1992-09-16,0.03566623
1992-09-17,0.035647977
1992-09-18,0.035587035
1992-09-19,0.035587035
1992-09-20,0.03558638
1992-09-21,0.03563761
1992-09-22,0.035628956
1992-09-23,0.035578623
1992-09-24,0.035582013
1992-09-25,0.03558359
1992-09-26,0.035583604
1992-09-27,0.035583604
1992-09-28,0.035581928
1992-09-29,0.03558271
1992-09-30,0.03557275
1992-10-01,0.03559473
1992-10-02,0.035595138
1992-10-03,0.035595
1992-10-04,0.035595033
1992-10-05,0.035596393
1992-10-06,0.035602055
1992-10-07,0.03560636
1992-10-08,0.03559218
1992-10-09,0.03558025
1992-10-10,0.03557957
1992-10-11,0.035579555
1992-10-12,0.03558953
1992-10-13,0.03563016
1992-10-14,0.035653573
1992-10-15,0.035376083
1992-10-16,0.035124082
1992-10-17,0.035124052
1992-10-18,0.03512424
1992-10-19,0.03517941
1992-10-20,0.03523112
1992-10-21,0.03539736
1992-10-22,0.03549889
1992-10-23,0.03574138
1992-10-24,0.03574249
1992-10-25,0.03574251
1992-10-26,0.03602873
1992-10-27,0.03617175
1992-10-28,0.03619758
1992-10-29,0.036348186
1992-10-30,0.03636006
1992-10-31,0.036360107
1992-11-01,0.036360145
1992-11-02,0.036362503
1992-11-03,0.03638937
1992-11-04,0.036406282
1992-11-05,0.0365679
1992-11-06,0.036578864
1992-11-07,0.036578875
1992-11-08,0.03660748
1992-11-09,0.036617707
1992-11-10,0.0365999
1992-11-11,0.03666172
1992-11-12,0.0367355
1992-11-13,0.036510427
1992-11-14,0.036510322
1992-11-15,0.036511272
1992-11-16,0.036488816
1992-11-17,0.03651125
1992-11-18,0.036525764
1992-11-19,0.036550984
1992-11-20,0.03653666
1992-11-21,0.03653656
1992-11-22,0.03653639
1992-11-23,0.036542106
1992-11-24,0.0365504
1992-11-25,0.03656578
1992-11-26,0.036565375
1992-11-27,0.036580134
1992-11-28,0.036580134
1992-11-29,0.036580183
1992-11-30,0.036583774
1992-12-01,0.03658598
1992-12-02,0.036622744
1992-12-03,0.036627367
1992-12-04,0.036496308
1992-12-05,0.036496308
1992-12-06,0.036496308
1992-12-07,0.036501624
1992-12-08,0.036541425
1992-12-09,0.036536343
1992-12-10,0.03653537
1992-12-11,0.036534466
1992-12-12,0.036534466
1992-12-13,0.036534466
1992-12-14,0.036534354
1992-12-15,0.036550283
1992-12-16,0.036558144
1992-12-17,0.036525562
1992-12-18,0.03650984
1992-12-19,0.03650984
1992-12-20,0.03650984
1992-12-21,0.036495112
1992-12-22,0.036501963
1992-12-23,0.036550015
1992-12-24,0.03654958
1992-12-25,0.03654958
1992-12-26,0.03654958
1992-12-27,0.03655067
1992-12-28,0.03655112
1992-12-29,0.036550965
1992-12-30,0.03656599
1992-12-31,0.036566205
1993-01-01,0.036566205
1993-01-02,0.036566205
1993-01-03,0.036566205
1993-01-04,0.036564324
1993-01-05,0.036564205
1993-01-06,0.036559526
1993-01-07,0.036534604
1993-01-08,0.036540404
1993-01-09,0.036540404
1993-01-10,0.036540404
1993-01-11,0.036535468
1993-01-12,0.036519397
1993-01-13,0.036702916
1993-01-14,0.036726166
1993-01-15,0.036764927
1993-01-16,0.036764927
1993-01-17,0.036764923
1993-01-18,0.036737345
1993-01-19,0.036691785
1993-01-20,0.03657161
1993-01-21,0.03676935
1993-01-22,0.036837354
1993-01-23,0.03683041
1993-01-24,0.036821794
1993-01-25,0.036667414
1993-01-26,0.03658586
1993-01-27,0.03653232
1993-01-28,0.03649261
1993-01-29,0.036426336
1993-01-30,0.036426306
1993-01-31,0.036426723
1993-02-01,0.03638234
1993-02-02,0.036305077
1993-02-03,0.03624941
1993-02-04,0.03626602
1993-02-05,0.03627425
1993-02-06,0.03627674
1993-02-07,0.03627665
1993-02-08,0.036310688
1993-02-09,0.03702865
1993-02-10,0.036798842
1993-02-11,0.037707258
1993-02-12,0.037728544
1993-02-13,0.03772945
1993-02-14,0.037729453
1993-02-15,0.037728045
1993-02-16,0.037763793
1993-02-17,0.03784157
1993-02-18,0.037897237
1993-02-19,0.03797651
1993-02-20,0.03797651
1993-02-21,0.03797856
1993-02-22,0.037922256
1993-02-23,0.03802937
1993-02-24,0.037663113
1993-02-25,0.03762756
1993-02-26,0.037736103
1993-02-27,0.037736196
1993-02-28,0.037961334
1993-03-01,0.037988055
1993-03-02,0.038047295
1993-03-03,0.038150903
1993-03-04,0.038177755
1993-03-05,0.038189158
1993-03-06,0.038189158
1993-03-07,0.03818926
1993-03-08,0.03823533
1993-03-09,0.0382669
1993-03-10,0.03828004
1993-03-11,0.038307693
1993-03-12,0.038303614
1993-03-13,0.03830238
1993-03-14,0.038302246
1993-03-15,0.03832268
1993-03-16,0.038312294
1993-03-17,0.038352136
1993-03-18,0.038345084
1993-03-19,0.038345587
1993-03-20,0.038345363
1993-03-21,0.038345594
1993-03-22,0.038347334
1993-03-23,0.038321033
1993-03-24,0.038333025
1993-03-25,0.038332682
1993-03-26,0.03833158
1993-03-27,0.03833155
1993-03-28,0.03833155
1993-03-29,0.0383418
1993-03-30,0.03843496
1993-03-31,0.038449805
1993-04-01,0.038430095
1993-04-02,0.038427662
1993-04-03,0.038427897
1993-04-04,0.038427923
1993-04-05,0.038422212
1993-04-06,0.038442876
1993-04-07,0.03840895
1993-04-08,0.038410988
1993-04-09,0.03840734
1993-04-10,0.03840752
1993-04-11,0.03840752
1993-04-12,0.038425688
1993-04-13,0.038437612
1993-04-14,0.038224667
1993-04-15,0.03820542
1993-04-16,0.03815646
1993-04-17,0.03815662
1993-04-18,0.038146555
1993-04-19,0.038131658
1993-04-20,0.037756193
1993-04-21,0.037585728
1993-04-22,0.037682537
1993-04-23,0.037755124
1993-04-24,0.037758138
1993-04-25,0.037807684
1993-04-26,0.037944227
1993-04-27,0.03780415
1993-04-28,0.037840568
1993-04-29,0.038003303
1993-04-30,0.03798954
1993-05-01,0.03798883
1993-05-02,0.037991017
1993-05-03,0.038072035
1993-05-04,0.03811252
1993-05-05,0.038117196
1993-05-06,0.03812567
1993-05-07,0.03813741
1993-05-08,0.03813747
1993-05-09,0.03813683
1993-05-10,0.03802895
1993-05-11,0.03784978
1993-05-12,0.037574906
1993-05-13,0.03756811
1993-05-14,0.037859507
1993-05-15,0.03786027
1993-05-16,0.037860323
1993-05-17,0.037588708
1993-05-18,0.03724283
1993-05-19,0.037147548
1993-05-20,0.037000317
1993-05-21,0.036877565
1993-05-22,0.036877565
1993-05-23,0.036877494
1993-05-24,0.03685212
1993-05-25,0.03688755
1993-05-26,0.03688455
1993-05-27,0.036826193
1993-05-28,0.036802825
1993-05-29,0.036802866
1993-05-30,0.036802866
1993-05-31,0.036802918
1993-06-01,0.03679961
1993-06-02,0.036791414
1993-06-03,0.03672183
1993-06-04,0.036718175
1993-06-05,0.036718175
1993-06-06,0.036720306
1993-06-07,0.036721405
1993-06-08,0.036736593
1993-06-09,0.036729373
1993-06-10,0.03673558
1993-06-11,0.036736462
1993-06-12,0.036736865
1993-06-13,0.03673696
1993-06-14,0.036713574
1993-06-15,0.03666475
1993-06-16,0.036672264
1993-06-17,0.036686283
1993-06-18,0.036691885
1993-06-19,0.036691885
1993-06-20,0.036691885
1993-06-21,0.036699567
1993-06-22,0.036693707
1993-06-23,0.036690306
1993-06-24,0.03675841
1993-06-25,0.03675973
1993-06-26,0.03675973
1993-06-27,0.03675973
1993-06-28,0.036757592
1993-06-29,0.03670233
1993-06-30,0.036716808
1993-07-01,0.036720876
1993-07-02,0.036720265
1993-07-03,0.036720302
1993-07-04,0.036720302
1993-07-05,0.036720302
1993-07-06,0.036746766
1993-07-07,0.03676688
1993-07-08,0.036774896
1993-07-09,0.036802005
1993-07-10,0.036802005
1993-07-11,0.036802005
1993-07-12,0.036833894
1993-07-13,0.03690647
1993-07-14,0.0367164
1993-07-15,0.036805958
1993-07-16,0.036714673
1993-07-17,0.036714777
1993-07-18,0.036739644
1993-07-19,0.036761146
1993-07-20,0.03685231
1993-07-21,0.037089016
1993-07-22,0.037106287
1993-07-23,0.037030812
1993-07-24,0.037027117
1993-07-25,0.037008658
1993-07-26,0.036938794
1993-07-27,0.036941826
1993-07-28,0.037007425
1993-07-29,0.037106093
1993-07-30,0.03717118
1993-07-31,0.03716932
1993-08-01,0.037169624
1993-08-02,0.037151523
1993-08-03,0.03710694
1993-08-04,0.03738705
1993-08-05,0.037397854
1993-08-06,0.037080124
1993-08-07,0.037080083
1993-08-08,0.037077915
1993-08-09,0.037091207
1993-08-10,0.037132554
1993-08-11,0.03704012
1993-08-12,0.03704743
1993-08-13,0.037058048
1993-08-14,0.037058458
1993-08-15,0.037058502
1993-08-16,0.037103914
1993-08-17,0.036999002
1993-08-18,0.03699327
1993-08-19,0.03699548
1993-08-20,0.037024904
1993-08-21,0.037025016
1993-08-22,0.03702486
1993-08-23,0.03701789
1993-08-24,0.03702582
1993-08-25,0.03702686
1993-08-26,0.03695484
1993-08-27,0.036962006
1993-08-28,0.036949653
1993-08-29,0.0369498
1993-08-30,0.036953323
1993-08-31,0.036950845
1993-09-01,0.03694902
1993-09-02,0.036954843
1993-09-03,0.03695306
1993-09-04,0.03695306
1993-09-05,0.036953002
1993-09-06,0.036953002
1993-09-07,0.036957312
1993-09-08,0.037029196
1993-09-09,0.03707162
1993-09-10,0.037083335
1993-09-11,0.037118867
1993-09-12,0.03712017
1993-09-13,0.037116703
1993-09-14,0.03709028
1993-09-15,0.0370766
1993-09-16,0.037075344
1993-09-17,0.037070815
1993-09-18,0.037070457
1993-09-19,0.037070457
1993-09-20,0.03711232
1993-09-21,0.037096642
1993-09-22,0.03707942
1993-09-23,0.037070166
1993-09-24,0.037097123
1993-09-25,0.037097123
1993-09-26,0.03709723
1993-09-27,0.037180938
1993-09-28,0.037191536
1993-09-29,0.037162114
1993-09-30,0.037152093
1993-10-01,0.037149627
1993-10-02,0.037149724
1993-10-03,0.03714849
1993-10-04,0.037143666
1993-10-05,0.037142325
1993-10-06,0.037133247
1993-10-07,0.037104778
1993-10-08,0.03708234
1993-10-09,0.03708234
1993-10-10,0.037082307
1993-10-11,0.03709083
1993-10-12,0.037137173
1993-10-13,0.03741138
1993-10-14,0.03738989
1993-10-15,0.037384957
1993-10-16,0.037385214
1993-10-17,0.037380546
1993-10-18,0.037528675
1993-10-19,0.037581567
1993-10-20,0.037820436
1993-10-21,0.037798963
1993-10-22,0.03801197
1993-10-23,0.038013138
1993-10-24,0.03802908
1993-10-25,0.0381534
1993-10-26,0.038154226
1993-10-27,0.038210455
1993-10-28,0.038632367
1993-10-29,0.038665064
1993-10-30,0.03866597
1993-10-31,0.038674895
1993-11-01,0.038731743
1993-11-02,0.03875594
1993-11-03,0.038738072
1993-11-04,0.03875039
1993-11-05,0.038817413
1993-11-06,0.03881711
1993-11-07,0.038817063
1993-11-08,0.038865156
1993-11-09,0.038840476
1993-11-10,0.03884871
1993-11-11,0.038860496
1993-11-12,0.03884075
1993-11-13,0.0388408
1993-11-14,0.038839065
1993-11-15,0.038883545
1993-11-16,0.0389266
1993-11-17,0.03893455
1993-11-18,0.038984824
1993-11-19,0.038984697
1993-11-20,0.03898455
1993-11-21,0.03898449
1993-11-22,0.038987078
1993-11-23,0.03898559
1993-11-24,0.038988788
1993-11-25,0.038988426
1993-11-26,0.03898591
1993-11-27,0.03898596
1993-11-28,0.03898598
1993-11-29,0.038947016
1993-11-30,0.038966376
1993-12-01,0.03897712
1993-12-02,0.03896583
1993-12-03,0.03890155
1993-12-04,0.03890146
1993-12-05,0.03890146
1993-12-06,0.038903624
1993-12-07,0.038911887
1993-12-08,0.038907792
1993-12-09,0.038914356
1993-12-10,0.038916264
1993-12-11,0.038916264
1993-12-12,0.038916893
1993-12-13,0.038926933
1993-12-14,0.038925283
1993-12-15,0.038888507
1993-12-16,0.038913537
1993-12-17,0.038908213
1993-12-18,0.03890786
1993-12-19,0.03890785
1993-12-20,0.03890487
1993-12-21,0.038908258
1993-12-22,0.038917694
1993-12-23,0.038918704
1993-12-24,0.038918704
1993-12-25,0.038918704
1993-12-26,0.038918704
1993-12-27,0.038917456
1993-12-28,0.03891729
1993-12-29,0.03891741
1993-12-30,0.03891118
1993-12-31,0.03891118
1994-01-01,0.03891118
1994-01-02,0.03891118
1994-01-03,0.038910937
1994-01-04,0.038911898
1994-01-05,0.038912587
1994-01-06,0.038879234
1994-01-07,0.038884446
1994-01-08,0.038884446
1994-01-09,0.038884446
1994-01-10,0.038884867
1994-01-11,0.038901247
1994-01-12,0.038903248
1994-01-13,0.03894868
1994-01-14,0.03897828
1994-01-15,0.03897828
1994-01-16,0.03897827
1994-01-17,0.038999863
1994-01-18,0.038987454
1994-01-19,0.039055854
1994-01-20,0.038784724
1994-01-21,0.038756628
1994-01-22,0.038756754
1994-01-23,0.038740277
1994-01-24,0.03854937
1994-01-25,0.038602967
1994-01-26,0.038454052
1994-01-27,0.038352825
1994-01-28,0.038249005
1994-01-29,0.03825598
1994-01-30,0.038393456
1994-01-31,0.038230695
1994-02-01,0.038261034
1994-02-02,0.038277615
1994-02-03,0.03817871
1994-02-04,0.037850793
1994-02-05,0.037861716
1994-02-06,0.03786374
1994-02-07,0.03784136
1994-02-08,0.037939094
1994-02-09,0.037997387
1994-02-10,0.039107967
1994-02-11,0.03912181
1994-02-12,0.039121628
1994-02-13,0.039157473
1994-02-14,0.03917313
1994-02-15,0.039212357
1994-02-16,0.039209407
1994-02-17,0.039261997
1994-02-18,0.039399493
1994-02-19,0.039399344
1994-02-20,0.039399214
1994-02-21,0.039255995
1994-02-22,0.03946916
1994-02-23,0.03953378
1994-02-24,0.03975546
1994-02-25,0.03980894
1994-02-26,0.03979449
1994-02-27,0.039904654
1994-02-28,0.040076256
1994-03-01,0.040105905
1994-03-02,0.040114608
1994-03-03,0.04020476
1994-03-04,0.04026324
1994-03-05,0.04026381
1994-03-06,0.04030782
1994-03-07,0.040328924
1994-03-08,0.04025156
1994-03-09,0.04028092
1994-03-10,0.040570285
1994-03-11,0.040535018
1994-03-12,0.040535018
1994-03-13,0.0405369
1994-03-14,0.040518284
1994-03-15,0.040532447
1994-03-16,0.040546905
1994-03-17,0.040536705
1994-03-18,0.040458113
1994-03-19,0.040469192
1994-03-20,0.040469065
1994-03-21,0.040479824
1994-03-22,0.04046992
1994-03-23,0.04049054
1994-03-24,0.040513933
1994-03-25,0.040505216
1994-03-26,0.040505216
1994-03-27,0.04050517
1994-03-28,0.040448584
1994-03-29,0.04056697
1994-03-30,0.04056466
1994-03-31,0.040567122
1994-04-01,0.0405651
1994-04-02,0.04045996
1994-04-03,0.040460665
1994-04-04,0.040474694
1994-04-05,0.04049217
1994-04-06,0.0405158
1994-04-07,0.04051768
1994-04-08,0.040505372
1994-04-09,0.040505372
1994-04-10,0.040504824
1994-04-11,0.04050395
1994-04-12,0.040477738
1994-04-13,0.040483486
1994-04-14,0.040478125
1994-04-15,0.040563732
1994-04-16,0.04056371
1994-04-17,0.040564492
1994-04-18,0.040563643
1994-04-19,0.040992673
1994-04-20,0.040918473
1994-04-21,0.040909678
1994-04-22,0.04083882
1994-04-23,0.040838752
1994-04-24,0.040840548
1994-04-25,0.041066416
1994-04-26,0.040723775
1994-04-27,0.040745035
1994-04-28,0.041171324
1994-04-29,0.04121203
1994-04-30,0.041249923
1994-05-01,0.041249562
1994-05-02,0.041258007
1994-05-03,0.041372392
1994-05-04,0.04139989
1994-05-05,0.04142207
1994-05-06,0.041421734
1994-05-07,0.04141962
1994-05-08,0.041419685
1994-05-09,0.04128008
1994-05-10,0.04117794
1994-05-11,0.041029427
1994-05-12,0.041210216
1994-05-13,0.041200615
1994-05-14,0.04120232
1994-05-15,0.041199077
1994-05-16,0.040754113
1994-05-17,0.04062455
1994-05-18,0.040293604
1994-05-19,0.04024619
1994-05-20,0.04014617
1994-05-21,0.04014731
1994-05-22,0.04014824
1994-05-23,0.04006707
1994-05-24,0.040090665
1994-05-25,0.040087704
1994-05-26,0.04009246
1994-05-27,0.03998983
1994-05-28,0.03998982
1994-05-29,0.039989863
1994-05-30,0.039989863
1994-05-31,0.039978538
1994-06-01,0.039953183
1994-06-02,0.039961778
1994-06-03,0.039966214
1994-06-04,0.03996666
1994-06-05,0.03996666
1994-06-06,0.039971475
1994-06-07,0.039950494
1994-06-08,0.039945744
1994-06-09,0.039943058
1994-06-10,0.039942622
1994-06-11,0.039942622
1994-06-12,0.03994262
1994-06-13,0.039950915
1994-06-14,0.039922513
1994-06-15,0.0399382
1994-06-16,0.039942805
1994-06-17,0.039945103
1994-06-18,0.039945103
1994-06-19,0.039949354
1994-06-20,0.03994443
1994-06-21,0.03994067
1994-06-22,0.03992779
1994-06-23,0.039963644
1994-06-24,0.039964195
1994-06-25,0.039964195
1994-06-26,0.039964195
1994-06-27,0.039968517
1994-06-28,0.039959732
1994-06-29,0.03996066
1994-06-30,0.040000133
1994-07-01,0.040077284
1994-07-02,0.040077284
1994-07-03,0.040077284
1994-07-04,0.040077284
1994-07-05,0.04007534
1994-07-06,0.040106393
1994-07-07,0.040124267
1994-07-08,0.040124085
1994-07-09,0.040124085
1994-07-10,0.040124085
1994-07-11,0.040182717
1994-07-12,0.04030444
1994-07-13,0.04040156
1994-07-14,0.040299438
1994-07-15,0.04035869
1994-07-16,0.040301673
1994-07-17,0.040315725
1994-07-18,0.04048079
1994-07-19,0.040613268
1994-07-20,0.041924946
1994-07-21,0.042160444
1994-07-22,0.04221731
1994-07-23,0.04221875
1994-07-24,0.04224537
1994-07-25,0.04196681
1994-07-26,0.041819837
1994-07-27,0.041758023
1994-07-28,0.04185644
1994-07-29,0.04191382
1994-07-30,0.04191312
1994-07-31,0.041931067
1994-08-01,0.042050947
1994-08-02,0.0420956
1994-08-03,0.042126115
1994-08-04,0.042121153
1994-08-05,0.04212615
1994-08-06,0.042127986
1994-08-07,0.042128474
1994-08-08,0.04212678
1994-08-09,0.042072065
1994-08-10,0.041949566
1994-08-11,0.041938912
1994-08-12,0.041457564
1994-08-13,0.041458994
1994-08-14,0.041458793
1994-08-15,0.041435327
1994-08-16,0.041357648
1994-08-17,0.04136107
1994-08-18,0.041362934
1994-08-19,0.041355353
1994-08-20,0.041355
1994-08-21,0.04135435
1994-08-22,0.041351847
1994-08-23,0.04134701
1994-08-24,0.041352477
1994-08-25,0.04134221
1994-08-26,0.041349266
1994-08-27,0.041349266
1994-08-28,0.041349266
1994-08-29,0.041343454
1994-08-30,0.041354273
1994-08-31,0.041344125
1994-09-01,0.041341174
1994-09-02,0.041338615
1994-09-03,0.041338615
1994-09-04,0.041338857
1994-09-05,0.041339044
1994-09-06,0.04134008
1994-09-07,0.041351657
1994-09-08,0.041372497
1994-09-09,0.041382767
1994-09-10,0.041387957
1994-09-11,0.04137956
1994-09-12,0.04137417
1994-09-13,0.04135187
1994-09-14,0.041331004
1994-09-15,0.041332524
1994-09-16,0.041330144
1994-09-17,0.041330144
1994-09-18,0.04133117
1994-09-19,0.04136721
1994-09-20,0.041310236
1994-09-21,0.04131004
1994-09-22,0.041300487
1994-09-23,0.04131167
1994-09-24,0.04131165
1994-09-25,0.04131217
1994-09-26,0.041312154
1994-09-27,0.041317526
1994-09-28,0.041286997
1994-09-29,0.041285813
1994-09-30,0.041282106
1994-10-01,0.041282106
1994-10-02,0.041282292
1994-10-03,0.041286573
1994-10-04,0.041289028
1994-10-05,0.041274335
1994-10-06,0.041272935
1994-10-07,0.041268393
1994-10-08,0.041268393
1994-10-09,0.041269027
1994-10-10,0.041243523
1994-10-11,0.04111038
1994-10-12,0.04108607
1994-10-13,0.041208416
1994-10-14,0.041230246
1994-10-15,0.04123123
1994-10-16,0.04123183
1994-10-17,0.04125396
1994-10-18,0.041461628
1994-10-19,0.04159732
1994-10-20,0.04116422
1994-10-21,0.041472837
1994-10-22,0.041437846
1994-10-23,0.041437656
1994-10-24,0.041661795
1994-10-25,0.041777518
1994-10-26,0.042112354
1994-10-27,0.042186167
1994-10-28,0.042338282
1994-10-29,0.04234174
1994-10-30,0.04234044
1994-10-31,0.042401034
1994-11-01,0.042478237
1994-11-02,0.04253489
1994-11-03,0.042506516
1994-11-04,0.04250193
1994-11-05,0.04250211
1994-11-06,0.042502154
1994-11-07,0.042500094
1994-11-08,0.04252611
1994-11-09,0.04252675
1994-11-10,0.04251976
1994-11-11,0.042506937
1994-11-12,0.04250749
1994-11-13,0.04250879
1994-11-14,0.04241447
1994-11-15,0.042634685
1994-11-16,0.0426258
1994-11-17,0.042682357
1994-11-18,0.04273568
1994-11-19,0.04273635
1994-11-20,0.042736083
1994-11-21,0.04276482
1994-11-22,0.042775653
1994-11-23,0.04278132
1994-11-24,0.042795092
1994-11-25,0.04279533
1994-11-26,0.04279533
1994-11-27,0.04279521
1994-11-28,0.04279906
1994-11-29,0.042817052
1994-11-30,0.042859063
1994-12-01,0.04286117
1994-12-02,0.042816624
1994-12-03,0.042816624
1994-12-04,0.042816523
1994-12-05,0.042804066
1994-12-06,0.042785708
1994-12-07,0.04279039
1994-12-08,0.04278424
1994-12-09,0.042777125
1994-12-10,0.042777125
1994-12-11,0.042777125
1994-12-12,0.04277874
1994-12-13,0.04276517
1994-12-14,0.04280249
1994-12-15,0.042833462
1994-12-16,0.04284876
1994-12-17,0.042848825
1994-12-18,0.04284979
1994-12-19,0.042851627
1994-12-20,0.04283682
1994-12-21,0.042888977
1994-12-22,0.04288418
1994-12-23,0.042843737
1994-12-24,0.04284391
1994-12-25,0.04284391
1994-12-26,0.04284391
1994-12-27,0.042848963
1994-12-28,0.042849228
1994-12-29,0.042848684
1994-12-30,0.04284664
1994-12-31,0.04284664
1995-01-01,0.04284664
1995-01-02,0.04284664
1995-01-03,0.042846154
1995-01-04,0.042848643
1995-01-05,0.042866185
1995-01-06,0.04286917
1995-01-07,0.04286917
1995-01-08,0.042869985
1995-01-09,0.04287976
1995-01-10,0.042950157
1995-01-11,0.042954028
1995-01-12,0.042956565
1995-01-13,0.04295302
1995-01-14,0.042953055
1995-01-15,0.042952936
1995-01-16,0.0428163
1995-01-17,0.042941283
1995-01-18,0.04269549
1995-01-19,0.042691406
1995-01-20,0.043439016
1995-01-21,0.04343739
1995-01-22,0.04343768
1995-01-23,0.04374644
1995-01-24,0.043608487
1995-01-25,0.043877408
1995-01-26,0.044061016
1995-01-27,0.0440093
1995-01-28,0.044005387
1995-01-29,0.044087935
1995-01-30,0.044080038
1995-01-31,0.0443949
1995-02-01,0.044595
1995-02-02,0.044595394
1995-02-03,0.04466905
1995-02-04,0.04467187
1995-02-05,0.04467156
1995-02-06,0.04467108
1995-02-07,0.044708133
1995-02-08,0.044812214
1995-02-09,0.04484553
1995-02-10,0.04489896
1995-02-11,0.044909224
1995-02-12,0.04490937
1995-02-13,0.04494426
1995-02-14,0.04490909
1995-02-15,0.044895224
1995-02-16,0.04503318
1995-02-17,0.045051415
1995-02-18,0.045051247
1995-02-19,0.045050863
1995-02-20,0.045058887
1995-02-21,0.04499568
1995-02-22,0.04488955
1995-02-23,0.04510733
1995-02-24,0.04604925
1995-02-25,0.04604977
1995-02-26,0.046049997
1995-02-27,0.045983903
1995-02-28,0.04625439
1995-03-01,0.046261616
1995-03-02,0.04632278
1995-03-03,0.046306673
1995-03-04,0.046302073
1995-03-05,0.046302278
1995-03-06,0.04624333
1995-03-07,0.04625974
1995-03-08,0.04661499
1995-03-09,0.04687658
1995-03-10,0.046896376
1995-03-11,0.04689532
1995-03-12,0.04689524
1995-03-13,0.046896633
1995-03-14,0.04696177
1995-03-15,0.046989664
1995-03-16,0.04696288
1995-03-17,0.046951823
1995-03-18,0.046951663
1995-03-19,0.046951827
1995-03-20,0.04736624
1995-03-21,0.04736138
1995-03-22,0.047259722
1995-03-23,0.047362987
1995-03-24,0.047363445
1995-03-25,0.04736349
1995-03-26,0.047363438
1995-03-27,0.047358386
1995-03-28,0.047366142
1995-03-29,0.04737692
1995-03-30,0.04736587
1995-03-31,0.047367677
1995-04-01,0.047367983
1995-04-02,0.047256403
1995-04-03,0.047252387
1995-04-04,0.04717507
1995-04-05,0.0471674
1995-04-06,0.047175106
1995-04-07,0.047273457
1995-04-08,0.047273446
1995-04-09,0.047273446
1995-04-10,0.047265433
1995-04-11,0.047178376
1995-04-12,0.047210354
1995-04-13,0.04709169
1995-04-14,0.047085352
1995-04-15,0.047085486
1995-04-16,0.04720384
1995-04-17,0.04724409
1995-04-18,0.046820927
1995-04-19,0.046875898
1995-04-20,0.0470248
1995-04-21,0.047046095
1995-04-22,0.04702793
1995-04-23,0.047030468
1995-04-24,0.047244158
1995-04-25,0.047062945
1995-04-26,0.046883486
1995-04-27,0.046919394
1995-04-28,0.046893306
1995-04-29,0.04689395
1995-04-30,0.04688183
1995-05-01,0.046930734
1995-05-02,0.046977248
1995-05-03,0.046981905
1995-05-04,0.04699099
1995-05-05,0.046993945
1995-05-06,0.04700427
1995-05-07,0.04700425
1995-05-08,0.046880927
1995-05-09,0.04657315
1995-05-10,0.04651668
1995-05-11,0.046522878
1995-05-12,0.046098553
1995-05-13,0.046097945
1995-05-14,0.04610109
1995-05-15,0.046070226
1995-05-16,0.04562793
1995-05-17,0.045363255
1995-05-18,0.04533324
1995-05-19,0.045332257
1995-05-20,0.045332786
1995-05-21,0.045332786
1995-05-22,0.04532883
1995-05-23,0.04535627
1995-05-24,0.045352366
1995-05-25,0.045491178
1995-05-26,0.045500387
1995-05-27,0.045500457
1995-05-28,0.045500457
1995-05-29,0.045500457
1995-05-30,0.045550052
1995-05-31,0.045574542
1995-06-01,0.04557176
1995-06-02,0.045570925
1995-06-03,0.045571227
1995-06-04,0.045571238
1995-06-05,0.04556899
1995-06-06,0.04556689
1995-06-07,0.045560174
1995-06-08,0.045551907
1995-06-09,0.045550242
1995-06-10,0.045550242
1995-06-11,0.045550242
1995-06-12,0.045560848
1995-06-13,0.045530915
1995-06-14,0.045513034
1995-06-15,0.045518998
1995-06-16,0.04552191
1995-06-17,0.045521673
1995-06-18,0.045421604
1995-06-19,0.045429416
1995-06-20,0.04548782
1995-06-21,0.045497794
1995-06-22,0.045528296
1995-06-23,0.04552529
1995-06-24,0.04552529
1995-06-25,0.04552529
1995-06-26,0.045527168
1995-06-27,0.04553037
1995-06-28,0.045527715
1995-06-29,0.04556157
1995-06-30,0.04557584
1995-07-01,0.045579955
1995-07-02,0.045579955
1995-07-03,0.04554894
1995-07-04,0.045549266
1995-07-05,0.045551784
1995-07-06,0.045548905
1995-07-07,0.045580816
1995-07-08,0.045581058
1995-07-09,0.045581058
1995-07-10,0.045624617
1995-07-11,0.045656383
1995-07-12,0.045817494
1995-07-13,0.045848016
1995-07-14,0.04583117
1995-07-15,0.045831826
1995-07-16,0.04578724
1995-07-17,0.045832213
1995-07-18,0.045799475
1995-07-19,0.046314187
1995-07-20,0.046680067
1995-07-21,0.046900023
1995-07-22,0.046897836
1995-07-23,0.04690012
1995-07-24,0.04690096
1995-07-25,0.046987236
1995-07-26,0.047082584
1995-07-27,0.047231704
1995-07-28,0.047267374
1995-07-29,0.047273085
1995-07-30,0.047275096
1995-07-31,0.04727848
1995-08-01,0.047243163
1995-08-02,0.0472759
1995-08-03,0.047348194
1995-08-04,0.047234032
1995-08-05,0.04723438
1995-08-06,0.047228098
1995-08-07,0.04723452
1995-08-08,0.047263622
1995-08-09,0.047198664
1995-08-10,0.047218323
1995-08-11,0.04711667
1995-08-12,0.047119692
1995-08-13,0.047122136
1995-08-14,0.0471189
1995-08-15,0.047152583
1995-08-16,0.047145963
1995-08-17,0.04708797
1995-08-18,0.047190305
1995-08-19,0.0471902
1995-08-20,0.0471902
1995-08-21,0.04719429
1995-08-22,0.047206886
1995-08-23,0.047170833
1995-08-24,0.047206644
1995-08-25,0.047149543
1995-08-26,0.04714966
1995-08-27,0.04714966
1995-08-28,0.047194783
1995-08-29,0.047189645
1995-08-30,0.047086544
1995-08-31,0.0470882
1995-09-01,0.047087744
1995-09-02,0.047087744
1995-09-03,0.047087744
1995-09-04,0.047087856
1995-09-05,0.047089186
1995-09-06,0.047087487
1995-09-07,0.047074776
1995-09-08,0.047072392
1995-09-09,0.047072392
1995-09-10,0.047072906
1995-09-11,0.0470734
1995-09-12,0.047071226
1995-09-13,0.04721952
1995-09-14,0.047177106
1995-09-15,0.047166433
1995-09-16,0.047166336
1995-09-17,0.047166273
1995-09-18,0.047237694
1995-09-19,0.047235522
1995-09-20,0.04726172
1995-09-21,0.047218446
1995-09-22,0.047218286
1995-09-23,0.047218286
1995-09-24,0.047218118
1995-09-25,0.04721696
1995-09-26,0.047212623
1995-09-27,0.04721601
1995-09-28,0.04721827
1995-09-29,0.04720759
1995-09-30,0.04720774
1995-10-01,0.04720778
1995-10-02,0.04720418
1995-10-03,0.047190346
1995-10-04,0.047192402
1995-10-05,0.04718733
1995-10-06,0.04718276
1995-10-07,0.04718276
1995-10-08,0.04718276
1995-10-09,0.047182545
1995-10-10,0.04720444
1995-10-11,0.047223564
1995-10-12,0.047261044
1995-10-13,0.047328413
1995-10-14,0.047305033
1995-10-15,0.047323357
1995-10-16,0.047586236
1995-10-17,0.047613982
1995-10-18,0.0466795
1995-10-19,0.047204893
1995-10-20,0.047381412
1995-10-21,0.047384482
1995-10-22,0.04741486
1995-10-23,0.04762449
1995-10-24,0.047646675
1995-10-25,0.047746554
1995-10-26,0.047935408
1995-10-27,0.048002217
1995-10-28,0.04799834
1995-10-29,0.047970124
1995-10-30,0.047887333
1995-10-31,0.048022456
1995-11-01,0.04795802
1995-11-02,0.0479546
1995-11-03,0.04777738
1995-11-04,0.047778916
1995-11-05,0.04777814
1995-11-06,0.047770735
1995-11-07,0.04777234
1995-11-08,0.047712266
1995-11-09,0.04775692
1995-11-10,0.047731813
1995-11-11,0.047737066
1995-11-12,0.047737505
1995-11-13,0.04772835
1995-11-14,0.04769177
1995-11-15,0.04771155
1995-11-16,0.047745258
1995-11-17,0.047479335
1995-11-18,0.047484823
1995-11-19,0.047488034
1995-11-20,0.047499873
1995-11-21,0.04750106
1995-11-22,0.047493502
1995-11-23,0.04749434
1995-11-24,0.04750089
1995-11-25,0.047500744
1995-11-26,0.047503013
1995-11-27,0.04740937
1995-11-28,0.047432914
1995-11-29,0.047432024
1995-11-30,0.047401786
1995-12-01,0.047550034
1995-12-02,0.047550034
1995-12-03,0.047550175
1995-12-04,0.047541093
1995-12-05,0.047540765
1995-12-06,0.04754634
1995-12-07,0.04754571
1995-12-08,0.04750552
1995-12-09,0.04750552
1995-12-10,0.04750552
1995-12-11,0.047506355
1995-12-12,0.04751268
1995-12-13,0.04750168
1995-12-14,0.047530912
1995-12-15,0.047552105
1995-12-16,0.047554843
1995-12-17,0.047554888
1995-12-18,0.04755601
1995-12-19,0.04751077
1995-12-20,0.04746286
1995-12-21,0.047496416
1995-12-22,0.047497675
1995-12-23,0.04749749
1995-12-24,0.04749749
1995-12-25,0.04749749
1995-12-26,0.04749661
1995-12-27,0.047493998
1995-12-28,0.04749913
1995-12-29,0.047504604
1995-12-30,0.047504604
1995-12-31,0.047504563
1996-01-01,0.047504563
1996-01-02,0.04750456
1996-01-03,0.047503896
1996-01-04,0.04750815
1996-01-05,0.047498465
1996-01-06,0.04748431
1996-01-07,0.04748431
1996-01-08,0.047488276
1996-01-09,0.04743365
1996-01-10,0.047397062
1996-01-11,0.047399405
1996-01-12,0.04739675
1996-01-13,0.04739675
1996-01-14,0.04739655
1996-01-15,0.04739639
1996-01-16,0.047241542
1996-01-17,0.04702092
1996-01-18,0.04676402
1996-01-19,0.047022574
1996-01-20,0.046862908
1996-01-21,0.04686326
1996-01-22,0.04640138
1996-01-23,0.046219718
1996-01-24,0.046247743
1996-01-25,0.045198433
1996-01-26,0.04510786
1996-01-27,0.045103386
1996-01-28,0.04510394
1996-01-29,0.04512286
1996-01-30,0.045338295
1996-01-31,0.044690695
1996-02-01,0.044705324
1996-02-02,0.044680312
1996-02-03,0.044680312
1996-02-04,0.044680312
1996-02-05,0.04451146
1996-02-06,0.044474907
1996-02-07,0.044544473
1996-02-08,0.044621892
1996-02-09,0.044667743
1996-02-10,0.044668198
1996-02-11,0.044669267
1996-02-12,0.04454678
1996-02-13,0.0444857
1996-02-14,0.04450511
1996-02-15,0.044357754
1996-02-16,0.04411018
1996-02-17,0.04411062
1996-02-18,0.044110548
1996-02-19,0.044108294
1996-02-20,0.044010513
1996-02-21,0.044166658
1996-02-22,0.044268508
1996-02-23,0.04401866
1996-02-24,0.0440191
1996-02-25,0.04402375
1996-02-26,0.04401751
1996-02-27,0.044263292
1996-02-28,0.044360615
1996-02-29,0.044372134
1996-03-01,0.044362534
1996-03-02,0.044362534
1996-03-03,0.04436248
1996-03-04,0.0444114
1996-03-05,0.04461036
1996-03-06,0.044624403
1996-03-07,0.04457727
1996-03-08,0.044586096
1996-03-09,0.044586167
1996-03-10,0.044586167
1996-03-11,0.044603337
1996-03-12,0.04461168
1996-03-13,0.044759225
1996-03-14,0.044852305
1996-03-15,0.044864185
1996-03-16,0.044864133
1996-03-17,0.044864133
1996-03-18,0.04484909
1996-03-19,0.04457812
1996-03-20,0.04455391
1996-03-21,0.044562604
1996-03-22,0.044563908
1996-03-23,0.044563908
1996-03-24,0.044563908
1996-03-25,0.04454679
1996-03-26,0.044579506
1996-03-27,0.04460209
1996-03-28,0.044624377
1996-03-29,0.044624474
1996-03-30,0.04462449
1996-03-31,0.044624273
1996-04-01,0.044616096
1996-04-02,0.044510197
1996-04-03,0.04450018
1996-04-04,0.04452078
1996-04-05,0.0445525
1996-04-06,0.0445525
1996-04-07,0.0445525
1996-04-08,0.04455225
1996-04-09,0.04457507
1996-04-10,0.04442785
1996-04-11,0.044113416
1996-04-12,0.044069245
1996-04-13,0.044070177
1996-04-14,0.04406155
1996-04-15,0.04396173
1996-04-16,0.044127405
1996-04-17,0.04428382
1996-04-18,0.044166926
1996-04-19,0.044111792
1996-04-20,0.044111792
1996-04-21,0.04410891
1996-04-22,0.044657543
1996-04-23,0.044579763
1996-04-24,0.044672806
1996-04-25,0.044574782
1996-04-26,0.044632
1996-04-27,0.04463261
1996-04-28,0.04465415
1996-04-29,0.04470618
1996-04-30,0.044628236
1996-05-01,0.044706568
1996-05-02,0.044767737
1996-05-03,0.044789292
1996-05-04,0.044849746
1996-05-05,0.044849746
1996-05-06,0.044737056
1996-05-07,0.044744384
1996-05-08,0.044763625
1996-05-09,0.04457765
1996-05-10,0.045242947
1996-05-11,0.04524746
1996-05-12,0.045246787
1996-05-13,0.045087557
1996-05-14,0.04484485
1996-05-15,0.044688653
1996-05-16,0.04441469
1996-05-17,0.044414733
1996-05-18,0.044413712
1996-05-19,0.04441368
1996-05-20,0.044187635
1996-05-21,0.044095237
1996-05-22,0.04410178
1996-05-23,0.044144038
1996-05-24,0.044518396
1996-05-25,0.044518396
1996-05-26,0.044518437
1996-05-27,0.04451853
1996-05-28,0.044150252
1996-05-29,0.0440705
1996-05-30,0.044064876
1996-05-31,0.044066515
1996-06-01,0.04406741
1996-06-02,0.044067267
1996-06-03,0.04405943
1996-06-04,0.044050783
1996-06-05,0.043971412
1996-06-06,0.04397949
1996-06-07,0.04397755
1996-06-08,0.04397755
1996-06-09,0.04397755
1996-06-10,0.04398605
1996-06-11,0.04398721
1996-06-12,0.044003397
1996-06-13,0.043936815
1996-06-14,0.043937832
1996-06-15,0.043937393
1996-06-16,0.043937393
1996-06-17,0.043945666
1996-06-18,0.043825626
1996-06-19,0.04381183
1996-06-20,0.043946285
1996-06-21,0.04394716
1996-06-22,0.043947235
1996-06-23,0.043947235
1996-06-24,0.043948535
1996-06-25,0.0439536
1996-06-26,0.043927856
1996-06-27,0.043930594
1996-06-28,0.043934327
1996-06-29,0.043934327
1996-06-30,0.04385096
1996-07-01,0.04400012
1996-07-02,0.044044886
1996-07-03,0.04404824
1996-07-04,0.04404824
1996-07-05,0.044048082
1996-07-06,0.044048082
1996-07-07,0.044048082
1996-07-08,0.044053417
1996-07-09,0.0440498
1996-07-10,0.044050504
1996-07-11,0.04404319
1996-07-12,0.043919604
1996-07-13,0.043919604
1996-07-14,0.043910827
1996-07-15,0.044030704
1996-07-16,0.044212602
1996-07-17,0.044890597
1996-07-18,0.0458596
1996-07-19,0.04578403
1996-07-20,0.045798
1996-07-21,0.045791507
1996-07-22,0.04593218
1996-07-23,0.046089683
1996-07-24,0.046173103
1996-07-25,0.04666598
1996-07-26,0.046677526
1996-07-27,0.04667725
1996-07-28,0.046706486
1996-07-29,0.046716228
1996-07-30,0.0467854
1996-07-31,0.04683306
1996-08-01,0.0467664
1996-08-02,0.046511404
1996-08-03,0.04651137
1996-08-04,0.04651112
1996-08-05,0.046524215
1996-08-06,0.046597403
1996-08-07,0.04657183
1996-08-08,0.046547655
1996-08-09,0.04656236
1996-08-10,0.046562206
1996-08-11,0.046562128
1996-08-12,0.04655878
1996-08-13,0.04658032
1996-08-14,0.046610475
1996-08-15,0.046479695
1996-08-16,0.046470005
1996-08-17,0.046470005
1996-08-18,0.046442132
1996-08-19,0.046448417
1996-08-20,0.046511766
1996-08-21,0.046526045
1996-08-22,0.046516754
1996-08-23,0.046550866
1996-08-24,0.046550866
1996-08-25,0.046550866
1996-08-26,0.04655795
1996-08-27,0.046563398
1996-08-28,0.046570618
1996-08-29,0.046820924
1996-08-30,0.046795886
1996-08-31,0.046796728
1996-09-01,0.046796728
1996-09-02,0.046797257
1996-09-03,0.046793763
1996-09-04,0.046799008
1996-09-05,0.046792172
1996-09-06,0.046791885
1996-09-07,0.04679225
1996-09-08,0.04679225
1996-09-09,0.046793424
1996-09-10,0.04679061
1996-09-11,0.046802014
1996-09-12,0.046737302
1996-09-13,0.04658592
1996-09-14,0.046586618
1996-09-15,0.046586618
1996-09-16,0.046593208
1996-09-17,0.04662034
1996-09-18,0.046615113
1996-09-19,0.046602014
1996-09-20,0.04656681
1996-09-21,0.04656681
1996-09-22,0.04656681
1996-09-23,0.046565417
1996-09-24,0.046550613
1996-09-25,0.046567
1996-09-26,0.046576217
1996-09-27,0.046582446
1996-09-28,0.046582446
1996-09-29,0.04658239
1996-09-30,0.046570726
1996-10-01,0.046568412
1996-10-02,0.04655931
1996-10-03,0.046557236
1996-10-04,0.046559148
1996-10-05,0.046559162
1996-10-06,0.046559162
1996-10-07,0.046535067
1996-10-08,0.04647936
1996-10-09,0.046484713
1996-10-10,0.046447825
1996-10-11,0.046438742
1996-10-12,0.046438742
1996-10-13,0.04643874
1996-10-14,0.046350643
1996-10-15,0.046369713
1996-10-16,0.04598312
1996-10-17,0.046088222
1996-10-18,0.045870718
1996-10-19,0.04587044
1996-10-20,0.045905244
1996-10-21,0.045863073
1996-10-22,0.04593923
1996-10-23,0.046232548
1996-10-24,0.04623149
1996-10-25,0.046388924
1996-10-26,0.046394616
1996-10-27,0.046380706
1996-10-28,0.046458684
1996-10-29,0.046532415
1996-10-30,0.046521284
1996-10-31,0.04656744
1996-11-01,0.046653446
1996-11-02,0.046651386
1996-11-03,0.04664821
1996-11-04,0.046705972
1996-11-05,0.04670465
1996-11-06,0.04670306
1996-11-07,0.046726506
1996-11-08,0.04670421
1996-11-09,0.046704736
1996-11-10,0.046701055
1996-11-11,0.046708535
1996-11-12,0.046659324
1996-11-13,0.0467588
1996-11-14,0.04676079
1996-11-15,0.046841487
1996-11-16,0.046843573
1996-11-17,0.046843395
1996-11-18,0.04683853
1996-11-19,0.046894968
1996-11-20,0.046674807
1996-11-21,0.046684533
1996-11-22,0.04665201
1996-11-23,0.046651043
1996-11-24,0.046651043
1996-11-25,0.046600137
1996-11-26,0.046463422
1996-11-27,0.046462048
1996-11-28,0.046467405
1996-11-29,0.04646629
1996-11-30,0.046466354
1996-12-01,0.046466466
1996-12-02,0.046477124
1996-12-03,0.046473715
1996-12-04,0.046590496
1996-12-05,0.04658822
1996-12-06,0.046579517
1996-12-07,0.046579517
1996-12-08,0.046579544
1996-12-09,0.046568286
1996-12-10,0.046570167
1996-12-11,0.046571933
1996-12-12,0.046627764
1996-12-13,0.046630368
1996-12-14,0.046630368
1996-12-15,0.04663035
1996-12-16,0.046617597
1996-12-17,0.04660226
1996-12-18,0.0465794
1996-12-19,0.046591017
1996-12-20,0.046591446
1996-12-21,0.046591405
1996-12-22,0.0465914
1996-12-23,0.046596922
1996-12-24,0.046596833
1996-12-25,0.046596833
1996-12-26,0.046596654
1996-12-27,0.04659675
1996-12-28,0.04659725
1996-12-29,0.04659673
1996-12-30,0.046596117
1996-12-31,0.046596684
1997-01-01,0.046596684
1997-01-02,0.046596184
1997-01-03,0.046597935
1997-01-04,0.046597935
1997-01-05,0.046597935
1997-01-06,0.046597645
1997-01-07,0.046604592
1997-01-08,0.04663905
1997-01-09,0.046695746
1997-01-10,0.046691902
1997-01-11,0.04669177
1997-01-12,0.046692535
1997-01-13,0.046702184
1997-01-14,0.046723567
1997-01-15,0.04691559
1997-01-16,0.046816546
1997-01-17,0.04681091
1997-01-18,0.04681091
1997-01-19,0.04681086
1997-01-20,0.04657234
1997-01-21,0.046966422
1997-01-22,0.04690762
1997-01-23,0.046938892
1997-01-24,0.046846274
1997-01-25,0.046846177
1997-01-26,0.04682992
1997-01-27,0.046762913
1997-01-28,0.046724826
1997-01-29,0.046758726
1997-01-30,0.04688696
1997-01-31,0.046847694
1997-02-01,0.046849024
1997-02-02,0.04685886
1997-02-03,0.046878733
1997-02-04,0.04683054
1997-02-05,0.04679693
1997-02-06,0.046798766
1997-02-07,0.0467992
1997-02-08,0.046798613
1997-02-09,0.046798613
1997-02-10,0.046783358
1997-02-11,0.047884654
1997-02-12,0.04826286
1997-02-13,0.048157204
1997-02-14,0.048125926
1997-02-15,0.04812594
1997-02-16,0.048126172
1997-02-17,0.04812247
1997-02-18,0.048131052
1997-02-19,0.04823632
1997-02-20,0.04824611
1997-02-21,0.048218094
1997-02-22,0.048213966
1997-02-23,0.048213843
1997-02-24,0.048098207
1997-02-25,0.048466463
1997-02-26,0.048503403
1997-02-27,0.048522796
1997-02-28,0.048435308
1997-03-01,0.048423328
1997-03-02,0.048423328
1997-03-03,0.048461787
1997-03-04,0.048724722
1997-03-05,0.048818447
1997-03-06,0.048786093
1997-03-07,0.04874914
1997-03-08,0.048755586
1997-03-09,0.048755508
1997-03-10,0.04875451
1997-03-11,0.04872379
1997-03-12,0.048875175
1997-03-13,0.048892226
1997-03-14,0.048944082
1997-03-15,0.04894407
1997-03-16,0.048942428
1997-03-17,0.048944842
1997-03-18,0.04895369
1997-03-19,0.04895162
1997-03-20,0.048930578
1997-03-21,0.048925746
1997-03-22,0.048925206
1997-03-23,0.0489222
1997-03-24,0.04891323
1997-03-25,0.04891416
1997-03-26,0.04889614
1997-03-27,0.048917707
1997-03-28,0.048926968
1997-03-29,0.048927158
1997-03-30,0.048927207
1997-03-31,0.048848253
1997-04-01,0.048853327
1997-04-02,0.04885065
1997-04-03,0.048860487
1997-04-04,0.048875984
1997-04-05,0.0488791
1997-04-06,0.048877858
1997-04-07,0.048868068
1997-04-08,0.048850887
1997-04-09,0.04886755
1997-04-10,0.04881007
1997-04-11,0.04876265
1997-04-12,0.04876265
1997-04-13,0.048758496
1997-04-14,0.048548337
1997-04-15,0.048573636
1997-04-16,0.04855046
1997-04-17,0.048065964
1997-04-18,0.04800637
1997-04-19,0.04800667
1997-04-20,0.048006885
1997-04-21,0.047942873
1997-04-22,0.048017297
1997-04-23,0.047948115
1997-04-24,0.04795198
1997-04-25,0.047943227
1997-04-26,0.047942694
1997-04-27,0.04794383
1997-04-28,0.04804283
1997-04-29,0.048021194
1997-04-30,0.047911137
1997-05-01,0.047924593
1997-05-02,0.047991987
1997-05-03,0.048012737
1997-05-04,0.048012342
1997-05-05,0.047987178
1997-05-06,0.04796995
1997-05-07,0.047907297
1997-05-08,0.047817826
1997-05-09,0.047600552
1997-05-10,0.047600005
1997-05-11,0.04760001
1997-05-12,0.047358733
1997-05-13,0.04735288
1997-05-14,0.04711654
1997-05-15,0.046963755
1997-05-16,0.046812598
1997-05-17,0.04681361
1997-05-18,0.046811473
1997-05-19,0.04655928
1997-05-20,0.04631001
1997-05-21,0.046482217
1997-05-22,0.046814565
1997-05-23,0.04677822
1997-05-24,0.046778075
1997-05-25,0.046743084
1997-05-26,0.046751726
1997-05-27,0.04708894
1997-05-28,0.047050983
1997-05-29,0.046984527
1997-05-30,0.04703502
1997-05-31,0.047036003
1997-06-01,0.047013298
1997-06-02,0.047013596
1997-06-03,0.046962652
1997-06-04,0.04698192
1997-06-05,0.046992626
1997-06-06,0.046991557
1997-06-07,0.046991557
1997-06-08,0.046991557
1997-06-09,0.04699458
1997-06-10,0.046995826
1997-06-11,0.046984967
1997-06-12,0.046986915
1997-06-13,0.04700079
1997-06-14,0.0470008
1997-06-15,0.04696858
1997-06-16,0.046943374
1997-06-17,0.047028042
1997-06-18,0.0470265
1997-06-19,0.047044337
1997-06-20,0.04702364
1997-06-21,0.047024637
1997-06-22,0.047024876
1997-06-23,0.047026955
1997-06-24,0.046980504
1997-06-25,0.046974897
1997-06-26,0.04695867
1997-06-27,0.046969842
1997-06-28,0.04697013
1997-06-29,0.04697023
1997-06-30,0.04699756
1997-07-01,0.046972148
1997-07-02,0.047004417
1997-07-03,0.046999313
1997-07-04,0.046999313
1997-07-05,0.046999365
1997-07-06,0.046999335
1997-07-07,0.047011156
1997-07-08,0.047032278
1997-07-09,0.04699764
1997-07-10,0.04711576
1997-07-11,0.04710204
1997-07-12,0.04710204
1997-07-13,0.047103874
1997-07-14,0.047118194
1997-07-15,0.04693461
1997-07-16,0.047262162
1997-07-17,0.04772898
1997-07-18,0.047920667
1997-07-19,0.04791956
1997-07-20,0.047916807
1997-07-21,0.047791053
1997-07-22,0.047958437
1997-07-23,0.047542512
1997-07-24,0.047625754
1997-07-25,0.0476552
1997-07-26,0.047657326
1997-07-27,0.0476566
1997-07-28,0.047604974
1997-07-29,0.047640327
1997-07-30,0.047510836
1997-07-31,0.047356762
1997-08-01,0.04739468
1997-08-02,0.04739575
1997-08-03,0.047396768
1997-08-04,0.047434397
1997-08-05,0.047465764
1997-08-06,0.04745102
1997-08-07,0.04735838
1997-08-08,0.047352266
1997-08-09,0.047352646
1997-08-10,0.04732588
1997-08-11,0.047353003
1997-08-12,0.047405854
1997-08-13,0.047358677
1997-08-14,0.04739742
1997-08-15,0.047370456
1997-08-16,0.0473781
1997-08-17,0.04737788
1997-08-18,0.04730565
1997-08-19,0.04734959
1997-08-20,0.047352076
1997-08-21,0.047374718
1997-08-22,0.047290668
1997-08-23,0.04729051
1997-08-24,0.04729051
1997-08-25,0.047284037
1997-08-26,0.04728787
1997-08-27,0.047298275
1997-08-28,0.047298927
1997-08-29,0.04730094
1997-08-30,0.04730094
1997-08-31,0.04730094
1997-09-01,0.04730094
1997-09-02,0.04746242
1997-09-03,0.047470633
1997-09-04,0.04746622
1997-09-05,0.04746525
1997-09-06,0.047463965
1997-09-07,0.047463965
1997-09-08,0.047473554
1997-09-09,0.047472883
1997-09-10,0.04744347
1997-09-11,0.047443677
1997-09-12,0.047443528
1997-09-13,0.047443528
1997-09-14,0.047444694
1997-09-15,0.04748639
1997-09-16,0.047415596
1997-09-17,0.047410715
1997-09-18,0.04741654
1997-09-19,0.04745196
1997-09-20,0.04745196
1997-09-21,0.047451936
1997-09-22,0.047390938
1997-09-23,0.047423415
1997-09-24,0.04742269
1997-09-25,0.047431663
1997-09-26,0.047430497
1997-09-27,0.047430497
1997-09-28,0.047430497
1997-09-29,0.04744122
1997-09-30,0.047446776
1997-10-01,0.047448244
1997-10-02,0.047443554
1997-10-03,0.047438797
1997-10-04,0.047438797
1997-10-05,0.047438797
1997-10-06,0.047415283
1997-10-07,0.047423568
1997-10-08,0.047416244
1997-10-09,0.047286414
1997-10-10,0.04709638
1997-10-11,0.04709557
1997-10-12,0.04709557
1997-10-13,0.047112145
1997-10-14,0.047119122
1997-10-15,0.04726657
1997-10-16,0.047306173
1997-10-17,0.047526564
1997-10-18,0.047526363
1997-10-19,0.04754122
1997-10-20,0.047680132
1997-10-21,0.047851294
1997-10-22,0.047874723
1997-10-23,0.047830436
1997-10-24,0.04780272
1997-10-25,0.04780293
1997-10-26,0.04780115
1997-10-27,0.04780335
1997-10-28,0.047837503
1997-10-29,0.047922395
1997-10-30,0.047962014
1997-10-31,0.047981843
1997-11-01,0.04798213
1997-11-02,0.047981564
1997-11-03,0.047959752
1997-11-04,0.047994826
1997-11-05,0.047977805
1997-11-06,0.047999933
1997-11-07,0.047999524
1997-11-08,0.048007637
1997-11-09,0.04800785
1997-11-10,0.047971796
1997-11-11,0.047843277
1997-11-12,0.047853075
1997-11-13,0.04784885
1997-11-14,0.0478343
1997-11-15,0.047838118
1997-11-16,0.047838304
1997-11-17,0.047894336
1997-11-18,0.047969855
1997-11-19,0.047988717
1997-11-20,0.04799934
1997-11-21,0.047875352
1997-11-22,0.047874063
1997-11-23,0.047874063
1997-11-24,0.047880564
1997-11-25,0.047856424
1997-11-26,0.047851257
1997-11-27,0.04785126
1997-11-28,0.04785938
1997-11-29,0.04785933
1997-11-30,0.04785931
1997-12-01,0.04778967
1997-12-02,0.047781214
1997-12-03,0.047778692
1997-12-04,0.04780227
1997-12-05,0.047802657
1997-12-06,0.04780432
1997-12-07,0.047804467
1997-12-08,0.04780377
1997-12-09,0.04778225
1997-12-10,0.047774293
1997-12-11,0.047786005
1997-12-12,0.047781143
1997-12-13,0.047781143
1997-12-14,0.047780544
1997-12-15,0.047760516
1997-12-16,0.04776385
1997-12-17,0.04775447
1997-12-18,0.047731947
1997-12-19,0.04772921
1997-12-20,0.04772921
1997-12-21,0.047729235
1997-12-22,0.047716897
1997-12-23,0.04771714
1997-12-24,0.047717787
1997-12-25,0.047717787
1997-12-26,0.047717787
1997-12-27,0.047717787
1997-12-28,0.047717735
1997-12-29,0.047715843
1997-12-30,0.047716808
1997-12-31,0.047716927
1998-01-01,0.047716927
1998-01-02,0.047716927
1998-01-03,0.047716927
1998-01-04,0.047716927
1998-01-05,0.047705892
1998-01-06,0.047712564
1998-01-07,0.04771402
1998-01-08,0.047705665
1998-01-09,0.04770808
1998-01-10,0.04770797
1998-01-11,0.04770797
1998-01-12,0.04771841
1998-01-13,0.047749557
1998-01-14,0.047722626
1998-01-15,0.04768385
1998-01-16,0.04769176
1998-01-17,0.047691494
1998-01-18,0.04769147
1998-01-19,0.04769145
1998-01-20,0.047302797
1998-01-21,0.04762639
1998-01-22,0.04740123
1998-01-23,0.04755584
1998-01-24,0.04755606
1998-01-25,0.047554098
1998-01-26,0.047485918
1998-01-27,0.049264733
1998-01-28,0.049174067
1998-01-29,0.04897567
1998-01-30,0.0491532
1998-01-31,0.04915355
1998-02-01,0.049145672
1998-02-02,0.049161013
1998-02-03,0.04917374
1998-02-04,0.04902912
1998-02-05,0.04905749
1998-02-06,0.048916433
1998-02-07,0.048919745
1998-02-08,0.048916448
1998-02-09,0.048908155
1998-02-10,0.049449913
1998-02-11,0.049451627
1998-02-12,0.04953611
1998-02-13,0.049413417
1998-02-14,0.049410954
1998-02-15,0.049410954
1998-02-16,0.04935835
1998-02-17,0.049499717
1998-02-18,0.049335256
1998-02-19,0.04935684
1998-02-20,0.0492994
1998-02-21,0.04930028
1998-02-22,0.049300347
1998-02-23,0.049347457
1998-02-24,0.04952058
1998-02-25,0.04947542
1998-02-26,0.049537856
1998-02-27,0.049722396
1998-02-28,0.049728844
1998-03-01,0.04972888
1998-03-02,0.04976733
1998-03-03,0.04997107
1998-03-04,0.050036177
1998-03-05,0.049897708
1998-03-06,0.04975671
1998-03-07,0.049754478
1998-03-08,0.04975434
1998-03-09,0.04977643
1998-03-10,0.049787253
1998-03-11,0.049913384
1998-03-12,0.050103657
1998-03-13,0.050160997
1998-03-14,0.050170906
1998-03-15,0.050170925
1998-03-16,0.050174456
1998-03-17,0.050151594
1998-03-18,0.050075687
1998-03-19,0.05006164
1998-03-20,0.050058514
1998-03-21,0.050057944
1998-03-22,0.050066344
1998-03-23,0.050060306
1998-03-24,0.050106015
1998-03-25,0.050215896
1998-03-26,0.05020014
1998-03-27,0.05020923
1998-03-28,0.05020799
1998-03-29,0.050208446
1998-03-30,0.050218806
1998-03-31,0.050205357
1998-04-01,0.050103664
1998-04-02,0.050118227
1998-04-03,0.05012039
1998-04-04,0.05012026
1998-04-05,0.050123103
1998-04-06,0.050082788
1998-04-07,0.050090495
1998-04-08,0.04995045
1998-04-09,0.05012036
1998-04-10,0.050115634
1998-04-11,0.050115395
1998-04-12,0.050115395
1998-04-13,0.050078806
1998-04-14,0.050099824
1998-04-15,0.05007708
1998-04-16,0.049673922
1998-04-17,0.049628645
1998-04-18,0.04962933
1998-04-19,0.049629163
1998-04-20,0.049284853
1998-04-21,0.048993744
1998-04-22,0.048515033
1998-04-23,0.04774884
1998-04-24,0.04781684
1998-04-25,0.04781686
1998-04-26,0.04781579
1998-04-27,0.047722273
1998-04-28,0.047654565
1998-04-29,0.047739435
1998-04-30,0.04775649
1998-05-01,0.04774621
1998-05-02,0.047745954
1998-05-03,0.047745354
1998-05-04,0.04775342
1998-05-05,0.04776963
1998-05-06,0.047822237
1998-05-07,0.04765998
1998-05-08,0.047406286
1998-05-09,0.047404155
1998-05-10,0.04740419
1998-05-11,0.047578074
1998-05-12,0.047287833
1998-05-13,0.047046732
1998-05-14,0.046937235
1998-05-15,0.046671588
1998-05-16,0.0466776
1998-05-17,0.046677876
1998-05-18,0.046545573
1998-05-19,0.046433624
1998-05-20,0.04616532
1998-05-21,0.04615053
1998-05-22,0.046131182
1998-05-23,0.04613125
1998-05-24,0.046129834
1998-05-25,0.046130717
1998-05-26,0.046153177
1998-05-27,0.045937747
1998-05-28,0.045633256
1998-05-29,0.045621514
1998-05-30,0.045621514
1998-05-31,0.04562151
1998-06-01,0.045616426
1998-06-02,0.045603856
1998-06-03,0.04560796
1998-06-04,0.04558659
1998-06-05,0.04558315
1998-06-06,0.04558307
1998-06-07,0.04558307
1998-06-08,0.04558391
1998-06-09,0.045586545
1998-06-10,0.045589313
1998-06-11,0.045587
1998-06-12,0.045581967
1998-06-13,0.04558126
1998-06-14,0.045581095
1998-06-15,0.045536328
1998-06-16,0.04551589
1998-06-17,0.045581248
1998-06-18,0.04553384
1998-06-19,0.045534287
1998-06-20,0.04553403
1998-06-21,0.045533996
1998-06-22,0.045537345
1998-06-23,0.0455435
1998-06-24,0.04555712
1998-06-25,0.045556635
1998-06-26,0.045554254
1998-06-27,0.045554075
1998-06-28,0.045554142
1998-06-29,0.045553327
1998-06-30,0.04551429
1998-07-01,0.0456538
1998-07-02,0.045647003
1998-07-03,0.045647003
1998-07-04,0.045647003
1998-07-05,0.045647003
1998-07-06,0.045665894
1998-07-07,0.045627233
1998-07-08,0.045618106
1998-07-09,0.045670275
1998-07-10,0.04567864
1998-07-11,0.04567814
1998-07-12,0.04567814
1998-07-13,0.045722347
1998-07-14,0.045559313
1998-07-15,0.045853347
1998-07-16,0.046190172
1998-07-17,0.04619226
1998-07-18,0.04619226
1998-07-19,0.04619226
1998-07-20,0.046339124
1998-07-21,0.046392433
1998-07-22,0.046597708
1998-07-23,0.046981096
1998-07-24,0.047048535
1998-07-25,0.047048602
1998-07-26,0.04704921
1998-07-27,0.047091175
1998-07-28,0.04708583
1998-07-29,0.047134142
1998-07-30,0.047180314
1998-07-31,0.047243576
1998-08-01,0.047243647
1998-08-02,0.04724599
1998-08-03,0.04729538
1998-08-04,0.047134195
1998-08-05,0.047099803
1998-08-06,0.047201265
1998-08-07,0.047047045
1998-08-08,0.047047727
1998-08-09,0.047047697
1998-08-10,0.04703287
1998-08-11,0.047077782
1998-08-12,0.04713706
1998-08-13,0.047110766
1998-08-14,0.04721417
1998-08-15,0.04723386
1998-08-16,0.047236867
1998-08-17,0.047289044
1998-08-18,0.047247294
1998-08-19,0.047253404
1998-08-20,0.047275905
1998-08-21,0.04727495
1998-08-22,0.047274992
1998-08-23,0.04727474
1998-08-24,0.047384128
1998-08-25,0.047412317
1998-08-26,0.047210757
1998-08-27,0.04720679
1998-08-28,0.04723359
1998-08-29,0.04723383
1998-08-30,0.04723383
1998-08-31,0.047234643
1998-09-01,0.04723634
1998-09-02,0.04724245
1998-09-03,0.047246717
1998-09-04,0.04724744
1998-09-05,0.047250018
1998-09-06,0.047250018
1998-09-07,0.047250018
1998-09-08,0.04725952
1998-09-09,0.04726115
1998-09-10,0.047081467
1998-09-11,0.04691213
1998-09-12,0.04691505
1998-09-13,0.04691505
1998-09-14,0.046912134
1998-09-15,0.046912897
1998-09-16,0.046932075
1998-09-17,0.046986427
1998-09-18,0.04690533
1998-09-19,0.046905406
1998-09-20,0.046905406
1998-09-21,0.046902332
1998-09-22,0.046905402
1998-09-23,0.046846543
1998-09-24,0.046833728
1998-09-25,0.046855856
1998-09-26,0.046855856
1998-09-27,0.046855856
1998-09-28,0.046853967
1998-09-29,0.046871185
1998-09-30,0.04686991
1998-10-01,0.046862014
1998-10-02,0.04686007
1998-10-03,0.04686007
1998-10-04,0.04686015
1998-10-05,0.046862576
1998-10-06,0.04684513
1998-10-07,0.04683553
1998-10-08,0.04670064
1998-10-09,0.046703342
1998-10-10,0.046703037
1998-10-11,0.046703037
1998-10-12,0.046584055
1998-10-13,0.046679534
1998-10-14,0.04643011
1998-10-15,0.046425488
1998-10-16,0.046674382
1998-10-17,0.046666846
1998-10-18,0.046668194
1998-10-19,0.046767127
1998-10-20,0.046791703
1998-10-21,0.04680393
1998-10-22,0.046908047
1998-10-23,0.046737764
1998-10-24,0.04673789
1998-10-25,0.046738077
1998-10-26,0.046833567
1998-10-27,0.046772428
1998-10-28,0.046802487
1998-10-29,0.04636768
1998-10-30,0.046374243
1998-10-31,0.046378475
1998-11-01,0.04637784
1998-11-02,0.046365093
1998-11-03,0.046357144
1998-11-04,0.04643153
1998-11-05,0.04637924
1998-11-06,0.046299152
1998-11-07,0.04630739
1998-11-08,0.04630741
1998-11-09,0.046307135
1998-11-10,0.046450943
1998-11-11,0.04641637
1998-11-12,0.04642055
1998-11-13,0.046402443
1998-11-14,0.04640327
1998-11-15,0.04639357
1998-11-16,0.046436887
1998-11-17,0.046424482
1998-11-18,0.04644828
1998-11-19,0.046457533
1998-11-20,0.046458445
1998-11-21,0.046459634
1998-11-22,0.046459645
1998-11-23,0.046383098
1998-11-24,0.046312433
1998-11-25,0.04631655
1998-11-26,0.046316754
1998-11-27,0.046316765
1998-11-28,0.046316765
1998-11-29,0.04631652
1998-11-30,0.046316467
1998-12-01,0.046322726
1998-12-02,0.04631542
1998-12-03,0.046330504
1998-12-04,0.04633015
1998-12-05,0.04633015
1998-12-06,0.04633009
1998-12-07,0.046330623
1998-12-08,0.046323948
1998-12-09,0.04636001
1998-12-10,0.046371497
1998-12-11,0.04637123
1998-12-12,0.04637123
1998-12-13,0.046371263
1998-12-14,0.046375602
1998-12-15,0.046398036
1998-12-16,0.046393428
1998-12-17,0.046343725
1998-12-18,0.04633612
1998-12-19,0.04633612
1998-12-20,0.04633612
1998-12-21,0.046345465
1998-12-22,0.046356816
1998-12-23,0.046407297
1998-12-24,0.046407327
1998-12-25,0.046407327
1998-12-26,0.046407327
1998-12-27,0.046407342
1998-12-28,0.04640442
1998-12-29,0.04639215
1998-12-30,0.046390977
1998-12-31,0.04640036
1999-01-01,0.046397258
1999-01-02,0.046397246
1999-01-03,0.046397533
1999-01-04,0.046397954
1999-01-05,0.046399485
1999-01-06,0.04639952
1999-01-07,0.0463964
1999-01-08,0.046399105
1999-01-09,0.046399105
1999-01-10,0.046399105
1999-01-11,0.046407823
1999-01-12,0.04643735
1999-01-13,0.04660052
1999-01-14,0.04660369
1999-01-15,0.04652022
1999-01-16,0.046520244
1999-01-17,0.04651974
1999-01-18,0.046517406
1999-01-19,0.046557114
1999-01-20,0.04425748
1999-01-21,0.04548071
1999-01-22,0.04537989
1999-01-23,0.045380585
1999-01-24,0.045380585
1999-01-25,0.04541752
1999-01-26,0.04496765
1999-01-27,0.044934954
1999-01-28,0.044806834
1999-01-29,0.04465289
1999-01-30,0.044654906
1999-01-31,0.044654977
1999-02-01,0.044578034
1999-02-02,0.044625916
1999-02-03,0.044678982
1999-02-04,0.044444967
1999-02-05,0.044413134
1999-02-06,0.044413134
1999-02-07,0.0444129
1999-02-08,0.0441156
1999-02-09,0.044121772
1999-02-10,0.044125248
1999-02-11,0.044285204
1999-02-12,0.044226464
1999-02-13,0.044227064
1999-02-14,0.044221096
1999-02-15,0.044221763
1999-02-16,0.04441071
1999-02-17,0.04337952
1999-02-18,0.043362025
1999-02-19,0.043366555
1999-02-20,0.04336939
1999-02-21,0.043368723
1999-02-22,0.043279093
1999-02-23,0.04332902
1999-02-24,0.043367665
1999-02-25,0.043404013
1999-02-26,0.04347516
1999-02-27,0.04347516
1999-02-28,0.04347471
1999-03-01,0.043455847
1999-03-02,0.043657735
1999-03-03,0.043756332
1999-03-04,0.043781858
1999-03-05,0.043774273
1999-03-06,0.043775044
1999-03-07,0.043771487
1999-03-08,0.0438613
1999-03-09,0.043586653
1999-03-10,0.043685663
1999-03-11,0.0437358
1999-03-12,0.04374499
1999-03-13,0.043744236
1999-03-14,0.04374054
1999-03-15,0.04374223
1999-03-16,0.04377748
1999-03-17,0.0437761
1999-03-18,0.04372077
1999-03-19,0.043696113
1999-03-20,0.043696325
1999-03-21,0.043696325
1999-03-22,0.04368056
1999-03-23,0.043670382
1999-03-24,0.043646853
1999-03-25,0.04363267
1999-03-26,0.04363146
1999-03-27,0.04363128
1999-03-28,0.043631367
1999-03-29,0.043628402
1999-03-30,0.043539394
1999-03-31,0.04353285
1999-04-01,0.04354694
1999-04-02,0.0435489
1999-04-03,0.0435489
1999-04-04,0.04354805
1999-04-05,0.043549094
1999-04-06,0.04358071
1999-04-07,0.043583937
1999-04-08,0.043492883
1999-04-09,0.043499306
1999-04-10,0.043499306
1999-04-11,0.043494426
1999-04-12,0.043474082
1999-04-13,0.04344467
1999-04-14,0.043380912
1999-04-15,0.04329835
1999-04-16,0.043374978
1999-04-17,0.043366667
1999-04-18,0.043366674
1999-04-19,0.043428984
1999-04-20,0.043202754
1999-04-21,0.042592548
1999-04-22,0.04204002
1999-04-23,0.04216693
1999-04-24,0.042167194
1999-04-25,0.04216357
1999-04-26,0.042218164
1999-04-27,0.041360162
1999-04-28,0.04126454
1999-04-29,0.041215546
1999-04-30,0.04127328
1999-05-01,0.04127755
1999-05-02,0.041277703
1999-05-03,0.041300636
1999-05-04,0.041432347
1999-05-05,0.0413506
1999-05-06,0.041389685
1999-05-07,0.041388907
1999-05-08,0.04139026
1999-05-09,0.041398987
1999-05-10,0.041279987
1999-05-11,0.04039346
1999-05-12,0.04014331
1999-05-13,0.040048562
1999-05-14,0.04010664
1999-05-15,0.04006367
1999-05-16,0.04006369
1999-05-17,0.039877817
1999-05-18,0.03971471
1999-05-19,0.039681926
1999-05-20,0.03950629
1999-05-21,0.03959395
1999-05-22,0.039596643
1999-05-23,0.039596643
1999-05-24,0.03940647
1999-05-25,0.039348766
1999-05-26,0.03937415
1999-05-27,0.039319914
1999-05-28,0.039303437
1999-05-29,0.039303437
1999-05-30,0.03930338
1999-05-31,0.03930456
1999-06-01,0.03930704
1999-06-02,0.03930585
1999-06-03,0.039327975
1999-06-04,0.03932269
1999-06-05,0.039319586
1999-06-06,0.03932893
1999-06-07,0.039336704
1999-06-08,0.039339364
1999-06-09,0.039342638
1999-06-10,0.03933362
1999-06-11,0.039277263
1999-06-12,0.039277263
1999-06-13,0.03927211
1999-06-14,0.039276145
1999-06-15,0.03940668
1999-06-16,0.039384734
1999-06-17,0.039384704
1999-06-18,0.039427884
1999-06-19,0.039429203
1999-06-20,0.039428964
1999-06-21,0.03944085
1999-06-22,0.039268956
1999-06-23,0.03926539
1999-06-24,0.03927161
1999-06-25,0.03926898
1999-06-26,0.039268862
1999-06-27,0.039268665
1999-06-28,0.039254423
1999-06-29,0.03924772
1999-06-30,0.039286643
1999-07-01,0.039306555
1999-07-02,0.039284036
1999-07-03,0.039284345
1999-07-04,0.039284345
1999-07-05,0.039284345
1999-07-06,0.039276246
1999-07-07,0.03928496
1999-07-08,0.039422613
1999-07-09,0.0394938
1999-07-10,0.039412584
1999-07-11,0.039412584
1999-07-12,0.039452236
1999-07-13,0.039415523
1999-07-14,0.039534982
1999-07-15,0.03973756
1999-07-16,0.039741453
1999-07-17,0.0397417
1999-07-18,0.0397417
1999-07-19,0.040565602
1999-07-20,0.040944498
1999-07-21,0.041394766
1999-07-22,0.04176661
1999-07-23,0.04192077
1999-07-24,0.04192821
1999-07-25,0.041928064
1999-07-26,0.041953642
1999-07-27,0.0420742
1999-07-28,0.042123456
1999-07-29,0.04206718
1999-07-30,0.042045046
1999-07-31,0.042045698
1999-08-01,0.042045627
1999-08-02,0.04215893
1999-08-03,0.042226445
1999-08-04,0.042214174
1999-08-05,0.04227223
1999-08-06,0.042188276
1999-08-07,0.04218857
1999-08-08,0.042188022
1999-08-09,0.042177532
1999-08-10,0.042170662
1999-08-11,0.04218609
1999-08-12,0.04222839
1999-08-13,0.04224215
1999-08-14,0.042240493
1999-08-15,0.04224176
1999-08-16,0.042241044
1999-08-17,0.0422616
1999-08-18,0.042233985
1999-08-19,0.042217586
1999-08-20,0.042225383
1999-08-21,0.042224906
1999-08-22,0.042224906
1999-08-23,0.04222311
1999-08-24,0.042256244
1999-08-25,0.042261064
1999-08-26,0.042254653
1999-08-27,0.04225625
1999-08-28,0.04225625
1999-08-29,0.04225625
1999-08-30,0.042257626
1999-08-31,0.042189036
1999-09-01,0.04190008
1999-09-02,0.041867804
1999-09-03,0.041871093
1999-09-04,0.041871093
1999-09-05,0.04187136
1999-09-06,0.04187136
1999-09-07,0.041873045
1999-09-08,0.041864257
1999-09-09,0.04187273
1999-09-10,0.041864175
1999-09-11,0.041864175
1999-09-12,0.04185486
1999-09-13,0.041851554
1999-09-14,0.04169509
1999-09-15,0.041699942
1999-09-16,0.041763537
1999-09-17,0.041764494
1999-09-18,0.041763406
1999-09-19,0.041748885
1999-09-20,0.041748546
1999-09-21,0.041717347
1999-09-22,0.041718278
1999-09-23,0.04173062
1999-09-24,0.041727234
1999-09-25,0.041727234
1999-09-26,0.041727886
1999-09-27,0.041725323
1999-09-28,0.041723732
1999-09-29,0.041736383
1999-09-30,0.04170947
1999-10-01,0.04170912
1999-10-02,0.04170996
1999-10-03,0.04170708
1999-10-04,0.041711185
1999-10-05,0.04170703
1999-10-06,0.041722193
1999-10-07,0.04166422
1999-10-08,0.04165906
1999-10-09,0.04165906
1999-10-10,0.041649055
1999-10-11,0.041598614
1999-10-12,0.04172876
1999-10-13,0.04156981
1999-10-14,0.041751
1999-10-15,0.04200276
1999-10-16,0.04200509
1999-10-17,0.042004492
1999-10-18,0.04215535
1999-10-19,0.041934106
1999-10-20,0.041998547
1999-10-21,0.0416471
1999-10-22,0.04169184
1999-10-23,0.041691102
1999-10-24,0.041689333
1999-10-25,0.042238038
1999-10-26,0.042201072
1999-10-27,0.041895535
1999-10-28,0.04205845
1999-10-29,0.04211635
1999-10-30,0.042119324
1999-10-31,0.04211866
1999-11-01,0.042151574
1999-11-02,0.042235244
1999-11-03,0.042244308
1999-11-04,0.042153288
1999-11-05,0.042236596
1999-11-06,0.042237967
1999-11-07,0.042238023
1999-11-08,0.042202037
1999-11-09,0.042209666
1999-11-10,0.042155378
1999-11-11,0.04217195
1999-11-12,0.04213042
1999-11-13,0.04213239
1999-11-14,0.042132333
1999-11-15,0.042118672
1999-11-16,0.04163329
1999-11-17,0.04208189
1999-11-18,0.04210263
1999-11-19,0.04210431
1999-11-20,0.04210431
1999-11-21,0.042103805
1999-11-22,0.04212388
1999-11-23,0.042113006
1999-11-24,0.04264171
1999-11-25,0.04264171
1999-11-26,0.04264171
1999-11-27,0.04264171
1999-11-28,0.04264171
1999-11-29,0.042713337
1999-11-30,0.042703245
1999-12-01,0.042707637
1999-12-02,0.04272732
1999-12-03,0.04272816
1999-12-04,0.04272816
1999-12-05,0.042726327
1999-12-06,0.042712897
1999-12-07,0.042705227
1999-12-08,0.042711064
1999-12-09,0.042709596
1999-12-10,0.042702354
1999-12-11,0.042704437
1999-12-12,0.042704437
1999-12-13,0.042704146
1999-12-14,0.042741694
1999-12-15,0.042771425
1999-12-16,0.0427689
1999-12-17,0.042714518
1999-12-18,0.042714614
1999-12-19,0.042714614
1999-12-20,0.042720344
1999-12-21,0.042744536
1999-12-22,0.04274262
1999-12-23,0.04274259
1999-12-24,0.04274259
1999-12-25,0.04274259
1999-12-26,0.04274259
1999-12-27,0.042742547
1999-12-28,0.042742655
1999-12-29,0.042742636
1999-12-30,0.042742614
1999-12-31,0.04276365
2000-01-01,0.042720404
2000-01-02,0.042720422
2000-01-03,0.04270844
2000-01-04,0.04271067
2000-01-05,0.042730067
2000-01-06,0.04272837
2000-01-07,0.04272908
2000-01-08,0.04272908
2000-01-09,0.04272908
2000-01-10,0.042747743
2000-01-11,0.042801395
2000-01-12,0.04275383
2000-01-13,0.04282501
2000-01-14,0.042827945
2000-01-15,0.042822387
2000-01-16,0.04282257
2000-01-17,0.04285542
2000-01-18,0.042845346
2000-01-19,0.04275857
2000-01-20,0.042438652
2000-01-21,0.04237392
2000-01-22,0.042373963
2000-01-23,0.042373963
2000-01-24,0.04239548
2000-01-25,0.04213122
2000-01-26,0.041833404
2000-01-27,0.041767787
2000-01-28,0.04171274
2000-01-29,0.041712627
2000-01-30,0.041712627
2000-01-31,0.041861862
2000-02-01,0.041714836
2000-02-02,0.041829556
2000-02-03,0.04161603
2000-02-04,0.041632026
2000-02-05,0.041632026
2000-02-06,0.041632026
2000-02-07,0.04159872
2000-02-08,0.041710846
2000-02-09,0.041612778
2000-02-10,0.041920964
2000-02-11,0.041868996
2000-02-12,0.041870248
2000-02-13,0.041870248
2000-02-14,0.041978374
2000-02-15,0.042140063
2000-02-16,0.042318575
2000-02-17,0.04225937
2000-02-18,0.04225762
2000-02-19,0.042257745
2000-02-20,0.04240098
2000-02-21,0.042255178
2000-02-22,0.042358972
2000-02-23,0.0425685
2000-02-24,0.042392965
2000-02-25,0.04239539
2000-02-26,0.04239539
2000-02-27,0.04239509
2000-02-28,0.042368513
2000-02-29,0.042440582
2000-03-01,0.042696856
2000-03-02,0.042684834
2000-03-03,0.042675074
2000-03-04,0.042675074
2000-03-05,0.042678453
2000-03-06,0.042674728
2000-03-07,0.04277015
2000-03-08,0.042776346
2000-03-09,0.042912878
2000-03-10,0.042909652
2000-03-11,0.042909652
2000-03-12,0.042909652
2000-03-13,0.04289589
2000-03-14,0.042979784
2000-03-15,0.042980194
2000-03-16,0.043014184
2000-03-17,0.043007586
2000-03-18,0.043007202
2000-03-19,0.043007202
2000-03-20,0.042999357
2000-03-21,0.043263625
2000-03-22,0.043249425
2000-03-23,0.043238133
2000-03-24,0.043238517
2000-03-25,0.043238517
2000-03-26,0.043238517
2000-03-27,0.043163706
2000-03-28,0.04311802
2000-03-29,0.04286868
2000-03-30,0.042790797
2000-03-31,0.042765167
2000-04-01,0.042758
2000-04-02,0.042763535
2000-04-03,0.042918634
2000-04-04,0.04291885
2000-04-05,0.04292731
2000-04-06,0.0429765
2000-04-07,0.04297674
2000-04-08,0.04297759
2000-04-09,0.04297759
2000-04-10,0.042899705
2000-04-11,0.042848706
2000-04-12,0.04282594
2000-04-13,0.043207515
2000-04-14,0.043216206
2000-04-15,0.043219224
2000-04-16,0.043208793
2000-04-17,0.04296931
2000-04-18,0.042700093
2000-04-19,0.04242766
2000-04-20,0.042299703
2000-04-21,0.042345993
2000-04-22,0.042345993
2000-04-23,0.042345993
2000-04-24,0.042401403
2000-04-25,0.042333968
2000-04-26,0.0425913
2000-04-27,0.042445775
2000-04-28,0.042607587
2000-04-29,0.04262632
2000-04-30,0.042627368
2000-05-01,0.04262985
2000-05-02,0.042466417
2000-05-03,0.04235508
2000-05-04,0.042646818
2000-05-05,0.04260159
2000-05-06,0.0426017
2000-05-07,0.0426017
2000-05-08,0.042595398
2000-05-09,0.04257189
2000-05-10,0.04250721
2000-05-11,0.04224096
2000-05-12,0.04227408
2000-05-13,0.042274036
2000-05-14,0.042271633
2000-05-15,0.042183086
2000-05-16,0.042010594
2000-05-17,0.041963067
2000-05-18,0.04176436
2000-05-19,0.041819014
2000-05-20,0.04181717
2000-05-21,0.04181717
2000-05-22,0.04180463
2000-05-23,0.04179665
2000-05-24,0.041811496
2000-05-25,0.04177562
2000-05-26,0.04178425
2000-05-27,0.04178425
2000-05-28,0.04178425
2000-05-29,0.04178474
2000-05-30,0.041779365
2000-05-31,0.041770823
2000-06-01,0.041110173
2000-06-02,0.041109532
2000-06-03,0.041109532
2000-06-04,0.041109256
2000-06-05,0.041042976
2000-06-06,0.041037697
2000-06-07,0.041151427
2000-06-08,0.04114583
2000-06-09,0.041150697
2000-06-10,0.041111227
2000-06-11,0.041111227
2000-06-12,0.04111331
2000-06-13,0.041080903
2000-06-14,0.04107657
2000-06-15,0.041126277
2000-06-16,0.041100025
2000-06-17,0.041100025
2000-06-18,0.041100025
2000-06-19,0.041100495
2000-06-20,0.041110072
2000-06-21,0.04133371
2000-06-22,0.041275155
2000-06-23,0.041274928
2000-06-24,0.041274928
2000-06-25,0.041274928
2000-06-26,0.041183818
2000-06-27,0.041215744
2000-06-28,0.04125407
2000-06-29,0.041270077
2000-06-30,0.04126748
2000-07-01,0.041267715
2000-07-02,0.04126758
2000-07-03,0.04126758
2000-07-04,0.04126758
2000-07-05,0.041267563
2000-07-06,0.041261353
2000-07-07,0.041261874
2000-07-08,0.04126189
2000-07-09,0.04126189
2000-07-10,0.04121469
2000-07-11,0.041128885
2000-07-12,0.041145742
2000-07-13,0.041386805
2000-07-14,0.04136805
2000-07-15,0.041368503
2000-07-16,0.041368503
2000-07-17,0.041417766
2000-07-18,0.042050466
2000-07-19,0.042261075
2000-07-20,0.042821914
2000-07-21,0.042946845
2000-07-22,0.042946845
2000-07-23,0.042946845
2000-07-24,0.04301285
2000-07-25,0.04343251
2000-07-26,0.043236025
2000-07-27,0.04332293
2000-07-28,0.04329577
2000-07-29,0.043297723
2000-07-30,0.043297723
2000-07-31,0.04328491
2000-08-01,0.04331782
2000-08-02,0.043351013
2000-08-03,0.043067034
2000-08-04,0.043062545
2000-08-05,0.04306735
2000-08-06,0.04306754
2000-08-07,0.043063417
2000-08-08,0.042429857
2000-08-09,0.04249733
2000-08-10,0.042497754
2000-08-11,0.04249795
2000-08-12,0.04249873
2000-08-13,0.042498846
2000-08-14,0.042185396
2000-08-15,0.042257566
2000-08-16,0.042341463
2000-08-17,0.04233365
2000-08-18,0.042332955
2000-08-19,0.042334884
2000-08-20,0.042334884
2000-08-21,0.042339165
2000-08-22,0.042348303
2000-08-23,0.042334627
2000-08-24,0.04232983
2000-08-25,0.042323537
2000-08-26,0.042323537
2000-08-27,0.042323537
2000-08-28,0.042325754
2000-08-29,0.042327963
2000-08-30,0.042333797
2000-08-31,0.04232507
2000-09-01,0.04232505
2000-09-02,0.04232505
2000-09-03,0.04232505
2000-09-04,0.04232505
2000-09-05,0.042327646
2000-09-06,0.042275432
2000-09-07,0.042260725
2000-09-08,0.042257503
2000-09-09,0.042257503
2000-09-10,0.042257503
2000-09-11,0.042261835
2000-09-12,0.04224725
2000-09-13,0.04224713
2000-09-14,0.042256173
2000-09-15,0.042255875
2000-09-16,0.042255875
2000-09-17,0.042255875
2000-09-18,0.0422633
2000-09-19,0.04224653
2000-09-20,0.042250484
2000-09-21,0.04226154
2000-09-22,0.042262953
2000-09-23,0.04225856
2000-09-24,0.04225856
2000-09-25,0.042265307
2000-09-26,0.04226125
2000-09-27,0.042262137
2000-09-28,0.04221812
2000-09-29,0.042216383
2000-09-30,0.042216573
2000-10-01,0.042216573
2000-10-02,0.042139694
2000-10-03,0.042144246
2000-10-04,0.042248268
2000-10-05,0.04225695
2000-10-06,0.042255513
2000-10-07,0.042255513
2000-10-08,0.042255513
2000-10-09,0.04225553
2000-10-10,0.042298507
2000-10-11,0.04204985
2000-10-12,0.042005744
2000-10-13,0.041985225
2000-10-14,0.041985225
2000-10-15,0.0419969
2000-10-16,0.04199579
2000-10-17,0.04172052
2000-10-18,0.04176489
2000-10-19,0.04198451
2000-10-20,0.04201461
2000-10-21,0.04202364
2000-10-22,0.04202364
2000-10-23,0.04213332
2000-10-24,0.042319138
2000-10-25,0.04205532
2000-10-26,0.04215864
2000-10-27,0.04219116
2000-10-28,0.0421843
2000-10-29,0.0421843
2000-10-30,0.042154897
2000-10-31,0.042480472
2000-11-01,0.04242421
2000-11-02,0.04249094
2000-11-03,0.04250142
2000-11-04,0.042504273
2000-11-05,0.042504393
2000-11-06,0.042521153
2000-11-07,0.042627376
2000-11-08,0.042635858
2000-11-09,0.042639438
2000-11-10,0.042636655
2000-11-11,0.042636655
2000-11-12,0.042641364
2000-11-13,0.042620674
2000-11-14,0.042224236
2000-11-15,0.0422678
2000-11-16,0.04230503
2000-11-17,0.042308588
2000-11-18,0.042308588
2000-11-19,0.042308588
2000-11-20,0.04233781
2000-11-21,0.042307023
2000-11-22,0.042312942
2000-11-23,0.042312942
2000-11-24,0.0423129
2000-11-25,0.0423129
2000-11-26,0.0423129
2000-11-27,0.042306755
2000-11-28,0.04229357
2000-11-29,0.04228572
2000-11-30,0.04228647
2000-12-01,0.042286795
2000-12-02,0.042286795
2000-12-03,0.042286795
2000-12-04,0.042280417
2000-12-05,0.042266916
2000-12-06,0.042257734
2000-12-07,0.0422648
2000-12-08,0.042262755
2000-12-09,0.042262897
2000-12-10,0.042262897
2000-12-11,0.042276926
2000-12-12,0.042235084
2000-12-13,0.042230535
2000-12-14,0.04227839
2000-12-15,0.042278495
2000-12-16,0.042278532
2000-12-17,0.042278532
2000-12-18,0.04227446
2000-12-19,0.042230546
2000-12-20,0.04214039
2000-12-21,0.042133506
2000-12-22,0.04213364
2000-12-23,0.04213364
2000-12-24,0.04213364
2000-12-25,0.04213364
2000-12-26,0.042134006
2000-12-27,0.042134006
2000-12-28,0.04213269
2000-12-29,0.042132564
2000-12-30,0.042132564
2000-12-31,0.042132564
2001-01-01,0.042132564
2001-01-02,0.04210284
2001-01-03,0.04218246
2001-01-04,0.042155843
2001-01-05,0.04215583
2001-01-06,0.04215583
2001-01-07,0.04215875
2001-01-08,0.042167064
2001-01-09,0.042166386
2001-01-10,0.042106275
2001-01-11,0.042117197
2001-01-12,0.042114735
2001-01-13,0.042114165
2001-01-14,0.042114165
2001-01-15,0.042135373
2001-01-16,0.042020667
2001-01-17,0.041840523
2001-01-18,0.041685265
2001-01-19,0.041604586
2001-01-20,0.041604586
2001-01-21,0.04160579
2001-01-22,0.04156667
2001-01-23,0.04144607
2001-01-24,0.041428246
2001-01-25,0.041226372
2001-01-26,0.041118897
2001-01-27,0.04111888
2001-01-28,0.04111888
2001-01-29,0.041069947
2001-01-30,0.040766973
2001-01-31,0.040795274
2001-02-01,0.040676977
2001-02-02,0.04064598
2001-02-03,0.04064598
2001-02-04,0.04064598
2001-02-05,0.04071609
2001-02-06,0.040641118
2001-02-07,0.040661022
2001-02-08,0.04063673
2001-02-09,0.04069687
2001-02-10,0.04069687
2001-02-11,0.04069687
2001-02-12,0.040640555
2001-02-13,0.04057876
2001-02-14,0.040464226
2001-02-15,0.040481307
2001-02-16,0.04043007
2001-02-17,0.040427703
2001-02-18,0.040427703
2001-02-19,0.04044179
2001-02-20,0.040566165
2001-02-21,0.04054117
2001-02-22,0.040560734
2001-02-23,0.040515777
2001-02-24,0.040514745
2001-02-25,0.040514745
2001-02-26,0.040515024
2001-02-27,0.04055403
2001-02-28,0.040639732
2001-03-01,0.040668428
2001-03-02,0.04068233
2001-03-03,0.04068233
2001-03-04,0.04068233
2001-03-05,0.040696353
2001-03-06,0.04081711
2001-03-07,0.040923383
2001-03-08,0.04087655
2001-03-09,0.040859364
2001-03-10,0.04116538
2001-03-11,0.04116538
2001-03-12,0.041180585
2001-03-13,0.041177053
2001-03-14,0.0411612
2001-03-15,0.041231614
2001-03-16,0.041228537
2001-03-17,0.041228805
2001-03-18,0.041228805
2001-03-19,0.041233514
2001-03-20,0.041211676
2001-03-21,0.041211654
2001-03-22,0.041208442
2001-03-23,0.04120331
2001-03-24,0.04120331
2001-03-25,0.04120331
2001-03-26,0.04122843
2001-03-27,0.04123474
2001-03-28,0.04123193
2001-03-29,0.041230123
2001-03-30,0.04121129
2001-03-31,0.041212186
2001-04-01,0.041212186
2001-04-02,0.041195083
2001-04-03,0.041307732
2001-04-04,0.041320458
2001-04-05,0.041321672
2001-04-06,0.041321855
2001-04-07,0.041321855
2001-04-08,0.041321855
2001-04-09,0.04132275
2001-04-10,0.04132555
2001-04-11,0.04130181
2001-04-12,0.0411559
2001-04-13,0.041151952
2001-04-14,0.041156154
2001-04-15,0.041156154
2001-04-16,0.041130368
2001-04-17,0.040847726
2001-04-18,0.040706135
2001-04-19,0.04024268
2001-04-20,0.04013184
2001-04-21,0.040131878
2001-04-22,0.040131878
2001-04-23,0.040147178
2001-04-24,0.03975798
2001-04-25,0.04001923
2001-04-26,0.039983135
2001-04-27,0.040043823
2001-04-28,0.04011047
2001-04-29,0.04011047
2001-04-30,0.040083956
2001-05-01,0.040089443
2001-05-02,0.040089857
2001-05-03,0.040247455
2001-05-04,0.0402796
2001-05-05,0.040262673
2001-05-06,0.040266417
2001-05-07,0.04022508
2001-05-08,0.040497325
2001-05-09,0.040462434
2001-05-10,0.040384136
2001-05-11,0.040368557
2001-05-12,0.04036869
2001-05-13,0.04036869
2001-05-14,0.040253643
2001-05-15,0.039813254
2001-05-16,0.039576896
2001-05-17,0.040759116
2001-05-18,0.040616363
2001-05-19,0.040616363
2001-05-20,0.040616363
2001-05-21,0.040440496
2001-05-22,0.040307023
2001-05-23,0.04027957
2001-05-24,0.04025277
2001-05-25,0.040312845
2001-05-26,0.040312845
2001-05-27,0.040312845
2001-05-28,0.040312845
2001-05-29,0.040317547
2001-05-30,0.04029848
2001-05-31,0.040279966
2001-06-01,0.04031153
2001-06-02,0.04031153
2001-06-03,0.04031153
2001-06-04,0.040312074
2001-06-05,0.04021939
2001-06-06,0.040231634
2001-06-07,0.04023077
2001-06-08,0.040241074
2001-06-09,0.040241074
2001-06-10,0.040241074
2001-06-11,0.04024435
2001-06-12,0.039192956
2001-06-13,0.039196733
2001-06-14,0.03919307
2001-06-15,0.03919146
2001-06-16,0.03919146
2001-06-17,0.03919146
2001-06-18,0.0392049
2001-06-19,0.039141286
2001-06-20,0.039257504
2001-06-21,0.03929158
2001-06-22,0.039291926
2001-06-23,0.03929193
2001-06-24,0.03929193
2001-06-25,0.039274126
2001-06-26,0.03926274
2001-06-27,0.03941238
2001-06-28,0.03965443
2001-06-29,0.039653935
2001-06-30,0.039653946
2001-07-01,0.039653946
2001-07-02,0.039656103
2001-07-03,0.039656177
2001-07-04,0.039656177
2001-07-05,0.039656408
2001-07-06,0.039649904
2001-07-07,0.039649904
2001-07-08,0.039649904
2001-07-09,0.039660655
2001-07-10,0.039664764
2001-07-11,0.039666407
2001-07-12,0.03960429
2001-07-13,0.039691783
2001-07-14,0.039691865
2001-07-15,0.039699677
2001-07-16,0.03970332
2001-07-17,0.039917145
2001-07-18,0.038852602
2001-07-19,0.039014775
2001-07-20,0.039002553
2001-07-21,0.03900184
2001-07-22,0.03900184
2001-07-23,0.039045177
2001-07-24,0.03892638
2001-07-25,0.038833853
2001-07-26,0.0390004
2001-07-27,0.039044794
2001-07-28,0.039044414
2001-07-29,0.039044414
2001-07-30,0.038999707
2001-07-31,0.039052505
2001-08-01,0.038903575
2001-08-02,0.03864996
2001-08-03,0.038678125
2001-08-04,0.038679067
2001-08-05,0.03867749
2001-08-06,0.038703416
2001-08-07,0.03855043
2001-08-08,0.038531017
2001-08-09,0.03855633
2001-08-10,0.038555432
2001-08-11,0.03855462
2001-08-12,0.03855462
2001-08-13,0.038618483
2001-08-14,0.038666185
2001-08-15,0.038637117
2001-08-16,0.03859935
2001-08-17,0.03860273
2001-08-18,0.038602598
2001-08-19,0.038602598
2001-08-20,0.0386129
2001-08-21,0.03858999
2001-08-22,0.03857927
2001-08-23,0.03858266
2001-08-24,0.038570493
2001-08-25,0.038571175
2001-08-26,0.038571175
2001-08-27,0.038572412
2001-08-28,0.0385665
2001-08-29,0.03855611
2001-08-30,0.03859356
2001-08-31,0.0386095
2001-09-01,0.0386095
2001-09-02,0.0386095
2001-09-03,0.03860954
2001-09-04,0.038611572
2001-09-05,0.038615856
2001-09-06,0.03860122
2001-09-07,0.038601246
2001-09-08,0.038598355
2001-09-09,0.038598355
2001-09-10,0.038589943
2001-09-11,0.038601127
2001-09-12,0.038596373
2001-09-13,0.03851353
2001-09-14,0.03851281
2001-09-15,0.038512718
2001-09-16,0.038512718
2001-09-17,0.038382042
2001-09-18,0.0383926
2001-09-19,0.038374886
2001-09-20,0.03841024
2001-09-21,0.03841045
2001-09-22,0.03841045
2001-09-23,0.03841045
2001-09-24,0.038397364
2001-09-25,0.03842458
2001-09-26,0.038435653
2001-09-27,0.038435563
2001-09-28,0.03842616
2001-09-29,0.03842616
2001-09-30,0.03842616
2001-10-01,0.0384228
2001-10-02,0.03842384
2001-10-03,0.03841682
2001-10-04,0.038413648
2001-10-05,0.038413912
2001-10-06,0.038413975
2001-10-07,0.038414247
2001-10-08,0.03841564
2001-10-09,0.038429815
2001-10-10,0.038414218
2001-10-11,0.038241427
2001-10-12,0.03823838
2001-10-13,0.03823838
2001-10-14,0.03823838
2001-10-15,0.038176022
2001-10-16,0.03760764
2001-10-17,0.037319157
2001-10-18,0.037231367
2001-10-19,0.03745135
2001-10-20,0.037451282
2001-10-21,0.037451282
2001-10-22,0.03736329
2001-10-23,0.037190635
2001-10-24,0.036722083
2001-10-25,0.03643575
2001-10-26,0.03643931
2001-10-27,0.036445677
2001-10-28,0.03643005
2001-10-29,0.036409646
2001-10-30,0.036484335
2001-10-31,0.036414914
2001-11-01,0.036167685
2001-11-02,0.036173727
2001-11-03,0.036173727
2001-11-04,0.036173727
2001-11-05,0.036289286
2001-11-06,0.036038574
2001-11-07,0.035932224
2001-11-08,0.035850957
2001-11-09,0.036005087
2001-11-10,0.03600555
2001-11-11,0.03600555
2001-11-12,0.035964314
2001-11-13,0.035876084
2001-11-14,0.035863433
2001-11-15,0.035827152
2001-11-16,0.035828914
2001-11-17,0.03582899
2001-11-18,0.03582899
2001-11-19,0.035806596
2001-11-20,0.035756398
2001-11-21,0.035757612
2001-11-22,0.035757612
2001-11-23,0.035757612
2001-11-24,0.035757612
2001-11-25,0.035757612
2001-11-26,0.03575943
2001-11-27,0.035738703
2001-11-28,0.03573636
2001-11-29,0.035737764
2001-11-30,0.035738137
2001-12-01,0.035738137
2001-12-02,0.035738137
2001-12-03,0.03572881
2001-12-04,0.035720926
2001-12-05,0.035723962
2001-12-06,0.03572723
2001-12-07,0.035727244
2001-12-08,0.0357253
2001-12-09,0.0357253
2001-12-10,0.03572585
2001-12-11,0.035717472
2001-12-12,0.03571912
2001-12-13,0.035672165
2001-12-14,0.03568456
2001-12-15,0.03568449
2001-12-16,0.03568449
2001-12-17,0.035689626
2001-12-18,0.035680432
2001-12-19,0.035648342
2001-12-20,0.035589196
2001-12-21,0.03558856
2001-12-22,0.03558856
2001-12-23,0.03558856
2001-12-24,0.03558856
2001-12-25,0.03558856
2001-12-26,0.03558856
2001-12-27,0.035588577
2001-12-28,0.035588372
2001-12-29,0.035588372
2001-12-30,0.035588372
2001-12-31,0.035588372
2002-01-01,0.035588372
2002-01-02,0.035589613
2002-01-03,0.03558009
2002-01-04,0.03558819
2002-01-05,0.03558819
2002-01-06,0.03558819
2002-01-07,0.035585336
2002-01-08,0.035515055
2002-01-09,0.03549602
2002-01-10,0.035498746
2002-01-11,0.03549789
2002-01-12,0.03549789
2002-01-13,0.03549789
2002-01-14,0.035487644
2002-01-15,0.03550453
2002-01-16,0.03556754
2002-01-17,0.035637636
2002-01-18,0.035556022
2002-01-19,0.035556022
2002-01-20,0.035556022
2002-01-21,0.03553713
2002-01-22,0.035315786
2002-01-23,0.035105366
2002-01-24,0.034783438
2002-01-25,0.03481614
2002-01-26,0.03481614
2002-01-27,0.03481614
2002-01-28,0.034855742
2002-01-29,0.034572195
2002-01-30,0.034334168
2002-01-31,0.03387337
2002-02-01,0.03386874
2002-02-02,0.03386874
2002-02-03,0.03386874
2002-02-04,0.033774998
2002-02-05,0.03359963
2002-02-06,0.033599243
2002-02-07,0.033293627
2002-02-08,0.03328899
2002-02-09,0.03328674
2002-02-10,0.03328674
2002-02-11,0.03329366
2002-02-12,0.03307198
2002-02-13,0.03311853
2002-02-14,0.033194833
2002-02-15,0.033450786
2002-02-16,0.033452746
2002-02-17,0.033452746
2002-02-18,0.033454716
2002-02-19,0.033662263
2002-02-20,0.033649188
2002-02-21,0.033702523
2002-02-22,0.033722878
2002-02-23,0.03372267
2002-02-24,0.03372267
2002-02-25,0.033705067
2002-02-26,0.033770837
2002-02-27,0.033690322
2002-02-28,0.03391001
2002-03-01,0.033914592
2002-03-02,0.033914592
2002-03-03,0.033914592
2002-03-04,0.03390917
2002-03-05,0.033910222
2002-03-06,0.03392549
2002-03-07,0.033974685
2002-03-08,0.03396895
2002-03-09,0.03396895
2002-03-10,0.03396895
2002-03-11,0.0340624
2002-03-12,0.03386947
2002-03-13,0.033883907
2002-03-14,0.03398729
2002-03-15,0.0338958
2002-03-16,0.0338958
2002-03-17,0.0338958
2002-03-18,0.033901434
2002-03-19,0.033896808
2002-03-20,0.033871096
2002-03-21,0.033908334
2002-03-22,0.033908207
2002-03-23,0.033908207
2002-03-24,0.033908207
2002-03-25,0.03394443
2002-03-26,0.03394175
2002-03-27,0.03394802
2002-03-28,0.033945236
2002-03-29,0.033945005
2002-03-30,0.033945005
2002-03-31,0.03384094
2002-04-01,0.033814386
2002-04-02,0.033925544
2002-04-03,0.033933826
2002-04-04,0.033932522
2002-04-05,0.033961937
2002-04-06,0.033961937
2002-04-07,0.033961937
2002-04-08,0.033955697
2002-04-09,0.03395261
2002-04-10,0.033953544
2002-04-11,0.033732127
2002-04-12,0.033739753
2002-04-13,0.033739753
2002-04-14,0.033739753
2002-04-15,0.033646747
2002-04-16,0.033844884
2002-04-17,0.033767257
2002-04-18,0.033445068
2002-04-19,0.03344051
2002-04-20,0.03344051
2002-04-21,0.03344051
2002-04-22,0.03339881
2002-04-23,0.033407465
2002-04-24,0.033808
2002-04-25,0.033509713
2002-04-26,0.033826333
2002-04-27,0.033826333
2002-04-28,0.033826333
2002-04-29,0.033701785
2002-04-30,0.033658523
2002-05-01,0.033815973
2002-05-02,0.03396051
2002-05-03,0.03346784
2002-05-04,0.033468064
2002-05-05,0.033468064
2002-05-06,0.033477243
2002-05-07,0.033618487
2002-05-08,0.033666912
2002-05-09,0.033650856
2002-05-10,0.033630483
2002-05-11,0.033635482
2002-05-12,0.033635482
2002-05-13,0.033528008
2002-05-14,0.034365535
2002-05-15,0.034318887
2002-05-16,0.03427148
2002-05-17,0.0342719
2002-05-18,0.03427192
2002-05-19,0.03427192
2002-05-20,0.03415022
2002-05-21,0.034034774
2002-05-22,0.034178644
2002-05-23,0.034117766
2002-05-24,0.03410768
2002-05-25,0.03410768
2002-05-26,0.03410768
2002-05-27,0.03410774
2002-05-28,0.0341162
2002-05-29,0.034112327
2002-05-30,0.034082998
2002-05-31,0.034084108
2002-06-01,0.034084413
2002-06-02,0.034084413
2002-06-03,0.034085494
2002-06-04,0.034084585
2002-06-05,0.034081012
2002-06-06,0.034077868
2002-06-07,0.034075223
2002-06-08,0.034075223
2002-06-09,0.034075223
2002-06-10,0.034076765
2002-06-11,0.03407771
2002-06-12,0.034195155
2002-06-13,0.03420328
2002-06-14,0.034203663
2002-06-15,0.034203816
2002-06-16,0.034203816
2002-06-17,0.034207046
2002-06-18,0.034208644
2002-06-19,0.034205813
2002-06-20,0.034210503
2002-06-21,0.034210708
2002-06-22,0.034210708
2002-06-23,0.034212302
2002-06-24,0.034213923
2002-06-25,0.034282666
2002-06-26,0.034281373
2002-06-27,0.034331817
2002-06-28,0.034327783
2002-06-29,0.0343278
2002-06-30,0.0343278
2002-07-01,0.03432841
2002-07-02,0.03433079
2002-07-03,0.03433089
2002-07-04,0.03433089
2002-07-05,0.034329113
2002-07-06,0.034329113
2002-07-07,0.034329113
2002-07-08,0.034340814
2002-07-09,0.034363497
2002-07-10,0.034357067
2002-07-11,0.034330327
2002-07-12,0.03429785
2002-07-13,0.03429785
2002-07-14,0.03429785
2002-07-15,0.0342588
2002-07-16,0.034287628
2002-07-17,0.034724917
2002-07-18,0.03514963
2002-07-19,0.03551991
2002-07-20,0.03552727
2002-07-21,0.03552587
2002-07-22,0.035642613
2002-07-23,0.03609328
2002-07-24,0.036459792
2002-07-25,0.0369194
2002-07-26,0.03689105
2002-07-27,0.03689105
2002-07-28,0.03689105
2002-07-29,0.036948394
2002-07-30,0.037232608
2002-07-31,0.037265286
2002-08-01,0.03721641
2002-08-02,0.037221212
2002-08-03,0.037221223
2002-08-04,0.037221223
2002-08-05,0.03719959
2002-08-06,0.037407883
2002-08-07,0.037421335
2002-08-08,0.037354857
2002-08-09,0.037366178
2002-08-10,0.037366126
2002-08-11,0.037366316
2002-08-12,0.037350874
2002-08-13,0.037411902
2002-08-14,0.037424773
2002-08-15,0.037462264
2002-08-16,0.03745817
2002-08-17,0.03745817
2002-08-18,0.03745817
2002-08-19,0.03748473
2002-08-20,0.037552804
2002-08-21,0.037543822
2002-08-22,0.03754356
2002-08-23,0.037544124
2002-08-24,0.037544124
2002-08-25,0.037544124
2002-08-26,0.037542444
2002-08-27,0.037260454
2002-08-28,0.037241362
2002-08-29,0.037233364
2002-08-30,0.03723268
2002-08-31,0.037233364
2002-09-01,0.037233364
2002-09-02,0.03723339
2002-09-03,0.037232727
2002-09-04,0.03723919
2002-09-05,0.037220914
2002-09-06,0.0372204
2002-09-07,0.0372204
2002-09-08,0.0372204
2002-09-09,0.037148744
2002-09-10,0.037216038
2002-09-11,0.037212584
2002-09-12,0.03721052
2002-09-13,0.037211858
2002-09-14,0.037211858
2002-09-15,0.037211858
2002-09-16,0.03721154
2002-09-17,0.037178714
2002-09-18,0.037215345
2002-09-19,0.037126012
2002-09-20,0.03716614
2002-09-21,0.03716614
2002-09-22,0.03716614
2002-09-23,0.037118074
2002-09-24,0.0371208
2002-09-25,0.03715406
2002-09-26,0.03714513
2002-09-27,0.037142694
2002-09-28,0.037142694
2002-09-29,0.037142694
2002-09-30,0.037142545
2002-10-01,0.037144627
2002-10-02,0.037142262
2002-10-03,0.037143067
2002-10-04,0.03714178
2002-10-05,0.03714178
2002-10-06,0.037143063
2002-10-07,0.037142903
2002-10-08,0.03714298
2002-10-09,0.03716694
2002-10-10,0.03719115
2002-10-11,0.037095238
2002-10-12,0.037095238
2002-10-13,0.037095238
2002-10-14,0.03708299
2002-10-15,0.03713258
2002-10-16,0.03690407
2002-10-17,0.037075456
2002-10-18,0.036778193
2002-10-19,0.036778193
2002-10-20,0.036755145
2002-10-21,0.036809787
2002-10-22,0.036864236
2002-10-23,0.03662809
2002-10-24,0.03644622
2002-10-25,0.03652093
2002-10-26,0.03652108
2002-10-27,0.03652108
2002-10-28,0.036583964
2002-10-29,0.036575
2002-10-30,0.036705595
2002-10-31,0.036869656
2002-11-01,0.036798697
2002-11-02,0.036798697
2002-11-03,0.036798697
2002-11-04,0.036862977
2002-11-05,0.036924727
2002-11-06,0.03696052
2002-11-07,0.036954056
2002-11-08,0.03695973
2002-11-09,0.036961164
2002-11-10,0.03696014
2002-11-11,0.036970668
2002-11-12,0.036993433
2002-11-13,0.036881573
2002-11-14,0.036961142
2002-11-15,0.03697387
2002-11-16,0.03697387
2002-11-17,0.036974076
2002-11-18,0.03694665
2002-11-19,0.036855604
2002-11-20,0.036914688
2002-11-21,0.03687502
2002-11-22,0.036885947
2002-11-23,0.036885947
2002-11-24,0.036885947
2002-11-25,0.036885552
2002-11-26,0.036886204
2002-11-27,0.036897983
2002-11-28,0.036915142
2002-11-29,0.036915306
2002-11-30,0.036915306
2002-12-01,0.036914967
2002-12-02,0.03691508
2002-12-03,0.03691665
2002-12-04,0.03692798
2002-12-05,0.03693598
2002-12-06,0.036936708
2002-12-07,0.036936708
2002-12-08,0.036936708
2002-12-09,0.036920574
2002-12-10,0.036915783
2002-12-11,0.036914084
2002-12-12,0.036869325
2002-12-13,0.0368672
2002-12-14,0.03686943
2002-12-15,0.03686943
2002-12-16,0.036870714
2002-12-17,0.03687086
2002-12-18,0.036907326
2002-12-19,0.036867812
2002-12-20,0.036817733
2002-12-21,0.036817733
2002-12-22,0.036817733
2002-12-23,0.036820028
2002-12-24,0.036820028
2002-12-25,0.036820028
2002-12-26,0.03681967
2002-12-27,0.036819983
2002-12-28,0.036819983
2002-12-29,0.036819983
2002-12-30,0.036820035
2002-12-31,0.03682426
2003-01-01,0.036818627
2003-01-02,0.036818635
2003-01-03,0.036818635
2003-01-04,0.036818635
2003-01-05,0.036818635
2003-01-06,0.036820184
2003-01-07,0.036852483
2003-01-08,0.036826827
2003-01-09,0.036854874
2003-01-10,0.036862947
2003-01-11,0.036862947
2003-01-12,0.036862947
2003-01-13,0.036854178
2003-01-14,0.03694432
2003-01-15,0.03697434
2003-01-16,0.037061512
2003-01-17,0.036673885
2003-01-18,0.036673885
2003-01-19,0.036673885
2003-01-20,0.03667354
2003-01-21,0.036433082
2003-01-22,0.03653904
2003-01-23,0.036889683
2003-01-24,0.036817454
2003-01-25,0.036817454
2003-01-26,0.036817454
2003-01-27,0.036695525
2003-01-28,0.037018653
2003-01-29,0.036894243
2003-01-30,0.03719531
2003-01-31,0.037242107
2003-02-01,0.037245568
2003-02-02,0.037245568
2003-02-03,0.037231047
2003-02-04,0.03686574
2003-02-05,0.036773663
2003-02-06,0.036892794
2003-02-07,0.036914833
2003-02-08,0.036914833
2003-02-09,0.036914833
2003-02-10,0.036920074
2003-02-11,0.036782075
2003-02-12,0.036974948
2003-02-13,0.036574896
2003-02-14,0.03657797
2003-02-15,0.03657797
2003-02-16,0.03657797
2003-02-17,0.03657769
2003-02-18,0.03704355
2003-02-19,0.037043706
2003-02-20,0.037241116
2003-02-21,0.037238546
2003-02-22,0.037238587
2003-02-23,0.03739009
2003-02-24,0.037388306
2003-02-25,0.037326206
2003-02-26,0.037381135
2003-02-27,0.037069354
2003-02-28,0.037068244
2003-03-01,0.037068244
2003-03-02,0.03705262
2003-03-03,0.037056617
2003-03-04,0.037093107
2003-03-05,0.037204813
2003-03-06,0.037249953
2003-03-07,0.03724952
2003-03-08,0.037248567
2003-03-09,0.03732137
2003-03-10,0.037305675
2003-03-11,0.03733753
2003-03-12,0.037353016
2003-03-13,0.037406243
2003-03-14,0.037412323
2003-03-15,0.037412688
2003-03-16,0.037412688
2003-03-17,0.03740368
2003-03-18,0.037429545
2003-03-19,0.037415385
2003-03-20,0.0374637
2003-03-21,0.03742659
2003-03-22,0.037426095
2003-03-23,0.037426095
2003-03-24,0.037428044
2003-03-25,0.037416734
2003-03-26,0.037413824
2003-03-27,0.03742596
2003-03-28,0.03741374
2003-03-29,0.037414234
2003-03-30,0.0374142
2003-03-31,0.037439946
2003-04-01,0.037514318
2003-04-02,0.037525207
2003-04-03,0.03753285
2003-04-04,0.037549153
2003-04-05,0.037549153
2003-04-06,0.037549153
2003-04-07,0.037551004
2003-04-08,0.037545502
2003-04-09,0.03749676
2003-04-10,0.03746207
2003-04-11,0.03761018
2003-04-12,0.03761018
2003-04-13,0.03761018
2003-04-14,0.037397534
2003-04-15,0.0375512
2003-04-16,0.03745246
2003-04-17,0.03704778
2003-04-18,0.037047833
2003-04-19,0.03704784
2003-04-20,0.03704784
2003-04-21,0.036969814
2003-04-22,0.03735513
2003-04-23,0.03773293
2003-04-24,0.037592873
2003-04-25,0.03761102
2003-04-26,0.03759565
2003-04-27,0.037583515
2003-04-28,0.037633482
2003-04-29,0.038336273
2003-04-30,0.038608443
2003-05-01,0.03894506
2003-05-02,0.03964345
2003-05-03,0.03964429
2003-05-04,0.039660957
2003-05-05,0.03964894
2003-05-06,0.03960949
2003-05-07,0.03948731
2003-05-08,0.039492927
2003-05-09,0.03954072
2003-05-10,0.03954139
2003-05-11,0.03954139
2003-05-12,0.03966045
2003-05-13,0.0393258
2003-05-14,0.03921661
2003-05-15,0.0390645
2003-05-16,0.03906946
2003-05-17,0.03906946
2003-05-18,0.03906946
2003-05-19,0.039001707
2003-05-20,0.039018396
2003-05-21,0.039006505
2003-05-22,0.0388937
2003-05-23,0.038891617
2003-05-24,0.038893245
2003-05-25,0.038893245
2003-05-26,0.0388932
2003-05-27,0.038907103
2003-05-28,0.0389071
2003-05-29,0.038811397
2003-05-30,0.038802713
2003-05-31,0.038802013
2003-06-01,0.038801976
2003-06-02,0.03880144
2003-06-03,0.038803224
2003-06-04,0.038803056
2003-06-05,0.03881298
2003-06-06,0.038813014
2003-06-07,0.038813014
2003-06-08,0.038813014
2003-06-09,0.03881312
2003-06-10,0.038816594
2003-06-11,0.03893675
2003-06-12,0.039030172
2003-06-13,0.03903023
2003-06-14,0.039030124
2003-06-15,0.039030124
2003-06-16,0.039026543
2003-06-17,0.03901768
2003-06-18,0.038928177
2003-06-19,0.03912796
2003-06-20,0.03913161
2003-06-21,0.03913161
2003-06-22,0.03913161
2003-06-23,0.039134596
2003-06-24,0.039161332
2003-06-25,0.039113473
2003-06-26,0.039154038
2003-06-27,0.03915543
2003-06-28,0.039155412
2003-06-29,0.039155412
2003-06-30,0.03915605
2003-07-01,0.03914839
2003-07-02,0.039150253
2003-07-03,0.03914961
2003-07-04,0.03915045
2003-07-05,0.03915045
2003-07-06,0.03915029
2003-07-07,0.039154407
2003-07-08,0.039178662
2003-07-09,0.039170545
2003-07-10,0.039211754
2003-07-11,0.03916589
2003-07-12,0.03916589
2003-07-13,0.03916589
2003-07-14,0.039171495
2003-07-15,0.039170966
2003-07-16,0.039381318
2003-07-17,0.039579906
2003-07-18,0.039570145
2003-07-19,0.039570186
2003-07-20,0.03957041
2003-07-21,0.039703466
2003-07-22,0.039784394
2003-07-23,0.039972346
2003-07-24,0.039489225
2003-07-25,0.039372895
2003-07-26,0.039372895
2003-07-27,0.039372895
2003-07-28,0.039502725
2003-07-29,0.03943692
2003-07-30,0.039147373
2003-07-31,0.038912043
2003-08-01,0.038866263
2003-08-02,0.038865034
2003-08-03,0.038865034
2003-08-04,0.03885374
2003-08-05,0.038847588
2003-08-06,0.038745508
2003-08-07,0.038747445
2003-08-08,0.038902573
2003-08-09,0.038902573
2003-08-10,0.038902573
2003-08-11,0.03891349
2003-08-12,0.03901648
2003-08-13,0.0390901
2003-08-14,0.03904311
2003-08-15,0.039058268
2003-08-16,0.039058268
2003-08-17,0.039060745
2003-08-18,0.039064035
2003-08-19,0.03921222
2003-08-20,0.0392013
2003-08-21,0.039198376
2003-08-22,0.03919736
2003-08-23,0.03919736
2003-08-24,0.03919736
2003-08-25,0.039202202
2003-08-26,0.039043903
2003-08-27,0.039041366
2003-08-28,0.038999368
2003-08-29,0.039003007
2003-08-30,0.039003007
2003-08-31,0.039003007
2003-09-01,0.039003007
2003-09-02,0.03900299
2003-09-03,0.03900373
2003-09-04,0.039045505
2003-09-05,0.039045095
2003-09-06,0.039045535
2003-09-07,0.039045535
2003-09-08,0.039058838
2003-09-09,0.03894044
2003-09-10,0.038950678
2003-09-11,0.038939048
2003-09-12,0.038950082
2003-09-13,0.038950082
2003-09-14,0.038950082
2003-09-15,0.03894407
2003-09-16,0.038895134
2003-09-17,0.03889245
2003-09-18,0.038968194
2003-09-19,0.03897129
2003-09-20,0.03897129
2003-09-21,0.03897129
2003-09-22,0.038994662
2003-09-23,0.038995095
2003-09-24,0.03901018
2003-09-25,0.039003372
2003-09-26,0.039000653
2003-09-27,0.039000653
2003-09-28,0.03900085
2003-09-29,0.038980544
2003-09-30,0.038888037
2003-10-01,0.03888449
2003-10-02,0.038888972
2003-10-03,0.038891617
2003-10-04,0.038891617
2003-10-05,0.038891617
2003-10-06,0.038892567
2003-10-07,0.03892159
2003-10-08,0.038926482
2003-10-09,0.03893889
2003-10-10,0.03910297
2003-10-11,0.03910297
2003-10-12,0.03910297
2003-10-13,0.039131418
2003-10-14,0.039276984
2003-10-15,0.039284334
2003-10-16,0.039452054
2003-10-17,0.039427683
2003-10-18,0.039427683
2003-10-19,0.039427683
2003-10-20,0.039404947
2003-10-21,0.039488472
2003-10-22,0.03910506
2003-10-23,0.03956435
2003-10-24,0.03962864
2003-10-25,0.03962864
2003-10-26,0.039628666
2003-10-27,0.039721746
2003-10-28,0.03937683
2003-10-29,0.039424516
2003-10-30,0.039480552
2003-10-31,0.0394544
2003-11-01,0.0394544
2003-11-02,0.0394544
2003-11-03,0.039463844
2003-11-04,0.039520543
2003-11-05,0.03968576
2003-11-06,0.03966225
2003-11-07,0.03959647
2003-11-08,0.03959647
2003-11-09,0.03959647
2003-11-10,0.039656278
2003-11-11,0.03966991
2003-11-12,0.03978848
2003-11-13,0.039723016
2003-11-14,0.03977785
2003-11-15,0.039781094
2003-11-16,0.039781094
2003-11-17,0.039737526
2003-11-18,0.039701402
2003-11-19,0.039804816
2003-11-20,0.039757475
2003-11-21,0.039756455
2003-11-22,0.039756455
2003-11-23,0.039756455
2003-11-24,0.039784007
2003-11-25,0.039758462
2003-11-26,0.039770026
2003-11-27,0.039770026
2003-11-28,0.03976928
2003-11-29,0.03976928
2003-11-30,0.03976928
2003-12-01,0.039768327
2003-12-02,0.03977966
2003-12-03,0.039787147
2003-12-04,0.039812066
2003-12-05,0.039747942
2003-12-06,0.039747942
2003-12-07,0.039747942
2003-12-08,0.039749585
2003-12-09,0.039706655
2003-12-10,0.03970919
2003-12-11,0.039714634
2003-12-12,0.03970445
2003-12-13,0.03970445
2003-12-14,0.03970445
2003-12-15,0.03971568
2003-12-16,0.039708
2003-12-17,0.0397552
2003-12-18,0.039674155
2003-12-19,0.03968251
2003-12-20,0.03968251
2003-12-21,0.03968251
2003-12-22,0.039711848
2003-12-23,0.039641976
2003-12-24,0.039642
2003-12-25,0.039642
2003-12-26,0.039642
2003-12-27,0.039642
2003-12-28,0.039642
2003-12-29,0.039644085
2003-12-30,0.03964372
2003-12-31,0.03964372
2004-01-01,0.03964372
2004-01-02,0.03964372
2004-01-03,0.03964372
2004-01-04,0.03964372
2004-01-05,0.03963806
2004-01-06,0.03964319
2004-01-07,0.03963238
2004-01-08,0.039621983
2004-01-09,0.039621867
2004-01-10,0.039621867
2004-01-11,0.039621867
2004-01-12,0.039621852
2004-01-13,0.03962049
2004-01-14,0.0397354
2004-01-15,0.03995405
2004-01-16,0.040005885
2004-01-17,0.040005885
2004-01-18,0.040005885
2004-01-19,0.040016495
2004-01-20,0.039560985
2004-01-21,0.039588224
2004-01-22,0.038956735
2004-01-23,0.038874023
2004-01-24,0.038874023
2004-01-25,0.038874023
2004-01-26,0.039172225
2004-01-27,0.039193973
2004-01-28,0.03932696
2004-01-29,0.03932644
2004-01-30,0.03932178
2004-01-31,0.03932178
2004-02-01,0.03932178
2004-02-02,0.039276272
2004-02-03,0.039294165
2004-02-04,0.03912907
2004-02-05,0.038971
2004-02-06,0.038976226
2004-02-07,0.038976226
2004-02-08,0.038976226
2004-02-09,0.038950514
2004-02-10,0.038953703
2004-02-11,0.03902251
2004-02-12,0.039038874
2004-02-13,0.03923594
2004-02-14,0.039236158
2004-02-15,0.03923638
2004-02-16,0.039239913
2004-02-17,0.039271425
2004-02-18,0.039280523
2004-02-19,0.039305627
2004-02-20,0.039269634
2004-02-21,0.039269634
2004-02-22,0.039269634
2004-02-23,0.03926508
2004-02-24,0.039297022
2004-02-25,0.039309103
2004-02-26,0.03933139
2004-02-27,0.0393475
2004-02-28,0.03934766
2004-02-29,0.03934766
2004-03-01,0.03934604
2004-03-02,0.039389294
2004-03-03,0.03947947
2004-03-04,0.039476417
2004-03-05,0.039472867
2004-03-06,0.03947398
2004-03-07,0.03947398
2004-03-08,0.03959179
2004-03-09,0.0396393
2004-03-10,0.039650265
2004-03-11,0.039759275
2004-03-12,0.03975742
2004-03-13,0.03975742
2004-03-14,0.03975742
2004-03-15,0.03979757
2004-03-16,0.039786644
2004-03-17,0.03978974
2004-03-18,0.039927676
2004-03-19,0.039919823
2004-03-20,0.039919823
2004-03-21,0.039919823
2004-03-22,0.03989981
2004-03-23,0.03989121
2004-03-24,0.039889492
2004-03-25,0.039896563
2004-03-26,0.039894097
2004-03-27,0.039894097
2004-03-28,0.039894097
2004-03-29,0.039899558
2004-03-30,0.039900307
2004-03-31,0.040033672
2004-04-01,0.040036682
2004-04-02,0.040037792
2004-04-03,0.040037815
2004-04-04,0.040062904
2004-04-05,0.04006241
2004-04-06,0.040084366
2004-04-07,0.040078986
2004-04-08,0.03979273
2004-04-09,0.039792363
2004-04-10,0.039792363
2004-04-11,0.039792363
2004-04-12,0.03975457
2004-04-13,0.03984967
2004-04-14,0.03987289
2004-04-15,0.03950435
2004-04-16,0.039494198
2004-04-17,0.039494198
2004-04-18,0.03949531
2004-04-19,0.03941298
2004-04-20,0.039587446
2004-04-21,0.039512083
2004-04-22,0.039687354
2004-04-23,0.039708868
2004-04-24,0.039708868
2004-04-25,0.039708868
2004-04-26,0.039396547
2004-04-27,0.03978966
2004-04-28,0.040294383
2004-04-29,0.041226666
2004-04-30,0.041405138
2004-05-01,0.041405138
2004-05-02,0.041416004
2004-05-03,0.041416112
2004-05-04,0.041368395
2004-05-05,0.04138417
2004-05-06,0.04149812
2004-05-07,0.041550428
2004-05-08,0.04155398
2004-05-09,0.04155398
2004-05-10,0.041230153
2004-05-11,0.04145864
2004-05-12,0.041382525
2004-05-13,0.04103341
2004-05-14,0.041043125
2004-05-15,0.041044403
2004-05-16,0.041044403
2004-05-17,0.040955685
2004-05-18,0.04084496
2004-05-19,0.040830582
2004-05-20,0.040788263
2004-05-21,0.040787324
2004-05-22,0.040787324
2004-05-23,0.040787324
2004-05-24,0.040796842
2004-05-25,0.040797062
2004-05-26,0.040790193
2004-05-27,0.040771574
2004-05-28,0.04079484
2004-05-29,0.04079484
2004-05-30,0.040794533
2004-05-31,0.040794533
2004-06-01,0.04079904
2004-06-02,0.040814355
2004-06-03,0.040833037
2004-06-04,0.04082692
2004-06-05,0.040827006
2004-06-06,0.040827006
2004-06-07,0.040821712
2004-06-08,0.0408151
2004-06-09,0.04093693
2004-06-10,0.040938992
2004-06-11,0.040938992
2004-06-12,0.040938992
2004-06-13,0.040938992
2004-06-14,0.04095428
2004-06-15,0.04094584
2004-06-16,0.04086354
2004-06-17,0.040897485
2004-06-18,0.040957704
2004-06-19,0.040957704
2004-06-20,0.040957704
2004-06-21,0.04096505
2004-06-22,0.040982626
2004-06-23,0.041036177
2004-06-24,0.04106251
2004-06-25,0.041061137
2004-06-26,0.041061137
2004-06-27,0.041061137
2004-06-28,0.041063704
2004-06-29,0.041065495
2004-06-30,0.04101547
2004-07-01,0.04101437
2004-07-02,0.04101437
2004-07-03,0.04101437
2004-07-04,0.04101437
2004-07-05,0.04101437
2004-07-06,0.0410187
2004-07-07,0.04103099
2004-07-08,0.04106042
2004-07-09,0.040780626
2004-07-10,0.040780626
2004-07-11,0.040780626
2004-07-12,0.040769037
2004-07-13,0.040718835
2004-07-14,0.040735126
2004-07-15,0.040889
2004-07-16,0.040900934
2004-07-17,0.040889
2004-07-18,0.040889
2004-07-19,0.040968847
2004-07-20,0.041163277
2004-07-21,0.04132069
2004-07-22,0.04171398
2004-07-23,0.04185952
2004-07-24,0.0418571
2004-07-25,0.0418571
2004-07-26,0.041910127
2004-07-27,0.04218005
2004-07-28,0.04203542
2004-07-29,0.04226745
2004-07-30,0.042359777
2004-07-31,0.042362012
2004-08-01,0.04236563
2004-08-02,0.04229316
2004-08-03,0.042471047
2004-08-04,0.042555083
2004-08-05,0.042630326
2004-08-06,0.042678118
2004-08-07,0.04268007
2004-08-08,0.04268007
2004-08-09,0.0427452
2004-08-10,0.042757865
2004-08-11,0.042762723
2004-08-12,0.042852715
2004-08-13,0.042841744
2004-08-14,0.042841777
2004-08-15,0.042841777
2004-08-16,0.04291693
2004-08-17,0.043010056
2004-08-18,0.043050747
2004-08-19,0.04300916
2004-08-20,0.043013614
2004-08-21,0.043013614
2004-08-22,0.043013614
2004-08-23,0.04301167
2004-08-24,0.04300697
2004-08-25,0.043000225
2004-08-26,0.04300598
2004-08-27,0.043005966
2004-08-28,0.043005966
2004-08-29,0.043005966
2004-08-30,0.043006267
2004-08-31,0.042999346
2004-09-01,0.043024257
2004-09-02,0.043065026
2004-09-03,0.043156613
2004-09-04,0.04315863
2004-09-05,0.04315863
2004-09-06,0.04315863
2004-09-07,0.04314963
2004-09-08,0.04315034
2004-09-09,0.043145027
2004-09-10,0.043147903
2004-09-11,0.043147903
2004-09-12,0.043147903
2004-09-13,0.043137915
2004-09-14,0.043091863
2004-09-15,0.04310294
2004-09-16,0.04310159
2004-09-17,0.04320807
2004-09-18,0.04320807
2004-09-19,0.04320807
2004-09-20,0.043212924
2004-09-21,0.04321449
2004-09-22,0.04319479
2004-09-23,0.043206375
2004-09-24,0.043206476
2004-09-25,0.043206476
2004-09-26,0.043206476
2004-09-27,0.043213084
2004-09-28,0.043224286
2004-09-29,0.04322246
2004-09-30,0.043220706
2004-10-01,0.04323632
2004-10-02,0.043235827
2004-10-03,0.043235827
2004-10-04,0.043235864
2004-10-05,0.043240275
2004-10-06,0.043214492
2004-10-07,0.043225333
2004-10-08,0.043226857
2004-10-09,0.0432268
2004-10-10,0.0432268
2004-10-11,0.0432238
2004-10-12,0.04323694
2004-10-13,0.043223236
2004-10-14,0.04323963
2004-10-15,0.04323615
2004-10-16,0.043236412
2004-10-17,0.043236412
2004-10-18,0.04333962
2004-10-19,0.043460425
2004-10-20,0.043907654
2004-10-21,0.044432133
2004-10-22,0.044504493
2004-10-23,0.044504493
2004-10-24,0.044504493
2004-10-25,0.04458469
2004-10-26,0.044477955
2004-10-27,0.04443318
2004-10-28,0.04495834
2004-10-29,0.04494096
2004-10-30,0.04494096
2004-10-31,0.04494096
2004-11-01,0.044916485
2004-11-02,0.04485893
2004-11-03,0.04480013
2004-11-04,0.044928778
2004-11-05,0.044999167
2004-11-06,0.04499755
2004-11-07,0.044998784
2004-11-08,0.04509125
2004-11-09,0.04505639
2004-11-10,0.0450866
2004-11-11,0.045063093
2004-11-12,0.045068927
2004-11-13,0.04506899
2004-11-14,0.04506899
2004-11-15,0.04501357
2004-11-16,0.044930793
2004-11-17,0.044905186
2004-11-18,0.0448167
2004-11-19,0.044822805
2004-11-20,0.044822805
2004-11-21,0.044822805
2004-11-22,0.044845786
2004-11-23,0.04485221
2004-11-24,0.044858716
2004-11-25,0.044860553
2004-11-26,0.04486089
2004-11-27,0.04486089
2004-11-28,0.04486089
2004-11-29,0.044859163
2004-11-30,0.044856098
2004-12-01,0.04486192
2004-12-02,0.044858843
2004-12-03,0.044855617
2004-12-04,0.044855744
2004-12-05,0.044855744
2004-12-06,0.044855606
2004-12-07,0.04483403
2004-12-08,0.044812072
2004-12-09,0.0447926
2004-12-10,0.0447925
2004-12-11,0.0447925
2004-12-12,0.0447925
2004-12-13,0.044793498
2004-12-14,0.04479323
2004-12-15,0.044807684
2004-12-16,0.044677977
2004-12-17,0.044675246
2004-12-18,0.044675246
2004-12-19,0.044675246
2004-12-20,0.044658717
2004-12-21,0.04469667
2004-12-22,0.04471762
2004-12-23,0.044726208
2004-12-24,0.04472787
2004-12-25,0.04472787
2004-12-26,0.04472787
2004-12-27,0.044728447
2004-12-28,0.04472845
2004-12-29,0.044727765
2004-12-30,0.04472784
2004-12-31,0.04472784
2005-01-01,0.04472784
2005-01-02,0.04472784
2005-01-03,0.04472628
2005-01-04,0.04472202
2005-01-05,0.04473148
2005-01-06,0.04476779
2005-01-07,0.044768836
2005-01-08,0.044768836
2005-01-09,0.044768836
2005-01-10,0.04475636
2005-01-11,0.044834275
2005-01-12,0.04484486
2005-01-13,0.044839665
2005-01-14,0.04484106
2005-01-15,0.04484106
2005-01-16,0.04484106
2005-01-17,0.04484106
2005-01-18,0.045095548
2005-01-19,0.044957623
2005-01-20,0.044875484
2005-01-21,0.046014424
2005-01-22,0.046014424
2005-01-23,0.046014424
2005-01-24,0.045997657
2005-01-25,0.04563993
2005-01-26,0.0455242
2005-01-27,0.04572804
2005-01-28,0.045830216
2005-01-29,0.0458312
2005-01-30,0.0458312
2005-01-31,0.046166614
2005-02-01,0.04608748
2005-02-02,0.045717828
2005-02-03,0.045136884
2005-02-04,0.045166228
2005-02-05,0.045166228
2005-02-06,0.045166228
2005-02-07,0.04523509
2005-02-08,0.044675466
2005-02-09,0.04470851
2005-02-10,0.044730816
2005-02-11,0.04472838
2005-02-12,0.04472838
2005-02-13,0.044728547
2005-02-14,0.04470069
2005-02-15,0.04467352
2005-02-16,0.04467891
2005-02-17,0.044974174
2005-02-18,0.045000665
2005-02-19,0.045000665
2005-02-20,0.045000665
2005-02-21,0.045002237
2005-02-22,0.045083135
2005-02-23,0.0452339
2005-02-24,0.045392133
2005-02-25,0.045484893
2005-02-26,0.045484893
2005-02-27,0.045484893
2005-02-28,0.045417372
2005-03-01,0.045464557
2005-03-02,0.045510072
2005-03-03,0.045438748
2005-03-04,0.04548532
2005-03-05,0.04548532
2005-03-06,0.04548532
2005-03-07,0.045856886
2005-03-08,0.045890555
2005-03-09,0.045928083
2005-03-10,0.046013698
2005-03-11,0.04597205
2005-03-12,0.04597205
2005-03-13,0.045972135
2005-03-14,0.04597749
2005-03-15,0.046003927
2005-03-16,0.045949813
2005-03-17,0.0460784
2005-03-18,0.046068095
2005-03-19,0.046068095
2005-03-20,0.046068095
2005-03-21,0.04607228
2005-03-22,0.045931388
2005-03-23,0.045941524
2005-03-24,0.04593095
2005-03-25,0.045931086
2005-03-26,0.045931086
2005-03-27,0.045931086
2005-03-28,0.04592745
2005-03-29,0.045911092
2005-03-30,0.04589928
2005-03-31,0.045914646
2005-04-01,0.04598712
2005-04-02,0.045987796
2005-04-03,0.045987796
2005-04-04,0.04598682
2005-04-05,0.045984183
2005-04-06,0.046075303
2005-04-07,0.046053857
2005-04-08,0.046053275
2005-04-09,0.046053275
2005-04-10,0.046053275
2005-04-11,0.046068624
2005-04-12,0.046019923
2005-04-13,0.046017095
2005-04-14,0.045641955
2005-04-15,0.0442446
2005-04-16,0.0442446
2005-04-17,0.0442446
2005-04-18,0.044158723
2005-04-19,0.04417485
2005-04-20,0.044139214
2005-04-21,0.044293594
2005-04-22,0.04424552
2005-04-23,0.044246636
2005-04-24,0.044255134
2005-04-25,0.04430269
2005-04-26,0.04498051
2005-04-27,0.045118973
2005-04-28,0.045829657
2005-04-29,0.04581363
2005-04-30,0.0457527
2005-05-01,0.0457527
2005-05-02,0.045685723
2005-05-03,0.045603808
2005-05-04,0.04567682
2005-05-05,0.04571262
2005-05-06,0.045688096
2005-05-07,0.045688067
2005-05-08,0.04568789
2005-05-09,0.04531722
2005-05-10,0.04525881
2005-05-11,0.044500794
2005-05-12,0.043495245
2005-05-13,0.043428894
2005-05-14,0.043428894
2005-05-15,0.043428842
2005-05-16,0.04335178
2005-05-17,0.043277904
2005-05-18,0.04329635
2005-05-19,0.04318015
2005-05-20,0.0431814
2005-05-21,0.0431814
2005-05-22,0.0431814
2005-05-23,0.043167986
2005-05-24,0.04318648
2005-05-25,0.043166332
2005-05-26,0.042909075
2005-05-27,0.042881172
2005-05-28,0.042881172
2005-05-29,0.042881172
2005-05-30,0.042881172
2005-05-31,0.042849615
2005-06-01,0.042870022
2005-06-02,0.042881213
2005-06-03,0.04287759
2005-06-04,0.04287759
2005-06-05,0.04287759
2005-06-06,0.04287583
2005-06-07,0.042745143
2005-06-08,0.042866014
2005-06-09,0.04288231
2005-06-10,0.042891543
2005-06-11,0.042891543
2005-06-12,0.042891543
2005-06-13,0.04312384
2005-06-14,0.043044806
2005-06-15,0.04304386
2005-06-16,0.04308276
2005-06-17,0.04308322
2005-06-18,0.04308322
2005-06-19,0.04308322
2005-06-20,0.04308701
2005-06-21,0.04312095
2005-06-22,0.043105457
2005-06-23,0.043117553
2005-06-24,0.04311773
2005-06-25,0.04311773
2005-06-26,0.04311773
2005-06-27,0.04322026
2005-06-28,0.04321994
2005-06-29,0.043321893
2005-06-30,0.043318097
2005-07-01,0.043318838
2005-07-02,0.043318838
2005-07-03,0.043318838
2005-07-04,0.043318838
2005-07-05,0.043326825
2005-07-06,0.043333665
2005-07-07,0.04335339
2005-07-08,0.043354902
2005-07-09,0.043354902
2005-07-10,0.043354902
2005-07-11,0.043350566
2005-07-12,0.043396313
2005-07-13,0.04341319
2005-07-14,0.043470975
2005-07-15,0.04355828
2005-07-16,0.04355828
2005-07-17,0.043562688
2005-07-18,0.04365008
2005-07-19,0.043707028
2005-07-20,0.043839145
2005-07-21,0.044256195
2005-07-22,0.0442904
2005-07-23,0.0442904
2005-07-24,0.0442904
2005-07-25,0.044249285
2005-07-26,0.044450175
2005-07-27,0.04484619
2005-07-28,0.04482622
2005-07-29,0.044245392
2005-07-30,0.044201866
2005-07-31,0.044201866
2005-08-01,0.04413192
2005-08-02,0.044289157
2005-08-03,0.044685084
2005-08-04,0.044632
2005-08-05,0.044615623
2005-08-06,0.044615056
2005-08-07,0.044618882
2005-08-08,0.04456101
2005-08-09,0.044634778
2005-08-10,0.044611953
2005-08-11,0.04460067
2005-08-12,0.044591583
2005-08-13,0.04459273
2005-08-14,0.04459273
2005-08-15,0.04467184
2005-08-16,0.04510728
2005-08-17,0.045096412
2005-08-18,0.045089282
2005-08-19,0.04508067
2005-08-20,0.04508067
2005-08-21,0.04508067
2005-08-22,0.04507031
2005-08-23,0.045035686
2005-08-24,0.04501232
2005-08-25,0.0449412
2005-08-26,0.044931322
2005-08-27,0.044931322
2005-08-28,0.044931322
2005-08-29,0.044932324
2005-08-30,0.044942252
2005-08-31,0.04494388
2005-09-01,0.044942327
2005-09-02,0.044940207
2005-09-03,0.044940207
2005-09-04,0.044940207
2005-09-05,0.044940207
2005-09-06,0.044943474
2005-09-07,0.044938117
2005-09-08,0.044974532
2005-09-09,0.044975426
2005-09-10,0.044975426
2005-09-11,0.044975426
2005-09-12,0.044961758
2005-09-13,0.044929296
2005-09-14,0.044929367
2005-09-15,0.044905677
2005-09-16,0.04490759
2005-09-17,0.044907086
2005-09-18,0.044907086
2005-09-19,0.045040615
2005-09-20,0.04502025
2005-09-21,0.04502809
2005-09-22,0.04492615
2005-09-23,0.044923954
2005-09-24,0.044923786
2005-09-25,0.044923786
2005-09-26,0.04492199
2005-09-27,0.04493507
2005-09-28,0.044936497
2005-09-29,0.044936467
2005-09-30,0.044941798
2005-10-01,0.044941798
2005-10-02,0.044941798
2005-10-03,0.04494239
2005-10-04,0.044943944
2005-10-05,0.044954292
2005-10-06,0.044967916
2005-10-07,0.044968396
2005-10-08,0.044968396
2005-10-09,0.044968396
2005-10-10,0.04497357
2005-10-11,0.04497139
2005-10-12,0.044970945
2005-10-13,0.04497143
2005-10-14,0.045145646
2005-10-15,0.045145407
2005-10-16,0.045145407
2005-10-17,0.04524809
2005-10-18,0.045267954
2005-10-19,0.045170285
2005-10-20,0.04526657
2005-10-21,0.045270793
2005-10-22,0.045221083
2005-10-23,0.045220748
2005-10-24,0.04525977
2005-10-25,0.045138013
2005-10-26,0.04487938
2005-10-27,0.045973375
2005-10-28,0.046159036
2005-10-29,0.046169084
2005-10-30,0.04616959
2005-10-31,0.046224244
2005-11-01,0.04631846
2005-11-02,0.046423484
2005-11-03,0.04645327
2005-11-04,0.046518356
2005-11-05,0.046518285
2005-11-06,0.046518285
2005-11-07,0.04650502
2005-11-08,0.046484683
2005-11-09,0.046351485
2005-11-10,0.046322905
2005-11-11,0.046331204
2005-11-12,0.046331204
2005-11-13,0.046331204
2005-11-14,0.04560228
2005-11-15,0.045588944
2005-11-16,0.045589626
2005-11-17,0.045538288
2005-11-18,0.0455384
2005-11-19,0.0455384
2005-11-20,0.0455384
2005-11-21,0.045565058
2005-11-22,0.045556977
2005-11-23,0.04563241
2005-11-24,0.04563241
2005-11-25,0.04563247
2005-11-26,0.045632888
2005-11-27,0.045632888
2005-11-28,0.04563667
2005-11-29,0.045628086
2005-11-30,0.045624398
2005-12-01,0.045637444
2005-12-02,0.04560013
2005-12-03,0.04560013
2005-12-04,0.04560013
2005-12-05,0.04559752
2005-12-06,0.04553535
2005-12-07,0.045522023
2005-12-08,0.04553396
2005-12-09,0.045534167
2005-12-10,0.045534167
2005-12-11,0.045534167
2005-12-12,0.045544684
2005-12-13,0.04553767
2005-12-14,0.045530763
2005-12-15,0.045590743
2005-12-16,0.04546913
2005-12-17,0.04546913
2005-12-18,0.04546913
2005-12-19,0.045467958
2005-12-20,0.04545416
2005-12-21,0.045488637
2005-12-22,0.04549923
2005-12-23,0.04550656
2005-12-24,0.04550656
2005-12-25,0.04550656
2005-12-26,0.04550656
2005-12-27,0.045506768
2005-12-28,0.045506
2005-12-29,0.045505207
2005-12-30,0.045504473
2005-12-31,0.045505743
2006-01-01,0.045505743
2006-01-02,0.045505743
2006-01-03,0.045505896
2006-01-04,0.04547423
2006-01-05,0.045475334
2006-01-06,0.04547907
2006-01-07,0.04547907
2006-01-08,0.04547925
2006-01-09,0.045499675
2006-01-10,0.04549553
2006-01-11,0.045498926
2006-01-12,0.0454982
2006-01-13,0.045498524
2006-01-14,0.045498382
2006-01-15,0.045498382
2006-01-16,0.04549846
2006-01-17,0.04581271
2006-01-18,0.045787144
2006-01-19,0.04590889
2006-01-20,0.045993946
2006-01-21,0.045993946
2006-01-22,0.045993946
2006-01-23,0.046160266
2006-01-24,0.04604619
2006-01-25,0.046124358
2006-01-26,0.04623275
2006-01-27,0.045980677
2006-01-28,0.045979008
2006-01-29,0.045979008
2006-01-30,0.046398535
2006-01-31,0.046285868
2006-02-01,0.046104454
2006-02-02,0.04546191
2006-02-03,0.045436278
2006-02-04,0.045436278
2006-02-05,0.045436278
2006-02-06,0.045532256
2006-02-07,0.045551624
2006-02-08,0.045675498
2006-02-09,0.04561583
2006-02-10,0.045605693
2006-02-11,0.045605693
2006-02-12,0.045605693
2006-02-13,0.045581795
2006-02-14,0.04561397
2006-02-15,0.04606298
2006-02-16,0.046201106
2006-02-17,0.045740437
2006-02-18,0.045740437
2006-02-19,0.045740437
2006-02-20,0.04574305
2006-02-21,0.046046782
2006-02-22,0.046212852
2006-02-23,0.04632438
2006-02-24,0.046300124
2006-02-25,0.046300124
2006-02-26,0.046300124
2006-02-27,0.046302885
2006-02-28,0.046416808
2006-03-01,0.046489336
2006-03-02,0.046532888
2006-03-03,0.046564095
2006-03-04,0.04661368
2006-03-05,0.04661734
2006-03-06,0.047576252
2006-03-07,0.047617555
2006-03-08,0.047656357
2006-03-09,0.047803447
2006-03-10,0.047819205
2006-03-11,0.047819205
2006-03-12,0.047819205
2006-03-13,0.04777924
2006-03-14,0.047785595
2006-03-15,0.04794621
2006-03-16,0.048009567
2006-03-17,0.048005324
2006-03-18,0.048005324
2006-03-19,0.048005324
2006-03-20,0.048005458
2006-03-21,0.04804339
2006-03-22,0.04800494
2006-03-23,0.047964256
2006-03-24,0.047963224
2006-03-25,0.047963224
2006-03-26,0.0479631
2006-03-27,0.047941197
2006-03-28,0.047909644
2006-03-29,0.047875006
2006-03-30,0.04799503
2006-03-31,0.04799433
2006-04-01,0.047994323
2006-04-02,0.047994323
2006-04-03,0.04799468
2006-04-04,0.04795616
2006-04-05,0.048036147
2006-04-06,0.04799326
2006-04-07,0.04799292
2006-04-08,0.04799292
2006-04-09,0.047992826
2006-04-10,0.048067838
2006-04-11,0.048076544
2006-04-12,0.04810428
2006-04-13,0.047798418
2006-04-14,0.047805194
2006-04-15,0.047805194
2006-04-16,0.047805194
2006-04-17,0.04778245
2006-04-18,0.047543436
2006-04-19,0.04735813
2006-04-20,0.047164317
2006-04-21,0.047239043
2006-04-22,0.047239043
2006-04-23,0.047239043
2006-04-24,0.047208093
2006-04-25,0.047592036
2006-04-26,0.04700593
2006-04-27,0.046958502
2006-04-28,0.047079578
2006-04-29,0.047079813
2006-04-30,0.047079813
2006-05-01,0.047103517
2006-05-02,0.047423005
2006-05-03,0.047077775
2006-05-04,0.04705442
2006-05-05,0.047078572
2006-05-06,0.047079027
2006-05-07,0.047079027
2006-05-08,0.04703226
2006-05-09,0.046991177
2006-05-10,0.046796516
2006-05-11,0.04668933
2006-05-12,0.04669956
2006-05-13,0.046704203
2006-05-14,0.046704203
2006-05-15,0.046608508
2006-05-16,0.046462744
2006-05-17,0.046352588
2006-05-18,0.04612713
2006-05-19,0.04612423
2006-05-20,0.046119276
2006-05-21,0.046119276
2006-05-22,0.046131823
2006-05-23,0.046162914
2006-05-24,0.04613328
2006-05-25,0.04613074
2006-05-26,0.04612489
2006-05-27,0.04612489
2006-05-28,0.04612489
2006-05-29,0.04612489
2006-05-30,0.046116102
2006-05-31,0.04612435
2006-06-01,0.04611652
2006-06-02,0.04611564
2006-06-03,0.04611564
2006-06-04,0.04611564
2006-06-05,0.046115533
2006-06-06,0.0461172
2006-06-07,0.04623758
2006-06-08,0.046226494
2006-06-09,0.046227414
2006-06-10,0.046227884
2006-06-11,0.046227884
2006-06-12,0.0462314
2006-06-13,0.04614487
2006-06-14,0.0461437
2006-06-15,0.0461346
2006-06-16,0.046147496
2006-06-17,0.046147496
2006-06-18,0.046147496
2006-06-19,0.046121273
2006-06-20,0.04613881
2006-06-21,0.04614376
2006-06-22,0.046241663
2006-06-23,0.046240438
2006-06-24,0.046240516
2006-06-25,0.046240516
2006-06-26,0.04624467
2006-06-27,0.04625322
2006-06-28,0.046192728
2006-06-29,0.04617385
2006-06-30,0.046178643
2006-07-01,0.046178643
2006-07-02,0.046178643
2006-07-03,0.046178643
2006-07-04,0.046178643
2006-07-05,0.046178643
2006-07-06,0.0462038
2006-07-07,0.046205312
2006-07-08,0.046205312
2006-07-09,0.046205312
2006-07-10,0.046201706
2006-07-11,0.046238482
2006-07-12,0.046259582
2006-07-13,0.046364266
2006-07-14,0.046322905
2006-07-15,0.046322905
2006-07-16,0.046322905
2006-07-17,0.046303395
2006-07-18,0.046497762
2006-07-19,0.046578452
2006-07-20,0.046816338
2006-07-21,0.046870213
2006-07-22,0.046867818
2006-07-23,0.046867818
2006-07-24,0.04702419
2006-07-25,0.047283843
2006-07-26,0.04754577
2006-07-27,0.04764164
2006-07-28,0.047794174
2006-07-29,0.047793202
2006-07-30,0.047793202
2006-07-31,0.047687583
2006-08-01,0.04826283
2006-08-02,0.048228335
2006-08-03,0.048216958
2006-08-04,0.048434883
2006-08-05,0.048434883
2006-08-06,0.048434146
2006-08-07,0.048410464
2006-08-08,0.048614636
2006-08-09,0.04859862
2006-08-10,0.048609875
2006-08-11,0.04862639
2006-08-12,0.048626937
2006-08-13,0.048630632
2006-08-14,0.04863237
2006-08-15,0.048743885
2006-08-16,0.048708994
2006-08-17,0.048709467
2006-08-18,0.04870873
2006-08-19,0.04870873
2006-08-20,0.04870873
2006-08-21,0.048715316
2006-08-22,0.048693668
2006-08-23,0.04867238
2006-08-24,0.048734326
2006-08-25,0.048746992
2006-08-26,0.048746992
2006-08-27,0.048746992
2006-08-28,0.048745357
2006-08-29,0.048745636
2006-08-30,0.048745785
2006-08-31,0.048722085
2006-09-01,0.048727624
2006-09-02,0.048727624
2006-09-03,0.048727624
2006-09-04,0.048727624
2006-09-05,0.048747625
2006-09-06,0.048751466
2006-09-07,0.04870935
2006-09-08,0.048709657
2006-09-09,0.048709366
2006-09-10,0.048709366
2006-09-11,0.048695907
2006-09-12,0.04867955
2006-09-13,0.04883918
2006-09-14,0.04883323
2006-09-15,0.04883258
2006-09-16,0.04883258
2006-09-17,0.04883258
2006-09-18,0.048830003
2006-09-19,0.048731506
2006-09-20,0.0487396
2006-09-21,0.04882696
2006-09-22,0.048826948
2006-09-23,0.048826948
2006-09-24,0.048826948
2006-09-25,0.048827007
2006-09-26,0.048825067
2006-09-27,0.048825182
2006-09-28,0.048825063
2006-09-29,0.048826646
2006-09-30,0.048826646
2006-10-01,0.048826646
2006-10-02,0.04882621
2006-10-03,0.04883768
2006-10-04,0.048830714
2006-10-05,0.04882196
2006-10-06,0.04881588
2006-10-07,0.04881588
2006-10-08,0.04881588
2006-10-09,0.04881588
2006-10-10,0.04881037
2006-10-11,0.048805375
2006-10-12,0.048868578
2006-10-13,0.048868418
2006-10-14,0.04886849
2006-10-15,0.04886849
2006-10-16,0.048904765
2006-10-17,0.048974887
2006-10-18,0.048698142
2006-10-19,0.048674922
2006-10-20,0.048597757
2006-10-21,0.048557296
2006-10-22,0.048540056
2006-10-23,0.048592668
2006-10-24,0.048164602
2006-10-25,0.048082516
2006-10-26,0.048037555
2006-10-27,0.04810274
2006-10-28,0.04810274
2006-10-29,0.04810274
2006-10-30,0.04812263
2006-10-31,0.0482313
2006-11-01,0.04830081
2006-11-02,0.048376553
2006-11-03,0.048546027
2006-11-04,0.048546333
2006-11-05,0.048546333
2006-11-06,0.04837321
2006-11-07,0.048340045
2006-11-08,0.048311777
2006-11-09,0.048375398
2006-11-10,0.04837018
2006-11-11,0.04837018
2006-11-12,0.04837018
2006-11-13,0.048322774
2006-11-14,0.04803581
2006-11-15,0.04805381
2006-11-16,0.048107762
2006-11-17,0.04811065
2006-11-18,0.04811094
2006-11-19,0.04811094
2006-11-20,0.048091184
2006-11-21,0.04816838
2006-11-22,0.048173014
2006-11-23,0.048173014
2006-11-24,0.048173014
2006-11-25,0.048173014
2006-11-26,0.048173014
2006-11-27,0.048169874
2006-11-28,0.048182845
2006-11-29,0.048188366
2006-11-30,0.048209872
2006-12-01,0.048217326
2006-12-02,0.048221093
2006-12-03,0.048221093
2006-12-04,0.048217352
2006-12-05,0.048194837
2006-12-06,0.048201907
2006-12-07,0.048187494
2006-12-08,0.048187237
2006-12-09,0.048187237
2006-12-10,0.048187237
2006-12-11,0.048187844
2006-12-12,0.04816565
2006-12-13,0.04816511
2006-12-14,0.04815586
2006-12-15,0.048147112
2006-12-16,0.04814742
2006-12-17,0.04814742
2006-12-18,0.04818416
2006-12-19,0.048184246
2006-12-20,0.048185315
2006-12-21,0.048114385
2006-12-22,0.048123
2006-12-23,0.048123
2006-12-24,0.048123
2006-12-25,0.048123
2006-12-26,0.048123
2006-12-27,0.048123486
2006-12-28,0.048123498
2006-12-29,0.048119176
2006-12-30,0.048119176
2006-12-31,0.048119176
2007-01-01,0.048119176
2007-01-02,0.048119176
2007-01-03,0.04811295
2007-01-04,0.04805756
2007-01-05,0.04805635
2007-01-06,0.04805638
2007-01-07,0.04805638
2007-01-08,0.048051134
2007-01-09,0.048047233
2007-01-10,0.04805807
2007-01-11,0.04805754
2007-01-12,0.048057605
2007-01-13,0.048057605
2007-01-14,0.048057605
2007-01-15,0.048057396
2007-01-16,0.04812631
2007-01-17,0.048106983
2007-01-18,0.049522664
2007-01-19,0.049442627
2007-01-20,0.049442913
2007-01-21,0.049442913
2007-01-22,0.049377088
2007-01-23,0.049290124
2007-01-24,0.049097527
2007-01-25,0.048202205
2007-01-26,0.048169
2007-01-27,0.048169
2007-01-28,0.048168067
2007-01-29,0.048184767
2007-01-30,0.04806241
2007-01-31,0.047948845
2007-02-01,0.04691904
2007-02-02,0.046625406
2007-02-03,0.046625406
2007-02-04,0.046625406
2007-02-05,0.046602357
2007-02-06,0.046087272
2007-02-07,0.046525244
2007-02-08,0.046477422
2007-02-09,0.046484362
2007-02-10,0.04648839
2007-02-11,0.046485234
2007-02-12,0.046452656
2007-02-13,0.04642231
2007-02-14,0.04632112
2007-02-15,0.046211205
2007-02-16,0.046158433
2007-02-17,0.04615816
2007-02-18,0.04615816
2007-02-19,0.046156913
2007-02-20,0.046232585
2007-02-21,0.046321854
2007-02-22,0.04608697
2007-02-23,0.046087973
2007-02-24,0.046087973
2007-02-25,0.046087973
2007-02-26,0.046111025
2007-02-27,0.04624631
2007-02-28,0.04617055
2007-03-01,0.045913316
2007-03-02,0.045893304
2007-03-03,0.045893304
2007-03-04,0.045893304
2007-03-05,0.04587869
2007-03-06,0.045866292
2007-03-07,0.04587591
2007-03-08,0.045815114
2007-03-09,0.045836534
2007-03-10,0.045836534
2007-03-11,0.045836534
2007-03-12,0.045781735
2007-03-13,0.045824267
2007-03-14,0.04748932
2007-03-15,0.047518063
2007-03-16,0.04752898
2007-03-17,0.047529455
2007-03-18,0.047529455
2007-03-19,0.047530755
2007-03-20,0.04753804
2007-03-21,0.04750048
2007-03-22,0.047517307
2007-03-23,0.04751773
2007-03-24,0.04751773
2007-03-25,0.04751773
2007-03-26,0.047584392
2007-03-27,0.047597997
2007-03-28,0.04759278
2007-03-29,0.04759261
2007-03-30,0.047582734
2007-03-31,0.047582734
2007-04-01,0.047582734
2007-04-02,0.047575522
2007-04-03,0.047568686
2007-04-04,0.04779714
2007-04-05,0.047775675
2007-04-06,0.047775548
2007-04-07,0.047775548
2007-04-08,0.047775548
2007-04-09,0.047708802
2007-04-10,0.047732387
2007-04-11,0.0477953
2007-04-12,0.047780298
2007-04-13,0.046400372
2007-04-14,0.046400372
2007-04-15,0.04640026
2007-04-16,0.046338934
2007-04-17,0.046182193
2007-04-18,0.046123683
2007-04-19,0.0460996
2007-04-20,0.046302665
2007-04-21,0.046302903
2007-04-22,0.046302903
2007-04-23,0.046308886
2007-04-24,0.046847716
2007-04-25,0.04653598
2007-04-26,0.046899807
2007-04-27,0.046917126
2007-04-28,0.046876542
2007-04-29,0.046876542
2007-04-30,0.046909917
2007-05-01,0.046825208
2007-05-02,0.046602845
2007-05-03,0.04628465
2007-05-04,0.04609722
2007-05-05,0.04609722
2007-05-06,0.04609722
2007-05-07,0.0460605
2007-05-08,0.045971964
2007-05-09,0.046460867
2007-05-10,0.046408214
2007-05-11,0.04664249
2007-05-12,0.04710635
2007-05-13,0.04710635
2007-05-14,0.04710717
2007-05-15,0.04693096
2007-05-16,0.046971124
2007-05-17,0.04684332
2007-05-18,0.046841107
2007-05-19,0.04684121
2007-05-20,0.04684121
2007-05-21,0.046833612
2007-05-22,0.04677854
2007-05-23,0.046542715
2007-05-24,0.04650755
2007-05-25,0.04651324
2007-05-26,0.04651324
2007-05-27,0.04651324
2007-05-28,0.0465134
2007-05-29,0.046515923
2007-05-30,0.046495434
2007-05-31,0.04631426
2007-06-01,0.04631426
2007-06-02,0.04631426
2007-06-03,0.04631426
2007-06-04,0.046321057
2007-06-05,0.046312008
2007-06-06,0.04629844
2007-06-07,0.046310272
2007-06-08,0.04630735
2007-06-09,0.04630735
2007-06-10,0.04630735
2007-06-11,0.046300936
2007-06-12,0.046300903
2007-06-13,0.046327565
2007-06-14,0.04633174
2007-06-15,0.046332438
2007-06-16,0.046332438
2007-06-17,0.046332438
2007-06-18,0.046332113
2007-06-19,0.046233706
2007-06-20,0.046295173
2007-06-21,0.04642381
2007-06-22,0.046423793
2007-06-23,0.046423793
2007-06-24,0.046423435
2007-06-25,0.046394143
2007-06-26,0.046517454
2007-06-27,0.04648573
2007-06-28,0.04646602
2007-06-29,0.046473447
2007-06-30,0.046473045
2007-07-01,0.046473045
2007-07-02,0.046474017
2007-07-03,0.046477728
2007-07-04,0.046477728
2007-07-05,0.046477545
2007-07-06,0.04648868
2007-07-07,0.046486437
2007-07-08,0.046486437
2007-07-09,0.04647266
2007-07-10,0.046455733
2007-07-11,0.04647141
2007-07-12,0.04648378
2007-07-13,0.04638436
2007-07-14,0.04638436
2007-07-15,0.046384472
2007-07-16,0.046394657
2007-07-17,0.0463974
2007-07-18,0.04640566
2007-07-19,0.046149183
2007-07-20,0.04615807
2007-07-21,0.04615807
2007-07-22,0.04615807
2007-07-23,0.046242848
2007-07-24,0.04691215
2007-07-25,0.047545608
2007-07-26,0.048000805
2007-07-27,0.048276708
2007-07-28,0.048277203
2007-07-29,0.048277203
2007-07-30,0.048468065
2007-07-31,0.049297526
2007-08-01,0.04953758
2007-08-02,0.049452584
2007-08-03,0.049470704
2007-08-04,0.0495077
2007-08-05,0.0495077
2007-08-06,0.04948679
2007-08-07,0.04979261
2007-08-08,0.049903963
2007-08-09,0.049986206
2007-08-10,0.050003223
2007-08-11,0.0499953
2007-08-12,0.04999445
2007-08-13,0.05000498
2007-08-14,0.050123032
2007-08-15,0.05011174
2007-08-16,0.05011116
2007-08-17,0.05012058
2007-08-18,0.05012058
2007-08-19,0.05012058
2007-08-20,0.05016569
2007-08-21,0.050121784
2007-08-22,0.05031787
2007-08-23,0.05024316
2007-08-24,0.050243016
2007-08-25,0.050243024
2007-08-26,0.050243024
2007-08-27,0.050242826
2007-08-28,0.05024254
2007-08-29,0.05024023
2007-08-30,0.050261594
2007-08-31,0.050259117
2007-09-01,0.050257903
2007-09-02,0.050257903
2007-09-03,0.050257903
2007-09-04,0.05027781
2007-09-05,0.050279174
2007-09-06,0.05042471
2007-09-07,0.050426148
2007-09-08,0.050425198
2007-09-09,0.050425198
2007-09-10,0.05042747
2007-09-11,0.05042794
2007-09-12,0.05042507
2007-09-13,0.050424833
2007-09-14,0.050424997
2007-09-15,0.05042431
2007-09-16,0.050424095
2007-09-17,0.0504336
2007-09-18,0.05045266
2007-09-19,0.050461814
2007-09-20,0.050393406
2007-09-21,0.050393376
2007-09-22,0.050393865
2007-09-23,0.050393865
2007-09-24,0.05039161
2007-09-25,0.050394125
2007-09-26,0.050405517
2007-09-27,0.050387897
2007-09-28,0.05038717
2007-09-29,0.05038923
2007-09-30,0.05038923
2007-10-01,0.050348703
2007-10-02,0.050366323
2007-10-03,0.050373144
2007-10-04,0.050350454
2007-10-05,0.050361145
2007-10-06,0.050361145
2007-10-07,0.050361145
2007-10-08,0.05037214
2007-10-09,0.05032905
2007-10-10,0.050362047
2007-10-11,0.050388087
2007-10-12,0.05030485
2007-10-13,0.050303247
2007-10-14,0.050303247
2007-10-15,0.05032309
2007-10-16,0.050484754
2007-10-17,0.050403792
2007-10-18,0.05067725
2007-10-19,0.050717544
2007-10-20,0.050748646
2007-10-21,0.050758105
2007-10-22,0.050906543
2007-10-23,0.050382536
2007-10-24,0.05018681
2007-10-25,0.049994826
2007-10-26,0.050036985
2007-10-27,0.050036985
2007-10-28,0.050036985
2007-10-29,0.05003741
2007-10-30,0.050217975
2007-10-31,0.05023836
2007-11-01,0.049991705
2007-11-02,0.050069585
2007-11-03,0.050070163
2007-11-04,0.050070163
2007-11-05,0.050050586
2007-11-06,0.04967578
2007-11-07,0.049524087
2007-11-08,0.04941955
2007-11-09,0.04943306
2007-11-10,0.049495146
2007-11-11,0.04949481
2007-11-12,0.049467795
2007-11-13,0.04936435
2007-11-14,0.049398705
2007-11-15,0.049260702
2007-11-16,0.049259283
2007-11-17,0.049258795
2007-11-18,0.049258795
2007-11-19,0.04926029
2007-11-20,0.049195647
2007-11-21,0.049208384
2007-11-22,0.049208384
2007-11-23,0.049208384
2007-11-24,0.049208384
2007-11-25,0.049208384
2007-11-26,0.04920602
2007-11-27,0.0492252
2007-11-28,0.049230892
2007-11-29,0.04921956
2007-11-30,0.049214996
2007-12-01,0.049214996
2007-12-02,0.049214996
2007-12-03,0.0492185
2007-12-04,0.04921397
2007-12-05,0.049221367
2007-12-06,0.04920515
2007-12-07,0.049193487
2007-12-08,0.04919724
2007-12-09,0.04919724
2007-12-10,0.049197834
2007-12-11,0.04916091
2007-12-12,0.04915804
2007-12-13,0.04913006
2007-12-14,0.049130164
2007-12-15,0.049130164
2007-12-16,0.049130164
2007-12-17,0.04912937
2007-12-18,0.04910867
2007-12-19,0.049203213
2007-12-20,0.04906256
2007-12-21,0.049074132
2007-12-22,0.04907461
2007-12-23,0.04907461
2007-12-24,0.04907461
2007-12-25,0.04907461
2007-12-26,0.049073894
2007-12-27,0.049074158
2007-12-28,0.04907784
2007-12-29,0.04907784
2007-12-30,0.04907784
2007-12-31,0.04907471
2008-01-01,0.04907471
2008-01-02,0.04907452
2008-01-03,0.049020477
2008-01-04,0.0490223
2008-01-05,0.0490223
2008-01-06,0.0490223
2008-01-07,0.04901926
2008-01-08,0.04902023
2008-01-09,0.04898894
2008-01-10,0.04898998
2008-01-11,0.048993148
2008-01-12,0.048993148
2008-01-13,0.048993148
2008-01-14,0.049005434
2008-01-15,0.049129374
2008-01-16,0.04911415
2008-01-17,0.049356375
2008-01-18,0.049360752
2008-01-19,0.049360752
2008-01-20,0.049360752
2008-01-21,0.049364705
2008-01-22,0.04927879
2008-01-23,0.04925318
2008-01-24,0.04907685
2008-01-25,0.049058612
2008-01-26,0.049024783
2008-01-27,0.049024783
2008-01-28,0.048903394
2008-01-29,0.048708245
2008-01-30,0.048380665
2008-01-31,0.048494637
2008-02-01,0.048776478
2008-02-02,0.048776478
2008-02-03,0.048776478
2008-02-04,0.048749637
2008-02-05,0.048896283
2008-02-06,0.048983328
2008-02-07,0.04906661
2008-02-08,0.049055353
2008-02-09,0.04903933
2008-02-10,0.04903933
2008-02-11,0.04901574
2008-02-12,0.0489997
2008-02-13,0.048899874
2008-02-14,0.048798125
2008-02-15,0.0488047
2008-02-16,0.0488047
2008-02-17,0.0488047
2008-02-18,0.048802875
2008-02-19,0.049005337
2008-02-20,0.048876718
2008-02-21,0.048888557
2008-02-22,0.04887063
2008-02-23,0.04887064
2008-02-24,0.048871133
2008-02-25,0.04881575
2008-02-26,0.048932984
2008-02-27,0.04894478
2008-02-28,0.049274474
2008-02-29,0.04899464
2008-03-01,0.048992112
2008-03-02,0.048992112
2008-03-03,0.048973355
2008-03-04,0.04897066
2008-03-05,0.04889028
2008-03-06,0.048879392
2008-03-07,0.0489031
2008-03-08,0.048905406
2008-03-09,0.048905406
2008-03-10,0.048891544
2008-03-11,0.04894817
2008-03-12,0.048932582
2008-03-13,0.04894071
2008-03-14,0.048937876
2008-03-15,0.048937876
2008-03-16,0.048937876
2008-03-17,0.04895123
2008-03-18,0.048905116
2008-03-19,0.048926268
2008-03-20,0.048920795
2008-03-21,0.048921634
2008-03-22,0.048921663
2008-03-23,0.048921663
2008-03-24,0.04898435
2008-03-25,0.048934717
2008-03-26,0.048944954
2008-03-27,0.04891627
2008-03-28,0.04891899
2008-03-29,0.04891912
2008-03-30,0.04891912
2008-03-31,0.048927557
2008-04-01,0.04892946
2008-04-02,0.049146798
2008-04-03,0.049129214
2008-04-04,0.049147204
2008-04-05,0.049147204
2008-04-06,0.049147204
2008-04-07,0.04917862
2008-04-08,0.049179405
2008-04-09,0.04919086
2008-04-10,0.049229965
2008-04-11,0.048704926
2008-04-12,0.048704926
2008-04-13,0.048704926
2008-04-14,0.048702057
2008-04-15,0.048747133
2008-04-16,0.04837547
2008-04-17,0.04835438
2008-04-18,0.048321582
2008-04-19,0.048321582
2008-04-20,0.048321582
2008-04-21,0.048304453
2008-04-22,0.048279315
2008-04-23,0.048576638
2008-04-24,0.048688594
2008-04-25,0.048698973
2008-04-26,0.048734482
2008-04-27,0.048734482
2008-04-28,0.048694897
2008-04-29,0.04928818
2008-04-30,0.04907645
2008-05-01,0.049206782
2008-05-02,0.0493537
2008-05-03,0.049355365
2008-05-04,0.049356446
2008-05-05,0.049424257
2008-05-06,0.04943373
2008-05-07,0.049493875
2008-05-08,0.049380373
2008-05-09,0.04927285
2008-05-10,0.049274463
2008-05-11,0.049274463
2008-05-12,0.04931584
2008-05-13,0.04919154
2008-05-14,0.049073443
2008-05-15,0.048934296
2008-05-16,0.048895374
2008-05-17,0.048895698
2008-05-18,0.048895698
2008-05-19,0.048926447
2008-05-20,0.048867837
2008-05-21,0.04887387
2008-05-22,0.048793294
2008-05-23,0.04879395
2008-05-24,0.04879395
2008-05-25,0.04879395
2008-05-26,0.04879395
2008-05-27,0.048797626
2008-05-28,0.048759613
2008-05-29,0.048717394
2008-05-30,0.048693247
2008-05-31,0.048693247
2008-06-01,0.048693247
2008-06-02,0.048692916
2008-06-03,0.048685964
2008-06-04,0.048644394
2008-06-05,0.048647054
2008-06-06,0.04862542
2008-06-07,0.04862542
2008-06-08,0.04862542
2008-06-09,0.048622075
2008-06-10,0.048623145
2008-06-11,0.048625547
2008-06-12,0.048626393
2008-06-13,0.04862667
2008-06-14,0.048629258
2008-06-15,0.048629258
2008-06-16,0.048632603
2008-06-17,0.048529845
2008-06-18,0.048542652
2008-06-19,0.04855735
2008-06-20,0.04855735
2008-06-21,0.04855735
2008-06-22,0.04855735
2008-06-23,0.048533257
2008-06-24,0.048558086
2008-06-25,0.048561513
2008-06-26,0.048535645
2008-06-27,0.04853685
2008-06-28,0.04853685
2008-06-29,0.04853685
2008-06-30,0.048684936
2008-07-01,0.048687626
2008-07-02,0.048689906
2008-07-03,0.04869016
2008-07-04,0.04869016
2008-07-05,0.04869016
2008-07-06,0.04869016
2008-07-07,0.048691973
2008-07-08,0.04872953
2008-07-09,0.048731674
2008-07-10,0.048743583
2008-07-11,0.048904784
2008-07-12,0.048904784
2008-07-13,0.048904784
2008-07-14,0.04893641
2008-07-15,0.04884816
2008-07-16,0.048930515
2008-07-17,0.049445834
2008-07-18,0.049427863
2008-07-19,0.049427863
2008-07-20,0.049427863
2008-07-21,0.049353536
2008-07-22,0.04946205
2008-07-23,0.049836427
2008-07-24,0.050255142
2008-07-25,0.05025632
2008-07-26,0.05025632
2008-07-27,0.05025632
2008-07-28,0.05032525
2008-07-29,0.05090473
2008-07-30,0.05141624
2008-07-31,0.051725753
2008-08-01,0.051846907
2008-08-02,0.051807225
2008-08-03,0.051807225
2008-08-04,0.052016936
2008-08-05,0.05205911
2008-08-06,0.052126072
2008-08-07,0.052153956
2008-08-08,0.052199822
2008-08-09,0.052199822
2008-08-10,0.052199822
2008-08-11,0.05217404
2008-08-12,0.05206458
2008-08-13,0.052043296
2008-08-14,0.052081864
2008-08-15,0.052086256
2008-08-16,0.052086256
2008-08-17,0.05208598
2008-08-18,0.052699532
2008-08-19,0.052776884
2008-08-20,0.052784618
2008-08-21,0.052781437
2008-08-22,0.052773695
2008-08-23,0.052773695
2008-08-24,0.052773695
2008-08-25,0.0527738
2008-08-26,0.05290065
2008-08-27,0.052833483
2008-08-28,0.052864823
2008-08-29,0.052870497
2008-08-30,0.052870497
2008-08-31,0.052870028
2008-09-01,0.052870028
2008-09-02,0.05287389
2008-09-03,0.05286076
2008-09-04,0.0531431
2008-09-05,0.0531439
2008-09-06,0.0531439
2008-09-07,0.053144105
2008-09-08,0.05314442
2008-09-09,0.053145263
2008-09-10,0.05314484
2008-09-11,0.053140227
2008-09-12,0.053140152
2008-09-13,0.053140152
2008-09-14,0.053140152
2008-09-15,0.05314255
2008-09-16,0.053092804
2008-09-17,0.05310671
2008-09-18,0.05304495
2008-09-19,0.05306124
2008-09-20,0.05306124
2008-09-21,0.05306124
2008-09-22,0.053053543
2008-09-23,0.053054836
2008-09-24,0.053069696
2008-09-25,0.05307494
2008-09-26,0.053072304
2008-09-27,0.053072304
2008-09-28,0.053072304
2008-09-29,0.05303241
2008-09-30,0.053048786
2008-10-01,0.05308712
2008-10-02,0.05307788
2008-10-03,0.05307617
2008-10-04,0.05307617
2008-10-05,0.05307617
2008-10-06,0.05307617
2008-10-07,0.05297742
2008-10-08,0.05299072
2008-10-09,0.052999742
2008-10-10,0.05289929
2008-10-11,0.052899253
2008-10-12,0.052899253
2008-10-13,0.05289894
2008-10-14,0.052988175
2008-10-15,0.052913804
2008-10-16,0.05295301
2008-10-17,0.052961554
2008-10-18,0.052950434
2008-10-19,0.052950434
2008-10-20,0.053024396
2008-10-21,0.052838136
2008-10-22,0.052802153
2008-10-23,0.053345863
2008-10-24,0.05334237
2008-10-25,0.053322863
2008-10-26,0.053322863
2008-10-27,0.053327046
2008-10-28,0.05296015
2008-10-29,0.0528644
2008-10-30,0.053570297
2008-10-31,0.053822197
2008-11-01,0.053823043
2008-11-02,0.053823054
2008-11-03,0.05442905
2008-11-04,0.05453955
2008-11-05,0.05480633
2008-11-06,0.055085532
2008-11-07,0.05527826
2008-11-08,0.055303104
2008-11-09,0.055303104
2008-11-10,0.055250797
2008-11-11,0.055239525
2008-11-12,0.05511084
2008-11-13,0.055018473
2008-11-14,0.055012513
2008-11-15,0.05501303
2008-11-16,0.05501303
2008-11-17,0.05487495
2008-11-18,0.054782312
2008-11-19,0.05476013
2008-11-20,0.054754775
2008-11-21,0.05475179
2008-11-22,0.054752223
2008-11-23,0.054752223
2008-11-24,0.05475968
2008-11-25,0.054785807
2008-11-26,0.054763157
2008-11-27,0.054766692
2008-11-28,0.054766905
2008-11-29,0.054766905
2008-11-30,0.054766893
2008-12-01,0.054764234
2008-12-02,0.054802172
2008-12-03,0.05481023
2008-12-04,0.054823674
2008-12-05,0.05483153
2008-12-06,0.05483153
2008-12-07,0.05483153
2008-12-08,0.054828595
2008-12-09,0.054812804
2008-12-10,0.054814015
2008-12-11,0.054799408
2008-12-12,0.05479904
2008-12-13,0.05479904
2008-12-14,0.05479904
2008-12-15,0.054802112
2008-12-16,0.0548067
2008-12-17,0.054802243
2008-12-18,0.05478844
2008-12-19,0.05478814
2008-12-20,0.05478814
2008-12-21,0.05478814
2008-12-22,0.054788586
2008-12-23,0.05479244
2008-12-24,0.05479239
2008-12-25,0.05479239
2008-12-26,0.05479239
2008-12-27,0.05479239
2008-12-28,0.05479239
2008-12-29,0.05478473
2008-12-30,0.054772556
2008-12-31,0.054772556
2009-01-01,0.054772556
2009-01-02,0.0547727
2009-01-03,0.0547727
2009-01-04,0.0547727
2009-01-05,0.0547113
2009-01-06,0.054708824
2009-01-07,0.05469743
2009-01-08,0.054698065
2009-01-09,0.05470626
2009-01-10,0.05470626
2009-01-11,0.05470626
2009-01-12,0.054706357
2009-01-13,0.054703206
2009-01-14,0.054703593
2009-01-15,0.05456036
2009-01-16,0.054455888
2009-01-17,0.054455888
2009-01-18,0.05445631
2009-01-19,0.054451033
2009-01-20,0.054626472
2009-01-21,0.05464568
2009-01-22,0.0545719
2009-01-23,0.054812193
2009-01-24,0.05481229
2009-01-25,0.05481229
2009-01-26,0.054634254
2009-01-27,0.05428435
2009-01-28,0.053410448
2009-01-29,0.052761815
2009-01-30,0.050764903
2009-01-31,0.050764903
2009-02-01,0.050764903
2009-02-02,0.05035319
2009-02-03,0.049915858
2009-02-04,0.049030207
2009-02-05,0.048974544
2009-02-06,0.04896896
2009-02-07,0.04896896
2009-02-08,0.04896896
2009-02-09,0.048941035
2009-02-10,0.049046684
2009-02-11,0.048956983
2009-02-12,0.048360646
2009-02-13,0.048339732
2009-02-14,0.04833973
2009-02-15,0.04833973
2009-02-16,0.048340697
2009-02-17,0.04848645
2009-02-18,0.04836845
2009-02-19,0.048159733
2009-02-20,0.047777217
2009-02-21,0.047785614
2009-02-22,0.047785614
2009-02-23,0.04770242
2009-02-24,0.04769844
2009-02-25,0.047670007
2009-02-26,0.047522273
2009-02-27,0.04742663
2009-02-28,0.047424067
2009-03-01,0.047424067
2009-03-02,0.047278628
2009-03-03,0.047287725
2009-03-04,0.047294665
2009-03-05,0.04729904
2009-03-06,0.047166865
2009-03-07,0.047166865
2009-03-08,0.04716681
2009-03-09,0.047177713
2009-03-10,0.047193237
2009-03-11,0.047132324
2009-03-12,0.04714645
2009-03-13,0.047177795
2009-03-14,0.047177795
2009-03-15,0.047177795
2009-03-16,0.04718656
2009-03-17,0.04716424
2009-03-18,0.047168933
2009-03-19,0.04711416
2009-03-20,0.047112133
2009-03-21,0.047112133
2009-03-22,0.047112133
2009-03-23,0.04718873
2009-03-24,0.047170654
2009-03-25,0.047170445
2009-03-26,0.04731266
2009-03-27,0.04729982
2009-03-28,0.04729982
2009-03-29,0.04729982
2009-03-30,0.046748776
2009-03-31,0.046746783
2009-04-01,0.046746273
2009-04-02,0.04686753
2009-04-03,0.046870425
2009-04-04,0.046870425
2009-04-05,0.046870425
2009-04-06,0.04686984
2009-04-07,0.046782583
2009-04-08,0.046765473
2009-04-09,0.046763748
2009-04-10,0.046763748
2009-04-11,0.046763748
2009-04-12,0.046763748
2009-04-13,0.046759665
2009-04-14,0.04677622
2009-04-15,0.046629302
2009-04-16,0.046557978
2009-04-17,0.046325363
2009-04-18,0.046325363
2009-04-19,0.04632748
2009-04-20,0.04585539
2009-04-21,0.04579631
2009-04-22,0.045776844
2009-04-23,0.04517649
2009-04-24,0.045079052
2009-04-25,0.045079052
2009-04-26,0.045077402
2009-04-27,0.044941496
2009-04-28,0.043902654
2009-04-29,0.043201827
2009-04-30,0.04241407
2009-05-01,0.041965432
2009-05-02,0.041965824
2009-05-03,0.041965824
2009-05-04,0.041917313
2009-05-05,0.041758057
2009-05-06,0.041479893
2009-05-07,0.041251995
2009-05-08,0.041213393
2009-05-09,0.041213535
2009-05-10,0.041213535
2009-05-11,0.041087758
2009-05-12,0.041078743
2009-05-13,0.04095126
2009-05-14,0.040699977
2009-05-15,0.04066385
2009-05-16,0.040687747
2009-05-17,0.040687747
2009-05-18,0.04075969
2009-05-19,0.040798735
2009-05-20,0.04079703
2009-05-21,0.04068568
2009-05-22,0.040661685
2009-05-23,0.040661685
2009-05-24,0.040661685
2009-05-25,0.040662
2009-05-26,0.040663544
2009-05-27,0.040618867
2009-05-28,0.04062196
2009-05-29,0.04083343
2009-05-30,0.04083343
2009-05-31,0.04083343
2009-06-01,0.04083413
2009-06-02,0.040835276
2009-06-03,0.04084144
2009-06-04,0.040829137
2009-06-05,0.04082
2009-06-06,0.04082
2009-06-07,0.04082
2009-06-08,0.040818874
2009-06-09,0.040813703
2009-06-10,0.04081379
2009-06-11,0.040815175
2009-06-12,0.04081533
2009-06-13,0.04081533
2009-06-14,0.04081533
2009-06-15,0.040818308
2009-06-16,0.040714398
2009-06-17,0.040748797
2009-06-18,0.0407505
2009-06-19,0.04075061
2009-06-20,0.04075061
2009-06-21,0.04075061
2009-06-22,0.0407281
2009-06-23,0.04087237
2009-06-24,0.040775917
2009-06-25,0.040791143
2009-06-26,0.04079036
2009-06-27,0.04079036
2009-06-28,0.04079036
2009-06-29,0.04092744
2009-06-30,0.040927507
2009-07-01,0.040955428
2009-07-02,0.04095678
2009-07-03,0.04095678
2009-07-04,0.04095678
2009-07-05,0.04095676
2009-07-06,0.04096644
2009-07-07,0.040967654
2009-07-08,0.04099101
2009-07-09,0.041000847
2009-07-10,0.040865324
2009-07-11,0.040865324
2009-07-12,0.040865324
2009-07-13,0.04087105
2009-07-14,0.040927008
2009-07-15,0.04099803
2009-07-16,0.041176084
2009-07-17,0.041094802
2009-07-18,0.041094802
2009-07-19,0.041094802
2009-07-20,0.04108584
2009-07-21,0.041517757
2009-07-22,0.041572224
2009-07-23,0.0416544
2009-07-24,0.04145542
2009-07-25,0.04144937
2009-07-26,0.041448597
2009-07-27,0.041484937
2009-07-28,0.04150855
2009-07-29,0.041526973
2009-07-30,0.041306015
2009-07-31,0.041298095
2009-08-01,0.04121408
2009-08-02,0.04121408
2009-08-03,0.040697794
2009-08-04,0.040536284
2009-08-05,0.040298637
2009-08-06,0.040311858
2009-08-07,0.040238917
2009-08-08,0.040241055
2009-08-09,0.040241055
2009-08-10,0.040207483
2009-08-11,0.040246334
2009-08-12,0.040073264
2009-08-13,0.040180087
2009-08-14,0.04015618
2009-08-15,0.040156364
2009-08-16,0.040156364
2009-08-17,0.040219355
2009-08-18,0.04035559
2009-08-19,0.04034806
2009-08-20,0.03979752
2009-08-21,0.039797436
2009-08-22,0.039797436
2009-08-23,0.039797436
2009-08-24,0.039796323
2009-08-25,0.03978404
2009-08-26,0.039793488
2009-08-27,0.039793268
2009-08-28,0.039796233
2009-08-29,0.039796233
2009-08-30,0.039796233
2009-08-31,0.039795235
2009-09-01,0.039760947
2009-09-02,0.03977248
2009-09-03,0.039761033
2009-09-04,0.039766762
2009-09-05,0.039766762
2009-09-06,0.039766762
2009-09-07,0.039766762
2009-09-08,0.039773084
2009-09-09,0.03993212
2009-09-10,0.03993322
2009-09-11,0.039926436
2009-09-12,0.039926436
2009-09-13,0.039926436
2009-09-14,0.03992824
2009-09-15,0.039881818
2009-09-16,0.039750658
2009-09-17,0.039747793
2009-09-18,0.039750062
2009-09-19,0.039750062
2009-09-20,0.039750062
2009-09-21,0.039751228
2009-09-22,0.03985186
2009-09-23,0.03987123
2009-09-24,0.03987849
2009-09-25,0.039878715
2009-09-26,0.039878715
2009-09-27,0.039878715
2009-09-28,0.039877906
2009-09-29,0.0398417
2009-09-30,0.03984234
2009-10-01,0.039853636
2009-10-02,0.039853975
2009-10-03,0.039853975
2009-10-04,0.039853975
2009-10-05,0.039848834
2009-10-06,0.03987982
2009-10-07,0.039730974
2009-10-08,0.039735988
2009-10-09,0.039738968
2009-10-10,0.03974533
2009-10-11,0.03974533
2009-10-12,0.039746284
2009-10-13,0.03986376
2009-10-14,0.039874062
2009-10-15,0.039913893
2009-10-16,0.039731782
2009-10-17,0.039731782
2009-10-18,0.039731782
2009-10-19,0.039890245
2009-10-20,0.039974213
2009-10-21,0.04004179
2009-10-22,0.040391594
2009-10-23,0.04057
2009-10-24,0.04057
2009-10-25,0.04057
2009-10-26,0.040613256
2009-10-27,0.04069326
2009-10-28,0.04020504
2009-10-29,0.040720873
2009-10-30,0.04107017
2009-10-31,0.04107023
2009-11-01,0.04107271
2009-11-02,0.04150679
2009-11-03,0.041673377
2009-11-04,0.041735735
2009-11-05,0.04157839
2009-11-06,0.041581057
2009-11-07,0.041582044
2009-11-08,0.041582044
2009-11-09,0.04161053
2009-11-10,0.041658383
2009-11-11,0.041629963
2009-11-12,0.04151589
2009-11-13,0.041547943
2009-11-14,0.041547965
2009-11-15,0.041548174
2009-11-16,0.041472882
2009-11-17,0.041383162
2009-11-18,0.041381657
2009-11-19,0.041393597
2009-11-20,0.04140198
2009-11-21,0.04140198
2009-11-22,0.041402396
2009-11-23,0.041506413
2009-11-24,0.041523203
2009-11-25,0.04151504
2009-11-26,0.04151971
2009-11-27,0.041287944
2009-11-28,0.041287944
2009-11-29,0.041287944
2009-11-30,0.041289724
2009-12-01,0.04132103
2009-12-02,0.041327503
2009-12-03,0.04134374
2009-12-04,0.041333955
2009-12-05,0.041333955
2009-12-06,0.041333955
2009-12-07,0.041330755
2009-12-08,0.041327063
2009-12-09,0.041325856
2009-12-10,0.041309055
2009-12-11,0.041308764
2009-12-12,0.041308764
2009-12-13,0.041308764
2009-12-14,0.04130925
2009-12-15,0.041319374
2009-12-16,0.041322824
2009-12-17,0.041412324
2009-12-18,0.041292418
2009-12-19,0.041292418
2009-12-20,0.041292418
2009-12-21,0.041342255
2009-12-22,0.041349493
2009-12-23,0.041343834
2009-12-24,0.041343834
2009-12-25,0.041343834
2009-12-26,0.041343834
2009-12-27,0.041343834
2009-12-28,0.04134533
2009-12-29,0.04134533
2009-12-30,0.04134533
2009-12-31,0.04134528
2010-01-01,0.04134528
2010-01-02,0.04134528
2010-01-03,0.04134528
2010-01-04,0.041345153
2010-01-05,0.041360177
2010-01-06,0.041356973
2010-01-07,0.041366883
2010-01-08,0.041365586
2010-01-09,0.041365586
2010-01-10,0.04136623
2010-01-11,0.041368812
2010-01-12,0.04138012
2010-01-13,0.041377723
2010-01-14,0.041502368
2010-01-15,0.041508056
2010-01-16,0.041508056
2010-01-17,0.041508056
2010-01-18,0.04150713
2010-01-19,0.04174038
2010-01-20,0.041843075
2010-01-21,0.041931964
2010-01-22,0.042124618
2010-01-23,0.042124618
2010-01-24,0.042124618
2010-01-25,0.042220343
2010-01-26,0.042136632
2010-01-27,0.042258956
2010-01-28,0.04256475
2010-01-29,0.042573377
2010-01-30,0.04257338
2010-01-31,0.04257338
2010-02-01,0.04261631
2010-02-02,0.042652678
2010-02-03,0.042344645
2010-02-04,0.042411774
2010-02-05,0.042184148
2010-02-06,0.042184148
2010-02-07,0.042184148
2010-02-08,0.042210758
2010-02-09,0.042128846
2010-02-10,0.04251212
2010-02-11,0.042637866
2010-02-12,0.042593773
2010-02-13,0.042607576
2010-02-14,0.042607576
2010-02-15,0.042621836
2010-02-16,0.04231568
2010-02-17,0.042368025
2010-02-18,0.04270612
2010-02-19,0.04270484
2010-02-20,0.04270484
2010-02-21,0.042703655
2010-02-22,0.042660717
2010-02-23,0.042834952
2010-02-24,0.042886633
2010-02-25,0.042960577
2010-02-26,0.04296141
2010-02-27,0.04294215
2010-02-28,0.04306305
2010-03-01,0.043032054
2010-03-02,0.04303886
2010-03-03,0.043089926
2010-03-04,0.042951033
2010-03-05,0.042947758
2010-03-06,0.042947758
2010-03-07,0.042947758
2010-03-08,0.04281194
2010-03-09,0.042829618
2010-03-10,0.042836957
2010-03-11,0.042876873
2010-03-12,0.04287953
2010-03-13,0.04287953
2010-03-14,0.04287953
2010-03-15,0.042876914
2010-03-16,0.042873386
2010-03-17,0.042890772
2010-03-18,0.042873733
2010-03-19,0.042875413
2010-03-20,0.042875413
2010-03-21,0.042875413
2010-03-22,0.04291014
2010-03-23,0.042936977
2010-03-24,0.042896926
2010-03-25,0.042956233
2010-03-26,0.042955834
2010-03-27,0.042955834
2010-03-28,0.042955834
2010-03-29,0.042938825
2010-03-30,0.04293557
2010-03-31,0.042979266
2010-04-01,0.042959668
2010-04-02,0.042959653
2010-04-03,0.042959653
2010-04-04,0.042959653
2010-04-05,0.042959277
2010-04-06,0.042960823
2010-04-07,0.043134686
2010-04-08,0.043126527
2010-04-09,0.04312272
2010-04-10,0.04312272
2010-04-11,0.04312272
2010-04-12,0.043141227
2010-04-13,0.043123424
2010-04-14,0.043120462
2010-04-15,0.04314277
2010-04-16,0.042946354
2010-04-17,0.042946354
2010-04-18,0.042946354
2010-04-19,0.042565443
2010-04-20,0.042713933
2010-04-21,0.042695526
2010-04-22,0.042061716
2010-04-23,0.04201861
2010-04-24,0.04201824
2010-04-25,0.04201824
2010-04-26,0.042024557
2010-04-27,0.042508777
2010-04-28,0.043425962
2010-04-29,0.04374598
2010-04-30,0.043974187
2010-05-01,0.043604773
2010-05-02,0.043604773
2010-05-03,0.043706536
2010-05-04,0.04398128
2010-05-05,0.04398956
2010-05-06,0.0440365
2010-05-07,0.044186674
2010-05-08,0.044186674
2010-05-09,0.044186674
2010-05-10,0.044232428
2010-05-11,0.044233114
2010-05-12,0.044108804
2010-05-13,0.044050965
2010-05-14,0.044018988
2010-05-15,0.044019222
2010-05-16,0.044018928
2010-05-17,0.044161193
2010-05-18,0.043892846
2010-05-19,0.043898035
2010-05-20,0.043827605
2010-05-21,0.043826472
2010-05-22,0.043826472
2010-05-23,0.043826472
2010-05-24,0.04383011
2010-05-25,0.043855317
2010-05-26,0.04385098
2010-05-27,0.04380428
2010-05-28,0.0438321
2010-05-29,0.0438321
2010-05-30,0.0438321
2010-05-31,0.0438321
2010-06-01,0.04384073
2010-06-02,0.043841373
2010-06-03,0.043852374
2010-06-04,0.043848954
2010-06-05,0.043848954
2010-06-06,0.043848954
2010-06-07,0.04385248
2010-06-08,0.043842822
2010-06-09,0.043839715
2010-06-10,0.043852367
2010-06-11,0.043852758
2010-06-12,0.043852758
2010-06-13,0.043852758
2010-06-14,0.043855753
2010-06-15,0.043744154
2010-06-16,0.043785807
2010-06-17,0.04380078
2010-06-18,0.04380078
2010-06-19,0.043799795
2010-06-20,0.043799795
2010-06-21,0.043800097
2010-06-22,0.043801047
2010-06-23,0.043783363
2010-06-24,0.044073634
2010-06-25,0.04407434
2010-06-26,0.04407434
2010-06-27,0.04407434
2010-06-28,0.04409359
2010-06-29,0.044084605
2010-06-30,0.04403902
2010-07-01,0.04404395
2010-07-02,0.04404395
2010-07-03,0.04404395
2010-07-04,0.04404395
2010-07-05,0.04404395
2010-07-06,0.044043943
2010-07-07,0.044041935
2010-07-08,0.044043154
2010-07-09,0.04404275
2010-07-10,0.04404275
2010-07-11,0.04404275
2010-07-12,0.04408199
2010-07-13,0.044140458
2010-07-14,0.04415287
2010-07-15,0.044126417
2010-07-16,0.04448399
2010-07-17,0.04448399
2010-07-18,0.04448399
2010-07-19,0.044800363
2010-07-20,0.045083974
2010-07-21,0.04530639
2010-07-22,0.045993794
2010-07-23,0.04608363
2010-07-24,0.04608363
2010-07-25,0.04608363
2010-07-26,0.046149004
2010-07-27,0.04612074
2010-07-28,0.046478998
2010-07-29,0.04639714
2010-07-30,0.046444748
2010-07-31,0.046444748
2010-08-01,0.046444748
2010-08-02,0.046498474
2010-08-03,0.046604384
2010-08-04,0.046530616
2010-08-05,0.047023024
2010-08-06,0.047013678
2010-08-07,0.04699698
2010-08-08,0.04699698
2010-08-09,0.046935
2010-08-10,0.04707734
2010-08-11,0.04707988
2010-08-12,0.047189225
2010-08-13,0.047176603
2010-08-14,0.047176603
2010-08-15,0.047176603
2010-08-16,0.04724824
2010-08-17,0.047382765
2010-08-18,0.04736965
2010-08-19,0.047322936
2010-08-20,0.04731625
2010-08-21,0.04731625
2010-08-22,0.04731625
2010-08-23,0.04729973
2010-08-24,0.047274143
2010-08-25,0.047470186
2010-08-26,0.04748497
2010-08-27,0.047485553
2010-08-28,0.047485553
2010-08-29,0.047485553
2010-08-30,0.04748651
2010-08-31,0.047483545
2010-09-01,0.047496762
2010-09-02,0.04750659
2010-09-03,0.047492906
2010-09-04,0.047492906
2010-09-05,0.047492906
2010-09-06,0.047492906
2010-09-07,0.04747592
2010-09-08,0.04750229
2010-09-09,0.047482684
2010-09-10,0.047483053
2010-09-11,0.047483053
2010-09-12,0.047483053
2010-09-13,0.04748214
2010-09-14,0.04746994
2010-09-15,0.047469202
2010-09-16,0.047303207
2010-09-17,0.047303442
2010-09-18,0.047303442
2010-09-19,0.047303442
2010-09-20,0.047303237
2010-09-21,0.047430728
2010-09-22,0.0474728
2010-09-23,0.04748386
2010-09-24,0.047483694
2010-09-25,0.047483694
2010-09-26,0.047483694
2010-09-27,0.047485672
2010-09-28,0.047482062
2010-09-29,0.047467824
2010-09-30,0.04747019
2010-10-01,0.047469933
2010-10-02,0.047469933
2010-10-03,0.047469933
2010-10-04,0.047451727
2010-10-05,0.047498558
2010-10-06,0.04752099
2010-10-07,0.04750982
2010-10-08,0.04751057
2010-10-09,0.04751057
2010-10-10,0.04751057
2010-10-11,0.047510948
2010-10-12,0.047535956
2010-10-13,0.047515754
2010-10-14,0.04753598
2010-10-15,0.04749596
2010-10-16,0.04749596
2010-10-17,0.04749596
2010-10-18,0.047647346
2010-10-19,0.047532246
2010-10-20,0.04739203
2010-10-21,0.04734548
2010-10-22,0.047345173
2010-10-23,0.047345173
2010-10-24,0.047345173
2010-10-25,0.047372535
2010-10-26,0.04706763
2010-10-27,0.04721003
2010-10-28,0.047033608
2010-10-29,0.047210332
2010-10-30,0.04721197
2010-10-31,0.047212772
2010-11-01,0.047230687
2010-11-02,0.04703746
2010-11-03,0.04695488
2010-11-04,0.046750315
2010-11-05,0.046996355
2010-11-06,0.047001086
2010-11-07,0.047001086
2010-11-08,0.046960093
2010-11-09,0.0469867
2010-11-10,0.047004063
2010-11-11,0.04692007
2010-11-12,0.04692549
2010-11-13,0.046925616
2010-11-14,0.046925616
2010-11-15,0.04684881
2010-11-16,0.046662614
2010-11-17,0.046660133
2010-11-18,0.046738826
2010-11-19,0.046740208
2010-11-20,0.046738412
2010-11-21,0.046738412
2010-11-22,0.046777014
2010-11-23,0.046801686
2010-11-24,0.04640068
2010-11-25,0.04640068
2010-11-26,0.046401773
2010-11-27,0.046401773
2010-11-28,0.046401773
2010-11-29,0.046397794
2010-11-30,0.046403177
2010-12-01,0.046420284
2010-12-02,0.04642884
2010-12-03,0.046428382
2010-12-04,0.046428382
2010-12-05,0.046428382
2010-12-06,0.046424396
2010-12-07,0.046395246
2010-12-08,0.04638654
2010-12-09,0.0464002
2010-12-10,0.046400283
2010-12-11,0.046400283
2010-12-12,0.046400283
2010-12-13,0.04640217
2010-12-14,0.046401136
2010-12-15,0.04640856
2010-12-16,0.046511643
2010-12-17,0.046511192
2010-12-18,0.046511192
2010-12-19,0.046511192
2010-12-20,0.046504054
2010-12-21,0.046363514
2010-12-22,0.046354152
2010-12-23,0.046350293
2010-12-24,0.046352476
2010-12-25,0.046352476
2010-12-26,0.046352476
2010-12-27,0.046354737
2010-12-28,0.046354555
2010-12-29,0.046354886
2010-12-30,0.04635479
2010-12-31,0.04635479
2011-01-01,0.04635479
2011-01-02,0.04635479
2011-01-03,0.04635449
2011-01-04,0.04638302
2011-01-05,0.04638301
2011-01-06,0.046319783
2011-01-07,0.046316244
2011-01-08,0.046316244
2011-01-09,0.046316244
2011-01-10,0.04634901
2011-01-11,0.046236087
2011-01-12,0.04623642
2011-01-13,0.04626995
2011-01-14,0.04626998
2011-01-15,0.04626998
2011-01-16,0.04626998
2011-01-17,0.04626998
2011-01-18,0.046671607
2011-01-19,0.046655916
2011-01-20,0.046671994
2011-01-21,0.046791546
2011-01-22,0.046791546
2011-01-23,0.04678488
2011-01-24,0.046721276
2011-01-25,0.046941623
2011-01-26,0.04648372
2011-01-27,0.04629229
2011-01-28,0.04609063
2011-01-29,0.046094384
2011-01-30,0.046094436
2011-01-31,0.046220172
2011-02-01,0.046181183
2011-02-02,0.046207316
2011-02-03,0.04660038
2011-02-04,0.046527553
2011-02-05,0.046527553
2011-02-06,0.046527553
2011-02-07,0.046501074
2011-02-08,0.046497744
2011-02-09,0.04616855
2011-02-10,0.046423603
2011-02-11,0.046400882
2011-02-12,0.046432037
2011-02-13,0.046432037
2011-02-14,0.046425745
2011-02-15,0.046390485
2011-02-16,0.046728037
2011-02-17,0.046584528
2011-02-18,0.046428487
2011-02-19,0.04642849
2011-02-20,0.04642849
2011-02-21,0.046429414
2011-02-22,0.04647976
2011-02-23,0.04647092
2011-02-24,0.04647011
2011-02-25,0.04653933
2011-02-26,0.046735033
2011-02-27,0.046735033
2011-02-28,0.046684973
2011-03-01,0.0466995
2011-03-02,0.0466742
2011-03-03,0.046710614
2011-03-04,0.0467012
2011-03-05,0.04670269
2011-03-06,0.04670269
2011-03-07,0.046651058
2011-03-08,0.046668135
2011-03-09,0.046558637
2011-03-10,0.04654885
2011-03-11,0.046548184
2011-03-12,0.04654789
2011-03-13,0.04654789
2011-03-14,0.046530597
2011-03-15,0.046502344
2011-03-16,0.04650964
2011-03-17,0.046522196
2011-03-18,0.04652047
2011-03-19,0.04652047
2011-03-20,0.04652047
2011-03-21,0.04653661
2011-03-22,0.046567682
2011-03-23,0.046529416
2011-03-24,0.04669653
2011-03-25,0.046706162
2011-03-26,0.046706468
2011-03-27,0.046706468
2011-03-28,0.04669771
2011-03-29,0.0466367
2011-03-30,0.046666157
2011-03-31,0.046662554
2011-04-01,0.046664055
2011-04-02,0.046664055
2011-04-03,0.046664055
2011-04-04,0.046663262
2011-04-05,0.046609
2011-04-06,0.046780955
2011-04-07,0.04676455
2011-04-08,0.04676758
2011-04-09,0.04676758
2011-04-10,0.04676758
2011-04-11,0.046772994
2011-04-12,0.04677454
2011-04-13,0.046773262
2011-04-14,0.046735957
2011-04-15,0.04668867
2011-04-16,0.04668867
2011-04-17,0.04668875
2011-04-18,0.046657924
2011-04-19,0.046339735
2011-04-20,0.046439305
2011-04-21,0.04625411
2011-04-22,0.04626283
2011-04-23,0.04626283
2011-04-24,0.046262354
2011-04-25,0.04622328
2011-04-26,0.04635314
2011-04-27,0.046623297
2011-04-28,0.04736937
2011-04-29,0.047707256
2011-04-30,0.04726205
2011-05-01,0.04726269
2011-05-02,0.047332983
2011-05-03,0.047468722
2011-05-04,0.047528572
2011-05-05,0.047690935
2011-05-06,0.04769903
2011-05-07,0.047700096
2011-05-08,0.047700096
2011-05-09,0.04768343
2011-05-10,0.047583114
2011-05-11,0.047663826
2011-05-12,0.047584362
2011-05-13,0.047683965
2011-05-14,0.047684897
2011-05-15,0.047684897
2011-05-16,0.047671836
2011-05-17,0.047470912
2011-05-18,0.047405433
2011-05-19,0.04743338
2011-05-20,0.047434364
2011-05-21,0.047434364
2011-05-22,0.047434364
2011-05-23,0.04741972
2011-05-24,0.047452524
2011-05-25,0.0474302
2011-05-26,0.047380943
2011-05-27,0.047380112
2011-05-28,0.047380112
2011-05-29,0.047380112
2011-05-30,0.047380112
2011-05-31,0.047382187
2011-06-01,0.047367066
2011-06-02,0.047385104
2011-06-03,0.047382485
2011-06-04,0.047382485
2011-06-05,0.047382485
2011-06-06,0.04738154
2011-06-07,0.047380295
2011-06-08,0.047370527
2011-06-09,0.04736193
2011-06-10,0.04735128
2011-06-11,0.04735128
2011-06-12,0.04735128
2011-06-13,0.04735043
2011-06-14,0.04725089
2011-06-15,0.047249712
2011-06-16,0.04723088
2011-06-17,0.04723088
2011-06-18,0.04723088
2011-06-19,0.04723088
2011-06-20,0.047231294
2011-06-21,0.0472099
2011-06-22,0.047256697
2011-06-23,0.047523927
2011-06-24,0.047524575
2011-06-25,0.047524575
2011-06-26,0.047524575
2011-06-27,0.047535073
2011-06-28,0.047534924
2011-06-29,0.0474493
2011-06-30,0.04746199
2011-07-01,0.04746199
2011-07-02,0.04746199
2011-07-03,0.04746199
2011-07-04,0.04746199
2011-07-05,0.04746199
2011-07-06,0.047462784
2011-07-07,0.04746132
2011-07-08,0.047461696
2011-07-09,0.047461696
2011-07-10,0.047461696
2011-07-11,0.047466524
2011-07-12,0.047463834
2011-07-13,0.047463447
2011-07-14,0.047471844
2011-07-15,0.047482386
2011-07-16,0.047482386
2011-07-17,0.047482386
2011-07-18,0.047673777
2011-07-19,0.047912344
2011-07-20,0.047954746
2011-07-21,0.048355225
2011-07-22,0.04864863
2011-07-23,0.04864863
2011-07-24,0.04864863
2011-07-25,0.048719548
2011-07-26,0.048725463
2011-07-27,0.048945326
2011-07-28,0.048961658
2011-07-29,0.0491494
2011-07-30,0.049149405
2011-07-31,0.049149405
2011-08-01,0.049189407
2011-08-02,0.049307063
2011-08-03,0.04948286
2011-08-04,0.04969376
2011-08-05,0.04996683
2011-08-06,0.049959157
2011-08-07,0.049959157
2011-08-08,0.049917873
2011-08-09,0.05001058
2011-08-10,0.05010011
2011-08-11,0.05013616
2011-08-12,0.050132196
2011-08-13,0.050132133
2011-08-14,0.050132133
2011-08-15,0.050186723
2011-08-16,0.050309047
2011-08-17,0.050262127
2011-08-18,0.050165456
2011-08-19,0.050162755
2011-08-20,0.050162755
2011-08-21,0.050162755
2011-08-22,0.05015904
2011-08-23,0.050157603
2011-08-24,0.050038394
2011-08-25,0.050020646
2011-08-26,0.050017927
2011-08-27,0.050017927
2011-08-28,0.050017927
2011-08-29,0.050019868
2011-08-30,0.050013136
2011-08-31,0.05000242
2011-09-01,0.049993318
2011-09-02,0.04998646
2011-09-03,0.04998646
2011-09-04,0.04998646
2011-09-05,0.04998646
2011-09-06,0.05000269
2011-09-07,0.049903672
2011-09-08,0.04990196
2011-09-09,0.04987114
2011-09-10,0.04987114
2011-09-11,0.04987114
2011-09-12,0.049870003
2011-09-13,0.049870633
2011-09-14,0.04986649
2011-09-15,0.049808096
2011-09-16,0.04980802
2011-09-17,0.04980802
2011-09-18,0.04980802
2011-09-19,0.04980802
2011-09-20,0.049985554
2011-09-21,0.049990445
2011-09-22,0.04996835
2011-09-23,0.049953252
2011-09-24,0.049953252
2011-09-25,0.049953252
2011-09-26,0.04995211
2011-09-27,0.04994114
2011-09-28,0.04992753
2011-09-29,0.049930908
2011-09-30,0.049958754
2011-10-01,0.049958754
2011-10-02,0.049958754
2011-10-03,0.04996008
2011-10-04,0.049973547
2011-10-05,0.04999071
2011-10-06,0.04999513
2011-10-07,0.049994946
2011-10-08,0.049994946
2011-10-09,0.049994946
2011-10-10,0.049994364
2011-10-11,0.04997799
2011-10-12,0.050004564
2011-10-13,0.050022773
2011-10-14,0.05005088
2011-10-15,0.05005088
2011-10-16,0.05005088
2011-10-17,0.050082702
2011-10-18,0.04996567
2011-10-19,0.049927633
2011-10-20,0.05018258
2011-10-21,0.05021292
2011-10-22,0.05020828
2011-10-23,0.05020828
2011-10-24,0.050201587
2011-10-25,0.050063144
2011-10-26,0.050005257
2011-10-27,0.050187133
2011-10-28,0.050137613
2011-10-29,0.050177045
2011-10-30,0.050177045
2011-10-31,0.050139476
2011-11-01,0.050510447
2011-11-02,0.05058926
2011-11-03,0.050748166
2011-11-04,0.05053513
2011-11-05,0.050541997
2011-11-06,0.050541997
2011-11-07,0.050528802
2011-11-08,0.050542865
2011-11-09,0.050508365
2011-11-10,0.050468232
2011-11-11,0.050468054
2011-11-12,0.05046801
2011-11-13,0.050468512
2011-11-14,0.05037912
2011-11-15,0.050267812
2011-11-16,0.050205093
2011-11-17,0.05020355
2011-11-18,0.05020516
2011-11-19,0.05020516
2011-11-20,0.05020516
2011-11-21,0.050153203
2011-11-22,0.050339635
2011-11-23,0.0503406
2011-11-24,0.0503406
2011-11-25,0.0503406
2011-11-26,0.0503406
2011-11-27,0.0503406
2011-11-28,0.050338298
2011-11-29,0.05033597
2011-11-30,0.05034252
2011-12-01,0.05034317
2011-12-02,0.050342396
2011-12-03,0.050342396
2011-12-04,0.050342552
2011-12-05,0.05033663
2011-12-06,0.050319612
2011-12-07,0.050323766
2011-12-08,0.05031236
2011-12-09,0.050309382
2011-12-10,0.050309382
2011-12-11,0.050309382
2011-12-12,0.050309364
2011-12-13,0.05033221
2011-12-14,0.050322454
2011-12-15,0.050340474
2011-12-16,0.050331365
2011-12-17,0.050331365
2011-12-18,0.050331365
2011-12-19,0.05033023
2011-12-20,0.0502718
2011-12-21,0.050264753
2011-12-22,0.05026476
2011-12-23,0.05026476
2011-12-24,0.05026476
2011-12-25,0.05026476
2011-12-26,0.05026476
2011-12-27,0.050267924
2011-12-28,0.05026788
2011-12-29,0.05025435
2011-12-30,0.05025435
2011-12-31,0.05025435
2012-01-01,0.05025435
2012-01-02,0.050252106
2012-01-03,0.050253082
2012-01-04,0.050257787
2012-01-05,0.05018745
2012-01-06,0.050184403
2012-01-07,0.050184403
2012-01-08,0.050184403
2012-01-09,0.050148718
2012-01-10,0.050152596
2012-01-11,0.050150335
2012-01-12,0.050158165
2012-01-13,0.05015793
2012-01-14,0.05015793
2012-01-15,0.05015793
2012-01-16,0.05015793
2012-01-17,0.05014275
2012-01-18,0.050168034
2012-01-19,0.050280612
2012-01-20,0.050642386
2012-01-21,0.050642386
2012-01-22,0.050642386
2012-01-23,0.050623596
2012-01-24,0.051389705
2012-01-25,0.051095158
2012-01-26,0.05094119
2012-01-27,0.050474253
2012-01-28,0.050474253
2012-01-29,0.050474524
2012-01-30,0.050474357
2012-01-31,0.049773995
2012-02-01,0.04980833
2012-02-02,0.049487703
2012-02-03,0.049547788
2012-02-04,0.049547788
2012-02-05,0.049547788
2012-02-06,0.04955994
2012-02-07,0.04925984
2012-02-08,0.04893826
2012-02-09,0.048751198
2012-02-10,0.048630115
2012-02-11,0.048630062
2012-02-12,0.048630062
2012-02-13,0.048630096
2012-02-14,0.048709996
2012-02-15,0.048501413
2012-02-16,0.048090734
2012-02-17,0.04809178
2012-02-18,0.04809178
2012-02-19,0.04809178
2012-02-20,0.04811016
2012-02-21,0.048264626
2012-02-22,0.048220214
2012-02-23,0.048287123
2012-02-24,0.048244063
2012-02-25,0.04835909
2012-02-26,0.048360173
2012-02-27,0.048333183
2012-02-28,0.0481064
2012-02-29,0.048090085
2012-03-01,0.048097465
2012-03-02,0.04811573
2012-03-03,0.04811573
2012-03-04,0.04811573
2012-03-05,0.048105422
2012-03-06,0.048109308
2012-03-07,0.047983136
2012-03-08,0.048063584
2012-03-09,0.048032768
2012-03-10,0.048032895
2012-03-11,0.048032895
2012-03-12,0.048012592
2012-03-13,0.0480085
2012-03-14,0.047994424
2012-03-15,0.048007768
2012-03-16,0.048012502
2012-03-17,0.048012502
2012-03-18,0.048012502
2012-03-19,0.048005685
2012-03-20,0.048025064
2012-03-21,0.04802818
2012-03-22,0.04810926
2012-03-23,0.04812437
2012-03-24,0.04812437
2012-03-25,0.04812437
2012-03-26,0.048097104
2012-03-27,0.048095543
2012-03-28,0.04807511
2012-03-29,0.04816333
2012-03-30,0.048167534
2012-03-31,0.048167907
2012-04-01,0.048167907
2012-04-02,0.048165686
2012-04-03,0.048162304
2012-04-04,0.04834023
2012-04-05,0.048335057
2012-04-06,0.04833517
2012-04-07,0.04833517
2012-04-08,0.04833517
2012-04-09,0.048334263
2012-04-10,0.048355296
2012-04-11,0.04835274
2012-04-12,0.048338033
2012-04-13,0.048332714
2012-04-14,0.048332714
2012-04-15,0.048332714
2012-04-16,0.04826658
2012-04-17,0.047959846
2012-04-18,0.047696736
2012-04-19,0.047673292
2012-04-20,0.047373686
2012-04-21,0.047373686
2012-04-22,0.047378495
2012-04-23,0.04733472
2012-04-24,0.047091838
2012-04-25,0.046941444
2012-04-26,0.047168057
2012-04-27,0.04731677
2012-04-28,0.047318496
2012-04-29,0.047318224
2012-04-30,0.047388103
2012-05-01,0.047265254
2012-05-02,0.047082692
2012-05-03,0.04695477
2012-05-04,0.046837326
2012-05-05,0.046836186
2012-05-06,0.046836186
2012-05-07,0.046753142
2012-05-08,0.04657553
2012-05-09,0.04640957
2012-05-10,0.04637156
2012-05-11,0.04635219
2012-05-12,0.04635167
2012-05-13,0.04635167
2012-05-14,0.046349876
2012-05-15,0.046421926
2012-05-16,0.046415817
2012-05-17,0.046273574
2012-05-18,0.046284836
2012-05-19,0.046284836
2012-05-20,0.046284836
2012-05-21,0.04631307
2012-05-22,0.04620723
2012-05-23,0.04620636
2012-05-24,0.046183124
2012-05-25,0.046154875
2012-05-26,0.046154723
2012-05-27,0.046154723
2012-05-28,0.046150617
2012-05-29,0.046135206
2012-05-30,0.046127837
2012-05-31,0.04612896
2012-06-01,0.0461312
2012-06-02,0.04613
2012-06-03,0.04613
2012-06-04,0.046117757
2012-06-05,0.046117414
2012-06-06,0.046115596
2012-06-07,0.046112
2012-06-08,0.04611051
2012-06-09,0.04611051
2012-06-10,0.04611051
2012-06-11,0.04610986
2012-06-12,0.046111416
2012-06-13,0.046113476
2012-06-14,0.046134606
2012-06-15,0.046135668
2012-06-16,0.046136063
2012-06-17,0.046136063
2012-06-18,0.046257433
2012-06-19,0.04627993
2012-06-20,0.046247277
2012-06-21,0.04626297
2012-06-22,0.04627364
2012-06-23,0.04627364
2012-06-24,0.04627364
2012-06-25,0.046285134
2012-06-26,0.04639253
2012-06-27,0.046343237
2012-06-28,0.0463523
2012-06-29,0.046346348
2012-06-30,0.046346348
2012-07-01,0.046346348
2012-07-02,0.046347808
2012-07-03,0.046347808
2012-07-04,0.046347808
2012-07-05,0.04634977
2012-07-06,0.04634977
2012-07-07,0.04634977
2012-07-08,0.04634977
2012-07-09,0.04635137
2012-07-10,0.046350826
2012-07-11,0.04633853
2012-07-12,0.04633583
2012-07-13,0.04633585
2012-07-14,0.04633585
2012-07-15,0.04633585
2012-07-16,0.046344046
2012-07-17,0.04639968
2012-07-18,0.04636773
2012-07-19,0.046522487
2012-07-20,0.0466043
2012-07-21,0.0466043
2012-07-22,0.0466043
2012-07-23,0.046664875
2012-07-24,0.046373304
2012-07-25,0.04665217
2012-07-26,0.04626585
2012-07-27,0.04625369
2012-07-28,0.04625369
2012-07-29,0.04625369
2012-07-30,0.046232052
2012-07-31,0.046481036
2012-08-01,0.046543896
2012-08-02,0.046649713
2012-08-03,0.046541817
2012-08-04,0.046544977
2012-08-05,0.046544977
2012-08-06,0.046534203
2012-08-07,0.046618585
2012-08-08,0.046256945
2012-08-09,0.046325423
2012-08-10,0.046280712
2012-08-11,0.046280712
2012-08-12,0.046280712
2012-08-13,0.046289887
2012-08-14,0.04636359
2012-08-15,0.046262056
2012-08-16,0.046290834
2012-08-17,0.046277564
2012-08-18,0.046277564
2012-08-19,0.046277564
2012-08-20,0.046311423
2012-08-21,0.04626509
2012-08-22,0.04585782
2012-08-23,0.045844782
2012-08-24,0.045847423
2012-08-25,0.045847423
2012-08-26,0.045847423
2012-08-27,0.04585268
2012-08-28,0.045880575
2012-08-29,0.045879453
2012-08-30,0.045877554
2012-08-31,0.045875136
2012-09-01,0.045877088
2012-09-02,0.04587703
2012-09-03,0.04587703
2012-09-04,0.045871608
2012-09-05,0.045872718
2012-09-06,0.04584259
2012-09-07,0.04581409
2012-09-08,0.04581409
2012-09-09,0.04581409
2012-09-10,0.045814496
2012-09-11,0.045814
2012-09-12,0.04581801
2012-09-13,0.045818374
2012-09-14,0.04582116
2012-09-15,0.04582116
2012-09-16,0.04582116
2012-09-17,0.04582116
2012-09-18,0.04579197
2012-09-19,0.045813154
2012-09-20,0.045629174
2012-09-21,0.04561682
2012-09-22,0.04561682
2012-09-23,0.04561682
2012-09-24,0.045620725
2012-09-25,0.045723084
2012-09-26,0.04571828
2012-09-27,0.04571853
2012-09-28,0.04565907
2012-09-29,0.04565907
2012-09-30,0.04565907
2012-10-01,0.045657948
2012-10-02,0.04565594
2012-10-03,0.045646623
2012-10-04,0.04564315
2012-10-05,0.04564283
2012-10-06,0.04564283
2012-10-07,0.04564283
2012-10-08,0.045642927
2012-10-09,0.045652647
2012-10-10,0.04568022
2012-10-11,0.0456687
2012-10-12,0.045666333
2012-10-13,0.045666333
2012-10-14,0.045666333
2012-10-15,0.045667134
2012-10-16,0.045503005
2012-10-17,0.04549466
2012-10-18,0.045347895
2012-10-19,0.04526469
2012-10-20,0.045261875
2012-10-21,0.045261875
2012-10-22,0.045257628
2012-10-23,0.04499106
2012-10-24,0.04484185
2012-10-25,0.044950448
2012-10-26,0.045024514
2012-10-27,0.045054644
2012-10-28,0.045054644
2012-10-29,0.04504117
2012-10-30,0.045385435
2012-10-31,0.045184925
2012-11-01,0.044934634
2012-11-02,0.04483011
2012-11-03,0.04483126
2012-11-04,0.044831157
2012-11-05,0.04496094
2012-11-06,0.04505458
2012-11-07,0.044911962
2012-11-08,0.044759694
2012-11-09,0.044770587
2012-11-10,0.04480337
2012-11-11,0.04480337
2012-11-12,0.044788092
2012-11-13,0.04475045
2012-11-14,0.04482886
2012-11-15,0.04467839
2012-11-16,0.04469037
2012-11-17,0.04469037
2012-11-18,0.04469037
2012-11-19,0.044643458
2012-11-20,0.04474359
2012-11-21,0.044741567
2012-11-22,0.044741567
2012-11-23,0.044741597
2012-11-24,0.044741597
2012-11-25,0.044741437
2012-11-26,0.044731807
2012-11-27,0.04474425
2012-11-28,0.044759516
2012-11-29,0.044746432
2012-11-30,0.04474883
2012-12-01,0.04474883
2012-12-02,0.04474883
2012-12-03,0.044747774
2012-12-04,0.044743497
2012-12-05,0.04474621
2012-12-06,0.044750586
2012-12-07,0.044750974
2012-12-08,0.044751074
2012-12-09,0.044751074
2012-12-10,0.044748493
2012-12-11,0.04473673
2012-12-12,0.044702075
2012-12-13,0.04470554
2012-12-14,0.0447023
2012-12-15,0.04470564
2012-12-16,0.04470564
2012-12-17,0.044698954
2012-12-18,0.044762604
2012-12-19,0.04475757
2012-12-20,0.04463303
2012-12-21,0.04464196
2012-12-22,0.044643298
2012-12-23,0.04464238
2012-12-24,0.04464238
2012-12-25,0.04464238
2012-12-26,0.044642366
2012-12-27,0.04464241
2012-12-28,0.044642396
2012-12-29,0.044642396
2012-12-30,0.044642396
2012-12-31,0.044642605
2013-01-01,0.044642605
2013-01-02,0.044643406
2013-01-03,0.044641122
2013-01-04,0.044633128
2013-01-05,0.044633128
2013-01-06,0.044633128
2013-01-07,0.04463275
2013-01-08,0.04457255
2013-01-09,0.0445775
2013-01-10,0.04457705
2013-01-11,0.044577673
2013-01-12,0.044577673
2013-01-13,0.044577673
2013-01-14,0.04456561
2013-01-15,0.044568773
2013-01-16,0.044623896
2013-01-17,0.04454966
2013-01-18,0.04470794
2013-01-19,0.04470794
2013-01-20,0.04470794
2013-01-21,0.04470794
2013-01-22,0.0448729
2013-01-23,0.04545122
2013-01-24,0.045636177
2013-01-25,0.045589138
2013-01-26,0.045589138
2013-01-27,0.045589138
2013-01-28,0.045511216
2013-01-29,0.04534601
2013-01-30,0.04519852
2013-01-31,0.044662293
2013-02-01,0.044439297
2013-02-02,0.044439297
2013-02-03,0.044439297
2013-02-04,0.04421338
2013-02-05,0.043757867
2013-02-06,0.04367756
2013-02-07,0.04367697
2013-02-08,0.04361523
2013-02-09,0.04361523
2013-02-10,0.04361523
2013-02-11,0.04362079
2013-02-12,0.04359418
2013-02-13,0.043531727
2013-02-14,0.043478806
2013-02-15,0.04341784
2013-02-16,0.043418564
2013-02-17,0.043418564
2013-02-18,0.043427438
2013-02-19,0.04332962
2013-02-20,0.04299899
2013-02-21,0.043002404
2013-02-22,0.043009404
2013-02-23,0.043009404
2013-02-24,0.043005526
2013-02-25,0.042884193
2013-02-26,0.04292149
2013-02-27,0.043116514
2013-02-28,0.043065634
2013-03-01,0.043152515
2013-03-02,0.043158714
2013-03-03,0.043158714
2013-03-04,0.043153714
2013-03-05,0.043133613
2013-03-06,0.043131784
2013-03-07,0.04316374
2013-03-08,0.04316272
2013-03-09,0.04316272
2013-03-10,0.04316272
2013-03-11,0.043176726
2013-03-12,0.04315342
2013-03-13,0.04315728
2013-03-14,0.04317008
2013-03-15,0.04312817
2013-03-16,0.04312817
2013-03-17,0.04312817
2013-03-18,0.043123
2013-03-19,0.043133315
2013-03-20,0.04305356
2013-03-21,0.043078657
2013-03-22,0.0431041
2013-03-23,0.0431041
2013-03-24,0.0431041
2013-03-25,0.04312082
2013-03-26,0.043112844
2013-03-27,0.04310489
2013-03-28,0.0431514
2013-03-29,0.043151814
2013-03-30,0.043151814
2013-03-31,0.043151814
2013-04-01,0.043151263
2013-04-02,0.043132093
2013-04-03,0.043258343
2013-04-04,0.04324975
2013-04-05,0.043248296
2013-04-06,0.043248296
2013-04-07,0.043248296
2013-04-08,0.04325116
2013-04-09,0.043254513
2013-04-10,0.043286055
2013-04-11,0.043310784
2013-04-12,0.043307092
2013-04-13,0.043307092
2013-04-14,0.043307092
2013-04-15,0.043307442
2013-04-16,0.043380775
2013-04-17,0.043341007
2013-04-18,0.042911123
2013-04-19,0.04278604
2013-04-20,0.04278604
2013-04-21,0.04279007
2013-04-22,0.042709384
2013-04-23,0.042304527
2013-04-24,0.04230504
2013-04-25,0.04249322
2013-04-26,0.042566154
2013-04-27,0.04255556
2013-04-28,0.04255556
2013-04-29,0.042496484
2013-04-30,0.04299896
2013-05-01,0.04272442
2013-05-02,0.0428962
2013-05-03,0.0430464
2013-05-04,0.0430464
2013-05-05,0.0430464
2013-05-06,0.043080863
2013-05-07,0.043018743
2013-05-08,0.042874135
2013-05-09,0.042800434
2013-05-10,0.042858694
2013-05-11,0.042857654
2013-05-12,0.042857654
2013-05-13,0.04284393
2013-05-14,0.042842172
2013-05-15,0.04281851
2013-05-16,0.04255613
2013-05-17,0.042556167
2013-05-18,0.042556167
2013-05-19,0.042555347
2013-05-20,0.04254408
2013-05-21,0.042661794
2013-05-22,0.042610634
2013-05-23,0.04251362
2013-05-24,0.042516965
2013-05-25,0.042516965
2013-05-26,0.042516965
2013-05-27,0.042516965
2013-05-28,0.04250358
2013-05-29,0.042503677
2013-05-30,0.042511452
2013-05-31,0.042506505
2013-06-01,0.042506505
2013-06-02,0.042506505
2013-06-03,0.04250548
2013-06-04,0.042494163
2013-06-05,0.042481363
2013-06-06,0.04248351
2013-06-07,0.042478804
2013-06-08,0.042478804
2013-06-09,0.042478804
2013-06-10,0.042470016
2013-06-11,0.042468853
2013-06-12,0.0424726
2013-06-13,0.04247597
2013-06-14,0.042469937
2013-06-15,0.042469937
2013-06-16,0.042469937
2013-06-17,0.04246964
2013-06-18,0.042464267
2013-06-19,0.042531885
2013-06-20,0.04264485
2013-06-21,0.04264769
2013-06-22,0.04264769
2013-06-23,0.04264769
2013-06-24,0.042649925
2013-06-25,0.0426448
2013-06-26,0.042552352
2013-06-27,0.04256578
2013-06-28,0.042560745
2013-06-29,0.042560745
2013-06-30,0.042560745
2013-07-01,0.042562082
2013-07-02,0.04255476
2013-07-03,0.042555932
2013-07-04,0.042555932
2013-07-05,0.042555932
2013-07-06,0.042555932
2013-07-07,0.042555932
2013-07-08,0.04255322
2013-07-09,0.042550467
2013-07-10,0.042519514
2013-07-11,0.04251845
2013-07-12,0.04252041
2013-07-13,0.04252041
2013-07-14,0.04252041
2013-07-15,0.04252411
2013-07-16,0.042656813
2013-07-17,0.042632554
2013-07-18,0.042566206
2013-07-19,0.042823415
2013-07-20,0.042823415
2013-07-21,0.042823415
2013-07-22,0.04288571
2013-07-23,0.042493638
2013-07-24,0.043043762
2013-07-25,0.043243717
2013-07-26,0.04330299
2013-07-27,0.04330299
2013-07-28,0.04330299
2013-07-29,0.043322273
2013-07-30,0.04358606
2013-07-31,0.04367748
2013-08-01,0.04282439
2013-08-02,0.042631708
2013-08-03,0.042631708
2013-08-04,0.042631708
2013-08-05,0.04260554
2013-08-06,0.042907193
2013-08-07,0.043041244
2013-08-08,0.042977322
2013-08-09,0.043022502
2013-08-10,0.043022558
2013-08-11,0.043022558
2013-08-12,0.04302235
2013-08-13,0.043017823
2013-08-14,0.042991947
2013-08-15,0.043046348
2013-08-16,0.04303136
2013-08-17,0.04303144
2013-08-18,0.04303144
2013-08-19,0.043031737
2013-08-20,0.04325833
2013-08-21,0.0433155
2013-08-22,0.043275043
2013-08-23,0.043261327
2013-08-24,0.043261327
2013-08-25,0.043261327
2013-08-26,0.043262687
2013-08-27,0.043269087
2013-08-28,0.043264244
2013-08-29,0.04325142
2013-08-30,0.043252144
2013-08-31,0.043252144
2013-09-01,0.043252144
2013-09-02,0.043252144
2013-09-03,0.04325337
2013-09-04,0.043253023
2013-09-05,0.043257903
2013-09-06,0.04325984
2013-09-07,0.04327253
2013-09-08,0.04327253
2013-09-09,0.04326935
2013-09-10,0.043270815
2013-09-11,0.043271773
2013-09-12,0.043246478
2013-09-13,0.04324701
2013-09-14,0.04324701
2013-09-15,0.04324701
2013-09-16,0.043247923
2013-09-17,0.043230228
2013-09-18,0.04305034
2013-09-19,0.043028962
2013-09-20,0.043025613
2013-09-21,0.043025613
2013-09-22,0.043025613
2013-09-23,0.043025788
2013-09-24,0.04309738
2013-09-25,0.04312431
2013-09-26,0.043146655
2013-09-27,0.043149825
2013-09-28,0.043149825
2013-09-29,0.043149825
2013-09-30,0.043155253
2013-10-01,0.043150786
2013-10-02,0.04315123
2013-10-03,0.04315759
2013-10-04,0.043158185
2013-10-05,0.043158185
2013-10-06,0.043158185
2013-10-07,0.043158155
2013-10-08,0.043193463
2013-10-09,0.04320696
2013-10-10,0.04318113
2013-10-11,0.043183178
2013-10-12,0.04317667
2013-10-13,0.04314966
2013-10-14,0.0431523
2013-10-15,0.043147765
2013-10-16,0.04328067
2013-10-17,0.04338164
2013-10-18,0.043340713
2013-10-19,0.043340713
2013-10-20,0.043340713
2013-10-21,0.043445367
2013-10-22,0.043442138
2013-10-23,0.043439902
2013-10-24,0.043495383
2013-10-25,0.043586228
2013-10-26,0.043586228
2013-10-27,0.043586228
2013-10-28,0.043430757
2013-10-29,0.04314058
2013-10-30,0.0431366
2013-10-31,0.043459997
2013-11-01,0.04349339
2013-11-02,0.04348518
2013-11-03,0.04348518
2013-11-04,0.04350812
2013-11-05,0.04341832
2013-11-06,0.043260105
2013-11-07,0.04328475
2013-11-08,0.043356244
2013-11-09,0.043360513
2013-11-10,0.043360513
2013-11-11,0.043332525
2013-11-12,0.0433568
2013-11-13,0.043325245
2013-11-14,0.04326785
2013-11-15,0.043270107
2013-11-16,0.043270107
2013-11-17,0.043270107
2013-11-18,0.043269683
2013-11-19,0.043203153
2013-11-20,0.043099925
2013-11-21,0.043063894
2013-11-22,0.043067902
2013-11-23,0.043067902
2013-11-24,0.04306901
2013-11-25,0.043055646
2013-11-26,0.04307802
2013-11-27,0.043079566
2013-11-28,0.043079566
2013-11-29,0.043079566
2013-11-30,0.043079566
2013-12-01,0.043079566
2013-12-02,0.043078244
2013-12-03,0.043077834
2013-12-04,0.043095402
2013-12-05,0.04308018
2013-12-06,0.04308313
2013-12-07,0.04308313
2013-12-08,0.04308313
2013-12-09,0.043086194
2013-12-10,0.04307004
2013-12-11,0.04306117
2013-12-12,0.043065216
2013-12-13,0.043065112
2013-12-14,0.043065444
2013-12-15,0.043065444
2013-12-16,0.043065254
2013-12-17,0.043065954
2013-12-18,0.043124814
2013-12-19,0.04303496
2013-12-20,0.04300622
2013-12-21,0.04300622
2013-12-22,0.04300622
2013-12-23,0.04300353
2013-12-24,0.043003496
2013-12-25,0.043003496
2013-12-26,0.043003496
2013-12-27,0.043003414
2013-12-28,0.043003414
2013-12-29,0.043003414
2013-12-30,0.043006063
2013-12-31,0.043005988
2014-01-01,0.0430061
2014-01-02,0.043006737
2014-01-03,0.04300667
2014-01-04,0.04300667
2014-01-05,0.04300667
2014-01-06,0.04300415
2014-01-07,0.043065242
2014-01-08,0.0430112
2014-01-09,0.043009736
2014-01-10,0.04301272
2014-01-11,0.04301272
2014-01-12,0.04301272
2014-01-13,0.043012675
2014-01-14,0.04301239
2014-01-15,0.043021798
2014-01-16,0.04300407
2014-01-17,0.042949025
2014-01-18,0.042949025
2014-01-19,0.042949025
2014-01-20,0.042949025
2014-01-21,0.043338142
2014-01-22,0.043368477
2014-01-23,0.043311153
2014-01-24,0.043361515
2014-01-25,0.043362346
2014-01-26,0.043362346
2014-01-27,0.04394082
2014-01-28,0.04429142
2014-01-29,0.044416245
2014-01-30,0.043626927
2014-01-31,0.04353822
2014-02-01,0.04353822
2014-02-02,0.04353822
2014-02-03,0.043637626
2014-02-04,0.04320745
2014-02-05,0.043039706
2014-02-06,0.04283193
2014-02-07,0.04282018
2014-02-08,0.04282018
2014-02-09,0.04282018
2014-02-10,0.042808663
2014-02-11,0.042729586
2014-02-12,0.04265374
2014-02-13,0.041856926
2014-02-14,0.042036127
2014-02-15,0.042036127
2014-02-16,0.042036127
2014-02-17,0.04201981
2014-02-18,0.041902047
2014-02-19,0.041931916
2014-02-20,0.041886237
2014-02-21,0.041805703
2014-02-22,0.041805703
2014-02-23,0.041805703
2014-02-24,0.041825157
2014-02-25,0.041763846
2014-02-26,0.041871205
2014-02-27,0.041867297
2014-02-28,0.041812275
2014-03-01,0.041766446
2014-03-02,0.041766446
2014-03-03,0.041665934
2014-03-04,0.041661706
2014-03-05,0.041638512
2014-03-06,0.041627437
2014-03-07,0.041629925
2014-03-08,0.041629925
2014-03-09,0.041629925
2014-03-10,0.04163351
2014-03-11,0.04163974
2014-03-12,0.04163066
2014-03-13,0.041631408
2014-03-14,0.04162412
2014-03-15,0.04162412
2014-03-16,0.04162412
2014-03-17,0.04161939
2014-03-18,0.04159579
2014-03-19,0.041554637
2014-03-20,0.041562155
2014-03-21,0.041583806
2014-03-22,0.041583806
2014-03-23,0.041583806
2014-03-24,0.04158044
2014-03-25,0.041583274
2014-03-26,0.041583624
2014-03-27,0.04161961
2014-03-28,0.04164351
2014-03-29,0.04164351
2014-03-30,0.04164351
2014-03-31,0.041643247
2014-04-01,0.041628305
2014-04-02,0.04178731
2014-04-03,0.04178827
2014-04-04,0.041785493
2014-04-05,0.041785493
2014-04-06,0.041785493
2014-04-07,0.041780636
2014-04-08,0.04179681
2014-04-09,0.041791037
2014-04-10,0.041797414
2014-04-11,0.04179939
2014-04-12,0.04179939
2014-04-13,0.04179939
2014-04-14,0.041796777
2014-04-15,0.041834936
2014-04-16,0.0413538
2014-04-17,0.041147623
2014-04-18,0.041147623
2014-04-19,0.041147623
2014-04-20,0.041147623
2014-04-21,0.041090105
2014-04-22,0.0405443
2014-04-23,0.039891794
2014-04-24,0.039273337
2014-04-25,0.039216973
2014-04-26,0.039216973
2014-04-27,0.039216973
2014-04-28,0.039180312
2014-04-29,0.03930084
2014-04-30,0.03938284
2014-05-01,0.039320353
2014-05-02,0.03918816
2014-05-03,0.03918764
2014-05-04,0.03918764
2014-05-05,0.03923864
2014-05-06,0.039113212
2014-05-07,0.039162688
2014-05-08,0.03912197
2014-05-09,0.039173838
2014-05-10,0.039173838
2014-05-11,0.039173856
2014-05-12,0.039233677
2014-05-13,0.03925188
2014-05-14,0.039245106
2014-05-15,0.039103463
2014-05-16,0.03910475
2014-05-17,0.039104857
2014-05-18,0.039104857
2014-05-19,0.039093636
2014-05-20,0.03914453
2014-05-21,0.039084975
2014-05-22,0.03899967
2014-05-23,0.0390079
2014-05-24,0.0390079
2014-05-25,0.0390079
2014-05-26,0.0390079
2014-05-27,0.039020017
2014-05-28,0.038991924
2014-05-29,0.03898872
2014-05-30,0.038985133
2014-05-31,0.038985133
2014-06-01,0.038985133
2014-06-02,0.038986057
2014-06-03,0.03897045
2014-06-04,0.03895205
2014-06-05,0.03895641
2014-06-06,0.03894845
2014-06-07,0.038948383
2014-06-08,0.038948383
2014-06-09,0.03894567
2014-06-10,0.038937256
2014-06-11,0.03893329
2014-06-12,0.038921107
2014-06-13,0.03892159
2014-06-14,0.03892159
2014-06-15,0.03892159
2014-06-16,0.03892197
2014-06-17,0.03892807
2014-06-18,0.038980465
2014-06-19,0.039109197
2014-06-20,0.03911328
2014-06-21,0.039112803
2014-06-22,0.039112803
2014-06-23,0.039110675
2014-06-24,0.039102033
2014-06-25,0.03900145
2014-06-26,0.0390259
2014-06-27,0.03902349
2014-06-28,0.03902349
2014-06-29,0.03902349
2014-06-30,0.039023593
2014-07-01,0.03902413
2014-07-02,0.039033167
2014-07-03,0.039034277
2014-07-04,0.039034277
2014-07-05,0.039034277
2014-07-06,0.039034277
2014-07-07,0.039034408
2014-07-08,0.039044753
2014-07-09,0.039048363
2014-07-10,0.039048
2014-07-11,0.03905002
2014-07-12,0.03905002
2014-07-13,0.03905002
2014-07-14,0.03905018
2014-07-15,0.03920863
2014-07-16,0.039212137
2014-07-17,0.039529327
2014-07-18,0.03953253
2014-07-19,0.03953253
2014-07-20,0.03953253
2014-07-21,0.03961648
2014-07-22,0.03940301
2014-07-23,0.039979517
2014-07-24,0.040452156
2014-07-25,0.040470764
2014-07-26,0.040470764
2014-07-27,0.04047232
2014-07-28,0.040529095
2014-07-29,0.040738452
2014-07-30,0.040613487
2014-07-31,0.040657368
2014-08-01,0.04091647
2014-08-02,0.04091647
2014-08-03,0.04091647
2014-08-04,0.040899184
2014-08-05,0.041083995
2014-08-06,0.041113026
2014-08-07,0.041054033
2014-08-08,0.04109276
2014-08-09,0.041094176
2014-08-10,0.041094255
2014-08-11,0.04105582
2014-08-12,0.04106566
2014-08-13,0.041052464
2014-08-14,0.041106194
2014-08-15,0.04109709
2014-08-16,0.04109709
2014-08-17,0.04109709
2014-08-18,0.04110143
2014-08-19,0.04104452
2014-08-20,0.041120756
2014-08-21,0.04110909
2014-08-22,0.041091803
2014-08-23,0.041091803
2014-08-24,0.041091245
2014-08-25,0.041091613
2014-08-26,0.041091975
2014-08-27,0.04110244
2014-08-28,0.04106574
2014-08-29,0.041065965
2014-08-30,0.041065965
2014-08-31,0.041065965
2014-09-01,0.041065965
2014-09-02,0.041066546
2014-09-03,0.04107325
2014-09-04,0.041077647
2014-09-05,0.04107771
2014-09-06,0.04107771
2014-09-07,0.04107771
2014-09-08,0.041077137
2014-09-09,0.04106991
2014-09-10,0.041075397
2014-09-11,0.041053396
2014-09-12,0.04105771
2014-09-13,0.04105771
2014-09-14,0.04105771
2014-09-15,0.04105899
2014-09-16,0.0410597
2014-09-17,0.041040722
2014-09-18,0.04088594
2014-09-19,0.040887672
2014-09-20,0.040887672
2014-09-21,0.040887672
2014-09-22,0.040897954
2014-09-23,0.04099027
2014-09-24,0.04098977
2014-09-25,0.041008323
2014-09-26,0.041008968
2014-09-27,0.041008968
2014-09-28,0.041008968
2014-09-29,0.041008033
2014-09-30,0.04101019
2014-10-01,0.04101134
2014-10-02,0.041012134
2014-10-03,0.041012134
2014-10-04,0.041012134
2014-10-05,0.041012134
2014-10-06,0.041010715
2014-10-07,0.041010622
2014-10-08,0.041040752
2014-10-09,0.041036908
2014-10-10,0.04104219
2014-10-11,0.04104219
2014-10-12,0.04104219
2014-10-13,0.04104219
2014-10-14,0.041107465
2014-10-15,0.041091852
2014-10-16,0.041182842
2014-10-17,0.041190162
2014-10-18,0.041190162
2014-10-19,0.041190162
2014-10-20,0.041266892
2014-10-21,0.041172344
2014-10-22,0.0411934
2014-10-23,0.04136338
2014-10-24,0.04133352
2014-10-25,0.041333556
2014-10-26,0.041333556
2014-10-27,0.041319102
2014-10-28,0.041017286
2014-10-29,0.041255727
2014-10-30,0.041341197
2014-10-31,0.041397598
2014-11-01,0.04139743
2014-11-02,0.04139577
2014-11-03,0.041296218
2014-11-04,0.041664265
2014-11-05,0.041848905
2014-11-06,0.041839074
2014-11-07,0.041694116
2014-11-08,0.041693546
2014-11-09,0.041690085
2014-11-10,0.04166455
2014-11-11,0.04171233
2014-11-12,0.04177981
2014-11-13,0.041720785
2014-11-14,0.041715834
2014-11-15,0.04171667
2014-11-16,0.041716706
2014-11-17,0.041684855
2014-11-18,0.041615043
2014-11-19,0.041530658
2014-11-20,0.04153007
2014-11-21,0.04152839
2014-11-22,0.04152839
2014-11-23,0.04152839
2014-11-24,0.04153733
2014-11-25,0.041586537
2014-11-26,0.041578475
2014-11-27,0.041578475
2014-11-28,0.04157843
2014-11-29,0.04157843
2014-11-30,0.04157843
2014-12-01,0.04157489
2014-12-02,0.041577935
2014-12-03,0.0416205
2014-12-04,0.04160749
2014-12-05,0.04161031
2014-12-06,0.04161031
2014-12-07,0.04161031
2014-12-08,0.041611608
2014-12-09,0.041606918
2014-12-10,0.041609347
2014-12-11,0.041619144
2014-12-12,0.041618492
2014-12-13,0.041618492
2014-12-14,0.041618492
2014-12-15,0.04162044
2014-12-16,0.041614726
2014-12-17,0.041667525
2014-12-18,0.04166397
2014-12-19,0.04157788
2014-12-20,0.04157788
2014-12-21,0.04157788
2014-12-22,0.041577607
2014-12-23,0.041572656
2014-12-24,0.041572638
2014-12-25,0.041572638
2014-12-26,0.041572496
2014-12-27,0.041572496
2014-12-28,0.041572496
2014-12-29,0.041572496
2014-12-30,0.041572496
2014-12-31,0.04157257
2015-01-01,0.04157257
2015-01-02,0.04157257
2015-01-03,0.04157257
2015-01-04,0.04157257
2015-01-05,0.04157256
2015-01-06,0.041589677
2015-01-07,0.041530803
2015-01-08,0.041527066
2015-01-09,0.041530315
2015-01-10,0.04153039
2015-01-11,0.04153039
2015-01-12,0.041534025
2015-01-13,0.041522957
2015-01-14,0.04152558
2015-01-15,0.041510664
2015-01-16,0.041510664
2015-01-17,0.041510664
2015-01-18,0.041510664
2015-01-19,0.041510597
2015-01-20,0.041503306
2015-01-21,0.041465774
2015-01-22,0.04145145
2015-01-23,0.04146647
2015-01-24,0.04146647
2015-01-25,0.04146647
2015-01-26,0.041495897
2015-01-27,0.042462125
2015-01-28,0.04234916
2015-01-29,0.041927584
2015-01-30,0.041544598
2015-01-31,0.041544598
2015-02-01,0.041544598
2015-02-02,0.041184478
2015-02-03,0.04109815
2015-02-04,0.040967483
2015-02-05,0.04082321
2015-02-06,0.040805716
2015-02-07,0.040805876
2015-02-08,0.040805876
2015-02-09,0.04078573
2015-02-10,0.04058918
2015-02-11,0.040549025
2015-02-12,0.040790096
2015-02-13,0.04076629
2015-02-14,0.04076629
2015-02-15,0.04076629
2015-02-16,0.040755805
2015-02-17,0.040730778
2015-02-18,0.040489476
2015-02-19,0.040596396
2015-02-20,0.040521286
2015-02-21,0.040521286
2015-02-22,0.04053335
2015-02-23,0.04052474
2015-02-24,0.040143427
2015-02-25,0.040274914
2015-02-26,0.040488895
2015-02-27,0.040510356
2015-02-28,0.040420752
2015-03-01,0.040420752
2015-03-02,0.040398937
2015-03-03,0.040433515
2015-03-04,0.040440258
2015-03-05,0.040423248
2015-03-06,0.0404186
2015-03-07,0.0404186
2015-03-08,0.0404186
2015-03-09,0.040423624
2015-03-10,0.040427517
2015-03-11,0.040427215
2015-03-12,0.0404211
2015-03-13,0.0404332
2015-03-14,0.04042394
2015-03-15,0.04042394
2015-03-16,0.040416818
2015-03-17,0.040421642
2015-03-18,0.040405113
2015-03-19,0.040416524
2015-03-20,0.04044267
2015-03-21,0.04044267
2015-03-22,0.04044267
2015-03-23,0.040443964
2015-03-24,0.040436536
2015-03-25,0.040423937
2015-03-26,0.04046443
2015-03-27,0.04046414
2015-03-28,0.04046414
2015-03-29,0.04046414
2015-03-30,0.04046532
2015-03-31,0.04045839
2015-04-01,0.04056508
2015-04-02,0.040565394
2015-04-03,0.040565394
2015-04-04,0.040565394
2015-04-05,0.040565394
2015-04-06,0.0405647
2015-04-07,0.04056594
2015-04-08,0.040556017
2015-04-09,0.04050925
2015-04-10,0.040509116
2015-04-11,0.040509116
2015-04-12,0.040509116
2015-04-13,0.04050528
2015-04-14,0.040472265
2015-04-15,0.04044922
2015-04-16,0.040405992
2015-04-17,0.0404058
2015-04-18,0.0404058
2015-04-19,0.0404058
2015-04-20,0.04015288
2015-04-21,0.040164355
2015-04-22,0.0398573
2015-04-23,0.039568402
2015-04-24,0.03964907
2015-04-25,0.03964907
2015-04-26,0.03964907
2015-04-27,0.03904554
2015-04-28,0.039002124
2015-04-29,0.03845438
2015-04-30,0.03833855
2015-05-01,0.038390573
2015-05-02,0.038390573
2015-05-03,0.03839189
2015-05-04,0.038427193
2015-05-05,0.03826731
2015-05-06,0.038174815
2015-05-07,0.03801802
2015-05-08,0.037938572
2015-05-09,0.03799894
2015-05-10,0.03799894
2015-05-11,0.0379418
2015-05-12,0.03794464
2015-05-13,0.03783147
2015-05-14,0.03777475
2015-05-15,0.037771888
2015-05-16,0.037771888
2015-05-17,0.037771888
2015-05-18,0.038142253
2015-05-19,0.037951823
2015-05-20,0.037873715
2015-05-21,0.03776587
2015-05-22,0.037786506
2015-05-23,0.037786506
2015-05-24,0.037786506
2015-05-25,0.037786506
2015-05-26,0.037786093
2015-05-27,0.03774248
2015-05-28,0.03770043
2015-05-29,0.03770055
2015-05-30,0.03770055
2015-05-31,0.03770055
2015-06-01,0.037712872
2015-06-02,0.037556753
2015-06-03,0.03754643
2015-06-04,0.03750704
2015-06-05,0.0375042
2015-06-06,0.0375042
2015-06-07,0.0375042
2015-06-08,0.03751674
2015-06-09,0.037498686
2015-06-10,0.037496068
2015-06-11,0.037490696
2015-06-12,0.0374903
2015-06-13,0.0374903
2015-06-14,0.0374903
2015-06-15,0.037489433
2015-06-16,0.0374922
2015-06-17,0.03755267
2015-06-18,0.037567444
2015-06-19,0.03757282
2015-06-20,0.03757282
2015-06-21,0.03757282
2015-06-22,0.037574504
2015-06-23,0.037582193
2015-06-24,0.037557095
2015-06-25,0.037550524
2015-06-26,0.037546914
2015-06-27,0.037546914
2015-06-28,0.037546914
2015-06-29,0.037548296
2015-06-30,0.03755503
2015-07-01,0.037574828
2015-07-02,0.037570506
2015-07-03,0.037570506
2015-07-04,0.037570506
2015-07-05,0.037570506
2015-07-06,0.03757189
2015-07-07,0.037574057
2015-07-08,0.03755968
2015-07-09,0.03767141
2015-07-10,0.03767557
2015-07-11,0.037675556
2015-07-12,0.037675556
2015-07-13,0.03767567
2015-07-14,0.03764579
2015-07-15,0.037771504
2015-07-16,0.037817698
2015-07-17,0.0379914
2015-07-18,0.03799148
2015-07-19,0.03799148
2015-07-20,0.03807976
2015-07-21,0.037709832
2015-07-22,0.0377181
2015-07-23,0.03785785
2015-07-24,0.037871845
2015-07-25,0.037871707
2015-07-26,0.037871707
2015-07-27,0.037931584
2015-07-28,0.038065817
2015-07-29,0.038253807
2015-07-30,0.038366243
2015-07-31,0.038366675
2015-08-01,0.038367227
2015-08-02,0.03836791
2015-08-03,0.038277704
2015-08-04,0.038341597
2015-08-05,0.038435485
2015-08-06,0.038009122
2015-08-07,0.037749667
2015-08-08,0.03766779
2015-08-09,0.03766779
2015-08-10,0.037685692
2015-08-11,0.037584633
2015-08-12,0.037590615
2015-08-13,0.037558604
2015-08-14,0.037553135
2015-08-15,0.037553005
2015-08-16,0.037553005
2015-08-17,0.037542913
2015-08-18,0.03766908
2015-08-19,0.037731584
2015-08-20,0.03769859
2015-08-21,0.037667193
2015-08-22,0.037667193
2015-08-23,0.037667193
2015-08-24,0.037665475
2015-08-25,0.0371333
2015-08-26,0.03711737
2015-08-27,0.03711749
2015-08-28,0.037116695
2015-08-29,0.037116695
2015-08-30,0.037116695
2015-08-31,0.037117317
2015-09-01,0.03708576
2015-09-02,0.037086613
2015-09-03,0.037078984
2015-09-04,0.0370789
2015-09-05,0.0370789
2015-09-06,0.0370789
2015-09-07,0.0370789
2015-09-08,0.037087
2015-09-09,0.037093904
2015-09-10,0.037094846
2015-09-11,0.037065975
2015-09-12,0.037065975
2015-09-13,0.037065975
2015-09-14,0.03706611
2015-09-15,0.03706592
2015-09-16,0.036972113
2015-09-17,0.036970753
2015-09-18,0.03697077
2015-09-19,0.03697077
2015-09-20,0.03697077
2015-09-21,0.03697212
2015-09-22,0.037081707
2015-09-23,0.03708513
2015-09-24,0.037112437
2015-09-25,0.03711395
2015-09-26,0.03711395
2015-09-27,0.03711395
2015-09-28,0.037126385
2015-09-29,0.03715197
2015-09-30,0.03715461
2015-10-01,0.037137814
2015-10-02,0.037137814
2015-10-03,0.037137814
2015-10-04,0.037137814
2015-10-05,0.037136633
2015-10-06,0.03716159
2015-10-07,0.037039585
2015-10-08,0.037019398
2015-10-09,0.037019737
2015-10-10,0.037019737
2015-10-11,0.037024774
2015-10-12,0.037023425
2015-10-13,0.037084408
2015-10-14,0.03705427
2015-10-15,0.037037995
2015-10-16,0.037144464
2015-10-17,0.037144464
2015-10-18,0.037144464
2015-10-19,0.037078794
2015-10-20,0.037036568
2015-10-21,0.03714999
2015-10-22,0.036962416
2015-10-23,0.037078112
2015-10-24,0.037078112
2015-10-25,0.037078112
2015-10-26,0.03710581
2015-10-27,0.036978006
2015-10-28,0.037076294
2015-10-29,0.03694577
2015-10-30,0.037119772
2015-10-31,0.037113048
2015-11-01,0.037113048
2015-11-02,0.03719172
2015-11-03,0.037258334
2015-11-04,0.037198797
2015-11-05,0.03708716
2015-11-06,0.03776499
2015-11-07,0.037766032
2015-11-08,0.03776572
2015-11-09,0.03779691
2015-11-10,0.037796084
2015-11-11,0.03778387
2015-11-12,0.037816778
2015-11-13,0.037806585
2015-11-14,0.03780446
2015-11-15,0.03780446
2015-11-16,0.03780828
2015-11-17,0.037704423
2015-11-18,0.03764194
2015-11-19,0.03763937
2015-11-20,0.037670244
2015-11-21,0.037670244
2015-11-22,0.037670244
2015-11-23,0.037680265
2015-11-24,0.037694298
2015-11-25,0.037673898
2015-11-26,0.037674673
2015-11-27,0.037674617
2015-11-28,0.037674617
2015-11-29,0.037674617
2015-11-30,0.037676185
2015-12-01,0.037674278
2015-12-02,0.037708394
2015-12-03,0.037699413
2015-12-04,0.03770705
2015-12-05,0.03770705
2015-12-06,0.03770705
2015-12-07,0.037706815
2015-12-08,0.03768818
2015-12-09,0.037684955
2015-12-10,0.037688293
2015-12-11,0.0376886
2015-12-12,0.0376886
2015-12-13,0.0376886
2015-12-14,0.037689667
2015-12-15,0.03768979
2015-12-16,0.03771608
2015-12-17,0.037730187
2015-12-18,0.03764916
2015-12-19,0.03764916
2015-12-20,0.03764916
2015-12-21,0.037650377
2015-12-22,0.03760252
2015-12-23,0.037589114
2015-12-24,0.0375891
2015-12-25,0.0375891
2015-12-26,0.0375891
2015-12-27,0.0375891
2015-12-28,0.0375891
2015-12-29,0.03758877
2015-12-30,0.03758877
2015-12-31,0.03758877
2016-01-01,0.03758877
2016-01-02,0.03758877
2016-01-03,0.03758877
2016-01-04,0.03758877
2016-01-05,0.037588086
2016-01-06,0.03759321
2016-01-07,0.037625957
2016-01-08,0.037625894
2016-01-09,0.037625894
2016-01-10,0.037625894
2016-01-11,0.037613958
2016-01-12,0.037607025
2016-01-13,0.037613798
2016-01-14,0.037617624
2016-01-15,0.03761427
2016-01-16,0.03761427
2016-01-17,0.03761427
2016-01-18,0.03761422
2016-01-19,0.037681043
2016-01-20,0.037697982
2016-01-21,0.037751302
2016-01-22,0.038028076
2016-01-23,0.038028076
2016-01-24,0.038028076
2016-01-25,0.037995398
2016-01-26,0.038719848
2016-01-27,0.03870483
2016-01-28,0.03826565
2016-01-29,0.03814384
2016-01-30,0.03814384
2016-01-31,0.03814384
2016-02-01,0.038067453
2016-02-02,0.037508983
2016-02-03,0.036916915
2016-02-04,0.036736675
2016-02-05,0.036733888
2016-02-06,0.036733128
2016-02-07,0.036733128
2016-02-08,0.036754604
2016-02-09,0.036695667
2016-02-10,0.03656878
2016-02-11,0.036216408
2016-02-12,0.03619326
2016-02-13,0.03619326
2016-02-14,0.03619326
2016-02-15,0.036192827
2016-02-16,0.036139052
2016-02-17,0.03613611
2016-02-18,0.036047682
2016-02-19,0.0359301
2016-02-20,0.035948295
2016-02-21,0.035948295
2016-02-22,0.03594883
2016-02-23,0.035885796
2016-02-24,0.03581968
2016-02-25,0.03581856
2016-02-26,0.03587327
2016-02-27,0.03530322
2016-02-28,0.03530322
2016-02-29,0.03527969
2016-03-01,0.035270933
2016-03-02,0.035288
2016-03-03,0.03527426
2016-03-04,0.035268992
2016-03-05,0.035268992
2016-03-06,0.035268992
2016-03-07,0.035262402
2016-03-08,0.035270944
2016-03-09,0.035274286
2016-03-10,0.035306096
2016-03-11,0.035304237
2016-03-12,0.035304237
2016-03-13,0.035304237
2016-03-14,0.035298217
2016-03-15,0.035272814
2016-03-16,0.035275448
2016-03-17,0.035298232
2016-03-18,0.035309363
2016-03-19,0.035309367
2016-03-20,0.035309367
2016-03-21,0.035302177
2016-03-22,0.035309676
2016-03-23,0.03527891
2016-03-24,0.035306834
2016-03-25,0.035306867
2016-03-26,0.035306867
2016-03-27,0.035306867
2016-03-28,0.035298288
2016-03-29,0.03527975
2016-03-30,0.03525844
2016-03-31,0.035258092
2016-04-01,0.03521179
2016-04-02,0.03521179
2016-04-03,0.03521179
2016-04-04,0.035211794
2016-04-05,0.035250053
2016-04-06,0.035360314
2016-04-07,0.03537063
2016-04-08,0.035341937
2016-04-09,0.03537207
2016-04-10,0.03537207
2016-04-11,0.035379656
2016-04-12,0.035372373
2016-04-13,0.035373587
2016-04-14,0.035357174
2016-04-15,0.035357144
2016-04-16,0.035357144
2016-04-17,0.035357144
2016-04-18,0.03502123
2016-04-19,0.0350427
2016-04-20,0.034866612
2016-04-21,0.034523807
2016-04-22,0.034506503
2016-04-23,0.034506503
2016-04-24,0.034506503
2016-04-25,0.03453092
2016-04-26,0.03364485
2016-04-27,0.033501346
2016-04-28,0.0335656
2016-04-29,0.03339332
2016-04-30,0.0332421
2016-05-01,0.0332421
2016-05-02,0.033299945
2016-05-03,0.03317789
2016-05-04,0.033158522
2016-05-05,0.033156876
2016-05-06,0.03311107
2016-05-07,0.033111375
2016-05-08,0.03311121
2016-05-09,0.03308067
2016-05-10,0.033041183
2016-05-11,0.032988172
2016-05-12,0.03289083
2016-05-13,0.032895375
2016-05-14,0.032895796
2016-05-15,0.032893907
2016-05-16,0.03288037
2016-05-17,0.032908164
2016-05-18,0.03284221
2016-05-19,0.032756828
2016-05-20,0.032772556
2016-05-21,0.032772556
2016-05-22,0.032772556
2016-05-23,0.032776065
2016-05-24,0.032834873
2016-05-25,0.03280376
2016-05-26,0.032725558
2016-05-27,0.03273116
2016-05-28,0.03273116
2016-05-29,0.03273116
2016-05-30,0.03273116
2016-05-31,0.032762755
2016-06-01,0.0327462
2016-06-02,0.03264344
2016-06-03,0.032643322
2016-06-04,0.032643322
2016-06-05,0.032643322
2016-06-06,0.032645784
2016-06-07,0.03260415
2016-06-08,0.032579202
2016-06-09,0.032581743
2016-06-10,0.032581735
2016-06-11,0.032581735
2016-06-12,0.032581735
2016-06-13,0.03258143
2016-06-14,0.032583073
2016-06-15,0.032585524
2016-06-16,0.03267475
2016-06-17,0.03267323
2016-06-18,0.03267323
2016-06-19,0.03267323
2016-06-20,0.03267323
2016-06-21,0.032587577
2016-06-22,0.03259289
2016-06-23,0.0326153
2016-06-24,0.0326157
2016-06-25,0.0326157
2016-06-26,0.0326157
2016-06-27,0.032616172
2016-06-28,0.03261242
2016-06-29,0.032585267
2016-06-30,0.032593608
2016-07-01,0.032593157
2016-07-02,0.032593157
2016-07-03,0.032593157
2016-07-04,0.032593157
2016-07-05,0.032593906
2016-07-06,0.032568436
2016-07-07,0.032644622
2016-07-08,0.032644622
2016-07-09,0.032644622
2016-07-10,0.032644622
2016-07-11,0.03265972
2016-07-12,0.03266144
2016-07-13,0.03267688
2016-07-14,0.032763556
2016-07-15,0.032761343
2016-07-16,0.032761343
2016-07-17,0.032761343
2016-07-18,0.032953918
2016-07-19,0.032988064
2016-07-20,0.033027165
2016-07-21,0.033233974
2016-07-22,0.033471365
2016-07-23,0.033471365
2016-07-24,0.033471365
2016-07-25,0.033543766
2016-07-26,0.03316769
2016-07-27,0.033389565
2016-07-28,0.03355289
2016-07-29,0.033605605
2016-07-30,0.03360491
2016-07-31,0.03360491
2016-08-01,0.033565894
2016-08-02,0.033633977
2016-08-03,0.033660393
2016-08-04,0.03372501
2016-08-05,0.033807617
2016-08-06,0.033810373
2016-08-07,0.033810373
2016-08-08,0.033821505
2016-08-09,0.033707682
2016-08-10,0.03371428
2016-08-11,0.03371495
2016-08-12,0.033703
2016-08-13,0.033703152
2016-08-14,0.033703152
2016-08-15,0.033737805
2016-08-16,0.033936616
2016-08-17,0.03405637
2016-08-18,0.034107763
2016-08-19,0.034075566
2016-08-20,0.034075346
2016-08-21,0.034075346
2016-08-22,0.03407482
2016-08-23,0.034089614
2016-08-24,0.03410307
2016-08-25,0.034058027
2016-08-26,0.034057546
2016-08-27,0.034057546
2016-08-28,0.034057546
2016-08-29,0.03406163
2016-08-30,0.034063675
2016-08-31,0.034052663
2016-09-01,0.034056313
2016-09-02,0.034056254
2016-09-03,0.034056254
2016-09-04,0.034056254
2016-09-05,0.034056254
2016-09-06,0.034060087
2016-09-07,0.034061752
2016-09-08,0.034075964
2016-09-09,0.034031253
2016-09-10,0.03403458
2016-09-11,0.03403458
2016-09-12,0.03403362
2016-09-13,0.03403317
2016-09-14,0.03403456
2016-09-15,0.033929422
2016-09-16,0.033929422
2016-09-17,0.033929422
2016-09-18,0.03392941
2016-09-19,0.033930566
2016-09-20,0.034034055
2016-09-21,0.034044508
2016-09-22,0.034069248
2016-09-23,0.03407104
2016-09-24,0.03407104
2016-09-25,0.03407104
2016-09-26,0.034157347
2016-09-27,0.03415208
2016-09-28,0.03415395
2016-09-29,0.034168784
2016-09-30,0.034171183
2016-10-01,0.034171183
2016-10-02,0.034171183
2016-10-03,0.034170963
2016-10-04,0.03416756
2016-10-05,0.034076825
2016-10-06,0.034079272
2016-10-07,0.034079127
2016-10-08,0.034079127
2016-10-09,0.034079127
2016-10-10,0.034079127
2016-10-11,0.03407451
2016-10-12,0.034074403
2016-10-13,0.034039583
2016-10-14,0.034037743
2016-10-15,0.034037743
2016-10-16,0.034037743
2016-10-17,0.03407129
2016-10-18,0.0341774
2016-10-19,0.03425115
2016-10-20,0.03470071
2016-10-21,0.03477215
2016-10-22,0.034779336
2016-10-23,0.034783497
2016-10-24,0.034813654
2016-10-25,0.035043944
2016-10-26,0.03521638
2016-10-27,0.03511784
2016-10-28,0.03510723
2016-10-29,0.035108376
2016-10-30,0.035108376
2016-10-31,0.03516379
2016-11-01,0.03463473
2016-11-02,0.034932483
2016-11-03,0.0349069
2016-11-04,0.03537114
2016-11-05,0.035382118
2016-11-06,0.03539097
2016-11-07,0.035415687
2016-11-08,0.035416756
2016-11-09,0.035308454
2016-11-10,0.035303127
2016-11-11,0.035299733
2016-11-12,0.035299733
2016-11-13,0.035299733
2016-11-14,0.03529245
2016-11-15,0.035110332
2016-11-16,0.035017513
2016-11-17,0.034968514
2016-11-18,0.034964338
2016-11-19,0.034964338
2016-11-20,0.034964338
2016-11-21,0.034953788
2016-11-22,0.03497826
2016-11-23,0.034971587
2016-11-24,0.034975775
2016-11-25,0.034975775
2016-11-26,0.034975775
2016-11-27,0.034975775
2016-11-28,0.034974907
2016-11-29,0.034965437
2016-11-30,0.03497966
2016-12-01,0.03497451
2016-12-02,0.034976352
2016-12-03,0.034976352
2016-12-04,0.034976352
2016-12-05,0.034976617
2016-12-06,0.034969263
2016-12-07,0.034950778
2016-12-08,0.035004325
2016-12-09,0.03500415
2016-12-10,0.03500415
2016-12-11,0.03500415
2016-12-12,0.03500348
2016-12-13,0.035003986
2016-12-14,0.034995873
2016-12-15,0.035011556
2016-12-16,0.035011496
2016-12-17,0.035011496
2016-12-18,0.035011496
2016-12-19,0.035019256
2016-12-20,0.034924563
2016-12-21,0.034958776
2016-12-22,0.0349681
2016-12-23,0.034967672
2016-12-24,0.034967672
2016-12-25,0.034967672
2016-12-26,0.034967672
2016-12-27,0.034967754
2016-12-28,0.034967706
2016-12-29,0.034967527
2016-12-30,0.034967948
2016-12-31,0.03496937
2017-01-01,0.03496937
2017-01-02,0.03496937
2017-01-03,0.03496937
2017-01-04,0.03496897
2017-01-05,0.034997176
2017-01-06,0.034997508
2017-01-07,0.034997508
2017-01-08,0.034997508
2017-01-09,0.034993153
2017-01-10,0.035000585
2017-01-11,0.034999017
2017-01-12,0.03492639
2017-01-13,0.034924686
2017-01-14,0.03492426
2017-01-15,0.03492426
2017-01-16,0.03492559
2017-01-17,0.034885433
2017-01-18,0.034881912
2017-01-19,0.034999147
2017-01-20,0.035113126
2017-01-21,0.035113126
2017-01-22,0.035113126
2017-01-23,0.03510599
2017-01-24,0.035170488
2017-01-25,0.03498307
2017-01-26,0.03491765
2017-01-27,0.034772314
2017-01-28,0.034772314
2017-01-29,0.034772314
2017-01-30,0.034780495
2017-01-31,0.035636336
2017-02-01,0.035700954
2017-02-02,0.03584295
2017-02-03,0.03580215
2017-02-04,0.03580215
2017-02-05,0.03580215
2017-02-06,0.03584254
2017-02-07,0.03566624
2017-02-08,0.035730828
2017-02-09,0.035664164
2017-02-10,0.035623893
2017-02-11,0.035621103
2017-02-12,0.035622913
2017-02-13,0.03568835
2017-02-14,0.035633516
2017-02-15,0.03557011
2017-02-16,0.035450242
2017-02-17,0.03546019
2017-02-18,0.035498235
2017-02-19,0.035498235
2017-02-20,0.035504468
2017-02-21,0.035898834
2017-02-22,0.03580974
2017-02-23,0.035723288
2017-02-24,0.03568471
2017-02-25,0.03552839
2017-02-26,0.03552839
2017-02-27,0.035419777
2017-02-28,0.035466928
2017-03-01,0.035510197
2017-03-02,0.03537309
2017-03-03,0.035371073
2017-03-04,0.035371073
2017-03-05,0.035371073
2017-03-06,0.035361957
2017-03-07,0.03538666
2017-03-08,0.03537242
2017-03-09,0.03539883
2017-03-10,0.03539657
2017-03-11,0.03539657
2017-03-12,0.03539657
2017-03-13,0.03539423
2017-03-14,0.03537886
2017-03-15,0.035376985
2017-03-16,0.035401892
2017-03-17,0.035411388
2017-03-18,0.035411388
2017-03-19,0.035411388
2017-03-20,0.035410326
2017-03-21,0.03536841
2017-03-22,0.03536089
2017-03-23,0.035400838
2017-03-24,0.0353997
2017-03-25,0.0353997
2017-03-26,0.0353997
2017-03-27,0.0353974
2017-03-28,0.03537682
2017-03-29,0.035365593
2017-03-30,0.035364844
2017-03-31,0.03536245
2017-04-01,0.03536269
2017-04-02,0.03536269
2017-04-03,0.035362568
2017-04-04,0.035360232
2017-04-05,0.035501823
2017-04-06,0.035491038
2017-04-07,0.035491038
2017-04-08,0.035491038
2017-04-09,0.035491038
2017-04-10,0.03549042
2017-04-11,0.035490803
2017-04-12,0.03548163
2017-04-13,0.03547914
2017-04-14,0.03547914
2017-04-15,0.03547914
2017-04-16,0.03547914
2017-04-17,0.03542386
2017-04-18,0.035244845
2017-04-19,0.0351078
2017-04-20,0.034962714
2017-04-21,0.034809697
2017-04-22,0.034809697
2017-04-23,0.0348073
2017-04-24,0.034745462
2017-04-25,0.03496953
2017-04-26,0.034864593
2017-04-27,0.034862276
2017-04-28,0.035147287
2017-04-29,0.03514854
2017-04-30,0.03514854
2017-05-01,0.035106644
2017-05-02,0.03442576
2017-05-03,0.034380674
2017-05-04,0.034549575
2017-05-05,0.034335483
2017-05-06,0.034335483
2017-05-07,0.034296203
2017-05-08,0.034288988
2017-05-09,0.034201894
2017-05-10,0.03411012
2017-05-11,0.034070898
2017-05-12,0.034128483
2017-05-13,0.034128483
2017-05-14,0.034128483
2017-05-15,0.034117952
2017-05-16,0.034113724
2017-05-17,0.034042787
2017-05-18,0.03392492
2017-05-19,0.03396634
2017-05-20,0.03396634
2017-05-21,0.033963688
2017-05-22,0.033968844
2017-05-23,0.034086518
2017-05-24,0.03409372
2017-05-25,0.03402027
2017-05-26,0.03402027
2017-05-27,0.03402027
2017-05-28,0.03402027
2017-05-29,0.03402027
2017-05-30,0.03402962
2017-05-31,0.033981435
2017-06-01,0.03393352
2017-06-02,0.03393184
2017-06-03,0.03393184
2017-06-04,0.03393184
2017-06-05,0.033932403
2017-06-06,0.033915292
2017-06-07,0.03391029
2017-06-08,0.033911053
2017-06-09,0.0339091
2017-06-10,0.0339091
2017-06-11,0.0339091
2017-06-12,0.033911835
2017-06-13,0.03391842
2017-06-14,0.033915192
2017-06-15,0.033914108
2017-06-16,0.033914108
2017-06-17,0.033914108
2017-06-18,0.033914108
2017-06-19,0.033914108
2017-06-20,0.033978857
2017-06-21,0.034068573
2017-06-22,0.034099393
2017-06-23,0.034098767
2017-06-24,0.034098767
2017-06-25,0.034098767
2017-06-26,0.03409952
2017-06-27,0.034103375
2017-06-28,0.034041915
2017-06-29,0.034094606
2017-06-30,0.034094296
2017-07-01,0.034094296
2017-07-02,0.034094296
2017-07-03,0.03409319
2017-07-04,0.03409319
2017-07-05,0.03409424
2017-07-06,0.034094047
2017-07-07,0.034094047
2017-07-08,0.034094047
2017-07-09,0.034094047
2017-07-10,0.034093484
2017-07-11,0.034174584
2017-07-12,0.034176987
2017-07-13,0.03425446
2017-07-14,0.034255445
2017-07-15,0.034255445
2017-07-16,0.034255445
2017-07-17,0.034244504
2017-07-18,0.034397922
2017-07-19,0.034327477
2017-07-20,0.03456124
2017-07-21,0.034645442
2017-07-22,0.034645442
2017-07-23,0.034643933
2017-07-24,0.034715243
2017-07-25,0.034995314
2017-07-26,0.035213456
2017-07-27,0.03512707
2017-07-28,0.03505688
2017-07-29,0.03505688
2017-07-30,0.03505734
2017-07-31,0.03506539
2017-08-01,0.034794882
2017-08-02,0.034781694
2017-08-03,0.034825876
2017-08-04,0.034825154
2017-08-05,0.034824904
2017-08-06,0.03482713
2017-08-07,0.034797486
2017-08-08,0.03476692
2017-08-09,0.034810085
2017-08-10,0.034790978
2017-08-11,0.03478032
2017-08-12,0.03478032
2017-08-13,0.03478027
2017-08-14,0.034794338
2017-08-15,0.03489363
2017-08-16,0.034893636
2017-08-17,0.03491412
2017-08-18,0.034868285
2017-08-19,0.034868285
2017-08-20,0.034868285
2017-08-21,0.034845717
2017-08-22,0.0348127
2017-08-23,0.034864895
2017-08-24,0.03486038
2017-08-25,0.034857966
2017-08-26,0.034857966
2017-08-27,0.034857966
2017-08-28,0.034863252
2017-08-29,0.03486453
2017-08-30,0.03486083
2017-08-31,0.03487519
2017-09-01,0.03487476
2017-09-02,0.03487496
2017-09-03,0.03487496
2017-09-04,0.03487496
2017-09-05,0.034882378
2017-09-06,0.03488688
2017-09-07,0.03489464
2017-09-08,0.03488412
2017-09-09,0.03488412
2017-09-10,0.03488412
2017-09-11,0.03488461
2017-09-12,0.03488466
2017-09-13,0.034901187
2017-09-14,0.03480662
2017-09-15,0.03480609
2017-09-16,0.03480609
2017-09-17,0.034806095
2017-09-18,0.0348071
2017-09-19,0.034752928
2017-09-20,0.03475086
2017-09-21,0.034751914
2017-09-22,0.034746774
2017-09-23,0.034746774
2017-09-24,0.034746774
2017-09-25,0.03475013
2017-09-26,0.03485278
2017-09-27,0.034863263
2017-09-28,0.034848012
2017-09-29,0.03484979
2017-09-30,0.03484979
2017-10-01,0.03484979
2017-10-02,0.03484979
2017-10-03,0.03485387
2017-10-04,0.034854528
2017-10-05,0.03488433
2017-10-06,0.034884933
2017-10-07,0.034884933
2017-10-08,0.034884933
2017-10-09,0.034884933
2017-10-10,0.034884855
2017-10-11,0.03486972
2017-10-12,0.034869876
2017-10-13,0.03486968
2017-10-14,0.03486968
2017-10-15,0.03486968
2017-10-16,0.03487415
2017-10-17,0.034839906
2017-10-18,0.034798138
2017-10-19,0.03483011
2017-10-20,0.03471974
2017-10-21,0.03471974
2017-10-22,0.034719624
2017-10-23,0.034799132
2017-10-24,0.0347841
2017-10-25,0.0348099
2017-10-26,0.035122722
2017-10-27,0.03520219
2017-10-28,0.035202157
2017-10-29,0.035202157
2017-10-30,0.035273753
2017-10-31,0.035404887
2017-11-01,0.035655554
2017-11-02,0.035963494
2017-11-03,0.03603441
2017-11-04,0.03603698
2017-11-05,0.036039352
2017-11-06,0.03610452
2017-11-07,0.036141567
2017-11-08,0.03615022
2017-11-09,0.036124423
2017-11-10,0.03612421
2017-11-11,0.03612421
2017-11-12,0.03612421
2017-11-13,0.036089778
2017-11-14,0.036048062
2017-11-15,0.035988174
2017-11-16,0.035955943
2017-11-17,0.035957124
2017-11-18,0.035957124
2017-11-19,0.035957817
2017-11-20,0.03595936
2017-11-21,0.03595735
2017-11-22,0.035955753
2017-11-23,0.035955753
2017-11-24,0.035955753
2017-11-25,0.035955753
2017-11-26,0.035955753
2017-11-27,0.035955764
2017-11-28,0.035952207
2017-11-29,0.035954565
2017-11-30,0.035954084
2017-12-01,0.035956673
2017-12-02,0.035956673
2017-12-03,0.035956673
2017-12-04,0.035958797
2017-12-05,0.035974354
2017-12-06,0.03608541
2017-12-07,0.03607016
2017-12-08,0.036070455
2017-12-09,0.036070455
2017-12-10,0.036070455
2017-12-11,0.036069762
2017-12-12,0.036070164
2017-12-13,0.03606022
2017-12-14,0.036056075
2017-12-15,0.036055937
2017-12-16,0.036055937
2017-12-17,0.036055937
2017-12-18,0.03605621
2017-12-19,0.03603078
2017-12-20,0.036037777
2017-12-21,0.036038723
2017-12-22,0.0360387
2017-12-23,0.0360387
2017-12-24,0.0360387
2017-12-25,0.0360387
2017-12-26,0.0360387
2017-12-27,0.036038682
2017-12-28,0.036036894
2017-12-29,0.036036514
2017-12-30,0.036036514
2017-12-31,0.036036514
2018-01-01,0.036036514
2018-01-02,0.036036514
2018-01-03,0.03605009
2018-01-04,0.03597074
2018-01-05,0.035952892
2018-01-06,0.035952892
2018-01-07,0.035952892
2018-01-08,0.03594763
2018-01-09,0.035946418
2018-01-10,0.035962593
2018-01-11,0.03591349
2018-01-12,0.035913594
2018-01-13,0.035913594
2018-01-14,0.035913594
2018-01-15,0.035913594
2018-01-16,0.035909973
2018-01-17,0.035930954
2018-01-18,0.03604862
2018-01-19,0.036061965
2018-01-20,0.036061965
2018-01-21,0.036061965
2018-01-22,0.036073375
2018-01-23,0.035866674
2018-01-24,0.03568648
2018-01-25,0.035725035
2018-01-26,0.035669994
2018-01-27,0.035669994
2018-01-28,0.035669994
2018-01-29,0.035650264
2018-01-30,0.035642236
2018-01-31,0.035941582
2018-02-01,0.037096065
2018-02-02,0.03698648
2018-02-03,0.03698648
2018-02-04,0.03698648
2018-02-05,0.03692083
2018-02-06,0.03703612
2018-02-07,0.03710833
2018-02-08,0.037097525
2018-02-09,0.037076034
2018-02-10,0.03707596
2018-02-11,0.03707596
2018-02-12,0.037078895
2018-02-13,0.037088346
2018-02-14,0.03707858
2018-02-15,0.036924977
2018-02-16,0.036788825
2018-02-17,0.036788825
2018-02-18,0.036788825
2018-02-19,0.036896955
2018-02-20,0.036888126
2018-02-21,0.03678829
2018-02-22,0.036623333
2018-02-23,0.036528397
2018-02-24,0.036388345
2018-02-25,0.036388345
2018-02-26,0.036413472
2018-02-27,0.036335073
2018-02-28,0.03636855
2018-03-01,0.036647566
2018-03-02,0.03674645
2018-03-03,0.03674645
2018-03-04,0.03674645
2018-03-05,0.03675004
2018-03-06,0.0367803
2018-03-07,0.036753096
2018-03-08,0.036753558
2018-03-09,0.03675927
2018-03-10,0.03675942
2018-03-11,0.03675942
2018-03-12,0.03676551
2018-03-13,0.036767248
2018-03-14,0.036772728
2018-03-15,0.036766168
2018-03-16,0.03672895
2018-03-17,0.036707498
2018-03-18,0.036707498
2018-03-19,0.036732644
2018-03-20,0.036714926
2018-03-21,0.03670531
2018-03-22,0.03673952
2018-03-23,0.03673902
2018-03-24,0.03673902
2018-03-25,0.03673902
2018-03-26,0.036745284
2018-03-27,0.03674689
2018-03-28,0.03676609
2018-03-29,0.036756724
2018-03-30,0.036756996
2018-03-31,0.036758766
2018-04-01,0.036758766
2018-04-02,0.03676244
2018-04-03,0.036758356
2018-04-04,0.036715463
2018-04-05,0.036831196
2018-04-06,0.036724567
2018-04-07,0.036724567
2018-04-08,0.036724567
2018-04-09,0.03672455
2018-04-10,0.036723766
2018-04-11,0.036719296
2018-04-12,0.036697537
2018-04-13,0.036723413
2018-04-14,0.036723413
2018-04-15,0.036723413
2018-04-16,0.03674219
2018-04-17,0.0366106
2018-04-18,0.03657142
2018-04-19,0.03645202
2018-04-20,0.0364714
2018-04-21,0.0364714
2018-04-22,0.0364714
2018-04-23,0.036379103
2018-04-24,0.036434826
2018-04-25,0.036249958
2018-04-26,0.03616418
2018-04-27,0.036538105
2018-04-28,0.036543082
2018-04-29,0.03654352
2018-04-30,0.036542412
2018-05-01,0.03581653
2018-05-02,0.03563783
2018-05-03,0.035482127
2018-05-04,0.03543677
2018-05-05,0.03543677
2018-05-06,0.035429083
2018-05-07,0.035340033
2018-05-08,0.03554781
2018-05-09,0.03543468
2018-05-10,0.035358746
2018-05-11,0.035393458
2018-05-12,0.03539346
2018-05-13,0.035394177
2018-05-14,0.035398416
2018-05-15,0.035407607
2018-05-16,0.03534751
2018-05-17,0.035279028
2018-05-18,0.03527652
2018-05-19,0.03527652
2018-05-20,0.03527652
2018-05-21,0.035279278
2018-05-22,0.03534674
2018-05-23,0.035272397
2018-05-24,0.03524982
2018-05-25,0.035249144
2018-05-26,0.035249144
2018-05-27,0.035249144
2018-05-28,0.035249144
2018-05-29,0.035245672
2018-05-30,0.035218976
2018-05-31,0.0351283
2018-06-01,0.0351283
2018-06-02,0.0351283
2018-06-03,0.0351283
2018-06-04,0.035127234
2018-06-05,0.035124306
2018-06-06,0.03510554
2018-06-07,0.03511026
2018-06-08,0.03510978
2018-06-09,0.03511244
2018-06-10,0.03511244
2018-06-11,0.035111144
2018-06-12,0.03511022
2018-06-13,0.03511483
2018-06-14,0.03509693
2018-06-15,0.03509589
2018-06-16,0.03509589
2018-06-17,0.03509589
2018-06-18,0.035094682
2018-06-19,0.03523522
2018-06-20,0.035257403
2018-06-21,0.035289895
2018-06-22,0.03529716
2018-06-23,0.03529716
2018-06-24,0.03529716
2018-06-25,0.035309315
2018-06-26,0.035341803
2018-06-27,0.035326827
2018-06-28,0.035345264
2018-06-29,0.035347875
2018-06-30,0.035347875
2018-07-01,0.035347875
2018-07-02,0.03534861
2018-07-03,0.03535164
2018-07-04,0.03535164
2018-07-05,0.035349768
2018-07-06,0.035349768
2018-07-07,0.035349768
2018-07-08,0.035349768
2018-07-09,0.035349842
2018-07-10,0.035443865
2018-07-11,0.03543881
2018-07-12,0.035497855
2018-07-13,0.035497576
2018-07-14,0.035497576
2018-07-15,0.035497576
2018-07-16,0.03549945
2018-07-17,0.035598762
2018-07-18,0.035758033
2018-07-19,0.036053244
2018-07-20,0.036115896
2018-07-21,0.036115896
2018-07-22,0.036115896
2018-07-23,0.03620829
2018-07-24,0.03609406
2018-07-25,0.036247086
2018-07-26,0.036872745
2018-07-27,0.037017204
2018-07-28,0.037017204
2018-07-29,0.0370182
2018-07-30,0.037063044
2018-07-31,0.037049577
2018-08-01,0.037219044
2018-08-02,0.037292518
2018-08-03,0.037470393
2018-08-04,0.03817488
2018-08-05,0.03817502
2018-08-06,0.038236298
2018-08-07,0.03825628
2018-08-08,0.038338505
2018-08-09,0.038333677
2018-08-10,0.03833413
2018-08-11,0.03833413
2018-08-12,0.03833413
2018-08-13,0.038353756
2018-08-14,0.038450357
2018-08-15,0.038458668
2018-08-16,0.038488828
2018-08-17,0.038469333
2018-08-18,0.038469333
2018-08-19,0.038469333
2018-08-20,0.03859626
2018-08-21,0.038579725
2018-08-22,0.038660966
2018-08-23,0.03866748
2018-08-24,0.03865881
2018-08-25,0.03865881
2018-08-26,0.03865881
2018-08-27,0.038659614
2018-08-28,0.03867991
2018-08-29,0.03866909
2018-08-30,0.038672175
2018-08-31,0.038672116
2018-09-01,0.038672116
2018-09-02,0.038672116
2018-09-03,0.038672116
2018-09-04,0.038675234
2018-09-05,0.03868418
2018-09-06,0.038684495
2018-09-07,0.038684703
2018-09-08,0.038684703
2018-09-09,0.038684703
2018-09-10,0.03869014
2018-09-11,0.038689505
2018-09-12,0.03869275
2018-09-13,0.038652845
2018-09-14,0.038652174
2018-09-15,0.038652174
2018-09-16,0.038652174
2018-09-17,0.038495347
2018-09-18,0.038494732
2018-09-19,0.0384935
2018-09-20,0.03852017
2018-09-21,0.03852017
2018-09-22,0.03852017
2018-09-23,0.03852017
2018-09-24,0.038519714
2018-09-25,0.03852491
2018-09-26,0.038521256
2018-09-27,0.038595077
2018-09-28,0.03859537
2018-09-29,0.03859537
2018-09-30,0.03859537
2018-10-01,0.03858895
2018-10-02,0.03858084
2018-10-03,0.038581338
2018-10-04,0.03861284
2018-10-05,0.03861284
2018-10-06,0.03861284
2018-10-07,0.03861284
2018-10-08,0.03861289
2018-10-09,0.038612872
2018-10-10,0.03861216
2018-10-11,0.038609248
2018-10-12,0.03860945
2018-10-13,0.03860945
2018-10-14,0.038606543
2018-10-15,0.038605805
2018-10-16,0.038594227
2018-10-17,0.038620926
2018-10-18,0.03860967
2018-10-19,0.038678836
2018-10-20,0.038678836
2018-10-21,0.038678836
2018-10-22,0.03869236
2018-10-23,0.03872844
2018-10-24,0.03876334
2018-10-25,0.0391385
2018-10-26,0.03917032
2018-10-27,0.03917755
2018-10-28,0.039180625
2018-10-29,0.03920978
2018-10-30,0.03936032
2018-10-31,0.03946419
2018-11-01,0.03985746
2018-11-02,0.040390447
2018-11-03,0.040904444
2018-11-04,0.040904444
2018-11-05,0.04107228
2018-11-06,0.041112777
2018-11-07,0.041182436
2018-11-08,0.041299984
2018-11-09,0.041289154
2018-11-10,0.04128268
2018-11-11,0.04128268
2018-11-12,0.041278232
2018-11-13,0.041199416
2018-11-14,0.041185994
2018-11-15,0.041066892
2018-11-16,0.041061588
2018-11-17,0.041061588
2018-11-18,0.041061588
2018-11-19,0.041051313
2018-11-20,0.040957756
2018-11-21,0.04093912
2018-11-22,0.04093912
2018-11-23,0.040939018
2018-11-24,0.040939018
2018-11-25,0.040939018
2018-11-26,0.04092429
2018-11-27,0.040929034
2018-11-28,0.040924184
2018-11-29,0.040928308
2018-11-30,0.04092599
2018-12-01,0.04092599
2018-12-02,0.04092599
2018-12-03,0.040925197
2018-12-04,0.040932927
2018-12-05,0.04093432
2018-12-06,0.040978175
2018-12-07,0.0409779
2018-12-08,0.04097843
2018-12-09,0.04097843
2018-12-10,0.04097552
2018-12-11,0.040975947
2018-12-12,0.04097089
2018-12-13,0.040957317
2018-12-14,0.040958945
2018-12-15,0.040958945
2018-12-16,0.040958945
2018-12-17,0.040978096
2018-12-18,0.040931005
2018-12-19,0.04094168
2018-12-20,0.0407948
2018-12-21,0.040790707
2018-12-22,0.040790707
2018-12-23,0.040790707
2018-12-24,0.040790644
2018-12-25,0.040790644
2018-12-26,0.040790644
2018-12-27,0.04079077
2018-12-28,0.04079089
2018-12-29,0.040791366
2018-12-30,0.040791366
2018-12-31,0.040791154
2019-01-01,0.040791154
2019-01-02,0.040791154
2019-01-03,0.04079182
2019-01-04,0.04079101
2019-01-05,0.04079101
2019-01-06,0.04079101
2019-01-07,0.040787637
2019-01-08,0.040788498
2019-01-09,0.040771775
2019-01-10,0.040770937
2019-01-11,0.04076936
2019-01-12,0.04076936
2019-01-13,0.04076936
2019-01-14,0.040769324
2019-01-15,0.040681858
2019-01-16,0.040732395
2019-01-17,0.040701773
2019-01-18,0.040684003
2019-01-19,0.040684003
2019-01-20,0.040684003
2019-01-21,0.040688317
2019-01-22,0.04068504
2019-01-23,0.040525787
2019-01-24,0.040276885
2019-01-25,0.04022193
2019-01-26,0.04022193
2019-01-27,0.04022193
2019-01-28,0.04019546
2019-01-29,0.040703602
2019-01-30,0.04084346
2019-01-31,0.040570904
2019-02-01,0.04028931
2019-02-02,0.040290587
2019-02-03,0.040290587
2019-02-04,0.04018016
2019-02-05,0.040003106
2019-02-06,0.039987523
2019-02-07,0.039563995
2019-02-08,0.039618254
2019-02-09,0.039618254
2019-02-10,0.039618254
2019-02-11,0.03964334
2019-02-12,0.039594248
2019-02-13,0.039530464
2019-02-14,0.0393391
2019-02-15,0.039296314
2019-02-16,0.039296314
2019-02-17,0.039296314
2019-02-18,0.039271962
2019-02-19,0.039266825
2019-02-20,0.03903334
2019-02-21,0.03882923
2019-02-22,0.038818702
2019-02-23,0.038818702
2019-02-24,0.038817056
2019-02-25,0.038806044
2019-02-26,0.038888544
2019-02-27,0.03897379
2019-02-28,0.038919665
2019-03-01,0.03948346
2019-03-02,0.039485462
2019-03-03,0.039485462
2019-03-04,0.03948241
2019-03-05,0.03952356
2019-03-06,0.039560396
2019-03-07,0.039528187
2019-03-08,0.039506722
2019-03-09,0.039506722
2019-03-10,0.039506722
2019-03-11,0.039496783
2019-03-12,0.039532386
2019-03-13,0.03953116
2019-03-14,0.0394668
2019-03-15,0.039474692
2019-03-16,0.039492987
2019-03-17,0.039492987
2019-03-18,0.039361496
2019-03-19,0.039349176
2019-03-20,0.03922607
2019-03-21,0.039242838
2019-03-22,0.039253186
2019-03-23,0.039253186
2019-03-24,0.039253186
2019-03-25,0.039253548
2019-03-26,0.03922429
2019-03-27,0.039194126
2019-03-28,0.03913669
2019-03-29,0.03913685
2019-03-30,0.03913685
2019-03-31,0.03913685
2019-04-01,0.039139066
2019-04-02,0.039168674
2019-04-03,0.039180886
2019-04-04,0.03917264
2019-04-05,0.039171815
2019-04-06,0.039171815
2019-04-07,0.039171815
2019-04-08,0.03917154
2019-04-09,0.039171726
2019-04-10,0.03915655
2019-04-11,0.039161842
2019-04-12,0.039160457
2019-04-13,0.039160457
2019-04-14,0.039160457
2019-04-15,0.039152913
2019-04-16,0.038964413
2019-04-17,0.038814723
2019-04-18,0.038682133
2019-04-19,0.038682133
2019-04-20,0.038682133
2019-04-21,0.038682133
2019-04-22,0.038642555
2019-04-23,0.038388055
2019-04-24,0.03800174
2019-04-25,0.03754966
2019-04-26,0.037483495
2019-04-27,0.037480295
2019-04-28,0.037480295
2019-04-29,0.037418827
2019-04-30,0.036566865
2019-05-01,0.036347784
2019-05-02,0.03632021
2019-05-03,0.036165517
2019-05-04,0.036519878
2019-05-05,0.03652604
2019-05-06,0.03649372
2019-05-07,0.036244985
2019-05-08,0.035862766
2019-05-09,0.0356609
2019-05-10,0.03561649
2019-05-11,0.0356149
2019-05-12,0.0356149
2019-05-13,0.03561543
2019-05-14,0.035599858
2019-05-15,0.03552426
2019-05-16,0.035384335
2019-05-17,0.035432003
2019-05-18,0.035432003
2019-05-19,0.035432003
2019-05-20,0.03543533
2019-05-21,0.0353152
2019-05-22,0.03524556
2019-05-23,0.03528322
2019-05-24,0.035272893
2019-05-25,0.035272893
2019-05-26,0.035272893
2019-05-27,0.035272893
2019-05-28,0.035269815
2019-05-29,0.035228822
2019-05-30,0.035041675
2019-05-31,0.035025194
2019-06-01,0.035025194
2019-06-02,0.035025194
2019-06-03,0.03502359
2019-06-04,0.034998894
2019-06-05,0.03497909
2019-06-06,0.034935206
2019-06-07,0.03493512
2019-06-08,0.03493512
2019-06-09,0.03493512
2019-06-10,0.034929108
2019-06-11,0.034917764
2019-06-12,0.034895647
2019-06-13,0.034888495
2019-06-14,0.034889147
2019-06-15,0.03488911
2019-06-16,0.03488911
2019-06-17,0.034889035
2019-06-18,0.034891803
2019-06-19,0.034958642
2019-06-20,0.034996297
2019-06-21,0.03500061
2019-06-22,0.03500061
2019-06-23,0.03500061
2019-06-24,0.035000704
2019-06-25,0.035001535
2019-06-26,0.034998734
2019-06-27,0.035001922
2019-06-28,0.035007235
2019-06-29,0.035007235
2019-06-30,0.035007235
2019-07-01,0.03500745
2019-07-02,0.035012603
2019-07-03,0.035012633
2019-07-04,0.035012633
2019-07-05,0.035012633
2019-07-06,0.035012633
2019-07-07,0.035012633
2019-07-08,0.035013627
2019-07-09,0.03508111
2019-07-10,0.035067003
2019-07-11,0.0351432
2019-07-12,0.035141885
2019-07-13,0.035141885
2019-07-14,0.035141885
2019-07-15,0.03514497
2019-07-16,0.035225987
2019-07-17,0.035300422
2019-07-18,0.035590276
2019-07-19,0.035601232
2019-07-20,0.035601232
2019-07-21,0.035601232
2019-07-22,0.035635404
2019-07-23,0.03578553
2019-07-24,0.035876077
2019-07-25,0.035923276
2019-07-26,0.03531045
2019-07-27,0.03532406
2019-07-28,0.03532406
2019-07-29,0.035401266
2019-07-30,0.035474274
2019-07-31,0.035425514
2019-08-01,0.035442084
2019-08-02,0.035642575
2019-08-03,0.034956962
2019-08-04,0.034956962
2019-08-05,0.034960583
2019-08-06,0.03486547
2019-08-07,0.034997404
2019-08-08,0.034931734
2019-08-09,0.034935404
2019-08-10,0.034943677
2019-08-11,0.034943677
2019-08-12,0.034950204
2019-08-13,0.034945596
2019-08-14,0.034972824
2019-08-15,0.0350604
2019-08-16,0.035034906
2019-08-17,0.035034906
2019-08-18,0.035034906
2019-08-19,0.03500865
2019-08-20,0.035200465
2019-08-21,0.035297304
2019-08-22,0.035308413
2019-08-23,0.03529923
2019-08-24,0.03529923
2019-08-25,0.03529923
2019-08-26,0.035300672
2019-08-27,0.035307005
2019-08-28,0.035319094
2019-08-29,0.035354163
2019-08-30,0.03535229
2019-08-31,0.03535229
2019-09-01,0.03535229
2019-09-02,0.03535229
2019-09-03,0.03535083
2019-09-04,0.035352997
2019-09-05,0.035362452
2019-09-06,0.03536191
2019-09-07,0.03536191
2019-09-08,0.03536191
2019-09-09,0.03536682
2019-09-10,0.03536909
2019-09-11,0.035276335
2019-09-12,0.035246797
2019-09-13,0.035247162
2019-09-14,0.035247162
2019-09-15,0.035247162
2019-09-16,0.035247397
2019-09-17,0.03517309
2019-09-18,0.035168312
2019-09-19,0.035158534
2019-09-20,0.035158563
2019-09-21,0.035158563
2019-09-22,0.035158563
2019-09-23,0.035158824
2019-09-24,0.03517458
2019-09-25,0.03517459
2019-09-26,0.03522258
2019-09-27,0.035222568
2019-09-28,0.035222568
2019-09-29,0.035222568
2019-09-30,0.035221945
2019-10-01,0.035223965
2019-10-02,0.03522595
2019-10-03,0.035270747
2019-10-04,0.03527375
2019-10-05,0.03527375
2019-10-06,0.03527375
2019-10-07,0.03527375
2019-10-08,0.03528135
2019-10-09,0.03528111
2019-10-10,0.03527415
2019-10-11,0.035276767
2019-10-12,0.035276767
2019-10-13,0.035276767
2019-10-14,0.035276767
2019-10-15,0.035304476
2019-10-16,0.0352401
2019-10-17,0.035222404
2019-10-18,0.035235345
2019-10-19,0.035235345
2019-10-20,0.035235345
2019-10-21,0.035234123
2019-10-22,0.03532608
2019-10-23,0.035275444
2019-10-24,0.035440534
2019-10-25,0.035457354
2019-10-26,0.035457354
2019-10-27,0.03545538
2019-10-28,0.0354829
2019-10-29,0.035365123
2019-10-30,0.035788447
2019-10-31,0.036009368
2019-11-01,0.035931233
2019-11-02,0.036059912
2019-11-03,0.036059912
2019-11-04,0.03583727
2019-11-05,0.035815828
2019-11-06,0.03576887
2019-11-07,0.035851795
2019-11-08,0.03593218
2019-11-09,0.035933122
2019-11-10,0.035933122
2019-11-11,0.035917133
2019-11-12,0.03592041
2019-11-13,0.03593423
2019-11-14,0.035883088
2019-11-15,0.0358843
2019-11-16,0.0358843
2019-11-17,0.035883904
2019-11-18,0.03588703
2019-11-19,0.035831694
2019-11-20,0.03575527
2019-11-21,0.03560196
2019-11-22,0.03560867
2019-11-23,0.03560867
2019-11-24,0.03560867
2019-11-25,0.035612714
2019-11-26,0.035567537
2019-11-27,0.035553854
2019-11-28,0.035553854
2019-11-29,0.035553887
2019-11-30,0.035553887
2019-12-01,0.035553887
2019-12-02,0.03555418
2019-12-03,0.035502903
2019-12-04,0.035521697
2019-12-05,0.035514597
2019-12-06,0.035510223
2019-12-07,0.035512686
2019-12-08,0.035512686
2019-12-09,0.035514068
2019-12-10,0.03549035
2019-12-11,0.03549037
2019-12-12,0.035484307
2019-12-13,0.03548672
2019-12-14,0.03548672
2019-12-15,0.03548672
2019-12-16,0.035486814
2019-12-17,0.035460938
2019-12-18,0.035463016
2019-12-19,0.03545581
2019-12-20,0.035350997
2019-12-21,0.035350997
2019-12-22,0.035350997
2019-12-23,0.03535109
2019-12-24,0.03535109
2019-12-25,0.03535109
2019-12-26,0.0353511
2019-12-27,0.03535209
2019-12-28,0.035355832
2019-12-29,0.035355832
2019-12-30,0.035355832
2019-12-31,0.035355847
2020-01-01,0.035355847
2020-01-02,0.03535651
2020-01-03,0.03535763
2020-01-04,0.03535763
2020-01-05,0.03535763
2020-01-06,0.035357397
2020-01-07,0.035357382
2020-01-08,0.035296448
2020-01-09,0.035300676
2020-01-10,0.035301775
2020-01-11,0.035301775
2020-01-12,0.035301775
2020-01-13,0.03530192
2020-01-14,0.03525693
2020-01-15,0.03525477
2020-01-16,0.035240397
2020-01-17,0.035230666
2020-01-18,0.035230666
2020-01-19,0.035230666
2020-01-20,0.035219964
2020-01-21,0.035288107
2020-01-22,0.035209652
2020-01-23,0.035223465
2020-01-24,0.03517424
2020-01-25,0.03517424
2020-01-26,0.03517424
2020-01-27,0.03517429
2020-01-28,0.035739712
2020-01-29,0.035844304
2020-01-30,0.035510756
2020-01-31,0.035363503
2020-02-01,0.035363503
2020-02-02,0.035363503
2020-02-03,0.035274606
2020-02-04,0.035126515
2020-02-05,0.035007074
2020-02-06,0.034703214
2020-02-07,0.03465874
2020-02-08,0.03465874
2020-02-09,0.03465874
2020-02-10,0.034654923
2020-02-11,0.034742434
2020-02-12,0.03471151
2020-02-13,0.034619592
2020-02-14,0.03460878
2020-02-15,0.03460882
2020-02-16,0.03460882
2020-02-17,0.03461115
2020-02-18,0.03457533
2020-02-19,0.03441594
2020-02-20,0.034118604
2020-02-21,0.034097973
2020-02-22,0.035145063
2020-02-23,0.035145063
2020-02-24,0.035153635
2020-02-25,0.035210986
2020-02-26,0.035171825
2020-02-27,0.03525991
2020-02-28,0.03525002
2020-02-29,0.035249997
2020-03-01,0.035249997
2020-03-02,0.03523181
2020-03-03,0.035255793
2020-03-04,0.03525029
2020-03-05,0.035310894
2020-03-06,0.035311997
2020-03-07,0.035311997
2020-03-08,0.035311997
2020-03-09,0.035301846
2020-03-10,0.035310064
2020-03-11,0.035302527
2020-03-12,0.035317183
2020-03-13,0.03532168
2020-03-14,0.03532168
2020-03-15,0.03532168
2020-03-16,0.035318382
2020-03-17,0.035319723
2020-03-18,0.035332244
2020-03-19,0.03529555
2020-03-20,0.03530668
2020-03-21,0.03530668
2020-03-22,0.03530668
2020-03-23,0.03530518
2020-03-24,0.035288252
2020-03-25,0.03529244
2020-03-26,0.03533957
2020-03-27,0.035338562
2020-03-28,0.03534574
2020-03-29,0.03534574
2020-03-30,0.035344146
2020-03-31,0.035331264
2020-04-01,0.035320427
2020-04-02,0.03533683
2020-04-03,0.035331856
2020-04-04,0.035331856
2020-04-05,0.035331856
2020-04-06,0.035334993
2020-04-07,0.035334468
2020-04-08,0.035328407
2020-04-09,0.03532859
2020-04-10,0.035328664
2020-04-11,0.03533053
2020-04-12,0.03533053
2020-04-13,0.035330582
2020-04-14,0.035425544
2020-04-15,0.035425607
2020-04-16,0.035386726
2020-04-17,0.03533958
2020-04-18,0.03533958
2020-04-19,0.03533958
2020-04-20,0.0350957
2020-04-21,0.035133395
2020-04-22,0.035090577
2020-04-23,0.035086386
2020-04-24,0.035054654
2020-04-25,0.035054654
2020-04-26,0.035054654
2020-04-27,0.03500584
2020-04-28,0.034685407
2020-04-29,0.034232516
2020-04-30,0.033094887
2020-05-01,0.032977328
2020-05-02,0.03297741
2020-05-03,0.03297741
2020-05-04,0.032982387
2020-05-05,0.032723
2020-05-06,0.032561533
2020-05-07,0.032515023
2020-05-08,0.032553963
2020-05-09,0.032556545
2020-05-10,0.032556545
2020-05-11,0.032512624
2020-05-12,0.032568227
2020-05-13,0.032580357
2020-05-14,0.032565672
2020-05-15,0.032537173
2020-05-16,0.032537133
2020-05-17,0.032537133
2020-05-18,0.032532707
2020-05-19,0.03260602
2020-05-20,0.032698236
2020-05-21,0.03261286
2020-05-22,0.032642175
2020-05-23,0.032642175
2020-05-24,0.032642175
2020-05-25,0.032642175
2020-05-26,0.032633428
2020-05-27,0.03271149
2020-05-28,0.032693848
2020-05-29,0.03268123
2020-05-30,0.032694742
2020-05-31,0.032694742
2020-06-01,0.032685075
2020-06-02,0.032683726
2020-06-03,0.03267306
2020-06-04,0.032662537
2020-06-05,0.032659348
2020-06-06,0.03265921
2020-06-07,0.03265921
2020-06-08,0.03266023
2020-06-09,0.032656018
2020-06-10,0.032662634
2020-06-11,0.032640666
2020-06-12,0.032640867
2020-06-13,0.032640867
2020-06-14,0.032640867
2020-06-15,0.03264197
2020-06-16,0.032666035
2020-06-17,0.032668624
2020-06-18,0.032723118
2020-06-19,0.032725465
2020-06-20,0.032725465
2020-06-21,0.032725465
2020-06-22,0.0327234
2020-06-23,0.03272609
2020-06-24,0.03273003
2020-06-25,0.032748573
2020-06-26,0.032747906
2020-06-27,0.032747906
2020-06-28,0.032747906
2020-06-29,0.03277391
2020-06-30,0.03281811
2020-07-01,0.032842606
2020-07-02,0.03284355
2020-07-03,0.03284355
2020-07-04,0.03284355
2020-07-05,0.03284355
2020-07-06,0.03284355
2020-07-07,0.032823183
2020-07-08,0.03282572
2020-07-09,0.032778747
2020-07-10,0.03278132
2020-07-11,0.03278132
2020-07-12,0.03278132
2020-07-13,0.032805406
2020-07-14,0.03280838
2020-07-15,0.03280425
2020-07-16,0.032676622
2020-07-17,0.032669827
2020-07-18,0.032669827
2020-07-19,0.032669827
2020-07-20,0.032767236
2020-07-21,0.032601148
2020-07-22,0.032607388
2020-07-23,0.032452874
2020-07-24,0.03239386
2020-07-25,0.03239386
2020-07-26,0.03239386
2020-07-27,0.032379456
2020-07-28,0.03229621
2020-07-29,0.032278325
2020-07-30,0.032453008
2020-07-31,0.03225309
2020-08-01,0.03225313
2020-08-02,0.03225299
2020-08-03,0.032189876
2020-08-04,0.031960856
2020-08-05,0.03205374
2020-08-06,0.03181945
2020-08-07,0.031894356
2020-08-08,0.032689735
2020-08-09,0.032689735
2020-08-10,0.03276083
2020-08-11,0.03276626
2020-08-12,0.032756988
2020-08-13,0.03275199
2020-08-14,0.032751057
2020-08-15,0.032751057
2020-08-16,0.032751057
2020-08-17,0.032755382
2020-08-18,0.03292402
2020-08-19,0.033146378
2020-08-20,0.03313839
2020-08-21,0.03314142
2020-08-22,0.03314142
2020-08-23,0.03314142
2020-08-24,0.033141654
2020-08-25,0.03312499
2020-08-26,0.033155706
2020-08-27,0.033172894
2020-08-28,0.033182442
2020-08-29,0.033182442
2020-08-30,0.033182442
2020-08-31,0.033187736
2020-09-01,0.033153065
2020-09-02,0.033147026
2020-09-03,0.03315562
2020-09-04,0.03315527
2020-09-05,0.03315527
2020-09-06,0.03315527
2020-09-07,0.03315527
2020-09-08,0.033170138
2020-09-09,0.033176098
2020-09-10,0.033125382
2020-09-11,0.033087175
2020-09-12,0.033087175
2020-09-13,0.033087175
2020-09-14,0.033087797
2020-09-15,0.03314558
2020-09-16,0.033150703
2020-09-17,0.033152416
2020-09-18,0.033152416
2020-09-19,0.033152416
2020-09-20,0.033152416
2020-09-21,0.03315277
2020-09-22,0.03324037
2020-09-23,0.033248715
2020-09-24,0.033286825
2020-09-25,0.033282895
2020-09-26,0.033282895
2020-09-27,0.033282895
2020-09-28,0.033293247
2020-09-29,0.03331955
2020-09-30,0.03331985
2020-10-01,0.033375893
2020-10-02,0.033375893
2020-10-03,0.033375893
2020-10-04,0.033375893
2020-10-05,0.033375893
2020-10-06,0.033369232
2020-10-07,0.03337702
2020-10-08,0.03338148
2020-10-09,0.03338148
2020-10-10,0.03338148
2020-10-11,0.03338148
2020-10-12,0.033381943
2020-10-13,0.033518717
2020-10-14,0.03353547
2020-10-15,0.033558484
2020-10-16,0.033595275
2020-10-17,0.033595275
2020-10-18,0.033595275
2020-10-19,0.033671297
2020-10-20,0.033851206
2020-10-21,0.034074444
2020-10-22,0.034253724
2020-10-23,0.034293614
2020-10-24,0.034293614
2020-10-25,0.03429981
2020-10-26,0.034440704
2020-10-27,0.03452947
2020-10-28,0.03541028
2020-10-29,0.036334924
2020-10-30,0.03640218
2020-10-31,0.03640651
2020-11-01,0.036409546
2020-11-02,0.036552094
2020-11-03,0.03676248
2020-11-04,0.036850337
2020-11-05,0.037358735
2020-11-06,0.037205976
2020-11-07,0.03657641
2020-11-08,0.03657641
2020-11-09,0.036649868
2020-11-10,0.036690544
2020-11-11,0.036692698
2020-11-12,0.03669182
2020-11-13,0.036693756
2020-11-14,0.036693785
2020-11-15,0.036693785
2020-11-16,0.036705226
2020-11-17,0.03649039
2020-11-18,0.03636144
2020-11-19,0.036351576
2020-11-20,0.036354978
2020-11-21,0.036354978
2020-11-22,0.036354978
2020-11-23,0.03636543
2020-11-24,0.03643702
2020-11-25,0.03643177
2020-11-26,0.03643177
2020-11-27,0.036431596
2020-11-28,0.036431596
2020-11-29,0.036431596
2020-11-30,0.03642675
2020-12-01,0.03642581
2020-12-02,0.036429264
2020-12-03,0.0363863
2020-12-04,0.036380876
2020-12-05,0.0363777
2020-12-06,0.0363777
2020-12-07,0.0364037
2020-12-08,0.036388017
2020-12-09,0.036392104
2020-12-10,0.03643584
2020-12-11,0.036436975
2020-12-12,0.036436975
2020-12-13,0.036436975
2020-12-14,0.036435727
2020-12-15,0.036437694
2020-12-16,0.03645737
2020-12-17,0.036445305
2020-12-18,0.0364441
2020-12-19,0.0364441
2020-12-20,0.0364443
2020-12-21,0.03644517
2020-12-22,0.03643451
2020-12-23,0.036438774
2020-12-24,0.036438774
2020-12-25,0.036438774
2020-12-26,0.036438774
2020-12-27,0.036438774
2020-12-28,0.036438733
2020-12-29,0.036438726
2020-12-30,0.036438797
2020-12-31,0.03643906
2021-01-01,0.03643906
2021-01-02,0.03643906
2021-01-03,0.03643906
2021-01-04,0.03643941
2021-01-05,0.036434066
2021-01-06,0.03643162
2021-01-07,0.036413684
2021-01-08,0.036413684
2021-01-09,0.036413684
2021-01-10,0.036413684
2021-01-11,0.036417097
2021-01-12,0.036419008
2021-01-13,0.036421396
2021-01-14,0.036420144
2021-01-15,0.036420003
2021-01-16,0.036420003
2021-01-17,0.036420003
2021-01-18,0.0364287
2021-01-19,0.03640154
2021-01-20,0.03641617
2021-01-21,0.036617506
2021-01-22,0.036621135
2021-01-23,0.036621135
2021-01-24,0.036621135
2021-01-25,0.03663194
2021-01-26,0.0367206
2021-01-27,0.038447443
2021-01-28,0.038385455
2021-01-29,0.038505975
2021-01-30,0.038505975
2021-01-31,0.038505975
2021-02-01,0.03861675
2021-02-02,0.03889825
2021-02-03,0.03900555
2021-02-04,0.038963582
2021-02-05,0.038962334
2021-02-06,0.038966782
2021-02-07,0.038966782
2021-02-08,0.038960494
2021-02-09,0.038923938
2021-02-10,0.038841747
2021-02-11,0.03890014
2021-02-12,0.03889427
2021-02-13,0.038893633
2021-02-14,0.038893633
2021-02-15,0.038878784
2021-02-16,0.03907967
2021-02-17,0.03935248
2021-02-18,0.0392826
2021-02-19,0.039298937
2021-02-20,0.039301302
2021-02-21,0.039301302
2021-02-22,0.03935513
2021-02-23,0.039380625
2021-02-24,0.039302263
2021-02-25,0.039961077
2021-02-26,0.03997747
2021-02-27,0.0403242
2021-02-28,0.040325735
2021-03-01,0.040225107
2021-03-02,0.040218625
2021-03-03,0.040224962
2021-03-04,0.040342074
2021-03-05,0.040327724
2021-03-06,0.040327724
2021-03-07,0.040327724
2021-03-08,0.0403309
2021-03-09,0.040339172
2021-03-10,0.040350065
2021-03-11,0.040365305
2021-03-12,0.04036798
2021-03-13,0.04036798
2021-03-14,0.04036798
2021-03-15,0.040367056
2021-03-16,0.040358406
2021-03-17,0.040364813
2021-03-18,0.04032795
2021-03-19,0.040330898
2021-03-20,0.040330898
2021-03-21,0.040330898
2021-03-22,0.040336013
2021-03-23,0.04034326
2021-03-24,0.040338557
2021-03-25,0.040333964
2021-03-26,0.04033235
2021-03-27,0.040334728
2021-03-28,0.040334728
2021-03-29,0.040345486
2021-03-30,0.040351767
2021-03-31,0.040365774
2021-04-01,0.040360134
2021-04-02,0.040360134
2021-04-03,0.040360134
2021-04-04,0.040360134
2021-04-05,0.04035953
2021-04-06,0.040368326
2021-04-07,0.040358424
2021-04-08,0.04033636
2021-04-09,0.04033636
2021-04-10,0.04033636
2021-04-11,0.04033636
2021-04-12,0.040336374
2021-04-13,0.040337447
2021-04-14,0.040337175
2021-04-15,0.040304657
2021-04-16,0.040303867
2021-04-17,0.040303867
2021-04-18,0.040303867
2021-04-19,0.040164337
2021-04-20,0.040264215
2021-04-21,0.040207442
2021-04-22,0.04035616
2021-04-23,0.04034429
2021-04-24,0.04034429
2021-04-25,0.04034429
2021-04-26,0.040399518
2021-04-27,0.040685456
2021-04-28,0.040146634
2021-04-29,0.041204832
2021-04-30,0.041265413
2021-05-01,0.041242555
2021-05-02,0.041242555
2021-05-03,0.039301246
2021-05-04,0.039828505
2021-05-05,0.03997565
2021-05-06,0.040375486
2021-05-07,0.040368162
2021-05-08,0.040365778
2021-05-09,0.040365778
2021-05-10,0.04024724
2021-05-11,0.040197525
2021-05-12,0.040203527
2021-05-13,0.039944116
2021-05-14,0.039933693
2021-05-15,0.039933693
2021-05-16,0.039933693
2021-05-17,0.039933212
2021-05-18,0.040051635
2021-05-19,0.040186584
2021-05-20,0.04018743
2021-05-21,0.04021186
2021-05-22,0.04021186
2021-05-23,0.04021186
2021-05-24,0.040234383
2021-05-25,0.04033306
2021-05-26,0.0403455
2021-05-27,0.04027987
2021-05-28,0.04028721
2021-05-29,0.04028765
2021-05-30,0.04028765
2021-05-31,0.04028765
2021-06-01,0.040281456
2021-06-02,0.04029993
2021-06-03,0.04028316
2021-06-04,0.040283322
2021-06-05,0.040283322
2021-06-06,0.040283322
2021-06-07,0.0402944
2021-06-08,0.040308032
2021-06-09,0.040288467
2021-06-10,0.04028098
2021-06-11,0.040279858
2021-06-12,0.040279858
2021-06-13,0.040279858
2021-06-14,0.04028035
2021-06-15,0.040378295
2021-06-16,0.040378112
2021-06-17,0.04038663
2021-06-18,0.0403867
2021-06-19,0.0403867
2021-06-20,0.0403867
2021-06-21,0.0403867
2021-06-22,0.04038833
2021-06-23,0.040394522
2021-06-24,0.040508892
2021-06-25,0.0405185
2021-06-26,0.0405185
2021-06-27,0.0405185
2021-06-28,0.040517915
2021-06-29,0.040517602
2021-06-30,0.040592983
2021-07-01,0.040604305
2021-07-02,0.040604305
2021-07-03,0.040604305
2021-07-04,0.040604305
2021-07-05,0.040604305
2021-07-06,0.040604614
2021-07-07,0.040607538
2021-07-08,0.040605284
2021-07-09,0.040605437
2021-07-10,0.040605437
2021-07-11,0.040605437
2021-07-12,0.040605407
2021-07-13,0.040656034
2021-07-14,0.04065837
2021-07-15,0.04066552
2021-07-16,0.040663235
2021-07-17,0.040663235
2021-07-18,0.040663235
2021-07-19,0.040747616
2021-07-20,0.040746003
2021-07-21,0.040776826
2021-07-22,0.041044172
2021-07-23,0.041051127
2021-07-24,0.041051127
2021-07-25,0.041051127
2021-07-26,0.04114107
2021-07-27,0.041468397
2021-07-28,0.0419863
2021-07-29,0.041984864
2021-07-30,0.042391717
2021-07-31,0.042391717
2021-08-01,0.04239591
2021-08-02,0.042501174
2021-08-03,0.042358264
2021-08-04,0.042434618
2021-08-05,0.042696144
2021-08-06,0.0425794
2021-08-07,0.043888234
2021-08-08,0.043888234
2021-08-09,0.044044085
2021-08-10,0.044075605
2021-08-11,0.04407986
2021-08-12,0.04407124
2021-08-13,0.044064946
2021-08-14,0.044064954
2021-08-15,0.044064954
2021-08-16,0.04406027
2021-08-17,0.044515725
2021-08-18,0.044711445
2021-08-19,0.044734765
2021-08-20,0.044714343
2021-08-21,0.04471434
2021-08-22,0.04471434
2021-08-23,0.044715963
2021-08-24,0.04463898
2021-08-25,0.04458265
2021-08-26,0.044503335
2021-08-27,0.044495467
2021-08-28,0.044495467
2021-08-29,0.044495467
2021-08-30,0.044499967
2021-08-31,0.044511463
2021-09-01,0.044522613
2021-09-02,0.04453329
2021-09-03,0.044533312
2021-09-04,0.044533312
2021-09-05,0.044533312
2021-09-06,0.044533312
2021-09-07,0.044538345
2021-09-08,0.044548932
2021-09-09,0.044557855
2021-09-10,0.044558406
2021-09-11,0.044558406
2021-09-12,0.044558406
2021-09-13,0.044496227
2021-09-14,0.044493817
2021-09-15,0.044493817
2021-09-16,0.04449391
2021-09-17,0.044493984
2021-09-18,0.044493984
2021-09-19,0.044493984
2021-09-20,0.044494033
2021-09-21,0.044498533
2021-09-22,0.044500895
2021-09-23,0.0445192
2021-09-24,0.044519667
2021-09-25,0.044519667
2021-09-26,0.044519667
2021-09-27,0.04452077
2021-09-28,0.04462441
2021-09-29,0.044620603
2021-09-30,0.044610154
2021-10-01,0.044618
2021-10-02,0.044618
2021-10-03,0.044618
2021-10-04,0.044617847
2021-10-05,0.04462381
2021-10-06,0.044631638
2021-10-07,0.04462821
2021-10-08,0.04462821
2021-10-09,0.04462821
2021-10-10,0.04462821
2021-10-11,0.04462821
2021-10-12,0.044630006
2021-10-13,0.04458678
2021-10-14,0.04460664
2021-10-15,0.04461167
2021-10-16,0.04461167
2021-10-17,0.04461167
2021-10-18,0.044621304
2021-10-19,0.04474831
2021-10-20,0.044804644
2021-10-21,0.044763364
2021-10-22,0.04476996
2021-10-23,0.04476996
2021-10-24,0.044770315
2021-10-25,0.044642463
2021-10-26,0.044797648
2021-10-27,0.04496666
2021-10-28,0.04472684
2021-10-29,0.045444172
2021-10-30,0.045444172
2021-10-31,0.045444172
2021-11-01,0.045423917
2021-11-02,0.045777567
2021-11-03,0.04603085
2021-11-04,0.04645403
2021-11-05,0.046435054
2021-11-06,0.0449537
2021-11-07,0.0449537
2021-11-08,0.044953898
2021-11-09,0.04496785
2021-11-10,0.04486537
2021-11-11,0.044931922
2021-11-12,0.04480678
2021-11-13,0.044807382
2021-11-14,0.044807382
2021-11-15,0.044783335
2021-11-16,0.044624873
2021-11-17,0.044565186
2021-11-18,0.04451033
2021-11-19,0.0445161
2021-11-20,0.0445161
2021-11-21,0.0445161
2021-11-22,0.04450728
2021-11-23,0.044348642
2021-11-24,0.04430608
2021-11-25,0.04430608
2021-11-26,0.04430608
2021-11-27,0.04430608
2021-11-28,0.04430608
2021-11-29,0.044304337
2021-11-30,0.044277407
2021-12-01,0.04428
2021-12-02,0.044221386
2021-12-03,0.044215564
2021-12-04,0.044215564
2021-12-05,0.044215564
2021-12-06,0.044214416
2021-12-07,0.044205558
2021-12-08,0.04421555
2021-12-09,0.044229552
2021-12-10,0.04422539
2021-12-11,0.04422539
2021-12-12,0.04422539
2021-12-13,0.044222414
2021-12-14,0.044221282
2021-12-15,0.04424489
2021-12-16,0.044279557
2021-12-17,0.044277083
2021-12-18,0.044277083
2021-12-19,0.044277083
2021-12-20,0.044209655
2021-12-21,0.044216085
2021-12-22,0.044207912
2021-12-23,0.044207875
2021-12-24,0.044207875
2021-12-25,0.044207875
2021-12-26,0.044207875
2021-12-27,0.044207938
2021-12-28,0.044207938
2021-12-29,0.044207975
2021-12-30,0.044207975
2021-12-31,0.044207975
2022-01-01,0.044207975
2022-01-02,0.044207975
2022-01-03,0.044207975
2022-01-04,0.04421002
2022-01-05,0.044205487
2022-01-06,0.044214476
2022-01-07,0.044209674
2022-01-08,0.044209674
2022-01-09,0.044209674
2022-01-10,0.04421368
2022-01-11,0.044201434
2022-01-12,0.044208646
2022-01-13,0.044194605
2022-01-14,0.044194553
2022-01-15,0.044194553
2022-01-16,0.044194553
2022-01-17,0.044194553
2022-01-18,0.044196665
2022-01-19,0.044220302
2022-01-20,0.044129692
2022-01-21,0.044127848
2022-01-22,0.044149373
2022-01-23,0.044149373
2022-01-24,0.044294056
2022-01-25,0.0443207
2022-01-26,0.044228066
2022-01-27,0.04518515
2022-01-28,0.04507415
2022-01-29,0.04508339
2022-01-30,0.04508339
2022-01-31,0.04506455
2022-02-01,0.045027878
2022-02-02,0.045155473
2022-02-03,0.04568198
2022-02-04,0.04566656
2022-02-05,0.04566656
2022-02-06,0.045653347
2022-02-07,0.045651965
2022-02-08,0.045629486
2022-02-09,0.046010245
2022-02-10,0.045729272
2022-02-11,0.045791347
2022-02-12,0.045791347
2022-02-13,0.045791347
2022-02-14,0.045788832
2022-02-15,0.04569519
2022-02-16,0.045943305
2022-02-17,0.045943383
2022-02-18,0.04591513
2022-02-19,0.045911815
2022-02-20,0.045911815
2022-02-21,0.045954593
2022-02-22,0.046033647
2022-02-23,0.045494605
2022-02-24,0.04591438
2022-02-25,0.045901738
2022-02-26,0.048050232
2022-02-27,0.048050232
2022-02-28,0.048080057
2022-03-01,0.04807893
2022-03-02,0.048116315
2022-03-03,0.04823492
2022-03-04,0.048233297
2022-03-05,0.048233297
2022-03-06,0.048233297
2022-03-07,0.04823988
2022-03-08,0.048221536
2022-03-09,0.048236568
2022-03-10,0.048232008
2022-03-11,0.048233837
2022-03-12,0.048234235
2022-03-13,0.048234235
2022-03-14,0.04822737
2022-03-15,0.04817452
2022-03-16,0.048141267
2022-03-17,0.048113286
2022-03-18,0.048113346
2022-03-19,0.048113346
2022-03-20,0.048113346
2022-03-21,0.048115842
2022-03-22,0.04811456
2022-03-23,0.04810419
2022-03-24,0.04810338
2022-03-25,0.04810311
2022-03-26,0.04810311
2022-03-27,0.04810311
2022-03-28,0.04810086
2022-03-29,0.048095256
2022-03-30,0.04803028
2022-03-31,0.048016988
2022-04-01,0.048016988
2022-04-02,0.048016988
2022-04-03,0.048016988
2022-04-04,0.04801714
2022-04-05,0.048025142
2022-04-06,0.048018668
2022-04-07,0.04800723
2022-04-08,0.04800706
2022-04-09,0.04800706
2022-04-10,0.04800706
2022-04-11,0.04800702
2022-04-12,0.04800163
2022-04-13,0.047999457
2022-04-14,0.047999475
2022-04-15,0.047999475
2022-04-16,0.047999475
2022-04-17,0.047999475
2022-04-18,0.047998723
2022-04-19,0.047999434
2022-04-20,0.048018258
2022-04-21,0.048126686
2022-04-22,0.048111293
2022-04-23,0.048111293
2022-04-24,0.048111293
2022-04-25,0.048191022
2022-04-26,0.047831766
2022-04-27,0.047728635
2022-04-28,0.047363162
2022-04-29,0.04822858
2022-04-30,0.045538556
2022-05-01,0.045538556
2022-05-02,0.045549493
2022-05-03,0.04572549
2022-05-04,0.046076287
2022-05-05,0.04629956
2022-05-06,0.046476196
2022-05-07,0.046476196
2022-05-08,0.046476196
2022-05-09,0.04658456
2022-05-10,0.046668008
2022-05-11,0.046698473
2022-05-12,0.0466514
2022-05-13,0.046649743
2022-05-14,0.046649743
2022-05-15,0.046650264
2022-05-16,0.04664855
2022-05-17,0.046502907
2022-05-18,0.046559397
2022-05-19,0.046473097
2022-05-20,0.04653066
2022-05-21,0.04653066
2022-05-22,0.04653066
2022-05-23,0.046534806
2022-05-24,0.046619855
2022-05-25,0.046588928
2022-05-26,0.04657576
2022-05-27,0.046587106
2022-05-28,0.04656552
2022-05-29,0.04656552
2022-05-30,0.04656552
2022-05-31,0.046542544
2022-06-01,0.04652223
2022-06-02,0.046506576
2022-06-03,0.04650647
2022-06-04,0.04650647
2022-06-05,0.04650647
2022-06-06,0.046506923
2022-06-07,0.04650627
2022-06-08,0.046500657
2022-06-09,0.046498243
2022-06-10,0.046497382
2022-06-11,0.046497382
2022-06-12,0.046497382
2022-06-13,0.046528935
2022-06-14,0.046542294
2022-06-15,0.046539128
2022-06-16,0.046573926
2022-06-17,0.046573933
2022-06-18,0.046573933
2022-06-19,0.046573933
2022-06-20,0.04657426
2022-06-21,0.046619568
2022-06-22,0.046623822
2022-06-23,0.046704657
2022-06-24,0.04671326
2022-06-25,0.04671326
2022-06-26,0.04671326
2022-06-27,0.046701852
2022-06-28,0.046700306
2022-06-29,0.046712745
2022-06-30,0.046705913
2022-07-01,0.046705913
2022-07-02,0.046705913
2022-07-03,0.046705913
2022-07-04,0.046705913
2022-07-05,0.046705913
2022-07-06,0.046705842
2022-07-07,0.046697628
2022-07-08,0.046697628
2022-07-09,0.046697628
2022-07-10,0.046697628
2022-07-11,0.04669541
2022-07-12,0.04675368
2022-07-13,0.046829488
2022-07-14,0.04683531
2022-07-15,0.0468353
2022-07-16,0.0468353
2022-07-17,0.0468353
2022-07-18,0.046879422
2022-07-19,0.046731558
2022-07-20,0.04667769
2022-07-21,0.04699441
2022-07-22,0.04696538
2022-07-23,0.04696538
2022-07-24,0.04696406
2022-07-25,0.046931416
2022-07-26,0.046946976
2022-07-27,0.046991557
2022-07-28,0.047877625
2022-07-29,0.04903922
2022-07-30,0.04903935
2022-07-31,0.04903935
2022-08-01,0.049280785
2022-08-02,0.050261892
2022-08-03,0.0504167
2022-08-04,0.050753567
2022-08-05,0.050784457
2022-08-06,0.050788727
2022-08-07,0.050788727
2022-08-08,0.05083944
2022-08-09,0.05083136
2022-08-10,0.050799705
2022-08-11,0.05080675
2022-08-12,0.050813857
2022-08-13,0.050816007
2022-08-14,0.050816007
2022-08-15,0.05083619
2022-08-16,0.05127998
2022-08-17,0.05122878
2022-08-18,0.0512111
2022-08-19,0.051220465
2022-08-20,0.051220465
2022-08-21,0.051220465
2022-08-22,0.051215027
2022-08-23,0.051185038
2022-08-24,0.05103629
2022-08-25,0.050969362
2022-08-26,0.050972335
2022-08-27,0.050972335
2022-08-28,0.050972335
2022-08-29,0.05103367
2022-08-30,0.0510419
2022-08-31,0.051050782
2022-09-01,0.051066652
2022-09-02,0.051066674
2022-09-03,0.051066674
2022-09-04,0.051066674
2022-09-05,0.051066674
2022-09-06,0.051066544
2022-09-07,0.05105827
2022-09-08,0.051057145
2022-09-09,0.051024493
2022-09-10,0.051024493
2022-09-11,0.051024493
2022-09-12,0.050843406
2022-09-13,0.050847538
2022-09-14,0.050847538
2022-09-15,0.050843958
2022-09-16,0.05084398
2022-09-17,0.05084398
2022-09-18,0.05084398
2022-09-19,0.05087175
2022-09-20,0.050871685
2022-09-21,0.05085795
2022-09-22,0.050804317
2022-09-23,0.0508044
2022-09-24,0.0508044
2022-09-25,0.0508044
2022-09-26,0.050804377
2022-09-27,0.05081636
2022-09-28,0.050817177
2022-09-29,0.050719768
2022-09-30,0.050719786
2022-10-01,0.050719786
2022-10-02,0.050719786
2022-10-03,0.050719786
2022-10-04,0.05072007
2022-10-05,0.050723318
2022-10-06,0.05073329
2022-10-07,0.05073329
2022-10-08,0.05073329
2022-10-09,0.05073329
2022-10-10,0.05073329
2022-10-11,0.05073526
2022-10-12,0.0507315
2022-10-13,0.05071341
2022-10-14,0.050713416
2022-10-15,0.050713416
2022-10-16,0.050713416
2022-10-17,0.05071338
2022-10-18,0.050786447
2022-10-19,0.050859205
2022-10-20,0.050676502
2022-10-21,0.050707344
2022-10-22,0.050707344
2022-10-23,0.050707344
2022-10-24,0.050683875
2022-10-25,0.05047688
2022-10-26,0.050174255
2022-10-27,0.049142145
2022-10-28,0.049508773
2022-10-29,0.049508773
2022-10-30,0.049508773
2022-10-31,0.049517237
2022-11-01,0.048427936
2022-11-02,0.048230864
2022-11-03,0.047749974
2022-11-04,0.047801018
2022-11-05,0.047801018
2022-11-06,0.047801018
2022-11-07,0.047655094
2022-11-08,0.047398813
2022-11-09,0.04735462
2022-11-10,0.047236208
2022-11-11,0.047237054
2022-11-12,0.047237273
2022-11-13,0.047237273
2022-11-14,0.04721263
2022-11-15,0.047135394
2022-11-16,0.04712403
2022-11-17,0.04708716
2022-11-18,0.04708812
2022-11-19,0.04708812
2022-11-20,0.04708812
2022-11-21,0.047123328
2022-11-22,0.04708384
2022-11-23,0.04710353
2022-11-24,0.04710353
2022-11-25,0.04710353
2022-11-26,0.04710353
2022-11-27,0.04710353
2022-11-28,0.04710096
2022-11-29,0.046960834
2022-11-30,0.04697052
2022-12-01,0.046956528
2022-12-02,0.04695637
2022-12-03,0.04695637
2022-12-04,0.04695637
2022-12-05,0.04695716
2022-12-06,0.04694511
2022-12-07,0.046943195
2022-12-08,0.046914626
2022-12-09,0.04691409
2022-12-10,0.04691409
2022-12-11,0.04691409
2022-12-12,0.046926744
2022-12-13,0.046925105
2022-12-14,0.046922963
2022-12-15,0.04692624
2022-12-16,0.046936233
2022-12-17,0.046936233
2022-12-18,0.046936233
2022-12-19,0.046937298
2022-12-20,0.04693162
2022-12-21,0.04693271
2022-12-22,0.046941996
2022-12-23,0.046942234
2022-12-24,0.046942234
2022-12-25,0.046942234
2022-12-26,0.046942234
2022-12-27,0.046942234
2022-12-28,0.046941455
2022-12-29,0.04653019
2022-12-30,0.046499774
2022-12-31,0.046499774
2023-01-01,0.046499774
2023-01-02,0.046499774
2023-01-03,0.04649934
2023-01-04,0.046499666
2023-01-05,0.04654135
2023-01-06,0.046538293
2023-01-07,0.046538293
2023-01-08,0.046538293
2023-01-09,0.04653559
2023-01-10,0.04655562
2023-01-11,0.046557408
2023-01-12,0.046558544
2023-01-13,0.04654239
2023-01-14,0.04654239
2023-01-15,0.04654239
2023-01-16,0.04654239
2023-01-17,0.04652834
2023-01-18,0.046534345
2023-01-19,0.04644833
2023-01-20,0.046452954
2023-01-21,0.046452954
2023-01-22,0.046452954
2023-01-23,0.046460625
2023-01-24,0.04627905
2023-01-25,0.04633016
2023-01-26,0.04610284
2023-01-27,0.04586043
2023-01-28,0.04586043
2023-01-29,0.04586043
2023-01-30,0.045858108
2023-01-31,0.045124974
2023-02-01,0.045176763
2023-02-02,0.04618658
2023-02-03,0.04613712
2023-02-04,0.04613712
2023-02-05,0.04613712
2023-02-06,0.046068724
2023-02-07,0.047202554
2023-02-08,0.046494212
2023-02-09,0.046230208
2023-02-10,0.046205208
2023-02-11,0.046205208
2023-02-12,0.046204016
2023-02-13,0.046198733
2023-02-14,0.046011355
2023-02-15,0.045962337
2023-02-16,0.045775715
2023-02-17,0.04572403
2023-02-18,0.04572403
2023-02-19,0.04572403
2023-02-20,0.045738637
2023-02-21,0.04516099
2023-02-22,0.044788025
2023-02-23,0.04495106
2023-02-24,0.044812154
2023-02-25,0.045806713
2023-02-26,0.045806713
2023-02-27,0.045884974
2023-02-28,0.04587048
2023-03-01,0.04568451
2023-03-02,0.045912527
2023-03-03,0.045913257
2023-03-04,0.045913257
2023-03-05,0.045913257
2023-03-06,0.045907892
2023-03-07,0.045884464
2023-03-08,0.04585292
2023-03-09,0.045703374
2023-03-10,0.045714285
2023-03-11,0.045715433
2023-03-12,0.045715433
2023-03-13,0.04565938
2023-03-14,0.045599736
2023-03-15,0.04561859
2023-03-16,0.045680925
2023-03-17,0.045678392
2023-03-18,0.045682788
2023-03-19,0.045682788
2023-03-20,0.045677926
2023-03-21,0.045669846
2023-03-22,0.045671284
2023-03-23,0.045640763
2023-03-24,0.04564064
2023-03-25,0.04564064
2023-03-26,0.04564064
2023-03-27,0.045641195
2023-03-28,0.045654368
2023-03-29,0.045649912
2023-03-30,0.045628153
2023-03-31,0.045627367
2023-04-01,0.04562754
2023-04-02,0.04562754
2023-04-03,0.045627564
2023-04-04,0.045626976
2023-04-05,0.045622867
2023-04-06,0.04560055
2023-04-07,0.04560055
2023-04-08,0.04560055
2023-04-09,0.04560055
2023-04-10,0.045603633
2023-04-11,0.045580838
2023-04-12,0.0455802
2023-04-13,0.045540653
2023-04-14,0.045540247
2023-04-15,0.045540247
2023-04-16,0.045540247
2023-04-17,0.04553719
2023-04-18,0.04564309
2023-04-19,0.045419347
2023-04-20,0.045407057
2023-04-21,0.04535463
2023-04-22,0.04535463
2023-04-23,0.04535463
2023-04-24,0.045447323
2023-04-25,0.0454651
2023-04-26,0.04512957
2023-04-27,0.04483871
2023-04-28,0.044685278
2023-04-29,0.044684142
2023-04-30,0.044684142
2023-05-01,0.04460416
2023-05-02,0.044110123
2023-05-03,0.044092126
2023-05-04,0.04311727
2023-05-05,0.043135677
2023-05-06,0.04425983
2023-05-07,0.04425983
2023-05-08,0.044245157
2023-05-09,0.044226598
2023-05-10,0.044033434
2023-05-11,0.043989144
2023-05-12,0.044024296
2023-05-13,0.044024296
2023-05-14,0.044024296
2023-05-15,0.044029057
2023-05-16,0.044055548
2023-05-17,0.044047985
2023-05-18,0.04401064
2023-05-19,0.04409749
2023-05-20,0.04409749
2023-05-21,0.04409749
2023-05-22,0.044103682
2023-05-23,0.044313073
2023-05-24,0.044354342
2023-05-25,0.044307
2023-05-26,0.044303007
2023-05-27,0.044303007
2023-05-28,0.044303007
2023-05-29,0.044303007
2023-05-30,0.044278357
2023-05-31,0.04425334
2023-06-01,0.044173807
2023-06-02,0.044173803
2023-06-03,0.044173803
2023-06-04,0.044173803
2023-06-05,0.044176638
2023-06-06,0.044196006
2023-06-07,0.044195294
2023-06-08,0.04419393
2023-06-09,0.04419393
2023-06-10,0.04419393
2023-06-11,0.04419393
2023-06-12,0.044233643
2023-06-13,0.044234373
2023-06-14,0.044255275
2023-06-15,0.044295497
2023-06-16,0.044295497
2023-06-17,0.044295497
2023-06-18,0.044295497
2023-06-19,0.04429581
2023-06-20,0.044330593
2023-06-21,0.044331424
2023-06-22,0.044369582
2023-06-23,0.044378698
2023-06-24,0.044378698
2023-06-25,0.044378698
2023-06-26,0.04437408
2023-06-27,0.044354964
2023-06-28,0.044368222
2023-06-29,0.04435444
2023-06-30,0.044369012
2023-07-01,0.044369012
2023-07-02,0.044369012
2023-07-03,0.044369012
2023-07-04,0.044369012
2023-07-05,0.044369012
2023-07-06,0.044359926
2023-07-07,0.04436163
2023-07-08,0.04436163
2023-07-09,0.04436163
2023-07-10,0.044360206
2023-07-11,0.044360194
2023-07-12,0.044359967
2023-07-13,0.04452581
2023-07-14,0.04452573
2023-07-15,0.04452573
2023-07-16,0.04452573
2023-07-17,0.04452573
2023-07-18,0.044544555
2023-07-19,0.04465454
2023-07-20,0.044810724
2023-07-21,0.04482954
2023-07-22,0.04482954
2023-07-23,0.04482954
2023-07-24,0.044872615
2023-07-25,0.045245152
2023-07-26,0.045181364
2023-07-27,0.044794615
2023-07-28,0.04452397
2023-07-29,0.04452397
2023-07-30,0.04452397
2023-07-31,0.044517446
2023-08-01,0.043762572
2023-08-02,0.043634765
2023-08-03,0.04277793
2023-08-04,0.042765085
2023-08-05,0.042777058
2023-08-06,0.042777058
2023-08-07,0.042886883
2023-08-08,0.04298646
2023-08-09,0.043077275
2023-08-10,0.043111373
2023-08-11,0.043119825
2023-08-12,0.04312029
2023-08-13,0.04312029
2023-08-14,0.04311536
2023-08-15,0.043127988
2023-08-16,0.04315062
2023-08-17,0.04321792
2023-08-18,0.043207724
2023-08-19,0.043207724
2023-08-20,0.043207724
2023-08-21,0.04321
2023-08-22,0.042980608
2023-08-23,0.043235112
2023-08-24,0.043022707
2023-08-25,0.042997148
2023-08-26,0.042997148
2023-08-27,0.042997148
2023-08-28,0.042996198
2023-08-29,0.042996198
2023-08-30,0.043014854
2023-08-31,0.043048277
2023-09-01,0.043031048
2023-09-02,0.043031048
2023-09-03,0.043031048
2023-09-04,0.043031048
2023-09-05,0.043034393
2023-09-06,0.043036148
2023-09-07,0.043027155
2023-09-08,0.042995
2023-09-09,0.042995
2023-09-10,0.042995
2023-09-11,0.042966105
2023-09-12,0.04296515
2023-09-13,0.042965416
2023-09-14,0.04298358
2023-09-15,0.04298362
2023-09-16,0.04298362
2023-09-17,0.04298362
2023-09-18,0.042983547
2023-09-19,0.04301578
2023-09-20,0.043009304
2023-09-21,0.04299717
2023-09-22,0.04299717
2023-09-23,0.04299717
2023-09-24,0.04299717
2023-09-25,0.04299582
2023-09-26,0.043053567
2023-09-27,0.043057814
2023-09-28,0.043059986
2023-09-29,0.043148126
2023-09-30,0.043148387
2023-10-01,0.043148387
2023-10-02,0.04314849
2023-10-03,0.043149423
2023-10-04,0.043150388
2023-10-05,0.04318019
2023-10-06,0.04318019
2023-10-07,0.04318019
2023-10-08,0.04318019
2023-10-09,0.04318019
2023-10-10,0.043198008
2023-10-11,0.043198153
2023-10-12,0.0431515
2023-10-13,0.04315144
2023-10-14,0.04315144
2023-10-15,0.04315144
2023-10-16,0.043151613
2023-10-17,0.04314455
2023-10-18,0.043182377
2023-10-19,0.043071922
2023-10-20,0.04308433
2023-10-21,0.04308433
2023-10-22,0.04308433
2023-10-23,0.043062355
2023-10-24,0.04310202
2023-10-25,0.04313161
2023-10-26,0.043426942
2023-10-27,0.04366709
2023-10-28,0.04366709
2023-10-29,0.04366709
2023-10-30,0.043687016
2023-10-31,0.043967657
2023-11-01,0.043939814
2023-11-02,0.045013145
2023-11-03,0.045067545
2023-11-04,0.045067385
2023-11-05,0.045067385
2023-11-06,0.045154355
2023-11-07,0.045227602
2023-11-08,0.045215994
2023-11-09,0.045188706
2023-11-10,0.045306657
2023-11-11,0.045306657
2023-11-12,0.045306657
2023-11-13,0.04529891
2023-11-14,0.04521544
2023-11-15,0.045224734
2023-11-16,0.04512276
2023-11-17,0.04511744
2023-11-18,0.04511744
2023-11-19,0.04511744
2023-11-20,0.04512722
2023-11-21,0.045262985
2023-11-22,0.04524368
2023-11-23,0.045243647
2023-11-24,0.045243647
2023-11-25,0.045243647
2023-11-26,0.045243647
2023-11-27,0.04524367
2023-11-28,0.04526527
2023-11-29,0.045281406
2023-11-30,0.04525873
2023-12-01,0.045262534
2023-12-02,0.045262534
2023-12-03,0.045262534
2023-12-04,0.045263153
2023-12-05,0.045245755
2023-12-06,0.045250393
2023-12-07,0.045239516
2023-12-08,0.045239445
2023-12-09,0.045239445
2023-12-10,0.045239445
2023-12-11,0.04524256
2023-12-12,0.045235865
2023-12-13,0.045244876
2023-12-14,0.045234233
2023-12-15,0.04523542
2023-12-16,0.04523542
2023-12-17,0.04523542
2023-12-18,0.045233116
2023-12-19,0.045235906
2023-12-20,0.045236543
2023-12-21,0.04517617
2023-12-22,0.045176055
2023-12-23,0.045176055
2023-12-24,0.045176055
2023-12-25,0.045176055
2023-12-26,0.04517594
2023-12-27,0.045176055
2023-12-28,0.045176055
2023-12-29,0.04517592
2023-12-30,0.04517592
2023-12-31,0.04517592
2024-01-01,0.04517592
2024-01-02,0.045175824
2024-01-03,0.045176975
2024-01-04,0.04517418
2024-01-05,0.04516337
2024-01-06,0.04516337
2024-01-07,0.04516337
2024-01-08,0.045164127
2024-01-09,0.045169473
2024-01-10,0.04516569
2024-01-11,0.045162853
2024-01-12,0.045115814
2024-01-13,0.045115814
2024-01-14,0.045115814
2024-01-15,0.045115795
2024-01-16,0.045115482
2024-01-17,0.045122337
2024-01-18,0.045108575
2024-01-19,0.045115203
2024-01-20,0.045115203
2024-01-21,0.045115203
2024-01-22,0.045068562
2024-01-23,0.044879634
2024-01-24,0.04495905
2024-01-25,0.04470854
2024-01-26,0.04471474
2024-01-27,0.04471474
2024-01-28,0.04471474
2024-01-29,0.04461823
2024-01-30,0.04431458
2024-01-31,0.04425891
2024-02-01,0.044750735
2024-02-02,0.04436165
2024-02-03,0.04436165
2024-02-04,0.04436165
2024-02-05,0.044316277
2024-02-06,0.04394806
2024-02-07,0.04378397
2024-02-08,0.043623257
2024-02-09,0.043575443
2024-02-10,0.043575443
2024-02-11,0.043575443
2024-02-12,0.04355625
2024-02-13,0.04344707
2024-02-14,0.043277405
2024-02-15,0.043117832
2024-02-16,0.043101486
2024-02-17,0.043132357
2024-02-18,0.043132357
2024-02-19,0.043127764
2024-02-20,0.042879082
2024-02-21,0.042997606
2024-02-22,0.04288778
2024-02-23,0.04284406
2024-02-24,0.04292084
2024-02-25,0.04292084
2024-02-26,0.042750526
2024-02-27,0.042714626
2024-02-28,0.04265156
2024-02-29,0.04278969
2024-03-01,0.04279329
2024-03-02,0.04279523
2024-03-03,0.04279523
2024-03-04,0.042793956
2024-03-05,0.04282843
2024-03-06,0.04282978
2024-03-07,0.042525284
2024-03-08,0.04252876
2024-03-09,0.042529
2024-03-10,0.042529
2024-03-11,0.042519663
2024-03-12,0.042532217
2024-03-13,0.04252069
2024-03-14,0.042542238
2024-03-15,0.042538587
2024-03-16,0.042538587
2024-03-17,0.042538587
2024-03-18,0.04254267
2024-03-19,0.042537574
2024-03-20,0.042575438
2024-03-21,0.04255734
2024-03-22,0.042557452
2024-03-23,0.042557623
2024-03-24,0.042557623
2024-03-25,0.04255751
2024-03-26,0.04255094
2024-03-27,0.042540997
2024-03-28,0.042588152
2024-03-29,0.04258659
2024-03-30,0.042586695
2024-03-31,0.042586695
2024-04-01,0.042590894
2024-04-02,0.042603005
2024-04-03,0.042599447
2024-04-04,0.04258724
2024-04-05,0.04258679
2024-04-06,0.04258679
2024-04-07,0.04258679
2024-04-08,0.04258679
2024-04-09,0.042586528
2024-04-10,0.042550217
2024-04-11,0.042536356
2024-04-12,0.04253653
2024-04-13,0.04253653
2024-04-14,0.04253653
2024-04-15,0.04253869
2024-04-16,0.04256459
2024-04-17,0.042545706
2024-04-18,0.04263255
2024-04-19,0.04254339
2024-04-20,0.04254339
2024-04-21,0.04254339
2024-04-22,0.04257383
2024-04-23,0.042421848
2024-04-24,0.04205188
2024-04-25,0.042246055
2024-04-26,0.04225179
2024-04-27,0.04225179
2024-04-28,0.04225179
2024-04-29,0.04225578
2024-04-30,0.04228754
2024-05-01,0.042295303
2024-05-02,0.04195072
2024-05-03,0.04194508
2024-05-04,0.040244475
2024-05-05,0.04024352
2024-05-06,0.04019884
2024-05-07,0.040086027
2024-05-08,0.040036082
2024-05-09,0.0400343
2024-05-10,0.03987178
2024-05-11,0.039872367
2024-05-12,0.039872367
2024-05-13,0.039874557
2024-05-14,0.0398844
2024-05-15,0.039811734
2024-05-16,0.039850388
2024-05-17,0.039852936
2024-05-18,0.039852936
2024-05-19,0.039852936
2024-05-20,0.03985118
2024-05-21,0.03989393
2024-05-22,0.03999556
2024-05-23,0.040119104
2024-05-24,0.040117037
2024-05-25,0.040117037
2024-05-26,0.040117037
2024-05-27,0.040117037
2024-05-28,0.0401178
2024-05-29,0.040092576
2024-05-30,0.04002596
2024-05-31,0.04002596
2024-06-01,0.04002596
2024-06-02,0.04002596
2024-06-03,0.04002917
2024-06-04,0.03999822
2024-06-05,0.039919563
2024-06-06,0.039929677
2024-06-07,0.039929256
2024-06-08,0.039929256
2024-06-09,0.039929256
2024-06-10,0.03992695
2024-06-11,0.039952386
2024-06-12,0.03997229
2024-06-13,0.039951645
2024-06-14,0.039954875
2024-06-15,0.039954875
2024-06-16,0.039954875
2024-06-17,0.039973266
2024-06-18,0.039974365
2024-06-19,0.039974365
2024-06-20,0.040013056
2024-06-21,0.040021557
2024-06-22,0.040021557
2024-06-23,0.040021557
2024-06-24,0.040017862
2024-06-25,0.04005993
2024-06-26,0.040003873
2024-06-27,0.039988063
2024-06-28,0.03998803
2024-06-29,0.03998803
2024-06-30,0.03998803
2024-07-01,0.039988
2024-07-02,0.039988775
2024-07-03,0.040007453
2024-07-04,0.04000745
2024-07-05,0.04000745
2024-07-06,0.04000745
2024-07-07,0.04000745
2024-07-08,0.040007666
2024-07-09,0.04000604
2024-07-10,0.040006667
2024-07-11,0.040161535
2024-07-12,0.040161293
2024-07-13,0.040161293
2024-07-14,0.040161293
2024-07-15,0.040161323
2024-07-16,0.040165182
2024-07-17,0.040251225
2024-07-18,0.0403082
2024-07-19,0.040343408
2024-07-20,0.040355936
2024-07-21,0.040355936
2024-07-22,0.040363993
2024-07-23,0.040694177
2024-07-24,0.04095035
2024-07-25,0.04119199
2024-07-26,0.041275684
2024-07-27,0.041275684
2024-07-28,0.041275684
2024-07-29,0.04128288
2024-07-30,0.04096188
2024-07-31,0.041314818
2024-08-01,0.041136287
2024-08-02,0.04101737
2024-08-03,0.04240964
2024-08-04,0.04240964
2024-08-05,0.04242931
2024-08-06,0.04265815
2024-08-07,0.04274487
2024-08-08,0.043088257
2024-08-09,0.04306741
2024-08-10,0.043074124
2024-08-11,0.043074124
2024-08-12,0.043102164
2024-08-13,0.04315296
2024-08-14,0.043155022
2024-08-15,0.043144155
2024-08-16,0.043143887
2024-08-17,0.043143887
2024-08-18,0.043143887
2024-08-19,0.043152303
2024-08-20,0.043160357
2024-08-21,0.043203305
2024-08-22,0.043062177
2024-08-23,0.043070327
2024-08-24,0.043070327
2024-08-25,0.043070327
2024-08-26,0.043155603
2024-08-27,0.043218434
2024-08-28,0.043299794
2024-08-29,0.043352004
2024-08-30,0.04336374
2024-08-31,0.04336374
2024-09-01,0.04336374
2024-09-02,0.04336374
2024-09-03,0.043363735
2024-09-04,0.043372773
2024-09-05,0.043432493
2024-09-06,0.04343239
2024-09-07,0.04343239
2024-09-08,0.04343239
2024-09-09,0.043414626
2024-09-10,0.043419324
2024-09-11,0.043417547
2024-09-12,0.043395292
2024-09-13,0.04339533
2024-09-14,0.04339533
2024-09-15,0.04339533
2024-09-16,0.043395195
2024-09-17,0.043404236
2024-09-18,0.04340773
2024-09-19,0.043363303
2024-09-20,0.043363307
2024-09-21,0.043363307
2024-09-22,0.043363307
2024-09-23,0.043363288
2024-09-24,0.04338461
2024-09-25,0.04342804
2024-09-26,0.04345336
2024-09-27,0.043453127
2024-09-28,0.043453127
2024-09-29,0.043453127
2024-09-30,0.043539114
2024-10-01,0.043521184
2024-10-02,0.04352538
2024-10-03,0.04353618
2024-10-04,0.043536205
2024-10-05,0.043536205
2024-10-06,0.043536205
2024-10-07,0.043536115
2024-10-08,0.043539513
2024-10-09,0.043539606
2024-10-10,0.043488346
2024-10-11,0.043488413
2024-10-12,0.043488413
2024-10-13,0.043488413
2024-10-14,0.043488413
2024-10-15,0.043390192
2024-10-16,0.043382443
2024-10-17,0.04338251
2024-10-18,0.043484714
2024-10-19,0.043484714
2024-10-20,0.043484714
2024-10-21,0.04345093
2024-10-22,0.04332209
2024-10-23,0.04347097
2024-10-24,0.043261524
2024-10-25,0.043224066
2024-10-26,0.043223433
2024-10-27,0.043223433
2024-10-28,0.04321189
2024-10-29,0.04342066
2024-10-30,0.043489315
2024-10-31,0.043663245
2024-11-01,0.043689925
2024-11-02,0.0434297
2024-11-03,0.0434297
2024-11-04,0.043406468
2024-11-05,0.04334395
2024-11-06,0.043331765
2024-11-07,0.04366599
2024-11-08,0.043793317
2024-11-09,0.04379823
2024-11-10,0.043798074
2024-11-11,0.043798912
2024-11-12,0.043704294
2024-11-13,0.04372296
2024-11-14,0.04369296
2024-11-15,0.043700043
2024-11-16,0.043700043
2024-11-17,0.043700043
2024-11-18,0.04369942
2024-11-19,0.04359559
2024-11-20,0.04378785
2024-11-21,0.04375715
2024-11-22,0.043756742
2024-11-23,0.043756742
2024-11-24,0.043756742
2024-11-25,0.043762244
2024-11-26,0.043758575
2024-11-27,0.043753117
2024-11-28,0.043753117
2024-11-29,0.04375243
2024-11-30,0.04375243
2024-12-01,0.04375243
2024-12-02,0.043755017
2024-12-03,0.043762974
2024-12-04,0.04377354
2024-12-05,0.04377789
2024-12-06,0.04377837
2024-12-07,0.0437793
2024-12-08,0.0437793
2024-12-09,0.043782752
2024-12-10,0.04374374
2024-12-11,0.043750215
2024-12-12,0.04379205
2024-12-13,0.043792114
2024-12-14,0.043792114
2024-12-15,0.043792114
2024-12-16,0.04377526
2024-12-17,0.043774735
2024-12-18,0.04381404
2024-12-19,0.043859012
2024-12-20,0.043771327
2024-12-21,0.043771595
2024-12-22,0.043771595
2024-12-23,0.0437716
2024-12-24,0.0437716
2024-12-25,0.0437716
2024-12-26,0.0437716
2024-12-27,0.043770988
2024-12-28,0.043770988
2024-12-29,0.043770988
2024-12-30,0.04377099
2024-12-31,0.04377099
2025-01-01,0.04377099
2025-01-02,0.043770645
2025-01-03,0.04377053
2025-01-04,0.04377053
2025-01-05,0.04377053
2025-01-06,0.04377046
2025-01-07,0.04376568
2025-01-08,0.043773726
2025-01-09,0.043773692
2025-01-10,0.043795183
2025-01-11,0.043795183
2025-01-12,0.043795183
2025-01-13,0.043796793
2025-01-14,0.043796506
2025-01-15,0.043797147
2025-01-16,0.04379792
2025-01-17,0.043798815
2025-01-18,0.043798815
2025-01-19,0.043798815
2025-01-20,0.04379855
2025-01-21,0.043719236
2025-01-22,0.043621473
2025-01-23,0.043619823
2025-01-24,0.04359772
2025-01-25,0.04359772
2025-01-26,0.04359772
2025-01-27,0.043522216
2025-01-28,0.043291457
2025-01-29,0.043573674
2025-01-30,0.044139426
2025-01-31,0.04377552
2025-02-01,0.04377552
2025-02-02,0.04377552
2025-02-03,0.04375654
2025-02-04,0.043738555
2025-02-05,0.04390702
2025-02-06,0.044071145
2025-02-07,0.044080023
2025-02-08,0.044080023
2025-02-09,0.044080023
2025-02-10,0.04406144
2025-02-11,0.0438393
2025-02-12,0.043884337
2025-02-13,0.04376422
2025-02-14,0.04376734
2025-02-15,0.043767452
2025-02-16,0.043767452
2025-02-17,0.043761294
2025-02-18,0.043473832
2025-02-19,0.04335477
2025-02-20,0.043244954
2025-02-21,0.04323373
2025-02-22,0.042733792
2025-02-23,0.042733792
2025-02-24,0.04274375
2025-02-25,0.0427308
2025-02-26,0.042728275
2025-02-27,0.042365413
2025-02-28,0.04238201
2025-03-01,0.042382043
2025-03-02,0.042382043
2025-03-03,0.042354744
2025-03-04,0.042440552
2025-03-05,0.04244876
2025-03-06,0.04250229
2025-03-07,0.042506706
2025-03-08,0.042506706
2025-03-09,0.042506706
2025-03-10,0.04248474
2025-03-11,0.04246643
2025-03-12,0.042440742
2025-03-13,0.04244713
2025-03-14,0.04244849
2025-03-15,0.04244849
2025-03-16,0.04244849
2025-03-17,0.04244755
2025-03-18,0.042464282
2025-03-19,0.042495914
2025-03-20,0.042381126
2025-03-21,0.042380627
2025-03-22,0.042380627
2025-03-23,0.042380627
2025-03-24,0.04238085
2025-03-25,0.042374715
2025-03-26,0.042412918
2025-03-27,0.04243822
2025-03-28,0.042437524
2025-03-29,0.042437524
2025-03-30,0.042437453
2025-03-31,0.042445567
2025-04-01,0.042445645
2025-04-02,0.04244423
2025-04-03,0.04243774
2025-04-04,0.042437784
2025-04-05,0.042437784
2025-04-06,0.042437784
2025-04-07,0.042436533
2025-04-08,0.042447906
2025-04-09,0.04238187
2025-04-10,0.04237958
2025-04-11,0.042380814
2025-04-12,0.042380814
2025-04-13,0.042380814
2025-04-14,0.04238081
2025-04-15,0.042410266
2025-04-16,0.042391356
2025-04-17,0.042451106
2025-04-18,0.04245107
2025-04-19,0.04245107
2025-04-20,0.04245107
2025-04-21,0.042453732
2025-04-22,0.042410165
2025-04-23,0.042343527
2025-04-24,0.042330068
2025-04-25,0.042302925
2025-04-26,0.042302925
2025-04-27,0.042302925
2025-04-28,0.042268142
2025-04-29,0.04248992
2025-04-30,0.042089548
2025-05-01,0.041097835
2025-05-02,0.041508723
2025-05-03,0.040526424
2025-05-04,0.040526424
2025-05-05,0.040403783
2025-05-06,0.040363073
2025-05-07,0.04034981
2025-05-08,0.040268045
2025-05-09,0.04025424
2025-05-10,0.04026097
2025-05-11,0.04026225
2025-05-12,0.040262263
2025-05-13,0.040292855
2025-05-14,0.04028792
2025-05-15,0.04032273
2025-05-16,0.04032512
2025-05-17,0.04032512
2025-05-18,0.04032512
2025-05-19,0.04031623
2025-05-20,0.04035699
2025-05-21,0.040309995
2025-05-22,0.04044434
2025-05-23,0.040439777
2025-05-24,0.040439777
2025-05-25,0.040439777
2025-05-26,0.040439777
2025-05-27,0.04043673
2025-05-28,0.040540356
2025-05-29,0.0404189
2025-05-30,0.04041888
2025-05-31,0.04041888
2025-06-01,0.04041888
2025-06-02,0.040416546
2025-06-03,0.040418625
2025-06-04,0.040396594
2025-06-05,0.040336967
2025-06-06,0.040333275
2025-06-07,0.040333275
2025-06-08,0.040333275
2025-06-09,0.040334497
2025-06-10,0.04032847
2025-06-11,0.04030805
2025-06-12,0.040303893
2025-06-13,0.04030399
2025-06-14,0.04030399
2025-06-15,0.04030399
2025-06-16,0.04029702
2025-06-17,0.040304326
2025-06-18,0.040308326
2025-06-19,0.040308326
2025-06-20,0.040369254
2025-06-21,0.040369254
2025-06-22,0.040369254
2025-06-23,0.040373452
2025-06-24,0.040421747
2025-06-25,0.040416844
2025-06-26,0.04038827
2025-06-27,0.040449172
2025-06-28,0.04044911
2025-06-29,0.04044911
2025-06-30,0.040449135
2025-07-01,0.040457953
2025-07-02,0.040459096
2025-07-03,0.040459096
2025-07-04,0.040459096
2025-07-05,0.040459096
2025-07-06,0.040459096
2025-07-07,0.040459096
2025-07-08,0.04045884
2025-07-09,0.040460512
2025-07-10,0.04053914
2025-07-11,0.04053914
2025-07-12,0.04053914
2025-07-13,0.04053914
2025-07-14,0.040541194
2025-07-15,0.040551618
2025-07-16,0.040572017
2025-07-17,0.040661696
2025-07-18,0.040649973
2025-07-19,0.040649973
2025-07-20,0.040649973
2025-07-21,0.04065916
2025-07-22,0.040723402
2025-07-23,0.040883735
2025-07-24,0.040980123
2025-07-25,0.041018873
2025-07-26,0.041018873
2025-07-27,0.041018873
2025-07-28,0.041074686
2025-07-29,0.041228257
2025-07-30,0.041545
2025-07-31,0.041349042
2025-08-01,0.041332662
2025-08-02,0.042061515
2025-08-03,0.042061515
2025-08-04,0.042040404
2025-08-05,0.042206004
2025-08-06,0.042358767
2025-08-07,0.042575028
2025-08-08,0.04252657
2025-08-09,0.042533144
2025-08-10,0.042533305
2025-08-11,0.0425235
2025-08-12,0.04250099
2025-08-13,0.042521827
2025-08-14,0.042414926
2025-08-15,0.042417955
2025-08-16,0.042417955
2025-08-17,0.042417955
2025-08-18,0.04236412
2025-08-19,0.04242922
2025-08-20,0.042494923
2025-08-21,0.042352628
2025-08-22,0.042364936
2025-08-23,0.042364936
2025-08-24,0.042364936
2025-08-25,0.042364992
2025-08-26,0.042364735
2025-08-27,0.042431608
2025-08-28,0.042482276
2025-08-29,0.042486772
2025-08-30,0.042486772
2025-08-31,0.042486772
2025-09-01,0.042486772
2025-09-02,0.04249245
2025-09-03,0.042472556
2025-09-04,0.0424794
2025-09-05,0.04247936
2025-09-06,0.04247936
2025-09-07,0.04247936
2025-09-08,0.042488173
2025-09-09,0.04236322
2025-09-10,0.04236433
2025-09-11,0.04235335
2025-09-12,0.042353228
2025-09-13,0.042353228
2025-09-14,0.042353228
2025-09-15,0.042351894
2025-09-16,0.04236489
2025-09-17,0.042372163
2025-09-18,0.042328935
2025-09-19,0.042329136
2025-09-20,0.042329136
2025-09-21,0.042329136
2025-09-22,0.0423293
2025-09-23,0.042420465
2025-09-24,0.0424181
2025-09-25,0.042416308
2025-09-26,0.042416308
2025-09-27,0.042416308
2025-09-28,0.042416308
2025-09-29,0.042483017
2025-09-30,0.042514466
2025-10-01,0.04251208
2025-10-02,0.04251208
2025-10-03,0.04251208
2025-10-04,0.04251208
2025-10-05,0.04251208
2025-10-06,0.042518806
2025-10-07,0.042520896
2025-10-08,0.04252037
2025-10-09,0.042511687
2025-10-10,0.042511687
2025-10-11,0.042511687
2025-10-12,0.042511687
2025-10-13,0.04251194
2025-10-14,0.042536728
2025-10-15,0.04251564
2025-10-16,0.042530403
2025-10-17,0.042523015
2025-10-18,0.042523015
2025-10-19,0.042523015
2025-10-20,0.042531047
2025-10-21,0.042693608
2025-10-22,0.042740785
2025-10-23,0.04273481
2025-10-24,0.042824328
2025-10-25,0.042824328
2025-10-26,0.042824328
2025-10-27,0.04286274
2025-10-28,0.04289431
2025-10-29,0.043189973
2025-10-30,0.043848522
2025-10-31,0.043871086
2025-11-01,0.044858906
2025-11-02,0.044858906
2025-11-03,0.04486364
2025-11-04,0.045006413
2025-11-05,0.04507619
2025-11-06,0.04531311
2025-11-07,0.04545971
2025-11-08,0.04545019
2025-11-09,0.04544976
2025-11-10,0.04547391
2025-11-11,0.045472037
2025-11-12,0.045462698
2025-11-13,0.04536607
2025-11-14,0.045376793
2025-11-15,0.04537714
2025-11-16,0.04537714
2025-11-17,0.04536509
2025-11-18,0.04530625
2025-11-19,0.045587853
2025-11-20,0.04551518
2025-11-21,0.045518383
2025-11-22,0.045521636
2025-11-23,0.045521636
2025-11-24,0.045529693
2025-11-25,0.04553659
2025-11-26,0.04554204
2025-11-27,0.04554204
2025-11-28,0.04554238
2025-11-29,0.04554238
2025-11-30,0.04554238
2025-12-01,0.04554378
2025-12-02,0.04554962
2025-12-03,0.045547806
2025-12-04,0.045558788
2025-12-05,0.04556
2025-12-06,0.04556
2025-12-07,0.04556
2025-12-08,0.045563947
2025-12-09,0.04553685
2025-12-10,0.045526937
2025-12-11,0.045550212
2025-12-12,0.045550548
2025-12-13,0.045550548
2025-12-14,0.045550548
2025-12-15,0.045550287
2025-12-16,0.045552805
2025-12-17,0.045677178
2025-12-18,0.0457219
2025-12-19,0.04565147
2025-12-20,0.04565168
2025-12-21,0.04565168
2025-12-22,0.045651816
2025-12-23,0.045651946
2025-12-24,0.045651946
2025-12-25,0.045651946
2025-12-26,0.045651946
2025-12-27,0.045651946
2025-12-28,0.045651946
2025-12-29,0.04565233
2025-12-30,0.04565247
2025-12-31,0.04565248
2026-01-01,0.04565248
2026-01-02,0.04565248
2026-01-03,0.04565248
2026-01-04,0.04565248
2026-01-05,0.04565248
2026-01-06,0.045652624
2026-01-07,0.045654163
2026-01-08,0.045652997
2026-01-09,0.045652997
2026-01-10,0.045652997
2026-01-11,0.045652997
2026-01-12,0.045652997
2026-01-13,0.045647506
2026-01-14,0.04564292
2026-01-15,0.045645777
2026-01-16,0.04564537
2026-01-17,0.04564537
2026-01-18,0.04564537
2026-01-19,0.045645364
2026-01-20,0.04553737
2026-01-21,0.045478802
2026-01-22,0.04540832
2026-01-23,0.045415968
2026-01-24,0.045415968
2026-01-25,0.04541626
2026-01-26,0.045385208
2026-01-27,0.045407906
2026-01-28,0.045594875
2026-01-29,0.046546564
2026-01-30,0.04618277
2026-01-31,0.04620066
2026-02-01,0.04620066
2026-02-02,0.0462854
2026-02-03,0.046016466
2026-02-04,0.046020113
2026-02-05,0.046057735
2026-02-06,0.046031203
2026-02-07,0.046136323
2026-02-08,0.04612572
2026-02-09,0.046111163
2026-02-10,0.045786098
2026-02-11,0.045621224
2026-02-12,0.04552673
2026-02-13,0.045349713
2026-02-14,0.04534975
2026-02-15,0.04534975
2026-02-16,0.045353595
2026-02-17,0.045259703
2026-02-18,0.045229584
2026-02-19,0.04528405
2026-02-20,0.045315657
2026-02-21,0.04532918
2026-02-22,0.04532918
2026-02-23,0.04528921
2026-02-24,0.045105305
2026-02-25,0.045297228
2026-02-26,0.04546637
2026-02-27,0.045484953
2026-02-28,0.04499965
2026-03-01,0.04499965
2026-03-02,0.044924017
2026-03-03,0.044966552
2026-03-04,0.045027252
2026-03-05,0.0450713
2026-03-06,0.044856783
2026-03-07,0.0448569
2026-03-08,0.0448569
2026-03-09,0.04483614
2026-03-10,0.044824317
2026-03-11,0.04483009
2026-03-12,0.044862557
2026-03-13,0.04486766
2026-03-14,0.044868067
2026-03-15,0.044868067
2026-03-16,0.04487691
2026-03-17,0.04490136
2026-03-18,0.04541924
2026-03-19,0.045411527
2026-03-20,0.045439176
2026-03-21,0.045439176
2026-03-22,0.045439176
2026-03-23,0.045439973
2026-03-24,0.04544221
2026-03-25,0.04544183
2026-03-26,0.045428604
2026-03-27,0.045420915
2026-03-28,0.045420915
2026-03-29,0.045420915
2026-03-30,0.045419943
2026-03-31,0.04539417
2026-04-01,0.045392573
2026-04-02,0.045391038
2026-04-03,0.045391258
2026-04-04,0.045391258
2026-04-05,0.045391258
2026-04-06,0.045391258
2026-04-07,0.045389783
2026-04-08,0.04532354
2026-04-09,0.045324612
2026-04-10,0.04532463
2026-04-11,0.04532463
2026-04-12,0.04532463
2026-04-13,0.045327757
2026-04-14,0.045345686
2026-04-15,0.045348193
2026-04-16,0.045267615
2026-04-17,0.04526267
2026-04-18,0.04526267
2026-04-19,0.04526267
2026-04-20,0.045273554
2026-04-21,0.045304496
2026-04-22,0.045167506
2026-04-23,0.04524896
2026-04-24,0.045157205
2026-04-25,0.045157205
2026-04-26,0.045163088
2026-04-27,0.045249093
2026-04-28,0.045670204
2026-04-29,0.04535641
2026-04-30,0.044955622
2026-05-01,0.04496658
2026-05-02,0.044122867
2026-05-03,0.044122867
2026-05-04,0.044083748
2026-05-05,0.04419462
2026-05-06,0.044545762
2026-05-07,0.044752292
2026-05-08,0.044730347
2026-05-09,0.044730347
2026-05-10,0.044730347
2026-05-11,0.04475181
2026-05-12,0.044782635
2026-05-13,0.04480029
2026-05-14,0.04478801
2026-05-15,0.044787243
2026-05-16,0.044787243
2026-05-17,0.044786084
2026-05-18,0.044779774
2026-05-19,0.044856843
2026-05-20,0.04543456
2026-05-21,0.0454029
2026-05-22,0.045410573
2026-05-23,0.045410573
2026-05-24,0.045410573
2026-05-25,0.045410573
2026-05-26,0.0454296
2026-05-27,0.045415144
2026-05-28,0.045385428
2026-05-29,0.04538206
2026-05-30,0.04538206
2026-05-31,0.04538206
2026-06-01,0.04539568
2026-06-02,0.045308046
2026-06-03,0.0454309
2026-06-04,0.04540402
2026-06-05,0.045406695
2026-06-06,0.045406695
2026-06-07,0.045406695
2026-06-08,0.04541301
2026-06-09,0.045409966
2026-06-10,0.045444965
2026-06-11,0.045435753
2026-06-12,0.045435663
2026-06-13,0.045435663
2026-06-14,0.045435663
2026-06-15,0.04543738
2026-06-16,0.045440745
2026-06-17,0.045454275
2026-06-18,0.04550164
2026-06-19,0.04550164
2026-06-20,0.04550164
2026-06-21,0.04550164
2026-06-22,0.045501854
2026-06-23,0.045536872
2026-06-24,0.04635495
2026-06-25,0.04636993
2026-06-26,0.046369348
2026-06-27,0.046369348
2026-06-28,0.046369348
2026-06-29,0.046362985
2026-06-30,0.04641907
2026-07-01,0.04643244
2026-07-02,0.046432663
2026-07-03,0.046432663
2026-07-04,0.046432663
2026-07-05,0.046432663
2026-07-06,0.046432663
2026-07-07,0.046433683
2026-07-08,0.046432327
2026-07-09,0.046469267
2026-07-10,0.046533115
2026-07-11,0.046533115
2026-07-12,0.046533115
2026-07-13,0.046533115
2026-07-14,0.046511747
2026-07-15,0.046576295
2026-07-16,0.04664682
2026-07-17,0.04664847
2026-07-18,0.04664847
2026-07-19,0.04664847
2026-07-20,0.046673503
2026-07-21,0.046620525
2026-07-22,0.04690237
2026-07-23,0.04707988
2026-07-24,0.047083735
2026-07-25,0.047083735
2026-07-26,0.047087494
2026-07-27,0.04706886
2026-07-28,0.047311418
2026-07-29,0.047333617
2026-07-30,0.04797285
2026-07-31,0.049295403
2026-08-01,0.049296904
2026-08-02,0.049296904
2026-08-03,0.0494698
2026-08-04,0.050224546
2026-08-05,0.051087312
2026-08-06,0.05138176
2026-08-07,0.05136466
2026-08-08,0.052185506
2026-08-09,0.05218506
2026-08-10,0.052227315
2026-08-11,0.052331027
2026-08-12,0.05238681
2026-08-13,0.05240206
2026-08-14,0.05240055
2026-08-15,0.05240055
2026-08-16,0.05240055
2026-08-17,0.0524007
2026-08-18,0.052551355
2026-08-19,0.052695848
2026-08-20,0.05276946
2026-08-21,0.052774124
2026-08-22,0.052774124
2026-08-23,0.052774124
2026-08-24,0.0528188
2026-08-25,0.052661262
2026-08-26,0.0531039
2026-08-27,0.053153902
2026-08-28,0.05316455
2026-08-29,0.05316455
2026-08-30,0.05316455
2026-08-31,0.053163864
2026-09-01,0.053228445
2026-09-02,0.05352042
2026-09-03,0.053536326
2026-09-04,0.053536206
2026-09-05,0.053536206
2026-09-06,0.053536206
2026-09-07,0.053536206
2026-09-08,0.05353298
2026-09-09,0.05354832
2026-09-10,0.053501315
2026-09-11,0.053477857
2026-09-12,0.053477857
2026-09-13,0.053477857
2026-09-14,0.053469673
2026-09-15,0.053469684
