date,roa_ratio
1975-01-01,0.018049309
1975-01-02,0.01805299
1975-01-03,0.018050782
1975-01-04,0.018050782
1975-01-05,0.018050782
1975-01-06,0.018048363
1975-01-07,0.018048363
1975-01-08,0.018052364
1975-01-09,0.018068092
1975-01-10,0.018067222
1975-01-11,0.018066432
1975-01-12,0.018066209
1975-01-13,0.018096395
1975-01-14,0.018113246
1975-01-15,0.01804955
1975-01-16,0.01803245
1975-01-17,0.017983366
1975-01-18,0.017983366
1975-01-19,0.017983366
1975-01-20,0.017995805
1975-01-21,0.017955922
1975-01-22,0.017970871
1975-01-23,0.017926835
1975-01-24,0.01746164
1975-01-25,0.017461589
1975-01-26,0.017461753
1975-01-27,0.017385982
1975-01-28,0.017448746
1975-01-29,0.017374527
1975-01-30,0.017126631
1975-01-31,0.017016942
1975-02-01,0.017019609
1975-02-02,0.017022287
1975-02-03,0.01691588
1975-02-04,0.016876824
1975-02-05,0.016856218
1975-02-06,0.016860124
1975-02-07,0.016910987
1975-02-08,0.01691245
1975-02-09,0.016922167
1975-02-10,0.01689846
1975-02-11,0.016859576
1975-02-12,0.016814144
1975-02-13,0.01672911
1975-02-14,0.016732804
1975-02-15,0.016732803
1975-02-16,0.016732803
1975-02-17,0.016732376
1975-02-18,0.016726434
1975-02-19,0.01663454
1975-02-20,0.016611092
1975-02-21,0.016633986
1975-02-22,0.016632041
1975-02-23,0.01663285
1975-02-24,0.016613867
1975-02-25,0.016569793
1975-02-26,0.016555177
1975-02-27,0.016513111
1975-02-28,0.01648905
1975-03-01,0.01648905
1975-03-02,0.016489474
1975-03-03,0.01647777
1975-03-04,0.016465617
1975-03-05,0.01643637
1975-03-06,0.016436575
1975-03-07,0.016422508
1975-03-08,0.01642157
1975-03-09,0.01642157
1975-03-10,0.01639904
1975-03-11,0.01632529
1975-03-12,0.01630294
1975-03-13,0.015961083
1975-03-14,0.01595444
1975-03-15,0.015954815
1975-03-16,0.015954815
1975-03-17,0.015953664
1975-03-18,0.015911823
1975-03-19,0.015462722
1975-03-20,0.015462071
1975-03-21,0.015473716
1975-03-22,0.015473716
1975-03-23,0.015473716
1975-03-24,0.015472807
1975-03-25,0.01546799
1975-03-26,0.015328605
1975-03-27,0.01532732
1975-03-28,0.015327377
1975-03-29,0.015327377
1975-03-30,0.015327475
1975-03-31,0.015341223
1975-04-01,0.015317261
1975-04-02,0.015322836
1975-04-03,0.015306948
1975-04-04,0.015290342
1975-04-05,0.0152903935
1975-04-06,0.015290189
1975-04-07,0.015290626
1975-04-08,0.015289082
1975-04-09,0.0152442865
1975-04-10,0.015135535
1975-04-11,0.015035263
1975-04-12,0.015034525
1975-04-13,0.015035107
1975-04-14,0.015051399
1975-04-15,0.014995052
1975-04-16,0.014987698
1975-04-17,0.014942091
1975-04-18,0.014882801
1975-04-19,0.014882403
1975-04-20,0.014882262
1975-04-21,0.0147254355
1975-04-22,0.014394077
1975-04-23,0.014361806
1975-04-24,0.014142865
1975-04-25,0.014134817
1975-04-26,0.0141424695
1975-04-27,0.014142262
1975-04-28,0.01366757
1975-04-29,0.013617662
1975-04-30,0.013617151
1975-05-01,0.013635378
1975-05-02,0.01365246
1975-05-03,0.013644908
1975-05-04,0.01364415
1975-05-05,0.013650024
1975-05-06,0.013645608
1975-05-07,0.0136923855
1975-05-08,0.013702835
1975-05-09,0.013685325
1975-05-10,0.013685325
1975-05-11,0.013685325
1975-05-12,0.013696792
1975-05-13,0.013693647
1975-05-14,0.013684755
1975-05-15,0.013689733
1975-05-16,0.013688465
1975-05-17,0.013688521
1975-05-18,0.013688452
1975-05-19,0.013688289
1975-05-20,0.0136892125
1975-05-21,0.013562361
1975-05-22,0.013498696
1975-05-23,0.013498443
1975-05-24,0.013498651
1975-05-25,0.013498651
1975-05-26,0.013498651
1975-05-27,0.013492588
1975-05-28,0.013491775
1975-05-29,0.013465534
1975-05-30,0.013429907
1975-05-31,0.013429932
1975-06-01,0.013429932
1975-06-02,0.013434612
1975-06-03,0.013434147
1975-06-04,0.013410048
1975-06-05,0.013390739
1975-06-06,0.013391081
1975-06-07,0.013391081
1975-06-08,0.013391081
1975-06-09,0.013393719
1975-06-10,0.013393719
1975-06-11,0.013400089
1975-06-12,0.013407405
1975-06-13,0.0134091005
1975-06-14,0.0134091005
1975-06-15,0.0134091005
1975-06-16,0.013407929
1975-06-17,0.013413343
1975-06-18,0.013395863
1975-06-19,0.013483383
1975-06-20,0.013480769
1975-06-21,0.013480769
1975-06-22,0.01348132
1975-06-23,0.013483264
1975-06-24,0.013478408
1975-06-25,0.013475575
1975-06-26,0.013491504
1975-06-27,0.013498487
1975-06-28,0.013498487
1975-06-29,0.013498487
1975-06-30,0.013492552
1975-07-01,0.0134887
1975-07-02,0.013489284
1975-07-03,0.013498009
1975-07-04,0.013498009
1975-07-05,0.01349745
1975-07-06,0.013500435
1975-07-07,0.013494495
1975-07-08,0.0134865
1975-07-09,0.013504591
1975-07-10,0.0135244755
1975-07-11,0.01360527
1975-07-12,0.013605388
1975-07-13,0.013605298
1975-07-14,0.013648035
1975-07-15,0.013689489
1975-07-16,0.013690434
1975-07-17,0.013748919
1975-07-18,0.013777747
1975-07-19,0.013777747
1975-07-20,0.013778048
1975-07-21,0.013789648
1975-07-22,0.013890796
1975-07-23,0.01403779
1975-07-24,0.014058679
1975-07-25,0.014042506
1975-07-26,0.014041634
1975-07-27,0.014041869
1975-07-28,0.014031485
1975-07-29,0.013974421
1975-07-30,0.014213226
1975-07-31,0.014272166
1975-08-01,0.014257903
1975-08-02,0.014261379
1975-08-03,0.014261379
1975-08-04,0.014254017
1975-08-05,0.014234663
1975-08-06,0.014238409
1975-08-07,0.014250634
1975-08-08,0.014237771
1975-08-09,0.014237771
1975-08-10,0.014237567
1975-08-11,0.014233033
1975-08-12,0.014228416
1975-08-13,0.0142285
1975-08-14,0.0142251365
1975-08-15,0.014216877
1975-08-16,0.014216877
1975-08-17,0.014216762
1975-08-18,0.014211338
1975-08-19,0.014230833
1975-08-20,0.014241088
1975-08-21,0.0142749315
1975-08-22,0.014251364
1975-08-23,0.014251871
1975-08-24,0.014259462
1975-08-25,0.014259616
1975-08-26,0.014261477
1975-08-27,0.0142790815
1975-08-28,0.014279915
1975-08-29,0.01429382
1975-08-30,0.01429382
1975-08-31,0.01429382
1975-09-01,0.014293991
1975-09-02,0.014291325
1975-09-03,0.014270971
1975-09-04,0.01425222
1975-09-05,0.014250215
1975-09-06,0.014250215
1975-09-07,0.014250215
1975-09-08,0.014251674
1975-09-09,0.01425146
1975-09-10,0.014251207
1975-09-11,0.01425288
1975-09-12,0.014255824
1975-09-13,0.014255824
1975-09-14,0.014255654
1975-09-15,0.014254683
1975-09-16,0.014262254
1975-09-17,0.014253684
1975-09-18,0.014251748
1975-09-19,0.01425618
1975-09-20,0.01425618
1975-09-21,0.01425618
1975-09-22,0.0142567
1975-09-23,0.014255292
1975-09-24,0.0142731005
1975-09-25,0.014273407
1975-09-26,0.014274592
1975-09-27,0.01427385
1975-09-28,0.01427385
1975-09-29,0.014278906
1975-09-30,0.014271204
1975-10-01,0.014276768
1975-10-02,0.014271744
1975-10-03,0.014271028
1975-10-04,0.0142711345
1975-10-05,0.0142711345
1975-10-06,0.014272195
1975-10-07,0.014271231
1975-10-08,0.014299779
1975-10-09,0.0142861195
1975-10-10,0.014312998
1975-10-11,0.014313173
1975-10-12,0.014313686
1975-10-13,0.014336784
1975-10-14,0.014334626
1975-10-15,0.014440998
1975-10-16,0.0145320045
1975-10-17,0.014565232
1975-10-18,0.014565232
1975-10-19,0.014565232
1975-10-20,0.014587871
1975-10-21,0.014561058
1975-10-22,0.014651897
1975-10-23,0.014699317
1975-10-24,0.0147516215
1975-10-25,0.0147520825
1975-10-26,0.014751368
1975-10-27,0.01484261
1975-10-28,0.014813499
1975-10-29,0.014863015
1975-10-30,0.014897606
1975-10-31,0.014904901
1975-11-01,0.0149040185
1975-11-02,0.014904036
1975-11-03,0.014910679
1975-11-04,0.014942015
1975-11-05,0.014950757
1975-11-06,0.014936904
1975-11-07,0.014932074
1975-11-08,0.014932404
1975-11-09,0.014932404
1975-11-10,0.014938005
1975-11-11,0.014922435
1975-11-12,0.014951283
1975-11-13,0.014956051
1975-11-14,0.014945676
1975-11-15,0.014946358
1975-11-16,0.014945926
1975-11-17,0.014969867
1975-11-18,0.014953616
1975-11-19,0.014957918
1975-11-20,0.014957782
1975-11-21,0.014955323
1975-11-22,0.014955385
1975-11-23,0.014955224
1975-11-24,0.014946357
1975-11-25,0.014952287
1975-11-26,0.0149495555
1975-11-27,0.014949747
1975-11-28,0.014949815
1975-11-29,0.014950127
1975-11-30,0.014950127
1975-12-01,0.014955375
1975-12-02,0.014959477
1975-12-03,0.0149605805
1975-12-04,0.014959835
1975-12-05,0.014955503
1975-12-06,0.014955503
1975-12-07,0.014955503
1975-12-08,0.014957734
1975-12-09,0.014957209
1975-12-10,0.014952397
1975-12-11,0.014957242
1975-12-12,0.014962425
1975-12-13,0.014962943
1975-12-14,0.01496303
1975-12-15,0.014963163
1975-12-16,0.014980033
1975-12-17,0.014956632
1975-12-18,0.014955162
1975-12-19,0.014954205
1975-12-20,0.014975534
1975-12-21,0.014975655
1975-12-22,0.01497754
1975-12-23,0.014982485
1975-12-24,0.014983133
1975-12-25,0.014983133
1975-12-26,0.014982879
1975-12-27,0.014982898
1975-12-28,0.014982898
1975-12-29,0.014975219
1975-12-30,0.01497567
1975-12-31,0.014975814
1976-01-01,0.014975814
1976-01-02,0.01497299
1976-01-03,0.0149733005
1976-01-04,0.0149733005
1976-01-05,0.014996107
1976-01-06,0.015000628
1976-01-07,0.014997138
1976-01-08,0.014997512
1976-01-09,0.015000292
1976-01-10,0.015000199
1976-01-11,0.015000107
1976-01-12,0.014992587
1976-01-13,0.014991522
1976-01-14,0.014979985
1976-01-15,0.014973592
1976-01-16,0.014965469
1976-01-17,0.01496568
1976-01-18,0.01496568
1976-01-19,0.015047806
1976-01-20,0.0149794975
1976-01-21,0.014948709
1976-01-22,0.014947284
1976-01-23,0.014894663
1976-01-24,0.014894728
1976-01-25,0.014894123
1976-01-26,0.014802516
1976-01-27,0.014742178
1976-01-28,0.014763931
1976-01-29,0.014716666
1976-01-30,0.014719977
1976-01-31,0.0147191845
1976-02-01,0.0147220865
1976-02-02,0.014698776
1976-02-03,0.014657268
1976-02-04,0.014841234
1976-02-05,0.014743648
1976-02-06,0.014742229
1976-02-07,0.014742438
1976-02-08,0.014746707
1976-02-09,0.014762856
1976-02-10,0.014785734
1976-02-11,0.014829716
1976-02-12,0.014808157
1976-02-13,0.014778413
1976-02-14,0.014778697
1976-02-15,0.014779407
1976-02-16,0.014779422
1976-02-17,0.014765797
1976-02-18,0.014802823
1976-02-19,0.014812324
1976-02-20,0.014803501
1976-02-21,0.014803557
1976-02-22,0.014802448
1976-02-23,0.014835892
1976-02-24,0.01493637
1976-02-25,0.014819928
1976-02-26,0.01483614
1976-02-27,0.01484757
1976-02-28,0.0148513345
1976-02-29,0.0148513345
1976-03-01,0.014858348
1976-03-02,0.0148232225
1976-03-03,0.014828165
1976-03-04,0.014818409
1976-03-05,0.014808276
1976-03-06,0.014808286
1976-03-07,0.0148062445
1976-03-08,0.014823627
1976-03-09,0.014868588
1976-03-10,0.014914273
1976-03-11,0.01487799
1976-03-12,0.014884664
1976-03-13,0.014884664
1976-03-14,0.014884648
1976-03-15,0.0148815
1976-03-16,0.014926484
1976-03-17,0.014929061
1976-03-18,0.014933046
1976-03-19,0.015034322
1976-03-20,0.015034322
1976-03-21,0.014839868
1976-03-22,0.014858685
1976-03-23,0.0148839615
1976-03-24,0.014873573
1976-03-25,0.0149010215
1976-03-26,0.014901203
1976-03-27,0.014901203
1976-03-28,0.014901094
1976-03-29,0.014948923
1976-03-30,0.014953638
1976-03-31,0.014947712
1976-04-01,0.014974079
1976-04-02,0.014977403
1976-04-03,0.014969862
1976-04-04,0.014971474
1976-04-05,0.014965354
1976-04-06,0.014960615
1976-04-07,0.014947145
1976-04-08,0.014917363
1976-04-09,0.014919818
1976-04-10,0.014919818
1976-04-11,0.014919818
1976-04-12,0.014943795
1976-04-13,0.014922939
1976-04-14,0.014916118
1976-04-15,0.014898509
1976-04-16,0.014913814
1976-04-17,0.014913814
1976-04-18,0.014914138
1976-04-19,0.014972539
1976-04-20,0.014908288
1976-04-21,0.014922627
1976-04-22,0.014925602
1976-04-23,0.014980146
1976-04-24,0.014979693
1976-04-25,0.014977437
1976-04-26,0.015003667
1976-04-27,0.01515443
1976-04-28,0.015263277
1976-04-29,0.015283249
1976-04-30,0.015411045
1976-05-01,0.015410762
1976-05-02,0.01541015
1976-05-03,0.0154658435
1976-05-04,0.0154468035
1976-05-05,0.015491204
1976-05-06,0.015483306
1976-05-07,0.015567091
1976-05-08,0.015565958
1976-05-09,0.015566602
1976-05-10,0.015571049
1976-05-11,0.015578345
1976-05-12,0.015595504
1976-05-13,0.015593841
1976-05-14,0.015614301
1976-05-15,0.015614301
1976-05-16,0.015613605
1976-05-17,0.015433556
1976-05-18,0.0154169295
1976-05-19,0.015338414
1976-05-20,0.015286055
1976-05-21,0.015279561
1976-05-22,0.015279427
1976-05-23,0.015280735
1976-05-24,0.015283889
1976-05-25,0.015314812
1976-05-26,0.015286036
1976-05-27,0.015227658
1976-05-28,0.015166724
1976-05-29,0.015166724
1976-05-30,0.015166724
1976-05-31,0.015166751
1976-06-01,0.0151589615
1976-06-02,0.015154977
1976-06-03,0.01515992
1976-06-04,0.015155207
1976-06-05,0.015155157
1976-06-06,0.015155246
1976-06-07,0.015169076
1976-06-08,0.015181702
1976-06-09,0.015190213
1976-06-10,0.015186227
1976-06-11,0.015188088
1976-06-12,0.015188088
1976-06-13,0.015188088
1976-06-14,0.015258956
1976-06-15,0.015265849
1976-06-16,0.015277269
1976-06-17,0.015276192
1976-06-18,0.015274056
1976-06-19,0.015274056
1976-06-20,0.015274056
1976-06-21,0.015275861
1976-06-22,0.0152979
1976-06-23,0.015300911
1976-06-24,0.0153041305
1976-06-25,0.015303955
1976-06-26,0.015303955
1976-06-27,0.015302961
1976-06-28,0.015313938
1976-06-29,0.015347232
1976-06-30,0.015354609
1976-07-01,0.01535408
1976-07-02,0.015349882
1976-07-03,0.0153507525
1976-07-04,0.0153507525
1976-07-05,0.015351572
1976-07-06,0.015371355
1976-07-07,0.015371327
1976-07-08,0.015379511
1976-07-09,0.015447045
1976-07-10,0.015447045
1976-07-11,0.015447045
1976-07-12,0.015470001
1976-07-13,0.015496271
1976-07-14,0.015533955
1976-07-15,0.015617698
1976-07-16,0.015722575
1976-07-17,0.015722662
1976-07-18,0.015722798
1976-07-19,0.015795486
1976-07-20,0.015811594
1976-07-21,0.015921306
1976-07-22,0.01597314
1976-07-23,0.016063415
1976-07-24,0.016063046
1976-07-25,0.016063271
1976-07-26,0.016062029
1976-07-27,0.016193623
1976-07-28,0.016158957
1976-07-29,0.016166383
1976-07-30,0.016210338
1976-07-31,0.016210303
1976-08-01,0.01621039
1976-08-02,0.016194148
1976-08-03,0.016170125
1976-08-04,0.016184889
1976-08-05,0.016200883
1976-08-06,0.016173454
1976-08-07,0.01617631
1976-08-08,0.016176613
1976-08-09,0.016140707
1976-08-10,0.016140683
1976-08-11,0.016131181
1976-08-12,0.016126353
1976-08-13,0.016130082
1976-08-14,0.016128741
1976-08-15,0.016128661
1976-08-16,0.016106771
1976-08-17,0.016095137
1976-08-18,0.016083747
1976-08-19,0.01605832
1976-08-20,0.016064523
1976-08-21,0.01608571
1976-08-22,0.016085796
1976-08-23,0.016091878
1976-08-24,0.016130464
1976-08-25,0.016105352
1976-08-26,0.016108077
1976-08-27,0.016099546
1976-08-28,0.016074773
1976-08-29,0.016074572
1976-08-30,0.016076235
1976-08-31,0.016074527
1976-09-01,0.01607663
1976-09-02,0.016075367
1976-09-03,0.01607749
1976-09-04,0.016077507
1976-09-05,0.016077507
1976-09-06,0.016077822
1976-09-07,0.01605349
1976-09-08,0.016052961
1976-09-09,0.016042188
1976-09-10,0.016019596
1976-09-11,0.016020132
1976-09-12,0.01602015
1976-09-13,0.01600585
1976-09-14,0.0160038
1976-09-15,0.016003896
1976-09-16,0.016031034
1976-09-17,0.016037622
1976-09-18,0.016037494
1976-09-19,0.016037293
1976-09-20,0.016040053
1976-09-21,0.016043758
1976-09-22,0.016047582
1976-09-23,0.01604973
1976-09-24,0.016052272
1976-09-25,0.016052201
1976-09-26,0.016052293
1976-09-27,0.016046964
1976-09-28,0.016058527
1976-09-29,0.016059201
1976-09-30,0.01605567
1976-10-01,0.01605398
1976-10-02,0.01605398
1976-10-03,0.016053624
1976-10-04,0.016052634
1976-10-05,0.01603874
1976-10-06,0.016026385
1976-10-07,0.016024744
1976-10-08,0.016023284
1976-10-09,0.016023284
1976-10-10,0.016023284
1976-10-11,0.016027967
1976-10-12,0.016031826
1976-10-13,0.015988037
1976-10-14,0.015977016
1976-10-15,0.015985897
1976-10-16,0.015984835
1976-10-17,0.01598921
1976-10-18,0.015925208
1976-10-19,0.01592821
1976-10-20,0.015925061
1976-10-21,0.015857046
1976-10-22,0.015840933
1976-10-23,0.015838701
1976-10-24,0.015838312
1976-10-25,0.015788523
1976-10-26,0.015750064
1976-10-27,0.015833814
1976-10-28,0.015098588
1976-10-29,0.015068649
1976-10-30,0.015068888
1976-10-31,0.015069412
1976-11-01,0.015126293
1976-11-02,0.01512934
1976-11-03,0.01514481
1976-11-04,0.015150522
1976-11-05,0.015127626
1976-11-06,0.015127259
1976-11-07,0.01512708
1976-11-08,0.015142816
1976-11-09,0.015134596
1976-11-10,0.015165668
1976-11-11,0.015156015
1976-11-12,0.015159796
1976-11-13,0.015159599
1976-11-14,0.015159524
1976-11-15,0.015160404
1976-11-16,0.0151848355
1976-11-17,0.015198935
1976-11-18,0.015199919
1976-11-19,0.015203512
1976-11-20,0.01521439
1976-11-21,0.0152139
1976-11-22,0.015210103
1976-11-23,0.015226961
1976-11-24,0.015234393
1976-11-25,0.015234393
1976-11-26,0.015234004
1976-11-27,0.015233532
1976-11-28,0.015232048
1976-11-29,0.015229811
1976-11-30,0.015239594
1976-12-01,0.015235439
1976-12-02,0.015236128
1976-12-03,0.015239633
1976-12-04,0.015239383
1976-12-05,0.015239299
1976-12-06,0.0152428765
1976-12-07,0.015246174
1976-12-08,0.01523761
1976-12-09,0.01520433
1976-12-10,0.015218187
1976-12-11,0.015218187
1976-12-12,0.015218088
1976-12-13,0.0152255
1976-12-14,0.0152346
1976-12-15,0.015239129
1976-12-16,0.015235159
1976-12-17,0.0152616175
1976-12-18,0.015261753
1976-12-19,0.015261552
1976-12-20,0.015265213
1976-12-21,0.015261223
1976-12-22,0.015263418
1976-12-23,0.015262628
1976-12-24,0.015262563
1976-12-25,0.015262563
1976-12-26,0.015244993
1976-12-27,0.015240772
1976-12-28,0.0152403405
1976-12-29,0.015243594
1976-12-30,0.015243805
1976-12-31,0.015243706
1977-01-01,0.015243706
1977-01-02,0.015243706
1977-01-03,0.015255609
1977-01-04,0.015255128
1977-01-05,0.015250719
1977-01-06,0.015249506
1977-01-07,0.015248531
1977-01-08,0.015248531
1977-01-09,0.015248387
1977-01-10,0.015250787
1977-01-11,0.0152378185
1977-01-12,0.0152345905
1977-01-13,0.015223226
1977-01-14,0.015228953
1977-01-15,0.0152289085
1977-01-16,0.015228011
1977-01-17,0.015282057
1977-01-18,0.015279368
1977-01-19,0.015313382
1977-01-20,0.0153205
1977-01-21,0.015286371
1977-01-22,0.015286371
1977-01-23,0.015286335
1977-01-24,0.015265632
1977-01-25,0.015276412
1977-01-26,0.015219483
1977-01-27,0.0151524125
1977-01-28,0.015130241
1977-01-29,0.015130008
1977-01-30,0.01513034
1977-01-31,0.015149535
1977-02-01,0.015145091
1977-02-02,0.015121366
1977-02-03,0.015040424
1977-02-04,0.015042775
1977-02-05,0.01504275
1977-02-06,0.015042641
1977-02-07,0.015028899
1977-02-08,0.01530329
1977-02-09,0.015308027
1977-02-10,0.015372648
1977-02-11,0.01540018
1977-02-12,0.015399015
1977-02-13,0.015398702
1977-02-14,0.015369943
1977-02-15,0.015374173
1977-02-16,0.015507887
1977-02-17,0.015513214
1977-02-18,0.015506491
1977-02-19,0.015506323
1977-02-20,0.015506278
1977-02-21,0.015509664
1977-02-22,0.015532095
1977-02-23,0.015533449
1977-02-24,0.015533648
1977-02-25,0.015538171
1977-02-26,0.0155385565
1977-02-27,0.0155385565
1977-02-28,0.015505667
1977-03-01,0.015524982
1977-03-02,0.015474544
1977-03-03,0.015480795
1977-03-04,0.015463896
1977-03-05,0.0154639
1977-03-06,0.015462382
1977-03-07,0.015475539
1977-03-08,0.015504137
1977-03-09,0.015547259
1977-03-10,0.015615042
1977-03-11,0.015607824
1977-03-12,0.0156080965
1977-03-13,0.0156080965
1977-03-14,0.01556638
1977-03-15,0.015549946
1977-03-16,0.015578866
1977-03-17,0.015512466
1977-03-18,0.015527231
1977-03-19,0.015527022
1977-03-20,0.015527022
1977-03-21,0.015573224
1977-03-22,0.015715797
1977-03-23,0.015753707
1977-03-24,0.015753333
1977-03-25,0.015751032
1977-03-26,0.01575111
1977-03-27,0.01575248
1977-03-28,0.015751107
1977-03-29,0.015751172
1977-03-30,0.015748585
1977-03-31,0.015748583
1977-04-01,0.015757445
1977-04-02,0.015760403
1977-04-03,0.015760573
1977-04-04,0.015764676
1977-04-05,0.01576729
1977-04-06,0.015755123
1977-04-07,0.015757661
1977-04-08,0.015757583
1977-04-09,0.015757583
1977-04-10,0.01575763
1977-04-11,0.015758606
1977-04-12,0.015742775
1977-04-13,0.015675642
1977-04-14,0.015624056
1977-04-15,0.015547081
1977-04-16,0.015546739
1977-04-17,0.015546865
1977-04-18,0.015540533
1977-04-19,0.015535832
1977-04-20,0.015571587
1977-04-21,0.015449145
1977-04-22,0.01538688
1977-04-23,0.015385435
1977-04-24,0.015386656
1977-04-25,0.015326979
1977-04-26,0.0153111555
1977-04-27,0.015278925
1977-04-28,0.0154715665
1977-04-29,0.015459653
1977-04-30,0.015460556
1977-05-01,0.015459826
1977-05-02,0.015546196
1977-05-03,0.015722675
1977-05-04,0.015727468
1977-05-05,0.015698409
1977-05-06,0.015685761
1977-05-07,0.01569969
1977-05-08,0.01569868
1977-05-09,0.015706176
1977-05-10,0.01570132
1977-05-11,0.01573296
1977-05-12,0.0157333
1977-05-13,0.015732968
1977-05-14,0.015734624
1977-05-15,0.015741471
1977-05-16,0.015588445
1977-05-17,0.015550695
1977-05-18,0.015483804
1977-05-19,0.015458953
1977-05-20,0.015416556
1977-05-21,0.015416664
1977-05-22,0.015415737
1977-05-23,0.015417859
1977-05-24,0.015399036
1977-05-25,0.015419659
1977-05-26,0.015406165
1977-05-27,0.01542496
1977-05-28,0.01542496
1977-05-29,0.015425091
1977-05-30,0.01542452
1977-05-31,0.015410116
1977-06-01,0.015408184
1977-06-02,0.015406826
1977-06-03,0.015409762
1977-06-04,0.015409762
1977-06-05,0.0154095525
1977-06-06,0.015403253
1977-06-07,0.01540475
1977-06-08,0.015403896
1977-06-09,0.015411097
1977-06-10,0.015402613
1977-06-11,0.01540269
1977-06-12,0.01540269
1977-06-13,0.015404114
1977-06-14,0.01540789
1977-06-15,0.015398063
1977-06-16,0.015484252
1977-06-17,0.015484945
1977-06-18,0.0154849375
1977-06-19,0.015485393
1977-06-20,0.015486091
1977-06-21,0.015487814
1977-06-22,0.015524217
1977-06-23,0.015533875
1977-06-24,0.015534689
1977-06-25,0.015534689
1977-06-26,0.015534689
1977-06-27,0.015546485
1977-06-28,0.015549051
1977-06-29,0.015553852
1977-06-30,0.015575035
1977-07-01,0.015573507
1977-07-02,0.015573507
1977-07-03,0.015573507
1977-07-04,0.015573507
1977-07-05,0.015583015
1977-07-06,0.015579464
1977-07-07,0.015582167
1977-07-08,0.015584609
1977-07-09,0.015584609
1977-07-10,0.015584609
1977-07-11,0.015588851
1977-07-12,0.015618675
1977-07-13,0.01567169
1977-07-14,0.015753858
1977-07-15,0.015814953
1977-07-16,0.015815258
1977-07-17,0.015815515
1977-07-18,0.015935367
1977-07-19,0.015937733
1977-07-20,0.015995923
1977-07-21,0.016092952
1977-07-22,0.016192652
1977-07-23,0.016192652
1977-07-24,0.016191829
1977-07-25,0.016176686
1977-07-26,0.016205177
1977-07-27,0.01626421
1977-07-28,0.016472816
1977-07-29,0.016464563
1977-07-30,0.016463762
1977-07-31,0.016459668
1977-08-01,0.016461747
1977-08-02,0.016500296
1977-08-03,0.016477576
1977-08-04,0.016502991
1977-08-05,0.016471269
1977-08-06,0.01647124
1977-08-07,0.016455526
1977-08-08,0.016442869
1977-08-09,0.016477909
1977-08-10,0.016494486
1977-08-11,0.016469045
1977-08-12,0.016470293
1977-08-13,0.016468043
1977-08-14,0.016467711
1977-08-15,0.016431775
1977-08-16,0.01642623
1977-08-17,0.016415372
1977-08-18,0.016402017
1977-08-19,0.016398566
1977-08-20,0.016400868
1977-08-21,0.016400868
1977-08-22,0.01639609
1977-08-23,0.016417392
1977-08-24,0.016412627
1977-08-25,0.016419671
1977-08-26,0.01641492
1977-08-27,0.01641492
1977-08-28,0.01641492
1977-08-29,0.016409406
1977-08-30,0.016411418
1977-08-31,0.0164135
1977-09-01,0.016412959
1977-09-02,0.016412646
1977-09-03,0.016411224
1977-09-04,0.01641135
1977-09-05,0.01641135
1977-09-06,0.016412733
1977-09-07,0.016401382
1977-09-08,0.016403118
1977-09-09,0.016408736
1977-09-10,0.016408818
1977-09-11,0.016409278
1977-09-12,0.016402163
1977-09-13,0.016403412
1977-09-14,0.016405975
1977-09-15,0.016405819
1977-09-16,0.016406508
1977-09-17,0.016406508
1977-09-18,0.016406616
1977-09-19,0.016410448
1977-09-20,0.01641058
1977-09-21,0.01641386
1977-09-22,0.01641583
1977-09-23,0.016414642
1977-09-24,0.016414145
1977-09-25,0.01641411
1977-09-26,0.016413355
1977-09-27,0.01642367
1977-09-28,0.016415361
1977-09-29,0.016418109
1977-09-30,0.016412009
1977-10-01,0.016412009
1977-10-02,0.016412009
1977-10-03,0.016416328
1977-10-04,0.016411075
1977-10-05,0.016387079
1977-10-06,0.016378935
1977-10-07,0.016369728
1977-10-08,0.016369728
1977-10-09,0.016369728
1977-10-10,0.016369373
1977-10-11,0.016372943
1977-10-12,0.016342241
1977-10-13,0.0163587
1977-10-14,0.016359935
1977-10-15,0.016360782
1977-10-16,0.016360624
1977-10-17,0.016372347
1977-10-18,0.016300969
1977-10-19,0.016322924
1977-10-20,0.016284363
1977-10-21,0.016224021
1977-10-22,0.016224021
1977-10-23,0.016224248
1977-10-24,0.016261784
1977-10-25,0.016254328
1977-10-26,0.016226284
1977-10-27,0.015537633
1977-10-28,0.015522322
1977-10-29,0.015522272
1977-10-30,0.015523987
1977-10-31,0.0155955395
1977-11-01,0.01560098
1977-11-02,0.01563678
1977-11-03,0.015630398
1977-11-04,0.015625162
1977-11-05,0.015624968
1977-11-06,0.015625028
1977-11-07,0.015596565
1977-11-08,0.015596475
1977-11-09,0.015583722
1977-11-10,0.015588809
1977-11-11,0.015591141
1977-11-12,0.015591232
1977-11-13,0.015591073
1977-11-14,0.015588516
1977-11-15,0.015607943
1977-11-16,0.0156099
1977-11-17,0.015626997
1977-11-18,0.01564093
1977-11-19,0.015640732
1977-11-20,0.015641231
1977-11-21,0.01564313
1977-11-22,0.015648236
1977-11-23,0.015655167
1977-11-24,0.015655195
1977-11-25,0.015654659
1977-11-26,0.015654735
1977-11-27,0.015654786
1977-11-28,0.015656896
1977-11-29,0.015660707
1977-11-30,0.015684573
1977-12-01,0.015672846
1977-12-02,0.015676098
1977-12-03,0.015675316
1977-12-04,0.01567507
1977-12-05,0.01567731
1977-12-06,0.015651286
1977-12-07,0.015650831
1977-12-08,0.015663236
1977-12-09,0.015666202
1977-12-10,0.01566605
1977-12-11,0.01566605
1977-12-12,0.015673365
1977-12-13,0.015682345
1977-12-14,0.015685624
1977-12-15,0.015681753
1977-12-16,0.015691051
1977-12-17,0.01569228
1977-12-18,0.015692513
1977-12-19,0.015704408
1977-12-20,0.01566746
1977-12-21,0.015668795
1977-12-22,0.015676131
1977-12-23,0.015679844
1977-12-24,0.015679827
1977-12-25,0.015679827
1977-12-26,0.01567988
1977-12-27,0.015680075
1977-12-28,0.015675759
1977-12-29,0.015668932
1977-12-30,0.01566794
1977-12-31,0.015667377
1978-01-01,0.015667707
1978-01-02,0.015667707
1978-01-03,0.015667878
1978-01-04,0.015667027
1978-01-05,0.015692547
1978-01-06,0.015687142
1978-01-07,0.015687142
1978-01-08,0.015687086
1978-01-09,0.015689738
1978-01-10,0.01568887
1978-01-11,0.015691979
1978-01-12,0.015699336
1978-01-13,0.01570303
1978-01-14,0.015702441
1978-01-15,0.015702548
1978-01-16,0.015698774
1978-01-17,0.015790459
1978-01-18,0.01578822
1978-01-19,0.01577864
1978-01-20,0.01579266
1978-01-21,0.015792936
1978-01-22,0.015792936
1978-01-23,0.015699007
1978-01-24,0.01563303
1978-01-25,0.015624444
1978-01-26,0.015600152
1978-01-27,0.015529654
1978-01-28,0.015529654
1978-01-29,0.01552997
1978-01-30,0.015498232
1978-01-31,0.01547112
1978-02-01,0.01550459
1978-02-02,0.015506709
1978-02-03,0.015496491
1978-02-04,0.015496276
1978-02-05,0.01549635
1978-02-06,0.015485809
1978-02-07,0.015479395
1978-02-08,0.015829729
1978-02-09,0.015869848
1978-02-10,0.01588336
1978-02-11,0.015876755
1978-02-12,0.015886657
1978-02-13,0.01588166
1978-02-14,0.01590736
1978-02-15,0.015935373
1978-02-16,0.015959898
1978-02-17,0.015974259
1978-02-18,0.015974378
1978-02-19,0.015975319
1978-02-20,0.015975742
1978-02-21,0.015943706
1978-02-22,0.015938316
1978-02-23,0.015918368
1978-02-24,0.015932022
1978-02-25,0.01593215
1978-02-26,0.015932327
1978-02-27,0.016012749
1978-02-28,0.015991243
1978-03-01,0.016000044
1978-03-02,0.015999347
1978-03-03,0.01599466
1978-03-04,0.015994687
1978-03-05,0.015994892
1978-03-06,0.015993133
1978-03-07,0.015987394
1978-03-08,0.016072096
1978-03-09,0.01607276
1978-03-10,0.016074926
1978-03-11,0.016075298
1978-03-12,0.016074969
1978-03-13,0.016074207
1978-03-14,0.016060805
1978-03-15,0.016142888
1978-03-16,0.016179604
1978-03-17,0.016180707
1978-03-18,0.016180806
1978-03-19,0.016180888
1978-03-20,0.016158603
1978-03-21,0.016181173
1978-03-22,0.016207935
1978-03-23,0.016205877
1978-03-24,0.01620617
1978-03-25,0.01620617
1978-03-26,0.016205946
1978-03-27,0.016195787
1978-03-28,0.0161956
1978-03-29,0.016184779
1978-03-30,0.016174072
1978-03-31,0.01617349
1978-04-01,0.016173484
1978-04-02,0.016173854
1978-04-03,0.016175902
1978-04-04,0.016178012
1978-04-05,0.016180499
1978-04-06,0.016191449
1978-04-07,0.01619063
1978-04-08,0.016191147
1978-04-09,0.016191147
1978-04-10,0.016110035
1978-04-11,0.01609962
1978-04-12,0.016052658
1978-04-13,0.015870841
1978-04-14,0.01583228
1978-04-15,0.015831089
1978-04-16,0.01583056
1978-04-17,0.015838478
1978-04-18,0.015804447
1978-04-19,0.015788691
1978-04-20,0.015733128
1978-04-21,0.01579137
1978-04-22,0.015793456
1978-04-23,0.01579334
1978-04-24,0.015705355
1978-04-25,0.015787903
1978-04-26,0.015720885
1978-04-27,0.015546788
1978-04-28,0.015410623
1978-04-29,0.015414762
1978-04-30,0.015413946
1978-05-01,0.015474034
1978-05-02,0.015461205
1978-05-03,0.015494928
1978-05-04,0.015515016
1978-05-05,0.015513342
1978-05-06,0.015513191
1978-05-07,0.015529593
1978-05-08,0.0155655965
1978-05-09,0.015555942
1978-05-10,0.015545056
1978-05-11,0.015549922
1978-05-12,0.015545129
1978-05-13,0.015545172
1978-05-14,0.015545055
1978-05-15,0.015476283
1978-05-16,0.0154834045
1978-05-17,0.015389142
1978-05-18,0.015321221
1978-05-19,0.015285766
1978-05-20,0.015286605
1978-05-21,0.015286654
1978-05-22,0.015279165
1978-05-23,0.015275476
1978-05-24,0.0152873285
1978-05-25,0.0152802775
1978-05-26,0.015169562
1978-05-27,0.015169562
1978-05-28,0.015169562
1978-05-29,0.015170226
1978-05-30,0.015166404
1978-05-31,0.01516376
1978-06-01,0.0151493875
1978-06-02,0.015152556
1978-06-03,0.015152556
1978-06-04,0.015151506
1978-06-05,0.015155853
1978-06-06,0.015151735
1978-06-07,0.015152047
1978-06-08,0.015133449
1978-06-09,0.015134679
1978-06-10,0.015134679
1978-06-11,0.015134589
1978-06-12,0.015135551
1978-06-13,0.015108467
1978-06-14,0.015122763
1978-06-15,0.015127243
1978-06-16,0.015127688
1978-06-17,0.015127648
1978-06-18,0.015127624
1978-06-19,0.015125684
1978-06-20,0.015120104
1978-06-21,0.015126253
1978-06-22,0.015178917
1978-06-23,0.015180059
1978-06-24,0.015180184
1978-06-25,0.015180184
1978-06-26,0.015191336
1978-06-27,0.015198871
1978-06-28,0.015217267
1978-06-29,0.015215573
1978-06-30,0.015203825
1978-07-01,0.015203825
1978-07-02,0.015203825
1978-07-03,0.015205755
1978-07-04,0.015206125
1978-07-05,0.015210057
1978-07-06,0.0152051905
1978-07-07,0.015225246
1978-07-08,0.015225246
1978-07-09,0.015225246
1978-07-10,0.015228131
1978-07-11,0.015230722
1978-07-12,0.015254378
1978-07-13,0.015357714
1978-07-14,0.015481842
1978-07-15,0.015480766
1978-07-16,0.015481271
1978-07-17,0.015635325
1978-07-18,0.015695103
1978-07-19,0.01581488
1978-07-20,0.015960988
1978-07-21,0.01607977
1978-07-22,0.016078847
1978-07-23,0.016074559
1978-07-24,0.016158601
1978-07-25,0.016276145
1978-07-26,0.016403988
1978-07-27,0.016543915
1978-07-28,0.016869595
1978-07-29,0.016869595
1978-07-30,0.016868113
1978-07-31,0.016823482
1978-08-01,0.016823096
1978-08-02,0.01683548
1978-08-03,0.016846824
1978-08-04,0.016844409
1978-08-05,0.016844805
1978-08-06,0.016844697
1978-08-07,0.016742522
1978-08-08,0.016785758
1978-08-09,0.016819503
1978-08-10,0.016844833
1978-08-11,0.016811753
1978-08-12,0.016815176
1978-08-13,0.016813999
1978-08-14,0.01681472
1978-08-15,0.016811356
1978-08-16,0.01685372
1978-08-17,0.016840043
1978-08-18,0.016853245
1978-08-19,0.01685358
1978-08-20,0.016853565
1978-08-21,0.016860794
1978-08-22,0.016874429
1978-08-23,0.016905578
1978-08-24,0.016904265
1978-08-25,0.016900966
1978-08-26,0.016902383
1978-08-27,0.016902383
1978-08-28,0.016905623
1978-08-29,0.016905254
1978-08-30,0.016906545
1978-08-31,0.016916217
1978-09-01,0.01691549
1978-09-02,0.016915845
1978-09-03,0.016914265
1978-09-04,0.016913641
1978-09-05,0.01692174
1978-09-06,0.01692286
1978-09-07,0.016907983
1978-09-08,0.016909134
1978-09-09,0.016909134
1978-09-10,0.01690919
1978-09-11,0.016909158
1978-09-12,0.016910002
1978-09-13,0.0169101
1978-09-14,0.016905494
1978-09-15,0.016916564
1978-09-16,0.01691657
1978-09-17,0.01691657
1978-09-18,0.016913693
1978-09-19,0.016918031
1978-09-20,0.016973762
1978-09-21,0.01697831
1978-09-22,0.016978458
1978-09-23,0.016976096
1978-09-24,0.016974952
1978-09-25,0.016978156
1978-09-26,0.016976822
1978-09-27,0.016972953
1978-09-28,0.016963558
1978-09-29,0.016948558
1978-09-30,0.01696225
1978-10-01,0.01696225
1978-10-02,0.016958803
1978-10-03,0.016957957
1978-10-04,0.016962547
1978-10-05,0.016960047
1978-10-06,0.016953498
1978-10-07,0.016953498
1978-10-08,0.01695353
1978-10-09,0.016950212
1978-10-10,0.01693848
1978-10-11,0.0169046
1978-10-12,0.016870122
1978-10-13,0.016922783
1978-10-14,0.016922783
1978-10-15,0.016922578
1978-10-16,0.016912935
1978-10-17,0.016897812
1978-10-18,0.016930811
1978-10-19,0.01692302
1978-10-20,0.01689678
1978-10-21,0.01689576
1978-10-22,0.016894862
1978-10-23,0.016802035
1978-10-24,0.01672269
1978-10-25,0.016830161
1978-10-26,0.016826963
1978-10-27,0.016693676
1978-10-28,0.016695721
1978-10-29,0.016695593
1978-10-30,0.016361859
1978-10-31,0.016388474
1978-11-01,0.016372876
1978-11-02,0.016343392
1978-11-03,0.016320692
1978-11-04,0.01631997
1978-11-05,0.01632017
1978-11-06,0.016356325
1978-11-07,0.016392972
1978-11-08,0.01636104
1978-11-09,0.016371226
1978-11-10,0.01634302
1978-11-11,0.01634028
1978-11-12,0.016335526
1978-11-13,0.016356176
1978-11-14,0.016371317
1978-11-15,0.016367363
1978-11-16,0.016349811
1978-11-17,0.016360793
1978-11-18,0.016360352
1978-11-19,0.016359964
1978-11-20,0.016356463
1978-11-21,0.01636763
1978-11-22,0.016376954
1978-11-23,0.016376954
1978-11-24,0.0163794
1978-11-25,0.0163794
1978-11-26,0.016379824
1978-11-27,0.016380679
1978-11-28,0.016379759
1978-11-29,0.016387196
1978-11-30,0.016388884
1978-12-01,0.016388131
1978-12-02,0.01638815
1978-12-03,0.016388165
1978-12-04,0.016391436
1978-12-05,0.016393425
1978-12-06,0.016395334
1978-12-07,0.016394546
1978-12-08,0.016394107
1978-12-09,0.016394181
1978-12-10,0.016394181
1978-12-11,0.016385118
1978-12-12,0.016380716
1978-12-13,0.016380232
1978-12-14,0.016396409
1978-12-15,0.016397031
1978-12-16,0.016398465
1978-12-17,0.016398428
1978-12-18,0.016400097
1978-12-19,0.016384313
1978-12-20,0.016389484
1978-12-21,0.016392501
1978-12-22,0.01634067
1978-12-23,0.016340848
1978-12-24,0.01634095
1978-12-25,0.01634095
1978-12-26,0.016342342
1978-12-27,0.016343547
1978-12-28,0.016343724
1978-12-29,0.01634395
1978-12-30,0.01634395
1978-12-31,0.01634395
1979-01-01,0.01634395
1979-01-02,0.01634251
1979-01-03,0.016340466
1979-01-04,0.016344422
1979-01-05,0.016343584
1979-01-06,0.016343584
1979-01-07,0.016343584
1979-01-08,0.016349394
1979-01-09,0.016336683
1979-01-10,0.01633566
1979-01-11,0.016330125
1979-01-12,0.01635285
1979-01-13,0.016356433
1979-01-14,0.016356103
1979-01-15,0.016375082
1979-01-16,0.016550263
1979-01-17,0.016552629
1979-01-18,0.016553616
1979-01-19,0.016565742
1979-01-20,0.016565945
1979-01-21,0.016566668
1979-01-22,0.01659363
1979-01-23,0.016525805
1979-01-24,0.01656205
1979-01-25,0.01685993
1979-01-26,0.016838206
1979-01-27,0.016838206
1979-01-28,0.016745271
1979-01-29,0.016708143
1979-01-30,0.016699947
1979-01-31,0.016762178
1979-02-01,0.016809775
1979-02-02,0.016909648
1979-02-03,0.016909648
1979-02-04,0.016909365
1979-02-05,0.016870711
1979-02-06,0.016876169
1979-02-07,0.017183488
1979-02-08,0.01721228
1979-02-09,0.017231546
1979-02-10,0.01722926
1979-02-11,0.017227184
1979-02-12,0.017218731
1979-02-13,0.017252047
1979-02-14,0.017252622
1979-02-15,0.017288275
1979-02-16,0.017230123
1979-02-17,0.017229628
1979-02-18,0.01722959
1979-02-19,0.017228268
1979-02-20,0.017225616
1979-02-21,0.017284846
1979-02-22,0.017297585
1979-02-23,0.017294489
1979-02-24,0.017301468
1979-02-25,0.017301805
1979-02-26,0.017238641
1979-02-27,0.017167352
1979-02-28,0.017152153
1979-03-01,0.017171469
1979-03-02,0.017171638
1979-03-03,0.017170694
1979-03-04,0.017170368
1979-03-05,0.01717513
1979-03-06,0.017180195
1979-03-07,0.017180134
1979-03-08,0.017153138
1979-03-09,0.017146686
1979-03-10,0.017146686
1979-03-11,0.017146686
1979-03-12,0.01717902
1979-03-13,0.017168157
1979-03-14,0.017277313
1979-03-15,0.01731274
1979-03-16,0.017325822
1979-03-17,0.017323194
1979-03-18,0.017323194
1979-03-19,0.017364495
1979-03-20,0.01733136
1979-03-21,0.017369792
1979-03-22,0.017377686
1979-03-23,0.017398464
1979-03-24,0.017398464
1979-03-25,0.01739883
1979-03-26,0.017403163
1979-03-27,0.01740242
1979-03-28,0.01742507
1979-03-29,0.017456556
1979-03-30,0.017472772
1979-03-31,0.017472701
1979-04-01,0.01747272
1979-04-02,0.017482841
1979-04-03,0.017482013
1979-04-04,0.017461358
1979-04-05,0.017467745
1979-04-06,0.01746858
1979-04-07,0.017467989
1979-04-08,0.017478032
1979-04-09,0.017475776
1979-04-10,0.017486105
1979-04-11,0.01755508
1979-04-12,0.017196227
1979-04-13,0.017185308
1979-04-14,0.017185235
1979-04-15,0.01718531
1979-04-16,0.017134134
1979-04-17,0.017200163
1979-04-18,0.01725717
1979-04-19,0.017271498
1979-04-20,0.017274383
1979-04-21,0.017274318
1979-04-22,0.017275486
1979-04-23,0.017197251
1979-04-24,0.01721105
1979-04-25,0.017443502
1979-04-26,0.01738297
1979-04-27,0.017443527
1979-04-28,0.017451292
1979-04-29,0.017452978
1979-04-30,0.01771319
1979-05-01,0.01773066
1979-05-02,0.017748378
1979-05-03,0.017724784
1979-05-04,0.017747896
1979-05-05,0.017747669
1979-05-06,0.017747441
1979-05-07,0.017790286
1979-05-08,0.017787343
1979-05-09,0.017793097
1979-05-10,0.017796079
1979-05-11,0.017796976
1979-05-12,0.017797386
1979-05-13,0.017796926
1979-05-14,0.017800054
1979-05-15,0.017748088
1979-05-16,0.017750937
1979-05-17,0.017716821
1979-05-18,0.017729657
1979-05-19,0.017729647
1979-05-20,0.017730126
1979-05-21,0.017730694
1979-05-22,0.017539643
1979-05-23,0.017468067
1979-05-24,0.017337054
1979-05-25,0.017240455
1979-05-26,0.017240455
1979-05-27,0.017240455
1979-05-28,0.017240599
1979-05-29,0.01723414
1979-05-30,0.017236859
1979-05-31,0.017232217
1979-06-01,0.01722743
1979-06-02,0.01722743
1979-06-03,0.01722748
1979-06-04,0.017220374
1979-06-05,0.017207786
1979-06-06,0.017202914
1979-06-07,0.017203907
1979-06-08,0.017202862
1979-06-09,0.017202862
1979-06-10,0.017202862
1979-06-11,0.017200748
1979-06-12,0.017199198
1979-06-13,0.017198086
1979-06-14,0.017196883
1979-06-15,0.017199082
1979-06-16,0.017199105
1979-06-17,0.017199062
1979-06-18,0.017198667
1979-06-19,0.017238054
1979-06-20,0.017246762
1979-06-21,0.017246587
1979-06-22,0.017256644
1979-06-23,0.017256415
1979-06-24,0.017270325
1979-06-25,0.017285192
1979-06-26,0.017273577
1979-06-27,0.017279098
1979-06-28,0.017290775
1979-06-29,0.017294321
1979-06-30,0.017294321
1979-07-01,0.017294321
1979-07-02,0.017301474
1979-07-03,0.017306816
1979-07-04,0.017306816
1979-07-05,0.0173232
1979-07-06,0.01731758
1979-07-07,0.01731758
1979-07-08,0.01731758
1979-07-09,0.017319467
1979-07-10,0.017325796
1979-07-11,0.017316375
1979-07-12,0.01740954
1979-07-13,0.017440675
1979-07-14,0.01744223
1979-07-15,0.017442398
1979-07-16,0.017509751
1979-07-17,0.01755412
1979-07-18,0.017681211
1979-07-19,0.017805627
1979-07-20,0.01776539
1979-07-21,0.017767237
1979-07-22,0.017767433
1979-07-23,0.017785633
1979-07-24,0.017761497
1979-07-25,0.017831571
1979-07-26,0.017902832
1979-07-27,0.018193673
1979-07-28,0.01819269
1979-07-29,0.01819424
1979-07-30,0.018185733
1979-07-31,0.018193243
1979-08-01,0.018310905
1979-08-02,0.018284569
1979-08-03,0.018226223
1979-08-04,0.018225886
1979-08-05,0.018227333
1979-08-06,0.018214354
1979-08-07,0.01818336
1979-08-08,0.018198492
1979-08-09,0.018168105
1979-08-10,0.018100595
1979-08-11,0.018100595
1979-08-12,0.018100904
1979-08-13,0.01809645
1979-08-14,0.018098796
1979-08-15,0.018067064
1979-08-16,0.0180577
1979-08-17,0.018058268
1979-08-18,0.018060079
1979-08-19,0.018060407
1979-08-20,0.018053902
1979-08-21,0.018052869
1979-08-22,0.018062593
1979-08-23,0.018102067
1979-08-24,0.018102596
1979-08-25,0.018104063
1979-08-26,0.018102922
1979-08-27,0.018087158
1979-08-28,0.018087931
1979-08-29,0.018092612
1979-08-30,0.018095486
1979-08-31,0.01810559
1979-09-01,0.01810365
1979-09-02,0.018103832
1979-09-03,0.018102478
1979-09-04,0.018098492
1979-09-05,0.018098297
1979-09-06,0.018103447
1979-09-07,0.018095639
1979-09-08,0.018095639
1979-09-09,0.018095639
1979-09-10,0.018094406
1979-09-11,0.018096333
1979-09-12,0.01809509
1979-09-13,0.018104289
1979-09-14,0.018103564
1979-09-15,0.018104048
1979-09-16,0.018104093
1979-09-17,0.018089969
1979-09-18,0.018093351
1979-09-19,0.018109487
1979-09-20,0.018119404
1979-09-21,0.018170202
1979-09-22,0.018170364
1979-09-23,0.018169424
1979-09-24,0.018164901
1979-09-25,0.018167771
1979-09-26,0.018169671
1979-09-27,0.018164765
1979-09-28,0.018163815
1979-09-29,0.01816397
1979-09-30,0.018163309
1979-10-01,0.018160906
1979-10-02,0.018153675
1979-10-03,0.018155588
1979-10-04,0.018154537
1979-10-05,0.018153185
1979-10-06,0.018153498
1979-10-07,0.018153498
1979-10-08,0.018145576
1979-10-09,0.018121406
1979-10-10,0.018110296
1979-10-11,0.018066498
1979-10-12,0.018066589
1979-10-13,0.018065708
1979-10-14,0.018065708
1979-10-15,0.018098595
1979-10-16,0.018052747
1979-10-17,0.018035792
1979-10-18,0.017976724
1979-10-19,0.017944647
1979-10-20,0.017950615
1979-10-21,0.017950116
1979-10-22,0.017953705
1979-10-23,0.017365983
1979-10-24,0.017424889
1979-10-25,0.017460395
1979-10-26,0.017454386
1979-10-27,0.017455062
1979-10-28,0.017454937
1979-10-29,0.017497845
1979-10-30,0.017468994
1979-10-31,0.017413683
1979-11-01,0.017549636
1979-11-02,0.017551092
1979-11-03,0.017551074
1979-11-04,0.017551396
1979-11-05,0.017537048
1979-11-06,0.017539982
1979-11-07,0.01753403
1979-11-08,0.017519927
1979-11-09,0.017522432
1979-11-10,0.017523697
1979-11-11,0.017523697
1979-11-12,0.017520733
1979-11-13,0.017549057
1979-11-14,0.017560147
1979-11-15,0.0175759
1979-11-16,0.017589925
1979-11-17,0.017590309
1979-11-18,0.017590027
1979-11-19,0.017589463
1979-11-20,0.017591612
1979-11-21,0.017599586
1979-11-22,0.017599586
1979-11-23,0.01760891
1979-11-24,0.017609576
1979-11-25,0.017609576
1979-11-26,0.01760739
1979-11-27,0.017618582
1979-11-28,0.017607054
1979-11-29,0.017603757
1979-11-30,0.017607206
1979-12-01,0.017607206
1979-12-02,0.017607236
1979-12-03,0.017609166
1979-12-04,0.017610658
1979-12-05,0.017612325
1979-12-06,0.017616384
1979-12-07,0.017590791
1979-12-08,0.01759137
1979-12-09,0.017591301
1979-12-10,0.017589863
1979-12-11,0.017552184
1979-12-12,0.017555663
1979-12-13,0.01755525
1979-12-14,0.017563859
1979-12-15,0.017563306
1979-12-16,0.017563306
1979-12-17,0.017564496
1979-12-18,0.017576287
1979-12-19,0.017584104
1979-12-20,0.01758046
1979-12-21,0.01758076
1979-12-22,0.01758076
1979-12-23,0.01758076
1979-12-24,0.017581549
1979-12-25,0.017581549
1979-12-26,0.017575026
1979-12-27,0.017573768
1979-12-28,0.01757219
1979-12-29,0.01757219
1979-12-30,0.01757219
1979-12-31,0.017572151
1980-01-01,0.017572151
1980-01-02,0.017572481
1980-01-03,0.017584171
1980-01-04,0.017581027
1980-01-05,0.017581027
1980-01-06,0.017581027
1980-01-07,0.017580707
1980-01-08,0.017575895
1980-01-09,0.017575866
1980-01-10,0.017585551
1980-01-11,0.017581964
1980-01-12,0.017581834
1980-01-13,0.017581834
1980-01-14,0.017582078
1980-01-15,0.017620752
1980-01-16,0.017771348
1980-01-17,0.017805057
1980-01-18,0.017672382
1980-01-19,0.0176738
1980-01-20,0.017673794
1980-01-21,0.01760857
1980-01-22,0.017516507
1980-01-23,0.017308129
1980-01-24,0.017341182
1980-01-25,0.017278442
1980-01-26,0.017277198
1980-01-27,0.017277198
1980-01-28,0.017296828
1980-01-29,0.017295005
1980-01-30,0.017244533
1980-01-31,0.017340016
1980-02-01,0.017329374
1980-02-02,0.017332649
1980-02-03,0.017332703
1980-02-04,0.017338265
1980-02-05,0.017550651
1980-02-06,0.017563995
1980-02-07,0.01757048
1980-02-08,0.017576205
1980-02-09,0.017576205
1980-02-10,0.017576143
1980-02-11,0.017548837
1980-02-12,0.01758362
1980-02-13,0.017577311
1980-02-14,0.01762986
1980-02-15,0.017788215
1980-02-16,0.01778629
1980-02-17,0.017787907
1980-02-18,0.017790973
1980-02-19,0.017780818
1980-02-20,0.017838525
1980-02-21,0.017800462
1980-02-22,0.017793234
1980-02-23,0.017793555
1980-02-24,0.01779319
1980-02-25,0.017792655
1980-02-26,0.0177834
1980-02-27,0.017771585
1980-02-28,0.017776249
1980-02-29,0.017851956
1980-03-01,0.017851774
1980-03-02,0.017851774
1980-03-03,0.01785411
1980-03-04,0.017838595
1980-03-05,0.017875567
1980-03-06,0.017878212
1980-03-07,0.0178742
1980-03-08,0.017874006
1980-03-09,0.017874043
1980-03-10,0.017880198
1980-03-11,0.017864417
1980-03-12,0.017860461
1980-03-13,0.018136565
1980-03-14,0.018391404
1980-03-15,0.018391404
1980-03-16,0.018391404
1980-03-17,0.018387701
1980-03-18,0.018470574
1980-03-19,0.01850976
1980-03-20,0.018499298
1980-03-21,0.018505087
1980-03-22,0.01850355
1980-03-23,0.01850355
1980-03-24,0.01849941
1980-03-25,0.018517775
1980-03-26,0.018547108
1980-03-27,0.01854511
1980-03-28,0.018536398
1980-03-29,0.018546473
1980-03-30,0.01854668
1980-03-31,0.018543003
1980-04-01,0.018529488
1980-04-02,0.018523656
1980-04-03,0.018529596
1980-04-04,0.018539904
1980-04-05,0.018539904
1980-04-06,0.018539904
1980-04-07,0.018539252
1980-04-08,0.018549405
1980-04-09,0.018566657
1980-04-10,0.018608587
1980-04-11,0.0184939
1980-04-12,0.0184949
1980-04-13,0.018494267
1980-04-14,0.018301304
1980-04-15,0.018294513
1980-04-16,0.018265544
1980-04-17,0.018386047
1980-04-18,0.018457029
1980-04-19,0.018459404
1980-04-20,0.018458396
1980-04-21,0.01850318
1980-04-22,0.018603662
1980-04-23,0.018651968
1980-04-24,0.01874073
1980-04-25,0.019104615
1980-04-26,0.019101541
1980-04-27,0.01909768
1980-04-28,0.019170571
1980-04-29,0.019181717
1980-04-30,0.019236872
1980-05-01,0.019227456
1980-05-02,0.019517776
1980-05-03,0.019517452
1980-05-04,0.019519467
1980-05-05,0.019527713
1980-05-06,0.019512307
1980-05-07,0.01954171
1980-05-08,0.019529473
1980-05-09,0.019528989
1980-05-10,0.019528989
1980-05-11,0.019528717
1980-05-12,0.019531237
1980-05-13,0.019534029
1980-05-14,0.019540004
1980-05-15,0.019623848
1980-05-16,0.019627357
1980-05-17,0.019627316
1980-05-18,0.019627567
1980-05-19,0.019582603
1980-05-20,0.019551264
1980-05-21,0.019437624
1980-05-22,0.019333731
1980-05-23,0.019291902
1980-05-24,0.019291902
1980-05-25,0.019291913
1980-05-26,0.019296004
1980-05-27,0.01928102
1980-05-28,0.019275544
1980-05-29,0.019262232
1980-05-30,0.01924944
1980-05-31,0.01924944
1980-06-01,0.01924933
1980-06-02,0.019249117
1980-06-03,0.019245395
1980-06-04,0.019241538
1980-06-05,0.01924635
1980-06-06,0.019218432
1980-06-07,0.019218432
1980-06-08,0.019218685
1980-06-09,0.019222874
1980-06-10,0.019215457
1980-06-11,0.019217504
1980-06-12,0.01921294
1980-06-13,0.019214239
1980-06-14,0.019214239
1980-06-15,0.019214382
1980-06-16,0.019207383
1980-06-17,0.019194186
1980-06-18,0.019188033
1980-06-19,0.01918471
1980-06-20,0.019183539
1980-06-21,0.019183539
1980-06-22,0.019183539
1980-06-23,0.019185467
1980-06-24,0.019189412
1980-06-25,0.019200075
1980-06-26,0.019203693
1980-06-27,0.019205391
1980-06-28,0.019205391
1980-06-29,0.019205391
1980-06-30,0.019205652
1980-07-01,0.019202212
1980-07-02,0.019201957
1980-07-03,0.019208007
1980-07-04,0.019208007
1980-07-05,0.01921337
1980-07-06,0.019213364
1980-07-07,0.019217737
1980-07-08,0.019229176
1980-07-09,0.019301435
1980-07-10,0.01930644
1980-07-11,0.01930888
1980-07-12,0.01930888
1980-07-13,0.019309226
1980-07-14,0.01935689
1980-07-15,0.019389467
1980-07-16,0.019432724
1980-07-17,0.019382268
1980-07-18,0.019194052
1980-07-19,0.019194052
1980-07-20,0.019194398
1980-07-21,0.01911947
1980-07-22,0.018502431
1980-07-23,0.01845347
1980-07-24,0.018277435
1980-07-25,0.018135156
1980-07-26,0.018135156
1980-07-27,0.01812899
1980-07-28,0.018067816
1980-07-29,0.017939633
1980-07-30,0.017912427
1980-07-31,0.017813727
1980-08-01,0.017816281
1980-08-02,0.017779332
1980-08-03,0.01777894
1980-08-04,0.017781906
1980-08-05,0.017725306
1980-08-06,0.017558198
1980-08-07,0.017576456
1980-08-08,0.01755504
1980-08-09,0.0175548
1980-08-10,0.017551273
1980-08-11,0.0175482
1980-08-12,0.017521657
1980-08-13,0.017505795
1980-08-14,0.01750938
1980-08-15,0.017489279
1980-08-16,0.017489254
1980-08-17,0.017489308
1980-08-18,0.01747513
1980-08-19,0.017434249
1980-08-20,0.01743681
1980-08-21,0.017441917
1980-08-22,0.017413367
1980-08-23,0.017410401
1980-08-24,0.017410481
1980-08-25,0.017399589
1980-08-26,0.017410716
1980-08-27,0.017406197
1980-08-28,0.017409112
1980-08-29,0.017396264
1980-08-30,0.017395914
1980-08-31,0.017395968
1980-09-01,0.017396409
1980-09-02,0.01739444
1980-09-03,0.01738759
1980-09-04,0.017384272
1980-09-05,0.017393079
1980-09-06,0.01739314
1980-09-07,0.01739314
1980-09-08,0.01739224
1980-09-09,0.017394464
1980-09-10,0.017380845
1980-09-11,0.01737622
1980-09-12,0.01737061
1980-09-13,0.017370613
1980-09-14,0.017370624
1980-09-15,0.01736087
1980-09-16,0.017360488
1980-09-17,0.017364059
1980-09-18,0.01739075
1980-09-19,0.017387277
1980-09-20,0.017387277
1980-09-21,0.017387277
1980-09-22,0.017392771
1980-09-23,0.017397491
1980-09-24,0.017395182
1980-09-25,0.017393772
1980-09-26,0.017393103
1980-09-27,0.017393103
1980-09-28,0.017393589
1980-09-29,0.01739348
1980-09-30,0.01740437
1980-10-01,0.017406538
1980-10-02,0.017405288
1980-10-03,0.017405748
1980-10-04,0.017405748
1980-10-05,0.017405802
1980-10-06,0.017397502
1980-10-07,0.017411545
1980-10-08,0.017409317
1980-10-09,0.017378338
1980-10-10,0.017370215
1980-10-11,0.017370231
1980-10-12,0.017369462
1980-10-13,0.01742023
1980-10-14,0.017424962
1980-10-15,0.01747257
1980-10-16,0.017485926
1980-10-17,0.017496629
1980-10-18,0.017504735
1980-10-19,0.017508054
1980-10-20,0.017608518
1980-10-21,0.01754698
1980-10-22,0.017475385
1980-10-23,0.017597418
1980-10-24,0.017476121
1980-10-25,0.017476203
1980-10-26,0.01747596
1980-10-27,0.017441021
1980-10-28,0.017441815
1980-10-29,0.017465375
1980-10-30,0.017492983
1980-10-31,0.017486265
1980-11-01,0.017490042
1980-11-02,0.017490197
1980-11-03,0.017491564
1980-11-04,0.017488401
1980-11-05,0.017475076
1980-11-06,0.017453313
1980-11-07,0.017469848
1980-11-08,0.017469957
1980-11-09,0.017470932
1980-11-10,0.017478207
1980-11-11,0.017479308
1980-11-12,0.017570438
1980-11-13,0.01755223
1980-11-14,0.017587584
1980-11-15,0.017587794
1980-11-16,0.017587626
1980-11-17,0.017594796
1980-11-18,0.017586268
1980-11-19,0.017589621
1980-11-20,0.01762128
1980-11-21,0.017630711
1980-11-22,0.017630711
1980-11-23,0.017630711
1980-11-24,0.017614875
1980-11-25,0.017621538
1980-11-26,0.017619878
1980-11-27,0.017619878
1980-11-28,0.01761941
1980-11-29,0.01761941
1980-11-30,0.01761941
1980-12-01,0.017606134
1980-12-02,0.017607322
1980-12-03,0.017613005
1980-12-04,0.01760721
1980-12-05,0.01761459
1980-12-06,0.017615499
1980-12-07,0.017615136
1980-12-08,0.017623832
1980-12-09,0.017617531
1980-12-10,0.017641785
1980-12-11,0.017645162
1980-12-12,0.01765354
1980-12-13,0.01765354
1980-12-14,0.01765444
1980-12-15,0.01764286
1980-12-16,0.017656595
1980-12-17,0.017669093
1980-12-18,0.017666286
1980-12-19,0.017668681
1980-12-20,0.017668681
1980-12-21,0.017669182
1980-12-22,0.017673641
1980-12-23,0.01767709
1980-12-24,0.017677326
1980-12-25,0.017677326
1980-12-26,0.017677264
1980-12-27,0.017677264
1980-12-28,0.017677959
1980-12-29,0.017678492
1980-12-30,0.017676923
1980-12-31,0.017676434
1981-01-01,0.017676434
1981-01-02,0.017676434
1981-01-03,0.017676434
1981-01-04,0.017676052
1981-01-05,0.017674059
1981-01-06,0.017675597
1981-01-07,0.017676001
1981-01-08,0.017674234
1981-01-09,0.017674016
1981-01-10,0.017674016
1981-01-11,0.017673898
1981-01-12,0.017680945
1981-01-13,0.017684031
1981-01-14,0.017675743
1981-01-15,0.017707774
1981-01-16,0.017709924
1981-01-17,0.017709613
1981-01-18,0.01770977
1981-01-19,0.017903188
1981-01-20,0.017962335
1981-01-21,0.017975371
1981-01-22,0.0179823
1981-01-23,0.017874012
1981-01-24,0.017870413
1981-01-25,0.017869359
1981-01-26,0.017757297
1981-01-27,0.017793601
1981-01-28,0.017735047
1981-01-29,0.017701194
1981-01-30,0.01771342
1981-01-31,0.017706402
1981-02-01,0.017705832
1981-02-02,0.017761728
1981-02-03,0.01778585
1981-02-04,0.017815748
1981-02-05,0.017975925
1981-02-06,0.017982328
1981-02-07,0.017982328
1981-02-08,0.017982328
1981-02-09,0.017943848
1981-02-10,0.017963337
1981-02-11,0.01802699
1981-02-12,0.018073848
1981-02-13,0.018013444
1981-02-14,0.018012665
1981-02-15,0.018012475
1981-02-16,0.018010681
1981-02-17,0.018014088
1981-02-18,0.01803659
1981-02-19,0.017996205
1981-02-20,0.017967694
1981-02-21,0.017966105
1981-02-22,0.017965274
1981-02-23,0.017942153
1981-02-24,0.017946824
1981-02-25,0.017930279
1981-02-26,0.017935347
1981-02-27,0.01794474
1981-02-28,0.01794474
1981-03-01,0.017944794
1981-03-02,0.017940382
1981-03-03,0.018001214
1981-03-04,0.018001983
1981-03-05,0.0179913
1981-03-06,0.017984105
1981-03-07,0.017984629
1981-03-08,0.017984364
1981-03-09,0.01800625
1981-03-10,0.018005257
1981-03-11,0.017979618
1981-03-12,0.018067736
1981-03-13,0.017132038
1981-03-14,0.017132038
1981-03-15,0.017132143
1981-03-16,0.017124994
1981-03-17,0.017208938
1981-03-18,0.017234467
1981-03-19,0.01715766
1981-03-20,0.017191522
1981-03-21,0.017191485
1981-03-22,0.017187295
1981-03-23,0.017165871
1981-03-24,0.017154701
1981-03-25,0.017165316
1981-03-26,0.017184963
1981-03-27,0.017181208
1981-03-28,0.017181208
1981-03-29,0.017181208
1981-03-30,0.017177021
1981-03-31,0.017178934
1981-04-01,0.017185807
1981-04-02,0.01718044
1981-04-03,0.017182786
1981-04-04,0.017182786
1981-04-05,0.017182786
1981-04-06,0.017182
1981-04-07,0.017185736
1981-04-08,0.0171865
1981-04-09,0.017153835
1981-04-10,0.017168814
1981-04-11,0.017168814
1981-04-12,0.017168814
1981-04-13,0.016912146
1981-04-14,0.016845819
1981-04-15,0.01683307
1981-04-16,0.016782457
1981-04-17,0.016711842
1981-04-18,0.016694285
1981-04-19,0.016693708
1981-04-20,0.016723096
1981-04-21,0.016819952
1981-04-22,0.016867122
1981-04-23,0.016872194
1981-04-24,0.016998075
1981-04-25,0.017004816
1981-04-26,0.017006498
1981-04-27,0.016972043
1981-04-28,0.016977243
1981-04-29,0.017035902
1981-04-30,0.017027246
1981-05-01,0.017034477
1981-05-02,0.017034477
1981-05-03,0.017034996
1981-05-04,0.017062379
1981-05-05,0.016985636
1981-05-06,0.017042631
1981-05-07,0.017081616
1981-05-08,0.017084086
1981-05-09,0.017084092
1981-05-10,0.017084468
1981-05-11,0.017072285
1981-05-12,0.017069276
1981-05-13,0.017077597
1981-05-14,0.017020233
1981-05-15,0.017008083
1981-05-16,0.01700813
1981-05-17,0.0170075
1981-05-18,0.016951993
1981-05-19,0.016886745
1981-05-20,0.016793828
1981-05-21,0.016721414
1981-05-22,0.016696747
1981-05-23,0.016698562
1981-05-24,0.016698562
1981-05-25,0.016698603
1981-05-26,0.016700046
1981-05-27,0.016679829
1981-05-28,0.016681958
1981-05-29,0.016677087
1981-05-30,0.016677087
1981-05-31,0.016677087
1981-06-01,0.01666335
1981-06-02,0.016670646
1981-06-03,0.016677797
1981-06-04,0.016669536
1981-06-05,0.016669607
1981-06-06,0.016669607
1981-06-07,0.016669607
1981-06-08,0.016666437
1981-06-09,0.016656697
1981-06-10,0.01664364
1981-06-11,0.016643628
1981-06-12,0.01664002
1981-06-13,0.016640076
1981-06-14,0.016640145
1981-06-15,0.01663887
1981-06-16,0.016621983
1981-06-17,0.016632456
1981-06-18,0.016633527
1981-06-19,0.016638689
1981-06-20,0.016636785
1981-06-21,0.016636785
1981-06-22,0.016656993
1981-06-23,0.016649397
1981-06-24,0.016656738
1981-06-25,0.016654875
1981-06-26,0.016641757
1981-06-27,0.016641757
1981-06-28,0.016641757
1981-06-29,0.016643373
1981-06-30,0.016649501
1981-07-01,0.016651457
1981-07-02,0.016628271
1981-07-03,0.016628271
1981-07-04,0.016628271
1981-07-05,0.016628271
1981-07-06,0.016626943
1981-07-07,0.016629886
1981-07-08,0.0166343
1981-07-09,0.016633285
1981-07-10,0.016683802
1981-07-11,0.016683802
1981-07-12,0.016683802
1981-07-13,0.016683934
1981-07-14,0.01673061
1981-07-15,0.016709918
1981-07-16,0.016778182
1981-07-17,0.016809123
1981-07-18,0.016813584
1981-07-19,0.016813584
1981-07-20,0.01675947
1981-07-21,0.016764514
1981-07-22,0.016735213
1981-07-23,0.016870962
1981-07-24,0.016783405
1981-07-25,0.016782025
1981-07-26,0.016782096
1981-07-27,0.016753314
1981-07-28,0.016714232
1981-07-29,0.016855884
1981-07-30,0.016910572
1981-07-31,0.016932288
1981-08-01,0.016935473
1981-08-02,0.016936334
1981-08-03,0.016881617
1981-08-04,0.016877437
1981-08-05,0.016854111
1981-08-06,0.016800126
1981-08-07,0.016807113
1981-08-08,0.016807113
1981-08-09,0.016807113
1981-08-10,0.016800126
1981-08-11,0.016771646
1981-08-12,0.016766317
1981-08-13,0.016765645
1981-08-14,0.016767887
1981-08-15,0.016767811
1981-08-16,0.016767634
1981-08-17,0.016735995
1981-08-18,0.016712392
1981-08-19,0.016721878
1981-08-20,0.01672417
1981-08-21,0.016727295
1981-08-22,0.01672731
1981-08-23,0.016727407
1981-08-24,0.016730491
1981-08-25,0.01674876
1981-08-26,0.016738936
1981-08-27,0.01673748
1981-08-28,0.016738143
1981-08-29,0.016738143
1981-08-30,0.016737888
1981-08-31,0.01673831
1981-09-01,0.016734824
1981-09-02,0.016736737
1981-09-03,0.016735507
1981-09-04,0.016723886
1981-09-05,0.016723886
1981-09-06,0.016723642
1981-09-07,0.016723642
1981-09-08,0.01672202
1981-09-09,0.016711427
1981-09-10,0.016712831
1981-09-11,0.016711157
1981-09-12,0.016711209
1981-09-13,0.016711343
1981-09-14,0.016705431
1981-09-15,0.01670915
1981-09-16,0.016707018
1981-09-17,0.016805679
1981-09-18,0.016819708
1981-09-19,0.016819708
1981-09-20,0.016819708
1981-09-21,0.016829124
1981-09-22,0.0168381
1981-09-23,0.016833235
1981-09-24,0.01683862
1981-09-25,0.016842363
1981-09-26,0.016842363
1981-09-27,0.016842363
1981-09-28,0.016846329
1981-09-29,0.016843105
1981-09-30,0.016845545
1981-10-01,0.016844302
1981-10-02,0.016836768
1981-10-03,0.016836768
1981-10-04,0.016836768
1981-10-05,0.016835544
1981-10-06,0.016835751
1981-10-07,0.016848663
1981-10-08,0.016806452
1981-10-09,0.016799385
1981-10-10,0.016803332
1981-10-11,0.016803341
1981-10-12,0.016803203
1981-10-13,0.016719263
1981-10-14,0.016648661
1981-10-15,0.016704727
1981-10-16,0.016728353
1981-10-17,0.016728392
1981-10-18,0.016728269
1981-10-19,0.016746067
1981-10-20,0.016761385
1981-10-21,0.016750062
1981-10-22,0.01672093
1981-10-23,0.016662993
1981-10-24,0.01666342
1981-10-25,0.01666334
1981-10-26,0.016611073
1981-10-27,0.016312582
1981-10-28,0.016475271
1981-10-29,0.016363109
1981-10-30,0.016252322
1981-10-31,0.016252322
1981-11-01,0.016252322
1981-11-02,0.016258778
1981-11-03,0.016264154
1981-11-04,0.016217442
1981-11-05,0.016225008
1981-11-06,0.016281763
1981-11-07,0.016281955
1981-11-08,0.016281955
1981-11-09,0.01628642
1981-11-10,0.01629022
1981-11-11,0.016291214
1981-11-12,0.01628463
1981-11-13,0.016268337
1981-11-14,0.016268337
1981-11-15,0.016268866
1981-11-16,0.016259212
1981-11-17,0.016229467
1981-11-18,0.016237415
1981-11-19,0.016221289
1981-11-20,0.016206041
1981-11-21,0.01620628
1981-11-22,0.01620649
1981-11-23,0.016206441
1981-11-24,0.016202202
1981-11-25,0.016201694
1981-11-26,0.016201694
1981-11-27,0.016204655
1981-11-28,0.016204655
1981-11-29,0.01620464
1981-11-30,0.016205005
1981-12-01,0.0162041
1981-12-02,0.01619542
1981-12-03,0.016201273
1981-12-04,0.016203944
1981-12-05,0.016203944
1981-12-06,0.016204711
1981-12-07,0.01620229
1981-12-08,0.016203282
1981-12-09,0.016202956
1981-12-10,0.016196674
1981-12-11,0.016195534
1981-12-12,0.016195534
1981-12-13,0.01619577
1981-12-14,0.016204761
1981-12-15,0.01620541
1981-12-16,0.016206168
1981-12-17,0.016213173
1981-12-18,0.016236078
1981-12-19,0.016236203
1981-12-20,0.016238073
1981-12-21,0.016248839
1981-12-22,0.016254436
1981-12-23,0.016258283
1981-12-24,0.016254932
1981-12-25,0.016254932
1981-12-26,0.016245123
1981-12-27,0.016245123
1981-12-28,0.016242908
1981-12-29,0.016242182
1981-12-30,0.016242255
1981-12-31,0.016241767
1982-01-01,0.016241767
1982-01-02,0.016241767
1982-01-03,0.016241767
1982-01-04,0.016241333
1982-01-05,0.016251842
1982-01-06,0.016252566
1982-01-07,0.016252218
1982-01-08,0.01624686
1982-01-09,0.016246809
1982-01-10,0.016246822
1982-01-11,0.016290542
1982-01-12,0.016241012
1982-01-13,0.016237373
1982-01-14,0.016243344
1982-01-15,0.016243584
1982-01-16,0.016242424
1982-01-17,0.016242666
1982-01-18,0.016395515
1982-01-19,0.016405597
1982-01-20,0.016386047
1982-01-21,0.016365243
1982-01-22,0.016272465
1982-01-23,0.016296504
1982-01-24,0.016296504
1982-01-25,0.016231274
1982-01-26,0.016212538
1982-01-27,0.01579575
1982-01-28,0.015822094
1982-01-29,0.015837882
1982-01-30,0.015837546
1982-01-31,0.01583717
1982-02-01,0.01577062
1982-02-02,0.015520927
1982-02-03,0.01554492
1982-02-04,0.015516403
1982-02-05,0.015495504
1982-02-06,0.015495703
1982-02-07,0.015495703
1982-02-08,0.015500594
1982-02-09,0.015465922
1982-02-10,0.015453922
1982-02-11,0.015499588
1982-02-12,0.015482327
1982-02-13,0.015481544
1982-02-14,0.015481399
1982-02-15,0.015482445
1982-02-16,0.015460661
1982-02-17,0.015514411
1982-02-18,0.015438794
1982-02-19,0.015443968
1982-02-20,0.015443968
1982-02-21,0.015443925
1982-02-22,0.01541921
1982-02-23,0.015430647
1982-02-24,0.015422169
1982-02-25,0.015368586
1982-02-26,0.015376181
1982-02-27,0.015375951
1982-02-28,0.015375754
1982-03-01,0.015362222
1982-03-02,0.015418208
1982-03-03,0.015416542
1982-03-04,0.015507586
1982-03-05,0.015505732
1982-03-06,0.01550574
1982-03-07,0.015505873
1982-03-08,0.015499897
1982-03-09,0.015464035
1982-03-10,0.015491165
1982-03-11,0.015537418
1982-03-12,0.0155164795
1982-03-13,0.0155164795
1982-03-14,0.015516677
1982-03-15,0.01550712
1982-03-16,0.015528944
1982-03-17,0.015552992
1982-03-18,0.015548606
1982-03-19,0.015583553
1982-03-20,0.015583553
1982-03-21,0.015582873
1982-03-22,0.015580976
1982-03-23,0.015575498
1982-03-24,0.015567401
1982-03-25,0.015459688
1982-03-26,0.015458677
1982-03-27,0.015458909
1982-03-28,0.015458921
1982-03-29,0.01545842
1982-03-30,0.015451978
1982-03-31,0.015416852
1982-04-01,0.015416899
1982-04-02,0.015472541
1982-04-03,0.015472541
1982-04-04,0.015471015
1982-04-05,0.015472564
1982-04-06,0.015475918
1982-04-07,0.01545356
1982-04-08,0.0154506285
1982-04-09,0.015454595
1982-04-10,0.01545536
1982-04-11,0.015455677
1982-04-12,0.01543772
1982-04-13,0.015426472
1982-04-14,0.015313798
1982-04-15,0.015099491
1982-04-16,0.015022481
1982-04-17,0.015018535
1982-04-18,0.015046088
1982-04-19,0.01501529
1982-04-20,0.014896377
1982-04-21,0.014877553
1982-04-22,0.014768681
1982-04-23,0.014774512
1982-04-24,0.014774615
1982-04-25,0.014774075
1982-04-26,0.014708335
1982-04-27,0.014390775
1982-04-28,0.014000514
1982-04-29,0.013756806
1982-04-30,0.013814849
1982-05-01,0.013814361
1982-05-02,0.013813812
1982-05-03,0.013795595
1982-05-04,0.01380259
1982-05-05,0.013833284
1982-05-06,0.013830424
1982-05-07,0.013888195
1982-05-08,0.0138881
1982-05-09,0.013884588
1982-05-10,0.013889564
1982-05-11,0.0138861155
1982-05-12,0.0138553195
1982-05-13,0.014025731
1982-05-14,0.014017979
1982-05-15,0.014019718
1982-05-16,0.014011918
1982-05-17,0.013990349
1982-05-18,0.013871867
1982-05-19,0.013781826
1982-05-20,0.0137359435
1982-05-21,0.013693193
1982-05-22,0.013693477
1982-05-23,0.013693678
1982-05-24,0.013694359
1982-05-25,0.013680124
1982-05-26,0.013658924
1982-05-27,0.013646822
1982-05-28,0.013623493
1982-05-29,0.013624239
1982-05-30,0.013624239
1982-05-31,0.013624244
1982-06-01,0.013624298
1982-06-02,0.013613961
1982-06-03,0.013598198
1982-06-04,0.0135990195
1982-06-05,0.013599067
1982-06-06,0.0135991145
1982-06-07,0.013597366
1982-06-08,0.0135978395
1982-06-09,0.013597809
1982-06-10,0.013577984
1982-06-11,0.0135772675
1982-06-12,0.01357728
1982-06-13,0.013576915
1982-06-14,0.013577264
1982-06-15,0.0136129325
1982-06-16,0.013609797
1982-06-17,0.013534563
1982-06-18,0.0135345915
1982-06-19,0.0135345915
1982-06-20,0.01353447
1982-06-21,0.013541644
1982-06-22,0.013543464
1982-06-23,0.013552119
1982-06-24,0.013554329
1982-06-25,0.013560737
1982-06-26,0.013560737
1982-06-27,0.013560745
1982-06-28,0.013561337
1982-06-29,0.013558922
1982-06-30,0.013559515
1982-07-01,0.013557495
1982-07-02,0.013568119
1982-07-03,0.013568186
1982-07-04,0.013567911
1982-07-05,0.013568253
1982-07-06,0.01356929
1982-07-07,0.013553965
1982-07-08,0.013564166
1982-07-09,0.013591765
1982-07-10,0.013591534
1982-07-11,0.013591475
1982-07-12,0.013597141
1982-07-13,0.013603828
1982-07-14,0.013723369
1982-07-15,0.013763849
1982-07-16,0.013801796
1982-07-17,0.013801837
1982-07-18,0.013801399
1982-07-19,0.013757109
1982-07-20,0.013821127
1982-07-21,0.01388096
1982-07-22,0.013818443
1982-07-23,0.013901018
1982-07-24,0.01389831
1982-07-25,0.013899576
1982-07-26,0.013844122
1982-07-27,0.0139938425
1982-07-28,0.014016885
1982-07-29,0.014016498
1982-07-30,0.013967574
1982-07-31,0.013967506
1982-08-01,0.013968987
1982-08-02,0.013937879
1982-08-03,0.013896485
1982-08-04,0.013871576
1982-08-05,0.013824263
1982-08-06,0.013811771
1982-08-07,0.013811879
1982-08-08,0.01381183
1982-08-09,0.013791886
1982-08-10,0.0137878135
1982-08-11,0.013770141
1982-08-12,0.013744687
1982-08-13,0.013722468
1982-08-14,0.013722358
1982-08-15,0.01372192
1982-08-16,0.013695161
1982-08-17,0.013712241
1982-08-18,0.013722138
1982-08-19,0.013737128
1982-08-20,0.013741257
1982-08-21,0.013741435
1982-08-22,0.013741469
1982-08-23,0.01374113
1982-08-24,0.013740634
1982-08-25,0.013748056
1982-08-26,0.013743695
1982-08-27,0.013749793
1982-08-28,0.013750133
1982-08-29,0.013749453
1982-08-30,0.013744622
1982-08-31,0.013695355
1982-09-01,0.01369522
1982-09-02,0.013693547
1982-09-03,0.013686926
1982-09-04,0.01368684
1982-09-05,0.013686988
1982-09-06,0.013687262
1982-09-07,0.0136881815
1982-09-08,0.013687058
1982-09-09,0.013685727
1982-09-10,0.01368527
1982-09-11,0.013685295
1982-09-12,0.01368541
1982-09-13,0.013679633
1982-09-14,0.013685755
1982-09-15,0.013679346
1982-09-16,0.013681583
1982-09-17,0.013681456
1982-09-18,0.013681869
1982-09-19,0.013682005
1982-09-20,0.013768466
1982-09-21,0.0137869455
1982-09-22,0.013785409
1982-09-23,0.013785724
1982-09-24,0.013789933
1982-09-25,0.013789933
1982-09-26,0.013788573
1982-09-27,0.013787561
1982-09-28,0.013788399
1982-09-29,0.013787784
1982-09-30,0.013787419
1982-10-01,0.01378369
1982-10-02,0.01378369
1982-10-03,0.013783683
1982-10-04,0.013772059
1982-10-05,0.01377226
1982-10-06,0.013777339
1982-10-07,0.013774574
1982-10-08,0.013768919
1982-10-09,0.013769099
1982-10-10,0.013768784
1982-10-11,0.013769343
1982-10-12,0.013796156
1982-10-13,0.013782228
1982-10-14,0.013792459
1982-10-15,0.013770703
1982-10-16,0.013770646
1982-10-17,0.013771619
1982-10-18,0.013785169
1982-10-19,0.013823027
1982-10-20,0.013809604
1982-10-21,0.013796915
1982-10-22,0.013826311
1982-10-23,0.013826669
1982-10-24,0.013818038
1982-10-25,0.01389157
1982-10-26,0.0138595225
1982-10-27,0.013879317
1982-10-28,0.013859336
1982-10-29,0.0139189195
1982-10-30,0.013918062
1982-10-31,0.0139175905
1982-11-01,0.01389161
1982-11-02,0.013901136
1982-11-03,0.0138995815
1982-11-04,0.013894802
1982-11-05,0.013919759
1982-11-06,0.013919655
1982-11-07,0.013918772
1982-11-08,0.013930136
1982-11-09,0.013940153
1982-11-10,0.013906159
1982-11-11,0.0138639035
1982-11-12,0.0138773015
1982-11-13,0.0138803525
1982-11-14,0.013879342
1982-11-15,0.013878354
1982-11-16,0.013884215
1982-11-17,0.013872828
1982-11-18,0.013883205
1982-11-19,0.013883997
1982-11-20,0.013884005
1982-11-21,0.013883808
1982-11-22,0.013884144
1982-11-23,0.013883645
1982-11-24,0.013871455
1982-11-25,0.013872526
1982-11-26,0.013869513
1982-11-27,0.013869513
1982-11-28,0.0138694355
1982-11-29,0.013878991
1982-11-30,0.013877257
1982-12-01,0.013878866
1982-12-02,0.013882637
1982-12-03,0.01388364
1982-12-04,0.01388364
1982-12-05,0.013883998
1982-12-06,0.013885485
1982-12-07,0.013883684
1982-12-08,0.013890161
1982-12-09,0.013896562
1982-12-10,0.013898121
1982-12-11,0.013898069
1982-12-12,0.013898137
1982-12-13,0.0139153255
1982-12-14,0.013911824
1982-12-15,0.013911154
1982-12-16,0.013913135
1982-12-17,0.013912574
1982-12-18,0.013915687
1982-12-19,0.013914251
1982-12-20,0.013916889
1982-12-21,0.013923122
1982-12-22,0.013923536
1982-12-23,0.013876245
1982-12-24,0.013876153
1982-12-25,0.013876153
1982-12-26,0.013876153
1982-12-27,0.0138765555
1982-12-28,0.013875971
1982-12-29,0.013874708
1982-12-30,0.013874612
1982-12-31,0.013873057
1983-01-01,0.013873281
1983-01-02,0.013873279
1983-01-03,0.013873157
1983-01-04,0.013925177
1983-01-05,0.013922671
1983-01-06,0.013922304
1983-01-07,0.013921586
1983-01-08,0.01392194
1983-01-09,0.013922062
1983-01-10,0.01388714
1983-01-11,0.0138881495
1983-01-12,0.0138894515
1983-01-13,0.013891618
1983-01-14,0.013890936
1983-01-15,0.013890965
1983-01-16,0.013891639
1983-01-17,0.013872343
1983-01-18,0.013904195
1983-01-19,0.013947405
1983-01-20,0.0139460815
1983-01-21,0.0138702085
1983-01-22,0.0138700325
1983-01-23,0.013870062
1983-01-24,0.0140195815
1983-01-25,0.014202735
1983-01-26,0.013951014
1983-01-27,0.013937618
1983-01-28,0.013907752
1983-01-29,0.01390499
1983-01-30,0.013904636
1983-01-31,0.013862582
1983-02-01,0.013877378
1983-02-02,0.013881979
1983-02-03,0.013874963
1983-02-04,0.013852251
1983-02-05,0.013852267
1983-02-06,0.013852394
1983-02-07,0.01385058
1983-02-08,0.013841852
1983-02-09,0.013958268
1983-02-10,0.0139369825
1983-02-11,0.013934706
1983-02-12,0.013934765
1983-02-13,0.0139360735
1983-02-14,0.013900819
1983-02-15,0.013912358
1983-02-16,0.01389659
1983-02-17,0.013851987
1983-02-18,0.013853887
1983-02-19,0.013853951
1983-02-20,0.013853526
1983-02-21,0.013815111
1983-02-22,0.013797847
1983-02-23,0.013802519
1983-02-24,0.013788096
1983-02-25,0.013719672
1983-02-26,0.013720459
1983-02-27,0.013720746
1983-02-28,0.013771527
1983-03-01,0.01376356
1983-03-02,0.013996001
1983-03-03,0.014001351
1983-03-04,0.014001582
1983-03-05,0.014000362
1983-03-06,0.014000629
1983-03-07,0.013997657
1983-03-08,0.013997456
1983-03-09,0.014073848
1983-03-10,0.014096122
1983-03-11,0.014221601
1983-03-12,0.014224279
1983-03-13,0.014224417
1983-03-14,0.014220434
1983-03-15,0.014271549
1983-03-16,0.014338904
1983-03-17,0.0143304365
1983-03-18,0.0143437525
1983-03-19,0.01434379
1983-03-20,0.014343671
1983-03-21,0.014330489
1983-03-22,0.01430571
1983-03-23,0.014307511
1983-03-24,0.0143106785
1983-03-25,0.014309686
1983-03-26,0.014309634
1983-03-27,0.01431003
1983-03-28,0.014311543
1983-03-29,0.014321298
1983-03-30,0.014324124
1983-03-31,0.01430904
1983-04-01,0.01432036
1983-04-02,0.014320355
1983-04-03,0.014320281
1983-04-04,0.014315821
1983-04-05,0.014272082
1983-04-06,0.014276905
1983-04-07,0.014267737
1983-04-08,0.014244469
1983-04-09,0.014244162
1983-04-10,0.014244191
1983-04-11,0.014262021
1983-04-12,0.014255292
1983-04-13,0.014189611
1983-04-14,0.014194883
1983-04-15,0.013930626
1983-04-16,0.013931982
1983-04-17,0.01393677
1983-04-18,0.01394345
1983-04-19,0.013908493
1983-04-20,0.013900288
1983-04-21,0.013910077
1983-04-22,0.0138587
1983-04-23,0.013858524
1983-04-24,0.013860481
1983-04-25,0.013862492
1983-04-26,0.013626348
1983-04-27,0.013264359
1983-04-28,0.013180659
1983-04-29,0.01313084
1983-04-30,0.013130906
1983-05-01,0.013130779
1983-05-02,0.013149267
1983-05-03,0.013224666
1983-05-04,0.013158511
1983-05-05,0.013158346
1983-05-06,0.013177573
1983-05-07,0.013184062
1983-05-08,0.013184329
1983-05-09,0.013195583
1983-05-10,0.013197965
1983-05-11,0.013202694
1983-05-12,0.013154848
1983-05-13,0.013130951
1983-05-14,0.013131892
1983-05-15,0.01313124
1983-05-16,0.013068639
1983-05-17,0.01304612
1983-05-18,0.01285962
1983-05-19,0.012850464
1983-05-20,0.012822539
1983-05-21,0.012822576
1983-05-22,0.012823039
1983-05-23,0.01282832
1983-05-24,0.012812053
1983-05-25,0.012812771
1983-05-26,0.012690993
1983-05-27,0.012686734
1983-05-28,0.0126879
1983-05-29,0.012687901
1983-05-30,0.012689752
1983-05-31,0.012688633
1983-06-01,0.012683728
1983-06-02,0.012685911
1983-06-03,0.012680649
1983-06-04,0.0126807
1983-06-05,0.012680899
1983-06-06,0.012682379
1983-06-07,0.012681938
1983-06-08,0.012682373
1983-06-09,0.012673337
1983-06-10,0.012671484
1983-06-11,0.012671497
1983-06-12,0.012671486
1983-06-13,0.01267217
1983-06-14,0.01269436
1983-06-15,0.012686928
1983-06-16,0.012688761
1983-06-17,0.01284409
1983-06-18,0.012844187
1983-06-19,0.012844129
1983-06-20,0.012845001
1983-06-21,0.012851038
1983-06-22,0.012848547
1983-06-23,0.012859364
1983-06-24,0.012871452
1983-06-25,0.012871452
1983-06-26,0.012871515
1983-06-27,0.0128696505
1983-06-28,0.01286119
1983-06-29,0.012863271
1983-06-30,0.012857828
1983-07-01,0.012859331
1983-07-02,0.0128589105
1983-07-03,0.012858786
1983-07-04,0.012852647
1983-07-05,0.012854495
1983-07-06,0.012867262
1983-07-07,0.012875212
1983-07-08,0.012876746
1983-07-09,0.012876959
1983-07-10,0.012876958
1983-07-11,0.012878211
1983-07-12,0.012892469
1983-07-13,0.012919195
1983-07-14,0.013110837
1983-07-15,0.013182244
1983-07-16,0.013182189
1983-07-17,0.0131825
1983-07-18,0.013178914
1983-07-19,0.013301211
1983-07-20,0.013307104
1983-07-21,0.013511039
1983-07-22,0.013597288
1983-07-23,0.013599732
1983-07-24,0.013598574
1983-07-25,0.013623663
1983-07-26,0.013778253
1983-07-27,0.014026614
1983-07-28,0.014311428
1983-07-29,0.014356525
1983-07-30,0.014351614
1983-07-31,0.014351889
1983-08-01,0.014393682
1983-08-02,0.014362237
1983-08-03,0.014346252
1983-08-04,0.014327332
1983-08-05,0.014331396
1983-08-06,0.014327129
1983-08-07,0.014324075
1983-08-08,0.014319172
1983-08-09,0.014320007
1983-08-10,0.014307909
1983-08-11,0.014316742
1983-08-12,0.014352023
1983-08-13,0.014352163
1983-08-14,0.014351739
1983-08-15,0.014376748
1983-08-16,0.0143763935
1983-08-17,0.0143754585
1983-08-18,0.014389169
1983-08-19,0.014394926
1983-08-20,0.014393961
1983-08-21,0.0143951075
1983-08-22,0.014388735
1983-08-23,0.014387721
1983-08-24,0.014396389
1983-08-25,0.014405044
1983-08-26,0.014409609
1983-08-27,0.014409161
1983-08-28,0.014409306
1983-08-29,0.014407382
1983-08-30,0.014408887
1983-08-31,0.014411821
1983-09-01,0.014409653
1983-09-02,0.014412097
1983-09-03,0.014412397
1983-09-04,0.014412655
1983-09-05,0.014412296
1983-09-06,0.014413451
1983-09-07,0.0144183
1983-09-08,0.014430431
1983-09-09,0.014439453
1983-09-10,0.014439205
1983-09-11,0.014439349
1983-09-12,0.014425759
1983-09-13,0.014417855
1983-09-14,0.014415212
1983-09-15,0.014415055
1983-09-16,0.014416865
1983-09-17,0.014417724
1983-09-18,0.014417706
1983-09-19,0.014422957
1983-09-20,0.014428678
1983-09-21,0.014419105
1983-09-22,0.014405448
1983-09-23,0.014405723
1983-09-24,0.01440587
1983-09-25,0.014405794
1983-09-26,0.014409346
1983-09-27,0.01441102
1983-09-28,0.014413866
1983-09-29,0.014411267
1983-09-30,0.01440878
1983-10-01,0.0144086955
1983-10-02,0.014408776
1983-10-03,0.014410911
1983-10-04,0.01441101
1983-10-05,0.014414531
1983-10-06,0.014418598
1983-10-07,0.014420843
1983-10-08,0.0144208
1983-10-09,0.014420891
1983-10-10,0.014447692
1983-10-11,0.014462699
1983-10-12,0.0144514125
1983-10-13,0.014460356
1983-10-14,0.014469541
1983-10-15,0.014468793
1983-10-16,0.014470394
1983-10-17,0.0145120425
1983-10-18,0.014546633
1983-10-19,0.014608859
1983-10-20,0.014524644
1983-10-21,0.014620836
1983-10-22,0.014636565
1983-10-23,0.014637205
1983-10-24,0.014781215
1983-10-25,0.014766287
1983-10-26,0.014953334
1983-10-27,0.015091217
1983-10-28,0.015091536
1983-10-29,0.015091825
1983-10-30,0.015104703
1983-10-31,0.015168348
1983-11-01,0.015155564
1983-11-02,0.015144533
1983-11-03,0.015197375
1983-11-04,0.01520473
1983-11-05,0.015205254
1983-11-06,0.015205933
1983-11-07,0.015202788
1983-11-08,0.015207715
1983-11-09,0.015212957
1983-11-10,0.015217994
1983-11-11,0.0152113885
1983-11-12,0.015211254
1983-11-13,0.015211846
1983-11-14,0.015191047
1983-11-15,0.015205484
1983-11-16,0.015220644
1983-11-17,0.015248772
1983-11-18,0.015257241
1983-11-19,0.015257414
1983-11-20,0.015257949
1983-11-21,0.015253761
1983-11-22,0.015252065
1983-11-23,0.015251688
1983-11-24,0.015251688
1983-11-25,0.015251619
1983-11-26,0.015260921
1983-11-27,0.015260975
1983-11-28,0.015260141
1983-11-29,0.0152545525
1983-11-30,0.015257537
1983-12-01,0.015260416
1983-12-02,0.015261615
1983-12-03,0.015261637
1983-12-04,0.015261585
1983-12-05,0.015264611
1983-12-06,0.015265606
1983-12-07,0.015282295
1983-12-08,0.01528562
1983-12-09,0.015285196
1983-12-10,0.015285274
1983-12-11,0.01528533
1983-12-12,0.015292271
1983-12-13,0.015296689
1983-12-14,0.015294688
1983-12-15,0.015295218
1983-12-16,0.015304505
1983-12-17,0.015304121
1983-12-18,0.01530408
1983-12-19,0.015306173
1983-12-20,0.015324466
1983-12-21,0.015345114
1983-12-22,0.015344052
1983-12-23,0.015344526
1983-12-24,0.015344526
1983-12-25,0.015344526
1983-12-26,0.015344525
1983-12-27,0.015346879
1983-12-28,0.015345485
1983-12-29,0.015344741
1983-12-30,0.015343664
1983-12-31,0.015343664
1984-01-01,0.015343664
1984-01-02,0.0153436465
1984-01-03,0.015342701
1984-01-04,0.015343747
1984-01-05,0.015346094
1984-01-06,0.01535028
1984-01-07,0.015350233
1984-01-08,0.015350237
1984-01-09,0.015354728
1984-01-10,0.015346443
1984-01-11,0.015347085
1984-01-12,0.015353411
1984-01-13,0.015354527
1984-01-14,0.0153566245
1984-01-15,0.01535677
1984-01-16,0.01535656
1984-01-17,0.015434411
1984-01-18,0.015439369
1984-01-19,0.015592218
1984-01-20,0.015581612
1984-01-21,0.015581627
1984-01-22,0.015582478
1984-01-23,0.01558404
1984-01-24,0.0154675655
1984-01-25,0.015499832
1984-01-26,0.015356946
1984-01-27,0.014978259
1984-01-28,0.014977141
1984-01-29,0.014976318
1984-01-30,0.014971016
1984-01-31,0.015028318
1984-02-01,0.015081659
1984-02-02,0.015089803
1984-02-03,0.015154705
1984-02-04,0.015155305
1984-02-05,0.015155902
1984-02-06,0.015153842
1984-02-07,0.015226156
1984-02-08,0.015441314
1984-02-09,0.015416841
1984-02-10,0.0154125625
1984-02-11,0.015413922
1984-02-12,0.0154167
1984-02-13,0.015423314
1984-02-14,0.015567033
1984-02-15,0.015609909
1984-02-16,0.015549328
1984-02-17,0.01554306
1984-02-18,0.015543763
1984-02-19,0.015544264
1984-02-20,0.015548652
1984-02-21,0.015521928
1984-02-22,0.015486132
1984-02-23,0.01555398
1984-02-24,0.015560539
1984-02-25,0.0155701125
1984-02-26,0.015570965
1984-02-27,0.015546707
1984-02-28,0.015563742
1984-02-29,0.015633548
1984-03-01,0.015632896
1984-03-02,0.015630847
1984-03-03,0.015630826
1984-03-04,0.015630867
1984-03-05,0.015645653
1984-03-06,0.01564708
1984-03-07,0.015639653
1984-03-08,0.015730994
1984-03-09,0.015739497
1984-03-10,0.015739786
1984-03-11,0.015740098
1984-03-12,0.015748028
1984-03-13,0.015800405
1984-03-14,0.015836874
1984-03-15,0.01605914
1984-03-16,0.016114712
1984-03-17,0.01612125
1984-03-18,0.016120974
1984-03-19,0.016111903
1984-03-20,0.016108567
1984-03-21,0.01610231
1984-03-22,0.016094893
1984-03-23,0.016087342
1984-03-24,0.01608853
1984-03-25,0.016089011
1984-03-26,0.016105548
1984-03-27,0.016107472
1984-03-28,0.016104504
1984-03-29,0.016110277
1984-03-30,0.016126137
1984-03-31,0.016125815
1984-04-01,0.01613063
1984-04-02,0.016146744
1984-04-03,0.016143464
1984-04-04,0.016147317
1984-04-05,0.016149484
1984-04-06,0.01614967
1984-04-07,0.016150223
1984-04-08,0.01615023
1984-04-09,0.016149418
1984-04-10,0.016127286
1984-04-11,0.016100114
1984-04-12,0.015806323
1984-04-13,0.015753552
1984-04-14,0.015753416
1984-04-15,0.015751058
1984-04-16,0.015711177
1984-04-17,0.015627734
1984-04-18,0.015632853
1984-04-19,0.016255505
1984-04-20,0.016189935
1984-04-21,0.016190205
1984-04-22,0.016186727
1984-04-23,0.016223626
1984-04-24,0.016049603
1984-04-25,0.015975187
1984-04-26,0.01611826
1984-04-27,0.016105039
1984-04-28,0.016104966
1984-04-29,0.016105685
1984-04-30,0.016421624
1984-05-01,0.01641728
1984-05-02,0.0164021
1984-05-03,0.016447537
1984-05-04,0.016444584
1984-05-05,0.016441343
1984-05-06,0.01644125
1984-05-07,0.016423855
1984-05-08,0.016416337
1984-05-09,0.016402902
1984-05-10,0.0163946
1984-05-11,0.01638362
1984-05-12,0.01638356
1984-05-13,0.016383762
1984-05-14,0.016300827
1984-05-15,0.016088845
1984-05-16,0.016044738
1984-05-17,0.016040877
1984-05-18,0.016026827
1984-05-19,0.016027981
1984-05-20,0.01602792
1984-05-21,0.01602668
1984-05-22,0.016015915
1984-05-23,0.015953038
1984-05-24,0.01591992
1984-05-25,0.01591211
1984-05-26,0.015913608
1984-05-27,0.015913656
1984-05-28,0.015913416
1984-05-29,0.01590709
1984-05-30,0.015931781
1984-05-31,0.01593233
1984-06-01,0.015916778
1984-06-02,0.015916787
1984-06-03,0.015916567
1984-06-04,0.015915275
1984-06-05,0.015917322
1984-06-06,0.0159159
1984-06-07,0.015945937
1984-06-08,0.015949119
1984-06-09,0.015949119
1984-06-10,0.01594904
1984-06-11,0.015944757
1984-06-12,0.015962718
1984-06-13,0.015959632
1984-06-14,0.015836962
1984-06-15,0.015829884
1984-06-16,0.015830675
1984-06-17,0.015830392
1984-06-18,0.015827522
1984-06-19,0.015833028
1984-06-20,0.015832556
1984-06-21,0.015852332
1984-06-22,0.01585796
1984-06-23,0.015857944
1984-06-24,0.01585793
1984-06-25,0.015853427
1984-06-26,0.015831063
1984-06-27,0.015842913
1984-06-28,0.015856082
1984-06-29,0.015860364
1984-06-30,0.015858935
1984-07-01,0.015858606
1984-07-02,0.015855126
1984-07-03,0.015860163
1984-07-04,0.015860163
1984-07-05,0.01586114
1984-07-06,0.015852762
1984-07-07,0.015852856
1984-07-08,0.015852872
1984-07-09,0.015863143
1984-07-10,0.015863936
1984-07-11,0.015894419
1984-07-12,0.016092129
1984-07-13,0.016268546
1984-07-14,0.016268555
1984-07-15,0.016269874
1984-07-16,0.01633197
1984-07-17,0.016419716
1984-07-18,0.016462075
1984-07-19,0.01657397
1984-07-20,0.016625436
1984-07-21,0.016627267
1984-07-22,0.016603805
1984-07-23,0.016623676
1984-07-24,0.016635552
1984-07-25,0.016653122
1984-07-26,0.016763367
1984-07-27,0.016784709
1984-07-28,0.016805168
1984-07-29,0.016802706
1984-07-30,0.016787708
1984-07-31,0.016567726
1984-08-01,0.016530758
1984-08-02,0.01648375
1984-08-03,0.016470825
1984-08-04,0.01647196
1984-08-05,0.016471617
1984-08-06,0.016475137
1984-08-07,0.01642893
1984-08-08,0.016431818
1984-08-09,0.01641358
1984-08-10,0.01632395
1984-08-11,0.016324114
1984-08-12,0.016324224
1984-08-13,0.016358627
1984-08-14,0.016355323
1984-08-15,0.016368426
1984-08-16,0.016365128
1984-08-17,0.016361611
1984-08-18,0.016362645
1984-08-19,0.016361497
1984-08-20,0.01635435
1984-08-21,0.016364876
1984-08-22,0.016356658
1984-08-23,0.016356999
1984-08-24,0.01636184
1984-08-25,0.016362242
1984-08-26,0.016362324
1984-08-27,0.016355705
1984-08-28,0.016365932
1984-08-29,0.016364312
1984-08-30,0.016366994
1984-08-31,0.016380608
1984-09-01,0.016380608
1984-09-02,0.016381226
1984-09-03,0.016380813
1984-09-04,0.016385268
1984-09-05,0.016380494
1984-09-06,0.016375246
1984-09-07,0.016381843
1984-09-08,0.016381843
1984-09-09,0.016381493
1984-09-10,0.01637452
1984-09-11,0.016373621
1984-09-12,0.016365755
1984-09-13,0.016364235
1984-09-14,0.016360242
1984-09-15,0.016343385
1984-09-16,0.01634335
1984-09-17,0.016340323
1984-09-18,0.016338047
1984-09-19,0.016336193
1984-09-20,0.016330691
1984-09-21,0.016321009
1984-09-22,0.016321009
1984-09-23,0.016321111
1984-09-24,0.016325219
1984-09-25,0.016326766
1984-09-26,0.016299926
1984-09-27,0.016297093
1984-09-28,0.016289186
1984-09-29,0.016289076
1984-09-30,0.016289076
1984-10-01,0.016294967
1984-10-02,0.016294139
1984-10-03,0.016291361
1984-10-04,0.016287163
1984-10-05,0.016283115
1984-10-06,0.01628321
1984-10-07,0.01628319
1984-10-08,0.016283164
1984-10-09,0.016281428
1984-10-10,0.01628911
1984-10-11,0.016191013
1984-10-12,0.016207159
1984-10-13,0.016209096
1984-10-14,0.016209096
1984-10-15,0.016205287
1984-10-16,0.01618979
1984-10-17,0.016190913
1984-10-18,0.016263492
1984-10-19,0.01624047
1984-10-20,0.016238667
1984-10-21,0.016238768
1984-10-22,0.016308673
1984-10-23,0.016223574
1984-10-24,0.0158795
1984-10-25,0.015717205
1984-10-26,0.015601768
1984-10-27,0.015601859
1984-10-28,0.01560163
1984-10-29,0.015367614
1984-10-30,0.015387543
1984-10-31,0.015403897
1984-11-01,0.015400753
1984-11-02,0.01539016
1984-11-03,0.015390174
1984-11-04,0.015389382
1984-11-05,0.015386696
1984-11-06,0.015401927
1984-11-07,0.015407503
1984-11-08,0.015433905
1984-11-09,0.015420258
1984-11-10,0.01548273
1984-11-11,0.015481665
1984-11-12,0.015487133
1984-11-13,0.015494004
1984-11-14,0.015509218
1984-11-15,0.015495513
1984-11-16,0.0154884
1984-11-17,0.015488538
1984-11-18,0.015488787
1984-11-19,0.015488901
1984-11-20,0.015505928
1984-11-21,0.015503864
1984-11-22,0.015493413
1984-11-23,0.015494008
1984-11-24,0.015494008
1984-11-25,0.015494142
1984-11-26,0.015494738
1984-11-27,0.015497505
1984-11-28,0.0154908765
1984-11-29,0.015494835
1984-11-30,0.01549676
1984-12-01,0.015495765
1984-12-02,0.015495627
1984-12-03,0.015504579
1984-12-04,0.015501755
1984-12-05,0.0155156795
1984-12-06,0.015513439
1984-12-07,0.015507414
1984-12-08,0.015507445
1984-12-09,0.015507801
1984-12-10,0.015507157
1984-12-11,0.015507868
1984-12-12,0.015505559
1984-12-13,0.015504009
1984-12-14,0.015513517
1984-12-15,0.015513515
1984-12-16,0.015514172
1984-12-17,0.01551333
1984-12-18,0.015508815
1984-12-19,0.015508164
1984-12-20,0.015503713
1984-12-21,0.015499668
1984-12-22,0.0154992035
1984-12-23,0.015505673
1984-12-24,0.015505697
1984-12-25,0.015505697
1984-12-26,0.015503032
1984-12-27,0.0155004775
1984-12-28,0.015511853
1984-12-29,0.0155120725
1984-12-30,0.0155120725
1984-12-31,0.015511222
1985-01-01,0.015512191
1985-01-02,0.015510241
1985-01-03,0.015493656
1985-01-04,0.01549229
1985-01-05,0.015492303
1985-01-06,0.015492303
1985-01-07,0.015484179
1985-01-08,0.015473167
1985-01-09,0.015473426
1985-01-10,0.015471448
1985-01-11,0.015467989
1985-01-12,0.015467989
1985-01-13,0.015467902
1985-01-14,0.015466874
1985-01-15,0.015420988
1985-01-16,0.015403231
1985-01-17,0.015422289
1985-01-18,0.015584151
1985-01-19,0.015584993
1985-01-20,0.015584302
1985-01-21,0.015519684
1985-01-22,0.015486348
1985-01-23,0.015420441
1985-01-24,0.015316407
1985-01-25,0.015206399
1985-01-26,0.015206409
1985-01-27,0.015205093
1985-01-28,0.015182884
1985-01-29,0.015239985
1985-01-30,0.015199114
1985-01-31,0.015136294
1985-02-01,0.015090464
1985-02-02,0.015088864
1985-02-03,0.015088728
1985-02-04,0.015079675
1985-02-05,0.015257306
1985-02-06,0.015257815
1985-02-07,0.015219515
1985-02-08,0.01519299
1985-02-09,0.01519299
1985-02-10,0.015187423
1985-02-11,0.015203073
1985-02-12,0.015149529
1985-02-13,0.0151724
1985-02-14,0.0153260585
1985-02-15,0.015440194
1985-02-16,0.015439415
1985-02-17,0.015439651
1985-02-18,0.015440279
1985-02-19,0.015385327
1985-02-20,0.015400179
1985-02-21,0.015333568
1985-02-22,0.015323048
1985-02-23,0.015322741
1985-02-24,0.015322635
1985-02-25,0.015324651
1985-02-26,0.015320767
1985-02-27,0.0153179355
1985-02-28,0.015341864
1985-03-01,0.015328676
1985-03-02,0.015331003
1985-03-03,0.015332495
1985-03-04,0.01533549
1985-03-05,0.015353807
1985-03-06,0.015365753
1985-03-07,0.015308861
1985-03-08,0.015360555
1985-03-09,0.015360552
1985-03-10,0.015360938
1985-03-11,0.015362727
1985-03-12,0.015358988
1985-03-13,0.01534928
1985-03-14,0.015357867
1985-03-15,0.015386016
1985-03-16,0.01538603
1985-03-17,0.015392226
1985-03-18,0.015463021
1985-03-19,0.015527748
1985-03-20,0.015542812
1985-03-21,0.015552651
1985-03-22,0.015542893
1985-03-23,0.015542896
1985-03-24,0.015543852
1985-03-25,0.015536656
1985-03-26,0.015538939
1985-03-27,0.015537011
1985-03-28,0.01566213
1985-03-29,0.015657991
1985-03-30,0.015657794
1985-03-31,0.015657794
1985-04-01,0.015658343
1985-04-02,0.015666218
1985-04-03,0.015689222
1985-04-04,0.015696816
1985-04-05,0.015700364
1985-04-06,0.015700225
1985-04-07,0.015699677
1985-04-08,0.015670741
1985-04-09,0.01568459
1985-04-10,0.01568456
1985-04-11,0.015285845
1985-04-12,0.015174503
1985-04-13,0.015174503
1985-04-14,0.015174561
1985-04-15,0.015146247
1985-04-16,0.015115068
1985-04-17,0.015062212
1985-04-18,0.015023921
1985-04-19,0.014953711
1985-04-20,0.014950927
1985-04-21,0.014952426
1985-04-22,0.014969653
1985-04-23,0.014954006
1985-04-24,0.014888478
1985-04-25,0.014755548
1985-04-26,0.014811161
1985-04-27,0.014811229
1985-04-28,0.014809387
1985-04-29,0.01481567
1985-04-30,0.014820719
1985-05-01,0.014822331
1985-05-02,0.014831624
1985-05-03,0.014791394
1985-05-04,0.014785904
1985-05-05,0.014786323
1985-05-06,0.014783329
1985-05-07,0.014778266
1985-05-08,0.014784389
1985-05-09,0.014755916
1985-05-10,0.014752716
1985-05-11,0.014753616
1985-05-12,0.0147542115
1985-05-13,0.014743679
1985-05-14,0.014725294
1985-05-15,0.014684117
1985-05-16,0.014674139
1985-05-17,0.014671562
1985-05-18,0.014684827
1985-05-19,0.014685314
1985-05-20,0.014697629
1985-05-21,0.014641074
1985-05-22,0.014569096
1985-05-23,0.014462181
1985-05-24,0.014405978
1985-05-25,0.014406299
1985-05-26,0.01440631
1985-05-27,0.014406288
1985-05-28,0.0144047225
1985-05-29,0.014404376
1985-05-30,0.014403536
1985-05-31,0.01438727
1985-06-01,0.014387281
1985-06-02,0.014387268
1985-06-03,0.014388723
1985-06-04,0.014379198
1985-06-05,0.014355538
1985-06-06,0.014324831
1985-06-07,0.014357473
1985-06-08,0.014362621
1985-06-09,0.014362689
1985-06-10,0.014361792
1985-06-11,0.014346805
1985-06-12,0.014287557
1985-06-13,0.014286135
1985-06-14,0.014286874
1985-06-15,0.014286916
1985-06-16,0.01428713
1985-06-17,0.014275904
1985-06-18,0.014290353
1985-06-19,0.014275293
1985-06-20,0.01432334
1985-06-21,0.014292789
1985-06-22,0.01429277
1985-06-23,0.014292751
1985-06-24,0.0142925605
1985-06-25,0.014298692
1985-06-26,0.0143055385
1985-06-27,0.014306694
1985-06-28,0.014307352
1985-06-29,0.014306902
1985-06-30,0.014306226
1985-07-01,0.014308525
1985-07-02,0.014319602
1985-07-03,0.014322933
1985-07-04,0.014322933
1985-07-05,0.014322782
1985-07-06,0.014322771
1985-07-07,0.014322829
1985-07-08,0.014308359
1985-07-09,0.014304453
1985-07-10,0.014333731
1985-07-11,0.014365066
1985-07-12,0.014431758
1985-07-13,0.014432014
1985-07-14,0.014429872
1985-07-15,0.014454311
1985-07-16,0.0146262515
1985-07-17,0.014625676
1985-07-18,0.014729582
1985-07-19,0.014908159
1985-07-20,0.014906882
1985-07-21,0.01490634
1985-07-22,0.014857808
1985-07-23,0.014961308
1985-07-24,0.014781059
1985-07-25,0.01487134
1985-07-26,0.014886881
1985-07-27,0.0148881655
1985-07-28,0.014888352
1985-07-29,0.014821901
1985-07-30,0.0148378825
1985-07-31,0.014877903
1985-08-01,0.014854789
1985-08-02,0.014832225
1985-08-03,0.014833528
1985-08-04,0.014833544
1985-08-05,0.0147565
1985-08-06,0.014751974
1985-08-07,0.014726975
1985-08-08,0.014613714
1985-08-09,0.014730218
1985-08-10,0.014724111
1985-08-11,0.014724506
1985-08-12,0.014724177
1985-08-13,0.01472261
1985-08-14,0.01473758
1985-08-15,0.014737413
1985-08-16,0.014755503
1985-08-17,0.0147467125
1985-08-18,0.0147460345
1985-08-19,0.014743297
1985-08-20,0.014740206
1985-08-21,0.014747488
1985-08-22,0.014747826
1985-08-23,0.014747972
1985-08-24,0.014747972
1985-08-25,0.014747817
1985-08-26,0.014749179
1985-08-27,0.0147491
1985-08-28,0.01474709
1985-08-29,0.014749788
1985-08-30,0.014744746
1985-08-31,0.014704092
1985-09-01,0.014704092
1985-09-02,0.014704186
1985-09-03,0.014697137
1985-09-04,0.0146984765
1985-09-05,0.014690166
1985-09-06,0.014709206
1985-09-07,0.014709206
1985-09-08,0.01470919
1985-09-09,0.014720413
1985-09-10,0.014726013
1985-09-11,0.014726119
1985-09-12,0.014725558
1985-09-13,0.014723843
1985-09-14,0.014723835
1985-09-15,0.014723837
1985-09-16,0.014706713
1985-09-17,0.014690124
1985-09-18,0.014686833
1985-09-19,0.014686395
1985-09-20,0.0146635845
1985-09-21,0.014663756
1985-09-22,0.014665116
1985-09-23,0.014667144
1985-09-24,0.014680015
1985-09-25,0.0146769965
1985-09-26,0.014677204
1985-09-27,0.014677146
1985-09-28,0.014677118
1985-09-29,0.014677118
1985-09-30,0.014673484
1985-10-01,0.014678208
1985-10-02,0.014672142
1985-10-03,0.014660381
1985-10-04,0.014673542
1985-10-05,0.014673532
1985-10-06,0.014673803
1985-10-07,0.01467103
1985-10-08,0.014674786
1985-10-09,0.014662028
1985-10-10,0.014605303
1985-10-11,0.014605864
1985-10-12,0.01460283
1985-10-13,0.014603084
1985-10-14,0.0145832645
1985-10-15,0.014611264
1985-10-16,0.014586885
1985-10-17,0.014609762
1985-10-18,0.014563104
1985-10-19,0.01457144
1985-10-20,0.014571543
1985-10-21,0.014623749
1985-10-22,0.014505284
1985-10-23,0.014379128
1985-10-24,0.01440342
1985-10-25,0.014447381
1985-10-26,0.01444866
1985-10-27,0.014448354
1985-10-28,0.01432799
1985-10-29,0.014212289
1985-10-30,0.014181404
1985-10-31,0.014195935
1985-11-01,0.01417783
1985-11-02,0.014177838
1985-11-03,0.014177812
1985-11-04,0.014199002
1985-11-05,0.014244282
1985-11-06,0.014223939
1985-11-07,0.01425365
1985-11-08,0.01404086
1985-11-09,0.014040902
1985-11-10,0.014040929
1985-11-11,0.014038994
1985-11-12,0.014028362
1985-11-13,0.014033018
1985-11-14,0.0140135195
1985-11-15,0.0140027795
1985-11-16,0.014002766
1985-11-17,0.014002644
1985-11-18,0.014028063
1985-11-19,0.014044968
1985-11-20,0.014059366
1985-11-21,0.014048057
1985-11-22,0.014040561
1985-11-23,0.014040594
1985-11-24,0.014040599
1985-11-25,0.0140396515
1985-11-26,0.014042719
1985-11-27,0.014045711
1985-11-28,0.01404537
1985-11-29,0.014044654
1985-11-30,0.014044158
1985-12-01,0.014045142
1985-12-02,0.014043929
1985-12-03,0.014033099
1985-12-04,0.014042951
1985-12-05,0.0140444655
1985-12-06,0.014052711
1985-12-07,0.014052711
1985-12-08,0.01405187
1985-12-09,0.014048641
1985-12-10,0.0140476525
1985-12-11,0.014048459
1985-12-12,0.014050485
1985-12-13,0.0140604535
1985-12-14,0.0140604535
1985-12-15,0.014060359
1985-12-16,0.014058186
1985-12-17,0.01406974
1985-12-18,0.014073576
1985-12-19,0.014077393
1985-12-20,0.014076773
1985-12-21,0.014077052
1985-12-22,0.014077069
1985-12-23,0.014068789
1985-12-24,0.014072228
1985-12-25,0.014072103
1985-12-26,0.014071098
1985-12-27,0.01407188
1985-12-28,0.0140718715
1985-12-29,0.014071945
1985-12-30,0.014072384
1985-12-31,0.014069538
1986-01-01,0.014069476
1986-01-02,0.014067896
1986-01-03,0.014060877
1986-01-04,0.014060897
1986-01-05,0.014060897
1986-01-06,0.014061406
1986-01-07,0.014051161
1986-01-08,0.0140528865
1986-01-09,0.014053099
1986-01-10,0.01405295
1986-01-11,0.01405297
1986-01-12,0.01405297
1986-01-13,0.014049136
1986-01-14,0.014069739
1986-01-15,0.014109082
1986-01-16,0.014192441
1986-01-17,0.014551512
1986-01-18,0.014551525
1986-01-19,0.014551428
1986-01-20,0.014528626
1986-01-21,0.014523509
1986-01-22,0.014486561
1986-01-23,0.014424913
1986-01-24,0.014347069
1986-01-25,0.014347567
1986-01-26,0.014348242
1986-01-27,0.014288663
1986-01-28,0.014203391
1986-01-29,0.014468692
1986-01-30,0.014461446
1986-01-31,0.014428374
1986-02-01,0.014434745
1986-02-02,0.014434662
1986-02-03,0.014458854
1986-02-04,0.014667835
1986-02-05,0.014666245
1986-02-06,0.014682163
1986-02-07,0.014707162
1986-02-08,0.01470464
1986-02-09,0.014705634
1986-02-10,0.014723111
1986-02-11,0.014612061
1986-02-12,0.014630227
1986-02-13,0.014669905
1986-02-14,0.014705859
1986-02-15,0.01469994
1986-02-16,0.014699982
1986-02-17,0.014739162
1986-02-18,0.014735581
1986-02-19,0.0147215715
1986-02-20,0.014760768
1986-02-21,0.014766711
1986-02-22,0.014769843
1986-02-23,0.014754235
1986-02-24,0.014627397
1986-02-25,0.014644762
1986-02-26,0.0146174
1986-02-27,0.014585547
1986-02-28,0.014674272
1986-03-01,0.014674493
1986-03-02,0.014673871
1986-03-03,0.014680922
1986-03-04,0.014716463
1986-03-05,0.014698062
1986-03-06,0.014706454
1986-03-07,0.01473994
1986-03-08,0.014739967
1986-03-09,0.014739999
1986-03-10,0.014732762
1986-03-11,0.014705859
1986-03-12,0.014708977
1986-03-13,0.014712114
1986-03-14,0.014953256
1986-03-15,0.0149839185
1986-03-16,0.014984038
1986-03-17,0.014987751
1986-03-18,0.014997637
1986-03-19,0.015051712
1986-03-20,0.015109436
1986-03-21,0.015110064
1986-03-22,0.015110013
1986-03-23,0.015109692
1986-03-24,0.01511444
1986-03-25,0.0151144285
1986-03-26,0.015121965
1986-03-27,0.015187677
1986-03-28,0.015184625
1986-03-29,0.015184682
1986-03-30,0.015184682
1986-03-31,0.015203981
1986-04-01,0.015201268
1986-04-02,0.015213853
1986-04-03,0.015213162
1986-04-04,0.015212205
1986-04-05,0.015212255
1986-04-06,0.015210102
1986-04-07,0.015218446
1986-04-08,0.01521993
1986-04-09,0.015210578
1986-04-10,0.015135178
1986-04-11,0.015124185
1986-04-12,0.015124188
1986-04-13,0.015124229
1986-04-14,0.014581043
1986-04-15,0.014488597
1986-04-16,0.014474393
1986-04-17,0.01459942
1986-04-18,0.014540396
1986-04-19,0.014550416
1986-04-20,0.014551303
1986-04-21,0.014565176
1986-04-22,0.014440106
1986-04-23,0.014468672
1986-04-24,0.014441098
1986-04-25,0.014485055
1986-04-26,0.014471464
1986-04-27,0.01447816
1986-04-28,0.0144951455
1986-04-29,0.014486554
1986-04-30,0.014327539
1986-05-01,0.014288785
1986-05-02,0.014283014
1986-05-03,0.014283456
1986-05-04,0.014283729
1986-05-05,0.014318602
1986-05-06,0.014315705
1986-05-07,0.014318896
1986-05-08,0.014293246
1986-05-09,0.014277898
1986-05-10,0.014277898
1986-05-11,0.0142784
1986-05-12,0.014277902
1986-05-13,0.014255018
1986-05-14,0.01420484
1986-05-15,0.014152561
1986-05-16,0.014062101
1986-05-17,0.014064465
1986-05-18,0.014063704
1986-05-19,0.014071138
1986-05-20,0.014031739
1986-05-21,0.013865849
1986-05-22,0.01386546
1986-05-23,0.013863915
1986-05-24,0.013863915
1986-05-25,0.013863984
1986-05-26,0.013818451
1986-05-27,0.013790384
1986-05-28,0.013775715
1986-05-29,0.013773906
1986-05-30,0.013762987
1986-05-31,0.013762987
1986-06-01,0.013762934
1986-06-02,0.013749572
1986-06-03,0.01374149
1986-06-04,0.0137319015
1986-06-05,0.013736715
1986-06-06,0.013573664
1986-06-07,0.013573664
1986-06-08,0.013573732
1986-06-09,0.013572558
1986-06-10,0.013573619
1986-06-11,0.013574745
1986-06-12,0.013576374
1986-06-13,0.013576197
1986-06-14,0.013576193
1986-06-15,0.013602605
1986-06-16,0.013602236
1986-06-17,0.0135989105
1986-06-18,0.01360355
1986-06-19,0.013598081
1986-06-20,0.013600218
1986-06-21,0.013599409
1986-06-22,0.013598823
1986-06-23,0.013605416
1986-06-24,0.013608831
1986-06-25,0.013543585
1986-06-26,0.013543859
1986-06-27,0.013547037
1986-06-28,0.013547028
1986-06-29,0.013547005
1986-06-30,0.013552458
1986-07-01,0.01355057
1986-07-02,0.01355629
1986-07-03,0.013558306
1986-07-04,0.013558306
1986-07-05,0.013558306
1986-07-06,0.013558291
1986-07-07,0.013561394
1986-07-08,0.013607551
1986-07-09,0.013626696
1986-07-10,0.0136139905
1986-07-11,0.013634312
1986-07-12,0.013634313
1986-07-13,0.013634097
1986-07-14,0.013668664
1986-07-15,0.013730143
1986-07-16,0.013779973
1986-07-17,0.013796082
1986-07-18,0.013878161
1986-07-19,0.013881838
1986-07-20,0.013881213
1986-07-21,0.013846182
1986-07-22,0.013900033
1986-07-23,0.013990335
1986-07-24,0.014016308
1986-07-25,0.013981979
1986-07-26,0.013983684
1986-07-27,0.013982488
1986-07-28,0.013940207
1986-07-29,0.013883838
1986-07-30,0.013838216
1986-07-31,0.013837567
1986-08-01,0.013834846
1986-08-02,0.013834846
1986-08-03,0.013834846
1986-08-04,0.013824453
1986-08-05,0.013829194
1986-08-06,0.013823621
1986-08-07,0.013794269
1986-08-08,0.0137350205
1986-08-09,0.013735074
1986-08-10,0.013735556
1986-08-11,0.01372906
1986-08-12,0.013788142
1986-08-13,0.013772791
1986-08-14,0.013753916
1986-08-15,0.013756833
1986-08-16,0.0137540195
1986-08-17,0.013753588
1986-08-18,0.013729306
1986-08-19,0.013710833
1986-08-20,0.013708203
1986-08-21,0.013739309
1986-08-22,0.013734101
1986-08-23,0.013735115
1986-08-24,0.013735513
1986-08-25,0.01373724
1986-08-26,0.01374235
1986-08-27,0.013740281
1986-08-28,0.013742121
1986-08-29,0.013745404
1986-08-30,0.013745187
1986-08-31,0.013745378
1986-09-01,0.013745369
1986-09-02,0.013739774
1986-09-03,0.013740619
1986-09-04,0.0137471035
1986-09-05,0.013748085
1986-09-06,0.0137481
1986-09-07,0.0137488255
1986-09-08,0.01375139
1986-09-09,0.013752415
1986-09-10,0.013750664
1986-09-11,0.013757778
1986-09-12,0.013757306
1986-09-13,0.013756828
1986-09-14,0.013756711
1986-09-15,0.013759002
1986-09-16,0.013757438
1986-09-17,0.013755722
1986-09-18,0.013752093
1986-09-19,0.013732134
1986-09-20,0.013732709
1986-09-21,0.013732678
1986-09-22,0.0137326075
1986-09-23,0.013735111
1986-09-24,0.013733613
1986-09-25,0.013733237
1986-09-26,0.013732918
1986-09-27,0.013733139
1986-09-28,0.013733131
1986-09-29,0.013733493
1986-09-30,0.013732183
1986-10-01,0.013728813
1986-10-02,0.013721977
1986-10-03,0.013721666
1986-10-04,0.013721802
1986-10-05,0.013721238
1986-10-06,0.013722487
1986-10-07,0.013723151
1986-10-08,0.013711961
1986-10-09,0.013715322
1986-10-10,0.013730686
1986-10-11,0.013730761
1986-10-12,0.013730761
1986-10-13,0.013732572
1986-10-14,0.013662225
1986-10-15,0.013672932
1986-10-16,0.013715287
1986-10-17,0.0137049705
1986-10-18,0.013719006
1986-10-19,0.013719387
1986-10-20,0.013747037
1986-10-21,0.013787693
1986-10-22,0.013673261
1986-10-23,0.01331242
1986-10-24,0.013295782
1986-10-25,0.013301315
1986-10-26,0.01330064
1986-10-27,0.01320993
1986-10-28,0.0132552115
1986-10-29,0.013279303
1986-10-30,0.013286508
1986-10-31,0.013388538
1986-11-01,0.013381524
1986-11-02,0.01339661
1986-11-03,0.01342508
1986-11-04,0.013486782
1986-11-05,0.013417586
1986-11-06,0.013408821
1986-11-07,0.013389836
1986-11-08,0.013392139
1986-11-09,0.013392276
1986-11-10,0.013380919
1986-11-11,0.013400878
1986-11-12,0.013425805
1986-11-13,0.013430719
1986-11-14,0.013406494
1986-11-15,0.013406651
1986-11-16,0.013407418
1986-11-17,0.013424491
1986-11-18,0.013429219
1986-11-19,0.0134326285
1986-11-20,0.013438422
1986-11-21,0.013453069
1986-11-22,0.01345293
1986-11-23,0.013452834
1986-11-24,0.013444948
1986-11-25,0.0134425415
1986-11-26,0.013454043
1986-11-27,0.013454165
1986-11-28,0.013453477
1986-11-29,0.01345485
1986-11-30,0.013452697
1986-12-01,0.013395451
1986-12-02,0.0133971665
1986-12-03,0.013398966
1986-12-04,0.01339913
1986-12-05,0.013397995
1986-12-06,0.013397995
1986-12-07,0.013397995
1986-12-08,0.013406341
1986-12-09,0.013404992
1986-12-10,0.0133916335
1986-12-11,0.013377387
1986-12-12,0.013377749
1986-12-13,0.01337494
1986-12-14,0.01337494
1986-12-15,0.013373566
1986-12-16,0.013371774
1986-12-17,0.013377219
1986-12-18,0.013373057
1986-12-19,0.013369122
1986-12-20,0.013362131
1986-12-21,0.013363675
1986-12-22,0.01336302
1986-12-23,0.0133585995
1986-12-24,0.013357016
1986-12-25,0.013357016
1986-12-26,0.013356943
1986-12-27,0.01335755
1986-12-28,0.01335755
1986-12-29,0.0133573115
1986-12-30,0.0133549115
1986-12-31,0.013355034
1987-01-01,0.013355034
1987-01-02,0.013370472
1987-01-03,0.013370477
1987-01-04,0.013370479
1987-01-05,0.013372666
1987-01-06,0.013368752
1987-01-07,0.013364717
1987-01-08,0.013372146
1987-01-09,0.0133681055
1987-01-10,0.013368058
1987-01-11,0.013367845
1987-01-12,0.013362044
1987-01-13,0.013366853
1987-01-14,0.0134000415
1987-01-15,0.013399162
1987-01-16,0.013446505
1987-01-17,0.013445475
1987-01-18,0.013445493
1987-01-19,0.013524546
1987-01-20,0.013599447
1987-01-21,0.013632174
1987-01-22,0.013590888
1987-01-23,0.013571343
1987-01-24,0.013569573
1987-01-25,0.013569155
1987-01-26,0.013591656
1987-01-27,0.0135705415
1987-01-28,0.013501057
1987-01-29,0.013450734
1987-01-30,0.013271922
1987-01-31,0.013271506
1987-02-01,0.013271563
1987-02-02,0.013274773
1987-02-03,0.013216995
1987-02-04,0.013272591
1987-02-05,0.013354329
1987-02-06,0.0133338
1987-02-07,0.013333133
1987-02-08,0.013331312
1987-02-09,0.013271167
1987-02-10,0.013257514
1987-02-11,0.013271012
1987-02-12,0.013274559
1987-02-13,0.013362677
1987-02-14,0.013360339
1987-02-15,0.013360222
1987-02-16,0.013360557
1987-02-17,0.013298658
1987-02-18,0.013375707
1987-02-19,0.013460565
1987-02-20,0.013479082
1987-02-21,0.013478728
1987-02-22,0.013480133
1987-02-23,0.013448284
1987-02-24,0.01345691
1987-02-25,0.013413914
1987-02-26,0.01341352
1987-02-27,0.013388054
1987-02-28,0.013388289
1987-03-01,0.013388783
1987-03-02,0.013388401
1987-03-03,0.013472666
1987-03-04,0.013514968
1987-03-05,0.013512493
1987-03-06,0.013518522
1987-03-07,0.013518548
1987-03-08,0.013513587
1987-03-09,0.013518773
1987-03-10,0.013545443
1987-03-11,0.013546325
1987-03-12,0.013626893
1987-03-13,0.013643843
1987-03-14,0.013644098
1987-03-15,0.0136440955
1987-03-16,0.013642607
1987-03-17,0.013632163
1987-03-18,0.013706646
1987-03-19,0.0137469545
1987-03-20,0.013726854
1987-03-21,0.013726584
1987-03-22,0.013726584
1987-03-23,0.013749422
1987-03-24,0.0137610715
1987-03-25,0.013755092
1987-03-26,0.013760772
1987-03-27,0.013761651
1987-03-28,0.013761633
1987-03-29,0.013761438
1987-03-30,0.013755904
1987-03-31,0.013759883
1987-04-01,0.013760665
1987-04-02,0.013750248
1987-04-03,0.013752065
1987-04-04,0.01375239
1987-04-05,0.013751822
1987-04-06,0.01375444
1987-04-07,0.013753584
1987-04-08,0.013756043
1987-04-09,0.013776743
1987-04-10,0.013632973
1987-04-11,0.013632973
1987-04-12,0.013633173
1987-04-13,0.013609943
1987-04-14,0.0134323
1987-04-15,0.013440449
1987-04-16,0.013337054
1987-04-17,0.013281081
1987-04-18,0.013281421
1987-04-19,0.013281239
1987-04-20,0.013363213
1987-04-21,0.013375349
1987-04-22,0.013435555
1987-04-23,0.01331222
1987-04-24,0.013586764
1987-04-25,0.01359301
1987-04-26,0.013591756
1987-04-27,0.013558687
1987-04-28,0.01351084
1987-04-29,0.0136031
1987-04-30,0.013748734
1987-05-01,0.013769481
1987-05-02,0.0137688825
1987-05-03,0.013768622
1987-05-04,0.013784509
1987-05-05,0.01380329
1987-05-06,0.013809214
1987-05-07,0.013814403
1987-05-08,0.013788352
1987-05-09,0.013788174
1987-05-10,0.013788158
1987-05-11,0.013787374
1987-05-12,0.013757051
1987-05-13,0.01372809
1987-05-14,0.013816195
1987-05-15,0.013818502
1987-05-16,0.013823764
1987-05-17,0.013823925
1987-05-18,0.013826492
1987-05-19,0.013770167
1987-05-20,0.013595489
1987-05-21,0.0135940965
1987-05-22,0.013561007
1987-05-23,0.013560652
1987-05-24,0.013560661
1987-05-25,0.013560536
1987-05-26,0.013567624
1987-05-27,0.013592137
1987-05-28,0.013592801
1987-05-29,0.013595597
1987-05-30,0.013595597
1987-05-31,0.013595609
1987-06-01,0.013585084
1987-06-02,0.013578994
1987-06-03,0.01358714
1987-06-04,0.013584722
1987-06-05,0.013599382
1987-06-06,0.013599235
1987-06-07,0.013596545
1987-06-08,0.013597602
1987-06-09,0.013602775
1987-06-10,0.013603504
1987-06-11,0.01360105
1987-06-12,0.01360175
1987-06-13,0.013602242
1987-06-14,0.0136019895
1987-06-15,0.013615394
1987-06-16,0.013609069
1987-06-17,0.013612563
1987-06-18,0.013616537
1987-06-19,0.0136485435
1987-06-20,0.013649294
1987-06-21,0.013649407
1987-06-22,0.013656912
1987-06-23,0.013667298
1987-06-24,0.013666784
1987-06-25,0.013670725
1987-06-26,0.013672885
1987-06-27,0.013672967
1987-06-28,0.013673092
1987-06-29,0.01367554
1987-06-30,0.0136713395
1987-07-01,0.0136746345
1987-07-02,0.013676731
1987-07-03,0.013676731
1987-07-04,0.013676731
1987-07-05,0.013676792
1987-07-06,0.013676393
1987-07-07,0.013677512
1987-07-08,0.013675686
1987-07-09,0.013785739
1987-07-10,0.013828129
1987-07-11,0.013828171
1987-07-12,0.013827854
1987-07-13,0.013813263
1987-07-14,0.013956613
1987-07-15,0.014015147
1987-07-16,0.014184325
1987-07-17,0.0143542355
1987-07-18,0.014351991
1987-07-19,0.0143519705
1987-07-20,0.014308809
1987-07-21,0.0143583
1987-07-22,0.014621865
1987-07-23,0.014751175
1987-07-24,0.0147740645
1987-07-25,0.014774824
1987-07-26,0.014775695
1987-07-27,0.01482638
1987-07-28,0.014834557
1987-07-29,0.014896711
1987-07-30,0.014905234
1987-07-31,0.014888315
1987-08-01,0.014887863
1987-08-02,0.014887304
1987-08-03,0.014868708
1987-08-04,0.014876021
1987-08-05,0.014796716
1987-08-06,0.014783884
1987-08-07,0.014755567
1987-08-08,0.014753537
1987-08-09,0.014753244
1987-08-10,0.014753722
1987-08-11,0.014761872
1987-08-12,0.014765907
1987-08-13,0.014713312
1987-08-14,0.014683913
1987-08-15,0.014685445
1987-08-16,0.014686013
1987-08-17,0.014693999
1987-08-18,0.014686325
1987-08-19,0.014699144
1987-08-20,0.014701064
1987-08-21,0.014701984
1987-08-22,0.014702039
1987-08-23,0.014702113
1987-08-24,0.014702508
1987-08-25,0.014687551
1987-08-26,0.014693715
1987-08-27,0.014687057
1987-08-28,0.014688181
1987-08-29,0.014687992
1987-08-30,0.014686548
1987-08-31,0.0146856895
1987-09-01,0.014682773
1987-09-02,0.014681531
1987-09-03,0.014683725
1987-09-04,0.014683138
1987-09-05,0.014683138
1987-09-06,0.01468307
1987-09-07,0.014682877
1987-09-08,0.014682902
1987-09-09,0.014669302
1987-09-10,0.014683148
1987-09-11,0.014683444
1987-09-12,0.014683476
1987-09-13,0.014683476
1987-09-14,0.014681464
1987-09-15,0.014680676
1987-09-16,0.014679873
1987-09-17,0.014689019
1987-09-18,0.014691795
1987-09-19,0.014691337
1987-09-20,0.014691287
1987-09-21,0.014694974
1987-09-22,0.014699034
1987-09-23,0.014690357
1987-09-24,0.014690944
1987-09-25,0.01469575
1987-09-26,0.014695763
1987-09-27,0.014695972
1987-09-28,0.014703572
1987-09-29,0.014712953
1987-09-30,0.014708439
1987-10-01,0.014713695
1987-10-02,0.014713608
1987-10-03,0.01471383
1987-10-04,0.01471405
1987-10-05,0.01471268
1987-10-06,0.014711005
1987-10-07,0.014706872
1987-10-08,0.014723724
1987-10-09,0.014729012
1987-10-10,0.014729414
1987-10-11,0.01472979
1987-10-12,0.014731111
1987-10-13,0.01476474
1987-10-14,0.01469582
1987-10-15,0.014774798
1987-10-16,0.014950801
1987-10-17,0.014951411
1987-10-18,0.014951932
1987-10-19,0.015086824
1987-10-20,0.015160932
1987-10-21,0.015250898
1987-10-22,0.015266666
1987-10-23,0.015233313
1987-10-24,0.015218167
1987-10-25,0.015220859
1987-10-26,0.0152633395
1987-10-27,0.01503656
1987-10-28,0.014945954
1987-10-29,0.014964134
1987-10-30,0.014985728
1987-10-31,0.014988405
1987-11-01,0.014986232
1987-11-02,0.015052334
1987-11-03,0.015065424
1987-11-04,0.0151032
1987-11-05,0.015137738
1987-11-06,0.015142248
1987-11-07,0.01515839
1987-11-08,0.015158248
1987-11-09,0.015173103
1987-11-10,0.015167711
1987-11-11,0.015178842
1987-11-12,0.015186898
1987-11-13,0.015212929
1987-11-14,0.015203973
1987-11-15,0.015219219
1987-11-16,0.015213223
1987-11-17,0.015235117
1987-11-18,0.015251262
1987-11-19,0.015268503
1987-11-20,0.015262815
1987-11-21,0.015262861
1987-11-22,0.015262577
1987-11-23,0.015275073
1987-11-24,0.0152815785
1987-11-25,0.0152909
1987-11-26,0.0152909
1987-11-27,0.015289162
1987-11-28,0.015289212
1987-11-29,0.015289212
1987-11-30,0.015301599
1987-12-01,0.015282705
1987-12-02,0.015293593
1987-12-03,0.015277745
1987-12-04,0.015303705
1987-12-05,0.015303099
1987-12-06,0.015303156
1987-12-07,0.0153045645
1987-12-08,0.015311663
1987-12-09,0.015310999
1987-12-10,0.015315512
1987-12-11,0.015313435
1987-12-12,0.01531355
1987-12-13,0.01531079
1987-12-14,0.015310544
1987-12-15,0.015313361
1987-12-16,0.015312975
1987-12-17,0.015311213
1987-12-18,0.015320712
1987-12-19,0.015320722
1987-12-20,0.015320781
1987-12-21,0.015316928
1987-12-22,0.015322086
1987-12-23,0.0153208645
1987-12-24,0.015320574
1987-12-25,0.015320574
1987-12-26,0.015320567
1987-12-27,0.015320612
1987-12-28,0.015320585
1987-12-29,0.015320113
1987-12-30,0.015320579
1987-12-31,0.015321779
1988-01-01,0.015321916
1988-01-02,0.015321916
1988-01-03,0.015321892
1988-01-04,0.015326169
1988-01-05,0.015326437
1988-01-06,0.01533327
1988-01-07,0.015345057
1988-01-08,0.015344432
1988-01-09,0.015344432
1988-01-10,0.015344463
1988-01-11,0.015359893
1988-01-12,0.015369333
1988-01-13,0.015381002
1988-01-14,0.015382547
1988-01-15,0.015401865
1988-01-16,0.015401963
1988-01-17,0.015401784
1988-01-18,0.015432712
1988-01-19,0.015651094
1988-01-20,0.015658937
1988-01-21,0.015669588
1988-01-22,0.015598575
1988-01-23,0.015598453
1988-01-24,0.0155997835
1988-01-25,0.01563026
1988-01-26,0.015395216
1988-01-27,0.0152966045
1988-01-28,0.015109802
1988-01-29,0.015080239
1988-01-30,0.015082682
1988-01-31,0.015076954
1988-02-01,0.015036637
1988-02-02,0.015043928
1988-02-03,0.01483452
1988-02-04,0.01490359
1988-02-05,0.014994759
1988-02-06,0.014990663
1988-02-07,0.014990625
1988-02-08,0.014993596
1988-02-09,0.015022981
1988-02-10,0.015005633
1988-02-11,0.014996906
1988-02-12,0.014989721
1988-02-13,0.014981975
1988-02-14,0.014933122
1988-02-15,0.01490344
1988-02-16,0.014887095
1988-02-17,0.014886702
1988-02-18,0.014801507
1988-02-19,0.014867293
1988-02-20,0.01486726
1988-02-21,0.014873689
1988-02-22,0.014805913
1988-02-23,0.0148454225
1988-02-24,0.014853538
1988-02-25,0.014930249
1988-02-26,0.014917186
1988-02-27,0.014917273
1988-02-28,0.014862069
1988-02-29,0.014868613
1988-03-01,0.014907859
1988-03-02,0.014923908
1988-03-03,0.014994763
1988-03-04,0.015005629
1988-03-05,0.01500562
1988-03-06,0.015005583
1988-03-07,0.01501604
1988-03-08,0.01499214
1988-03-09,0.014992219
1988-03-10,0.015085869
1988-03-11,0.015091877
1988-03-12,0.015092067
1988-03-13,0.015091864
1988-03-14,0.015099946
1988-03-15,0.01512462
1988-03-16,0.015187258
1988-03-17,0.015183524
1988-03-18,0.015202864
1988-03-19,0.0152029395
1988-03-20,0.0152029395
1988-03-21,0.015205407
1988-03-22,0.015200899
1988-03-23,0.015199206
1988-03-24,0.015206161
1988-03-25,0.015206576
1988-03-26,0.015205727
1988-03-27,0.015205727
1988-03-28,0.015203701
1988-03-29,0.015211096
1988-03-30,0.0152124865
1988-03-31,0.015210423
1988-04-01,0.015210742
1988-04-02,0.015210749
1988-04-03,0.015210629
1988-04-04,0.015212843
1988-04-05,0.015178139
1988-04-06,0.01518139
1988-04-07,0.015141494
1988-04-08,0.015210653
1988-04-09,0.015210664
1988-04-10,0.01521081
1988-04-11,0.015212799
1988-04-12,0.01523689
1988-04-13,0.0148799205
1988-04-14,0.01486556
1988-04-15,0.014813674
1988-04-16,0.014813959
1988-04-17,0.014812113
1988-04-18,0.0148525005
1988-04-19,0.014864917
1988-04-20,0.014957673
1988-04-21,0.014909642
1988-04-22,0.014594651
1988-04-23,0.014599887
1988-04-24,0.014599472
1988-04-25,0.014679876
1988-04-26,0.014822989
1988-04-27,0.014981203
1988-04-28,0.014761308
1988-04-29,0.014892074
1988-04-30,0.014891131
1988-05-01,0.014892658
1988-05-02,0.014881897
1988-05-03,0.014883163
1988-05-04,0.014860721
1988-05-05,0.01486763
1988-05-06,0.014871076
1988-05-07,0.014870811
1988-05-08,0.014870971
1988-05-09,0.014870976
1988-05-10,0.014830409
1988-05-11,0.014822144
1988-05-12,0.014775619
1988-05-13,0.014724786
1988-05-14,0.01473075
1988-05-15,0.014732534
1988-05-16,0.014754222
1988-05-17,0.014690241
1988-05-18,0.014591923
1988-05-19,0.01458252
1988-05-20,0.014588529
1988-05-21,0.014588589
1988-05-22,0.014588581
1988-05-23,0.014580155
1988-05-24,0.014588572
1988-05-25,0.0145926885
1988-05-26,0.014522358
1988-05-27,0.014481024
1988-05-28,0.014481024
1988-05-29,0.014481024
1988-05-30,0.014481566
1988-05-31,0.014476807
1988-06-01,0.014471341
1988-06-02,0.01447629
1988-06-03,0.014470056
1988-06-04,0.014470117
1988-06-05,0.014469357
1988-06-06,0.01449667
1988-06-07,0.014499618
1988-06-08,0.014488203
1988-06-09,0.014382972
1988-06-10,0.014384521
1988-06-11,0.014384524
1988-06-12,0.014384541
1988-06-13,0.014383985
1988-06-14,0.014386427
1988-06-15,0.014392845
1988-06-16,0.014392017
1988-06-17,0.014396974
1988-06-18,0.01439695
1988-06-19,0.014396894
1988-06-20,0.014400097
1988-06-21,0.014405722
1988-06-22,0.014408808
1988-06-23,0.014414139
1988-06-24,0.014416635
1988-06-25,0.014416788
1988-06-26,0.014416819
1988-06-27,0.014422876
1988-06-28,0.014428043
1988-06-29,0.014434245
1988-06-30,0.014436154
1988-07-01,0.014441478
1988-07-02,0.014441547
1988-07-03,0.0144416755
1988-07-04,0.0144416755
1988-07-05,0.014442882
1988-07-06,0.014447667
1988-07-07,0.014444175
1988-07-08,0.014470128
1988-07-09,0.014470012
1988-07-10,0.014470012
1988-07-11,0.014473165
1988-07-12,0.014465998
1988-07-13,0.014505124
1988-07-14,0.014497072
1988-07-15,0.014558289
1988-07-16,0.0145561565
1988-07-17,0.014556207
1988-07-18,0.014557667
1988-07-19,0.014615042
1988-07-20,0.014713956
1988-07-21,0.014980288
1988-07-22,0.015185595
1988-07-23,0.015181564
1988-07-24,0.015188327
1988-07-25,0.015179103
1988-07-26,0.015153667
1988-07-27,0.0152731035
1988-07-28,0.015403005
1988-07-29,0.015365773
1988-07-30,0.015357161
1988-07-31,0.015358337
1988-08-01,0.015345921
1988-08-02,0.015353499
1988-08-03,0.01534712
1988-08-04,0.015337023
1988-08-05,0.0153041845
1988-08-06,0.015303757
1988-08-07,0.015301532
1988-08-08,0.015289545
1988-08-09,0.0153059885
1988-08-10,0.015313133
1988-08-11,0.015257841
1988-08-12,0.015196705
1988-08-13,0.015199611
1988-08-14,0.015197849
1988-08-15,0.015252047
1988-08-16,0.01526272
1988-08-17,0.015250673
1988-08-18,0.015242998
1988-08-19,0.015300173
1988-08-20,0.015300344
1988-08-21,0.015299928
1988-08-22,0.015307101
1988-08-23,0.015305033
1988-08-24,0.015307847
1988-08-25,0.015292341
1988-08-26,0.015297517
1988-08-27,0.015296931
1988-08-28,0.0152971065
1988-08-29,0.015277929
1988-08-30,0.015279293
1988-08-31,0.015280007
1988-09-01,0.015283116
1988-09-02,0.015285859
1988-09-03,0.015285832
1988-09-04,0.0152858
1988-09-05,0.015285725
1988-09-06,0.015287497
1988-09-07,0.01530021
1988-09-08,0.015316192
1988-09-09,0.015310878
1988-09-10,0.015310827
1988-09-11,0.01531082
1988-09-12,0.01531294
1988-09-13,0.01531604
1988-09-14,0.015301227
1988-09-15,0.015302669
1988-09-16,0.0153001025
1988-09-17,0.01530663
1988-09-18,0.015306634
1988-09-19,0.015296342
1988-09-20,0.015289332
1988-09-21,0.015290118
1988-09-22,0.015288956
1988-09-23,0.015291821
1988-09-24,0.015292231
1988-09-25,0.015292348
1988-09-26,0.015289095
1988-09-27,0.015290392
1988-09-28,0.015290765
1988-09-29,0.01529079
1988-09-30,0.015290394
1988-10-01,0.015291231
1988-10-02,0.015291231
1988-10-03,0.015291283
1988-10-04,0.015305808
1988-10-05,0.0152982
1988-10-06,0.015301696
1988-10-07,0.015302326
1988-10-08,0.015302326
1988-10-09,0.015302678
1988-10-10,0.015302566
1988-10-11,0.0152871385
1988-10-12,0.015271956
1988-10-13,0.015265138
1988-10-14,0.015332793
1988-10-15,0.015333041
1988-10-16,0.015333379
1988-10-17,0.015336446
1988-10-18,0.015414543
1988-10-19,0.015615766
1988-10-20,0.01553262
1988-10-21,0.015490007
1988-10-22,0.015481073
1988-10-23,0.015481575
1988-10-24,0.015588628
1988-10-25,0.015617726
1988-10-26,0.015496058
1988-10-27,0.015337203
1988-10-28,0.015368506
1988-10-29,0.01536709
1988-10-30,0.015369769
1988-10-31,0.015392822
1988-11-01,0.015430637
1988-11-02,0.015428911
1988-11-03,0.015462978
1988-11-04,0.015482999
1988-11-05,0.015483059
1988-11-06,0.015482999
1988-11-07,0.015483576
1988-11-08,0.015487995
1988-11-09,0.0154961245
1988-11-10,0.01547471
1988-11-11,0.015480497
1988-11-12,0.015483278
1988-11-13,0.015483294
1988-11-14,0.015534192
1988-11-15,0.015520011
1988-11-16,0.015537245
1988-11-17,0.015607575
1988-11-18,0.015605456
1988-11-19,0.015605493
1988-11-20,0.015605283
1988-11-21,0.015613219
1988-11-22,0.01561291
1988-11-23,0.015611109
1988-11-24,0.015610063
1988-11-25,0.015611284
1988-11-26,0.015611322
1988-11-27,0.015611322
1988-11-28,0.015613225
1988-11-29,0.015614449
1988-11-30,0.015613028
1988-12-01,0.01561911
1988-12-02,0.015615994
1988-12-03,0.01561601
1988-12-04,0.015616074
1988-12-05,0.015615337
1988-12-06,0.0156220915
1988-12-07,0.015621646
1988-12-08,0.015637482
1988-12-09,0.01563701
1988-12-10,0.015637003
1988-12-11,0.015636986
1988-12-12,0.015641507
1988-12-13,0.015639557
1988-12-14,0.015651813
1988-12-15,0.015648214
1988-12-16,0.015643876
1988-12-17,0.015643878
1988-12-18,0.015641844
1988-12-19,0.015642714
1988-12-20,0.015646137
1988-12-21,0.01563884
1988-12-22,0.015644036
1988-12-23,0.015651373
1988-12-24,0.01565139
1988-12-25,0.01565139
1988-12-26,0.015651384
1988-12-27,0.015651856
1988-12-28,0.015651664
1988-12-29,0.015652692
1988-12-30,0.015652757
1988-12-31,0.015652757
1989-01-01,0.015652757
1989-01-02,0.015652757
1989-01-03,0.015654257
1989-01-04,0.015652418
1989-01-05,0.015651893
1989-01-06,0.015656559
1989-01-07,0.015656581
1989-01-08,0.015656581
1989-01-09,0.015654147
1989-01-10,0.0156504
1989-01-11,0.015654115
1989-01-12,0.015653407
1989-01-13,0.015656471
1989-01-14,0.015656479
1989-01-15,0.015656479
1989-01-16,0.015679836
1989-01-17,0.01564062
1989-01-18,0.01565851
1989-01-19,0.0156156225
1989-01-20,0.015592949
1989-01-21,0.015591565
1989-01-22,0.01559172
1989-01-23,0.015376776
1989-01-24,0.01522881
1989-01-25,0.014975025
1989-01-26,0.014787595
1989-01-27,0.014775724
1989-01-28,0.014771441
1989-01-29,0.014770179
1989-01-30,0.014707175
1989-01-31,0.014700909
1989-02-01,0.014647973
1989-02-02,0.014686582
1989-02-03,0.014755053
1989-02-04,0.014750412
1989-02-05,0.014750412
1989-02-06,0.0147396345
1989-02-07,0.014699998
1989-02-08,0.014616879
1989-02-09,0.01462261
1989-02-10,0.014548562
1989-02-11,0.014548572
1989-02-12,0.014548376
1989-02-13,0.014554579
1989-02-14,0.014552512
1989-02-15,0.0145010045
1989-02-16,0.0145281805
1989-02-17,0.014541667
1989-02-18,0.014541678
1989-02-19,0.014541624
1989-02-20,0.014540984
1989-02-21,0.0144635085
1989-02-22,0.014484351
1989-02-23,0.014465973
1989-02-24,0.014473642
1989-02-25,0.01447142
1989-02-26,0.01447136
1989-02-27,0.014416631
1989-02-28,0.01441008
1989-03-01,0.014442286
1989-03-02,0.014520372
1989-03-03,0.014492871
1989-03-04,0.014492871
1989-03-05,0.0144927725
1989-03-06,0.01449521
1989-03-07,0.014507731
1989-03-08,0.014498996
1989-03-09,0.014566278
1989-03-10,0.014606929
1989-03-11,0.014606712
1989-03-12,0.014606712
1989-03-13,0.014608873
1989-03-14,0.0146278925
1989-03-15,0.014700508
1989-03-16,0.014699377
1989-03-17,0.014692036
1989-03-18,0.014692191
1989-03-19,0.014692559
1989-03-20,0.014682665
1989-03-21,0.014685843
1989-03-22,0.014683879
1989-03-23,0.01468003
1989-03-24,0.014685308
1989-03-25,0.014686727
1989-03-26,0.014686052
1989-03-27,0.01468911
1989-03-28,0.014692989
1989-03-29,0.014689351
1989-03-30,0.014671214
1989-03-31,0.014690002
1989-04-01,0.014689599
1989-04-02,0.014689584
1989-04-03,0.014661036
1989-04-04,0.014654935
1989-04-05,0.0146533735
1989-04-06,0.014660669
1989-04-07,0.014661897
1989-04-08,0.014661914
1989-04-09,0.014661714
1989-04-10,0.014672247
1989-04-11,0.014698119
1989-04-12,0.01464558
1989-04-13,0.014587738
1989-04-14,0.014240071
1989-04-15,0.01423969
1989-04-16,0.0142283
1989-04-17,0.014262624
1989-04-18,0.014298616
1989-04-19,0.014344865
1989-04-20,0.01447719
1989-04-21,0.014632911
1989-04-22,0.014633958
1989-04-23,0.0146301035
1989-04-24,0.014557451
1989-04-25,0.014820945
1989-04-26,0.014813459
1989-04-27,0.015038641
1989-04-28,0.015024833
1989-04-29,0.015026284
1989-04-30,0.015027563
1989-05-01,0.015071193
1989-05-02,0.015100022
1989-05-03,0.015052279
1989-05-04,0.0149245765
1989-05-05,0.014952189
1989-05-06,0.014951755
1989-05-07,0.014951691
1989-05-08,0.014946057
1989-05-09,0.0149234645
1989-05-10,0.01487866
1989-05-11,0.014888138
1989-05-12,0.015258894
1989-05-13,0.015259366
1989-05-14,0.015259802
1989-05-15,0.015249146
1989-05-16,0.01517432
1989-05-17,0.015139196
1989-05-18,0.015131523
1989-05-19,0.015124683
1989-05-20,0.015125168
1989-05-21,0.0151227545
1989-05-22,0.015126247
1989-05-23,0.015096303
1989-05-24,0.01507785
1989-05-25,0.015070299
1989-05-26,0.01502006
1989-05-27,0.015020046
1989-05-28,0.015020046
1989-05-29,0.015020069
1989-05-30,0.015019702
1989-05-31,0.0150209945
1989-06-01,0.014912394
1989-06-02,0.014909378
1989-06-03,0.014909396
1989-06-04,0.014909369
1989-06-05,0.014909284
1989-06-06,0.01491892
1989-06-07,0.014917785
1989-06-08,0.014915099
1989-06-09,0.014981969
1989-06-10,0.014981969
1989-06-11,0.014981971
1989-06-12,0.014981945
1989-06-13,0.01496984
1989-06-14,0.014977917
1989-06-15,0.014975626
1989-06-16,0.014971552
1989-06-17,0.014971715
1989-06-18,0.014971715
1989-06-19,0.014972366
1989-06-20,0.014975059
1989-06-21,0.014980167
1989-06-22,0.0149837285
1989-06-23,0.014982782
1989-06-24,0.014982782
1989-06-25,0.014982782
1989-06-26,0.014986356
1989-06-27,0.014988286
1989-06-28,0.014998118
1989-06-29,0.015003357
1989-06-30,0.014998007
1989-07-01,0.014998007
1989-07-02,0.014997951
1989-07-03,0.015003475
1989-07-04,0.015003048
1989-07-05,0.014989276
1989-07-06,0.014999554
1989-07-07,0.015000192
1989-07-08,0.015000192
1989-07-09,0.015002201
1989-07-10,0.014999549
1989-07-11,0.014997098
1989-07-12,0.014977359
1989-07-13,0.015037049
1989-07-14,0.015067992
1989-07-15,0.015068015
1989-07-16,0.015068075
1989-07-17,0.015074078
1989-07-18,0.015189988
1989-07-19,0.015263734
1989-07-20,0.015240774
1989-07-21,0.01521094
1989-07-22,0.0152090015
1989-07-23,0.015210598
1989-07-24,0.015163695
1989-07-25,0.014839369
1989-07-26,0.014839394
1989-07-27,0.014650127
1989-07-28,0.014593776
1989-07-29,0.014586741
1989-07-30,0.014600929
1989-07-31,0.014548223
1989-08-01,0.014517346
1989-08-02,0.014506464
1989-08-03,0.014513481
1989-08-04,0.014486381
1989-08-05,0.014490382
1989-08-06,0.014491141
1989-08-07,0.01446882
1989-08-08,0.014466858
1989-08-09,0.014454846
1989-08-10,0.014332071
1989-08-11,0.014197859
1989-08-12,0.014197548
1989-08-13,0.014197789
1989-08-14,0.0141896615
1989-08-15,0.01419096
1989-08-16,0.014191861
1989-08-17,0.014154056
1989-08-18,0.014239637
1989-08-19,0.014240033
1989-08-20,0.014240109
1989-08-21,0.014238545
1989-08-22,0.014232265
1989-08-23,0.014224399
1989-08-24,0.01421897
1989-08-25,0.0142287165
1989-08-26,0.014228814
1989-08-27,0.01422882
1989-08-28,0.0142297605
1989-08-29,0.0142290145
1989-08-30,0.014227393
1989-08-31,0.0142191
1989-09-01,0.014214101
1989-09-02,0.014214033
1989-09-03,0.0142139485
1989-09-04,0.014213954
1989-09-05,0.014215518
1989-09-06,0.014216849
1989-09-07,0.014221072
1989-09-08,0.014220937
1989-09-09,0.014220924
1989-09-10,0.014220899
1989-09-11,0.014218273
1989-09-12,0.014218408
1989-09-13,0.01422097
1989-09-14,0.014222874
1989-09-15,0.014222328
1989-09-16,0.014222776
1989-09-17,0.014222824
1989-09-18,0.014204125
1989-09-19,0.0142274005
1989-09-20,0.014214601
1989-09-21,0.014210937
1989-09-22,0.014212725
1989-09-23,0.0142126195
1989-09-24,0.014212599
1989-09-25,0.014208699
1989-09-26,0.014203429
1989-09-27,0.014204394
1989-09-28,0.014204653
1989-09-29,0.0142035745
1989-09-30,0.0142126
1989-10-01,0.01421244
1989-10-02,0.014209149
1989-10-03,0.014201762
1989-10-04,0.014198254
1989-10-05,0.0142060025
1989-10-06,0.01420033
1989-10-07,0.01420033
1989-10-08,0.01420033
1989-10-09,0.01419993
1989-10-10,0.0141856745
1989-10-11,0.014167099
1989-10-12,0.014146436
1989-10-13,0.01412026
1989-10-14,0.01412026
1989-10-15,0.014120733
1989-10-16,0.013986883
1989-10-17,0.014040406
1989-10-18,0.014010854
1989-10-19,0.014059693
1989-10-20,0.0139599545
1989-10-21,0.0139599545
1989-10-22,0.013958895
1989-10-23,0.014233312
1989-10-24,0.0142716775
1989-10-25,0.014196314
1989-10-26,0.0138064865
1989-10-27,0.013773103
1989-10-28,0.013752505
1989-10-29,0.013752137
1989-10-30,0.013773274
1989-10-31,0.013787689
1989-11-01,0.013774775
1989-11-02,0.013813577
1989-11-03,0.01382658
1989-11-04,0.013825318
1989-11-05,0.013856273
1989-11-06,0.013859835
1989-11-07,0.013892857
1989-11-08,0.013896452
1989-11-09,0.013907644
1989-11-10,0.013762845
1989-11-11,0.013762956
1989-11-12,0.013763134
1989-11-13,0.013781247
1989-11-14,0.013817567
1989-11-15,0.013834093
1989-11-16,0.013857934
1989-11-17,0.013895343
1989-11-18,0.013895401
1989-11-19,0.0138953915
1989-11-20,0.013888601
1989-11-21,0.013906147
1989-11-22,0.013952241
1989-11-23,0.013952073
1989-11-24,0.013956104
1989-11-25,0.013956104
1989-11-26,0.0139558865
1989-11-27,0.013953898
1989-11-28,0.013953076
1989-11-29,0.013951897
1989-11-30,0.0139622865
1989-12-01,0.013961331
1989-12-02,0.013961331
1989-12-03,0.01396132
1989-12-04,0.013957942
1989-12-05,0.013959332
1989-12-06,0.013959152
1989-12-07,0.013950147
1989-12-08,0.013949761
1989-12-09,0.01394993
1989-12-10,0.013949956
1989-12-11,0.013948939
1989-12-12,0.013950043
1989-12-13,0.013948246
1989-12-14,0.013927539
1989-12-15,0.0139202885
1989-12-16,0.0139202885
1989-12-17,0.013920222
1989-12-18,0.013904612
1989-12-19,0.013910473
1989-12-20,0.013923304
1989-12-21,0.013920539
1989-12-22,0.013920139
1989-12-23,0.01392008
1989-12-24,0.01392008
1989-12-25,0.01392008
1989-12-26,0.013919556
1989-12-27,0.0139164375
1989-12-28,0.013915673
1989-12-29,0.013916035
1989-12-30,0.013916035
1989-12-31,0.013916035
1990-01-01,0.013916035
1990-01-02,0.013916591
1990-01-03,0.013924433
1990-01-04,0.013923659
1990-01-05,0.013929169
1990-01-06,0.013929345
1990-01-07,0.013929347
1990-01-08,0.01393342
1990-01-09,0.0139323585
1990-01-10,0.0139251
1990-01-11,0.013924433
1990-01-12,0.013923436
1990-01-13,0.013923437
1990-01-14,0.013923487
1990-01-15,0.013933043
1990-01-16,0.013948373
1990-01-17,0.013857705
1990-01-18,0.013764032
1990-01-19,0.013753021
1990-01-20,0.013738361
1990-01-21,0.013738345
1990-01-22,0.013625194
1990-01-23,0.013534368
1990-01-24,0.013392639
1990-01-25,0.013203259
1990-01-26,0.013215161
1990-01-27,0.013215201
1990-01-28,0.01321368
1990-01-29,0.013141168
1990-01-30,0.013160681
1990-01-31,0.013130089
1990-02-01,0.013041866
1990-02-02,0.012992747
1990-02-03,0.012992608
1990-02-04,0.012992138
1990-02-05,0.01307909
1990-02-06,0.013006775
1990-02-07,0.012912878
1990-02-08,0.012992149
1990-02-09,0.012886963
1990-02-10,0.012886963
1990-02-11,0.012886677
1990-02-12,0.012900567
1990-02-13,0.012894943
1990-02-14,0.012922155
1990-02-15,0.01287908
1990-02-16,0.012987856
1990-02-17,0.012986567
1990-02-18,0.012986677
1990-02-19,0.0129770255
1990-02-20,0.012996939
1990-02-21,0.013021737
1990-02-22,0.0131431855
1990-02-23,0.013093015
1990-02-24,0.013100523
1990-02-25,0.013099913
1990-02-26,0.0131048495
1990-02-27,0.013177776
1990-02-28,0.013179678
1990-03-01,0.013155423
1990-03-02,0.01316463
1990-03-03,0.013164403
1990-03-04,0.013164429
1990-03-05,0.01316678
1990-03-06,0.013210429
1990-03-07,0.013222682
1990-03-08,0.013240885
1990-03-09,0.013249824
1990-03-10,0.01325005
1990-03-11,0.013249954
1990-03-12,0.013250061
1990-03-13,0.013258348
1990-03-14,0.0132635245
1990-03-15,0.0133505305
1990-03-16,0.013364123
1990-03-17,0.013363437
1990-03-18,0.013363535
1990-03-19,0.013370318
1990-03-20,0.013366082
1990-03-21,0.01319039
1990-03-22,0.01327658
1990-03-23,0.013278155
1990-03-24,0.013278124
1990-03-25,0.013278102
1990-03-26,0.013278269
1990-03-27,0.013283527
1990-03-28,0.013291059
1990-03-29,0.013279952
1990-03-30,0.01328238
1990-03-31,0.01327915
1990-04-01,0.013278974
1990-04-02,0.013282713
1990-04-03,0.013264138
1990-04-04,0.013262088
1990-04-05,0.013256603
1990-04-06,0.013252407
1990-04-07,0.013252415
1990-04-08,0.01324542
1990-04-09,0.013250875
1990-04-10,0.01323809
1990-04-11,0.013234859
1990-04-12,0.013236396
1990-04-13,0.013240368
1990-04-14,0.013240332
1990-04-15,0.013240799
1990-04-16,0.013447648
1990-04-17,0.013305316
1990-04-18,0.013236829
1990-04-19,0.0132615715
1990-04-20,0.013257438
1990-04-21,0.013257686
1990-04-22,0.013257652
1990-04-23,0.0134334965
1990-04-24,0.013274452
1990-04-25,0.013312145
1990-04-26,0.013278088
1990-04-27,0.0132762585
1990-04-28,0.013274726
1990-04-29,0.013277053
1990-04-30,0.013321538
1990-05-01,0.013287821
1990-05-02,0.013225805
1990-05-03,0.013227126
1990-05-04,0.013253135
1990-05-05,0.013248406
1990-05-06,0.013248617
1990-05-07,0.013210392
1990-05-08,0.013176159
1990-05-09,0.0131443795
1990-05-10,0.013076747
1990-05-11,0.013087385
1990-05-12,0.0130874
1990-05-13,0.013086483
1990-05-14,0.013083698
1990-05-15,0.013006632
1990-05-16,0.012999839
1990-05-17,0.012868761
1990-05-18,0.012869633
1990-05-19,0.012874603
1990-05-20,0.012874802
1990-05-21,0.012877928
1990-05-22,0.012875746
1990-05-23,0.012794577
1990-05-24,0.012771273
1990-05-25,0.0126903495
1990-05-26,0.0126903495
1990-05-27,0.012690384
1990-05-28,0.012690383
1990-05-29,0.0126906475
1990-05-30,0.012682971
1990-05-31,0.01268357
1990-06-01,0.012685563
1990-06-02,0.012684906
1990-06-03,0.012684884
1990-06-04,0.012683111
1990-06-05,0.012687105
1990-06-06,0.012664585
1990-06-07,0.012676982
1990-06-08,0.012676047
1990-06-09,0.01267605
1990-06-10,0.012676023
1990-06-11,0.012681789
1990-06-12,0.012681183
1990-06-13,0.01271522
1990-06-14,0.012714581
1990-06-15,0.012711664
1990-06-16,0.012712696
1990-06-17,0.012712421
1990-06-18,0.012712708
1990-06-19,0.01272393
1990-06-20,0.012726917
1990-06-21,0.012730142
1990-06-22,0.01273182
1990-06-23,0.012731834
1990-06-24,0.012731834
1990-06-25,0.012728671
1990-06-26,0.012734867
1990-06-27,0.012740254
1990-06-28,0.012743881
1990-06-29,0.012743214
1990-06-30,0.012743216
1990-07-01,0.012743243
1990-07-02,0.0127554545
1990-07-03,0.012773574
1990-07-04,0.012773574
1990-07-05,0.012771079
1990-07-06,0.012769877
1990-07-07,0.012769881
1990-07-08,0.012769881
1990-07-09,0.012770877
1990-07-10,0.012773121
1990-07-11,0.012780322
1990-07-12,0.012794168
1990-07-13,0.012780285
1990-07-14,0.012780302
1990-07-15,0.012780973
1990-07-16,0.012889841
1990-07-17,0.01291133
1990-07-18,0.012948271
1990-07-19,0.012988991
1990-07-20,0.012924501
1990-07-21,0.012924601
1990-07-22,0.012925025
1990-07-23,0.012945218
1990-07-24,0.013180727
1990-07-25,0.0132613415
1990-07-26,0.013269479
1990-07-27,0.013294193
1990-07-28,0.013293535
1990-07-29,0.013285537
1990-07-30,0.013292356
1990-07-31,0.013277688
1990-08-01,0.013325303
1990-08-02,0.013266245
1990-08-03,0.013266524
1990-08-04,0.013266497
1990-08-05,0.013265595
1990-08-06,0.013257051
1990-08-07,0.013285591
1990-08-08,0.013340825
1990-08-09,0.013214638
1990-08-10,0.013103195
1990-08-11,0.013103454
1990-08-12,0.013104025
1990-08-13,0.013099623
1990-08-14,0.013080077
1990-08-15,0.013097373
1990-08-16,0.013091243
1990-08-17,0.013080141
1990-08-18,0.013080084
1990-08-19,0.013080391
1990-08-20,0.013081113
1990-08-21,0.013087709
1990-08-22,0.013080952
1990-08-23,0.013083505
1990-08-24,0.013082666
1990-08-25,0.013082662
1990-08-26,0.013082648
1990-08-27,0.013079977
1990-08-28,0.013083821
1990-08-29,0.013004679
1990-08-30,0.013001887
1990-08-31,0.01299972
1990-09-01,0.01299972
1990-09-02,0.012999706
1990-09-03,0.012999913
1990-09-04,0.012993074
1990-09-05,0.0129957795
1990-09-06,0.012997546
1990-09-07,0.013016502
1990-09-08,0.013016694
1990-09-09,0.013016704
1990-09-10,0.0130170155
1990-09-11,0.013014977
1990-09-12,0.013013926
1990-09-13,0.013015764
1990-09-14,0.013015763
1990-09-15,0.013016051
1990-09-16,0.013016097
1990-09-17,0.013024593
1990-09-18,0.013023788
1990-09-19,0.013019531
1990-09-20,0.013035707
1990-09-21,0.0130393645
1990-09-22,0.013039193
1990-09-23,0.013039323
1990-09-24,0.013040642
1990-09-25,0.013043549
1990-09-26,0.013024855
1990-09-27,0.013022146
1990-09-28,0.013021585
1990-09-29,0.013021587
1990-09-30,0.013021587
1990-10-01,0.0130180055
1990-10-02,0.0130301975
1990-10-03,0.013026001
1990-10-04,0.013024894
1990-10-05,0.0130244745
1990-10-06,0.013024481
1990-10-07,0.013024481
1990-10-08,0.013019962
1990-10-09,0.013001623
1990-10-10,0.012978357
1990-10-11,0.012981219
1990-10-12,0.012981356
1990-10-13,0.012981361
1990-10-14,0.012980971
1990-10-15,0.012901242
1990-10-16,0.012927363
1990-10-17,0.01291596
1990-10-18,0.012861852
1990-10-19,0.012967514
1990-10-20,0.012967557
1990-10-21,0.012967135
1990-10-22,0.013042544
1990-10-23,0.012944506
1990-10-24,0.013017183
1990-10-25,0.013010592
1990-10-26,0.013057453
1990-10-27,0.013056721
1990-10-28,0.013049457
1990-10-29,0.012960416
1990-10-30,0.012970171
1990-10-31,0.012841592
1990-11-01,0.012854922
1990-11-02,0.012876765
1990-11-03,0.012877361
1990-11-04,0.012876739
1990-11-05,0.012910529
1990-11-06,0.012900434
1990-11-07,0.012877862
1990-11-08,0.012910347
1990-11-09,0.013119285
1990-11-10,0.013119335
1990-11-11,0.013119271
1990-11-12,0.013122189
1990-11-13,0.013132517
1990-11-14,0.0131074395
1990-11-15,0.01312393
1990-11-16,0.013185364
1990-11-17,0.013185379
1990-11-18,0.013185495
1990-11-19,0.013173897
1990-11-20,0.013170204
1990-11-21,0.013170019
1990-11-22,0.013170271
1990-11-23,0.01317475
1990-11-24,0.01317475
1990-11-25,0.013174718
1990-11-26,0.013172446
1990-11-27,0.013181547
1990-11-28,0.013179026
1990-11-29,0.013181705
1990-11-30,0.01320409
1990-12-01,0.013204087
1990-12-02,0.013204095
1990-12-03,0.013204432
1990-12-04,0.013205839
1990-12-05,0.013255192
1990-12-06,0.013246633
1990-12-07,0.013254086
1990-12-08,0.013254089
1990-12-09,0.013253623
1990-12-10,0.013257886
1990-12-11,0.013256269
1990-12-12,0.013258467
1990-12-13,0.013264772
1990-12-14,0.013267661
1990-12-15,0.013267696
1990-12-16,0.013267667
1990-12-17,0.013266768
1990-12-18,0.013265157
1990-12-19,0.013273413
1990-12-20,0.013272433
1990-12-21,0.013280139
1990-12-22,0.013280147
1990-12-23,0.013280147
1990-12-24,0.013280069
1990-12-25,0.013280069
1990-12-26,0.013280062
1990-12-27,0.013279304
1990-12-28,0.013279308
1990-12-29,0.013279308
1990-12-30,0.013279364
1990-12-31,0.013279364
1991-01-01,0.013279364
1991-01-02,0.013278876
1991-01-03,0.01328564
1991-01-04,0.013286724
1991-01-05,0.013286726
1991-01-06,0.013286726
1991-01-07,0.013284141
1991-01-08,0.013246966
1991-01-09,0.013246355
1991-01-10,0.013247723
1991-01-11,0.013233199
1991-01-12,0.01323319
1991-01-13,0.013233316
1991-01-14,0.013254973
1991-01-15,0.013255577
1991-01-16,0.013268442
1991-01-17,0.013460016
1991-01-18,0.013460269
1991-01-19,0.013460255
1991-01-20,0.0134591255
1991-01-21,0.013393331
1991-01-22,0.01325551
1991-01-23,0.013214361
1991-01-24,0.013248824
1991-01-25,0.013240116
1991-01-26,0.013240212
1991-01-27,0.013240162
1991-01-28,0.013157585
1991-01-29,0.013187615
1991-01-30,0.013162545
1991-01-31,0.013121717
1991-02-01,0.013134996
1991-02-02,0.013134758
1991-02-03,0.013134551
1991-02-04,0.013031075
1991-02-05,0.012987545
1991-02-06,0.013011365
1991-02-07,0.0130325705
1991-02-08,0.01301182
1991-02-09,0.01301182
1991-02-10,0.0130118225
1991-02-11,0.012982156
1991-02-12,0.013035394
1991-02-13,0.013028001
1991-02-14,0.013047443
1991-02-15,0.01318763
1991-02-16,0.013188497
1991-02-17,0.013188558
1991-02-18,0.01318556
1991-02-19,0.013214404
1991-02-20,0.0132213095
1991-02-21,0.013203276
1991-02-22,0.013198504
1991-02-23,0.013200395
1991-02-24,0.01320869
1991-02-25,0.01321242
1991-02-26,0.013210061
1991-02-27,0.013177339
1991-02-28,0.013231073
1991-03-01,0.013246381
1991-03-02,0.013276995
1991-03-03,0.013277009
1991-03-04,0.013293993
1991-03-05,0.013312022
1991-03-06,0.01340654
1991-03-07,0.013401911
1991-03-08,0.013405659
1991-03-09,0.013405946
1991-03-10,0.013405944
1991-03-11,0.013403577
1991-03-12,0.013407015
1991-03-13,0.013451545
1991-03-14,0.013487918
1991-03-15,0.013492089
1991-03-16,0.013492087
1991-03-17,0.013492072
1991-03-18,0.013495568
1991-03-19,0.013494336
1991-03-20,0.013436536
1991-03-21,0.013435627
1991-03-22,0.013406392
1991-03-23,0.0134064
1991-03-24,0.01340102
1991-03-25,0.013405043
1991-03-26,0.013391814
1991-03-27,0.01339273
1991-03-28,0.013402637
1991-03-29,0.0134028625
1991-03-30,0.0134035
1991-03-31,0.013403897
1991-04-01,0.013404125
1991-04-02,0.013407036
1991-04-03,0.013391268
1991-04-04,0.0133871315
1991-04-05,0.013387645
1991-04-06,0.013387816
1991-04-07,0.013387823
1991-04-08,0.013378293
1991-04-09,0.013370855
1991-04-10,0.013399257
1991-04-11,0.0133794835
1991-04-12,0.012962174
1991-04-13,0.01296231
1991-04-14,0.012962611
1991-04-15,0.012905852
1991-04-16,0.012881657
1991-04-17,0.012829452
1991-04-18,0.012839653
1991-04-19,0.012780839
1991-04-20,0.012781699
1991-04-21,0.012783444
1991-04-22,0.012794091
1991-04-23,0.012640389
1991-04-24,0.012827297
1991-04-25,0.012790447
1991-04-26,0.0127228815
1991-04-27,0.01270303
1991-04-28,0.012701626
1991-04-29,0.012702889
1991-04-30,0.012739697
1991-05-01,0.012727557
1991-05-02,0.012727743
1991-05-03,0.012740751
1991-05-04,0.012750212
1991-05-05,0.012750388
1991-05-06,0.012745447
1991-05-07,0.012725525
1991-05-08,0.01270837
1991-05-09,0.012632913
1991-05-10,0.012631891
1991-05-11,0.012620822
1991-05-12,0.01262071
1991-05-13,0.01244646
1991-05-14,0.012227652
1991-05-15,0.012225531
1991-05-16,0.012203907
1991-05-17,0.012101068
1991-05-18,0.012100997
1991-05-19,0.012101437
1991-05-20,0.011997101
1991-05-21,0.011899273
1991-05-22,0.011835807
1991-05-23,0.011743399
1991-05-24,0.011727327
1991-05-25,0.01172732
1991-05-26,0.01172732
1991-05-27,0.011727478
1991-05-28,0.011724048
1991-05-29,0.011727076
1991-05-30,0.01173177
1991-05-31,0.011733096
1991-06-01,0.011733096
1991-06-02,0.01173313
1991-06-03,0.011733448
1991-06-04,0.011732812
1991-06-05,0.01173947
1991-06-06,0.011737866
1991-06-07,0.011736597
1991-06-08,0.011736638
1991-06-09,0.011736639
1991-06-10,0.011732764
1991-06-11,0.011730575
1991-06-12,0.011737878
1991-06-13,0.011738624
1991-06-14,0.011734239
1991-06-15,0.011733962
1991-06-16,0.011733919
1991-06-17,0.011740061
1991-06-18,0.011746263
1991-06-19,0.011748987
1991-06-20,0.0117539065
1991-06-21,0.011755683
1991-06-22,0.0117556425
1991-06-23,0.0117556425
1991-06-24,0.011756088
1991-06-25,0.0117541
1991-06-26,0.011763893
1991-06-27,0.011757678
1991-06-28,0.011749305
1991-06-29,0.01174911
1991-06-30,0.01174911
1991-07-01,0.011724195
1991-07-02,0.011729636
1991-07-03,0.011730125
1991-07-04,0.011730125
1991-07-05,0.011730288
1991-07-06,0.0117304325
1991-07-07,0.011731279
1991-07-08,0.01172532
1991-07-09,0.011722967
1991-07-10,0.011725499
1991-07-11,0.0117337555
1991-07-12,0.011741828
1991-07-13,0.011741902
1991-07-14,0.011741895
1991-07-15,0.011744686
1991-07-16,0.011738899
1991-07-17,0.011934292
1991-07-18,0.011992001
1991-07-19,0.011913015
1991-07-20,0.011913053
1991-07-21,0.011914564
1991-07-22,0.011844289
1991-07-23,0.011745075
1991-07-24,0.011538737
1991-07-25,0.011460666
1991-07-26,0.011421106
1991-07-27,0.01142548
1991-07-28,0.011426866
1991-07-29,0.01145212
1991-07-30,0.011456635
1991-07-31,0.011483463
1991-08-01,0.01149115
1991-08-02,0.011474413
1991-08-03,0.011455506
1991-08-04,0.011454974
1991-08-05,0.011450675
1991-08-06,0.011466665
1991-08-07,0.011475873
1991-08-08,0.011474429
1991-08-09,0.011469924
1991-08-10,0.011469867
1991-08-11,0.01142736
1991-08-12,0.011435818
1991-08-13,0.011429377
1991-08-14,0.011403402
1991-08-15,0.011406841
1991-08-16,0.011401948
1991-08-17,0.011401931
1991-08-18,0.011401016
1991-08-19,0.011399831
1991-08-20,0.011406087
1991-08-21,0.011393789
1991-08-22,0.011393077
1991-08-23,0.011432775
1991-08-24,0.011432844
1991-08-25,0.011433155
1991-08-26,0.011433777
1991-08-27,0.011450849
1991-08-28,0.011450477
1991-08-29,0.011452704
1991-08-30,0.011453581
1991-08-31,0.011453551
1991-09-01,0.011453572
1991-09-02,0.0114535745
1991-09-03,0.011445257
1991-09-04,0.011431053
1991-09-05,0.011434911
1991-09-06,0.0114331
1991-09-07,0.0114331
1991-09-08,0.011433131
1991-09-09,0.0114336265
1991-09-10,0.011452639
1991-09-11,0.011453257
1991-09-12,0.011452074
1991-09-13,0.011451069
1991-09-14,0.011451057
1991-09-15,0.011450978
1991-09-16,0.011450995
1991-09-17,0.011426109
1991-09-18,0.011425145
1991-09-19,0.0114221
1991-09-20,0.011417786
1991-09-21,0.011417726
1991-09-22,0.0114177205
1991-09-23,0.011414567
1991-09-24,0.011415404
1991-09-25,0.011425404
1991-09-26,0.011425283
1991-09-27,0.011421627
1991-09-28,0.011421627
1991-09-29,0.0114216525
1991-09-30,0.0114229135
1991-10-01,0.011419475
1991-10-02,0.01141822
1991-10-03,0.01141975
1991-10-04,0.011419595
1991-10-05,0.011419595
1991-10-06,0.011419262
1991-10-07,0.011418333
1991-10-08,0.011425783
1991-10-09,0.011412202
1991-10-10,0.011414624
1991-10-11,0.0114199575
1991-10-12,0.011419978
1991-10-13,0.0114199845
1991-10-14,0.011418932
1991-10-15,0.0115140965
1991-10-16,0.011467036
1991-10-17,0.011477886
1991-10-18,0.011558961
1991-10-19,0.011558777
1991-10-20,0.01155705
1991-10-21,0.011616944
1991-10-22,0.011687795
1991-10-23,0.01163844
1991-10-24,0.011788069
1991-10-25,0.011792561
1991-10-26,0.011792855
1991-10-27,0.01179283
1991-10-28,0.011809051
1991-10-29,0.011791001
1991-10-30,0.011808678
1991-10-31,0.01183585
1991-11-01,0.011833796
1991-11-02,0.011847717
1991-11-03,0.011848032
1991-11-04,0.011866005
1991-11-05,0.011885995
1991-11-06,0.01189783
1991-11-07,0.011864389
1991-11-08,0.011864346
1991-11-09,0.011864459
1991-11-10,0.011864366
1991-11-11,0.011893588
1991-11-12,0.011907178
1991-11-13,0.01190675
1991-11-14,0.011908119
1991-11-15,0.011918826
1991-11-16,0.0119186165
1991-11-17,0.011965259
1991-11-18,0.011965077
1991-11-19,0.011921093
1991-11-20,0.011917103
1991-11-21,0.011908305
1991-11-22,0.011913865
1991-11-23,0.011913865
1991-11-24,0.0119138565
1991-11-25,0.011912732
1991-11-26,0.0119018
1991-11-27,0.011909263
1991-11-28,0.011866781
1991-11-29,0.0118713435
1991-11-30,0.011871144
1991-12-01,0.011871062
1991-12-02,0.01187255
1991-12-03,0.011868043
1991-12-04,0.011904995
1991-12-05,0.01200491
1991-12-06,0.012006061
1991-12-07,0.012006061
1991-12-08,0.0120060295
1991-12-09,0.012005592
1991-12-10,0.012004913
1991-12-11,0.011982492
1991-12-12,0.0119821625
1991-12-13,0.0119847255
1991-12-14,0.011984716
1991-12-15,0.011985751
1991-12-16,0.011988551
1991-12-17,0.011981604
1991-12-18,0.011985457
1991-12-19,0.011983265
1991-12-20,0.011986526
1991-12-21,0.011986541
1991-12-22,0.01198714
1991-12-23,0.011988321
1991-12-24,0.0119872615
1991-12-25,0.0119872615
1991-12-26,0.01198733
1991-12-27,0.0119878175
1991-12-28,0.011987818
1991-12-29,0.011987844
1991-12-30,0.011987921
1991-12-31,0.011987386
1992-01-01,0.011988004
1992-01-02,0.011984878
1992-01-03,0.011982684
1992-01-04,0.011982684
1992-01-05,0.011982691
1992-01-06,0.011984621
1992-01-07,0.011980626
1992-01-08,0.011982758
1992-01-09,0.012006173
1992-01-10,0.012006546
1992-01-11,0.012006529
1992-01-12,0.012006877
1992-01-13,0.01200667
1992-01-14,0.012031141
1992-01-15,0.012003363
1992-01-16,0.011969175
1992-01-17,0.012004576
1992-01-18,0.012004754
1992-01-19,0.012004761
1992-01-20,0.011888942
1992-01-21,0.011833325
1992-01-22,0.011806387
1992-01-23,0.011630412
1992-01-24,0.011456099
1992-01-25,0.011456253
1992-01-26,0.011454854
1992-01-27,0.011429319
1992-01-28,0.011428139
1992-01-29,0.011285135
1992-01-30,0.011263716
1992-01-31,0.0111893555
1992-02-01,0.011189366
1992-02-02,0.011188334
1992-02-03,0.0112165585
1992-02-04,0.011233863
1992-02-05,0.011235272
1992-02-06,0.011206214
1992-02-07,0.0111911185
1992-02-08,0.011191555
1992-02-09,0.011191598
1992-02-10,0.011201057
1992-02-11,0.011121818
1992-02-12,0.011157603
1992-02-13,0.0111339595
1992-02-14,0.011107023
1992-02-15,0.011107032
1992-02-16,0.011106912
1992-02-17,0.011107509
1992-02-18,0.011097414
1992-02-19,0.011144518
1992-02-20,0.011267429
1992-02-21,0.011218915
1992-02-22,0.011218914
1992-02-23,0.011204399
1992-02-24,0.011238389
1992-02-25,0.011338923
1992-02-26,0.011389627
1992-02-27,0.011364741
1992-02-28,0.011339628
1992-02-29,0.011339628
1992-03-01,0.011340293
1992-03-02,0.011329449
1992-03-03,0.011405882
1992-03-04,0.011418979
1992-03-05,0.011434165
1992-03-06,0.01143218
1992-03-07,0.01143219
1992-03-08,0.011432182
1992-03-09,0.011435214
1992-03-10,0.011443983
1992-03-11,0.011489212
1992-03-12,0.011563317
1992-03-13,0.011563208
1992-03-14,0.011563325
1992-03-15,0.01156316
1992-03-16,0.011564197
1992-03-17,0.011567259
1992-03-18,0.011567448
1992-03-19,0.011592696
1992-03-20,0.011585561
1992-03-21,0.011585536
1992-03-22,0.01158555
1992-03-23,0.011586461
1992-03-24,0.011589182
1992-03-25,0.011584647
1992-03-26,0.011590072
1992-03-27,0.011589612
1992-03-28,0.011589612
1992-03-29,0.011589609
1992-03-30,0.011604983
1992-03-31,0.011599948
1992-04-01,0.011601043
1992-04-02,0.01159698
1992-04-03,0.011580092
1992-04-04,0.011580562
1992-04-05,0.011580603
1992-04-06,0.011589887
1992-04-07,0.011586917
1992-04-08,0.011576282
1992-04-09,0.01156934
1992-04-10,0.0115783
1992-04-11,0.011578274
1992-04-12,0.011578233
1992-04-13,0.011491319
1992-04-14,0.011554341
1992-04-15,0.011517955
1992-04-16,0.011590663
1992-04-17,0.011667969
1992-04-18,0.011676259
1992-04-19,0.01167491
1992-04-20,0.011718804
1992-04-21,0.01180146
1992-04-22,0.011754976
1992-04-23,0.011704629
1992-04-24,0.011745125
1992-04-25,0.0117466785
1992-04-26,0.0117507605
1992-04-27,0.011664568
1992-04-28,0.011671635
1992-04-29,0.011631335
1992-04-30,0.011637529
1992-05-01,0.011641169
1992-05-02,0.011641087
1992-05-03,0.011641511
1992-05-04,0.011657292
1992-05-05,0.011660161
1992-05-06,0.011645352
1992-05-07,0.011632509
1992-05-08,0.0116340155
1992-05-09,0.011634313
1992-05-10,0.011634308
1992-05-11,0.011552834
1992-05-12,0.011524475
1992-05-13,0.01151091
1992-05-14,0.011440277
1992-05-15,0.011549735
1992-05-16,0.011549718
1992-05-17,0.011548135
1992-05-18,0.011524723
1992-05-19,0.011347376
1992-05-20,0.011345686
1992-05-21,0.011314956
1992-05-22,0.011300877
1992-05-23,0.011300986
1992-05-24,0.011301678
1992-05-25,0.0113016935
1992-05-26,0.011303882
1992-05-27,0.0112947915
1992-05-28,0.011212955
1992-05-29,0.011213925
1992-05-30,0.011213925
1992-05-31,0.011213925
1992-06-01,0.0112145385
1992-06-02,0.011212655
1992-06-03,0.011206028
1992-06-04,0.011206373
1992-06-05,0.011205738
1992-06-06,0.011205719
1992-06-07,0.011205699
1992-06-08,0.011199165
1992-06-09,0.011202365
1992-06-10,0.011204462
1992-06-11,0.011202888
1992-06-12,0.011205256
1992-06-13,0.011206679
1992-06-14,0.011206796
1992-06-15,0.011209915
1992-06-16,0.0112100765
1992-06-17,0.011212337
1992-06-18,0.011244642
1992-06-19,0.011245281
1992-06-20,0.011245281
1992-06-21,0.011245295
1992-06-22,0.011251853
1992-06-23,0.0112509485
1992-06-24,0.011250846
1992-06-25,0.011246786
1992-06-26,0.011247901
1992-06-27,0.011247901
1992-06-28,0.011247901
1992-06-29,0.011263692
1992-06-30,0.011272237
1992-07-01,0.011272595
1992-07-02,0.011275129
1992-07-03,0.011275136
1992-07-04,0.011275136
1992-07-05,0.011274694
1992-07-06,0.011275235
1992-07-07,0.011278332
1992-07-08,0.011288934
1992-07-09,0.011288695
1992-07-10,0.011300111
1992-07-11,0.011300111
1992-07-12,0.011300111
1992-07-13,0.011298313
1992-07-14,0.011307706
1992-07-15,0.011438769
1992-07-16,0.011551609
1992-07-17,0.0115776425
1992-07-18,0.011577723
1992-07-19,0.011577709
1992-07-20,0.011576989
1992-07-21,0.0116167525
1992-07-22,0.011618549
1992-07-23,0.011545954
1992-07-24,0.011524875
1992-07-25,0.011536102
1992-07-26,0.011535007
1992-07-27,0.011627523
1992-07-28,0.01173765
1992-07-29,0.011757933
1992-07-30,0.011669902
1992-07-31,0.0116610285
1992-08-01,0.0116599705
1992-08-02,0.011660101
1992-08-03,0.011636879
1992-08-04,0.01164274
1992-08-05,0.011611366
1992-08-06,0.011621703
1992-08-07,0.011571416
1992-08-08,0.011571416
1992-08-09,0.011571466
1992-08-10,0.011629402
1992-08-11,0.011642266
1992-08-12,0.011597365
1992-08-13,0.011598627
1992-08-14,0.0115987705
1992-08-15,0.011598842
1992-08-16,0.011599974
1992-08-17,0.011600649
1992-08-18,0.011562361
1992-08-19,0.011563252
1992-08-20,0.011443604
1992-08-21,0.011443071
1992-08-22,0.011443071
1992-08-23,0.011443066
1992-08-24,0.011447069
1992-08-25,0.011456073
1992-08-26,0.011438776
1992-08-27,0.011460786
1992-08-28,0.01144391
1992-08-29,0.011443899
1992-08-30,0.011443899
1992-08-31,0.0114445705
1992-09-01,0.011448594
1992-09-02,0.011433812
1992-09-03,0.011434748
1992-09-04,0.011435428
1992-09-05,0.011435428
1992-09-06,0.011435428
1992-09-07,0.01143546
1992-09-08,0.0114322705
1992-09-09,0.011427505
1992-09-10,0.011432786
1992-09-11,0.011434531
1992-09-12,0.011434539
1992-09-13,0.011434631
1992-09-14,0.011433095
1992-09-15,0.0114277415
1992-09-16,0.011427218
1992-09-17,0.011419105
1992-09-18,0.01134182
1992-09-19,0.01134182
1992-09-20,0.011341559
1992-09-21,0.011360649
1992-09-22,0.011362229
1992-09-23,0.011346624
1992-09-24,0.011346961
1992-09-25,0.011346962
1992-09-26,0.011346973
1992-09-27,0.011347012
1992-09-28,0.011345572
1992-09-29,0.011345431
1992-09-30,0.0113417925
1992-10-01,0.011352277
1992-10-02,0.01135183
1992-10-03,0.011351661
1992-10-04,0.011351639
1992-10-05,0.011352005
1992-10-06,0.011351915
1992-10-07,0.011353594
1992-10-08,0.011338208
1992-10-09,0.011337865
1992-10-10,0.011337636
1992-10-11,0.011337639
1992-10-12,0.011338283
1992-10-13,0.011344328
1992-10-14,0.011367956
1992-10-15,0.011349395
1992-10-16,0.011301945
1992-10-17,0.01130278
1992-10-18,0.011302942
1992-10-19,0.011360057
1992-10-20,0.011397597
1992-10-21,0.011504346
1992-10-22,0.0115655195
1992-10-23,0.011640155
1992-10-24,0.011639176
1992-10-25,0.011639167
1992-10-26,0.0116969235
1992-10-27,0.011737224
1992-10-28,0.011818885
1992-10-29,0.011878584
1992-10-30,0.011882576
1992-10-31,0.01188259
1992-11-01,0.0118823545
1992-11-02,0.011883259
1992-11-03,0.011884789
1992-11-04,0.011880665
1992-11-05,0.011937905
1992-11-06,0.011945499
1992-11-07,0.011945511
1992-11-08,0.011956249
1992-11-09,0.01195778
1992-11-10,0.011954845
1992-11-11,0.011973497
1992-11-12,0.0120143
1992-11-13,0.012043409
1992-11-14,0.01204322
1992-11-15,0.0120449
1992-11-16,0.012020895
1992-11-17,0.012028075
1992-11-18,0.011975445
1992-11-19,0.011961492
1992-11-20,0.011941863
1992-11-21,0.011941863
1992-11-22,0.011941838
1992-11-23,0.011942754
1992-11-24,0.011946288
1992-11-25,0.0119536705
1992-11-26,0.011953677
1992-11-27,0.011958299
1992-11-28,0.011958299
1992-11-29,0.011958301
1992-11-30,0.011959636
1992-12-01,0.011960196
1992-12-02,0.011953896
1992-12-03,0.011954484
1992-12-04,0.011865194
1992-12-05,0.011865194
1992-12-06,0.011865194
1992-12-07,0.011862493
1992-12-08,0.011932306
1992-12-09,0.011930599
1992-12-10,0.01192747
1992-12-11,0.011925757
1992-12-12,0.011925725
1992-12-13,0.011925714
1992-12-14,0.011925917
1992-12-15,0.01192968
1992-12-16,0.011934771
1992-12-17,0.01192233
1992-12-18,0.011916565
1992-12-19,0.011916596
1992-12-20,0.011916596
1992-12-21,0.011912932
1992-12-22,0.0119176395
1992-12-23,0.011934999
1992-12-24,0.0119349975
1992-12-25,0.0119349975
1992-12-26,0.0119349975
1992-12-27,0.011935507
1992-12-28,0.011935809
1992-12-29,0.011935775
1992-12-30,0.011932669
1992-12-31,0.011932666
1993-01-01,0.011932666
1993-01-02,0.011932666
1993-01-03,0.011932653
1993-01-04,0.011932201
1993-01-05,0.011929992
1993-01-06,0.011925002
1993-01-07,0.011912674
1993-01-08,0.011918759
1993-01-09,0.011918759
1993-01-10,0.011918759
1993-01-11,0.011921121
1993-01-12,0.011913275
1993-01-13,0.011970394
1993-01-14,0.011991983
1993-01-15,0.011990867
1993-01-16,0.011990867
1993-01-17,0.011990867
1993-01-18,0.011978487
1993-01-19,0.011900491
1993-01-20,0.011886207
1993-01-21,0.012129082
1993-01-22,0.012171577
1993-01-23,0.01216944
1993-01-24,0.012162829
1993-01-25,0.012274281
1993-01-26,0.012353922
1993-01-27,0.012335535
1993-01-28,0.012362538
1993-01-29,0.012335854
1993-01-30,0.012335837
1993-01-31,0.012335668
1993-02-01,0.012313386
1993-02-02,0.012269165
1993-02-03,0.012239559
1993-02-04,0.012214517
1993-02-05,0.012213502
1993-02-06,0.012214465
1993-02-07,0.012214454
1993-02-08,0.0122189475
1993-02-09,0.012180293
1993-02-10,0.012171519
1993-02-11,0.012206166
1993-02-12,0.01220437
1993-02-13,0.012206134
1993-02-14,0.012206135
1993-02-15,0.012206045
1993-02-16,0.012192304
1993-02-17,0.012217238
1993-02-18,0.01222976
1993-02-19,0.012252819
1993-02-20,0.012252816
1993-02-21,0.012252816
1993-02-22,0.012221451
1993-02-23,0.012288262
1993-02-24,0.012267438
1993-02-25,0.0122846635
1993-02-26,0.012332397
1993-02-27,0.012332414
1993-02-28,0.012408039
1993-03-01,0.012340446
1993-03-02,0.012372167
1993-03-03,0.01239788
1993-03-04,0.01242425
1993-03-05,0.012427954
1993-03-06,0.012427954
1993-03-07,0.012427198
1993-03-08,0.012446
1993-03-09,0.012485838
1993-03-10,0.012506869
1993-03-11,0.012512746
1993-03-12,0.012501672
1993-03-13,0.012501894
1993-03-14,0.012501894
1993-03-15,0.012510938
1993-03-16,0.012507721
1993-03-17,0.012489439
1993-03-18,0.012496031
1993-03-19,0.012492265
1993-03-20,0.012492288
1993-03-21,0.012492315
1993-03-22,0.012492459
1993-03-23,0.012480006
1993-03-24,0.012479942
1993-03-25,0.012480335
1993-03-26,0.012486392
1993-03-27,0.012486392
1993-03-28,0.012486392
1993-03-29,0.012497032
1993-03-30,0.012503557
1993-03-31,0.012509428
1993-04-01,0.012517489
1993-04-02,0.012511887
1993-04-03,0.012511899
1993-04-04,0.012511931
1993-04-05,0.012520486
1993-04-06,0.012528249
1993-04-07,0.01251286
1993-04-08,0.01251601
1993-04-09,0.01251508
1993-04-10,0.012515142
1993-04-11,0.0125151705
1993-04-12,0.012540511
1993-04-13,0.012543385
1993-04-14,0.012464663
1993-04-15,0.01246697
1993-04-16,0.012452342
1993-04-17,0.012452399
1993-04-18,0.012454115
1993-04-19,0.012372444
1993-04-20,0.012387942
1993-04-21,0.012130361
1993-04-22,0.012163043
1993-04-23,0.012147192
1993-04-24,0.012148237
1993-04-25,0.012141784
1993-04-26,0.01210955
1993-04-27,0.011905483
1993-04-28,0.011939702
1993-04-29,0.011899156
1993-04-30,0.011897536
1993-05-01,0.011897203
1993-05-02,0.011898619
1993-05-03,0.011921764
1993-05-04,0.01194116
1993-05-05,0.011940364
1993-05-06,0.011975482
1993-05-07,0.011981543
1993-05-08,0.0120057
1993-05-09,0.012004919
1993-05-10,0.011964939
1993-05-11,0.011911405
1993-05-12,0.011833806
1993-05-13,0.0118134925
1993-05-14,0.011789856
1993-05-15,0.01178941
1993-05-16,0.011788864
1993-05-17,0.01168201
1993-05-18,0.011554683
1993-05-19,0.011464536
1993-05-20,0.011416333
1993-05-21,0.011415726
1993-05-22,0.011416009
1993-05-23,0.011415799
1993-05-24,0.011417158
1993-05-25,0.011421779
1993-05-26,0.0114196455
1993-05-27,0.01139268
1993-05-28,0.0113919005
1993-05-29,0.011391913
1993-05-30,0.011391913
1993-05-31,0.011391963
1993-06-01,0.011393603
1993-06-02,0.011396372
1993-06-03,0.011405855
1993-06-04,0.011404823
1993-06-05,0.011404823
1993-06-06,0.011404931
1993-06-07,0.011405011
1993-06-08,0.011400041
1993-06-09,0.011395708
1993-06-10,0.011397831
1993-06-11,0.011397843
1993-06-12,0.011397918
1993-06-13,0.011397974
1993-06-14,0.011389341
1993-06-15,0.011380856
1993-06-16,0.011380486
1993-06-17,0.011385653
1993-06-18,0.011388164
1993-06-19,0.011388164
1993-06-20,0.011388164
1993-06-21,0.011391033
1993-06-22,0.011388695
1993-06-23,0.011387424
1993-06-24,0.011426669
1993-06-25,0.011426539
1993-06-26,0.011426539
1993-06-27,0.011426539
1993-06-28,0.011422697
1993-06-29,0.0114408
1993-06-30,0.011447738
1993-07-01,0.011451013
1993-07-02,0.011450928
1993-07-03,0.01145093
1993-07-04,0.01145093
1993-07-05,0.01145093
1993-07-06,0.011456967
1993-07-07,0.011475704
1993-07-08,0.011472914
1993-07-09,0.011474498
1993-07-10,0.011474498
1993-07-11,0.011474498
1993-07-12,0.01148757
1993-07-13,0.011497841
1993-07-14,0.011406948
1993-07-15,0.011461146
1993-07-16,0.011455571
1993-07-17,0.011455492
1993-07-18,0.011463473
1993-07-19,0.011470233
1993-07-20,0.011562621
1993-07-21,0.011693566
1993-07-22,0.011681681
1993-07-23,0.011622508
1993-07-24,0.011621376
1993-07-25,0.011662501
1993-07-26,0.011711572
1993-07-27,0.011631594
1993-07-28,0.011905176
1993-07-29,0.011986679
1993-07-30,0.011987113
1993-07-31,0.011987676
1993-08-01,0.011987773
1993-08-02,0.01198754
1993-08-03,0.011979752
1993-08-04,0.012102433
1993-08-05,0.012073453
1993-08-06,0.011971265
1993-08-07,0.011971274
1993-08-08,0.01197128
1993-08-09,0.011975391
1993-08-10,0.012005256
1993-08-11,0.0119977025
1993-08-12,0.011997991
1993-08-13,0.011990471
1993-08-14,0.011990508
1993-08-15,0.011990685
1993-08-16,0.012001812
1993-08-17,0.011977113
1993-08-18,0.011976669
1993-08-19,0.011983033
1993-08-20,0.011962598
1993-08-21,0.011963024
1993-08-22,0.011963019
1993-08-23,0.011961595
1993-08-24,0.0119879795
1993-08-25,0.011989809
1993-08-26,0.012004839
1993-08-27,0.012003618
1993-08-28,0.012003618
1993-08-29,0.012003375
1993-08-30,0.012005789
1993-08-31,0.012003548
1993-09-01,0.012003994
1993-09-02,0.012002818
1993-09-03,0.012002728
1993-09-04,0.012002728
1993-09-05,0.012002722
1993-09-06,0.012002722
1993-09-07,0.012002747
1993-09-08,0.012020581
1993-09-09,0.012084925
1993-09-10,0.012088688
1993-09-11,0.012088688
1993-09-12,0.012088984
1993-09-13,0.012086853
1993-09-14,0.0120853055
1993-09-15,0.012081321
1993-09-16,0.012080979
1993-09-17,0.012077851
1993-09-18,0.012077377
1993-09-19,0.012077377
1993-09-20,0.012098751
1993-09-21,0.012095518
1993-09-22,0.012090569
1993-09-23,0.012085553
1993-09-24,0.012096903
1993-09-25,0.012096903
1993-09-26,0.012096903
1993-09-27,0.012129551
1993-09-28,0.0121335555
1993-09-29,0.012127162
1993-09-30,0.012127993
1993-10-01,0.012125614
1993-10-02,0.012125614
1993-10-03,0.012125179
1993-10-04,0.0121284
1993-10-05,0.012129538
1993-10-06,0.012123107
1993-10-07,0.012097886
1993-10-08,0.012097657
1993-10-09,0.012097657
1993-10-10,0.012097645
1993-10-11,0.012100051
1993-10-12,0.012097604
1993-10-13,0.012156201
1993-10-14,0.01212649
1993-10-15,0.01208112
1993-10-16,0.012082798
1993-10-17,0.0120816175
1993-10-18,0.012109544
1993-10-19,0.012186337
1993-10-20,0.0122398995
1993-10-21,0.012185844
1993-10-22,0.012255336
1993-10-23,0.012255425
1993-10-24,0.012260433
1993-10-25,0.012252268
1993-10-26,0.012234498
1993-10-27,0.012218296
1993-10-28,0.01236296
1993-10-29,0.012370812
1993-10-30,0.012371025
1993-10-31,0.012372872
1993-11-01,0.012381393
1993-11-02,0.012368775
1993-11-03,0.012383177
1993-11-04,0.012384049
1993-11-05,0.012392246
1993-11-06,0.012392283
1993-11-07,0.012392275
1993-11-08,0.012412832
1993-11-09,0.012403048
1993-11-10,0.01239884
1993-11-11,0.0124050155
1993-11-12,0.012461297
1993-11-13,0.012461194
1993-11-14,0.012460978
1993-11-15,0.012474211
1993-11-16,0.012468429
1993-11-17,0.012468141
1993-11-18,0.012471787
1993-11-19,0.012451141
1993-11-20,0.012451127
1993-11-21,0.01245114
1993-11-22,0.012449225
1993-11-23,0.012454933
1993-11-24,0.012452035
1993-11-25,0.012451832
1993-11-26,0.012436525
1993-11-27,0.012436524
1993-11-28,0.0124365
1993-11-29,0.012425608
1993-11-30,0.012432053
1993-12-01,0.012432614
1993-12-02,0.012424842
1993-12-03,0.012416624
1993-12-04,0.012416601
1993-12-05,0.012416601
1993-12-06,0.012418218
1993-12-07,0.012416827
1993-12-08,0.0124187395
1993-12-09,0.012420079
1993-12-10,0.012419996
1993-12-11,0.012419996
1993-12-12,0.012420912
1993-12-13,0.01242282
1993-12-14,0.01243621
1993-12-15,0.012426221
1993-12-16,0.012424347
1993-12-17,0.012425959
1993-12-18,0.012425824
1993-12-19,0.012425824
1993-12-20,0.012427671
1993-12-21,0.012431427
1993-12-22,0.012435239
1993-12-23,0.012437459
1993-12-24,0.012437459
1993-12-25,0.012437459
1993-12-26,0.012437459
1993-12-27,0.012436454
1993-12-28,0.012436158
1993-12-29,0.012436023
1993-12-30,0.0124339005
1993-12-31,0.0124339005
1994-01-01,0.0124339005
1994-01-02,0.0124339005
1994-01-03,0.012433894
1994-01-04,0.012431561
1994-01-05,0.012431544
1994-01-06,0.012414217
1994-01-07,0.012414726
1994-01-08,0.0124148
1994-01-09,0.0124148
1994-01-10,0.012414482
1994-01-11,0.012427673
1994-01-12,0.012431061
1994-01-13,0.012454032
1994-01-14,0.0124595
1994-01-15,0.0124595
1994-01-16,0.0124594495
1994-01-17,0.012473914
1994-01-18,0.012460823
1994-01-19,0.012463171
1994-01-20,0.012500858
1994-01-21,0.012390467
1994-01-22,0.01239048
1994-01-23,0.012390364
1994-01-24,0.012385445
1994-01-25,0.012358654
1994-01-26,0.0121614
1994-01-27,0.012110734
1994-01-28,0.012081002
1994-01-29,0.0120818755
1994-01-30,0.0120973075
1994-01-31,0.012070415
1994-02-01,0.012098219
1994-02-02,0.012083322
1994-02-03,0.0122241825
1994-02-04,0.012099265
1994-02-05,0.012101342
1994-02-06,0.01210269
1994-02-07,0.012105195
1994-02-08,0.012158199
1994-02-09,0.012160706
1994-02-10,0.012238717
1994-02-11,0.012244097
1994-02-12,0.012244127
1994-02-13,0.012258057
1994-02-14,0.012258311
1994-02-15,0.012279159
1994-02-16,0.0123217385
1994-02-17,0.012339618
1994-02-18,0.012357971
1994-02-19,0.012357861
1994-02-20,0.0123578515
1994-02-21,0.0123483455
1994-02-22,0.012465728
1994-02-23,0.012501822
1994-02-24,0.012550289
1994-02-25,0.0125103295
1994-02-26,0.012499604
1994-02-27,0.012532488
1994-02-28,0.012585313
1994-03-01,0.0125944875
1994-03-02,0.012599989
1994-03-03,0.0126098525
1994-03-04,0.012638585
1994-03-05,0.0126389135
1994-03-06,0.012656767
1994-03-07,0.012665687
1994-03-08,0.012697116
1994-03-09,0.012700895
1994-03-10,0.012763122
1994-03-11,0.012789605
1994-03-12,0.012789552
1994-03-13,0.012789889
1994-03-14,0.012788848
1994-03-15,0.01280143
1994-03-16,0.012803564
1994-03-17,0.012804136
1994-03-18,0.012836294
1994-03-19,0.012838945
1994-03-20,0.0128387865
1994-03-21,0.01284418
1994-03-22,0.012840436
1994-03-23,0.012841769
1994-03-24,0.012855282
1994-03-25,0.012854387
1994-03-26,0.012855199
1994-03-27,0.012855158
1994-03-28,0.012866153
1994-03-29,0.012958326
1994-03-30,0.012957429
1994-03-31,0.012958361
1994-04-01,0.012956033
1994-04-02,0.012919296
1994-04-03,0.012919596
1994-04-04,0.012922124
1994-04-05,0.012929873
1994-04-06,0.012939631
1994-04-07,0.012935812
1994-04-08,0.012931557
1994-04-09,0.012931557
1994-04-10,0.012931601
1994-04-11,0.012914317
1994-04-12,0.012903553
1994-04-13,0.01286569
1994-04-14,0.012881654
1994-04-15,0.012900973
1994-04-16,0.012900973
1994-04-17,0.012901203
1994-04-18,0.012897064
1994-04-19,0.012979681
1994-04-20,0.013088739
1994-04-21,0.013046879
1994-04-22,0.01305583
1994-04-23,0.013056136
1994-04-24,0.013058775
1994-04-25,0.013047238
1994-04-26,0.012969104
1994-04-27,0.012791096
1994-04-28,0.012839891
1994-04-29,0.012789078
1994-04-30,0.012860101
1994-05-01,0.012859566
1994-05-02,0.0128497
1994-05-03,0.012842555
1994-05-04,0.012857343
1994-05-05,0.01285732
1994-05-06,0.01286146
1994-05-07,0.012860952
1994-05-08,0.012869532
1994-05-09,0.012817146
1994-05-10,0.012794206
1994-05-11,0.012747146
1994-05-12,0.012801677
1994-05-13,0.012800104
1994-05-14,0.012800318
1994-05-15,0.0127992425
1994-05-16,0.012597653
1994-05-17,0.01256197
1994-05-18,0.012575183
1994-05-19,0.012523757
1994-05-20,0.01255118
1994-05-21,0.012551507
1994-05-22,0.012551866
1994-05-23,0.012550614
1994-05-24,0.012562936
1994-05-25,0.012559861
1994-05-26,0.012558587
1994-05-27,0.012546602
1994-05-28,0.012546601
1994-05-29,0.012546608
1994-05-30,0.012546554
1994-05-31,0.01254495
1994-06-01,0.012528949
1994-06-02,0.01253067
1994-06-03,0.01253186
1994-06-04,0.012532013
1994-06-05,0.012532013
1994-06-06,0.012532981
1994-06-07,0.012525105
1994-06-08,0.0125241475
1994-06-09,0.012521028
1994-06-10,0.012521157
1994-06-11,0.012521157
1994-06-12,0.012521157
1994-06-13,0.012524906
1994-06-14,0.012518928
1994-06-15,0.012524505
1994-06-16,0.012523145
1994-06-17,0.012522276
1994-06-18,0.012522276
1994-06-19,0.012523622
1994-06-20,0.012526624
1994-06-21,0.012528879
1994-06-22,0.012525742
1994-06-23,0.012532857
1994-06-24,0.012532538
1994-06-25,0.012532538
1994-06-26,0.012532538
1994-06-27,0.01252869
1994-06-28,0.0125354575
1994-06-29,0.012542227
1994-06-30,0.012553224
1994-07-01,0.01254639
1994-07-02,0.01254639
1994-07-03,0.01254639
1994-07-04,0.01254639
1994-07-05,0.012545472
1994-07-06,0.012551967
1994-07-07,0.012559493
1994-07-08,0.012559621
1994-07-09,0.012559621
1994-07-10,0.012559621
1994-07-11,0.012593159
1994-07-12,0.01260289
1994-07-13,0.012623391
1994-07-14,0.012612962
1994-07-15,0.012666063
1994-07-16,0.01264791
1994-07-17,0.012654149
1994-07-18,0.012723535
1994-07-19,0.012764751
1994-07-20,0.013118123
1994-07-21,0.013264965
1994-07-22,0.013224974
1994-07-23,0.013224974
1994-07-24,0.013236113
1994-07-25,0.013156222
1994-07-26,0.013093163
1994-07-27,0.013153672
1994-07-28,0.013173717
1994-07-29,0.013321193
1994-07-30,0.013320636
1994-07-31,0.013325444
1994-08-01,0.013286751
1994-08-02,0.013297679
1994-08-03,0.013312712
1994-08-04,0.013343492
1994-08-05,0.0133586405
1994-08-06,0.013359459
1994-08-07,0.013359819
1994-08-08,0.013362816
1994-08-09,0.013340052
1994-08-10,0.0133007355
1994-08-11,0.01330081
1994-08-12,0.013190922
1994-08-13,0.013192227
1994-08-14,0.0131918
1994-08-15,0.013224194
1994-08-16,0.013209928
1994-08-17,0.013210185
1994-08-18,0.013197959
1994-08-19,0.013196841
1994-08-20,0.0131968325
1994-08-21,0.013196862
1994-08-22,0.0131953405
1994-08-23,0.013199591
1994-08-24,0.01320703
1994-08-25,0.013223834
1994-08-26,0.013231664
1994-08-27,0.013231664
1994-08-28,0.013231664
1994-08-29,0.013229089
1994-08-30,0.013236355
1994-08-31,0.013235249
1994-09-01,0.013236083
1994-09-02,0.013254031
1994-09-03,0.013254031
1994-09-04,0.013254179
1994-09-05,0.013254248
1994-09-06,0.013252944
1994-09-07,0.013253492
1994-09-08,0.013242651
1994-09-09,0.013242168
1994-09-10,0.01324225
1994-09-11,0.01324251
1994-09-12,0.013243503
1994-09-13,0.013242247
1994-09-14,0.013239
1994-09-15,0.013239465
1994-09-16,0.013238026
1994-09-17,0.013238032
1994-09-18,0.013238353
1994-09-19,0.013242929
1994-09-20,0.013231326
1994-09-21,0.013231899
1994-09-22,0.013227411
1994-09-23,0.013233518
1994-09-24,0.013233518
1994-09-25,0.013233631
1994-09-26,0.013236341
1994-09-27,0.013238085
1994-09-28,0.013242041
1994-09-29,0.013240113
1994-09-30,0.013239529
1994-10-01,0.013239789
1994-10-02,0.013239863
1994-10-03,0.013240538
1994-10-04,0.013239949
1994-10-05,0.013235011
1994-10-06,0.013234885
1994-10-07,0.013237562
1994-10-08,0.013237562
1994-10-09,0.013237818
1994-10-10,0.013232218
1994-10-11,0.013176887
1994-10-12,0.013176335
1994-10-13,0.013216897
1994-10-14,0.01322862
1994-10-15,0.013228656
1994-10-16,0.013229374
1994-10-17,0.013236515
1994-10-18,0.01326755
1994-10-19,0.013318895
1994-10-20,0.0130810095
1994-10-21,0.013170782
1994-10-22,0.013163665
1994-10-23,0.013164098
1994-10-24,0.013207299
1994-10-25,0.013344558
1994-10-26,0.013483068
1994-10-27,0.01342034
1994-10-28,0.01348468
1994-10-29,0.013489351
1994-10-30,0.013502917
1994-10-31,0.013528375
1994-11-01,0.01356438
1994-11-02,0.013533653
1994-11-03,0.013550608
1994-11-04,0.013548645
1994-11-05,0.013548713
1994-11-06,0.013548438
1994-11-07,0.01354706
1994-11-08,0.013561186
1994-11-09,0.013574668
1994-11-10,0.013569236
1994-11-11,0.01355455
1994-11-12,0.013554703
1994-11-13,0.01355508
1994-11-14,0.013530104
1994-11-15,0.013565177
1994-11-16,0.013562501
1994-11-17,0.013547517
1994-11-18,0.013562674
1994-11-19,0.01356299
1994-11-20,0.013562924
1994-11-21,0.013570964
1994-11-22,0.013575252
1994-11-23,0.013581035
1994-11-24,0.013585291
1994-11-25,0.013583858
1994-11-26,0.013583858
1994-11-27,0.013583725
1994-11-28,0.013584911
1994-11-29,0.013589441
1994-11-30,0.013579555
1994-12-01,0.013580102
1994-12-02,0.013548196
1994-12-03,0.013548196
1994-12-04,0.013548129
1994-12-05,0.013542853
1994-12-06,0.0135421
1994-12-07,0.013544217
1994-12-08,0.013540701
1994-12-09,0.013540221
1994-12-10,0.013540221
1994-12-11,0.013540004
1994-12-12,0.013539702
1994-12-13,0.013527191
1994-12-14,0.013530043
1994-12-15,0.013542657
1994-12-16,0.013582362
1994-12-17,0.013582382
1994-12-18,0.013582687
1994-12-19,0.013584036
1994-12-20,0.013580087
1994-12-21,0.013595074
1994-12-22,0.013595338
1994-12-23,0.013577262
1994-12-24,0.01357721
1994-12-25,0.013577113
1994-12-26,0.013577113
1994-12-27,0.013577206
1994-12-28,0.013577528
1994-12-29,0.013577321
1994-12-30,0.013576609
1994-12-31,0.013576609
1995-01-01,0.013576609
1995-01-02,0.013576609
1995-01-03,0.013579075
1995-01-04,0.013572837
1995-01-05,0.013571883
1995-01-06,0.013573053
1995-01-07,0.013573053
1995-01-08,0.013571858
1995-01-09,0.013574777
1995-01-10,0.01360047
1995-01-11,0.013622025
1995-01-12,0.013670706
1995-01-13,0.0136703625
1995-01-14,0.013670376
1995-01-15,0.0136703765
1995-01-16,0.013624687
1995-01-17,0.013697621
1995-01-18,0.013585652
1995-01-19,0.013619935
1995-01-20,0.013657177
1995-01-21,0.013657068
1995-01-22,0.01365754
1995-01-23,0.013850849
1995-01-24,0.013789929
1995-01-25,0.013939905
1995-01-26,0.013954947
1995-01-27,0.0139353825
1995-01-28,0.013934337
1995-01-29,0.01396176
1995-01-30,0.01408647
1995-01-31,0.014214722
1995-02-01,0.014239016
1995-02-02,0.014252291
1995-02-03,0.014261961
1995-02-04,0.014263463
1995-02-05,0.01426332
1995-02-06,0.014249992
1995-02-07,0.014246384
1995-02-08,0.014271822
1995-02-09,0.014268845
1995-02-10,0.0142686
1995-02-11,0.014268858
1995-02-12,0.014269987
1995-02-13,0.014276179
1995-02-14,0.014281096
1995-02-15,0.014285908
1995-02-16,0.014316982
1995-02-17,0.014321348
1995-02-18,0.0143212555
1995-02-19,0.014320691
1995-02-20,0.014316769
1995-02-21,0.0142910555
1995-02-22,0.014353779
1995-02-23,0.014421194
1995-02-24,0.014638327
1995-02-25,0.014638254
1995-02-26,0.014614145
1995-02-27,0.014649851
1995-02-28,0.014748145
1995-03-01,0.014747582
1995-03-02,0.014760577
1995-03-03,0.014759706
1995-03-04,0.014760013
1995-03-05,0.014760313
1995-03-06,0.014739431
1995-03-07,0.014758518
1995-03-08,0.014826243
1995-03-09,0.014915184
1995-03-10,0.014921672
1995-03-11,0.014921372
1995-03-12,0.014921372
1995-03-13,0.014923841
1995-03-14,0.014959682
1995-03-15,0.014930524
1995-03-16,0.014926875
1995-03-17,0.014925695
1995-03-18,0.014925723
1995-03-19,0.014925857
1995-03-20,0.01493904
1995-03-21,0.014938203
1995-03-22,0.014948025
1995-03-23,0.014937175
1995-03-24,0.014937156
1995-03-25,0.014937362
1995-03-26,0.014937359
1995-03-27,0.0149478465
1995-03-28,0.014948136
1995-03-29,0.014953999
1995-03-30,0.014945866
1995-03-31,0.014953664
1995-04-01,0.014953588
1995-04-02,0.0149116395
1995-04-03,0.014912774
1995-04-04,0.014912127
1995-04-05,0.014921918
1995-04-06,0.014932027
1995-04-07,0.014906825
1995-04-08,0.014906825
1995-04-09,0.014906825
1995-04-10,0.01489686
1995-04-11,0.014843279
1995-04-12,0.014862919
1995-04-13,0.014820931
1995-04-14,0.014821939
1995-04-15,0.014821562
1995-04-16,0.0148631465
1995-04-17,0.014945207
1995-04-18,0.014916494
1995-04-19,0.015012926
1995-04-20,0.015219546
1995-04-21,0.0152414525
1995-04-22,0.015237124
1995-04-23,0.015237512
1995-04-24,0.01532262
1995-04-25,0.015178324
1995-04-26,0.015155877
1995-04-27,0.015168733
1995-04-28,0.015138143
1995-04-29,0.015138261
1995-04-30,0.015117427
1995-05-01,0.015145522
1995-05-02,0.015150742
1995-05-03,0.015086073
1995-05-04,0.01507947
1995-05-05,0.015078003
1995-05-06,0.0150796445
1995-05-07,0.015079535
1995-05-08,0.015034792
1995-05-09,0.015002123
1995-05-10,0.014991627
1995-05-11,0.014988777
1995-05-12,0.014884785
1995-05-13,0.014879163
1995-05-14,0.014878103
1995-05-15,0.014868853
1995-05-16,0.014709827
1995-05-17,0.014612749
1995-05-18,0.014604231
1995-05-19,0.014601534
1995-05-20,0.014601339
1995-05-21,0.014601339
1995-05-22,0.014599305
1995-05-23,0.014607321
1995-05-24,0.014605671
1995-05-25,0.014610853
1995-05-26,0.014609876
1995-05-27,0.014609867
1995-05-28,0.014609852
1995-05-29,0.014609852
1995-05-30,0.014611395
1995-05-31,0.014602782
1995-06-01,0.014600338
1995-06-02,0.014600007
1995-06-03,0.014600007
1995-06-04,0.014600029
1995-06-05,0.01459981
1995-06-06,0.014602483
1995-06-07,0.014600535
1995-06-08,0.0145975435
1995-06-09,0.014596166
1995-06-10,0.014596166
1995-06-11,0.014596166
1995-06-12,0.014601711
1995-06-13,0.014590616
1995-06-14,0.014585057
1995-06-15,0.0145876305
1995-06-16,0.014588291
1995-06-17,0.014588291
1995-06-18,0.01458448
1995-06-19,0.014586619
1995-06-20,0.014600041
1995-06-21,0.014606712
1995-06-22,0.0146164885
1995-06-23,0.014612209
1995-06-24,0.014612209
1995-06-25,0.014612209
1995-06-26,0.01460744
1995-06-27,0.014609246
1995-06-28,0.014607594
1995-06-29,0.014612963
1995-06-30,0.014617159
1995-07-01,0.014618014
1995-07-02,0.014618014
1995-07-03,0.014618041
1995-07-04,0.014618041
1995-07-05,0.014619778
1995-07-06,0.0146193225
1995-07-07,0.014627573
1995-07-08,0.014627681
1995-07-09,0.014627681
1995-07-10,0.014649671
1995-07-11,0.014665198
1995-07-12,0.014727145
1995-07-13,0.01472544
1995-07-14,0.014729365
1995-07-15,0.014729815
1995-07-16,0.014714041
1995-07-17,0.014731168
1995-07-18,0.014694965
1995-07-19,0.01489512
1995-07-20,0.014883544
1995-07-21,0.014971639
1995-07-22,0.014970265
1995-07-23,0.0149719585
1995-07-24,0.015016528
1995-07-25,0.015002171
1995-07-26,0.015006336
1995-07-27,0.014982365
1995-07-28,0.0150025925
1995-07-29,0.015006814
1995-07-30,0.015007343
1995-07-31,0.015024673
1995-08-01,0.014986289
1995-08-02,0.0150044495
1995-08-03,0.01504325
1995-08-04,0.0150325615
1995-08-05,0.015032726
1995-08-06,0.015033711
1995-08-07,0.015041968
1995-08-08,0.015064748
1995-08-09,0.014990395
1995-08-10,0.014995736
1995-08-11,0.01497032
1995-08-12,0.014971878
1995-08-13,0.0149723
1995-08-14,0.0149706965
1995-08-15,0.015006644
1995-08-16,0.015013081
1995-08-17,0.015012272
1995-08-18,0.015012697
1995-08-19,0.015013055
1995-08-20,0.015013055
1995-08-21,0.01501479
1995-08-22,0.015021171
1995-08-23,0.015014581
1995-08-24,0.015028123
1995-08-25,0.0150131285
1995-08-26,0.015013562
1995-08-27,0.015013562
1995-08-28,0.015005153
1995-08-29,0.01500273
1995-08-30,0.014999232
1995-08-31,0.015000693
1995-09-01,0.015000753
1995-09-02,0.015024903
1995-09-03,0.015024903
1995-09-04,0.015024976
1995-09-05,0.015025758
1995-09-06,0.0150360605
1995-09-07,0.01503758
1995-09-08,0.015037241
1995-09-09,0.015037241
1995-09-10,0.015037353
1995-09-11,0.015040252
1995-09-12,0.015041175
1995-09-13,0.015059035
1995-09-14,0.015040054
1995-09-15,0.015037662
1995-09-16,0.015037662
1995-09-17,0.01503758
1995-09-18,0.015065933
1995-09-19,0.015067582
1995-09-20,0.015085145
1995-09-21,0.0150797125
1995-09-22,0.015079477
1995-09-23,0.015079488
1995-09-24,0.015079385
1995-09-25,0.015078903
1995-09-26,0.015076494
1995-09-27,0.015090662
1995-09-28,0.015091649
1995-09-29,0.015097789
1995-09-30,0.015097824
1995-10-01,0.015097863
1995-10-02,0.015096925
1995-10-03,0.01509362
1995-10-04,0.015095189
1995-10-05,0.015091815
1995-10-06,0.015091567
1995-10-07,0.015091567
1995-10-08,0.015091567
1995-10-09,0.015091844
1995-10-10,0.015065781
1995-10-11,0.015091617
1995-10-12,0.015099222
1995-10-13,0.015109991
1995-10-14,0.015104901
1995-10-15,0.015111576
1995-10-16,0.015160891
1995-10-17,0.015213405
1995-10-18,0.014776042
1995-10-19,0.014860955
1995-10-20,0.0149198035
1995-10-21,0.014921606
1995-10-22,0.014932524
1995-10-23,0.015077544
1995-10-24,0.015080003
1995-10-25,0.015091897
1995-10-26,0.0151872495
1995-10-27,0.015230023
1995-10-28,0.015228738
1995-10-29,0.015226824
1995-10-30,0.015209106
1995-10-31,0.015242665
1995-11-01,0.015260928
1995-11-02,0.015259164
1995-11-03,0.015188719
1995-11-04,0.015188695
1995-11-05,0.015188214
1995-11-06,0.015187235
1995-11-07,0.015219481
1995-11-08,0.015244631
1995-11-09,0.015264424
1995-11-10,0.015260991
1995-11-11,0.015263327
1995-11-12,0.015263475
1995-11-13,0.015259844
1995-11-14,0.015311209
1995-11-15,0.015311893
1995-11-16,0.015322812
1995-11-17,0.015373965
1995-11-18,0.015373907
1995-11-19,0.015373344
1995-11-20,0.01537255
1995-11-21,0.015375263
1995-11-22,0.015375441
1995-11-23,0.015375708
1995-11-24,0.015378018
1995-11-25,0.015377651
1995-11-26,0.015377715
1995-11-27,0.0153778065
1995-11-28,0.015388969
1995-11-29,0.01537968
1995-11-30,0.0153819835
1995-12-01,0.01539232
1995-12-02,0.01539232
1995-12-03,0.01539232
1995-12-04,0.015387489
1995-12-05,0.015390349
1995-12-06,0.015395466
1995-12-07,0.015393311
1995-12-08,0.01537258
1995-12-09,0.01537258
1995-12-10,0.01537258
1995-12-11,0.015372567
1995-12-12,0.015375514
1995-12-13,0.015368718
1995-12-14,0.015378954
1995-12-15,0.015385361
1995-12-16,0.01538542
1995-12-17,0.015385437
1995-12-18,0.015385271
1995-12-19,0.015370558
1995-12-20,0.015346959
1995-12-21,0.01535788
1995-12-22,0.015352102
1995-12-23,0.01535356
1995-12-24,0.01535356
1995-12-25,0.01535356
1995-12-26,0.015353225
1995-12-27,0.015352879
1995-12-28,0.015353174
1995-12-29,0.015353174
1995-12-30,0.015353174
1995-12-31,0.0153531395
1996-01-01,0.0153531395
1996-01-02,0.0153531255
1996-01-03,0.015350312
1996-01-04,0.015351535
1996-01-05,0.015347691
1996-01-06,0.015347796
1996-01-07,0.015347796
1996-01-08,0.015347311
1996-01-09,0.015340981
1996-01-10,0.015337528
1996-01-11,0.015340735
1996-01-12,0.015336961
1996-01-13,0.015336961
1996-01-14,0.015336975
1996-01-15,0.015337945
1996-01-16,0.0152830575
1996-01-17,0.015233282
1996-01-18,0.015174081
1996-01-19,0.015234834
1996-01-20,0.015182361
1996-01-21,0.015182759
1996-01-22,0.0151180485
1996-01-23,0.015042932
1996-01-24,0.015004221
1996-01-25,0.014859686
1996-01-26,0.0148227075
1996-01-27,0.014822283
1996-01-28,0.014822423
1996-01-29,0.014829125
1996-01-30,0.014940417
1996-01-31,0.014949587
1996-02-01,0.01497663
1996-02-02,0.014965897
1996-02-03,0.014965897
1996-02-04,0.014965897
1996-02-05,0.01492902
1996-02-06,0.0149112865
1996-02-07,0.014835089
1996-02-08,0.014868796
1996-02-09,0.014885345
1996-02-10,0.014885515
1996-02-11,0.014885333
1996-02-12,0.014845938
1996-02-13,0.014840973
1996-02-14,0.014831556
1996-02-15,0.014792906
1996-02-16,0.014776968
1996-02-17,0.01477711
1996-02-18,0.014777103
1996-02-19,0.014779119
1996-02-20,0.014776416
1996-02-21,0.014777335
1996-02-22,0.0147334505
1996-02-23,0.014773978
1996-02-24,0.014774839
1996-02-25,0.014775265
1996-02-26,0.014766868
1996-02-27,0.014761679
1996-02-28,0.014820944
1996-02-29,0.014827561
1996-03-01,0.0148413945
1996-03-02,0.0148413945
1996-03-03,0.014841545
1996-03-04,0.014846414
1996-03-05,0.014872179
1996-03-06,0.014872728
1996-03-07,0.014884541
1996-03-08,0.014887927
1996-03-09,0.014887871
1996-03-10,0.014887871
1996-03-11,0.014888575
1996-03-12,0.0148987435
1996-03-13,0.014897511
1996-03-14,0.014903194
1996-03-15,0.014899271
1996-03-16,0.014899229
1996-03-17,0.014899229
1996-03-18,0.014896726
1996-03-19,0.014937685
1996-03-20,0.01493052
1996-03-21,0.0149355335
1996-03-22,0.014935891
1996-03-23,0.014935891
1996-03-24,0.014888765
1996-03-25,0.014893273
1996-03-26,0.014909663
1996-03-27,0.014900108
1996-03-28,0.014916378
1996-03-29,0.014914718
1996-03-30,0.014914561
1996-03-31,0.014914473
1996-04-01,0.014908224
1996-04-02,0.014871083
1996-04-03,0.014857891
1996-04-04,0.014860857
1996-04-05,0.014862153
1996-04-06,0.01486235
1996-04-07,0.01486235
1996-04-08,0.0148614235
1996-04-09,0.01486893
1996-04-10,0.014906121
1996-04-11,0.014854962
1996-04-12,0.01486049
1996-04-13,0.014860773
1996-04-14,0.014863155
1996-04-15,0.014863598
1996-04-16,0.0148920445
1996-04-17,0.014890522
1996-04-18,0.014865336
1996-04-19,0.014837521
1996-04-20,0.014837521
1996-04-21,0.014839575
1996-04-22,0.014923623
1996-04-23,0.014913629
1996-04-24,0.015036059
1996-04-25,0.014922585
1996-04-26,0.014928377
1996-04-27,0.01492815
1996-04-28,0.014935833
1996-04-29,0.014944934
1996-04-30,0.014979233
1996-05-01,0.014961245
1996-05-02,0.014987871
1996-05-03,0.01500622
1996-05-04,0.015024951
1996-05-05,0.015024951
1996-05-06,0.015019986
1996-05-07,0.015054419
1996-05-08,0.01504698
1996-05-09,0.01502691
1996-05-10,0.015232027
1996-05-11,0.015231894
1996-05-12,0.015231632
1996-05-13,0.015160105
1996-05-14,0.015083842
1996-05-15,0.015080451
1996-05-16,0.014959795
1996-05-17,0.014961647
1996-05-18,0.0149616795
1996-05-19,0.0149616655
1996-05-20,0.014982977
1996-05-21,0.0149543295
1996-05-22,0.01495469
1996-05-23,0.0150661105
1996-05-24,0.015059092
1996-05-25,0.015058993
1996-05-26,0.015059015
1996-05-27,0.0150589235
1996-05-28,0.015061347
1996-05-29,0.015082221
1996-05-30,0.015082332
1996-05-31,0.015082921
1996-06-01,0.015082892
1996-06-02,0.0150827775
1996-06-03,0.015274636
1996-06-04,0.015271526
1996-06-05,0.015266853
1996-06-06,0.015245448
1996-06-07,0.0152466195
1996-06-08,0.0152456155
1996-06-09,0.015245615
1996-06-10,0.0152473785
1996-06-11,0.015249675
1996-06-12,0.015254095
1996-06-13,0.015228951
1996-06-14,0.015227324
1996-06-15,0.015227255
1996-06-16,0.015227255
1996-06-17,0.015229532
1996-06-18,0.0151872635
1996-06-19,0.015187621
1996-06-20,0.015231772
1996-06-21,0.015232278
1996-06-22,0.015232285
1996-06-23,0.015232285
1996-06-24,0.015226333
1996-06-25,0.015225231
1996-06-26,0.015202314
1996-06-27,0.015199998
1996-06-28,0.015200455
1996-06-29,0.015200455
1996-06-30,0.015200449
1996-07-01,0.015256066
1996-07-02,0.015255349
1996-07-03,0.015256906
1996-07-04,0.015256906
1996-07-05,0.015254512
1996-07-06,0.015254512
1996-07-07,0.015254512
1996-07-08,0.015249153
1996-07-09,0.0151540665
1996-07-10,0.015156795
1996-07-11,0.015137026
1996-07-12,0.015113999
1996-07-13,0.015113999
1996-07-14,0.015111594
1996-07-15,0.015156993
1996-07-16,0.015213399
1996-07-17,0.015536562
1996-07-18,0.015654607
1996-07-19,0.015632808
1996-07-20,0.01563284
1996-07-21,0.015630562
1996-07-22,0.015577247
1996-07-23,0.015613993
1996-07-24,0.015579156
1996-07-25,0.015724368
1996-07-26,0.015798852
1996-07-27,0.015798785
1996-07-28,0.01580914
1996-07-29,0.015871268
1996-07-30,0.01588998
1996-07-31,0.01590061
1996-08-01,0.01584665
1996-08-02,0.015711473
1996-08-03,0.015711462
1996-08-04,0.015710194
1996-08-05,0.015717441
1996-08-06,0.01573736
1996-08-07,0.015712628
1996-08-08,0.015703615
1996-08-09,0.015704282
1996-08-10,0.01570424
1996-08-11,0.015704248
1996-08-12,0.015685024
1996-08-13,0.015687287
1996-08-14,0.015705308
1996-08-15,0.015454999
1996-08-16,0.015452426
1996-08-17,0.015451498
1996-08-18,0.0154519435
1996-08-19,0.015454686
1996-08-20,0.015476419
1996-08-21,0.015476819
1996-08-22,0.01547108
1996-08-23,0.0154971
1996-08-24,0.0154971
1996-08-25,0.015497077
1996-08-26,0.015500699
1996-08-27,0.015499209
1996-08-28,0.015504446
1996-08-29,0.015592093
1996-08-30,0.015578669
1996-08-31,0.015579022
1996-09-01,0.015579022
1996-09-02,0.015605209
1996-09-03,0.015602379
1996-09-04,0.0156122185
1996-09-05,0.015612005
1996-09-06,0.015612244
1996-09-07,0.01561225
1996-09-08,0.01561225
1996-09-09,0.015612331
1996-09-10,0.0156119345
1996-09-11,0.0156083265
1996-09-12,0.015562789
1996-09-13,0.015552236
1996-09-14,0.015551928
1996-09-15,0.015551928
1996-09-16,0.01555294
1996-09-17,0.015560625
1996-09-18,0.015569061
1996-09-19,0.015563915
1996-09-20,0.015579526
1996-09-21,0.015579526
1996-09-22,0.015579526
1996-09-23,0.015579219
1996-09-24,0.015584445
1996-09-25,0.015600362
1996-09-26,0.015601771
1996-09-27,0.015596103
1996-09-28,0.015596083
1996-09-29,0.0155961495
1996-09-30,0.015595907
1996-10-01,0.015595351
1996-10-02,0.015595937
1996-10-03,0.015595891
1996-10-04,0.01559572
1996-10-05,0.01559572
1996-10-06,0.01559572
1996-10-07,0.015591292
1996-10-08,0.0155691095
1996-10-09,0.015580252
1996-10-10,0.015572944
1996-10-11,0.015580239
1996-10-12,0.015580239
1996-10-13,0.015579665
1996-10-14,0.0155373765
1996-10-15,0.015517483
1996-10-16,0.015198924
1996-10-17,0.015266636
1996-10-18,0.015310394
1996-10-19,0.015309569
1996-10-20,0.015325288
1996-10-21,0.015231707
1996-10-22,0.015240883
1996-10-23,0.01533681
1996-10-24,0.01538993
1996-10-25,0.015423801
1996-10-26,0.015425118
1996-10-27,0.015419958
1996-10-28,0.015451372
1996-10-29,0.0154791325
1996-10-30,0.015462751
1996-10-31,0.015519871
1996-11-01,0.015545298
1996-11-02,0.015544863
1996-11-03,0.015544595
1996-11-04,0.01555506
1996-11-05,0.015562182
1996-11-06,0.015556607
1996-11-07,0.015535011
1996-11-08,0.015545793
1996-11-09,0.01553609
1996-11-10,0.015535657
1996-11-11,0.01554069
1996-11-12,0.015539108
1996-11-13,0.0155398995
1996-11-14,0.015518933
1996-11-15,0.015520709
1996-11-16,0.015520969
1996-11-17,0.015523252
1996-11-18,0.01553019
1996-11-19,0.015573831
1996-11-20,0.015552979
1996-11-21,0.015560814
1996-11-22,0.015546305
1996-11-23,0.015546305
1996-11-24,0.015546305
1996-11-25,0.015526588
1996-11-26,0.015507561
1996-11-27,0.01550857
1996-11-28,0.015510123
1996-11-29,0.0155106485
1996-11-30,0.0155106615
1996-12-01,0.015510691
1996-12-02,0.0155133335
1996-12-03,0.01550981
1996-12-04,0.015560808
1996-12-05,0.015560625
1996-12-06,0.015556766
1996-12-07,0.015556766
1996-12-08,0.015556805
1996-12-09,0.015548653
1996-12-10,0.015550433
1996-12-11,0.015556069
1996-12-12,0.01558545
1996-12-13,0.015585829
1996-12-14,0.015585829
1996-12-15,0.01558583
1996-12-16,0.015583442
1996-12-17,0.015573473
1996-12-18,0.015566113
1996-12-19,0.015567669
1996-12-20,0.015567968
1996-12-21,0.015568
1996-12-22,0.015567997
1996-12-23,0.015576565
1996-12-24,0.015576413
1996-12-25,0.015576413
1996-12-26,0.015576471
1996-12-27,0.015576584
1996-12-28,0.015576565
1996-12-29,0.01557657
1996-12-30,0.015576634
1996-12-31,0.015576824
1997-01-01,0.015576824
1997-01-02,0.015575564
1997-01-03,0.015576396
1997-01-04,0.015576396
1997-01-05,0.015576396
1997-01-06,0.015573712
1997-01-07,0.015580191
1997-01-08,0.015594027
1997-01-09,0.015607359
1997-01-10,0.015606322
1997-01-11,0.015606259
1997-01-12,0.015605073
1997-01-13,0.015612326
1997-01-14,0.015625726
1997-01-15,0.015688695
1997-01-16,0.015686098
1997-01-17,0.015691163
1997-01-18,0.015691163
1997-01-19,0.015691143
1997-01-20,0.015636902
1997-01-21,0.015832013
1997-01-22,0.015822697
1997-01-23,0.015795842
1997-01-24,0.015761599
1997-01-25,0.015761605
1997-01-26,0.015759697
1997-01-27,0.015767433
1997-01-28,0.015724836
1997-01-29,0.015776843
1997-01-30,0.015801856
1997-01-31,0.01575385
1997-02-01,0.01575524
1997-02-02,0.01575935
1997-02-03,0.01574114
1997-02-04,0.015797481
1997-02-05,0.015709165
1997-02-06,0.015716456
1997-02-07,0.01571735
1997-02-08,0.01571735
1997-02-09,0.01571735
1997-02-10,0.01570531
1997-02-11,0.015637374
1997-02-12,0.015752036
1997-02-13,0.015801396
1997-02-14,0.01579349
1997-02-15,0.01579349
1997-02-16,0.015793623
1997-02-17,0.015794106
1997-02-18,0.015804917
1997-02-19,0.01583234
1997-02-20,0.015797196
1997-02-21,0.015816761
1997-02-22,0.015801085
1997-02-23,0.015801178
1997-02-24,0.015750919
1997-02-25,0.015884738
1997-02-26,0.015885266
1997-02-27,0.015892763
1997-02-28,0.015893817
1997-03-01,0.015893852
1997-03-02,0.01589405
1997-03-03,0.015894165
1997-03-04,0.015971558
1997-03-05,0.015985869
1997-03-06,0.016071938
1997-03-07,0.016106268
1997-03-08,0.016111003
1997-03-09,0.016107809
1997-03-10,0.016104726
1997-03-11,0.016096573
1997-03-12,0.016149836
1997-03-13,0.016156377
1997-03-14,0.016163321
1997-03-15,0.01616418
1997-03-16,0.016163794
1997-03-17,0.016178953
1997-03-18,0.016184073
1997-03-19,0.016180174
1997-03-20,0.016241977
1997-03-21,0.016240139
1997-03-22,0.016239667
1997-03-23,0.016239414
1997-03-24,0.01625253
1997-03-25,0.016240692
1997-03-26,0.01624018
1997-03-27,0.016371597
1997-03-28,0.016373897
1997-03-29,0.016373897
1997-03-30,0.016373914
1997-03-31,0.016379667
1997-04-01,0.016380688
1997-04-02,0.016381282
1997-04-03,0.016385863
1997-04-04,0.01639097
1997-04-05,0.016392235
1997-04-06,0.016391775
1997-04-07,0.016402896
1997-04-08,0.016383717
1997-04-09,0.0163933
1997-04-10,0.016392622
1997-04-11,0.016369753
1997-04-12,0.016369753
1997-04-13,0.016367966
1997-04-14,0.016310975
1997-04-15,0.016389042
1997-04-16,0.016397022
1997-04-17,0.01631503
1997-04-18,0.016302906
1997-04-19,0.01630306
1997-04-20,0.016302146
1997-04-21,0.016153341
1997-04-22,0.01623647
1997-04-23,0.01607556
1997-04-24,0.016053956
1997-04-25,0.016041923
1997-04-26,0.01604101
1997-04-27,0.01607025
1997-04-28,0.016088996
1997-04-29,0.01608251
1997-04-30,0.016050765
1997-05-01,0.01605917
1997-05-02,0.016120434
1997-05-03,0.016125316
1997-05-04,0.01612497
1997-05-05,0.016112935
1997-05-06,0.016144333
1997-05-07,0.01612319
1997-05-08,0.016116671
1997-05-09,0.016033793
1997-05-10,0.016033674
1997-05-11,0.016033677
1997-05-12,0.015933463
1997-05-13,0.01593037
1997-05-14,0.01588114
1997-05-15,0.015809542
1997-05-16,0.015601424
1997-05-17,0.015600689
1997-05-18,0.015599283
1997-05-19,0.015532022
1997-05-20,0.015441157
1997-05-21,0.01539699
1997-05-22,0.015426512
1997-05-23,0.015420669
1997-05-24,0.01542059
1997-05-25,0.015417757
1997-05-26,0.015416864
1997-05-27,0.015381042
1997-05-28,0.0153761925
1997-05-29,0.015337306
1997-05-30,0.01532967
1997-05-31,0.01532967
1997-06-01,0.01532967
1997-06-02,0.015330363
1997-06-03,0.015276886
1997-06-04,0.01528319
1997-06-05,0.015283159
1997-06-06,0.015282636
1997-06-07,0.015282636
1997-06-08,0.015282636
1997-06-09,0.015283206
1997-06-10,0.015283446
1997-06-11,0.015283657
1997-06-12,0.015283602
1997-06-13,0.015283176
1997-06-14,0.015283174
1997-06-15,0.015278675
1997-06-16,0.0152747985
1997-06-17,0.015304521
1997-06-18,0.015305354
1997-06-19,0.015315202
1997-06-20,0.015306044
1997-06-21,0.015306106
1997-06-22,0.015306216
1997-06-23,0.015307947
1997-06-24,0.015289104
1997-06-25,0.01528693
1997-06-26,0.01528324
1997-06-27,0.015287038
1997-06-28,0.015287077
1997-06-29,0.015287125
1997-06-30,0.015280786
1997-07-01,0.015268612
1997-07-02,0.015279536
1997-07-03,0.0152820265
1997-07-04,0.015282027
1997-07-05,0.015281835
1997-07-06,0.015281815
1997-07-07,0.015286632
1997-07-08,0.015276829
1997-07-09,0.015246455
1997-07-10,0.015290355
1997-07-11,0.015209512
1997-07-12,0.015209512
1997-07-13,0.015207987
1997-07-14,0.015216597
1997-07-15,0.01519129
1997-07-16,0.015451151
1997-07-17,0.015632112
1997-07-18,0.015691178
1997-07-19,0.015690692
1997-07-20,0.015690664
1997-07-21,0.015635857
1997-07-22,0.015693394
1997-07-23,0.015659604
1997-07-24,0.015764866
1997-07-25,0.015796348
1997-07-26,0.015801195
1997-07-27,0.015800513
1997-07-28,0.015848957
1997-07-29,0.015854815
1997-07-30,0.015884938
1997-07-31,0.015793538
1997-08-01,0.015808765
1997-08-02,0.015810898
1997-08-03,0.015811428
1997-08-04,0.015822954
1997-08-05,0.015779685
1997-08-06,0.015776595
1997-08-07,0.01573181
1997-08-08,0.015706472
1997-08-09,0.015709737
1997-08-10,0.015698131
1997-08-11,0.015710326
1997-08-12,0.015763992
1997-08-13,0.015764635
1997-08-14,0.015771914
1997-08-15,0.01576027
1997-08-16,0.015758859
1997-08-17,0.015756767
1997-08-18,0.015731547
1997-08-19,0.015729206
1997-08-20,0.015732085
1997-08-21,0.015730616
1997-08-22,0.01571995
1997-08-23,0.01571954
1997-08-24,0.01571954
1997-08-25,0.015719421
1997-08-26,0.015718957
1997-08-27,0.01572499
1997-08-28,0.015726632
1997-08-29,0.015725348
1997-08-30,0.015725348
1997-08-31,0.015725348
1997-09-01,0.015725348
1997-09-02,0.015810223
1997-09-03,0.015814424
1997-09-04,0.015799122
1997-09-05,0.015782699
1997-09-06,0.015781261
1997-09-07,0.015781261
1997-09-08,0.015786428
1997-09-09,0.015787145
1997-09-10,0.015798701
1997-09-11,0.01579107
1997-09-12,0.015791684
1997-09-13,0.015791684
1997-09-14,0.01579188
1997-09-15,0.015858138
1997-09-16,0.015803866
1997-09-17,0.015801014
1997-09-18,0.015826354
1997-09-19,0.015838664
1997-09-20,0.015838664
1997-09-21,0.015838645
1997-09-22,0.015823247
1997-09-23,0.015823571
1997-09-24,0.015824571
1997-09-25,0.015828425
1997-09-26,0.015829463
1997-09-27,0.015829463
1997-09-28,0.015829446
1997-09-29,0.01583235
1997-09-30,0.015828848
1997-10-01,0.015830249
1997-10-02,0.01582495
1997-10-03,0.015823035
1997-10-04,0.015823035
1997-10-05,0.015823035
1997-10-06,0.01581878
1997-10-07,0.015823634
1997-10-08,0.015821042
1997-10-09,0.015779695
1997-10-10,0.015766354
1997-10-11,0.01576639
1997-10-12,0.015766392
1997-10-13,0.01573274
1997-10-14,0.015604757
1997-10-15,0.015421144
1997-10-16,0.015463981
1997-10-17,0.015501392
1997-10-18,0.0155012505
1997-10-19,0.0155647835
1997-10-20,0.015642783
1997-10-21,0.015653387
1997-10-22,0.01561292
1997-10-23,0.015724078
1997-10-24,0.01572293
1997-10-25,0.015723443
1997-10-26,0.015723234
1997-10-27,0.015722178
1997-10-28,0.01576719
1997-10-29,0.015755655
1997-10-30,0.015779005
1997-10-31,0.015793687
1997-11-01,0.015793646
1997-11-02,0.01579363
1997-11-03,0.015788948
1997-11-04,0.015821105
1997-11-05,0.01584454
1997-11-06,0.015869258
1997-11-07,0.015868088
1997-11-08,0.015870513
1997-11-09,0.015869366
1997-11-10,0.015909424
1997-11-11,0.015879594
1997-11-12,0.015852164
1997-11-13,0.015848147
1997-11-14,0.015864965
1997-11-15,0.015865162
1997-11-16,0.015864937
1997-11-17,0.01590511
1997-11-18,0.015908157
1997-11-19,0.01590711
1997-11-20,0.015902009
1997-11-21,0.01588528
1997-11-22,0.015885629
1997-11-23,0.015885629
1997-11-24,0.015888568
1997-11-25,0.01587278
1997-11-26,0.015870702
1997-11-27,0.015870692
1997-11-28,0.015874038
1997-11-29,0.015874151
1997-11-30,0.015874144
1997-12-01,0.015857859
1997-12-02,0.015873982
1997-12-03,0.015874816
1997-12-04,0.015877645
1997-12-05,0.015879096
1997-12-06,0.015879136
1997-12-07,0.015879136
1997-12-08,0.015896838
1997-12-09,0.015887946
1997-12-10,0.015885448
1997-12-11,0.015875638
1997-12-12,0.01587142
1997-12-13,0.01587142
1997-12-14,0.015871394
1997-12-15,0.015863493
1997-12-16,0.015863335
1997-12-17,0.015858432
1997-12-18,0.015834782
1997-12-19,0.015830353
1997-12-20,0.015830353
1997-12-21,0.015830401
1997-12-22,0.015825462
1997-12-23,0.015825808
1997-12-24,0.015826805
1997-12-25,0.015826805
1997-12-26,0.015826805
1997-12-27,0.015826805
1997-12-28,0.01582679
1997-12-29,0.015826574
1997-12-30,0.015827084
1997-12-31,0.015826717
1998-01-01,0.015826717
1998-01-02,0.015826717
1998-01-03,0.015826717
1998-01-04,0.015826717
1998-01-05,0.015823485
1998-01-06,0.015827894
1998-01-07,0.01582687
1998-01-08,0.015824314
1998-01-09,0.015826123
1998-01-10,0.015826069
1998-01-11,0.015826069
1998-01-12,0.015838742
1998-01-13,0.015864216
1998-01-14,0.015860891
1998-01-15,0.01584152
1998-01-16,0.015834203
1998-01-17,0.015834542
1998-01-18,0.015834527
1998-01-19,0.015835397
1998-01-20,0.015695062
1998-01-21,0.015939593
1998-01-22,0.015904663
1998-01-23,0.01600457
1998-01-24,0.016004652
1998-01-25,0.01600473
1998-01-26,0.016030123
1998-01-27,0.016105812
1998-01-28,0.015897505
1998-01-29,0.015902039
1998-01-30,0.015950255
1998-01-31,0.015950281
1998-02-01,0.015950216
1998-02-02,0.015949192
1998-02-03,0.015911005
1998-02-04,0.015855027
1998-02-05,0.015868941
1998-02-06,0.015827328
1998-02-07,0.015823964
1998-02-08,0.015823558
1998-02-09,0.015822886
1998-02-10,0.01596629
1998-02-11,0.015984101
1998-02-12,0.016087752
1998-02-13,0.016083421
1998-02-14,0.016081642
1998-02-15,0.016081642
1998-02-16,0.016071519
1998-02-17,0.016133187
1998-02-18,0.016110953
1998-02-19,0.016141543
1998-02-20,0.016117226
1998-02-21,0.016117452
1998-02-22,0.016117333
1998-02-23,0.016088678
1998-02-24,0.016176837
1998-02-25,0.016172582
1998-02-26,0.016245514
1998-02-27,0.016246172
1998-02-28,0.016246174
1998-03-01,0.016246242
1998-03-02,0.016279895
1998-03-03,0.016350072
1998-03-04,0.016415274
1998-03-05,0.016351769
1998-03-06,0.016322292
1998-03-07,0.016323045
1998-03-08,0.01632303
1998-03-09,0.016328773
1998-03-10,0.016339505
1998-03-11,0.01639952
1998-03-12,0.01650709
1998-03-13,0.016525913
1998-03-14,0.016533416
1998-03-15,0.016533442
1998-03-16,0.016538007
1998-03-17,0.016519036
1998-03-18,0.016519343
1998-03-19,0.016549043
1998-03-20,0.016547889
1998-03-21,0.01654884
1998-03-22,0.01654884
1998-03-23,0.016532946
1998-03-24,0.016534466
1998-03-25,0.016508859
1998-03-26,0.016496198
1998-03-27,0.016498921
1998-03-28,0.016498523
1998-03-29,0.01649855
1998-03-30,0.016514119
1998-03-31,0.016509661
1998-04-01,0.016463373
1998-04-02,0.016468845
1998-04-03,0.016469015
1998-04-04,0.016468953
1998-04-05,0.01647073
1998-04-06,0.016455319
1998-04-07,0.016457573
1998-04-08,0.016382687
1998-04-09,0.016401622
1998-04-10,0.016399795
1998-04-11,0.016399745
1998-04-12,0.016399745
1998-04-13,0.016413577
1998-04-14,0.016308656
1998-04-15,0.016296256
1998-04-16,0.018283464
1998-04-17,0.018179236
1998-04-18,0.018179985
1998-04-19,0.018179696
1998-04-20,0.018099733
1998-04-21,0.018050827
1998-04-22,0.017866824
1998-04-23,0.017510252
1998-04-24,0.01761494
1998-04-25,0.017615018
1998-04-26,0.017613817
1998-04-27,0.017497279
1998-04-28,0.017458424
1998-04-29,0.017376881
1998-04-30,0.017273793
1998-05-01,0.017276127
1998-05-02,0.017276786
1998-05-03,0.017276814
1998-05-04,0.017268624
1998-05-05,0.016910853
1998-05-06,0.016955273
1998-05-07,0.016917644
1998-05-08,0.016826494
1998-05-09,0.016826916
1998-05-10,0.016827459
1998-05-11,0.01699704
1998-05-12,0.016900722
1998-05-13,0.016845983
1998-05-14,0.016839808
1998-05-15,0.016712412
1998-05-16,0.016710898
1998-05-17,0.016707664
1998-05-18,0.016693663
1998-05-19,0.016626345
1998-05-20,0.016500272
1998-05-21,0.016491482
1998-05-22,0.01657997
1998-05-23,0.016579997
1998-05-24,0.016579771
1998-05-25,0.016577331
1998-05-26,0.01660527
1998-05-27,0.016596321
1998-05-28,0.016564215
1998-05-29,0.016560372
1998-05-30,0.016560372
1998-05-31,0.01656037
1998-06-01,0.016562784
1998-06-02,0.016560325
1998-06-03,0.016573181
1998-06-04,0.016587323
1998-06-05,0.016586073
1998-06-06,0.016586032
1998-06-07,0.016585885
1998-06-08,0.016585758
1998-06-09,0.016584452
1998-06-10,0.016584132
1998-06-11,0.01658368
1998-06-12,0.016580475
1998-06-13,0.016580435
1998-06-14,0.016580435
1998-06-15,0.016576495
1998-06-16,0.016569346
1998-06-17,0.016590366
1998-06-18,0.016584199
1998-06-19,0.01658483
1998-06-20,0.01658471
1998-06-21,0.016584698
1998-06-22,0.01658905
1998-06-23,0.016594058
1998-06-24,0.016597986
1998-06-25,0.016597157
1998-06-26,0.016598327
1998-06-27,0.016598267
1998-06-28,0.016598321
1998-06-29,0.016593063
1998-06-30,0.016586337
1998-07-01,0.016644493
1998-07-02,0.016641816
1998-07-03,0.016641816
1998-07-04,0.016641816
1998-07-05,0.016641816
1998-07-06,0.016649548
1998-07-07,0.016650423
1998-07-08,0.016655695
1998-07-09,0.016732875
1998-07-10,0.016732078
1998-07-11,0.016731888
1998-07-12,0.016731888
1998-07-13,0.016724117
1998-07-14,0.016690876
1998-07-15,0.016641464
1998-07-16,0.015034602
1998-07-17,0.015044164
1998-07-18,0.015044203
1998-07-19,0.01504413
1998-07-20,0.015166815
1998-07-21,0.015140475
1998-07-22,0.015190645
1998-07-23,0.01525793
1998-07-24,0.015281115
1998-07-25,0.0152823515
1998-07-26,0.015295405
1998-07-27,0.015337135
1998-07-28,0.0153445415
1998-07-29,0.015322352
1998-07-30,0.015313133
1998-07-31,0.015332962
1998-08-01,0.015332976
1998-08-02,0.01533369
1998-08-03,0.015353952
1998-08-04,0.015466386
1998-08-05,0.015454848
1998-08-06,0.015570553
1998-08-07,0.015560253
1998-08-08,0.015560443
1998-08-09,0.015564583
1998-08-10,0.015548272
1998-08-11,0.015559884
1998-08-12,0.015564289
1998-08-13,0.015531836
1998-08-14,0.015512199
1998-08-15,0.015512431
1998-08-16,0.015516818
1998-08-17,0.0155792665
1998-08-18,0.01575668
1998-08-19,0.015756592
1998-08-20,0.015763974
1998-08-21,0.015764186
1998-08-22,0.015764195
1998-08-23,0.015764175
1998-08-24,0.015768517
1998-08-25,0.01577028
1998-08-26,0.015770875
1998-08-27,0.015769184
1998-08-28,0.015797332
1998-08-29,0.015797332
1998-08-30,0.015797332
1998-08-31,0.015800515
1998-09-01,0.015800545
1998-09-02,0.01580404
1998-09-03,0.01579729
1998-09-04,0.015721578
1998-09-05,0.01572154
1998-09-06,0.01572154
1998-09-07,0.01572154
1998-09-08,0.015726367
1998-09-09,0.01572758
1998-09-10,0.015662016
1998-09-11,0.015663944
1998-09-12,0.01566556
1998-09-13,0.015665546
1998-09-14,0.01562463
1998-09-15,0.015626453
1998-09-16,0.015640058
1998-09-17,0.015645586
1998-09-18,0.01563526
1998-09-19,0.015635276
1998-09-20,0.015635276
1998-09-21,0.015633574
1998-09-22,0.015637863
1998-09-23,0.01562644
1998-09-24,0.015563789
1998-09-25,0.015622769
1998-09-26,0.015622769
1998-09-27,0.015622769
1998-09-28,0.015620124
1998-09-29,0.015624355
1998-09-30,0.015610151
1998-10-01,0.0155968685
1998-10-02,0.015594956
1998-10-03,0.015594956
1998-10-04,0.015594977
1998-10-05,0.01558117
1998-10-06,0.015573252
1998-10-07,0.015568906
1998-10-08,0.015509832
1998-10-09,0.0155099025
1998-10-10,0.015509705
1998-10-11,0.01550985
1998-10-12,0.0154557815
1998-10-13,0.0155216055
1998-10-14,0.015303744
1998-10-15,0.015188768
1998-10-16,0.015263977
1998-10-17,0.015263211
1998-10-18,0.015264689
1998-10-19,0.015324322
1998-10-20,0.015385975
1998-10-21,0.015617711
1998-10-22,0.015710803
1998-10-23,0.01561934
1998-10-24,0.015619251
1998-10-25,0.015619316
1998-10-26,0.015703829
1998-10-27,0.015711669
1998-10-28,0.015883544
1998-10-29,0.015873203
1998-10-30,0.015850058
1998-10-31,0.015853057
1998-11-01,0.015852865
1998-11-02,0.015849382
1998-11-03,0.01593073
1998-11-04,0.01592371
1998-11-05,0.015923915
1998-11-06,0.015833594
1998-11-07,0.01583364
1998-11-08,0.015833542
1998-11-09,0.015900355
1998-11-10,0.01590542
1998-11-11,0.015911443
1998-11-12,0.015912747
1998-11-13,0.015899697
1998-11-14,0.015937245
1998-11-15,0.015927622
1998-11-16,0.01597042
1998-11-17,0.015687905
1998-11-18,0.015636958
1998-11-19,0.015639639
1998-11-20,0.015639737
1998-11-21,0.015640233
1998-11-22,0.015640441
1998-11-23,0.015638689
1998-11-24,0.015620382
1998-11-25,0.015611554
1998-11-26,0.015611569
1998-11-27,0.015611573
1998-11-28,0.015611573
1998-11-29,0.015611476
1998-11-30,0.015611506
1998-12-01,0.01560929
1998-12-02,0.015607239
1998-12-03,0.015620418
1998-12-04,0.015621654
1998-12-05,0.015621654
1998-12-06,0.015621612
1998-12-07,0.015620734
1998-12-08,0.015621732
1998-12-09,0.01563058
1998-12-10,0.015639456
1998-12-11,0.015639406
1998-12-12,0.01563938
1998-12-13,0.015639413
1998-12-14,0.01564176
1998-12-15,0.015647763
1998-12-16,0.0156504
1998-12-17,0.015627667
1998-12-18,0.015625147
1998-12-19,0.015625147
1998-12-20,0.015625147
1998-12-21,0.015562999
1998-12-22,0.015568462
1998-12-23,0.015584045
1998-12-24,0.015584059
1998-12-25,0.015584059
1998-12-26,0.015584059
1998-12-27,0.015584071
1998-12-28,0.015582832
1998-12-29,0.0155820185
1998-12-30,0.015574919
1998-12-31,0.015574875
1999-01-01,0.015574876
1999-01-02,0.015574772
1999-01-03,0.015574861
1999-01-04,0.015574129
1999-01-05,0.015570626
1999-01-06,0.015572654
1999-01-07,0.015571837
1999-01-08,0.015572317
1999-01-09,0.015572317
1999-01-10,0.015572317
1999-01-11,0.0155732855
1999-01-12,0.015586728
1999-01-13,0.015671926
1999-01-14,0.015674694
1999-01-15,0.015650108
1999-01-16,0.015650092
1999-01-17,0.01564992
1999-01-18,0.01564974
1999-01-19,0.015619199
1999-01-20,0.0155614745
1999-01-21,0.015427167
1999-01-22,0.015374607
1999-01-23,0.015374139
1999-01-24,0.015374139
1999-01-25,0.015383735
1999-01-26,0.015190334
1999-01-27,0.01506518
1999-01-28,0.015084127
1999-01-29,0.015084437
1999-01-30,0.015084587
1999-01-31,0.015084586
1999-02-01,0.0150162345
1999-02-02,0.014943894
1999-02-03,0.014912686
1999-02-04,0.014849026
1999-02-05,0.014843217
1999-02-06,0.01484374
1999-02-07,0.014843421
1999-02-08,0.014966789
1999-02-09,0.014959631
1999-02-10,0.014941363
1999-02-11,0.014900096
1999-02-12,0.014887778
1999-02-13,0.014887144
1999-02-14,0.0148870805
1999-02-15,0.014887316
1999-02-16,0.014961683
1999-02-17,0.014741649
1999-02-18,0.014679856
1999-02-19,0.014679134
1999-02-20,0.014681099
1999-02-21,0.014680748
1999-02-22,0.014606078
1999-02-23,0.014640578
1999-02-24,0.0146626355
1999-02-25,0.01476616
1999-02-26,0.01486593
1999-02-27,0.014866057
1999-02-28,0.014864499
1999-03-01,0.014862376
1999-03-02,0.014920825
1999-03-03,0.014967723
1999-03-04,0.014973097
1999-03-05,0.014972533
1999-03-06,0.014972726
1999-03-07,0.014972726
1999-03-08,0.015002345
1999-03-09,0.014885562
1999-03-10,0.014928305
1999-03-11,0.014939998
1999-03-12,0.014940281
1999-03-13,0.014939885
1999-03-14,0.014938476
1999-03-15,0.01493223
1999-03-16,0.014937981
1999-03-17,0.014943289
1999-03-18,0.014916688
1999-03-19,0.014914996
1999-03-20,0.014914996
1999-03-21,0.014914996
1999-03-22,0.014913897
1999-03-23,0.014910301
1999-03-24,0.014893086
1999-03-25,0.014894771
1999-03-26,0.014880531
1999-03-27,0.014880496
1999-03-28,0.014877522
1999-03-29,0.014890721
1999-03-30,0.014856175
1999-03-31,0.014852863
1999-04-01,0.014868005
1999-04-02,0.01486799
1999-04-03,0.01486799
1999-04-04,0.014867664
1999-04-05,0.014869212
1999-04-06,0.014883876
1999-04-07,0.014952078
1999-04-08,0.014807142
1999-04-09,0.0148094455
1999-04-10,0.0148094455
1999-04-11,0.014807906
1999-04-12,0.014801192
1999-04-13,0.014830129
1999-04-14,0.014816776
1999-04-15,0.014806334
1999-04-16,0.014951369
1999-04-17,0.0149474535
1999-04-18,0.0149474535
1999-04-19,0.014853249
1999-04-20,0.014976912
1999-04-21,0.015114904
1999-04-22,0.015005692
1999-04-23,0.0148771955
1999-04-24,0.014877468
1999-04-25,0.014871413
1999-04-26,0.014858792
1999-04-27,0.014542396
1999-04-28,0.0141910855
1999-04-29,0.014216598
1999-04-30,0.0142383035
1999-05-01,0.014239873
1999-05-02,0.014239928
1999-05-03,0.014248483
1999-05-04,0.014314579
1999-05-05,0.0143015785
1999-05-06,0.014420135
1999-05-07,0.014420197
1999-05-08,0.014420142
1999-05-09,0.014426581
1999-05-10,0.014329802
1999-05-11,0.014293557
1999-05-12,0.01420382
1999-05-13,0.014169989
1999-05-14,0.0141877085
1999-05-15,0.014171054
1999-05-16,0.014171053
1999-05-17,0.0140878
1999-05-18,0.01410434
1999-05-19,0.014088525
1999-05-20,0.014043018
1999-05-21,0.013969462
1999-05-22,0.01396927
1999-05-23,0.01396927
1999-05-24,0.013959178
1999-05-25,0.013964725
1999-05-26,0.013967384
1999-05-27,0.013968196
1999-05-28,0.013959637
1999-05-29,0.013959656
1999-05-30,0.013959672
1999-05-31,0.013959946
1999-06-01,0.013960549
1999-06-02,0.013948895
1999-06-03,0.013943362
1999-06-04,0.013941088
1999-06-05,0.01394106
1999-06-06,0.013938872
1999-06-07,0.013939929
1999-06-08,0.013942918
1999-06-09,0.0139457
1999-06-10,0.013939394
1999-06-11,0.01385077
1999-06-12,0.01385077
1999-06-13,0.013848957
1999-06-14,0.01383503
1999-06-15,0.013852369
1999-06-16,0.013846354
1999-06-17,0.013848214
1999-06-18,0.013851966
1999-06-19,0.013851983
1999-06-20,0.013851885
1999-06-21,0.013859011
1999-06-22,0.013827734
1999-06-23,0.013825918
1999-06-24,0.013826945
1999-06-25,0.013825614
1999-06-26,0.013825651
1999-06-27,0.013825573
1999-06-28,0.013821115
1999-06-29,0.0138193695
1999-06-30,0.013833901
1999-07-01,0.01383622
1999-07-02,0.013828915
1999-07-03,0.013829029
1999-07-04,0.013831036
1999-07-05,0.013831036
1999-07-06,0.013824483
1999-07-07,0.013817034
1999-07-08,0.013887085
1999-07-09,0.013922645
1999-07-10,0.013885383
1999-07-11,0.013885383
1999-07-12,0.013904095
1999-07-13,0.013892175
1999-07-14,0.013985885
1999-07-15,0.01422329
1999-07-16,0.014275119
1999-07-17,0.014275187
1999-07-18,0.014275187
1999-07-19,0.014513126
1999-07-20,0.014594624
1999-07-21,0.014924358
1999-07-22,0.015085741
1999-07-23,0.015141348
1999-07-24,0.015145035
1999-07-25,0.01514554
1999-07-26,0.01513877
1999-07-27,0.015189789
1999-07-28,0.015238355
1999-07-29,0.015172386
1999-07-30,0.0151582165
1999-07-31,0.015159947
1999-08-01,0.015159925
1999-08-02,0.015160561
1999-08-03,0.015179372
1999-08-04,0.015168265
1999-08-05,0.0151976785
1999-08-06,0.015202353
1999-08-07,0.015201831
1999-08-08,0.015201525
1999-08-09,0.015280373
1999-08-10,0.0154434
1999-08-11,0.015449724
1999-08-12,0.015489942
1999-08-13,0.015488805
1999-08-14,0.015489736
1999-08-15,0.015489769
1999-08-16,0.015523451
1999-08-17,0.01553764
1999-08-18,0.015538902
1999-08-19,0.015530774
1999-08-20,0.015544582
1999-08-21,0.015544453
1999-08-22,0.015544453
1999-08-23,0.01555546
1999-08-24,0.015585561
1999-08-25,0.015571512
1999-08-26,0.015548721
1999-08-27,0.015549122
1999-08-28,0.015549122
1999-08-29,0.015549122
1999-08-30,0.015549523
1999-08-31,0.015548801
1999-09-01,0.016003583
1999-09-02,0.016003232
1999-09-03,0.01600454
1999-09-04,0.01600454
1999-09-05,0.016004605
1999-09-06,0.016004605
1999-09-07,0.016005125
1999-09-08,0.016014827
1999-09-09,0.016022682
1999-09-10,0.016021643
1999-09-11,0.016021643
1999-09-12,0.015987547
1999-09-13,0.015988111
1999-09-14,0.01592085
1999-09-15,0.015925314
1999-09-16,0.015967174
1999-09-17,0.01596768
1999-09-18,0.015967343
1999-09-19,0.015962958
1999-09-20,0.015964769
1999-09-21,0.01596927
1999-09-22,0.015978474
1999-09-23,0.015976768
1999-09-24,0.015974564
1999-09-25,0.015974564
1999-09-26,0.015974717
1999-09-27,0.01601425
1999-09-28,0.016014222
1999-09-29,0.0160188
1999-09-30,0.016004449
1999-10-01,0.016004331
1999-10-02,0.016000306
1999-10-03,0.016000722
1999-10-04,0.016008183
1999-10-05,0.016007267
1999-10-06,0.015984243
1999-10-07,0.015951836
1999-10-08,0.015947854
1999-10-09,0.015947854
1999-10-10,0.015942302
1999-10-11,0.015922135
1999-10-12,0.015787382
1999-10-13,0.015618287
1999-10-14,0.015521893
1999-10-15,0.0156041095
1999-10-16,0.01560732
1999-10-17,0.015607131
1999-10-18,0.015526815
1999-10-19,0.015502231
1999-10-20,0.015400929
1999-10-21,0.015443789
1999-10-22,0.015388457
1999-10-23,0.015393024
1999-10-24,0.01539272
1999-10-25,0.015485066
1999-10-26,0.015504705
1999-10-27,0.015306143
1999-10-28,0.015272022
1999-10-29,0.015241717
1999-10-30,0.015243053
1999-10-31,0.01524308
1999-11-01,0.015414387
1999-11-02,0.015457057
1999-11-03,0.015466671
1999-11-04,0.015432134
1999-11-05,0.015462734
1999-11-06,0.015462966
1999-11-07,0.015462988
1999-11-08,0.015388081
1999-11-09,0.015375424
1999-11-10,0.015353805
1999-11-11,0.015334453
1999-11-12,0.015310269
1999-11-13,0.015311676
1999-11-14,0.015311633
1999-11-15,0.015277356
1999-11-16,0.015230579
1999-11-17,0.0152197555
1999-11-18,0.015215604
1999-11-19,0.015217161
1999-11-20,0.015217445
1999-11-21,0.0152165955
1999-11-22,0.015222357
1999-11-23,0.015237396
1999-11-24,0.014758651
1999-11-25,0.014758651
1999-11-26,0.014758651
1999-11-27,0.014758651
1999-11-28,0.014758651
1999-11-29,0.014721248
1999-11-30,0.01469938
1999-12-01,0.01469612
1999-12-02,0.014689149
1999-12-03,0.014689177
1999-12-04,0.014689177
1999-12-05,0.014688503
1999-12-06,0.0146920765
1999-12-07,0.014714547
1999-12-08,0.014716534
1999-12-09,0.014714586
1999-12-10,0.014663079
1999-12-11,0.014707344
1999-12-12,0.014707344
1999-12-13,0.01470841
1999-12-14,0.014724449
1999-12-15,0.014735778
1999-12-16,0.014735209
1999-12-17,0.014715619
1999-12-18,0.0147156315
1999-12-19,0.0147156315
1999-12-20,0.014718452
1999-12-21,0.014721691
1999-12-22,0.014755957
1999-12-23,0.0147559345
1999-12-24,0.0147559345
1999-12-25,0.0147559345
1999-12-26,0.0147559345
1999-12-27,0.014755921
1999-12-28,0.01475597
1999-12-29,0.01475597
1999-12-30,0.01475597
1999-12-31,0.014754784
2000-01-01,0.01474929
2000-01-02,0.014749292
2000-01-03,0.014745325
2000-01-04,0.014746059
2000-01-05,0.014752999
2000-01-06,0.014751667
2000-01-07,0.0147519475
2000-01-08,0.0147519475
2000-01-09,0.0147519475
2000-01-10,0.014760654
2000-01-11,0.014765669
2000-01-12,0.0147519605
2000-01-13,0.014824682
2000-01-14,0.014829124
2000-01-15,0.014825864
2000-01-16,0.014825873
2000-01-17,0.014844822
2000-01-18,0.014882163
2000-01-19,0.014903419
2000-01-20,0.014875393
2000-01-21,0.014834766
2000-01-22,0.01483478
2000-01-23,0.01483478
2000-01-24,0.014769448
2000-01-25,0.014832617
2000-01-26,0.0149014965
2000-01-27,0.014911556
2000-01-28,0.014901439
2000-01-29,0.014901569
2000-01-30,0.014901569
2000-01-31,0.014973096
2000-02-01,0.014934748
2000-02-02,0.015008594
2000-02-03,0.014791535
2000-02-04,0.014788216
2000-02-05,0.014788216
2000-02-06,0.014788216
2000-02-07,0.014775738
2000-02-08,0.014777117
2000-02-09,0.014779688
2000-02-10,0.014888417
2000-02-11,0.014878109
2000-02-12,0.014878496
2000-02-13,0.014878496
2000-02-14,0.0149201965
2000-02-15,0.014960801
2000-02-16,0.015044841
2000-02-17,0.015053766
2000-02-18,0.015051712
2000-02-19,0.015051712
2000-02-20,0.015088189
2000-02-21,0.015048692
2000-02-22,0.015088369
2000-02-23,0.015108065
2000-02-24,0.015083686
2000-02-25,0.01508989
2000-02-26,0.01508989
2000-02-27,0.0150912125
2000-02-28,0.015029694
2000-02-29,0.015083964
2000-03-01,0.01508829
2000-03-02,0.015095299
2000-03-03,0.015091584
2000-03-04,0.015091584
2000-03-05,0.015091364
2000-03-06,0.015090482
2000-03-07,0.015108569
2000-03-08,0.0151169505
2000-03-09,0.015156678
2000-03-10,0.015155354
2000-03-11,0.015155354
2000-03-12,0.015155354
2000-03-13,0.0151428925
2000-03-14,0.015212079
2000-03-15,0.015209079
2000-03-16,0.01523359
2000-03-17,0.01522388
2000-03-18,0.015223488
2000-03-19,0.015223488
2000-03-20,0.015255902
2000-03-21,0.015281936
2000-03-22,0.015278309
2000-03-23,0.0152730215
2000-03-24,0.015271492
2000-03-25,0.015271492
2000-03-26,0.015271492
2000-03-27,0.015282118
2000-03-28,0.015310865
2000-03-29,0.015294808
2000-03-30,0.015300072
2000-03-31,0.015293281
2000-04-01,0.015293281
2000-04-02,0.015293995
2000-04-03,0.015359625
2000-04-04,0.015359825
2000-04-05,0.015364756
2000-04-06,0.015377402
2000-04-07,0.015377928
2000-04-08,0.015377928
2000-04-09,0.015377928
2000-04-10,0.0153823625
2000-04-11,0.015373433
2000-04-12,0.015420392
2000-04-13,0.015478845
2000-04-14,0.015465905
2000-04-15,0.015466786
2000-04-16,0.015460366
2000-04-17,0.01536557
2000-04-18,0.015479773
2000-04-19,0.01544689
2000-04-20,0.01546018
2000-04-21,0.015458401
2000-04-22,0.015458401
2000-04-23,0.015458401
2000-04-24,0.01543371
2000-04-25,0.0154568665
2000-04-26,0.01564826
2000-04-27,0.015651066
2000-04-28,0.015644398
2000-04-29,0.015639216
2000-04-30,0.015633607
2000-05-01,0.015627488
2000-05-02,0.015735757
2000-05-03,0.0157252
2000-05-04,0.015838433
2000-05-05,0.01582819
2000-05-06,0.015828356
2000-05-07,0.015828356
2000-05-08,0.015846135
2000-05-09,0.015843837
2000-05-10,0.015787402
2000-05-11,0.015722854
2000-05-12,0.015749637
2000-05-13,0.015749915
2000-05-14,0.015748857
2000-05-15,0.01579304
2000-05-16,0.015750201
2000-05-17,0.015746288
2000-05-18,0.015698342
2000-05-19,0.015733384
2000-05-20,0.015729547
2000-05-21,0.015729547
2000-05-22,0.015734319
2000-05-23,0.01578415
2000-05-24,0.015765032
2000-05-25,0.01575719
2000-05-26,0.015763631
2000-05-27,0.015763631
2000-05-28,0.015763631
2000-05-29,0.015763631
2000-05-30,0.015758475
2000-05-31,0.01575695
2000-06-01,0.015647829
2000-06-02,0.015647061
2000-06-03,0.015647061
2000-06-04,0.015646948
2000-06-05,0.015619769
2000-06-06,0.015616046
2000-06-07,0.01563072
2000-06-08,0.015609329
2000-06-09,0.015613617
2000-06-10,0.015613617
2000-06-11,0.015613617
2000-06-12,0.015610796
2000-06-13,0.015602204
2000-06-14,0.015605466
2000-06-15,0.0155985765
2000-06-16,0.015590794
2000-06-17,0.015590794
2000-06-18,0.015590794
2000-06-19,0.01559112
2000-06-20,0.015999574
2000-06-21,0.015996395
2000-06-22,0.016013091
2000-06-23,0.016013313
2000-06-24,0.016013313
2000-06-25,0.016013313
2000-06-26,0.016005231
2000-06-27,0.016018879
2000-06-28,0.016030373
2000-06-29,0.016028535
2000-06-30,0.016028674
2000-07-01,0.016028674
2000-07-02,0.01602892
2000-07-03,0.01602892
2000-07-04,0.01602892
2000-07-05,0.016034137
2000-07-06,0.016031554
2000-07-07,0.016031738
2000-07-08,0.016031738
2000-07-09,0.016031738
2000-07-10,0.016018922
2000-07-11,0.015980802
2000-07-12,0.015955413
2000-07-13,0.016077332
2000-07-14,0.016073067
2000-07-15,0.016073026
2000-07-16,0.016073026
2000-07-17,0.01607398
2000-07-18,0.016023556
2000-07-19,0.016279552
2000-07-20,0.016099604
2000-07-21,0.01613895
2000-07-22,0.01613895
2000-07-23,0.01613895
2000-07-24,0.016195953
2000-07-25,0.016256716
2000-07-26,0.016223473
2000-07-27,0.016187722
2000-07-28,0.016187651
2000-07-29,0.016187575
2000-07-30,0.016187575
2000-07-31,0.016192768
2000-08-01,0.016170194
2000-08-02,0.016178282
2000-08-03,0.016150095
2000-08-04,0.016201224
2000-08-05,0.016201206
2000-08-06,0.016201112
2000-08-07,0.01620039
2000-08-08,0.016324667
2000-08-09,0.01634284
2000-08-10,0.01634221
2000-08-11,0.016339343
2000-08-12,0.016339654
2000-08-13,0.016339628
2000-08-14,0.016126486
2000-08-15,0.016133875
2000-08-16,0.016166445
2000-08-17,0.016101977
2000-08-18,0.0161025
2000-08-19,0.01610246
2000-08-20,0.01610246
2000-08-21,0.016104393
2000-08-22,0.016078385
2000-08-23,0.016069481
2000-08-24,0.01606636
2000-08-25,0.016064538
2000-08-26,0.016064538
2000-08-27,0.016064538
2000-08-28,0.016065398
2000-08-29,0.01606487
2000-08-30,0.016065497
2000-08-31,0.01606211
2000-09-01,0.016062139
2000-09-02,0.016062139
2000-09-03,0.016062139
2000-09-04,0.016062139
2000-09-05,0.01606489
2000-09-06,0.016066266
2000-09-07,0.016058506
2000-09-08,0.016058031
2000-09-09,0.016058031
2000-09-10,0.016058031
2000-09-11,0.016058035
2000-09-12,0.016058786
2000-09-13,0.016059833
2000-09-14,0.015645705
2000-09-15,0.015645565
2000-09-16,0.015645565
2000-09-17,0.015645565
2000-09-18,0.015645912
2000-09-19,0.015642159
2000-09-20,0.015649794
2000-09-21,0.01567004
2000-09-22,0.015669556
2000-09-23,0.015667962
2000-09-24,0.015667962
2000-09-25,0.015667936
2000-09-26,0.015666356
2000-09-27,0.015666585
2000-09-28,0.015661247
2000-09-29,0.01565897
2000-09-30,0.01565897
2000-10-01,0.01565897
2000-10-02,0.015665445
2000-10-03,0.01567736
2000-10-04,0.015730988
2000-10-05,0.015732005
2000-10-06,0.015731545
2000-10-07,0.015731545
2000-10-08,0.015731545
2000-10-09,0.015731545
2000-10-10,0.01575759
2000-10-11,0.015722472
2000-10-12,0.015637007
2000-10-13,0.015646731
2000-10-14,0.015646731
2000-10-15,0.015650772
2000-10-16,0.015651798
2000-10-17,0.015586947
2000-10-18,0.0154583985
2000-10-19,0.0156066995
2000-10-20,0.015659647
2000-10-21,0.015659647
2000-10-22,0.015659647
2000-10-23,0.015805393
2000-10-24,0.016030092
2000-10-25,0.015981883
2000-10-26,0.015984535
2000-10-27,0.015999636
2000-10-28,0.016000338
2000-10-29,0.016000338
2000-10-30,0.015736345
2000-10-31,0.015887825
2000-11-01,0.015879694
2000-11-02,0.0159357
2000-11-03,0.015938137
2000-11-04,0.015938122
2000-11-05,0.015938304
2000-11-06,0.015944479
2000-11-07,0.016008038
2000-11-08,0.016016403
2000-11-09,0.016022997
2000-11-10,0.016028468
2000-11-11,0.016030377
2000-11-12,0.016034005
2000-11-13,0.01602068
2000-11-14,0.01610118
2000-11-15,0.01611797
2000-11-16,0.016150326
2000-11-17,0.016150879
2000-11-18,0.016151454
2000-11-19,0.016151454
2000-11-20,0.016259523
2000-11-21,0.016251756
2000-11-22,0.016252019
2000-11-23,0.016254842
2000-11-24,0.016254842
2000-11-25,0.016254842
2000-11-26,0.016254842
2000-11-27,0.016254013
2000-11-28,0.016258871
2000-11-29,0.016259016
2000-11-30,0.016255999
2000-12-01,0.016257856
2000-12-02,0.016257856
2000-12-03,0.016257856
2000-12-04,0.016255807
2000-12-05,0.016248738
2000-12-06,0.0162471
2000-12-07,0.016244443
2000-12-08,0.01624386
2000-12-09,0.016243866
2000-12-10,0.016243866
2000-12-11,0.01624995
2000-12-12,0.01623577
2000-12-13,0.016238583
2000-12-14,0.01632269
2000-12-15,0.016321229
2000-12-16,0.016321182
2000-12-17,0.016321182
2000-12-18,0.016317194
2000-12-19,0.016305536
2000-12-20,0.016285384
2000-12-21,0.01627397
2000-12-22,0.016274013
2000-12-23,0.016274013
2000-12-24,0.016274013
2000-12-25,0.016274013
2000-12-26,0.016274013
2000-12-27,0.016274013
2000-12-28,0.016274562
2000-12-29,0.016274579
2000-12-30,0.016274579
2000-12-31,0.016274579
2001-01-01,0.016274579
2001-01-02,0.016267339
2001-01-03,0.01629669
2001-01-04,0.016298434
2001-01-05,0.016298441
2001-01-06,0.016298441
2001-01-07,0.0162991
2001-01-08,0.016300263
2001-01-09,0.016304865
2001-01-10,0.01626859
2001-01-11,0.016275493
2001-01-12,0.01627459
2001-01-13,0.016273806
2001-01-14,0.016273806
2001-01-15,0.016284054
2001-01-16,0.01622861
2001-01-17,0.016049791
2001-01-18,0.015964478
2001-01-19,0.015891772
2001-01-20,0.015891772
2001-01-21,0.015891492
2001-01-22,0.015815875
2001-01-23,0.015771264
2001-01-24,0.015727228
2001-01-25,0.015557427
2001-01-26,0.015566593
2001-01-27,0.015566568
2001-01-28,0.015566568
2001-01-29,0.015589883
2001-01-30,0.015530367
2001-01-31,0.01543918
2001-02-01,0.015248514
2001-02-02,0.01525563
2001-02-03,0.015255757
2001-02-04,0.015255757
2001-02-05,0.015262428
2001-02-06,0.015215976
2001-02-07,0.015189533
2001-02-08,0.01515241
2001-02-09,0.015156309
2001-02-10,0.015156309
2001-02-11,0.015156309
2001-02-12,0.01515421
2001-02-13,0.01499206
2001-02-14,0.014994377
2001-02-15,0.014965725
2001-02-16,0.014951181
2001-02-17,0.014951181
2001-02-18,0.014951181
2001-02-19,0.014958247
2001-02-20,0.01502747
2001-02-21,0.015007803
2001-02-22,0.0150179835
2001-02-23,0.015011209
2001-02-24,0.015010172
2001-02-25,0.015010172
2001-02-26,0.014961025
2001-02-27,0.014975086
2001-02-28,0.014997843
2001-03-01,0.015011815
2001-03-02,0.015012725
2001-03-03,0.015013271
2001-03-04,0.015013271
2001-03-05,0.015011781
2001-03-06,0.015054217
2001-03-07,0.015092911
2001-03-08,0.015117261
2001-03-09,0.015117715
2001-03-10,0.015137562
2001-03-11,0.015137562
2001-03-12,0.015142302
2001-03-13,0.015142052
2001-03-14,0.015137149
2001-03-15,0.015162684
2001-03-16,0.015161899
2001-03-17,0.015161924
2001-03-18,0.015161924
2001-03-19,0.015187865
2001-03-20,0.015173371
2001-03-21,0.01515386
2001-03-22,0.015110927
2001-03-23,0.015110944
2001-03-24,0.015110944
2001-03-25,0.015110944
2001-03-26,0.015121602
2001-03-27,0.01511692
2001-03-28,0.015112301
2001-03-29,0.015112352
2001-03-30,0.015114514
2001-03-31,0.01511431
2001-04-01,0.01511431
2001-04-02,0.015103928
2001-04-03,0.01510634
2001-04-04,0.015108654
2001-04-05,0.015112118
2001-04-06,0.0151104145
2001-04-07,0.0151104145
2001-04-08,0.0151104145
2001-04-09,0.015111925
2001-04-10,0.015100046
2001-04-11,0.015099926
2001-04-12,0.014996353
2001-04-13,0.014996826
2001-04-14,0.014998331
2001-04-15,0.014998331
2001-04-16,0.014985274
2001-04-17,0.014821626
2001-04-18,0.01477183
2001-04-19,0.01459176
2001-04-20,0.01464619
2001-04-21,0.014646188
2001-04-22,0.014646188
2001-04-23,0.01467512
2001-04-24,0.014459808
2001-04-25,0.014622848
2001-04-26,0.01460936
2001-04-27,0.01457766
2001-04-28,0.014603144
2001-04-29,0.014603144
2001-04-30,0.014572649
2001-05-01,0.014541154
2001-05-02,0.014489356
2001-05-03,0.014561048
2001-05-04,0.014574227
2001-05-05,0.014566808
2001-05-06,0.014568062
2001-05-07,0.014554262
2001-05-08,0.0146330055
2001-05-09,0.014628566
2001-05-10,0.014575193
2001-05-11,0.014564308
2001-05-12,0.014567396
2001-05-13,0.014567396
2001-05-14,0.014542332
2001-05-15,0.0143605545
2001-05-16,0.014278996
2001-05-17,0.015003932
2001-05-18,0.015117857
2001-05-19,0.015117857
2001-05-20,0.015117857
2001-05-21,0.015084593
2001-05-22,0.015022892
2001-05-23,0.015008231
2001-05-24,0.014951483
2001-05-25,0.015052293
2001-05-26,0.015052293
2001-05-27,0.015052293
2001-05-28,0.015052293
2001-05-29,0.015057417
2001-05-30,0.015051788
2001-05-31,0.015043957
2001-06-01,0.015055044
2001-06-02,0.015055044
2001-06-03,0.015055044
2001-06-04,0.015055179
2001-06-05,0.015021121
2001-06-06,0.015021201
2001-06-07,0.015017801
2001-06-08,0.015018618
2001-06-09,0.015018618
2001-06-10,0.015018618
2001-06-11,0.015019534
2001-06-12,0.014632533
2001-06-13,0.014630716
2001-06-14,0.014630184
2001-06-15,0.014622899
2001-06-16,0.014622899
2001-06-17,0.014622899
2001-06-18,0.014644005
2001-06-19,0.014626891
2001-06-20,0.01466472
2001-06-21,0.014679254
2001-06-22,0.014679267
2001-06-23,0.014679269
2001-06-24,0.014679269
2001-06-25,0.014672706
2001-06-26,0.01467001
2001-06-27,0.014667121
2001-06-28,0.014769961
2001-06-29,0.014768828
2001-06-30,0.0147688305
2001-07-01,0.0147688305
2001-07-02,0.014770977
2001-07-03,0.014772286
2001-07-04,0.014772286
2001-07-05,0.0147723
2001-07-06,0.014765978
2001-07-07,0.014765978
2001-07-08,0.014765978
2001-07-09,0.014769932
2001-07-10,0.014771701
2001-07-11,0.01477772
2001-07-12,0.014816531
2001-07-13,0.014864336
2001-07-14,0.014864372
2001-07-15,0.0148673095
2001-07-16,0.014862818
2001-07-17,0.014918693
2001-07-18,0.014844799
2001-07-19,0.014635362
2001-07-20,0.01453936
2001-07-21,0.014539136
2001-07-22,0.014539136
2001-07-23,0.014429636
2001-07-24,0.0143214315
2001-07-25,0.014336121
2001-07-26,0.014205302
2001-07-27,0.014216759
2001-07-28,0.014216561
2001-07-29,0.014216561
2001-07-30,0.014205969
2001-07-31,0.014267618
2001-08-01,0.014203851
2001-08-02,0.01420811
2001-08-03,0.014209387
2001-08-04,0.014209516
2001-08-05,0.014208896
2001-08-06,0.0142201325
2001-08-07,0.014126995
2001-08-08,0.014133547
2001-08-09,0.014065515
2001-08-10,0.014066951
2001-08-11,0.014066297
2001-08-12,0.014066297
2001-08-13,0.014083549
2001-08-14,0.014140895
2001-08-15,0.014169555
2001-08-16,0.014172739
2001-08-17,0.014173226
2001-08-18,0.014173171
2001-08-19,0.014173171
2001-08-20,0.0141938655
2001-08-21,0.014188881
2001-08-22,0.014190905
2001-08-23,0.014187413
2001-08-24,0.014209809
2001-08-25,0.014209809
2001-08-26,0.014209809
2001-08-27,0.014210136
2001-08-28,0.014205732
2001-08-29,0.014201748
2001-08-30,0.01418326
2001-08-31,0.014196272
2001-09-01,0.014196272
2001-09-02,0.014196272
2001-09-03,0.014196283
2001-09-04,0.014197534
2001-09-05,0.0141985975
2001-09-06,0.014190198
2001-09-07,0.014190195
2001-09-08,0.014191137
2001-09-09,0.014191137
2001-09-10,0.014187018
2001-09-11,0.014180273
2001-09-12,0.0141786635
2001-09-13,0.0141427955
2001-09-14,0.014142057
2001-09-15,0.01414208
2001-09-16,0.01414208
2001-09-17,0.014146036
2001-09-18,0.014147946
2001-09-19,0.0141429175
2001-09-20,0.014180244
2001-09-21,0.014180003
2001-09-22,0.014180003
2001-09-23,0.014180003
2001-09-24,0.014179793
2001-09-25,0.014181671
2001-09-26,0.01418626
2001-09-27,0.014186316
2001-09-28,0.014186335
2001-09-29,0.014186335
2001-09-30,0.014186335
2001-10-01,0.014186512
2001-10-02,0.014186666
2001-10-03,0.014184858
2001-10-04,0.014186976
2001-10-05,0.0141872205
2001-10-06,0.014187247
2001-10-07,0.014187329
2001-10-08,0.014177932
2001-10-09,0.014180538
2001-10-10,0.014169314
2001-10-11,0.014100981
2001-10-12,0.014100271
2001-10-13,0.014100271
2001-10-14,0.014100271
2001-10-15,0.014105528
2001-10-16,0.0140394345
2001-10-17,0.014027813
2001-10-18,0.01400228
2001-10-19,0.014084891
2001-10-20,0.014084795
2001-10-21,0.014084795
2001-10-22,0.014057315
2001-10-23,0.013730191
2001-10-24,0.0136455875
2001-10-25,0.01357183
2001-10-26,0.01356104
2001-10-27,0.01356475
2001-10-28,0.01356475
2001-10-29,0.01352832
2001-10-30,0.013546803
2001-10-31,0.01347206
2001-11-01,0.013358599
2001-11-02,0.0133591965
2001-11-03,0.0133591965
2001-11-04,0.0133591965
2001-11-05,0.013354459
2001-11-06,0.0132414475
2001-11-07,0.0131597705
2001-11-08,0.013145769
2001-11-09,0.012943024
2001-11-10,0.012943035
2001-11-11,0.012943035
2001-11-12,0.013097434
2001-11-13,0.013059438
2001-11-14,0.01306651
2001-11-15,0.012988257
2001-11-16,0.012990973
2001-11-17,0.012990973
2001-11-18,0.012990973
2001-11-19,0.012979461
2001-11-20,0.012972121
2001-11-21,0.012977992
2001-11-22,0.012977992
2001-11-23,0.012977992
2001-11-24,0.012977992
2001-11-25,0.012977992
2001-11-26,0.012979394
2001-11-27,0.0129551375
2001-11-28,0.012955843
2001-11-29,0.012956423
2001-11-30,0.012957009
2001-12-01,0.012957009
2001-12-02,0.012957009
2001-12-03,0.0129495915
2001-12-04,0.012953975
2001-12-05,0.012957581
2001-12-06,0.012957848
2001-12-07,0.012958194
2001-12-08,0.012956856
2001-12-09,0.012956856
2001-12-10,0.0129570905
2001-12-11,0.012943584
2001-12-12,0.012944669
2001-12-13,0.012932455
2001-12-14,0.0129386205
2001-12-15,0.0129385935
2001-12-16,0.0129385935
2001-12-17,0.012940559
2001-12-18,0.012938758
2001-12-19,0.012927431
2001-12-20,0.012893572
2001-12-21,0.012893645
2001-12-22,0.012893645
2001-12-23,0.012893645
2001-12-24,0.012893645
2001-12-25,0.012893645
2001-12-26,0.012893645
2001-12-27,0.0128936535
2001-12-28,0.012893651
2001-12-29,0.012893651
2001-12-30,0.012893651
2001-12-31,0.012893651
2002-01-01,0.012893651
2002-01-02,0.012893142
2002-01-03,0.012889236
2002-01-04,0.012883119
2002-01-05,0.012883119
2002-01-06,0.012883119
2002-01-07,0.01288148
2002-01-08,0.012883525
2002-01-09,0.012884791
2002-01-10,0.012889514
2002-01-11,0.012889217
2002-01-12,0.012889217
2002-01-13,0.012889217
2002-01-14,0.012886511
2002-01-15,0.012907361
2002-01-16,0.0128546385
2002-01-17,0.012979736
2002-01-18,0.012953985
2002-01-19,0.012953985
2002-01-20,0.012953985
2002-01-21,0.012950131
2002-01-22,0.012924747
2002-01-23,0.013144519
2002-01-24,0.012956291
2002-01-25,0.012958758
2002-01-26,0.012958758
2002-01-27,0.012958758
2002-01-28,0.012954532
2002-01-29,0.012906254
2002-01-30,0.012828385
2002-01-31,0.012689285
2002-02-01,0.012684694
2002-02-02,0.012684694
2002-02-03,0.012684694
2002-02-04,0.012688866
2002-02-05,0.012610801
2002-02-06,0.012645097
2002-02-07,0.012503183
2002-02-08,0.012582357
2002-02-09,0.012582767
2002-02-10,0.012582767
2002-02-11,0.012595239
2002-02-12,0.0126287
2002-02-13,0.012666289
2002-02-14,0.012685107
2002-02-15,0.012809132
2002-02-16,0.012809132
2002-02-17,0.012809132
2002-02-18,0.012810173
2002-02-19,0.012911828
2002-02-20,0.012929227
2002-02-21,0.012938477
2002-02-22,0.01293865
2002-02-23,0.01293865
2002-02-24,0.012938589
2002-02-25,0.012933424
2002-02-26,0.012958526
2002-02-27,0.012925785
2002-02-28,0.01299791
2002-03-01,0.012997889
2002-03-02,0.012997889
2002-03-03,0.01299799
2002-03-04,0.012996191
2002-03-05,0.012988937
2002-03-06,0.013006053
2002-03-07,0.012982485
2002-03-08,0.0129823135
2002-03-09,0.0129823135
2002-03-10,0.0129823135
2002-03-11,0.013021334
2002-03-12,0.0129643185
2002-03-13,0.012964123
2002-03-14,0.012963469
2002-03-15,0.012936165
2002-03-16,0.012936165
2002-03-17,0.012936165
2002-03-18,0.0129381735
2002-03-19,0.012935389
2002-03-20,0.012911298
2002-03-21,0.012907602
2002-03-22,0.012907942
2002-03-23,0.012907949
2002-03-24,0.012907949
2002-03-25,0.012920951
2002-03-26,0.012917427
2002-03-27,0.0129185105
2002-03-28,0.012916625
2002-03-29,0.012916631
2002-03-30,0.012916631
2002-03-31,0.0128654
2002-04-01,0.012864128
2002-04-02,0.0129185
2002-04-03,0.012917787
2002-04-04,0.012917611
2002-04-05,0.01290448
2002-04-06,0.01290448
2002-04-07,0.01290448
2002-04-08,0.012905182
2002-04-09,0.012932933
2002-04-10,0.012931456
2002-04-11,0.012867793
2002-04-12,0.01286844
2002-04-13,0.01286844
2002-04-14,0.01286844
2002-04-15,0.012881896
2002-04-16,0.012972993
2002-04-17,0.012991528
2002-04-18,0.013108756
2002-04-19,0.013173959
2002-04-20,0.013173959
2002-04-21,0.013173959
2002-04-22,0.013180142
2002-04-23,0.01272101
2002-04-24,0.012619279
2002-04-25,0.012421932
2002-04-26,0.01241786
2002-04-27,0.01241786
2002-04-28,0.01241786
2002-04-29,0.012412906
2002-04-30,0.0123651335
2002-05-01,0.012404681
2002-05-02,0.0124893105
2002-05-03,0.012303217
2002-05-04,0.012303547
2002-05-05,0.012303547
2002-05-06,0.012296093
2002-05-07,0.012289456
2002-05-08,0.012307256
2002-05-09,0.012308279
2002-05-10,0.012308822
2002-05-11,0.012308822
2002-05-12,0.012308822
2002-05-13,0.012304291
2002-05-14,0.01224623
2002-05-15,0.012255407
2002-05-16,0.012225745
2002-05-17,0.012307842
2002-05-18,0.012307847
2002-05-19,0.012307847
2002-05-20,0.012289694
2002-05-21,0.012254923
2002-05-22,0.012230475
2002-05-23,0.012219311
2002-05-24,0.012215815
2002-05-25,0.012215815
2002-05-26,0.012215815
2002-05-27,0.012215889
2002-05-28,0.012216908
2002-05-29,0.012215182
2002-05-30,0.012200924
2002-05-31,0.012206882
2002-06-01,0.012206882
2002-06-02,0.012206882
2002-06-03,0.0122073395
2002-06-04,0.012208416
2002-06-05,0.012197915
2002-06-06,0.012197154
2002-06-07,0.012195464
2002-06-08,0.012195464
2002-06-09,0.012195464
2002-06-10,0.012195863
2002-06-11,0.012197035
2002-06-12,0.012239161
2002-06-13,0.0122436015
2002-06-14,0.012243562
2002-06-15,0.012243563
2002-06-16,0.012243563
2002-06-17,0.012243608
2002-06-18,0.012233278
2002-06-19,0.012239039
2002-06-20,0.012242746
2002-06-21,0.01224283
2002-06-22,0.01224283
2002-06-23,0.012243141
2002-06-24,0.012238099
2002-06-25,0.012256765
2002-06-26,0.012259735
2002-06-27,0.012274349
2002-06-28,0.012272002
2002-06-29,0.01227201
2002-06-30,0.01227201
2002-07-01,0.012276582
2002-07-02,0.012276443
2002-07-03,0.012276498
2002-07-04,0.012276498
2002-07-05,0.012276117
2002-07-06,0.012276117
2002-07-07,0.012276117
2002-07-08,0.01228045
2002-07-09,0.012289308
2002-07-10,0.012293671
2002-07-11,0.012264785
2002-07-12,0.012311945
2002-07-13,0.012311945
2002-07-14,0.012311945
2002-07-15,0.012289335
2002-07-16,0.012322837
2002-07-17,0.012351752
2002-07-18,0.012311556
2002-07-19,0.0124687785
2002-07-20,0.0124687785
2002-07-21,0.012468113
2002-07-22,0.01242058
2002-07-23,0.012521364
2002-07-24,0.012518096
2002-07-25,0.012636535
2002-07-26,0.012630109
2002-07-27,0.012630109
2002-07-28,0.012630109
2002-07-29,0.012641411
2002-07-30,0.012698896
2002-07-31,0.012742579
2002-08-01,0.012751041
2002-08-02,0.012742796
2002-08-03,0.012743032
2002-08-04,0.012743032
2002-08-05,0.012732315
2002-08-06,0.012790174
2002-08-07,0.01273683
2002-08-08,0.012723432
2002-08-09,0.012731348
2002-08-10,0.012731348
2002-08-11,0.0127314115
2002-08-12,0.012727485
2002-08-13,0.012770941
2002-08-14,0.012728603
2002-08-15,0.012725997
2002-08-16,0.0127264
2002-08-17,0.0127264
2002-08-18,0.0127264
2002-08-19,0.0127383135
2002-08-20,0.01276929
2002-08-21,0.012768342
2002-08-22,0.012760016
2002-08-23,0.012759694
2002-08-24,0.012759694
2002-08-25,0.012759694
2002-08-26,0.012759306
2002-08-27,0.012753156
2002-08-28,0.012761697
2002-08-29,0.012759595
2002-08-30,0.012755795
2002-08-31,0.012755804
2002-09-01,0.012755804
2002-09-02,0.012756084
2002-09-03,0.012755893
2002-09-04,0.012756802
2002-09-05,0.012751479
2002-09-06,0.012751489
2002-09-07,0.012751489
2002-09-08,0.012751489
2002-09-09,0.012747151
2002-09-10,0.012600374
2002-09-11,0.012599182
2002-09-12,0.012599867
2002-09-13,0.012600269
2002-09-14,0.012600269
2002-09-15,0.012600269
2002-09-16,0.012600084
2002-09-17,0.012570788
2002-09-18,0.012582252
2002-09-19,0.012562298
2002-09-20,0.01258887
2002-09-21,0.01258887
2002-09-22,0.01258887
2002-09-23,0.012628308
2002-09-24,0.012628932
2002-09-25,0.012640783
2002-09-26,0.012624094
2002-09-27,0.012622898
2002-09-28,0.012622802
2002-09-29,0.012622802
2002-09-30,0.012620983
2002-10-01,0.012622501
2002-10-02,0.012627152
2002-10-03,0.0126283
2002-10-04,0.012625557
2002-10-05,0.012625557
2002-10-06,0.012625828
2002-10-07,0.0126253
2002-10-08,0.012613523
2002-10-09,0.012624124
2002-10-10,0.012629107
2002-10-11,0.012582504
2002-10-12,0.012582504
2002-10-13,0.012582504
2002-10-14,0.012574781
2002-10-15,0.01261753
2002-10-16,0.012680388
2002-10-17,0.012995402
2002-10-18,0.012871083
2002-10-19,0.012871083
2002-10-20,0.012886753
2002-10-21,0.012929885
2002-10-22,0.013014794
2002-10-23,0.012961714
2002-10-24,0.012922125
2002-10-25,0.013336227
2002-10-26,0.013336286
2002-10-27,0.013336286
2002-10-28,0.013334989
2002-10-29,0.013515407
2002-10-30,0.013540319
2002-10-31,0.01355507
2002-11-01,0.013526994
2002-11-02,0.013527006
2002-11-03,0.013527006
2002-11-04,0.013553077
2002-11-05,0.013568414
2002-11-06,0.013554671
2002-11-07,0.013515344
2002-11-08,0.01351211
2002-11-09,0.013514483
2002-11-10,0.013514116
2002-11-11,0.013511812
2002-11-12,0.013503419
2002-11-13,0.013481479
2002-11-14,0.013472644
2002-11-15,0.013472649
2002-11-16,0.013472484
2002-11-17,0.013472484
2002-11-18,0.013456814
2002-11-19,0.013430485
2002-11-20,0.013401174
2002-11-21,0.013394027
2002-11-22,0.013398039
2002-11-23,0.013398039
2002-11-24,0.013398039
2002-11-25,0.013397444
2002-11-26,0.013401216
2002-11-27,0.013403641
2002-11-28,0.013403789
2002-11-29,0.013403724
2002-11-30,0.013403724
2002-12-01,0.013403451
2002-12-02,0.013403416
2002-12-03,0.013407805
2002-12-04,0.013409751
2002-12-05,0.013413862
2002-12-06,0.013415405
2002-12-07,0.013415405
2002-12-08,0.013415405
2002-12-09,0.013412325
2002-12-10,0.013410589
2002-12-11,0.013412302
2002-12-12,0.013394013
2002-12-13,0.013393937
2002-12-14,0.013393937
2002-12-15,0.013393937
2002-12-16,0.013394481
2002-12-17,0.013390733
2002-12-18,0.01340432
2002-12-19,0.013376678
2002-12-20,0.0133936275
2002-12-21,0.013393235
2002-12-22,0.013393235
2002-12-23,0.0133935725
2002-12-24,0.013393701
2002-12-25,0.013393558
2002-12-26,0.013393553
2002-12-27,0.01339379
2002-12-28,0.01339379
2002-12-29,0.01339379
2002-12-30,0.013393448
2002-12-31,0.013393427
2003-01-01,0.013393427
2003-01-02,0.01339343
2003-01-03,0.013391432
2003-01-04,0.013391432
2003-01-05,0.013391432
2003-01-06,0.013356371
2003-01-07,0.01336329
2003-01-08,0.013363849
2003-01-09,0.013385727
2003-01-10,0.013388506
2003-01-11,0.013388506
2003-01-12,0.013388506
2003-01-13,0.013384906
2003-01-14,0.013413928
2003-01-15,0.0134362085
2003-01-16,0.013361127
2003-01-17,0.013257441
2003-01-18,0.013257441
2003-01-19,0.013257441
2003-01-20,0.013257151
2003-01-21,0.0132225985
2003-01-22,0.013267071
2003-01-23,0.013287483
2003-01-24,0.013280697
2003-01-25,0.013280509
2003-01-26,0.013280509
2003-01-27,0.013236224
2003-01-28,0.013347133
2003-01-29,0.012941703
2003-01-30,0.01300021
2003-01-31,0.01305833
2003-02-01,0.01305834
2003-02-02,0.01305834
2003-02-03,0.013048529
2003-02-04,0.013012902
2003-02-05,0.01293918
2003-02-06,0.012929468
2003-02-07,0.012932772
2003-02-08,0.012932772
2003-02-09,0.012932772
2003-02-10,0.01293792
2003-02-11,0.012772299
2003-02-12,0.01284851
2003-02-13,0.012748765
2003-02-14,0.0127532175
2003-02-15,0.012752901
2003-02-16,0.012752901
2003-02-17,0.012753294
2003-02-18,0.012960955
2003-02-19,0.012965557
2003-02-20,0.013101843
2003-02-21,0.013102959
2003-02-22,0.013102972
2003-02-23,0.013179695
2003-02-24,0.013148377
2003-02-25,0.013159142
2003-02-26,0.013167587
2003-02-27,0.013187501
2003-02-28,0.013190137
2003-03-01,0.013190137
2003-03-02,0.013184025
2003-03-03,0.013184243
2003-03-04,0.013194566
2003-03-05,0.013212739
2003-03-06,0.013211014
2003-03-07,0.013210418
2003-03-08,0.013210199
2003-03-09,0.013211881
2003-03-10,0.013211602
2003-03-11,0.013216824
2003-03-12,0.01322586
2003-03-13,0.013248982
2003-03-14,0.013246498
2003-03-15,0.013245691
2003-03-16,0.013245691
2003-03-17,0.013241914
2003-03-18,0.013235439
2003-03-19,0.013230303
2003-03-20,0.013244211
2003-03-21,0.013229422
2003-03-22,0.013229209
2003-03-23,0.013229209
2003-03-24,0.013240851
2003-03-25,0.013236913
2003-03-26,0.013234457
2003-03-27,0.01323406
2003-03-28,0.013241703
2003-03-29,0.0132416515
2003-03-30,0.0132416515
2003-03-31,0.013245569
2003-04-01,0.013270793
2003-04-02,0.013272319
2003-04-03,0.0132731935
2003-04-04,0.013270765
2003-04-05,0.013270765
2003-04-06,0.013270765
2003-04-07,0.013271273
2003-04-08,0.013270536
2003-04-09,0.013281386
2003-04-10,0.013278591
2003-04-11,0.013290893
2003-04-12,0.013290893
2003-04-13,0.013290893
2003-04-14,0.0132399695
2003-04-15,0.013338046
2003-04-16,0.013347138
2003-04-17,0.013265276
2003-04-18,0.013265348
2003-04-19,0.013265348
2003-04-20,0.013265348
2003-04-21,0.013209044
2003-04-22,0.013027976
2003-04-23,0.013094631
2003-04-24,0.013002399
2003-04-25,0.013012214
2003-04-26,0.013012531
2003-04-27,0.013012027
2003-04-28,0.012989906
2003-04-29,0.013299046
2003-04-30,0.0133823585
2003-05-01,0.013609474
2003-05-02,0.013921451
2003-05-03,0.013921451
2003-05-04,0.013927089
2003-05-05,0.0139280865
2003-05-06,0.013914355
2003-05-07,0.013842935
2003-05-08,0.013878853
2003-05-09,0.013876922
2003-05-10,0.013877075
2003-05-11,0.013877452
2003-05-12,0.013927792
2003-05-13,0.013845375
2003-05-14,0.0138122775
2003-05-15,0.013915847
2003-05-16,0.013917824
2003-05-17,0.013917836
2003-05-18,0.013917836
2003-05-19,0.013893158
2003-05-20,0.013867409
2003-05-21,0.013864331
2003-05-22,0.013850169
2003-05-23,0.013845583
2003-05-24,0.013846312
2003-05-25,0.013846312
2003-05-26,0.013846363
2003-05-27,0.01385224
2003-05-28,0.013851022
2003-05-29,0.013833845
2003-05-30,0.013830211
2003-05-31,0.013830065
2003-06-01,0.01383007
2003-06-02,0.013830257
2003-06-03,0.013830157
2003-06-04,0.013830584
2003-06-05,0.013830379
2003-06-06,0.01383039
2003-06-07,0.01383039
2003-06-08,0.01383039
2003-06-09,0.013831864
2003-06-10,0.013836552
2003-06-11,0.013867856
2003-06-12,0.013893218
2003-06-13,0.013892978
2003-06-14,0.013892978
2003-06-15,0.013892978
2003-06-16,0.013892252
2003-06-17,0.013889641
2003-06-18,0.013856906
2003-06-19,0.013985909
2003-06-20,0.013987087
2003-06-21,0.013987087
2003-06-22,0.013987087
2003-06-23,0.01398371
2003-06-24,0.0139922155
2003-06-25,0.013978442
2003-06-26,0.01399081
2003-06-27,0.013992752
2003-06-28,0.013992752
2003-06-29,0.013992752
2003-06-30,0.01399475
2003-07-01,0.013989522
2003-07-02,0.013989905
2003-07-03,0.013990139
2003-07-04,0.013990581
2003-07-05,0.013990581
2003-07-06,0.013990581
2003-07-07,0.013991956
2003-07-08,0.0139999585
2003-07-09,0.013997639
2003-07-10,0.013969104
2003-07-11,0.013975698
2003-07-12,0.013975698
2003-07-13,0.013975698
2003-07-14,0.013981752
2003-07-15,0.013902637
2003-07-16,0.01390337
2003-07-17,0.013911028
2003-07-18,0.013923832
2003-07-19,0.013923782
2003-07-20,0.013923838
2003-07-21,0.013985294
2003-07-22,0.013978091
2003-07-23,0.014024311
2003-07-24,0.013574582
2003-07-25,0.013810338
2003-07-26,0.013810338
2003-07-27,0.013810338
2003-07-28,0.013823353
2003-07-29,0.013641769
2003-07-30,0.013603696
2003-07-31,0.013369684
2003-08-01,0.013340818
2003-08-02,0.013340751
2003-08-03,0.013340751
2003-08-04,0.01333125
2003-08-05,0.013313849
2003-08-06,0.013310075
2003-08-07,0.013325951
2003-08-08,0.013361808
2003-08-09,0.013363943
2003-08-10,0.013363943
2003-08-11,0.013369903
2003-08-12,0.013378987
2003-08-13,0.013414132
2003-08-14,0.013468264
2003-08-15,0.013465634
2003-08-16,0.013468511
2003-08-17,0.013469318
2003-08-18,0.0134890685
2003-08-19,0.013507502
2003-08-20,0.013508408
2003-08-21,0.013495043
2003-08-22,0.0134943
2003-08-23,0.0134943
2003-08-24,0.0134943
2003-08-25,0.013495469
2003-08-26,0.013446911
2003-08-27,0.013445373
2003-08-28,0.013450536
2003-08-29,0.013453556
2003-08-30,0.013453556
2003-08-31,0.013453556
2003-09-01,0.013453556
2003-09-02,0.013454134
2003-09-03,0.01346285
2003-09-04,0.013464455
2003-09-05,0.013464068
2003-09-06,0.013463668
2003-09-07,0.013463668
2003-09-08,0.013461026
2003-09-09,0.013429231
2003-09-10,0.013428927
2003-09-11,0.013425302
2003-09-12,0.013388534
2003-09-13,0.013388534
2003-09-14,0.013388534
2003-09-15,0.013388807
2003-09-16,0.013380604
2003-09-17,0.013372885
2003-09-18,0.013423902
2003-09-19,0.0134238135
2003-09-20,0.013424801
2003-09-21,0.013424801
2003-09-22,0.013432421
2003-09-23,0.013432715
2003-09-24,0.0134384455
2003-09-25,0.013438622
2003-09-26,0.013437814
2003-09-27,0.013437814
2003-09-28,0.013437873
2003-09-29,0.013436165
2003-09-30,0.013417271
2003-10-01,0.013417671
2003-10-02,0.01341749
2003-10-03,0.013418074
2003-10-04,0.013418074
2003-10-05,0.013418074
2003-10-06,0.013418187
2003-10-07,0.013434093
2003-10-08,0.013443256
2003-10-09,0.0134858275
2003-10-10,0.013491951
2003-10-11,0.013491951
2003-10-12,0.013491951
2003-10-13,0.013488985
2003-10-14,0.013625801
2003-10-15,0.013554764
2003-10-16,0.013577925
2003-10-17,0.013571551
2003-10-18,0.013571551
2003-10-19,0.013571551
2003-10-20,0.013598439
2003-10-21,0.013629119
2003-10-22,0.013554518
2003-10-23,0.013677212
2003-10-24,0.013692816
2003-10-25,0.013692816
2003-10-26,0.013692816
2003-10-27,0.013765509
2003-10-28,0.013888848
2003-10-29,0.01389212
2003-10-30,0.013865888
2003-10-31,0.013893962
2003-11-01,0.013893962
2003-11-02,0.013893962
2003-11-03,0.0138924215
2003-11-04,0.0139347995
2003-11-05,0.014028355
2003-11-06,0.014019509
2003-11-07,0.013972267
2003-11-08,0.013972267
2003-11-09,0.013972267
2003-11-10,0.013980352
2003-11-11,0.0139900865
2003-11-12,0.014007354
2003-11-13,0.014043531
2003-11-14,0.01395822
2003-11-15,0.013958257
2003-11-16,0.013958257
2003-11-17,0.013943399
2003-11-18,0.013927188
2003-11-19,0.013977774
2003-11-20,0.013974362
2003-11-21,0.013974405
2003-11-22,0.013974405
2003-11-23,0.013974405
2003-11-24,0.013984501
2003-11-25,0.0139775295
2003-11-26,0.013980617
2003-11-27,0.013980617
2003-11-28,0.013980617
2003-11-29,0.013980617
2003-11-30,0.013980617
2003-12-01,0.013979894
2003-12-02,0.013984969
2003-12-03,0.013985724
2003-12-04,0.013996171
2003-12-05,0.01399141
2003-12-06,0.01399141
2003-12-07,0.01399141
2003-12-08,0.013964249
2003-12-09,0.013942014
2003-12-10,0.013941303
2003-12-11,0.013943699
2003-12-12,0.0139437895
2003-12-13,0.0139437895
2003-12-14,0.0139437895
2003-12-15,0.013964821
2003-12-16,0.013965612
2003-12-17,0.013968848
2003-12-18,0.01392848
2003-12-19,0.013931447
2003-12-20,0.013931447
2003-12-21,0.013931447
2003-12-22,0.013936297
2003-12-23,0.013909334
2003-12-24,0.0139093455
2003-12-25,0.0139093455
2003-12-26,0.0139093455
2003-12-27,0.0139093455
2003-12-28,0.0139093455
2003-12-29,0.0139126545
2003-12-30,0.013912535
2003-12-31,0.013912535
2004-01-01,0.013912535
2004-01-02,0.013912535
2004-01-03,0.013912535
2004-01-04,0.013912535
2004-01-05,0.013907804
2004-01-06,0.013912488
2004-01-07,0.013912045
2004-01-08,0.013912637
2004-01-09,0.013911555
2004-01-10,0.013911555
2004-01-11,0.013911555
2004-01-12,0.013911303
2004-01-13,0.013915386
2004-01-14,0.013954914
2004-01-15,0.01402568
2004-01-16,0.014063157
2004-01-17,0.014063157
2004-01-18,0.014063157
2004-01-19,0.0140675595
2004-01-20,0.014071571
2004-01-21,0.014113362
2004-01-22,0.013795056
2004-01-23,0.013812838
2004-01-24,0.0137979835
2004-01-25,0.0137979835
2004-01-26,0.013773258
2004-01-27,0.013776876
2004-01-28,0.013823194
2004-01-29,0.014380648
2004-01-30,0.014378164
2004-01-31,0.014378164
2004-02-01,0.014378164
2004-02-02,0.014372787
2004-02-03,0.014434866
2004-02-04,0.014337275
2004-02-05,0.0142864045
2004-02-06,0.014288827
2004-02-07,0.014288827
2004-02-08,0.014288827
2004-02-09,0.014278793
2004-02-10,0.014212039
2004-02-11,0.014080327
2004-02-12,0.014102835
2004-02-13,0.014148695
2004-02-14,0.014148712
2004-02-15,0.014148712
2004-02-16,0.014148128
2004-02-17,0.014169798
2004-02-18,0.014165905
2004-02-19,0.014189999
2004-02-20,0.014194601
2004-02-21,0.014194601
2004-02-22,0.014194601
2004-02-23,0.014193701
2004-02-24,0.014184891
2004-02-25,0.014201799
2004-02-26,0.014242268
2004-02-27,0.014249735
2004-02-28,0.014249214
2004-02-29,0.014249214
2004-03-01,0.0142480815
2004-03-02,0.01425135
2004-03-03,0.014256543
2004-03-04,0.014252212
2004-03-05,0.014251058
2004-03-06,0.014251289
2004-03-07,0.0142513765
2004-03-08,0.014089715
2004-03-09,0.014090578
2004-03-10,0.014091556
2004-03-11,0.014117529
2004-03-12,0.014115633
2004-03-13,0.014115633
2004-03-14,0.014115633
2004-03-15,0.014124114
2004-03-16,0.014103633
2004-03-17,0.014123587
2004-03-18,0.014161756
2004-03-19,0.014160389
2004-03-20,0.014160389
2004-03-21,0.014160389
2004-03-22,0.01423916
2004-03-23,0.014234496
2004-03-24,0.014233863
2004-03-25,0.014238994
2004-03-26,0.014235175
2004-03-27,0.014235175
2004-03-28,0.014235175
2004-03-29,0.014238201
2004-03-30,0.014236997
2004-03-31,0.0142822685
2004-04-01,0.014283652
2004-04-02,0.014283483
2004-04-03,0.014283494
2004-04-04,0.014289322
2004-04-05,0.014289396
2004-04-06,0.014290721
2004-04-07,0.014287614
2004-04-08,0.01415916
2004-04-09,0.014158499
2004-04-10,0.014158499
2004-04-11,0.014158499
2004-04-12,0.014145926
2004-04-13,0.014165023
2004-04-14,0.014144442
2004-04-15,0.013984006
2004-04-16,0.013978268
2004-04-17,0.013978268
2004-04-18,0.013978753
2004-04-19,0.0139240585
2004-04-20,0.014037346
2004-04-21,0.014276233
2004-04-22,0.014308229
2004-04-23,0.014316601
2004-04-24,0.014316601
2004-04-25,0.014316601
2004-04-26,0.014369527
2004-04-27,0.014500935
2004-04-28,0.014494932
2004-04-29,0.01455029
2004-04-30,0.014599266
2004-05-01,0.014601473
2004-05-02,0.014603387
2004-05-03,0.014610294
2004-05-04,0.01484682
2004-05-05,0.014852416
2004-05-06,0.014886675
2004-05-07,0.014876433
2004-05-08,0.01487766
2004-05-09,0.01487766
2004-05-10,0.014756441
2004-05-11,0.014741968
2004-05-12,0.014707892
2004-05-13,0.014592566
2004-05-14,0.014593264
2004-05-15,0.014593264
2004-05-16,0.014593264
2004-05-17,0.014565407
2004-05-18,0.014544257
2004-05-19,0.014539044
2004-05-20,0.014518415
2004-05-21,0.014518044
2004-05-22,0.014518044
2004-05-23,0.014518044
2004-05-24,0.014519685
2004-05-25,0.01451889
2004-05-26,0.014523513
2004-05-27,0.014512909
2004-05-28,0.014523247
2004-05-29,0.014523247
2004-05-30,0.014523165
2004-05-31,0.014523165
2004-06-01,0.01452546
2004-06-02,0.01451745
2004-06-03,0.014525294
2004-06-04,0.014522914
2004-06-05,0.014522906
2004-06-06,0.014522906
2004-06-07,0.014525186
2004-06-08,0.014525472
2004-06-09,0.0145665025
2004-06-10,0.014567231
2004-06-11,0.014570384
2004-06-12,0.014570384
2004-06-13,0.014570384
2004-06-14,0.014574826
2004-06-15,0.014603872
2004-06-16,0.014577196
2004-06-17,0.014591308
2004-06-18,0.014610365
2004-06-19,0.014610365
2004-06-20,0.014610365
2004-06-21,0.014605943
2004-06-22,0.014621585
2004-06-23,0.014639517
2004-06-24,0.014649022
2004-06-25,0.014648595
2004-06-26,0.014648595
2004-06-27,0.014648595
2004-06-28,0.014649435
2004-06-29,0.014648206
2004-06-30,0.014604399
2004-07-01,0.014600431
2004-07-02,0.014600431
2004-07-03,0.014600431
2004-07-04,0.014600431
2004-07-05,0.014600431
2004-07-06,0.014600774
2004-07-07,0.014611834
2004-07-08,0.014621661
2004-07-09,0.014606592
2004-07-10,0.014606592
2004-07-11,0.014606592
2004-07-12,0.014578091
2004-07-13,0.014585444
2004-07-14,0.014588478
2004-07-15,0.014675498
2004-07-16,0.014681234
2004-07-17,0.014694529
2004-07-18,0.014694529
2004-07-19,0.014737766
2004-07-20,0.014850216
2004-07-21,0.015085185
2004-07-22,0.015089859
2004-07-23,0.015162639
2004-07-24,0.015162262
2004-07-25,0.015162262
2004-07-26,0.01516115
2004-07-27,0.015287584
2004-07-28,0.0153321
2004-07-29,0.015493957
2004-07-30,0.015628139
2004-07-31,0.015628519
2004-08-01,0.015631294
2004-08-02,0.015601951
2004-08-03,0.01532968
2004-08-04,0.015336178
2004-08-05,0.015394963
2004-08-06,0.015427707
2004-08-07,0.015427459
2004-08-08,0.015427459
2004-08-09,0.015436086
2004-08-10,0.01545005
2004-08-11,0.015458001
2004-08-12,0.015618623
2004-08-13,0.01561447
2004-08-14,0.015614628
2004-08-15,0.015614628
2004-08-16,0.015628416
2004-08-17,0.015655238
2004-08-18,0.015739497
2004-08-19,0.015728047
2004-08-20,0.0157278
2004-08-21,0.0157278
2004-08-22,0.0157278
2004-08-23,0.01571876
2004-08-24,0.015720563
2004-08-25,0.015720544
2004-08-26,0.015720224
2004-08-27,0.015720341
2004-08-28,0.015720341
2004-08-29,0.015720341
2004-08-30,0.01572082
2004-08-31,0.01572035
2004-09-01,0.01572063
2004-09-02,0.015745131
2004-09-03,0.015810378
2004-09-04,0.015810378
2004-09-05,0.015810378
2004-09-06,0.01580804
2004-09-07,0.015804898
2004-09-08,0.015805667
2004-09-09,0.015806846
2004-09-10,0.015807785
2004-09-11,0.015807785
2004-09-12,0.015807785
2004-09-13,0.015800372
2004-09-14,0.015749117
2004-09-15,0.015751662
2004-09-16,0.015752867
2004-09-17,0.015806569
2004-09-18,0.015806569
2004-09-19,0.015806569
2004-09-20,0.015809102
2004-09-21,0.01580831
2004-09-22,0.015807291
2004-09-23,0.015801424
2004-09-24,0.015801456
2004-09-25,0.015801456
2004-09-26,0.015801456
2004-09-27,0.015799353
2004-09-28,0.015802864
2004-09-29,0.015803626
2004-09-30,0.015803501
2004-10-01,0.01582704
2004-10-02,0.015826987
2004-10-03,0.015826987
2004-10-04,0.015826736
2004-10-05,0.015820425
2004-10-06,0.015825756
2004-10-07,0.015820611
2004-10-08,0.01578752
2004-10-09,0.015787542
2004-10-10,0.015787542
2004-10-11,0.015786657
2004-10-12,0.015797773
2004-10-13,0.015799921
2004-10-14,0.01567982
2004-10-15,0.015677856
2004-10-16,0.015677858
2004-10-17,0.015677858
2004-10-18,0.015717138
2004-10-19,0.015660742
2004-10-20,0.015826244
2004-10-21,0.015836021
2004-10-22,0.015820159
2004-10-23,0.015820159
2004-10-24,0.015820159
2004-10-25,0.015837038
2004-10-26,0.015884986
2004-10-27,0.015937412
2004-10-28,0.0161031
2004-10-29,0.01606486
2004-10-30,0.01606486
2004-10-31,0.01606486
2004-11-01,0.01602111
2004-11-02,0.016002448
2004-11-03,0.015968774
2004-11-04,0.015963025
2004-11-05,0.016027194
2004-11-06,0.01603086
2004-11-07,0.016030949
2004-11-08,0.015995052
2004-11-09,0.016024165
2004-11-10,0.016030284
2004-11-11,0.01602167
2004-11-12,0.016023515
2004-11-13,0.016023701
2004-11-14,0.016023701
2004-11-15,0.01600848
2004-11-16,0.016004108
2004-11-17,0.016035642
2004-11-18,0.016037893
2004-11-19,0.016038049
2004-11-20,0.016038049
2004-11-21,0.016038049
2004-11-22,0.016049104
2004-11-23,0.016054912
2004-11-24,0.016055834
2004-11-25,0.016055815
2004-11-26,0.016055945
2004-11-27,0.016055945
2004-11-28,0.016055945
2004-11-29,0.016054519
2004-11-30,0.016093042
2004-12-01,0.01609402
2004-12-02,0.016097324
2004-12-03,0.016096175
2004-12-04,0.016096197
2004-12-05,0.016096197
2004-12-06,0.016097061
2004-12-07,0.016096432
2004-12-08,0.016093494
2004-12-09,0.01608995
2004-12-10,0.016089998
2004-12-11,0.016089998
2004-12-12,0.016089998
2004-12-13,0.016114162
2004-12-14,0.016114186
2004-12-15,0.01612576
2004-12-16,0.01607292
2004-12-17,0.016073292
2004-12-18,0.016073292
2004-12-19,0.016073292
2004-12-20,0.016074806
2004-12-21,0.016095247
2004-12-22,0.01610514
2004-12-23,0.016107619
2004-12-24,0.016107619
2004-12-25,0.016107619
2004-12-26,0.016107619
2004-12-27,0.016107062
2004-12-28,0.016107066
2004-12-29,0.016107092
2004-12-30,0.016107086
2004-12-31,0.016107086
2005-01-01,0.016107086
2005-01-02,0.016107086
2005-01-03,0.01610588
2005-01-04,0.016104588
2005-01-05,0.016105348
2005-01-06,0.016101945
2005-01-07,0.01610306
2005-01-08,0.01610306
2005-01-09,0.01610306
2005-01-10,0.016105058
2005-01-11,0.016121058
2005-01-12,0.01613889
2005-01-13,0.016079353
2005-01-14,0.0160808
2005-01-15,0.0160808
2005-01-16,0.0160808
2005-01-17,0.0160808
2005-01-18,0.01621995
2005-01-19,0.01611278
2005-01-20,0.016095746
2005-01-21,0.016187038
2005-01-22,0.016187038
2005-01-23,0.016187038
2005-01-24,0.016179593
2005-01-25,0.016005063
2005-01-26,0.016000552
2005-01-27,0.016282609
2005-01-28,0.016350595
2005-01-29,0.01635193
2005-01-30,0.01635193
2005-01-31,0.016564975
2005-02-01,0.016584577
2005-02-02,0.016522141
2005-02-03,0.016252337
2005-02-04,0.01629655
2005-02-05,0.01629567
2005-02-06,0.01629567
2005-02-07,0.016289249
2005-02-08,0.016108995
2005-02-09,0.01614209
2005-02-10,0.016182639
2005-02-11,0.016192792
2005-02-12,0.016192941
2005-02-13,0.01619255
2005-02-14,0.016190436
2005-02-15,0.016167631
2005-02-16,0.016184775
2005-02-17,0.016277174
2005-02-18,0.016279021
2005-02-19,0.016279021
2005-02-20,0.016279021
2005-02-21,0.01628059
2005-02-22,0.016325936
2005-02-23,0.016353926
2005-02-24,0.016406843
2005-02-25,0.01643916
2005-02-26,0.01643916
2005-02-27,0.01643916
2005-02-28,0.01646824
2005-03-01,0.016483165
2005-03-02,0.016511654
2005-03-03,0.016503874
2005-03-04,0.016517038
2005-03-05,0.016517038
2005-03-06,0.016517038
2005-03-07,0.01668492
2005-03-08,0.016703254
2005-03-09,0.016680675
2005-03-10,0.01670114
2005-03-11,0.016702957
2005-03-12,0.016702957
2005-03-13,0.01670311
2005-03-14,0.01670264
2005-03-15,0.016711447
2005-03-16,0.016721811
2005-03-17,0.016746802
2005-03-18,0.01674638
2005-03-19,0.01674638
2005-03-20,0.01674638
2005-03-21,0.016743394
2005-03-22,0.016672967
2005-03-23,0.016672565
2005-03-24,0.016669348
2005-03-25,0.016669659
2005-03-26,0.016669659
2005-03-27,0.016669659
2005-03-28,0.016684182
2005-03-29,0.016677156
2005-03-30,0.016674204
2005-03-31,0.016666854
2005-04-01,0.016697468
2005-04-02,0.016696742
2005-04-03,0.016696742
2005-04-04,0.016697532
2005-04-05,0.016695082
2005-04-06,0.016702611
2005-04-07,0.016713217
2005-04-08,0.016713206
2005-04-09,0.016713206
2005-04-10,0.016713206
2005-04-11,0.016720446
2005-04-12,0.016699115
2005-04-13,0.016692689
2005-04-14,0.016557055
2005-04-15,0.016344331
2005-04-16,0.016344331
2005-04-17,0.016344331
2005-04-18,0.016323337
2005-04-19,0.016176935
2005-04-20,0.016232634
2005-04-21,0.016394906
2005-04-22,0.01636565
2005-04-23,0.016365997
2005-04-24,0.016368998
2005-04-25,0.016378677
2005-04-26,0.016608378
2005-04-27,0.016568428
2005-04-28,0.016803345
2005-04-29,0.016747026
2005-04-30,0.016739605
2005-05-01,0.016739605
2005-05-02,0.016672779
2005-05-03,0.016512519
2005-05-04,0.016496358
2005-05-05,0.016540319
2005-05-06,0.01655237
2005-05-07,0.016552338
2005-05-08,0.016552212
2005-05-09,0.016417582
2005-05-10,0.016415564
2005-05-11,0.016278364
2005-05-12,0.016200949
2005-05-13,0.016183134
2005-05-14,0.016183028
2005-05-15,0.01618303
2005-05-16,0.016125217
2005-05-17,0.016108071
2005-05-18,0.016117742
2005-05-19,0.015970623
2005-05-20,0.0159707
2005-05-21,0.0159707
2005-05-22,0.0159707
2005-05-23,0.015965525
2005-05-24,0.015936803
2005-05-25,0.015924945
2005-05-26,0.0158387
2005-05-27,0.015834616
2005-05-28,0.015834616
2005-05-29,0.015834616
2005-05-30,0.015834616
2005-05-31,0.015820343
2005-06-01,0.015828803
2005-06-02,0.015834073
2005-06-03,0.015832815
2005-06-04,0.015832815
2005-06-05,0.015832815
2005-06-06,0.015830558
2005-06-07,0.01578062
2005-06-08,0.015819708
2005-06-09,0.015825065
2005-06-10,0.01582237
2005-06-11,0.01582237
2005-06-12,0.01582237
2005-06-13,0.01584698
2005-06-14,0.015820108
2005-06-15,0.015819037
2005-06-16,0.015825056
2005-06-17,0.015825747
2005-06-18,0.015825747
2005-06-19,0.015825747
2005-06-20,0.015827095
2005-06-21,0.015845686
2005-06-22,0.015840283
2005-06-23,0.015829362
2005-06-24,0.015829746
2005-06-25,0.015829746
2005-06-26,0.015829746
2005-06-27,0.015830612
2005-06-28,0.015835116
2005-06-29,0.015951155
2005-06-30,0.01594942
2005-07-01,0.015949672
2005-07-02,0.015949698
2005-07-03,0.015949698
2005-07-04,0.015949698
2005-07-05,0.015953073
2005-07-06,0.015954133
2005-07-07,0.015988033
2005-07-08,0.015988061
2005-07-09,0.015988061
2005-07-10,0.015988061
2005-07-11,0.01598541
2005-07-12,0.016007576
2005-07-13,0.016020704
2005-07-14,0.016039144
2005-07-15,0.016073264
2005-07-16,0.016073264
2005-07-17,0.016075322
2005-07-18,0.016108438
2005-07-19,0.016266128
2005-07-20,0.016569855
2005-07-21,0.016947199
2005-07-22,0.016827103
2005-07-23,0.016830785
2005-07-24,0.016830785
2005-07-25,0.017033493
2005-07-26,0.017056536
2005-07-27,0.017172066
2005-07-28,0.017081203
2005-07-29,0.01696935
2005-07-30,0.016953174
2005-07-31,0.016953174
2005-08-01,0.016930876
2005-08-02,0.017057585
2005-08-03,0.017101165
2005-08-04,0.017073583
2005-08-05,0.017050218
2005-08-06,0.017050024
2005-08-07,0.017050788
2005-08-08,0.01704504
2005-08-09,0.017104883
2005-08-10,0.01714126
2005-08-11,0.017155306
2005-08-12,0.017153524
2005-08-13,0.017154416
2005-08-14,0.017154416
2005-08-15,0.017182874
2005-08-16,0.017146062
2005-08-17,0.017157821
2005-08-18,0.017152939
2005-08-19,0.017153243
2005-08-20,0.017153487
2005-08-21,0.017153487
2005-08-22,0.017148733
2005-08-23,0.017069485
2005-08-24,0.017053895
2005-08-25,0.017069254
2005-08-26,0.017065374
2005-08-27,0.017065374
2005-08-28,0.017065374
2005-08-29,0.017064838
2005-08-30,0.017069345
2005-08-31,0.017073652
2005-09-01,0.017073445
2005-09-02,0.017072976
2005-09-03,0.017072976
2005-09-04,0.017072976
2005-09-05,0.017072976
2005-09-06,0.017071875
2005-09-07,0.017079595
2005-09-08,0.017082527
2005-09-09,0.017082429
2005-09-10,0.017082429
2005-09-11,0.017082429
2005-09-12,0.017079214
2005-09-13,0.017075365
2005-09-14,0.017074164
2005-09-15,0.017072804
2005-09-16,0.017072968
2005-09-17,0.017073013
2005-09-18,0.017073013
2005-09-19,0.017142335
2005-09-20,0.017135447
2005-09-21,0.01715053
2005-09-22,0.017099762
2005-09-23,0.017099597
2005-09-24,0.017099597
2005-09-25,0.017099597
2005-09-26,0.017097723
2005-09-27,0.017103016
2005-09-28,0.01710162
2005-09-29,0.017063605
2005-09-30,0.017062686
2005-10-01,0.017062686
2005-10-02,0.017062686
2005-10-03,0.017059322
2005-10-04,0.01706336
2005-10-05,0.017064279
2005-10-06,0.017070724
2005-10-07,0.017070666
2005-10-08,0.017070666
2005-10-09,0.017070666
2005-10-10,0.017057711
2005-10-11,0.017067228
2005-10-12,0.017064642
2005-10-13,0.01704998
2005-10-14,0.01720809
2005-10-15,0.017207911
2005-10-16,0.017207911
2005-10-17,0.017210614
2005-10-18,0.017230788
2005-10-19,0.017230615
2005-10-20,0.01709879
2005-10-21,0.01708732
2005-10-22,0.017086288
2005-10-23,0.017086163
2005-10-24,0.017002389
2005-10-25,0.01710696
2005-10-26,0.017097566
2005-10-27,0.0175877
2005-10-28,0.017583162
2005-10-29,0.01758693
2005-10-30,0.017587129
2005-10-31,0.01757672
2005-11-01,0.017644847
2005-11-02,0.017683517
2005-11-03,0.017672118
2005-11-04,0.017634306
2005-11-05,0.017634248
2005-11-06,0.017634248
2005-11-07,0.01763922
2005-11-08,0.017556276
2005-11-09,0.017481424
2005-11-10,0.017424975
2005-11-11,0.017432079
2005-11-12,0.017432079
2005-11-13,0.017432079
2005-11-14,0.01736693
2005-11-15,0.017353514
2005-11-16,0.017377838
2005-11-17,0.017374769
2005-11-18,0.017374424
2005-11-19,0.017374424
2005-11-20,0.017374424
2005-11-21,0.017387921
2005-11-22,0.017385215
2005-11-23,0.01742102
2005-11-24,0.01742102
2005-11-25,0.017421111
2005-11-26,0.017421111
2005-11-27,0.017421111
2005-11-28,0.017421544
2005-11-29,0.01742083
2005-11-30,0.01741555
2005-12-01,0.01741851
2005-12-02,0.017417712
2005-12-03,0.017417712
2005-12-04,0.017417712
2005-12-05,0.017417826
2005-12-06,0.017397223
2005-12-07,0.017394098
2005-12-08,0.017391229
2005-12-09,0.017391019
2005-12-10,0.017391019
2005-12-11,0.017391019
2005-12-12,0.017387252
2005-12-13,0.017378172
2005-12-14,0.01737734
2005-12-15,0.017421506
2005-12-16,0.017359978
2005-12-17,0.017359978
2005-12-18,0.017359978
2005-12-19,0.017358948
2005-12-20,0.017369688
2005-12-21,0.01738724
2005-12-22,0.017372722
2005-12-23,0.017375587
2005-12-24,0.017375587
2005-12-25,0.017375587
2005-12-26,0.017375587
2005-12-27,0.017375585
2005-12-28,0.017375585
2005-12-29,0.01737578
2005-12-30,0.017375793
2005-12-31,0.017375793
2006-01-01,0.017375793
2006-01-02,0.017375793
2006-01-03,0.01737612
2006-01-04,0.017379671
2006-01-05,0.01737986
2006-01-06,0.017380875
2006-01-07,0.017380875
2006-01-08,0.01738098
2006-01-09,0.017382199
2006-01-10,0.017384123
2006-01-11,0.01738461
2006-01-12,0.017389739
2006-01-13,0.017389655
2006-01-14,0.017389655
2006-01-15,0.017389655
2006-01-16,0.017389696
2006-01-17,0.017609922
2006-01-18,0.017599627
2006-01-19,0.017566742
2006-01-20,0.017623076
2006-01-21,0.017623076
2006-01-22,0.017623076
2006-01-23,0.017520167
2006-01-24,0.017405884
2006-01-25,0.01744386
2006-01-26,0.017641261
2006-01-27,0.017586967
2006-01-28,0.017588843
2006-01-29,0.017588843
2006-01-30,0.0176844
2006-01-31,0.017555946
2006-02-01,0.017497612
2006-02-02,0.017207893
2006-02-03,0.017227016
2006-02-04,0.017227016
2006-02-05,0.017227016
2006-02-06,0.017263237
2006-02-07,0.017220635
2006-02-08,0.017267384
2006-02-09,0.017256115
2006-02-10,0.017349029
2006-02-11,0.017349029
2006-02-12,0.017349029
2006-02-13,0.017411785
2006-02-14,0.017442036
2006-02-15,0.017700871
2006-02-16,0.017787967
2006-02-17,0.017493596
2006-02-18,0.017493596
2006-02-19,0.017493596
2006-02-20,0.017499264
2006-02-21,0.017570995
2006-02-22,0.017636035
2006-02-23,0.017675282
2006-02-24,0.017677445
2006-02-25,0.017677987
2006-02-26,0.017677987
2006-02-27,0.017676724
2006-02-28,0.017685784
2006-03-01,0.017678568
2006-03-02,0.017695392
2006-03-03,0.017704766
2006-03-04,0.01772131
2006-03-05,0.017724413
2006-03-06,0.018066062
2006-03-07,0.018088322
2006-03-08,0.018084249
2006-03-09,0.018100124
2006-03-10,0.01810636
2006-03-11,0.01810636
2006-03-12,0.01810636
2006-03-13,0.01809499
2006-03-14,0.018094404
2006-03-15,0.018138632
2006-03-16,0.018160531
2006-03-17,0.018158302
2006-03-18,0.018158302
2006-03-19,0.018158268
2006-03-20,0.018149134
2006-03-21,0.018158143
2006-03-22,0.01812895
2006-03-23,0.018095866
2006-03-24,0.018098466
2006-03-25,0.018098466
2006-03-26,0.018098423
2006-03-27,0.018103804
2006-03-28,0.018150657
2006-03-29,0.018144503
2006-03-30,0.018190738
2006-03-31,0.018195508
2006-04-01,0.018194659
2006-04-02,0.018194659
2006-04-03,0.018194765
2006-04-04,0.018193347
2006-04-05,0.01822944
2006-04-06,0.01831585
2006-04-07,0.018311363
2006-04-08,0.018311363
2006-04-09,0.018311372
2006-04-10,0.018354356
2006-04-11,0.018360026
2006-04-12,0.018370405
2006-04-13,0.018219505
2006-04-14,0.018214826
2006-04-15,0.018214826
2006-04-16,0.018214826
2006-04-17,0.018202001
2006-04-18,0.018060213
2006-04-19,0.01808352
2006-04-20,0.018127933
2006-04-21,0.018138489
2006-04-22,0.018138489
2006-04-23,0.018138489
2006-04-24,0.018122658
2006-04-25,0.018329045
2006-04-26,0.018220786
2006-04-27,0.018047296
2006-04-28,0.018038731
2006-04-29,0.018039236
2006-04-30,0.018039236
2006-05-01,0.018049888
2006-05-02,0.018121382
2006-05-03,0.018050468
2006-05-04,0.018016253
2006-05-05,0.017733581
2006-05-06,0.017734462
2006-05-07,0.017734462
2006-05-08,0.019371444
2006-05-09,0.019303162
2006-05-10,0.019301401
2006-05-11,0.019248119
2006-05-12,0.019244399
2006-05-13,0.019244399
2006-05-14,0.019244399
2006-05-15,0.019144984
2006-05-16,0.01911387
2006-05-17,0.019075857
2006-05-18,0.018985348
2006-05-19,0.018984873
2006-05-20,0.018981792
2006-05-21,0.018981792
2006-05-22,0.018981218
2006-05-23,0.018993003
2006-05-24,0.018980423
2006-05-25,0.018982101
2006-05-26,0.018984064
2006-05-27,0.018984064
2006-05-28,0.018984064
2006-05-29,0.018984064
2006-05-30,0.018987577
2006-05-31,0.018990481
2006-06-01,0.018974274
2006-06-02,0.01897399
2006-06-03,0.01897399
2006-06-04,0.01897399
2006-06-05,0.018975418
2006-06-06,0.018975915
2006-06-07,0.01897032
2006-06-08,0.018963952
2006-06-09,0.018965052
2006-06-10,0.018965477
2006-06-11,0.018965477
2006-06-12,0.018964503
2006-06-13,0.018934913
2006-06-14,0.018936772
2006-06-15,0.018933205
2006-06-16,0.018941147
2006-06-17,0.018941147
2006-06-18,0.018941147
2006-06-19,0.018931845
2006-06-20,0.018938761
2006-06-21,0.01893986
2006-06-22,0.018889828
2006-06-23,0.018888868
2006-06-24,0.018888908
2006-06-25,0.018888908
2006-06-26,0.018879237
2006-06-27,0.01888046
2006-06-28,0.018924778
2006-06-29,0.0189424
2006-06-30,0.018944878
2006-07-01,0.018944878
2006-07-02,0.018944878
2006-07-03,0.018944878
2006-07-04,0.018944878
2006-07-05,0.018944878
2006-07-06,0.018952418
2006-07-07,0.018952088
2006-07-08,0.018952088
2006-07-09,0.018952088
2006-07-10,0.01895105
2006-07-11,0.01896565
2006-07-12,0.018978875
2006-07-13,0.019022685
2006-07-14,0.019089842
2006-07-15,0.019089842
2006-07-16,0.019089842
2006-07-17,0.01907752
2006-07-18,0.01917405
2006-07-19,0.019230863
2006-07-20,0.019101351
2006-07-21,0.019131968
2006-07-22,0.019131407
2006-07-23,0.019131407
2006-07-24,0.019139063
2006-07-25,0.019333323
2006-07-26,0.01947771
2006-07-27,0.019580651
2006-07-28,0.019726584
2006-07-29,0.019724615
2006-07-30,0.019724615
2006-07-31,0.018100692
2006-08-01,0.018226663
2006-08-02,0.018236432
2006-08-03,0.018352369
2006-08-04,0.018367842
2006-08-05,0.018367164
2006-08-06,0.018367164
2006-08-07,0.018353043
2006-08-08,0.018367702
2006-08-09,0.0183373
2006-08-10,0.018351069
2006-08-11,0.01835141
2006-08-12,0.018351229
2006-08-13,0.018352233
2006-08-14,0.018359728
2006-08-15,0.01840242
2006-08-16,0.018357918
2006-08-17,0.018336799
2006-08-18,0.018337086
2006-08-19,0.018337086
2006-08-20,0.018337086
2006-08-21,0.018343735
2006-08-22,0.018334094
2006-08-23,0.018324198
2006-08-24,0.018436046
2006-08-25,0.018426117
2006-08-26,0.018426117
2006-08-27,0.018426117
2006-08-28,0.018425046
2006-08-29,0.018426249
2006-08-30,0.018422669
2006-08-31,0.018440358
2006-09-01,0.018442584
2006-09-02,0.018442584
2006-09-03,0.018442584
2006-09-04,0.018442584
2006-09-05,0.018450152
2006-09-06,0.018451244
2006-09-07,0.018453434
2006-09-08,0.018453415
2006-09-09,0.018453373
2006-09-10,0.018453373
2006-09-11,0.018448835
2006-09-12,0.0184439
2006-09-13,0.018544724
2006-09-14,0.018540692
2006-09-15,0.018540442
2006-09-16,0.018540442
2006-09-17,0.018540442
2006-09-18,0.01853955
2006-09-19,0.018500239
2006-09-20,0.018503819
2006-09-21,0.018563118
2006-09-22,0.01856315
2006-09-23,0.01856315
2006-09-24,0.01856315
2006-09-25,0.018558031
2006-09-26,0.018547934
2006-09-27,0.01854777
2006-09-28,0.01854538
2006-09-29,0.01854725
2006-09-30,0.01854725
2006-10-01,0.01854725
2006-10-02,0.018547188
2006-10-03,0.018554768
2006-10-04,0.018555444
2006-10-05,0.018543158
2006-10-06,0.018545382
2006-10-07,0.018545382
2006-10-08,0.018545382
2006-10-09,0.018545382
2006-10-10,0.018545318
2006-10-11,0.018549353
2006-10-12,0.018560996
2006-10-13,0.018542616
2006-10-14,0.018542644
2006-10-15,0.018542644
2006-10-16,0.018558057
2006-10-17,0.018519958
2006-10-18,0.018461723
2006-10-19,0.018517137
2006-10-20,0.018465687
2006-10-21,0.018456098
2006-10-22,0.018466441
2006-10-23,0.018583965
2006-10-24,0.018486885
2006-10-25,0.018356135
2006-10-26,0.01838957
2006-10-27,0.018282995
2006-10-28,0.018282995
2006-10-29,0.018282995
2006-10-30,0.01832162
2006-10-31,0.018433908
2006-11-01,0.018507253
2006-11-02,0.01848407
2006-11-03,0.018586438
2006-11-04,0.018586554
2006-11-05,0.018586554
2006-11-06,0.018543115
2006-11-07,0.018598855
2006-11-08,0.018612934
2006-11-09,0.01865069
2006-11-10,0.018645115
2006-11-11,0.018645115
2006-11-12,0.018645115
2006-11-13,0.018557178
2006-11-14,0.018707464
2006-11-15,0.018716559
2006-11-16,0.01874067
2006-11-17,0.018740728
2006-11-18,0.018740728
2006-11-19,0.018740728
2006-11-20,0.018743197
2006-11-21,0.018741112
2006-11-22,0.01874126
2006-11-23,0.01874126
2006-11-24,0.01874126
2006-11-25,0.01874126
2006-11-26,0.01874126
2006-11-27,0.018740298
2006-11-28,0.018744105
2006-11-29,0.01875825
2006-11-30,0.01876486
2006-12-01,0.018762419
2006-12-02,0.018764364
2006-12-03,0.018764364
2006-12-04,0.018758474
2006-12-05,0.018754104
2006-12-06,0.018756526
2006-12-07,0.018749246
2006-12-08,0.018750897
2006-12-09,0.018750897
2006-12-10,0.018750897
2006-12-11,0.018750738
2006-12-12,0.018741865
2006-12-13,0.018741842
2006-12-14,0.018745016
2006-12-15,0.018745005
2006-12-16,0.018745132
2006-12-17,0.018745132
2006-12-18,0.018759543
2006-12-19,0.01875972
2006-12-20,0.018752133
2006-12-21,0.01870384
2006-12-22,0.01870444
2006-12-23,0.01870444
2006-12-24,0.01870444
2006-12-25,0.01870444
2006-12-26,0.01870444
2006-12-27,0.018704029
2006-12-28,0.018704033
2006-12-29,0.01870409
2006-12-30,0.01870409
2006-12-31,0.01870409
2007-01-01,0.01870744
2007-01-02,0.01870744
2007-01-03,0.018706888
2007-01-04,0.018693225
2007-01-05,0.018692562
2007-01-06,0.018692562
2007-01-07,0.018692562
2007-01-08,0.018655501
2007-01-09,0.018633736
2007-01-10,0.018635398
2007-01-11,0.018632028
2007-01-12,0.018632054
2007-01-13,0.018632054
2007-01-14,0.018632054
2007-01-15,0.018632032
2007-01-16,0.018647514
2007-01-17,0.018683411
2007-01-18,0.018848343
2007-01-19,0.018821102
2007-01-20,0.018821198
2007-01-21,0.018821198
2007-01-22,0.018690104
2007-01-23,0.018682351
2007-01-24,0.01864587
2007-01-25,0.018380146
2007-01-26,0.018378224
2007-01-27,0.018378224
2007-01-28,0.018378867
2007-01-29,0.01834341
2007-01-30,0.018296337
2007-01-31,0.018281998
2007-02-01,0.018205926
2007-02-02,0.018111965
2007-02-03,0.018111965
2007-02-04,0.018111965
2007-02-05,0.018056476
2007-02-06,0.017826298
2007-02-07,0.017878002
2007-02-08,0.017902551
2007-02-09,0.017902374
2007-02-10,0.017909095
2007-02-11,0.01790913
2007-02-12,0.017906291
2007-02-13,0.017905492
2007-02-14,0.01785795
2007-02-15,0.01777275
2007-02-16,0.017751085
2007-02-17,0.017750883
2007-02-18,0.017750883
2007-02-19,0.01774672
2007-02-20,0.017840633
2007-02-21,0.0184112
2007-02-22,0.01833217
2007-02-23,0.018324528
2007-02-24,0.018324528
2007-02-25,0.018324528
2007-02-26,0.018339982
2007-02-27,0.01837569
2007-02-28,0.018386766
2007-03-01,0.018600518
2007-03-02,0.018603876
2007-03-03,0.018582625
2007-03-04,0.018582625
2007-03-05,0.01857374
2007-03-06,0.018571703
2007-03-07,0.018358925
2007-03-08,0.018333012
2007-03-09,0.018343734
2007-03-10,0.018343734
2007-03-11,0.018343734
2007-03-12,0.018325627
2007-03-13,0.018349253
2007-03-14,0.018744165
2007-03-15,0.01874732
2007-03-16,0.018743047
2007-03-17,0.018742986
2007-03-18,0.018742986
2007-03-19,0.018743489
2007-03-20,0.018745424
2007-03-21,0.01871438
2007-03-22,0.018713763
2007-03-23,0.018713703
2007-03-24,0.018713703
2007-03-25,0.018713703
2007-03-26,0.018737156
2007-03-27,0.018730689
2007-03-28,0.018740317
2007-03-29,0.01874631
2007-03-30,0.018741902
2007-03-31,0.018741902
2007-04-01,0.018741902
2007-04-02,0.018747069
2007-04-03,0.018743174
2007-04-04,0.01882139
2007-04-05,0.018816395
2007-04-06,0.018816452
2007-04-07,0.018816452
2007-04-08,0.018816452
2007-04-09,0.01879721
2007-04-10,0.018824782
2007-04-11,0.018843262
2007-04-12,0.018837495
2007-04-13,0.0187449
2007-04-14,0.0187449
2007-04-15,0.018744808
2007-04-16,0.018744001
2007-04-17,0.018673604
2007-04-18,0.018678555
2007-04-19,0.018673835
2007-04-20,0.01881075
2007-04-21,0.018811451
2007-04-22,0.018811451
2007-04-23,0.018832585
2007-04-24,0.018953335
2007-04-25,0.018809658
2007-04-26,0.018853433
2007-04-27,0.018905759
2007-04-28,0.018900923
2007-04-29,0.018900923
2007-04-30,0.018928664
2007-05-01,0.01886785
2007-05-02,0.018225987
2007-05-03,0.018164102
2007-05-04,0.018050248
2007-05-05,0.018050248
2007-05-06,0.018050248
2007-05-07,0.017993584
2007-05-08,0.017901625
2007-05-09,0.017943218
2007-05-10,0.017975127
2007-05-11,0.01779094
2007-05-12,0.017945038
2007-05-13,0.017945038
2007-05-14,0.017925097
2007-05-15,0.017834902
2007-05-16,0.01784429
2007-05-17,0.017813768
2007-05-18,0.017812885
2007-05-19,0.017812885
2007-05-20,0.017812885
2007-05-21,0.017805248
2007-05-22,0.017798532
2007-05-23,0.017716458
2007-05-24,0.01770289
2007-05-25,0.017709142
2007-05-26,0.017709142
2007-05-27,0.017709142
2007-05-28,0.017714135
2007-05-29,0.017716682
2007-05-30,0.017708916
2007-05-31,0.017669916
2007-06-01,0.017669903
2007-06-02,0.017669903
2007-06-03,0.017669903
2007-06-04,0.01767309
2007-06-05,0.01766653
2007-06-06,0.017670278
2007-06-07,0.017675314
2007-06-08,0.017672375
2007-06-09,0.017673807
2007-06-10,0.017673807
2007-06-11,0.017671596
2007-06-12,0.017668465
2007-06-13,0.017678427
2007-06-14,0.017678266
2007-06-15,0.01767868
2007-06-16,0.01767868
2007-06-17,0.01767868
2007-06-18,0.017678369
2007-06-19,0.017650941
2007-06-20,0.017670523
2007-06-21,0.01770725
2007-06-22,0.017707245
2007-06-23,0.017707245
2007-06-24,0.017707245
2007-06-25,0.017647887
2007-06-26,0.017685322
2007-06-27,0.017676683
2007-06-28,0.017685942
2007-06-29,0.017694235
2007-06-30,0.017693538
2007-07-01,0.017693538
2007-07-02,0.017690398
2007-07-03,0.017691527
2007-07-04,0.017691527
2007-07-05,0.017691478
2007-07-06,0.017695915
2007-07-07,0.017695261
2007-07-08,0.017695261
2007-07-09,0.017693387
2007-07-10,0.017685594
2007-07-11,0.017687393
2007-07-12,0.01765968
2007-07-13,0.017677173
2007-07-14,0.017677173
2007-07-15,0.01767722
2007-07-16,0.01768317
2007-07-17,0.017721806
2007-07-18,0.017773172
2007-07-19,0.017719997
2007-07-20,0.017751709
2007-07-21,0.017751709
2007-07-22,0.017751709
2007-07-23,0.017764803
2007-07-24,0.018051062
2007-07-25,0.01800283
2007-07-26,0.018111404
2007-07-27,0.018188054
2007-07-28,0.018187394
2007-07-29,0.018187394
2007-07-30,0.018270519
2007-07-31,0.018499987
2007-08-01,0.018802868
2007-08-02,0.018806854
2007-08-03,0.01880287
2007-08-04,0.018819366
2007-08-05,0.018819366
2007-08-06,0.018811611
2007-08-07,0.018838665
2007-08-08,0.018920917
2007-08-09,0.01889387
2007-08-10,0.018896714
2007-08-11,0.018894702
2007-08-12,0.018894289
2007-08-13,0.018916778
2007-08-14,0.018986177
2007-08-15,0.018973306
2007-08-16,0.01897254
2007-08-17,0.018967466
2007-08-18,0.018967466
2007-08-19,0.018967466
2007-08-20,0.018986935
2007-08-21,0.018960083
2007-08-22,0.019043952
2007-08-23,0.01903076
2007-08-24,0.019032877
2007-08-25,0.019032765
2007-08-26,0.019032765
2007-08-27,0.019032715
2007-08-28,0.01903441
2007-08-29,0.019023128
2007-08-30,0.01901947
2007-08-31,0.019020429
2007-09-01,0.019019965
2007-09-02,0.019019965
2007-09-03,0.019019965
2007-09-04,0.019024646
2007-09-05,0.019024193
2007-09-06,0.019152006
2007-09-07,0.019152611
2007-09-08,0.019153059
2007-09-09,0.019153059
2007-09-10,0.019154297
2007-09-11,0.019155594
2007-09-12,0.019154975
2007-09-13,0.019161671
2007-09-14,0.019161744
2007-09-15,0.019161787
2007-09-16,0.019161591
2007-09-17,0.019166116
2007-09-18,0.019172424
2007-09-19,0.019177144
2007-09-20,0.019185117
2007-09-21,0.019185591
2007-09-22,0.0191857
2007-09-23,0.0191857
2007-09-24,0.019184817
2007-09-25,0.019185603
2007-09-26,0.019191636
2007-09-27,0.019189334
2007-09-28,0.019189032
2007-09-29,0.01918967
2007-09-30,0.01918967
2007-10-01,0.019177275
2007-10-02,0.019183923
2007-10-03,0.019188704
2007-10-04,0.01918123
2007-10-05,0.019185454
2007-10-06,0.019185454
2007-10-07,0.019185454
2007-10-08,0.019189231
2007-10-09,0.019183945
2007-10-10,0.019197656
2007-10-11,0.019207658
2007-10-12,0.019143017
2007-10-13,0.019144908
2007-10-14,0.019144908
2007-10-15,0.019156527
2007-10-16,0.019032627
2007-10-17,0.018993815
2007-10-18,0.018945092
2007-10-19,0.018977514
2007-10-20,0.018981535
2007-10-21,0.018997436
2007-10-22,0.019107694
2007-10-23,0.018828433
2007-10-24,0.018991254
2007-10-25,0.018885467
2007-10-26,0.018912068
2007-10-27,0.018912068
2007-10-28,0.018912068
2007-10-29,0.018871617
2007-10-30,0.019066287
2007-10-31,0.019099448
2007-11-01,0.019099424
2007-11-02,0.01924331
2007-11-03,0.019243242
2007-11-04,0.019243242
2007-11-05,0.019185156
2007-11-06,0.018979954
2007-11-07,0.01895169
2007-11-08,0.018924123
2007-11-09,0.018840892
2007-11-10,0.018874636
2007-11-11,0.018874116
2007-11-12,0.018868165
2007-11-13,0.018835641
2007-11-14,0.018885013
2007-11-15,0.018869357
2007-11-16,0.018869234
2007-11-17,0.01886863
2007-11-18,0.01886863
2007-11-19,0.018876364
2007-11-20,0.018851755
2007-11-21,0.018851409
2007-11-22,0.018851409
2007-11-23,0.018851409
2007-11-24,0.018851409
2007-11-25,0.018851409
2007-11-26,0.018850194
2007-11-27,0.018850885
2007-11-28,0.018844562
2007-11-29,0.01883825
2007-11-30,0.018839903
2007-12-01,0.018840123
2007-12-02,0.018840123
2007-12-03,0.018841429
2007-12-04,0.018839555
2007-12-05,0.018842578
2007-12-06,0.018830042
2007-12-07,0.018829467
2007-12-08,0.018829467
2007-12-09,0.018829467
2007-12-10,0.018829182
2007-12-11,0.018823046
2007-12-12,0.018823255
2007-12-13,0.018812276
2007-12-14,0.01881249
2007-12-15,0.01881249
2007-12-16,0.01881249
2007-12-17,0.01880791
2007-12-18,0.01879569
2007-12-19,0.018815601
2007-12-20,0.018742366
2007-12-21,0.018744249
2007-12-22,0.018744335
2007-12-23,0.018744335
2007-12-24,0.018744335
2007-12-25,0.018744335
2007-12-26,0.018744083
2007-12-27,0.018744763
2007-12-28,0.018746125
2007-12-29,0.018746125
2007-12-30,0.018746125
2007-12-31,0.018744756
2008-01-01,0.018744756
2008-01-02,0.018744744
2008-01-03,0.01871891
2008-01-04,0.018719694
2008-01-05,0.018719694
2008-01-06,0.018719694
2008-01-07,0.01871871
2008-01-08,0.018723166
2008-01-09,0.018733634
2008-01-10,0.018734349
2008-01-11,0.01873671
2008-01-12,0.01873671
2008-01-13,0.01873671
2008-01-14,0.018729923
2008-01-15,0.018763095
2008-01-16,0.018765379
2008-01-17,0.018814089
2008-01-18,0.018870562
2008-01-19,0.018870562
2008-01-20,0.018870562
2008-01-21,0.018828463
2008-01-22,0.018852161
2008-01-23,0.019015767
2008-01-24,0.019094251
2008-01-25,0.019091168
2008-01-26,0.019069435
2008-01-27,0.019069435
2008-01-28,0.0190663
2008-01-29,0.0189738
2008-01-30,0.018772792
2008-01-31,0.018960148
2008-02-01,0.01918296
2008-02-02,0.01918296
2008-02-03,0.01918296
2008-02-04,0.019164152
2008-02-05,0.019183382
2008-02-06,0.0191389
2008-02-07,0.019166175
2008-02-08,0.019192586
2008-02-09,0.019194135
2008-02-10,0.019194135
2008-02-11,0.019176196
2008-02-12,0.01905546
2008-02-13,0.018976921
2008-02-14,0.01897859
2008-02-15,0.01899527
2008-02-16,0.01899527
2008-02-17,0.01899527
2008-02-18,0.018997002
2008-02-19,0.01904043
2008-02-20,0.018992487
2008-02-21,0.019103441
2008-02-22,0.01910596
2008-02-23,0.019105995
2008-02-24,0.019105656
2008-02-25,0.019084869
2008-02-26,0.019140508
2008-02-27,0.019255431
2008-02-28,0.019322518
2008-02-29,0.01922138
2008-03-01,0.019218212
2008-03-02,0.019218212
2008-03-03,0.019213933
2008-03-04,0.019214086
2008-03-05,0.019195499
2008-03-06,0.019189788
2008-03-07,0.019198589
2008-03-08,0.019199505
2008-03-09,0.019199505
2008-03-10,0.019203415
2008-03-11,0.019213205
2008-03-12,0.019207494
2008-03-13,0.01921184
2008-03-14,0.01921872
2008-03-15,0.01921872
2008-03-16,0.01921872
2008-03-17,0.019222932
2008-03-18,0.019150877
2008-03-19,0.019163158
2008-03-20,0.019157613
2008-03-21,0.01915791
2008-03-22,0.019158017
2008-03-23,0.019158017
2008-03-24,0.01917348
2008-03-25,0.019162128
2008-03-26,0.019159393
2008-03-27,0.019160444
2008-03-28,0.019161025
2008-03-29,0.019161124
2008-03-30,0.019161124
2008-03-31,0.019154798
2008-04-01,0.019152796
2008-04-02,0.01924817
2008-04-03,0.019245965
2008-04-04,0.019254357
2008-04-05,0.019254357
2008-04-06,0.019254357
2008-04-07,0.019235933
2008-04-08,0.019235648
2008-04-09,0.019247001
2008-04-10,0.019276176
2008-04-11,0.01905756
2008-04-12,0.01905756
2008-04-13,0.01905756
2008-04-14,0.01905569
2008-04-15,0.019064447
2008-04-16,0.018924344
2008-04-17,0.018850872
2008-04-18,0.018826861
2008-04-19,0.018826861
2008-04-20,0.018826861
2008-04-21,0.018999599
2008-04-22,0.01895761
2008-04-23,0.018966293
2008-04-24,0.018861158
2008-04-25,0.01886725
2008-04-26,0.018872302
2008-04-27,0.018872302
2008-04-28,0.018900542
2008-04-29,0.01906887
2008-04-30,0.019018753
2008-05-01,0.018849863
2008-05-02,0.018728508
2008-05-03,0.018729836
2008-05-04,0.018730368
2008-05-05,0.018720424
2008-05-06,0.018603018
2008-05-07,0.018758308
2008-05-08,0.019083323
2008-05-09,0.019141853
2008-05-10,0.019142007
2008-05-11,0.019142007
2008-05-12,0.019173171
2008-05-13,0.019094706
2008-05-14,0.019112697
2008-05-15,0.019061195
2008-05-16,0.019049758
2008-05-17,0.019049877
2008-05-18,0.019049877
2008-05-19,0.019045684
2008-05-20,0.019062625
2008-05-21,0.019140733
2008-05-22,0.019099392
2008-05-23,0.019097913
2008-05-24,0.019097913
2008-05-25,0.019097913
2008-05-26,0.019097913
2008-05-27,0.019099884
2008-05-28,0.019086905
2008-05-29,0.019075532
2008-05-30,0.019071963
2008-05-31,0.019071963
2008-06-01,0.019071963
2008-06-02,0.019072022
2008-06-03,0.019072954
2008-06-04,0.019063454
2008-06-05,0.019068042
2008-06-06,0.019058743
2008-06-07,0.019058743
2008-06-08,0.019058743
2008-06-09,0.019061023
2008-06-10,0.01906087
2008-06-11,0.019062746
2008-06-12,0.019063555
2008-06-13,0.0190635
2008-06-14,0.019064689
2008-06-15,0.019064689
2008-06-16,0.019064156
2008-06-17,0.01902504
2008-06-18,0.01902658
2008-06-19,0.019035842
2008-06-20,0.019035902
2008-06-21,0.019035902
2008-06-22,0.019035902
2008-06-23,0.01902709
2008-06-24,0.019028116
2008-06-25,0.019020345
2008-06-26,0.019021751
2008-06-27,0.019020809
2008-06-28,0.019020809
2008-06-29,0.019020809
2008-06-30,0.019076787
2008-07-01,0.019072963
2008-07-02,0.019073762
2008-07-03,0.019073492
2008-07-04,0.019073492
2008-07-05,0.019073492
2008-07-06,0.019073492
2008-07-07,0.019070033
2008-07-08,0.019096252
2008-07-09,0.01909925
2008-07-10,0.019104885
2008-07-11,0.019159665
2008-07-12,0.019159665
2008-07-13,0.019159665
2008-07-14,0.019169537
2008-07-15,0.019147918
2008-07-16,0.019175747
2008-07-17,0.01928048
2008-07-18,0.019254185
2008-07-19,0.019258864
2008-07-20,0.019258864
2008-07-21,0.019160675
2008-07-22,0.019177604
2008-07-23,0.019365976
2008-07-24,0.019523408
2008-07-25,0.019514957
2008-07-26,0.019514957
2008-07-27,0.019514957
2008-07-28,0.01955249
2008-07-29,0.019685954
2008-07-30,0.020037318
2008-07-31,0.020207798
2008-08-01,0.020217527
2008-08-02,0.020230569
2008-08-03,0.020230569
2008-08-04,0.020316819
2008-08-05,0.020275569
2008-08-06,0.020225063
2008-08-07,0.020268567
2008-08-08,0.020403853
2008-08-09,0.020406961
2008-08-10,0.020406961
2008-08-11,0.020036621
2008-08-12,0.020009646
2008-08-13,0.01993667
2008-08-14,0.019953972
2008-08-15,0.019954933
2008-08-16,0.019954933
2008-08-17,0.019954838
2008-08-18,0.02018106
2008-08-19,0.020230073
2008-08-20,0.020229723
2008-08-21,0.020236963
2008-08-22,0.020241793
2008-08-23,0.020241793
2008-08-24,0.020241793
2008-08-25,0.020242129
2008-08-26,0.020391254
2008-08-27,0.020392235
2008-08-28,0.020344287
2008-08-29,0.020343032
2008-08-30,0.020343032
2008-08-31,0.020332742
2008-09-01,0.020332742
2008-09-02,0.02033383
2008-09-03,0.020338858
2008-09-04,0.0204487
2008-09-05,0.020448787
2008-09-06,0.020448787
2008-09-07,0.020448834
2008-09-08,0.020449854
2008-09-09,0.020449594
2008-09-10,0.02045029
2008-09-11,0.020452468
2008-09-12,0.020452442
2008-09-13,0.020452442
2008-09-14,0.020452442
2008-09-15,0.020453269
2008-09-16,0.020439414
2008-09-17,0.020443846
2008-09-18,0.020444216
2008-09-19,0.020449879
2008-09-20,0.020449879
2008-09-21,0.020449879
2008-09-22,0.020427177
2008-09-23,0.020426368
2008-09-24,0.020430934
2008-09-25,0.020425731
2008-09-26,0.020425893
2008-09-27,0.020425893
2008-09-28,0.020425893
2008-09-29,0.02041375
2008-09-30,0.020420242
2008-10-01,0.020440783
2008-10-02,0.020437397
2008-10-03,0.02043654
2008-10-04,0.02043654
2008-10-05,0.02043654
2008-10-06,0.020436523
2008-10-07,0.020418543
2008-10-08,0.020425577
2008-10-09,0.020440686
2008-10-10,0.020404626
2008-10-11,0.020404626
2008-10-12,0.020404626
2008-10-13,0.020404363
2008-10-14,0.020414364
2008-10-15,0.020413833
2008-10-16,0.02041909
2008-10-17,0.020430563
2008-10-18,0.020425031
2008-10-19,0.020425031
2008-10-20,0.020436972
2008-10-21,0.02032542
2008-10-22,0.020254774
2008-10-23,0.020402601
2008-10-24,0.020439802
2008-10-25,0.020433545
2008-10-26,0.020433545
2008-10-27,0.020424264
2008-10-28,0.020451307
2008-10-29,0.020239996
2008-10-30,0.020650527
2008-10-31,0.020807896
2008-11-01,0.020808078
2008-11-02,0.020808164
2008-11-03,0.021064669
2008-11-04,0.0211743
2008-11-05,0.021156156
2008-11-06,0.021237796
2008-11-07,0.021254469
2008-11-08,0.02125771
2008-11-09,0.02125771
2008-11-10,0.021266665
2008-11-11,0.021269616
2008-11-12,0.021329826
2008-11-13,0.021286037
2008-11-14,0.021298304
2008-11-15,0.021298766
2008-11-16,0.021298766
2008-11-17,0.021251291
2008-11-18,0.021211969
2008-11-19,0.02120002
2008-11-20,0.021209605
2008-11-21,0.021211764
2008-11-22,0.021211764
2008-11-23,0.021211764
2008-11-24,0.021200476
2008-11-25,0.021186264
2008-11-26,0.021171628
2008-11-27,0.021171711
2008-11-28,0.021172604
2008-11-29,0.021172604
2008-11-30,0.021172596
2008-12-01,0.02117219
2008-12-02,0.021173935
2008-12-03,0.021162447
2008-12-04,0.021165
2008-12-05,0.021167107
2008-12-06,0.021167107
2008-12-07,0.021167107
2008-12-08,0.021156311
2008-12-09,0.021151375
2008-12-10,0.02115348
2008-12-11,0.021143481
2008-12-12,0.021143591
2008-12-13,0.021143591
2008-12-14,0.021143591
2008-12-15,0.021144442
2008-12-16,0.021133833
2008-12-17,0.021136316
2008-12-18,0.02108744
2008-12-19,0.021087075
2008-12-20,0.021087075
2008-12-21,0.021087075
2008-12-22,0.021081643
2008-12-23,0.021081721
2008-12-24,0.021081705
2008-12-25,0.021081705
2008-12-26,0.021081705
2008-12-27,0.021081705
2008-12-28,0.021081705
2008-12-29,0.021082437
2008-12-30,0.02108262
2008-12-31,0.02108262
2009-01-01,0.021082623
2009-01-02,0.021082668
2009-01-03,0.021082668
2009-01-04,0.021082668
2009-01-05,0.021068579
2009-01-06,0.021066858
2009-01-07,0.021051198
2009-01-08,0.021046452
2009-01-09,0.02104663
2009-01-10,0.02104663
2009-01-11,0.02104663
2009-01-12,0.021046605
2009-01-13,0.02104654
2009-01-14,0.02104973
2009-01-15,0.020945257
2009-01-16,0.020911144
2009-01-17,0.020911144
2009-01-18,0.020911144
2009-01-19,0.020908343
2009-01-20,0.020972652
2009-01-21,0.021022221
2009-01-22,0.020879947
2009-01-23,0.020832773
2009-01-24,0.02083279
2009-01-25,0.02083279
2009-01-26,0.020607674
2009-01-27,0.020444788
2009-01-28,0.020241994
2009-01-29,0.0199751
2009-01-30,0.019329557
2009-01-31,0.019329557
2009-02-01,0.019329557
2009-02-02,0.01922085
2009-02-03,0.019129308
2009-02-04,0.018471165
2009-02-05,0.018436242
2009-02-06,0.01840948
2009-02-07,0.01840948
2009-02-08,0.01840948
2009-02-09,0.018401055
2009-02-10,0.018354489
2009-02-11,0.01829074
2009-02-12,0.017944373
2009-02-13,0.017867452
2009-02-14,0.017867567
2009-02-15,0.017867567
2009-02-16,0.01785854
2009-02-17,0.017876364
2009-02-18,0.017805755
2009-02-19,0.017745098
2009-02-20,0.017507613
2009-02-21,0.017508905
2009-02-22,0.017508905
2009-02-23,0.017500248
2009-02-24,0.01752012
2009-02-25,0.01744037
2009-02-26,0.01740867
2009-02-27,0.017340107
2009-02-28,0.01734104
2009-03-01,0.01734104
2009-03-02,0.017263036
2009-03-03,0.017263716
2009-03-04,0.017265387
2009-03-05,0.017267898
2009-03-06,0.017223835
2009-03-07,0.017223835
2009-03-08,0.017223777
2009-03-09,0.01722326
2009-03-10,0.017213883
2009-03-11,0.017193405
2009-03-12,0.017195841
2009-03-13,0.017191483
2009-03-14,0.017191859
2009-03-15,0.017191859
2009-03-16,0.017191462
2009-03-17,0.017189076
2009-03-18,0.017172776
2009-03-19,0.017151779
2009-03-20,0.017152661
2009-03-21,0.017152661
2009-03-22,0.017152661
2009-03-23,0.01716667
2009-03-24,0.017157676
2009-03-25,0.017156947
2009-03-26,0.017206248
2009-03-27,0.01720749
2009-03-28,0.01720749
2009-03-29,0.01720749
2009-03-30,0.0169676
2009-03-31,0.016960405
2009-04-01,0.01695666
2009-04-02,0.016988983
2009-04-03,0.016989678
2009-04-04,0.016989678
2009-04-05,0.016989678
2009-04-06,0.016989354
2009-04-07,0.016940989
2009-04-08,0.016940651
2009-04-09,0.016940398
2009-04-10,0.016940398
2009-04-11,0.016940398
2009-04-12,0.016940398
2009-04-13,0.016928785
2009-04-14,0.016998162
2009-04-15,0.01698266
2009-04-16,0.017037416
2009-04-17,0.01701157
2009-04-18,0.01701157
2009-04-19,0.01701216
2009-04-20,0.01687439
2009-04-21,0.016814094
2009-04-22,0.01675365
2009-04-23,0.01634589
2009-04-24,0.016323872
2009-04-25,0.016330568
2009-04-26,0.016327525
2009-04-27,0.016305152
2009-04-28,0.015937986
2009-04-29,0.015655931
2009-04-30,0.015178775
2009-05-01,0.014970004
2009-05-02,0.014970004
2009-05-03,0.014970004
2009-05-04,0.014938109
2009-05-05,0.014885671
2009-05-06,0.015004425
2009-05-07,0.014807954
2009-05-08,0.014798422
2009-05-09,0.014799165
2009-05-10,0.014799165
2009-05-11,0.014792494
2009-05-12,0.014790735
2009-05-13,0.014793707
2009-05-14,0.014717095
2009-05-15,0.0147041455
2009-05-16,0.0147041455
2009-05-17,0.0147041455
2009-05-18,0.014726897
2009-05-19,0.014654814
2009-05-20,0.014705033
2009-05-21,0.014673202
2009-05-22,0.014673117
2009-05-23,0.014673117
2009-05-24,0.014673117
2009-05-25,0.014672403
2009-05-26,0.014672168
2009-05-27,0.014655873
2009-05-28,0.014647252
2009-05-29,0.0146720875
2009-05-30,0.0146720875
2009-05-31,0.0146720875
2009-06-01,0.0146729145
2009-06-02,0.014673545
2009-06-03,0.014671131
2009-06-04,0.014666189
2009-06-05,0.014661999
2009-06-06,0.014661999
2009-06-07,0.014661999
2009-06-08,0.0146593535
2009-06-09,0.01464344
2009-06-10,0.014639398
2009-06-11,0.014638811
2009-06-12,0.014638615
2009-06-13,0.014638615
2009-06-14,0.014638615
2009-06-15,0.014637983
2009-06-16,0.014606158
2009-06-17,0.014606881
2009-06-18,0.014613455
2009-06-19,0.014612678
2009-06-20,0.014612678
2009-06-21,0.014612678
2009-06-22,0.014604426
2009-06-23,0.01464892
2009-06-24,0.01462294
2009-06-25,0.014623976
2009-06-26,0.014623964
2009-06-27,0.014623964
2009-06-28,0.014623964
2009-06-29,0.0146750705
2009-06-30,0.014674938
2009-07-01,0.014676886
2009-07-02,0.014677139
2009-07-03,0.014677139
2009-07-04,0.014677139
2009-07-05,0.014677257
2009-07-06,0.014685298
2009-07-07,0.014685114
2009-07-08,0.014695302
2009-07-09,0.014694567
2009-07-10,0.01469427
2009-07-11,0.01469427
2009-07-12,0.01469427
2009-07-13,0.014696111
2009-07-14,0.014679864
2009-07-15,0.014667031
2009-07-16,0.014717886
2009-07-17,0.01469422
2009-07-18,0.01469422
2009-07-19,0.01469422
2009-07-20,0.01472901
2009-07-21,0.014816043
2009-07-22,0.014883233
2009-07-23,0.015200437
2009-07-24,0.0151287215
2009-07-25,0.015127346
2009-07-26,0.015128694
2009-07-27,0.015182478
2009-07-28,0.015200007
2009-07-29,0.015191471
2009-07-30,0.015311069
2009-07-31,0.015456028
2009-08-01,0.015308258
2009-08-02,0.015308258
2009-08-03,0.015127715
2009-08-04,0.015091858
2009-08-05,0.014945378
2009-08-06,0.014913319
2009-08-07,0.015064828
2009-08-08,0.015065317
2009-08-09,0.015065317
2009-08-10,0.015034358
2009-08-11,0.015068199
2009-08-12,0.015075569
2009-08-13,0.015106113
2009-08-14,0.015103821
2009-08-15,0.015104103
2009-08-16,0.015104103
2009-08-17,0.015125132
2009-08-18,0.015166767
2009-08-19,0.01516643
2009-08-20,0.014841867
2009-08-21,0.014842103
2009-08-22,0.014842103
2009-08-23,0.014842103
2009-08-24,0.014841549
2009-08-25,0.014868319
2009-08-26,0.014869077
2009-08-27,0.014874726
2009-08-28,0.014876802
2009-08-29,0.014876802
2009-08-30,0.014876802
2009-08-31,0.014874659
2009-09-01,0.014871293
2009-09-02,0.014875892
2009-09-03,0.014879886
2009-09-04,0.014883045
2009-09-05,0.014883045
2009-09-06,0.014883045
2009-09-07,0.014883045
2009-09-08,0.014883987
2009-09-09,0.014954086
2009-09-10,0.014955774
2009-09-11,0.01494864
2009-09-12,0.01494864
2009-09-13,0.01494864
2009-09-14,0.014951348
2009-09-15,0.014939778
2009-09-16,0.014881408
2009-09-17,0.014891585
2009-09-18,0.014891585
2009-09-19,0.014891585
2009-09-20,0.014891585
2009-09-21,0.014891952
2009-09-22,0.014952856
2009-09-23,0.014968816
2009-09-24,0.014958629
2009-09-25,0.014958737
2009-09-26,0.014958737
2009-09-27,0.014958737
2009-09-28,0.014958617
2009-09-29,0.0149642425
2009-09-30,0.014964515
2009-10-01,0.014958231
2009-10-02,0.014958362
2009-10-03,0.014958362
2009-10-04,0.014958362
2009-10-05,0.014957515
2009-10-06,0.014962066
2009-10-07,0.014956113
2009-10-08,0.014957411
2009-10-09,0.014957318
2009-10-10,0.014954026
2009-10-11,0.014954026
2009-10-12,0.0149543565
2009-10-13,0.015043192
2009-10-14,0.015059086
2009-10-15,0.01506088
2009-10-16,0.015036656
2009-10-17,0.015036656
2009-10-18,0.015036656
2009-10-19,0.015104542
2009-10-20,0.015187565
2009-10-21,0.015148726
2009-10-22,0.015443629
2009-10-23,0.015511057
2009-10-24,0.015511057
2009-10-25,0.015511057
2009-10-26,0.015526615
2009-10-27,0.015607104
2009-10-28,0.015544972
2009-10-29,0.015723146
2009-10-30,0.015849
2009-10-31,0.015849458
2009-11-01,0.015850442
2009-11-02,0.015737139
2009-11-03,0.015826505
2009-11-04,0.015715668
2009-11-05,0.015705127
2009-11-06,0.015639229
2009-11-07,0.015638966
2009-11-08,0.015638966
2009-11-09,0.015648985
2009-11-10,0.015655678
2009-11-11,0.015654163
2009-11-12,0.015600373
2009-11-13,0.01558716
2009-11-14,0.01558717
2009-11-15,0.01558712
2009-11-16,0.015561303
2009-11-17,0.015510135
2009-11-18,0.0155148525
2009-11-19,0.015509326
2009-11-20,0.015511148
2009-11-21,0.015511148
2009-11-22,0.015511148
2009-11-23,0.015568136
2009-11-24,0.015605319
2009-11-25,0.015603729
2009-11-26,0.015602944
2009-11-27,0.015549665
2009-11-28,0.015549665
2009-11-29,0.015549665
2009-11-30,0.015550218
2009-12-01,0.01556155
2009-12-02,0.01556186
2009-12-03,0.015573018
2009-12-04,0.015573841
2009-12-05,0.015573841
2009-12-06,0.015573841
2009-12-07,0.015572058
2009-12-08,0.015558232
2009-12-09,0.015553958
2009-12-10,0.015548275
2009-12-11,0.015548194
2009-12-12,0.015548194
2009-12-13,0.015548194
2009-12-14,0.015548108
2009-12-15,0.015548685
2009-12-16,0.015548951
2009-12-17,0.015605143
2009-12-18,0.015541368
2009-12-19,0.015541368
2009-12-20,0.015541368
2009-12-21,0.015553987
2009-12-22,0.015562729
2009-12-23,0.015563648
2009-12-24,0.015563623
2009-12-25,0.015563623
2009-12-26,0.015563623
2009-12-27,0.015563623
2009-12-28,0.01556397
2009-12-29,0.01556397
2009-12-30,0.01556397
2009-12-31,0.015563949
2010-01-01,0.015563949
2010-01-02,0.015563949
2010-01-03,0.015563949
2010-01-04,0.015564048
2010-01-05,0.015564463
2010-01-06,0.015566013
2010-01-07,0.015574876
2010-01-08,0.0155739775
2010-01-09,0.0155739775
2010-01-10,0.015574165
2010-01-11,0.015575494
2010-01-12,0.015590577
2010-01-13,0.015589557
2010-01-14,0.0156164095
2010-01-15,0.015618633
2010-01-16,0.015618633
2010-01-17,0.015618633
2010-01-18,0.015607169
2010-01-19,0.015715118
2010-01-20,0.015844012
2010-01-21,0.015963105
2010-01-22,0.016001156
2010-01-23,0.016001156
2010-01-24,0.016001156
2010-01-25,0.016023919
2010-01-26,0.01596262
2010-01-27,0.015972838
2010-01-28,0.016152253
2010-01-29,0.016086493
2010-01-30,0.01608649
2010-01-31,0.01608649
2010-02-01,0.016179211
2010-02-02,0.016052244
2010-02-03,0.015855549
2010-02-04,0.015792327
2010-02-05,0.015898658
2010-02-06,0.015898658
2010-02-07,0.015898658
2010-02-08,0.015897771
2010-02-09,0.015855247
2010-02-10,0.016052365
2010-02-11,0.016145581
2010-02-12,0.01615107
2010-02-13,0.016154379
2010-02-14,0.016154379
2010-02-15,0.016135681
2010-02-16,0.01627594
2010-02-17,0.016289823
2010-02-18,0.016331
2010-02-19,0.01631974
2010-02-20,0.01631974
2010-02-21,0.016319457
2010-02-22,0.01659394
2010-02-23,0.01664342
2010-02-24,0.016672196
2010-02-25,0.016675668
2010-02-26,0.016720472
2010-02-27,0.016701935
2010-02-28,0.016836863
2010-03-01,0.016859865
2010-03-02,0.016871031
2010-03-03,0.016903363
2010-03-04,0.016865352
2010-03-05,0.016861897
2010-03-06,0.016861541
2010-03-07,0.016861541
2010-03-08,0.016806472
2010-03-09,0.01680754
2010-03-10,0.016814034
2010-03-11,0.01681627
2010-03-12,0.016814243
2010-03-13,0.016814243
2010-03-14,0.016814243
2010-03-15,0.016807623
2010-03-16,0.016809696
2010-03-17,0.016816076
2010-03-18,0.016822675
2010-03-19,0.016830655
2010-03-20,0.016830647
2010-03-21,0.016830647
2010-03-22,0.016838893
2010-03-23,0.016852994
2010-03-24,0.016835261
2010-03-25,0.016931444
2010-03-26,0.016934045
2010-03-27,0.016934045
2010-03-28,0.016934045
2010-03-29,0.016925013
2010-03-30,0.016926441
2010-03-31,0.016952243
2010-04-01,0.01694894
2010-04-02,0.016948929
2010-04-03,0.016948929
2010-04-04,0.016948929
2010-04-05,0.016949536
2010-04-06,0.016949771
2010-04-07,0.016975427
2010-04-08,0.016975014
2010-04-09,0.016977083
2010-04-10,0.016977083
2010-04-11,0.016977083
2010-04-12,0.016977046
2010-04-13,0.016988011
2010-04-14,0.016986752
2010-04-15,0.016913667
2010-04-16,0.016845623
2010-04-17,0.016845623
2010-04-18,0.016845623
2010-04-19,0.016701974
2010-04-20,0.016885657
2010-04-21,0.016719826
2010-04-22,0.016399588
2010-04-23,0.016379932
2010-04-24,0.016380161
2010-04-25,0.016380161
2010-04-26,0.016388074
2010-04-27,0.016593603
2010-04-28,0.016958706
2010-04-29,0.016898766
2010-04-30,0.016677901
2010-05-01,0.016520647
2010-05-02,0.016520647
2010-05-03,0.016535224
2010-05-04,0.01629826
2010-05-05,0.016322
2010-05-06,0.01617231
2010-05-07,0.01619755
2010-05-08,0.016201353
2010-05-09,0.016201353
2010-05-10,0.016197141
2010-05-11,0.016187884
2010-05-12,0.016172344
2010-05-13,0.01661839
2010-05-14,0.016607929
2010-05-15,0.01660799
2010-05-16,0.01660791
2010-05-17,0.016628448
2010-05-18,0.016509503
2010-05-19,0.016502798
2010-05-20,0.016479045
2010-05-21,0.016482715
2010-05-22,0.016482715
2010-05-23,0.016482715
2010-05-24,0.016478753
2010-05-25,0.016489975
2010-05-26,0.016495006
2010-05-27,0.016474098
2010-05-28,0.016413655
2010-05-29,0.016413655
2010-05-30,0.016413655
2010-05-31,0.016413655
2010-06-01,0.01641474
2010-06-02,0.016417984
2010-06-03,0.016421657
2010-06-04,0.016420241
2010-06-05,0.016420241
2010-06-06,0.016420241
2010-06-07,0.016420493
2010-06-08,0.0164075
2010-06-09,0.016413076
2010-06-10,0.016426336
2010-06-11,0.01642589
2010-06-12,0.01642589
2010-06-13,0.01642589
2010-06-14,0.016424268
2010-06-15,0.016383655
2010-06-16,0.01640204
2010-06-17,0.016408406
2010-06-18,0.016408406
2010-06-19,0.016407793
2010-06-20,0.016407793
2010-06-21,0.016408375
2010-06-22,0.01640282
2010-06-23,0.016394025
2010-06-24,0.016519902
2010-06-25,0.016519824
2010-06-26,0.016519824
2010-06-27,0.016519824
2010-06-28,0.016556257
2010-06-29,0.016549371
2010-06-30,0.016527178
2010-07-01,0.016530331
2010-07-02,0.016530331
2010-07-03,0.016530331
2010-07-04,0.016530331
2010-07-05,0.016530331
2010-07-06,0.016530335
2010-07-07,0.016529782
2010-07-08,0.016529178
2010-07-09,0.016529322
2010-07-10,0.016529894
2010-07-11,0.016529894
2010-07-12,0.016544696
2010-07-13,0.016575588
2010-07-14,0.016557615
2010-07-15,0.016528899
2010-07-16,0.016629113
2010-07-17,0.016629113
2010-07-18,0.016629113
2010-07-19,0.016710011
2010-07-20,0.01669055
2010-07-21,0.016844075
2010-07-22,0.017231781
2010-07-23,0.017354332
2010-07-24,0.017354332
2010-07-25,0.017354332
2010-07-26,0.017363787
2010-07-27,0.017426979
2010-07-28,0.017834038
2010-07-29,0.017942134
2010-07-30,0.01800997
2010-07-31,0.01800997
2010-08-01,0.01800997
2010-08-02,0.018030228
2010-08-03,0.018078914
2010-08-04,0.018136315
2010-08-05,0.018406112
2010-08-06,0.018301582
2010-08-07,0.018295007
2010-08-08,0.018295007
2010-08-09,0.018263193
2010-08-10,0.01830186
2010-08-11,0.018274415
2010-08-12,0.018273009
2010-08-13,0.01826827
2010-08-14,0.01826827
2010-08-15,0.01826827
2010-08-16,0.018346317
2010-08-17,0.018391367
2010-08-18,0.018391429
2010-08-19,0.018358098
2010-08-20,0.01835471
2010-08-21,0.01835471
2010-08-22,0.01835471
2010-08-23,0.018357135
2010-08-24,0.018349076
2010-08-25,0.018359518
2010-08-26,0.018357959
2010-08-27,0.018357888
2010-08-28,0.018357888
2010-08-29,0.018357888
2010-08-30,0.018358886
2010-08-31,0.018358765
2010-09-01,0.018363278
2010-09-02,0.018358093
2010-09-03,0.018354887
2010-09-04,0.018354887
2010-09-05,0.018354887
2010-09-06,0.018354887
2010-09-07,0.018355712
2010-09-08,0.018362898
2010-09-09,0.018367805
2010-09-10,0.018366646
2010-09-11,0.018366646
2010-09-12,0.018366646
2010-09-13,0.018368145
2010-09-14,0.018367436
2010-09-15,0.01836738
2010-09-16,0.01829595
2010-09-17,0.01829575
2010-09-18,0.01829575
2010-09-19,0.01829575
2010-09-20,0.018294983
2010-09-21,0.018376252
2010-09-22,0.01839529
2010-09-23,0.018398063
2010-09-24,0.018398006
2010-09-25,0.018398006
2010-09-26,0.018398006
2010-09-27,0.018397227
2010-09-28,0.018400239
2010-09-29,0.01839466
2010-09-30,0.018393734
2010-10-01,0.018393734
2010-10-02,0.018393734
2010-10-03,0.018393734
2010-10-04,0.018390978
2010-10-05,0.0183913
2010-10-06,0.018400691
2010-10-07,0.018372413
2010-10-08,0.018372713
2010-10-09,0.018372713
2010-10-10,0.018372713
2010-10-11,0.018372955
2010-10-12,0.018374404
2010-10-13,0.01836448
2010-10-14,0.018379698
2010-10-15,0.018372897
2010-10-16,0.018372897
2010-10-17,0.018372897
2010-10-18,0.018453354
2010-10-19,0.018535038
2010-10-20,0.018419852
2010-10-21,0.01899313
2010-10-22,0.019077526
2010-10-23,0.019077526
2010-10-24,0.019077526
2010-10-25,0.019086994
2010-10-26,0.018933536
2010-10-27,0.018913006
2010-10-28,0.01892549
2010-10-29,0.01882464
2010-10-30,0.01882477
2010-10-31,0.01882513
2010-11-01,0.018845066
2010-11-02,0.018444281
2010-11-03,0.018344706
2010-11-04,0.018291796
2010-11-05,0.018323578
2010-11-06,0.018324832
2010-11-07,0.018324832
2010-11-08,0.018313436
2010-11-09,0.018310504
2010-11-10,0.01833445
2010-11-11,0.018291999
2010-11-12,0.018293079
2010-11-13,0.01829308
2010-11-14,0.01829308
2010-11-15,0.018266981
2010-11-16,0.01821967
2010-11-17,0.018228812
2010-11-18,0.018281687
2010-11-19,0.018281873
2010-11-20,0.018281223
2010-11-21,0.018281223
2010-11-22,0.018322932
2010-11-23,0.018305711
2010-11-24,0.01821599
2010-11-25,0.01821599
2010-11-26,0.018215187
2010-11-27,0.018215187
2010-11-28,0.018215187
2010-11-29,0.018213049
2010-11-30,0.0182192
2010-12-01,0.018223278
2010-12-02,0.018259645
2010-12-03,0.01824009
2010-12-04,0.01824009
2010-12-05,0.01824009
2010-12-06,0.01824042
2010-12-07,0.01822999
2010-12-08,0.01822307
2010-12-09,0.01823073
2010-12-10,0.018230764
2010-12-11,0.018230764
2010-12-12,0.018230764
2010-12-13,0.018229993
2010-12-14,0.018240256
2010-12-15,0.018242143
2010-12-16,0.0182931
2010-12-17,0.018292991
2010-12-18,0.018292991
2010-12-19,0.018292991
2010-12-20,0.01829582
2010-12-21,0.018222446
2010-12-22,0.018212758
2010-12-23,0.018211387
2010-12-24,0.018212173
2010-12-25,0.018212173
2010-12-26,0.018212173
2010-12-27,0.018212821
2010-12-28,0.018212868
2010-12-29,0.018212926
2010-12-30,0.018212885
2010-12-31,0.018212885
2011-01-01,0.018212885
2011-01-02,0.018212885
2011-01-03,0.018212799
2011-01-04,0.01825951
2011-01-05,0.018260455
2011-01-06,0.01823546
2011-01-07,0.018230572
2011-01-08,0.018230572
2011-01-09,0.018230572
2011-01-10,0.018255232
2011-01-11,0.018248456
2011-01-12,0.018248247
2011-01-13,0.01826144
2011-01-14,0.018261163
2011-01-15,0.018261163
2011-01-16,0.018261163
2011-01-17,0.018261163
2011-01-18,0.018441927
2011-01-19,0.01845132
2011-01-20,0.01848612
2011-01-21,0.018497607
2011-01-22,0.018497607
2011-01-23,0.018494008
2011-01-24,0.018478733
2011-01-25,0.01847366
2011-01-26,0.017612765
2011-01-27,0.017627582
2011-01-28,0.017550632
2011-01-29,0.017552998
2011-01-30,0.017552897
2011-01-31,0.017617455
2011-02-01,0.017985642
2011-02-02,0.017996395
2011-02-03,0.018223632
2011-02-04,0.018196413
2011-02-05,0.018196413
2011-02-06,0.018196413
2011-02-07,0.018179795
2011-02-08,0.018193554
2011-02-09,0.018232793
2011-02-10,0.018295191
2011-02-11,0.018281627
2011-02-12,0.018294023
2011-02-13,0.018294023
2011-02-14,0.01829273
2011-02-15,0.018296685
2011-02-16,0.018553449
2011-02-17,0.018574506
2011-02-18,0.018538497
2011-02-19,0.018538497
2011-02-20,0.018538497
2011-02-21,0.018538218
2011-02-22,0.01865308
2011-02-23,0.018660588
2011-02-24,0.018653557
2011-02-25,0.018619785
2011-02-26,0.018698363
2011-02-27,0.018698363
2011-02-28,0.0187686
2011-03-01,0.018805621
2011-03-02,0.018800322
2011-03-03,0.018800264
2011-03-04,0.018802743
2011-03-05,0.01880274
2011-03-06,0.01880274
2011-03-07,0.018791331
2011-03-08,0.01881804
2011-03-09,0.01882275
2011-03-10,0.018824799
2011-03-11,0.018824536
2011-03-12,0.01882449
2011-03-13,0.01882449
2011-03-14,0.018827435
2011-03-15,0.018913338
2011-03-16,0.018918127
2011-03-17,0.018929066
2011-03-18,0.018927913
2011-03-19,0.018927913
2011-03-20,0.018927913
2011-03-21,0.018933639
2011-03-22,0.018938202
2011-03-23,0.018910006
2011-03-24,0.018975433
2011-03-25,0.018977415
2011-03-26,0.018977534
2011-03-27,0.018977534
2011-03-28,0.0189692
2011-03-29,0.018962985
2011-03-30,0.018941354
2011-03-31,0.018941756
2011-04-01,0.018942147
2011-04-02,0.018942147
2011-04-03,0.018942147
2011-04-04,0.018942107
2011-04-05,0.019181699
2011-04-06,0.019250736
2011-04-07,0.019259881
2011-04-08,0.01926088
2011-04-09,0.01926088
2011-04-10,0.01926088
2011-04-11,0.019248053
2011-04-12,0.019248376
2011-04-13,0.019247781
2011-04-14,0.019193234
2011-04-15,0.019174013
2011-04-16,0.019174013
2011-04-17,0.019174058
2011-04-18,0.019140948
2011-04-19,0.019093938
2011-04-20,0.019063527
2011-04-21,0.019019656
2011-04-22,0.01902237
2011-04-23,0.01902237
2011-04-24,0.019022517
2011-04-25,0.018999992
2011-04-26,0.018852046
2011-04-27,0.018947314
2011-04-28,0.019076815
2011-04-29,0.01919354
2011-04-30,0.019008644
2011-05-01,0.019009024
2011-05-02,0.018562347
2011-05-03,0.018493624
2011-05-04,0.018502524
2011-05-05,0.018655146
2011-05-06,0.018578479
2011-05-07,0.018578479
2011-05-08,0.018578479
2011-05-09,0.018563118
2011-05-10,0.01850086
2011-05-11,0.018436216
2011-05-12,0.018402716
2011-05-13,0.018417086
2011-05-14,0.018417021
2011-05-15,0.018417021
2011-05-16,0.018175127
2011-05-17,0.018039037
2011-05-18,0.018022306
2011-05-19,0.01803684
2011-05-20,0.018038154
2011-05-21,0.018038154
2011-05-22,0.018038154
2011-05-23,0.018032895
2011-05-24,0.018022746
2011-05-25,0.0179762
2011-05-26,0.01796743
2011-05-27,0.017968113
2011-05-28,0.017968113
2011-05-29,0.017968113
2011-05-30,0.017968113
2011-05-31,0.017969135
2011-06-01,0.017970296
2011-06-02,0.017973576
2011-06-03,0.017972773
2011-06-04,0.017972773
2011-06-05,0.017972773
2011-06-06,0.01797325
2011-06-07,0.01797108
2011-06-08,0.018007664
2011-06-09,0.01800762
2011-06-10,0.018004745
2011-06-11,0.018004745
2011-06-12,0.018004745
2011-06-13,0.018004958
2011-06-14,0.017971534
2011-06-15,0.017971996
2011-06-16,0.01795705
2011-06-17,0.01795705
2011-06-18,0.01795705
2011-06-19,0.01795705
2011-06-20,0.01795713
2011-06-21,0.017954106
2011-06-22,0.017969979
2011-06-23,0.01803533
2011-06-24,0.018035613
2011-06-25,0.018035613
2011-06-26,0.018035613
2011-06-27,0.018040415
2011-06-28,0.018040497
2011-06-29,0.018021276
2011-06-30,0.018003553
2011-07-01,0.018003553
2011-07-02,0.018003553
2011-07-03,0.018003553
2011-07-04,0.018003553
2011-07-05,0.018003553
2011-07-06,0.018004347
2011-07-07,0.0180078
2011-07-08,0.018006187
2011-07-09,0.018006187
2011-07-10,0.018006187
2011-07-11,0.018002842
2011-07-12,0.018002035
2011-07-13,0.018008038
2011-07-14,0.018049158
2011-07-15,0.018054733
2011-07-16,0.018054733
2011-07-17,0.018054733
2011-07-18,0.018125895
2011-07-19,0.018228702
2011-07-20,0.018266816
2011-07-21,0.018372735
2011-07-22,0.018473342
2011-07-23,0.018473342
2011-07-24,0.018473342
2011-07-25,0.018510152
2011-07-26,0.018523023
2011-07-27,0.018620385
2011-07-28,0.01862109
2011-07-29,0.018737193
2011-07-30,0.018737828
2011-07-31,0.018737828
2011-08-01,0.018746683
2011-08-02,0.018778764
2011-08-03,0.018781563
2011-08-04,0.018826883
2011-08-05,0.018913426
2011-08-06,0.018912632
2011-08-07,0.018912632
2011-08-08,0.019110076
2011-08-09,0.019133436
2011-08-10,0.0191451
2011-08-11,0.019161923
2011-08-12,0.019153949
2011-08-13,0.019153949
2011-08-14,0.019153949
2011-08-15,0.01919141
2011-08-16,0.01923028
2011-08-17,0.019214664
2011-08-18,0.019177346
2011-08-19,0.019176193
2011-08-20,0.019176193
2011-08-21,0.019176193
2011-08-22,0.019177884
2011-08-23,0.019185547
2011-08-24,0.01916403
2011-08-25,0.019149845
2011-08-26,0.019149404
2011-08-27,0.019149404
2011-08-28,0.019149404
2011-08-29,0.01914948
2011-08-30,0.019156432
2011-08-31,0.019150117
2011-09-01,0.019148793
2011-09-02,0.019143954
2011-09-03,0.019143954
2011-09-04,0.019143954
2011-09-05,0.019143954
2011-09-06,0.019147089
2011-09-07,0.019164111
2011-09-08,0.019164532
2011-09-09,0.019155595
2011-09-10,0.019155651
2011-09-11,0.019155651
2011-09-12,0.019155
2011-09-13,0.01915365
2011-09-14,0.019151539
2011-09-15,0.019129772
2011-09-16,0.019129567
2011-09-17,0.019129567
2011-09-18,0.019129567
2011-09-19,0.019129958
2011-09-20,0.019257486
2011-09-21,0.01926246
2011-09-22,0.01926013
2011-09-23,0.019252477
2011-09-24,0.019252477
2011-09-25,0.019252477
2011-09-26,0.01925194
2011-09-27,0.019262848
2011-09-28,0.019257847
2011-09-29,0.019258166
2011-09-30,0.019267928
2011-10-01,0.019267928
2011-10-02,0.019267928
2011-10-03,0.019268613
2011-10-04,0.019273294
2011-10-05,0.0192844
2011-10-06,0.019286955
2011-10-07,0.01928687
2011-10-08,0.01928687
2011-10-09,0.01928687
2011-10-10,0.01928666
2011-10-11,0.019271446
2011-10-12,0.019280666
2011-10-13,0.01928706
2011-10-14,0.019299814
2011-10-15,0.019299814
2011-10-16,0.019299814
2011-10-17,0.019312538
2011-10-18,0.019285444
2011-10-19,0.019178772
2011-10-20,0.019201746
2011-10-21,0.0191811
2011-10-22,0.019179579
2011-10-23,0.019179579
2011-10-24,0.019120542
2011-10-25,0.019054502
2011-10-26,0.019041726
2011-10-27,0.019244447
2011-10-28,0.019247036
2011-10-29,0.019264376
2011-10-30,0.019264376
2011-10-31,0.019281581
2011-11-01,0.019418007
2011-11-02,0.019515233
2011-11-03,0.019526111
2011-11-04,0.019448414
2011-11-05,0.019448414
2011-11-06,0.019448414
2011-11-07,0.01945172
2011-11-08,0.01945463
2011-11-09,0.019413585
2011-11-10,0.019389529
2011-11-11,0.019402344
2011-11-12,0.019402344
2011-11-13,0.019402858
2011-11-14,0.019365938
2011-11-15,0.019315107
2011-11-16,0.01929756
2011-11-17,0.01929601
2011-11-18,0.019305926
2011-11-19,0.019305926
2011-11-20,0.019305926
2011-11-21,0.019193565
2011-11-22,0.019079737
2011-11-23,0.01907497
2011-11-24,0.01907497
2011-11-25,0.01907497
2011-11-26,0.01907497
2011-11-27,0.01907497
2011-11-28,0.019073807
2011-11-29,0.019075235
2011-11-30,0.019041318
2011-12-01,0.019039337
2011-12-02,0.019037068
2011-12-03,0.019037068
2011-12-04,0.019038457
2011-12-05,0.019038934
2011-12-06,0.019027393
2011-12-07,0.019026564
2011-12-08,0.019017763
2011-12-09,0.01901783
2011-12-10,0.01901783
2011-12-11,0.01901783
2011-12-12,0.019017408
2011-12-13,0.019017698
2011-12-14,0.019027937
2011-12-15,0.019021997
2011-12-16,0.019018546
2011-12-17,0.019018546
2011-12-18,0.019018546
2011-12-19,0.019018183
2011-12-20,0.018901965
2011-12-21,0.018890103
2011-12-22,0.01889045
2011-12-23,0.01889045
2011-12-24,0.01889045
2011-12-25,0.01889045
2011-12-26,0.01889045
2011-12-27,0.01889161
2011-12-28,0.018891593
2011-12-29,0.01888074
2011-12-30,0.01888074
2011-12-31,0.01888074
2012-01-01,0.01888074
2012-01-02,0.018879797
2012-01-03,0.018880319
2012-01-04,0.01888669
2012-01-05,0.018845376
2012-01-06,0.018849501
2012-01-07,0.018849501
2012-01-08,0.018849501
2012-01-09,0.018847693
2012-01-10,0.018848214
2012-01-11,0.01884843
2012-01-12,0.018855233
2012-01-13,0.018855162
2012-01-14,0.018855162
2012-01-15,0.018855162
2012-01-16,0.018855162
2012-01-17,0.01885343
2012-01-18,0.018951768
2012-01-19,0.019026218
2012-01-20,0.019094987
2012-01-21,0.019094987
2012-01-22,0.019094987
2012-01-23,0.019069819
2012-01-24,0.019203547
2012-01-25,0.019072322
2012-01-26,0.019054696
2012-01-27,0.019459182
2012-01-28,0.01945718
2012-01-29,0.019457256
2012-01-30,0.019456692
2012-01-31,0.019159516
2012-02-01,0.019205408
2012-02-02,0.01888584
2012-02-03,0.018898098
2012-02-04,0.018898098
2012-02-05,0.018898098
2012-02-06,0.018996956
2012-02-07,0.019123267
2012-02-08,0.018887356
2012-02-09,0.01878511
2012-02-10,0.018735377
2012-02-11,0.018735278
2012-02-12,0.018735278
2012-02-13,0.018735291
2012-02-14,0.018744273
2012-02-15,0.018684562
2012-02-16,0.018541109
2012-02-17,0.018544821
2012-02-18,0.018544821
2012-02-19,0.018544821
2012-02-20,0.01855242
2012-02-21,0.018593313
2012-02-22,0.018677201
2012-02-23,0.01871905
2012-02-24,0.01869167
2012-02-25,0.018734029
2012-02-26,0.018734029
2012-02-27,0.01869603
2012-02-28,0.018589301
2012-02-29,0.018561572
2012-03-01,0.018569957
2012-03-02,0.01857579
2012-03-03,0.01857579
2012-03-04,0.01857579
2012-03-05,0.018577475
2012-03-06,0.0185832
2012-03-07,0.018580988
2012-03-08,0.018618776
2012-03-09,0.018620074
2012-03-10,0.01862005
2012-03-11,0.01862005
2012-03-12,0.018616136
2012-03-13,0.018624468
2012-03-14,0.018626364
2012-03-15,0.018627781
2012-03-16,0.018627953
2012-03-17,0.018627953
2012-03-18,0.018627953
2012-03-19,0.018627515
2012-03-20,0.01865261
2012-03-21,0.018652812
2012-03-22,0.018684939
2012-03-23,0.018691227
2012-03-24,0.018691227
2012-03-25,0.018691227
2012-03-26,0.018682383
2012-03-27,0.018682698
2012-03-28,0.018660745
2012-03-29,0.018658461
2012-03-30,0.018659845
2012-03-31,0.018660013
2012-04-01,0.018660013
2012-04-02,0.018658329
2012-04-03,0.018657476
2012-04-04,0.018727908
2012-04-05,0.018731317
2012-04-06,0.018731378
2012-04-07,0.018731378
2012-04-08,0.018731378
2012-04-09,0.018731602
2012-04-10,0.018726027
2012-04-11,0.018724937
2012-04-12,0.018733712
2012-04-13,0.01873363
2012-04-14,0.01873363
2012-04-15,0.01873363
2012-04-16,0.01870892
2012-04-17,0.018780084
2012-04-18,0.01863097
2012-04-19,0.018600391
2012-04-20,0.018555244
2012-04-21,0.018555244
2012-04-22,0.018555162
2012-04-23,0.018598182
2012-04-24,0.018587349
2012-04-25,0.018555366
2012-04-26,0.018649654
2012-04-27,0.018034354
2012-04-28,0.018035017
2012-04-29,0.018034922
2012-04-30,0.018007295
2012-05-01,0.017968865
2012-05-02,0.017855277
2012-05-03,0.017699398
2012-05-04,0.01767943
2012-05-05,0.01767943
2012-05-06,0.01767943
2012-05-07,0.017678298
2012-05-08,0.017632974
2012-05-09,0.017607206
2012-05-10,0.017537648
2012-05-11,0.017536506
2012-05-12,0.017536279
2012-05-13,0.017536279
2012-05-14,0.01753378
2012-05-15,0.017545475
2012-05-16,0.017651234
2012-05-17,0.0175684
2012-05-18,0.017570755
2012-05-19,0.017570755
2012-05-20,0.017570755
2012-05-21,0.017576167
2012-05-22,0.017605446
2012-05-23,0.017606582
2012-05-24,0.017581748
2012-05-25,0.017570542
2012-05-26,0.017571164
2012-05-27,0.017571164
2012-05-28,0.01757104
2012-05-29,0.01756961
2012-05-30,0.017566
2012-05-31,0.01756692
2012-06-01,0.017566677
2012-06-02,0.01756672
2012-06-03,0.01756672
2012-06-04,0.017562328
2012-06-05,0.01756166
2012-06-06,0.017548041
2012-06-07,0.01754541
2012-06-08,0.01754469
2012-06-09,0.01754469
2012-06-10,0.01754469
2012-06-11,0.017545203
2012-06-12,0.017545806
2012-06-13,0.017546024
2012-06-14,0.017554503
2012-06-15,0.017554915
2012-06-16,0.017555142
2012-06-17,0.017555142
2012-06-18,0.017607985
2012-06-19,0.017603477
2012-06-20,0.017595641
2012-06-21,0.017597247
2012-06-22,0.017583808
2012-06-23,0.017583808
2012-06-24,0.017583808
2012-06-25,0.017587343
2012-06-26,0.017586123
2012-06-27,0.017592968
2012-06-28,0.017596882
2012-06-29,0.017593475
2012-06-30,0.017593475
2012-07-01,0.017593475
2012-07-02,0.017594228
2012-07-03,0.017594228
2012-07-04,0.017594228
2012-07-05,0.017594213
2012-07-06,0.017594213
2012-07-07,0.017594213
2012-07-08,0.017594213
2012-07-09,0.017594308
2012-07-10,0.017594183
2012-07-11,0.017598892
2012-07-12,0.017597865
2012-07-13,0.01759731
2012-07-14,0.01759731
2012-07-15,0.01759731
2012-07-16,0.017603522
2012-07-17,0.017517997
2012-07-18,0.017505785
2012-07-19,0.017571617
2012-07-20,0.017638149
2012-07-21,0.017638149
2012-07-22,0.017638149
2012-07-23,0.01766361
2012-07-24,0.01754835
2012-07-25,0.017697275
2012-07-26,0.017861975
2012-07-27,0.0179548
2012-07-28,0.0179548
2012-07-29,0.0179548
2012-07-30,0.017958261
2012-07-31,0.01815256
2012-08-01,0.01822335
2012-08-02,0.018338643
2012-08-03,0.018305812
2012-08-04,0.018307772
2012-08-05,0.018307772
2012-08-06,0.018338373
2012-08-07,0.018467203
2012-08-08,0.01833079
2012-08-09,0.01835251
2012-08-10,0.018330509
2012-08-11,0.018330658
2012-08-12,0.018330658
2012-08-13,0.01830455
2012-08-14,0.01832963
2012-08-15,0.018295089
2012-08-16,0.018306816
2012-08-17,0.018302334
2012-08-18,0.018302334
2012-08-19,0.018302334
2012-08-20,0.01831819
2012-08-21,0.018312085
2012-08-22,0.01804293
2012-08-23,0.018042577
2012-08-24,0.018042402
2012-08-25,0.018042402
2012-08-26,0.018042402
2012-08-27,0.018048506
2012-08-28,0.018049818
2012-08-29,0.018055335
2012-08-30,0.018055702
2012-08-31,0.018054284
2012-09-01,0.018055953
2012-09-02,0.018055953
2012-09-03,0.018055953
2012-09-04,0.018053854
2012-09-05,0.01805799
2012-09-06,0.018048542
2012-09-07,0.018041551
2012-09-08,0.018042667
2012-09-09,0.018042667
2012-09-10,0.018043183
2012-09-11,0.01804308
2012-09-12,0.018043274
2012-09-13,0.018044595
2012-09-14,0.018045051
2012-09-15,0.018045051
2012-09-16,0.018045051
2012-09-17,0.018045051
2012-09-18,0.018039234
2012-09-19,0.01805325
2012-09-20,0.017970402
2012-09-21,0.017964588
2012-09-22,0.017964588
2012-09-23,0.017964588
2012-09-24,0.017947277
2012-09-25,0.018022053
2012-09-26,0.018022502
2012-09-27,0.018021975
2012-09-28,0.018006628
2012-09-29,0.018006628
2012-09-30,0.018006628
2012-10-01,0.018004727
2012-10-02,0.017999569
2012-10-03,0.017993748
2012-10-04,0.017993864
2012-10-05,0.017996017
2012-10-06,0.017996017
2012-10-07,0.017996017
2012-10-08,0.017995952
2012-10-09,0.018004116
2012-10-10,0.018015986
2012-10-11,0.018014217
2012-10-12,0.018015014
2012-10-13,0.018015014
2012-10-14,0.018015014
2012-10-15,0.01801613
2012-10-16,0.018066604
2012-10-17,0.018085876
2012-10-18,0.017959042
2012-10-19,0.01792077
2012-10-20,0.017917288
2012-10-21,0.017917288
2012-10-22,0.018092567
2012-10-23,0.017967492
2012-10-24,0.017999059
2012-10-25,0.01793955
2012-10-26,0.017850967
2012-10-27,0.017859703
2012-10-28,0.017859703
2012-10-29,0.017731907
2012-10-30,0.017708551
2012-10-31,0.017679455
2012-11-01,0.017312896
2012-11-02,0.017222889
2012-11-03,0.017223187
2012-11-04,0.017222872
2012-11-05,0.017287688
2012-11-06,0.017305989
2012-11-07,0.017254427
2012-11-08,0.01721572
2012-11-09,0.017230526
2012-11-10,0.017233174
2012-11-11,0.017233174
2012-11-12,0.017195972
2012-11-13,0.017187133
2012-11-14,0.017205168
2012-11-15,0.01716069
2012-11-16,0.017168077
2012-11-17,0.017167976
2012-11-18,0.017167976
2012-11-19,0.017167073
2012-11-20,0.017185634
2012-11-21,0.017175948
2012-11-22,0.017175948
2012-11-23,0.017175993
2012-11-24,0.017175993
2012-11-25,0.017175917
2012-11-26,0.017153773
2012-11-27,0.017168064
2012-11-28,0.017176293
2012-11-29,0.017172944
2012-11-30,0.017173577
2012-12-01,0.017173577
2012-12-02,0.017173577
2012-12-03,0.017173575
2012-12-04,0.017185038
2012-12-05,0.017182732
2012-12-06,0.017180463
2012-12-07,0.017181963
2012-12-08,0.017181851
2012-12-09,0.017181851
2012-12-10,0.017180376
2012-12-11,0.017178709
2012-12-12,0.017161215
2012-12-13,0.017161572
2012-12-14,0.017161462
2012-12-15,0.017161462
2012-12-16,0.017161462
2012-12-17,0.017157527
2012-12-18,0.017193807
2012-12-19,0.01719683
2012-12-20,0.017104555
2012-12-21,0.017103614
2012-12-22,0.017104255
2012-12-23,0.017103944
2012-12-24,0.017103944
2012-12-25,0.017103944
2012-12-26,0.017103754
2012-12-27,0.017103754
2012-12-28,0.017103693
2012-12-29,0.017103693
2012-12-30,0.017103693
2012-12-31,0.017103938
2013-01-01,0.017103938
2013-01-02,0.017104255
2013-01-03,0.017103624
2013-01-04,0.017114546
2013-01-05,0.017114546
2013-01-06,0.017114546
2013-01-07,0.017116265
2013-01-08,0.017094383
2013-01-09,0.017094847
2013-01-10,0.017095573
2013-01-11,0.01709567
2013-01-12,0.01709567
2013-01-13,0.01709567
2013-01-14,0.017089654
2013-01-15,0.01708996
2013-01-16,0.017099248
2013-01-17,0.01705898
2013-01-18,0.017105097
2013-01-19,0.017105097
2013-01-20,0.017105097
2013-01-21,0.017105097
2013-01-22,0.017070567
2013-01-23,0.017240252
2013-01-24,0.017327875
2013-01-25,0.017339833
2013-01-26,0.017339833
2013-01-27,0.017339833
2013-01-28,0.01711432
2013-01-29,0.017033372
2013-01-30,0.016928678
2013-01-31,0.016807746
2013-02-01,0.016913518
2013-02-02,0.016913518
2013-02-03,0.016913518
2013-02-04,0.016953157
2013-02-05,0.01674504
2013-02-06,0.016631845
2013-02-07,0.016607277
2013-02-08,0.016611295
2013-02-09,0.016611295
2013-02-10,0.016611295
2013-02-11,0.016607072
2013-02-12,0.016534297
2013-02-13,0.01657827
2013-02-14,0.016526556
2013-02-15,0.016490405
2013-02-16,0.016490405
2013-02-17,0.016490405
2013-02-18,0.016495952
2013-02-19,0.016496662
2013-02-20,0.016334664
2013-02-21,0.016398901
2013-02-22,0.016398335
2013-02-23,0.016398335
2013-02-24,0.016398335
2013-02-25,0.016399931
2013-02-26,0.016422035
2013-02-27,0.016469464
2013-02-28,0.01652754
2013-03-01,0.01654535
2013-03-02,0.01654535
2013-03-03,0.01654535
2013-03-04,0.016593304
2013-03-05,0.016592838
2013-03-06,0.016571855
2013-03-07,0.016598156
2013-03-08,0.01659536
2013-03-09,0.01659536
2013-03-10,0.01659536
2013-03-11,0.016600575
2013-03-12,0.01661092
2013-03-13,0.016619483
2013-03-14,0.01668484
2013-03-15,0.016675115
2013-03-16,0.016675115
2013-03-17,0.016675115
2013-03-18,0.016673235
2013-03-19,0.016681142
2013-03-20,0.016643804
2013-03-21,0.016658278
2013-03-22,0.01666872
2013-03-23,0.01666872
2013-03-24,0.01666872
2013-03-25,0.016668158
2013-03-26,0.01666921
2013-03-27,0.016662296
2013-03-28,0.016692622
2013-03-29,0.016693039
2013-03-30,0.016693039
2013-03-31,0.016693039
2013-04-01,0.016693957
2013-04-02,0.016688412
2013-04-03,0.01674078
2013-04-04,0.016739316
2013-04-05,0.01673928
2013-04-06,0.01673928
2013-04-07,0.01673928
2013-04-08,0.016733643
2013-04-09,0.016735647
2013-04-10,0.016746305
2013-04-11,0.016751347
2013-04-12,0.016751358
2013-04-13,0.016751358
2013-04-14,0.016751358
2013-04-15,0.016751628
2013-04-16,0.01678274
2013-04-17,0.016808491
2013-04-18,0.016640378
2013-04-19,0.016662635
2013-04-20,0.016662635
2013-04-21,0.01666306
2013-04-22,0.016680278
2013-04-23,0.01658511
2013-04-24,0.016580248
2013-04-25,0.016569128
2013-04-26,0.016542917
2013-04-27,0.016542418
2013-04-28,0.016542418
2013-04-29,0.016496068
2013-04-30,0.017318627
2013-05-01,0.017349353
2013-05-02,0.017162563
2013-05-03,0.017185945
2013-05-04,0.017185755
2013-05-05,0.017185755
2013-05-06,0.017203579
2013-05-07,0.017124852
2013-05-08,0.017584277
2013-05-09,0.017564083
2013-05-10,0.017560836
2013-05-11,0.017561313
2013-05-12,0.017561313
2013-05-13,0.01756299
2013-05-14,0.01755791
2013-05-15,0.017511373
2013-05-16,0.01737307
2013-05-17,0.017372157
2013-05-18,0.017372157
2013-05-19,0.017371822
2013-05-20,0.017369498
2013-05-21,0.017422298
2013-05-22,0.017393593
2013-05-23,0.017360315
2013-05-24,0.017361999
2013-05-25,0.017361999
2013-05-26,0.017361999
2013-05-27,0.017361999
2013-05-28,0.017354432
2013-05-29,0.017353525
2013-05-30,0.017303761
2013-05-31,0.01730242
2013-06-01,0.01730242
2013-06-02,0.01730242
2013-06-03,0.017306687
2013-06-04,0.017302087
2013-06-05,0.01729663
2013-06-06,0.017298698
2013-06-07,0.017297354
2013-06-08,0.017297354
2013-06-09,0.017297354
2013-06-10,0.017292056
2013-06-11,0.017291343
2013-06-12,0.017295228
2013-06-13,0.017295912
2013-06-14,0.017292136
2013-06-15,0.017292136
2013-06-16,0.017292136
2013-06-17,0.017292196
2013-06-18,0.017290615
2013-06-19,0.017284079
2013-06-20,0.017352385
2013-06-21,0.017353524
2013-06-22,0.017353524
2013-06-23,0.017353524
2013-06-24,0.017354522
2013-06-25,0.017353743
2013-06-26,0.017312763
2013-06-27,0.01729968
2013-06-28,0.017298006
2013-06-29,0.017298006
2013-06-30,0.017298006
2013-07-01,0.017297674
2013-07-02,0.017294625
2013-07-03,0.017295111
2013-07-04,0.017295111
2013-07-05,0.017295111
2013-07-06,0.017295111
2013-07-07,0.017295111
2013-07-08,0.017295094
2013-07-09,0.017286917
2013-07-10,0.01728091
2013-07-11,0.017280815
2013-07-12,0.017279772
2013-07-13,0.017279772
2013-07-14,0.017279772
2013-07-15,0.017281212
2013-07-16,0.017357202
2013-07-17,0.01736025
2013-07-18,0.017317535
2013-07-19,0.017347641
2013-07-20,0.017347641
2013-07-21,0.017347641
2013-07-22,0.01736089
2013-07-23,0.017164784
2013-07-24,0.017364172
2013-07-25,0.01754975
2013-07-26,0.017573718
2013-07-27,0.017573861
2013-07-28,0.017573861
2013-07-29,0.017615277
2013-07-30,0.016910631
2013-07-31,0.017255673
2013-08-01,0.016796872
2013-08-02,0.016761374
2013-08-03,0.016761374
2013-08-04,0.016761374
2013-08-05,0.016743457
2013-08-06,0.016306689
2013-08-07,0.016361961
2013-08-08,0.016140554
2013-08-09,0.016083715
2013-08-10,0.016087577
2013-08-11,0.016087577
2013-08-12,0.0160882
2013-08-13,0.016097773
2013-08-14,0.016073484
2013-08-15,0.016103953
2013-08-16,0.01613367
2013-08-17,0.01613367
2013-08-18,0.01613367
2013-08-19,0.016132832
2013-08-20,0.016305713
2013-08-21,0.016348297
2013-08-22,0.01632954
2013-08-23,0.016325466
2013-08-24,0.016325466
2013-08-25,0.016325466
2013-08-26,0.016326753
2013-08-27,0.016341245
2013-08-28,0.016415196
2013-08-29,0.016410211
2013-08-30,0.016409378
2013-08-31,0.016409378
2013-09-01,0.016409378
2013-09-02,0.016409378
2013-09-03,0.016410062
2013-09-04,0.016409805
2013-09-05,0.016420146
2013-09-06,0.016422322
2013-09-07,0.016427107
2013-09-08,0.016427107
2013-09-09,0.016430784
2013-09-10,0.016432535
2013-09-11,0.016433537
2013-09-12,0.016426293
2013-09-13,0.016426727
2013-09-14,0.016426727
2013-09-15,0.016426727
2013-09-16,0.01642687
2013-09-17,0.016427275
2013-09-18,0.01635027
2013-09-19,0.01634152
2013-09-20,0.01633945
2013-09-21,0.01633945
2013-09-22,0.01633945
2013-09-23,0.01633947
2013-09-24,0.016387353
2013-09-25,0.016400687
2013-09-26,0.016400445
2013-09-27,0.016401708
2013-09-28,0.016401708
2013-09-29,0.016401708
2013-09-30,0.016403435
2013-10-01,0.016406514
2013-10-02,0.016406026
2013-10-03,0.016484123
2013-10-04,0.01648443
2013-10-05,0.01648443
2013-10-06,0.01648443
2013-10-07,0.016484492
2013-10-08,0.016474962
2013-10-09,0.01648496
2013-10-10,0.016568786
2013-10-11,0.016566696
2013-10-12,0.01656236
2013-10-13,0.016561506
2013-10-14,0.016562456
2013-10-15,0.016548878
2013-10-16,0.016613958
2013-10-17,0.016597014
2013-10-18,0.01658137
2013-10-19,0.01658137
2013-10-20,0.01658137
2013-10-21,0.016609127
2013-10-22,0.016573377
2013-10-23,0.016581561
2013-10-24,0.016636988
2013-10-25,0.016691782
2013-10-26,0.016691782
2013-10-27,0.016691782
2013-10-28,0.016655745
2013-10-29,0.01664015
2013-10-30,0.016510792
2013-10-31,0.016750628
2013-11-01,0.016726848
2013-11-02,0.016728185
2013-11-03,0.016728185
2013-11-04,0.01668463
2013-11-05,0.016564012
2013-11-06,0.016517177
2013-11-07,0.01647833
2013-11-08,0.016489962
2013-11-09,0.016491119
2013-11-10,0.016491119
2013-11-11,0.01647011
2013-11-12,0.016497144
2013-11-13,0.016473524
2013-11-14,0.01644707
2013-11-15,0.016445918
2013-11-16,0.016445918
2013-11-17,0.016445918
2013-11-18,0.016442815
2013-11-19,0.01640922
2013-11-20,0.016375443
2013-11-21,0.016361898
2013-11-22,0.016364004
2013-11-23,0.016364004
2013-11-24,0.016363991
2013-11-25,0.016282892
2013-11-26,0.016274866
2013-11-27,0.016274719
2013-11-28,0.016274719
2013-11-29,0.01627474
2013-11-30,0.01627474
2013-12-01,0.01627474
2013-12-02,0.01627487
2013-12-03,0.016275609
2013-12-04,0.01628442
2013-12-05,0.016280608
2013-12-06,0.016281473
2013-12-07,0.016281473
2013-12-08,0.016281473
2013-12-09,0.016282432
2013-12-10,0.016272306
2013-12-11,0.01625047
2013-12-12,0.01625149
2013-12-13,0.016250977
2013-12-14,0.01625122
2013-12-15,0.01625122
2013-12-16,0.01625111
2013-12-17,0.016249137
2013-12-18,0.01627681
2013-12-19,0.016226338
2013-12-20,0.016225616
2013-12-21,0.016225616
2013-12-22,0.016225616
2013-12-23,0.016225591
2013-12-24,0.016225575
2013-12-25,0.016225575
2013-12-26,0.016225575
2013-12-27,0.01622555
2013-12-28,0.01622555
2013-12-29,0.01622555
2013-12-30,0.016226461
2013-12-31,0.016226515
2014-01-01,0.016226515
2014-01-02,0.016226618
2014-01-03,0.01622658
2014-01-04,0.01622658
2014-01-05,0.01622658
2014-01-06,0.016226448
2014-01-07,0.01616072
2014-01-08,0.016056476
2014-01-09,0.016048312
2014-01-10,0.016052257
2014-01-11,0.016052257
2014-01-12,0.016052257
2014-01-13,0.016052235
2014-01-14,0.016051967
2014-01-15,0.016056312
2014-01-16,0.016039992
2014-01-17,0.016131796
2014-01-18,0.016131796
2014-01-19,0.016131796
2014-01-20,0.016131796
2014-01-21,0.01677073
2014-01-22,0.016770875
2014-01-23,0.01681609
2014-01-24,0.01682689
2014-01-25,0.016826445
2014-01-26,0.016826445
2014-01-27,0.017098062
2014-01-28,0.017347781
2014-01-29,0.017491026
2014-01-30,0.01712598
2014-01-31,0.017122637
2014-02-01,0.017122637
2014-02-02,0.017122637
2014-02-03,0.017153427
2014-02-04,0.017041868
2014-02-05,0.016926147
2014-02-06,0.01688716
2014-02-07,0.01688717
2014-02-08,0.01688717
2014-02-09,0.01688717
2014-02-10,0.016882755
2014-02-11,0.016864825
2014-02-12,0.0167896
2014-02-13,0.016805582
2014-02-14,0.016799804
2014-02-15,0.016799804
2014-02-16,0.016799804
2014-02-17,0.01685861
2014-02-18,0.01678463
2014-02-19,0.016767234
2014-02-20,0.016783196
2014-02-21,0.01673817
2014-02-22,0.016738115
2014-02-23,0.016738115
2014-02-24,0.01674999
2014-02-25,0.016773699
2014-02-26,0.016610371
2014-02-27,0.016594233
2014-02-28,0.016615
2014-03-01,0.016588036
2014-03-02,0.016588036
2014-03-03,0.0165804
2014-03-04,0.016548095
2014-03-05,0.016544918
2014-03-06,0.016551374
2014-03-07,0.016554972
2014-03-08,0.016554972
2014-03-09,0.016554972
2014-03-10,0.016556801
2014-03-11,0.01656108
2014-03-12,0.01656575
2014-03-13,0.016577179
2014-03-14,0.016573895
2014-03-15,0.016573513
2014-03-16,0.016573513
2014-03-17,0.016572595
2014-03-18,0.01656898
2014-03-19,0.016557844
2014-03-20,0.016561933
2014-03-21,0.016566146
2014-03-22,0.016566146
2014-03-23,0.016566146
2014-03-24,0.016565578
2014-03-25,0.016561119
2014-03-26,0.016571153
2014-03-27,0.01658856
2014-03-28,0.016590383
2014-03-29,0.016590383
2014-03-30,0.016590383
2014-03-31,0.016584018
2014-04-01,0.016579583
2014-04-02,0.016647901
2014-04-03,0.016664704
2014-04-04,0.016663505
2014-04-05,0.016663505
2014-04-06,0.016663505
2014-04-07,0.01666309
2014-04-08,0.016663289
2014-04-09,0.01666923
2014-04-10,0.016670058
2014-04-11,0.016670648
2014-04-12,0.016670648
2014-04-13,0.016670648
2014-04-14,0.016667629
2014-04-15,0.016686136
2014-04-16,0.016429449
2014-04-17,0.016333865
2014-04-18,0.016333865
2014-04-19,0.016333865
2014-04-20,0.016333865
2014-04-21,0.0162885
2014-04-22,0.016119307
2014-04-23,0.015445009
2014-04-24,0.015294033
2014-04-25,0.015132538
2014-04-26,0.015132538
2014-04-27,0.015132538
2014-04-28,0.015104674
2014-04-29,0.015201739
2014-04-30,0.0153201865
2014-05-01,0.015343894
2014-05-02,0.015238682
2014-05-03,0.015238778
2014-05-04,0.015238778
2014-05-05,0.01519267
2014-05-06,0.015188606
2014-05-07,0.015243755
2014-05-08,0.015219316
2014-05-09,0.0152149135
2014-05-10,0.0152149135
2014-05-11,0.015214918
2014-05-12,0.015147997
2014-05-13,0.015145264
2014-05-14,0.015162002
2014-05-15,0.015089013
2014-05-16,0.015088795
2014-05-17,0.015088778
2014-05-18,0.015088778
2014-05-19,0.0150876865
2014-05-20,0.01508046
2014-05-21,0.01505679
2014-05-22,0.015044242
2014-05-23,0.015046757
2014-05-24,0.015046757
2014-05-25,0.015046757
2014-05-26,0.015046757
2014-05-27,0.015051473
2014-05-28,0.015188041
2014-05-29,0.015185755
2014-05-30,0.015182579
2014-05-31,0.015182579
2014-06-01,0.015182579
2014-06-02,0.015180844
2014-06-03,0.015175616
2014-06-04,0.015164354
2014-06-05,0.015165488
2014-06-06,0.015163429
2014-06-07,0.015163429
2014-06-08,0.015163429
2014-06-09,0.015162844
2014-06-10,0.01515968
2014-06-11,0.015171111
2014-06-12,0.015165499
2014-06-13,0.015165153
2014-06-14,0.015165153
2014-06-15,0.015165153
2014-06-16,0.015165497
2014-06-17,0.015166317
2014-06-18,0.015186896
2014-06-19,0.015243676
2014-06-20,0.015245079
2014-06-21,0.015244783
2014-06-22,0.015244783
2014-06-23,0.015249296
2014-06-24,0.015250189
2014-06-25,0.015203736
2014-06-26,0.015215042
2014-06-27,0.0152146015
2014-06-28,0.0152146015
2014-06-29,0.0152146015
2014-06-30,0.015214645
2014-07-01,0.015215752
2014-07-02,0.015218659
2014-07-03,0.015222687
2014-07-04,0.015222687
2014-07-05,0.015222687
2014-07-06,0.015222687
2014-07-07,0.015222769
2014-07-08,0.015230168
2014-07-09,0.015229631
2014-07-10,0.01522752
2014-07-11,0.01522838
2014-07-12,0.01522838
2014-07-13,0.01522838
2014-07-14,0.015228436
2014-07-15,0.015258586
2014-07-16,0.015255854
2014-07-17,0.015372026
2014-07-18,0.015397102
2014-07-19,0.015397102
2014-07-20,0.015397102
2014-07-21,0.015441638
2014-07-22,0.015357401
2014-07-23,0.015665976
2014-07-24,0.015808007
2014-07-25,0.01581897
2014-07-26,0.01581897
2014-07-27,0.01582001
2014-07-28,0.015859423
2014-07-29,0.015916297
2014-07-30,0.015909182
2014-07-31,0.015967336
2014-08-01,0.016101519
2014-08-02,0.016102407
2014-08-03,0.016102407
2014-08-04,0.016077703
2014-08-05,0.016052919
2014-08-06,0.016008561
2014-08-07,0.016090801
2014-08-08,0.016097613
2014-08-09,0.016098302
2014-08-10,0.01609827
2014-08-11,0.016112722
2014-08-12,0.016074661
2014-08-13,0.016066687
2014-08-14,0.01608837
2014-08-15,0.016087404
2014-08-16,0.016087404
2014-08-17,0.016087404
2014-08-18,0.016088389
2014-08-19,0.016025363
2014-08-20,0.016023448
2014-08-21,0.016016759
2014-08-22,0.016012192
2014-08-23,0.016012192
2014-08-24,0.016011512
2014-08-25,0.016014185
2014-08-26,0.015996972
2014-08-27,0.01587149
2014-08-28,0.015867604
2014-08-29,0.015867053
2014-08-30,0.015867053
2014-08-31,0.015867053
2014-09-01,0.015867053
2014-09-02,0.015867114
2014-09-03,0.015873434
2014-09-04,0.01587146
2014-09-05,0.015871495
2014-09-06,0.015871495
2014-09-07,0.015871495
2014-09-08,0.01587027
2014-09-09,0.015866233
2014-09-10,0.015866283
2014-09-11,0.01586004
2014-09-12,0.015859447
2014-09-13,0.015859447
2014-09-14,0.015859447
2014-09-15,0.015859948
2014-09-16,0.015858995
2014-09-17,0.0158546
2014-09-18,0.015772644
2014-09-19,0.015774066
2014-09-20,0.015774066
2014-09-21,0.015774066
2014-09-22,0.015777554
2014-09-23,0.015837036
2014-09-24,0.015831536
2014-09-25,0.015860938
2014-09-26,0.015861629
2014-09-27,0.015861629
2014-09-28,0.015861629
2014-09-29,0.015860518
2014-09-30,0.01586057
2014-10-01,0.015861023
2014-10-02,0.015862515
2014-10-03,0.015862513
2014-10-04,0.015862513
2014-10-05,0.015862513
2014-10-06,0.015861839
2014-10-07,0.015863745
2014-10-08,0.015873956
2014-10-09,0.015872786
2014-10-10,0.015874008
2014-10-11,0.015874008
2014-10-12,0.015874008
2014-10-13,0.015874008
2014-10-14,0.015925098
2014-10-15,0.015927104
2014-10-16,0.015883556
2014-10-17,0.015783392
2014-10-18,0.015783392
2014-10-19,0.015783392
2014-10-20,0.01583213
2014-10-21,0.016043756
2014-10-22,0.01602681
2014-10-23,0.016095104
2014-10-24,0.016139632
2014-10-25,0.016139632
2014-10-26,0.016139632
2014-10-27,0.01608495
2014-10-28,0.016076205
2014-10-29,0.016287765
2014-10-30,0.016303556
2014-10-31,0.016267305
2014-11-01,0.0162673
2014-11-02,0.016267652
2014-11-03,0.016235525
2014-11-04,0.016352411
2014-11-05,0.016411936
2014-11-06,0.016463183
2014-11-07,0.016354904
2014-11-08,0.016354991
2014-11-09,0.016354825
2014-11-10,0.016371155
2014-11-11,0.016384898
2014-11-12,0.01648646
2014-11-13,0.01647561
2014-11-14,0.016470876
2014-11-15,0.016470976
2014-11-16,0.01647099
2014-11-17,0.016450867
2014-11-18,0.016425984
2014-11-19,0.016412161
2014-11-20,0.016409788
2014-11-21,0.016411964
2014-11-22,0.016411964
2014-11-23,0.016411964
2014-11-24,0.016412543
2014-11-25,0.016432121
2014-11-26,0.016401418
2014-11-27,0.016401418
2014-11-28,0.016401418
2014-11-29,0.016401418
2014-11-30,0.016401418
2014-12-01,0.01640006
2014-12-02,0.016400065
2014-12-03,0.01640435
2014-12-04,0.016398283
2014-12-05,0.016399454
2014-12-06,0.016399454
2014-12-07,0.016399454
2014-12-08,0.016404111
2014-12-09,0.016399756
2014-12-10,0.016403692
2014-12-11,0.016406799
2014-12-12,0.01640648
2014-12-13,0.01640648
2014-12-14,0.01640648
2014-12-15,0.016408613
2014-12-16,0.01640874
2014-12-17,0.016426485
2014-12-18,0.016423983
2014-12-19,0.01642134
2014-12-20,0.01642134
2014-12-21,0.01642134
2014-12-22,0.016420383
2014-12-23,0.016418422
2014-12-24,0.016418451
2014-12-25,0.016418451
2014-12-26,0.016418384
2014-12-27,0.016418384
2014-12-28,0.016418384
2014-12-29,0.016418384
2014-12-30,0.016417928
2014-12-31,0.016418107
2015-01-01,0.016418107
2015-01-02,0.016418107
2015-01-03,0.016418107
2015-01-04,0.016418107
2015-01-05,0.016418107
2015-01-06,0.016410444
2015-01-07,0.016376028
2015-01-08,0.01638564
2015-01-09,0.016386675
2015-01-10,0.016386768
2015-01-11,0.016386768
2015-01-12,0.016387027
2015-01-13,0.016426671
2015-01-14,0.01642686
2015-01-15,0.016348707
2015-01-16,0.016348707
2015-01-17,0.016348707
2015-01-18,0.016348707
2015-01-19,0.016348686
2015-01-20,0.016340638
2015-01-21,0.016334843
2015-01-22,0.016310176
2015-01-23,0.01643651
2015-01-24,0.01643651
2015-01-25,0.01643651
2015-01-26,0.016489746
2015-01-27,0.016484868
2015-01-28,0.016458217
2015-01-29,0.01629883
2015-01-30,0.016138678
2015-01-31,0.016138678
2015-02-01,0.016138678
2015-02-02,0.016082125
2015-02-03,0.01605265
2015-02-04,0.016566489
2015-02-05,0.01652526
2015-02-06,0.016493049
2015-02-07,0.016493049
2015-02-08,0.016493049
2015-02-09,0.016462186
2015-02-10,0.016352778
2015-02-11,0.016366288
2015-02-12,0.01631837
2015-02-13,0.016244346
2015-02-14,0.016244346
2015-02-15,0.016244346
2015-02-16,0.016241439
2015-02-17,0.016350098
2015-02-18,0.016179606
2015-02-19,0.016180739
2015-02-20,0.016169624
2015-02-21,0.016169624
2015-02-22,0.016183015
2015-02-23,0.016203228
2015-02-24,0.016064499
2015-02-25,0.016161371
2015-02-26,0.016182061
2015-02-27,0.016177893
2015-02-28,0.016146913
2015-03-01,0.016146913
2015-03-02,0.016107706
2015-03-03,0.01599248
2015-03-04,0.015997067
2015-03-05,0.015998943
2015-03-06,0.01601154
2015-03-07,0.01601154
2015-03-08,0.01601138
2015-03-09,0.016009342
2015-03-10,0.016007405
2015-03-11,0.016018968
2015-03-12,0.016021727
2015-03-13,0.016024185
2015-03-14,0.01602426
2015-03-15,0.01602426
2015-03-16,0.016020145
2015-03-17,0.016030077
2015-03-18,0.01603236
2015-03-19,0.016038239
2015-03-20,0.016008707
2015-03-21,0.016008707
2015-03-22,0.016008707
2015-03-23,0.01600949
2015-03-24,0.016004365
2015-03-25,0.015995802
2015-03-26,0.01601174
2015-03-27,0.015956137
2015-03-28,0.01595613
2015-03-29,0.01595613
2015-03-30,0.015956398
2015-03-31,0.015956819
2015-04-01,0.016010374
2015-04-02,0.016010739
2015-04-03,0.016010739
2015-04-04,0.016010739
2015-04-05,0.016010739
2015-04-06,0.01601055
2015-04-07,0.016009815
2015-04-08,0.016103676
2015-04-09,0.016143633
2015-04-10,0.016143458
2015-04-11,0.016143458
2015-04-12,0.016143458
2015-04-13,0.016144037
2015-04-14,0.016151939
2015-04-15,0.016170304
2015-04-16,0.01623099
2015-04-17,0.016217286
2015-04-18,0.01620704
2015-04-19,0.01620704
2015-04-20,0.016044155
2015-04-21,0.016053107
2015-04-22,0.015901387
2015-04-23,0.015807875
2015-04-24,0.015851209
2015-04-25,0.015851209
2015-04-26,0.015851209
2015-04-27,0.015616363
2015-04-28,0.015475445
2015-04-29,0.015153832
2015-04-30,0.015111815
2015-05-01,0.015157488
2015-05-02,0.015158082
2015-05-03,0.015158907
2015-05-04,0.015177777
2015-05-05,0.015142239
2015-05-06,0.015156519
2015-05-07,0.015062248
2015-05-08,0.015036949
2015-05-09,0.015038551
2015-05-10,0.015038551
2015-05-11,0.015021029
2015-05-12,0.015008069
2015-05-13,0.014964989
2015-05-14,0.014941815
2015-05-15,0.014939969
2015-05-16,0.014939969
2015-05-17,0.014939969
2015-05-18,0.014996309
2015-05-19,0.014917505
2015-05-20,0.014870187
2015-05-21,0.014806894
2015-05-22,0.014820018
2015-05-23,0.0148201315
2015-05-24,0.0148201315
2015-05-25,0.0148201315
2015-05-26,0.014825542
2015-05-27,0.01480514
2015-05-28,0.014794978
2015-05-29,0.014793354
2015-05-30,0.014793354
2015-05-31,0.014793354
2015-06-01,0.014797686
2015-06-02,0.014790362
2015-06-03,0.014787072
2015-06-04,0.014782178
2015-06-05,0.014781195
2015-06-06,0.014781195
2015-06-07,0.014781195
2015-06-08,0.014773841
2015-06-09,0.014774417
2015-06-10,0.014773907
2015-06-11,0.014772007
2015-06-12,0.01477213
2015-06-13,0.01477213
2015-06-14,0.01477213
2015-06-15,0.014771618
2015-06-16,0.014774855
2015-06-17,0.014779433
2015-06-18,0.01469434
2015-06-19,0.014695994
2015-06-20,0.014695994
2015-06-21,0.014695994
2015-06-22,0.014696648
2015-06-23,0.014707369
2015-06-24,0.014689508
2015-06-25,0.014676451
2015-06-26,0.014675153
2015-06-27,0.014675153
2015-06-28,0.014675153
2015-06-29,0.014675958
2015-06-30,0.014677114
2015-07-01,0.014672787
2015-07-02,0.014671595
2015-07-03,0.014671595
2015-07-04,0.014671595
2015-07-05,0.014671595
2015-07-06,0.014671595
2015-07-07,0.014672345
2015-07-08,0.014668951
2015-07-09,0.014667318
2015-07-10,0.014667788
2015-07-11,0.014667788
2015-07-12,0.014667788
2015-07-13,0.01466783
2015-07-14,0.014674579
2015-07-15,0.01474966
2015-07-16,0.01478579
2015-07-17,0.014727651
2015-07-18,0.014727651
2015-07-19,0.014727651
2015-07-20,0.0147420345
2015-07-21,0.014577307
2015-07-22,0.01468853
2015-07-23,0.0147275645
2015-07-24,0.0147497775
2015-07-25,0.014752631
2015-07-26,0.014752631
2015-07-27,0.014768688
2015-07-28,0.014892934
2015-07-29,0.014940346
2015-07-30,0.014913584
2015-07-31,0.01477045
2015-08-01,0.0147707565
2015-08-02,0.014770417
2015-08-03,0.014766715
2015-08-04,0.014685924
2015-08-05,0.014664696
2015-08-06,0.01461101
2015-08-07,0.014455088
2015-08-08,0.014436586
2015-08-09,0.014436586
2015-08-10,0.014426444
2015-08-11,0.014409421
2015-08-12,0.014393383
2015-08-13,0.014387817
2015-08-14,0.01438896
2015-08-15,0.014388456
2015-08-16,0.014388456
2015-08-17,0.014386725
2015-08-18,0.014434588
2015-08-19,0.014456729
2015-08-20,0.014450441
2015-08-21,0.014437498
2015-08-22,0.014437498
2015-08-23,0.014437498
2015-08-24,0.014436895
2015-08-25,0.014443381
2015-08-26,0.014437974
2015-08-27,0.014427426
2015-08-28,0.01442619
2015-08-29,0.01442619
2015-08-30,0.01442619
2015-08-31,0.014426433
2015-09-01,0.014426032
2015-09-02,0.014430413
2015-09-03,0.01437837
2015-09-04,0.01437837
2015-09-05,0.01437837
2015-09-06,0.01437837
2015-09-07,0.01437837
2015-09-08,0.014382484
2015-09-09,0.014374444
2015-09-10,0.014375922
2015-09-11,0.014373226
2015-09-12,0.014375971
2015-09-13,0.014375971
2015-09-14,0.01437617
2015-09-15,0.014375932
2015-09-16,0.014330705
2015-09-17,0.014331471
2015-09-18,0.014330875
2015-09-19,0.014330875
2015-09-20,0.014330875
2015-09-21,0.014333068
2015-09-22,0.014389664
2015-09-23,0.014390709
2015-09-24,0.014407156
2015-09-25,0.014407093
2015-09-26,0.014407093
2015-09-27,0.014407093
2015-09-28,0.014411402
2015-09-29,0.014424222
2015-09-30,0.014426132
2015-10-01,0.0144263785
2015-10-02,0.0144263785
2015-10-03,0.0144263785
2015-10-04,0.0144263785
2015-10-05,0.014425855
2015-10-06,0.014364519
2015-10-07,0.014367273
2015-10-08,0.014362419
2015-10-09,0.014362597
2015-10-10,0.014362597
2015-10-11,0.014364549
2015-10-12,0.0143643925
2015-10-13,0.014318029
2015-10-14,0.014306953
2015-10-15,0.014312803
2015-10-16,0.014349992
2015-10-17,0.014349992
2015-10-18,0.014349992
2015-10-19,0.014327697
2015-10-20,0.014330179
2015-10-21,0.014312787
2015-10-22,0.014451945
2015-10-23,0.014597683
2015-10-24,0.014597683
2015-10-25,0.014597683
2015-10-26,0.014609554
2015-10-27,0.01439103
2015-10-28,0.014685939
2015-10-29,0.01459706
2015-10-30,0.01472186
2015-10-31,0.014715872
2015-11-01,0.014715872
2015-11-02,0.014762128
2015-11-03,0.014766619
2015-11-04,0.014804658
2015-11-05,0.014786297
2015-11-06,0.015055525
2015-11-07,0.015055659
2015-11-08,0.015055386
2015-11-09,0.015106712
2015-11-10,0.015125077
2015-11-11,0.015120259
2015-11-12,0.015126575
2015-11-13,0.015116528
2015-11-14,0.015115916
2015-11-15,0.015115916
2015-11-16,0.015115982
2015-11-17,0.015074975
2015-11-18,0.015043506
2015-11-19,0.015051006
2015-11-20,0.015048898
2015-11-21,0.015048898
2015-11-22,0.015048898
2015-11-23,0.015043744
2015-11-24,0.015074226
2015-11-25,0.015065874
2015-11-26,0.015066421
2015-11-27,0.015066394
2015-11-28,0.015066394
2015-11-29,0.015066394
2015-11-30,0.015065331
2015-12-01,0.015072854
2015-12-02,0.015096754
2015-12-03,0.01508048
2015-12-04,0.0150674
2015-12-05,0.0150674
2015-12-06,0.0150674
2015-12-07,0.015070449
2015-12-08,0.01505158
2015-12-09,0.015051662
2015-12-10,0.015054708
2015-12-11,0.015054891
2015-12-12,0.015054891
2015-12-13,0.015054891
2015-12-14,0.015056018
2015-12-15,0.0150548
2015-12-16,0.015079921
2015-12-17,0.015091723
2015-12-18,0.01504361
2015-12-19,0.01504361
2015-12-20,0.01504361
2015-12-21,0.015043666
2015-12-22,0.015008203
2015-12-23,0.015006219
2015-12-24,0.015006219
2015-12-25,0.015006219
2015-12-26,0.015006219
2015-12-27,0.015006219
2015-12-28,0.015006219
2015-12-29,0.015006035
2015-12-30,0.015006035
2015-12-31,0.015006035
2016-01-01,0.015006035
2016-01-02,0.015006035
2016-01-03,0.015006035
2016-01-04,0.015006035
2016-01-05,0.015006001
2016-01-06,0.015005566
2016-01-07,0.015057557
2016-01-08,0.015058258
2016-01-09,0.015058258
2016-01-10,0.015058258
2016-01-11,0.015057077
2016-01-12,0.0150543
2016-01-13,0.015051658
2016-01-14,0.015073482
2016-01-15,0.015072687
2016-01-16,0.015072687
2016-01-17,0.015072687
2016-01-18,0.015072662
2016-01-19,0.0151229305
2016-01-20,0.015132482
2016-01-21,0.014985314
2016-01-22,0.015078456
2016-01-23,0.015078456
2016-01-24,0.015078456
2016-01-25,0.015043044
2016-01-26,0.015444554
2016-01-27,0.015432072
2016-01-28,0.015316753
2016-01-29,0.015371873
2016-01-30,0.015371873
2016-01-31,0.015371873
2016-02-01,0.015355051
2016-02-02,0.015384469
2016-02-03,0.01536098
2016-02-04,0.015297481
2016-02-05,0.015348585
2016-02-06,0.015349024
2016-02-07,0.015349024
2016-02-08,0.015348515
2016-02-09,0.015371791
2016-02-10,0.015356004
2016-02-11,0.015409692
2016-02-12,0.015412502
2016-02-13,0.015412502
2016-02-14,0.015412502
2016-02-15,0.015412524
2016-02-16,0.015398696
2016-02-17,0.01537091
2016-02-18,0.015347393
2016-02-19,0.0153075075
2016-02-20,0.015313774
2016-02-21,0.015313774
2016-02-22,0.0153083615
2016-02-23,0.015310029
2016-02-24,0.01532065
2016-02-25,0.015274606
2016-02-26,0.015318296
2016-02-27,0.015121568
2016-02-28,0.015121568
2016-02-29,0.015135336
2016-03-01,0.015178939
2016-03-02,0.015187247
2016-03-03,0.015162063
2016-03-04,0.015160049
2016-03-05,0.015159671
2016-03-06,0.015159671
2016-03-07,0.015164864
2016-03-08,0.015166689
2016-03-09,0.015169725
2016-03-10,0.015193045
2016-03-11,0.015197166
2016-03-12,0.015197166
2016-03-13,0.015197166
2016-03-14,0.015194973
2016-03-15,0.015241489
2016-03-16,0.015235122
2016-03-17,0.015251852
2016-03-18,0.01525541
2016-03-19,0.0152555285
2016-03-20,0.0152555285
2016-03-21,0.015255711
2016-03-22,0.015266558
2016-03-23,0.015253055
2016-03-24,0.0152979195
2016-03-25,0.015298009
2016-03-26,0.015298009
2016-03-27,0.015298009
2016-03-28,0.015294182
2016-03-29,0.015285619
2016-03-30,0.015280758
2016-03-31,0.015280006
2016-04-01,0.015261974
2016-04-02,0.015261974
2016-04-03,0.015261974
2016-04-04,0.015261974
2016-04-05,0.0152570885
2016-04-06,0.015255692
2016-04-07,0.015259332
2016-04-08,0.015246155
2016-04-09,0.015257699
2016-04-10,0.015257699
2016-04-11,0.015256675
2016-04-12,0.015252715
2016-04-13,0.015253114
2016-04-14,0.015251488
2016-04-15,0.015251208
2016-04-16,0.015251208
2016-04-17,0.015251208
2016-04-18,0.015087791
2016-04-19,0.015075977
2016-04-20,0.014977209
2016-04-21,0.014544459
2016-04-22,0.014335394
2016-04-23,0.014335394
2016-04-24,0.014335394
2016-04-25,0.014359357
2016-04-26,0.014243132
2016-04-27,0.013854249
2016-04-28,0.013472234
2016-04-29,0.013386798
2016-04-30,0.013370218
2016-05-01,0.013370218
2016-05-02,0.013386274
2016-05-03,0.013410613
2016-05-04,0.0133470455
2016-05-05,0.013366557
2016-05-06,0.013339822
2016-05-07,0.013339822
2016-05-08,0.013338965
2016-05-09,0.013330735
2016-05-10,0.013343407
2016-05-11,0.013309722
2016-05-12,0.013275947
2016-05-13,0.013276127
2016-05-14,0.013276288
2016-05-15,0.013275749
2016-05-16,0.013272514
2016-05-17,0.013279521
2016-05-18,0.013204242
2016-05-19,0.013144378
2016-05-20,0.013150488
2016-05-21,0.013150488
2016-05-22,0.013150488
2016-05-23,0.01315183
2016-05-24,0.013182972
2016-05-25,0.01317386
2016-05-26,0.013136613
2016-05-27,0.013134244
2016-05-28,0.013134244
2016-05-29,0.013134244
2016-05-30,0.013134244
2016-05-31,0.013129857
2016-06-01,0.0131234545
2016-06-02,0.0131224375
2016-06-03,0.013122423
2016-06-04,0.013122423
2016-06-05,0.013122423
2016-06-06,0.013124817
2016-06-07,0.013117704
2016-06-08,0.01312537
2016-06-09,0.013127155
2016-06-10,0.013127304
2016-06-11,0.013127304
2016-06-12,0.013127304
2016-06-13,0.013126904
2016-06-14,0.013127373
2016-06-15,0.013129086
2016-06-16,0.013163496
2016-06-17,0.013162799
2016-06-18,0.013162799
2016-06-19,0.013162799
2016-06-20,0.013162799
2016-06-21,0.013166888
2016-06-22,0.013154899
2016-06-23,0.013135002
2016-06-24,0.013135098
2016-06-25,0.013135098
2016-06-26,0.013135098
2016-06-27,0.013135181
2016-06-28,0.013152024
2016-06-29,0.013140253
2016-06-30,0.013145413
2016-07-01,0.013145308
2016-07-02,0.013145308
2016-07-03,0.013145308
2016-07-04,0.013145308
2016-07-05,0.013146022
2016-07-06,0.013154009
2016-07-07,0.013202383
2016-07-08,0.013202383
2016-07-09,0.013202383
2016-07-10,0.013202383
2016-07-11,0.013208082
2016-07-12,0.0132128475
2016-07-13,0.0132190855
2016-07-14,0.013254341
2016-07-15,0.013253125
2016-07-16,0.013253125
2016-07-17,0.013253125
2016-07-18,0.013299636
2016-07-19,0.0132640945
2016-07-20,0.013303143
2016-07-21,0.013392932
2016-07-22,0.013646738
2016-07-23,0.013646738
2016-07-24,0.013646738
2016-07-25,0.013648705
2016-07-26,0.013188815
2016-07-27,0.013520882
2016-07-28,0.013718183
2016-07-29,0.013647167
2016-07-30,0.013646963
2016-07-31,0.013646963
2016-08-01,0.013626853
2016-08-02,0.013528205
2016-08-03,0.013505618
2016-08-04,0.013519133
2016-08-05,0.013486309
2016-08-06,0.013488307
2016-08-07,0.013488307
2016-08-08,0.013482691
2016-08-09,0.0136235505
2016-08-10,0.013629206
2016-08-11,0.013631179
2016-08-12,0.013643877
2016-08-13,0.013643932
2016-08-14,0.013643932
2016-08-15,0.01364061
2016-08-16,0.013677112
2016-08-17,0.013718167
2016-08-18,0.01375825
2016-08-19,0.013745067
2016-08-20,0.013745067
2016-08-21,0.013745067
2016-08-22,0.013745436
2016-08-23,0.01374637
2016-08-24,0.013743972
2016-08-25,0.01373009
2016-08-26,0.013730785
2016-08-27,0.013730785
2016-08-28,0.013730785
2016-08-29,0.013732119
2016-08-30,0.01373192
2016-08-31,0.013719658
2016-09-01,0.013721933
2016-09-02,0.013724139
2016-09-03,0.01372404
2016-09-04,0.01372404
2016-09-05,0.01372404
2016-09-06,0.013728095
2016-09-07,0.013790988
2016-09-08,0.013796877
2016-09-09,0.013774314
2016-09-10,0.013774314
2016-09-11,0.013774314
2016-09-12,0.013777924
2016-09-13,0.013777361
2016-09-14,0.013775557
2016-09-15,0.013721536
2016-09-16,0.013721536
2016-09-17,0.013721536
2016-09-18,0.013721333
2016-09-19,0.013721414
2016-09-20,0.013729435
2016-09-21,0.013733614
2016-09-22,0.013734878
2016-09-23,0.013735468
2016-09-24,0.013735468
2016-09-25,0.013735468
2016-09-26,0.013774654
2016-09-27,0.013798252
2016-09-28,0.013800758
2016-09-29,0.013821038
2016-09-30,0.013822591
2016-10-01,0.013822591
2016-10-02,0.013822591
2016-10-03,0.013822421
2016-10-04,0.013821179
2016-10-05,0.013819561
2016-10-06,0.013819144
2016-10-07,0.013819208
2016-10-08,0.013819208
2016-10-09,0.013819208
2016-10-10,0.013819208
2016-10-11,0.0138195045
2016-10-12,0.013819954
2016-10-13,0.013808137
2016-10-14,0.013810489
2016-10-15,0.013810489
2016-10-16,0.013810489
2016-10-17,0.013856898
2016-10-18,0.013956671
2016-10-19,0.013966631
2016-10-20,0.014184172
2016-10-21,0.014133619
2016-10-22,0.014129075
2016-10-23,0.014128637
2016-10-24,0.0141484765
2016-10-25,0.014069938
2016-10-26,0.013998598
2016-10-27,0.013692049
2016-10-28,0.013752859
2016-10-29,0.01375435
2016-10-30,0.01375435
2016-10-31,0.013775246
2016-11-01,0.013779177
2016-11-02,0.013914007
2016-11-03,0.013903809
2016-11-04,0.014014541
2016-11-05,0.014023028
2016-11-06,0.014029116
2016-11-07,0.014002883
2016-11-08,0.014025847
2016-11-09,0.014021772
2016-11-10,0.014010263
2016-11-11,0.0140060615
2016-11-12,0.0140060615
2016-11-13,0.0140060615
2016-11-14,0.014060166
2016-11-15,0.014014031
2016-11-16,0.013966948
2016-11-17,0.013935879
2016-11-18,0.013935807
2016-11-19,0.013935807
2016-11-20,0.013935807
2016-11-21,0.013941216
2016-11-22,0.013830714
2016-11-23,0.013819705
2016-11-24,0.013821651
2016-11-25,0.013821651
2016-11-26,0.013821651
2016-11-27,0.013821651
2016-11-28,0.013821836
2016-11-29,0.013815685
2016-11-30,0.01382082
2016-12-01,0.013818507
2016-12-02,0.013817806
2016-12-03,0.013817806
2016-12-04,0.013817806
2016-12-05,0.013817904
2016-12-06,0.013809522
2016-12-07,0.013798068
2016-12-08,0.013798724
2016-12-09,0.013803566
2016-12-10,0.013803566
2016-12-11,0.013803566
2016-12-12,0.013804124
2016-12-13,0.013803017
2016-12-14,0.013797159
2016-12-15,0.013816782
2016-12-16,0.013816855
2016-12-17,0.013816855
2016-12-18,0.013816855
2016-12-19,0.013819384
2016-12-20,0.013756617
2016-12-21,0.0137465075
2016-12-22,0.013748193
2016-12-23,0.013748487
2016-12-24,0.013748487
2016-12-25,0.013748487
2016-12-26,0.013748487
2016-12-27,0.013748537
2016-12-28,0.0137485275
2016-12-29,0.013748418
2016-12-30,0.013748418
2016-12-31,0.013748418
2017-01-01,0.013748418
2017-01-02,0.013748418
2017-01-03,0.013748418
2017-01-04,0.013747456
2017-01-05,0.013720131
2017-01-06,0.0137206325
2017-01-07,0.0137206325
2017-01-08,0.0137206325
2017-01-09,0.013717913
2017-01-10,0.013722045
2017-01-11,0.013721629
2017-01-12,0.013691903
2017-01-13,0.01369211
2017-01-14,0.013692321
2017-01-15,0.013692321
2017-01-16,0.013692321
2017-01-17,0.013655906
2017-01-18,0.013646182
2017-01-19,0.013710167
2017-01-20,0.013790242
2017-01-21,0.013790242
2017-01-22,0.013790242
2017-01-23,0.013790287
2017-01-24,0.013869612
2017-01-25,0.013950669
2017-01-26,0.013908421
2017-01-27,0.013823291
2017-01-28,0.013823291
2017-01-29,0.013823291
2017-01-30,0.013821163
2017-01-31,0.014168548
2017-02-01,0.014584322
2017-02-02,0.0146253565
2017-02-03,0.014587461
2017-02-04,0.014590155
2017-02-05,0.014590155
2017-02-06,0.014597205
2017-02-07,0.014482142
2017-02-08,0.014494813
2017-02-09,0.014429269
2017-02-10,0.014407904
2017-02-11,0.014407353
2017-02-12,0.01441195
2017-02-13,0.01441524
2017-02-14,0.014460948
2017-02-15,0.014550549
2017-02-16,0.0144962985
2017-02-17,0.014474671
2017-02-18,0.01449416
2017-02-19,0.01449416
2017-02-20,0.014492568
2017-02-21,0.014505325
2017-02-22,0.014589754
2017-02-23,0.0145893935
2017-02-24,0.0145544885
2017-02-25,0.014501948
2017-02-26,0.014501948
2017-02-27,0.014502249
2017-02-28,0.014493135
2017-03-01,0.014463236
2017-03-02,0.014444335
2017-03-03,0.014444134
2017-03-04,0.014444134
2017-03-05,0.014444134
2017-03-06,0.014440417
2017-03-07,0.014519553
2017-03-08,0.014515628
2017-03-09,0.014552933
2017-03-10,0.014552213
2017-03-11,0.014552213
2017-03-12,0.014552213
2017-03-13,0.014553918
2017-03-14,0.014549573
2017-03-15,0.014495507
2017-03-16,0.014502579
2017-03-17,0.014505436
2017-03-18,0.014505436
2017-03-19,0.014505436
2017-03-20,0.014504804
2017-03-21,0.014491619
2017-03-22,0.014493242
2017-03-23,0.014532823
2017-03-24,0.014526399
2017-03-25,0.014526399
2017-03-26,0.014526399
2017-03-27,0.014529072
2017-03-28,0.014513609
2017-03-29,0.014515154
2017-03-30,0.014514557
2017-03-31,0.0145150805
2017-04-01,0.014515138
2017-04-02,0.014515138
2017-04-03,0.014515138
2017-04-04,0.014514069
2017-04-05,0.014582606
2017-04-06,0.0145839425
2017-04-07,0.0145839425
2017-04-08,0.0145839425
2017-04-09,0.0145839425
2017-04-10,0.0145833725
2017-04-11,0.014583571
2017-04-12,0.014581559
2017-04-13,0.014580453
2017-04-14,0.014580323
2017-04-15,0.014580323
2017-04-16,0.014580323
2017-04-17,0.014559008
2017-04-18,0.014463581
2017-04-19,0.014248139
2017-04-20,0.014216361
2017-04-21,0.014101213
2017-04-22,0.014101213
2017-04-23,0.0141021125
2017-04-24,0.014082025
2017-04-25,0.014156116
2017-04-26,0.014182718
2017-04-27,0.014429512
2017-04-28,0.014647928
2017-04-29,0.014648553
2017-04-30,0.014648553
2017-05-01,0.014638595
2017-05-02,0.013929038
2017-05-03,0.014005454
2017-05-04,0.014154042
2017-05-05,0.0140306605
2017-05-06,0.014030598
2017-05-07,0.014029262
2017-05-08,0.013993252
2017-05-09,0.01401979
2017-05-10,0.01390605
2017-05-11,0.013924146
2017-05-12,0.013950502
2017-05-13,0.013950502
2017-05-14,0.013950502
2017-05-15,0.0139506925
2017-05-16,0.013947264
2017-05-17,0.01392535
2017-05-18,0.01400604
2017-05-19,0.014035484
2017-05-20,0.014035484
2017-05-21,0.014035484
2017-05-22,0.014032829
2017-05-23,0.014084031
2017-05-24,0.0140630165
2017-05-25,0.014048195
2017-05-26,0.01404635
2017-05-27,0.01404635
2017-05-28,0.01404635
2017-05-29,0.01404635
2017-05-30,0.014047692
2017-05-31,0.014030367
2017-06-01,0.014016329
2017-06-02,0.014015635
2017-06-03,0.014015635
2017-06-04,0.014015635
2017-06-05,0.014017995
2017-06-06,0.014009345
2017-06-07,0.01400812
2017-06-08,0.014008621
2017-06-09,0.014007149
2017-06-10,0.014007149
2017-06-11,0.014007149
2017-06-12,0.014007665
2017-06-13,0.01401199
2017-06-14,0.014011843
2017-06-15,0.014006748
2017-06-16,0.014006748
2017-06-17,0.014006748
2017-06-18,0.014006748
2017-06-19,0.014006748
2017-06-20,0.014034189
2017-06-21,0.014077471
2017-06-22,0.014060396
2017-06-23,0.014090199
2017-06-24,0.014090199
2017-06-25,0.014090199
2017-06-26,0.014090485
2017-06-27,0.014091237
2017-06-28,0.014071002
2017-06-29,0.014100628
2017-06-30,0.014100503
2017-07-01,0.014100503
2017-07-02,0.014100503
2017-07-03,0.014100135
2017-07-04,0.014100135
2017-07-05,0.014097208
2017-07-06,0.014097184
2017-07-07,0.014097182
2017-07-08,0.014097182
2017-07-09,0.014097182
2017-07-10,0.014096922
2017-07-11,0.014132046
2017-07-12,0.014133085
2017-07-13,0.014162173
2017-07-14,0.014161337
2017-07-15,0.014161337
2017-07-16,0.014161337
2017-07-17,0.01415455
2017-07-18,0.014211409
2017-07-19,0.014186729
2017-07-20,0.014258354
2017-07-21,0.0142995715
2017-07-22,0.0142995715
2017-07-23,0.0142995715
2017-07-24,0.014212101
2017-07-25,0.01431379
2017-07-26,0.01443815
2017-07-27,0.014114645
2017-07-28,0.014069198
2017-07-29,0.014069198
2017-07-30,0.014068711
2017-07-31,0.01407014
2017-08-01,0.013923688
2017-08-02,0.013800239
2017-08-03,0.013790294
2017-08-04,0.013764633
2017-08-05,0.013765469
2017-08-06,0.01376607
2017-08-07,0.013762218
2017-08-08,0.013757402
2017-08-09,0.013813737
2017-08-10,0.013777397
2017-08-11,0.013779476
2017-08-12,0.013779476
2017-08-13,0.013779452
2017-08-14,0.013779559
2017-08-15,0.013814222
2017-08-16,0.013809738
2017-08-17,0.013811845
2017-08-18,0.013791813
2017-08-19,0.013791813
2017-08-20,0.013791813
2017-08-21,0.013771786
2017-08-22,0.013723647
2017-08-23,0.01376815
2017-08-24,0.013774876
2017-08-25,0.013773761
2017-08-26,0.013773761
2017-08-27,0.013773761
2017-08-28,0.013775633
2017-08-29,0.013775706
2017-08-30,0.013780192
2017-08-31,0.013789077
2017-09-01,0.013789077
2017-09-02,0.013789077
2017-09-03,0.013789077
2017-09-04,0.013789077
2017-09-05,0.013795039
2017-09-06,0.013800152
2017-09-07,0.013797193
2017-09-08,0.013798992
2017-09-09,0.013798992
2017-09-10,0.013798992
2017-09-11,0.013799131
2017-09-12,0.0137991235
2017-09-13,0.013802844
2017-09-14,0.013752528
2017-09-15,0.013751806
2017-09-16,0.013751806
2017-09-17,0.013751806
2017-09-18,0.013752682
2017-09-19,0.01373842
2017-09-20,0.013737809
2017-09-21,0.01373661
2017-09-22,0.013734755
2017-09-23,0.013734755
2017-09-24,0.013734755
2017-09-25,0.013736153
2017-09-26,0.013814398
2017-09-27,0.013812984
2017-09-28,0.013799475
2017-09-29,0.013799475
2017-09-30,0.013799475
2017-10-01,0.013799475
2017-10-02,0.013799475
2017-10-03,0.013801117
2017-10-04,0.0137644345
2017-10-05,0.013782792
2017-10-06,0.013782788
2017-10-07,0.013782788
2017-10-08,0.013782788
2017-10-09,0.013782788
2017-10-10,0.01378267
2017-10-11,0.013781208
2017-10-12,0.013782928
2017-10-13,0.013782788
2017-10-14,0.013782788
2017-10-15,0.013782788
2017-10-16,0.013784354
2017-10-17,0.013790148
2017-10-18,0.013812711
2017-10-19,0.01377394
2017-10-20,0.013811468
2017-10-21,0.013811468
2017-10-22,0.013811086
2017-10-23,0.013858013
2017-10-24,0.0137410415
2017-10-25,0.0137580605
2017-10-26,0.014044783
2017-10-27,0.014145383
2017-10-28,0.014145383
2017-10-29,0.014145383
2017-10-30,0.014207108
2017-10-31,0.014266758
2017-11-01,0.014264113
2017-11-02,0.014423282
2017-11-03,0.014395597
2017-11-04,0.014395743
2017-11-05,0.01439639
2017-11-06,0.014429527
2017-11-07,0.01448833
2017-11-08,0.014511269
2017-11-09,0.014548928
2017-11-10,0.014544955
2017-11-11,0.014544955
2017-11-12,0.014544955
2017-11-13,0.0145374425
2017-11-14,0.014517495
2017-11-15,0.01451241
2017-11-16,0.014458437
2017-11-17,0.0144585855
2017-11-18,0.0144585855
2017-11-19,0.014458777
2017-11-20,0.014457455
2017-11-21,0.014504213
2017-11-22,0.014497022
2017-11-23,0.014497022
2017-11-24,0.014497022
2017-11-25,0.014497022
2017-11-26,0.014497022
2017-11-27,0.014496953
2017-11-28,0.014497052
2017-11-29,0.0145018725
2017-11-30,0.014500414
2017-12-01,0.014499291
2017-12-02,0.014499291
2017-12-03,0.014499291
2017-12-04,0.014499974
2017-12-05,0.014493092
2017-12-06,0.014497434
2017-12-07,0.014540148
2017-12-08,0.01454155
2017-12-09,0.01454155
2017-12-10,0.01454155
2017-12-11,0.014541284
2017-12-12,0.014541316
2017-12-13,0.014539548
2017-12-14,0.014527949
2017-12-15,0.014526598
2017-12-16,0.014526598
2017-12-17,0.014526598
2017-12-18,0.01452677
2017-12-19,0.01451526
2017-12-20,0.014513573
2017-12-21,0.014513623
2017-12-22,0.014513607
2017-12-23,0.014513607
2017-12-24,0.014513607
2017-12-25,0.014513607
2017-12-26,0.014513607
2017-12-27,0.014513604
2017-12-28,0.014513707
2017-12-29,0.014513712
2017-12-30,0.014513712
2017-12-31,0.014513712
2018-01-01,0.014513712
2018-01-02,0.014513712
2018-01-03,0.014514745
2018-01-04,0.0145188235
2018-01-05,0.014518205
2018-01-06,0.014518205
2018-01-07,0.014518205
2018-01-08,0.014519626
2018-01-09,0.014518343
2018-01-10,0.014522508
2018-01-11,0.014483034
2018-01-12,0.0144956
2018-01-13,0.0144956
2018-01-14,0.0144956
2018-01-15,0.0144956
2018-01-16,0.014658498
2018-01-17,0.014658804
2018-01-18,0.014674573
2018-01-19,0.014693462
2018-01-20,0.014693462
2018-01-21,0.014693462
2018-01-22,0.014715654
2018-01-23,0.015325357
2018-01-24,0.016010618
2018-01-25,0.016428245
2018-01-26,0.016395653
2018-01-27,0.016395653
2018-01-28,0.016395653
2018-01-29,0.016476506
2018-01-30,0.016951945
2018-01-31,0.01784215
2018-02-01,0.01869056
2018-02-02,0.019885972
2018-02-03,0.019885972
2018-02-04,0.019885972
2018-02-05,0.019860541
2018-02-06,0.020221153
2018-02-07,0.020517923
2018-02-08,0.020795066
2018-02-09,0.020878913
2018-02-10,0.020878479
2018-02-11,0.020878479
2018-02-12,0.020912038
2018-02-13,0.020934911
2018-02-14,0.021268126
2018-02-15,0.02135179
2018-02-16,0.021798702
2018-02-17,0.021798702
2018-02-18,0.021798702
2018-02-19,0.021775313
2018-02-20,0.021940013
2018-02-21,0.022107271
2018-02-22,0.022362033
2018-02-23,0.022433529
2018-02-24,0.023668736
2018-02-25,0.023668736
2018-02-26,0.023682
2018-02-27,0.024137072
2018-02-28,0.024185061
2018-03-01,0.024406306
2018-03-02,0.024406381
2018-03-03,0.024406381
2018-03-04,0.024406381
2018-03-05,0.024412233
2018-03-06,0.024463309
2018-03-07,0.024294546
2018-03-08,0.024326295
2018-03-09,0.024342522
2018-03-10,0.024342414
2018-03-11,0.024342414
2018-03-12,0.02434436
2018-03-13,0.02435159
2018-03-14,0.024361983
2018-03-15,0.024658784
2018-03-16,0.024664305
2018-03-17,0.024664864
2018-03-18,0.024664864
2018-03-19,0.024667159
2018-03-20,0.02472943
2018-03-21,0.02475336
2018-03-22,0.024783457
2018-03-23,0.024783425
2018-03-24,0.024783425
2018-03-25,0.024783425
2018-03-26,0.02479127
2018-03-27,0.024809433
2018-03-28,0.02482292
2018-03-29,0.024842609
2018-03-30,0.024842104
2018-03-31,0.024842182
2018-04-01,0.024842182
2018-04-02,0.02484604
2018-04-03,0.024851687
2018-04-04,0.024836034
2018-04-05,0.024895195
2018-04-06,0.024857344
2018-04-07,0.024857344
2018-04-08,0.024857344
2018-04-09,0.02485742
2018-04-10,0.024861537
2018-04-11,0.024868
2018-04-12,0.024881622
2018-04-13,0.024870472
2018-04-14,0.024870472
2018-04-15,0.024870472
2018-04-16,0.024869755
2018-04-17,0.024676478
2018-04-18,0.024637477
2018-04-19,0.02465899
2018-04-20,0.02455942
2018-04-21,0.02455942
2018-04-22,0.02455942
2018-04-23,0.024563286
2018-04-24,0.02410177
2018-04-25,0.022498574
2018-04-26,0.021879014
2018-04-27,0.021121
2018-04-28,0.021124633
2018-04-29,0.021107309
2018-04-30,0.020990688
2018-05-01,0.020090122
2018-05-02,0.018962065
2018-05-03,0.018778972
2018-05-04,0.018721294
2018-05-05,0.018721564
2018-05-06,0.018721832
2018-05-07,0.018591737
2018-05-08,0.018553155
2018-05-09,0.018319046
2018-05-10,0.018268008
2018-05-11,0.01826618
2018-05-12,0.018266289
2018-05-13,0.018266289
2018-05-14,0.01826209
2018-05-15,0.018283755
2018-05-16,0.018257778
2018-05-17,0.018327914
2018-05-18,0.018295811
2018-05-19,0.018295811
2018-05-20,0.018295811
2018-05-21,0.018296376
2018-05-22,0.018282954
2018-05-23,0.018259024
2018-05-24,0.018214643
2018-05-25,0.018216774
2018-05-26,0.018216774
2018-05-27,0.018216774
2018-05-28,0.018216774
2018-05-29,0.018185012
2018-05-30,0.018158538
2018-05-31,0.018084211
2018-06-01,0.018081041
2018-06-02,0.018081041
2018-06-03,0.018081041
2018-06-04,0.018081017
2018-06-05,0.018072866
2018-06-06,0.018068887
2018-06-07,0.017928211
2018-06-08,0.017928163
2018-06-09,0.017928163
2018-06-10,0.017928163
2018-06-11,0.017928435
2018-06-12,0.01793534
2018-06-13,0.017935373
2018-06-14,0.017931398
2018-06-15,0.017931404
2018-06-16,0.017931404
2018-06-17,0.017931404
2018-06-18,0.017931404
2018-06-19,0.017938284
2018-06-20,0.01796192
2018-06-21,0.018010112
2018-06-22,0.018014329
2018-06-23,0.018014329
2018-06-24,0.018014329
2018-06-25,0.018021265
2018-06-26,0.018024255
2018-06-27,0.017962053
2018-06-28,0.01797619
2018-06-29,0.0179664
2018-06-30,0.0179664
2018-07-01,0.0179664
2018-07-02,0.017966459
2018-07-03,0.017964918
2018-07-04,0.017964918
2018-07-05,0.017958475
2018-07-06,0.017958475
2018-07-07,0.017958475
2018-07-08,0.017958475
2018-07-09,0.017959826
2018-07-10,0.01798135
2018-07-11,0.017980656
2018-07-12,0.018000787
2018-07-13,0.01799933
2018-07-14,0.01799933
2018-07-15,0.01799933
2018-07-16,0.018002845
2018-07-17,0.018023148
2018-07-18,0.018333847
2018-07-19,0.0184503
2018-07-20,0.018476428
2018-07-21,0.018476428
2018-07-22,0.018476428
2018-07-23,0.018217163
2018-07-24,0.01824453
2018-07-25,0.018153574
2018-07-26,0.018416673
2018-07-27,0.018432954
2018-07-28,0.018432954
2018-07-29,0.018433617
2018-07-30,0.01844837
2018-07-31,0.018395653
2018-08-01,0.018179407
2018-08-02,0.01801283
2018-08-03,0.018090831
2018-08-04,0.01717391
2018-08-05,0.01717391
2018-08-06,0.01710612
2018-08-07,0.016932413
2018-08-08,0.016858475
2018-08-09,0.01685207
2018-08-10,0.016835937
2018-08-11,0.016836088
2018-08-12,0.016836088
2018-08-13,0.016840464
2018-08-14,0.016897151
2018-08-15,0.016953295
2018-08-16,0.016949173
2018-08-17,0.016936082
2018-08-18,0.016936082
2018-08-19,0.016936082
2018-08-20,0.017058704
2018-08-21,0.01706353
2018-08-22,0.017091734
2018-08-23,0.017072307
2018-08-24,0.017067423
2018-08-25,0.017067423
2018-08-26,0.017067423
2018-08-27,0.017068287
2018-08-28,0.017058399
2018-08-29,0.01706399
2018-08-30,0.017077124
2018-08-31,0.017076932
2018-09-01,0.017076932
2018-09-02,0.017076932
2018-09-03,0.017076932
2018-09-04,0.017078562
2018-09-05,0.017082214
2018-09-06,0.01696665
2018-09-07,0.01696708
2018-09-08,0.01696708
2018-09-09,0.01696708
2018-09-10,0.016969288
2018-09-11,0.01696902
2018-09-12,0.016970918
2018-09-13,0.016904786
2018-09-14,0.016904468
2018-09-15,0.016904468
2018-09-16,0.016904468
2018-09-17,0.016854074
2018-09-18,0.016861916
2018-09-19,0.016860384
2018-09-20,0.016879741
2018-09-21,0.016879741
2018-09-22,0.016879741
2018-09-23,0.016879741
2018-09-24,0.016880134
2018-09-25,0.016880265
2018-09-26,0.016879866
2018-09-27,0.016935352
2018-09-28,0.016936589
2018-09-29,0.016936589
2018-09-30,0.016936589
2018-10-01,0.016934427
2018-10-02,0.016969454
2018-10-03,0.01697558
2018-10-04,0.017004289
2018-10-05,0.017004289
2018-10-06,0.017004289
2018-10-07,0.017004289
2018-10-08,0.017004251
2018-10-09,0.017004646
2018-10-10,0.01700392
2018-10-11,0.017026443
2018-10-12,0.017026471
2018-10-13,0.017026471
2018-10-14,0.017027797
2018-10-15,0.017026788
2018-10-16,0.017018676
2018-10-17,0.017021958
2018-10-18,0.016774602
2018-10-19,0.016903214
2018-10-20,0.016903214
2018-10-21,0.016903214
2018-10-22,0.016911415
2018-10-23,0.016941763
2018-10-24,0.017009716
2018-10-25,0.017456854
2018-10-26,0.017489789
2018-10-27,0.01749364
2018-10-28,0.017494064
2018-10-29,0.017539281
2018-10-30,0.017587282
2018-10-31,0.017715765
2018-11-01,0.01793713
2018-11-02,0.018162837
2018-11-03,0.018432405
2018-11-04,0.018432405
2018-11-05,0.018436907
2018-11-06,0.018480876
2018-11-07,0.018487087
2018-11-08,0.01847885
2018-11-09,0.018478855
2018-11-10,0.01847565
2018-11-11,0.01847565
2018-11-12,0.018475628
2018-11-13,0.018449843
2018-11-14,0.01842638
2018-11-15,0.018361967
2018-11-16,0.018354876
2018-11-17,0.018354876
2018-11-18,0.018354876
2018-11-19,0.018299002
2018-11-20,0.018245492
2018-11-21,0.018237421
2018-11-22,0.018237421
2018-11-23,0.018237421
2018-11-24,0.018237421
2018-11-25,0.018237421
2018-11-26,0.018236866
2018-11-27,0.01822928
2018-11-28,0.018226987
2018-11-29,0.018239694
2018-11-30,0.018239195
2018-12-01,0.018239195
2018-12-02,0.018239195
2018-12-03,0.01823695
2018-12-04,0.018238045
2018-12-05,0.01824281
2018-12-06,0.018231902
2018-12-07,0.018231349
2018-12-08,0.018231349
2018-12-09,0.018231349
2018-12-10,0.018230667
2018-12-11,0.018231325
2018-12-12,0.018229157
2018-12-13,0.018209815
2018-12-14,0.018209867
2018-12-15,0.01821
2018-12-16,0.01821
2018-12-17,0.018220663
2018-12-18,0.018175535
2018-12-19,0.018172525
2018-12-20,0.018088587
2018-12-21,0.018087093
2018-12-22,0.018087093
2018-12-23,0.018087093
2018-12-24,0.018087072
2018-12-25,0.018087072
2018-12-26,0.018087072
2018-12-27,0.018086983
2018-12-28,0.01808699
2018-12-29,0.018087128
2018-12-30,0.018087128
2018-12-31,0.018087128
2019-01-01,0.018087128
2019-01-02,0.018087128
2019-01-03,0.018086912
2019-01-04,0.01808681
2019-01-05,0.01808681
2019-01-06,0.01808681
2019-01-07,0.018085094
2019-01-08,0.018085208
2019-01-09,0.018054495
2019-01-10,0.018053312
2019-01-11,0.01804929
2019-01-12,0.01804929
2019-01-13,0.01804929
2019-01-14,0.018049274
2019-01-15,0.018014325
2019-01-16,0.017998721
2019-01-17,0.017976698
2019-01-18,0.017967284
2019-01-19,0.017967284
2019-01-20,0.017967284
2019-01-21,0.01796931
2019-01-22,0.017903058
2019-01-23,0.0177401
2019-01-24,0.017621951
2019-01-25,0.017581642
2019-01-26,0.017581642
2019-01-27,0.017581642
2019-01-28,0.01753272
2019-01-29,0.017654669
2019-01-30,0.017721502
2019-01-31,0.017497374
2019-02-01,0.017405838
2019-02-02,0.017405838
2019-02-03,0.017405838
2019-02-04,0.017270576
2019-02-05,0.01722847
2019-02-06,0.017733874
2019-02-07,0.017067654
2019-02-08,0.017087635
2019-02-09,0.017088713
2019-02-10,0.017088713
2019-02-11,0.017087916
2019-02-12,0.017052876
2019-02-13,0.017024988
2019-02-14,0.016896656
2019-02-15,0.017089488
2019-02-16,0.017089488
2019-02-17,0.017089488
2019-02-18,0.017088994
2019-02-19,0.01724679
2019-02-20,0.017223861
2019-02-21,0.017183485
2019-02-22,0.017168349
2019-02-23,0.017167179
2019-02-24,0.017164875
2019-02-25,0.017173346
2019-02-26,0.017221926
2019-02-27,0.017422553
2019-02-28,0.017488101
2019-03-01,0.017441241
2019-03-02,0.017438134
2019-03-03,0.017438134
2019-03-04,0.017457645
2019-03-05,0.017459165
2019-03-06,0.017452229
2019-03-07,0.017462855
2019-03-08,0.017453844
2019-03-09,0.017453844
2019-03-10,0.017453844
2019-03-11,0.017445821
2019-03-12,0.0174643
2019-03-13,0.017476851
2019-03-14,0.017470116
2019-03-15,0.01747237
2019-03-16,0.01747101
2019-03-17,0.01747101
2019-03-18,0.017525556
2019-03-19,0.017516099
2019-03-20,0.017446062
2019-03-21,0.017463012
2019-03-22,0.017467503
2019-03-23,0.017467503
2019-03-24,0.017467503
2019-03-25,0.017468933
2019-03-26,0.017456917
2019-03-27,0.017438833
2019-03-28,0.017533882
2019-03-29,0.017533354
2019-03-30,0.017533354
2019-03-31,0.017533354
2019-04-01,0.017537674
2019-04-02,0.017540477
2019-04-03,0.017539674
2019-04-04,0.017578555
2019-04-05,0.017578227
2019-04-06,0.017578227
2019-04-07,0.017578227
2019-04-08,0.017578166
2019-04-09,0.017578568
2019-04-10,0.017564056
2019-04-11,0.017565122
2019-04-12,0.017568268
2019-04-13,0.017568268
2019-04-14,0.017568268
2019-04-15,0.017569529
2019-04-16,0.017569955
2019-04-17,0.017333094
2019-04-18,0.017250845
2019-04-19,0.017250845
2019-04-20,0.017250845
2019-04-21,0.017250845
2019-04-22,0.01724453
2019-04-23,0.017306454
2019-04-24,0.01706883
2019-04-25,0.017004961
2019-04-26,0.01681976
2019-04-27,0.016817532
2019-04-28,0.016817532
2019-04-29,0.016710922
2019-04-30,0.01628745
2019-05-01,0.01625411
2019-05-02,0.016296191
2019-05-03,0.01620871
2019-05-04,0.016341701
2019-05-05,0.016338097
2019-05-06,0.016340274
2019-05-07,0.016275112
2019-05-08,0.01632408
2019-05-09,0.01617925
2019-05-10,0.01605774
2019-05-11,0.01605897
2019-05-12,0.01605897
2019-05-13,0.016051626
2019-05-14,0.016035246
2019-05-15,0.016013294
2019-05-16,0.015999092
2019-05-17,0.016023932
2019-05-18,0.016023932
2019-05-19,0.016023932
2019-05-20,0.016026385
2019-05-21,0.01599103
2019-05-22,0.015978368
2019-05-23,0.01599555
2019-05-24,0.015993424
2019-05-25,0.015993424
2019-05-26,0.015993424
2019-05-27,0.015993424
2019-05-28,0.015993543
2019-05-29,0.015972294
2019-05-30,0.01587158
2019-05-31,0.01586496
2019-06-01,0.01586496
2019-06-02,0.01586496
2019-06-03,0.015863627
2019-06-04,0.015858775
2019-06-05,0.015842164
2019-06-06,0.015832912
2019-06-07,0.015832994
2019-06-08,0.015832994
2019-06-09,0.015832994
2019-06-10,0.015830273
2019-06-11,0.01581866
2019-06-12,0.015811983
2019-06-13,0.015821725
2019-06-14,0.015821753
2019-06-15,0.01582144
2019-06-16,0.01582144
2019-06-17,0.015821531
2019-06-18,0.015817339
2019-06-19,0.01586037
2019-06-20,0.015884094
2019-06-21,0.015884342
2019-06-22,0.015884342
2019-06-23,0.015884342
2019-06-24,0.015884388
2019-06-25,0.015860358
2019-06-26,0.015868593
2019-06-27,0.01585903
2019-06-28,0.01585854
2019-06-29,0.01585854
2019-06-30,0.01585854
2019-07-01,0.015858648
2019-07-02,0.015859967
2019-07-03,0.015859628
2019-07-04,0.015859628
2019-07-05,0.015859628
2019-07-06,0.015859628
2019-07-07,0.015859628
2019-07-08,0.015860122
2019-07-09,0.015885651
2019-07-10,0.01588523
2019-07-11,0.01591539
2019-07-12,0.015913809
2019-07-13,0.015913809
2019-07-14,0.015913809
2019-07-15,0.01591439
2019-07-16,0.016023356
2019-07-17,0.016055929
2019-07-18,0.016321138
2019-07-19,0.016308961
2019-07-20,0.016308961
2019-07-21,0.016308961
2019-07-22,0.0162893
2019-07-23,0.016370581
2019-07-24,0.016388638
2019-07-25,0.016463684
2019-07-26,0.016576407
2019-07-27,0.016576327
2019-07-28,0.016576327
2019-07-29,0.016669622
2019-07-30,0.016673082
2019-07-31,0.016628083
2019-08-01,0.01620413
2019-08-02,0.016492765
2019-08-03,0.016160538
2019-08-04,0.016160538
2019-08-05,0.016150353
2019-08-06,0.015860215
2019-08-07,0.015879555
2019-08-08,0.015780877
2019-08-09,0.015779687
2019-08-10,0.015784003
2019-08-11,0.015784003
2019-08-12,0.015789596
2019-08-13,0.015785731
2019-08-14,0.01573958
2019-08-15,0.015733251
2019-08-16,0.015722856
2019-08-17,0.015722856
2019-08-18,0.015722856
2019-08-19,0.015704775
2019-08-20,0.01576101
2019-08-21,0.015797619
2019-08-22,0.015996847
2019-08-23,0.015987517
2019-08-24,0.015987517
2019-08-25,0.015987517
2019-08-26,0.015988154
2019-08-27,0.01598935
2019-08-28,0.01599638
2019-08-29,0.016119681
2019-08-30,0.016119178
2019-08-31,0.016119178
2019-09-01,0.016119178
2019-09-02,0.016119178
2019-09-03,0.01611901
2019-09-04,0.016123941
2019-09-05,0.016124086
2019-09-06,0.01612343
2019-09-07,0.01612343
2019-09-08,0.01612343
2019-09-09,0.016124705
2019-09-10,0.01612594
2019-09-11,0.016062267
2019-09-12,0.016044807
2019-09-13,0.016044976
2019-09-14,0.016044976
2019-09-15,0.016044976
2019-09-16,0.016044598
2019-09-17,0.016042696
2019-09-18,0.016040439
2019-09-19,0.016038023
2019-09-20,0.016038023
2019-09-21,0.016038023
2019-09-22,0.016038023
2019-09-23,0.016038144
2019-09-24,0.01605591
2019-09-25,0.016056813
2019-09-26,0.016094863
2019-09-27,0.016095227
2019-09-28,0.016095227
2019-09-29,0.016095227
2019-09-30,0.016097916
2019-10-01,0.01609835
2019-10-02,0.016102625
2019-10-03,0.016110796
2019-10-04,0.016111821
2019-10-05,0.016111821
2019-10-06,0.016111821
2019-10-07,0.016111821
2019-10-08,0.016115787
2019-10-09,0.016116234
2019-10-10,0.016117822
2019-10-11,0.016119381
2019-10-12,0.016119381
2019-10-13,0.016119381
2019-10-14,0.016119381
2019-10-15,0.015955128
2019-10-16,0.015941031
2019-10-17,0.01592772
2019-10-18,0.015932307
2019-10-19,0.015932307
2019-10-20,0.015932307
2019-10-21,0.015945824
2019-10-22,0.016015556
2019-10-23,0.015828209
2019-10-24,0.015785675
2019-10-25,0.015837975
2019-10-26,0.015837975
2019-10-27,0.015837975
2019-10-28,0.01569586
2019-10-29,0.015768468
2019-10-30,0.015987847
2019-10-31,0.016249359
2019-11-01,0.016157014
2019-11-02,0.016241258
2019-11-03,0.016241258
2019-11-04,0.01621857
2019-11-05,0.016276903
2019-11-06,0.0162617
2019-11-07,0.016280055
2019-11-08,0.016326906
2019-11-09,0.016326906
2019-11-10,0.016326906
2019-11-11,0.016309835
2019-11-12,0.016273929
2019-11-13,0.01631439
2019-11-14,0.016309407
2019-11-15,0.016312841
2019-11-16,0.016312841
2019-11-17,0.016312841
2019-11-18,0.016313449
2019-11-19,0.016307235
2019-11-20,0.016272051
2019-11-21,0.01621304
2019-11-22,0.016218068
2019-11-23,0.016218068
2019-11-24,0.016218068
2019-11-25,0.016216865
2019-11-26,0.01585353
2019-11-27,0.015846524
2019-11-28,0.015846524
2019-11-29,0.015846526
2019-11-30,0.015846526
2019-12-01,0.015846526
2019-12-02,0.01584671
2019-12-03,0.015845716
2019-12-04,0.01585561
2019-12-05,0.01585023
2019-12-06,0.01585501
2019-12-07,0.01585501
2019-12-08,0.01585501
2019-12-09,0.015855227
2019-12-10,0.015840834
2019-12-11,0.015842604
2019-12-12,0.015849592
2019-12-13,0.015849568
2019-12-14,0.015849568
2019-12-15,0.015849568
2019-12-16,0.015849816
2019-12-17,0.015815275
2019-12-18,0.015815303
2019-12-19,0.01580555
2019-12-20,0.015744835
2019-12-21,0.015744835
2019-12-22,0.015744835
2019-12-23,0.01574488
2019-12-24,0.01574488
2019-12-25,0.01574488
2019-12-26,0.01574488
2019-12-27,0.015744628
2019-12-28,0.015744628
2019-12-29,0.015744628
2019-12-30,0.015744628
2019-12-31,0.015744628
2020-01-01,0.015744628
2020-01-02,0.015744936
2020-01-03,0.015745748
2020-01-04,0.015745748
2020-01-05,0.015745748
2020-01-06,0.015745586
2020-01-07,0.0157456
2020-01-08,0.015704367
2020-01-09,0.015706627
2020-01-10,0.015708935
2020-01-11,0.015708935
2020-01-12,0.015708935
2020-01-13,0.015709005
2020-01-14,0.01569848
2020-01-15,0.01569848
2020-01-16,0.01569257
2020-01-17,0.015692614
2020-01-18,0.015692614
2020-01-19,0.015692614
2020-01-20,0.015687589
2020-01-21,0.015743079
2020-01-22,0.015827032
2020-01-23,0.015839424
2020-01-24,0.015837207
2020-01-25,0.015837207
2020-01-26,0.015837207
2020-01-27,0.015835809
2020-01-28,0.016164377
2020-01-29,0.016141782
2020-01-30,0.015933797
2020-01-31,0.015974341
2020-02-01,0.015974341
2020-02-02,0.015974341
2020-02-03,0.01611237
2020-02-04,0.015973935
2020-02-05,0.016132962
2020-02-06,0.01616948
2020-02-07,0.01616718
2020-02-08,0.01616718
2020-02-09,0.01616718
2020-02-10,0.016160449
2020-02-11,0.016160933
2020-02-12,0.016206954
2020-02-13,0.016116343
2020-02-14,0.016140832
2020-02-15,0.01614081
2020-02-16,0.01614081
2020-02-17,0.01614305
2020-02-18,0.016188543
2020-02-19,0.016061751
2020-02-20,0.015879646
2020-02-21,0.015867708
2020-02-22,0.01636855
2020-02-23,0.01636855
2020-02-24,0.016386881
2020-02-25,0.016472198
2020-02-26,0.016479727
2020-02-27,0.016614558
2020-02-28,0.016621053
2020-02-29,0.016621053
2020-03-01,0.016621053
2020-03-02,0.016605474
2020-03-03,0.016621066
2020-03-04,0.016687691
2020-03-05,0.016717339
2020-03-06,0.016716838
2020-03-07,0.016717078
2020-03-08,0.016717078
2020-03-09,0.016711293
2020-03-10,0.016710604
2020-03-11,0.016714284
2020-03-12,0.016710257
2020-03-13,0.016715288
2020-03-14,0.016715288
2020-03-15,0.016715288
2020-03-16,0.016714409
2020-03-17,0.016712163
2020-03-18,0.016715629
2020-03-19,0.016705502
2020-03-20,0.016711991
2020-03-21,0.016712036
2020-03-22,0.016712036
2020-03-23,0.016711762
2020-03-24,0.01670782
2020-03-25,0.016705325
2020-03-26,0.016703103
2020-03-27,0.016702747
2020-03-28,0.016702747
2020-03-29,0.016702747
2020-03-30,0.016702557
2020-03-31,0.016696747
2020-04-01,0.016694976
2020-04-02,0.01670078
2020-04-03,0.016702138
2020-04-04,0.016702138
2020-04-05,0.016702138
2020-04-06,0.016703784
2020-04-07,0.01670562
2020-04-08,0.016702775
2020-04-09,0.01670288
2020-04-10,0.01670288
2020-04-11,0.01670288
2020-04-12,0.01670288
2020-04-13,0.016702853
2020-04-14,0.016777378
2020-04-15,0.016777255
2020-04-16,0.016756587
2020-04-17,0.016721815
2020-04-18,0.016721815
2020-04-19,0.016721815
2020-04-20,0.016595325
2020-04-21,0.016628435
2020-04-22,0.016660562
2020-04-23,0.016571885
2020-04-24,0.016520804
2020-04-25,0.016520804
2020-04-26,0.016520804
2020-04-27,0.01650143
2020-04-28,0.01602295
2020-04-29,0.015911752
2020-04-30,0.01516927
2020-05-01,0.015217285
2020-05-02,0.015219736
2020-05-03,0.015219736
2020-05-04,0.015200618
2020-05-05,0.014982068
2020-05-06,0.014818066
2020-05-07,0.014529389
2020-05-08,0.014564816
2020-05-09,0.014565016
2020-05-10,0.014565016
2020-05-11,0.014583592
2020-05-12,0.014590298
2020-05-13,0.01458383
2020-05-14,0.014574048
2020-05-15,0.014570564
2020-05-16,0.014570547
2020-05-17,0.014570547
2020-05-18,0.014572109
2020-05-19,0.014548967
2020-05-20,0.014595156
2020-05-21,0.014537645
2020-05-22,0.01454045
2020-05-23,0.01454045
2020-05-24,0.01454045
2020-05-25,0.01454045
2020-05-26,0.014534167
2020-05-27,0.014533771
2020-05-28,0.014505369
2020-05-29,0.014508929
2020-05-30,0.014508929
2020-05-31,0.014508929
2020-06-01,0.014509519
2020-06-02,0.014509856
2020-06-03,0.01450864
2020-06-04,0.014511242
2020-06-05,0.014506279
2020-06-06,0.014506192
2020-06-07,0.014506192
2020-06-08,0.014507177
2020-06-09,0.01450476
2020-06-10,0.014508215
2020-06-11,0.014503214
2020-06-12,0.014503303
2020-06-13,0.014503303
2020-06-14,0.014503303
2020-06-15,0.014508008
2020-06-16,0.014500834
2020-06-17,0.014501236
2020-06-18,0.014535283
2020-06-19,0.014526819
2020-06-20,0.014526819
2020-06-21,0.014526819
2020-06-22,0.014528964
2020-06-23,0.014511169
2020-06-24,0.014511778
2020-06-25,0.014511703
2020-06-26,0.014511204
2020-06-27,0.014511204
2020-06-28,0.014511204
2020-06-29,0.01452625
2020-06-30,0.01452566
2020-07-01,0.014532201
2020-07-02,0.014532249
2020-07-03,0.014532249
2020-07-04,0.014532249
2020-07-05,0.014532249
2020-07-06,0.014533289
2020-07-07,0.014528347
2020-07-08,0.01452923
2020-07-09,0.01452762
2020-07-10,0.0145280035
2020-07-11,0.0145280035
2020-07-12,0.0145280035
2020-07-13,0.014538093
2020-07-14,0.014539497
2020-07-15,0.01453775
2020-07-16,0.014436814
2020-07-17,0.014435257
2020-07-18,0.014435257
2020-07-19,0.014435257
2020-07-20,0.014438051
2020-07-21,0.014375037
2020-07-22,0.014401807
2020-07-23,0.014261865
2020-07-24,0.014290781
2020-07-25,0.014290781
2020-07-26,0.014290781
2020-07-27,0.014292385
2020-07-28,0.014288751
2020-07-29,0.014356297
2020-07-30,0.014554348
2020-07-31,0.014510264
2020-08-01,0.014510264
2020-08-02,0.014510934
2020-08-03,0.014465461
2020-08-04,0.014462697
2020-08-05,0.01447812
2020-08-06,0.014493078
2020-08-07,0.01451987
2020-08-08,0.014420346
2020-08-09,0.014420346
2020-08-10,0.014439335
2020-08-11,0.014445311
2020-08-12,0.014448317
2020-08-13,0.014455898
2020-08-14,0.014461759
2020-08-15,0.014462945
2020-08-16,0.014462945
2020-08-17,0.014463631
2020-08-18,0.014565927
2020-08-19,0.014690402
2020-08-20,0.014662079
2020-08-21,0.014663684
2020-08-22,0.014663684
2020-08-23,0.014663684
2020-08-24,0.014663363
2020-08-25,0.014724569
2020-08-26,0.014732343
2020-08-27,0.0147588635
2020-08-28,0.014776144
2020-08-29,0.014776144
2020-08-30,0.014776144
2020-08-31,0.014787292
2020-09-01,0.014776248
2020-09-02,0.014792789
2020-09-03,0.014801195
2020-09-04,0.014801029
2020-09-05,0.014801071
2020-09-06,0.014801071
2020-09-07,0.014801071
2020-09-08,0.014806808
2020-09-09,0.0148084415
2020-09-10,0.0147761665
2020-09-11,0.014759917
2020-09-12,0.014759917
2020-09-13,0.014759917
2020-09-14,0.014766113
2020-09-15,0.014791286
2020-09-16,0.0147933345
2020-09-17,0.014793947
2020-09-18,0.014793947
2020-09-19,0.014793947
2020-09-20,0.014793947
2020-09-21,0.014794154
2020-09-22,0.014834832
2020-09-23,0.014865981
2020-09-24,0.014891093
2020-09-25,0.014891061
2020-09-26,0.014891061
2020-09-27,0.014891061
2020-09-28,0.014899045
2020-09-29,0.014910702
2020-09-30,0.014910556
2020-10-01,0.01495462
2020-10-02,0.01495462
2020-10-03,0.01495462
2020-10-04,0.01495462
2020-10-05,0.01495462
2020-10-06,0.014948983
2020-10-07,0.01495018
2020-10-08,0.014950821
2020-10-09,0.014950821
2020-10-10,0.014950821
2020-10-11,0.014950821
2020-10-12,0.014950766
2020-10-13,0.014945946
2020-10-14,0.014950241
2020-10-15,0.014945555
2020-10-16,0.014940562
2020-10-17,0.014940562
2020-10-18,0.014940562
2020-10-19,0.014981712
2020-10-20,0.01508261
2020-10-21,0.0150940865
2020-10-22,0.015211248
2020-10-23,0.01522687
2020-10-24,0.015226705
2020-10-25,0.01523056
2020-10-26,0.015226515
2020-10-27,0.015365301
2020-10-28,0.015601228
2020-10-29,0.016044822
2020-10-30,0.016011989
2020-10-31,0.01601565
2020-11-01,0.01601676
2020-11-02,0.01605042
2020-11-03,0.01611494
2020-11-04,0.01625471
2020-11-05,0.016369088
2020-11-06,0.016316488
2020-11-07,0.01645578
2020-11-08,0.01645578
2020-11-09,0.016496798
2020-11-10,0.01649703
2020-11-11,0.016497388
2020-11-12,0.016461572
2020-11-13,0.01645957
2020-11-14,0.016460251
2020-11-15,0.016460251
2020-11-16,0.016465457
2020-11-17,0.01636557
2020-11-18,0.016259197
2020-11-19,0.016259441
2020-11-20,0.016267756
2020-11-21,0.016267762
2020-11-22,0.016267762
2020-11-23,0.016267868
2020-11-24,0.016236894
2020-11-25,0.01622125
2020-11-26,0.01622125
2020-11-27,0.0162218
2020-11-28,0.0162218
2020-11-29,0.0162218
2020-11-30,0.01622021
2020-12-01,0.016165508
2020-12-02,0.016156297
2020-12-03,0.016137134
2020-12-04,0.01611778
2020-12-05,0.016119799
2020-12-06,0.016119799
2020-12-07,0.01612921
2020-12-08,0.016116168
2020-12-09,0.016124537
2020-12-10,0.016198926
2020-12-11,0.016199132
2020-12-12,0.016199132
2020-12-13,0.016199132
2020-12-14,0.016197328
2020-12-15,0.016194947
2020-12-16,0.016201893
2020-12-17,0.016201204
2020-12-18,0.016199006
2020-12-19,0.016199006
2020-12-20,0.016199084
2020-12-21,0.016199987
2020-12-22,0.016194368
2020-12-23,0.016196756
2020-12-24,0.016196756
2020-12-25,0.016196756
2020-12-26,0.016196756
2020-12-27,0.016196756
2020-12-28,0.016189523
2020-12-29,0.01618951
2020-12-30,0.016191905
2020-12-31,0.01618947
2021-01-01,0.01618947
2021-01-02,0.01618947
2021-01-03,0.01618947
2021-01-04,0.01618947
2021-01-05,0.016187355
2021-01-06,0.016184904
2021-01-07,0.016209753
2021-01-08,0.016209753
2021-01-09,0.016209753
2021-01-10,0.016209753
2021-01-11,0.016212273
2021-01-12,0.016206961
2021-01-13,0.016208297
2021-01-14,0.01620799
2021-01-15,0.016207919
2021-01-16,0.016207919
2021-01-17,0.016207919
2021-01-18,0.016212065
2021-01-19,0.01620329
2021-01-20,0.016191633
2021-01-21,0.016264016
2021-01-22,0.016267745
2021-01-23,0.016267745
2021-01-24,0.016267745
2021-01-25,0.01627654
2021-01-26,0.016240086
2021-01-27,0.017034017
2021-01-28,0.017153025
2021-01-29,0.017236086
2021-01-30,0.017236086
2021-01-31,0.017236086
2021-02-01,0.017260266
2021-02-02,0.017520692
2021-02-03,0.017396832
2021-02-04,0.017528592
2021-02-05,0.01753651
2021-02-06,0.017538892
2021-02-07,0.017538892
2021-02-08,0.017530741
2021-02-09,0.017565593
2021-02-10,0.017546864
2021-02-11,0.017570186
2021-02-12,0.01757788
2021-02-13,0.017577643
2021-02-14,0.017577643
2021-02-15,0.017579801
2021-02-16,0.017605357
2021-02-17,0.017723154
2021-02-18,0.017680958
2021-02-19,0.017705256
2021-02-20,0.017705902
2021-02-21,0.017705902
2021-02-22,0.01773122
2021-02-23,0.017754156
2021-02-24,0.01776756
2021-02-25,0.018099334
2021-02-26,0.018090311
2021-02-27,0.018283106
2021-02-28,0.018283106
2021-03-01,0.018291362
2021-03-02,0.018310504
2021-03-03,0.018250559
2021-03-04,0.018382559
2021-03-05,0.01837289
2021-03-06,0.01837289
2021-03-07,0.01837289
2021-03-08,0.018398939
2021-03-09,0.018405981
2021-03-10,0.018499183
2021-03-11,0.018655939
2021-03-12,0.018658463
2021-03-13,0.018658407
2021-03-14,0.018658407
2021-03-15,0.018656991
2021-03-16,0.018664563
2021-03-17,0.018667508
2021-03-18,0.018668387
2021-03-19,0.018667948
2021-03-20,0.018667948
2021-03-21,0.018667948
2021-03-22,0.018670103
2021-03-23,0.018635167
2021-03-24,0.018612966
2021-03-25,0.01861783
2021-03-26,0.018617818
2021-03-27,0.018617818
2021-03-28,0.018617818
2021-03-29,0.018621603
2021-03-30,0.018629193
2021-03-31,0.018643651
2021-04-01,0.0186421
2021-04-02,0.0186421
2021-04-03,0.0186421
2021-04-04,0.0186421
2021-04-05,0.018641422
2021-04-06,0.018644016
2021-04-07,0.018639522
2021-04-08,0.01860356
2021-04-09,0.01860356
2021-04-10,0.01860356
2021-04-11,0.01860356
2021-04-12,0.018603582
2021-04-13,0.018606113
2021-04-14,0.01859835
2021-04-15,0.018605301
2021-04-16,0.018604623
2021-04-17,0.018604623
2021-04-18,0.018604623
2021-04-19,0.018625068
2021-04-20,0.018829089
2021-04-21,0.018894956
2021-04-22,0.018957213
2021-04-23,0.018956913
2021-04-24,0.018956913
2021-04-25,0.018956913
2021-04-26,0.01916056
2021-04-27,0.019395934
2021-04-28,0.01918019
2021-04-29,0.01958802
2021-04-30,0.019579722
2021-05-01,0.019570438
2021-05-02,0.019570438
2021-05-03,0.018617552
2021-05-04,0.019101677
2021-05-05,0.019172668
2021-05-06,0.019304143
2021-05-07,0.019270143
2021-05-08,0.019271357
2021-05-09,0.019271739
2021-05-10,0.019201757
2021-05-11,0.019390179
2021-05-12,0.01939432
2021-05-13,0.019016637
2021-05-14,0.019004611
2021-05-15,0.019004611
2021-05-16,0.019004611
2021-05-17,0.019014573
2021-05-18,0.018980198
2021-05-19,0.019090852
2021-05-20,0.019084254
2021-05-21,0.019098563
2021-05-22,0.019098563
2021-05-23,0.019098563
2021-05-24,0.019145409
2021-05-25,0.01920557
2021-05-26,0.019222206
2021-05-27,0.019173509
2021-05-28,0.01917569
2021-05-29,0.019176386
2021-05-30,0.019176386
2021-05-31,0.019176386
2021-06-01,0.019177597
2021-06-02,0.019187165
2021-06-03,0.019122064
2021-06-04,0.019122152
2021-06-05,0.019122152
2021-06-06,0.019122152
2021-06-07,0.019128624
2021-06-08,0.019134058
2021-06-09,0.01913067
2021-06-10,0.019127425
2021-06-11,0.019125184
2021-06-12,0.019125184
2021-06-13,0.019125184
2021-06-14,0.019125178
2021-06-15,0.01911016
2021-06-16,0.019102989
2021-06-17,0.01908067
2021-06-18,0.01908067
2021-06-19,0.01908067
2021-06-20,0.01908067
2021-06-21,0.019080061
2021-06-22,0.0190806
2021-06-23,0.01908412
2021-06-24,0.019135028
2021-06-25,0.019138884
2021-06-26,0.019138884
2021-06-27,0.019138884
2021-06-28,0.019137548
2021-06-29,0.019138617
2021-06-30,0.019176643
2021-07-01,0.019183427
2021-07-02,0.019183427
2021-07-03,0.019183427
2021-07-04,0.019183427
2021-07-05,0.019183427
2021-07-06,0.019183386
2021-07-07,0.019186884
2021-07-08,0.019185528
2021-07-09,0.019184891
2021-07-10,0.019184891
2021-07-11,0.019184891
2021-07-12,0.01918537
2021-07-13,0.019211708
2021-07-14,0.019186564
2021-07-15,0.019192649
2021-07-16,0.019191002
2021-07-17,0.019191002
2021-07-18,0.019191002
2021-07-19,0.019231707
2021-07-20,0.019209754
2021-07-21,0.019326631
2021-07-22,0.019460065
2021-07-23,0.019399786
2021-07-24,0.019399786
2021-07-25,0.019399786
2021-07-26,0.019458907
2021-07-27,0.019396825
2021-07-28,0.01950284
2021-07-29,0.019770939
2021-07-30,0.019845989
2021-07-31,0.019845989
2021-08-01,0.019850474
2021-08-02,0.019881198
2021-08-03,0.019712087
2021-08-04,0.019701129
2021-08-05,0.020158263
2021-08-06,0.020131573
2021-08-07,0.020735594
2021-08-08,0.020735594
2021-08-09,0.020732397
2021-08-10,0.020739924
2021-08-11,0.02073362
2021-08-12,0.02074267
2021-08-13,0.020741098
2021-08-14,0.020740604
2021-08-15,0.020740604
2021-08-16,0.020734154
2021-08-17,0.020942846
2021-08-18,0.021004856
2021-08-19,0.021047149
2021-08-20,0.021049542
2021-08-21,0.021049542
2021-08-22,0.021049542
2021-08-23,0.021047903
2021-08-24,0.020998616
2021-08-25,0.020980665
2021-08-26,0.02097194
2021-08-27,0.020969873
2021-08-28,0.020969873
2021-08-29,0.020969873
2021-08-30,0.020970041
2021-08-31,0.020976607
2021-09-01,0.020983066
2021-09-02,0.021026
2021-09-03,0.021025967
2021-09-04,0.021025967
2021-09-05,0.021025967
2021-09-06,0.021025967
2021-09-07,0.021028508
2021-09-08,0.021035062
2021-09-09,0.02102048
2021-09-10,0.021033429
2021-09-11,0.021033429
2021-09-12,0.021033429
2021-09-13,0.02098158
2021-09-14,0.0209795
2021-09-15,0.020979535
2021-09-16,0.020979568
2021-09-17,0.02097971
2021-09-18,0.02097971
2021-09-19,0.02097971
2021-09-20,0.021000393
2021-09-21,0.020992577
2021-09-22,0.021000214
2021-09-23,0.021019025
2021-09-24,0.021019202
2021-09-25,0.021019202
2021-09-26,0.021019202
2021-09-27,0.021020347
2021-09-28,0.02108408
2021-09-29,0.02108609
2021-09-30,0.021082588
2021-10-01,0.021082588
2021-10-02,0.021082588
2021-10-03,0.021082588
2021-10-04,0.02108279
2021-10-05,0.021077013
2021-10-06,0.021067811
2021-10-07,0.021063115
2021-10-08,0.021063115
2021-10-09,0.021063115
2021-10-10,0.021063115
2021-10-11,0.021063115
2021-10-12,0.021063684
2021-10-13,0.021088567
2021-10-14,0.021071091
2021-10-15,0.021072553
2021-10-16,0.021072553
2021-10-17,0.021072553
2021-10-18,0.021076988
2021-10-19,0.02100612
2021-10-20,0.021022607
2021-10-21,0.021056563
2021-10-22,0.02111389
2021-10-23,0.02111389
2021-10-24,0.02111373
2021-10-25,0.02106836
2021-10-26,0.021187004
2021-10-27,0.02124343
2021-10-28,0.021352006
2021-10-29,0.021560516
2021-10-30,0.021560516
2021-10-31,0.021560516
2021-11-01,0.021555264
2021-11-02,0.021711068
2021-11-03,0.021173147
2021-11-04,0.021242607
2021-11-05,0.021201285
2021-11-06,0.020539396
2021-11-07,0.020539396
2021-11-08,0.02051516
2021-11-09,0.020547513
2021-11-10,0.02053911
2021-11-11,0.020414008
2021-11-12,0.02041702
2021-11-13,0.020417238
2021-11-14,0.020417238
2021-11-15,0.020441499
2021-11-16,0.020363426
2021-11-17,0.020340538
2021-11-18,0.020350153
2021-11-19,0.020340873
2021-11-20,0.02033986
2021-11-21,0.02033986
2021-11-22,0.020344801
2021-11-23,0.02047292
2021-11-24,0.020459475
2021-11-25,0.020459475
2021-11-26,0.020459475
2021-11-27,0.020459475
2021-11-28,0.020459475
2021-11-29,0.020460375
2021-11-30,0.020539232
2021-12-01,0.020544881
2021-12-02,0.020512313
2021-12-03,0.02051249
2021-12-04,0.02051249
2021-12-05,0.02051249
2021-12-06,0.020512057
2021-12-07,0.020488251
2021-12-08,0.02048479
2021-12-09,0.020467522
2021-12-10,0.020465337
2021-12-11,0.020465337
2021-12-12,0.020465337
2021-12-13,0.020466072
2021-12-14,0.020464705
2021-12-15,0.02045274
2021-12-16,0.020464752
2021-12-17,0.020463899
2021-12-18,0.020463899
2021-12-19,0.020463899
2021-12-20,0.020425875
2021-12-21,0.020426959
2021-12-22,0.020423494
2021-12-23,0.020423343
2021-12-24,0.020423343
2021-12-25,0.020423343
2021-12-26,0.020423343
2021-12-27,0.020423409
2021-12-28,0.020422949
2021-12-29,0.020422965
2021-12-30,0.02060116
2021-12-31,0.02060116
2022-01-01,0.02060116
2022-01-02,0.02060116
2022-01-03,0.02060116
2022-01-04,0.020601155
2022-01-05,0.020601047
2022-01-06,0.020730104
2022-01-07,0.020728858
2022-01-08,0.020728858
2022-01-09,0.020728858
2022-01-10,0.02073149
2022-01-11,0.020723542
2022-01-12,0.020725578
2022-01-13,0.02072573
2022-01-14,0.0207256
2022-01-15,0.020725524
2022-01-16,0.020725524
2022-01-17,0.020725524
2022-01-18,0.020726603
2022-01-19,0.020734485
2022-01-20,0.020708568
2022-01-21,0.020731214
2022-01-22,0.020716818
2022-01-23,0.020716818
2022-01-24,0.02080383
2022-01-25,0.020759223
2022-01-26,0.020663401
2022-01-27,0.021128187
2022-01-28,0.021107417
2022-01-29,0.021102358
2022-01-30,0.021102358
2022-01-31,0.02110123
2022-02-01,0.021097496
2022-02-02,0.021623036
2022-02-03,0.02272485
2022-02-04,0.022771366
2022-02-05,0.022771366
2022-02-06,0.022784313
2022-02-07,0.022786254
2022-02-08,0.022586599
2022-02-09,0.022631302
2022-02-10,0.022608915
2022-02-11,0.022647038
2022-02-12,0.022647038
2022-02-13,0.022647038
2022-02-14,0.022660654
2022-02-15,0.0227778
2022-02-16,0.02288593
2022-02-17,0.022866882
2022-02-18,0.022853661
2022-02-19,0.022853661
2022-02-20,0.022853661
2022-02-21,0.02287511
2022-02-22,0.02291224
2022-02-23,0.022633836
2022-02-24,0.02284483
2022-02-25,0.02285531
2022-02-26,0.023897046
2022-02-27,0.023897046
2022-02-28,0.023852736
2022-03-01,0.023761425
2022-03-02,0.023783317
2022-03-03,0.023848377
2022-03-04,0.023847865
2022-03-05,0.023847865
2022-03-06,0.023847865
2022-03-07,0.02386254
2022-03-08,0.023853326
2022-03-09,0.023862131
2022-03-10,0.023876302
2022-03-11,0.023878273
2022-03-12,0.02387814
2022-03-13,0.02387814
2022-03-14,0.023876296
2022-03-15,0.023874555
2022-03-16,0.023852907
2022-03-17,0.023860686
2022-03-18,0.023860686
2022-03-19,0.023860686
2022-03-20,0.023860686
2022-03-21,0.023863228
2022-03-22,0.023863059
2022-03-23,0.023868747
2022-03-24,0.02386933
2022-03-25,0.023869108
2022-03-26,0.023869108
2022-03-27,0.023869108
2022-03-28,0.023867592
2022-03-29,0.023869248
2022-03-30,0.023833496
2022-03-31,0.02374756
2022-04-01,0.02374756
2022-04-02,0.02374756
2022-04-03,0.02374756
2022-04-04,0.023746718
2022-04-05,0.023748513
2022-04-06,0.02374624
2022-04-07,0.023743853
2022-04-08,0.023743853
2022-04-09,0.023743853
2022-04-10,0.023743853
2022-04-11,0.023744011
2022-04-12,0.023740234
2022-04-13,0.023738792
2022-04-14,0.023738468
2022-04-15,0.023736767
2022-04-16,0.023736645
2022-04-17,0.023736645
2022-04-18,0.0237364
2022-04-19,0.023684062
2022-04-20,0.023696156
2022-04-21,0.02358571
2022-04-22,0.02355348
2022-04-23,0.02355348
2022-04-24,0.02355348
2022-04-25,0.023567248
2022-04-26,0.022993958
2022-04-27,0.02284518
2022-04-28,0.022513129
2022-04-29,0.022287583
2022-04-30,0.021041755
2022-05-01,0.021041755
2022-05-02,0.021042623
2022-05-03,0.021037562
2022-05-04,0.02117988
2022-05-05,0.021036975
2022-05-06,0.021082258
2022-05-07,0.021082258
2022-05-08,0.021082258
2022-05-09,0.021127837
2022-05-10,0.021252608
2022-05-11,0.02121122
2022-05-12,0.021168154
2022-05-13,0.02116861
2022-05-14,0.02116861
2022-05-15,0.02116866
2022-05-16,0.021175923
2022-05-17,0.021142283
2022-05-18,0.02116854
2022-05-19,0.021122616
2022-05-20,0.021165313
2022-05-21,0.021165313
2022-05-22,0.021165313
2022-05-23,0.021154715
2022-05-24,0.021186559
2022-05-25,0.021129891
2022-05-26,0.021089913
2022-05-27,0.021095054
2022-05-28,0.021085653
2022-05-29,0.021085653
2022-05-30,0.021085653
2022-05-31,0.021052059
2022-06-01,0.021035628
2022-06-02,0.021032233
2022-06-03,0.021032171
2022-06-04,0.021032171
2022-06-05,0.021032171
2022-06-06,0.02103335
2022-06-07,0.021038553
2022-06-08,0.021034699
2022-06-09,0.02103989
2022-06-10,0.021039523
2022-06-11,0.021039523
2022-06-12,0.021039523
2022-06-13,0.021070227
2022-06-14,0.021074075
2022-06-15,0.021074591
2022-06-16,0.021071017
2022-06-17,0.021071034
2022-06-18,0.021071034
2022-06-19,0.021071034
2022-06-20,0.021071203
2022-06-21,0.021100571
2022-06-22,0.021105302
2022-06-23,0.021087509
2022-06-24,0.021090826
2022-06-25,0.021090826
2022-06-26,0.021090826
2022-06-27,0.021091474
2022-06-28,0.021090683
2022-06-29,0.02109857
2022-06-30,0.021091383
2022-07-01,0.021091383
2022-07-02,0.021091383
2022-07-03,0.021091383
2022-07-04,0.021091383
2022-07-05,0.021091383
2022-07-06,0.02109136
2022-07-07,0.021085117
2022-07-08,0.021085117
2022-07-09,0.021085117
2022-07-10,0.021085117
2022-07-11,0.021083357
2022-07-12,0.020981552
2022-07-13,0.020963399
2022-07-14,0.020960633
2022-07-15,0.020960622
2022-07-16,0.020960622
2022-07-17,0.020960622
2022-07-18,0.020993948
2022-07-19,0.02085849
2022-07-20,0.020841094
2022-07-21,0.020972675
2022-07-22,0.02099608
2022-07-23,0.02099608
2022-07-24,0.020994082
2022-07-25,0.02098562
2022-07-26,0.02089686
2022-07-27,0.0205662
2022-07-28,0.021061331
2022-07-29,0.021673536
2022-07-30,0.021673609
2022-07-31,0.021673609
2022-08-01,0.021752218
2022-08-02,0.022224423
2022-08-03,0.022324415
2022-08-04,0.02226936
2022-08-05,0.022325419
2022-08-06,0.022328831
2022-08-07,0.022328831
2022-08-08,0.02239106
2022-08-09,0.022359613
2022-08-10,0.02240926
2022-08-11,0.022379754
2022-08-12,0.02238008
2022-08-13,0.022378687
2022-08-14,0.022378687
2022-08-15,0.02238627
2022-08-16,0.02266675
2022-08-17,0.022645077
2022-08-18,0.022645067
2022-08-19,0.022633573
2022-08-20,0.022633573
2022-08-21,0.022633573
2022-08-22,0.022626676
2022-08-23,0.02261492
2022-08-24,0.022576243
2022-08-25,0.022509208
2022-08-26,0.022512577
2022-08-27,0.022512577
2022-08-28,0.022512577
2022-08-29,0.022527728
2022-08-30,0.022535738
2022-08-31,0.022527026
2022-09-01,0.02253314
2022-09-02,0.022533169
2022-09-03,0.022533169
2022-09-04,0.022533169
2022-09-05,0.022533169
2022-09-06,0.022529041
2022-09-07,0.022531008
2022-09-08,0.022527322
2022-09-09,0.02253025
2022-09-10,0.02253025
2022-09-11,0.02253025
2022-09-12,0.022454388
2022-09-13,0.022456188
2022-09-14,0.022457695
2022-09-15,0.022454599
2022-09-16,0.022454616
2022-09-17,0.022454616
2022-09-18,0.022454616
2022-09-19,0.022465825
2022-09-20,0.022466319
2022-09-21,0.022472521
2022-09-22,0.022494465
2022-09-23,0.02249471
2022-09-24,0.02249471
2022-09-25,0.02249471
2022-09-26,0.022494696
2022-09-27,0.022496285
2022-09-28,0.022500863
2022-09-29,0.022454837
2022-09-30,0.022454916
2022-10-01,0.022454925
2022-10-02,0.022454925
2022-10-03,0.022454925
2022-10-04,0.022455286
2022-10-05,0.022461126
2022-10-06,0.022469455
2022-10-07,0.022469904
2022-10-08,0.022469904
2022-10-09,0.022469904
2022-10-10,0.022469904
2022-10-11,0.02247042
2022-10-12,0.022514893
2022-10-13,0.022515818
2022-10-14,0.022515805
2022-10-15,0.022515805
2022-10-16,0.022515805
2022-10-17,0.022515789
2022-10-18,0.022608127
2022-10-19,0.022639005
2022-10-20,0.0225901
2022-10-21,0.022573091
2022-10-22,0.022573091
2022-10-23,0.022573091
2022-10-24,0.02255738
2022-10-25,0.022691756
2022-10-26,0.022578837
2022-10-27,0.021587858
2022-10-28,0.021796433
2022-10-29,0.021796433
2022-10-30,0.021796433
2022-10-31,0.02181808
2022-11-01,0.021840386
2022-11-02,0.021673732
2022-11-03,0.021625854
2022-11-04,0.021573726
2022-11-05,0.021574294
2022-11-06,0.021574294
2022-11-07,0.021526905
2022-11-08,0.021436343
2022-11-09,0.02143001
2022-11-10,0.02137337
2022-11-11,0.021374341
2022-11-12,0.021374341
2022-11-13,0.021374341
2022-11-14,0.02137113
2022-11-15,0.021345487
2022-11-16,0.021260567
2022-11-17,0.021221085
2022-11-18,0.021220293
2022-11-19,0.021220293
2022-11-20,0.021220293
2022-11-21,0.021219652
2022-11-22,0.021194888
2022-11-23,0.02120543
2022-11-24,0.02120543
2022-11-25,0.02120543
2022-11-26,0.02120543
2022-11-27,0.02120543
2022-11-28,0.021205176
2022-11-29,0.021178534
2022-11-30,0.021182008
2022-12-01,0.0211638
2022-12-02,0.021163378
2022-12-03,0.021163378
2022-12-04,0.021163378
2022-12-05,0.021163348
2022-12-06,0.021160642
2022-12-07,0.021158095
2022-12-08,0.021142995
2022-12-09,0.021142866
2022-12-10,0.021142866
2022-12-11,0.021142866
2022-12-12,0.021149302
2022-12-13,0.021148888
2022-12-14,0.021141557
2022-12-15,0.021139484
2022-12-16,0.021149328
2022-12-17,0.021149328
2022-12-18,0.021149328
2022-12-19,0.021149661
2022-12-20,0.021134818
2022-12-21,0.02113305
2022-12-22,0.021128979
2022-12-23,0.021128979
2022-12-24,0.021128979
2022-12-25,0.021128979
2022-12-26,0.021128979
2022-12-27,0.021128979
2022-12-28,0.021131594
2022-12-29,0.021029584
2022-12-30,0.021029584
2022-12-31,0.021029584
2023-01-01,0.021029584
2023-01-02,0.021029584
2023-01-03,0.0210297
2023-01-04,0.021029899
2023-01-05,0.02103581
2023-01-06,0.021035824
2023-01-07,0.021035824
2023-01-08,0.021035824
2023-01-09,0.021033894
2023-01-10,0.02103609
2023-01-11,0.021034755
2023-01-12,0.021036917
2023-01-13,0.02104205
2023-01-14,0.02104205
2023-01-15,0.02104205
2023-01-16,0.02104205
2023-01-17,0.021037377
2023-01-18,0.021037992
2023-01-19,0.020982636
2023-01-20,0.020988964
2023-01-21,0.020988964
2023-01-22,0.020988964
2023-01-23,0.020987412
2023-01-24,0.02089673
2023-01-25,0.020900723
2023-01-26,0.020915769
2023-01-27,0.020747377
2023-01-28,0.020747377
2023-01-29,0.020747377
2023-01-30,0.020749783
2023-01-31,0.020038852
2023-02-01,0.020122666
2023-02-02,0.020393044
2023-02-03,0.020390658
2023-02-04,0.020390026
2023-02-05,0.020390026
2023-02-06,0.020374732
2023-02-07,0.020409161
2023-02-08,0.020170169
2023-02-09,0.019920178
2023-02-10,0.01991325
2023-02-11,0.019913238
2023-02-12,0.019913238
2023-02-13,0.019893842
2023-02-14,0.019806027
2023-02-15,0.019806102
2023-02-16,0.01961869
2023-02-17,0.019593107
2023-02-18,0.019593107
2023-02-19,0.019593107
2023-02-20,0.019593364
2023-02-21,0.01949649
2023-02-22,0.01923503
2023-02-23,0.019488389
2023-02-24,0.019446926
2023-02-25,0.019910082
2023-02-26,0.019910082
2023-02-27,0.020022918
2023-02-28,0.020000461
2023-03-01,0.020044347
2023-03-02,0.020188674
2023-03-03,0.020189261
2023-03-04,0.020189261
2023-03-05,0.020189261
2023-03-06,0.020181814
2023-03-07,0.020163763
2023-03-08,0.020142449
2023-03-09,0.020107033
2023-03-10,0.020108266
2023-03-11,0.020108266
2023-03-12,0.020108266
2023-03-13,0.02007828
2023-03-14,0.020053303
2023-03-15,0.020055266
2023-03-16,0.020080546
2023-03-17,0.020079942
2023-03-18,0.020079942
2023-03-19,0.020079942
2023-03-20,0.020077461
2023-03-21,0.020071885
2023-03-22,0.020066451
2023-03-23,0.020049432
2023-03-24,0.020059988
2023-03-25,0.020049095
2023-03-26,0.020049095
2023-03-27,0.020051751
2023-03-28,0.02005942
2023-03-29,0.020060677
2023-03-30,0.020057037
2023-03-31,0.02005896
2023-04-01,0.02005896
2023-04-02,0.02005896
2023-04-03,0.02005892
2023-04-04,0.020059558
2023-04-05,0.020057747
2023-04-06,0.020046553
2023-04-07,0.020048214
2023-04-08,0.020048214
2023-04-09,0.020048214
2023-04-10,0.020048551
2023-04-11,0.020050073
2023-04-12,0.020050086
2023-04-13,0.020049645
2023-04-14,0.020049531
2023-04-15,0.020049531
2023-04-16,0.020049531
2023-04-17,0.020048333
2023-04-18,0.020078033
2023-04-19,0.01994577
2023-04-20,0.019880885
2023-04-21,0.019824963
2023-04-22,0.019824963
2023-04-23,0.019824963
2023-04-24,0.019848308
2023-04-25,0.020077134
2023-04-26,0.020032661
2023-04-27,0.020097917
2023-04-28,0.020070072
2023-04-29,0.020068608
2023-04-30,0.020068608
2023-05-01,0.020057952
2023-05-02,0.019975524
2023-05-03,0.019908668
2023-05-04,0.019415148
2023-05-05,0.019413743
2023-05-06,0.019999582
2023-05-07,0.019999582
2023-05-08,0.019928636
2023-05-09,0.019843964
2023-05-10,0.019793427
2023-05-11,0.019804535
2023-05-12,0.019768277
2023-05-13,0.019768277
2023-05-14,0.019768277
2023-05-15,0.019763004
2023-05-16,0.019765476
2023-05-17,0.019763341
2023-05-18,0.01957754
2023-05-19,0.019605871
2023-05-20,0.019605871
2023-05-21,0.019605871
2023-05-22,0.01960571
2023-05-23,0.019727608
2023-05-24,0.019751333
2023-05-25,0.01970243
2023-05-26,0.019700596
2023-05-27,0.019700596
2023-05-28,0.019700596
2023-05-29,0.019700596
2023-05-30,0.019710284
2023-05-31,0.019684533
2023-06-01,0.019652795
2023-06-02,0.019652698
2023-06-03,0.019652698
2023-06-04,0.019652698
2023-06-05,0.019652233
2023-06-06,0.01965105
2023-06-07,0.019652603
2023-06-08,0.019650994
2023-06-09,0.019650994
2023-06-10,0.019650994
2023-06-11,0.019650994
2023-06-12,0.019699598
2023-06-13,0.01969954
2023-06-14,0.019709462
2023-06-15,0.019730186
2023-06-16,0.019730186
2023-06-17,0.019730186
2023-06-18,0.019730186
2023-06-19,0.019730164
2023-06-20,0.019756418
2023-06-21,0.019758744
2023-06-22,0.019777084
2023-06-23,0.019779341
2023-06-24,0.019783337
2023-06-25,0.019783337
2023-06-26,0.019783374
2023-06-27,0.019764906
2023-06-28,0.019769022
2023-06-29,0.019758407
2023-06-30,0.019755244
2023-07-01,0.019755244
2023-07-02,0.019755244
2023-07-03,0.019755244
2023-07-04,0.019755244
2023-07-05,0.019755244
2023-07-06,0.019755213
2023-07-07,0.01975597
2023-07-08,0.01975597
2023-07-09,0.01975597
2023-07-10,0.019755514
2023-07-11,0.019755514
2023-07-12,0.019756133
2023-07-13,0.019805271
2023-07-14,0.019805215
2023-07-15,0.019805215
2023-07-16,0.019805215
2023-07-17,0.019805215
2023-07-18,0.019812863
2023-07-19,0.019845003
2023-07-20,0.01995192
2023-07-21,0.019960312
2023-07-22,0.019960312
2023-07-23,0.019960312
2023-07-24,0.0199658
2023-07-25,0.01995071
2023-07-26,0.019947946
2023-07-27,0.019738525
2023-07-28,0.019616012
2023-07-29,0.01961648
2023-07-30,0.01961648
2023-07-31,0.019591093
2023-08-01,0.01924143
2023-08-02,0.019170707
2023-08-03,0.018718831
2023-08-04,0.018682184
2023-08-05,0.018682184
2023-08-06,0.018682184
2023-08-07,0.018637728
2023-08-08,0.018717708
2023-08-09,0.018772034
2023-08-10,0.01878454
2023-08-11,0.018785417
2023-08-12,0.018785484
2023-08-13,0.018785484
2023-08-14,0.018791242
2023-08-15,0.018794134
2023-08-16,0.018815083
2023-08-17,0.019033875
2023-08-18,0.019046692
2023-08-19,0.019046692
2023-08-20,0.019046692
2023-08-21,0.019052722
2023-08-22,0.018951837
2023-08-23,0.01909325
2023-08-24,0.018996945
2023-08-25,0.01898582
2023-08-26,0.01898582
2023-08-27,0.01898582
2023-08-28,0.01898463
2023-08-29,0.018974146
2023-08-30,0.019017788
2023-08-31,0.019010909
2023-09-01,0.019015659
2023-09-02,0.019015659
2023-09-03,0.019015659
2023-09-04,0.019015659
2023-09-05,0.019016622
2023-09-06,0.01901677
2023-09-07,0.019026669
2023-09-08,0.019026658
2023-09-09,0.019026658
2023-09-10,0.019026658
2023-09-11,0.019001514
2023-09-12,0.019002045
2023-09-13,0.019002935
2023-09-14,0.019013751
2023-09-15,0.019013857
2023-09-16,0.019013857
2023-09-17,0.019013857
2023-09-18,0.01901383
2023-09-19,0.019028476
2023-09-20,0.019013515
2023-09-21,0.019002035
2023-09-22,0.019002052
2023-09-23,0.019002052
2023-09-24,0.019002052
2023-09-25,0.019001076
2023-09-26,0.019040301
2023-09-27,0.01903948
2023-09-28,0.019020945
2023-09-29,0.019040808
2023-09-30,0.019040808
2023-10-01,0.019040808
2023-10-02,0.019040827
2023-10-03,0.01903756
2023-10-04,0.019040316
2023-10-05,0.019055143
2023-10-06,0.01905513
2023-10-07,0.01905513
2023-10-08,0.01905513
2023-10-09,0.01905513
2023-10-10,0.019064391
2023-10-11,0.019064363
2023-10-12,0.019041574
2023-10-13,0.019041553
2023-10-14,0.019041553
2023-10-15,0.019041553
2023-10-16,0.01904179
2023-10-17,0.019018384
2023-10-18,0.019027723
2023-10-19,0.018996414
2023-10-20,0.019001031
2023-10-21,0.019001031
2023-10-22,0.019001031
2023-10-23,0.018991489
2023-10-24,0.019013355
2023-10-25,0.019097997
2023-10-26,0.019291272
2023-10-27,0.019469436
2023-10-28,0.01947038
2023-10-29,0.01947038
2023-10-30,0.019475117
2023-10-31,0.019518329
2023-11-01,0.019550592
2023-11-02,0.020091552
2023-11-03,0.02013852
2023-11-04,0.020137798
2023-11-05,0.020137798
2023-11-06,0.020202927
2023-11-07,0.020260239
2023-11-08,0.020212706
2023-11-09,0.020231208
2023-11-10,0.020216446
2023-11-11,0.020216446
2023-11-12,0.020216446
2023-11-13,0.020221587
2023-11-14,0.02017763
2023-11-15,0.02017378
2023-11-16,0.019929977
2023-11-17,0.01992982
2023-11-18,0.01992982
2023-11-19,0.01992982
2023-11-20,0.019938424
2023-11-21,0.020010132
2023-11-22,0.019988336
2023-11-23,0.01998832
2023-11-24,0.01998832
2023-11-25,0.01998832
2023-11-26,0.01998832
2023-11-27,0.01998772
2023-11-28,0.01999448
2023-11-29,0.019997066
2023-11-30,0.019992914
2023-12-01,0.019994829
2023-12-02,0.019994829
2023-12-03,0.019994829
2023-12-04,0.019989442
2023-12-05,0.019977363
2023-12-06,0.01997574
2023-12-07,0.019975534
2023-12-08,0.01997541
2023-12-09,0.01997541
2023-12-10,0.01997541
2023-12-11,0.01997979
2023-12-12,0.019962583
2023-12-13,0.019964285
2023-12-14,0.01994946
2023-12-15,0.019950192
2023-12-16,0.019950192
2023-12-17,0.019950192
2023-12-18,0.019948823
2023-12-19,0.019965788
2023-12-20,0.019959409
2023-12-21,0.019960796
2023-12-22,0.019960847
2023-12-23,0.019960847
2023-12-24,0.019960847
2023-12-25,0.019960847
2023-12-26,0.019960184
2023-12-27,0.019958952
2023-12-28,0.019958952
2023-12-29,0.019958952
2023-12-30,0.019958952
2023-12-31,0.019958952
2024-01-01,0.019958952
2024-01-02,0.01995899
2024-01-03,0.019960154
2024-01-04,0.019956024
2024-01-05,0.019949885
2024-01-06,0.019949885
2024-01-07,0.019949885
2024-01-08,0.019951232
2024-01-09,0.019956108
2024-01-10,0.019956077
2024-01-11,0.019955507
2024-01-12,0.019987745
2024-01-13,0.019987745
2024-01-14,0.019987745
2024-01-15,0.019987745
2024-01-16,0.01998765
2024-01-17,0.019988509
2024-01-18,0.019973578
2024-01-19,0.019971307
2024-01-20,0.019971307
2024-01-21,0.019971307
2024-01-22,0.019960023
2024-01-23,0.019898206
2024-01-24,0.020146776
2024-01-25,0.020079195
2024-01-26,0.02008364
2024-01-27,0.02008364
2024-01-28,0.02008364
2024-01-29,0.020089038
2024-01-30,0.020132003
2024-01-31,0.020096
2024-02-01,0.020306934
2024-02-02,0.020042205
2024-02-03,0.020042205
2024-02-04,0.020042205
2024-02-05,0.020041656
2024-02-06,0.019836184
2024-02-07,0.019874008
2024-02-08,0.01987043
2024-02-09,0.019809043
2024-02-10,0.019809043
2024-02-11,0.019809043
2024-02-12,0.019793656
2024-02-13,0.019954294
2024-02-14,0.019876774
2024-02-15,0.019869346
2024-02-16,0.019865165
2024-02-17,0.019865165
2024-02-18,0.019865165
2024-02-19,0.019868128
2024-02-20,0.019852994
2024-02-21,0.020062732
2024-02-22,0.01995689
2024-02-23,0.019952718
2024-02-24,0.019991988
2024-02-25,0.019991988
2024-02-26,0.020028422
2024-02-27,0.020042194
2024-02-28,0.02000737
2024-02-29,0.020082925
2024-03-01,0.020082876
2024-03-02,0.020083442
2024-03-03,0.020083442
2024-03-04,0.020084484
2024-03-05,0.020104507
2024-03-06,0.02012069
2024-03-07,0.020009177
2024-03-08,0.020006089
2024-03-09,0.02000616
2024-03-10,0.02000616
2024-03-11,0.019994477
2024-03-12,0.019990478
2024-03-13,0.019972922
2024-03-14,0.01995762
2024-03-15,0.019985983
2024-03-16,0.019985983
2024-03-17,0.019985983
2024-03-18,0.019982731
2024-03-19,0.019976007
2024-03-20,0.019988328
2024-03-21,0.019982232
2024-03-22,0.019982317
2024-03-23,0.019982317
2024-03-24,0.019982317
2024-03-25,0.019982234
2024-03-26,0.01997157
2024-03-27,0.019968955
2024-03-28,0.019968854
2024-03-29,0.019968878
2024-03-30,0.019968878
2024-03-31,0.019968878
2024-04-01,0.019974556
2024-04-02,0.019982176
2024-04-03,0.019981554
2024-04-04,0.01997718
2024-04-05,0.019977622
2024-04-06,0.019977622
2024-04-07,0.019977622
2024-04-08,0.019977622
2024-04-09,0.019977601
2024-04-10,0.019908207
2024-04-11,0.019904736
2024-04-12,0.019904967
2024-04-13,0.019904967
2024-04-14,0.019904967
2024-04-15,0.019907214
2024-04-16,0.01987023
2024-04-17,0.019866895
2024-04-18,0.019925792
2024-04-19,0.019934539
2024-04-20,0.019934539
2024-04-21,0.019934539
2024-04-22,0.019928208
2024-04-23,0.019743457
2024-04-24,0.01955909
2024-04-25,0.019683177
2024-04-26,0.01982452
2024-04-27,0.019826617
2024-04-28,0.019826617
2024-04-29,0.0197961
2024-04-30,0.01980256
2024-05-01,0.01954361
2024-05-02,0.019348573
2024-05-03,0.019264927
2024-05-04,0.01842635
2024-05-05,0.018425938
2024-05-06,0.018359782
2024-05-07,0.018284256
2024-05-08,0.018135956
2024-05-09,0.018134616
2024-05-10,0.018058382
2024-05-11,0.018058028
2024-05-12,0.018058028
2024-05-13,0.018047603
2024-05-14,0.018029451
2024-05-15,0.01800276
2024-05-16,0.017994076
2024-05-17,0.017995737
2024-05-18,0.017995737
2024-05-19,0.017995737
2024-05-20,0.01794427
2024-05-21,0.017958991
2024-05-22,0.017996049
2024-05-23,0.017983519
2024-05-24,0.017981328
2024-05-25,0.017981328
2024-05-26,0.017981328
2024-05-27,0.017981328
2024-05-28,0.01797874
2024-05-29,0.017981451
2024-05-30,0.017948847
2024-05-31,0.017948847
2024-06-01,0.017948847
2024-06-02,0.017948847
2024-06-03,0.017950254
2024-06-04,0.017929621
2024-06-05,0.017905237
2024-06-06,0.017917631
2024-06-07,0.017915733
2024-06-08,0.017916167
2024-06-09,0.017916167
2024-06-10,0.017915102
2024-06-11,0.017935012
2024-06-12,0.017966995
2024-06-13,0.017978229
2024-06-14,0.017978998
2024-06-15,0.017978998
2024-06-16,0.017978998
2024-06-17,0.017988348
2024-06-18,0.017989842
2024-06-19,0.017989842
2024-06-20,0.017978048
2024-06-21,0.017982075
2024-06-22,0.017982075
2024-06-23,0.017982075
2024-06-24,0.017978022
2024-06-25,0.017963126
2024-06-26,0.017942205
2024-06-27,0.01797254
2024-06-28,0.018011909
2024-06-29,0.018011909
2024-06-30,0.018011909
2024-07-01,0.018011902
2024-07-02,0.018012231
2024-07-03,0.018028686
2024-07-04,0.018028669
2024-07-05,0.018028669
2024-07-06,0.018028669
2024-07-07,0.018028669
2024-07-08,0.018028643
2024-07-09,0.01802541
2024-07-10,0.018026056
2024-07-11,0.018107288
2024-07-12,0.0181069
2024-07-13,0.0181069
2024-07-14,0.0181069
2024-07-15,0.018106848
2024-07-16,0.018108105
2024-07-17,0.018151402
2024-07-18,0.018175457
2024-07-19,0.018185182
2024-07-20,0.018190328
2024-07-21,0.018190328
2024-07-22,0.018187953
2024-07-23,0.01817037
2024-07-24,0.01819195
2024-07-25,0.018154686
2024-07-26,0.018228067
2024-07-27,0.018228067
2024-07-28,0.018228067
2024-07-29,0.018227713
2024-07-30,0.018054258
2024-07-31,0.018241517
2024-08-01,0.018126974
2024-08-02,0.018128287
2024-08-03,0.018715821
2024-08-04,0.018715821
2024-08-05,0.018703919
2024-08-06,0.018790156
2024-08-07,0.018848008
2024-08-08,0.018732477
2024-08-09,0.018759245
2024-08-10,0.01875904
2024-08-11,0.01875904
2024-08-12,0.018765246
2024-08-13,0.018769475
2024-08-14,0.018787386
2024-08-15,0.018717416
2024-08-16,0.018722562
2024-08-17,0.018727599
2024-08-18,0.018727599
2024-08-19,0.018737672
2024-08-20,0.018776525
2024-08-21,0.018793352
2024-08-22,0.018798446
2024-08-23,0.018800322
2024-08-24,0.018800322
2024-08-25,0.018800322
2024-08-26,0.018807575
2024-08-27,0.019011836
2024-08-28,0.019060869
2024-08-29,0.019056253
2024-08-30,0.01906231
2024-08-31,0.01906231
2024-09-01,0.01906231
2024-09-02,0.01906231
2024-09-03,0.019063078
2024-09-04,0.019067248
2024-09-05,0.019097555
2024-09-06,0.019096326
2024-09-07,0.019096326
2024-09-08,0.019096326
2024-09-09,0.019091152
2024-09-10,0.019089803
2024-09-11,0.019090796
2024-09-12,0.019078849
2024-09-13,0.019078897
2024-09-14,0.019078897
2024-09-15,0.019078897
2024-09-16,0.01907874
2024-09-17,0.019079683
2024-09-18,0.019081937
2024-09-19,0.019059064
2024-09-20,0.019059075
2024-09-21,0.019059075
2024-09-22,0.019059075
2024-09-23,0.019059362
2024-09-24,0.01906871
2024-09-25,0.019084398
2024-09-26,0.01909634
2024-09-27,0.019097341
2024-09-28,0.019097341
2024-09-29,0.019097341
2024-09-30,0.019153226
2024-10-01,0.019141829
2024-10-02,0.019149363
2024-10-03,0.019149363
2024-10-04,0.019149214
2024-10-05,0.019149214
2024-10-06,0.019149214
2024-10-07,0.019149128
2024-10-08,0.019144537
2024-10-09,0.019144677
2024-10-10,0.019142935
2024-10-11,0.019143224
2024-10-12,0.019143224
2024-10-13,0.019143224
2024-10-14,0.019143224
2024-10-15,0.019063734
2024-10-16,0.019067606
2024-10-17,0.019059038
2024-10-18,0.01908631
2024-10-19,0.01908631
2024-10-20,0.01908631
2024-10-21,0.019070432
2024-10-22,0.019108398
2024-10-23,0.019202866
2024-10-24,0.01917845
2024-10-25,0.019167494
2024-10-26,0.019167494
2024-10-27,0.019167494
2024-10-28,0.019114858
2024-10-29,0.019283714
2024-10-30,0.019475823
2024-10-31,0.019161686
2024-11-01,0.01916888
2024-11-02,0.019007422
2024-11-03,0.019007422
2024-11-04,0.019022863
2024-11-05,0.018986946
2024-11-06,0.018869368
2024-11-07,0.019047137
2024-11-08,0.019104889
2024-11-09,0.019104889
2024-11-10,0.01910403
2024-11-11,0.019112805
2024-11-12,0.019073429
2024-11-13,0.019084988
2024-11-14,0.019020258
2024-11-15,0.01902502
2024-11-16,0.01902502
2024-11-17,0.01902502
2024-11-18,0.019024989
2024-11-19,0.01902077
2024-11-20,0.01911998
2024-11-21,0.019027293
2024-11-22,0.019028027
2024-11-23,0.019028027
2024-11-24,0.019028027
2024-11-25,0.019027656
2024-11-26,0.019036517
2024-11-27,0.01903128
2024-11-28,0.01903128
2024-11-29,0.019030886
2024-11-30,0.019030886
2024-12-01,0.019030886
2024-12-02,0.019031592
2024-12-03,0.01903554
2024-12-04,0.019021664
2024-12-05,0.019008132
2024-12-06,0.019008903
2024-12-07,0.019009626
2024-12-08,0.019009626
2024-12-09,0.019017475
2024-12-10,0.019005995
2024-12-11,0.019001285
2024-12-12,0.01905689
2024-12-13,0.0190571
2024-12-14,0.0190571
2024-12-15,0.0190571
2024-12-16,0.019050186
2024-12-17,0.01905031
2024-12-18,0.01908109
2024-12-19,0.01909633
2024-12-20,0.019048827
2024-12-21,0.019048827
2024-12-22,0.019048827
2024-12-23,0.01904927
2024-12-24,0.01904927
2024-12-25,0.01904927
2024-12-26,0.01904927
2024-12-27,0.019049238
2024-12-28,0.019049238
2024-12-29,0.019049238
2024-12-30,0.019049441
2024-12-31,0.019049441
2025-01-01,0.019049441
2025-01-02,0.019049387
2025-01-03,0.019049332
2025-01-04,0.019049332
2025-01-05,0.019049332
2025-01-06,0.019049332
2025-01-07,0.019049637
2025-01-08,0.019058272
2025-01-09,0.019058267
2025-01-10,0.019037167
2025-01-11,0.019037167
2025-01-12,0.019037167
2025-01-13,0.019038219
2025-01-14,0.019038165
2025-01-15,0.01904161
2025-01-16,0.01904301
2025-01-17,0.01903932
2025-01-18,0.01903932
2025-01-19,0.01903932
2025-01-20,0.019039271
2025-01-21,0.0189792
2025-01-22,0.019251578
2025-01-23,0.01924493
2025-01-24,0.019281121
2025-01-25,0.019281121
2025-01-26,0.019281121
2025-01-27,0.019300412
2025-01-28,0.01921342
2025-01-29,0.019374633
2025-01-30,0.020122739
2025-01-31,0.020042144
2025-02-01,0.020042144
2025-02-02,0.020042144
2025-02-03,0.020037405
2025-02-04,0.01982264
2025-02-05,0.020190552
2025-02-06,0.020441627
2025-02-07,0.020462181
2025-02-08,0.020462181
2025-02-09,0.020462181
2025-02-10,0.020449754
2025-02-11,0.020419553
2025-02-12,0.020501114
2025-02-13,0.020426229
2025-02-14,0.020417344
2025-02-15,0.020418096
2025-02-16,0.020418096
2025-02-17,0.020414123
2025-02-18,0.020429116
2025-02-19,0.020444572
2025-02-20,0.020425415
2025-02-21,0.020433607
2025-02-22,0.020211088
2025-02-23,0.020211088
2025-02-24,0.020190036
2025-02-25,0.020166788
2025-02-26,0.020270163
2025-02-27,0.020164717
2025-02-28,0.020168668
2025-03-01,0.020170812
2025-03-02,0.020170812
2025-03-03,0.020167468
2025-03-04,0.020210775
2025-03-05,0.020215038
2025-03-06,0.02025363
2025-03-07,0.02025389
2025-03-08,0.020253813
2025-03-09,0.020253813
2025-03-10,0.020230116
2025-03-11,0.020219717
2025-03-12,0.02018094
2025-03-13,0.02017969
2025-03-14,0.0201807
2025-03-15,0.020180129
2025-03-16,0.020180129
2025-03-17,0.020183772
2025-03-18,0.020193728
2025-03-19,0.020204501
2025-03-20,0.020153878
2025-03-21,0.020153858
2025-03-22,0.020153858
2025-03-23,0.020153858
2025-03-24,0.020151181
2025-03-25,0.020152794
2025-03-26,0.020162934
2025-03-27,0.02017391
2025-03-28,0.020174216
2025-03-29,0.020174537
2025-03-30,0.020174539
2025-03-31,0.020180034
2025-04-01,0.02018
2025-04-02,0.020191574
2025-04-03,0.020190287
2025-04-04,0.020190308
2025-04-05,0.020190308
2025-04-06,0.020190308
2025-04-07,0.020187834
2025-04-08,0.020193148
2025-04-09,0.020171892
2025-04-10,0.020170469
2025-04-11,0.020171573
2025-04-12,0.020171573
2025-04-13,0.020171573
2025-04-14,0.02017159
2025-04-15,0.020379504
2025-04-16,0.020120917
2025-04-17,0.020155462
2025-04-18,0.020155462
2025-04-19,0.020155462
2025-04-20,0.020155462
2025-04-21,0.020157754
2025-04-22,0.020065073
2025-04-23,0.01995326
2025-04-24,0.020215573
2025-04-25,0.020150643
2025-04-26,0.020150643
2025-04-27,0.020150643
2025-04-28,0.020117635
2025-04-29,0.020095795
2025-04-30,0.019972531
2025-05-01,0.019336918
2025-05-02,0.019444285
2025-05-03,0.018964443
2025-05-04,0.018964443
2025-05-05,0.018934544
2025-05-06,0.018911874
2025-05-07,0.018707555
2025-05-08,0.018655144
2025-05-09,0.0186742
2025-05-10,0.018674217
2025-05-11,0.018676836
2025-05-12,0.018684827
2025-05-13,0.018677257
2025-05-14,0.018671142
2025-05-15,0.018705118
2025-05-16,0.018705893
2025-05-17,0.018705893
2025-05-18,0.018705893
2025-05-19,0.018703071
2025-05-20,0.018715791
2025-05-21,0.018701311
2025-05-22,0.018753668
2025-05-23,0.018750174
2025-05-24,0.018750174
2025-05-25,0.018750174
2025-05-26,0.018750174
2025-05-27,0.018708283
2025-05-28,0.018546062
2025-05-29,0.018503303
2025-05-30,0.018503115
2025-05-31,0.018503115
2025-06-01,0.018503115
2025-06-02,0.018499447
2025-06-03,0.018506484
2025-06-04,0.018498963
2025-06-05,0.01846891
2025-06-06,0.018467253
2025-06-07,0.018467253
2025-06-08,0.018467253
2025-06-09,0.018468969
2025-06-10,0.018463353
2025-06-11,0.018477168
2025-06-12,0.018474046
2025-06-13,0.018474767
2025-06-14,0.018474767
2025-06-15,0.018474767
2025-06-16,0.018473746
2025-06-17,0.018477565
2025-06-18,0.018477404
2025-06-19,0.018477404
2025-06-20,0.018499447
2025-06-21,0.018499447
2025-06-22,0.018499447
2025-06-23,0.018501172
2025-06-24,0.018529728
2025-06-25,0.018516535
2025-06-26,0.018497404
2025-06-27,0.018497167
2025-06-28,0.018497167
2025-06-29,0.018497167
2025-06-30,0.018497448
2025-07-01,0.01849527
2025-07-02,0.018495878
2025-07-03,0.018495878
2025-07-04,0.018495878
2025-07-05,0.018495878
2025-07-06,0.018495878
2025-07-07,0.018495878
2025-07-08,0.018495556
2025-07-09,0.018500587
2025-07-10,0.018567262
2025-07-11,0.018567245
2025-07-12,0.018567245
2025-07-13,0.018567245
2025-07-14,0.018568197
2025-07-15,0.0185695
2025-07-16,0.018395541
2025-07-17,0.018408082
2025-07-18,0.018403416
2025-07-19,0.018403416
2025-07-20,0.018403416
2025-07-21,0.018405676
2025-07-22,0.018413242
2025-07-23,0.01836437
2025-07-24,0.018397499
2025-07-25,0.018411608
2025-07-26,0.018411608
2025-07-27,0.018411608
2025-07-28,0.018432098
2025-07-29,0.018503929
2025-07-30,0.018578468
2025-07-31,0.018965947
2025-08-01,0.019027488
2025-08-02,0.019281095
2025-08-03,0.019281095
2025-08-04,0.019268984
2025-08-05,0.019339604
2025-08-06,0.019405223
2025-08-07,0.019646803
2025-08-08,0.019584002
2025-08-09,0.019580785
2025-08-10,0.019580932
2025-08-11,0.01958337
2025-08-12,0.019564947
2025-08-13,0.019567259
2025-08-14,0.019552829
2025-08-15,0.019554304
2025-08-16,0.019554324
2025-08-17,0.019554324
2025-08-18,0.019541
2025-08-19,0.019573271
2025-08-20,0.019592244
2025-08-21,0.019597717
2025-08-22,0.019604914
2025-08-23,0.019604914
2025-08-24,0.019604914
2025-08-25,0.019605557
2025-08-26,0.019607099
2025-08-27,0.019863749
2025-08-28,0.01987042
2025-08-29,0.019872935
2025-08-30,0.019872935
2025-08-31,0.019872935
2025-09-01,0.019872935
2025-09-02,0.019875528
2025-09-03,0.019875852
2025-09-04,0.019847406
2025-09-05,0.019847691
2025-09-06,0.019847691
2025-09-07,0.019847691
2025-09-08,0.019850653
2025-09-09,0.019810904
2025-09-10,0.019810252
2025-09-11,0.01980533
2025-09-12,0.019805256
2025-09-13,0.019805256
2025-09-14,0.019805256
2025-09-15,0.01980495
2025-09-16,0.019814111
2025-09-17,0.019843474
2025-09-18,0.019818224
2025-09-19,0.019818231
2025-09-20,0.019818231
2025-09-21,0.019818231
2025-09-22,0.01981849
2025-09-23,0.01986926
2025-09-24,0.019871121
2025-09-25,0.019867733
2025-09-26,0.019867733
2025-09-27,0.019867733
2025-09-28,0.019867733
2025-09-29,0.019909987
2025-09-30,0.019927194
2025-10-01,0.019919697
2025-10-02,0.019919697
2025-10-03,0.019919697
2025-10-04,0.019919697
2025-10-05,0.019919697
2025-10-06,0.019918615
2025-10-07,0.019920778
2025-10-08,0.019918168
2025-10-09,0.019940732
2025-10-10,0.019941442
2025-10-11,0.01994132
2025-10-12,0.01994132
2025-10-13,0.019941427
2025-10-14,0.01992727
2025-10-15,0.019924158
2025-10-16,0.01992414
2025-10-17,0.019911448
2025-10-18,0.019911448
2025-10-19,0.019911448
2025-10-20,0.019915482
2025-10-21,0.019927775
2025-10-22,0.020051949
2025-10-23,0.020193137
2025-10-24,0.020229993
2025-10-25,0.020229993
2025-10-26,0.020229993
2025-10-27,0.020254487
2025-10-28,0.02035078
2025-10-29,0.020005874
2025-10-30,0.019915426
2025-10-31,0.019931624
2025-11-01,0.020493414
2025-11-02,0.020493414
2025-11-03,0.020508287
2025-11-04,0.020772174
2025-11-05,0.020719793
2025-11-06,0.020763613
2025-11-07,0.020821163
2025-11-08,0.020826746
2025-11-09,0.02082635
2025-11-10,0.020845741
2025-11-11,0.020856204
2025-11-12,0.02082693
2025-11-13,0.020685373
2025-11-14,0.020683093
2025-11-15,0.020679364
2025-11-16,0.020679364
2025-11-17,0.02067344
2025-11-18,0.02065506
2025-11-19,0.020780217
2025-11-20,0.020749165
2025-11-21,0.020751351
2025-11-22,0.020751065
2025-11-23,0.020751065
2025-11-24,0.020766182
2025-11-25,0.020778427
2025-11-26,0.020775506
2025-11-27,0.020775506
2025-11-28,0.020775506
2025-11-29,0.020775506
2025-11-30,0.020775506
2025-12-01,0.020776387
2025-12-02,0.020831037
2025-12-03,0.020834014
2025-12-04,0.020823935
2025-12-05,0.020824542
2025-12-06,0.020824542
2025-12-07,0.020824542
2025-12-08,0.020826483
2025-12-09,0.020809472
2025-12-10,0.020907622
2025-12-11,0.021017525
2025-12-12,0.021017937
2025-12-13,0.021017937
2025-12-14,0.021017937
2025-12-15,0.021017771
2025-12-16,0.021014571
2025-12-17,0.021049509
2025-12-18,0.021082174
2025-12-19,0.021035833
2025-12-20,0.021035647
2025-12-21,0.021035647
2025-12-22,0.021035578
2025-12-23,0.021035668
2025-12-24,0.021035781
2025-12-25,0.021035781
2025-12-26,0.021035781
2025-12-27,0.021035781
2025-12-28,0.021035781
2025-12-29,0.02103667
2025-12-30,0.021035785
2025-12-31,0.021035776
2026-01-01,0.021035776
2026-01-02,0.021035776
2026-01-03,0.021035776
2026-01-04,0.021035776
2026-01-05,0.021035776
2026-01-06,0.021035451
2026-01-07,0.021035302
2026-01-08,0.021031635
2026-01-09,0.021032335
2026-01-10,0.021032335
2026-01-11,0.021032335
2026-01-12,0.021032335
2026-01-13,0.021025015
2026-01-14,0.021022193
2026-01-15,0.021022426
2026-01-16,0.021022426
2026-01-17,0.021022426
2026-01-18,0.021022426
2026-01-19,0.021022445
2026-01-20,0.02100213
2026-01-21,0.021032358
2026-01-22,0.021019332
2026-01-23,0.021036262
2026-01-24,0.021036262
2026-01-25,0.02104377
2026-01-26,0.021027265
2026-01-27,0.02123411
2026-01-28,0.022028413
2026-01-29,0.02239741
2026-01-30,0.02232135
2026-01-31,0.022387424
2026-02-01,0.022387424
2026-02-02,0.022423713
2026-02-03,0.022300124
2026-02-04,0.02217938
2026-02-05,0.02200796
2026-02-06,0.021937752
2026-02-07,0.021937752
2026-02-08,0.021932427
2026-02-09,0.021933865
2026-02-10,0.021970548
2026-02-11,0.021824941
2026-02-12,0.0217485
2026-02-13,0.021745034
2026-02-14,0.021745062
2026-02-15,0.021745062
2026-02-16,0.021753283
2026-02-17,0.021695757
2026-02-18,0.021694852
2026-02-19,0.02160733
2026-02-20,0.021608133
2026-02-21,0.021608133
2026-02-22,0.021608133
2026-02-23,0.021614667
2026-02-24,0.021519363
2026-02-25,0.021860316
2026-02-26,0.021838984
2026-02-27,0.021843502
2026-02-28,0.021481289
2026-03-01,0.021481289
2026-03-02,0.021487372
2026-03-03,0.021521697
2026-03-04,0.021492992
2026-03-05,0.021454394
2026-03-06,0.02135965
2026-03-07,0.021359814
2026-03-08,0.021359814
2026-03-09,0.021359544
2026-03-10,0.02125784
2026-03-11,0.021255651
2026-03-12,0.021261279
2026-03-13,0.021263324
2026-03-14,0.021263324
2026-03-15,0.021263324
2026-03-16,0.02127754
2026-03-17,0.021288391
2026-03-18,0.021572677
2026-03-19,0.02157196
2026-03-20,0.021587836
2026-03-21,0.021568904
2026-03-22,0.021568904
2026-03-23,0.021567784
2026-03-24,0.021568006
2026-03-25,0.021565376
2026-03-26,0.021561801
2026-03-27,0.021556674
2026-03-28,0.021556674
2026-03-29,0.021556674
2026-03-30,0.021621967
2026-03-31,0.02165281
2026-04-01,0.021654367
2026-04-02,0.021657063
2026-04-03,0.021657182
2026-04-04,0.021657182
2026-04-05,0.021657182
2026-04-06,0.021657182
2026-04-07,0.02165701
2026-04-08,0.02164399
2026-04-09,0.021644425
2026-04-10,0.021644425
2026-04-11,0.021644425
2026-04-12,0.021644425
2026-04-13,0.02164583
2026-04-14,0.021648131
2026-04-15,0.021646038
2026-04-16,0.02169153
2026-04-17,0.021688754
2026-04-18,0.021688754
2026-04-19,0.021688754
2026-04-20,0.021692835
2026-04-21,0.02166677
2026-04-22,0.021588981
2026-04-23,0.021633066
2026-04-24,0.021601249
2026-04-25,0.021601249
2026-04-26,0.021602876
2026-04-27,0.021675846
2026-04-28,0.0218244
2026-04-29,0.022798982
2026-04-30,0.022741096
2026-05-01,0.022594417
2026-05-02,0.022288335
2026-05-03,0.022288335
2026-05-04,0.022237372
2026-05-05,0.02219811
2026-05-06,0.022369556
2026-05-07,0.0223537
2026-05-08,0.022357391
2026-05-09,0.022357391
2026-05-10,0.022357391
2026-05-11,0.02233225
2026-05-12,0.022382172
2026-05-13,0.022385158
2026-05-14,0.02241006
2026-05-15,0.022427728
2026-05-16,0.022427728
2026-05-17,0.022428637
2026-05-18,0.0224286
2026-05-19,0.022460153
2026-05-20,0.022990417
2026-05-21,0.023026515
2026-05-22,0.0230372
2026-05-23,0.0230372
2026-05-24,0.0230372
2026-05-25,0.0230372
2026-05-26,0.023039607
2026-05-27,0.023020655
2026-05-28,0.023044663
2026-05-29,0.023043623
2026-05-30,0.023043623
2026-05-31,0.023043623
2026-06-01,0.0230474
2026-06-02,0.02304729
2026-06-03,0.023090007
2026-06-04,0.023074722
2026-06-05,0.023074366
2026-06-06,0.023074366
2026-06-07,0.023074366
2026-06-08,0.02307726
2026-06-09,0.02309176
2026-06-10,0.023099182
2026-06-11,0.023095073
2026-06-12,0.023095036
2026-06-13,0.023095036
2026-06-14,0.023095036
2026-06-15,0.023094885
2026-06-16,0.02311521
2026-06-17,0.023118168
2026-06-18,0.02313386
2026-06-19,0.02313386
2026-06-20,0.02313386
2026-06-21,0.02313386
2026-06-22,0.023133889
2026-06-23,0.023154417
2026-06-24,0.023575885
2026-06-25,0.023553351
2026-06-26,0.023553178
2026-06-27,0.023553178
2026-06-28,0.023553178
2026-06-29,0.023554547
2026-06-30,0.023584299
2026-07-01,0.023585085
2026-07-02,0.023585213
2026-07-03,0.023585213
2026-07-04,0.023585213
2026-07-05,0.023585213
2026-07-06,0.023585213
2026-07-07,0.023585433
2026-07-08,0.023583895
2026-07-09,0.0236034
2026-07-10,0.023611384
2026-07-11,0.023611384
2026-07-12,0.023611384
2026-07-13,0.023611361
2026-07-14,0.023613451
2026-07-15,0.023624396
2026-07-16,0.023580164
2026-07-17,0.023581456
2026-07-18,0.023581456
2026-07-19,0.023581456
2026-07-20,0.023587422
2026-07-21,0.023514958
2026-07-22,0.024911767
2026-07-23,0.02514271
2026-07-24,0.025138598
2026-07-25,0.025138598
2026-07-26,0.025129655
2026-07-27,0.025137797
2026-07-28,0.025203098
2026-07-29,0.024814244
2026-07-30,0.026094917
2026-07-31,0.026807902
2026-08-01,0.026808046
2026-08-02,0.026808046
2026-08-03,0.027151106
2026-08-04,0.027428903
2026-08-05,0.027808301
2026-08-06,0.028036725
2026-08-07,0.028010536
2026-08-08,0.028467843
2026-08-09,0.02846743
2026-08-10,0.02847473
2026-08-11,0.028518269
2026-08-12,0.028539984
2026-08-13,0.028517552
2026-08-14,0.028529601
2026-08-15,0.028529601
2026-08-16,0.028529601
2026-08-17,0.028531376
2026-08-18,0.028517697
2026-08-19,0.028589923
2026-08-20,0.028613068
2026-08-21,0.028615167
2026-08-22,0.028615167
2026-08-23,0.028615167
2026-08-24,0.028622419
2026-08-25,0.028578935
2026-08-26,0.028655104
2026-08-27,0.028682964
2026-08-28,0.028687438
2026-08-29,0.028687438
2026-08-30,0.028687438
2026-08-31,0.02868718
2026-09-01,0.02870336
2026-09-02,0.028837448
2026-09-03,0.028832832
2026-09-04,0.028832814
2026-09-05,0.028832814
2026-09-06,0.028832814
2026-09-07,0.028832814
2026-09-08,0.028833244
2026-09-09,0.028850729
2026-09-10,0.028835628
2026-09-11,0.02882854
2026-09-12,0.02882854
2026-09-13,0.02882854
2026-09-14,0.028825529
2026-09-15,0.028825704
2026-09-16,0.028825358
2026-09-17,0.028825358
2026-09-18,0.028825333
2026-09-19,0.028825333
2026-09-20,0.028825333
2026-09-21,0.0288291
2026-09-22,0.02884037
2026-09-23,0.02884637
2026-09-24,0.02886523
