date,workingcapital
1973-01-01,0.41512408340697937
1973-01-02,0.41512408340697937
1973-01-03,0.41512408340697937
1973-01-04,0.41512408340697937
1973-01-05,0.41512408340697937
1973-01-06,0.41512408340697937
1973-01-07,0.41512408340697937
1973-01-08,0.41512408340697937
1973-01-09,0.41512408340697937
1973-01-10,0.41512408340697937
1973-01-11,0.41512408340697937
1973-01-12,0.41512408340697937
1973-01-13,0.41512408340697937
1973-01-14,0.41512408340697937
1973-01-15,0.41512408340697937
1973-01-16,0.41512408340697937
1973-01-17,0.41512408340697937
1973-01-18,0.41512408340697937
1973-01-19,0.41512408340697937
1973-01-20,0.41512408340697937
1973-01-21,0.41512408340697937
1973-01-22,0.41512408340697937
1973-01-23,0.41512408340697937
1973-01-24,0.41512408340697937
1973-01-25,0.41512408340697937
1973-01-26,0.41512408340697937
1973-01-27,0.41512408340697937
1973-01-28,0.41512408340697937
1973-01-29,0.1909455328553109
1973-01-30,0.1909455328553109
1973-01-31,0.1909455328553109
1973-02-01,0.1909455328553109
1973-02-02,0.1909455328553109
1973-02-03,0.1909455328553109
1973-02-04,0.1909455328553109
1973-02-05,0.1909455328553109
1973-02-06,0.1909455328553109
1973-02-07,0.1909455328553109
1973-02-08,0.1909455328553109
1973-02-09,0.1909455328553109
1973-02-10,0.1909455328553109
1973-02-11,0.1909455328553109
1973-02-12,0.1909455328553109
1973-02-13,0.1909455328553109
1973-02-14,0.1909455328553109
1973-02-15,0.1909455328553109
1973-02-16,0.1909455328553109
1973-02-17,0.1909455328553109
1973-02-18,0.1909455328553109
1973-02-19,0.1909455328553109
1973-02-20,0.1909455328553109
1973-02-21,0.1909455328553109
1973-02-22,0.1909455328553109
1973-02-23,0.1909455328553109
1973-02-24,0.1909455328553109
1973-02-25,0.1909455328553109
1973-02-26,0.1909455328553109
1973-02-27,0.1909455328553109
1973-02-28,0.1909455328553109
1973-03-01,0.1909455328553109
1973-03-02,0.1909455328553109
1973-03-03,0.1909455328553109
1973-03-04,0.1909455328553109
1973-03-05,0.1909455328553109
1973-03-06,0.1909455328553109
1973-03-07,0.1909455328553109
1973-03-08,0.1909455328553109
1973-03-09,0.1909455328553109
1973-03-10,0.1909455328553109
1973-03-11,0.1909455328553109
1973-03-12,0.1909455328553109
1973-03-13,0.1909455328553109
1973-03-14,0.1909455328553109
1973-03-15,0.1909455328553109
1973-03-16,0.1909455328553109
1973-03-17,0.1909455328553109
1973-03-18,0.1909455328553109
1973-03-19,0.1909455328553109
1973-03-20,0.1909455328553109
1973-03-21,0.1909455328553109
1973-03-22,0.1909455328553109
1973-03-23,0.1909455328553109
1973-03-24,0.1909455328553109
1973-03-25,0.1909455328553109
1973-03-26,0.1909455328553109
1973-03-27,0.1909455328553109
1973-03-28,0.1909455328553109
1973-03-29,0.1909455328553109
1973-03-30,0.1909455328553109
1973-03-31,0.1909455328553109
1973-04-01,0.1909455328553109
1973-04-02,0.1909455328553109
1973-04-03,0.1909455328553109
1973-04-04,0.1909455328553109
1973-04-05,0.1909455328553109
1973-04-06,0.1909455328553109
1973-04-07,0.1909455328553109
1973-04-08,0.1909455328553109
1973-04-09,0.1909455328553109
1973-04-10,0.1909455328553109
1973-04-11,0.1909455328553109
1973-04-12,0.1909455328553109
1973-04-13,0.1909455328553109
1973-04-14,0.1909455328553109
1973-04-15,0.1909455328553109
1973-04-16,0.1909455328553109
1973-04-17,0.7181316323057114
1973-04-18,0.7181316323057114
1973-04-19,0.7181316323057114
1973-04-20,0.7181316323057114
1973-04-21,0.7181316323057114
1973-04-22,0.7181316323057114
1973-04-23,0.7181316323057114
1973-04-24,0.7181316323057114
1973-04-25,0.7181316323057114
1973-04-26,0.7181316323057114
1973-04-27,0.7181316323057114
1973-04-28,0.7181316323057114
1973-04-29,0.7181316323057114
1973-04-30,0.7181316323057114
1973-05-01,0.7181316323057114
1973-05-02,0.7181316323057114
1973-05-03,0.7181316323057114
1973-05-04,0.7181316323057114
1973-05-05,0.7181316323057114
1973-05-06,0.7181316323057114
1973-05-07,0.7181316323057114
1973-05-08,0.7181316323057114
1973-05-09,0.7181316323057114
1973-05-10,0.7181316323057114
1973-05-11,0.7181316323057114
1973-05-12,0.7181316323057114
1973-05-13,0.7181316323057114
1973-05-14,0.7181316323057114
1973-05-15,0.7181316323057114
1973-05-16,0.7181316323057114
1973-05-17,0.7181316323057114
1973-05-18,0.7181316323057114
1973-05-19,0.7181316323057114
1973-05-20,0.7181316323057114
1973-05-21,0.7181316323057114
1973-05-22,0.7181316323057114
1973-05-23,0.7181316323057114
1973-05-24,0.7181316323057114
1973-05-25,0.7181316323057114
1973-05-26,0.7181316323057114
1973-05-27,0.7181316323057114
1973-05-28,0.7181316323057114
1973-05-29,0.7181316323057114
1973-05-30,0.7181316323057114
1973-05-31,0.7181316323057114
1973-06-01,0.7181316323057114
1973-06-02,0.7181316323057114
1973-06-03,0.7181316323057114
1973-06-04,0.7181316323057114
1973-06-05,0.7181316323057114
1973-06-06,0.7181316323057114
1973-06-07,0.7181316323057114
1973-06-08,0.7181316323057114
1973-06-09,0.7181316323057114
1973-06-10,0.7181316323057114
1973-06-11,0.7181316323057114
1973-06-12,0.7181316323057114
1973-06-13,0.7181316323057114
1973-06-14,0.7181316323057114
1973-06-15,0.7181316323057114
1973-06-16,0.7181316323057114
1973-06-17,0.7181316323057114
1973-06-18,0.7181316323057114
1973-06-19,0.7181316323057114
1973-06-20,0.7181316323057114
1973-06-21,0.7181316323057114
1973-06-22,0.7181316323057114
1973-06-23,0.7181316323057114
1973-06-24,0.7181316323057114
1973-06-25,0.7181316323057114
1973-06-26,0.7181316323057114
1973-06-27,0.7181316323057114
1973-06-28,0.7181316323057114
1973-06-29,0.7181316323057114
1973-06-30,0.7181316323057114
1973-07-01,0.7181316323057114
1973-07-02,0.7181316323057114
1973-07-03,0.7181316323057114
1973-07-04,0.7181316323057114
1973-07-05,0.7181316323057114
1973-07-06,0.7181316323057114
1973-07-07,0.7181316323057114
1973-07-08,0.7181316323057114
1973-07-09,0.7181316323057114
1973-07-10,0.7181316323057114
1973-07-11,0.7181316323057114
1973-07-12,0.7181316323057114
1973-07-13,0.7181316323057114
1973-07-14,0.7181316323057114
1973-07-15,0.7181316323057114
1973-07-16,0.7181316323057114
1973-07-17,0.7181316323057114
1973-07-18,0.7181316323057114
1973-07-19,0.48106224450631463
1973-07-20,0.48106224450631463
1973-07-21,0.48106224450631463
1973-07-22,0.48106224450631463
1973-07-23,0.48106224450631463
1973-07-24,0.48106224450631463
1973-07-25,0.48106224450631463
1973-07-26,0.48106224450631463
1973-07-27,0.48106224450631463
1973-07-28,0.48106224450631463
1973-07-29,0.48106224450631463
1973-07-30,0.48106224450631463
1973-07-31,0.48106224450631463
1973-08-01,0.48106224450631463
1973-08-02,0.48106224450631463
1973-08-03,0.48106224450631463
1973-08-04,0.48106224450631463
1973-08-05,0.48106224450631463
1973-08-06,0.48106224450631463
1973-08-07,0.48106224450631463
1973-08-08,0.48106224450631463
1973-08-09,0.48106224450631463
1973-08-10,0.48106224450631463
1973-08-11,0.48106224450631463
1973-08-12,0.48106224450631463
1973-08-13,0.48106224450631463
1973-08-14,0.48106224450631463
1973-08-15,0.48106224450631463
1973-08-16,0.48106224450631463
1973-08-17,0.48106224450631463
1973-08-18,0.48106224450631463
1973-08-19,0.48106224450631463
1973-08-20,0.48106224450631463
1973-08-21,0.48106224450631463
1973-08-22,0.48106224450631463
1973-08-23,0.48106224450631463
1973-08-24,0.48106224450631463
1973-08-25,0.48106224450631463
1973-08-26,0.48106224450631463
1973-08-27,0.48106224450631463
1973-08-28,0.48106224450631463
1973-08-29,0.48106224450631463
1973-08-30,0.48106224450631463
1973-08-31,0.48106224450631463
1973-09-01,0.48106224450631463
1973-09-02,0.48106224450631463
1973-09-03,0.48106224450631463
1973-09-04,0.48106224450631463
1973-09-05,0.48106224450631463
1973-09-06,0.48106224450631463
1973-09-07,0.48106224450631463
1973-09-08,0.48106224450631463
1973-09-09,0.48106224450631463
1973-09-10,0.48106224450631463
1973-09-11,0.48106224450631463
1973-09-12,0.48106224450631463
1973-09-13,0.48106224450631463
1973-09-14,0.48106224450631463
1973-09-15,0.48106224450631463
1973-09-16,0.48106224450631463
1973-09-17,0.48106224450631463
1973-09-18,0.48106224450631463
1973-09-19,0.48106224450631463
1973-09-20,0.48106224450631463
1973-09-21,0.48106224450631463
1973-09-22,0.48106224450631463
1973-09-23,0.48106224450631463
1973-09-24,0.48106224450631463
1973-09-25,0.48106224450631463
1973-09-26,0.48106224450631463
1973-09-27,0.48106224450631463
1973-09-28,0.48106224450631463
1973-09-29,0.48106224450631463
1973-09-30,0.48106224450631463
1973-10-01,0.48106224450631463
1973-10-02,0.48106224450631463
1973-10-03,0.48106224450631463
1973-10-04,0.48106224450631463
1973-10-05,0.48106224450631463
1973-10-06,0.48106224450631463
1973-10-07,0.48106224450631463
1973-10-08,0.48106224450631463
1973-10-09,0.48106224450631463
1973-10-10,0.48106224450631463
1973-10-11,0.48106224450631463
1973-10-12,0.48106224450631463
1973-10-13,0.48106224450631463
1973-10-14,0.48106224450631463
1973-10-15,0.48106224450631463
1973-10-16,0.48106224450631463
1973-10-17,0.28509460394619124
1973-10-18,0.28509460394619124
1973-10-19,0.28509460394619124
1973-10-20,0.28509460394619124
1973-10-21,0.28509460394619124
1973-10-22,0.28509460394619124
1973-10-23,0.28509460394619124
1973-10-24,0.28509460394619124
1973-10-25,0.28509460394619124
1973-10-26,0.28509460394619124
1973-10-27,0.28509460394619124
1973-10-28,0.28509460394619124
1973-10-29,0.28509460394619124
1973-10-30,0.28509460394619124
1973-10-31,0.28509460394619124
1973-11-01,0.28509460394619124
1973-11-02,0.28509460394619124
1973-11-03,0.28509460394619124
1973-11-04,0.28509460394619124
1973-11-05,0.28509460394619124
1973-11-06,0.28509460394619124
1973-11-07,0.28509460394619124
1973-11-08,0.28509460394619124
1973-11-09,0.28509460394619124
1973-11-10,0.28509460394619124
1973-11-11,0.28509460394619124
1973-11-12,0.28509460394619124
1973-11-13,0.28509460394619124
1973-11-14,0.28509460394619124
1973-11-15,0.28509460394619124
1973-11-16,0.28509460394619124
1973-11-17,0.28509460394619124
1973-11-18,0.28509460394619124
1973-11-19,0.28509460394619124
1973-11-20,0.28509460394619124
1973-11-21,0.28509460394619124
1973-11-22,0.28509460394619124
1973-11-23,0.28509460394619124
1973-11-24,0.28509460394619124
1973-11-25,0.28509460394619124
1973-11-26,0.28509460394619124
1973-11-27,0.28509460394619124
1973-11-28,0.28509460394619124
1973-11-29,0.28509460394619124
1973-11-30,0.28509460394619124
1973-12-01,0.28509460394619124
1973-12-02,0.28509460394619124
1973-12-03,0.28509460394619124
1973-12-04,0.28509460394619124
1973-12-05,0.28509460394619124
1973-12-06,0.28509460394619124
1973-12-07,0.28509460394619124
1973-12-08,0.28509460394619124
1973-12-09,0.28509460394619124
1973-12-10,0.28509460394619124
1973-12-11,0.28509460394619124
1973-12-12,0.28509460394619124
1973-12-13,0.28509460394619124
1973-12-14,0.28509460394619124
1973-12-15,0.28509460394619124
1973-12-16,0.28509460394619124
1973-12-17,0.28509460394619124
1973-12-18,0.28509460394619124
1973-12-19,0.28509460394619124
1973-12-20,0.28509460394619124
1973-12-21,0.28509460394619124
1973-12-22,0.28509460394619124
1973-12-23,0.28509460394619124
1973-12-24,0.28509460394619124
1973-12-25,0.28509460394619124
1973-12-26,0.28509460394619124
1973-12-27,0.28509460394619124
1973-12-28,0.28509460394619124
1973-12-29,0.28509460394619124
1973-12-30,0.28509460394619124
1973-12-31,0.28509460394619124
1974-01-01,0.28509460394619124
1974-01-02,0.28509460394619124
1974-01-03,0.28509460394619124
1974-01-04,0.28509460394619124
1974-01-05,0.28509460394619124
1974-01-06,0.28509460394619124
1974-01-07,0.28509460394619124
1974-01-08,0.28509460394619124
1974-01-09,0.28509460394619124
1974-01-10,0.28509460394619124
1974-01-11,0.28509460394619124
1974-01-12,0.28509460394619124
1974-01-13,0.28509460394619124
1974-01-14,0.28509460394619124
1974-01-15,0.28509460394619124
1974-01-16,0.28509460394619124
1974-01-17,0.28509460394619124
1974-01-18,0.28509460394619124
1974-01-19,0.28509460394619124
1974-01-20,0.28509460394619124
1974-01-21,0.28509460394619124
1974-01-22,0.28509460394619124
1974-01-23,0.28509460394619124
1974-01-24,0.28509460394619124
1974-01-25,0.28509460394619124
1974-01-26,0.28509460394619124
1974-01-27,0.28509460394619124
1974-01-28,0.28509460394619124
1974-01-29,0.28509460394619124
1974-01-30,0.28509460394619124
1974-01-31,0.28509460394619124
1974-02-01,0.28509460394619124
1974-02-02,0.3013908656778752
1974-02-03,0.3013908656778752
1974-02-04,0.3013908656778752
1974-02-05,0.3013908656778752
1974-02-06,0.300531078957351
1974-02-07,0.300531078957351
1974-02-08,0.300531078957351
1974-02-09,0.300531078957351
1974-02-10,0.300531078957351
1974-02-11,0.300531078957351
1974-02-12,0.300531078957351
1974-02-13,0.300531078957351
1974-02-14,0.300531078957351
1974-02-15,0.3574840253884126
1974-02-16,0.3574840253884126
1974-02-17,0.3574840253884126
1974-02-18,0.3574840253884126
1974-02-19,0.35431657308440934
1974-02-20,0.9399902804379521
1974-02-21,0.9399902804379521
1974-02-22,0.9399902804379521
1974-02-23,0.9399902804379521
1974-02-24,0.9399902804379521
1974-02-25,0.9399902804379521
1974-02-26,0.9399902804379521
1974-02-27,0.9399902804379521
1974-02-28,0.9399902804379521
1974-03-01,0.9399902804379521
1974-03-02,0.9399902804379521
1974-03-03,0.9399902804379521
1974-03-04,0.9399902804379521
1974-03-05,0.9399902804379521
1974-03-06,0.9399902804379521
1974-03-07,0.9399902804379521
1974-03-08,0.9399902804379521
1974-03-09,0.9399902804379521
1974-03-10,0.9399902804379521
1974-03-11,0.9399902804379521
1974-03-12,0.9399902804379521
1974-03-13,0.9399902804379521
1974-03-14,0.9399902804379521
1974-03-15,0.9399902804379521
1974-03-16,0.9399902804379521
1974-03-17,0.9399902804379521
1974-03-18,0.9399902804379521
1974-03-19,0.9399902804379521
1974-03-20,0.9399902804379521
1974-03-21,0.9399902804379521
1974-03-22,0.9399902804379521
1974-03-23,0.9399902804379521
1974-03-24,0.9324027072758037
1974-03-25,0.9324027072758037
1974-03-26,0.9324027072758037
1974-03-27,0.9324027072758037
1974-03-28,0.9324027072758037
1974-03-29,0.9324027072758037
1974-03-30,0.9324027072758037
1974-03-31,0.9324027072758037
1974-04-01,0.9324027072758037
1974-04-02,0.9324027072758037
1974-04-03,0.9324027072758037
1974-04-04,0.9324027072758037
1974-04-05,0.9324027072758037
1974-04-06,0.9324027072758037
1974-04-07,0.9324027072758037
1974-04-08,0.9324027072758037
1974-04-09,0.9324027072758037
1974-04-10,0.9324027072758037
1974-04-11,0.9324027072758037
1974-04-12,0.9324027072758037
1974-04-13,0.9324027072758037
1974-04-14,0.9324027072758037
1974-04-15,0.9324027072758037
1974-04-16,0.9324027072758037
1974-04-17,0.9324027072758037
1974-04-18,0.9324027072758037
1974-04-19,0.9323013706340944
1974-04-20,0.9323013706340944
1974-04-21,0.9323013706340944
1974-04-22,0.9323013706340944
1974-04-23,0.9323013706340944
1974-04-24,0.9323013706340944
1974-04-25,0.29762449652142076
1974-04-26,0.29762449652142076
1974-04-27,0.29762449652142076
1974-04-28,0.29762449652142076
1974-04-29,0.29762449652142076
1974-04-30,0.29762449652142076
1974-05-01,0.29762449652142076
1974-05-02,0.29762449652142076
1974-05-03,0.29762449652142076
1974-05-04,0.29762449652142076
1974-05-05,0.29762449652142076
1974-05-06,0.29762449652142076
1974-05-07,0.29762449652142076
1974-05-08,0.29762449652142076
1974-05-09,0.29440051049476956
1974-05-10,0.29440051049476956
1974-05-11,0.29440051049476956
1974-05-12,0.29440051049476956
1974-05-13,0.29440051049476956
1974-05-14,0.29440051049476956
1974-05-15,0.29440051049476956
1974-05-16,0.29440051049476956
1974-05-17,0.29440051049476956
1974-05-18,0.29440051049476956
1974-05-19,0.27652450366963177
1974-05-20,0.27652450366963177
1974-05-21,0.27652450366963177
1974-05-22,0.27652450366963177
1974-05-23,0.27652450366963177
1974-05-24,0.26711684472216635
1974-05-25,0.26711684472216635
1974-05-26,0.26711684472216635
1974-05-27,0.26711684472216635
1974-05-28,0.26711684472216635
1974-05-29,0.26711684472216635
1974-05-30,0.26711684472216635
1974-05-31,0.26711684472216635
1974-06-01,0.26711684472216635
1974-06-02,0.26711684472216635
1974-06-03,0.26711684472216635
1974-06-04,0.26711684472216635
1974-06-05,0.26711684472216635
1974-06-06,0.26711684472216635
1974-06-07,0.26711684472216635
1974-06-08,0.26711684472216635
1974-06-09,0.26711684472216635
1974-06-10,0.26711684472216635
1974-06-11,0.26711684472216635
1974-06-12,0.26711684472216635
1974-06-13,0.26711684472216635
1974-06-14,0.26711684472216635
1974-06-15,0.26711684472216635
1974-06-16,0.26711684472216635
1974-06-17,0.26711684472216635
1974-06-18,0.26711684472216635
1974-06-19,0.26711684472216635
1974-06-20,0.26711684472216635
1974-06-21,0.26711684472216635
1974-06-22,0.26711684472216635
1974-06-23,0.26711684472216635
1974-06-24,0.26711684472216635
1974-06-25,0.26711684472216635
1974-06-26,0.26711684472216635
1974-06-27,0.26711684472216635
1974-06-28,0.26711684472216635
1974-06-29,0.26711684472216635
1974-06-30,0.26711684472216635
1974-07-01,0.26711684472216635
1974-07-02,0.26711684472216635
1974-07-03,0.26711684472216635
1974-07-04,0.26711684472216635
1974-07-05,0.26711684472216635
1974-07-06,0.26711684472216635
1974-07-07,0.26711684472216635
1974-07-08,0.26711684472216635
1974-07-09,0.26711684472216635
1974-07-10,0.26711684472216635
1974-07-11,0.26711684472216635
1974-07-12,0.26711684472216635
1974-07-13,0.26711684472216635
1974-07-14,0.26711684472216635
1974-07-15,0.26711684472216635
1974-07-16,0.26711684472216635
1974-07-17,0.26711684472216635
1974-07-18,0.26711684472216635
1974-07-19,0.26711684472216635
1974-07-20,0.26711684472216635
1974-07-21,0.26711684472216635
1974-07-22,0.26711684472216635
1974-07-23,0.26711684472216635
1974-07-24,0.2738017612891135
1974-07-25,0.2738017612891135
1974-07-26,0.2738017612891135
1974-07-27,0.2738017612891135
1974-07-28,0.2738017612891135
1974-07-29,0.23023781580974734
1974-07-30,0.23023781580974734
1974-07-31,0.23023781580974734
1974-08-01,0.23023781580974734
1974-08-02,0.22940381740830196
1974-08-03,0.22940381740830196
1974-08-04,0.22940381740830196
1974-08-05,0.22940381740830196
1974-08-06,0.22940381740830196
1974-08-07,0.22940381740830196
1974-08-08,0.22940381740830196
1974-08-09,0.22940381740830196
1974-08-10,0.22940381740830196
1974-08-11,0.22940381740830196
1974-08-12,0.22940381740830196
1974-08-13,0.22940381740830196
1974-08-14,0.22940381740830196
1974-08-15,0.23240887735757787
1974-08-16,0.23240887735757787
1974-08-17,0.23207717151718676
1974-08-18,0.23207717151718676
1974-08-19,0.23207717151718676
1974-08-20,0.23207717151718676
1974-08-21,0.23207717151718676
1974-08-22,0.23207717151718676
1974-08-23,0.23601923516040113
1974-08-24,0.23601923516040113
1974-08-25,0.23562411388510185
1974-08-26,0.23562411388510185
1974-08-27,0.24925153882303452
1974-08-28,0.24925153882303452
1974-08-29,0.24925153882303452
1974-08-30,0.24925153882303452
1974-08-31,0.24925153882303452
1974-09-01,0.239750550448526
1974-09-02,0.239750550448526
1974-09-03,0.239750550448526
1974-09-04,0.239750550448526
1974-09-05,0.239750550448526
1974-09-06,0.239750550448526
1974-09-07,0.239750550448526
1974-09-08,0.239750550448526
1974-09-09,0.239750550448526
1974-09-10,0.239750550448526
1974-09-11,0.239750550448526
1974-09-12,0.239750550448526
1974-09-13,0.239750550448526
1974-09-14,0.239750550448526
1974-09-15,0.239750550448526
1974-09-16,0.239750550448526
1974-09-17,0.239750550448526
1974-09-18,0.239750550448526
1974-09-19,0.239750550448526
1974-09-20,0.239750550448526
1974-09-21,0.239750550448526
1974-09-22,0.239750550448526
1974-09-23,0.239750550448526
1974-09-24,0.239750550448526
1974-09-25,0.2277793433160693
1974-09-26,0.2277793433160693
1974-09-27,0.2277793433160693
1974-09-28,0.2277793433160693
1974-09-29,0.2264443932708049
1974-09-30,0.2264443932708049
1974-10-01,0.2264443932708049
1974-10-02,0.2264443932708049
1974-10-03,0.2264443932708049
1974-10-04,0.2264443932708049
1974-10-05,0.2264443932708049
1974-10-06,0.2264443932708049
1974-10-07,0.2264443932708049
1974-10-08,0.2264443932708049
1974-10-09,0.2264443932708049
1974-10-10,0.2264443932708049
1974-10-11,0.2264443932708049
1974-10-12,0.2264443932708049
1974-10-13,0.2264443932708049
1974-10-14,0.2264443932708049
1974-10-15,0.2264443932708049
1974-10-16,0.2264443932708049
1974-10-17,0.2264443932708049
1974-10-18,0.2264443932708049
1974-10-19,0.2264443932708049
1974-10-20,0.2264443932708049
1974-10-21,0.192131848924195
1974-10-22,0.192131848924195
1974-10-23,0.192131848924195
1974-10-24,0.192131848924195
1974-10-25,0.192131848924195
1974-10-26,0.192131848924195
1974-10-27,0.192131848924195
1974-10-28,0.192131848924195
1974-10-29,0.20042986764773052
1974-10-30,0.20042986764773052
1974-10-31,0.20042986764773052
1974-11-01,0.20042986764773052
1974-11-02,0.20042986764773052
1974-11-03,0.20042986764773052
1974-11-04,0.20042986764773052
1974-11-05,0.20042986764773052
1974-11-06,0.20042986764773052
1974-11-07,0.20060128212653017
1974-11-08,0.19419621159591238
1974-11-09,0.19419621159591238
1974-11-10,0.19419621159591238
1974-11-11,0.19419621159591238
1974-11-12,0.19419621159591238
1974-11-13,0.19419621159591238
1974-11-14,0.19419621159591238
1974-11-15,0.19419621159591238
1974-11-16,0.1929483150798994
1974-11-17,0.18653832753716837
1974-11-18,0.18653832753716837
1974-11-19,0.18609361078287034
1974-11-20,0.18609361078287034
1974-11-21,0.18609361078287034
1974-11-22,0.18609361078287034
1974-11-23,0.18609361078287034
1974-11-24,0.18609361078287034
1974-11-25,0.18609361078287034
1974-11-26,0.18609361078287034
1974-11-27,0.18609361078287034
1974-11-28,0.18609361078287034
1974-11-29,0.18609361078287034
1974-11-30,0.18609361078287034
1974-12-01,0.18600297392605603
1974-12-02,0.18600297392605603
1974-12-03,0.13826504759491853
1974-12-04,0.13826504759491853
1974-12-05,0.13826504759491853
1974-12-06,0.13826504759491853
1974-12-07,0.13826504759491853
1974-12-08,0.13826504759491853
1974-12-09,0.13826504759491853
1974-12-10,0.13826504759491853
1974-12-11,0.13826504759491853
1974-12-12,0.13826504759491853
1974-12-13,0.13826504759491853
1974-12-14,0.13826504759491853
1974-12-15,0.13826504759491853
1974-12-16,0.13826504759491853
1974-12-17,0.13826504759491853
1974-12-18,0.13826504759491853
1974-12-19,0.13826504759491853
1974-12-20,0.13826504759491853
1974-12-21,0.13826504759491853
1974-12-22,0.1383856143042368
1974-12-23,0.1383856143042368
1974-12-24,0.1383856143042368
1974-12-25,0.1383856143042368
1974-12-26,0.1383856143042368
1974-12-27,0.1383856143042368
1974-12-28,0.1383856143042368
1974-12-29,0.1383856143042368
1974-12-30,0.1383856143042368
1974-12-31,0.1383856143042368
1975-01-01,0.1383856143042368
1975-01-02,0.1383856143042368
1975-01-03,0.1533537433899248
1975-01-04,0.1533537433899248
1975-01-05,0.1533537433899248
1975-01-06,0.1533537433899248
1975-01-07,0.1533537433899248
1975-01-08,0.1533537433899248
1975-01-09,0.1533537433899248
1975-01-10,0.1533537433899248
1975-01-11,0.15897568308581733
1975-01-12,0.15897568308581733
1975-01-13,0.15897568308581733
1975-01-14,0.15897568308581733
1975-01-15,0.15897568308581733
1975-01-16,0.15897568308581733
1975-01-17,0.15897568308581733
1975-01-18,0.15897568308581733
1975-01-19,0.15897568308581733
1975-01-20,0.15897568308581733
1975-01-21,0.13638950318030862
1975-01-22,0.13638950318030862
1975-01-23,0.13638950318030862
1975-01-24,0.14510279557566208
1975-01-25,0.14510279557566208
1975-01-26,0.14510279557566208
1975-01-27,0.1506670439706932
1975-01-28,0.1506670439706932
1975-01-29,0.01607980946295884
1975-01-30,0.01607980946295884
1975-01-31,0.01607980946295884
1975-02-01,0.01607980946295884
1975-02-02,0.015231449524333529
1975-02-03,0.015231449524333529
1975-02-04,0.015231449524333529
1975-02-05,0.02099088983496733
1975-02-06,0.02099088983496733
1975-02-07,0.02099088983496733
1975-02-08,0.02099088983496733
1975-02-09,0.02099088983496733
1975-02-10,0.02099088983496733
1975-02-11,0.02099088983496733
1975-02-12,0.02099088983496733
1975-02-13,0.09965863596143243
1975-02-14,0.09965863596143243
1975-02-15,0.10054100789668485
1975-02-16,0.10054100789668485
1975-02-17,0.10054100789668485
1975-02-18,0.10054100789668485
1975-02-19,0.10032911980963921
1975-02-20,0.10386766436324146
1975-02-21,0.10386766436324146
1975-02-22,0.10386766436324146
1975-02-23,0.1042248208651868
1975-02-24,0.1012202048912294
1975-02-25,0.1012202048912294
1975-02-26,0.1012202048912294
1975-02-27,0.1012202048912294
1975-02-28,0.1012202048912294
1975-03-01,0.1012202048912294
1975-03-02,0.1012202048912294
1975-03-03,0.10074900405551723
1975-03-04,0.10074900405551723
1975-03-05,0.10074900405551723
1975-03-06,0.09951868300509226
1975-03-07,0.09951868300509226
1975-03-08,0.09951868300509226
1975-03-09,0.09951868300509226
1975-03-10,0.07966896778193044
1975-03-11,0.07966896778193044
1975-03-12,0.07966896778193044
1975-03-13,0.07966896778193044
1975-03-14,0.07966896778193044
1975-03-15,0.07966896778193044
1975-03-16,0.07966896778193044
1975-03-17,0.07966896778193044
1975-03-18,0.07966896778193044
1975-03-19,0.07966896778193044
1975-03-20,0.07966896778193044
1975-03-21,0.07966896778193044
1975-03-22,0.07966896778193044
1975-03-23,0.07966896778193044
1975-03-24,0.08015375299476113
1975-03-25,0.08015375299476113
1975-03-26,0.08015375299476113
1975-03-27,0.07928839162946644
1975-03-28,0.07928839162946644
1975-03-29,0.07928839162946644
1975-03-30,0.07928839162946644
1975-03-31,0.07928839162946644
1975-04-01,0.07928839162946644
1975-04-02,0.07928839162946644
1975-04-03,0.0852129485105817
1975-04-04,0.0852129485105817
1975-04-05,0.0852129485105817
1975-04-06,0.0852129485105817
1975-04-07,0.09873120345447473
1975-04-08,0.09574230074267054
1975-04-09,0.09574230074267054
1975-04-10,0.09574230074267054
1975-04-11,0.09574230074267054
1975-04-12,0.09574230074267054
1975-04-13,0.09574230074267054
1975-04-14,0.09574230074267054
1975-04-15,0.09624786492579274
1975-04-16,0.09624786492579274
1975-04-17,0.11491345178682932
1975-04-18,0.11491345178682932
1975-04-19,0.11491345178682932
1975-04-20,0.11491345178682932
1975-04-21,0.12067388941817425
1975-04-22,0.12067388941817425
1975-04-23,0.12292747010940674
1975-04-24,0.12433630821956543
1975-04-25,0.12347090409112149
1975-04-26,0.1117335484614499
1975-04-27,0.1117335484614499
1975-04-28,0.11502003205497457
1975-04-29,0.13852482693923562
1975-04-30,0.12114729628417531
1975-05-01,0.12133758919850135
1975-05-02,0.12127898488663291
1975-05-03,0.12127898488663291
1975-05-04,0.12392053757244237
1975-05-05,0.12392053757244237
1975-05-06,0.12392053757244237
1975-05-07,0.12392053757244237
1975-05-08,0.1362957284643891
1975-05-09,0.1362957284643891
1975-05-10,0.1362957284643891
1975-05-11,0.1362957284643891
1975-05-12,0.1362957284643891
1975-05-13,0.1362957284643891
1975-05-14,0.13687223601561538
1975-05-15,0.13687223601561538
1975-05-16,0.1350907504352492
1975-05-17,0.1350907504352492
1975-05-18,0.13524346328479742
1975-05-19,0.13455417226746724
1975-05-20,0.13455417226746724
1975-05-21,0.13455417226746724
1975-05-22,0.13455417226746724
1975-05-23,0.13455417226746724
1975-05-24,0.13603985299177634
1975-05-25,0.13603985299177634
1975-05-26,0.13603985299177634
1975-05-27,0.13603985299177634
1975-05-28,0.13603985299177634
1975-05-29,0.14097568135760152
1975-05-30,0.14097568135760152
1975-05-31,0.14097568135760152
1975-06-01,0.14097568135760152
1975-06-02,0.14097568135760152
1975-06-03,0.14097568135760152
1975-06-04,0.14097568135760152
1975-06-05,0.14097568135760152
1975-06-06,0.14097568135760152
1975-06-07,0.14097568135760152
1975-06-08,0.14097568135760152
1975-06-09,0.14087421002889733
1975-06-10,0.14087421002889733
1975-06-11,0.14087421002889733
1975-06-12,0.14087421002889733
1975-06-13,0.14087421002889733
1975-06-14,0.14087421002889733
1975-06-15,0.14087421002889733
1975-06-16,0.14087421002889733
1975-06-17,0.14087421002889733
1975-06-18,0.14087421002889733
1975-06-19,0.14087421002889733
1975-06-20,0.14087421002889733
1975-06-21,0.14087421002889733
1975-06-22,0.14087421002889733
1975-06-23,0.14087421002889733
1975-06-24,0.14087421002889733
1975-06-25,0.14124500746549984
1975-06-26,0.14124500746549984
1975-06-27,0.14124500746549984
1975-06-28,0.14124500746549984
1975-06-29,0.14124500746549984
1975-06-30,0.14124500746549984
1975-07-01,0.14124500746549984
1975-07-02,0.14124500746549984
1975-07-03,0.12734443222155445
1975-07-04,0.12734443222155445
1975-07-05,0.12776585118214934
1975-07-06,0.12776585118214934
1975-07-07,0.12776585118214934
1975-07-08,0.12776585118214934
1975-07-09,0.12776585118214934
1975-07-10,0.12329994801786848
1975-07-11,0.12263373604281047
1975-07-12,0.12263373604281047
1975-07-13,0.12263373604281047
1975-07-14,0.12287179728817299
1975-07-15,0.12283107100697843
1975-07-16,0.12283107100697843
1975-07-17,0.1277128042917992
1975-07-18,0.13666890195520365
1975-07-19,0.13666890195520365
1975-07-20,0.13666890195520365
1975-07-21,0.13666890195520365
1975-07-22,0.11795865348396273
1975-07-23,0.182368163251186
1975-07-24,0.1863389413961889
1975-07-25,0.1863389413961889
1975-07-26,0.19962756545417948
1975-07-27,0.19962756545417948
1975-07-28,0.19962756545417948
1975-07-29,0.19962756545417948
1975-07-30,0.19962756545417948
1975-07-31,0.19962756545417948
1975-08-01,0.19137394087334458
1975-08-02,0.19154820913347215
1975-08-03,0.19154820913347215
1975-08-04,0.19028517792125266
1975-08-05,0.22609090855140934
1975-08-06,0.2353924210385696
1975-08-07,0.2353924210385696
1975-08-08,0.2355082430539377
1975-08-09,0.2355082430539377
1975-08-10,0.2355082430539377
1975-08-11,0.2355082430539377
1975-08-12,0.23981273199919118
1975-08-13,0.23981273199919118
1975-08-14,0.23981273199919118
1975-08-15,0.2401662618512026
1975-08-16,0.2401662618512026
1975-08-17,0.24017602655924053
1975-08-18,0.24170937207417809
1975-08-19,0.23957056877485416
1975-08-20,0.23943572624020293
1975-08-21,0.23943572624020293
1975-08-22,0.2364465154738482
1975-08-23,0.23427612937941955
1975-08-24,0.23427612937941955
1975-08-25,0.23748020821969162
1975-08-26,0.23748020821969162
1975-08-27,0.23107563388260988
1975-08-28,0.23967686487739104
1975-08-29,0.23967686487739104
1975-08-30,0.23967686487739104
1975-08-31,0.23967686487739104
1975-09-01,0.23912695428868203
1975-09-02,0.2317088612530307
1975-09-03,0.2317088612530307
1975-09-04,0.2317088612530307
1975-09-05,0.2317088612530307
1975-09-06,0.2317088612530307
1975-09-07,0.2317088612530307
1975-09-08,0.2317088612530307
1975-09-09,0.20220390642066333
1975-09-10,0.20241737909172897
1975-09-11,0.20241737909172897
1975-09-12,0.20241737909172897
1975-09-13,0.20241737909172897
1975-09-14,0.2016283590326422
1975-09-15,0.2016283590326422
1975-09-16,0.2016283590326422
1975-09-17,0.1989909299001753
1975-09-18,0.1989909299001753
1975-09-19,0.19629087459629924
1975-09-20,0.19629087459629924
1975-09-21,0.19629087459629924
1975-09-22,0.18889339489058377
1975-09-23,0.18889339489058377
1975-09-24,0.20090307837191035
1975-09-25,0.20099170286609858
1975-09-26,0.20099170286609858
1975-09-27,0.20099170286609858
1975-09-28,0.20099170286609858
1975-09-29,0.19562118036703646
1975-09-30,0.19562118036703646
1975-10-01,0.19476022221205858
1975-10-02,0.19476022221205858
1975-10-03,0.19476022221205858
1975-10-04,0.19476022221205858
1975-10-05,0.19476022221205858
1975-10-06,0.19476022221205858
1975-10-07,0.19476022221205858
1975-10-08,0.19476022221205858
1975-10-09,0.19124324481337673
1975-10-10,0.19104187157973973
1975-10-11,0.19054686988115277
1975-10-12,0.19054686988115277
1975-10-13,0.19054686988115277
1975-10-14,0.19173047149522593
1975-10-15,0.18791761700205023
1975-10-16,0.18209514240080793
1975-10-17,0.17879325002922886
1975-10-18,0.17879325002922886
1975-10-19,0.17957843862988243
1975-10-20,0.17933514419220242
1975-10-21,0.16447445747083944
1975-10-22,0.1511058298941148
1975-10-23,0.14227175100795053
1975-10-24,0.14055514291475446
1975-10-25,0.14055514291475446
1975-10-26,0.14117757718106705
1975-10-27,0.13361214953179945
1975-10-28,0.13316480309620848
1975-10-29,0.14563206767438852
1975-10-30,0.14436872761124775
1975-10-31,0.14436872761124775
1975-11-01,0.14353667279453286
1975-11-02,0.14353667279453286
1975-11-03,0.1431979458998236
1975-11-04,0.14287606922128426
1975-11-05,0.14243421748760543
1975-11-06,0.14435241388940878
1975-11-07,0.14428573895601504
1975-11-08,0.14355189670958235
1975-11-09,0.14355189670958235
1975-11-10,0.14360260213004117
1975-11-11,0.13336833261443726
1975-11-12,0.13336833261443726
1975-11-13,0.13511428709941198
1975-11-14,0.134986238214565
1975-11-15,0.134986238214565
1975-11-16,0.13417939944519675
1975-11-17,0.13505054343343326
1975-11-18,0.14181148981745295
1975-11-19,0.1407672352171998
1975-11-20,0.13789427047192082
1975-11-21,0.1371277214656379
1975-11-22,0.1371277214656379
1975-11-23,0.1371277214656379
1975-11-24,0.137212159908483
1975-11-25,0.14717202744333635
1975-11-26,0.14717202744333635
1975-11-27,0.14705933767319102
1975-11-28,0.14691981453473146
1975-11-29,0.14691981453473146
1975-11-30,0.14691981453473146
1975-12-01,0.1470491290763385
1975-12-02,0.1470491290763385
1975-12-03,0.14130203524340068
1975-12-04,0.14128269615548317
1975-12-05,0.14128269615548317
1975-12-06,0.14128269615548317
1975-12-07,0.14128269615548317
1975-12-08,0.14128269615548317
1975-12-09,0.14069519473573666
1975-12-10,0.14402831079927392
1975-12-11,0.139993742001139
1975-12-12,0.141208607599822
1975-12-13,0.14064066059766156
1975-12-14,0.14064066059766156
1975-12-15,0.1405499868644493
1975-12-16,0.1405499868644493
1975-12-17,0.14067116979837446
1975-12-18,0.14067116979837446
1975-12-19,0.14085546301921026
1975-12-20,0.14085546301921026
1975-12-21,0.14085546301921026
1975-12-22,0.13987165336436513
1975-12-23,0.140153489080723
1975-12-24,0.140153489080723
1975-12-25,0.140153489080723
1975-12-26,0.140153489080723
1975-12-27,0.140153489080723
1975-12-28,0.140153489080723
1975-12-29,0.1378738451493311
1975-12-30,0.1378738451493311
1975-12-31,0.1378738451493311
1976-01-01,0.1378738451493311
1976-01-02,0.1378738451493311
1976-01-03,0.1350655927972848
1976-01-04,0.1350655927972848
1976-01-05,0.1280827682369956
1976-01-06,0.1280827682369956
1976-01-07,0.1279397414840977
1976-01-08,0.1279397414840977
1976-01-09,0.12728905834460114
1976-01-10,0.12728905834460114
1976-01-11,0.1268492843045641
1976-01-12,0.13886425791104084
1976-01-13,0.14018889297168013
1976-01-14,0.14000289334690397
1976-01-15,0.13847567879249767
1976-01-16,0.1385892639226307
1976-01-17,0.13855632575054622
1976-01-18,0.13855632575054622
1976-01-19,0.1771729519728218
1976-01-20,0.16129644264793863
1976-01-21,0.1563859511830663
1976-01-22,0.14939178211343096
1976-01-23,0.1421372543752324
1976-01-24,0.1421372543752324
1976-01-25,0.14202038593122257
1976-01-26,0.13497194408772373
1976-01-27,0.09175410535225303
1976-01-28,0.08008554277181679
1976-01-29,0.08973352853593441
1976-01-30,0.0689957724887651
1976-01-31,0.0689957724887651
1976-02-01,0.06943985970124245
1976-02-02,0.06971414267216836
1976-02-03,0.06723601751558927
1976-02-04,0.07309574075059544
1976-02-05,0.07615551625028671
1976-02-06,0.07778287901912129
1976-02-07,0.07778287901912129
1976-02-08,0.07751124490138017
1976-02-09,0.07822196881380927
1976-02-10,0.07992153954183667
1976-02-11,0.07666674735092638
1976-02-12,0.07550181245194598
1976-02-13,0.07477827899368816
1976-02-14,0.07477286731086141
1976-02-15,0.07474311716182513
1976-02-16,0.07474311716182513
1976-02-17,0.0741005203210503
1976-02-18,0.0756816467337258
1976-02-19,0.07755078889009948
1976-02-20,0.07830106108855683
1976-02-21,0.07830106108855683
1976-02-22,0.07829037614954926
1976-02-23,0.07974161417660208
1976-02-24,0.08085710274267299
1976-02-25,0.07694532115734831
1976-02-26,0.07796539839512118
1976-02-27,0.07854752486706951
1976-02-28,0.07928483686371202
1976-02-29,0.07928483686371202
1976-03-01,0.08000817184693698
1976-03-02,0.08006465639118976
1976-03-03,0.08009009678206258
1976-03-04,0.08012786880978084
1976-03-05,0.08015418963274157
1976-03-06,0.08015418963274157
1976-03-07,0.08015418963274157
1976-03-08,0.07971098130554233
1976-03-09,0.08048793482902217
1976-03-10,0.08202739387989921
1976-03-11,0.08129635662773893
1976-03-12,0.08332280013493665
1976-03-13,0.08332280013493665
1976-03-14,0.08332280013493665
1976-03-15,0.08336922860016638
1976-03-16,0.08329340351356662
1976-03-17,0.08331982064825705
1976-03-18,0.08354240589849304
1976-03-19,0.08462066652633782
1976-03-20,0.08462066652633782
1976-03-21,0.08462066652633782
1976-03-22,0.08472302997669434
1976-03-23,0.0851132932080767
1976-03-24,0.08511577670651316
1976-03-25,0.08513818622059999
1976-03-26,0.08519208646073406
1976-03-27,0.08519208646073406
1976-03-28,0.08519208646073406
1976-03-29,0.08629813226216299
1976-03-30,0.08639102305773405
1976-03-31,0.08662030326923009
1976-04-01,0.08659260389286505
1976-04-02,0.08647738837629615
1976-04-03,0.08644770640867971
1976-04-04,0.08643842350680386
1976-04-05,0.08702018064139283
1976-04-06,0.08767051237136547
1976-04-07,0.08829025419938841
1976-04-08,0.08915397989650575
1976-04-09,0.08869925948893198
1976-04-10,0.08869925948893198
1976-04-11,0.08869925948893198
1976-04-12,0.08932201624276837
1976-04-13,0.09270073418481806
1976-04-14,0.09735074689492462
1976-04-15,0.09877053595553043
1976-04-16,0.09811282994006398
1976-04-17,0.09811282994006398
1976-04-18,0.09811282994006398
1976-04-19,0.09838394106758419
1976-04-20,0.10200664199703602
1976-04-21,0.10220133055014102
1976-04-22,0.10001072164250813
1976-04-23,0.10266513120722576
1976-04-24,0.10266513120722576
1976-04-25,0.10288941595557777
1976-04-26,0.10971996491986502
1976-04-27,0.11076454831794358
1976-04-28,0.12631398088912849
1976-04-29,0.12660265291938755
1976-04-30,0.1280720704136371
1976-05-01,0.1280720704136371
1976-05-02,0.1281231599732624
1976-05-03,0.1279934005452381
1976-05-04,0.12725764189705258
1976-05-05,0.12686609051017572
1976-05-06,0.1262098243215124
1976-05-07,0.12682836530763741
1976-05-08,0.12682540082410254
1976-05-09,0.12681626423894365
1976-05-10,0.12665575464889156
1976-05-11,0.1262392830168091
1976-05-12,0.1261736569255416
1976-05-13,0.12555066591245656
1976-05-14,0.1275686714451123
1976-05-15,0.1275635254589884
1976-05-16,0.1275635254589884
1976-05-17,0.12841185189107773
1976-05-18,0.12890330779964754
1976-05-19,0.12873671779424622
1976-05-20,0.12836408906258368
1976-05-21,0.12860589078115847
1976-05-22,0.12860589078115847
1976-05-23,0.12860746367439546
1976-05-24,0.12829634924123123
1976-05-25,0.12676565734103384
1976-05-26,0.1265291602851053
1976-05-27,0.1263253929300776
1976-05-28,0.12657569776554034
1976-05-29,0.12658150790500167
1976-05-30,0.12658150790500167
1976-05-31,0.12658150790500167
1976-06-01,0.12658656691262093
1976-06-02,0.12647525100046253
1976-06-03,0.12651968798072022
1976-06-04,0.12650792208521344
1976-06-05,0.12650792208521344
1976-06-06,0.12650792208521344
1976-06-07,0.127306662476957
1976-06-08,0.12732796727799256
1976-06-09,0.12927015284966492
1976-06-10,0.1297076995369255
1976-06-11,0.12969539111274075
1976-06-12,0.12969539111274075
1976-06-13,0.12969539111274075
1976-06-14,0.12970297622411464
1976-06-15,0.12987621715819553
1976-06-16,0.12974911091648522
1976-06-17,0.12976328356870037
1976-06-18,0.12965590291888907
1976-06-19,0.12965590291888907
1976-06-20,0.12965590291888907
1976-06-21,0.12965338333585508
1976-06-22,0.1301461800724828
1976-06-23,0.1304287887394031
1976-06-24,0.13060763146348764
1976-06-25,0.13058361059396217
1976-06-26,0.13058361059396217
1976-06-27,0.13058361059396217
1976-06-28,0.13087735433168968
1976-06-29,0.130897690423311
1976-06-30,0.13038804343385846
1976-07-01,0.13013164348010742
1976-07-02,0.12968233392429052
1976-07-03,0.12968233392429052
1976-07-04,0.12968233392429052
1976-07-05,0.1298556168438434
1976-07-06,0.13014083296796164
1976-07-07,0.13007880435694563
1976-07-08,0.13031474947235
1976-07-09,0.13205983884188655
1976-07-10,0.13205983884188655
1976-07-11,0.13205983884188655
1976-07-12,0.1322469916642408
1976-07-13,0.13333095380388915
1976-07-14,0.1335335146459795
1976-07-15,0.1350656204404963
1976-07-16,0.12934392938633876
1976-07-17,0.12936036138017148
1976-07-18,0.1293607855824488
1976-07-19,0.125346703725828
1976-07-20,0.13089048425683192
1976-07-21,0.13122197905380273
1976-07-22,0.1264677739457416
1976-07-23,0.12056138409417527
1976-07-24,0.12056792959498752
1976-07-25,0.12056930138420907
1976-07-26,0.11991642359743815
1976-07-27,0.12296316259265394
1976-07-28,0.1274063965262251
1976-07-29,0.12727887158247264
1976-07-30,0.12988270493534682
1976-07-31,0.1298729207609528
1976-08-01,0.1298729207609528
1976-08-02,0.12846327576951522
1976-08-03,0.1297245951366066
1976-08-04,0.13005877977179847
1976-08-05,0.13073543870816784
1976-08-06,0.1320000071731804
1976-08-07,0.1320000071731804
1976-08-08,0.13200074812929308
1976-08-09,0.1315240599330627
1976-08-10,0.131562723311077
1976-08-11,0.1312349575594829
1976-08-12,0.13151386323094427
1976-08-13,0.13070644297115996
1976-08-14,0.13071105521434445
1976-08-15,0.1307544657894013
1976-08-16,0.1304769343009986
1976-08-17,0.12925426514597893
1976-08-18,0.1282395553847635
1976-08-19,0.12884724700287942
1976-08-20,0.12911437242146584
1976-08-21,0.12911437242146584
1976-08-22,0.12911428414903514
1976-08-23,0.12920236608567093
1976-08-24,0.1299038987530683
1976-08-25,0.13001949641956156
1976-08-26,0.12972342251071733
1976-08-27,0.12971307697141587
1976-08-28,0.12971307697141587
1976-08-29,0.1297224870514211
1976-08-30,0.12988503250879346
1976-08-31,0.12981489475222197
1976-09-01,0.1296132270964807
1976-09-02,0.12956481971896983
1976-09-03,0.12968423121197103
1976-09-04,0.12968423121197103
1976-09-05,0.12968423121197103
1976-09-06,0.1296855126671308
1976-09-07,0.12895373618356776
1976-09-08,0.12895914914350648
1976-09-09,0.12860435637593315
1976-09-10,0.12889770917292376
1976-09-11,0.12891275245628586
1976-09-12,0.12891275245628586
1976-09-13,0.12886208983538272
1976-09-14,0.12890676559111802
1976-09-15,0.12886413380245432
1976-09-16,0.12878920210802391
1976-09-17,0.128764331443197
1976-09-18,0.128764331443197
1976-09-19,0.12876275723193542
1976-09-20,0.12725729826915688
1976-09-21,0.1273445353785876
1976-09-22,0.12736209951639377
1976-09-23,0.12733992142907513
1976-09-24,0.12726578402392774
1976-09-25,0.12727140323416308
1976-09-26,0.12727140323416308
1976-09-27,0.12717416112256585
1976-09-28,0.12714160459659918
1976-09-29,0.127098278425549
1976-09-30,0.12694024194518194
1976-10-01,0.1269227738020804
1976-10-02,0.1269227738020804
1976-10-03,0.12689256405135074
1976-10-04,0.12694420561090314
1976-10-05,0.1272609019452744
1976-10-06,0.12802263022851834
1976-10-07,0.12786117304046662
1976-10-08,0.12814081538030297
1976-10-09,0.12813845932444168
1976-10-10,0.12813845932444168
1976-10-11,0.1277188492760657
1976-10-12,0.12728381791104315
1976-10-13,0.12832144668662337
1976-10-14,0.1269432010858078
1976-10-15,0.1262190309639153
1976-10-16,0.1262391752512202
1976-10-17,0.12626375700972536
1976-10-18,0.1264069640004002
1976-10-19,0.12774414316710492
1976-10-20,0.12780649270709654
1976-10-21,0.12371540116897983
1976-10-22,0.12630617562088942
1976-10-23,0.12627070221107606
1976-10-24,0.1262492697167399
1976-10-25,0.13153736133132488
1976-10-26,0.13369672202660232
1976-10-27,0.1341673954004785
1976-10-28,0.1364789432543343
1976-10-29,0.1361538932104729
1976-10-30,0.1361538932104729
1976-10-31,0.1361538932104729
1976-11-01,0.13692047871074098
1976-11-02,0.1368956663631371
1976-11-03,0.13812893880923616
1976-11-04,0.13786295771889612
1976-11-05,0.13779812185771534
1976-11-06,0.1378066648764642
1976-11-07,0.1378109114984738
1976-11-08,0.13795161684385793
1976-11-09,0.13753180189762038
1976-11-10,0.13730323524263244
1976-11-11,0.13790340071438
1976-11-12,0.13771352283297622
1976-11-13,0.13771126216052543
1976-11-14,0.13771187146192232
1976-11-15,0.1379201031868309
1976-11-16,0.1374707392434995
1976-11-17,0.13661602523351601
1976-11-18,0.13717514585141743
1976-11-19,0.13714243031949702
1976-11-20,0.13714780545203986
1976-11-21,0.13704934630640953
1976-11-22,0.13700199748422004
1976-11-23,0.13671287504777352
1976-11-24,0.13611859237581037
1976-11-25,0.13611859237581037
1976-11-26,0.13610032847078246
1976-11-27,0.1361265898519073
1976-11-28,0.1361265898519073
1976-11-29,0.1356915738905371
1976-11-30,0.13638419147608905
1976-12-01,0.13635402580314393
1976-12-02,0.13625061132167748
1976-12-03,0.1361431582510697
1976-12-04,0.13609453103208735
1976-12-05,0.1360871666107839
1976-12-06,0.13621251949747282
1976-12-07,0.13624987723956816
1976-12-08,0.13566581356537433
1976-12-09,0.13675581780457802
1976-12-10,0.13659051946277234
1976-12-11,0.13659051946277234
1976-12-12,0.1366012797170375
1976-12-13,0.13645369290103737
1976-12-14,0.13647699803064817
1976-12-15,0.1364093316712427
1976-12-16,0.13635005653051224
1976-12-17,0.13577792361532093
1976-12-18,0.13577848180662522
1976-12-19,0.13577848180662522
1976-12-20,0.1358104716884263
1976-12-21,0.13581092888736856
1976-12-22,0.13568809987951336
1976-12-23,0.13567101947861704
1976-12-24,0.13567101947861704
1976-12-25,0.13567101947861704
1976-12-26,0.13583211375310156
1976-12-27,0.1358007554864693
1976-12-28,0.1357880981190811
1976-12-29,0.13547510182632538
1976-12-30,0.1354677035573133
1976-12-31,0.1354677035573133
1977-01-01,0.1354677035573133
1977-01-02,0.1354677035573133
1977-01-03,0.1354230784061825
1977-01-04,0.1354230784061825
1977-01-05,0.13549362932795206
1977-01-06,0.1352969148157701
1977-01-07,0.13525842972314694
1977-01-08,0.13525842972314694
1977-01-09,0.13525842972314694
1977-01-10,0.13487067391342022
1977-01-11,0.13307746854369706
1977-01-12,0.13288727220895713
1977-01-13,0.13312825677890228
1977-01-14,0.13267528364820436
1977-01-15,0.13267528364820436
1977-01-16,0.13269114756740774
1977-01-17,0.130366142157196
1977-01-18,0.12983523549371068
1977-01-19,0.13127558592223876
1977-01-20,0.12543457434429972
1977-01-21,0.1277318914258745
1977-01-22,0.1277318914258745
1977-01-23,0.127717379415222
1977-01-24,0.13084611962157822
1977-01-25,0.1306985717797875
1977-01-26,0.13169067588670713
1977-01-27,0.12773937591771944
1977-01-28,0.1270726358259966
1977-01-29,0.12707688540743112
1977-01-30,0.12709158158638756
1977-01-31,0.12584415867150778
1977-02-01,0.12390870906915152
1977-02-02,0.12526706032456913
1977-02-03,0.12480681330264498
1977-02-04,0.12601958864965135
1977-02-05,0.12600078386665858
1977-02-06,0.12600078386665858
1977-02-07,0.12565749991383712
1977-02-08,0.1225713915788762
1977-02-09,0.12329345598301256
1977-02-10,0.12473196558078903
1977-02-11,0.12483236470386316
1977-02-12,0.12483236470386316
1977-02-13,0.12482943628003951
1977-02-14,0.1256278133539459
1977-02-15,0.12496138626774611
1977-02-16,0.12291079836878849
1977-02-17,0.12303968391190745
1977-02-18,0.12346837767682306
1977-02-19,0.1235048583956544
1977-02-20,0.12350094271108447
1977-02-21,0.1235254945341342
1977-02-22,0.12482173712141487
1977-02-23,0.1250094836868545
1977-02-24,0.12456133737376618
1977-02-25,0.12482083437798863
1977-02-26,0.12480527669158481
1977-02-27,0.12480527669158481
1977-02-28,0.12626633216140748
1977-03-01,0.12619625805254997
1977-03-02,0.12569184550191181
1977-03-03,0.12539162586761976
1977-03-04,0.1258220827418408
1977-03-05,0.1258220827418408
1977-03-06,0.1258252677231788
1977-03-07,0.1257300343739196
1977-03-08,0.12453066315769279
1977-03-09,0.12377077157179017
1977-03-10,0.12367721645888774
1977-03-11,0.12378109690234296
1977-03-12,0.12377971843761237
1977-03-13,0.12377971843761237
1977-03-14,0.12348033835102545
1977-03-15,0.12401069487286875
1977-03-16,0.12422202225999812
1977-03-17,0.12411681938603203
1977-03-18,0.1245746688523699
1977-03-19,0.1245746688523699
1977-03-20,0.1245746688523699
1977-03-21,0.1243407809972541
1977-03-22,0.12463738072115205
1977-03-23,0.12455320123453872
1977-03-24,0.12441373466454353
1977-03-25,0.12430751879462454
1977-03-26,0.12431805123667705
1977-03-27,0.12431805123667705
1977-03-28,0.12416126891212764
1977-03-29,0.12445416294676082
1977-03-30,0.12444661313744243
1977-03-31,0.12449987242831351
1977-04-01,0.12418896691842574
1977-04-02,0.12417771206944694
1977-04-03,0.12417598508385397
1977-04-04,0.12409082148468076
1977-04-05,0.12405029339916651
1977-04-06,0.12385996691737455
1977-04-07,0.1237520777044736
1977-04-08,0.12375305119225977
1977-04-09,0.12375305119225977
1977-04-10,0.12375305119225977
1977-04-11,0.12397209818691368
1977-04-12,0.12402986079552525
1977-04-13,0.12377761859123071
1977-04-14,0.11847276895126946
1977-04-15,0.11760981928833569
1977-04-16,0.11761117461403359
1977-04-17,0.11761117461403359
1977-04-18,0.11718200852121363
1977-04-19,0.11738058947007479
1977-04-20,0.11596438570861789
1977-04-21,0.11746426258264253
1977-04-22,0.11703340051171929
1977-04-23,0.11706617436445721
1977-04-24,0.1171053068659893
1977-04-25,0.12009430711217872
1977-04-26,0.11098344033501939
1977-04-27,0.10868952661204312
1977-04-28,0.1071737497287013
1977-04-29,0.10657511284855037
1977-04-30,0.10657511284855037
1977-05-01,0.10659496916894606
1977-05-02,0.10556836457065155
1977-05-03,0.10511426186754491
1977-05-04,0.10493569197289943
1977-05-05,0.10643838681365314
1977-05-06,0.10628273443232783
1977-05-07,0.10557119797642711
1977-05-08,0.10557901380098977
1977-05-09,0.10571594350144631
1977-05-10,0.10493292125770348
1977-05-11,0.10483126396368792
1977-05-12,0.10466918835448702
1977-05-13,0.10472709555268112
1977-05-14,0.10421153566118835
1977-05-15,0.10416667389170287
1977-05-16,0.104344969124883
1977-05-17,0.10366532579442334
1977-05-18,0.10369518128121125
1977-05-19,0.1037637782598817
1977-05-20,0.10380540636547231
1977-05-21,0.10382739311709721
1977-05-22,0.10383818081260343
1977-05-23,0.10396163531234581
1977-05-24,0.10373709749096127
1977-05-25,0.10353827740667843
1977-05-26,0.10374246130059861
1977-05-27,0.10378762750575077
1977-05-28,0.10378762750575077
1977-05-29,0.10378346331566113
1977-05-30,0.10377586425492713
1977-05-31,0.10402048870297187
1977-06-01,0.10416004714527327
1977-06-02,0.10411486679388604
1977-06-03,0.10365693439623014
1977-06-04,0.10365693439623014
1977-06-05,0.10365693439623014
1977-06-06,0.10371745387797482
1977-06-07,0.10362809162746056
1977-06-08,0.10379196399223112
1977-06-09,0.10313967103780719
1977-06-10,0.1031076842571712
1977-06-11,0.1031076842571712
1977-06-12,0.1031076842571712
1977-06-13,0.10312656020726463
1977-06-14,0.10307024500099349
1977-06-15,0.10313201505340475
1977-06-16,0.10322709984453393
1977-06-17,0.10321225000905443
1977-06-18,0.10321839395318144
1977-06-19,0.10321839395318144
1977-06-20,0.10320492094907663
1977-06-21,0.1031605976005252
1977-06-22,0.10231738086748687
1977-06-23,0.10227520002075141
1977-06-24,0.10223413312210994
1977-06-25,0.10223413312210994
1977-06-26,0.10223413312210994
1977-06-27,0.10223069150705322
1977-06-28,0.10218877016233874
1977-06-29,0.1020204922147705
1977-06-30,0.10202649131535013
1977-07-01,0.1020118401587804
1977-07-02,0.1020118401587804
1977-07-03,0.1020118401587804
1977-07-04,0.1020118401587804
1977-07-05,0.10197572745312367
1977-07-06,0.10231170205177875
1977-07-07,0.10220781167939985
1977-07-08,0.10219799649772199
1977-07-09,0.10219799649772199
1977-07-10,0.10219799649772199
1977-07-11,0.10127601317733137
1977-07-12,0.10098645212007851
1977-07-13,0.10049547617531429
1977-07-14,0.09976946780784024
1977-07-15,0.09976116685527447
1977-07-16,0.09971655698407034
1977-07-17,0.09971809450858582
1977-07-18,0.0980011173127171
1977-07-19,0.1001139950292449
1977-07-20,0.10242084713223498
1977-07-21,0.10706765927417261
1977-07-22,0.1088304351338194
1977-07-23,0.1088304351338194
1977-07-24,0.10885269379115692
1977-07-25,0.10679910853335395
1977-07-26,0.10658514576454148
1977-07-27,0.10606901971017524
1977-07-28,0.10419537677278945
1977-07-29,0.10320222168701343
1977-07-30,0.10317879502136984
1977-07-31,0.10316704590029468
1977-08-01,0.10237049387397001
1977-08-02,0.10135024550977345
1977-08-03,0.1005081221033457
1977-08-04,0.10092765631525169
1977-08-05,0.10187235889391988
1977-08-06,0.1018718677627577
1977-08-07,0.10173465539496784
1977-08-08,0.10166028153842666
1977-08-09,0.10083407265237687
1977-08-10,0.10060195465963084
1977-08-11,0.10030642813001145
1977-08-12,0.10027082623221362
1977-08-13,0.10027082623221362
1977-08-14,0.10026880535176375
1977-08-15,0.10043561926119704
1977-08-16,0.10027046309279819
1977-08-17,0.1008431223463353
1977-08-18,0.10047683851850153
1977-08-19,0.10020797291332273
1977-08-20,0.1003309083331867
1977-08-21,0.1003309083331867
1977-08-22,0.10027677378076616
1977-08-23,0.10024392371084323
1977-08-24,0.10043024775749765
1977-08-25,0.10069549650123455
1977-08-26,0.10074330534269738
1977-08-27,0.10074330534269738
1977-08-28,0.10074330534269738
1977-08-29,0.10069510991135822
1977-08-30,0.10064460955474153
1977-08-31,0.1007233480627796
1977-09-01,0.10035109575181722
1977-09-02,0.10011049906982938
1977-09-03,0.10011049906982938
1977-09-04,0.10011729121694368
1977-09-05,0.10011729121694368
1977-09-06,0.10003618979534523
1977-09-07,0.10006759087485384
1977-09-08,0.0993926813467414
1977-09-09,0.09943830150663358
1977-09-10,0.09943830150663358
1977-09-11,0.09944430600702603
1977-09-12,0.09939058447035021
1977-09-13,0.09941604271919746
1977-09-14,0.09935031925326987
1977-09-15,0.09957764347521425
1977-09-16,0.09971613039918448
1977-09-17,0.09971613039918448
1977-09-18,0.09971613039918448
1977-09-19,0.0991942161666941
1977-09-20,0.09920508796486782
1977-09-21,0.09898397863660868
1977-09-22,0.09868886938652888
1977-09-23,0.0986848436785821
1977-09-24,0.0986848436785821
1977-09-25,0.09868610185835713
1977-09-26,0.09866732183293592
1977-09-27,0.09884097987802876
1977-09-28,0.09964770903831721
1977-09-29,0.0995845850371313
1977-09-30,0.09970302135923292
1977-10-01,0.09970233211288027
1977-10-02,0.09970233211288027
1977-10-03,0.09972304682030275
1977-10-04,0.09972407357420843
1977-10-05,0.09957940749171534
1977-10-06,0.09937154991833586
1977-10-07,0.0993862819595539
1977-10-08,0.0993862819595539
1977-10-09,0.0993862819595539
1977-10-10,0.09937347718051459
1977-10-11,0.09818018063259437
1977-10-12,0.09792474869546441
1977-10-13,0.09783366355987977
1977-10-14,0.09769767877845692
1977-10-15,0.09769225385765523
1977-10-16,0.09768881173986999
1977-10-17,0.09740897874558274
1977-10-18,0.09818418251654881
1977-10-19,0.09666309257177597
1977-10-20,0.1000707255802249
1977-10-21,0.09664087948623257
1977-10-22,0.09664087948623257
1977-10-23,0.0966242035216811
1977-10-24,0.10085925692005704
1977-10-25,0.09742057925538194
1977-10-26,0.09567933980013565
1977-10-27,0.09101122941175865
1977-10-28,0.09050787840480545
1977-10-29,0.09052487762668937
1977-10-30,0.09052323490976977
1977-10-31,0.0898731739349099
1977-11-01,0.09016502413851701
1977-11-02,0.08995606039596704
1977-11-03,0.0895925737573644
1977-11-04,0.08886658859296004
1977-11-05,0.08883878400146994
1977-11-06,0.08883968143425713
1977-11-07,0.08873083342543464
1977-11-08,0.08896740439369477
1977-11-09,0.08873050513677816
1977-11-10,0.08888114833710836
1977-11-11,0.08855914892201433
1977-11-12,0.08857143269100054
1977-11-13,0.08857800355862278
1977-11-14,0.08849037808415527
1977-11-15,0.08846621584157477
1977-11-16,0.0885352508037911
1977-11-17,0.08830599720058352
1977-11-18,0.0883240641232459
1977-11-19,0.0883240641232459
1977-11-20,0.08833082100320033
1977-11-21,0.08862538842178691
1977-11-22,0.08873778733509208
1977-11-23,0.0889036911902652
1977-11-24,0.08890754155223335
1977-11-25,0.0888898999152643
1977-11-26,0.0888898999152643
1977-11-27,0.08887222449706766
1977-11-28,0.08870162329053399
1977-11-29,0.08872716476420606
1977-11-30,0.08865163342604387
1977-12-01,0.08865528983669413
1977-12-02,0.08875158761613733
1977-12-03,0.08875158761613733
1977-12-04,0.08878886749037629
1977-12-05,0.08879296227512001
1977-12-06,0.08839060618852201
1977-12-07,0.08823985806492418
1977-12-08,0.08823909661566853
1977-12-09,0.08827208513032359
1977-12-10,0.08826682857159951
1977-12-11,0.08826682857159951
1977-12-12,0.0882235193846781
1977-12-13,0.08843574898052675
1977-12-14,0.08850771515176148
1977-12-15,0.08860230195871299
1977-12-16,0.08850600727072
1977-12-17,0.08844921044511378
1977-12-18,0.08844971346921637
1977-12-19,0.08872175652558223
1977-12-20,0.08860491856689556
1977-12-21,0.08872020751057685
1977-12-22,0.08841121658904472
1977-12-23,0.08853494260761807
1977-12-24,0.0885343700057184
1977-12-25,0.0885343700057184
1977-12-26,0.08841519688017896
1977-12-27,0.08848300356206273
1977-12-28,0.08847673530341527
1977-12-29,0.08838397316982594
1977-12-30,0.08840259943556439
1977-12-31,0.08838543962711687
1978-01-01,0.08838543962711687
1978-01-02,0.08838543962711687
1978-01-03,0.08835742437958571
1978-01-04,0.08835291605259843
1978-01-05,0.08810823233946596
1978-01-06,0.08801486139270498
1978-01-07,0.08801486139270498
1978-01-08,0.08801560281405285
1978-01-09,0.08785488220421889
1978-01-10,0.08779822183350228
1978-01-11,0.08783963657204263
1978-01-12,0.0881752323738394
1978-01-13,0.08800440113306851
1978-01-14,0.08800455253924899
1978-01-15,0.08800455253924899
1978-01-16,0.08801291927072308
1978-01-17,0.0848736982841618
1978-01-18,0.08532849631695272
1978-01-19,0.08488141504669722
1978-01-20,0.08469169037287538
1978-01-21,0.0846822816778352
1978-01-22,0.0846822816778352
1978-01-23,0.08216501403897603
1978-01-24,0.08486981679360661
1978-01-25,0.08550676072169971
1978-01-26,0.08905092249424906
1978-01-27,0.08804715270014785
1978-01-28,0.08804715270014785
1978-01-29,0.08805131189821558
1978-01-30,0.08521443333968182
1978-01-31,0.08419001009239513
1978-02-01,0.08237388690812208
1978-02-02,0.08161723335544813
1978-02-03,0.08117500191738647
1978-02-04,0.08117267533846695
1978-02-05,0.08117215066175665
1978-02-06,0.08078894703915362
1978-02-07,0.08095067087500296
1978-02-08,0.07929054032725391
1978-02-09,0.07756600688743975
1978-02-10,0.0770146044568154
1978-02-11,0.07700359549838653
1978-02-12,0.07679901129142319
1978-02-13,0.07640648256563076
1978-02-14,0.07577419580280509
1978-02-15,0.07635636028040937
1978-02-16,0.07603827837513677
1978-02-17,0.07645685638051236
1978-02-18,0.07646264221029675
1978-02-19,0.07646865291094196
1978-02-20,0.0764790600194667
1978-02-21,0.0770674094465651
1978-02-22,0.07772168051262307
1978-02-23,0.07745074061212542
1978-02-24,0.0764644040458351
1978-02-25,0.0763864042717679
1978-02-26,0.0763736073631498
1978-02-27,0.07596059947250766
1978-02-28,0.0760588213054676
1978-03-01,0.07495177915929041
1978-03-02,0.0756835740215005
1978-03-03,0.07567839496281326
1978-03-04,0.0756942645925116
1978-03-05,0.0756942645925116
1978-03-06,0.07522043389774091
1978-03-07,0.0750289478116204
1978-03-08,0.07564286317594693
1978-03-09,0.07575849766864051
1978-03-10,0.07589345223543909
1978-03-11,0.0758923412171355
1978-03-12,0.07589312042918417
1978-03-13,0.07587542382589008
1978-03-14,0.07513355007963396
1978-03-15,0.07518401713357248
1978-03-16,0.07531151534618008
1978-03-17,0.07533273984637301
1978-03-18,0.07533273984637301
1978-03-19,0.07533273984637301
1978-03-20,0.0753109268091745
1978-03-21,0.07461859722074116
1978-03-22,0.07513192852725203
1978-03-23,0.07506839002506216
1978-03-24,0.07507483829119876
1978-03-25,0.07507483829119876
1978-03-26,0.0750756096716414
1978-03-27,0.07452288150324504
1978-03-28,0.07459707953106731
1978-03-29,0.07476821496967978
1978-03-30,0.07466649351177423
1978-03-31,0.07464557802806593
1978-04-01,0.07463719077101505
1978-04-02,0.07474061962415801
1978-04-03,0.07465829858227035
1978-04-04,0.07488411361709302
1978-04-05,0.07493435775688062
1978-04-06,0.07487900467810649
1978-04-07,0.07480716995250458
1978-04-08,0.07480198012763317
1978-04-09,0.07480198012763317
1978-04-10,0.07475146548234157
1978-04-11,0.07441083628990586
1978-04-12,0.07377801163765896
1978-04-13,0.07717653146627446
1978-04-14,0.07723403460160871
1978-04-15,0.07717971083538089
1978-04-16,0.07720904018843844
1978-04-17,0.07642895736966193
1978-04-18,0.07624264755119992
1978-04-19,0.07709236667059582
1978-04-20,0.07753217221483522
1978-04-21,0.07655312134206005
1978-04-22,0.07652389404053594
1978-04-23,0.07653552222348803
1978-04-24,0.07728115147787196
1978-04-25,0.080676439356558
1978-04-26,0.07458829957496316
1978-04-27,0.07460112268627417
1978-04-28,0.0740238986749544
1978-04-29,0.07404676383989495
1978-04-30,0.07405086769256619
1978-05-01,0.07276382918333457
1978-05-02,0.07325888330273966
1978-05-03,0.07381836594554958
1978-05-04,0.07411279347181399
1978-05-05,0.07403082599143285
1978-05-06,0.07403054627255767
1978-05-07,0.07409896954637563
1978-05-08,0.0741228268621279
1978-05-09,0.07392928717025438
1978-05-10,0.07387989164812248
1978-05-11,0.07410269105302403
1978-05-12,0.07398814096099882
1978-05-13,0.07400200521723588
1978-05-14,0.07416314840762239
1978-05-15,0.07420829687009611
1978-05-16,0.07408184881964441
1978-05-17,0.07403363132679708
1978-05-18,0.0725226337005267
1978-05-19,0.07252151328110701
1978-05-20,0.07252841004307164
1978-05-21,0.0725066474658076
1978-05-22,0.07262149926286487
1978-05-23,0.07266625132893023
1978-05-24,0.07263622246926138
1978-05-25,0.07242098291579491
1978-05-26,0.07093538877429117
1978-05-27,0.07093538877429117
1978-05-28,0.07093538877429117
1978-05-29,0.07094559748162177
1978-05-30,0.07097852932808357
1978-05-31,0.07127787221132409
1978-06-01,0.07117628053286906
1978-06-02,0.07112524109227003
1978-06-03,0.07112524109227003
1978-06-04,0.07116491749752618
1978-06-05,0.0711632559265849
1978-06-06,0.07111555712173478
1978-06-07,0.07115143327722562
1978-06-08,0.0710102305209439
1978-06-09,0.07105690845500745
1978-06-10,0.07105690845500745
1978-06-11,0.07105690845500745
1978-06-12,0.07105447415701516
1978-06-13,0.07198478671733488
1978-06-14,0.07183925997943263
1978-06-15,0.071772211000247
1978-06-16,0.0719026734765984
1978-06-17,0.07190774539652112
1978-06-18,0.07190504031202138
1978-06-19,0.07191864844313112
1978-06-20,0.0719076979697515
1978-06-21,0.07203774554124354
1978-06-22,0.07247181662458213
1978-06-23,0.07248441740434286
1978-06-24,0.07248637375081834
1978-06-25,0.07248637375081834
1978-06-26,0.07217466239890902
1978-06-27,0.0722561991677666
1978-06-28,0.07212878590520666
1978-06-29,0.07203603816961635
1978-06-30,0.07189107402732087
1978-07-01,0.07189107402732087
1978-07-02,0.07189107402732087
1978-07-03,0.07187696613788996
1978-07-04,0.07188489205288029
1978-07-05,0.07179508684899893
1978-07-06,0.07177077278343558
1978-07-07,0.07173234083949143
1978-07-08,0.07173234083949143
1978-07-09,0.07173234083949143
1978-07-10,0.07176080436888532
1978-07-11,0.07137844734931065
1978-07-12,0.07144491639552752
1978-07-13,0.07223291629873274
1978-07-14,0.07275169290739436
1978-07-15,0.072797753570917
1978-07-16,0.0727877323591859
1978-07-17,0.07054489520442497
1978-07-18,0.07072173441119789
1978-07-19,0.07009472758625024
1978-07-20,0.06886787734330202
1978-07-21,0.07000296406453654
1978-07-22,0.06999765485788556
1978-07-23,0.06999765485788556
1978-07-24,0.06924175114824926
1978-07-25,0.07006654635229181
1978-07-26,0.07067507914609594
1978-07-27,0.06915048301861892
1978-07-28,0.07094233556365359
1978-07-29,0.07094233556365359
1978-07-30,0.07095500248546238
1978-07-31,0.07169557703149532
1978-08-01,0.07011167564357446
1978-08-02,0.07149681315214873
1978-08-03,0.07161515713782962
1978-08-04,0.07172993287391627
1978-08-05,0.0717303157874869
1978-08-06,0.07174295678933329
1978-08-07,0.07277188213338492
1978-08-08,0.07346653375533019
1978-08-09,0.0734113797667717
1978-08-10,0.07366079355179367
1978-08-11,0.07376003268577591
1978-08-12,0.07375928489864814
1978-08-13,0.07375928489864814
1978-08-14,0.07333575745525844
1978-08-15,0.07328712635177559
1978-08-16,0.07342452862429272
1978-08-17,0.0731348853878282
1978-08-18,0.07304002475475913
1978-08-19,0.07304002475475913
1978-08-20,0.07304761236972435
1978-08-21,0.07315065528941922
1978-08-22,0.07307583393929007
1978-08-23,0.07300067963259149
1978-08-24,0.0732554195742725
1978-08-25,0.07300180227838315
1978-08-26,0.07307105177425988
1978-08-27,0.07307105177425988
1978-08-28,0.07259089071793845
1978-08-29,0.07265313218686908
1978-08-30,0.07320757008558476
1978-08-31,0.07339384482050249
1978-09-01,0.07265430620070257
1978-09-02,0.07265430620070257
1978-09-03,0.07265430620070257
1978-09-04,0.07268110659091143
1978-09-05,0.07267468365881169
1978-09-06,0.07270584617596487
1978-09-07,0.07244594582981168
1978-09-08,0.07228318646708232
1978-09-09,0.07228318646708232
1978-09-10,0.07228318646708232
1978-09-11,0.07197479022176645
1978-09-12,0.07193836161793321
1978-09-13,0.07211232635050924
1978-09-14,0.0720956790008711
1978-09-15,0.07224137011655785
1978-09-16,0.07224137011655785
1978-09-17,0.07224137011655785
1978-09-18,0.07221088380808749
1978-09-19,0.07225732808066687
1978-09-20,0.07126578937685824
1978-09-21,0.07119919071404412
1978-09-22,0.07120954220724407
1978-09-23,0.07111263309885163
1978-09-24,0.07111263309885163
1978-09-25,0.07161897223289326
1978-09-26,0.07167502617511246
1978-09-27,0.07141919175453726
1978-09-28,0.07068465122018375
1978-09-29,0.07072283494048648
1978-09-30,0.07072283494048648
1978-10-01,0.07072283494048648
1978-10-02,0.07068478246197674
1978-10-03,0.07086692726671306
1978-10-04,0.0709929980997841
1978-10-05,0.07101376384169211
1978-10-06,0.0710871499958119
1978-10-07,0.0710871499958119
1978-10-08,0.07109357630536461
1978-10-09,0.07112624891947461
1978-10-10,0.07112440220462934
1978-10-11,0.06983402510483994
1978-10-12,0.06969001620671578
1978-10-13,0.06908502313147458
1978-10-14,0.06908502313147458
1978-10-15,0.06909699977417638
1978-10-16,0.06832052367538899
1978-10-17,0.06932805669394981
1978-10-18,0.0673900449055862
1978-10-19,0.06854420935322492
1978-10-20,0.0680937865854101
1978-10-21,0.06808434338585356
1978-10-22,0.06808195453143528
1978-10-23,0.06820968001697847
1978-10-24,0.06610908679141247
1978-10-25,0.07223109460929278
1978-10-26,0.07125234456907248
1978-10-27,0.0698282687764582
1978-10-28,0.06980344056870735
1978-10-29,0.0697972465205634
1978-10-30,0.07078663233876559
1978-10-31,0.07179871029680807
1978-11-01,0.07150750809308026
1978-11-02,0.07105294765934045
1978-11-03,0.07128884303959104
1978-11-04,0.07128884303959104
1978-11-05,0.07128884303959104
1978-11-06,0.07053016083678454
1978-11-07,0.07073768952670445
1978-11-08,0.07113042228773359
1978-11-09,0.07060620255175754
1978-11-10,0.07033965654854124
1978-11-11,0.07030890403964851
1978-11-12,0.07062060156695149
1978-11-13,0.07098512793582845
1978-11-14,0.07112886896593751
1978-11-15,0.07177407507651368
1978-11-16,0.0721228554811002
1978-11-17,0.07211588896772825
1978-11-18,0.0721575072507139
1978-11-19,0.0721575072507139
1978-11-20,0.07211490873574244
1978-11-21,0.0721154930498411
1978-11-22,0.07225082506797453
1978-11-23,0.07225082506797453
1978-11-24,0.07225100554402175
1978-11-25,0.07225100554402175
1978-11-26,0.07222487492515461
1978-11-27,0.07239121390594949
1978-11-28,0.07241624446816042
1978-11-29,0.07261940264848676
1978-11-30,0.07287212063762905
1978-12-01,0.07290133517656905
1978-12-02,0.07290133517656905
1978-12-03,0.07290133517656905
1978-12-04,0.07312174974505425
1978-12-05,0.07334347075453973
1978-12-06,0.07313028289528134
1978-12-07,0.0731226834196006
1978-12-08,0.07309142767590737
1978-12-09,0.07309142767590737
1978-12-10,0.07309142767590737
1978-12-11,0.07326741080351473
1978-12-12,0.0729382347329326
1978-12-13,0.07322557126708307
1978-12-14,0.07311372248868109
1978-12-15,0.07308731484921638
1978-12-16,0.07316554287610755
1978-12-17,0.07316554287610755
1978-12-18,0.07327239969674415
1978-12-19,0.07288334480229475
1978-12-20,0.07291697355113258
1978-12-21,0.0713078387845163
1978-12-22,0.07141765519600862
1978-12-23,0.07143948367834985
1978-12-24,0.07143712252359302
1978-12-25,0.07143712252359302
1978-12-26,0.07139594691930995
1978-12-27,0.07137519835363415
1978-12-28,0.07132917527182125
1978-12-29,0.07133177021868864
1978-12-30,0.07133177021868864
1978-12-31,0.07133177021868864
1979-01-01,0.07133177021868864
1979-01-02,0.07133036407401039
1979-01-03,0.07129925003110071
1979-01-04,0.07158686460961272
1979-01-05,0.07167703928933333
1979-01-06,0.07167703928933333
1979-01-07,0.07167703928933333
1979-01-08,0.07183541026133455
1979-01-09,0.07181539725086772
1979-01-10,0.0718074396886843
1979-01-11,0.0714004279280065
1979-01-12,0.07094244447726572
1979-01-13,0.07099664956891427
1979-01-14,0.0710374495715067
1979-01-15,0.07107620136464843
1979-01-16,0.07205544128376884
1979-01-17,0.071268674475645
1979-01-18,0.07070605743176284
1979-01-19,0.07105981344928769
1979-01-20,0.0710504693069931
1979-01-21,0.0710504693069931
1979-01-22,0.07188632709175491
1979-01-23,0.07119484386334074
1979-01-24,0.07247723347887658
1979-01-25,0.06639401981112325
1979-01-26,0.06624057899409497
1979-01-27,0.06624057899409497
1979-01-28,0.06585304556078797
1979-01-29,0.06669027087962154
1979-01-30,0.06659981263923509
1979-01-31,0.06355715686456409
1979-02-01,0.06248265749608417
1979-02-02,0.06580719005912283
1979-02-03,0.06580719005912283
1979-02-04,0.06580719005912283
1979-02-05,0.06461553229741401
1979-02-06,0.06445447993614106
1979-02-07,0.06653365746932338
1979-02-08,0.06569200610552106
1979-02-09,0.066974453010759
1979-02-10,0.06695807805186615
1979-02-11,0.0669155031035038
1979-02-12,0.06613441269736708
1979-02-13,0.06566125512719934
1979-02-14,0.06532919623779665
1979-02-15,0.06552907267056352
1979-02-16,0.0648779861880795
1979-02-17,0.06480252613338333
1979-02-18,0.06480252613338333
1979-02-19,0.0647620417681396
1979-02-20,0.06579905165886668
1979-02-21,0.0649479923807732
1979-02-22,0.06589681539367898
1979-02-23,0.06630415034250725
1979-02-24,0.06629906027628607
1979-02-25,0.06633726337094514
1979-02-26,0.06733436100110679
1979-02-27,0.06708164903109726
1979-02-28,0.06689208549611303
1979-03-01,0.06696147074244041
1979-03-02,0.06711119461470116
1979-03-03,0.06708476060877522
1979-03-04,0.0670412471573778
1979-03-05,0.06703721328024193
1979-03-06,0.06702061229387546
1979-03-07,0.06715703106150506
1979-03-08,0.06742409074476496
1979-03-09,0.06703419026472202
1979-03-10,0.06703419026472202
1979-03-11,0.06703419026472202
1979-03-12,0.06751203635132552
1979-03-13,0.06767163808449972
1979-03-14,0.06763691472377142
1979-03-15,0.06784739565549658
1979-03-16,0.06809250916833931
1979-03-17,0.06810576588692374
1979-03-18,0.06810576588692374
1979-03-19,0.06807778314243573
1979-03-20,0.06782959246124332
1979-03-21,0.06771975120067197
1979-03-22,0.06777407434079019
1979-03-23,0.06748991044219932
1979-03-24,0.06748991044219932
1979-03-25,0.06748591149372118
1979-03-26,0.06749553677579145
1979-03-27,0.06754563246070067
1979-03-28,0.06736787813711453
1979-03-29,0.06716994457837133
1979-03-30,0.06727613406631505
1979-03-31,0.06726861648601479
1979-04-01,0.06727098177725366
1979-04-02,0.06699492730252565
1979-04-03,0.0670809371890333
1979-04-04,0.06741040877606341
1979-04-05,0.06741667417566788
1979-04-06,0.06742335834953206
1979-04-07,0.06743420554035984
1979-04-08,0.0674309073930004
1979-04-09,0.06751268992508819
1979-04-10,0.06759641599905852
1979-04-11,0.06794634344713812
1979-04-12,0.06841025593050731
1979-04-13,0.06819273278255022
1979-04-14,0.06822248292937605
1979-04-15,0.0682148932925386
1979-04-16,0.06865369287396272
1979-04-17,0.06879488600146377
1979-04-18,0.06849079214455722
1979-04-19,0.06695910953578443
1979-04-20,0.06747659222562752
1979-04-21,0.0674695962463625
1979-04-22,0.06744378711021137
1979-04-23,0.0686543260073269
1979-04-24,0.06920172905675814
1979-04-25,0.07291856988373091
1979-04-26,0.07182945355938064
1979-04-27,0.07356836142104273
1979-04-28,0.07356750302896886
1979-04-29,0.07353484074092953
1979-04-30,0.07596073296725403
1979-05-01,0.07586398531742722
1979-05-02,0.07512025377485432
1979-05-03,0.07521831336452811
1979-05-04,0.07525423814368692
1979-05-05,0.07524627087041402
1979-05-06,0.07525012217520177
1979-05-07,0.07590291043396036
1979-05-08,0.07607010116461654
1979-05-09,0.07608485966291267
1979-05-10,0.07630945203303852
1979-05-11,0.07669274266905135
1979-05-12,0.07671220643152421
1979-05-13,0.07671220643152421
1979-05-14,0.07682120671288839
1979-05-15,0.07677632401732648
1979-05-16,0.0768515198201678
1979-05-17,0.07706073413050096
1979-05-18,0.07727890122353953
1979-05-19,0.07740291724938042
1979-05-20,0.07740375156156931
1979-05-21,0.07747842125658422
1979-05-22,0.07722621661480611
1979-05-23,0.07768667385569139
1979-05-24,0.07821139798155285
1979-05-25,0.07852146716729802
1979-05-26,0.07852146716729802
1979-05-27,0.07852146716729802
1979-05-28,0.07877135307612604
1979-05-29,0.07844262505424204
1979-05-30,0.07839091473654314
1979-05-31,0.07829401197548025
1979-06-01,0.07837449827515064
1979-06-02,0.07837449827515064
1979-06-03,0.07837487973259338
1979-06-04,0.0783566934750588
1979-06-05,0.07830779063789994
1979-06-06,0.07862145799894793
1979-06-07,0.07920768477958706
1979-06-08,0.079282713044037
1979-06-09,0.07935737806600485
1979-06-10,0.07935737806600485
1979-06-11,0.0792698967055332
1979-06-12,0.07898783096576589
1979-06-13,0.07682458137292314
1979-06-14,0.076841705994249
1979-06-15,0.07658762857621104
1979-06-16,0.07658948510503749
1979-06-17,0.07658143904664438
1979-06-18,0.07665314929716205
1979-06-19,0.07648823293445828
1979-06-20,0.07634555912600316
1979-06-21,0.07635474931140585
1979-06-22,0.0758249978686536
1979-06-23,0.07582906725148031
1979-06-24,0.07601467547868412
1979-06-25,0.07575597300893899
1979-06-26,0.07573725944500231
1979-06-27,0.07552711637676435
1979-06-28,0.07551284981198791
1979-06-29,0.07552524239193215
1979-06-30,0.07552524239193215
1979-07-01,0.07552524239193215
1979-07-02,0.07563435082051195
1979-07-03,0.07554737237442777
1979-07-04,0.07554737237442777
1979-07-05,0.07562073820250181
1979-07-06,0.07564875557086581
1979-07-07,0.07564875557086581
1979-07-08,0.07564875557086581
1979-07-09,0.07580951978132489
1979-07-10,0.07643285146636347
1979-07-11,0.0756526865974505
1979-07-12,0.07455446321553061
1979-07-13,0.07262555926260883
1979-07-14,0.07262169976130028
1979-07-15,0.0726229842538102
1979-07-16,0.07285196615446554
1979-07-17,0.07245686271702523
1979-07-18,0.07329373455291965
1979-07-19,0.0731052719466474
1979-07-20,0.07164201000930759
1979-07-21,0.07164814493395344
1979-07-22,0.07166613368948882
1979-07-23,0.07044949433397218
1979-07-24,0.07197332067311346
1979-07-25,0.07602131323007
1979-07-26,0.07817143436126539
1979-07-27,0.08024849398040357
1979-07-28,0.08024162387847933
1979-07-29,0.08024162387847933
1979-07-30,0.08114687790218444
1979-07-31,0.0813647799871704
1979-08-01,0.08142156679537238
1979-08-02,0.08017962699591141
1979-08-03,0.07900826504115521
1979-08-04,0.079028359356351
1979-08-05,0.07902775689763697
1979-08-06,0.07860791187152238
1979-08-07,0.07819950733823755
1979-08-08,0.07849746865211404
1979-08-09,0.07903735166980197
1979-08-10,0.0780172893357185
1979-08-11,0.0780172893357185
1979-08-12,0.07800558000886348
1979-08-13,0.0775549850599182
1979-08-14,0.07772342673438382
1979-08-15,0.07696089993595945
1979-08-16,0.07768928749299242
1979-08-17,0.07764340589061325
1979-08-18,0.07768292804872079
1979-08-19,0.07768292804872079
1979-08-20,0.0777542869782839
1979-08-21,0.0780577237363902
1979-08-22,0.07782078731600328
1979-08-23,0.07735006687807533
1979-08-24,0.07773467475017282
1979-08-25,0.07717177160960631
1979-08-26,0.07715725741625423
1979-08-27,0.07710203858689324
1979-08-28,0.07690808910325386
1979-08-29,0.07696958428891154
1979-08-30,0.07679506023924865
1979-08-31,0.07718656293805859
1979-09-01,0.07718881121313825
1979-09-02,0.07720435518765378
1979-09-03,0.07720470644982136
1979-09-04,0.07710233936048327
1979-09-05,0.07701670571805708
1979-09-06,0.07712521395326832
1979-09-07,0.07715732761887373
1979-09-08,0.07715732761887373
1979-09-09,0.07715732761887373
1979-09-10,0.07729354630813456
1979-09-11,0.07737014945016751
1979-09-12,0.07758157491424789
1979-09-13,0.07742839218226827
1979-09-14,0.07762181665847256
1979-09-15,0.07759914468825513
1979-09-16,0.07760705683432922
1979-09-17,0.07786985281564518
1979-09-18,0.07761940729753158
1979-09-19,0.07758456173741757
1979-09-20,0.07750306373788152
1979-09-21,0.07702740852322609
1979-09-22,0.07702740852322609
1979-09-23,0.0770225314305677
1979-09-24,0.07727333955506976
1979-09-25,0.07713232479817544
1979-09-26,0.07713847890476244
1979-09-27,0.0770979874251625
1979-09-28,0.07702102973143576
1979-09-29,0.07704151616672328
1979-09-30,0.07700398382758955
1979-10-01,0.07698092598510864
1979-10-02,0.07691956074261963
1979-10-03,0.07673561781609695
1979-10-04,0.07663261426128254
1979-10-05,0.07647119853743067
1979-10-06,0.07649633696481528
1979-10-07,0.07649633696481528
1979-10-08,0.07641637229452569
1979-10-09,0.0761084016582616
1979-10-10,0.07582940953144579
1979-10-11,0.07647557617925438
1979-10-12,0.0745199269822081
1979-10-13,0.07450045747209444
1979-10-14,0.07450045747209444
1979-10-15,0.0735285288887273
1979-10-16,0.07565984958367067
1979-10-17,0.07629013119452055
1979-10-18,0.07759944183624534
1979-10-19,0.07835526522467884
1979-10-20,0.0783755132923114
1979-10-21,0.0783755132923114
1979-10-22,0.07832204088052608
1979-10-23,0.07731594440297562
1979-10-24,0.07673354147744904
1979-10-25,0.07873662745201027
1979-10-26,0.07614055228046346
1979-10-27,0.07775199525667498
1979-10-28,0.07775199525667498
1979-10-29,0.08141556619063106
1979-10-30,0.08243112303555522
1979-10-31,0.0823405648277149
1979-11-01,0.08417523745113042
1979-11-02,0.08433678854830307
1979-11-03,0.08433678854830307
1979-11-04,0.08428726431321332
1979-11-05,0.08417608588234549
1979-11-06,0.08401396253988969
1979-11-07,0.08393061676435032
1979-11-08,0.08333911832530694
1979-11-09,0.08293379419939861
1979-11-10,0.08294372570190633
1979-11-11,0.08293863810591384
1979-11-12,0.08262888422277892
1979-11-13,0.08274231003768051
1979-11-14,0.08249786295888062
1979-11-15,0.08239912384798109
1979-11-16,0.08232228114031837
1979-11-17,0.08240949919442753
1979-11-18,0.08241289118469286
1979-11-19,0.08309515830946923
1979-11-20,0.08201589951530863
1979-11-21,0.08206912452696047
1979-11-22,0.08206912452696047
1979-11-23,0.0820672354798131
1979-11-24,0.08206454143950004
1979-11-25,0.08222007374214413
1979-11-26,0.08208804099536904
1979-11-27,0.08181963180547869
1979-11-28,0.08179495275896698
1979-11-29,0.0815632989704822
1979-11-30,0.08147403432089506
1979-12-01,0.08147688790900975
1979-12-02,0.0814772788610878
1979-12-03,0.08151132696998165
1979-12-04,0.0813385253333061
1979-12-05,0.08124366647754933
1979-12-06,0.08127059871386222
1979-12-07,0.08126392473885846
1979-12-08,0.08126392473885846
1979-12-09,0.08126786692434673
1979-12-10,0.0811832633391949
1979-12-11,0.08111690928694437
1979-12-12,0.08112580462166186
1979-12-13,0.08132299223854833
1979-12-14,0.08190457062102441
1979-12-15,0.08189956153989364
1979-12-16,0.08189956153989364
1979-12-17,0.08203642297016289
1979-12-18,0.08202998683950291
1979-12-19,0.08197824047545654
1979-12-20,0.08293564479160676
1979-12-21,0.08335387701974928
1979-12-22,0.08335387701974928
1979-12-23,0.08335387701974928
1979-12-24,0.0833523266251468
1979-12-25,0.0833523266251468
1979-12-26,0.08332400382126859
1979-12-27,0.08401532394586941
1979-12-28,0.08402438905481135
1979-12-29,0.08403189500391184
1979-12-30,0.08403189500391184
1979-12-31,0.08395702653378456
1980-01-01,0.08397143014705333
1980-01-02,0.08398941940093607
1980-01-03,0.08373713219610868
1980-01-04,0.08380339705988527
1980-01-05,0.08380339705988527
1980-01-06,0.08380339705988527
1980-01-07,0.0836696358497413
1980-01-08,0.08359454586791903
1980-01-09,0.08356930302603471
1980-01-10,0.08414371061302073
1980-01-11,0.08401347077481414
1980-01-12,0.08401424194302032
1980-01-13,0.08401424194302032
1980-01-14,0.0840340923491647
1980-01-15,0.08420814020354506
1980-01-16,0.08972091701728968
1980-01-17,0.09003619061280266
1980-01-18,0.09070068790400176
1980-01-19,0.09070068790400176
1980-01-20,0.09070068790400176
1980-01-21,0.09176416062543313
1980-01-22,0.08788406921669312
1980-01-23,0.08807247591403966
1980-01-24,0.08761039990708253
1980-01-25,0.08498816463949477
1980-01-26,0.08499422961948477
1980-01-27,0.08499422961948477
1980-01-28,0.08525275921825615
1980-01-29,0.08654565495969857
1980-01-30,0.08345853466742192
1980-01-31,0.08337600295526681
1980-02-01,0.08379399104190077
1980-02-02,0.08379771405782876
1980-02-03,0.08379771405782876
1980-02-04,0.0837389732324918
1980-02-05,0.07907378648233876
1980-02-06,0.07935457382469746
1980-02-07,0.08033912438960611
1980-02-08,0.0786836818465666
1980-02-09,0.0786836818465666
1980-02-10,0.07868042565537481
1980-02-11,0.07868114888420785
1980-02-12,0.08056848838875719
1980-02-13,0.08114956363896919
1980-02-14,0.08213988640377212
1980-02-15,0.08236841842284814
1980-02-16,0.08236841842284814
1980-02-17,0.08236841842284814
1980-02-18,0.08252739015803101
1980-02-19,0.08298618511901479
1980-02-20,0.08328740085566277
1980-02-21,0.08231999146393609
1980-02-22,0.07907986921948917
1980-02-23,0.07907999032408441
1980-02-24,0.07907682854635234
1980-02-25,0.07864195405074481
1980-02-26,0.07833294534466217
1980-02-27,0.07838042839700399
1980-02-28,0.07851380254993057
1980-02-29,0.07861089546751754
1980-03-01,0.07860581949197432
1980-03-02,0.07860581949197432
1980-03-03,0.07843744884744908
1980-03-04,0.0781781173149152
1980-03-05,0.07824747253255482
1980-03-06,0.0784519150184777
1980-03-07,0.07818913947209571
1980-03-08,0.0781590185355483
1980-03-09,0.0781590185355483
1980-03-10,0.07811827095346091
1980-03-11,0.07594885127687157
1980-03-12,0.07571104639787807
1980-03-13,0.07632954004482628
1980-03-14,0.07628101530814502
1980-03-15,0.07628101530814502
1980-03-16,0.07628101530814502
1980-03-17,0.07627808851252227
1980-03-18,0.07679181100399934
1980-03-19,0.0767745989999793
1980-03-20,0.07666470984358864
1980-03-21,0.07652314506771152
1980-03-22,0.07650976276592192
1980-03-23,0.07650976276592192
1980-03-24,0.07646287801538221
1980-03-25,0.07637521879802045
1980-03-26,0.07607622090263466
1980-03-27,0.07600688743518624
1980-03-28,0.07591427507245618
1980-03-29,0.07591427507245618
1980-03-30,0.07591427507245618
1980-03-31,0.07579609763430106
1980-04-01,0.0766743160467751
1980-04-02,0.07688938811043977
1980-04-03,0.07688027347155768
1980-04-04,0.07710551289255907
1980-04-05,0.07710551289255907
1980-04-06,0.07710551289255907
1980-04-07,0.07711797799620013
1980-04-08,0.07720932019315696
1980-04-09,0.07738388879949776
1980-04-10,0.07590460573620494
1980-04-11,0.07575627474871216
1980-04-12,0.07578654794439932
1980-04-13,0.07579695322390911
1980-04-14,0.07283718928453697
1980-04-15,0.07323722151280188
1980-04-16,0.07298459980175998
1980-04-17,0.07512438901198304
1980-04-18,0.07473768332545183
1980-04-19,0.07474113786009684
1980-04-20,0.07473890947637973
1980-04-21,0.07466109191447545
1980-04-22,0.07365990876170869
1980-04-23,0.07096836996149336
1980-04-24,0.0731596678401889
1980-04-25,0.07599285266719935
1980-04-26,0.07601840663277071
1980-04-27,0.07596429369290547
1980-04-28,0.0764537536217238
1980-04-29,0.07668589408623872
1980-04-30,0.07675955805982149
1980-05-01,0.07687240717484789
1980-05-02,0.07677263048167893
1980-05-03,0.07677268928444092
1980-05-04,0.07676938704637348
1980-05-05,0.0770052173693736
1980-05-06,0.07658211908423995
1980-05-07,0.07658757106876801
1980-05-08,0.07640516340816061
1980-05-09,0.07656868107172121
1980-05-10,0.07656868107172121
1980-05-11,0.07654844664325933
1980-05-12,0.07655164396845415
1980-05-13,0.07643537008330359
1980-05-14,0.0765922470083884
1980-05-15,0.07675677583073104
1980-05-16,0.07682379793090366
1980-05-17,0.07685049284985301
1980-05-18,0.07685049284985301
1980-05-19,0.07682298962793421
1980-05-20,0.07662620853878122
1980-05-21,0.07626901444385714
1980-05-22,0.07561260227450362
1980-05-23,0.07585341337368501
1980-05-24,0.07585341337368501
1980-05-25,0.07590537264907704
1980-05-26,0.07592871402484991
1980-05-27,0.07575619433755576
1980-05-28,0.07595437692253526
1980-05-29,0.07592470327685352
1980-05-30,0.0756568218364313
1980-05-31,0.0756568218364313
1980-06-01,0.07565613365581747
1980-06-02,0.07583904166954047
1980-06-03,0.07577551887358158
1980-06-04,0.07562100876940137
1980-06-05,0.07561689227098634
1980-06-06,0.07597006334614775
1980-06-07,0.07597006334614775
1980-06-08,0.07600345825569321
1980-06-09,0.07615369425339669
1980-06-10,0.07621097139465194
1980-06-11,0.07618072146209909
1980-06-12,0.07612603705781718
1980-06-13,0.07628399094010807
1980-06-14,0.07628399094010807
1980-06-15,0.07628399094010807
1980-06-16,0.07620304519206611
1980-06-17,0.07679144868582699
1980-06-18,0.07704386837610455
1980-06-19,0.07716287233827157
1980-06-20,0.07710427250675522
1980-06-21,0.07710427250675522
1980-06-22,0.07710427250675522
1980-06-23,0.07723022143507041
1980-06-24,0.07743140574226004
1980-06-25,0.0783807434471453
1980-06-26,0.07825128540532611
1980-06-27,0.07832916466030881
1980-06-28,0.07832916466030881
1980-06-29,0.07832916466030881
1980-06-30,0.07808722487988562
1980-07-01,0.07799560895394064
1980-07-02,0.0780280858483482
1980-07-03,0.07812131016905544
1980-07-04,0.07812131016905544
1980-07-05,0.07814357688022744
1980-07-06,0.07814357688022744
1980-07-07,0.07800173097548657
1980-07-08,0.07736437557035836
1980-07-09,0.07745445316973387
1980-07-10,0.07734965006462668
1980-07-11,0.07802466283508291
1980-07-12,0.07802466283508291
1980-07-13,0.07802668078384767
1980-07-14,0.080855091575877
1980-07-15,0.08054745532386098
1980-07-16,0.08110229658649248
1980-07-17,0.08127965876718557
1980-07-18,0.08280025569589422
1980-07-19,0.08280025569589422
1980-07-20,0.08277594919054199
1980-07-21,0.08137623234286573
1980-07-22,0.08481614254403258
1980-07-23,0.08155625809480682
1980-07-24,0.08251997084036766
1980-07-25,0.08482967723948498
1980-07-26,0.08482967723948498
1980-07-27,0.0847953482703745
1980-07-28,0.0831680243337718
1980-07-29,0.0810798341926875
1980-07-30,0.07949385823865973
1980-07-31,0.08141657273356606
1980-08-01,0.08333526766119959
1980-08-02,0.08432327095143743
1980-08-03,0.08432010915495614
1980-08-04,0.0840134737760192
1980-08-05,0.08395372760926856
1980-08-06,0.083831896422919
1980-08-07,0.0836843576106876
1980-08-08,0.08457111939725159
1980-08-09,0.08457111939725159
1980-08-10,0.08461975854292159
1980-08-11,0.08459497377201441
1980-08-12,0.08404619478253195
1980-08-13,0.0850721342145726
1980-08-14,0.08475415176359702
1980-08-15,0.08471798238882844
1980-08-16,0.08471807411918797
1980-08-17,0.08473357189633357
1980-08-18,0.0846995804846935
1980-08-19,0.08479778306488339
1980-08-20,0.0858230916559588
1980-08-21,0.08612271824398166
1980-08-22,0.08603948165419362
1980-08-23,0.0859995620360825
1980-08-24,0.08600409252613517
1980-08-25,0.08612508719815826
1980-08-26,0.08609606535558201
1980-08-27,0.08612548800810393
1980-08-28,0.08658654596886417
1980-08-29,0.08646256131046193
1980-08-30,0.08646527800246462
1980-08-31,0.08646578199661059
1980-09-01,0.08648090604504177
1980-09-02,0.08628749177469497
1980-09-03,0.08644538683448966
1980-09-04,0.0865646337015038
1980-09-05,0.08658119053309843
1980-09-06,0.08656587913252678
1980-09-07,0.08656587913252678
1980-09-08,0.08655884720323748
1980-09-09,0.08618773351812448
1980-09-10,0.0863857560414647
1980-09-11,0.08626145825158194
1980-09-12,0.08660886323119499
1980-09-13,0.08660886323119499
1980-09-14,0.08661087152931213
1980-09-15,0.08698608219169346
1980-09-16,0.08731472812435026
1980-09-17,0.08705650862406022
1980-09-18,0.08703202397277199
1980-09-19,0.08690831667728327
1980-09-20,0.08690831667728327
1980-09-21,0.08690831667728327
1980-09-22,0.0867993043235793
1980-09-23,0.08676993715240666
1980-09-24,0.08686017689683445
1980-09-25,0.08685306006075155
1980-09-26,0.08671177496356353
1980-09-27,0.08671177496356353
1980-09-28,0.08671177496356353
1980-09-29,0.08668593975787897
1980-09-30,0.08678854869056019
1980-10-01,0.08705164939616461
1980-10-02,0.08704508531602473
1980-10-03,0.0870339007229246
1980-10-04,0.0870339007229246
1980-10-05,0.08703089612967818
1980-10-06,0.08724572482002335
1980-10-07,0.08830033829344686
1980-10-08,0.08813248870081836
1980-10-09,0.08829366156413632
1980-10-10,0.08827283061964808
1980-10-11,0.08827283061964808
1980-10-12,0.0882663456295465
1980-10-13,0.09154475593637401
1980-10-14,0.09147375743555819
1980-10-15,0.09155827564296248
1980-10-16,0.09163324873992784
1980-10-17,0.0896415746985515
1980-10-18,0.08965572236649977
1980-10-19,0.08991652844285847
1980-10-20,0.08784540957829323
1980-10-21,0.08300369130085827
1980-10-22,0.08217925383503766
1980-10-23,0.07597343992729622
1980-10-24,0.07482082318567906
1980-10-25,0.07469462546906369
1980-10-26,0.07469398016652429
1980-10-27,0.07387634778508212
1980-10-28,0.07276133457649281
1980-10-29,0.07487736428125835
1980-10-30,0.0727750237356346
1980-10-31,0.07270128791651409
1980-11-01,0.07270128791651409
1980-11-02,0.07270112387259098
1980-11-03,0.0729353032796578
1980-11-04,0.07417464949055108
1980-11-05,0.07412744204620214
1980-11-06,0.07409638756407078
1980-11-07,0.07499294414124269
1980-11-08,0.07503129501679617
1980-11-09,0.07503129501679617
1980-11-10,0.07504533115340739
1980-11-11,0.07426086768320639
1980-11-12,0.07686271528368183
1980-11-13,0.07681017806041801
1980-11-14,0.07670159781774855
1980-11-15,0.07676502389540762
1980-11-16,0.07675582141722948
1980-11-17,0.07658071904510888
1980-11-18,0.07612996299648
1980-11-19,0.07596566630461155
1980-11-20,0.07629915963064082
1980-11-21,0.07610159845715603
1980-11-22,0.07610159845715603
1980-11-23,0.07610159845715603
1980-11-24,0.07608649581182703
1980-11-25,0.07606060693689631
1980-11-26,0.07577605335607562
1980-11-27,0.07577605335607562
1980-11-28,0.0758060256827724
1980-11-29,0.0758060256827724
1980-11-30,0.0758060256827724
1980-12-01,0.07616076384871029
1980-12-02,0.07619558096507428
1980-12-03,0.07635001915215467
1980-12-04,0.07642387509550974
1980-12-05,0.07641513201580796
1980-12-06,0.07643527391235261
1980-12-07,0.07643759967039987
1980-12-08,0.0765436392817398
1980-12-09,0.07632200922833055
1980-12-10,0.07654189190400174
1980-12-11,0.07661128272161699
1980-12-12,0.07624279621575991
1980-12-13,0.07624279621575991
1980-12-14,0.07624279621575991
1980-12-15,0.07866885319900874
1980-12-16,0.0784516468130172
1980-12-17,0.07824947841207774
1980-12-18,0.07834563988763499
1980-12-19,0.07848162376465839
1980-12-20,0.07848162376465839
1980-12-21,0.07848813359240348
1980-12-22,0.07879804430667336
1980-12-23,0.07832164674619113
1980-12-24,0.0782809658077892
1980-12-25,0.0782809658077892
1980-12-26,0.07827027279276622
1980-12-27,0.07827027279276622
1980-12-28,0.07826244133962224
1980-12-29,0.07822987639306955
1980-12-30,0.07821738993942762
1980-12-31,0.07834272484727145
1981-01-01,0.07834272484727145
1981-01-02,0.07840330628998537
1981-01-03,0.0783940771117313
1981-01-04,0.0783940771117313
1981-01-05,0.07832907574933201
1981-01-06,0.07850768197067937
1981-01-07,0.07851863766736922
1981-01-08,0.07849615276025146
1981-01-09,0.07848697415272565
1981-01-10,0.07848697415272565
1981-01-11,0.07848697415272565
1981-01-12,0.07852173480727886
1981-01-13,0.0786851473036736
1981-01-14,0.07846555726022131
1981-01-15,0.07861150747364198
1981-01-16,0.0787260038805302
1981-01-17,0.0787260038805302
1981-01-18,0.07871841483969622
1981-01-19,0.07270491514144028
1981-01-20,0.07235964345911405
1981-01-21,0.07275161938121011
1981-01-22,0.07343520679911375
1981-01-23,0.06646478130415834
1981-01-24,0.06662462973934602
1981-01-25,0.06661442209230106
1981-01-26,0.06371202257761244
1981-01-27,0.062462920247820186
1981-01-28,0.06546105555376647
1981-01-29,0.06270735675919181
1981-01-30,0.06298835276797043
1981-01-31,0.06298835276797043
1981-02-01,0.0629932678756715
1981-02-02,0.0634959601376266
1981-02-03,0.06576953635891569
1981-02-04,0.06992168498367413
1981-02-05,0.07095042227764847
1981-02-06,0.07042453510987046
1981-02-07,0.07042453510987046
1981-02-08,0.07042453510987046
1981-02-09,0.07091577151557726
1981-02-10,0.07143364108024963
1981-02-11,0.06631361783467238
1981-02-12,0.06638723286373449
1981-02-13,0.06576580954531108
1981-02-14,0.06557470320941339
1981-02-15,0.06557470320941339
1981-02-16,0.06548476594561992
1981-02-17,0.06292488845775357
1981-02-18,0.06316886186896986
1981-02-19,0.06297886850763978
1981-02-20,0.06373743570312018
1981-02-21,0.06353943547887053
1981-02-22,0.06355917986971615
1981-02-23,0.0641198601850963
1981-02-24,0.06528401954795227
1981-02-25,0.06669484467758169
1981-02-26,0.06689134364781446
1981-02-27,0.06589159099319275
1981-02-28,0.06589159099319275
1981-03-01,0.06588932222580435
1981-03-02,0.06587687965403588
1981-03-03,0.06674527525294938
1981-03-04,0.06668766074949661
1981-03-05,0.06698626740501457
1981-03-06,0.06689756013507364
1981-03-07,0.06687129930406766
1981-03-08,0.06690690393388143
1981-03-09,0.06682229897128189
1981-03-10,0.06785163910908887
1981-03-11,0.0677079882973024
1981-03-12,0.07690610033941248
1981-03-13,0.07734816074427053
1981-03-14,0.07734816074427053
1981-03-15,0.07734816074427053
1981-03-16,0.07729823046976736
1981-03-17,0.07725594822614812
1981-03-18,0.0774317197895189
1981-03-19,0.0773928299212252
1981-03-20,0.07740207573264102
1981-03-21,0.07740207573264102
1981-03-22,0.07738580215409607
1981-03-23,0.0773361569370139
1981-03-24,0.07731447180213125
1981-03-25,0.07718823265677499
1981-03-26,0.07726837571334699
1981-03-27,0.0772399050126178
1981-03-28,0.0772399050126178
1981-03-29,0.0772399050126178
1981-03-30,0.07719862480191297
1981-03-31,0.07715939056416032
1981-04-01,0.07698048683560654
1981-04-02,0.0760802041805202
1981-04-03,0.07611274892370834
1981-04-04,0.07611274892370834
1981-04-05,0.0760857599613518
1981-04-06,0.07617531913451026
1981-04-07,0.07620559047656394
1981-04-08,0.07613108662050472
1981-04-09,0.07606844545231017
1981-04-10,0.07541427031226244
1981-04-11,0.07541427031226244
1981-04-12,0.07541427031226244
1981-04-13,0.07730473490819678
1981-04-14,0.07667803621999614
1981-04-15,0.07618003779885862
1981-04-16,0.07543089357674093
1981-04-17,0.07513603645442135
1981-04-18,0.07513603645442135
1981-04-19,0.07512447402546707
1981-04-20,0.07383216514078761
1981-04-21,0.07511709679950984
1981-04-22,0.07038744048845547
1981-04-23,0.07193910467262277
1981-04-24,0.06327540131138387
1981-04-25,0.0634780436976563
1981-04-26,0.0634780436976563
1981-04-27,0.06483031152855379
1981-04-28,0.0645318853674357
1981-04-29,0.06471928292694984
1981-04-30,0.06497084555003463
1981-05-01,0.06455250159261938
1981-05-02,0.06455250159261938
1981-05-03,0.06456047168799506
1981-05-04,0.06409496174310991
1981-05-05,0.06426310231976218
1981-05-06,0.0640683824334276
1981-05-07,0.0640001681645419
1981-05-08,0.06402326153888493
1981-05-09,0.06402326153888493
1981-05-10,0.06402326153888493
1981-05-11,0.06387837175398592
1981-05-12,0.06322313613681074
1981-05-13,0.06374483571943501
1981-05-14,0.06196845428210107
1981-05-15,0.061633919534722637
1981-05-16,0.061633919534722637
1981-05-17,0.06163034332285067
1981-05-18,0.06242880790946215
1981-05-19,0.06277751786202779
1981-05-20,0.06318367142232328
1981-05-21,0.06382268712873973
1981-05-22,0.06394131278956894
1981-05-23,0.06397264466917219
1981-05-24,0.06397264466917219
1981-05-25,0.06400312264145014
1981-05-26,0.06389766671621255
1981-05-27,0.06258441254902114
1981-05-28,0.06269743637062186
1981-05-29,0.06269133175951858
1981-05-30,0.06269133175951858
1981-05-31,0.06269133175951858
1981-06-01,0.06253495247298302
1981-06-02,0.06239191374252551
1981-06-03,0.06268516072424823
1981-06-04,0.06266437749016629
1981-06-05,0.06274008305432233
1981-06-06,0.06274008305432233
1981-06-07,0.06274008305432233
1981-06-08,0.06237298848780304
1981-06-09,0.062043378725692655
1981-06-10,0.06217545364811983
1981-06-11,0.06220306083228078
1981-06-12,0.06245623029686498
1981-06-13,0.06248875471812987
1981-06-14,0.06248875471812987
1981-06-15,0.06249129024732958
1981-06-16,0.06223290450637631
1981-06-17,0.062257713892107214
1981-06-18,0.062260614302497075
1981-06-19,0.06239787184548051
1981-06-20,0.06236786995747634
1981-06-21,0.06236786995747634
1981-06-22,0.06175700937528328
1981-06-23,0.06160928251658393
1981-06-24,0.06126849963812675
1981-06-25,0.06122558425512259
1981-06-26,0.06223231615671798
1981-06-27,0.06223231615671798
1981-06-28,0.06223231615671798
1981-06-29,0.06221402634986539
1981-06-30,0.06224548114812012
1981-07-01,0.06247452846874646
1981-07-02,0.06246320604490996
1981-07-03,0.06246320604490996
1981-07-04,0.06246320604490996
1981-07-05,0.06246320604490996
1981-07-06,0.062470620107724306
1981-07-07,0.0624855029104745
1981-07-08,0.062164827103678766
1981-07-09,0.06193929377838825
1981-07-10,0.06201707953010405
1981-07-11,0.06201707953010405
1981-07-12,0.06201707953010405
1981-07-13,0.062277889333505865
1981-07-14,0.05978496063639316
1981-07-15,0.060769641528749085
1981-07-16,0.05911602170405095
1981-07-17,0.058875940388204206
1981-07-18,0.05896603240464415
1981-07-19,0.05896603240464415
1981-07-20,0.059170128417208145
1981-07-21,0.0578508535876201
1981-07-22,0.056736579871313086
1981-07-23,0.0523818632786186
1981-07-24,0.04235894006368435
1981-07-25,0.04220587767755002
1981-07-26,0.04220587767755002
1981-07-27,0.039036251854208226
1981-07-28,0.039883675862454115
1981-07-29,0.03561129920416861
1981-07-30,0.033513953699046084
1981-07-31,0.0332204430192764
1981-08-01,0.033642798588256806
1981-08-02,0.033642798588256806
1981-08-03,0.03125329159453516
1981-08-04,0.03167394526375489
1981-08-05,0.0328586080497737
1981-08-06,0.031102793943471374
1981-08-07,0.030923195128145675
1981-08-08,0.030923195128145675
1981-08-09,0.030923195128145675
1981-08-10,0.030782539600176184
1981-08-11,0.03030572666996023
1981-08-12,0.029928394017687765
1981-08-13,0.02983955954718942
1981-08-14,0.029672978881006173
1981-08-15,0.029672978881006173
1981-08-16,0.029674292393935264
1981-08-17,0.02936531508378648
1981-08-18,0.027839949910304806
1981-08-19,0.026567362032751562
1981-08-20,0.026338293459578388
1981-08-21,0.02652924012627267
1981-08-22,0.026545183481248014
1981-08-23,0.026548079644562073
1981-08-24,0.026318806093683644
1981-08-25,0.02681170542869804
1981-08-26,0.027141654814986094
1981-08-27,0.027420160892950296
1981-08-28,0.03136231227480257
1981-08-29,0.03136231227480257
1981-08-30,0.031361037711487016
1981-08-31,0.03114210708703191
1981-09-01,0.031311181021463685
1981-09-02,0.031360932683928366
1981-09-03,0.031393909399688225
1981-09-04,0.031369259718700526
1981-09-05,0.031369259718700526
1981-09-06,0.031369259718700526
1981-09-07,0.031369259718700526
1981-09-08,0.03135291264359785
1981-09-09,0.0306240673726752
1981-09-10,0.030223084359037866
1981-09-11,0.030198726457382863
1981-09-12,0.03018407357800057
1981-09-13,0.030193193395283924
1981-09-14,0.030182882314457204
1981-09-15,0.030225147261407903
1981-09-16,0.030060797229695124
1981-09-17,0.030101636145443145
1981-09-18,0.020192979609658712
1981-09-19,0.020192979609658712
1981-09-20,0.020192979609658712
1981-09-21,0.020088429414427456
1981-09-22,0.020118499740968465
1981-09-23,0.02026094335271922
1981-09-24,0.020278258043550546
1981-09-25,0.020419569629373413
1981-09-26,0.02042852946428364
1981-09-27,0.02042852946428364
1981-09-28,0.02071481451746293
1981-09-29,0.0208451656918216
1981-09-30,0.021127671117958213
1981-10-01,0.02106018347427452
1981-10-02,0.020884315407440512
1981-10-03,0.020884315407440512
1981-10-04,0.020884315407440512
1981-10-05,0.020875976819929143
1981-10-06,0.02071287396323851
1981-10-07,0.02130226815310321
1981-10-08,0.020435414608873215
1981-10-09,0.019993159406311634
1981-10-10,0.01999048731753139
1981-10-11,0.01999048731753139
1981-10-12,0.019917877762603675
1981-10-13,0.019678407785844287
1981-10-14,0.0200837549511399
1981-10-15,0.018865041961657614
1981-10-16,0.019263286583375505
1981-10-17,0.019239479324306696
1981-10-18,0.019239479324306696
1981-10-19,0.01783243604502993
1981-10-20,0.01818796325941352
1981-10-21,0.015381087736863863
1981-10-22,0.017243170390250917
1981-10-23,0.016460883329521447
1981-10-24,0.016427304430651546
1981-10-25,0.01642053601804183
1981-10-26,0.014692311961662208
1981-10-27,0.01618006148983797
1981-10-28,0.017942840242907154
1981-10-29,0.015455167044482465
1981-10-30,0.023725277266800626
1981-10-31,0.023725277266800626
1981-11-01,0.023725277266800626
1981-11-02,0.023816042262849058
1981-11-03,0.023693833069187153
1981-11-04,0.02324134459788718
1981-11-05,0.023071208617187144
1981-11-06,0.02077472537671099
1981-11-07,0.02077472537671099
1981-11-08,0.02077362938957239
1981-11-09,0.021402515188778892
1981-11-10,0.021389823910302086
1981-11-11,0.020981723592033985
1981-11-12,0.020843372309233388
1981-11-13,0.021909119664220267
1981-11-14,0.021909119664220267
1981-11-15,0.02189967408442617
1981-11-16,0.020902881896208925
1981-11-17,0.02058778134592587
1981-11-18,0.020699346314636324
1981-11-19,0.02160818240504203
1981-11-20,0.019904799682149976
1981-11-21,0.01986908236046081
1981-11-22,0.01986908236046081
1981-11-23,0.019785027618687723
1981-11-24,0.019946704703244666
1981-11-25,0.01975686510442709
1981-11-26,0.01975686510442709
1981-11-27,0.019820513320182975
1981-11-28,0.019820513320182975
1981-11-29,0.019820513320182975
1981-11-30,0.020602746498090907
1981-12-01,0.020522346081439213
1981-12-02,0.020585926360587647
1981-12-03,0.020689097731179773
1981-12-04,0.02071277662580462
1981-12-05,0.02071277662580462
1981-12-06,0.020709456586743613
1981-12-07,0.02067104030269218
1981-12-08,0.020522770639085364
1981-12-09,0.02056216377984721
1981-12-10,0.020923256651938393
1981-12-11,0.020868825287633674
1981-12-12,0.020868825287633674
1981-12-13,0.02078633969850996
1981-12-14,0.020907092796420557
1981-12-15,0.021302510039898692
1981-12-16,0.0212112719354296
1981-12-17,0.020712491662731702
1981-12-18,0.02084147800954006
1981-12-19,0.02084186447582992
1981-12-20,0.020847848769287802
1981-12-21,0.02076505802546147
1981-12-22,0.020545929906907734
1981-12-23,0.02063782074590037
1981-12-24,0.02069512759284664
1981-12-25,0.02069512759284664
1981-12-26,0.02068203263067936
1981-12-27,0.02068203263067936
1981-12-28,0.020571815697143947
1981-12-29,0.020613232246738944
1981-12-30,0.020599593250448356
1981-12-31,0.02061096245492977
1982-01-01,0.02061096245492977
1982-01-02,0.02061096245492977
1982-01-03,0.02061096245492977
1982-01-04,0.020604873040816152
1982-01-05,0.020849163869504084
1982-01-06,0.02036263710090891
1982-01-07,0.02021629071217368
1982-01-08,0.020325988734267275
1982-01-09,0.02032153840936668
1982-01-10,0.02032153840936668
1982-01-11,0.020236403511859846
1982-01-12,0.02031438447556355
1982-01-13,0.020221249876933856
1982-01-14,0.020278447310285497
1982-01-15,0.020164440249297533
1982-01-16,0.020091004620831354
1982-01-17,0.020091004620831354
1982-01-18,0.021791318220669265
1982-01-19,0.020443575684324644
1982-01-20,0.022492049386567237
1982-01-21,0.021600524721125725
1982-01-22,0.023792634159688797
1982-01-23,0.024083977583253757
1982-01-24,0.024083977583253757
1982-01-25,0.024809514518304487
1982-01-26,0.029468426330412134
1982-01-27,0.024160787247841542
1982-01-28,0.023569338072900736
1982-01-29,0.025774424456610046
1982-01-30,0.025764261841933145
1982-01-31,0.025764261841933145
1982-02-01,0.02659083751290159
1982-02-02,0.03139724143105105
1982-02-03,0.029946208043069467
1982-02-04,0.030613807915739644
1982-02-05,0.029490003013158406
1982-02-06,0.029490003013158406
1982-02-07,0.029490003013158406
1982-02-08,0.03136906146629714
1982-02-09,0.030678372747777294
1982-02-10,0.032761957294559885
1982-02-11,0.032832285389543525
1982-02-12,0.03424352149583454
1982-02-13,0.03424352149583454
1982-02-14,0.03424352149583454
1982-02-15,0.03424352149583454
1982-02-16,0.03464741061511556
1982-02-17,0.03520229732651803
1982-02-18,0.03522787125147375
1982-02-19,0.039081931166465855
1982-02-20,0.039081931166465855
1982-02-21,0.039081931166465855
1982-02-22,0.03737233691075126
1982-02-23,0.03757482459624084
1982-02-24,0.036791086590016286
1982-02-25,0.03745817604050283
1982-02-26,0.036462162199796255
1982-02-27,0.03646861294385495
1982-02-28,0.03646861294385495
1982-03-01,0.03679030037832187
1982-03-02,0.03586701592695185
1982-03-03,0.03609052949078917
1982-03-04,0.035639926393320476
1982-03-05,0.034395901812484864
1982-03-06,0.034395901812484864
1982-03-07,0.034395901812484864
1982-03-08,0.03408770903186453
1982-03-09,0.03446972686533489
1982-03-10,0.034892607172884116
1982-03-11,0.03447469597353514
1982-03-12,0.0342345454666757
1982-03-13,0.0342345454666757
1982-03-14,0.0342345454666757
1982-03-15,0.03414544255344598
1982-03-16,0.03395963878242214
1982-03-17,0.03480151650697505
1982-03-18,0.03522496084164084
1982-03-19,0.03519746626601927
1982-03-20,0.03519746626601927
1982-03-21,0.03519746626601927
1982-03-22,0.035161134837207175
1982-03-23,0.03506122572231796
1982-03-24,0.03496788738268686
1982-03-25,0.035095117894346606
1982-03-26,0.035030500422164934
1982-03-27,0.03504468738021482
1982-03-28,0.03504468738021482
1982-03-29,0.034767277091203086
1982-03-30,0.03537611893831816
1982-03-31,0.035354167422536165
1982-04-01,0.035372159396550584
1982-04-02,0.037394300543825976
1982-04-03,0.037394300543825976
1982-04-04,0.037394300543825976
1982-04-05,0.03750426821224817
1982-04-06,0.03740402158563394
1982-04-07,0.03789258037574217
1982-04-08,0.037981495628851336
1982-04-09,0.03792406966966588
1982-04-10,0.03792406966966588
1982-04-11,0.03792406966966588
1982-04-12,0.037827904591599903
1982-04-13,0.03816472287641348
1982-04-14,0.03762111756656927
1982-04-15,0.038119039530287724
1982-04-16,0.03589431517542674
1982-04-17,0.03590680573436367
1982-04-18,0.03558418365241245
1982-04-19,0.03358855664181282
1982-04-20,0.030332588623175116
1982-04-21,0.029767639277318958
1982-04-22,0.025684101807720516
1982-04-23,0.0243544783063272
1982-04-24,0.02404956291019711
1982-04-25,0.02404956291019711
1982-04-26,0.01734160792006323
1982-04-27,0.01613670420243829
1982-04-28,0.006199001350066791
1982-04-29,0.0043020729065907926
1982-04-30,0.004575700800702576
1982-05-01,0.004580566110935935
1982-05-02,0.004580566110935935
1982-05-03,0.004472841823951468
1982-05-04,0.0043611195669535086
1982-05-05,0.0035707890364560235
1982-05-06,0.003270557461043211
1982-05-07,0.0021629456771530275
1982-05-08,0.0021624780099760432
1982-05-09,0.0021595348010088333
1982-05-10,0.0016690388183562277
1982-05-11,0.001935559929016284
1982-05-12,0.002715642936268914
1982-05-13,0.0028995338667279213
1982-05-14,0.002487516736298101
1982-05-15,0.002460298842508868
1982-05-16,0.0024606991726963123
1982-05-17,0.0022384469110956484
1982-05-18,0.0012710791795045306
1982-05-19,0.00092529966453192
1982-05-20,0.0008336804265463016
1982-05-21,0.0012222459036850264
1982-05-22,0.001202863258225273
1982-05-23,0.001202863258225273
1982-05-24,0.0008883915670803155
1982-05-25,0.001070794175321188
1982-05-26,0.001183510986688896
1982-05-27,0.0011709009665912262
1982-05-28,0.0015301986479498986
1982-05-29,0.0015301986479498986
1982-05-30,0.0015301986479498986
1982-05-31,0.0015301986479498986
1982-06-01,0.001471671543447961
1982-06-02,0.0014892020108046022
1982-06-03,0.001450982423620406
1982-06-04,0.0012958652225152356
1982-06-05,0.0012958652225152356
1982-06-06,0.0012880991591470714
1982-06-07,0.0013898133259888645
1982-06-08,0.0013792431753194556
1982-06-09,0.0018539117191689325
1982-06-10,-0.001406619903126849
1982-06-11,-0.0013765009327220135
1982-06-12,-0.0013765009327220135
1982-06-13,-0.0013765009327220135
1982-06-14,-0.001476240036989207
1982-06-15,-0.00150492875629471
1982-06-16,-0.0016179976112542516
1982-06-17,-0.001541585061060169
1982-06-18,-0.0016261700158823889
1982-06-19,-0.0016261700158823889
1982-06-20,-0.0016261700158823889
1982-06-21,-0.0018807941192340305
1982-06-22,-0.0019358445993822304
1982-06-23,-0.002829010626525852
1982-06-24,-0.0028639073928462544
1982-06-25,-0.0032281105067101246
1982-06-26,-0.0032281105067101246
1982-06-27,-0.0032281105067101246
1982-06-28,-0.0033449082741296987
1982-06-29,-0.0034375054058758403
1982-06-30,-0.003480289130589509
1982-07-01,-0.003542234707827996
1982-07-02,-0.0033743182359197155
1982-07-03,-0.0033743182359197155
1982-07-04,-0.0033743182359197155
1982-07-05,-0.0033743182359197155
1982-07-06,-0.003495356126717142
1982-07-07,-0.003856182410044373
1982-07-08,-0.0037207520271178574
1982-07-09,-0.004023463385366632
1982-07-10,-0.0040349999256318325
1982-07-11,-0.0040349999256318325
1982-07-12,-0.004185729240513969
1982-07-13,-0.004768583672197679
1982-07-14,-0.0034958639100149957
1982-07-15,-0.004259578791385055
1982-07-16,-0.004887140685273295
1982-07-17,-0.004887140685273295
1982-07-18,-0.004850232350123274
1982-07-19,-0.005156572211901023
1982-07-20,-0.002153221940925265
1982-07-21,-0.002707979505227276
1982-07-22,-0.012620279697843073
1982-07-23,-0.013007368608908831
1982-07-24,-0.013075512750602591
1982-07-25,-0.013075512750602591
1982-07-26,-0.010999090868361483
1982-07-27,-0.013068257481821832
1982-07-28,-0.01625676887157279
1982-07-29,-0.016511147825718497
1982-07-30,-0.017401295121601712
1982-07-31,-0.017401295121601712
1982-08-01,-0.017401295121601712
1982-08-02,-0.01930813944537546
1982-08-03,-0.0189158548787407
1982-08-04,-0.01991352734943186
1982-08-05,-0.0213244949667436
1982-08-06,-0.021325589907107756
1982-08-07,-0.021325589907107756
1982-08-08,-0.021325589907107756
1982-08-09,-0.020792981404757716
1982-08-10,-0.024446048701936007
1982-08-11,-0.02450463555808835
1982-08-12,-0.024207135347908748
1982-08-13,-0.023647235232459485
1982-08-14,-0.023647235232459485
1982-08-15,-0.02364686710033881
1982-08-16,-0.023575213968648145
1982-08-17,-0.02365588203821878
1982-08-18,-0.023018843901899677
1982-08-19,-0.022688663349524574
1982-08-20,-0.022444205835496223
1982-08-21,-0.022436531299983242
1982-08-22,-0.022442580133619883
1982-08-23,-0.02257889292891513
1982-08-24,-0.02288262234239402
1982-08-25,-0.023181188209544068
1982-08-26,-0.02379237989766325
1982-08-27,-0.023884763026058353
1982-08-28,-0.02391642628330437
1982-08-29,-0.02391642628330437
1982-08-30,-0.024083443187953635
1982-08-31,-0.024044827069935604
1982-09-01,-0.02392054332584681
1982-09-02,-0.024383621605887584
1982-09-03,-0.02437754338755027
1982-09-04,-0.02437754338755027
1982-09-05,-0.024396457914680925
1982-09-06,-0.024396457914680925
1982-09-07,-0.024447635638147114
1982-09-08,-0.023647719458697702
1982-09-09,-0.023476270739877236
1982-09-10,-0.0234877317405483
1982-09-11,-0.0234877317405483
1982-09-12,-0.0234877317405483
1982-09-13,-0.023497149991112853
1982-09-14,-0.023411648767752702
1982-09-15,-0.023292752086469082
1982-09-16,-0.023429230445502713
1982-09-17,-0.023409023805673113
1982-09-18,-0.023409023805673113
1982-09-19,-0.023409023805673113
1982-09-20,-0.0345930245850683
1982-09-21,-0.03426782652636162
1982-09-22,-0.03432191609878843
1982-09-23,-0.034319549980433406
1982-09-24,-0.034964404027549634
1982-09-25,-0.034964404027549634
1982-09-26,-0.03494363243388088
1982-09-27,-0.03480171029525825
1982-09-28,-0.034790239134670276
1982-09-29,-0.034702544454445206
1982-09-30,-0.03521763831690283
1982-10-01,-0.03500006204907524
1982-10-02,-0.03500006204907524
1982-10-03,-0.03500006204907524
1982-10-04,-0.0354941933508075
1982-10-05,-0.03552040016473501
1982-10-06,-0.035705746043228404
1982-10-07,-0.03577317337103614
1982-10-08,-0.035483659007388924
1982-10-09,-0.03549159196896734
1982-10-10,-0.03549159196896734
1982-10-11,-0.035492423018406716
1982-10-12,-0.03599217577606706
1982-10-13,-0.03636937890040293
1982-10-14,-0.035110827945928125
1982-10-15,-0.03782122502230678
1982-10-16,-0.037810949277110706
1982-10-17,-0.037810949277110706
1982-10-18,-0.039082918431106006
1982-10-19,-0.03589115751856031
1982-10-20,-0.036199003416123476
1982-10-21,-0.037999262361186004
1982-10-22,-0.037026458647680505
1982-10-23,-0.03696349748737493
1982-10-24,-0.03712259490020098
1982-10-25,-0.035760512289965796
1982-10-26,-0.02686443480882783
1982-10-27,-0.025234572572081615
1982-10-28,-0.02758191816799005
1982-10-29,-0.02609155237848715
1982-10-30,-0.026062602783343602
1982-10-31,-0.026084813282773456
1982-11-01,-0.03468108102907497
1982-11-02,-0.03495100809497875
1982-11-03,-0.034292612152161284
1982-11-04,-0.034400538918993195
1982-11-05,-0.03456284561025358
1982-11-06,-0.03456284561025358
1982-11-07,-0.03458217744623682
1982-11-08,-0.03439159431573846
1982-11-09,-0.03415406123568421
1982-11-10,-0.036170472639569184
1982-11-11,-0.039135978094199886
1982-11-12,-0.03572772349899678
1982-11-13,-0.03574143661391127
1982-11-14,-0.035746015033104594
1982-11-15,-0.035461313923973226
1982-11-16,-0.03750955300333947
1982-11-17,-0.035681281542816023
1982-11-18,-0.035659245306293275
1982-11-19,-0.03620628899835121
1982-11-20,-0.03620628899835121
1982-11-21,-0.03620628899835121
1982-11-22,-0.03637640724184921
1982-11-23,-0.03621923878149813
1982-11-24,-0.036088406527697514
1982-11-25,-0.03589391087547045
1982-11-26,-0.03595062782722347
1982-11-27,-0.035959768426213845
1982-11-28,-0.035959768426213845
1982-11-29,-0.035942555146617594
1982-11-30,-0.03614900254441389
1982-12-01,-0.035897198505018046
1982-12-02,-0.03599244844866889
1982-12-03,-0.03599776793013365
1982-12-04,-0.03599776793013365
1982-12-05,-0.03599776793013365
1982-12-06,-0.03633080711130021
1982-12-07,-0.03583565367273067
1982-12-08,-0.03199457321625376
1982-12-09,-0.03216951611035379
1982-12-10,-0.032060555715802685
1982-12-11,-0.032060555715802685
1982-12-12,-0.032060555715802685
1982-12-13,-0.03101969356891865
1982-12-14,-0.031114639482275663
1982-12-15,-0.03208350485747924
1982-12-16,-0.031571296273035676
1982-12-17,-0.03140876778406887
1982-12-18,-0.031519940046087824
1982-12-19,-0.03156577008831418
1982-12-20,-0.033861548364970684
1982-12-21,-0.03374525397896366
1982-12-22,-0.03825999547927683
1982-12-23,-0.03836459016686422
1982-12-24,-0.03836459016686422
1982-12-25,-0.03836459016686422
1982-12-26,-0.03836459016686422
1982-12-27,-0.03835478748647425
1982-12-28,-0.038402792499068084
1982-12-29,-0.038489239678930365
1982-12-30,-0.03845358530074361
1982-12-31,-0.03846820620520519
1983-01-01,-0.038459813944010324
1983-01-02,-0.038459813944010324
1983-01-03,-0.03846132201636199
1983-01-04,-0.03837226308310282
1983-01-05,-0.03833560988477491
1983-01-06,-0.0386532014464922
1983-01-07,-0.03867377966588803
1983-01-08,-0.03867646169120598
1983-01-09,-0.03867646169120598
1983-01-10,-0.039078795494741025
1983-01-11,-0.038790404665066
1983-01-12,-0.038758513525788185
1983-01-13,-0.0386369465983184
1983-01-14,-0.038758470781333765
1983-01-15,-0.038758470781333765
1983-01-16,-0.038758470781333765
1983-01-17,-0.03829500276644959
1983-01-18,-0.036940718606681466
1983-01-19,-0.03401226986248662
1983-01-20,-0.034615878233848485
1983-01-21,-0.03400212981368167
1983-01-22,-0.033976768619705444
1983-01-23,-0.033976768619705444
1983-01-24,-0.03173723833613562
1983-01-25,-0.033595777603210975
1983-01-26,-0.03125017382847506
1983-01-27,-0.033647191060884984
1983-01-28,-0.02814308999980797
1983-01-29,-0.02814645187909337
1983-01-30,-0.02814645187909337
1983-01-31,-0.03180123490385767
1983-02-01,-0.03344045053972522
1983-02-02,-0.03172508134558549
1983-02-03,-0.03426257568183011
1983-02-04,-0.030240593000784077
1983-02-05,-0.030240593000784077
1983-02-06,-0.030245740044797076
1983-02-07,-0.02953443122948407
1983-02-08,-0.02876910183862158
1983-02-09,-0.03380118418952327
1983-02-10,-0.03446286949085742
1983-02-11,-0.035049148697342436
1983-02-12,-0.03507943429723137
1983-02-13,-0.03507943429723137
1983-02-14,-0.03359649251979435
1983-02-15,-0.032803540600791714
1983-02-16,-0.03278572067300778
1983-02-17,-0.031928959219295505
1983-02-18,-0.031661307156726104
1983-02-19,-0.03166000823047954
1983-02-20,-0.03165773289156293
1983-02-21,-0.031453106359310534
1983-02-22,-0.03584623035672607
1983-02-23,-0.034536632433852854
1983-02-24,-0.034301542867368084
1983-02-25,-0.03600890770067666
1983-02-26,-0.03599191177991068
1983-02-27,-0.03599457033129638
1983-02-28,-0.03535616476267023
1983-03-01,-0.03551162806263308
1983-03-02,-0.03539381988894996
1983-03-03,-0.033542926418660635
1983-03-04,-0.03351066877101294
1983-03-05,-0.03353471902245231
1983-03-06,-0.03354023700696129
1983-03-07,-0.0334003307305506
1983-03-08,-0.03357131539029157
1983-03-09,-0.0352584204185199
1983-03-10,-0.03518626050899831
1983-03-11,-0.03434824414844173
1983-03-12,-0.03418318881683213
1983-03-13,-0.034179496892284056
1983-03-14,-0.03419408439875693
1983-03-15,-0.034002780146099365
1983-03-16,-0.033398402380801384
1983-03-17,-0.032474671097622365
1983-03-18,-0.03204410748553754
1983-03-19,-0.032062728187412404
1983-03-20,-0.03200830855809689
1983-03-21,-0.023108226904904994
1983-03-22,-0.022968023445958496
1983-03-23,-0.022661467534671687
1983-03-24,-0.022570286365097947
1983-03-25,-0.022622039422104945
1983-03-26,-0.022622039422104945
1983-03-27,-0.02262363485032548
1983-03-28,-0.02228584003722267
1983-03-29,-0.02212740221779541
1983-03-30,-0.02224124768073088
1983-03-31,-0.022539828929179606
1983-04-01,-0.022527919079287306
1983-04-02,-0.022537559388365325
1983-04-03,-0.022537559388365325
1983-04-04,-0.022460480207572187
1983-04-05,-0.02230505559883844
1983-04-06,-0.021765831930728785
1983-04-07,-0.020829046114098304
1983-04-08,-0.02099680130416881
1983-04-09,-0.020833222706538534
1983-04-10,-0.020810982927540578
1983-04-11,-0.02071457287750189
1983-04-12,-0.020930013225655353
1983-04-13,-0.020079304499433404
1983-04-14,-0.020564230841549236
1983-04-15,-0.020028449283798544
1983-04-16,-0.02003510484253157
1983-04-17,-0.019812608535541898
1983-04-18,-0.0189120031422495
1983-04-19,-0.01330035534385754
1983-04-20,-0.011892696104690126
1983-04-21,-0.012402644501520177
1983-04-22,-0.011239787331494111
1983-04-23,-0.01136507147864585
1983-04-24,-0.011339998826897402
1983-04-25,-0.01056518172383869
1983-04-26,-0.010416845335613933
1983-04-27,0.0012533201663811333
1983-04-28,0.0032186406843202064
1983-04-29,0.004234473643853542
1983-04-30,0.004263036020146549
1983-05-01,0.00432662477139778
1983-05-02,0.003513774753113319
1983-05-03,0.004481719247373395
1983-05-04,0.005475406540758065
1983-05-05,0.0067335270742476805
1983-05-06,0.0068253545596861365
1983-05-07,0.006839658022188999
1983-05-08,0.006834979226911342
1983-05-09,0.007114399431048302
1983-05-10,0.007133685886832275
1983-05-11,0.006084847150420458
1983-05-12,0.006465793930785058
1983-05-13,0.006868778195747716
1983-05-14,0.006878587349777865
1983-05-15,0.006881150241771605
1983-05-16,0.0068360273969299
1983-05-17,0.006590120751190254
1983-05-18,0.007273315284374693
1983-05-19,0.007742310733674929
1983-05-20,0.006940239469598097
1983-05-21,0.00693139102336926
1983-05-22,0.006908408088996065
1983-05-23,0.007082094188132659
1983-05-24,0.007353661514941212
1983-05-25,0.0074794702267590996
1983-05-26,0.007701028885630956
1983-05-27,0.008254717851699622
1983-05-28,0.008318896627930172
1983-05-29,0.008305859302996321
1983-05-30,0.007978736507126438
1983-05-31,0.00787686533025922
1983-06-01,0.007195068634138657
1983-06-02,0.007282088003557785
1983-06-03,0.007468352585166205
1983-06-04,0.0074527812404041605
1983-06-05,0.007453234668146402
1983-06-06,0.007512888350636793
1983-06-07,0.007376288494776562
1983-06-08,0.007484868661950417
1983-06-09,0.007339387369871941
1983-06-10,0.007454259492945425
1983-06-11,0.007455332826666661
1983-06-12,0.007499073340244911
1983-06-13,0.0074571335523092586
1983-06-14,0.007642985469405117
1983-06-15,0.007672741746045153
1983-06-16,0.007857198620977224
1983-06-17,0.009613540636580709
1983-06-18,0.009612894495093505
1983-06-19,0.009613298300641837
1983-06-20,0.009281275920707488
1983-06-21,0.009835383615411697
1983-06-22,0.00993075296331325
1983-06-23,0.01017808116709129
1983-06-24,0.01051655780976013
1983-06-25,0.01051655780976013
1983-06-26,0.010521541028705395
1983-06-27,0.010568327291279322
1983-06-28,0.010549967485744327
1983-06-29,0.010663960274287954
1983-06-30,0.01091348246943169
1983-07-01,0.010893372057483752
1983-07-02,0.010893372057483752
1983-07-03,0.011221479417885982
1983-07-04,0.011280531487624978
1983-07-05,0.011612909350923184
1983-07-06,0.011331524207047527
1983-07-07,0.011258686149900443
1983-07-08,0.011456373089921756
1983-07-09,0.011456373089921756
1983-07-10,0.011425021712976768
1983-07-11,0.010985766829122001
1983-07-12,0.011383486519485508
1983-07-13,0.01166358504449283
1983-07-14,0.015718003095018807
1983-07-15,0.017956314260160644
1983-07-16,0.01796814968099958
1983-07-17,0.01796814968099958
1983-07-18,0.017714681669443566
1983-07-19,0.019760916229037306
1983-07-20,0.02196259584283622
1983-07-21,0.023554771176627298
1983-07-22,0.0273289619184216
1983-07-23,0.02732561205797346
1983-07-24,0.027425201075761185
1983-07-25,0.027829666013392096
1983-07-26,0.03510212250266953
1983-07-27,0.04257132893982707
1983-07-28,0.04192398118576346
1983-07-29,0.04126197275830923
1983-07-30,0.04124237831751598
1983-07-31,0.04123282639339565
1983-08-01,0.04118927522987059
1983-08-02,0.041662719814771654
1983-08-03,0.04167507468727649
1983-08-04,0.04142115430505622
1983-08-05,0.04397476645214038
1983-08-06,0.04398405497781721
1983-08-07,0.043976795447514316
1983-08-08,0.043573015240597535
1983-08-09,0.044087844487307626
1983-08-10,0.045553736195492744
1983-08-11,0.04574726286294384
1983-08-12,0.04549894165783486
1983-08-13,0.045536040322581295
1983-08-14,0.04553746658845115
1983-08-15,0.045778052521664225
1983-08-16,0.04570828093929613
1983-08-17,0.04657044652058051
1983-08-18,0.04660084869901704
1983-08-19,0.046909195946432725
1983-08-20,0.04685858023935152
1983-08-21,0.04686249463376946
1983-08-22,0.04707757325430384
1983-08-23,0.04754058319965515
1983-08-24,0.04809807274008393
1983-08-25,0.04830967225890048
1983-08-26,0.04864782330114226
1983-08-27,0.048677092178415204
1983-08-28,0.048680076353031065
1983-08-29,0.04796381620493828
1983-08-30,0.048140955646071903
1983-08-31,0.048022666361110744
1983-09-01,0.047898119317375976
1983-09-02,0.04786910045429105
1983-09-03,0.04786910045429105
1983-09-04,0.04786268972505825
1983-09-05,0.04785874528740597
1983-09-06,0.04783811835869978
1983-09-07,0.04812829081028158
1983-09-08,0.05042247069905459
1983-09-09,0.050345445146816825
1983-09-10,0.050345445146816825
1983-09-11,0.050352441477038656
1983-09-12,0.050697267307791005
1983-09-13,0.05064326201754854
1983-09-14,0.05106841454945199
1983-09-15,0.051010655668610516
1983-09-16,0.05126958561708439
1983-09-17,0.05126977388391274
1983-09-18,0.051271350054410636
1983-09-19,0.051488815050841685
1983-09-20,0.05158030412634895
1983-09-21,0.05095810369821119
1983-09-22,0.050830602366491284
1983-09-23,0.05084818255191026
1983-09-24,0.050846715692629774
1983-09-25,0.050835695654165125
1983-09-26,0.051163251591491266
1983-09-27,0.05150483345373913
1983-09-28,0.05166359733137349
1983-09-29,0.051612609890487215
1983-09-30,0.05176685215770771
1983-10-01,0.05176685215770771
1983-10-02,0.051764760568909995
1983-10-03,0.05175909034751891
1983-10-04,0.051729537626668654
1983-10-05,0.051984824393896734
1983-10-06,0.05263232818139585
1983-10-07,0.05270161851998423
1983-10-08,0.05269291669262599
1983-10-09,0.05249529532726527
1983-10-10,0.05250813022237799
1983-10-11,0.052710906000494884
1983-10-12,0.053611790128216485
1983-10-13,0.05373579320988586
1983-10-14,0.05728431441978166
1983-10-15,0.05744444334341248
1983-10-16,0.05770883036970109
1983-10-17,0.05771029731949562
1983-10-18,0.0567116187809833
1983-10-19,0.055098783453498834
1983-10-20,0.059524844199951854
1983-10-21,0.06006125058185474
1983-10-22,0.059982365687972106
1983-10-23,0.060015405167656466
1983-10-24,0.06110708961487443
1983-10-25,0.06599039895672099
1983-10-26,0.06560789080546559
1983-10-27,0.07251576472898225
1983-10-28,0.07439752575779712
1983-10-29,0.07444564485300376
1983-10-30,0.07426677180220298
1983-10-31,0.07570484502836927
1983-11-01,0.07508685331509035
1983-11-02,0.0761607957574797
1983-11-03,0.07517868166270203
1983-11-04,0.07558144815960133
1983-11-05,0.07557578549781407
1983-11-06,0.07556721232703545
1983-11-07,0.07674300839010817
1983-11-08,0.07667349511440946
1983-11-09,0.07578150174169851
1983-11-10,0.0773032791436663
1983-11-11,0.07711203158222757
1983-11-12,0.07709194995285107
1983-11-13,0.07714007440629289
1983-11-14,0.07713674989245423
1983-11-15,0.07667761276624652
1983-11-16,0.07710807460344848
1983-11-17,0.07694003567669472
1983-11-18,0.07721425278011229
1983-11-19,0.07728567731203739
1983-11-20,0.07726560797785553
1983-11-21,0.07734819439053786
1983-11-22,0.0775113157517009
1983-11-23,0.07766061991849194
1983-11-24,0.07766061991849194
1983-11-25,0.07767950593641215
1983-11-26,0.07769805629979087
1983-11-27,0.07769805629979087
1983-11-28,0.07775160978299822
1983-11-29,0.07824184287069658
1983-11-30,0.07568781781468137
1983-12-01,0.07562269021359369
1983-12-02,0.07554699332799553
1983-12-03,0.07554406154544857
1983-12-04,0.07554406154544857
1983-12-05,0.07564855264764625
1983-12-06,0.07682054055832066
1983-12-07,0.0760111475601788
1983-12-08,0.07595661622604766
1983-12-09,0.07605633602576134
1983-12-10,0.0760527143184031
1983-12-11,0.07606709901058162
1983-12-12,0.07627234601990063
1983-12-13,0.07544762057733201
1983-12-14,0.07552174876447038
1983-12-15,0.07592934625268977
1983-12-16,0.0738785854790287
1983-12-17,0.07411491294355099
1983-12-18,0.07409998531246553
1983-12-19,0.07408437092054743
1983-12-20,0.0740708048397496
1983-12-21,0.073725576914351
1983-12-22,0.07402706328159825
1983-12-23,0.07406619301302153
1983-12-24,0.07406619301302153
1983-12-25,0.07406619301302153
1983-12-26,0.07406619301302153
1983-12-27,0.07415323153502573
1983-12-28,0.07419798224331497
1983-12-29,0.07422852530088964
1983-12-30,0.07423898230794412
1983-12-31,0.07423898230794412
1984-01-01,0.07423898230794412
1984-01-02,0.07423914444445412
1984-01-03,0.07424378093708328
1984-01-04,0.07423755767635942
1984-01-05,0.07436203773510841
1984-01-06,0.07410538074364625
1984-01-07,0.07411338591993166
1984-01-08,0.07411532179427782
1984-01-09,0.0741020466504978
1984-01-10,0.07412009718998869
1984-01-11,0.07428629451775426
1984-01-12,0.07406433856922168
1984-01-13,0.07392792388880443
1984-01-14,0.07392632064054316
1984-01-15,0.07392632064054316
1984-01-16,0.07360744973760469
1984-01-17,0.07080052482239774
1984-01-18,0.06979193748254198
1984-01-19,0.06657341600654032
1984-01-20,0.06631676296237399
1984-01-21,0.06619550329962709
1984-01-22,0.06620215087867676
1984-01-23,0.06418766166069623
1984-01-24,0.0656544721501422
1984-01-25,0.06607499199554656
1984-01-26,0.06880315498204048
1984-01-27,0.06945994566724423
1984-01-28,0.06946336994581714
1984-01-29,0.06946411216049686
1984-01-30,0.07091148877419884
1984-01-31,0.0786220847523611
1984-02-01,0.07797551229198785
1984-02-02,0.0785621199000941
1984-02-03,0.07893096123243493
1984-02-04,0.07892401753833145
1984-02-05,0.0789307562754058
1984-02-06,0.07906571377764005
1984-02-07,0.08008948863000742
1984-02-08,0.08482636311377156
1984-02-09,0.08598713312716733
1984-02-10,0.08645312696969176
1984-02-11,0.08629989206448885
1984-02-12,0.08631398443585114
1984-02-13,0.08607482836176095
1984-02-14,0.08412214063660928
1984-02-15,0.08515238352038113
1984-02-16,0.08544102785968488
1984-02-17,0.08796241198970978
1984-02-18,0.08800098626252506
1984-02-19,0.08802132255307438
1984-02-20,0.08801801368117457
1984-02-21,0.08758127287995632
1984-02-22,0.08740381917100293
1984-02-23,0.08724363923412293
1984-02-24,0.08705719098576692
1984-02-25,0.08702983354034122
1984-02-26,0.08702983354034122
1984-02-27,0.08706035849065263
1984-02-28,0.08657717378772678
1984-02-29,0.08745736831230588
1984-03-01,0.08748050741053826
1984-03-02,0.08747493281706165
1984-03-03,0.08747493281706165
1984-03-04,0.08747493281706165
1984-03-05,0.08632028005148884
1984-03-06,0.08579595713937427
1984-03-07,0.08556559422616039
1984-03-08,0.08507445404787273
1984-03-09,0.08511151087489877
1984-03-10,0.08511037373130037
1984-03-11,0.08509447494449218
1984-03-12,0.08452157874069699
1984-03-13,0.0841451011841321
1984-03-14,0.08360228436202166
1984-03-15,0.08537541953763439
1984-03-16,0.08588115762361159
1984-03-17,0.08588082433317279
1984-03-18,0.08588082433317279
1984-03-19,0.08581443644463738
1984-03-20,0.08474013699545568
1984-03-21,0.08434847356239006
1984-03-22,0.0844262298647791
1984-03-23,0.08391709909313194
1984-03-24,0.08393582260704946
1984-03-25,0.08399879790159792
1984-03-26,0.08344411563576992
1984-03-27,0.08346530483576364
1984-03-28,0.08355801319874434
1984-03-29,0.08372177876564368
1984-03-30,0.0839556351868953
1984-03-31,0.0839556351868953
1984-04-01,0.0839388171314297
1984-04-02,0.0843046609571918
1984-04-03,0.08454457527548653
1984-04-04,0.08380685564097878
1984-04-05,0.08396275021656341
1984-04-06,0.08415318894056623
1984-04-07,0.08415086617013579
1984-04-08,0.08415086617013579
1984-04-09,0.08415659043763757
1984-04-10,0.08450470768019436
1984-04-11,0.08224399066883814
1984-04-12,0.07993947908357746
1984-04-13,0.07902410121003545
1984-04-14,0.07895817727232579
1984-04-15,0.078990458159518
1984-04-16,0.07885488519058881
1984-04-17,0.07833595371654156
1984-04-18,0.07618993415767017
1984-04-19,0.0973297319324935
1984-04-20,0.09493596173771435
1984-04-21,0.09496825710485624
1984-04-22,0.09629144581158178
1984-04-23,0.10015034092913111
1984-04-24,0.10018245254175162
1984-04-25,0.10262663850871645
1984-04-26,0.1027689685991906
1984-04-27,0.10082166273043858
1984-04-28,0.10080510928185782
1984-04-29,0.10079828838648486
1984-04-30,0.10419208534032043
1984-05-01,0.10434301390424272
1984-05-02,0.10333832887469163
1984-05-03,0.10285501691384957
1984-05-04,0.1048598495741957
1984-05-05,0.1048407765808339
1984-05-06,0.10485285343047024
1984-05-07,0.10545184323294832
1984-05-08,0.10528664590718151
1984-05-09,0.10472844257885106
1984-05-10,0.10493937818966459
1984-05-11,0.10530031266680395
1984-05-12,0.1053086613400418
1984-05-13,0.10530713487837629
1984-05-14,0.10475252647051558
1984-05-15,0.10607348065183553
1984-05-16,0.1065971563055661
1984-05-17,0.10660371954171044
1984-05-18,0.1091365633757555
1984-05-19,0.10915727241375506
1984-05-20,0.10915823542413805
1984-05-21,0.10999739938454023
1984-05-22,0.10977188526058268
1984-05-23,0.10926524378860458
1984-05-24,0.10943177131329307
1984-05-25,0.10921982613516912
1984-05-26,0.10961920504791833
1984-05-27,0.1096264933868607
1984-05-28,0.10961031642518915
1984-05-29,0.10957070996641805
1984-05-30,0.10945521230732735
1984-05-31,0.1095238844789852
1984-06-01,0.10979404245244773
1984-06-02,0.10978003966250927
1984-06-03,0.10978116469214405
1984-06-04,0.10923027025505361
1984-06-05,0.10920785927259158
1984-06-06,0.10896541113237701
1984-06-07,0.10885013107816466
1984-06-08,0.10872713066696615
1984-06-09,0.10872713066696615
1984-06-10,0.10872912558334225
1984-06-11,0.10869699309282921
1984-06-12,0.1086834739084721
1984-06-13,0.10927228393648791
1984-06-14,0.10918570411204431
1984-06-15,0.10930033092761193
1984-06-16,0.1093005872092967
1984-06-17,0.1093047078873497
1984-06-18,0.10909494847791601
1984-06-19,0.10909713929336307
1984-06-20,0.10809485299552235
1984-06-21,0.10791373389810843
1984-06-22,0.10779025007157794
1984-06-23,0.1078490311983844
1984-06-24,0.10783529942870373
1984-06-25,0.1076553613786968
1984-06-26,0.10690811490081198
1984-06-27,0.10660442165156825
1984-06-28,0.10621908937146163
1984-06-29,0.10571082020050948
1984-06-30,0.10567962710962253
1984-07-01,0.10568404104426898
1984-07-02,0.10540836788494068
1984-07-03,0.10560313529947107
1984-07-04,0.10560313529947107
1984-07-05,0.10569707624057645
1984-07-06,0.10570030801045838
1984-07-07,0.1057038758737956
1984-07-08,0.1057038758737956
1984-07-09,0.10637067635589692
1984-07-10,0.10626651433503453
1984-07-11,0.10698892982092034
1984-07-12,0.10850344543104073
1984-07-13,0.10759549405842805
1984-07-14,0.10759617701435276
1984-07-15,0.10759422103744476
1984-07-16,0.10681222848126581
1984-07-17,0.10758925570122413
1984-07-18,0.1078733250657875
1984-07-19,0.09797537060028705
1984-07-20,0.09403756588305079
1984-07-21,0.09412126935184717
1984-07-22,0.09322870583204579
1984-07-23,0.09127971770702614
1984-07-24,0.0882983771256034
1984-07-25,0.09035904083341162
1984-07-26,0.09032647380162717
1984-07-27,0.08871748065908647
1984-07-28,0.08927625074342083
1984-07-29,0.08924341101751732
1984-07-30,0.08848947946632446
1984-07-31,0.08869088064108976
1984-08-01,0.08790520211226838
1984-08-02,0.08893700009056893
1984-08-03,0.08880174103936733
1984-08-04,0.08876830291731563
1984-08-05,0.0887610121868927
1984-08-06,0.08922980282638471
1984-08-07,0.08916790416534104
1984-08-08,0.08816466339834461
1984-08-09,0.08734501271630135
1984-08-10,0.07714431521134846
1984-08-11,0.07716122398023217
1984-08-12,0.07715182019653044
1984-08-13,0.07566416413425281
1984-08-14,0.07601283206126941
1984-08-15,0.07486753844493288
1984-08-16,0.07264665394631553
1984-08-17,0.07250095113396582
1984-08-18,0.07249273607205642
1984-08-19,0.07247979947118788
1984-08-20,0.07238632716849391
1984-08-21,0.07256083388968126
1984-08-22,0.07247364038473725
1984-08-23,0.07195760086915981
1984-08-24,0.07161820840916899
1984-08-25,0.07160265587336045
1984-08-26,0.07157725355325018
1984-08-27,0.07208001212850323
1984-08-28,0.07202301646220577
1984-08-29,0.07194530994202841
1984-08-30,0.07168618558615614
1984-08-31,0.0721434172561437
1984-09-01,0.0721434172561437
1984-09-02,0.07214669422964981
1984-09-03,0.07245195613955246
1984-09-04,0.07292826198148705
1984-09-05,0.07292380964202283
1984-09-06,0.07245421697953858
1984-09-07,0.07146301502881824
1984-09-08,0.07146301502881824
1984-09-09,0.07168276211719804
1984-09-10,0.07107365263206789
1984-09-11,0.07167129251831628
1984-09-12,0.07170835864653302
1984-09-13,0.07159125541291078
1984-09-14,0.07176856246449326
1984-09-15,0.07168918958182746
1984-09-16,0.07169020894019007
1984-09-17,0.07139109729567439
1984-09-18,0.07139439366129974
1984-09-19,0.07092179880751415
1984-09-20,0.07076612974502683
1984-09-21,0.07128073189638506
1984-09-22,0.07128073189638506
1984-09-23,0.0712563388496259
1984-09-24,0.07049786280107839
1984-09-25,0.070508853973831
1984-09-26,0.06937144041765109
1984-09-27,0.0692707337017775
1984-09-28,0.07010033256826165
1984-09-29,0.07009918076792787
1984-09-30,0.07009652049367876
1984-10-01,0.06988635017628586
1984-10-02,0.0710371697082337
1984-10-03,0.07117460626895333
1984-10-04,0.07102956482434708
1984-10-05,0.07085169279657255
1984-10-06,0.07087949217490186
1984-10-07,0.07087949217490186
1984-10-08,0.07087998236666793
1984-10-09,0.07083952435803709
1984-10-10,0.07057171190037193
1984-10-11,0.06771830714406435
1984-10-12,0.06588785175571377
1984-10-13,0.06596488829251901
1984-10-14,0.06596488829251901
1984-10-15,0.0660208064477823
1984-10-16,0.061749820026992364
1984-10-17,0.06079098005994177
1984-10-18,0.05998177519606296
1984-10-19,0.05918463802080076
1984-10-20,0.05978202544241373
1984-10-21,0.05977108230586059
1984-10-22,0.059467699615840086
1984-10-23,0.05753577501156126
1984-10-24,0.05077185143276619
1984-10-25,0.047777389450941454
1984-10-26,0.040283390715267764
1984-10-27,0.040278961610177966
1984-10-28,0.040140172574790745
1984-10-29,0.04015173327069976
1984-10-30,0.04040166048054772
1984-10-31,0.03897605557474915
1984-11-01,0.038621039302181526
1984-11-02,0.037715487181526175
1984-11-03,0.037696529239928944
1984-11-04,0.037698087866993246
1984-11-05,0.0371326561437586
1984-11-06,0.03734512323616346
1984-11-07,0.03729458217267756
1984-11-08,0.03569827700168782
1984-11-09,0.03620363172683172
1984-11-10,0.036185210400343504
1984-11-11,0.03632663807500092
1984-11-12,0.03513014422203131
1984-11-13,0.034953362943311195
1984-11-14,0.035621032022080446
1984-11-15,0.03570528830012165
1984-11-16,0.03546546080870594
1984-11-17,0.035635804704323704
1984-11-18,0.03558544364501093
1984-11-19,0.035574711876288134
1984-11-20,0.035162279829066945
1984-11-21,0.034949263236669914
1984-11-22,0.03498746558087107
1984-11-23,0.034966524050675574
1984-11-24,0.034966524050675574
1984-11-25,0.03497315921399324
1984-11-26,0.03497934446802753
1984-11-27,0.03414141945429394
1984-11-28,0.03455846132312357
1984-11-29,0.034581907590248484
1984-11-30,0.03449200991174051
1984-12-01,0.03463936840572868
1984-12-02,0.034636281831450066
1984-12-03,0.03465041284151771
1984-12-04,0.03358190498518643
1984-12-05,0.03346443419483691
1984-12-06,0.03388420100831557
1984-12-07,0.03313885999416688
1984-12-08,0.0331288399728511
1984-12-09,0.033078624645497934
1984-12-10,0.03305722197504757
1984-12-11,0.03308162548101623
1984-12-12,0.033089353843409386
1984-12-13,0.03343835653796834
1984-12-14,0.035701718641764524
1984-12-15,0.03570971140000423
1984-12-16,0.035726756012235183
1984-12-17,0.03557389565924618
1984-12-18,0.035256365455834215
1984-12-19,0.036207706196884626
1984-12-20,0.036046869338045795
1984-12-21,0.03625005443757967
1984-12-22,0.03624782915633462
1984-12-23,0.036288741606804065
1984-12-24,0.036263844893142494
1984-12-25,0.036263844893142494
1984-12-26,0.03620645211359674
1984-12-27,0.03610607298055046
1984-12-28,0.036033103266324584
1984-12-29,0.036000859875140234
1984-12-30,0.03620844984521465
1984-12-31,0.0361725483084232
1985-01-01,0.03617006922403254
1985-01-02,0.036379647327489106
1985-01-03,0.03636120539404897
1985-01-04,0.03637189984770206
1985-01-05,0.03637143902975892
1985-01-06,0.03637913386440039
1985-01-07,0.03649772770411697
1985-01-08,0.036510164300810555
1985-01-09,0.0364023312542503
1985-01-10,0.03624973349128302
1985-01-11,0.03618807730713458
1985-01-12,0.03618807730713458
1985-01-13,0.0362078870013689
1985-01-14,0.036196524525574425
1985-01-15,0.035985089279158666
1985-01-16,0.03605307383511769
1985-01-17,0.03950737244738134
1985-01-18,0.04239402624686073
1985-01-19,0.04239308920382445
1985-01-20,0.04239697575324408
1985-01-21,0.04136155768141547
1985-01-22,0.04241351892111722
1985-01-23,0.040393784657375864
1985-01-24,0.04012806475118591
1985-01-25,0.037271950517610675
1985-01-26,0.037275667380128885
1985-01-27,0.03728651903512592
1985-01-28,0.03526413942408291
1985-01-29,0.03649824082852082
1985-01-30,0.03678930167619887
1985-01-31,0.03440306938057214
1985-02-01,0.034281579815470975
1985-02-02,0.034206759440833956
1985-02-03,0.03423141653354733
1985-02-04,0.03289190686949328
1985-02-05,0.02184486713098477
1985-02-06,0.021204577846443362
1985-02-07,0.01903048457255352
1985-02-08,0.019010539788705483
1985-02-09,0.019010539788705483
1985-02-10,0.018999378593215432
1985-02-11,0.018800997100798966
1985-02-12,0.01805715163135324
1985-02-13,0.021928480595135857
1985-02-14,0.025677992221942114
1985-02-15,0.023398558461923624
1985-02-16,0.023439265826254996
1985-02-17,0.023440572167657825
1985-02-18,0.0234454335345462
1985-02-19,0.022836241643746646
1985-02-20,0.02298986852639473
1985-02-21,0.022340546226788494
1985-02-22,0.02268948673029425
1985-02-23,0.022691368163392678
1985-02-24,0.022686910072262645
1985-02-25,0.022447550722725307
1985-02-26,0.021483635090459474
1985-02-27,0.02168048913627696
1985-02-28,0.020752873095599922
1985-03-01,0.020689459016776768
1985-03-02,0.02068683609452604
1985-03-03,0.0206715733323084
1985-03-04,0.020952371739989983
1985-03-05,0.020898000461192723
1985-03-06,0.02097644388179365
1985-03-07,0.020998858068820958
1985-03-08,0.020541810269603555
1985-03-09,0.02054480251727786
1985-03-10,0.02052259999616335
1985-03-11,0.02024954904809606
1985-03-12,0.020059083909937492
1985-03-13,0.01989679544501821
1985-03-14,0.02008326448746467
1985-03-15,0.014719319684543208
1985-03-16,0.014690142512945537
1985-03-17,0.014733262196696018
1985-03-18,0.014434249197356808
1985-03-19,0.015193796700645912
1985-03-20,0.015478856142755681
1985-03-21,0.01660446626246892
1985-03-22,0.017572095888830797
1985-03-23,0.017570083016208216
1985-03-24,0.017567421522749704
1985-03-25,0.017432214151638092
1985-03-26,0.01730692952591606
1985-03-27,0.017252148662803668
1985-03-28,0.017590517306068865
1985-03-29,0.017396115459124006
1985-03-30,0.01739551759248803
1985-03-31,0.017388640833329916
1985-04-01,0.01752391927660124
1985-04-02,0.018372864583356963
1985-04-03,0.01828007373944307
1985-04-04,0.01793945759233284
1985-04-05,0.01788381849880638
1985-04-06,0.017879855630103192
1985-04-07,0.017879855630103192
1985-04-08,0.01659334645427779
1985-04-09,0.01656793063260187
1985-04-10,0.016336946922000717
1985-04-11,0.017091646430781093
1985-04-12,0.017336100785559694
1985-04-13,0.017336100785559694
1985-04-14,0.0173236073298082
1985-04-15,0.017189272997898186
1985-04-16,0.021290102537410815
1985-04-17,0.009156364203136036
1985-04-18,0.008788150140004891
1985-04-19,0.010740849863069446
1985-04-20,0.010935324473636765
1985-04-21,0.010892651873273484
1985-04-22,0.011028008198469275
1985-04-23,0.0050673001409859975
1985-04-24,0.0036175365096564605
1985-04-25,0.003401875649803099
1985-04-26,0.010892866761392561
1985-04-27,0.010890041701301145
1985-04-28,0.010892830689076094
1985-04-29,0.01040973213396712
1985-04-30,0.009095807104666953
1985-05-01,0.009991905771282283
1985-05-02,0.009761261991911852
1985-05-03,0.009856839971178255
1985-05-04,0.009724714338342322
1985-05-05,0.00973039518361718
1985-05-06,0.008783881568207752
1985-05-07,0.00875103215288342
1985-05-08,0.008006492213041838
1985-05-09,0.007872586285996519
1985-05-10,0.008148457490750882
1985-05-11,0.008154903515058098
1985-05-12,0.00813739183054607
1985-05-13,0.008237150320800524
1985-05-14,0.008214320494265737
1985-05-15,0.007725550512425183
1985-05-16,0.00823094095558674
1985-05-17,0.008255729717934202
1985-05-18,0.007815666079487915
1985-05-19,0.007755269103952633
1985-05-20,0.007905298797722393
1985-05-21,0.00750778391406981
1985-05-22,0.008984846615122999
1985-05-23,0.009597573901667378
1985-05-24,0.01001678155483976
1985-05-25,0.01001678155483976
1985-05-26,0.010017556398305816
1985-05-27,0.010013859615721543
1985-05-28,0.009857441495708441
1985-05-29,0.009846687712486757
1985-05-30,0.009645333038710513
1985-05-31,0.009375560610426215
1985-06-01,0.009375286472859345
1985-06-02,0.009431737718831101
1985-06-03,0.009460775288393064
1985-06-04,0.009471238950029104
1985-06-05,0.00983640948036113
1985-06-06,0.010256318155515753
1985-06-07,0.01020487748311627
1985-06-08,0.01020487748311627
1985-06-09,0.010206824644976242
1985-06-10,0.010204295989689305
1985-06-11,0.010851044201636961
1985-06-12,0.015300421942374909
1985-06-13,0.01534895858782992
1985-06-14,0.015296912343848446
1985-06-15,0.015302903912207233
1985-06-16,0.015293991157030229
1985-06-17,0.015342079172246725
1985-06-18,0.016205988873081667
1985-06-19,0.016740981042210112
1985-06-20,0.016771172175736204
1985-06-21,0.01765184772939099
1985-06-22,0.01765184772939099
1985-06-23,0.017696731502708785
1985-06-24,0.01761476939376827
1985-06-25,0.017819149582334326
1985-06-26,0.018282546444720715
1985-06-27,0.018127494892586693
1985-06-28,0.01813139882468673
1985-06-29,0.017951666700604774
1985-06-30,0.017953369870048475
1985-07-01,0.017973230200313495
1985-07-02,0.017950813641599783
1985-07-03,0.018258812861404072
1985-07-04,0.018258812861404072
1985-07-05,0.01844199984052941
1985-07-06,0.01845317412924552
1985-07-07,0.01845195118865406
1985-07-08,0.018768953587498194
1985-07-09,0.019234707835877662
1985-07-10,0.018829678151345064
1985-07-11,0.01476936734822365
1985-07-12,0.014280856046973822
1985-07-13,0.014295603332542095
1985-07-14,0.01428365435813439
1985-07-15,0.014093669448399515
1985-07-16,0.014259457983618606
1985-07-17,0.018895690237078044
1985-07-18,0.018373958120246225
1985-07-19,0.0207260202253019
1985-07-20,0.020725679159273147
1985-07-21,0.020698639544760367
1985-07-22,0.020702088214304526
1985-07-23,0.02185071565893315
1985-07-24,0.025857519594872702
1985-07-25,0.025893119825083355
1985-07-26,0.027126531485342387
1985-07-27,0.02721044402036421
1985-07-28,0.027200961789767497
1985-07-29,0.027802332051462653
1985-07-30,0.028775817619281385
1985-07-31,0.03366639638626534
1985-08-01,0.03379353825417586
1985-08-02,0.03352756280710256
1985-08-03,0.033439293728490194
1985-08-04,0.033455044754385765
1985-08-05,0.03346175077125646
1985-08-06,0.03329945540569956
1985-08-07,0.032260146037845105
1985-08-08,0.04109660269898874
1985-08-09,0.030618579565628856
1985-08-10,0.030621535933570643
1985-08-11,0.03061115287561078
1985-08-12,0.030395034361070605
1985-08-13,0.030297697855592665
1985-08-14,0.030271791852844565
1985-08-15,0.030743947026645513
1985-08-16,0.0314014571434893
1985-08-17,0.03142205334107162
1985-08-18,0.031429716039956146
1985-08-19,0.03104509110520648
1985-08-20,0.03164274907787101
1985-08-21,0.03369523547198239
1985-08-22,0.0339352187996762
1985-08-23,0.03421671562052264
1985-08-24,0.03423363467248475
1985-08-25,0.03422289733744477
1985-08-26,0.034278956436502694
1985-08-27,0.034200950389318585
1985-08-28,0.03434558901168039
1985-08-29,0.034304487942210304
1985-08-30,0.034761638903366476
1985-08-31,0.034761638903366476
1985-09-01,0.034761638903366476
1985-09-02,0.034760290122766824
1985-09-03,0.034807720335135794
1985-09-04,0.03458145973269411
1985-09-05,0.03473470503023024
1985-09-06,0.03598868122690413
1985-09-07,0.03598868122690413
1985-09-08,0.03598868122690413
1985-09-09,0.03583460446078379
1985-09-10,0.03580038617290615
1985-09-11,0.03568424232216172
1985-09-12,0.03559990218244491
1985-09-13,0.03563975231989236
1985-09-14,0.0356454941623745
1985-09-15,0.03558876961437463
1985-09-16,0.03576401446700839
1985-09-17,0.036166213053347995
1985-09-18,0.036204464669176595
1985-09-19,0.035820512825525785
1985-09-20,0.03557448006168662
1985-09-21,0.0355817958281035
1985-09-22,0.035583305793190245
1985-09-23,0.03561816626168679
1985-09-24,0.03600990247937608
1985-09-25,0.0360739147282656
1985-09-26,0.03608669767769035
1985-09-27,0.036147068324372755
1985-09-28,0.036147068324372755
1985-09-29,0.036149370076582255
1985-09-30,0.03472848621549418
1985-10-01,0.03480699707135071
1985-10-02,0.03524219898619485
1985-10-03,0.0352997012077545
1985-10-04,0.03546399361408903
1985-10-05,0.035471863629983336
1985-10-06,0.035471863629983336
1985-10-07,0.035513787581947565
1985-10-08,0.03574514420441588
1985-10-09,0.0357237875605092
1985-10-10,0.036725605634174485
1985-10-11,0.037670015711854576
1985-10-12,0.03761103187805581
1985-10-13,0.03760711466375488
1985-10-14,0.041523717750700406
1985-10-15,0.042548016547545586
1985-10-16,0.044118710388139526
1985-10-17,0.042650748638240144
1985-10-18,0.03905739299666222
1985-10-19,0.038783499629239104
1985-10-20,0.038769823578509666
1985-10-21,0.03601020337423133
1985-10-22,0.03543936447709117
1985-10-23,0.03115322639848528
1985-10-24,0.0308366963451856
1985-10-25,0.03618309255064789
1985-10-26,0.03632525267555531
1985-10-27,0.036314924804011994
1985-10-28,0.03836279476323168
1985-10-29,0.03906289021122844
1985-10-30,0.03675375632932387
1985-10-31,0.03786089772320311
1985-11-01,0.036914896145764375
1985-11-02,0.03691655057260457
1985-11-03,0.036926579766916934
1985-11-04,0.03755647384845129
1985-11-05,0.036362326021818436
1985-11-06,0.036949460338670415
1985-11-07,0.03935368518641158
1985-11-08,0.048304214323805716
1985-11-09,0.04830284893687131
1985-11-10,0.048298719556397085
1985-11-11,0.048269108101529845
1985-11-12,0.04706392481340327
1985-11-13,0.04678072805478428
1985-11-14,0.04612463632670449
1985-11-15,0.04610801484193905
1985-11-16,0.04620491165662255
1985-11-17,0.04620897282620451
1985-11-18,0.04405570947590509
1985-11-19,0.043856563770506174
1985-11-20,0.044989911979937514
1985-11-21,0.04523868749711779
1985-11-22,0.047138578465451
1985-11-23,0.047138578465451
1985-11-24,0.04713982941904038
1985-11-25,0.04709635001253898
1985-11-26,0.04672704262667238
1985-11-27,0.047326870815969535
1985-11-28,0.04729073352815294
1985-11-29,0.04725500828912832
1985-11-30,0.04725689470862293
1985-12-01,0.04725904216519261
1985-12-02,0.047341074790796744
1985-12-03,0.0469943151513772
1985-12-04,0.04685908656737725
1985-12-05,0.04679475807114897
1985-12-06,0.04773006644484701
1985-12-07,0.04773006644484701
1985-12-08,0.04772588932528876
1985-12-09,0.04772677676651105
1985-12-10,0.04763950571049236
1985-12-11,0.047635923608169595
1985-12-12,0.047878271679212325
1985-12-13,0.04788909402634256
1985-12-14,0.047886860160321065
1985-12-15,0.047890719660519165
1985-12-16,0.048634867774854706
1985-12-17,0.04868345865537549
1985-12-18,0.04843204158894432
1985-12-19,0.048269718904823344
1985-12-20,0.04662565962861054
1985-12-21,0.04649869205155621
1985-12-22,0.04650125222994328
1985-12-23,0.04703998402487697
1985-12-24,0.046994497419738934
1985-12-25,0.046974257731670965
1985-12-26,0.04691788762479798
1985-12-27,0.04698356800918835
1985-12-28,0.04698356800918835
1985-12-29,0.04698765312554465
1985-12-30,0.04700802561352457
1985-12-31,0.04719068255124559
1986-01-01,0.04719068255124559
1986-01-02,0.04699086719502077
1986-01-03,0.04645473676636347
1986-01-04,0.046455317464785706
1986-01-05,0.04645434879491184
1986-01-06,0.04646452682514246
1986-01-07,0.046310156746598885
1986-01-08,0.04650639417753433
1986-01-09,0.04654434613176739
1986-01-10,0.04714267537316141
1986-01-11,0.04714427066925375
1986-01-12,0.04714427066925375
1986-01-13,0.04710041581860103
1986-01-14,0.04701672902315779
1986-01-15,0.047045281761723734
1986-01-16,0.05052873112734768
1986-01-17,0.050617861280994214
1986-01-18,0.050618803473151175
1986-01-19,0.050620949479919464
1986-01-20,0.050688215922606084
1986-01-21,0.04978664431879554
1986-01-22,0.05057761450160325
1986-01-23,0.052590421904262996
1986-01-24,0.05729717563896952
1986-01-25,0.05728864332058747
1986-01-26,0.057258819713018605
1986-01-27,0.050659765271229285
1986-01-28,0.04538322242168413
1986-01-29,0.03648995697678403
1986-01-30,0.03718944474882435
1986-01-31,0.03696760710082447
1986-02-01,0.03692498153106927
1986-02-02,0.036929532153727296
1986-02-03,0.03684080235782905
1986-02-04,0.03030536067488887
1986-02-05,0.030835860848806185
1986-02-06,0.03323637598263529
1986-02-07,0.033676703251314555
1986-02-08,0.03370863558118331
1986-02-09,0.03370237460232728
1986-02-10,0.03303906428525538
1986-02-11,0.02682331447255537
1986-02-12,0.02534649389790511
1986-02-13,0.025651479573780556
1986-02-14,0.023064777011908344
1986-02-15,0.023043702505900487
1986-02-16,0.023044004062837464
1986-02-17,0.023091897182128562
1986-02-18,0.021768058914612087
1986-02-19,0.021900495262767494
1986-02-20,0.020255972519677812
1986-02-21,0.02041361966889821
1986-02-22,0.020564005507393457
1986-02-23,0.020739349327620893
1986-02-24,0.019590276230336823
1986-02-25,0.020001638933882182
1986-02-26,0.020881141893423605
1986-02-27,0.021325679616484905
1986-02-28,0.022403892585192597
1986-03-01,0.02240970464242653
1986-03-02,0.022414346779151106
1986-03-03,0.021916107772145477
1986-03-04,0.021955767329122855
1986-03-05,0.02135917142940702
1986-03-06,0.021503327231993108
1986-03-07,0.021217819727681553
1986-03-08,0.021241327439190716
1986-03-09,0.021239842402402287
1986-03-10,0.021709478670644877
1986-03-11,0.022055838372372794
1986-03-12,0.022563496941159444
1986-03-13,0.022624759694112484
1986-03-14,0.025755549333961625
1986-03-15,0.025858247451856053
1986-03-16,0.025873617848606978
1986-03-17,0.025923936156868388
1986-03-18,0.024800394617741528
1986-03-19,0.022999113334864596
1986-03-20,0.024773239386123524
1986-03-21,0.023625148883879232
1986-03-22,0.023625148883879232
1986-03-23,0.023653614527309852
1986-03-24,0.023608186321609992
1986-03-25,0.023399538778877016
1986-03-26,0.023173331520453866
1986-03-27,0.023364862689893018
1986-03-28,0.023423532855942675
1986-03-29,0.023562010740257877
1986-03-30,0.02356404713740856
1986-03-31,0.02353435284093952
1986-04-01,0.023633548520334724
1986-04-02,0.02438191427318004
1986-04-03,0.024415554706698428
1986-04-04,0.024341149926008665
1986-04-05,0.024378539080720074
1986-04-06,0.024364651795692804
1986-04-07,0.0247081300926566
1986-04-08,0.024875000444833928
1986-04-09,0.027266983182516524
1986-04-10,0.02886967477089608
1986-04-11,0.0303599583794385
1986-04-12,0.030359037470288897
1986-04-13,0.030399778713831482
1986-04-14,0.030323345439488225
1986-04-15,0.030898233804609543
1986-04-16,0.030781942408026675
1986-04-17,0.027838873297718614
1986-04-18,0.03328854893974431
1986-04-19,0.03224268898663807
1986-04-20,0.032154637702365374
1986-04-21,0.033730515083871815
1986-04-22,0.02932468144005229
1986-04-23,0.028031780106225312
1986-04-24,0.028614957393962692
1986-04-25,0.024328384625799115
1986-04-26,0.024440542130251375
1986-04-27,0.02440980768037293
1986-04-28,0.024186139871218426
1986-04-29,0.0230435129633606
1986-04-30,0.023390669497953986
1986-05-01,0.02702671013373381
1986-05-02,0.028356317382019602
1986-05-03,0.028354735534817266
1986-05-04,0.028355887458019202
1986-05-05,0.02840502807848644
1986-05-06,0.028144642160253808
1986-05-07,0.02818931426999116
1986-05-08,0.028470086862021127
1986-05-09,0.028527305861536734
1986-05-10,0.028527612741690023
1986-05-11,0.028529948161445606
1986-05-12,0.028272119382205974
1986-05-13,0.028107107306718282
1986-05-14,0.02325055943919474
1986-05-15,0.02346852759141327
1986-05-16,0.021777465119216854
1986-05-17,0.021802932220188254
1986-05-18,0.02179993391626245
1986-05-19,0.021998851494267724
1986-05-20,0.02215902015143989
1986-05-21,0.023100627475295177
1986-05-22,0.02280388614697726
1986-05-23,0.023466552721716827
1986-05-24,0.023464887741989182
1986-05-25,0.023464887741989182
1986-05-26,0.023304173025941344
1986-05-27,0.02302372887904247
1986-05-28,0.022910965174863573
1986-05-29,0.02318384389692696
1986-05-30,0.02295922152092955
1986-05-31,0.022959310248049425
1986-06-01,0.02295955222696011
1986-06-02,0.023133411202764353
1986-06-03,0.02326307454117571
1986-06-04,0.023247880977514956
1986-06-05,0.023223832966673186
1986-06-06,0.02301587601707844
1986-06-07,0.023011677980079526
1986-06-08,0.023011677980079526
1986-06-09,0.022825346076348785
1986-06-10,0.022747865889120256
1986-06-11,0.022724360866464677
1986-06-12,0.022591250901568438
1986-06-13,0.022443455210376273
1986-06-14,0.022458441946021424
1986-06-15,0.024011283462807675
1986-06-16,0.023883154629388725
1986-06-17,0.02405049177706209
1986-06-18,0.024172142090945314
1986-06-19,0.023856698108798646
1986-06-20,0.023824581751842544
1986-06-21,0.023879810671287638
1986-06-22,0.023879810671287638
1986-06-23,0.023970942356916103
1986-06-24,0.024853887175481315
1986-06-25,0.025130280468094623
1986-06-26,0.025013456316913985
1986-06-27,0.024806653210748042
1986-06-28,0.024806653210748042
1986-06-29,0.024799638322542394
1986-06-30,0.024853351117102296
1986-07-01,0.02487320112780944
1986-07-02,0.024898218947826845
1986-07-03,0.024849429935714706
1986-07-04,0.024849429935714706
1986-07-05,0.024849429935714706
1986-07-06,0.02485734463736211
1986-07-07,0.02495427081074375
1986-07-08,0.025257486680986707
1986-07-09,0.02652878404595338
1986-07-10,0.026601935666623833
1986-07-11,0.024584947457452655
1986-07-12,0.02458385540796404
1986-07-13,0.02458342774857014
1986-07-14,0.02414892070007779
1986-07-15,0.02808495826857471
1986-07-16,0.028479833488443962
1986-07-17,0.031652842875804055
1986-07-18,0.028263376118540906
1986-07-19,0.028169799187871547
1986-07-20,0.02817228686781914
1986-07-21,0.026698891884761933
1986-07-22,0.022005894998953446
1986-07-23,0.020754544112104645
1986-07-24,0.022661290404659473
1986-07-25,0.025276547996435417
1986-07-26,0.025016876424440504
1986-07-27,0.025016109177486978
1986-07-28,0.02346192161796723
1986-07-29,0.022590615314153517
1986-07-30,0.02358649196892637
1986-07-31,0.01967557556482391
1986-08-01,0.019820968556982788
1986-08-02,0.019819407264443756
1986-08-03,0.01980310690518139
1986-08-04,0.0199049794918591
1986-08-05,0.02023373786166971
1986-08-06,0.019181310732697465
1986-08-07,0.01891781883096555
1986-08-08,0.024423218697661397
1986-08-09,0.024423218697661397
1986-08-10,0.024541730118630367
1986-08-11,0.025749609855209687
1986-08-12,0.025440193200910732
1986-08-13,0.025326747968683172
1986-08-14,0.025653102831797003
1986-08-15,0.025720028865849676
1986-08-16,0.025651215870382993
1986-08-17,0.025580871442831388
1986-08-18,0.02481413747619765
1986-08-19,0.02615480043010554
1986-08-20,0.02416151676183209
1986-08-21,0.02492306710600234
1986-08-22,0.025071944444414518
1986-08-23,0.025077948440634712
1986-08-24,0.02507384688069414
1986-08-25,0.025031703453353593
1986-08-26,0.0251861236685893
1986-08-27,0.027190390534062026
1986-08-28,0.026862632685273224
1986-08-29,0.026951291201716465
1986-08-30,0.026973886829945615
1986-08-31,0.026973886829945615
1986-09-01,0.02697405223778304
1986-09-02,0.02701465896787436
1986-09-03,0.027084883806423488
1986-09-04,0.0265650410448941
1986-09-05,0.026307684134380782
1986-09-06,0.026307684134380782
1986-09-07,0.02640162628859888
1986-09-08,0.02714353573115469
1986-09-09,0.02698444095624941
1986-09-10,0.02652666977753748
1986-09-11,0.027458976567855897
1986-09-12,0.02755053515507777
1986-09-13,0.027646620388504628
1986-09-14,0.027648431202168533
1986-09-15,0.02760026657995618
1986-09-16,0.02744323751549671
1986-09-17,0.027334015349558483
1986-09-18,0.027272453349265424
1986-09-19,0.028039250242348324
1986-09-20,0.028040116134802062
1986-09-21,0.028048659077428928
1986-09-22,0.02798763256007919
1986-09-23,0.027929605173192318
1986-09-24,0.028047354360779764
1986-09-25,0.028269397316064593
1986-09-26,0.02827139873850082
1986-09-27,0.028288894095138017
1986-09-28,0.028288894095138017
1986-09-29,0.028280607651384182
1986-09-30,0.028353429803695374
1986-10-01,0.028317149139107656
1986-10-02,0.028305142838966235
1986-10-03,0.028293967510758078
1986-10-04,0.028292448896869438
1986-10-05,0.028290706257051657
1986-10-06,0.028307979014535745
1986-10-07,0.027922938199537173
1986-10-08,0.027054546500052012
1986-10-09,0.02882876609823648
1986-10-10,0.028861651941602284
1986-10-11,0.02886339092609802
1986-10-12,0.02886111855422535
1986-10-13,0.028671266232913606
1986-10-14,0.020834568122102937
1986-10-15,0.019549757664071077
1986-10-16,0.020642172741421216
1986-10-17,0.02341279141519248
1986-10-18,0.023657067606973614
1986-10-19,0.023674187146066172
1986-10-20,0.022429944691884973
1986-10-21,0.017299403533200364
1986-10-22,0.018577023381931568
1986-10-23,0.03566676936258251
1986-10-24,0.036157569029722225
1986-10-25,0.03819668954390254
1986-10-26,0.03825979368968646
1986-10-27,0.043447382031065684
1986-10-28,0.042951841979772976
1986-10-29,0.04894693035552988
1986-10-30,0.048015228896364226
1986-10-31,0.049908928479088566
1986-11-01,0.04784690856889662
1986-11-02,0.047901623155322204
1986-11-03,0.048568227193501956
1986-11-04,0.04882820189299775
1986-11-05,0.0482759701612645
1986-11-06,0.049029987087544136
1986-11-07,0.049565037458676464
1986-11-08,0.04920495247091994
1986-11-09,0.0491936263548336
1986-11-10,0.0491220196868245
1986-11-11,0.04919626946472433
1986-11-12,0.049113343449672
1986-11-13,0.049692507881713865
1986-11-14,0.052949824252525035
1986-11-15,0.05309484502042561
1986-11-16,0.0531414914622339
1986-11-17,0.05331119487565816
1986-11-18,0.053635569833539565
1986-11-19,0.05130279267074722
1986-11-20,0.05045746879729762
1986-11-21,0.05108896014473019
1986-11-22,0.05109323752895367
1986-11-23,0.05111104745522543
1986-11-24,0.05102758873613533
1986-11-25,0.05119867554835067
1986-11-26,0.04977660833347142
1986-11-27,0.049773050511413786
1986-11-28,0.05471161115875556
1986-11-29,0.05471233714346435
1986-11-30,0.0547036920283972
1986-12-01,0.05418626148257566
1986-12-02,0.054216890828639785
1986-12-03,0.053889748571008145
1986-12-04,0.05412623359724589
1986-12-05,0.05342682898963691
1986-12-06,0.05338205177621713
1986-12-07,0.05338205177621713
1986-12-08,0.05346281604217773
1986-12-09,0.054360609914252844
1986-12-10,0.05439488276346083
1986-12-11,0.05557897320693472
1986-12-12,0.0559217956429956
1986-12-13,0.05583378330862154
1986-12-14,0.0558347048444825
1986-12-15,0.05590055081249701
1986-12-16,0.05669715818121279
1986-12-17,0.055701247310113056
1986-12-18,0.055671236576919414
1986-12-19,0.05556031162000408
1986-12-20,0.05556020508944792
1986-12-21,0.055571344355836994
1986-12-22,0.05600674829185892
1986-12-23,0.055375316218504
1986-12-24,0.05466708566257883
1986-12-25,0.05466708566257883
1986-12-26,0.05463285409190477
1986-12-27,0.0546345302985638
1986-12-28,0.0546345302985638
1986-12-29,0.054768406500772304
1986-12-30,0.054784536287246555
1986-12-31,0.05514655044611905
1987-01-01,0.05515395775249465
1987-01-02,0.05612691672353898
1987-01-03,0.05612869954470967
1987-01-04,0.05612800567436449
1987-01-05,0.055911392358254375
1987-01-06,0.055907107991884475
1987-01-07,0.056191280117128484
1987-01-08,0.05655661049451921
1987-01-09,0.05642971602631208
1987-01-10,0.05642971602631208
1987-01-11,0.056426551643987244
1987-01-12,0.056649738706284314
1987-01-13,0.05689551448000252
1987-01-14,0.05644963603905495
1987-01-15,0.05628508801605281
1987-01-16,0.059962788017499546
1987-01-17,0.060023069932233275
1987-01-18,0.06002248676709909
1987-01-19,0.060191351087095946
1987-01-20,0.050878894802884655
1987-01-21,0.05026097501864002
1987-01-22,0.047378511695337355
1987-01-23,0.04518571863827203
1987-01-24,0.04516302777464176
1987-01-25,0.045187043131192484
1987-01-26,0.041139803486722526
1987-01-27,0.037568044760871055
1987-01-28,0.04135062539586176
1987-01-29,0.04967128826615763
1987-01-30,0.05348567081432609
1987-01-31,0.053480599035135246
1987-02-01,0.053480205308726214
1987-02-02,0.05475562035797643
1987-02-03,0.051793990042384275
1987-02-04,0.05223394293496075
1987-02-05,0.05125841170703316
1987-02-06,0.06050231867442335
1987-02-07,0.06061121318027762
1987-02-08,0.061044173418119296
1987-02-09,0.06088508095630085
1987-02-10,0.0600587552140206
1987-02-11,0.05861120808287823
1987-02-12,0.05701069384048152
1987-02-13,0.057357026433819236
1987-02-14,0.05733938551757345
1987-02-15,0.05734801029510628
1987-02-16,0.05736004383109816
1987-02-17,0.05694417266540275
1987-02-18,0.057957603511128
1987-02-19,0.06157272541508707
1987-02-20,0.06116612581012304
1987-02-21,0.061162997859546486
1987-02-22,0.061123010609720696
1987-02-23,0.059974706913019205
1987-02-24,0.059933505720831226
1987-02-25,0.06014868073023161
1987-02-26,0.060977774896935344
1987-02-27,0.06132690244278716
1987-02-28,0.06132684107925246
1987-03-01,0.06141829864031245
1987-03-02,0.06126447785075806
1987-03-03,0.057656661742049975
1987-03-04,0.05661287212692545
1987-03-05,0.05126904777521779
1987-03-06,0.0516801791341579
1987-03-07,0.05164200818772757
1987-03-08,0.051626487546830635
1987-03-09,0.05129258811726811
1987-03-10,0.051518071691098344
1987-03-11,0.05045463938571593
1987-03-12,0.048726733858424964
1987-03-13,0.0486805492377087
1987-03-14,0.04872753667181651
1987-03-15,0.04872782374138884
1987-03-16,0.04900348043255409
1987-03-17,0.04850541930992747
1987-03-18,0.04903211866826429
1987-03-19,0.049765130351833164
1987-03-20,0.04772826237363681
1987-03-21,0.04773581433494911
1987-03-22,0.04773317926164955
1987-03-23,0.04751978953012137
1987-03-24,0.04699237035872361
1987-03-25,0.047411623535702496
1987-03-26,0.04796071356328313
1987-03-27,0.04835955691739913
1987-03-28,0.04836701381925246
1987-03-29,0.04829916640359899
1987-03-30,0.047851542856859774
1987-03-31,0.04732049742514821
1987-04-01,0.047514547074235525
1987-04-02,0.047489405439142374
1987-04-03,0.04796089732710018
1987-04-04,0.04796375462728819
1987-04-05,0.04796392848691
1987-04-06,0.04797237614328109
1987-04-07,0.04710033070907493
1987-04-08,0.04723183334164638
1987-04-09,0.047001831186284315
1987-04-10,0.04997141643363334
1987-04-11,0.04997248393175702
1987-04-12,0.049972475562503726
1987-04-13,0.04822368167962088
1987-04-14,0.04813298079069073
1987-04-15,0.0474225238377981
1987-04-16,0.05027327027628781
1987-04-17,0.05098584700812503
1987-04-18,0.05101449520059331
1987-04-19,0.0510635879087471
1987-04-20,0.05135869737955434
1987-04-21,0.05838443984716357
1987-04-22,0.06141043395708601
1987-04-23,0.06669455189810414
1987-04-24,0.08200997619577843
1987-04-25,0.07912083804707026
1987-04-26,0.07901499607930362
1987-04-27,0.07547208117183413
1987-04-28,0.07464181116970559
1987-04-29,0.07018024641996656
1987-04-30,0.07475043002718018
1987-05-01,0.07495480755619721
1987-05-02,0.07474496499402239
1987-05-03,0.07475433109413343
1987-05-04,0.07402196248566573
1987-05-05,0.07490793524127115
1987-05-06,0.0758557946369649
1987-05-07,0.07553844568755408
1987-05-08,0.07615291688112968
1987-05-09,0.07634386633000867
1987-05-10,0.07628677666636063
1987-05-11,0.07633953848657482
1987-05-12,0.07996767783999181
1987-05-13,0.07990425779694443
1987-05-14,0.08001927244065898
1987-05-15,0.08031994147775512
1987-05-16,0.08030791714193364
1987-05-17,0.08030828783866562
1987-05-18,0.08013155708152198
1987-05-19,0.0823458161094257
1987-05-20,0.08157854269636444
1987-05-21,0.08154355188466655
1987-05-22,0.08136378944213418
1987-05-23,0.08138946422008275
1987-05-24,0.08139223933128181
1987-05-25,0.08138947143048969
1987-05-26,0.08154993198273708
1987-05-27,0.08111265544883639
1987-05-28,0.08156489876886486
1987-05-29,0.08123863513845708
1987-05-30,0.08123863513845708
1987-05-31,0.08128611462318003
1987-06-01,0.08126264887706114
1987-06-02,0.08140914834734225
1987-06-03,0.08117854641361189
1987-06-04,0.08139348312969874
1987-06-05,0.08145089337516387
1987-06-06,0.0814454306866994
1987-06-07,0.08100279073322936
1987-06-08,0.08061617392361797
1987-06-09,0.08063848097552273
1987-06-10,0.08064863870008554
1987-06-11,0.08042006272676572
1987-06-12,0.0805087664794153
1987-06-13,0.08055728820655506
1987-06-14,0.08055998806069309
1987-06-15,0.08053605517884477
1987-06-16,0.08038316806927215
1987-06-17,0.08001438633229063
1987-06-18,0.080186448372223
1987-06-19,0.07970385181424033
1987-06-20,0.07974953365589887
1987-06-21,0.07974953365589887
1987-06-22,0.07989226713234099
1987-06-23,0.07907216070689693
1987-06-24,0.07911663199923935
1987-06-25,0.07886703247421356
1987-06-26,0.07919757960537677
1987-06-27,0.07919567859685639
1987-06-28,0.0791974476217292
1987-06-29,0.07893641014739816
1987-06-30,0.07952735898759355
1987-07-01,0.07978034135172196
1987-07-02,0.07996209956665012
1987-07-03,0.07996503705572033
1987-07-04,0.07996503705572033
1987-07-05,0.07996503705572033
1987-07-06,0.07994733356852968
1987-07-07,0.07988220141684543
1987-07-08,0.08011712753267308
1987-07-09,0.09193682507846401
1987-07-10,0.09092240357883474
1987-07-11,0.09092573299191775
1987-07-12,0.09092821676790552
1987-07-13,0.08983464715048917
1987-07-14,0.08292606694263083
1987-07-15,0.08367314389454505
1987-07-16,0.08178333646993008
1987-07-17,0.08488364228122891
1987-07-18,0.08489258982703496
1987-07-19,0.08489849644444725
1987-07-20,0.08458980731896881
1987-07-21,0.08866053051430978
1987-07-22,0.08997218121678907
1987-07-23,0.09309221273655499
1987-07-24,0.0987776073796991
1987-07-25,0.09881910273983219
1987-07-26,0.09871309696627151
1987-07-27,0.09753188700701321
1987-07-28,0.10138996952970758
1987-07-29,0.10501029247524074
1987-07-30,0.10564780602759338
1987-07-31,0.10447419883026043
1987-08-01,0.10442122159730771
1987-08-02,0.10441813383629062
1987-08-03,0.10389048722384508
1987-08-04,0.10337153902228802
1987-08-05,0.10411068888301944
1987-08-06,0.10374737943286849
1987-08-07,0.10373796077241604
1987-08-08,0.10372493578324238
1987-08-09,0.10372490638241305
1987-08-10,0.10306110971803495
1987-08-11,0.10316923770996866
1987-08-12,0.10355793952995063
1987-08-13,0.10330169022070068
1987-08-14,0.10351104756152307
1987-08-15,0.10344732157064618
1987-08-16,0.10348226958699502
1987-08-17,0.1051978446602293
1987-08-18,0.10583631997287624
1987-08-19,0.106964768407801
1987-08-20,0.1069359685118425
1987-08-21,0.10686318676113382
1987-08-22,0.10686521915179115
1987-08-23,0.10686301685647948
1987-08-24,0.10723569260616306
1987-08-25,0.10529871195989249
1987-08-26,0.10177496595754087
1987-08-27,0.10146411485094564
1987-08-28,0.10080496915728765
1987-08-29,0.10080496915728765
1987-08-30,0.10125852465706897
1987-08-31,0.10115611442691552
1987-09-01,0.10152166938766949
1987-09-02,0.1023432339998529
1987-09-03,0.10228586934146189
1987-09-04,0.10212507151081973
1987-09-05,0.10212507151081973
1987-09-06,0.10212722316514755
1987-09-07,0.10212722316514755
1987-09-08,0.10152842442867027
1987-09-09,0.10180184576634987
1987-09-10,0.10051899262698938
1987-09-11,0.10011161743151664
1987-09-12,0.10011227612817586
1987-09-13,0.1001529515263242
1987-09-14,0.10021973037714305
1987-09-15,0.10027009434018064
1987-09-16,0.1004012613244849
1987-09-17,0.10058320115242703
1987-09-18,0.10068787716399585
1987-09-19,0.10046479450518286
1987-09-20,0.10046479450518286
1987-09-21,0.10017203362599814
1987-09-22,0.09991066490564582
1987-09-23,0.10038996930363364
1987-09-24,0.10025471308738165
1987-09-25,0.10028157424910566
1987-09-26,0.10028141757630893
1987-09-27,0.10028141757630893
1987-09-28,0.09986532026861328
1987-09-29,0.09997458872183751
1987-09-30,0.09968821917971549
1987-10-01,0.10081155429100908
1987-10-02,0.10079930372560808
1987-10-03,0.10073357659638149
1987-10-04,0.1007329145306084
1987-10-05,0.1008068798886752
1987-10-06,0.10084612691222739
1987-10-07,0.10083493333503668
1987-10-08,0.10174903329964868
1987-10-09,0.10259331648940417
1987-10-10,0.10260967243846664
1987-10-11,0.10258521007864974
1987-10-12,0.10263214897494288
1987-10-13,0.10478791992231007
1987-10-14,0.10256481836845
1987-10-15,0.10607099155652566
1987-10-16,0.10733301223642178
1987-10-17,0.107326755385317
1987-10-18,0.10730606326099101
1987-10-19,0.11027619770398522
1987-10-20,0.11604206081324464
1987-10-21,0.11689050025129966
1987-10-22,0.11960798530053385
1987-10-23,0.1189084658606463
1987-10-24,0.1189336681272597
1987-10-25,0.11891870368919166
1987-10-26,0.11884837518067815
1987-10-27,0.1305115707081892
1987-10-28,0.10784736738682099
1987-10-29,0.10736749018783098
1987-10-30,0.10812259063891272
1987-10-31,0.10846695619207813
1987-11-01,0.10827367572940627
1987-11-02,0.10904523392434351
1987-11-03,0.10924572711315395
1987-11-04,0.10703314637221673
1987-11-05,0.10739022793039954
1987-11-06,0.10729624433877238
1987-11-07,0.10763636138340904
1987-11-08,0.1076353573548594
1987-11-09,0.10807420137824941
1987-11-10,0.108477805169374
1987-11-11,0.10915918847267303
1987-11-12,0.10955563487417108
1987-11-13,0.10751311759812654
1987-11-14,0.10489123365158859
1987-11-15,0.10483322139422313
1987-11-16,0.10444470771249614
1987-11-17,0.10329965956418952
1987-11-18,0.10352253429290292
1987-11-19,0.10419601877050266
1987-11-20,0.10575986312330521
1987-11-21,0.10573311003733998
1987-11-22,0.10565064982592709
1987-11-23,0.10565022308203731
1987-11-24,0.1055661091786535
1987-11-25,0.10585396052610996
1987-11-26,0.10585396052610996
1987-11-27,0.1048789873739282
1987-11-28,0.10485513447785655
1987-11-29,0.10485481399195784
1987-11-30,0.10375759550316466
1987-12-01,0.10385610435864967
1987-12-02,0.10348272748953691
1987-12-03,0.1034768079438555
1987-12-04,0.10353914364303551
1987-12-05,0.10352186913146477
1987-12-06,0.1035216662424332
1987-12-07,0.10252158604629447
1987-12-08,0.10122558873441156
1987-12-09,0.10140594377860168
1987-12-10,0.10058481281559617
1987-12-11,0.10054637178565029
1987-12-12,0.10054685695035293
1987-12-13,0.10060568941242343
1987-12-14,0.10060022845373395
1987-12-15,0.10050094770565288
1987-12-16,0.1010062186376719
1987-12-17,0.10080294148678193
1987-12-18,0.10030159397671845
1987-12-19,0.1003103613984162
1987-12-20,0.10030853102847592
1987-12-21,0.10025949347970498
1987-12-22,0.10043481674133692
1987-12-23,0.10007395354214266
1987-12-24,0.1000771224668644
1987-12-25,0.1000771224668644
1987-12-26,0.1000771224668644
1987-12-27,0.10005613936048685
1987-12-28,0.10005871826205426
1987-12-29,0.09998193320856053
1987-12-30,0.099851770636177
1987-12-31,0.09983078791785926
1988-01-01,0.09981962327744931
1988-01-02,0.09981962327744931
1988-01-03,0.09981982068974116
1988-01-04,0.10056585201275592
1988-01-05,0.10099807874440114
1988-01-06,0.10133825295993004
1988-01-07,0.10299394844589438
1988-01-08,0.10301401726336934
1988-01-09,0.10301401726336934
1988-01-10,0.1030141726789422
1988-01-11,0.10274080445606981
1988-01-12,0.10266790542087167
1988-01-13,0.10385318515610331
1988-01-14,0.10407126258175636
1988-01-15,0.10495251191815824
1988-01-16,0.10495251191815824
1988-01-17,0.1049386599787645
1988-01-18,0.10449775354869884
1988-01-19,0.10902949407161189
1988-01-20,0.11286819914963675
1988-01-21,0.11575797063078919
1988-01-22,0.11630854445313332
1988-01-23,0.11635291216240962
1988-01-24,0.11639756349906061
1988-01-25,0.11033955485585012
1988-01-26,0.10948720832212233
1988-01-27,0.11033384141968106
1988-01-28,0.11470165722641568
1988-01-29,0.11469007835732015
1988-01-30,0.1146972331417484
1988-01-31,0.1146801977437133
1988-02-01,0.10250659849540833
1988-02-02,0.10864305060509438
1988-02-03,0.10652471805179031
1988-02-04,0.10715213072971541
1988-02-05,0.10721983622019016
1988-02-06,0.10722260538084938
1988-02-07,0.10705281738907146
1988-02-08,0.10810779180653651
1988-02-09,0.1263243131127756
1988-02-10,0.09771739584808659
1988-02-11,0.09661707110015705
1988-02-12,0.09660474826958132
1988-02-13,0.09606094525635633
1988-02-14,0.0958803145627154
1988-02-15,0.09515056450329396
1988-02-16,0.09230331862333885
1988-02-17,0.09059038103323735
1988-02-18,0.0787598675049006
1988-02-19,0.0737744887487668
1988-02-20,0.07377245653813103
1988-02-21,0.07350727383311595
1988-02-22,0.07388531826816958
1988-02-23,0.07545976003118726
1988-02-24,0.07716531845435637
1988-02-25,0.0787644295620673
1988-02-26,0.07863554152539742
1988-02-27,0.07863670408911472
1988-02-28,0.0681179220516317
1988-02-29,0.06786177930325432
1988-03-01,0.06666195999382563
1988-03-02,0.06645380122540057
1988-03-03,0.07034840050687818
1988-03-04,0.06961972126074101
1988-03-05,0.06977235757997513
1988-03-06,0.0697666948207869
1988-03-07,0.06952518350853598
1988-03-08,0.07031303926990251
1988-03-09,0.0703602397042733
1988-03-10,0.07088216921448676
1988-03-11,0.0709916567298512
1988-03-12,0.07110935432790377
1988-03-13,0.07109378079017081
1988-03-14,0.07137099375913425
1988-03-15,0.06785412418599202
1988-03-16,0.065445501520635
1988-03-17,0.06913998824585854
1988-03-18,0.07010560436860103
1988-03-19,0.07013820767999102
1988-03-20,0.07013704808036403
1988-03-21,0.0699800067541767
1988-03-22,0.06896945298432589
1988-03-23,0.06885243061967938
1988-03-24,0.06873536071421249
1988-03-25,0.06874056320790478
1988-03-26,0.06873469752712591
1988-03-27,0.06873475947679286
1988-03-28,0.069278323004345
1988-03-29,0.06923015436695579
1988-03-30,0.06857443650948958
1988-03-31,0.06868064077799141
1988-04-01,0.06867447100170487
1988-04-02,0.06866921171635543
1988-04-03,0.06866782795578485
1988-04-04,0.06853358887670824
1988-04-05,0.06782536514643267
1988-04-06,0.06852029168851637
1988-04-07,0.06872989084478642
1988-04-08,0.06598477553569504
1988-04-09,0.06597907674527015
1988-04-10,0.06597782332889457
1988-04-11,0.06633599401978629
1988-04-12,0.06606645042852044
1988-04-13,0.06420169787289676
1988-04-14,0.06955912715542034
1988-04-15,0.07017851569064382
1988-04-16,0.0702179137563892
1988-04-17,0.07108313172541991
1988-04-18,0.06961202704929681
1988-04-19,0.06977561441518954
1988-04-20,0.06679055743141982
1988-04-21,0.06742403248714246
1988-04-22,0.06718330442597953
1988-04-23,0.06721448173770539
1988-04-24,0.06720241370030511
1988-04-25,0.06624471656047559
1988-04-26,0.06408373840283033
1988-04-27,0.05640795069498772
1988-04-28,0.05330065387720717
1988-04-29,0.053856062757740464
1988-04-30,0.05381738845133133
1988-05-01,0.05379432231229786
1988-05-02,0.0539037127288744
1988-05-03,0.050737869960616244
1988-05-04,0.05062125498851855
1988-05-05,0.05076973417263475
1988-05-06,0.05022103310211112
1988-05-07,0.05013918326933364
1988-05-08,0.05013797854131963
1988-05-09,0.050020996154114705
1988-05-10,0.05132758160963058
1988-05-11,0.0523170530274204
1988-05-12,0.05100785363162719
1988-05-13,0.052943498065398886
1988-05-14,0.05298606254321614
1988-05-15,0.05307179954279784
1988-05-16,0.05339977807356866
1988-05-17,0.053346368817134726
1988-05-18,0.052308350675130066
1988-05-19,0.05156201364350288
1988-05-20,0.05126931144652369
1988-05-21,0.05135274378255761
1988-05-22,0.05135961686331081
1988-05-23,0.05098963322615879
1988-05-24,0.05061898535333653
1988-05-25,0.04987536415062288
1988-05-26,0.04480886227517189
1988-05-27,0.043565406732177125
1988-05-28,0.04354505743112802
1988-05-29,0.04354469530218985
1988-05-30,0.043556344376012746
1988-05-31,0.04365634339490532
1988-06-01,0.04351932475314846
1988-06-02,0.04338623484275228
1988-06-03,0.04339505497298135
1988-06-04,0.04349026141510359
1988-06-05,0.04349043427668842
1988-06-06,0.04334696215754441
1988-06-07,0.04334760907642088
1988-06-08,0.04307141384358837
1988-06-09,0.04272301016935365
1988-06-10,0.038559231890683554
1988-06-11,0.03855775863159705
1988-06-12,0.03855787712423253
1988-06-13,0.038491097248176676
1988-06-14,0.03864513210062981
1988-06-15,0.03887968880955883
1988-06-16,0.03890711837949179
1988-06-17,0.039232527976100995
1988-06-18,0.039232527976100995
1988-06-19,0.039228725103140905
1988-06-20,0.03927870942942269
1988-06-21,0.03944741950494235
1988-06-22,0.039170490806931246
1988-06-23,0.03876522667477622
1988-06-24,0.038721199114351235
1988-06-25,0.03866791277131165
1988-06-26,0.03866834045687928
1988-06-27,0.03848971209570151
1988-06-28,0.03835620492611502
1988-06-29,0.03754972426453684
1988-06-30,0.03696361398128012
1988-07-01,0.036375026471444194
1988-07-02,0.03637500818535311
1988-07-03,0.03637623828717795
1988-07-04,0.03637623828717795
1988-07-05,0.036391391349730906
1988-07-06,0.03636365434269373
1988-07-07,0.0361940116277113
1988-07-08,0.03231010427392844
1988-07-09,0.032319381765905764
1988-07-10,0.032319381765905764
1988-07-11,0.033375555376532695
1988-07-12,0.03381139269187883
1988-07-13,0.028967679899442933
1988-07-14,0.029408772739456746
1988-07-15,0.02782052538501545
1988-07-16,0.027691134813264462
1988-07-17,0.027692131972033573
1988-07-18,0.028937915756531485
1988-07-19,0.028803895357732978
1988-07-20,0.028440173865780904
1988-07-21,0.027490200759719086
1988-07-22,0.024751747378102262
1988-07-23,0.024693836064253682
1988-07-24,0.024652729073088686
1988-07-25,0.025352031066283143
1988-07-26,0.0360068338860382
1988-07-27,0.027516223053933198
1988-07-28,0.029610764154419877
1988-07-29,0.02898526996609485
1988-07-30,0.028517410948235122
1988-07-31,0.028520701695868622
1988-08-01,0.028803744739788195
1988-08-02,0.03135325004381628
1988-08-03,0.03188222569804222
1988-08-04,0.03166659374459213
1988-08-05,0.0327240084137328
1988-08-06,0.03270802398667394
1988-08-07,0.03277173789228183
1988-08-08,0.03258614448468511
1988-08-09,0.0332017453253064
1988-08-10,0.040634789402362426
1988-08-11,0.03816505946479376
1988-08-12,0.03380923894895971
1988-08-13,0.033933764384878495
1988-08-14,0.033993522581515334
1988-08-15,0.03401526181056824
1988-08-16,0.03471774444772113
1988-08-17,0.03148429388337015
1988-08-18,0.03221868799803662
1988-08-19,0.03226052221339493
1988-08-20,0.032306748499638216
1988-08-21,0.03258692096140181
1988-08-22,0.03328846446202194
1988-08-23,0.03290901563762749
1988-08-24,0.03328965469899181
1988-08-25,0.038467231645779254
1988-08-26,0.03850552536654983
1988-08-27,0.03851117096916834
1988-08-28,0.03851533264095752
1988-08-29,0.03776517799886103
1988-08-30,0.03732207438760815
1988-08-31,0.03727589780834917
1988-09-01,0.03737178757596005
1988-09-02,0.0372606389957717
1988-09-03,0.03723898624242139
1988-09-04,0.03723946315726301
1988-09-05,0.037246941604269335
1988-09-06,0.03736256360616563
1988-09-07,0.037124982460424505
1988-09-08,0.03800469567467046
1988-09-09,0.03900192409683134
1988-09-10,0.03900039795705457
1988-09-11,0.038992459358646814
1988-09-12,0.03859034332818334
1988-09-13,0.037930438373667386
1988-09-14,0.037238349861887565
1988-09-15,0.03714392173554648
1988-09-16,0.03675556876807762
1988-09-17,0.03683228716665643
1988-09-18,0.036819399159387034
1988-09-19,0.03660108117670813
1988-09-20,0.036194329375269785
1988-09-21,0.036153151345379664
1988-09-22,0.03644991703136724
1988-09-23,0.03646143851288919
1988-09-24,0.03644150919840006
1988-09-25,0.036436031310009165
1988-09-26,0.03641642420447444
1988-09-27,0.036397616414319156
1988-09-28,0.03638541958493757
1988-09-29,0.036469057408948125
1988-09-30,0.03659645437833947
1988-10-01,0.036586664488535314
1988-10-02,0.036586664488535314
1988-10-03,0.03663063974006975
1988-10-04,0.03539581861735819
1988-10-05,0.0357086331081371
1988-10-06,0.03604205453987408
1988-10-07,0.037050854861448546
1988-10-08,0.037050854861448546
1988-10-09,0.037099838838603905
1988-10-10,0.03710005556369267
1988-10-11,0.03172218813060246
1988-10-12,0.031208385722815146
1988-10-13,0.03063242851600867
1988-10-14,0.028058366845292726
1988-10-15,0.028065055729929567
1988-10-16,0.02803591178702658
1988-10-17,0.02727280475141769
1988-10-18,0.026840722678961093
1988-10-19,0.02358355037550086
1988-10-20,0.018160513760751673
1988-10-21,0.014264869956347903
1988-10-22,0.014292698351167088
1988-10-23,0.01430343403462131
1988-10-24,0.010636441339998859
1988-10-25,0.008604708062486255
1988-10-26,0.010179807708387889
1988-10-27,0.00930873448731595
1988-10-28,0.009292971207635281
1988-10-29,0.008979556990414528
1988-10-30,0.00907523235113361
1988-10-31,0.009139931674958301
1988-11-01,0.0098701129765415
1988-11-02,0.00942159574977075
1988-11-03,0.009785929011683292
1988-11-04,0.009644206354058271
1988-11-05,0.009772245037565686
1988-11-06,0.009780443451407272
1988-11-07,0.010229047808494096
1988-11-08,0.009092239252812995
1988-11-09,0.008605532370611124
1988-11-10,0.00902632754301802
1988-11-11,0.009426560623703839
1988-11-12,0.009427848169665465
1988-11-13,0.009418590542353167
1988-11-14,0.00861112342613679
1988-11-15,0.00822317086768698
1988-11-16,0.011474120044610903
1988-11-17,0.008093298107340718
1988-11-18,0.007477045882734457
1988-11-19,0.0074805779865991795
1988-11-20,0.00746474813498188
1988-11-21,0.006903893142607975
1988-11-22,0.006725334306764363
1988-11-23,0.007889337590984757
1988-11-24,0.007890947210610344
1988-11-25,0.007967921778374576
1988-11-26,0.007961770824344239
1988-11-27,0.007969374443964394
1988-11-28,0.007774061748551331
1988-11-29,0.007741357107922786
1988-11-30,0.007920003370820217
1988-12-01,0.00846879091908015
1988-12-02,0.008619080790100764
1988-12-03,0.00861348977082188
1988-12-04,0.00861535706785621
1988-12-05,0.008379341379450622
1988-12-06,0.008954095878186852
1988-12-07,0.00955902534059283
1988-12-08,0.010563771562096091
1988-12-09,0.010605485124609793
1988-12-10,0.010607987329166013
1988-12-11,0.01061197203248243
1988-12-12,0.010706083525994448
1988-12-13,0.010211928635283751
1988-12-14,0.010551106721613523
1988-12-15,0.01071883807240992
1988-12-16,0.011342357091136623
1988-12-17,0.01133427459334091
1988-12-18,0.011315402470473135
1988-12-19,0.011395658252417507
1988-12-20,0.01120952448067225
1988-12-21,0.011935125846685324
1988-12-22,0.01220712322227846
1988-12-23,0.01166150622537443
1988-12-24,0.011663079728253978
1988-12-25,0.011663079728253978
1988-12-26,0.01166451561807147
1988-12-27,0.011600485967765417
1988-12-28,0.01154440726626249
1988-12-29,0.011543381303462663
1988-12-30,0.010688469919130084
1988-12-31,0.010688469919130084
1989-01-01,0.010688469919130084
1989-01-02,0.010688469919130084
1989-01-03,0.011110908560520105
1989-01-04,0.01107472178620239
1989-01-05,0.01096325639529927
1989-01-06,0.010847633603007889
1989-01-07,0.010847633603007889
1989-01-08,0.010847633603007889
1989-01-09,0.010921217706093334
1989-01-10,0.009237621485272296
1989-01-11,0.00877184998748537
1989-01-12,0.008634091461758864
1989-01-13,0.008550671314771163
1989-01-14,0.00854263213252704
1989-01-15,0.008542190254908766
1989-01-16,0.009860833415338499
1989-01-17,0.009882555697132478
1989-01-18,0.011398307270230834
1989-01-19,0.007580409892697038
1989-01-20,0.009696226011953302
1989-01-21,0.010090265772092044
1989-01-22,0.01011080570822842
1989-01-23,0.003097565379876155
1989-01-24,0.006796900448835963
1989-01-25,0.003456360327050767
1989-01-26,0.010867214336141462
1989-01-27,0.011865009440862329
1989-01-28,0.011751696525775346
1989-01-29,0.011752498816663959
1989-01-30,0.01105464367933573
1989-01-31,0.012402148227382837
1989-02-01,0.016041903968913696
1989-02-02,0.015299123508652812
1989-02-03,0.014143877896090506
1989-02-04,0.014109385953990694
1989-02-05,0.014109385953990694
1989-02-06,0.013780403747450487
1989-02-07,0.010735646423952527
1989-02-08,0.008303808465253137
1989-02-09,0.004040405629206489
1989-02-10,0.003880729274985395
1989-02-11,0.003983529317512335
1989-02-12,0.004006803959165639
1989-02-13,0.0038059756415622648
1989-02-14,0.007337297311112545
1989-02-15,0.006585833051941936
1989-02-16,0.009606135665582105
1989-02-17,0.008181872411194835
1989-02-18,0.008161399901127409
1989-02-19,0.00816113609924396
1989-02-20,0.008162491843050068
1989-02-21,0.008973930520727702
1989-02-22,0.008231066071457072
1989-02-23,0.009685733948020747
1989-02-24,0.010786153501538776
1989-02-25,0.010785732889442512
1989-02-26,0.010791107627396102
1989-02-27,0.009936963921686415
1989-02-28,0.010328068864632112
1989-03-01,0.010293009691425103
1989-03-02,0.010537304560568339
1989-03-03,0.008503521930581792
1989-03-04,0.0085101406594974
1989-03-05,0.00852502259718646
1989-03-06,0.00822367540381208
1989-03-07,0.008360014330634602
1989-03-08,0.007462366082509719
1989-03-09,0.007650623030722725
1989-03-10,0.007360967551605535
1989-03-11,0.007376842911351877
1989-03-12,0.007376269901099963
1989-03-13,0.007310418887110481
1989-03-14,0.007592258574110833
1989-03-15,0.009179401626281836
1989-03-16,0.008910769895235537
1989-03-17,0.009316488502501219
1989-03-18,0.009315532602989007
1989-03-19,0.00931715086629703
1989-03-20,0.009583060577920133
1989-03-21,0.009859413447050214
1989-03-22,0.009790884171519298
1989-03-23,0.009696452700476366
1989-03-24,0.009234664402302473
1989-03-25,0.009232919266679573
1989-03-26,0.009240081699052105
1989-03-27,0.008740813449077622
1989-03-28,0.008902730932809577
1989-03-29,0.009243524865623076
1989-03-30,0.009460233792063288
1989-03-31,0.008997762851790991
1989-04-01,0.009087519846909586
1989-04-02,0.009083826408560647
1989-04-03,0.008798223602767496
1989-04-04,0.008313404556529402
1989-04-05,0.00835126876654102
1989-04-06,0.007951384663634542
1989-04-07,0.007697332241733523
1989-04-08,0.0077021919522950455
1989-04-09,0.007702150850902312
1989-04-10,0.002829165232569375
1989-04-11,0.002543672473368286
1989-04-12,0.0025548623136080195
1989-04-13,0.001115744676367214
1989-04-14,0.00030307905036908167
1989-04-15,0.00023485374430110006
1989-04-16,0.00014991927985263942
1989-04-17,-0.0024181194232736347
1989-04-18,-0.002436486625715606
1989-04-19,-0.0030215585282107327
1989-04-20,-0.006299495140057565
1989-04-21,-0.012605165957364939
1989-04-22,-0.012271651639837011
1989-04-23,-0.012621513626638659
1989-04-24,-0.010259545340020382
1989-04-25,-0.0029036644520504806
1989-04-26,-0.00563701024046126
1989-04-27,-0.008535495525535897
1989-04-28,-0.009465695182835354
1989-04-29,-0.009553250221471354
1989-04-30,-0.0093832628102275
1989-05-01,-0.009668113939032885
1989-05-02,-0.001876274969674241
1989-05-03,-0.004077536012144001
1989-05-04,-0.0056864386031064695
1989-05-05,-0.005977947175268228
1989-05-06,-0.005925756320054099
1989-05-07,-0.005935472652734419
1989-05-08,-0.005309089538753087
1989-05-09,-0.006762490970286028
1989-05-10,-0.006331726387562964
1989-05-11,-0.005236550847661614
1989-05-12,-0.006892611421732253
1989-05-13,-0.006881676761568922
1989-05-14,-0.006864138454188762
1989-05-15,-0.00715227240043792
1989-05-16,-0.007200687692764274
1989-05-17,-0.007080518094064847
1989-05-18,-0.006736701687760305
1989-05-19,-0.006755787458905926
1989-05-20,-0.006761192450098541
1989-05-21,-0.0067405105962891065
1989-05-22,-0.006817329777879744
1989-05-23,-0.006927527666482969
1989-05-24,-0.007180296808738662
1989-05-25,-0.0069007471629984884
1989-05-26,-0.0012709432325282988
1989-05-27,-0.0012714879365574028
1989-05-28,-0.0012710394455700547
1989-05-29,-0.0013081594784608574
1989-05-30,-0.0012199149254212838
1989-05-31,-0.001292454478958871
1989-06-01,-0.001439072495895588
1989-06-02,-0.0015588109949219442
1989-06-03,-0.0015584511768915732
1989-06-04,-0.0015571651339876258
1989-06-05,-0.0013240645919571081
1989-06-06,-0.0010013921012923532
1989-06-07,0.0015870811767968451
1989-06-08,0.001498818048653483
1989-06-09,0.0037357443499210774
1989-06-10,0.0037340777305385764
1989-06-11,0.0037355385623192294
1989-06-12,0.0036290421915046167
1989-06-13,0.003296782854535163
1989-06-14,0.0031060527814246175
1989-06-15,0.0027409707979706432
1989-06-16,0.0027372356228203554
1989-06-17,0.002735422019969125
1989-06-18,0.0027348983990269637
1989-06-19,0.002779678270482311
1989-06-20,0.002954093783956946
1989-06-21,0.0026431744515562627
1989-06-22,0.00274059859845055
1989-06-23,0.0026900691140636646
1989-06-24,0.0026900691140636646
1989-06-25,0.002690454442039858
1989-06-26,0.0027063405692142606
1989-06-27,0.0027725116447581133
1989-06-28,0.0025558914402006305
1989-06-29,0.0028647560595465027
1989-06-30,0.003104700967791141
1989-07-01,0.003104700967791141
1989-07-02,0.003112047847898758
1989-07-03,0.0038439621849521988
1989-07-04,0.0038439621849521988
1989-07-05,0.0036939980774624015
1989-07-06,0.004882404070377655
1989-07-07,0.004869753968725021
1989-07-08,0.00487039749070628
1989-07-09,0.004870749037314548
1989-07-10,0.005053028501239121
1989-07-11,0.005202841317524021
1989-07-12,0.011167198942202194
1989-07-13,0.010548662929436015
1989-07-14,0.010733912836470738
1989-07-15,0.010733912836470738
1989-07-16,0.010717131629741639
1989-07-17,0.010471346210341848
1989-07-18,0.010800362650581041
1989-07-19,0.010255458476716717
1989-07-20,0.008588118825182622
1989-07-21,0.00949258074402648
1989-07-22,0.009960811948954928
1989-07-23,0.009826783117503401
1989-07-24,0.007957852519047126
1989-07-25,0.008146758773382334
1989-07-26,0.008516512764198847
1989-07-27,0.0010795798180742722
1989-07-28,0.00042310528215683263
1989-07-29,0.00036393227731168487
1989-07-30,0.0010196234220491984
1989-07-31,0.003256769575922025
1989-08-01,0.00047418946879007606
1989-08-02,0.0005885102809140008
1989-08-03,-0.005395568035640119
1989-08-04,-0.005897173371809616
1989-08-05,-0.005884367811589075
1989-08-06,-0.005876370107826823
1989-08-07,-0.005227155078044277
1989-08-08,-0.0054911816409005665
1989-08-09,-0.002954680110316521
1989-08-10,-0.0035099900219317526
1989-08-11,0.001348982825717382
1989-08-12,0.0014956451742171861
1989-08-13,0.0014534745506995517
1989-08-14,0.001118506624719462
1989-08-15,0.0023457228905214844
1989-08-16,0.0018245652419874858
1989-08-17,0.0022279949711330183
1989-08-18,0.00212351007407352
1989-08-19,0.002056542628382063
1989-08-20,0.0020298978317589977
1989-08-21,0.002433664948568337
1989-08-22,0.0021221686345622714
1989-08-23,0.0017121147490344324
1989-08-24,0.0011307835852705228
1989-08-25,-0.004065577881624538
1989-08-26,-0.004065577881624538
1989-08-27,-0.004065046306986564
1989-08-28,-0.003963942719649727
1989-08-29,-0.004014326921581768
1989-08-30,-0.004055803212498876
1989-08-31,-0.003679759996898402
1989-09-01,-0.003711620816384431
1989-09-02,-0.00371074399004645
1989-09-03,-0.003743729717251787
1989-09-04,-0.0037401161591984478
1989-09-05,-0.003924807147068998
1989-09-06,-0.003921733681685136
1989-09-07,-0.005868158593128503
1989-09-08,-0.005823563073668603
1989-09-09,-0.005823661229058419
1989-09-10,-0.005823009706375948
1989-09-11,-0.005495647944777304
1989-09-12,-0.005249067794762086
1989-09-13,-0.006081414322389844
1989-09-14,-0.0063695490912277775
1989-09-15,-0.0063100054466241895
1989-09-16,-0.006311449799029534
1989-09-17,-0.006306307189622662
1989-09-18,-0.0061894178728358895
1989-09-19,-0.0058834655337015596
1989-09-20,-0.00666580540750894
1989-09-21,-0.006572023399865401
1989-09-22,-0.006642019113536457
1989-09-23,-0.006630269753308493
1989-09-24,-0.00662850935482262
1989-09-25,-0.006927806104742862
1989-09-26,-0.006234320304278951
1989-09-27,-0.006462648859648756
1989-09-28,-0.006299935641063126
1989-09-29,-0.0064177006245527135
1989-09-30,-0.006287988678770451
1989-10-01,-0.006287757840326869
1989-10-02,-0.006347602145954534
1989-10-03,-0.006118174334575954
1989-10-04,-0.006179574973957602
1989-10-05,-0.006891879189431349
1989-10-06,-0.006977425342108101
1989-10-07,-0.006977425342108101
1989-10-08,-0.006977425342108101
1989-10-09,-0.006871728450062675
1989-10-10,-0.007386938359232875
1989-10-11,-0.005904045931245716
1989-10-12,-0.006569570913749767
1989-10-13,-0.008190036705961856
1989-10-14,-0.008189302195311443
1989-10-15,-0.00819026680694912
1989-10-16,-0.006797520111438415
1989-10-17,-0.00842053425872935
1989-10-18,-0.007152926738180465
1989-10-19,-0.010426500126867078
1989-10-20,-0.011121587318450699
1989-10-21,-0.011118168284392271
1989-10-22,-0.01103652100864616
1989-10-23,-0.014375057711697337
1989-10-24,-0.014834428831374757
1989-10-25,-0.015056556828813128
1989-10-26,-0.019336756339535244
1989-10-27,-0.019257354830353957
1989-10-28,-0.019675239268109324
1989-10-29,-0.0196798530805794
1989-10-30,-0.01822567290058652
1989-10-31,-0.01738994429735541
1989-11-01,-0.01820277652052904
1989-11-02,-0.019898726294701463
1989-11-03,-0.01972014587937232
1989-11-04,-0.019589782313053528
1989-11-05,-0.018934441580075956
1989-11-06,-0.017833096305480134
1989-11-07,-0.016085968125264305
1989-11-08,-0.015290779083915407
1989-11-09,-0.014869597160884762
1989-11-10,-0.017619230111027173
1989-11-11,-0.017583965953923197
1989-11-12,-0.01759371367639051
1989-11-13,-0.01862913146402545
1989-11-14,-0.020968580582571894
1989-11-15,-0.022572683865006438
1989-11-16,-0.023214654127259204
1989-11-17,-0.022705999359362905
1989-11-18,-0.022705999359362905
1989-11-19,-0.022694801055180513
1989-11-20,-0.023962880971263978
1989-11-21,-0.02244889670256678
1989-11-22,-0.01776590456959226
1989-11-23,-0.01776507829081031
1989-11-24,-0.017780686666784784
1989-11-25,-0.017786121652911602
1989-11-26,-0.017784717654558357
1989-11-27,-0.0168540535595183
1989-11-28,-0.015391199586658244
1989-11-29,-0.015333719086724318
1989-11-30,-0.01656124994738173
1989-12-01,-0.016340475145262268
1989-12-02,-0.01634098086387059
1989-12-03,-0.01617121197816407
1989-12-04,-0.015946589862872562
1989-12-05,-0.015757821093354996
1989-12-06,-0.01581297416459082
1989-12-07,-0.01591042586533742
1989-12-08,-0.01598380056930182
1989-12-09,-0.015975002426027896
1989-12-10,-0.015976142493208667
1989-12-11,-0.01604237231651795
1989-12-12,-0.01586740992917235
1989-12-13,-0.016076845044976085
1989-12-14,-0.01798623757836426
1989-12-15,-0.01738593594801152
1989-12-16,-0.017386422576672778
1989-12-17,-0.01738698628958335
1989-12-18,-0.017657137980726434
1989-12-19,-0.017675653801956792
1989-12-20,-0.017760728358318434
1989-12-21,-0.017944944608926372
1989-12-22,-0.01824258719971228
1989-12-23,-0.018242445555503917
1989-12-24,-0.018242445555503917
1989-12-25,-0.018242445555503917
1989-12-26,-0.01819576351208696
1989-12-27,-0.018102663448996026
1989-12-28,-0.01810308286668849
1989-12-29,-0.018062991891700797
1989-12-30,-0.018062991891700797
1989-12-31,-0.018062991891700797
1990-01-01,-0.018062991891700797
1990-01-02,-0.018007579701664334
1990-01-03,-0.018004190477383553
1990-01-04,-0.017918272214555664
1990-01-05,-0.017713307849266724
1990-01-06,-0.01771299572931484
1990-01-07,-0.017718993579360687
1990-01-08,-0.0160695597475764
1990-01-09,-0.01087359211530814
1990-01-10,-0.011985119435825586
1990-01-11,-0.011614052052853707
1990-01-12,-0.011511704464245098
1990-01-13,-0.011555897572249951
1990-01-14,-0.011539944755204923
1990-01-15,-0.012721901479623932
1990-01-16,-0.013444023095542601
1990-01-17,-0.023849160070562703
1990-01-18,-0.017052003947814587
1990-01-19,-0.018540428121530117
1990-01-20,-0.018502274326435142
1990-01-21,-0.018502274326435142
1990-01-22,-0.021456589473509036
1990-01-23,-0.0174224238793107
1990-01-24,-0.013244576242424366
1990-01-25,-0.01127707719611215
1990-01-26,-0.013498801165127139
1990-01-27,-0.013498324356454594
1990-01-28,-0.013443688741148874
1990-01-29,-0.013109535420439022
1990-01-30,-0.015796192745577087
1990-01-31,-0.016524278632032763
1990-02-01,-0.01689108079429713
1990-02-02,-0.01847763910558553
1990-02-03,-0.018542664870646708
1990-02-04,-0.018620285730226782
1990-02-05,-0.02192475997393928
1990-02-06,-0.025919969138627597
1990-02-07,-0.024809141848582072
1990-02-08,-0.023585011921611332
1990-02-09,-0.02289836435079251
1990-02-10,-0.02289842669748421
1990-02-11,-0.02291133447220528
1990-02-12,-0.02305514032668954
1990-02-13,-0.023073230484960905
1990-02-14,-0.023659060077957372
1990-02-15,-0.0235216374886299
1990-02-16,-0.024687424474901687
1990-02-17,-0.02476401014416496
1990-02-18,-0.024765137533486303
1990-02-19,-0.024782402111205748
1990-02-20,-0.025437242720029896
1990-02-21,-0.02499562642352382
1990-02-22,-0.025616886617788936
1990-02-23,-0.02548308078135597
1990-02-24,-0.025269705885875626
1990-02-25,-0.025269705885875626
1990-02-26,-0.024889089563032374
1990-02-27,-0.025108807443389725
1990-02-28,-0.025086595257882593
1990-03-01,-0.025410224073259435
1990-03-02,-0.025306109520539688
1990-03-03,-0.025303070125708316
1990-03-04,-0.025305352778736467
1990-03-05,-0.025446292707004714
1990-03-06,-0.025797082374666824
1990-03-07,-0.026518195403820277
1990-03-08,-0.027598213453645992
1990-03-09,-0.027016567520638746
1990-03-10,-0.027006301322165527
1990-03-11,-0.027003361267957438
1990-03-12,-0.026963100690811648
1990-03-13,-0.027002940079777882
1990-03-14,-0.02747084141481415
1990-03-15,-0.025735838925608268
1990-03-16,-0.02576088168088253
1990-03-17,-0.02576058146920901
1990-03-18,-0.025759145190532462
1990-03-19,-0.02576294928840628
1990-03-20,-0.02595756511902192
1990-03-21,-0.025563622944663078
1990-03-22,-0.024852915630350414
1990-03-23,-0.024983596854064816
1990-03-24,-0.024984884497423532
1990-03-25,-0.024980915429661188
1990-03-26,-0.024898610727711268
1990-03-27,-0.024988547466638367
1990-03-28,-0.024920122501394637
1990-03-29,-0.02482248915444929
1990-03-30,-0.024826866630446864
1990-03-31,-0.024814122420281803
1990-04-01,-0.02481628271872449
1990-04-02,-0.024939861266105146
1990-04-03,-0.02482376933465713
1990-04-04,-0.024526908723024654
1990-04-05,-0.024963016049046827
1990-04-06,-0.024853803745814473
1990-04-07,-0.024851856238641168
1990-04-08,-0.02499637127031573
1990-04-09,-0.024699777069800755
1990-04-10,-0.024596110011587013
1990-04-11,-0.023906996434373884
1990-04-12,-0.024325156458512964
1990-04-13,-0.024630389823448895
1990-04-14,-0.024626772764405724
1990-04-15,-0.02464666177803765
1990-04-16,-0.024531748469368342
1990-04-17,-0.02357285306741186
1990-04-18,-0.02258725027571762
1990-04-19,-0.022534034060310848
1990-04-20,-0.026011683515689166
1990-04-21,-0.026015641675107393
1990-04-22,-0.026032329814081434
1990-04-23,-0.026709705927154048
1990-04-24,-0.0326418007757413
1990-04-25,-0.0350628026746741
1990-04-26,-0.03461693880998662
1990-04-27,-0.03590918794209674
1990-04-28,-0.03482105960919979
1990-04-29,-0.03483466940385005
1990-04-30,-0.03483877846437855
1990-05-01,-0.03555682782199876
1990-05-02,-0.03588323828266049
1990-05-03,-0.035244408245968084
1990-05-04,-0.035940419061430084
1990-05-05,-0.035646757126772566
1990-05-06,-0.03559538441158183
1990-05-07,-0.037401012694122104
1990-05-08,-0.037870059566502356
1990-05-09,-0.03769472271057972
1990-05-10,-0.039839104237151535
1990-05-11,-0.03998228540396831
1990-05-12,-0.03998519570873549
1990-05-13,-0.03995576547083379
1990-05-14,-0.04004198630380007
1990-05-15,-0.03993362741983397
1990-05-16,-0.039334996849725634
1990-05-17,-0.040431037628413935
1990-05-18,-0.04058767429721255
1990-05-19,-0.04125069885165189
1990-05-20,-0.04122653770530116
1990-05-21,-0.04100226114274497
1990-05-22,-0.040830840083780684
1990-05-23,-0.04026357162732053
1990-05-24,-0.04057282097933512
1990-05-25,-0.048195815430652544
1990-05-26,-0.04819589441046934
1990-05-27,-0.04819559569253251
1990-05-28,-0.04819384023248041
1990-05-29,-0.04813623415549151
1990-05-30,-0.04815694335464327
1990-05-31,-0.048129588106528565
1990-06-01,-0.048246278932807085
1990-06-02,-0.04824657497609364
1990-06-03,-0.04824091969014799
1990-06-04,-0.04827139998297447
1990-06-05,-0.04870271129253301
1990-06-06,-0.047837861547557314
1990-06-07,-0.05066141939144331
1990-06-08,-0.05078239218730707
1990-06-09,-0.05078239218730707
1990-06-10,-0.050781112634642356
1990-06-11,-0.05071091865650568
1990-06-12,-0.05082585541424389
1990-06-13,-0.05096269030333522
1990-06-14,-0.05129993722114368
1990-06-15,-0.050890211898348414
1990-06-16,-0.05089149652653069
1990-06-17,-0.050890924111191116
1990-06-18,-0.050778117759421204
1990-06-19,-0.048095736530566535
1990-06-20,-0.04813991674610374
1990-06-21,-0.04788951949380282
1990-06-22,-0.04777357170895091
1990-06-23,-0.04777412714669971
1990-06-24,-0.04777521038095589
1990-06-25,-0.04837158246283735
1990-06-26,-0.04811695640303859
1990-06-27,-0.048171661042276326
1990-06-28,-0.048116856565046495
1990-06-29,-0.048172445335795566
1990-06-30,-0.04817200963385526
1990-07-01,-0.04817200963385526
1990-07-02,-0.04794557557883938
1990-07-03,-0.047959139761365344
1990-07-04,-0.047959139761365344
1990-07-05,-0.04814663289965915
1990-07-06,-0.04818612449400894
1990-07-07,-0.048194849932207906
1990-07-08,-0.0481996724882896
1990-07-09,-0.048420307746255054
1990-07-10,-0.04802101452273655
1990-07-11,-0.04942634085150244
1990-07-12,-0.049959476989438256
1990-07-13,-0.049400433906800045
1990-07-14,-0.04939799402968181
1990-07-15,-0.04938264512170287
1990-07-16,-0.04709768191193253
1990-07-17,-0.04768454535146116
1990-07-18,-0.04686368220350157
1990-07-19,-0.05316630055614924
1990-07-20,-0.055672476226338086
1990-07-21,-0.05566993322139524
1990-07-22,-0.05566340554485483
1990-07-23,-0.05568102250203988
1990-07-24,-0.048691701715260605
1990-07-25,-0.052652052201370814
1990-07-26,-0.056588338324354615
1990-07-27,-0.056130558121976315
1990-07-28,-0.05613173396608462
1990-07-29,-0.056122777956114867
1990-07-30,-0.05715788845496439
1990-07-31,-0.058589160936339146
1990-08-01,-0.05850082353215835
1990-08-02,-0.058507993190951124
1990-08-03,-0.058388434531393085
1990-08-04,-0.05838459703576837
1990-08-05,-0.05841403636234688
1990-08-06,-0.057862247647127996
1990-08-07,-0.05911357460804756
1990-08-08,-0.059957858998111346
1990-08-09,-0.05725407533232896
1990-08-10,-0.05750378266906542
1990-08-11,-0.057485831084353234
1990-08-12,-0.05749690422136955
1990-08-13,-0.05719326676181791
1990-08-14,-0.055868530492064084
1990-08-15,-0.05550391660811005
1990-08-16,-0.05378464366618585
1990-08-17,-0.053916081878666144
1990-08-18,-0.053932739603143154
1990-08-19,-0.053928002046907064
1990-08-20,-0.05391321780780156
1990-08-21,-0.05450321599122876
1990-08-22,-0.054194618093107105
1990-08-23,-0.05493460747481416
1990-08-24,-0.05415608640322522
1990-08-25,-0.05415608640322522
1990-08-26,-0.05415740156326676
1990-08-27,-0.05431256294944964
1990-08-28,-0.05429551070330707
1990-08-29,-0.05414390580536588
1990-08-30,-0.05451199659977235
1990-08-31,-0.05506988407470659
1990-09-01,-0.05507293358626408
1990-09-02,-0.05506670831051441
1990-09-03,-0.05502097466322431
1990-09-04,-0.05495240070390128
1990-09-05,-0.05428648796254831
1990-09-06,-0.05367448726749657
1990-09-07,-0.05346517308458232
1990-09-08,-0.053481478693095164
1990-09-09,-0.05348195079046414
1990-09-10,-0.0534753296654612
1990-09-11,-0.05361980648120701
1990-09-12,-0.05385148483959479
1990-09-13,-0.05385133484338911
1990-09-14,-0.05396095017289049
1990-09-15,-0.05396769683180047
1990-09-16,-0.05396622982040011
1990-09-17,-0.05472232656553255
1990-09-18,-0.054728293863059885
1990-09-19,-0.05490185865025288
1990-09-20,-0.05529067817967659
1990-09-21,-0.05511420408343026
1990-09-22,-0.05511420408343026
1990-09-23,-0.055117276953330574
1990-09-24,-0.055188063863479075
1990-09-25,-0.054910352652315475
1990-09-26,-0.05407591279900448
1990-09-27,-0.0542116164225257
1990-09-28,-0.05417191918768671
1990-09-29,-0.054183459275839896
1990-09-30,-0.054183459275839896
1990-10-01,-0.05419898419258651
1990-10-02,-0.054214633639499965
1990-10-03,-0.05427167968283042
1990-10-04,-0.05424911042796843
1990-10-05,-0.05429798642231398
1990-10-06,-0.05429798642231398
1990-10-07,-0.054305206572726195
1990-10-08,-0.05428744251269979
1990-10-09,-0.055357307585987114
1990-10-10,-0.055264585320470294
1990-10-11,-0.05517357687884272
1990-10-12,-0.05560454577281104
1990-10-13,-0.055615081276040756
1990-10-14,-0.05561303530409345
1990-10-15,-0.051830100734653106
1990-10-16,-0.05220934131919397
1990-10-17,-0.05386835185108774
1990-10-18,-0.049948526335021115
1990-10-19,-0.05040822203713935
1990-10-20,-0.05041728883421537
1990-10-21,-0.05052096618970214
1990-10-22,-0.05048151147380053
1990-10-23,-0.05005673894897111
1990-10-24,-0.049158893812940474
1990-10-25,-0.05193369323518693
1990-10-26,-0.05254096272853981
1990-10-27,-0.05251978011072622
1990-10-28,-0.052589061924715796
1990-10-29,-0.05306621841810022
1990-10-30,-0.05181018688476591
1990-10-31,-0.05601282115964834
1990-11-01,-0.05693412497147221
1990-11-02,-0.05916252996632465
1990-11-03,-0.05915975194367418
1990-11-04,-0.05917267699536988
1990-11-05,-0.060113016123228835
1990-11-06,-0.059941094741781775
1990-11-07,-0.06067482715264905
1990-11-08,-0.06024598085930133
1990-11-09,-0.053932366761795136
1990-11-10,-0.05393409989427023
1990-11-11,-0.053940693633045544
1990-11-12,-0.05364287553702396
1990-11-13,-0.05370203782226368
1990-11-14,-0.05510838927823003
1990-11-15,-0.05369285492449649
1990-11-16,-0.05448843083328825
1990-11-17,-0.05440810666132079
1990-11-18,-0.054767478617785414
1990-11-19,-0.05561192906083867
1990-11-20,-0.05459518087763171
1990-11-21,-0.05478775024268456
1990-11-22,-0.05480294486286641
1990-11-23,-0.05478711397641456
1990-11-24,-0.05478711397641456
1990-11-25,-0.05476909457292922
1990-11-26,-0.058493390838976755
1990-11-27,-0.05933829047955508
1990-11-28,-0.05953298360661663
1990-11-29,-0.05978288397647691
1990-11-30,-0.05995713095447208
1990-12-01,-0.059956451273056044
1990-12-02,-0.059921499390191646
1990-12-03,-0.060166489549647095
1990-12-04,-0.06046929912135357
1990-12-05,-0.06036915059162151
1990-12-06,-0.06036682972914664
1990-12-07,-0.0606255340462718
1990-12-08,-0.06062330917979186
1990-12-09,-0.06062330917979186
1990-12-10,-0.06094025604713449
1990-12-11,-0.061745357989226646
1990-12-12,-0.06160005475167518
1990-12-13,-0.062036890266731426
1990-12-14,-0.06227120190513813
1990-12-15,-0.06227350828856515
1990-12-16,-0.06226943823467357
1990-12-17,-0.06085243921247796
1990-12-18,-0.06057304989063361
1990-12-19,-0.06067741613797373
1990-12-20,-0.06003406916870069
1990-12-21,-0.060341397276661546
1990-12-22,-0.060339040188924886
1990-12-23,-0.060338081349633366
1990-12-24,-0.06037682342688466
1990-12-25,-0.06037682342688466
1990-12-26,-0.060381279913454655
1990-12-27,-0.06042670377399306
1990-12-28,-0.060454829396913934
1990-12-29,-0.060454829396913934
1990-12-30,-0.06045372231099522
1990-12-31,-0.060452958148612845
1991-01-01,-0.060452958148612845
1991-01-02,-0.06046278537249161
1991-01-03,-0.060522177256721266
1991-01-04,-0.06071824518303337
1991-01-05,-0.060718389161339315
1991-01-06,-0.060719502961650074
1991-01-07,-0.06115449992414668
1991-01-08,-0.06393293074248219
1991-01-09,-0.06397865476782061
1991-01-10,-0.06423021021861552
1991-01-11,-0.06438143430515397
1991-01-12,-0.06437803598917768
1991-01-13,-0.06436764815242646
1991-01-14,-0.06410535546225582
1991-01-15,-0.06366455342318356
1991-01-16,-0.06305495840951625
1991-01-17,-0.06029482091768679
1991-01-18,-0.06012528856336674
1991-01-19,-0.06012528856336674
1991-01-20,-0.06012528856336674
1991-01-21,-0.05912043297544112
1991-01-22,-0.05703921957243063
1991-01-23,-0.058987655555376106
1991-01-24,-0.05759840263009741
1991-01-25,-0.05637868376375055
1991-01-26,-0.05637868376375055
1991-01-27,-0.05637984837368781
1991-01-28,-0.049092416751265966
1991-01-29,-0.04865471561667056
1991-01-30,-0.047294662398485454
1991-01-31,-0.04530231752897429
1991-02-01,-0.04533524128185851
1991-02-02,-0.04533986552942204
1991-02-03,-0.045341905516146586
1991-02-04,-0.04246347645364201
1991-02-05,-0.04315798380463309
1991-02-06,-0.04173179823383488
1991-02-07,-0.04472942329988305
1991-02-08,-0.044834763660551946
1991-02-09,-0.04499412499611466
1991-02-10,-0.045020142123771145
1991-02-11,-0.045001333607878835
1991-02-12,-0.04570536238251821
1991-02-13,-0.039717330439004384
1991-02-14,-0.03854426444517989
1991-02-15,-0.0380774057064831
1991-02-16,-0.03824054321524839
1991-02-17,-0.03824138908609653
1991-02-18,-0.03831836697164437
1991-02-19,-0.038711709622374246
1991-02-20,-0.040106601168587774
1991-02-21,-0.04464618464876413
1991-02-22,-0.044325398903169666
1991-02-23,-0.044325398903169666
1991-02-24,-0.04440767120186695
1991-02-25,-0.044577809696064286
1991-02-26,-0.04447774123293691
1991-02-27,-0.04424585589155228
1991-02-28,-0.044573043484669506
1991-03-01,-0.0436803622727715
1991-03-02,-0.04366839084032614
1991-03-03,-0.04370670402495258
1991-03-04,-0.04377000777923268
1991-03-05,-0.04355695793317582
1991-03-06,-0.04343251885507737
1991-03-07,-0.04353782207430679
1991-03-08,-0.043511670436297
1991-03-09,-0.04353047441584512
1991-03-10,-0.04353016468816606
1991-03-11,-0.04319932462808607
1991-03-12,-0.04278351970432792
1991-03-13,-0.04217733340516605
1991-03-14,-0.042419468623704715
1991-03-15,-0.04242424413591628
1991-03-16,-0.04246748156282987
1991-03-17,-0.04246574856580365
1991-03-18,-0.04191655392800153
1991-03-19,-0.04202474149925195
1991-03-20,-0.041754020720336626
1991-03-21,-0.04195064145080496
1991-03-22,-0.04236656218413115
1991-03-23,-0.04229187391632505
1991-03-24,-0.043080769583046186
1991-03-25,-0.043130170649246624
1991-03-26,-0.042936985989954546
1991-03-27,-0.04255273758838607
1991-03-28,-0.042595007493576476
1991-03-29,-0.042916720894450866
1991-03-30,-0.042928573305563544
1991-03-31,-0.04293339833952037
1991-04-01,-0.044487744666668605
1991-04-02,-0.044411022104104414
1991-04-03,-0.04385453140847573
1991-04-04,-0.04367830370032244
1991-04-05,-0.049705919503276075
1991-04-06,-0.04970307018642106
1991-04-07,-0.04970377973699247
1991-04-08,-0.04911839025369047
1991-04-09,-0.049139880055326324
1991-04-10,-0.048867946712606525
1991-04-11,-0.04721380965773525
1991-04-12,-0.043114857494911285
1991-04-13,-0.0430954109307633
1991-04-14,-0.04310609704385204
1991-04-15,-0.03991724389826701
1991-04-16,-0.036626981805169656
1991-04-17,-0.03905964652881366
1991-04-18,-0.0364619202707569
1991-04-19,-0.03750946906081354
1991-04-20,-0.0376627084920349
1991-04-21,-0.037668995776932945
1991-04-22,-0.038958880260796525
1991-04-23,-0.03553372535609611
1991-04-24,-0.03347681560167126
1991-04-25,-0.02646050913971354
1991-04-26,-0.0309852907845809
1991-04-27,-0.03133220859841257
1991-04-28,-0.031325274128190195
1991-04-29,-0.03175367983715238
1991-04-30,-0.03213396977386007
1991-05-01,-0.03168511191150214
1991-05-02,-0.031400320480698185
1991-05-03,-0.029567975125324053
1991-05-04,-0.029344256772269706
1991-05-05,-0.029368737492474706
1991-05-06,-0.02985243285174599
1991-05-07,-0.028537544572152296
1991-05-08,-0.028264407612748732
1991-05-09,-0.025932733191163626
1991-05-10,-0.02604081917586476
1991-05-11,-0.026041371860741958
1991-05-12,-0.02601145733126209
1991-05-13,-0.026481846271674825
1991-05-14,-0.025127622979174036
1991-05-15,-0.024563485991849987
1991-05-16,-0.024166055520017382
1991-05-17,-0.022325700574526763
1991-05-18,-0.022394220041682678
1991-05-19,-0.022391443908060693
1991-05-20,-0.022815521315126763
1991-05-21,-0.021238010463222712
1991-05-22,-0.0148520488048417
1991-05-23,-0.015036959875771139
1991-05-24,-0.014894035539209982
1991-05-25,-0.014894035539209982
1991-05-26,-0.014894509194650074
1991-05-27,-0.014895888874705498
1991-05-28,-0.014885609594525673
1991-05-29,-0.015170681661851426
1991-05-30,-0.014877364958866712
1991-05-31,-0.014850261466438974
1991-06-01,-0.014850681109551234
1991-06-02,-0.014850309820500174
1991-06-03,-0.014856374628396618
1991-06-04,-0.014094713238804402
1991-06-05,-0.014150487317466265
1991-06-06,-0.013987863176000537
1991-06-07,-0.013838397916104306
1991-06-08,-0.013840055161219889
1991-06-09,-0.013839453231888066
1991-06-10,-0.013773704828699218
1991-06-11,-0.013947014024637494
1991-06-12,-0.015105858065888933
1991-06-13,-0.014658438098076654
1991-06-14,-0.014050776781417751
1991-06-15,-0.01403271403615347
1991-06-16,-0.014031272664936756
1991-06-17,-0.013995595651015602
1991-06-18,-0.014143846452954967
1991-06-19,-0.014665959674985185
1991-06-20,-0.014744711506732844
1991-06-21,-0.01481077491308569
1991-06-22,-0.01480353875689111
1991-06-23,-0.014803095326778926
1991-06-24,-0.014781386070148006
1991-06-25,-0.01474816934752854
1991-06-26,-0.014343499699957518
1991-06-27,-0.014206152890141377
1991-06-28,-0.014117325653392965
1991-06-29,-0.014126913453429868
1991-06-30,-0.014128250490085703
1991-07-01,-0.014340237619408058
1991-07-02,-0.014483885824578935
1991-07-03,-0.014541602028753764
1991-07-04,-0.014541602028753764
1991-07-05,-0.014542967378815774
1991-07-06,-0.014542967378815774
1991-07-07,-0.0145225661498799
1991-07-08,-0.014372146302692457
1991-07-09,-0.01411456589342397
1991-07-10,-0.015317372421753461
1991-07-11,-0.0151632710573123
1991-07-12,-0.014984355256751236
1991-07-13,-0.014975989212298257
1991-07-14,-0.01497252677976435
1991-07-15,-0.013807300272234757
1991-07-16,-0.014615235804292803
1991-07-17,-0.013217502888353216
1991-07-18,-0.007895950273604013
1991-07-19,-0.011209942783959925
1991-07-20,-0.011217660796920215
1991-07-21,-0.011192529146947017
1991-07-22,-0.010994399534417831
1991-07-23,-0.017438043991700014
1991-07-24,-0.01970170227928114
1991-07-25,-0.02034148916499401
1991-07-26,-0.02008512633598658
1991-07-27,-0.020113739126389585
1991-07-28,-0.02009552262925829
1991-07-29,-0.017472433067545978
1991-07-30,-0.01419168829241546
1991-07-31,-0.018411231386010196
1991-08-01,-0.018076824167522765
1991-08-02,-0.017307416328307235
1991-08-03,-0.017574237740420218
1991-08-04,-0.017641486025473996
1991-08-05,-0.017784421856732013
1991-08-06,-0.016986711303481172
1991-08-07,-0.016441621745856283
1991-08-08,-0.01696972451989609
1991-08-09,-0.023952446465346666
1991-08-10,-0.02395459094643526
1991-08-11,-0.02395979958837291
1991-08-12,-0.023770835333610907
1991-08-13,-0.02363565867548989
1991-08-14,-0.02347410375427872
1991-08-15,-0.02364361916448554
1991-08-16,-0.02310607146766608
1991-08-17,-0.023105288215658493
1991-08-18,-0.023247998728461727
1991-08-19,-0.02353143077708042
1991-08-20,-0.024020747660244535
1991-08-21,-0.02338863534671487
1991-08-22,-0.0228606834257441
1991-08-23,-0.02284124752152672
1991-08-24,-0.02283722954087153
1991-08-25,-0.02283722954087153
1991-08-26,-0.022866491443551906
1991-08-27,-0.02363240297662339
1991-08-28,-0.024618476415689927
1991-08-29,-0.024683026844120826
1991-08-30,-0.024767488151052564
1991-08-31,-0.024790006272861542
1991-09-01,-0.024853265938118096
1991-09-02,-0.02485326606511229
1991-09-03,-0.024522415587247326
1991-09-04,-0.0250936594674519
1991-09-05,-0.025064047329949934
1991-09-06,-0.02539189388765617
1991-09-07,-0.02539189388765617
1991-09-08,-0.025317041686099384
1991-09-09,-0.025215902324384087
1991-09-10,-0.025686465372455225
1991-09-11,-0.02529322288167457
1991-09-12,-0.025115678663359065
1991-09-13,-0.025045936394361812
1991-09-14,-0.025042870072931822
1991-09-15,-0.025042069500222808
1991-09-16,-0.024915224597021224
1991-09-17,-0.024483935494605258
1991-09-18,-0.024580416499881186
1991-09-19,-0.02446921791654655
1991-09-20,-0.024412329198645555
1991-09-21,-0.024339574524230967
1991-09-22,-0.024338612806710902
1991-09-23,-0.024362897108791026
1991-09-24,-0.02435468353279302
1991-09-25,-0.02488339497487624
1991-09-26,-0.02535027792119371
1991-09-27,-0.025205970354391316
1991-09-28,-0.025199576928395473
1991-09-29,-0.025185271045488067
1991-09-30,-0.025325914087758417
1991-10-01,-0.025291620749683497
1991-10-02,-0.025934201624604247
1991-10-03,-0.02571662609967651
1991-10-04,-0.025795467590514654
1991-10-05,-0.025795467590514654
1991-10-06,-0.025792099005094937
1991-10-07,-0.025789394277821787
1991-10-08,-0.02593772761727131
1991-10-09,-0.025286242434040096
1991-10-10,-0.024403639232554175
1991-10-11,-0.022621829547560424
1991-10-12,-0.02256175225109114
1991-10-13,-0.022557161577080653
1991-10-14,-0.02274024548856357
1991-10-15,-0.02779776201107076
1991-10-16,-0.027246578669816834
1991-10-17,-0.026662587579872943
1991-10-18,-0.025649372214748056
1991-10-19,-0.025648709605765263
1991-10-20,-0.02563814804544884
1991-10-21,-0.02434570353304233
1991-10-22,-0.025256214054108495
1991-10-23,-0.02872740948996899
1991-10-24,-0.028209468717421915
1991-10-25,-0.02771611740376856
1991-10-26,-0.02777007184847291
1991-10-27,-0.027412482133483462
1991-10-28,-0.02518391522901242
1991-10-29,-0.02034746699430079
1991-10-30,-0.019856975155195244
1991-10-31,-0.0198973449501898
1991-11-01,-0.021630240650766686
1991-11-02,-0.021633048019899515
1991-11-03,-0.02147935422458791
1991-11-04,-0.020212620684674665
1991-11-05,-0.019369723516013293
1991-11-06,-0.017358837597125087
1991-11-07,-0.017048513374768648
1991-11-08,-0.017279537514070076
1991-11-09,-0.017279365830840332
1991-11-10,-0.01728111349827377
1991-11-11,-0.017730385195215304
1991-11-12,-0.017233061214460332
1991-11-13,-0.01617434059399836
1991-11-14,-0.016180884811119678
1991-11-15,-0.01832245598723803
1991-11-16,-0.018281700354007557
1991-11-17,-0.018263279030010904
1991-11-18,-0.018309600981557095
1991-11-19,-0.014648703780830497
1991-11-20,-0.01463955267081185
1991-11-21,-0.015184599665750365
1991-11-22,-0.014921572025404228
1991-11-23,-0.014926229524698575
1991-11-24,-0.014957647049531841
1991-11-25,-0.014404452929583478
1991-11-26,-0.01394296353438429
1991-11-27,-0.013731023108044638
1991-11-28,-0.013725567160205898
1991-11-29,-0.013762265850116528
1991-11-30,-0.013761343549738014
1991-12-01,-0.01380826717424355
1991-12-02,-0.013665620024814418
1991-12-03,-0.01343543144146897
1991-12-04,-0.011784869551259236
1991-12-05,-0.01160218532703372
1991-12-06,-0.011420426085333224
1991-12-07,-0.011420426085333224
1991-12-08,-0.011423027375197625
1991-12-09,-0.01119030577682123
1991-12-10,-0.011105441075682676
1991-12-11,-0.010527508135646624
1991-12-12,-0.010479170519917425
1991-12-13,-0.010566495274809573
1991-12-14,-0.010565499964915737
1991-12-15,-0.010565879966475955
1991-12-16,-0.010646077462425185
1991-12-17,-0.010128768498024576
1991-12-18,-0.010196335617490782
1991-12-19,-0.009861529293932247
1991-12-20,-0.009936783168324359
1991-12-21,-0.009936406856825397
1991-12-22,-0.009938066832947956
1991-12-23,-0.010461796154907832
1991-12-24,-0.010419471007263037
1991-12-25,-0.010419471007263037
1991-12-26,-0.010391048742279807
1991-12-27,-0.010375706294700415
1991-12-28,-0.010375706294700415
1991-12-29,-0.010375706294700415
1991-12-30,-0.010369008713524308
1991-12-31,-0.010372427214056179
1992-01-01,-0.01037545470617074
1992-01-02,-0.010332312811114575
1992-01-03,-0.010338904687928085
1992-01-04,-0.010330820449038325
1992-01-05,-0.010330408231719601
1992-01-06,-0.01024682107116015
1992-01-07,-0.010415275169786797
1992-01-08,-0.010357030952865887
1992-01-09,-0.00991523934452121
1992-01-10,-0.009764989943685465
1992-01-11,-0.009764989943685465
1992-01-12,-0.009756432712802798
1992-01-13,-0.009741840735671525
1992-01-14,-0.01158174405082979
1992-01-15,-0.00807480364646318
1992-01-16,-0.010094054560269572
1992-01-17,-0.018357195723283204
1992-01-18,-0.0183572902038186
1992-01-19,-0.0183572902038186
1992-01-20,-0.01857336358643047
1992-01-21,-0.021144260928930847
1992-01-22,-0.019886158249740715
1992-01-23,-0.02434604871646906
1992-01-24,-0.02569208904867748
1992-01-25,-0.02572827016035395
1992-01-26,-0.02568505836398216
1992-01-27,-0.024180427566710128
1992-01-28,-0.029496563643435447
1992-01-29,-0.02807906992394349
1992-01-30,-0.029418097024645484
1992-01-31,-0.02568146768984747
1992-02-01,-0.025685567886179705
1992-02-02,-0.02571227322869374
1992-02-03,-0.025911823964866576
1992-02-04,-0.024108575802545884
1992-02-05,-0.02470756413559061
1992-02-06,-0.021036539088918227
1992-02-07,-0.020621265349122564
1992-02-08,-0.02061496225487036
1992-02-09,-0.02061597326295095
1992-02-10,-0.020358463952425465
1992-02-11,-0.019689922328279597
1992-02-12,-0.025069522152343038
1992-02-13,-0.013779724790508818
1992-02-14,-0.014356511332760391
1992-02-15,-0.014361556631353523
1992-02-16,-0.014348186460034662
1992-02-17,-0.014460978338076913
1992-02-18,-0.012658075540725955
1992-02-19,-0.011330102133816022
1992-02-20,-0.007051828574202057
1992-02-21,-0.0018879668959415064
1992-02-22,-0.0016951073012257956
1992-02-23,-0.001095761606150658
1992-02-24,-8.018549555532939e-05
1992-02-25,-0.0010301464967508167
1992-02-26,0.00020169635331512836
1992-02-27,0.0009659880677308497
1992-02-28,0.0011741195711745256
1992-02-29,0.0011741195711745256
1992-03-01,0.0011288081115652382
1992-03-02,0.0013031193773027638
1992-03-03,0.00295269955342059
1992-03-04,0.0029647084793318346
1992-03-05,0.002760455044767296
1992-03-06,0.002713144365628528
1992-03-07,0.002714840333113866
1992-03-08,0.002720983099998575
1992-03-09,0.0021851285193639214
1992-03-10,0.0021061583847750143
1992-03-11,0.0021392642407744855
1992-03-12,0.0015829837935181779
1992-03-13,0.0015204429858546309
1992-03-14,0.0015001599715984693
1992-03-15,0.0015034655569212685
1992-03-16,0.0023784052197954875
1992-03-17,0.002502230331746791
1992-03-18,0.005022761949105892
1992-03-19,0.0038703916428985963
1992-03-20,0.004186254082478191
1992-03-21,0.004185196366202293
1992-03-22,0.004186120360373913
1992-03-23,0.0043371775909721855
1992-03-24,0.005158511227358442
1992-03-25,0.004082110782711812
1992-03-26,0.00411304353614228
1992-03-27,0.0041995836996608915
1992-03-28,0.0041995836996608915
1992-03-29,0.0042025959292326664
1992-03-30,0.003936857797021354
1992-03-31,0.0035567141133865388
1992-04-01,0.0035549842752369276
1992-04-02,0.002862767943184741
1992-04-03,0.0028618866639025242
1992-04-04,0.0028704517949147412
1992-04-05,0.002872725326711345
1992-04-06,0.002979930860990354
1992-04-07,0.00317111511912338
1992-04-08,0.0035333900754370706
1992-04-09,0.0023455449046290155
1992-04-10,0.0022037450621728016
1992-04-11,0.0022062328041867474
1992-04-12,0.0022420110882359623
1992-04-13,0.001547798661277966
1992-04-14,0.0023644946740224437
1992-04-15,0.010283392352238074
1992-04-16,0.008476553589240154
1992-04-17,0.009088667375173776
1992-04-18,0.009009435847860958
1992-04-19,0.009014034470625543
1992-04-20,0.009091908822913553
1992-04-21,0.006274252403540181
1992-04-22,-0.0014670575790398654
1992-04-23,-0.0019127662345571617
1992-04-24,-0.0012859850575048792
1992-04-25,-0.001274568452162561
1992-04-26,-0.0010167452239281394
1992-04-27,0.0006824632123731966
1992-04-28,0.003640530675929954
1992-04-29,0.002850985009976048
1992-04-30,0.0045194804290431545
1992-05-01,0.0035801921359459588
1992-05-02,0.0035800883735988
1992-05-03,0.0035993113558010492
1992-05-04,0.00492917200925147
1992-05-05,0.004666358969853679
1992-05-06,0.005334254850851039
1992-05-07,0.004854079712471648
1992-05-08,0.005087845099099209
1992-05-09,0.005088550445169648
1992-05-10,0.005067258132912977
1992-05-11,0.0027567571658120293
1992-05-12,-0.00036645169855364923
1992-05-13,-0.000485458761139812
1992-05-14,-0.0007066105384833099
1992-05-15,-0.001693585794090069
1992-05-16,-0.0016738066775581206
1992-05-17,-0.0015948316205997015
1992-05-18,-0.0025866696070712125
1992-05-19,-0.0024567298131865645
1992-05-20,-0.0026550621828406173
1992-05-21,-0.0023293780233690775
1992-05-22,-0.0010774906055497357
1992-05-23,-0.0010794177814825723
1992-05-24,-0.0009337941183727994
1992-05-25,-0.0009346533222995834
1992-05-26,-0.0011001496760003615
1992-05-27,-0.0016163038157969156
1992-05-28,-0.001615914171639532
1992-05-29,-0.0016601616140796693
1992-05-30,-0.0016601616140796693
1992-05-31,-0.00166025498901623
1992-06-01,-0.0014316392465073546
1992-06-02,-0.0012721121727851115
1992-06-03,-0.002080491038404686
1992-06-04,-0.0024008968262303476
1992-06-05,-0.00238241479917245
1992-06-06,-0.002385085012789556
1992-06-07,-0.002366226801771454
1992-06-08,-0.0024575793087724396
1992-06-09,-0.0022444871810237688
1992-06-10,-0.0023078394423536874
1992-06-11,-0.002357446984498801
1992-06-12,-0.00254540863910091
1992-06-13,-0.002548267447634367
1992-06-14,-0.002547790380152626
1992-06-15,-0.002404887664912203
1992-06-16,-0.002451654861077568
1992-06-17,-0.002539770243484729
1992-06-18,-0.0019774599032283957
1992-06-19,-0.0018711598770573268
1992-06-20,-0.0018711598770573268
1992-06-21,-0.0018732053806318483
1992-06-22,-0.0018297572931277317
1992-06-23,-0.001430707924435115
1992-06-24,-0.0014536666352170657
1992-06-25,-0.0017063054635505503
1992-06-26,-0.0011839587732461743
1992-06-27,-0.0011839587732461743
1992-06-28,-0.0011839587732461743
1992-06-29,-0.001333437086130651
1992-06-30,-0.0012824565047774295
1992-07-01,-0.0012997516496170425
1992-07-02,-0.0014260727958955721
1992-07-03,-0.001428413366752479
1992-07-04,-0.001428413366752479
1992-07-05,-0.0013178047832541617
1992-07-06,-0.0015039415428124148
1992-07-07,-0.0013963293721432901
1992-07-08,-0.0026835804589495638
1992-07-09,-0.002198525301183696
1992-07-10,-0.0018560341629567656
1992-07-11,-0.0018560341629567656
1992-07-12,-0.0018560341629567656
1992-07-13,-0.004649672487086143
1992-07-14,-0.0020039163695158013
1992-07-15,-0.0001429963653876154
1992-07-16,-0.0006127754301310517
1992-07-17,0.009126488164229896
1992-07-18,0.009140232839214724
1992-07-19,0.009142654686640883
1992-07-20,0.009244115174795509
1992-07-21,0.008380291840059728
1992-07-22,0.007615553705213163
1992-07-23,0.012824796399215854
1992-07-24,0.014953076821460298
1992-07-25,0.014355778746024672
1992-07-26,0.014374814363095068
1992-07-27,0.01491922650546873
1992-07-28,0.017190514627076103
1992-07-29,0.020961017087713474
1992-07-30,0.018374660184011127
1992-07-31,0.01766455336202144
1992-08-01,0.01778748971346822
1992-08-02,0.017787112228698776
1992-08-03,0.01868827927192873
1992-08-04,0.017200790839323243
1992-08-05,0.018012281494044657
1992-08-06,0.017809600123365632
1992-08-07,0.024253548205765085
1992-08-08,0.02425377726432143
1992-08-09,0.024260380895490874
1992-08-10,0.02408831366857278
1992-08-11,0.024910509285118065
1992-08-12,0.023965677298974475
1992-08-13,0.024844934349342873
1992-08-14,0.02531160678525235
1992-08-15,0.02530931934874503
1992-08-16,0.025303826908628757
1992-08-17,0.02529444435171646
1992-08-18,0.025205010645531045
1992-08-19,0.025821198392073974
1992-08-20,0.027669180089983758
1992-08-21,0.027755351588331312
1992-08-22,0.027755351588331312
1992-08-23,0.027759860405117465
1992-08-24,0.027416322425739104
1992-08-25,0.02770792480781248
1992-08-26,0.028628802088546568
1992-08-27,0.02883218352977157
1992-08-28,0.02853114380594657
1992-08-29,0.02852976906594562
1992-08-30,0.02853528561712837
1992-08-31,0.028271270792147085
1992-09-01,0.02823622869963538
1992-09-02,0.02594304473634179
1992-09-03,0.02612884831742157
1992-09-04,0.02643559143305163
1992-09-05,0.02643559143305163
1992-09-06,0.02643559143305163
1992-09-07,0.026414466575075624
1992-09-08,0.026436773861885143
1992-09-09,0.026035334941964416
1992-09-10,0.026986389419594303
1992-09-11,0.026969230354253693
1992-09-12,0.027517680133793965
1992-09-13,0.027517680133793965
1992-09-14,0.027597820184065203
1992-09-15,0.02748186489742155
1992-09-16,0.027622103285368294
1992-09-17,0.026826777570128524
1992-09-18,0.02600095366092936
1992-09-19,0.02600095366092936
1992-09-20,0.02603138413311301
1992-09-21,0.025866778177479732
1992-09-22,0.026187682411042745
1992-09-23,0.026718967020654016
1992-09-24,0.026593358420906377
1992-09-25,0.0266995488232058
1992-09-26,0.0266995488232058
1992-09-27,0.0266995488232058
1992-09-28,0.027406454305762606
1992-09-29,0.027413195020222325
1992-09-30,0.028358380661937854
1992-10-01,0.028449708976390653
1992-10-02,0.02850361432696924
1992-10-03,0.028506322098018178
1992-10-04,0.028506322098018178
1992-10-05,0.028503949213694924
1992-10-06,0.02824329338812559
1992-10-07,0.028622083841991497
1992-10-08,0.028410807204029886
1992-10-09,0.02948542157590417
1992-10-10,0.02948654689105279
1992-10-11,0.029486390944342578
1992-10-12,0.028280323146843367
1992-10-13,0.029637604478297108
1992-10-14,0.02595882922601689
1992-10-15,0.03183616083143903
1992-10-16,0.029079583154575595
1992-10-17,0.029192253539011226
1992-10-18,0.029190494405532563
1992-10-19,0.029389730142241444
1992-10-20,0.03162492262903571
1992-10-21,0.0328791428970141
1992-10-22,0.03199148092843429
1992-10-23,0.03524454179438585
1992-10-24,0.03524454179438585
1992-10-25,0.035279255317029135
1992-10-26,0.03732185727659232
1992-10-27,0.039954325586313066
1992-10-28,0.041518427938438185
1992-10-29,0.04074822085102214
1992-10-30,0.03986856730811117
1992-10-31,0.03986856730811117
1992-11-01,0.03995221843091201
1992-11-02,0.038432729454918935
1992-11-03,0.03841417217193932
1992-11-04,0.03697144482798498
1992-11-05,0.03560352979237491
1992-11-06,0.03505644655676843
1992-11-07,0.03505592759640064
1992-11-08,0.03506278573572019
1992-11-09,0.035064642293182846
1992-11-10,0.038057156093695754
1992-11-11,0.03904346993206609
1992-11-12,0.038883359015467134
1992-11-13,0.035630727389845296
1992-11-14,0.035647562824988155
1992-11-15,0.03563826038719475
1992-11-16,0.03172533734876093
1992-11-17,0.031125072993185565
1992-11-18,0.031120586883357948
1992-11-19,0.030369442907990152
1992-11-20,0.03284396208279139
1992-11-21,0.03284396208279139
1992-11-22,0.03284196892764224
1992-11-23,0.033213517145564975
1992-11-24,0.03405566973103835
1992-11-25,0.0339739207322427
1992-11-26,0.033973911584069594
1992-11-27,0.03402331573471984
1992-11-28,0.034142211445772785
1992-11-29,0.03414162949936417
1992-11-30,0.0340986543405184
1992-12-01,0.034093681471049075
1992-12-02,0.03237202560968022
1992-12-03,0.032380270787312426
1992-12-04,0.03243781117739508
1992-12-05,0.03243781117739508
1992-12-06,0.03243781117739508
1992-12-07,0.03227821978823986
1992-12-08,0.03226373450118891
1992-12-09,0.03234434743872194
1992-12-10,0.032934108855419364
1992-12-11,0.033113407912431336
1992-12-12,0.03311281262761456
1992-12-13,0.03311240724768383
1992-12-14,0.03307985642175071
1992-12-15,0.032812980455288576
1992-12-16,0.03248904976619227
1992-12-17,0.03192821330258577
1992-12-18,0.031770814285815296
1992-12-19,0.031770814285815296
1992-12-20,0.031770814285815296
1992-12-21,0.03093608148913307
1992-12-22,0.03128295047103724
1992-12-23,0.03175557628100267
1992-12-24,0.03183006590769022
1992-12-25,0.03183006590769022
1992-12-26,0.03183006590769022
1992-12-27,0.03183046634201325
1992-12-28,0.03180754494070759
1992-12-29,0.03174368245745618
1992-12-30,0.031832203032477135
1992-12-31,0.03183405117470328
1993-01-01,0.03183405117470328
1993-01-02,0.03183405117470328
1993-01-03,0.03183317910949901
1993-01-04,0.0317909137921486
1993-01-05,0.03187653159101744
1993-01-06,0.031852915245028646
1993-01-07,0.031825153771788184
1993-01-08,0.03183364313195325
1993-01-09,0.03183364313195325
1993-01-10,0.03183364313195325
1993-01-11,0.03177425922028787
1993-01-12,0.03191488022451194
1993-01-13,0.03235465123669412
1993-01-14,0.03503008723177281
1993-01-15,0.03502734712265565
1993-01-16,0.03502606797184704
1993-01-17,0.035003109892322914
1993-01-18,0.034710815221669966
1993-01-19,0.029339253001409604
1993-01-20,0.0252514545567335
1993-01-21,0.030369121489043138
1993-01-22,0.03172712145152912
1993-01-23,0.03173489837840071
1993-01-24,0.03170660198412145
1993-01-25,0.029685226574098333
1993-01-26,0.027428178785893875
1993-01-27,0.021032724375962042
1993-01-28,0.022117072265524174
1993-01-29,0.025634349575624604
1993-01-30,0.025634357513826478
1993-01-31,0.02560951405772971
1993-02-01,0.02656630422718087
1993-02-02,0.02801987797311334
1993-02-03,0.02666378851405593
1993-02-04,0.02589927128871472
1993-02-05,0.02459736791151701
1993-02-06,0.02505190782895883
1993-02-07,0.02505213132265105
1993-02-08,0.023401923489696275
1993-02-09,0.026193528058651827
1993-02-10,0.023908568688035814
1993-02-11,0.021585054311601404
1993-02-12,0.021121479876635485
1993-02-13,0.021111361347954105
1993-02-14,0.02111775927349724
1993-02-15,0.021184409218281797
1993-02-16,0.019091641693514072
1993-02-17,0.018959682283583135
1993-02-18,0.01808826670583219
1993-02-19,0.011551496456148724
1993-02-20,0.011552345772765982
1993-02-21,0.012378312753771326
1993-02-22,0.011915668628232012
1993-02-23,0.010462232980560149
1993-02-24,0.00972554588889607
1993-02-25,0.007014576979423426
1993-02-26,0.007629826030516096
1993-02-27,0.007595982690917991
1993-02-28,0.008127240989247664
1993-03-01,0.007607790510388623
1993-03-02,0.0073673956493449655
1993-03-03,0.0070483948718078615
1993-03-04,0.00684486219388547
1993-03-05,0.006844424652682868
1993-03-06,0.006848126682344136
1993-03-07,0.006846255855055272
1993-03-08,0.007122063963054703
1993-03-09,0.006307612988672107
1993-03-10,0.005049815306717553
1993-03-11,0.006029317965658754
1993-03-12,0.006648572745981296
1993-03-13,0.006588021479029038
1993-03-14,0.006589006736082981
1993-03-15,0.006343040980993253
1993-03-16,0.006390154130730075
1993-03-17,0.0035889364798156187
1993-03-18,0.0034029151241088407
1993-03-19,0.00254300067302049
1993-03-20,0.0025434620748245873
1993-03-21,0.0025291265147069364
1993-03-22,0.0026948758424671926
1993-03-23,0.002329474340370563
1993-03-24,0.0021700958194155184
1993-03-25,0.0021963818094561383
1993-03-26,0.0018776971680722898
1993-03-27,0.001877825510214759
1993-03-28,0.001798054713489261
1993-03-29,0.0014359513057957685
1993-03-30,0.0020372156576105027
1993-03-31,0.0015655798053708647
1993-04-01,0.001599690173815116
1993-04-02,0.0019208714857115172
1993-04-03,0.0019110203152339356
1993-04-04,0.001910199409247415
1993-04-05,0.0018674567419239008
1993-04-06,0.0023061904167649416
1993-04-07,0.0009531370284010521
1993-04-08,0.00036550779920818677
1993-04-09,0.0007339869518014908
1993-04-10,0.0007346594489689995
1993-04-11,0.0009731675360924452
1993-04-12,0.001966293353214965
1993-04-13,0.0011201645351186507
1993-04-14,0.003059328952668139
1993-04-15,0.0024580642325939817
1993-04-16,0.002929425992329371
1993-04-17,0.002929425992329371
1993-04-18,0.0031199033976658797
1993-04-19,0.004544738169453888
1993-04-20,0.0037372714758212577
1993-04-21,-0.0013972661311185686
1993-04-22,-0.0005765316595147674
1993-04-23,0.0002489124295479428
1993-04-24,0.0002489124295479428
1993-04-25,-0.00035223017990748673
1993-04-26,0.0032798465441439273
1993-04-27,0.00778640337493397
1993-04-28,0.006536880286380109
1993-04-29,0.010672653522308728
1993-04-30,0.010315509900061803
1993-05-01,0.010307924081488284
1993-05-02,0.010328429900316793
1993-05-03,0.008119597890886343
1993-05-04,0.007912429237049379
1993-05-05,0.008294971456224376
1993-05-06,0.008217671170670071
1993-05-07,0.007777035750311745
1993-05-08,0.007775465385378766
1993-05-09,0.007877774255578451
1993-05-10,0.007653703130188649
1993-05-11,0.007523666718551203
1993-05-12,0.008495954412560236
1993-05-13,0.009249937585799506
1993-05-14,0.011105975568216575
1993-05-15,0.011038953990132772
1993-05-16,0.011042663604104108
1993-05-17,0.011437796700354275
1993-05-18,0.012528810062622853
1993-05-19,0.012569110417674612
1993-05-20,0.013110811968748859
1993-05-21,0.01405122710620832
1993-05-22,0.014054084883866613
1993-05-23,0.014062980796238245
1993-05-24,0.013481774426407966
1993-05-25,0.013855773821551676
1993-05-26,0.013994927542455127
1993-05-27,0.013432868542189391
1993-05-28,0.013371401544629569
1993-05-29,0.01336259189750888
1993-05-30,0.01336259189750888
1993-05-31,0.013363728936312214
1993-06-01,0.013142738527398778
1993-06-02,0.013245500834883295
1993-06-03,0.014390839573904524
1993-06-04,0.014415076292085383
1993-06-05,0.014417629655981035
1993-06-06,0.014382084308430798
1993-06-07,0.014385834236922301
1993-06-08,0.01620434367721124
1993-06-09,0.016331150300312736
1993-06-10,0.01600671331667436
1993-06-11,0.016111381700947502
1993-06-12,0.01618066207239699
1993-06-13,0.01618623118455398
1993-06-14,0.016213980535344508
1993-06-15,0.016073232986932195
1993-06-16,0.016283822210316545
1993-06-17,0.016294884639270757
1993-06-18,0.016341484899559333
1993-06-19,0.016341484899559333
1993-06-20,0.016341484899559333
1993-06-21,0.016268744255465206
1993-06-22,0.01672872688080096
1993-06-23,0.01648181913746738
1993-06-24,0.016517945378565324
1993-06-25,0.016479876307143204
1993-06-26,0.016479876307143204
1993-06-27,0.016479876307143204
1993-06-28,0.016402388063930573
1993-06-29,0.01668674904455103
1993-06-30,0.01659787585129391
1993-07-01,0.01671726239198379
1993-07-02,0.01684665954037068
1993-07-03,0.016848594628230185
1993-07-04,0.016848594628230185
1993-07-05,0.016848594628230185
1993-07-06,0.01607521430329162
1993-07-07,0.016048746161848593
1993-07-08,0.01607585961096003
1993-07-09,0.01613376960514401
1993-07-10,0.01613376960514401
1993-07-11,0.01613376960514401
1993-07-12,0.014843894129912272
1993-07-13,0.014490487067480684
1993-07-14,0.014679489882212016
1993-07-15,0.011861196799235252
1993-07-16,0.010612170972993606
1993-07-17,0.01061418189547525
1993-07-18,0.01051936961203781
1993-07-19,0.010588447141582025
1993-07-20,0.009820397946078252
1993-07-21,0.004981247425921653
1993-07-22,0.002608754659611412
1993-07-23,0.0017962578005858987
1993-07-24,0.0018129988687392018
1993-07-25,0.002799550117206673
1993-07-26,0.002654425125418136
1993-07-27,-0.003193393265856881
1993-07-28,-0.005525712099591185
1993-07-29,-0.0047292876842823794
1993-07-30,-0.005640032916296889
1993-07-31,-0.005165926220429551
1993-08-01,-0.005078901853645346
1993-08-02,-0.005659132030320091
1993-08-03,-0.006432300268148561
1993-08-04,-0.004468036864296754
1993-08-05,-0.0042562755190587165
1993-08-06,-0.005887678817798392
1993-08-07,-0.005886971030752086
1993-08-08,-0.005886637304574838
1993-08-09,-0.005574015308236313
1993-08-10,-0.0071555355592011205
1993-08-11,-0.006474313329788206
1993-08-12,-0.005689855568624336
1993-08-13,-0.005816202001720394
1993-08-14,-0.005816398104127818
1993-08-15,-0.0058094401861830125
1993-08-16,-0.006572514966752041
1993-08-17,-0.006540244467662881
1993-08-18,-0.007078052667267909
1993-08-19,-0.006609142937053947
1993-08-20,-0.005645519633942664
1993-08-21,-0.0056498053850913
1993-08-22,-0.005651293360224963
1993-08-23,-0.005529880069560789
1993-08-24,-0.005640834002776041
1993-08-25,-0.006130852774469453
1993-08-26,-0.0068761240060262185
1993-08-27,-0.00637462962869495
1993-08-28,-0.006363372300921322
1993-08-29,-0.006389385541028414
1993-08-30,-0.006701136871436586
1993-08-31,-0.006740641454360929
1993-09-01,-0.007361722982137886
1993-09-02,-0.005762909894614143
1993-09-03,-0.005786004199465067
1993-09-04,-0.005786004199465067
1993-09-05,-0.005810713567353076
1993-09-06,-0.005810713567353076
1993-09-07,-0.005814631283126537
1993-09-08,-0.005761401232197816
1993-09-09,-0.005560737709326746
1993-09-10,-0.004636971218217378
1993-09-11,-0.0046356282037419705
1993-09-12,-0.00461013240961905
1993-09-13,-0.004782154330155608
1993-09-14,-0.004741593681193201
1993-09-15,-0.004186820441911543
1993-09-16,-0.00411414535513166
1993-09-17,-0.003990913170179522
1993-09-18,-0.004085520904617002
1993-09-19,-0.004085520904617002
1993-09-20,-0.0039354564076838905
1993-09-21,-0.004198035135947742
1993-09-22,-0.004087041600908448
1993-09-23,-0.0037322574730066505
1993-09-24,-0.003521774673768241
1993-09-25,-0.003521774673768241
1993-09-26,-0.0035249063457212237
1993-09-27,-0.0035441005330358877
1993-09-28,-0.0035235363060186486
1993-09-29,-0.0037056316245701604
1993-09-30,-0.003839325201316135
1993-10-01,-0.0038605263925646227
1993-10-02,-0.0038605263925646227
1993-10-03,-0.003870256785979631
1993-10-04,-0.0036715417880661683
1993-10-05,-0.00373671169651002
1993-10-06,-0.0037326572171787475
1993-10-07,-0.0033141113713222037
1993-10-08,-0.0012357873018661314
1993-10-09,-0.0012357873018661314
1993-10-10,-0.00123524936286723
1993-10-11,-7.028398713282424e-05
1993-10-12,0.0012713564985269432
1993-10-13,0.0013769628520627908
1993-10-14,0.0007889232514985967
1993-10-15,0.005963822564328369
1993-10-16,0.005998626279912989
1993-10-17,0.006001946948794634
1993-10-18,0.0065066785813092665
1993-10-19,0.0069266037811741565
1993-10-20,0.0038260870167037275
1993-10-21,0.005195949328948624
1993-10-22,0.0032009345034260672
1993-10-23,0.0032126005218306997
1993-10-24,0.0032178892894314526
1993-10-25,0.003495461487978968
1993-10-26,0.009548157259203771
1993-10-27,0.00704758523599347
1993-10-28,0.007759278568368888
1993-10-29,0.006719089034847192
1993-10-30,0.006742387427420837
1993-10-31,0.006796654123999879
1993-11-01,0.006815205183883677
1993-11-02,0.006502636095825576
1993-11-03,0.005394685801377586
1993-11-04,0.00680227382078602
1993-11-05,0.006784044409041012
1993-11-06,0.006620802742844711
1993-11-07,0.006617420980534527
1993-11-08,0.007669687424748828
1993-11-09,0.007553218232644765
1993-11-10,0.007123425792048943
1993-11-11,0.007605053989694577
1993-11-12,0.0070593962233660434
1993-11-13,0.007072077088379425
1993-11-14,0.007019536171542384
1993-11-15,0.006931317384556879
1993-11-16,0.005215547137656484
1993-11-17,0.006687929577747109
1993-11-18,0.005130769798687984
1993-11-19,0.005428186246820399
1993-11-20,0.005428186246820399
1993-11-21,0.005426605598805034
1993-11-22,0.005444296983809771
1993-11-23,0.0058597523695771425
1993-11-24,0.006002118120303379
1993-11-25,0.006021166485961071
1993-11-26,0.0061656521795057095
1993-11-27,0.006165541016792453
1993-11-28,0.006166262130324229
1993-11-29,0.009463708215618816
1993-11-30,0.009538868713526716
1993-12-01,0.01084641530183661
1993-12-02,0.010914912890609196
1993-12-03,0.01093079911750694
1993-12-04,0.010927182172574934
1993-12-05,0.010927182172574934
1993-12-06,0.010979777984933436
1993-12-07,0.010996120126989695
1993-12-08,0.010569967844554773
1993-12-09,0.009173294454545289
1993-12-10,0.009144671164621032
1993-12-11,0.009144671164621032
1993-12-12,0.009031676074551687
1993-12-13,0.00939901948865196
1993-12-14,0.010139676523067687
1993-12-15,0.009916607462848726
1993-12-16,0.010534984846024997
1993-12-17,0.011031132494004225
1993-12-18,0.011029484776680976
1993-12-19,0.011029484776680976
1993-12-20,0.011140280075383702
1993-12-21,0.010103771654605964
1993-12-22,0.010202801837170261
1993-12-23,0.01009187266134104
1993-12-24,0.01008650341933115
1993-12-25,0.01008650341933115
1993-12-26,0.01008650341933115
1993-12-27,0.010126404414547041
1993-12-28,0.010088301095589669
1993-12-29,0.01006131667702781
1993-12-30,0.010023702292335956
1993-12-31,0.010027292067636306
1994-01-01,0.010027292067636306
1994-01-02,0.010027292067636306
1994-01-03,0.010019174575498724
1994-01-04,0.010064003061625693
1994-01-05,0.01016622530529987
1994-01-06,0.010219777107884465
1994-01-07,0.010034600993656273
1994-01-08,0.010034600993656273
1994-01-09,0.010034600993656273
1994-01-10,0.009782344786024355
1994-01-11,0.010564131384404929
1994-01-12,0.011058835131324551
1994-01-13,0.012873895043813643
1994-01-14,0.013007813009719094
1994-01-15,0.0130333232860802
1994-01-16,0.013036587735153926
1994-01-17,0.014656237181819964
1994-01-18,0.013713097300930066
1994-01-19,0.010181386214836774
1994-01-20,0.010055366603918037
1994-01-21,0.009994871689517737
1994-01-22,0.009997425791807846
1994-01-23,0.009956442034950053
1994-01-24,0.008799533988032016
1994-01-25,0.026129624081645986
1994-01-26,0.025308370713619466
1994-01-27,0.02804329079211998
1994-01-28,0.024750409537804163
1994-01-29,0.024740832649029265
1994-01-30,0.02474073700024415
1994-01-31,0.026018863773919154
1994-02-01,0.027080085893212757
1994-02-02,0.03392439079541787
1994-02-03,0.0332396300897857
1994-02-04,0.03523074619841804
1994-02-05,0.03514668819424838
1994-02-06,0.036761779049054644
1994-02-07,0.037551710127669446
1994-02-08,0.03591941309160096
1994-02-09,0.03741069012226017
1994-02-10,0.03763010130847588
1994-02-11,0.03735786713565514
1994-02-12,0.03726860166663282
1994-02-13,0.03708348141885054
1994-02-14,0.037662754714665514
1994-02-15,0.038565379136493494
1994-02-16,0.03986396219327748
1994-02-17,0.039765527219943086
1994-02-18,0.040584178481967825
1994-02-19,0.04067342146711761
1994-02-20,0.04067337652054537
1994-02-21,0.03975676676775253
1994-02-22,0.03962393076133375
1994-02-23,0.043019114081658705
1994-02-24,0.04724869166844403
1994-02-25,0.047197104793247124
1994-02-26,0.04620459410821165
1994-02-27,0.048200388941126215
1994-02-28,0.04655273879143773
1994-03-01,0.047189853566735884
1994-03-02,0.04812664854823123
1994-03-03,0.04817452113149656
1994-03-04,0.04821582821597148
1994-03-05,0.048220774780076914
1994-03-06,0.04821311644615078
1994-03-07,0.048317050351667445
1994-03-08,0.047508572441419705
1994-03-09,0.04799041133582094
1994-03-10,0.04737371454062389
1994-03-11,0.047732604550374313
1994-03-12,0.04774640709882427
1994-03-13,0.04783290196267398
1994-03-14,0.04791968864701901
1994-03-15,0.04865660742573752
1994-03-16,0.04828759344063305
1994-03-17,0.0480242707284273
1994-03-18,0.04878048086030451
1994-03-19,0.04878855891384992
1994-03-20,0.04874080874855635
1994-03-21,0.04883090096432796
1994-03-22,0.048792627291482704
1994-03-23,0.046893206718914726
1994-03-24,0.046776138627431685
1994-03-25,0.04698191898013193
1994-03-26,0.04698191898013193
1994-03-27,0.04698108056608441
1994-03-28,0.04699660449512044
1994-03-29,0.04704769777683415
1994-03-30,0.047000505421648464
1994-03-31,0.04781501370736274
1994-04-01,0.04768397181650852
1994-04-02,0.0477976240139677
1994-04-03,0.047809854323120016
1994-04-04,0.04827757542004796
1994-04-05,0.048189162790869045
1994-04-06,0.0481098051395803
1994-04-07,0.04808811063914242
1994-04-08,0.048597745269187476
1994-04-09,0.048597745269187476
1994-04-10,0.04859504144781823
1994-04-11,0.04788466531434432
1994-04-12,0.04799569194112663
1994-04-13,0.04748334652539854
1994-04-14,0.04741434556555002
1994-04-15,0.046720765421666366
1994-04-16,0.04673022976363628
1994-04-17,0.04668559234875147
1994-04-18,0.04553342132406457
1994-04-19,0.048095954683598174
1994-04-20,0.059438485434772925
1994-04-21,0.067063594534718
1994-04-22,0.06748135918944964
1994-04-23,0.0675533312161809
1994-04-24,0.06755700052039382
1994-04-25,0.06929644339414742
1994-04-26,0.06874232506017619
1994-04-27,0.06800213911867048
1994-04-28,0.06538676312374014
1994-04-29,0.06533819781801253
1994-04-30,0.06527893769483284
1994-05-01,0.06528666354491475
1994-05-02,0.06534015317701547
1994-05-03,0.0675409917114218
1994-05-04,0.06753654904676099
1994-05-05,0.06783670025024668
1994-05-06,0.06590077522525895
1994-05-07,0.06591338157179161
1994-05-08,0.06590281531630549
1994-05-09,0.06610290344672864
1994-05-10,0.0653369308359959
1994-05-11,0.06603565263827127
1994-05-12,0.06387887444025697
1994-05-13,0.06439161792671011
1994-05-14,0.06485071826562128
1994-05-15,0.06479301779339153
1994-05-16,0.06434964638214202
1994-05-17,0.06439662044916217
1994-05-18,0.06259408175784387
1994-05-19,0.061457106424702035
1994-05-20,0.06215396068649204
1994-05-21,0.062158194254722465
1994-05-22,0.062170810842011814
1994-05-23,0.06185814568569459
1994-05-24,0.06209858626335696
1994-05-25,0.062115627488201985
1994-05-26,0.06309811954502376
1994-05-27,0.06327561326435438
1994-05-28,0.06327488961037142
1994-05-29,0.06327124218341496
1994-05-30,0.06327124218341496
1994-05-31,0.06351015412310379
1994-06-01,0.06236742370876769
1994-06-02,0.06373599685226305
1994-06-03,0.0636646865002366
1994-06-04,0.06367037988163493
1994-06-05,0.06365842107365927
1994-06-06,0.06364833079619703
1994-06-07,0.0634612572606652
1994-06-08,0.06474751972114001
1994-06-09,0.06468374411617428
1994-06-10,0.06506910092004392
1994-06-11,0.06506843240925808
1994-06-12,0.06506718597509153
1994-06-13,0.06462718882958352
1994-06-14,0.06450590670524048
1994-06-15,0.0647740325322661
1994-06-16,0.06451902337397675
1994-06-17,0.06445085583664545
1994-06-18,0.0644492274396975
1994-06-19,0.06444731357570754
1994-06-20,0.06505144623886983
1994-06-21,0.06504524453738902
1994-06-22,0.06510189561549629
1994-06-23,0.06519553514380427
1994-06-24,0.06513128019547798
1994-06-25,0.06513128019547798
1994-06-26,0.06513128019547798
1994-06-27,0.06505671634254884
1994-06-28,0.0652230491322483
1994-06-29,0.06515941768788736
1994-06-30,0.06507980979916628
1994-07-01,0.06421282742869017
1994-07-02,0.06424414470239515
1994-07-03,0.06424291245761204
1994-07-04,0.06424291245761204
1994-07-05,0.06421951016171423
1994-07-06,0.06538681187856832
1994-07-07,0.06531003090517085
1994-07-08,0.0651144805478725
1994-07-09,0.0651144805478725
1994-07-10,0.0651144805478725
1994-07-11,0.06337157316362885
1994-07-12,0.06416174365980032
1994-07-13,0.06257835457003469
1994-07-14,0.06236645395966889
1994-07-15,0.062498057518554084
1994-07-16,0.0625238077651955
1994-07-17,0.06251868515205716
1994-07-18,0.06183214258152048
1994-07-19,0.06218751389608013
1994-07-20,0.06652603580895722
1994-07-21,0.07623101477814487
1994-07-22,0.08147511141752162
1994-07-23,0.08139506827267673
1994-07-24,0.08221926913620292
1994-07-25,0.08227450242260881
1994-07-26,0.08888312646943586
1994-07-27,0.09285486259722342
1994-07-28,0.08474946482478152
1994-07-29,0.08599142396386661
1994-07-30,0.08592799705879495
1994-07-31,0.08587785828082484
1994-08-01,0.08326173685706251
1994-08-02,0.08277706626281844
1994-08-03,0.08346616426153308
1994-08-04,0.08366744709014173
1994-08-05,0.08305868108707104
1994-08-06,0.08308548634747348
1994-08-07,0.0830907630794051
1994-08-08,0.08255699882642364
1994-08-09,0.0827336539910204
1994-08-10,0.08361457485058654
1994-08-11,0.08249031743554003
1994-08-12,0.08522781011924452
1994-08-13,0.085221065101172
1994-08-14,0.08522747490501881
1994-08-15,0.08541180628020673
1994-08-16,0.08552395531539769
1994-08-17,0.0860673500928546
1994-08-18,0.08728424040073346
1994-08-19,0.08752551558982402
1994-08-20,0.08746946975396508
1994-08-21,0.08746202035999584
1994-08-22,0.08696740052363605
1994-08-23,0.08756788176411012
1994-08-24,0.08811686006829955
1994-08-25,0.0883360052870592
1994-08-26,0.08847709605961929
1994-08-27,0.08847709605961929
1994-08-28,0.08846376378076859
1994-08-29,0.08874397878605689
1994-08-30,0.0886830377240464
1994-08-31,0.08956802728383817
1994-09-01,0.08927159999239676
1994-09-02,0.08925192892680434
1994-09-03,0.08925192892680434
1994-09-04,0.08925192892680434
1994-09-05,0.0892602202669519
1994-09-06,0.08924264480189192
1994-09-07,0.08929420657152476
1994-09-08,0.09050820160781403
1994-09-09,0.09170093155269621
1994-09-10,0.0916858782364478
1994-09-11,0.0916858782364478
1994-09-12,0.09168173233950294
1994-09-13,0.09220728229428587
1994-09-14,0.09246895868491634
1994-09-15,0.09238918878539559
1994-09-16,0.09245124812056549
1994-09-17,0.0924643264213556
1994-09-18,0.09241941997435688
1994-09-19,0.0924003359824761
1994-09-20,0.091506852535997
1994-09-21,0.09151412641474388
1994-09-22,0.09169882982439681
1994-09-23,0.0917148460118733
1994-09-24,0.0917148460118733
1994-09-25,0.0917148460118733
1994-09-26,0.09179453623319711
1994-09-27,0.09195385957337954
1994-09-28,0.09233477894749442
1994-09-29,0.0922687259122641
1994-09-30,0.09221634819113378
1994-10-01,0.09222001501680821
1994-10-02,0.09221952307609849
1994-10-03,0.09243364835273504
1994-10-04,0.09202264092703372
1994-10-05,0.09220643946063145
1994-10-06,0.0923213683305868
1994-10-07,0.09067662080098793
1994-10-08,0.09056754870762429
1994-10-09,0.09056754870762429
1994-10-10,0.09051293085869361
1994-10-11,0.09069411031273744
1994-10-12,0.08909743712628537
1994-10-13,0.08969307801624815
1994-10-14,0.0926361103525839
1994-10-15,0.09263718703163804
1994-10-16,0.09256111583714732
1994-10-17,0.09607152255105955
1994-10-18,0.09481059616037357
1994-10-19,0.09197486985188497
1994-10-20,0.07808288880315595
1994-10-21,0.07789021171007482
1994-10-22,0.07789239605849896
1994-10-23,0.07789247043666125
1994-10-24,0.08343010370059867
1994-10-25,0.07974845333411751
1994-10-26,0.08018611395810527
1994-10-27,0.08854461851421336
1994-10-28,0.09233787775422653
1994-10-29,0.09250802055983498
1994-10-30,0.09258896698477592
1994-10-31,0.09346329070910153
1994-11-01,0.09444367061055092
1994-11-02,0.09680969303548648
1994-11-03,0.09848814282241625
1994-11-04,0.09815309507166248
1994-11-05,0.09815314157345578
1994-11-06,0.0981557137742155
1994-11-07,0.09746919063459436
1994-11-08,0.09879086816170468
1994-11-09,0.09653917778566035
1994-11-10,0.09827691074572442
1994-11-11,0.09838999495946998
1994-11-12,0.09839762972782373
1994-11-13,0.09846095204985583
1994-11-14,0.09876492618368671
1994-11-15,0.1012854546873092
1994-11-16,0.100226640425495
1994-11-17,0.09858164785928203
1994-11-18,0.09421197395526848
1994-11-19,0.09428307435460614
1994-11-20,0.09427776084727801
1994-11-21,0.09417438582497728
1994-11-22,0.09392202645130099
1994-11-23,0.09379262227478136
1994-11-24,0.09391303539016205
1994-11-25,0.09394344386622056
1994-11-26,0.0939341048743032
1994-11-27,0.0939329364812107
1994-11-28,0.09379187577202286
1994-11-29,0.09459399964273385
1994-11-30,0.09438121189867865
1994-12-01,0.09438156141843423
1994-12-02,0.09435902750069936
1994-12-03,0.09435902750069936
1994-12-04,0.09436120563057782
1994-12-05,0.09420176279094195
1994-12-06,0.09430134543526414
1994-12-07,0.09429349440044699
1994-12-08,0.0939657487163914
1994-12-09,0.09389524376018099
1994-12-10,0.09389524376018099
1994-12-11,0.09389524376018099
1994-12-12,0.09397837147658405
1994-12-13,0.09446285971720902
1994-12-14,0.09495093031336332
1994-12-15,0.09467899965367943
1994-12-16,0.0945569354108271
1994-12-17,0.0945569354108271
1994-12-18,0.09436093846226634
1994-12-19,0.09411080567704455
1994-12-20,0.09431227517371155
1994-12-21,0.09418835057883967
1994-12-22,0.09417249780589998
1994-12-23,0.0941689046180485
1994-12-24,0.0941688866480086
1994-12-25,0.0941688866480086
1994-12-26,0.09402916466017608
1994-12-27,0.09399067218331503
1994-12-28,0.09401596904246401
1994-12-29,0.09402746619141267
1994-12-30,0.09404487804186701
1994-12-31,0.09404487804186701
1995-01-01,0.09404487804186701
1995-01-02,0.09404487804186701
1995-01-03,0.09389314375278479
1995-01-04,0.0940718870858479
1995-01-05,0.09401053881843113
1995-01-06,0.09401390826390266
1995-01-07,0.09401390826390266
1995-01-08,0.09404593893955338
1995-01-09,0.0933980390515905
1995-01-10,0.09445005732419198
1995-01-11,0.09339207836148389
1995-01-12,0.0951727480154465
1995-01-13,0.09528199433162698
1995-01-14,0.09528390644532503
1995-01-15,0.09531296222675611
1995-01-16,0.09389368955728661
1995-01-17,0.09579128074715171
1995-01-18,0.09645441465013027
1995-01-19,0.09840733180132544
1995-01-20,0.09866115108232987
1995-01-21,0.09866345452213676
1995-01-22,0.09864837166725615
1995-01-23,0.09395433673095765
1995-01-24,0.09569821832904157
1995-01-25,0.1053003126310752
1995-01-26,0.10176140857825056
1995-01-27,0.10205090427041563
1995-01-28,0.1020523512095386
1995-01-29,0.10247968175803202
1995-01-30,0.10328101009999924
1995-01-31,0.10265323773144108
1995-02-01,0.10191957326965406
1995-02-02,0.09847234189494314
1995-02-03,0.09635078015371712
1995-02-04,0.0964471041463828
1995-02-05,0.09652419710487958
1995-02-06,0.09513637676761744
1995-02-07,0.09520629763100108
1995-02-08,0.09557130648932133
1995-02-09,0.09455496580409006
1995-02-10,0.09362175053218036
1995-02-11,0.09366781625688247
1995-02-12,0.09360968629426858
1995-02-13,0.09336890462645808
1995-02-14,0.0936073261580439
1995-02-15,0.09324831192864869
1995-02-16,0.0942963689219174
1995-02-17,0.0936785947685157
1995-02-18,0.0937272963859157
1995-02-19,0.09360457405046807
1995-02-20,0.09389693301198498
1995-02-21,0.09343563968887869
1995-02-22,0.09429326430052964
1995-02-23,0.08734039768885427
1995-02-24,0.08843563678209243
1995-02-25,0.08842935562090304
1995-02-26,0.0884540107002969
1995-02-27,0.09249015261776927
1995-02-28,0.09248187290111876
1995-03-01,0.0935194650233806
1995-03-02,0.09312973215483855
1995-03-03,0.09314554911872541
1995-03-04,0.0929821796565431
1995-03-05,0.09299145014705501
1995-03-06,0.09296878668010189
1995-03-07,0.09278318761060023
1995-03-08,0.09275262117583272
1995-03-09,0.0925519157044854
1995-03-10,0.09250794656474781
1995-03-11,0.09250691874464523
1995-03-12,0.09252884211084522
1995-03-13,0.0922636380897559
1995-03-14,0.09195692153340329
1995-03-15,0.09253323530083124
1995-03-16,0.09324564506238575
1995-03-17,0.09246090979982768
1995-03-18,0.09245343098675596
1995-03-19,0.09244940412847402
1995-03-20,0.09251764953666397
1995-03-21,0.09294665042364447
1995-03-22,0.09327934928307546
1995-03-23,0.09317781502692668
1995-03-24,0.09317354275698775
1995-03-25,0.09310257608365546
1995-03-26,0.09310145773947953
1995-03-27,0.09303887171590675
1995-03-28,0.09315680741669397
1995-03-29,0.09325377872639562
1995-03-30,0.09221494533378483
1995-03-31,0.09139776774350228
1995-04-01,0.09145152351736008
1995-04-02,0.09130124397922179
1995-04-03,0.09104437447346614
1995-04-04,0.0911261394356968
1995-04-05,0.09134388435574348
1995-04-06,0.09145133649581183
1995-04-07,0.0919271138494151
1995-04-08,0.09192698060609583
1995-04-09,0.09192698060609583
1995-04-10,0.09166248790621756
1995-04-11,0.09123176977393754
1995-04-12,0.09267691887644247
1995-04-13,0.09347524847699673
1995-04-14,0.09255202827113673
1995-04-15,0.09258961760609474
1995-04-16,0.0925879275661532
1995-04-17,0.09383812958558324
1995-04-18,0.09210784591457322
1995-04-19,0.09893483476364118
1995-04-20,0.10069973492235618
1995-04-21,0.09583809142640187
1995-04-22,0.09594411488101962
1995-04-23,0.09590063583349351
1995-04-24,0.09599955473525545
1995-04-25,0.09175436305618168
1995-04-26,0.09400325205403814
1995-04-27,0.09472622503228245
1995-04-28,0.09544040375031804
1995-04-29,0.09544275639069477
1995-04-30,0.09540412544053667
1995-05-01,0.09496651916125698
1995-05-02,0.09546387580982252
1995-05-03,0.09549758803793251
1995-05-04,0.09575965440842937
1995-05-05,0.09443442861094953
1995-05-06,0.09435108059155994
1995-05-07,0.09435707986831754
1995-05-08,0.09341623943185606
1995-05-09,0.09180311676592523
1995-05-10,0.0923109183875781
1995-05-11,0.09140798921432247
1995-05-12,0.09132378906962546
1995-05-13,0.0914804418459938
1995-05-14,0.09104572228428731
1995-05-15,0.09095726504271417
1995-05-16,0.0906923704857272
1995-05-17,0.091627628031832
1995-05-18,0.09152967494791397
1995-05-19,0.08978872997096676
1995-05-20,0.08979396453784094
1995-05-21,0.08979506326489206
1995-05-22,0.0896510847095775
1995-05-23,0.09052992474912669
1995-05-24,0.09059306963126512
1995-05-25,0.09064682106680921
1995-05-26,0.09053457292747558
1995-05-27,0.09052929540717436
1995-05-28,0.09052910277523951
1995-05-29,0.0905335374360241
1995-05-30,0.09068284911340796
1995-05-31,0.10875413262877798
1995-06-01,0.10868721117347069
1995-06-02,0.10876080401436994
1995-06-03,0.10876197452102732
1995-06-04,0.10876156510083468
1995-06-05,0.10867601175946606
1995-06-06,0.10868344606011071
1995-06-07,0.10865236778008369
1995-06-08,0.10803919326888023
1995-06-09,0.10576792286720083
1995-06-10,0.10576792286720083
1995-06-11,0.10576792286720083
1995-06-12,0.10583593835179794
1995-06-13,0.10595858429208893
1995-06-14,0.1058753347450958
1995-06-15,0.1053861855888305
1995-06-16,0.1053588497794089
1995-06-17,0.10536679178275055
1995-06-18,0.10536715045861866
1995-06-19,0.1052642488098845
1995-06-20,0.10432318699169674
1995-06-21,0.10442049724002911
1995-06-22,0.1045163223016361
1995-06-23,0.10445435583329399
1995-06-24,0.10445689857790508
1995-06-25,0.10445689857790508
1995-06-26,0.10452732068463733
1995-06-27,0.10479816578486933
1995-06-28,0.10489228176163623
1995-06-29,0.10457864476277856
1995-06-30,0.10438975988453159
1995-07-01,0.10433515988004327
1995-07-02,0.10433835425688098
1995-07-03,0.10429890866974234
1995-07-04,0.10429890866974234
1995-07-05,0.10418266694588008
1995-07-06,0.10419293126052054
1995-07-07,0.10491658300688456
1995-07-08,0.10491326979016691
1995-07-09,0.10491326979016691
1995-07-10,0.1071863362370773
1995-07-11,0.10840206215543802
1995-07-12,0.10951818729047957
1995-07-13,0.1066918581445444
1995-07-14,0.10800821324515164
1995-07-15,0.10799378393875014
1995-07-16,0.10799460963461316
1995-07-17,0.10808728591471528
1995-07-18,0.1097610656683472
1995-07-19,0.10798377028621298
1995-07-20,0.10377122002936989
1995-07-21,0.10544565244332449
1995-07-22,0.10524517714245207
1995-07-23,0.1053796586873299
1995-07-24,0.10496983774137458
1995-07-25,0.10579445276829436
1995-07-26,0.1038054552399239
1995-07-27,0.11043447788402472
1995-07-28,0.1115940689757795
1995-07-29,0.11165562837880727
1995-07-30,0.11164330628886066
1995-07-31,0.11182062452881247
1995-08-01,0.11687489387595251
1995-08-02,0.11682807774525794
1995-08-03,0.1182686693054329
1995-08-04,0.11853200341605441
1995-08-05,0.11845987038339612
1995-08-06,0.11844694639183717
1995-08-07,0.12012161754860173
1995-08-08,0.11881215864251704
1995-08-09,0.12031451147709715
1995-08-10,0.1190111211046645
1995-08-11,0.11915860981650606
1995-08-12,0.11916821221037632
1995-08-13,0.1190793536564767
1995-08-14,0.11933919667951742
1995-08-15,0.12084029321960998
1995-08-16,0.12044222951830452
1995-08-17,0.12013857225474633
1995-08-18,0.12015634324786029
1995-08-19,0.12009595279631036
1995-08-20,0.12007113780407219
1995-08-21,0.11998781202007347
1995-08-22,0.11990832701202736
1995-08-23,0.11834131289746708
1995-08-24,0.11834552925205521
1995-08-25,0.11893187386563264
1995-08-26,0.11913958005665704
1995-08-27,0.11913958005665704
1995-08-28,0.11944041705615516
1995-08-29,0.11974835874574352
1995-08-30,0.10759134297217465
1995-08-31,0.10894832832748946
1995-09-01,0.1088828634789687
1995-09-02,0.10888255589706786
1995-09-03,0.10888255589706786
1995-09-04,0.10887483402026743
1995-09-05,0.10879494709105364
1995-09-06,0.10874140727196324
1995-09-07,0.10876230602203396
1995-09-08,0.10854444249261297
1995-09-09,0.10854444249261297
1995-09-10,0.10852185036174378
1995-09-11,0.1089377684718591
1995-09-12,0.10884820671885787
1995-09-13,0.10910601675784348
1995-09-14,0.10912111486300624
1995-09-15,0.109408494671426
1995-09-16,0.109408494671426
1995-09-17,0.10941095730480321
1995-09-18,0.10960623287149285
1995-09-19,0.10947377159818505
1995-09-20,0.10985441982779376
1995-09-21,0.1082778054166269
1995-09-22,0.10898663460459446
1995-09-23,0.10898663460459446
1995-09-24,0.10898663460459446
1995-09-25,0.10897237921203096
1995-09-26,0.10866515208446659
1995-09-27,0.10861675898409873
1995-09-28,0.10861715443955378
1995-09-29,0.10856994096779427
1995-09-30,0.10856994096779427
1995-10-01,0.1085758807951509
1995-10-02,0.10854456171419424
1995-10-03,0.10846222497038571
1995-10-04,0.10842534189384456
1995-10-05,0.10852826030540519
1995-10-06,0.10928720029531247
1995-10-07,0.1092896724977539
1995-10-08,0.10929422998111638
1995-10-09,0.10916596928961808
1995-10-10,0.10929596467800762
1995-10-11,0.10825280824975536
1995-10-12,0.10949572905849525
1995-10-13,0.10922263839395341
1995-10-14,0.10849628272686718
1995-10-15,0.10858867326543153
1995-10-16,0.1092117777693491
1995-10-17,0.10971265597215263
1995-10-18,0.10027148233727257
1995-10-19,0.10217423128790881
1995-10-20,0.10276948562105748
1995-10-21,0.10272690798291495
1995-10-22,0.10274488995624464
1995-10-23,0.09903075992597143
1995-10-24,0.08946280493471837
1995-10-25,0.09559992947493035
1995-10-26,0.09642423849225668
1995-10-27,0.09622922066932782
1995-10-28,0.09646976182594447
1995-10-29,0.0966071436676641
1995-10-30,0.0942203649475446
1995-10-31,0.09203807034521838
1995-11-01,0.09255549297488264
1995-11-02,0.0937748037466899
1995-11-03,0.09551763478307174
1995-11-04,0.0960925050303223
1995-11-05,0.09612477708618306
1995-11-06,0.09556196066388067
1995-11-07,0.09648719198839117
1995-11-08,0.09819300540679743
1995-11-09,0.09820389116943673
1995-11-10,0.09839513442602632
1995-11-11,0.0984476718044236
1995-11-12,0.09844823007147907
1995-11-13,0.09794603321460671
1995-11-14,0.0989022174044003
1995-11-15,0.10025334352383175
1995-11-16,0.10159512263836668
1995-11-17,0.10161970270330745
1995-11-18,0.10162023429246503
1995-11-19,0.10154684169316375
1995-11-20,0.10166117154318699
1995-11-21,0.10139429814969758
1995-11-22,0.10137174047971742
1995-11-23,0.10137402980829968
1995-11-24,0.10140223502901557
1995-11-25,0.10139293697348162
1995-11-26,0.10138025524470606
1995-11-27,0.10129421567783536
1995-11-28,0.10122064149304633
1995-11-29,0.10143674797367108
1995-11-30,0.10163898659625836
1995-12-01,0.10142915082958193
1995-12-02,0.10142915082958193
1995-12-03,0.10141725331580309
1995-12-04,0.10084399577726755
1995-12-05,0.10077972541887092
1995-12-06,0.10133943038310567
1995-12-07,0.10129973331844155
1995-12-08,0.10014700070650329
1995-12-09,0.10015760363264947
1995-12-10,0.10015760363264947
1995-12-11,0.10016899355435971
1995-12-12,0.10026436119300453
1995-12-13,0.09960896484222226
1995-12-14,0.10039925712119979
1995-12-15,0.0999628108467896
1995-12-16,0.09997316119380417
1995-12-17,0.09997271961080512
1995-12-18,0.10002625679383859
1995-12-19,0.10002351135418697
1995-12-20,0.10026617012505734
1995-12-21,0.09969193504058982
1995-12-22,0.09976118610949536
1995-12-23,0.09976310673111266
1995-12-24,0.10067906814498051
1995-12-25,0.10067906814498051
1995-12-26,0.10096607750238396
1995-12-27,0.10097110878812687
1995-12-28,0.10111200858864478
1995-12-29,0.10095170585455593
1995-12-30,0.10095453939957588
1995-12-31,0.10100727710623758
1996-01-01,0.10100727710623758
1996-01-02,0.1010156492619827
1996-01-03,0.10095981036158741
1996-01-04,0.10130893748130143
1996-01-05,0.101571628329991
1996-01-06,0.10154304028763783
1996-01-07,0.10154304028763783
1996-01-08,0.10142041659994172
1996-01-09,0.1012850766068889
1996-01-10,0.1002150459683846
1996-01-11,0.10073664769127277
1996-01-12,0.09955643193615749
1996-01-13,0.09956019174098207
1996-01-14,0.09957220428881786
1996-01-15,0.09984535847580167
1996-01-16,0.09979032336481652
1996-01-17,0.10317688265500347
1996-01-18,0.1048058854677878
1996-01-19,0.10230792240111652
1996-01-20,0.10231690216468481
1996-01-21,0.10234149637729772
1996-01-22,0.1025511512263686
1996-01-23,0.10568222718956766
1996-01-24,0.10576937088822325
1996-01-25,0.08255904457259655
1996-01-26,0.08218557598343512
1996-01-27,0.08218124272332883
1996-01-28,0.08224818677542722
1996-01-29,0.08021688391957937
1996-01-30,0.07968280898178137
1996-01-31,0.07976013362424483
1996-02-01,0.07827986674511789
1996-02-02,0.0783095566241454
1996-02-03,0.07825886591151043
1996-02-04,0.07825863828425672
1996-02-05,0.07773211816312986
1996-02-06,0.07445118384800042
1996-02-07,0.07355751761627594
1996-02-08,0.07493866839830488
1996-02-09,0.07634892400826354
1996-02-10,0.07634992877114777
1996-02-11,0.07637745946103469
1996-02-12,0.07666038855861457
1996-02-13,0.07700124222504967
1996-02-14,0.07738294780135946
1996-02-15,0.07745675478906522
1996-02-16,0.07665870249841444
1996-02-17,0.07671513761511894
1996-02-18,0.07670667300774237
1996-02-19,0.07753240127297811
1996-02-20,0.07749763029987977
1996-02-21,0.0755606430039002
1996-02-22,0.0751401953780948
1996-02-23,0.0765402755524045
1996-02-24,0.07654029909799509
1996-02-25,0.076496010030485
1996-02-26,0.07671124914072425
1996-02-27,0.07498053622617107
1996-02-28,0.0755638416715585
1996-02-29,0.0758405998891385
1996-03-01,0.07587649577505284
1996-03-02,0.07587173828424465
1996-03-03,0.07590333320938614
1996-03-04,0.07657162842839593
1996-03-05,0.07564389189705012
1996-03-06,0.07573656770451898
1996-03-07,0.079329994897678
1996-03-08,0.07922029786003204
1996-03-09,0.07921981016459911
1996-03-10,0.07921981016459911
1996-03-11,0.07964073602113064
1996-03-12,0.07944097897377289
1996-03-13,0.08012231924129254
1996-03-14,0.08254989900553245
1996-03-15,0.08223352313567012
1996-03-16,0.08222598103067336
1996-03-17,0.08222973806405975
1996-03-18,0.08226909801202709
1996-03-19,0.0823204140162348
1996-03-20,0.0816253382393115
1996-03-21,0.08131613797398018
1996-03-22,0.08154745494718263
1996-03-23,0.08154818728064117
1996-03-24,0.08154906243897475
1996-03-25,0.08104973731866916
1996-03-26,0.08111977453273056
1996-03-27,0.08095875405824837
1996-03-28,0.08111129983714238
1996-03-29,0.08115162757865657
1996-03-30,0.08121534890884519
1996-03-31,0.08118294386274627
1996-04-01,0.07864367207697698
1996-04-02,0.07848883244524152
1996-04-03,0.07854294472240775
1996-04-04,0.07829817920816784
1996-04-05,0.07751469188865001
1996-04-06,0.07751469188865001
1996-04-07,0.07751469188865001
1996-04-08,0.07808360212486187
1996-04-09,0.07805370214999319
1996-04-10,0.07812448883758982
1996-04-11,0.0760000017353919
1996-04-12,0.07539005738404847
1996-04-13,0.07539045939499167
1996-04-14,0.07642276110131818
1996-04-15,0.0762718570627634
1996-04-16,0.07527701541970377
1996-04-17,0.06208024044029137
1996-04-18,0.06274702523837039
1996-04-19,0.06359148193073438
1996-04-20,0.06397673615455712
1996-04-21,0.06392128112928908
1996-04-22,0.06504978410093565
1996-04-23,0.06521982999913956
1996-04-24,0.06610058094920679
1996-04-25,0.0685093007173665
1996-04-26,0.0686950532972832
1996-04-27,0.06870653651848113
1996-04-28,0.06928177744613495
1996-04-29,0.07065445963720007
1996-04-30,0.07102363673810075
1996-05-01,0.07348544840511528
1996-05-02,0.07287436681033554
1996-05-03,0.07166152169451956
1996-05-04,0.07133548701869086
1996-05-05,0.07133772406284988
1996-05-06,0.07353746903957514
1996-05-07,0.0737430944699402
1996-05-08,0.07365011539062927
1996-05-09,0.07975856574825069
1996-05-10,0.0807177914652204
1996-05-11,0.08069530326602248
1996-05-12,0.08066870468724074
1996-05-13,0.08195395315317033
1996-05-14,0.08337920245497155
1996-05-15,0.08544044848577093
1996-05-16,0.08693785418917521
1996-05-17,0.08693156601529028
1996-05-18,0.08692058938232594
1996-05-19,0.08690619023532586
1996-05-20,0.08372568728227359
1996-05-21,0.083503399345638
1996-05-22,0.08353258021426369
1996-05-23,0.08340320525558442
1996-05-24,0.08620636050158192
1996-05-25,0.08620622268841416
1996-05-26,0.08620327059593302
1996-05-27,0.08621021746160262
1996-05-28,0.08622712177269043
1996-05-29,0.08613592256374569
1996-05-30,0.08646477477951264
1996-05-31,0.08660481840828571
1996-06-01,0.0866487859767271
1996-06-02,0.0866500844927689
1996-06-03,0.08671159165930353
1996-06-04,0.08689989212941285
1996-06-05,0.08627690908091745
1996-06-06,0.08608690293699128
1996-06-07,0.08607728783028779
1996-06-08,0.08607728783028779
1996-06-09,0.08607833328197634
1996-06-10,0.08630501653009048
1996-06-11,0.08640063155577171
1996-06-12,0.0863695717238051
1996-06-13,0.08659708793403786
1996-06-14,0.08655295564380672
1996-06-15,0.08656922411716139
1996-06-16,0.08656574327201061
1996-06-17,0.08660528795781453
1996-06-18,0.0870626957549201
1996-06-19,0.08717983905712345
1996-06-20,0.08833899249486676
1996-06-21,0.08837333951822068
1996-06-22,0.08837333951822068
1996-06-23,0.08837228920394624
1996-06-24,0.08853952779565044
1996-06-25,0.0884618894799083
1996-06-26,0.08786843692693269
1996-06-27,0.08782553031781881
1996-06-28,0.08774842354062384
1996-06-29,0.08774842354062384
1996-06-30,0.08774812819312627
1996-07-01,0.08825257037439371
1996-07-02,0.08746336996797677
1996-07-03,0.08747388952164403
1996-07-04,0.08747388952164403
1996-07-05,0.08743592026146607
1996-07-06,0.08743592026146607
1996-07-07,0.08743592026146607
1996-07-08,0.08593958694393833
1996-07-09,0.0861480914083248
1996-07-10,0.086409640815174
1996-07-11,0.08865055083539364
1996-07-12,0.08849443746650443
1996-07-13,0.08849502233847995
1996-07-14,0.08849502233847995
1996-07-15,0.0880501409243366
1996-07-16,0.08297004871151925
1996-07-17,0.0812551712590448
1996-07-18,0.08578487734163343
1996-07-19,0.08568572121591544
1996-07-20,0.08568457661092355
1996-07-21,0.0855996807986974
1996-07-22,0.08695661361476037
1996-07-23,0.08388425121476306
1996-07-24,0.08271766739126063
1996-07-25,0.07035963691680092
1996-07-26,0.0694918900660133
1996-07-27,0.06957314927805514
1996-07-28,0.06960723750765263
1996-07-29,0.06983558318341387
1996-07-30,0.06658903690373585
1996-07-31,0.06499176226125392
1996-08-01,0.06238557968143921
1996-08-02,0.060621079342494166
1996-08-03,0.060621876829011434
1996-08-04,0.06091084356268062
1996-08-05,0.060523527728261195
1996-08-06,0.06203835053898166
1996-08-07,0.06267032635925607
1996-08-08,0.06277176560138642
1996-08-09,0.06271450988848049
1996-08-10,0.06271405658393991
1996-08-11,0.06280412225077003
1996-08-12,0.06167744460234603
1996-08-13,0.06099664081622569
1996-08-14,0.05956625281024985
1996-08-15,0.06044806271176095
1996-08-16,0.060354706487492304
1996-08-17,0.06039676000608507
1996-08-18,0.06040921464463955
1996-08-19,0.06019304100736078
1996-08-20,0.06157065913342619
1996-08-21,0.060503625418711904
1996-08-22,0.059848280266087794
1996-08-23,0.06024510227748747
1996-08-24,0.06024510227748747
1996-08-25,0.06024510227748747
1996-08-26,0.06024120834275237
1996-08-27,0.05986901301812497
1996-08-28,0.059989701779196825
1996-08-29,0.059415652467461166
1996-08-30,0.0597024641398054
1996-08-31,0.05967947173992538
1996-09-01,0.05967947173992538
1996-09-02,0.059679610812123585
1996-09-03,0.05964617974930131
1996-09-04,0.05984576800667418
1996-09-05,0.05955569649181225
1996-09-06,0.05951764999214815
1996-09-07,0.05951764999214815
1996-09-08,0.05951764999214815
1996-09-09,0.05954602614376814
1996-09-10,0.059669294015083585
1996-09-11,0.06124798921411423
1996-09-12,0.0611950129698009
1996-09-13,0.061106931025832756
1996-09-14,0.06110841410890888
1996-09-15,0.06115588485831114
1996-09-16,0.061184133450904676
1996-09-17,0.06207235364743924
1996-09-18,0.06147670317130771
1996-09-19,0.06129938276688951
1996-09-20,0.06208824719762407
1996-09-21,0.06208824719762407
1996-09-22,0.06208824719762407
1996-09-23,0.06205737011429857
1996-09-24,0.06210112051576777
1996-09-25,0.06233017237765259
1996-09-26,0.06233161451529656
1996-09-27,0.062401313731931696
1996-09-28,0.06240090897077555
1996-09-29,0.06240532699051515
1996-09-30,0.06210429385653926
1996-10-01,0.06197590577640444
1996-10-02,0.061749269948761176
1996-10-03,0.061752082065571035
1996-10-04,0.061784926328436685
1996-10-05,0.061784926328436685
1996-10-06,0.061784926328436685
1996-10-07,0.06148589873668153
1996-10-08,0.06241020193257385
1996-10-09,0.062010021161228224
1996-10-10,0.06125940138798591
1996-10-11,0.060999616415006175
1996-10-12,0.060999616415006175
1996-10-13,0.06112773194183441
1996-10-14,0.06035263501123711
1996-10-15,0.06126395081157843
1996-10-16,0.05802687783204963
1996-10-17,0.05771661838655939
1996-10-18,0.058139855594722345
1996-10-19,0.058126510989054525
1996-10-20,0.05813095073036689
1996-10-21,0.05875792890713183
1996-10-22,0.06679245756877816
1996-10-23,0.06450799459684053
1996-10-24,0.06239567799594803
1996-10-25,0.06249156202701944
1996-10-26,0.06238377531785355
1996-10-27,0.06237465934378883
1996-10-28,0.06136519874271951
1996-10-29,0.05947461471105542
1996-10-30,0.05756503678799074
1996-10-31,0.060669067981800495
1996-11-01,0.058374956300710545
1996-11-02,0.058392348761182156
1996-11-03,0.05831547366746004
1996-11-04,0.05819552279107998
1996-11-05,0.05863240164292294
1996-11-06,0.05807064530205852
1996-11-07,0.054359719709275334
1996-11-08,0.054945342127791674
1996-11-09,0.056201443642152515
1996-11-10,0.05602033110912141
1996-11-11,0.05713963203053529
1996-11-12,0.05891546183529539
1996-11-13,0.059689546524396064
1996-11-14,0.058667868925174727
1996-11-15,0.058542736552203545
1996-11-16,0.05856104692235742
1996-11-17,0.05853676350414716
1996-11-18,0.05745605929995068
1996-11-19,0.05849530828453364
1996-11-20,0.059212704167540986
1996-11-21,0.059882008368047135
1996-11-22,0.06015991741154458
1996-11-23,0.06014601951115961
1996-11-24,0.06015491897377778
1996-11-25,0.058300784741008194
1996-11-26,0.058646352181587424
1996-11-27,0.058580157803094446
1996-11-28,0.05861738324049437
1996-11-29,0.05873840227405136
1996-11-30,0.05873840227405136
1996-12-01,0.05873864242667004
1996-12-02,0.05907717395891021
1996-12-03,0.059453396659517654
1996-12-04,0.059515844838105236
1996-12-05,0.05958722177206832
1996-12-06,0.05949997807918295
1996-12-07,0.05950133126204493
1996-12-08,0.05950120766122602
1996-12-09,0.06048180060042507
1996-12-10,0.06035733474791671
1996-12-11,0.06000485337193551
1996-12-12,0.06076229974872538
1996-12-13,0.06081518606246017
1996-12-14,0.06081518606246017
1996-12-15,0.06081852394482312
1996-12-16,0.061124290806771286
1996-12-17,0.061105620894801316
1996-12-18,0.059951830581921106
1996-12-19,0.060744618217069224
1996-12-20,0.06073096732784111
1996-12-21,0.06073096732784111
1996-12-22,0.06073096732784111
1996-12-23,0.06073813012659124
1996-12-24,0.06071544793138006
1996-12-25,0.06071544793138006
1996-12-26,0.06070185519113358
1996-12-27,0.06070432650120017
1996-12-28,0.06070432650120017
1996-12-29,0.06066072976096892
1996-12-30,0.06053061046613273
1996-12-31,0.06062676225938546
1997-01-01,0.060629621520075005
1997-01-02,0.06061064635730751
1997-01-03,0.06077558912593206
1997-01-04,0.06077558912593206
1997-01-05,0.06077488616704341
1997-01-06,0.06075767033949675
1997-01-07,0.060551577904144116
1997-01-08,0.06088401742778782
1997-01-09,0.06305283180443633
1997-01-10,0.06296350317092148
1997-01-11,0.06296350317092148
1997-01-12,0.06273500074690053
1997-01-13,0.06234723895934935
1997-01-14,0.06222634183279108
1997-01-15,0.0618174976976793
1997-01-16,0.05742933325550226
1997-01-17,0.06070023055910134
1997-01-18,0.06070023055910134
1997-01-19,0.06070935614135786
1997-01-20,0.061029351025074785
1997-01-21,0.05425198222872618
1997-01-22,0.07280371476321634
1997-01-23,0.07698110056313223
1997-01-24,0.07772747169554539
1997-01-25,0.0777986449381376
1997-01-26,0.07818207338613581
1997-01-27,0.07880532144883468
1997-01-28,0.08008600269023947
1997-01-29,0.0806189354517095
1997-01-30,0.08652169136873256
1997-01-31,0.08873530625634318
1997-02-01,0.08874363015851672
1997-02-02,0.08897050164335041
1997-02-03,0.089783251141343
1997-02-04,0.08616067584532128
1997-02-05,0.08880309218620108
1997-02-06,0.08997250069554474
1997-02-07,0.0906569325036175
1997-02-08,0.0906569325036175
1997-02-09,0.09066577686381949
1997-02-10,0.09162134248264842
1997-02-11,0.0925653961137165
1997-02-12,0.09105749685394504
1997-02-13,0.09115491090108652
1997-02-14,0.09862042942752103
1997-02-15,0.09862012161241096
1997-02-16,0.09856925430248098
1997-02-17,0.09853547820185238
1997-02-18,0.1001760583580329
1997-02-19,0.09829801644615266
1997-02-20,0.09379506238552016
1997-02-21,0.09338950389167477
1997-02-22,0.09335904063887401
1997-02-23,0.09341217895010767
1997-02-24,0.09283252260298558
1997-02-25,0.09226042854504657
1997-02-26,0.09249323576508806
1997-02-27,0.09253541161325995
1997-02-28,0.09201377286489154
1997-03-01,0.09201377286489154
1997-03-02,0.09221413536248102
1997-03-03,0.09219627938999664
1997-03-04,0.08224594062733859
1997-03-05,0.0819517583696221
1997-03-06,0.0819485235378592
1997-03-07,0.08253679957267601
1997-03-08,0.0824814092665962
1997-03-09,0.0824617749615355
1997-03-10,0.08231442561926561
1997-03-11,0.08226566385456757
1997-03-12,0.08199720105227293
1997-03-13,0.08224665455088753
1997-03-14,0.08186725520055305
1997-03-15,0.08186273011613854
1997-03-16,0.08188842775351346
1997-03-17,0.08256930249816263
1997-03-18,0.08282920304665065
1997-03-19,0.08258776522426814
1997-03-20,0.0826801389854337
1997-03-21,0.08264461453490735
1997-03-22,0.08264515027762442
1997-03-23,0.08248506537332734
1997-03-24,0.08284122950310446
1997-03-25,0.08284270178645614
1997-03-26,0.08273739910768119
1997-03-27,0.08288526206323099
1997-03-28,0.08261780602659141
1997-03-29,0.08262176536454047
1997-03-30,0.08260201922511112
1997-03-31,0.08289351664099076
1997-04-01,0.08246917127310582
1997-04-02,0.08248573876916532
1997-04-03,0.08257232257261604
1997-04-04,0.08250429543351046
1997-04-05,0.08252808296000191
1997-04-06,0.08252445819159981
1997-04-07,0.08398982752044692
1997-04-08,0.08481655490633355
1997-04-09,0.08458306959242301
1997-04-10,0.08450813613535701
1997-04-11,0.08390203244297911
1997-04-12,0.08390531129621648
1997-04-13,0.08382695844777488
1997-04-14,0.08328147346483283
1997-04-15,0.08226329343415939
1997-04-16,0.08744748939664349
1997-04-17,0.0860055491425673
1997-04-18,0.08578677725892159
1997-04-19,0.08581718580533604
1997-04-20,0.08590709190534884
1997-04-21,0.08762936292579515
1997-04-22,0.08968871547037516
1997-04-23,0.09032172603269939
1997-04-24,0.09164573578734836
1997-04-25,0.09170658964119927
1997-04-26,0.09164821046779847
1997-04-27,0.09159503516761736
1997-04-28,0.09016235984424048
1997-04-29,0.09472002685265069
1997-04-30,0.0929124432606494
1997-05-01,0.0932028620180183
1997-05-02,0.0930246507970125
1997-05-03,0.09303190276698947
1997-05-04,0.09304120367646718
1997-05-05,0.09259177813263286
1997-05-06,0.09282020015281733
1997-05-07,0.09121538529954742
1997-05-08,0.09157108444607864
1997-05-09,0.08597929902231716
1997-05-10,0.08591702330378492
1997-05-11,0.08589809207644317
1997-05-12,0.08419770600797483
1997-05-13,0.08361210232470162
1997-05-14,0.08799561644653586
1997-05-15,0.08503734432219656
1997-05-16,0.08462436082481783
1997-05-17,0.08483559009200836
1997-05-18,0.08462377168239765
1997-05-19,0.08750044511833877
1997-05-20,0.08884171056825219
1997-05-21,0.08916448155804657
1997-05-22,0.08896620406390521
1997-05-23,0.08876482378195405
1997-05-24,0.08877035574468084
1997-05-25,0.08876865374708931
1997-05-26,0.08878966971074065
1997-05-27,0.08886464211155021
1997-05-28,0.0888885126164547
1997-05-29,0.08844410070184638
1997-05-30,0.08782345770380107
1997-05-31,0.08782644099152748
1997-06-01,0.08782506069578355
1997-06-02,0.08706912117212018
1997-06-03,0.08681953576193413
1997-06-04,0.08684983953849512
1997-06-05,0.0872062084283336
1997-06-06,0.08736173442170947
1997-06-07,0.08736173442170947
1997-06-08,0.08736173442170947
1997-06-09,0.08730859207098662
1997-06-10,0.08692725015528513
1997-06-11,0.08683643946813957
1997-06-12,0.08757761898985539
1997-06-13,0.08753471737180774
1997-06-14,0.08758911507460776
1997-06-15,0.08757288388388695
1997-06-16,0.08740543429355774
1997-06-17,0.08668822336668747
1997-06-18,0.08669501978611138
1997-06-19,0.08534972565253929
1997-06-20,0.08534641522385522
1997-06-21,0.08534593896399212
1997-06-22,0.08534593896399212
1997-06-23,0.08541312755642005
1997-06-24,0.08540041283394295
1997-06-25,0.08546598600683786
1997-06-26,0.08573490823731689
1997-06-27,0.08552790468361793
1997-06-28,0.08552600750333017
1997-06-29,0.08552392762753991
1997-06-30,0.08507381124029623
1997-07-01,0.08518576058558547
1997-07-02,0.08443361698711493
1997-07-03,0.08446892778551907
1997-07-04,0.08446892778551907
1997-07-05,0.08446892778551907
1997-07-06,0.08446641716727399
1997-07-07,0.0854016804960478
1997-07-08,0.08564988900425696
1997-07-09,0.08517109513995091
1997-07-10,0.08527653693955584
1997-07-11,0.08449439164388517
1997-07-12,0.08449439164388517
1997-07-13,0.08461887246172717
1997-07-14,0.08467230730523889
1997-07-15,0.08449183917753422
1997-07-16,0.08781499250252045
1997-07-17,0.0881438213420398
1997-07-18,0.08803166224433845
1997-07-19,0.08804410460445022
1997-07-20,0.08796808989811744
1997-07-21,0.08031677624652156
1997-07-22,0.07997015292038823
1997-07-23,0.07707060777263308
1997-07-24,0.08193670397276787
1997-07-25,0.08369322470457652
1997-07-26,0.08407416390281619
1997-07-27,0.08417358674326114
1997-07-28,0.08476658080146371
1997-07-29,0.08468322070246392
1997-07-30,0.08648040409578273
1997-07-31,0.08801890656452716
1997-08-01,0.09045280862624505
1997-08-02,0.09044211266079727
1997-08-03,0.09025444908452629
1997-08-04,0.08912409670193644
1997-08-05,0.0891423397229405
1997-08-06,0.08809311396734576
1997-08-07,0.08543341992888043
1997-08-08,0.08612884034212143
1997-08-09,0.08619336628504026
1997-08-10,0.08616264985420186
1997-08-11,0.08685540793330881
1997-08-12,0.08607874204736254
1997-08-13,0.08174406480811358
1997-08-14,0.07944665396571793
1997-08-15,0.08065057741106707
1997-08-16,0.0805049426516351
1997-08-17,0.08052445745171588
1997-08-18,0.08005713071292497
1997-08-19,0.08040728314082801
1997-08-20,0.0809639731226659
1997-08-21,0.07998340129278314
1997-08-22,0.07954407591289936
1997-08-23,0.07954886457533439
1997-08-24,0.07954886457533439
1997-08-25,0.0793348533670557
1997-08-26,0.07998488629585077
1997-08-27,0.07913170637864231
1997-08-28,0.07872031628746323
1997-08-29,0.07894388194827995
1997-08-30,0.07894388194827995
1997-08-31,0.07894293961026388
1997-09-01,0.07894006975796386
1997-09-02,0.07890307309062128
1997-09-03,0.07877067618651612
1997-09-04,0.07817908571696353
1997-09-05,0.07823390042389522
1997-09-06,0.07823295394435403
1997-09-07,0.07823295394435403
1997-09-08,0.07829259582214898
1997-09-09,0.07871817081359112
1997-09-10,0.07668712626043339
1997-09-11,0.07671087621608974
1997-09-12,0.07667564567411311
1997-09-13,0.07668066117343475
1997-09-14,0.07665182744617693
1997-09-15,0.07670876266444382
1997-09-16,0.0766056395699366
1997-09-17,0.07672370444007437
1997-09-18,0.0764254449760009
1997-09-19,0.07636589749256317
1997-09-20,0.07634812348643849
1997-09-21,0.07634954012660633
1997-09-22,0.07749425276374344
1997-09-23,0.07873896689502047
1997-09-24,0.07882605335961856
1997-09-25,0.07895166239371698
1997-09-26,0.07900079409306082
1997-09-27,0.079002194692805
1997-09-28,0.079002194692805
1997-09-29,0.0789288219935178
1997-09-30,0.07889726899426974
1997-10-01,0.0790714960628025
1997-10-02,0.07925039138874235
1997-10-03,0.07921821874602686
1997-10-04,0.07921821874602686
1997-10-05,0.07921821874602686
1997-10-06,0.0794086330145174
1997-10-07,0.07897726516284509
1997-10-08,0.07862140780632254
1997-10-09,0.0814023375072912
1997-10-10,0.08153404794144459
1997-10-11,0.08153896983921127
1997-10-12,0.08153834919462488
1997-10-13,0.08213743995277945
1997-10-14,0.08321491460300101
1997-10-15,0.09321888103128217
1997-10-16,0.09513568019968344
1997-10-17,0.09223407374878878
1997-10-18,0.09223407374878878
1997-10-19,0.09221779514528605
1997-10-20,0.09594653680116672
1997-10-21,0.09408023909900498
1997-10-22,0.09448567035036759
1997-10-23,0.08574149163370892
1997-10-24,0.08853381555138773
1997-10-25,0.08848018356996556
1997-10-26,0.0884498009238539
1997-10-27,0.0887161193915893
1997-10-28,0.09115573752693873
1997-10-29,0.09119218575701171
1997-10-30,0.09154144560146826
1997-10-31,0.09129001012581739
1997-11-01,0.09122233750209396
1997-11-02,0.0911905534014501
1997-11-03,0.09087219175971661
1997-11-04,0.08899411358348241
1997-11-05,0.08983981629653348
1997-11-06,0.08994866861561923
1997-11-07,0.0896509687176632
1997-11-08,0.08965756221200305
1997-11-09,0.08967642199363213
1997-11-10,0.08941166213957352
1997-11-11,0.08960462128520352
1997-11-12,0.08413104237030056
1997-11-13,0.08250600349102233
1997-11-14,0.08205069637923601
1997-11-15,0.08208055342744491
1997-11-16,0.08222053068183244
1997-11-17,0.08383142505222763
1997-11-18,0.08248742758056604
1997-11-19,0.08290086285070908
1997-11-20,0.08383810355660448
1997-11-21,0.08490955607567097
1997-11-22,0.08482655212938361
1997-11-23,0.08482655212938361
1997-11-24,0.0843681879567868
1997-11-25,0.08462194680642865
1997-11-26,0.08461330764607133
1997-11-27,0.08461052130598268
1997-11-28,0.0844780494510331
1997-11-29,0.08432786853123075
1997-11-30,0.08432780784115579
1997-12-01,0.08442906625734792
1997-12-02,0.08519361955300275
1997-12-03,0.08476771346772538
1997-12-04,0.08512481250250925
1997-12-05,0.0852267382059535
1997-12-06,0.08539361812640323
1997-12-07,0.08539361812640323
1997-12-08,0.08583751270531859
1997-12-09,0.0864876520799347
1997-12-10,0.08640711935251222
1997-12-11,0.08610053653821814
1997-12-12,0.08621438840085172
1997-12-13,0.08625057457128915
1997-12-14,0.08625700954902116
1997-12-15,0.08556850530002724
1997-12-16,0.08548808313497336
1997-12-17,0.08576125961703451
1997-12-18,0.08427073380512162
1997-12-19,0.08465974740456028
1997-12-20,0.08465974740456028
1997-12-21,0.08465901447119673
1997-12-22,0.08473724682696093
1997-12-23,0.08445066586676298
1997-12-24,0.08444830735604403
1997-12-25,0.08444830735604403
1997-12-26,0.08444830735604403
1997-12-27,0.08444830735604403
1997-12-28,0.08444795071321809
1997-12-29,0.08441490834208842
1997-12-30,0.08445501329728855
1997-12-31,0.0844383071954895
1998-01-01,0.0844383071954895
1998-01-02,0.084446589126139
1998-01-03,0.084446589126139
1998-01-04,0.084446589126139
1998-01-05,0.08446345946535994
1998-01-06,0.08451755676324546
1998-01-07,0.08455110918492625
1998-01-08,0.08464932376200074
1998-01-09,0.08471962509237185
1998-01-10,0.08471962509237185
1998-01-11,0.08471962509237185
1998-01-12,0.08286516316044423
1998-01-13,0.08298740867362908
1998-01-14,0.08294630043321605
1998-01-15,0.08237548944532369
1998-01-16,0.08302878885317799
1998-01-17,0.08300744747880184
1998-01-18,0.08300773015184437
1998-01-19,0.08299370492967229
1998-01-20,0.08045688738199797
1998-01-21,0.08135998740590256
1998-01-22,0.07961752156768798
1998-01-23,0.08079027467067523
1998-01-24,0.08079027467067523
1998-01-25,0.08077951351803092
1998-01-26,0.07856395818648787
1998-01-27,0.07049309767249312
1998-01-28,0.06271201474672283
1998-01-29,0.06245004462389181
1998-01-30,0.06336869717694338
1998-01-31,0.06339334693000032
1998-02-01,0.06331451450866488
1998-02-02,0.06349249520974487
1998-02-03,0.06875100637920983
1998-02-04,0.0659738917644761
1998-02-05,0.0643533198458095
1998-02-06,0.06513946526707204
1998-02-07,0.06492649401922823
1998-02-08,0.06499566862149941
1998-02-09,0.06454461890647334
1998-02-10,0.06475444859165891
1998-02-11,0.0650693870259822
1998-02-12,0.06577060264698287
1998-02-13,0.06547905449085856
1998-02-14,0.06543786041097222
1998-02-15,0.06543868742988268
1998-02-16,0.06502430634954215
1998-02-17,0.06194594256854247
1998-02-18,0.06311652616113816
1998-02-19,0.06357052996606316
1998-02-20,0.06376452173649283
1998-02-21,0.06377266235471368
1998-02-22,0.06377354497928556
1998-02-23,0.06560087722928953
1998-02-24,0.0658389299432598
1998-02-25,0.06519063173924611
1998-02-26,0.06678083536856416
1998-02-27,0.06700585388298652
1998-02-28,0.06700337473935192
1998-03-01,0.06698425486855464
1998-03-02,0.06683229646930289
1998-03-03,0.07013737037441703
1998-03-04,0.07004675503527635
1998-03-05,0.06982615901077605
1998-03-06,0.070127027128702
1998-03-07,0.07012933485916983
1998-03-08,0.07012778408055387
1998-03-09,0.06931821089142498
1998-03-10,0.07075657928135715
1998-03-11,0.07071957173100785
1998-03-12,0.06956587289037097
1998-03-13,0.06955027908458478
1998-03-14,0.06963520035560089
1998-03-15,0.06963686163015592
1998-03-16,0.06912490284003048
1998-03-17,0.06883694786991001
1998-03-18,0.06735959064229768
1998-03-19,0.06778190670705575
1998-03-20,0.06807508646283789
1998-03-21,0.06807508646283789
1998-03-22,0.06809821609402311
1998-03-23,0.0675630624092638
1998-03-24,0.06768627704125874
1998-03-25,0.06761673786165301
1998-03-26,0.06717225620761824
1998-03-27,0.06749456920557395
1998-03-28,0.06747348498871175
1998-03-29,0.06747136644207141
1998-03-30,0.06687906007751954
1998-03-31,0.0671046040619645
1998-04-01,0.06688445598291715
1998-04-02,0.06696826997972782
1998-04-03,0.06698061009157819
1998-04-04,0.06698020689690631
1998-04-05,0.06697603880369507
1998-04-06,0.06605461588155714
1998-04-07,0.064825884956075
1998-04-08,0.06448310092320608
1998-04-09,0.06414674215860594
1998-04-10,0.06424750082614805
1998-04-11,0.06423870051929703
1998-04-12,0.06423870051929703
1998-04-13,0.06367110761144534
1998-04-14,0.06238604489954391
1998-04-15,0.06529775984275243
1998-04-16,0.06551006980025686
1998-04-17,0.06402227112636827
1998-04-18,0.0641634946218006
1998-04-19,0.06416182778345214
1998-04-20,0.06570701978591842
1998-04-21,0.06022875484498624
1998-04-22,0.062260155863845146
1998-04-23,0.0651265446631708
1998-04-24,0.06629982355745567
1998-04-25,0.06634956211963239
1998-04-26,0.0663065943195591
1998-04-27,0.06858066653171546
1998-04-28,0.0698622009282055
1998-04-29,0.06886133086841606
1998-04-30,0.06952543051073756
1998-05-01,0.07053556113092174
1998-05-02,0.07066068894687105
1998-05-03,0.07064927636932761
1998-05-04,0.07198089092666815
1998-05-05,0.07263561711706368
1998-05-06,0.07490543114723658
1998-05-07,0.07551498020216063
1998-05-08,0.07504318051609338
1998-05-09,0.07504430368979809
1998-05-10,0.07505937710009936
1998-05-11,0.07681533520984263
1998-05-12,0.07973524826528822
1998-05-13,0.08204781914213344
1998-05-14,0.08505539153919295
1998-05-15,0.0798035941364732
1998-05-16,0.07980577143100209
1998-05-17,0.07979788984527492
1998-05-18,0.08056665504719107
1998-05-19,0.08046137972964185
1998-05-20,0.07982528604936423
1998-05-21,0.08102931745594333
1998-05-22,0.08328994561854186
1998-05-23,0.0832888620943415
1998-05-24,0.0832888620943415
1998-05-25,0.08328927054345225
1998-05-26,0.0837576685974788
1998-05-27,0.08421452623001646
1998-05-28,0.08419142323771367
1998-05-29,0.08436670916756706
1998-05-30,0.08436670916756706
1998-05-31,0.08436540461176478
1998-06-01,0.08338635785166115
1998-06-02,0.08378064020287135
1998-06-03,0.08373358412266252
1998-06-04,0.08368409192063608
1998-06-05,0.08381047897954219
1998-06-06,0.08381023520330766
1998-06-07,0.08380042055754866
1998-06-08,0.08376117482806511
1998-06-09,0.08385638449794164
1998-06-10,0.08374707492932565
1998-06-11,0.08337789717947408
1998-06-12,0.0834815683688177
1998-06-13,0.08350874825447696
1998-06-14,0.08350012373744842
1998-06-15,0.08400743474464267
1998-06-16,0.08443266353182355
1998-06-17,0.08452496141115495
1998-06-18,0.08267943034131675
1998-06-19,0.08277766576600776
1998-06-20,0.0827771774220103
1998-06-21,0.08277438336682441
1998-06-22,0.08278206446711645
1998-06-23,0.0826129990349036
1998-06-24,0.0828241667446461
1998-06-25,0.08274257204413815
1998-06-26,0.08274320798661039
1998-06-27,0.08274480237604909
1998-06-28,0.0827491052899052
1998-06-29,0.08283282581824647
1998-06-30,0.08164466564712392
1998-07-01,0.08117269133601801
1998-07-02,0.0805495038674795
1998-07-03,0.0805495038674795
1998-07-04,0.0805495038674795
1998-07-05,0.0805495038674795
1998-07-06,0.08056769224579763
1998-07-07,0.07690462692120481
1998-07-08,0.07766720061186905
1998-07-09,0.07839827757903017
1998-07-10,0.07847772635560069
1998-07-11,0.07847161453321028
1998-07-12,0.07847161453321028
1998-07-13,0.0765352742983767
1998-07-14,0.07520925407272139
1998-07-15,0.06761039863168228
1998-07-16,0.06934563287676343
1998-07-17,0.06862655124148431
1998-07-18,0.06866093549112495
1998-07-19,0.068657835175576
1998-07-20,0.07001376702773676
1998-07-21,0.068104508482143
1998-07-22,0.07001436652511694
1998-07-23,0.07116746084780257
1998-07-24,0.07151634642150562
1998-07-25,0.07151634642150562
1998-07-26,0.07151585297304064
1998-07-27,0.07184253549522857
1998-07-28,0.0741167317772169
1998-07-29,0.07380261620273698
1998-07-30,0.07557856887133152
1998-07-31,0.07551748066970498
1998-08-01,0.07551717552542181
1998-08-02,0.07539727457013679
1998-08-03,0.07583619387036244
1998-08-04,0.07452483971908919
1998-08-05,0.07395677483003293
1998-08-06,0.07587399635788006
1998-08-07,0.07549230757556935
1998-08-08,0.07549230757556935
1998-08-09,0.07556714444440349
1998-08-10,0.0757987497370689
1998-08-11,0.0775429571713675
1998-08-12,0.07576974251071045
1998-08-13,0.07488245183487763
1998-08-14,0.07356254030217291
1998-08-15,0.07352241326240994
1998-08-16,0.0738730866227364
1998-08-17,0.07279827359388902
1998-08-18,0.07309087391474978
1998-08-19,0.0730863304220315
1998-08-20,0.07312261042495027
1998-08-21,0.07306334349300436
1998-08-22,0.07306334349300436
1998-08-23,0.07306266116219984
1998-08-24,0.0729355432327532
1998-08-25,0.07333836145078787
1998-08-26,0.07305108804179539
1998-08-27,0.07319333524618554
1998-08-28,0.07311489858737952
1998-08-29,0.07311250754513776
1998-08-30,0.07311250754513776
1998-08-31,0.07310082727138179
1998-09-01,0.07310241455194277
1998-09-02,0.07400027929856612
1998-09-03,0.07382857312211466
1998-09-04,0.07350731752875084
1998-09-05,0.07350546511539702
1998-09-06,0.07350546511539702
1998-09-07,0.07350546511539702
1998-09-08,0.07406506972352633
1998-09-09,0.07391305530468717
1998-09-10,0.07397720284061093
1998-09-11,0.07380157112265295
1998-09-12,0.07380503039770936
1998-09-13,0.073812683948975
1998-09-14,0.07348484082785967
1998-09-15,0.07316078286802474
1998-09-16,0.07282775010690457
1998-09-17,0.07271899479889044
1998-09-18,0.07274429081560863
1998-09-19,0.07274429081560863
1998-09-20,0.0727442304025474
1998-09-21,0.07231925865646738
1998-09-22,0.07127893862433288
1998-09-23,0.07119905824331063
1998-09-24,0.0707858681894693
1998-09-25,0.07071551883620075
1998-09-26,0.07072587759481697
1998-09-27,0.07072587759481697
1998-09-28,0.06973984123367027
1998-09-29,0.06968080368796703
1998-09-30,0.06968954207340738
1998-10-01,0.06951807583321812
1998-10-02,0.06943738507361963
1998-10-03,0.06943738507361963
1998-10-04,0.06943750086683997
1998-10-05,0.06878729140759665
1998-10-06,0.06749928075172229
1998-10-07,0.06763694299408285
1998-10-08,0.06771986476100489
1998-10-09,0.06792931200044539
1998-10-10,0.06793159301997331
1998-10-11,0.06793098531382702
1998-10-12,0.0672095943681581
1998-10-13,0.06962817389129805
1998-10-14,0.06586140829190756
1998-10-15,0.06588930310139673
1998-10-16,0.06970229732249544
1998-10-17,0.06974687843988181
1998-10-18,0.06974687843988181
1998-10-19,0.06844334917341688
1998-10-20,0.06710335687145808
1998-10-21,0.06317865458570737
1998-10-22,0.064458399679028
1998-10-23,0.06402715264749381
1998-10-24,0.06397117991405699
1998-10-25,0.06396661533514658
1998-10-26,0.05537761118088724
1998-10-27,0.06004050140629347
1998-10-28,0.06191585818889811
1998-10-29,0.06222191668941024
1998-10-30,0.05859338501117772
1998-10-31,0.05869465131527618
1998-11-01,0.05867926796618361
1998-11-02,0.05789361621152089
1998-11-03,0.05786721783124471
1998-11-04,0.060665043697464505
1998-11-05,0.06140775938400367
1998-11-06,0.061091334856244295
1998-11-07,0.061094617937686335
1998-11-08,0.0610829511085087
1998-11-09,0.062231970691013716
1998-11-10,0.06072085016387141
1998-11-11,0.05884843211471358
1998-11-12,0.056428380432124836
1998-11-13,0.05808265793099632
1998-11-14,0.058099413841048664
1998-11-15,0.057698241293603125
1998-11-16,0.05175165107359181
1998-11-17,0.05217812965922275
1998-11-18,0.05217205790581292
1998-11-19,0.051534438748947364
1998-11-20,0.051406929206072816
1998-11-21,0.05143168003021836
1998-11-22,0.051421255510091246
1998-11-23,0.05139353918363998
1998-11-24,0.05020825143987251
1998-11-25,0.0500159641085296
1998-11-26,0.050019292260891524
1998-11-27,0.050004575188259626
1998-11-28,0.050004575188259626
1998-11-29,0.05001749719966031
1998-11-30,0.05007811654893879
1998-12-01,0.05005998822887148
1998-12-02,0.04945301981735195
1998-12-03,0.04927693063790772
1998-12-04,0.049268271632116
1998-12-05,0.04926846111717387
1998-12-06,0.049265568501003276
1998-12-07,0.049217563004758214
1998-12-08,0.04873502323641765
1998-12-09,0.04848402854712308
1998-12-10,0.04783193914689643
1998-12-11,0.047791801068454376
1998-12-12,0.04779234070941274
1998-12-13,0.047792564519957725
1998-12-14,0.04766500388646677
1998-12-15,0.04766454776339657
1998-12-16,0.04770880828788404
1998-12-17,0.04756492993078809
1998-12-18,0.04767078606850861
1998-12-19,0.04767078606850861
1998-12-20,0.04767078606850861
1998-12-21,0.0476089215417439
1998-12-22,0.04718734027577609
1998-12-23,0.04920812276457265
1998-12-24,0.04920823071839009
1998-12-25,0.04920823071839009
1998-12-26,0.04920823071839009
1998-12-27,0.04920823071839009
1998-12-28,0.049193672781446596
1998-12-29,0.04943134941308358
1998-12-30,0.04940947195711809
1998-12-31,0.049405663417152246
1999-01-01,0.049405663417152246
1999-01-02,0.04940823178703435
1999-01-03,0.04940848720287483
1999-01-04,0.04954093591917985
1999-01-05,0.04950454610262289
1999-01-06,0.049599144359966374
1999-01-07,0.04959909539274365
1999-01-08,0.050247481689363216
1999-01-09,0.050247481689363216
1999-01-10,0.050247481689363216
1999-01-11,0.05016964632691412
1999-01-12,0.048798506406440456
1999-01-13,0.046996080508812765
1999-01-14,0.04704427489202101
1999-01-15,0.04728772239086165
1999-01-16,0.04740403025422224
1999-01-17,0.047412202616844645
1999-01-18,0.04735678736216964
1999-01-19,0.050151053307959215
1999-01-20,0.04845419999853995
1999-01-21,0.04766249347641005
1999-01-22,0.04843179685980248
1999-01-23,0.04843179685980248
1999-01-24,0.04843179685980248
1999-01-25,0.053004860854114266
1999-01-26,0.048726741824166364
1999-01-27,0.049804337422796996
1999-01-28,0.04620729404136714
1999-01-29,0.04749292022574636
1999-01-30,0.04749636972572313
1999-01-31,0.04748767784891417
1999-02-01,0.0469417148969673
1999-02-02,0.045705966562023415
1999-02-03,0.04644231402309851
1999-02-04,0.045045750924706196
1999-02-05,0.04694693906096181
1999-02-06,0.046968608659160305
1999-02-07,0.046984902204430856
1999-02-08,0.04623439773667104
1999-02-09,0.04718271659270723
1999-02-10,0.048849311950900365
1999-02-11,0.048539639152586744
1999-02-12,0.04856992029077212
1999-02-13,0.04857313026049481
1999-02-14,0.04851263904901337
1999-02-15,0.04845889730351205
1999-02-16,0.049379032783767984
1999-02-17,0.04844112091473085
1999-02-18,0.04922354925056105
1999-02-19,0.04949516605040727
1999-02-20,0.04950022314338631
1999-02-21,0.04950022314338631
1999-02-22,0.05089168621359286
1999-02-23,0.04792363257105592
1999-02-24,0.0475432467613317
1999-02-25,0.04825511136030047
1999-02-26,0.048160027524234206
1999-02-27,0.04820397492300277
1999-02-28,0.048197572405916045
1999-03-01,0.04755724750760848
1999-03-02,0.04571312876978917
1999-03-03,0.04549262683146016
1999-03-04,0.04445203172288292
1999-03-05,0.04428254618485283
1999-03-06,0.04428263495665208
1999-03-07,0.04428263495665208
1999-03-08,0.044440751423445723
1999-03-09,0.04551760318178255
1999-03-10,0.044949824920208936
1999-03-11,0.04562947961599373
1999-03-12,0.04648312067089111
1999-03-13,0.046184136115830166
1999-03-14,0.046181800857697075
1999-03-15,0.04746868107410829
1999-03-16,0.04742268170659725
1999-03-17,0.04808510620978668
1999-03-18,0.04851205934193503
1999-03-19,0.04834847767879147
1999-03-20,0.048348467725813915
1999-03-21,0.048348467725813915
1999-03-22,0.04893967110898512
1999-03-23,0.04882460177500092
1999-03-24,0.049343872498888164
1999-03-25,0.049342616341945034
1999-03-26,0.049125096429043724
1999-03-27,0.049088942267668134
1999-03-28,0.04907766687016468
1999-03-29,0.046318414115393836
1999-03-30,0.04664495161258442
1999-03-31,0.046207277779377165
1999-04-01,0.04626799468587928
1999-04-02,0.046294852922020624
1999-04-03,0.04627940001017716
1999-04-04,0.04624271907104083
1999-04-05,0.046063158396224546
1999-04-06,0.04633532279126329
1999-04-07,0.045946045010479164
1999-04-08,0.04634237887559012
1999-04-09,0.04652922440579288
1999-04-10,0.046521306103431304
1999-04-11,0.04652808335468972
1999-04-12,0.0466697482785694
1999-04-13,0.04530004997974335
1999-04-14,0.04762814350230138
1999-04-15,0.04858729092474645
1999-04-16,0.05020003478553536
1999-04-17,0.05017763209446602
1999-04-18,0.050326595048299394
1999-04-19,0.05105443317420266
1999-04-20,0.0558168101542964
1999-04-21,0.05528083797500449
1999-04-22,0.052665449398912934
1999-04-23,0.050138682013125324
1999-04-24,0.050170502069197154
1999-04-25,0.049662487055684545
1999-04-26,0.0497831577792347
1999-04-27,0.05079467583042718
1999-04-28,0.05414045997812589
1999-04-29,0.05266982464838166
1999-04-30,0.05233669877615865
1999-05-01,0.05234618831415205
1999-05-02,0.052364308820350036
1999-05-03,0.05271233305164502
1999-05-04,0.05161032509041741
1999-05-05,0.05088239301707942
1999-05-06,0.052578411799875546
1999-05-07,0.052508949602920074
1999-05-08,0.0525301561050604
1999-05-09,0.0525301561050604
1999-05-10,0.055112503765484044
1999-05-11,0.05326115040241053
1999-05-12,0.04890697832645263
1999-05-13,0.04845698114868835
1999-05-14,0.04879057324714897
1999-05-15,0.048659473877496806
1999-05-16,0.04865335581274244
1999-05-17,0.049866620066056244
1999-05-18,0.04964034469623857
1999-05-19,0.04938570693604438
1999-05-20,0.049910795668641095
1999-05-21,0.050113631737178865
1999-05-22,0.05011564286961856
1999-05-23,0.05007157992948574
1999-05-24,0.04980019710134398
1999-05-25,0.04928210226638963
1999-05-26,0.048872881841908855
1999-05-27,0.04818986492105881
1999-05-28,0.048252833388404914
1999-05-29,0.048252833388404914
1999-05-30,0.048257770362764685
1999-05-31,0.048171236125178485
1999-06-01,0.048062584109407336
1999-06-02,0.047915481539999805
1999-06-03,0.04749606674429119
1999-06-04,0.047420828466804066
1999-06-05,0.047420828466804066
1999-06-06,0.04742331128472843
1999-06-07,0.04643056530516532
1999-06-08,0.046451017843085696
1999-06-09,0.04656331517206502
1999-06-10,0.04665275293620086
1999-06-11,0.04641596172055218
1999-06-12,0.04644811407886773
1999-06-13,0.046472547035123934
1999-06-14,0.04625040169385053
1999-06-15,0.04677335107600422
1999-06-16,0.04624194345527721
1999-06-17,0.04603059535188114
1999-06-18,0.045641355623591284
1999-06-19,0.045641355623591284
1999-06-20,0.04563268918574748
1999-06-21,0.04585351255058523
1999-06-22,0.04522195829602471
1999-06-23,0.04565149027013082
1999-06-24,0.04592844930637363
1999-06-25,0.04589384854965428
1999-06-26,0.04589384854965428
1999-06-27,0.04590458936758335
1999-06-28,0.045873663526256436
1999-06-29,0.045998724404098246
1999-06-30,0.0472437326923032
1999-07-01,0.04718898489695733
1999-07-02,0.0473034678266826
1999-07-03,0.04726031019640664
1999-07-04,0.04726031019640664
1999-07-05,0.04726031019640664
1999-07-06,0.047201710272943176
1999-07-07,0.04637090927040832
1999-07-08,0.04654539094552623
1999-07-09,0.047333127679427545
1999-07-10,0.047159791026243125
1999-07-11,0.047159791026243125
1999-07-12,0.047067495590200625
1999-07-13,0.053471020717756446
1999-07-14,0.05615769324473918
1999-07-15,0.056027318704882534
1999-07-16,0.05668362690319739
1999-07-17,0.056697412358255095
1999-07-18,0.056697150064003
1999-07-19,0.04887583107603044
1999-07-20,0.04798968614567589
1999-07-21,0.04774677519778869
1999-07-22,0.05291785204849786
1999-07-23,0.05580676008992347
1999-07-24,0.055848035555977615
1999-07-25,0.05583718152444761
1999-07-26,0.05667178588623467
1999-07-27,0.06070651395133786
1999-07-28,0.06146210703189636
1999-07-29,0.05560087429967919
1999-07-30,0.056000041091020636
1999-07-31,0.0560206104184624
1999-08-01,0.056020719615527126
1999-08-02,0.05209923882291978
1999-08-03,0.051318286657511036
1999-08-04,0.049027321683322356
1999-08-05,0.04868855665764049
1999-08-06,0.048603215111870934
1999-08-07,0.04868580627609731
1999-08-08,0.048673209235351234
1999-08-09,0.04925339578742172
1999-08-10,0.05027392831036459
1999-08-11,0.0517860162516357
1999-08-12,0.051405960627932235
1999-08-13,0.05151138619016482
1999-08-14,0.051823053439683076
1999-08-15,0.05180242205753616
1999-08-16,0.05144203802338443
1999-08-17,0.05257694761351028
1999-08-18,0.05266642391522525
1999-08-19,0.04827753449001504
1999-08-20,0.048249518635560484
1999-08-21,0.048242987360671785
1999-08-22,0.048246576572834154
1999-08-23,0.04830447348688249
1999-08-24,0.04867306843391006
1999-08-25,0.04844754971717058
1999-08-26,0.047592155171063855
1999-08-27,0.047631883276763265
1999-08-28,0.04762995473801901
1999-08-29,0.04762926268444567
1999-08-30,0.04745938146980189
1999-08-31,0.04707448906614986
1999-09-01,0.04740185528396168
1999-09-02,0.04739220949548817
1999-09-03,0.04732759746196735
1999-09-04,0.04732759746196735
1999-09-05,0.04732778347901778
1999-09-06,0.04732778347901778
1999-09-07,0.0471406571428703
1999-09-08,0.04773851549159369
1999-09-09,0.04817948236999969
1999-09-10,0.04811004525643048
1999-09-11,0.04811004525643048
1999-09-12,0.04810968205036015
1999-09-13,0.04816044526607843
1999-09-14,0.04962215452078178
1999-09-15,0.04943620889885225
1999-09-16,0.04895142744196357
1999-09-17,0.04892840953743871
1999-09-18,0.04889615803014302
1999-09-19,0.04889615803014302
1999-09-20,0.048545051110761905
1999-09-21,0.04937536580636048
1999-09-22,0.04928617062567109
1999-09-23,0.04916638707903309
1999-09-24,0.04910427073424439
1999-09-25,0.04910427073424439
1999-09-26,0.04913843684478092
1999-09-27,0.05040156384777883
1999-09-28,0.04996922552163863
1999-09-29,0.04961431711492592
1999-09-30,0.049559852888650724
1999-10-01,0.049548108684410064
1999-10-02,0.049909015813655255
1999-10-03,0.04993049312737452
1999-10-04,0.04989232053692039
1999-10-05,0.04982297768580923
1999-10-06,0.051233238962671956
1999-10-07,0.05119041322534823
1999-10-08,0.05124745620010063
1999-10-09,0.05124745620010063
1999-10-10,0.051195559865617524
1999-10-11,0.051014526973041985
1999-10-12,0.05047593891985902
1999-10-13,0.048236473429526194
1999-10-14,0.05382801519052882
1999-10-15,0.052002545605515316
1999-10-16,0.051972399258907176
1999-10-17,0.051972561538459194
1999-10-18,0.04701582327936271
1999-10-19,0.05174507966286801
1999-10-20,0.048929176744423764
1999-10-21,0.050796722905459335
1999-10-22,0.051291176985197806
1999-10-23,0.0507040950490969
1999-10-24,0.05069518895677683
1999-10-25,0.05401195247925661
1999-10-26,0.05651795018100736
1999-10-27,0.055811387711472094
1999-10-28,0.05660914130956085
1999-10-29,0.05440033595152549
1999-10-30,0.05467229550602415
1999-10-31,0.05464004630356922
1999-11-01,0.05567466898337958
1999-11-02,0.06101891912232649
1999-11-03,0.06121720416142806
1999-11-04,0.06211521369697692
1999-11-05,0.06235111573539842
1999-11-06,0.062349109458960106
1999-11-07,0.062347303314846725
1999-11-08,0.05913743160959184
1999-11-09,0.05854833434729767
1999-11-10,0.06061997121699059
1999-11-11,0.06165605539053631
1999-11-12,0.0633015472587457
1999-11-13,0.06339961623910906
1999-11-14,0.06340135015350779
1999-11-15,0.06364083018305466
1999-11-16,0.06255477169812074
1999-11-17,0.06545063927998807
1999-11-18,0.066068784667483
1999-11-19,0.06610731530362646
1999-11-20,0.06610731530362646
1999-11-21,0.06607267546949869
1999-11-22,0.06626703080542806
1999-11-23,0.06648307786933016
1999-11-24,0.066462458897103
1999-11-25,0.06652415985541404
1999-11-26,0.06651701719527225
1999-11-27,0.06651701719527225
1999-11-28,0.06651701719527225
1999-11-29,0.06640331130283217
1999-11-30,0.06668331920502091
1999-12-01,0.06673016940123433
1999-12-02,0.0667667240631511
1999-12-03,0.06676326322605552
1999-12-04,0.06676326322605552
1999-12-05,0.06672220811313001
1999-12-06,0.06684786225022732
1999-12-07,0.06698235282267229
1999-12-08,0.06722796811933796
1999-12-09,0.06668349815908292
1999-12-10,0.06674941807775947
1999-12-11,0.06674941807775947
1999-12-12,0.06674941807775947
1999-12-13,0.06681170368921041
1999-12-14,0.06621544534408463
1999-12-15,0.06701300030780977
1999-12-16,0.06707746143491589
1999-12-17,0.06722659943429865
1999-12-18,0.06723428900632711
1999-12-19,0.06723428900632711
1999-12-20,0.06776166401401751
1999-12-21,0.06813147892403126
1999-12-22,0.06692999531094257
1999-12-23,0.06693123066886786
1999-12-24,0.06692993809164904
1999-12-25,0.06692993809164904
1999-12-26,0.06692993809164904
1999-12-27,0.06692993809164904
1999-12-28,0.06695333424503125
1999-12-29,0.06696805578370357
1999-12-30,0.06697848248418103
1999-12-31,0.06699776359722143
2000-01-01,0.06700040978850486
2000-01-02,0.06699953487056898
2000-01-03,0.06687888675748299
2000-01-04,0.06699407417179581
2000-01-05,0.06688224617557603
2000-01-06,0.06690686658589096
2000-01-07,0.0669005656530759
2000-01-08,0.0669005656530759
2000-01-09,0.0669005656530759
2000-01-10,0.06695940184366767
2000-01-11,0.06660709045122659
2000-01-12,0.06698772070333914
2000-01-13,0.0689833810119771
2000-01-14,0.06905471778725114
2000-01-15,0.06905471778725114
2000-01-16,0.06904669123736484
2000-01-17,0.06875357021135886
2000-01-18,0.06357025009199058
2000-01-19,0.07002794064903117
2000-01-20,0.0724266544023413
2000-01-21,0.07258891007922563
2000-01-22,0.07258685066652526
2000-01-23,0.07258685066652526
2000-01-24,0.0744815795998961
2000-01-25,0.07624708369053224
2000-01-26,0.07597798131407485
2000-01-27,0.07525575363345327
2000-01-28,0.08060529394524685
2000-01-29,0.08060529394524685
2000-01-30,0.08060529394524685
2000-01-31,0.08187842623879571
2000-02-01,0.083455281629355
2000-02-02,0.07702936625626533
2000-02-03,0.07485724615237421
2000-02-04,0.07443507754851497
2000-02-05,0.07443507754851497
2000-02-06,0.07443507754851497
2000-02-07,0.07473624993514805
2000-02-08,0.07574257832011111
2000-02-09,0.078010852801641
2000-02-10,0.0773641708110151
2000-02-11,0.07727581282961249
2000-02-12,0.07729667274697039
2000-02-13,0.07720822931981397
2000-02-14,0.07616042027967196
2000-02-15,0.07801489562583042
2000-02-16,0.07775344160916631
2000-02-17,0.0717662208454215
2000-02-18,0.07243098428440198
2000-02-19,0.07217612889319613
2000-02-20,0.07217612889319613
2000-02-21,0.07217550641708548
2000-02-22,0.07177407266789171
2000-02-23,0.07313669131827649
2000-02-24,0.07184022804928158
2000-02-25,0.07192393569868694
2000-02-26,0.07201085355648718
2000-02-27,0.07201085355648718
2000-02-28,0.07174517155795357
2000-02-29,0.07202559997345626
2000-03-01,0.07178959113409222
2000-03-02,0.07226526447788717
2000-03-03,0.0731393926918138
2000-03-04,0.0731393926918138
2000-03-05,0.0731393926918138
2000-03-06,0.07370682852675059
2000-03-07,0.0723809105753348
2000-03-08,0.0725513565590501
2000-03-09,0.07337859876905872
2000-03-10,0.07323906513408773
2000-03-11,0.07323919605470586
2000-03-12,0.0733392320039683
2000-03-13,0.07549513138779851
2000-03-14,0.07619988724284443
2000-03-15,0.07599881874899883
2000-03-16,0.07725061893571605
2000-03-17,0.07762071913053958
2000-03-18,0.07766942045766267
2000-03-19,0.07766942045766267
2000-03-20,0.07778863350448018
2000-03-21,0.077489211957114
2000-03-22,0.07784310118807047
2000-03-23,0.07714638209854785
2000-03-24,0.07723165404382382
2000-03-25,0.07723165404382382
2000-03-26,0.07723165404382382
2000-03-27,0.07708986968216958
2000-03-28,0.07748897171516367
2000-03-29,0.07751083230712386
2000-03-30,0.07922563643764846
2000-03-31,0.07984265349348196
2000-04-01,0.07984105765242777
2000-04-02,0.07984428524594134
2000-04-03,0.07983842313829959
2000-04-04,0.07986294878393085
2000-04-05,0.0803437572236545
2000-04-06,0.07981072546509482
2000-04-07,0.0797495871792957
2000-04-08,0.07975572085754634
2000-04-09,0.07975572085754634
2000-04-10,0.07961225532898974
2000-04-11,0.07923985773813569
2000-04-12,0.0812607668035592
2000-04-13,0.07984598930905729
2000-04-14,0.07921580312631127
2000-04-15,0.07916761350591406
2000-04-16,0.08095102729412007
2000-04-17,0.07910206504635942
2000-04-18,0.07949997243331253
2000-04-19,0.09004588818757764
2000-04-20,0.08976761793105559
2000-04-21,0.090352479404469
2000-04-22,0.09037768062322105
2000-04-23,0.09037768062322105
2000-04-24,0.09662576994476924
2000-04-25,0.10368285719965109
2000-04-26,0.11164578461684904
2000-04-27,0.1131115128510567
2000-04-28,0.11191797928881297
2000-04-29,0.11247088865369026
2000-04-30,0.11247088865369026
2000-05-01,0.11413667694619356
2000-05-02,0.11246219726590967
2000-05-03,0.11228847967835764
2000-05-04,0.11486194190726784
2000-05-05,0.1168474798950212
2000-05-06,0.11684961069376909
2000-05-07,0.11684961069376909
2000-05-08,0.11743228727986454
2000-05-09,0.11724210838290383
2000-05-10,0.12183163717882173
2000-05-11,0.12334395878283799
2000-05-12,0.11738154465831951
2000-05-13,0.11738041872622773
2000-05-14,0.11738555654965177
2000-05-15,0.11728297613665517
2000-05-16,0.11783468927856733
2000-05-17,0.11823818425653831
2000-05-18,0.11846789663688351
2000-05-19,0.11863408325039715
2000-05-20,0.11866853712947179
2000-05-21,0.11866853712947179
2000-05-22,0.11900382799194897
2000-05-23,0.11914833837760108
2000-05-24,0.11977667276047099
2000-05-25,0.11958594702537817
2000-05-26,0.1195499332545813
2000-05-27,0.1195499332545813
2000-05-28,0.1195499332545813
2000-05-29,0.11942586155159618
2000-05-30,0.11948625737755836
2000-05-31,0.11989371257150472
2000-06-01,0.12003598185326414
2000-06-02,0.1200923407589718
2000-06-03,0.1200923407589718
2000-06-04,0.12010092879809542
2000-06-05,0.11997772190203282
2000-06-06,0.1202756957904354
2000-06-07,0.12037996341269785
2000-06-08,0.12076134350906353
2000-06-09,0.12106360527948845
2000-06-10,0.12106360527948845
2000-06-11,0.12106360527948845
2000-06-12,0.12450126463744327
2000-06-13,0.1232997921024368
2000-06-14,0.12368253948361896
2000-06-15,0.12525261575227775
2000-06-16,0.12580247508905495
2000-06-17,0.12580247508905495
2000-06-18,0.12580247508905495
2000-06-19,0.12578744873344405
2000-06-20,0.12882425231354122
2000-06-21,0.12895400962644188
2000-06-22,0.12939839377979023
2000-06-23,0.12937884623921314
2000-06-24,0.12937884623921314
2000-06-25,0.12937884623921314
2000-06-26,0.12931017475305717
2000-06-27,0.13120605396697393
2000-06-28,0.13125962105284916
2000-06-29,0.13061349396158284
2000-06-30,0.1306780201531048
2000-07-01,0.1306780201531048
2000-07-02,0.1306710748311608
2000-07-03,0.1306710748311608
2000-07-04,0.1306710748311608
2000-07-05,0.13050225221537404
2000-07-06,0.1306142605055649
2000-07-07,0.13054210420790224
2000-07-08,0.1305653523805308
2000-07-09,0.1305653523805308
2000-07-10,0.1307494420200499
2000-07-11,0.12880710947697405
2000-07-12,0.12787009623536538
2000-07-13,0.12817388466605628
2000-07-14,0.12976080357746111
2000-07-15,0.12985159773874044
2000-07-16,0.12985159773874044
2000-07-17,0.1303941326283775
2000-07-18,0.15438600879540343
2000-07-19,0.15655188090382
2000-07-20,0.14365300428587235
2000-07-21,0.14130140065057017
2000-07-22,0.14130140065057017
2000-07-23,0.14130140065057017
2000-07-24,0.14983618645785413
2000-07-25,0.15247157554513935
2000-07-26,0.15372070547649552
2000-07-27,0.1597511457016294
2000-07-28,0.15984982557347283
2000-07-29,0.1598516246260211
2000-07-30,0.1598516246260211
2000-07-31,0.15616750681457314
2000-08-01,0.15524562155193244
2000-08-02,0.15416846488267866
2000-08-03,0.15227480350897316
2000-08-04,0.151849682132295
2000-08-05,0.15185787186965838
2000-08-06,0.15183036186830323
2000-08-07,0.1496383332557254
2000-08-08,0.15126881624563793
2000-08-09,0.14710848087665385
2000-08-10,0.14659290427848237
2000-08-11,0.14670455879928923
2000-08-12,0.14672483319544782
2000-08-13,0.14672483319544782
2000-08-14,0.14592191379745478
2000-08-15,0.1446896700886242
2000-08-16,0.14736812044705827
2000-08-17,0.1575895048211331
2000-08-18,0.15744778994766806
2000-08-19,0.1569548778263079
2000-08-20,0.1569548778263079
2000-08-21,0.15804673335478991
2000-08-22,0.15859672664551572
2000-08-23,0.1581581840647781
2000-08-24,0.1579914232246762
2000-08-25,0.15810906591086282
2000-08-26,0.15810906591086282
2000-08-27,0.15810906591086282
2000-08-28,0.15796910369815897
2000-08-29,0.15799940924747258
2000-08-30,0.1583194524044198
2000-08-31,0.15829594721001627
2000-09-01,0.15841025728096447
2000-09-02,0.15841025728096447
2000-09-03,0.15841025728096447
2000-09-04,0.15841025728096447
2000-09-05,0.15748158609289242
2000-09-06,0.15676370392978134
2000-09-07,0.15611482596415271
2000-09-08,0.15611843044991636
2000-09-09,0.15612328973962053
2000-09-10,0.15612328973962053
2000-09-11,0.15370771449623644
2000-09-12,0.15363359114761987
2000-09-13,0.15407793455445895
2000-09-14,0.15324176248679833
2000-09-15,0.15331414800282706
2000-09-16,0.15338406100717195
2000-09-17,0.15338406100717195
2000-09-18,0.15320145125826357
2000-09-19,0.15244835675524637
2000-09-20,0.1529846811385993
2000-09-21,0.15193765060514752
2000-09-22,0.15195702936549615
2000-09-23,0.15195702936549615
2000-09-24,0.15195702936549615
2000-09-25,0.15200693740110194
2000-09-26,0.15096686223449574
2000-09-27,0.15133663790639407
2000-09-28,0.1513780242645144
2000-09-29,0.15142596388326401
2000-09-30,0.15142596388326401
2000-10-01,0.15142596388326401
2000-10-02,0.15159824952993284
2000-10-03,0.15139405725105126
2000-10-04,0.1524691459461236
2000-10-05,0.15120413356016238
2000-10-06,0.15118891818827018
2000-10-07,0.15118891818827018
2000-10-08,0.15118891818827018
2000-10-09,0.15119289531656932
2000-10-10,0.14825748195062216
2000-10-11,0.14900968157581995
2000-10-12,0.14702935792824645
2000-10-13,0.14686860331754925
2000-10-14,0.1468700311952087
2000-10-15,0.1468700311952087
2000-10-16,0.14787464285285967
2000-10-17,0.15681549669869366
2000-10-18,0.15938625178653543
2000-10-19,0.1638750172397765
2000-10-20,0.16185264053600967
2000-10-21,0.16185264053600967
2000-10-22,0.16185264053600967
2000-10-23,0.16041087482269467
2000-10-24,0.16319445415307654
2000-10-25,0.16090512296805648
2000-10-26,0.16492185293303074
2000-10-27,0.16526047418482293
2000-10-28,0.16521286155444437
2000-10-29,0.16521286155444437
2000-10-30,0.16748288958194935
2000-10-31,0.16194892542886197
2000-11-01,0.16089394613137786
2000-11-02,0.1575431935396554
2000-11-03,0.15904847840529168
2000-11-04,0.15904466177925647
2000-11-05,0.15905897504583577
2000-11-06,0.16014066664975735
2000-11-07,0.1615479850355368
2000-11-08,0.1621848371816117
2000-11-09,0.16062216272963403
2000-11-10,0.16086670638305
2000-11-11,0.1608687427143134
2000-11-12,0.1608687427143134
2000-11-13,0.15987193754265583
2000-11-14,0.1609520438839449
2000-11-15,0.16217520166263122
2000-11-16,0.16208913130347202
2000-11-17,0.16206433878101079
2000-11-18,0.16211421288591743
2000-11-19,0.16211421288591743
2000-11-20,0.16183075944829106
2000-11-21,0.16173440927754212
2000-11-22,0.16167502568329728
2000-11-23,0.16170067410243116
2000-11-24,0.1617002305484856
2000-11-25,0.1617002305484856
2000-11-26,0.1617002305484856
2000-11-27,0.16172223511541883
2000-11-28,0.16102960768449637
2000-11-29,0.16084756276016599
2000-11-30,0.16047255513459158
2000-12-01,0.1604482853053848
2000-12-02,0.1604482853053848
2000-12-03,0.1604482853053848
2000-12-04,0.1610402090742442
2000-12-05,0.16120127354354152
2000-12-06,0.16199147498322364
2000-12-07,0.1621053953502123
2000-12-08,0.16210712623690804
2000-12-09,0.16210712623690804
2000-12-10,0.16210712623690804
2000-12-11,0.16198598769633965
2000-12-12,0.16242303866788088
2000-12-13,0.16263233300423052
2000-12-14,0.16333425391058398
2000-12-15,0.16323368845490815
2000-12-16,0.16321163151351414
2000-12-17,0.16321163151351414
2000-12-18,0.16701796188036
2000-12-19,0.16783260210125128
2000-12-20,0.16819052365190168
2000-12-21,0.16678218732452277
2000-12-22,0.16676075477084762
2000-12-23,0.16677340167265076
2000-12-24,0.16677340167265076
2000-12-25,0.16677340167265076
2000-12-26,0.16674526120844546
2000-12-27,0.16677079712955845
2000-12-28,0.16685387568530374
2000-12-29,0.16639270624318914
2000-12-30,0.16639270624318914
2000-12-31,0.16639270624318914
2001-01-01,0.16639270624318914
2001-01-02,0.16634976866308415
2001-01-03,0.16639586215439106
2001-01-04,0.1672523652413065
2001-01-05,0.16720274136934243
2001-01-06,0.16720274136934243
2001-01-07,0.16717481753001628
2001-01-08,0.16718538154299134
2001-01-09,0.16896888555500822
2001-01-10,0.16780800685737085
2001-01-11,0.16778234762340527
2001-01-12,0.16767603044086643
2001-01-13,0.1676479245437723
2001-01-14,0.1676479245437723
2001-01-15,0.16721292766551632
2001-01-16,0.1678662862731941
2001-01-17,0.17112560479243855
2001-01-18,0.1766470015986359
2001-01-19,0.17667344522836426
2001-01-20,0.17684971429993945
2001-01-21,0.17666497770645173
2001-01-22,0.17460203963298881
2001-01-23,0.1781851506923806
2001-01-24,0.1800341010845039
2001-01-25,0.16804123883798594
2001-01-26,0.16760913415511358
2001-01-27,0.16761030233451213
2001-01-28,0.16761030233451213
2001-01-29,0.17542585493323193
2001-01-30,0.16896214065537563
2001-01-31,0.16714982161808023
2001-02-01,0.16805941967651794
2001-02-02,0.1680365655375966
2001-02-03,0.1680365655375966
2001-02-04,0.1680365655375966
2001-02-05,0.1610013925650411
2001-02-06,0.15152756854546356
2001-02-07,0.15117944472432887
2001-02-08,0.1455173972284023
2001-02-09,0.14480081656582788
2001-02-10,0.14480081656582788
2001-02-11,0.14480081656582788
2001-02-12,0.14446171433047073
2001-02-13,0.14905416614615574
2001-02-14,0.14627678698085278
2001-02-15,0.15050860347100192
2001-02-16,0.14285919642265088
2001-02-17,0.14252659137085244
2001-02-18,0.14252659137085244
2001-02-19,0.14236298677539283
2001-02-20,0.14171744809701847
2001-02-21,0.13556192711663773
2001-02-22,0.1341871556431513
2001-02-23,0.13424190063002972
2001-02-24,0.13426038049916578
2001-02-25,0.13426038049916578
2001-02-26,0.13479247806765615
2001-02-27,0.13475585202792484
2001-02-28,0.13380738398199066
2001-03-01,0.13322236815165578
2001-03-02,0.13325491067913675
2001-03-03,0.13325491067913675
2001-03-04,0.13325491067913675
2001-03-05,0.13347131709234805
2001-03-06,0.13629684208595805
2001-03-07,0.13604174377523504
2001-03-08,0.13341960904727612
2001-03-09,0.13435799555990213
2001-03-10,0.13436519296818683
2001-03-11,0.13436519296818683
2001-03-12,0.13472549571666015
2001-03-13,0.13418994346814328
2001-03-14,0.1338084394738399
2001-03-15,0.13338701390292584
2001-03-16,0.13357490311668396
2001-03-17,0.13357517530491303
2001-03-18,0.13357580540436254
2001-03-19,0.1297666783790905
2001-03-20,0.1300108130369988
2001-03-21,0.12700754030633798
2001-03-22,0.1275902538684326
2001-03-23,0.12754832196489496
2001-03-24,0.12754832196489496
2001-03-25,0.12754832196489496
2001-03-26,0.12793568318247495
2001-03-27,0.1275739153962725
2001-03-28,0.1284216353470482
2001-03-29,0.1288930252644569
2001-03-30,0.12905393649321373
2001-03-31,0.12906453025072429
2001-04-01,0.12907058128451498
2001-04-02,0.12851506369759802
2001-04-03,0.12864773915620376
2001-04-04,0.1281534019718904
2001-04-05,0.12942345781365572
2001-04-06,0.1295376679507061
2001-04-07,0.1295376679507061
2001-04-08,0.1295376679507061
2001-04-09,0.12908620561817652
2001-04-10,0.1287658014903974
2001-04-11,0.1265483838953323
2001-04-12,0.12393224444968398
2001-04-13,0.12394607011896408
2001-04-14,0.12394730246727814
2001-04-15,0.12394730246727814
2001-04-16,0.12020744674227868
2001-04-17,0.11639138589914322
2001-04-18,0.10757135290304909
2001-04-19,0.1154363859872285
2001-04-20,0.11522041468402944
2001-04-21,0.11522147629943391
2001-04-22,0.11522147629943391
2001-04-23,0.11743555243968906
2001-04-24,0.1041354085677304
2001-04-25,0.09915080774943008
2001-04-26,0.08934857984106381
2001-04-27,0.08797256962512656
2001-04-28,0.08800658115405113
2001-04-29,0.08788710394620813
2001-04-30,0.08413390033139034
2001-05-01,0.08232295802992629
2001-05-02,0.07723406074951211
2001-05-03,0.07562936206568671
2001-05-04,0.07551709153478225
2001-05-05,0.07571596979147643
2001-05-06,0.07574578136276022
2001-05-07,0.07498102953887487
2001-05-08,0.07525501746457341
2001-05-09,0.07760989972223142
2001-05-10,0.0751722598023834
2001-05-11,0.0740738352597261
2001-05-12,0.07420665974595586
2001-05-13,0.07420665974595586
2001-05-14,0.07265459776057481
2001-05-15,0.06850502741572595
2001-05-16,0.06668705602467528
2001-05-17,0.06829495903478544
2001-05-18,0.06864202465399227
2001-05-19,0.06864713155942526
2001-05-20,0.06864713155942526
2001-05-21,0.06866477501809243
2001-05-22,0.0658974854129113
2001-05-23,0.06522221401492634
2001-05-24,0.06355566507708987
2001-05-25,0.06348139396415609
2001-05-26,0.06348139396415609
2001-05-27,0.06348139396415609
2001-05-28,0.06347482410186744
2001-05-29,0.06339538329669892
2001-05-30,0.06162733868939174
2001-05-31,0.06147274665497959
2001-06-01,0.06110460732098333
2001-06-02,0.06110460732098333
2001-06-03,0.06110460732098333
2001-06-04,0.06080474876920072
2001-06-05,0.061107424780278086
2001-06-06,0.060992812504759186
2001-06-07,0.060820359347445674
2001-06-08,0.060844286370474565
2001-06-09,0.060844852475286704
2001-06-10,0.06084484867335438
2001-06-11,0.06080892638936786
2001-06-12,0.062147248175009606
2001-06-13,0.06206843077355728
2001-06-14,0.061593603737942315
2001-06-15,0.06149770339938532
2001-06-16,0.06149770339938532
2001-06-17,0.06149770339938532
2001-06-18,0.05625740101103438
2001-06-19,0.056387277466452224
2001-06-20,0.0562714499117396
2001-06-21,0.05436242655326695
2001-06-22,0.054076284616024095
2001-06-23,0.05407545269129366
2001-06-24,0.05407545269129366
2001-06-25,0.05418238825838628
2001-06-26,0.05049450328577709
2001-06-27,0.05060957760891127
2001-06-28,0.04995243966487406
2001-06-29,0.049948774611512814
2001-06-30,0.049948774611512814
2001-07-01,0.049948774611512814
2001-07-02,0.04995063340106953
2001-07-03,0.052125490096541105
2001-07-04,0.052125490096541105
2001-07-05,0.052126987162083305
2001-07-06,0.05450950090651796
2001-07-07,0.05450950090651796
2001-07-08,0.05450950090651796
2001-07-09,0.05463101111845314
2001-07-10,0.05550291602126878
2001-07-11,0.056139806272345494
2001-07-12,0.04919201999116729
2001-07-13,0.0494955479374759
2001-07-14,0.049492052840373724
2001-07-15,0.04958039406932557
2001-07-16,0.048377807954506746
2001-07-17,0.047252981646289216
2001-07-18,0.05662876184407617
2001-07-19,0.05208513778592705
2001-07-20,0.0510632247093199
2001-07-21,0.05105308522608354
2001-07-22,0.05105108071965048
2001-07-23,0.05037816215577573
2001-07-24,0.054337782335824425
2001-07-25,0.05160575545036483
2001-07-26,0.054844098301113364
2001-07-27,0.05451386267560676
2001-07-28,0.054504666414566305
2001-07-29,0.054504666414566305
2001-07-30,0.054085161700438755
2001-07-31,0.05387645815385955
2001-08-01,0.05655343592609219
2001-08-02,0.05930280985962866
2001-08-03,0.05957335722465995
2001-08-04,0.05957335722465995
2001-08-05,0.05953476405304592
2001-08-06,0.06014781938857294
2001-08-07,0.05097487211309826
2001-08-08,0.052040412633341804
2001-08-09,0.052670561888883194
2001-08-10,0.052917019559885814
2001-08-11,0.05293606364059178
2001-08-12,0.05293606364059178
2001-08-13,0.052115408437390265
2001-08-14,0.05248114871534759
2001-08-15,0.05340949818316809
2001-08-16,0.05062421825229646
2001-08-17,0.050978845568531383
2001-08-18,0.05098019754676386
2001-08-19,0.05098019754676386
2001-08-20,0.05053727190251833
2001-08-21,0.05263352490353479
2001-08-22,0.046147430960801206
2001-08-23,0.045725419055949956
2001-08-24,0.045444322618717115
2001-08-25,0.045444322618717115
2001-08-26,0.045444322618717115
2001-08-27,0.0453721424241913
2001-08-28,0.045163672232384044
2001-08-29,0.04555057905084703
2001-08-30,0.04562296613707195
2001-08-31,0.0451145370962609
2001-09-01,0.0451145370962609
2001-09-02,0.0451145370962609
2001-09-03,0.0451145370962609
2001-09-04,0.045124318447172795
2001-09-05,0.04502922321447844
2001-09-06,0.044344883348175435
2001-09-07,0.0443036648122459
2001-09-08,0.0443036648122459
2001-09-09,0.0443036648122459
2001-09-10,0.04427178965522316
2001-09-11,0.0434712039291858
2001-09-12,0.04339643738931698
2001-09-13,0.04418112049074252
2001-09-14,0.044011028137113106
2001-09-15,0.0440551339561992
2001-09-16,0.0440551339561992
2001-09-17,0.04409748242440403
2001-09-18,0.044413862769872026
2001-09-19,0.04562314737565876
2001-09-20,0.04479710873435083
2001-09-21,0.044741133740173966
2001-09-22,0.044741133740173966
2001-09-23,0.044741133740173966
2001-09-24,0.04540827299710082
2001-09-25,0.04411963050797829
2001-09-26,0.04331871224715145
2001-09-27,0.04334108678627424
2001-09-28,0.043288501449619154
2001-09-29,0.04329022714684028
2001-09-30,0.04329022714684028
2001-10-01,0.04333689019485076
2001-10-02,0.04280450721421891
2001-10-03,0.04290790874508632
2001-10-04,0.04373106094457424
2001-10-05,0.043653122457820936
2001-10-06,0.043637858240783034
2001-10-07,0.043640517721390104
2001-10-08,0.04365491527649956
2001-10-09,0.045744278421823825
2001-10-10,0.045814307778799135
2001-10-11,0.04536721466395721
2001-10-12,0.04525470953051558
2001-10-13,0.04530157180610561
2001-10-14,0.04530157180610561
2001-10-15,0.04336561984390763
2001-10-16,0.03330520949524707
2001-10-17,0.020623661691933082
2001-10-18,0.020816749063611972
2001-10-19,0.02044336173619965
2001-10-20,0.02044950040370197
2001-10-21,0.02044950040370197
2001-10-22,0.01893016070638276
2001-10-23,0.011769847653429588
2001-10-24,0.005791128131641621
2001-10-25,0.00616278043623586
2001-10-26,0.004210159141095904
2001-10-27,0.004210159141095904
2001-10-28,0.004210159141095904
2001-10-29,0.0032297367345655026
2001-10-30,0.0007718189798273656
2001-10-31,0.0004245069735140383
2001-11-01,-0.004327969234574236
2001-11-02,-0.00244787846895711
2001-11-03,-0.0024488722997261236
2001-11-04,-0.0024488722997261236
2001-11-05,-0.0031688822930436844
2001-11-06,-0.0021059378301001574
2001-11-07,-0.0010311181198894293
2001-11-08,-0.0020667830968557066
2001-11-09,8.707134550722806e-05
2001-11-10,8.469265773269896e-05
2001-11-11,8.469265773269896e-05
2001-11-12,0.00012390141357210283
2001-11-13,0.0017758954839577346
2001-11-14,0.0002017177825492933
2001-11-15,0.0004812699808180998
2001-11-16,0.0003985113954252384
2001-11-17,0.0003985113954252384
2001-11-18,0.0003985113954252384
2001-11-19,0.001074280153148921
2001-11-20,0.002789790867241626
2001-11-21,0.0027900542363323844
2001-11-22,0.0027900542363323844
2001-11-23,0.0027885708699864065
2001-11-24,0.0027885708699864065
2001-11-25,0.0027885708699864065
2001-11-26,0.0028498849094029666
2001-11-27,0.0018334058955553623
2001-11-28,0.002005753672508881
2001-11-29,0.0021466800555902665
2001-11-30,0.0021641367057818606
2001-12-01,0.0021641367057818606
2001-12-02,0.0021641367057818606
2001-12-03,0.002462226390770983
2001-12-04,0.0041504499452058585
2001-12-05,0.0039346372766362325
2001-12-06,0.0029209399846490403
2001-12-07,0.0029549075483730203
2001-12-08,0.0029626979160211064
2001-12-09,0.0029626979160211064
2001-12-10,0.0028306676998286484
2001-12-11,0.0020635506570476636
2001-12-12,0.001877931208204231
2001-12-13,0.000829656683356994
2001-12-14,0.0007890757588717712
2001-12-15,0.0007884133474986843
2001-12-16,0.0007884133474986843
2001-12-17,0.00019811132394131903
2001-12-18,-0.0051133341418097
2001-12-19,-0.005625018893223754
2001-12-20,-0.004246921297490047
2001-12-21,-0.004213916766183989
2001-12-22,-0.004213916766183989
2001-12-23,-0.004213916766183989
2001-12-24,-0.004213916766183989
2001-12-25,-0.004213916766183989
2001-12-26,-0.004213916766183989
2001-12-27,-0.004161345534033467
2001-12-28,-0.004192139311338106
2001-12-29,-0.004192139311338106
2001-12-30,-0.004192139311338106
2001-12-31,-0.004190649966589133
2002-01-01,-0.004190649966589133
2002-01-02,-0.004284713425038222
2002-01-03,-0.004125418241175294
2002-01-04,-0.004129520153242305
2002-01-05,-0.004129520153242305
2002-01-06,-0.004129520153242305
2002-01-07,-0.004060101238285374
2002-01-08,-0.0039185677930748675
2002-01-09,-0.0038070997380218463
2002-01-10,-0.004633836741371522
2002-01-11,-0.004638639235980735
2002-01-12,-0.004638639235980735
2002-01-13,-0.004638639235980735
2002-01-14,-0.005568464736671386
2002-01-15,-0.004798811368102784
2002-01-16,-0.005778256850706209
2002-01-17,-0.00279721163221458
2002-01-18,-0.0026777562596032034
2002-01-19,-0.002657996898085213
2002-01-20,-0.002657996898085213
2002-01-21,-0.002433037127878901
2002-01-22,-0.006986161477312902
2002-01-23,-0.00421244361329931
2002-01-24,-0.004575770036752802
2002-01-25,-0.0015698625871602978
2002-01-26,-0.0015701894130402128
2002-01-27,-0.0015701894130402128
2002-01-28,-0.007171818307714184
2002-01-29,-0.0062802321378234716
2002-01-30,-0.007214576234417458
2002-01-31,-0.0028338834970512705
2002-02-01,-0.003000772315486344
2002-02-02,-0.003000772315486344
2002-02-03,-0.003000772315486344
2002-02-04,-0.000808118603096375
2002-02-05,-0.006717159216650281
2002-02-06,-0.00729716805519165
2002-02-07,-0.0053414316773527926
2002-02-08,-0.005154877347486098
2002-02-09,-0.005189505924266924
2002-02-10,-0.005189505924266924
2002-02-11,-0.004280782731642452
2002-02-12,-0.004862419059011414
2002-02-13,-0.0024716260915789157
2002-02-14,-0.005915192154527071
2002-02-15,-0.007160378220833485
2002-02-16,-0.007133518201031364
2002-02-17,-0.007133518201031364
2002-02-18,-0.007128441144385267
2002-02-19,-0.0027590763771223603
2002-02-20,-0.004596512162101329
2002-02-21,-0.0056982807039281935
2002-02-22,-0.005770295786731272
2002-02-23,-0.005767743040199447
2002-02-24,-0.005767743040199447
2002-02-25,-0.005588181799672132
2002-02-26,-0.006344670018593734
2002-02-27,-0.0067748435664229945
2002-02-28,-0.006306925338232072
2002-03-01,-0.006420597826858443
2002-03-02,-0.006420597826858443
2002-03-03,-0.006420597826858443
2002-03-04,-0.006669545347708805
2002-03-05,-0.005779768164784871
2002-03-06,-0.005724225822335116
2002-03-07,-0.006798780577212282
2002-03-08,-0.007454408450353944
2002-03-09,-0.007454408450353944
2002-03-10,-0.007454408450353944
2002-03-11,-0.008979392286886823
2002-03-12,-0.009638704438159396
2002-03-13,-0.010020597743460535
2002-03-14,-0.009404770019613151
2002-03-15,-0.009520320459603826
2002-03-16,-0.009520320459603826
2002-03-17,-0.009520320459603826
2002-03-18,-0.008946573998356078
2002-03-19,-0.009029450965175378
2002-03-20,-0.008669453927619641
2002-03-21,-0.0037644481519035766
2002-03-22,-0.00391235231100695
2002-03-23,-0.003912469074445202
2002-03-24,-0.003912469074445202
2002-03-25,-0.003569275614416889
2002-03-26,-0.0030836007812240496
2002-03-27,-0.0036527399760319934
2002-03-28,-0.004388726382242525
2002-03-29,-0.004455760619248572
2002-03-30,-0.004389013407218645
2002-03-31,-0.000314825996917234
2002-04-01,-0.0008301537674543225
2002-04-02,0.0005961626815520482
2002-04-03,0.0005648305809733412
2002-04-04,0.0005390089227348405
2002-04-05,-0.0009625936880279795
2002-04-06,-0.0009625936880279795
2002-04-07,-0.0009625936880279795
2002-04-08,-0.0009265533763951339
2002-04-09,-0.0011114165839157808
2002-04-10,-0.0011663306790485883
2002-04-11,-0.0006880188515405727
2002-04-12,-0.000594053481939083
2002-04-13,-0.000594053481939083
2002-04-14,-0.000594053481939083
2002-04-15,0.0009826097264011846
2002-04-16,-0.001001184635122887
2002-04-17,-0.0038059208079103124
2002-04-18,-0.010846034492397516
2002-04-19,-0.008226916946350804
2002-04-20,-0.008226916946350804
2002-04-21,-0.008226916946350804
2002-04-22,-0.0013028725051349443
2002-04-23,0.000882195111091999
2002-04-24,-0.004576818350324308
2002-04-25,-0.007794115197705009
2002-04-26,-0.003193297204835188
2002-04-27,-0.003193297204835188
2002-04-28,-0.003193297204835188
2002-04-29,-0.0034330008889876806
2002-04-30,-0.0027489741996484796
2002-05-01,-0.0024153890572528036
2002-05-02,-0.0019198179250972114
2002-05-03,-0.0013426203254606195
2002-05-04,-0.0013426203254606195
2002-05-05,-0.0014549993432151354
2002-05-06,-0.001579989175530483
2002-05-07,0.0009222665965034071
2002-05-08,7.270063068443022e-05
2002-05-09,0.00037185028575703605
2002-05-10,0.0006685312717111813
2002-05-11,0.0005891905813153464
2002-05-12,0.0005891905813153464
2002-05-13,0.0007004866216038241
2002-05-14,0.004417309640744271
2002-05-15,0.00874107270972413
2002-05-16,0.012129121881240712
2002-05-17,0.01206187611291809
2002-05-18,0.01206187611291809
2002-05-19,0.01206187611291809
2002-05-20,0.012803671221403023
2002-05-21,0.015504996272923233
2002-05-22,0.016227741563608955
2002-05-23,0.014453840148731079
2002-05-24,0.014473649617280815
2002-05-25,0.014473649617280815
2002-05-26,0.014473649617280815
2002-05-27,0.014473649617280815
2002-05-28,0.013369669453253907
2002-05-29,0.013649598415970798
2002-05-30,0.013549740111857389
2002-05-31,0.01361541124597232
2002-06-01,0.01361541124597232
2002-06-02,0.01361541124597232
2002-06-03,0.013620180350257138
2002-06-04,0.01357906471597814
2002-06-05,0.013620742941283348
2002-06-06,0.013599790837578896
2002-06-07,0.013574834048899254
2002-06-08,0.013574834048899254
2002-06-09,0.013574834048899254
2002-06-10,0.013607205193798988
2002-06-11,0.013822583444927705
2002-06-12,0.013424920567531196
2002-06-13,0.013583052933466844
2002-06-14,0.010976399753316546
2002-06-15,0.010976399753316546
2002-06-16,0.010976399753316546
2002-06-17,0.010968142630405575
2002-06-18,0.01011478813326927
2002-06-19,0.010123118734852277
2002-06-20,0.007951099028691067
2002-06-21,0.007952227776462983
2002-06-22,0.007952227776462983
2002-06-23,0.007952227776462983
2002-06-24,0.008107206408443313
2002-06-25,0.011155712763722514
2002-06-26,0.011386797995036169
2002-06-27,0.011767155944504504
2002-06-28,0.01186128362696226
2002-06-29,0.011861834454875098
2002-06-30,0.011861834454875098
2002-07-01,0.012008499275302453
2002-07-02,0.011818343321917224
2002-07-03,0.011818343321917224
2002-07-04,0.011818343321917224
2002-07-05,0.011818343321917224
2002-07-06,0.011818343321917224
2002-07-07,0.011818343321917224
2002-07-08,0.010215966477392646
2002-07-09,0.010580883816209363
2002-07-10,0.010417088014387232
2002-07-11,0.013480891344846313
2002-07-12,0.013675842683173789
2002-07-13,0.013675842683173789
2002-07-14,0.013675842683173789
2002-07-15,0.013829097050711114
2002-07-16,0.012751623916913202
2002-07-17,0.01010025177093743
2002-07-18,0.007833721400299698
2002-07-19,0.007974165965418889
2002-07-20,0.007974165965418889
2002-07-21,0.008117931813663049
2002-07-22,0.008070411735294769
2002-07-23,0.005298993529038176
2002-07-24,0.004271388953729804
2002-07-25,0.010378817540193985
2002-07-26,0.008938845309280685
2002-07-27,0.008946555369550913
2002-07-28,0.008946555369550913
2002-07-29,0.007458882392329835
2002-07-30,0.0044538265322129345
2002-07-31,0.006166183132748415
2002-08-01,0.004635013526917975
2002-08-02,0.003986124268605451
2002-08-03,0.003986124268605451
2002-08-04,0.003986859626805117
2002-08-05,0.0031610278463864994
2002-08-06,0.0055768339733153205
2002-08-07,0.007261803689689872
2002-08-08,0.0065194549996845375
2002-08-09,0.006500167611789065
2002-08-10,0.006503069347334467
2002-08-11,0.006511514199591284
2002-08-12,0.006584402062340233
2002-08-13,0.005752493852950957
2002-08-14,0.005463870432454998
2002-08-15,0.006065498903160771
2002-08-16,0.006039861035977978
2002-08-17,0.006039452537667245
2002-08-18,0.006039452537667245
2002-08-19,0.005942191160394961
2002-08-20,0.0027019133028243214
2002-08-21,0.0025468653293230226
2002-08-22,0.0036026480680257933
2002-08-23,0.003547584274271154
2002-08-24,0.003547584274271154
2002-08-25,0.003547584274271154
2002-08-26,0.0037316197228540737
2002-08-27,0.005906336720002292
2002-08-28,0.005690105547830893
2002-08-29,0.006095510480039978
2002-08-30,0.00609919777543233
2002-08-31,0.00609276279107962
2002-09-01,0.00609276279107962
2002-09-02,0.00609276279107962
2002-09-03,0.006092706919192059
2002-09-04,0.006359561363654009
2002-09-05,0.006445808398042097
2002-09-06,0.006324414646228238
2002-09-07,0.006324414646228238
2002-09-08,0.006324414646228238
2002-09-09,0.006205526320820054
2002-09-10,0.005238857521472351
2002-09-11,0.005238402527031338
2002-09-12,0.005354409401302718
2002-09-13,0.00544255311866193
2002-09-14,0.00544255311866193
2002-09-15,0.00544255311866193
2002-09-16,0.004544919454176455
2002-09-17,0.004376329503980481
2002-09-18,0.00417183261373566
2002-09-19,0.0041413816104580725
2002-09-20,0.0040866422458938345
2002-09-21,0.004089887641756107
2002-09-22,0.004089887641756107
2002-09-23,0.0044426278010132325
2002-09-24,0.004427732579192822
2002-09-25,0.004638736803528776
2002-09-26,0.004128059616715474
2002-09-27,0.004210662794615461
2002-09-28,0.004210662794615461
2002-09-29,0.004210662794615461
2002-09-30,0.004603277725292898
2002-10-01,0.004598418769845125
2002-10-02,0.004521748700891948
2002-10-03,0.004278212555725913
2002-10-04,0.004431929373083232
2002-10-05,0.004431929373083232
2002-10-06,0.004472034771353828
2002-10-07,0.004473258227553734
2002-10-08,0.002921237554691203
2002-10-09,0.0039626715177241145
2002-10-10,0.0035295344494785663
2002-10-11,0.003526306743067531
2002-10-12,0.0035247417417239024
2002-10-13,0.0035552126716509314
2002-10-14,0.0042090853457528166
2002-10-15,0.0028516503015207917
2002-10-16,0.011173387071262475
2002-10-17,0.009551411854264114
2002-10-18,0.009655672646224245
2002-10-19,0.009655672646224245
2002-10-20,0.009616691110731157
2002-10-21,0.010255135662188719
2002-10-22,0.01677456290197421
2002-10-23,0.01892752838294709
2002-10-24,0.01609881745923225
2002-10-25,0.018057229453017687
2002-10-26,0.018061793453369113
2002-10-27,0.018061793453369113
2002-10-28,0.01838476846796744
2002-10-29,0.01792857122153979
2002-10-30,0.021742719822013257
2002-10-31,0.019237916215316897
2002-11-01,0.01941904982345788
2002-11-02,0.019434919175341125
2002-11-03,0.019434919175341125
2002-11-04,0.019333244871580613
2002-11-05,0.017941328737305584
2002-11-06,0.01561057812359623
2002-11-07,0.01460448583362517
2002-11-08,0.014381837503727457
2002-11-09,0.014293213102461344
2002-11-10,0.01429304425829514
2002-11-11,0.014330748427205942
2002-11-12,0.01304913266522667
2002-11-13,0.010544719040798567
2002-11-14,0.010027633325587093
2002-11-15,0.010192715852388456
2002-11-16,0.010190573518983115
2002-11-17,0.010194816263952466
2002-11-18,0.008455637450873299
2002-11-19,0.00709894988733506
2002-11-20,0.007252887629999538
2002-11-21,0.0063687935188712075
2002-11-22,0.0068109287181559175
2002-11-23,0.0068109287181559175
2002-11-24,0.0068109287181559175
2002-11-25,0.006700973634310214
2002-11-26,0.007558979050787729
2002-11-27,0.0071921864335302566
2002-11-28,0.007219150772449723
2002-11-29,0.007220349617665933
2002-11-30,0.007220349617665933
2002-12-01,0.007220349617665933
2002-12-02,0.007222301536290887
2002-12-03,0.0066433622706800755
2002-12-04,0.0066915195085874846
2002-12-05,0.006685333118523484
2002-12-06,0.006599974391603869
2002-12-07,0.006599974391603869
2002-12-08,0.006599974391603869
2002-12-09,0.00643052923768983
2002-12-10,0.0065462493291637
2002-12-11,0.0068519691010267
2002-12-12,0.0065817712411671
2002-12-13,0.006733656397764465
2002-12-14,0.0067541751498738645
2002-12-15,0.0067541751498738645
2002-12-16,0.006931677724829388
2002-12-17,0.00750974785721481
2002-12-18,0.008015331808547632
2002-12-19,0.005891507785096284
2002-12-20,0.005994613732733356
2002-12-21,0.006027485390095455
2002-12-22,0.006027485390095455
2002-12-23,0.006288055601549214
2002-12-24,0.005451307871882083
2002-12-25,0.005451307871882083
2002-12-26,0.005430106454819894
2002-12-27,0.005429050153644033
2002-12-28,0.005429050153644033
2002-12-29,0.005429050153644033
2002-12-30,0.005431086951686259
2002-12-31,0.005422746089255748
2003-01-01,0.005422746089255748
2003-01-02,0.005423603490807283
2003-01-03,0.005441367894035709
2003-01-04,0.005441367894035709
2003-01-05,0.005441367894035709
2003-01-06,0.0054157102823386705
2003-01-07,0.005433894444578424
2003-01-08,0.005705002038900009
2003-01-09,0.005590413864626331
2003-01-10,0.005606728903190916
2003-01-11,0.005645039642976135
2003-01-12,0.005645039642976135
2003-01-13,0.006238502769582821
2003-01-14,0.0065459818430515515
2003-01-15,0.0061085502806716985
2003-01-16,0.004540296241732911
2003-01-17,0.0052856636146896285
2003-01-18,0.0052856636146896285
2003-01-19,0.0052856636146896285
2003-01-20,0.005425098722652288
2003-01-21,0.0070321212424286905
2003-01-22,0.012782236129754043
2003-01-23,0.014547578663440364
2003-01-24,0.012983969296739284
2003-01-25,0.012983969296739284
2003-01-26,0.012983969296739284
2003-01-27,0.013336856212753823
2003-01-28,0.016829269788303458
2003-01-29,0.01692448790102774
2003-01-30,0.020199582786855963
2003-01-31,0.01833843219290565
2003-02-01,0.018336486727081436
2003-02-02,0.018336486727081436
2003-02-03,0.01774484239126939
2003-02-04,0.018756581703804898
2003-02-05,0.018316515036251868
2003-02-06,0.020131272888213703
2003-02-07,0.020043654534051436
2003-02-08,0.020043654534051436
2003-02-09,0.019931406065069268
2003-02-10,0.020849802436334386
2003-02-11,0.022032245990633692
2003-02-12,0.02305425909564196
2003-02-13,0.022491170934729965
2003-02-14,0.023207778342738905
2003-02-15,0.023158845068221412
2003-02-16,0.023158845068221412
2003-02-17,0.023178553930539803
2003-02-18,0.021831856009563166
2003-02-19,0.024089398790461125
2003-02-20,0.0280759879009147
2003-02-21,0.025809259649333338
2003-02-22,0.025809259649333338
2003-02-23,0.025809259649333338
2003-02-24,0.025111898875658234
2003-02-25,0.023296792118156384
2003-02-26,0.02245102963389156
2003-02-27,0.019634481935145498
2003-02-28,0.019935189605487347
2003-03-01,0.019967000970513293
2003-03-02,0.019812339141970448
2003-03-03,0.01990910933288803
2003-03-04,0.017806948884843576
2003-03-05,0.017943247244671
2003-03-06,0.017800657329646974
2003-03-07,0.017739578681799317
2003-03-08,0.01767168404872521
2003-03-09,0.01767168404872521
2003-03-10,0.017177019233746593
2003-03-11,0.017873678126981485
2003-03-12,0.017646903691362015
2003-03-13,0.01825532078183878
2003-03-14,0.01866679673064131
2003-03-15,0.01866679673064131
2003-03-16,0.01866679673064131
2003-03-17,0.017637473266279624
2003-03-18,0.0168782519338202
2003-03-19,0.016239603852050255
2003-03-20,0.014632382576591274
2003-03-21,0.01398440530633227
2003-03-22,0.01398440530633227
2003-03-23,0.01398440530633227
2003-03-24,0.01390878426071529
2003-03-25,0.016885156439076177
2003-03-26,0.016879664610542022
2003-03-27,0.01746515539696869
2003-03-28,0.017543263465324976
2003-03-29,0.01754998213920156
2003-03-30,0.01754998213920156
2003-03-31,0.01751560202669289
2003-04-01,0.017027214591380124
2003-04-02,0.017091178558919395
2003-04-03,0.01688672945791936
2003-04-04,0.017096653340334056
2003-04-05,0.017096653340334056
2003-04-06,0.017096653340334056
2003-04-07,0.01725277558327698
2003-04-08,0.017282435368114246
2003-04-09,0.017373172597437536
2003-04-10,0.017411966971005777
2003-04-11,0.017295404564896977
2003-04-12,0.017295404564896977
2003-04-13,0.017295404564896977
2003-04-14,0.023107451809949442
2003-04-15,0.02722747682348836
2003-04-16,0.02910954111958275
2003-04-17,0.03266201691393711
2003-04-18,0.03267543815061136
2003-04-19,0.03269217053284246
2003-04-20,0.03269217053284246
2003-04-21,0.03049969205398506
2003-04-22,0.03559754564926809
2003-04-23,0.03143888696592745
2003-04-24,0.03217024656442935
2003-04-25,0.03255502938936705
2003-04-26,0.03255502938936705
2003-04-27,0.032577702996382296
2003-04-28,0.02724833663925086
2003-04-29,0.029073621018002482
2003-04-30,0.031860430015491215
2003-05-01,0.032497216015183295
2003-05-02,0.03262678007952213
2003-05-03,0.03262678007952213
2003-05-04,0.032961189527579426
2003-05-05,0.033165677655399906
2003-05-06,0.028806275053669284
2003-05-07,0.025757405796013932
2003-05-08,0.02585138694786715
2003-05-09,0.025593430286503294
2003-05-10,0.025592020845609076
2003-05-11,0.025592020845609076
2003-05-12,0.025190662726795487
2003-05-13,0.026740717739512476
2003-05-14,0.028407354865994217
2003-05-15,0.027961995853385435
2003-05-16,0.028142467918225167
2003-05-17,0.028142467918225167
2003-05-18,0.028142467918225167
2003-05-19,0.027432007909780953
2003-05-20,0.027151739446307
2003-05-21,0.027588968781786516
2003-05-22,0.026359574533212804
2003-05-23,0.026371897088131924
2003-05-24,0.02637143002963893
2003-05-25,0.02637143002963893
2003-05-26,0.026371972738568505
2003-05-27,0.0263718079215447
2003-05-28,0.027201379790402935
2003-05-29,0.02728200712587503
2003-05-30,0.02718166769976249
2003-05-31,0.027172675455405804
2003-06-01,0.027173815765010545
2003-06-02,0.027172354843194357
2003-06-03,0.027585352240935723
2003-06-04,0.027729993629396432
2003-06-05,0.02717996159898095
2003-06-06,0.02718879981763367
2003-06-07,0.02718879981763367
2003-06-08,0.02718879981763367
2003-06-09,0.02720954791748942
2003-06-10,0.027368197099190583
2003-06-11,0.027690275851813606
2003-06-12,0.028590183935186086
2003-06-13,0.028658754811960563
2003-06-14,0.028658754811960563
2003-06-15,0.028658754811960563
2003-06-16,0.028691713730479407
2003-06-17,0.028536195071901638
2003-06-18,0.028795548895526712
2003-06-19,0.03129579317736608
2003-06-20,0.03129565137602963
2003-06-21,0.03129565137602963
2003-06-22,0.03129565137602963
2003-06-23,0.031154484834503116
2003-06-24,0.031254161572815686
2003-06-25,0.03134802259538416
2003-06-26,0.0317772251497459
2003-06-27,0.03173043124527597
2003-06-28,0.031750568164351956
2003-06-29,0.031750568164351956
2003-06-30,0.03172314938281828
2003-07-01,0.031678961441054865
2003-07-02,0.03177627713857256
2003-07-03,0.03178109305641863
2003-07-04,0.03166782084871378
2003-07-05,0.03166782084871378
2003-07-06,0.03166630214581567
2003-07-07,0.031649123523852074
2003-07-08,0.03106620029381868
2003-07-09,0.032512019812203974
2003-07-10,0.03280480905952898
2003-07-11,0.03245008889641299
2003-07-12,0.03245008889641299
2003-07-13,0.03245008889641299
2003-07-14,0.032440656961605585
2003-07-15,0.03418203063061043
2003-07-16,0.03948877206999679
2003-07-17,0.03965548279127695
2003-07-18,0.0394298107286406
2003-07-19,0.03942270459877717
2003-07-20,0.03942270459877717
2003-07-21,0.04277974515255267
2003-07-22,0.04457280722516366
2003-07-23,0.05365721471482021
2003-07-24,0.05055493035828773
2003-07-25,0.05106769284371704
2003-07-26,0.05106769284371704
2003-07-27,0.05106769284371704
2003-07-28,0.05160248100453524
2003-07-29,0.050961780795627076
2003-07-30,0.05108837075126149
2003-07-31,0.05538156989974774
2003-08-01,0.05517532944147163
2003-08-02,0.055182038766500074
2003-08-03,0.055182038766500074
2003-08-04,0.05618453497140585
2003-08-05,0.05458194840108499
2003-08-06,0.05420372430476439
2003-08-07,0.054787082104609475
2003-08-08,0.05477697892187949
2003-08-09,0.05478843776493392
2003-08-10,0.05478843776493392
2003-08-11,0.05509271698799445
2003-08-12,0.06052454557703957
2003-08-13,0.05764396241509839
2003-08-14,0.05817487985706049
2003-08-15,0.058059498887010674
2003-08-16,0.058059498887010674
2003-08-17,0.05807597712172319
2003-08-18,0.05825303494688017
2003-08-19,0.059006036231481485
2003-08-20,0.05988648343668013
2003-08-21,0.0605663092042692
2003-08-22,0.06064080948417705
2003-08-23,0.06064080948417705
2003-08-24,0.06064080948417705
2003-08-25,0.060765325000886605
2003-08-26,0.06047694917531321
2003-08-27,0.06070048247365922
2003-08-28,0.06053314252518627
2003-08-29,0.060531977352013655
2003-08-30,0.060531977352013655
2003-08-31,0.060531977352013655
2003-09-01,0.060531977352013655
2003-09-02,0.06081683123872361
2003-09-03,0.06106974850590796
2003-09-04,0.060612485391678295
2003-09-05,0.06057596240271357
2003-09-06,0.06057296977987403
2003-09-07,0.06057296977987403
2003-09-08,0.061260012544812614
2003-09-09,0.061350072731814365
2003-09-10,0.06142152116298916
2003-09-11,0.06145734476326781
2003-09-12,0.061925423091459875
2003-09-13,0.06201315823456133
2003-09-14,0.06201315823456133
2003-09-15,0.0620053980843116
2003-09-16,0.06226711187915068
2003-09-17,0.0628598131873137
2003-09-18,0.06329383566782765
2003-09-19,0.06332233814774635
2003-09-20,0.06332233814774635
2003-09-21,0.06332233814774635
2003-09-22,0.06342142107162085
2003-09-23,0.06339920161425683
2003-09-24,0.06381132036221282
2003-09-25,0.06426730478778553
2003-09-26,0.06426160134543735
2003-09-27,0.06426160134543735
2003-09-28,0.06426160134543735
2003-09-29,0.06406581732276861
2003-09-30,0.06601707030849102
2003-10-01,0.06595751102337477
2003-10-02,0.06604022441996804
2003-10-03,0.06619077791545602
2003-10-04,0.06619433759296589
2003-10-05,0.06619433759296589
2003-10-06,0.06627568073995183
2003-10-07,0.06790151377378395
2003-10-08,0.06770623628456618
2003-10-09,0.06775275896634692
2003-10-10,0.06779649076198613
2003-10-11,0.06779649076198613
2003-10-12,0.06779649076198613
2003-10-13,0.06733014969949247
2003-10-14,0.06995973539525457
2003-10-15,0.06540148309967586
2003-10-16,0.05359380425454563
2003-10-17,0.05374040952624237
2003-10-18,0.05374600815102526
2003-10-19,0.05374600815102526
2003-10-20,0.054111523908066506
2003-10-21,0.05985795277677464
2003-10-22,0.062271760381680474
2003-10-23,0.06653833688856348
2003-10-24,0.06632474893852192
2003-10-25,0.0663317610550429
2003-10-26,0.06633595220950061
2003-10-27,0.06727189620902663
2003-10-28,0.06813956278056987
2003-10-29,0.07020781462473669
2003-10-30,0.07037373532631919
2003-10-31,0.07195662948943338
2003-11-01,0.07195662948943338
2003-11-02,0.07195662948943338
2003-11-03,0.07205396128026842
2003-11-04,0.07500954435465257
2003-11-05,0.07931055108262064
2003-11-06,0.08194430691904242
2003-11-07,0.08214758043334114
2003-11-08,0.08214758043334114
2003-11-09,0.08214758043334114
2003-11-10,0.08211876285204567
2003-11-11,0.08245328174282873
2003-11-12,0.08413175472978351
2003-11-13,0.08372077297227598
2003-11-14,0.0847501664427428
2003-11-15,0.08524780686742939
2003-11-16,0.08524780686742939
2003-11-17,0.08676249821821425
2003-11-18,0.08650862981927765
2003-11-19,0.08778455758141424
2003-11-20,0.08669804201709996
2003-11-21,0.08683609411435977
2003-11-22,0.08683609411435977
2003-11-23,0.08683609411435977
2003-11-24,0.08703551096051632
2003-11-25,0.08724257970055316
2003-11-26,0.08711276576162108
2003-11-27,0.08711276576162108
2003-11-28,0.08711163804659816
2003-11-29,0.08711163804659816
2003-11-30,0.08711163804659816
2003-12-01,0.08685358393329201
2003-12-02,0.08710169031824155
2003-12-03,0.08749150675674544
2003-12-04,0.08747973963019917
2003-12-05,0.08778901907903114
2003-12-06,0.08778901907903114
2003-12-07,0.08778901907903114
2003-12-08,0.08801769492592526
2003-12-09,0.08774758915097558
2003-12-10,0.0877845707412519
2003-12-11,0.0883503121211715
2003-12-12,0.08836556004545848
2003-12-13,0.08836556004545848
2003-12-14,0.08836556004545848
2003-12-15,0.09028685123527724
2003-12-16,0.09062850225818231
2003-12-17,0.09071069616520244
2003-12-18,0.09156709451679812
2003-12-19,0.09160794943086303
2003-12-20,0.09160794943086303
2003-12-21,0.09160794943086303
2003-12-22,0.09225469057436975
2003-12-23,0.09323774380182104
2003-12-24,0.09323375749457452
2003-12-25,0.09323375749457452
2003-12-26,0.09323132978488835
2003-12-27,0.09323132978488835
2003-12-28,0.09323132978488835
2003-12-29,0.09322504998411985
2003-12-30,0.09322481321790255
2003-12-31,0.09322481321790255
2004-01-01,0.09322481321790255
2004-01-02,0.09322481321790255
2004-01-03,0.09322481321790255
2004-01-04,0.09322481321790255
2004-01-05,0.09326064038653215
2004-01-06,0.0933098979551632
2004-01-07,0.0932827801848839
2004-01-08,0.09342750271111044
2004-01-09,0.09342931975381163
2004-01-10,0.09342931975381163
2004-01-11,0.09342931975381163
2004-01-12,0.09347923679206427
2004-01-13,0.09349269434335561
2004-01-14,0.09456479532273021
2004-01-15,0.09397952341597704
2004-01-16,0.09402273315042775
2004-01-17,0.09402273315042775
2004-01-18,0.09402273315042775
2004-01-19,0.09399348054231638
2004-01-20,0.09620983184580267
2004-01-21,0.09778472208467304
2004-01-22,0.08698402681195994
2004-01-23,0.08987108524665
2004-01-24,0.08987305226943887
2004-01-25,0.08987708936128458
2004-01-26,0.0931782581141587
2004-01-27,0.09305124296683398
2004-01-28,0.0963097039638614
2004-01-29,0.09259456711246727
2004-01-30,0.09132615268252287
2004-01-31,0.09132615268252287
2004-02-01,0.09132615268252287
2004-02-02,0.09143271860745439
2004-02-03,0.09398276964284125
2004-02-04,0.09956973237615574
2004-02-05,0.09947294492871883
2004-02-06,0.09972669588580718
2004-02-07,0.09972669588580718
2004-02-08,0.09972669588580718
2004-02-09,0.09845716077969668
2004-02-10,0.09884303133667172
2004-02-11,0.10255490362667774
2004-02-12,0.1026761915454677
2004-02-13,0.10223756310204535
2004-02-14,0.10224531760986011
2004-02-15,0.10222681203391915
2004-02-16,0.10232434157771975
2004-02-17,0.10288741267303991
2004-02-18,0.10313751721303643
2004-02-19,0.10893982528990609
2004-02-20,0.10902010498739223
2004-02-21,0.10902010498739223
2004-02-22,0.10902010498739223
2004-02-23,0.10881210297323918
2004-02-24,0.10810275221414312
2004-02-25,0.10871329368011251
2004-02-26,0.10800499815058551
2004-02-27,0.10846905232342707
2004-02-28,0.10846905232342707
2004-02-29,0.10849040863454285
2004-03-01,0.10858758193602225
2004-03-02,0.10963411859913275
2004-03-03,0.11032744905909442
2004-03-04,0.11215322008690198
2004-03-05,0.11217887364646417
2004-03-06,0.11218404664106885
2004-03-07,0.11218404664106885
2004-03-08,0.11243060737005428
2004-03-09,0.11331012134233376
2004-03-10,0.11283810687102624
2004-03-11,0.11253211301112409
2004-03-12,0.11260055871260466
2004-03-13,0.11260055871260466
2004-03-14,0.11260055871260466
2004-03-15,0.11147760143010843
2004-03-16,0.11186189274614944
2004-03-17,0.11208748562038173
2004-03-18,0.11379247261280523
2004-03-19,0.11335808450310525
2004-03-20,0.11335808450310525
2004-03-21,0.11335808450310525
2004-03-22,0.11338285377268287
2004-03-23,0.11394110531477697
2004-03-24,0.11372656448130614
2004-03-25,0.11410054022194749
2004-03-26,0.11575616323281457
2004-03-27,0.11576399889125244
2004-03-28,0.11576399889125244
2004-03-29,0.1156448688524867
2004-03-30,0.11555707510937929
2004-03-31,0.11558719426526776
2004-04-01,0.11562199766379311
2004-04-02,0.11572654623267975
2004-04-03,0.11572654623267975
2004-04-04,0.12008757363598832
2004-04-05,0.12010670518196065
2004-04-06,0.11986232008975772
2004-04-07,0.12143595612819769
2004-04-08,0.12247850671638116
2004-04-09,0.1225145393525453
2004-04-10,0.1225145393525453
2004-04-11,0.1225145393525453
2004-04-12,0.12227243715751346
2004-04-13,0.1237531476368765
2004-04-14,0.12460977568041276
2004-04-15,0.12465367309872666
2004-04-16,0.12392508762039856
2004-04-17,0.12392508762039856
2004-04-18,0.12403538435801975
2004-04-19,0.12324893596040676
2004-04-20,0.12305743720949369
2004-04-21,0.12365867731647717
2004-04-22,0.12253932930782097
2004-04-23,0.11863965450695169
2004-04-24,0.11853275691486553
2004-04-25,0.11853275691486553
2004-04-26,0.11563492380603124
2004-04-27,0.11356772591762243
2004-04-28,0.11256257452399221
2004-04-29,0.114430965013953
2004-04-30,0.11831268928281635
2004-05-01,0.11839999652271027
2004-05-02,0.11804434234358618
2004-05-03,0.11824200563907228
2004-05-04,0.11904943654091271
2004-05-05,0.1203860812183779
2004-05-06,0.1239762295824709
2004-05-07,0.1247406720415758
2004-05-08,0.12472589383359223
2004-05-09,0.12472589383359223
2004-05-10,0.12224875699483273
2004-05-11,0.12347591678080305
2004-05-12,0.12401292923608742
2004-05-13,0.12321891613164482
2004-05-14,0.12328064719185772
2004-05-15,0.12328861169982086
2004-05-16,0.12328861169982086
2004-05-17,0.12250963717407193
2004-05-18,0.1202425825673481
2004-05-19,0.12079771748981916
2004-05-20,0.12028614066720422
2004-05-21,0.1203131997619673
2004-05-22,0.1203131997619673
2004-05-23,0.1203131997619673
2004-05-24,0.12119325073812237
2004-05-25,0.12075719410347441
2004-05-26,0.12137221868157022
2004-05-27,0.12151990776853872
2004-05-28,0.12219231114941342
2004-05-29,0.12219231114941342
2004-05-30,0.12219022490097409
2004-05-31,0.12219160726002554
2004-06-01,0.12211321823567411
2004-06-02,0.12416651131909995
2004-06-03,0.12398069426687508
2004-06-04,0.12398985599284651
2004-06-05,0.12399614404441506
2004-06-06,0.12399614404441506
2004-06-07,0.12400558018938179
2004-06-08,0.12403049170036295
2004-06-09,0.12357671843789597
2004-06-10,0.12349257209949416
2004-06-11,0.1235869117448094
2004-06-12,0.12364383838848614
2004-06-13,0.12364383838848614
2004-06-14,0.1237039661629058
2004-06-15,0.1231700935621769
2004-06-16,0.12381811839474821
2004-06-17,0.12514558086955385
2004-06-18,0.12472948449421573
2004-06-19,0.12472948449421573
2004-06-20,0.12472948449421573
2004-06-21,0.12477969593797189
2004-06-22,0.12454694670634892
2004-06-23,0.12437823470593767
2004-06-24,0.12412516148275965
2004-06-25,0.12409475558195227
2004-06-26,0.12409475558195227
2004-06-27,0.12409475558195227
2004-06-28,0.12410180872966325
2004-06-29,0.12356109767900358
2004-06-30,0.12436804129838896
2004-07-01,0.12362289103375801
2004-07-02,0.12362289103375801
2004-07-03,0.12362289103375801
2004-07-04,0.12362289103375801
2004-07-05,0.12362289103375801
2004-07-06,0.12299082839322706
2004-07-07,0.12300316772511355
2004-07-08,0.12304199854884645
2004-07-09,0.12232593167373706
2004-07-10,0.12232593167373706
2004-07-11,0.12232593167373706
2004-07-12,0.12379412411585311
2004-07-13,0.12498075766488781
2004-07-14,0.12461784387243058
2004-07-15,0.12455813731399101
2004-07-16,0.1253469995781269
2004-07-17,0.1253469995781269
2004-07-18,0.1253469995781269
2004-07-19,0.12515667638201
2004-07-20,0.12598257411955083
2004-07-21,0.12011015055095142
2004-07-22,0.12249945774780113
2004-07-23,0.12178589220295533
2004-07-24,0.12170918881005632
2004-07-25,0.12170918881005632
2004-07-26,0.1263181704199614
2004-07-27,0.1333358292355038
2004-07-28,0.13341375300380998
2004-07-29,0.1352081471253035
2004-07-30,0.13472044444693987
2004-07-31,0.134640523446103
2004-08-01,0.13477492649918288
2004-08-02,0.13336090409068535
2004-08-03,0.12594289865357244
2004-08-04,0.12682632476064293
2004-08-05,0.11817763043048801
2004-08-06,0.11790546586865114
2004-08-07,0.11804385254431415
2004-08-08,0.11804385254431415
2004-08-09,0.1163321508475621
2004-08-10,0.11492510552758439
2004-08-11,0.11474000860640654
2004-08-12,0.11567759939027411
2004-08-13,0.11589525213030827
2004-08-14,0.11589209260122435
2004-08-15,0.11589209260122435
2004-08-16,0.11511008875448092
2004-08-17,0.11728071077537061
2004-08-18,0.11792780038839812
2004-08-19,0.11727119877372161
2004-08-20,0.11720303863827275
2004-08-21,0.11720303863827275
2004-08-22,0.11720303863827275
2004-08-23,0.11735616608796318
2004-08-24,0.11696327187284283
2004-08-25,0.1159294182299
2004-08-26,0.11631301365958491
2004-08-27,0.11629308114613801
2004-08-28,0.11629085782441662
2004-08-29,0.11629085782441662
2004-08-30,0.11626844035449269
2004-08-31,0.11422912124790185
2004-09-01,0.11417472260513128
2004-09-02,0.1121185421773041
2004-09-03,0.11237027738003724
2004-09-04,0.11237027738003724
2004-09-05,0.11237027738003724
2004-09-06,0.11237027738003724
2004-09-07,0.11228975691831011
2004-09-08,0.11139019472442047
2004-09-09,0.11122929999717646
2004-09-10,0.11123096128602894
2004-09-11,0.11123096128602894
2004-09-12,0.11123096128602894
2004-09-13,0.11129514996632128
2004-09-14,0.11099434988351686
2004-09-15,0.1108604265181139
2004-09-16,0.11080570426282921
2004-09-17,0.11062704880054919
2004-09-18,0.11062704880054919
2004-09-19,0.11062704880054919
2004-09-20,0.1101897821675879
2004-09-21,0.11002747306459248
2004-09-22,0.11013619602391556
2004-09-23,0.1099384439405422
2004-09-24,0.11002830705182287
2004-09-25,0.11002830705182287
2004-09-26,0.11002830705182287
2004-09-27,0.10993992417900778
2004-09-28,0.11034877553679268
2004-09-29,0.11066304704110164
2004-09-30,0.11198722129505079
2004-10-01,0.11155792246576635
2004-10-02,0.11153862193355968
2004-10-03,0.11153862193355968
2004-10-04,0.11155550999797548
2004-10-05,0.11123713570702964
2004-10-06,0.11097669584738767
2004-10-07,0.10957858128229159
2004-10-08,0.10956770999111964
2004-10-09,0.10956770999111964
2004-10-10,0.10956770999111964
2004-10-11,0.1095878347731829
2004-10-12,0.10935448614636112
2004-10-13,0.10800796891891085
2004-10-14,0.1095677502031831
2004-10-15,0.109442631087044
2004-10-16,0.109442631087044
2004-10-17,0.109442631087044
2004-10-18,0.10990380017548351
2004-10-19,0.11121169441461132
2004-10-20,0.11972988570769649
2004-10-21,0.1344778063103944
2004-10-22,0.13107992891277886
2004-10-23,0.13107992891277886
2004-10-24,0.13107992891277886
2004-10-25,0.1335587679027581
2004-10-26,0.12238083180255455
2004-10-27,0.12134895873012419
2004-10-28,0.1226620581052229
2004-10-29,0.1231590345058875
2004-10-30,0.1231714235451773
2004-10-31,0.12319624380024319
2004-11-01,0.11846308128529026
2004-11-02,0.11264200549526548
2004-11-03,0.11283179503426233
2004-11-04,0.1100454006416196
2004-11-05,0.1104313802142336
2004-11-06,0.11042954440369113
2004-11-07,0.11044552455261902
2004-11-08,0.1102212126962494
2004-11-09,0.10634933317671202
2004-11-10,0.10560534515079811
2004-11-11,0.10629566875264573
2004-11-12,0.10650539618402166
2004-11-13,0.10651097802180076
2004-11-14,0.10651097802180076
2004-11-15,0.10741237704395767
2004-11-16,0.10732634782541739
2004-11-17,0.11310233362395494
2004-11-18,0.11336950885214003
2004-11-19,0.11338719386702989
2004-11-20,0.11337459096245484
2004-11-21,0.11337459096245484
2004-11-22,0.1126929945501729
2004-11-23,0.11303902597768012
2004-11-24,0.11307784805373688
2004-11-25,0.11305154737599343
2004-11-26,0.11313022803944817
2004-11-27,0.11313022803944817
2004-11-28,0.11313022803944817
2004-11-29,0.11292635552270647
2004-11-30,0.1129607414197642
2004-12-01,0.11238136822296507
2004-12-02,0.11268204652227576
2004-12-03,0.11254123596747378
2004-12-04,0.11254123596747378
2004-12-05,0.11254123596747378
2004-12-06,0.11252613130962752
2004-12-07,0.11246717388258554
2004-12-08,0.11241771268693146
2004-12-09,0.11355703285719776
2004-12-10,0.11340360850818465
2004-12-11,0.11340360850818465
2004-12-12,0.11340360850818465
2004-12-13,0.11272940221625904
2004-12-14,0.11261243436392654
2004-12-15,0.11268462444526373
2004-12-16,0.11193830113931225
2004-12-17,0.11170568398800085
2004-12-18,0.11170568398800085
2004-12-19,0.11170568398800085
2004-12-20,0.11275287598164296
2004-12-21,0.11331591290867982
2004-12-22,0.1127256555409315
2004-12-23,0.11276153552648616
2004-12-24,0.11283621413862854
2004-12-25,0.11283621413862854
2004-12-26,0.11283621413862854
2004-12-27,0.11282094087775896
2004-12-28,0.11280760099931819
2004-12-29,0.11288536626921264
2004-12-30,0.11286069613561422
2004-12-31,0.11286069613561422
2005-01-01,0.11286069613561422
2005-01-02,0.11286069613561422
2005-01-03,0.11277982276740373
2005-01-04,0.11292445209282365
2005-01-05,0.11275089461128274
2005-01-06,0.11381661951206112
2005-01-07,0.11370742445849413
2005-01-08,0.11370742445849413
2005-01-09,0.11370742445849413
2005-01-10,0.11352910607039779
2005-01-11,0.1126994106926853
2005-01-12,0.11341929307675813
2005-01-13,0.11368598546162945
2005-01-14,0.11361984201521746
2005-01-15,0.11361955700901083
2005-01-16,0.11361955700901083
2005-01-17,0.11361955700901083
2005-01-18,0.11198174746206568
2005-01-19,0.11796853952312714
2005-01-20,0.12070543720324833
2005-01-21,0.1223377694338259
2005-01-22,0.1223377694338259
2005-01-23,0.1223377694338259
2005-01-24,0.12273607571518208
2005-01-25,0.12073105789452798
2005-01-26,0.12517675789959037
2005-01-27,0.09927813566331611
2005-01-28,0.10632268891354113
2005-01-29,0.10632268891354113
2005-01-30,0.10632268891354113
2005-01-31,0.1018936817297793
2005-02-01,0.10265927781921658
2005-02-02,0.10468957331693973
2005-02-03,0.10840394604711712
2005-02-04,0.10712670479120656
2005-02-05,0.10712670479120656
2005-02-06,0.10712670479120656
2005-02-07,0.10695083145980178
2005-02-08,0.10333609033586155
2005-02-09,0.1034771966950947
2005-02-10,0.10641963016822453
2005-02-11,0.10668611939371098
2005-02-12,0.10668278175780488
2005-02-13,0.10672029711701336
2005-02-14,0.1065641473951584
2005-02-15,0.10506463204895766
2005-02-16,0.10651187926348715
2005-02-17,0.10469057725766895
2005-02-18,0.10436603856803228
2005-02-19,0.10436603856803228
2005-02-20,0.10436603856803228
2005-02-21,0.10433266223407456
2005-02-22,0.10586220832959237
2005-02-23,0.10399063362613448
2005-02-24,0.09937728748242192
2005-02-25,0.09924412457760323
2005-02-26,0.09924412457760323
2005-02-27,0.09924412457760323
2005-02-28,0.0980685710310869
2005-03-01,0.09801109249425233
2005-03-02,0.09832410645080647
2005-03-03,0.09880771094387386
2005-03-04,0.09896212090707168
2005-03-05,0.09895956564453079
2005-03-06,0.09895956564453079
2005-03-07,0.09917937562893053
2005-03-08,0.09935075479263888
2005-03-09,0.09929016301587112
2005-03-10,0.09972609216718631
2005-03-11,0.09953743818921645
2005-03-12,0.09953743818921645
2005-03-13,0.09956467142752023
2005-03-14,0.10138838138840289
2005-03-15,0.1012547505155803
2005-03-16,0.10083408793709792
2005-03-17,0.10095719455055874
2005-03-18,0.10026814058260691
2005-03-19,0.10026814058260691
2005-03-20,0.10026814058260691
2005-03-21,0.10016197304622576
2005-03-22,0.09948694485437648
2005-03-23,0.09954752201165862
2005-03-24,0.09914267894432927
2005-03-25,0.09911558435613732
2005-03-26,0.09911558435613732
2005-03-27,0.09911558435613732
2005-03-28,0.09895304879853883
2005-03-29,0.09873223280887578
2005-03-30,0.09870855226868858
2005-03-31,0.097738863543128
2005-04-01,0.0982985291237417
2005-04-02,0.09836701504692225
2005-04-03,0.09836701504692225
2005-04-04,0.09836723537914316
2005-04-05,0.09736429584413964
2005-04-06,0.09677399613074367
2005-04-07,0.09743412012364971
2005-04-08,0.09743698288585834
2005-04-09,0.09743698288585834
2005-04-10,0.09743698288585834
2005-04-11,0.09736691199865088
2005-04-12,0.09484070421132729
2005-04-13,0.09489834187472557
2005-04-14,0.09442708831532265
2005-04-15,0.09432535816799548
2005-04-16,0.09432646896299879
2005-04-17,0.09432646896299879
2005-04-18,0.09315970519776351
2005-04-19,0.08565228015240156
2005-04-20,0.08382752324452603
2005-04-21,0.08340915927572445
2005-04-22,0.08257120917585703
2005-04-23,0.08231680423252241
2005-04-24,0.0823046375186458
2005-04-25,0.08147541443871287
2005-04-26,0.08359520448376512
2005-04-27,0.08287011857515436
2005-04-28,0.08227893561227395
2005-04-29,0.0812498330695548
2005-04-30,0.0812498330695548
2005-05-01,0.0812498330695548
2005-05-02,0.08323014035028242
2005-05-03,0.08058977004888424
2005-05-04,0.08366666752229457
2005-05-05,0.08362432542536258
2005-05-06,0.08366961265695716
2005-05-07,0.08369671489801522
2005-05-08,0.08367643321481633
2005-05-09,0.08602066724819757
2005-05-10,0.0839286001471562
2005-05-11,0.0842724190070967
2005-05-12,0.08407800041794133
2005-05-13,0.0843880952577416
2005-05-14,0.08444709342896206
2005-05-15,0.08444709342896206
2005-05-16,0.085171718062232
2005-05-17,0.08336126853384274
2005-05-18,0.08354250624625204
2005-05-19,0.08335098916725059
2005-05-20,0.08334739099954969
2005-05-21,0.08334739099954969
2005-05-22,0.08334739099954969
2005-05-23,0.08349344855263885
2005-05-24,0.08295294843379053
2005-05-25,0.0823111509994161
2005-05-26,0.08060075545940504
2005-05-27,0.08066196890519484
2005-05-28,0.08066196890519484
2005-05-29,0.08066196890519484
2005-05-30,0.08066196890519484
2005-05-31,0.07940545699078116
2005-06-01,0.07945502183426312
2005-06-02,0.07963124236457397
2005-06-03,0.07934015481403622
2005-06-04,0.07934082575178114
2005-06-05,0.07934082575178114
2005-06-06,0.07937261997263012
2005-06-07,0.0762855745312303
2005-06-08,0.07664877817511151
2005-06-09,0.07684548290280846
2005-06-10,0.07713705166694673
2005-06-11,0.0771371074080629
2005-06-12,0.0771371074080629
2005-06-13,0.07765411035586722
2005-06-14,0.07769099593247253
2005-06-15,0.07757554333538663
2005-06-16,0.07781022145943384
2005-06-17,0.07808592686932392
2005-06-18,0.07808592686932392
2005-06-19,0.07808592686932392
2005-06-20,0.07800013954734353
2005-06-21,0.07783888684149964
2005-06-22,0.07787443725102561
2005-06-23,0.07818899801721702
2005-06-24,0.07819383041497585
2005-06-25,0.07819383041497585
2005-06-26,0.07819383041497585
2005-06-27,0.07792394556863891
2005-06-28,0.07797842965388924
2005-06-29,0.06965574628526072
2005-06-30,0.0709578833924156
2005-07-01,0.0709458028308867
2005-07-02,0.0709458028308867
2005-07-03,0.0709458028308867
2005-07-04,0.0709458028308867
2005-07-05,0.0709606822778659
2005-07-06,0.07081747234375824
2005-07-07,0.07015361157533939
2005-07-08,0.07016206682197312
2005-07-09,0.07016206682197312
2005-07-10,0.07016206682197312
2005-07-11,0.07052970957975413
2005-07-12,0.07021006381439565
2005-07-13,0.0716398374181717
2005-07-14,0.07183193476002314
2005-07-15,0.07153598218336077
2005-07-16,0.07154022493400958
2005-07-17,0.07162213843433052
2005-07-18,0.07172693133380759
2005-07-19,0.0722862426974511
2005-07-20,0.06666490313293139
2005-07-21,0.0634747055524878
2005-07-22,0.05759805607856028
2005-07-23,0.05759805607856028
2005-07-24,0.05759805607856028
2005-07-25,0.06001954247811536
2005-07-26,0.056990551771140874
2005-07-27,0.055164150909470466
2005-07-28,0.04696940004699557
2005-07-29,0.04825683791525193
2005-07-30,0.04687076688026792
2005-07-31,0.04687076688026792
2005-08-01,0.046856094565236095
2005-08-02,0.047044182672845825
2005-08-03,0.04449806955516067
2005-08-04,0.047839444924260954
2005-08-05,0.049066158465954635
2005-08-06,0.04907309563848172
2005-08-07,0.048952099960040574
2005-08-08,0.04766946128768046
2005-08-09,0.053014375233101374
2005-08-10,0.05446925051282259
2005-08-11,0.055149908570561346
2005-08-12,0.055393481432145286
2005-08-13,0.05541654622082648
2005-08-14,0.05541654622082648
2005-08-15,0.05669983425244429
2005-08-16,0.05348326309680673
2005-08-17,0.052338920695005564
2005-08-18,0.05142920198180789
2005-08-19,0.05126275066174224
2005-08-20,0.05126275066174224
2005-08-21,0.05126275066174224
2005-08-22,0.051147218602748845
2005-08-23,0.051032045225474665
2005-08-24,0.051057763080881946
2005-08-25,0.0499565196491607
2005-08-26,0.04993642913735852
2005-08-27,0.04993642913735852
2005-08-28,0.04993642913735852
2005-08-29,0.04978033837977569
2005-08-30,0.04984859723580648
2005-08-31,0.049844560331745225
2005-09-01,0.050020176738267086
2005-09-02,0.04996708520144644
2005-09-03,0.04996708520144644
2005-09-04,0.04996708520144644
2005-09-05,0.04996708520144644
2005-09-06,0.049861695034455034
2005-09-07,0.05228295347674905
2005-09-08,0.052364085008369976
2005-09-09,0.05237972726032458
2005-09-10,0.05237972726032458
2005-09-11,0.05237972726032458
2005-09-12,0.05229246489892381
2005-09-13,0.0526880031468544
2005-09-14,0.052621004564790796
2005-09-15,0.05298492935357224
2005-09-16,0.053067365556506596
2005-09-17,0.05306436629811495
2005-09-18,0.05306436629811495
2005-09-19,0.05299896902929868
2005-09-20,0.05298412171754063
2005-09-21,0.05367280338967029
2005-09-22,0.05373307071727851
2005-09-23,0.053745235636360134
2005-09-24,0.053745235636360134
2005-09-25,0.05374515327862506
2005-09-26,0.05364291552628564
2005-09-27,0.05363510205135502
2005-09-28,0.053662025036868455
2005-09-29,0.05304117646097195
2005-09-30,0.05191612944636881
2005-10-01,0.0516069867352531
2005-10-02,0.0516069867352531
2005-10-03,0.05162267731867476
2005-10-04,0.051629231121437025
2005-10-05,0.0513277011466482
2005-10-06,0.05164520243858162
2005-10-07,0.05172972239848739
2005-10-08,0.05172972239848739
2005-10-09,0.05172972239848739
2005-10-10,0.052400078553559215
2005-10-11,0.05255752375362155
2005-10-12,0.053390622772966356
2005-10-13,0.05343887069195907
2005-10-14,0.05382651348393641
2005-10-15,0.05382550940496911
2005-10-16,0.05382550940496911
2005-10-17,0.05545355270403696
2005-10-18,0.04622841853820847
2005-10-19,0.04690038587231937
2005-10-20,0.048595551242709645
2005-10-21,0.04805156545429812
2005-10-22,0.048075340039772874
2005-10-23,0.04807369544221585
2005-10-24,0.04912164821470233
2005-10-25,0.04561993042892487
2005-10-26,0.05041011228390313
2005-10-27,0.048066304555478334
2005-10-28,0.04461267203252173
2005-10-29,0.04461267203252173
2005-10-30,0.04464371916037524
2005-10-31,0.04498661503178103
2005-11-01,0.04388141721079486
2005-11-02,0.044861877980986176
2005-11-03,0.050437380148028454
2005-11-04,0.05347491843813712
2005-11-05,0.05347334539416693
2005-11-06,0.05347334539416693
2005-11-07,0.05237000087154087
2005-11-08,0.049355154532859435
2005-11-09,0.05459552140978752
2005-11-10,0.05423480774328504
2005-11-11,0.05439205723122997
2005-11-12,0.05439205723122997
2005-11-13,0.05439205723122997
2005-11-14,0.05505098174368217
2005-11-15,0.05286454594712664
2005-11-16,0.04955771491621075
2005-11-17,0.047303256466790344
2005-11-18,0.04711502287500435
2005-11-19,0.04711502287500435
2005-11-20,0.04711502287500435
2005-11-21,0.04739970275496419
2005-11-22,0.046757939926654446
2005-11-23,0.048247221196327406
2005-11-24,0.048247221196327406
2005-11-25,0.04824544992669488
2005-11-26,0.04824544992669488
2005-11-27,0.04824544992669488
2005-11-28,0.04781962078728452
2005-11-29,0.04774946714519546
2005-11-30,0.04815543522575161
2005-12-01,0.048057881183823925
2005-12-02,0.04812878043609836
2005-12-03,0.04812878043609836
2005-12-04,0.04812878043609836
2005-12-05,0.04823767754752173
2005-12-06,0.04753596776055424
2005-12-07,0.04750613019490668
2005-12-08,0.046932264590028305
2005-12-09,0.04691338660137356
2005-12-10,0.04691338660137356
2005-12-11,0.04691338660137356
2005-12-12,0.0468114026947104
2005-12-13,0.04635110013876398
2005-12-14,0.046310974566288854
2005-12-15,0.04576901172913361
2005-12-16,0.045319336520117215
2005-12-17,0.045319336520117215
2005-12-18,0.045319336520117215
2005-12-19,0.04527908163323069
2005-12-20,0.04509781418000114
2005-12-21,0.04515962052152522
2005-12-22,0.04393738508861156
2005-12-23,0.043960742254052665
2005-12-24,0.043960742254052665
2005-12-25,0.043960742254052665
2005-12-26,0.043960742254052665
2005-12-27,0.043960323612103114
2005-12-28,0.04395939579710628
2005-12-29,0.04398083243761697
2005-12-30,0.04389296148228561
2005-12-31,0.04396490894246119
2006-01-01,0.04396490894246119
2006-01-02,0.04396490894246119
2006-01-03,0.04381447597438237
2006-01-04,0.04389140456899354
2006-01-05,0.04196228150578629
2006-01-06,0.04202841535915125
2006-01-07,0.04202841535915125
2006-01-08,0.04203737670034324
2006-01-09,0.04271743076443224
2006-01-10,0.04209749256554729
2006-01-11,0.04208582867374533
2006-01-12,0.04184144915810384
2006-01-13,0.041831784609431155
2006-01-14,0.041831784609431155
2006-01-15,0.041831784609431155
2006-01-16,0.041836893656815866
2006-01-17,0.04238577154584422
2006-01-18,0.041196165483012415
2006-01-19,0.045207120021234726
2006-01-20,0.0446634752843178
2006-01-21,0.0446634752843178
2006-01-22,0.0446634752843178
2006-01-23,0.042845069633808075
2006-01-24,0.041586519110401454
2006-01-25,0.0399403863303347
2006-01-26,0.05804431286765932
2006-01-27,0.05691807765532442
2006-01-28,0.056590999937135456
2006-01-29,0.056590999937135456
2006-01-30,0.055712822366608794
2006-01-31,0.05668618007705817
2006-02-01,0.053510983510308474
2006-02-02,0.05263946614258197
2006-02-03,0.0525776104448723
2006-02-04,0.052969097115465935
2006-02-05,0.052969097115465935
2006-02-06,0.05482213167258121
2006-02-07,0.05536450435739404
2006-02-08,0.05441273747042752
2006-02-09,0.0535630012949464
2006-02-10,0.05346918511886667
2006-02-11,0.05346918511886667
2006-02-12,0.05346918511886667
2006-02-13,0.05324068864091469
2006-02-14,0.05355168887455641
2006-02-15,0.04846786405905368
2006-02-16,0.044690107904185705
2006-02-17,0.04575776614061988
2006-02-18,0.04575736886498283
2006-02-19,0.04575736886498283
2006-02-20,0.04555673936582316
2006-02-21,0.047410389215569504
2006-02-22,0.04243295451377427
2006-02-23,0.04409078884424211
2006-02-24,0.04423209809925632
2006-02-25,0.04423209809925632
2006-02-26,0.04423209809925632
2006-02-27,0.04337293450844215
2006-02-28,0.04243807283587464
2006-03-01,0.04097151834544066
2006-03-02,0.040101897319605895
2006-03-03,0.040205747749552545
2006-03-04,0.04020742776047914
2006-03-05,0.040285145625122976
2006-03-06,0.0402521946918013
2006-03-07,0.039300854258994544
2006-03-08,0.039936565529957724
2006-03-09,0.03981105512431338
2006-03-10,0.03896233954285222
2006-03-11,0.03896233954285222
2006-03-12,0.03896233954285222
2006-03-13,0.03825660257134289
2006-03-14,0.038116620054879924
2006-03-15,0.03865988911640872
2006-03-16,0.03864035894214579
2006-03-17,0.038699623670760186
2006-03-18,0.038699623670760186
2006-03-19,0.03880561256242965
2006-03-20,0.03886933490990252
2006-03-21,0.0388504798306204
2006-03-22,0.04089341672080793
2006-03-23,0.04076571203746693
2006-03-24,0.04075600454103889
2006-03-25,0.04075600454103889
2006-03-26,0.040753476855444504
2006-03-27,0.04076846171462001
2006-03-28,0.04056322772003762
2006-03-29,0.04044757456165016
2006-03-30,0.04002503964155535
2006-03-31,0.039102802937451164
2006-04-01,0.03927855595599716
2006-04-02,0.03927855595599716
2006-04-03,0.039287524168498456
2006-04-04,0.039156661073299404
2006-04-05,0.03867559721449276
2006-04-06,0.037822751288947964
2006-04-07,0.037909823839721524
2006-04-08,0.037909823839721524
2006-04-09,0.03791040420716496
2006-04-10,0.03896297797352788
2006-04-11,0.038356316872378615
2006-04-12,0.03889038661222388
2006-04-13,0.038727053050007676
2006-04-14,0.03889314314466685
2006-04-15,0.038888093501235454
2006-04-16,0.038888093501235454
2006-04-17,0.03793549691639608
2006-04-18,0.03792386659055613
2006-04-19,0.04038578092182088
2006-04-20,0.03899023734812279
2006-04-21,0.042352282618380865
2006-04-22,0.042352282618380865
2006-04-23,0.042352282618380865
2006-04-24,0.045188039221599974
2006-04-25,0.04493084787825796
2006-04-26,0.0416236427637513
2006-04-27,0.03441761879155214
2006-04-28,0.033591472318931004
2006-04-29,0.033600955648950936
2006-04-30,0.033600955648950936
2006-05-01,0.03503105704442033
2006-05-02,0.0331656412079302
2006-05-03,0.03277643953685572
2006-05-04,0.034164741267639354
2006-05-05,0.03426625162542529
2006-05-06,0.03430369613648665
2006-05-07,0.03430369613648665
2006-05-08,0.034882245246231625
2006-05-09,0.03963420843411303
2006-05-10,0.037072054016795475
2006-05-11,0.03856124339135647
2006-05-12,0.03809181364211578
2006-05-13,0.03813331635484163
2006-05-14,0.03813331635484163
2006-05-15,0.03660346846543905
2006-05-16,0.037871933614934905
2006-05-17,0.038249143180275835
2006-05-18,0.038611731964909524
2006-05-19,0.0385896298582471
2006-05-20,0.03865815936407557
2006-05-21,0.03865815936407557
2006-05-22,0.03775662326943974
2006-05-23,0.039743005479367044
2006-05-24,0.039895996454147875
2006-05-25,0.039924723944179785
2006-05-26,0.04004391164957277
2006-05-27,0.04004391164957277
2006-05-28,0.04004391164957277
2006-05-29,0.04004470770431534
2006-05-30,0.03998275829022502
2006-05-31,0.03894136918238722
2006-06-01,0.03958900754342998
2006-06-02,0.039585198654588316
2006-06-03,0.039585198654588316
2006-06-04,0.039585198654588316
2006-06-05,0.04042037135257659
2006-06-06,0.04046365970072352
2006-06-07,0.04034318013984306
2006-06-08,0.03984166251147325
2006-06-09,0.03979750092546008
2006-06-10,0.03979736108998688
2006-06-11,0.03979736108998688
2006-06-12,0.03984116700913787
2006-06-13,0.03942050065070646
2006-06-14,0.039536833929309845
2006-06-15,0.03916300619211133
2006-06-16,0.039239443055971934
2006-06-17,0.039239443055971934
2006-06-18,0.039239443055971934
2006-06-19,0.039434094952680576
2006-06-20,0.039484209039947205
2006-06-21,0.03904911385332732
2006-06-22,0.050565070287928116
2006-06-23,0.05031744315450215
2006-06-24,0.050329655972802145
2006-06-25,0.050329655972802145
2006-06-26,0.05060294637408336
2006-06-27,0.05032646199236712
2006-06-28,0.04985422096303993
2006-06-29,0.052238162150776146
2006-06-30,0.05250888881658056
2006-07-01,0.05250888881658056
2006-07-02,0.05250888881658056
2006-07-03,0.05250888881658056
2006-07-04,0.05250888881658056
2006-07-05,0.05250888881658056
2006-07-06,0.052460909051059046
2006-07-07,0.05260660346764601
2006-07-08,0.05260660346764601
2006-07-09,0.05260660346764601
2006-07-10,0.05214899369347403
2006-07-11,0.05200683566297015
2006-07-12,0.05167843560394281
2006-07-13,0.05201522153490501
2006-07-14,0.051066341214129896
2006-07-15,0.051069036127812106
2006-07-16,0.051069036127812106
2006-07-17,0.05230679741441713
2006-07-18,0.046840661629902636
2006-07-19,0.04420115017480297
2006-07-20,0.04477274693053501
2006-07-21,0.04553802485786784
2006-07-22,0.045527497633389924
2006-07-23,0.045527497633389924
2006-07-24,0.04554829101737723
2006-07-25,0.049224854835841825
2006-07-26,0.04963049245507678
2006-07-27,0.055125631120547025
2006-07-28,0.054023228167769055
2006-07-29,0.05403820536561188
2006-07-30,0.05403820536561188
2006-07-31,0.0505227376575641
2006-08-01,0.05477291199516143
2006-08-02,0.055386052245135264
2006-08-03,0.057919851142025136
2006-08-04,0.055881869630890924
2006-08-05,0.055881869630890924
2006-08-06,0.05574872230198191
2006-08-07,0.056422723251855045
2006-08-08,0.05324116473460738
2006-08-09,0.05273063809378753
2006-08-10,0.05375764625177881
2006-08-11,0.053531639980303414
2006-08-12,0.05354980788455799
2006-08-13,0.05355431310287262
2006-08-14,0.05394601968765422
2006-08-15,0.05250336328421601
2006-08-16,0.05384233740072775
2006-08-17,0.05426634809406061
2006-08-18,0.05431451297428658
2006-08-19,0.05431451297428658
2006-08-20,0.05431451297428658
2006-08-21,0.05386286068970847
2006-08-22,0.05453805806018819
2006-08-23,0.05463397114815405
2006-08-24,0.05483816225369531
2006-08-25,0.05499185520712513
2006-08-26,0.05499185520712513
2006-08-27,0.05499185520712513
2006-08-28,0.05494226494653498
2006-08-29,0.05493605063521412
2006-08-30,0.05541930431354336
2006-08-31,0.05483583637873424
2006-09-01,0.054996753330315284
2006-09-02,0.054996753330315284
2006-09-03,0.054996753330315284
2006-09-04,0.054996753330315284
2006-09-05,0.05496130858369108
2006-09-06,0.05510253529747189
2006-09-07,0.05507719775228681
2006-09-08,0.05507877695424823
2006-09-09,0.05507355161972027
2006-09-10,0.05507355161972027
2006-09-11,0.05529239520946194
2006-09-12,0.055048991969572025
2006-09-13,0.055104638640395054
2006-09-14,0.05500969422225821
2006-09-15,0.055003216095089735
2006-09-16,0.055003216095089735
2006-09-17,0.055003216095089735
2006-09-18,0.05496958096655469
2006-09-19,0.054643100228284336
2006-09-20,0.05464681256801951
2006-09-21,0.05479112074706194
2006-09-22,0.05478639323211132
2006-09-23,0.05478639323211132
2006-09-24,0.05478639323211132
2006-09-25,0.0546558641955015
2006-09-26,0.05446695355616016
2006-09-27,0.05447150480646834
2006-09-28,0.05504999223728757
2006-09-29,0.05519707291482168
2006-09-30,0.05519707291482168
2006-10-01,0.05519707291482168
2006-10-02,0.055178522015709275
2006-10-03,0.0550452835333517
2006-10-04,0.05517661682370667
2006-10-05,0.05560763436698113
2006-10-06,0.055594764970870125
2006-10-07,0.05553423927584711
2006-10-08,0.05553423927584711
2006-10-09,0.05552771266340084
2006-10-10,0.0543029236801198
2006-10-11,0.054571821451000035
2006-10-12,0.055575275735928686
2006-10-13,0.055580134638568035
2006-10-14,0.05557908214841745
2006-10-15,0.05557908214841745
2006-10-16,0.054624398258222184
2006-10-17,0.055436935408187615
2006-10-18,0.0564086479967536
2006-10-19,0.054188866471193586
2006-10-20,0.0570082966934049
2006-10-21,0.056120233008889686
2006-10-22,0.05622714898272996
2006-10-23,0.054507943543828485
2006-10-24,0.05403217968226137
2006-10-25,0.05368181384577264
2006-10-26,0.04792849789634768
2006-10-27,0.04981382261598655
2006-10-28,0.04996211038115139
2006-10-29,0.04996211038115139
2006-10-30,0.04877885858710829
2006-10-31,0.04356931442502221
2006-11-01,0.04372184467434592
2006-11-02,0.042605537442081065
2006-11-03,0.04396065731928567
2006-11-04,0.04393038874353117
2006-11-05,0.04393038874353117
2006-11-06,0.04317412404128662
2006-11-07,0.04516347413839239
2006-11-08,0.040651536017206835
2006-11-09,0.043473315081037134
2006-11-10,0.042756752763418726
2006-11-11,0.042756752763418726
2006-11-12,0.042756752763418726
2006-11-13,0.04181364556421663
2006-11-14,0.04156463396228083
2006-11-15,0.04194962102168032
2006-11-16,0.04500706030571466
2006-11-17,0.04491362520557307
2006-11-18,0.04491362520557307
2006-11-19,0.04491362520557307
2006-11-20,0.04474177444664851
2006-11-21,0.045842060593293654
2006-11-22,0.04569084793088085
2006-11-23,0.045689371361100184
2006-11-24,0.045689371361100184
2006-11-25,0.045689371361100184
2006-11-26,0.045689371361100184
2006-11-27,0.045986281624420755
2006-11-28,0.04615694386892111
2006-11-29,0.045936641389222155
2006-11-30,0.04639683910534731
2006-12-01,0.04656022601936627
2006-12-02,0.04656022601936627
2006-12-03,0.04656022601936627
2006-12-04,0.0465435159251979
2006-12-05,0.04676717230515837
2006-12-06,0.046890691263779205
2006-12-07,0.04694916850548991
2006-12-08,0.04691454809034479
2006-12-09,0.04691454809034479
2006-12-10,0.04691454809034479
2006-12-11,0.04686420323931162
2006-12-12,0.04712084414155737
2006-12-13,0.04753853262188534
2006-12-14,0.047493519184018895
2006-12-15,0.047362704277110534
2006-12-16,0.04735906233837972
2006-12-17,0.04735906233837972
2006-12-18,0.04799817094253789
2006-12-19,0.048204209128000164
2006-12-20,0.04850856592749753
2006-12-21,0.050282065620724126
2006-12-22,0.05075515765486038
2006-12-23,0.050756387660192415
2006-12-24,0.050756387660192415
2006-12-25,0.050756387660192415
2006-12-26,0.050756387660192415
2006-12-27,0.0507570263840289
2006-12-28,0.050755695961864244
2006-12-29,0.05067284721096588
2006-12-30,0.05067284721096588
2006-12-31,0.05067284721096588
2007-01-01,0.05067284721096588
2007-01-02,0.05067284721096588
2007-01-03,0.05076666536490926
2007-01-04,0.05082906774281337
2007-01-05,0.05079627068628323
2007-01-06,0.050791500469697715
2007-01-07,0.050791500469697715
2007-01-08,0.05075938872757302
2007-01-09,0.0517783324140173
2007-01-10,0.052867543986903964
2007-01-11,0.052887332570743295
2007-01-12,0.052874947840079844
2007-01-13,0.052874947840079844
2007-01-14,0.052874947840079844
2007-01-15,0.05287418361301577
2007-01-16,0.054576795707482084
2007-01-17,0.05577666190905073
2007-01-18,0.054092288557310075
2007-01-19,0.0512597822529004
2007-01-20,0.05126250471285676
2007-01-21,0.05126250471285676
2007-01-22,0.054214345661212526
2007-01-23,0.042477876753507005
2007-01-24,0.04169968569977822
2007-01-25,0.04270007140931287
2007-01-26,0.042160073389199804
2007-01-27,0.042130223319669424
2007-01-28,0.04214126777325444
2007-01-29,0.044444121878595144
2007-01-30,0.039248043468074645
2007-01-31,0.039456348058801494
2007-02-01,0.044276738875430155
2007-02-02,0.042799878451655005
2007-02-03,0.042799878451655005
2007-02-04,0.042799878451655005
2007-02-05,0.04459136601405822
2007-02-06,0.04476806218469487
2007-02-07,0.04684046653210894
2007-02-08,0.0511541392750956
2007-02-09,0.05115358934463776
2007-02-10,0.05117320912559631
2007-02-11,0.05146877814454265
2007-02-12,0.05232908394993552
2007-02-13,0.05345281027840554
2007-02-14,0.05424298052671239
2007-02-15,0.05405573135272901
2007-02-16,0.056076630523736126
2007-02-17,0.05607621800033069
2007-02-18,0.05607621800033069
2007-02-19,0.05551144811463948
2007-02-20,0.05213867865176769
2007-02-21,0.05344427624729953
2007-02-22,0.05389361547547633
2007-02-23,0.05531054367881105
2007-02-24,0.05531054367881105
2007-02-25,0.05531054367881105
2007-02-26,0.055159326163060074
2007-02-27,0.05223453287933544
2007-02-28,0.0509691977065192
2007-03-01,0.05285599654611706
2007-03-02,0.052986125819413754
2007-03-03,0.05298929044060219
2007-03-04,0.05298929044060219
2007-03-05,0.05303776996137377
2007-03-06,0.052747745162826654
2007-03-07,0.052215645502155406
2007-03-08,0.05289369199747318
2007-03-09,0.053600991496784545
2007-03-10,0.053600991496784545
2007-03-11,0.053600991496784545
2007-03-12,0.05429076137179978
2007-03-13,0.054331865207028596
2007-03-14,0.05450415144969334
2007-03-15,0.05400804871410125
2007-03-16,0.05548589395790482
2007-03-17,0.0554877723137035
2007-03-18,0.0554877723137035
2007-03-19,0.05555931177526885
2007-03-20,0.0494781911128348
2007-03-21,0.0492680121929685
2007-03-22,0.04972371041646273
2007-03-23,0.04974937433405313
2007-03-24,0.04974937433405313
2007-03-25,0.04974937433405313
2007-03-26,0.04989623518229047
2007-03-27,0.0499899501644161
2007-03-28,0.05008358418105985
2007-03-29,0.04992486153110853
2007-03-30,0.05002783872839078
2007-03-31,0.05002783872839078
2007-04-01,0.05002783872839078
2007-04-02,0.050348138865405234
2007-04-03,0.05029586890961868
2007-04-04,0.05048899625228187
2007-04-05,0.05016521117636552
2007-04-06,0.05018145073288394
2007-04-07,0.05018145073288394
2007-04-08,0.05018145073288394
2007-04-09,0.05048124291620448
2007-04-10,0.05081700791556232
2007-04-11,0.05154604000841112
2007-04-12,0.05184493164384696
2007-04-13,0.052005429737208786
2007-04-14,0.052005429737208786
2007-04-15,0.052005429737208786
2007-04-16,0.051716291781876755
2007-04-17,0.06103185756449414
2007-04-18,0.05486134491456163
2007-04-19,0.055378076382939234
2007-04-20,0.053656351842990446
2007-04-21,0.053656351842990446
2007-04-22,0.053656351842990446
2007-04-23,0.054860621829258216
2007-04-24,0.05395425349813987
2007-04-25,0.05904404360177473
2007-04-26,0.05928638877663506
2007-04-27,0.05805214837491146
2007-04-28,0.05811358327712646
2007-04-29,0.05811358327712646
2007-04-30,0.05945907855573118
2007-05-01,0.06103418486675394
2007-05-02,0.06550825453449383
2007-05-03,0.06214540803467128
2007-05-04,0.06255286600572973
2007-05-05,0.06252493982808671
2007-05-06,0.06252493982808671
2007-05-07,0.06152196829991463
2007-05-08,0.05836650109538355
2007-05-09,0.060116791569841066
2007-05-10,0.06052675321732992
2007-05-11,0.06118352779143188
2007-05-12,0.061332248595144856
2007-05-13,0.061332248595144856
2007-05-14,0.06140949665205597
2007-05-15,0.06239685374932247
2007-05-16,0.06067582795451276
2007-05-17,0.06243525783563286
2007-05-18,0.06245979077187802
2007-05-19,0.06246060472370463
2007-05-20,0.06246060472370463
2007-05-21,0.06216437161069677
2007-05-22,0.059918393973431794
2007-05-23,0.06135084270730373
2007-05-24,0.06144682929144274
2007-05-25,0.06177217458701589
2007-05-26,0.06180605554599117
2007-05-27,0.06180605554599117
2007-05-28,0.06179230015429149
2007-05-29,0.06224445456724781
2007-05-30,0.062411968691937325
2007-05-31,0.06661920198034865
2007-06-01,0.06662016435627294
2007-06-02,0.06662016435627294
2007-06-03,0.06662016435627294
2007-06-04,0.06722529936118482
2007-06-05,0.06714402214878645
2007-06-06,0.0671690298084413
2007-06-07,0.06731221371273777
2007-06-08,0.06745876535002049
2007-06-09,0.06745876535002049
2007-06-10,0.0674513093817315
2007-06-11,0.06740089824057405
2007-06-12,0.06743269554288345
2007-06-13,0.06682398333909778
2007-06-14,0.06704941748973758
2007-06-15,0.06706721070777788
2007-06-16,0.06706721070777788
2007-06-17,0.06706721070777788
2007-06-18,0.0670788371895299
2007-06-19,0.0676611639141349
2007-06-20,0.06763195247021447
2007-06-21,0.0676100571780589
2007-06-22,0.0676100498569916
2007-06-23,0.0676100498569916
2007-06-24,0.06761550061518617
2007-06-25,0.06734387312132228
2007-06-26,0.06704725920793697
2007-06-27,0.0669837967081588
2007-06-28,0.06624196676662386
2007-06-29,0.0660900127237245
2007-06-30,0.06608153010406648
2007-07-01,0.06608153010406648
2007-07-02,0.06544527785958398
2007-07-03,0.06543568267091815
2007-07-04,0.06543568267091815
2007-07-05,0.06539187732907692
2007-07-06,0.06528554771901018
2007-07-07,0.06529874257998469
2007-07-08,0.06529874257998469
2007-07-09,0.0655285678422779
2007-07-10,0.0650483782775122
2007-07-11,0.0659195613217789
2007-07-12,0.06585453984147072
2007-07-13,0.06585705103483641
2007-07-14,0.06585705103483641
2007-07-15,0.06585990066802516
2007-07-16,0.0661302491785618
2007-07-17,0.07568034095225906
2007-07-18,0.0679316614496277
2007-07-19,0.06470652557005119
2007-07-20,0.06650904396286461
2007-07-21,0.06650904396286461
2007-07-22,0.06654965726847206
2007-07-23,0.06537744418784852
2007-07-24,0.06385083050961837
2007-07-25,0.06541711317375642
2007-07-26,0.06824005524178434
2007-07-27,0.06987296417702704
2007-07-28,0.07004994366366524
2007-07-29,0.07004994366366524
2007-07-30,0.0694304413417024
2007-07-31,0.07239350927741217
2007-08-01,0.0745281806839051
2007-08-02,0.08339078518492982
2007-08-03,0.08125482815763552
2007-08-04,0.0811731305761112
2007-08-05,0.0811731305761112
2007-08-06,0.08067219893582656
2007-08-07,0.07678277476319173
2007-08-08,0.07824954900807857
2007-08-09,0.08033616485450512
2007-08-10,0.07838847666782978
2007-08-11,0.07836668089548904
2007-08-12,0.07836668089548904
2007-08-13,0.07849769634340431
2007-08-14,0.08056112396193349
2007-08-15,0.08055148908163301
2007-08-16,0.08229634538781783
2007-08-17,0.08242462249142046
2007-08-18,0.08242462249142046
2007-08-19,0.08242462249142046
2007-08-20,0.0820618773714965
2007-08-21,0.08156779709196993
2007-08-22,0.08229783201926621
2007-08-23,0.08248543407899311
2007-08-24,0.08204708640234903
2007-08-25,0.08203853343508083
2007-08-26,0.08203853343508083
2007-08-27,0.08218077375838884
2007-08-28,0.08211186191802589
2007-08-29,0.0822804525965366
2007-08-30,0.08368292364668806
2007-08-31,0.08345926041722462
2007-09-01,0.08342892655125222
2007-09-02,0.08342892655125222
2007-09-03,0.08342892655125222
2007-09-04,0.0834883849121193
2007-09-05,0.08352238565952619
2007-09-06,0.08310948571602661
2007-09-07,0.0831044378983572
2007-09-08,0.08313411464118015
2007-09-09,0.08313411464118015
2007-09-10,0.08315437569325712
2007-09-11,0.08318388463198123
2007-09-12,0.08340442859847186
2007-09-13,0.08340783329941925
2007-09-14,0.08359029391231432
2007-09-15,0.08359659321576829
2007-09-16,0.08361310400065514
2007-09-17,0.08300609344762999
2007-09-18,0.08289676779825572
2007-09-19,0.08297150731494374
2007-09-20,0.0846581424116486
2007-09-21,0.08449619529635499
2007-09-22,0.08448491232520916
2007-09-23,0.08448491232520916
2007-09-24,0.08436338253466302
2007-09-25,0.0844381097492628
2007-09-26,0.08389609039286028
2007-09-27,0.08465900566475115
2007-09-28,0.08488444918159765
2007-09-29,0.08488444918159765
2007-09-30,0.08488444918159765
2007-10-01,0.0843514337453779
2007-10-02,0.08387940547538775
2007-10-03,0.08352056570353916
2007-10-04,0.08340354849431031
2007-10-05,0.08371940034967373
2007-10-06,0.08371940034967373
2007-10-07,0.08371940034967373
2007-10-08,0.0837112962700759
2007-10-09,0.08458514741349088
2007-10-10,0.08317701937136035
2007-10-11,0.08195519656943029
2007-10-12,0.08195692541634836
2007-10-13,0.08197259460859962
2007-10-14,0.08197259460859962
2007-10-15,0.08086266149130661
2007-10-16,0.082751531137508
2007-10-17,0.0815749511423296
2007-10-18,0.08252884716234599
2007-10-19,0.08022126216435321
2007-10-20,0.08233402466492912
2007-10-21,0.08238339394425642
2007-10-22,0.09112808025127728
2007-10-23,0.09382606558564976
2007-10-24,0.09392280645241957
2007-10-25,0.09416465895137893
2007-10-26,0.09370210757984165
2007-10-27,0.09370210757984165
2007-10-28,0.09370210757984165
2007-10-29,0.09370895390045964
2007-10-30,0.09401067602118429
2007-10-31,0.09388437513252668
2007-11-01,0.09632378641362904
2007-11-02,0.09638143012438372
2007-11-03,0.09637617073695903
2007-11-04,0.09637617073695903
2007-11-05,0.09598052162923376
2007-11-06,0.09225818063032354
2007-11-07,0.09390016865892936
2007-11-08,0.09458358514128862
2007-11-09,0.09253077241947594
2007-11-10,0.09322519196144019
2007-11-11,0.09322519196144019
2007-11-12,0.09308056742057813
2007-11-13,0.08824446903837657
2007-11-14,0.0815724918406544
2007-11-15,0.08241928075069982
2007-11-16,0.08247593859947133
2007-11-17,0.08252519711705442
2007-11-18,0.08252519711705442
2007-11-19,0.08209199837888725
2007-11-20,0.08317562339919071
2007-11-21,0.08303951521016262
2007-11-22,0.08303951521016262
2007-11-23,0.0830346679237488
2007-11-24,0.0830358402914253
2007-11-25,0.0830358402914253
2007-11-26,0.08304376757718823
2007-11-27,0.08356161013321128
2007-11-28,0.08383625125311389
2007-11-29,0.08434294515536522
2007-11-30,0.084616837067514
2007-12-01,0.084616837067514
2007-12-02,0.084616837067514
2007-12-03,0.08474893416498919
2007-12-04,0.08476701360371597
2007-12-05,0.08464457896572464
2007-12-06,0.08473921728459399
2007-12-07,0.08472282148532062
2007-12-08,0.0849877615894572
2007-12-09,0.0849877615894572
2007-12-10,0.0847496619566015
2007-12-11,0.08519385644339805
2007-12-12,0.08517398126665277
2007-12-13,0.08538014327383237
2007-12-14,0.08526789963739523
2007-12-15,0.08526789963739523
2007-12-16,0.08526789963739523
2007-12-17,0.08509223422922751
2007-12-18,0.08275595216861986
2007-12-19,0.0841526459030344
2007-12-20,0.08392751037933799
2007-12-21,0.08423347825148109
2007-12-22,0.08422711770504376
2007-12-23,0.08422711770504376
2007-12-24,0.08422711770504376
2007-12-25,0.08422711770504376
2007-12-26,0.08422724440267726
2007-12-27,0.08423273984675106
2007-12-28,0.0842154617454347
2007-12-29,0.0842154617454347
2007-12-30,0.0842154617454347
2007-12-31,0.08411426483374851
2008-01-01,0.08411426483374851
2008-01-02,0.0841123027344326
2008-01-03,0.08420839042078909
2008-01-04,0.08428310082110868
2008-01-05,0.08428310082110868
2008-01-06,0.08428310082110868
2008-01-07,0.08427206361907191
2008-01-08,0.08444782410664042
2008-01-09,0.0826530716174394
2008-01-10,0.08268469673037204
2008-01-11,0.08270650699587367
2008-01-12,0.08270650699587367
2008-01-13,0.08270650699587367
2008-01-14,0.08243867019011919
2008-01-15,0.08244592247170979
2008-01-16,0.08253704561051012
2008-01-17,0.09089959946143478
2008-01-18,0.08923279957695351
2008-01-19,0.08923279957695351
2008-01-20,0.08923279957695351
2008-01-21,0.09017764497075187
2008-01-22,0.10426015255754706
2008-01-23,0.09970549176052668
2008-01-24,0.10206655248248597
2008-01-25,0.10325098216722361
2008-01-26,0.1028863663309767
2008-01-27,0.1028863663309767
2008-01-28,0.10160230910474088
2008-01-29,0.0989913268246636
2008-01-30,0.09933476089059567
2008-01-31,0.08995838889064678
2008-02-01,0.08741610323977045
2008-02-02,0.08741610323977045
2008-02-03,0.08741610323977045
2008-02-04,0.08589212666001833
2008-02-05,0.08692903336922386
2008-02-06,0.08265414932417015
2008-02-07,0.07985221002234644
2008-02-08,0.07929527272509596
2008-02-09,0.07914540062356323
2008-02-10,0.07914540062356323
2008-02-11,0.07836048852786615
2008-02-12,0.06926257286217163
2008-02-13,0.07509826161850897
2008-02-14,0.07575156359547464
2008-02-15,0.07530163576505577
2008-02-16,0.07530163576505577
2008-02-17,0.07530163576505577
2008-02-18,0.07506365818743665
2008-02-19,0.07592319019007054
2008-02-20,0.0772097759205097
2008-02-21,0.07385086388236761
2008-02-22,0.07423839800088516
2008-02-23,0.07424173868270234
2008-02-24,0.07425227442058135
2008-02-25,0.07247665302497008
2008-02-26,0.07452346700642676
2008-02-27,0.07241493342055993
2008-02-28,0.06529227900661438
2008-02-29,0.06237976358819752
2008-03-01,0.062123261475003355
2008-03-02,0.0621253787872722
2008-03-03,0.06196554656107334
2008-03-04,0.06156634446345821
2008-03-05,0.061517588133430445
2008-03-06,0.06133030580036669
2008-03-07,0.061513241064023116
2008-03-08,0.061513241064023116
2008-03-09,0.061513241064023116
2008-03-10,0.0614018961639875
2008-03-11,0.06067557808776036
2008-03-12,0.06052245502399933
2008-03-13,0.060179072957964985
2008-03-14,0.060190410665925675
2008-03-15,0.06021003246542089
2008-03-16,0.06021003246542089
2008-03-17,0.060218544572187005
2008-03-18,0.055317922331645786
2008-03-19,0.05459498195104073
2008-03-20,0.05460560516374757
2008-03-21,0.05464839847230185
2008-03-22,0.05464839847230185
2008-03-23,0.05464839847230185
2008-03-24,0.05412550453724996
2008-03-25,0.05489865186690657
2008-03-26,0.057456286097655074
2008-03-27,0.056455772091373646
2008-03-28,0.05634140526694176
2008-03-29,0.0563575111134349
2008-03-30,0.0563575111134349
2008-03-31,0.05562766171482192
2008-04-01,0.05576321830831077
2008-04-02,0.05528121154484733
2008-04-03,0.05554940340765202
2008-04-04,0.055711307602191784
2008-04-05,0.055711307602191784
2008-04-06,0.055711307602191784
2008-04-07,0.05564211519791584
2008-04-08,0.05562293701889187
2008-04-09,0.055516750384195124
2008-04-10,0.055472337776022895
2008-04-11,0.05546622802144552
2008-04-12,0.05546622802144552
2008-04-13,0.05546622802144552
2008-04-14,0.05533872469850798
2008-04-15,0.05255276219630001
2008-04-16,0.044339245995190124
2008-04-17,0.04199524056944326
2008-04-18,0.041401036600771324
2008-04-19,0.04119905797899737
2008-04-20,0.04119905797899737
2008-04-21,0.04323698902801465
2008-04-22,0.041900789897235446
2008-04-23,0.036004283814609295
2008-04-24,0.04032794918514715
2008-04-25,0.04115890316210913
2008-04-26,0.04115890316210913
2008-04-27,0.04115890316210913
2008-04-28,0.038839469142009087
2008-04-29,0.04096856457273712
2008-04-30,0.040319779090908225
2008-05-01,0.039129371832643756
2008-05-02,0.03754885699783217
2008-05-03,0.03840656758531469
2008-05-04,0.038421596602232544
2008-05-05,0.0399427565646997
2008-05-06,0.03755795307054277
2008-05-07,0.033842841605057794
2008-05-08,0.03136236891818123
2008-05-09,0.030450538518346226
2008-05-10,0.03056172634932497
2008-05-11,0.03056172634932497
2008-05-12,0.031032388446668335
2008-05-13,0.03007873594176491
2008-05-14,0.027691816823949944
2008-05-15,0.02564713335604929
2008-05-16,0.025376270757657693
2008-05-17,0.025385363326192234
2008-05-18,0.025385363326192234
2008-05-19,0.025714721631755477
2008-05-20,0.026069464899617145
2008-05-21,0.02804419304399408
2008-05-22,0.027595501753409746
2008-05-23,0.027599068688044737
2008-05-24,0.027599068688044737
2008-05-25,0.027599068688044737
2008-05-26,0.027599068688044737
2008-05-27,0.027602167780226505
2008-05-28,0.027483181796684297
2008-05-29,0.02515990824302361
2008-05-30,0.02523112072597833
2008-05-31,0.02523112072597833
2008-06-01,0.02523112072597833
2008-06-02,0.024754681127459488
2008-06-03,0.02440989559444562
2008-06-04,0.024464373502844694
2008-06-05,0.024629451497851118
2008-06-06,0.024449927537999683
2008-06-07,0.024449927537999683
2008-06-08,0.024449927537999683
2008-06-09,0.02439244603889623
2008-06-10,0.024633000406175665
2008-06-11,0.024661595691355176
2008-06-12,0.024756665089298302
2008-06-13,0.024756828973435452
2008-06-14,0.024756828973435452
2008-06-15,0.024756828973435452
2008-06-16,0.024863199513070144
2008-06-17,0.025172828056732044
2008-06-18,0.025062468532600413
2008-06-19,0.024830795155662333
2008-06-20,0.024848808600831163
2008-06-21,0.024848808600831163
2008-06-22,0.024848808600831163
2008-06-23,0.024789821342357188
2008-06-24,0.025506747209016467
2008-06-25,0.026093064365092955
2008-06-26,0.026264113202789874
2008-06-27,0.026263297235084027
2008-06-28,0.026269068037923615
2008-06-29,0.026269068037923615
2008-06-30,0.0261191296473533
2008-07-01,0.025895853579279704
2008-07-02,0.025727068591910873
2008-07-03,0.025739401273725093
2008-07-04,0.025739401273725093
2008-07-05,0.025739401273725093
2008-07-06,0.025739401273725093
2008-07-07,0.02576945529462571
2008-07-08,0.02619007027770559
2008-07-09,0.026125290357150277
2008-07-10,0.02632211655061134
2008-07-11,0.02583262613164039
2008-07-12,0.02583262613164039
2008-07-13,0.02583262613164039
2008-07-14,0.02582134322578966
2008-07-15,0.023791524516452833
2008-07-16,0.029326707022658827
2008-07-17,0.03318803228817191
2008-07-18,0.03434258719439898
2008-07-19,0.03434258719439898
2008-07-20,0.03434258719439898
2008-07-21,0.035780860544273096
2008-07-22,0.0385632110607943
2008-07-23,0.03423542499212284
2008-07-24,0.03506583893040238
2008-07-25,0.03598314489925203
2008-07-26,0.03598314489925203
2008-07-27,0.03598314489925203
2008-07-28,0.03758900175663582
2008-07-29,0.04302578566043591
2008-07-30,0.046617737425803885
2008-07-31,0.05138304628090573
2008-08-01,0.05149566470471356
2008-08-02,0.05135651720926715
2008-08-03,0.05135651720926715
2008-08-04,0.04651173059536129
2008-08-05,0.05060977753128881
2008-08-06,0.04969068219103279
2008-08-07,0.051368905721797864
2008-08-08,0.047474796665951
2008-08-09,0.04751617495591276
2008-08-10,0.04751617495591276
2008-08-11,0.04715582061377721
2008-08-12,0.0462593464695884
2008-08-13,0.04730072600007351
2008-08-14,0.04804411246931273
2008-08-15,0.04861421885117667
2008-08-16,0.04861421885117667
2008-08-17,0.04861104348187406
2008-08-18,0.04895447953408194
2008-08-19,0.04884635854187436
2008-08-20,0.04804863149100336
2008-08-21,0.0486168865850396
2008-08-22,0.048798535531064724
2008-08-23,0.048798535531064724
2008-08-24,0.048798535531064724
2008-08-25,0.04877989978669994
2008-08-26,0.04875670591069903
2008-08-27,0.048804792219095505
2008-08-28,0.04906222027460183
2008-08-29,0.04909242394157309
2008-08-30,0.04909242394157309
2008-08-31,0.048849400370684526
2008-09-01,0.048849400370684526
2008-09-02,0.048884394921920205
2008-09-03,0.049063938874333024
2008-09-04,0.051495430684828536
2008-09-05,0.051372705082657566
2008-09-06,0.051372705082657566
2008-09-07,0.05138194942384744
2008-09-08,0.05136392377979404
2008-09-09,0.05119455834805686
2008-09-10,0.051205771630274066
2008-09-11,0.05129574886981514
2008-09-12,0.0512867879318426
2008-09-13,0.05128665677823596
2008-09-14,0.05128665677823596
2008-09-15,0.05132098428261922
2008-09-16,0.051844153819492256
2008-09-17,0.05194924032443771
2008-09-18,0.049274142370156815
2008-09-19,0.049274142370156815
2008-09-20,0.049274142370156815
2008-09-21,0.049274142370156815
2008-09-22,0.0492434493841456
2008-09-23,0.04927173217932479
2008-09-24,0.049617255778577674
2008-09-25,0.04912270788994766
2008-09-26,0.04864334253797242
2008-09-27,0.04864334253797242
2008-09-28,0.04864334253797242
2008-09-29,0.05019596569367657
2008-09-30,0.050706202753632024
2008-10-01,0.05119247847290076
2008-10-02,0.051004225566289474
2008-10-03,0.05112580220286378
2008-10-04,0.05112580220286378
2008-10-05,0.05112580220286378
2008-10-06,0.051207427914281345
2008-10-07,0.05140803563848628
2008-10-08,0.05192669147589202
2008-10-09,0.05186751610924967
2008-10-10,0.05171474336388471
2008-10-11,0.05171474336388471
2008-10-12,0.05171474336388471
2008-10-13,0.051660164059111
2008-10-14,0.04842114351367077
2008-10-15,0.04845934805051577
2008-10-16,0.05073505151829538
2008-10-17,0.048064629575423456
2008-10-18,0.047372848589561256
2008-10-19,0.047372848589561256
2008-10-20,0.03649023821113451
2008-10-21,0.03401485879236832
2008-10-22,0.02726475689184671
2008-10-23,0.027531744964305105
2008-10-24,0.026196967220928125
2008-10-25,0.0263982891539567
2008-10-26,0.0263982891539567
2008-10-27,0.027836600774372222
2008-10-28,0.027542951376698266
2008-10-29,0.02426179087700686
2008-10-30,0.012348720048939388
2008-10-31,0.013112302767177564
2008-11-01,0.013099976396641289
2008-11-02,0.01315558099472125
2008-11-03,0.011713541097876146
2008-11-04,0.008505584333741378
2008-11-05,0.011338233965225264
2008-11-06,0.013666985369946927
2008-11-07,0.01256529403880835
2008-11-08,0.012586176681878891
2008-11-09,0.012586176681878891
2008-11-10,0.014640454294659655
2008-11-11,0.01455874496470555
2008-11-12,0.015304631934555779
2008-11-13,0.015072734369147245
2008-11-14,0.014939310957310159
2008-11-15,0.015004658491109657
2008-11-16,0.015004658491109657
2008-11-17,0.014722727953116133
2008-11-18,0.01602552293023063
2008-11-19,0.016458891468079884
2008-11-20,0.017268398381502514
2008-11-21,0.016434221558679685
2008-11-22,0.016434221558679685
2008-11-23,0.016434221558679685
2008-11-24,0.01624525138478905
2008-11-25,0.01601032990161899
2008-11-26,0.015910688849508192
2008-11-27,0.015910688849508192
2008-11-28,0.015968912201635543
2008-11-29,0.015968912201635543
2008-11-30,0.015516826606173817
2008-12-01,0.015457446834755473
2008-12-02,0.015502619058339828
2008-12-03,0.01494234507563963
2008-12-04,0.014011973956102652
2008-12-05,0.013924753765373499
2008-12-06,0.013924753765373499
2008-12-07,0.013924753765373499
2008-12-08,0.014288744728432778
2008-12-09,0.014159561167827572
2008-12-10,0.014328532325871945
2008-12-11,0.014222415598014404
2008-12-12,0.014216916723270634
2008-12-13,0.014216916723270634
2008-12-14,0.014216916723270634
2008-12-15,0.01411699786962517
2008-12-16,0.013903871076268004
2008-12-17,0.013544744566944988
2008-12-18,0.00961335221351467
2008-12-19,0.009489770989387969
2008-12-20,0.009489770989387969
2008-12-21,0.009489770989387969
2008-12-22,0.009146271654065119
2008-12-23,0.008906302758990625
2008-12-24,0.008905598777991797
2008-12-25,0.008905598777991797
2008-12-26,0.008905598777991797
2008-12-27,0.008905598777991797
2008-12-28,0.008905598777991797
2008-12-29,0.00886257985036809
2008-12-30,0.008721237433177542
2008-12-31,0.008822019440984041
2009-01-01,0.008821928289794778
2009-01-02,0.008821928289794778
2009-01-03,0.008821928289794778
2009-01-04,0.008821928289794778
2009-01-05,0.009161405512702947
2009-01-06,0.009156170574740718
2009-01-07,0.008924364732587176
2009-01-08,0.00835559530686436
2009-01-09,0.0082723763966146
2009-01-10,0.0082723763966146
2009-01-11,0.0082723763966146
2009-01-12,0.007941837901595417
2009-01-13,0.007867717485255277
2009-01-14,0.007762313206970406
2009-01-15,0.0068074806634284
2009-01-16,0.004538223562669197
2009-01-17,0.004538223562669197
2009-01-18,0.004538223562669197
2009-01-19,0.0044162062188735085
2009-01-20,0.004824504215870551
2009-01-21,-0.002827718415667979
2009-01-22,-0.00465463713562464
2009-01-23,-0.003936326316579808
2009-01-24,-0.003957354628358223
2009-01-25,-0.003957354628358223
2009-01-26,-0.0074354012806306935
2009-01-27,-0.007126274635246954
2009-01-28,-0.012791632237012185
2009-01-29,-0.02591475666559362
2009-01-30,-0.03021223030447595
2009-01-31,-0.03021223030447595
2009-02-01,-0.03021223030447595
2009-02-02,-0.031166342542824355
2009-02-03,-0.03036320236406065
2009-02-04,-0.02684592297577515
2009-02-05,-0.026234796860759912
2009-02-06,-0.020186204707497213
2009-02-07,-0.020186204707497213
2009-02-08,-0.020186204707497213
2009-02-09,-0.021106909526414253
2009-02-10,-0.0201460168479054
2009-02-11,-0.025637013817887855
2009-02-12,-0.02752247965529442
2009-02-13,-0.027348448493669686
2009-02-14,-0.02734845684552545
2009-02-15,-0.02734845684552545
2009-02-16,-0.027440305932664222
2009-02-17,-0.02654931969544716
2009-02-18,-0.034992724154086274
2009-02-19,-0.03619278133331971
2009-02-20,-0.036254968965361956
2009-02-21,-0.0363153260300344
2009-02-22,-0.0363153260300344
2009-02-23,-0.036904686211583715
2009-02-24,-0.04226326347897735
2009-02-25,-0.04231352346107364
2009-02-26,-0.04052712633330058
2009-02-27,-0.03983329902175936
2009-02-28,-0.039704281241844885
2009-03-01,-0.039704281241844885
2009-03-02,-0.0406152540091409
2009-03-03,-0.040590843895901174
2009-03-04,-0.04041334880664582
2009-03-05,-0.04080769158557884
2009-03-06,-0.04097505724424699
2009-03-07,-0.0409705024023993
2009-03-08,-0.0409705024023993
2009-03-09,-0.0411818175534473
2009-03-10,-0.041386361627566814
2009-03-11,-0.04243380612290959
2009-03-12,-0.04261076690879406
2009-03-13,-0.042676594726556716
2009-03-14,-0.042676594726556716
2009-03-15,-0.042676594726556716
2009-03-16,-0.04355673433364193
2009-03-17,-0.043319789108687945
2009-03-18,-0.04444504996867449
2009-03-19,-0.04333465716886331
2009-03-20,-0.04342951955831753
2009-03-21,-0.04342951955831753
2009-03-22,-0.04342951955831753
2009-03-23,-0.042171573025526876
2009-03-24,-0.042215450097645824
2009-03-25,-0.041350891708878956
2009-03-26,-0.03937479839644076
2009-03-27,-0.039691265481822335
2009-03-28,-0.03967691290849995
2009-03-29,-0.03967691290849995
2009-03-30,-0.041835222300065644
2009-03-31,-0.041754231644773765
2009-04-01,-0.041663652326786815
2009-04-02,-0.042577869702400406
2009-04-03,-0.042532983270778923
2009-04-04,-0.042532983270778923
2009-04-05,-0.042532983270778923
2009-04-06,-0.042532476057317026
2009-04-07,-0.04094476602286201
2009-04-08,-0.04110408955520306
2009-04-09,-0.04118891898206445
2009-04-10,-0.04117398527165406
2009-04-11,-0.04117398527165406
2009-04-12,-0.04117398527165406
2009-04-13,-0.04106936714549714
2009-04-14,-0.04161158585008995
2009-04-15,-0.04082059793714454
2009-04-16,-0.03790310981638567
2009-04-17,-0.03824046677878401
2009-04-18,-0.03824046677878401
2009-04-19,-0.0382153295017581
2009-04-20,-0.03343007979309276
2009-04-21,-0.024789187201097906
2009-04-22,-0.0327361932421355
2009-04-23,-0.024123030647481336
2009-04-24,-0.02281838112905843
2009-04-25,-0.02281838112905843
2009-04-26,-0.022789929036271306
2009-04-27,-0.023904708531538366
2009-04-28,-0.013883167965958454
2009-04-29,-0.00807679303909481
2009-04-30,-0.01120508646445495
2009-05-01,-0.007632639321392576
2009-05-02,-0.007632639321392576
2009-05-03,-0.007632639321392576
2009-05-04,-0.005903891652914717
2009-05-05,-0.004776650195016496
2009-05-06,-0.0027932138200459367
2009-05-07,-0.0019733584476534505
2009-05-08,0.0008786170607228971
2009-05-09,0.000870559169999785
2009-05-10,0.000870559169999785
2009-05-11,-0.0003066134722944369
2009-05-12,0.0004420284126935847
2009-05-13,0.0009246857645377471
2009-05-14,0.0017581302595353065
2009-05-15,0.0013956342289680457
2009-05-16,0.001785246244144334
2009-05-17,0.001785246244144334
2009-05-18,0.0016076201541566082
2009-05-19,0.0026463359055728386
2009-05-20,0.005687362416398445
2009-05-21,0.005478821624858021
2009-05-22,0.0054109645775106685
2009-05-23,0.005431509051780692
2009-05-24,0.005431509051780692
2009-05-25,0.0055173894917737165
2009-05-26,0.005422002219991562
2009-05-27,0.006153255562236115
2009-05-28,0.006488979261126682
2009-05-29,0.003776887977563259
2009-05-30,0.003776887977563259
2009-05-31,0.003776887977563259
2009-06-01,0.0035545338083891043
2009-06-02,0.003782940351761299
2009-06-03,0.003943266813083879
2009-06-04,0.004217900861795076
2009-06-05,0.0042637510575771476
2009-06-06,0.004289488852894152
2009-06-07,0.004289488852894152
2009-06-08,0.004390460923446637
2009-06-09,0.0042646774669143905
2009-06-10,0.004220439460638659
2009-06-11,0.004392315591452256
2009-06-12,0.004372783047365436
2009-06-13,0.004372783047365436
2009-06-14,0.004372783047365436
2009-06-15,0.004453418738402215
2009-06-16,0.005061347235606695
2009-06-17,0.005095644898188478
2009-06-18,0.005507150267433314
2009-06-19,0.005669365139666427
2009-06-20,0.005669365139666427
2009-06-21,0.005669365139666427
2009-06-22,0.006082921605405689
2009-06-23,0.007933256332819383
2009-06-24,0.007770558298464847
2009-06-25,0.00866215506091561
2009-06-26,0.008645040911487545
2009-06-27,0.008645040911487545
2009-06-28,0.008645040911487545
2009-06-29,0.008675138438227536
2009-06-30,0.008648742114494512
2009-07-01,0.008591467619539772
2009-07-02,0.008457664846415636
2009-07-03,0.008457664846415636
2009-07-04,0.008457664846415636
2009-07-05,0.008457664846415636
2009-07-06,0.008479863620977302
2009-07-07,0.0084718222705491
2009-07-08,0.007808662479195316
2009-07-09,0.007545057299797708
2009-07-10,0.007967030258381858
2009-07-11,0.007967030258381858
2009-07-12,0.007967030258381858
2009-07-13,0.008000512916911395
2009-07-14,0.008862689523905232
2009-07-15,0.009303308744258443
2009-07-16,0.010587543706627622
2009-07-17,0.010736558982177513
2009-07-18,0.010736558982177513
2009-07-19,0.010736558982177513
2009-07-20,0.009445435988014061
2009-07-21,0.011900427501639221
2009-07-22,0.026582660181870832
2009-07-23,0.027712258347571073
2009-07-24,0.026892297779510965
2009-07-25,0.02724379632093421
2009-07-26,0.02724379632093421
2009-07-27,0.030151080395655283
2009-07-28,0.03156363216880731
2009-07-29,0.032974068522795275
2009-07-30,0.02091504534541566
2009-07-31,0.020764839564588078
2009-08-01,0.02083940164607312
2009-08-02,0.02083940164607312
2009-08-03,0.021670385546660453
2009-08-04,0.019191716187907826
2009-08-05,0.019187623158936296
2009-08-06,0.021810162822242685
2009-08-07,0.021032634787508497
2009-08-08,0.021030316444204056
2009-08-09,0.021030316444204056
2009-08-10,0.02110390961580033
2009-08-11,0.021340865191506797
2009-08-12,0.023430081820104087
2009-08-13,0.024318824279995876
2009-08-14,0.02415443424713848
2009-08-15,0.024195650938527713
2009-08-16,0.024195650938527713
2009-08-17,0.02458830590935346
2009-08-18,0.026664365489027064
2009-08-19,0.026797396287561615
2009-08-20,0.02810860350223021
2009-08-21,0.028307874612577777
2009-08-22,0.028307874612577777
2009-08-23,0.028307874612577777
2009-08-24,0.028394793043533983
2009-08-25,0.028199800367910477
2009-08-26,0.028245805415101355
2009-08-27,0.02962102831791391
2009-08-28,0.02985400610275546
2009-08-29,0.02985400610275546
2009-08-30,0.02985400610275546
2009-08-31,0.03005108550085711
2009-09-01,0.03008123679375596
2009-09-02,0.03018615199478414
2009-09-03,0.030165171576057803
2009-09-04,0.030184574764323235
2009-09-05,0.030184574764323235
2009-09-06,0.030184574764323235
2009-09-07,0.030184574764323235
2009-09-08,0.030520837477329588
2009-09-09,0.02712172662554102
2009-09-10,0.027094328400388168
2009-09-11,0.0270386099686164
2009-09-12,0.0270386099686164
2009-09-13,0.0270386099686164
2009-09-14,0.02681473484838026
2009-09-15,0.02663804335097608
2009-09-16,0.030575612961779575
2009-09-17,0.030616951926927927
2009-09-18,0.030573565554982585
2009-09-19,0.030573565554982585
2009-09-20,0.030573565554982585
2009-09-21,0.03063216317733164
2009-09-22,0.03201792058780617
2009-09-23,0.03204219171595524
2009-09-24,0.032050852251156
2009-09-25,0.03205815421481373
2009-09-26,0.03205815421481373
2009-09-27,0.03205815421481373
2009-09-28,0.0321034015304873
2009-09-29,0.03177419272823112
2009-09-30,0.03181128844299419
2009-10-01,0.03189929817697812
2009-10-02,0.03188447478277712
2009-10-03,0.03188447478277712
2009-10-04,0.03188447478277712
2009-10-05,0.031143882851969895
2009-10-06,0.031185932178766196
2009-10-07,0.03190530764980015
2009-10-08,0.03295131909000726
2009-10-09,0.033086306647301056
2009-10-10,0.03358649406507386
2009-10-11,0.03358649406507386
2009-10-12,0.03358772629416018
2009-10-13,0.03471510442847525
2009-10-14,0.03488840233242785
2009-10-15,0.036415116408354375
2009-10-16,0.037562341140765065
2009-10-17,0.037562341140765065
2009-10-18,0.037562341140765065
2009-10-19,0.03891115077278107
2009-10-20,0.04550831769742025
2009-10-21,0.05145265455520098
2009-10-22,0.06302334807886534
2009-10-23,0.06672042503521158
2009-10-24,0.06672042503521158
2009-10-25,0.06672042503521158
2009-10-26,0.06702221629560223
2009-10-27,0.07103654155707018
2009-10-28,0.07416073503085663
2009-10-29,0.0942041988342881
2009-10-30,0.09459172678066508
2009-10-31,0.09466655481053143
2009-11-01,0.0946414552602386
2009-11-02,0.09485967010992269
2009-11-03,0.10405706028124229
2009-11-04,0.1053570142032405
2009-11-05,0.10914200815601371
2009-11-06,0.11040948933609696
2009-11-07,0.11041758724173811
2009-11-08,0.11041758724173811
2009-11-09,0.11185842640020183
2009-11-10,0.111681633912464
2009-11-11,0.11251357368530979
2009-11-12,0.11319790531060736
2009-11-13,0.1143531005124847
2009-11-14,0.1143980421084736
2009-11-15,0.1143974905100058
2009-11-16,0.11430684686390369
2009-11-17,0.11409834728984802
2009-11-18,0.11416149039154466
2009-11-19,0.1129804670885477
2009-11-20,0.11298087698462922
2009-11-21,0.11298087698462922
2009-11-22,0.1129911319994199
2009-11-23,0.11276227256000237
2009-11-24,0.11343025079847524
2009-11-25,0.11332168944434295
2009-11-26,0.11358076536291839
2009-11-27,0.12650392609600813
2009-11-28,0.12650392609600813
2009-11-29,0.12650392609600813
2009-11-30,0.126484976894917
2009-12-01,0.12724363824291052
2009-12-02,0.12657054929245226
2009-12-03,0.12721163940929858
2009-12-04,0.12739789363727239
2009-12-05,0.12739789363727239
2009-12-06,0.12739789363727239
2009-12-07,0.12750949846410076
2009-12-08,0.12753001075510917
2009-12-09,0.12797488914619404
2009-12-10,0.12916816345010984
2009-12-11,0.12917537622513686
2009-12-12,0.12917537622513686
2009-12-13,0.12917537622513686
2009-12-14,0.12920964307399174
2009-12-15,0.12839674764203424
2009-12-16,0.12885419863256042
2009-12-17,0.13223234510884496
2009-12-18,0.13225011673825504
2009-12-19,0.13225011673825504
2009-12-20,0.13225011673825504
2009-12-21,0.1336262582671126
2009-12-22,0.1347624744312519
2009-12-23,0.13488627423197963
2009-12-24,0.13488627423197963
2009-12-25,0.13488627423197963
2009-12-26,0.13488627423197963
2009-12-27,0.13488627423197963
2009-12-28,0.13494992783795023
2009-12-29,0.1349527942308122
2009-12-30,0.1349527942308122
2009-12-31,0.13494844584513022
2010-01-01,0.13494844584513022
2010-01-02,0.13494844584513022
2010-01-03,0.13494844584513022
2010-01-04,0.13494529236265684
2010-01-05,0.13394106880922596
2010-01-06,0.13406167060215868
2010-01-07,0.13473762850049353
2010-01-08,0.13477161395028858
2010-01-09,0.13477161395028858
2010-01-10,0.1348076366019979
2010-01-11,0.13572817703292017
2010-01-12,0.1356489215819623
2010-01-13,0.13565118023984568
2010-01-14,0.13675775517962818
2010-01-15,0.13679521104050285
2010-01-16,0.13680008683842626
2010-01-17,0.13680008683842626
2010-01-18,0.13682733891422116
2010-01-19,0.13687610020751562
2010-01-20,0.13908794937436264
2010-01-21,0.1447553426897874
2010-01-22,0.1443159825878817
2010-01-23,0.1443159825878817
2010-01-24,0.1443159825878817
2010-01-25,0.14554000846819082
2010-01-26,0.15461470093056762
2010-01-27,0.15974256706724277
2010-01-28,0.1689625167128228
2010-01-29,0.17256938226690477
2010-01-30,0.17256938226690477
2010-01-31,0.17256938226690477
2010-02-01,0.1765487491784099
2010-02-02,0.1852045937641058
2010-02-03,0.1781220924405984
2010-02-04,0.18434332783819118
2010-02-05,0.18541508851239197
2010-02-06,0.18541508851239197
2010-02-07,0.18541508851239197
2010-02-08,0.18826809694166147
2010-02-09,0.1863756403053689
2010-02-10,0.18286990870922493
2010-02-11,0.18344130640415957
2010-02-12,0.18307974170603458
2010-02-13,0.18307974170603458
2010-02-14,0.18307974170603458
2010-02-15,0.18639512608958486
2010-02-16,0.1807654353613768
2010-02-17,0.19120535215039158
2010-02-18,0.18887487329646935
2010-02-19,0.1881675764583315
2010-02-20,0.1881858453236449
2010-02-21,0.1881858453236449
2010-02-22,0.18914617952564394
2010-02-23,0.18894402028748236
2010-02-24,0.18915850075725982
2010-02-25,0.19372778211459063
2010-02-26,0.19590797639127433
2010-02-27,0.19590797639127433
2010-02-28,0.1959143130048009
2010-03-01,0.19642486520406766
2010-03-02,0.19873377247190982
2010-03-03,0.1992225980298954
2010-03-04,0.20040550027991588
2010-03-05,0.2006367152660884
2010-03-06,0.20063685749007587
2010-03-07,0.20063685749007587
2010-03-08,0.2000940629015182
2010-03-09,0.20068563641526027
2010-03-10,0.20109590789001963
2010-03-11,0.20248793727516134
2010-03-12,0.20276222431535773
2010-03-13,0.2028224467642572
2010-03-14,0.2028224467642572
2010-03-15,0.20318518394840912
2010-03-16,0.2029750870794116
2010-03-17,0.20314781923461145
2010-03-18,0.20313678410920022
2010-03-19,0.20305098375499542
2010-03-20,0.20305098375499542
2010-03-21,0.20305098375499542
2010-03-22,0.203127401679845
2010-03-23,0.20239185753833078
2010-03-24,0.20223399402419928
2010-03-25,0.19926738537442512
2010-03-26,0.19939470523915626
2010-03-27,0.19939471991893143
2010-03-28,0.19923060411527582
2010-03-29,0.19918118356377623
2010-03-30,0.19929652363367412
2010-03-31,0.20129067312016624
2010-04-01,0.20151250965088296
2010-04-02,0.20151541773210058
2010-04-03,0.20151541773210058
2010-04-04,0.20151684342647957
2010-04-05,0.20146194407331586
2010-04-06,0.20146101727948373
2010-04-07,0.20156762798142003
2010-04-08,0.20152938354106853
2010-04-09,0.20151377925298997
2010-04-10,0.20151377925298997
2010-04-11,0.2015123826289229
2010-04-12,0.19949970438844655
2010-04-13,0.20087857807723264
2010-04-14,0.20100457288331497
2010-04-15,0.1994464643717444
2010-04-16,0.1995386398231871
2010-04-17,0.1995386398231871
2010-04-18,0.1995386398231871
2010-04-19,0.20084509071257806
2010-04-20,0.19996054376393668
2010-04-21,0.18846288374336684
2010-04-22,0.1836156544657508
2010-04-23,0.1818045405286386
2010-04-24,0.18172898197949383
2010-04-25,0.18172898197949383
2010-04-26,0.181709160935569
2010-04-27,0.18258177716315416
2010-04-28,0.17700752571590428
2010-04-29,0.18245261542945146
2010-04-30,0.1794708192869272
2010-05-01,0.17946075067469258
2010-05-02,0.17946075067469258
2010-05-03,0.1790497565928082
2010-05-04,0.15729996198459206
2010-05-05,0.155588805995454
2010-05-06,0.15725272179682692
2010-05-07,0.15916384489513535
2010-05-08,0.1602331241673578
2010-05-09,0.1602331241673578
2010-05-10,0.16203459784437513
2010-05-11,0.1620748227876012
2010-05-12,0.1542174340862954
2010-05-13,0.15543091588030644
2010-05-14,0.1562160031381925
2010-05-15,0.1562192649124443
2010-05-16,0.15622099423869917
2010-05-17,0.15539438251639948
2010-05-18,0.15099596602682563
2010-05-19,0.14992168844430487
2010-05-20,0.14768414143681885
2010-05-21,0.14764242259080484
2010-05-22,0.14764242259080484
2010-05-23,0.1476331481382387
2010-05-24,0.14791241650412457
2010-05-25,0.14820109096381695
2010-05-26,0.1484679133000979
2010-05-27,0.1472072656796395
2010-05-28,0.1454391164057942
2010-05-29,0.1454391164057942
2010-05-30,0.1454391164057942
2010-05-31,0.1454391164057942
2010-06-01,0.14540827505615828
2010-06-02,0.14524108164044325
2010-06-03,0.14532525445974875
2010-06-04,0.14539160059917666
2010-06-05,0.14539160059917666
2010-06-06,0.14539160059917666
2010-06-07,0.14545379999097863
2010-06-08,0.1454295174016813
2010-06-09,0.14474300117828665
2010-06-10,0.14513805700651994
2010-06-11,0.14511791930751583
2010-06-12,0.14511791930751583
2010-06-13,0.14511791930751583
2010-06-14,0.14459723221177545
2010-06-15,0.14648457857518737
2010-06-16,0.14664929440264873
2010-06-17,0.1467032319195305
2010-06-18,0.14670117093034363
2010-06-19,0.14670082339347457
2010-06-20,0.14670082339347457
2010-06-21,0.14670928805933903
2010-06-22,0.14555981642550275
2010-06-23,0.1452413343009984
2010-06-24,0.14511587743555987
2010-06-25,0.145103435706452
2010-06-26,0.145103435706452
2010-06-27,0.145103435706452
2010-06-28,0.14573700816659318
2010-06-29,0.1458870983398579
2010-06-30,0.14540206193962368
2010-07-01,0.14530127416114014
2010-07-02,0.1453017664863412
2010-07-03,0.1453017664863412
2010-07-04,0.1453017664863412
2010-07-05,0.1453017664863412
2010-07-06,0.1453017664863412
2010-07-07,0.1452233159578451
2010-07-08,0.14499002538584715
2010-07-09,0.14500210994552476
2010-07-10,0.14500210994552476
2010-07-11,0.14500210994552476
2010-07-12,0.14535769969148715
2010-07-13,0.14826659477626425
2010-07-14,0.14806511709065728
2010-07-15,0.14488134977185485
2010-07-16,0.14449856615377255
2010-07-17,0.14449856615377255
2010-07-18,0.14449856615377255
2010-07-19,0.14192656943189186
2010-07-20,0.14050724049055496
2010-07-21,0.1387204931114805
2010-07-22,0.13199390777132036
2010-07-23,0.13129066993681637
2010-07-24,0.13129066993681637
2010-07-25,0.13129066993681637
2010-07-26,0.13207837289022084
2010-07-27,0.12889972066533617
2010-07-28,0.12465338564715478
2010-07-29,0.12900340732064475
2010-07-30,0.12412683198787544
2010-07-31,0.12412683198787544
2010-08-01,0.12412683198787544
2010-08-02,0.12201890324920717
2010-08-03,0.10868666325262732
2010-08-04,0.10891003952684031
2010-08-05,0.10690949897827351
2010-08-06,0.10734386619479519
2010-08-07,0.10736768314909972
2010-08-08,0.10736768314909972
2010-08-09,0.10705277178880435
2010-08-10,0.1059434577707341
2010-08-11,0.10540617551883047
2010-08-12,0.10416026020425262
2010-08-13,0.10388634162346011
2010-08-14,0.10390981146095979
2010-08-15,0.10390981146095979
2010-08-16,0.10376106679145658
2010-08-17,0.10172035029205961
2010-08-18,0.10075537784872557
2010-08-19,0.09360703692691463
2010-08-20,0.09369622278452816
2010-08-21,0.09369622278452816
2010-08-22,0.09369622278452816
2010-08-23,0.09496748419204115
2010-08-24,0.09479267245381884
2010-08-25,0.09232128343295609
2010-08-26,0.09211603848158445
2010-08-27,0.09211260729515103
2010-08-28,0.09211260729515103
2010-08-29,0.0921079306848076
2010-08-30,0.0920726825026188
2010-08-31,0.0920495168490707
2010-09-01,0.09124957000403411
2010-09-02,0.09110532624944412
2010-09-03,0.09107275200020215
2010-09-04,0.09107275200020215
2010-09-05,0.09107275200020215
2010-09-06,0.09107275200020215
2010-09-07,0.09096214925709867
2010-09-08,0.09236873666071932
2010-09-09,0.09248082914247235
2010-09-10,0.09260628265968607
2010-09-11,0.09260628265968607
2010-09-12,0.09260628265968607
2010-09-13,0.09262562133397689
2010-09-14,0.09226131962856399
2010-09-15,0.09232509028318314
2010-09-16,0.09011927624849969
2010-09-17,0.09011786593418702
2010-09-18,0.09011786593418702
2010-09-19,0.09011786593418702
2010-09-20,0.09007251939407834
2010-09-21,0.08977454203583868
2010-09-22,0.08975337678618134
2010-09-23,0.08895906025074796
2010-09-24,0.08895905663204018
2010-09-25,0.08895905663204018
2010-09-26,0.08895905663204018
2010-09-27,0.08929596831087494
2010-09-28,0.08886086165327045
2010-09-29,0.08894840723813124
2010-09-30,0.08866783031158665
2010-10-01,0.08866783031158665
2010-10-02,0.08866783031158665
2010-10-03,0.08866783031158665
2010-10-04,0.08844763540697675
2010-10-05,0.08845400216425148
2010-10-06,0.08819751590078861
2010-10-07,0.08816541524910249
2010-10-08,0.08816871315926922
2010-10-09,0.08816871315926922
2010-10-10,0.08816871315926922
2010-10-11,0.08819770698002571
2010-10-12,0.08975284483006551
2010-10-13,0.08986700814065696
2010-10-14,0.08880142728690066
2010-10-15,0.0893332185400948
2010-10-16,0.0893332185400948
2010-10-17,0.0893332185400948
2010-10-18,0.08613683725665888
2010-10-19,0.08889598617574856
2010-10-20,0.0864041539776308
2010-10-21,0.0740022573446848
2010-10-22,0.07507623981259326
2010-10-23,0.07507623981259326
2010-10-24,0.07507623981259326
2010-10-25,0.0750956391079367
2010-10-26,0.08181793083112598
2010-10-27,0.08132702318790552
2010-10-28,0.07383417011571458
2010-10-29,0.07210027808153541
2010-10-30,0.07241780138432641
2010-10-31,0.0724424572048179
2010-11-01,0.07392592664838804
2010-11-02,0.060114516493117165
2010-11-03,0.06212683642639871
2010-11-04,0.062249040602972316
2010-11-05,0.0628757662530477
2010-11-06,0.06325248582902043
2010-11-07,0.06325248582902043
2010-11-08,0.06135707456272299
2010-11-09,0.058969273711766634
2010-11-10,0.05816577021907565
2010-11-11,0.057181780614161015
2010-11-12,0.056432717429528045
2010-11-13,0.0564555432650824
2010-11-14,0.05645887445397557
2010-11-15,0.0562482529900199
2010-11-16,0.05684113155403181
2010-11-17,0.05732067047215361
2010-11-18,0.059345131889060765
2010-11-19,0.059895523893930935
2010-11-20,0.06002663247422402
2010-11-21,0.06002663247422402
2010-11-22,0.05799802408507193
2010-11-23,0.057590479132044514
2010-11-24,0.06483868146066096
2010-11-25,0.06483868146066096
2010-11-26,0.06483868146066096
2010-11-27,0.06483868146066096
2010-11-28,0.06483868146066096
2010-11-29,0.06483360033456509
2010-11-30,0.06487126613294492
2010-12-01,0.06462172689386936
2010-12-02,0.06510354643507954
2010-12-03,0.0651616289385284
2010-12-04,0.0651616289385284
2010-12-05,0.0651616289385284
2010-12-06,0.06513978982029411
2010-12-07,0.06507164580230773
2010-12-08,0.06517806828041728
2010-12-09,0.06519335553428895
2010-12-10,0.06517678776218871
2010-12-11,0.06517678776218871
2010-12-12,0.06517678776218871
2010-12-13,0.06519607189710652
2010-12-14,0.06494530077071814
2010-12-15,0.06485128741211543
2010-12-16,0.06592839243139981
2010-12-17,0.06623412827407127
2010-12-18,0.06623412827407127
2010-12-19,0.06623412827407127
2010-12-20,0.06678047694289746
2010-12-21,0.06673644429982506
2010-12-22,0.06507223188628153
2010-12-23,0.06508904456958153
2010-12-24,0.06512513338544057
2010-12-25,0.06512513338544057
2010-12-26,0.06512513338544057
2010-12-27,0.06510383510471862
2010-12-28,0.06509630294597435
2010-12-29,0.06509253603903309
2010-12-30,0.06508722388432853
2010-12-31,0.06508722388432853
2011-01-01,0.06508722388432853
2011-01-02,0.06508722388432853
2011-01-03,0.06508803167886112
2011-01-04,0.06575929937920888
2011-01-05,0.06561699803315268
2011-01-06,0.06553369345703453
2011-01-07,0.0655092805571651
2011-01-08,0.0655092805571651
2011-01-09,0.0655092805571651
2011-01-10,0.06549537620329193
2011-01-11,0.06551199475698355
2011-01-12,0.065541934295124
2011-01-13,0.06477799630673364
2011-01-14,0.06476551241764694
2011-01-15,0.06476551241764694
2011-01-16,0.06476551241764694
2011-01-17,0.06476551241764694
2011-01-18,0.06203984065277024
2011-01-19,0.06136674175228429
2011-01-20,0.060315915595131386
2011-01-21,0.06088086202352905
2011-01-22,0.06088086202352905
2011-01-23,0.06085836919999599
2011-01-24,0.061971679319816175
2011-01-25,0.05125786149032874
2011-01-26,0.05150316624662654
2011-01-27,0.04968920796227705
2011-01-28,0.05174482694410143
2011-01-29,0.05174482694410143
2011-01-30,0.05175790849402295
2011-01-31,0.05092607495002399
2011-02-01,0.08329968265574861
2011-02-02,0.08425835084494082
2011-02-03,0.09848676550727098
2011-02-04,0.09557277225999505
2011-02-05,0.09557277225999505
2011-02-06,0.09557277225999505
2011-02-07,0.09536783651431668
2011-02-08,0.09841370816344153
2011-02-09,0.0925618318208059
2011-02-10,0.09257687951929894
2011-02-11,0.09208585254485313
2011-02-12,0.09199239093572764
2011-02-13,0.09199239093572764
2011-02-14,0.09146021985575392
2011-02-15,0.09419883173648125
2011-02-16,0.09464162114011687
2011-02-17,0.09236210621632246
2011-02-18,0.09236498926832049
2011-02-19,0.09236498926832049
2011-02-20,0.09236498926832049
2011-02-21,0.09239307072106606
2011-02-22,0.09144064785689521
2011-02-23,0.08976137500736714
2011-02-24,0.08733218134818155
2011-02-25,0.08730545334572182
2011-02-26,0.08730545334572182
2011-02-27,0.08730545334572182
2011-02-28,0.08587646704756113
2011-03-01,0.08562332801492945
2011-03-02,0.08629225629786386
2011-03-03,0.08646124190466664
2011-03-04,0.08648763221991462
2011-03-05,0.08638437380035868
2011-03-06,0.08638437380035868
2011-03-07,0.08628506952890191
2011-03-08,0.0878554476557889
2011-03-09,0.08855399583145962
2011-03-10,0.08833123411104982
2011-03-11,0.08813451332425903
2011-03-12,0.08813451332425903
2011-03-13,0.08813451332425903
2011-03-14,0.08769190304383856
2011-03-15,0.09016246657687166
2011-03-16,0.08984468743421115
2011-03-17,0.08970411476597295
2011-03-18,0.08973973782424283
2011-03-19,0.08973973782424283
2011-03-20,0.08973973782424283
2011-03-21,0.08976421556353786
2011-03-22,0.0900186569041177
2011-03-23,0.09013004119523393
2011-03-24,0.09619736388009548
2011-03-25,0.0957328682351577
2011-03-26,0.09570388746468494
2011-03-27,0.09570388746468494
2011-03-28,0.09501638593871897
2011-03-29,0.09512986867171347
2011-03-30,0.09515355881114607
2011-03-31,0.09533995239796544
2011-04-01,0.09524022188009429
2011-04-02,0.09524022188009429
2011-04-03,0.09524022188009429
2011-04-04,0.09537467805118882
2011-04-05,0.09540656737018138
2011-04-06,0.09540372320654256
2011-04-07,0.0960083017308111
2011-04-08,0.09600655083183862
2011-04-09,0.09600655083183862
2011-04-10,0.09600655083183862
2011-04-11,0.09591362713776541
2011-04-12,0.09601293715298076
2011-04-13,0.09597894655799499
2011-04-14,0.0957432191054044
2011-04-15,0.09539914510844971
2011-04-16,0.09539914510844971
2011-04-17,0.09539236732257361
2011-04-18,0.09465849388764025
2011-04-19,0.08485948129845444
2011-04-20,0.09967340631628985
2011-04-21,0.10701480909086514
2011-04-22,0.10695474723460419
2011-04-23,0.10695474723460419
2011-04-24,0.10706073192784316
2011-04-25,0.10788038211800077
2011-04-26,0.10631374650083991
2011-04-27,0.10892509465589839
2011-04-28,0.10897645318104177
2011-04-29,0.10933763803557839
2011-04-30,0.10925054983271099
2011-05-01,0.10922904850206572
2011-05-02,0.10910467358842912
2011-05-03,0.10952276229643054
2011-05-04,0.112986168802097
2011-05-05,0.11511766613046692
2011-05-06,0.114168877520062
2011-05-07,0.1141682332259133
2011-05-08,0.1141682332259133
2011-05-09,0.11242447307694481
2011-05-10,0.11150345650672366
2011-05-11,0.12026722789453026
2011-05-12,0.11937805630612042
2011-05-13,0.1270687544361384
2011-05-14,0.1270686423189189
2011-05-15,0.1270686423189189
2011-05-16,0.12550567327567252
2011-05-17,0.12604014066045033
2011-05-18,0.12607828117351638
2011-05-19,0.1268319142990566
2011-05-20,0.12672612696406516
2011-05-21,0.12672612696406516
2011-05-22,0.12672612696406516
2011-05-23,0.12684480691118716
2011-05-24,0.1275662212351112
2011-05-25,0.1266825681914514
2011-05-26,0.12621669522151646
2011-05-27,0.12631100562498787
2011-05-28,0.12631100562498787
2011-05-29,0.12631100562498787
2011-05-30,0.12631100562498787
2011-05-31,0.12595238459809166
2011-06-01,0.12594240721621652
2011-06-02,0.1263085788914724
2011-06-03,0.12631783872213687
2011-06-04,0.12631783872213687
2011-06-05,0.12631783872213687
2011-06-06,0.12630295333398744
2011-06-07,0.1265846443649412
2011-06-08,0.12676977762289487
2011-06-09,0.12649841739640277
2011-06-10,0.12624179277397696
2011-06-11,0.12624179277397696
2011-06-12,0.12624179277397696
2011-06-13,0.12615067992964435
2011-06-14,0.1265018424293043
2011-06-15,0.12639328480534195
2011-06-16,0.126510035135595
2011-06-17,0.126510035135595
2011-06-18,0.126510035135595
2011-06-19,0.126510035135595
2011-06-20,0.12651721877121092
2011-06-21,0.12734021820209174
2011-06-22,0.12821606056536705
2011-06-23,0.12815008307257703
2011-06-24,0.12815038623953656
2011-06-25,0.12815038623953656
2011-06-26,0.12815038623953656
2011-06-27,0.12776596425282438
2011-06-28,0.12780311341252415
2011-06-29,0.12894860911427175
2011-06-30,0.1288500358659681
2011-07-01,0.1288500358659681
2011-07-02,0.1288500358659681
2011-07-03,0.1288500358659681
2011-07-04,0.1288500358659681
2011-07-05,0.12884945130156278
2011-07-06,0.12896162398748934
2011-07-07,0.1291017205620728
2011-07-08,0.12909555468642386
2011-07-09,0.12909555468642386
2011-07-10,0.12909555468642386
2011-07-11,0.1298438332205485
2011-07-12,0.13005844553096169
2011-07-13,0.1296892812339454
2011-07-14,0.13239708863137545
2011-07-15,0.1326214358005282
2011-07-16,0.1326214358005282
2011-07-17,0.1326214358005282
2011-07-18,0.1338541853609907
2011-07-19,0.13458748789347919
2011-07-20,0.12914543104071896
2011-07-21,0.13262044852583
2011-07-22,0.1352229458685439
2011-07-23,0.1352229458685439
2011-07-24,0.1352229458685439
2011-07-25,0.13824140472448554
2011-07-26,0.14063499502700516
2011-07-27,0.1473703817874228
2011-07-28,0.14571238209681758
2011-07-29,0.145639241437572
2011-07-30,0.14563957276307526
2011-07-31,0.14563957276307526
2011-08-01,0.14462325087471517
2011-08-02,0.14517292104833435
2011-08-03,0.1494605711074679
2011-08-04,0.1490327127411959
2011-08-05,0.14821993648124265
2011-08-06,0.14809458290756883
2011-08-07,0.14809458290756883
2011-08-08,0.14883204090524238
2011-08-09,0.1484846820843122
2011-08-10,0.14857190556904243
2011-08-11,0.14807718392793423
2011-08-12,0.14774998447329657
2011-08-13,0.14777261076571868
2011-08-14,0.14777261076571868
2011-08-15,0.1476152547321743
2011-08-16,0.14669560760803924
2011-08-17,0.14553136619247065
2011-08-18,0.15018432268263893
2011-08-19,0.1501732481144069
2011-08-20,0.1501732481144069
2011-08-21,0.1501732481144069
2011-08-22,0.15029077987804706
2011-08-23,0.1519159865683597
2011-08-24,0.15724914079523522
2011-08-25,0.15758802931984106
2011-08-26,0.1574734584195452
2011-08-27,0.1574734584195452
2011-08-28,0.1574734584195452
2011-08-29,0.15749722601287997
2011-08-30,0.15705848588291782
2011-08-31,0.15634727111515878
2011-09-01,0.15654537311907313
2011-09-02,0.15653727164896658
2011-09-03,0.15653727164896658
2011-09-04,0.15653727164896658
2011-09-05,0.15653727164896658
2011-09-06,0.15636572889106937
2011-09-07,0.1562692003011592
2011-09-08,0.15628261460831738
2011-09-09,0.1563156722270831
2011-09-10,0.15631671450166373
2011-09-11,0.15631671450166373
2011-09-12,0.15624152983024864
2011-09-13,0.15640042082311822
2011-09-14,0.15635824806761156
2011-09-15,0.15650186575846203
2011-09-16,0.15649872022605793
2011-09-17,0.15649872022605793
2011-09-18,0.15649872022605793
2011-09-19,0.15643184155373735
2011-09-20,0.15395945650902343
2011-09-21,0.15385366788155763
2011-09-22,0.1536853823400839
2011-09-23,0.1539440458733592
2011-09-24,0.1539440458733592
2011-09-25,0.1539440458733592
2011-09-26,0.15393002025734703
2011-09-27,0.15342304176346255
2011-09-28,0.15344357866878577
2011-09-29,0.1529793805620363
2011-09-30,0.1529799636627387
2011-10-01,0.1529799636627387
2011-10-02,0.1529799636627387
2011-10-03,0.15296843487875034
2011-10-04,0.15295949070013726
2011-10-05,0.15292669765557787
2011-10-06,0.15289203347853464
2011-10-07,0.15296945941245976
2011-10-08,0.15296945941245976
2011-10-09,0.15296945941245976
2011-10-10,0.152965799300524
2011-10-11,0.1534404553912374
2011-10-12,0.1543502582842995
2011-10-13,0.1549609177066784
2011-10-14,0.1542326909490619
2011-10-15,0.1542326909490619
2011-10-16,0.1542326909490619
2011-10-17,0.15570496319130323
2011-10-18,0.14810501224902728
2011-10-19,0.14684476085625398
2011-10-20,0.13972164276630283
2011-10-21,0.1392247589567539
2011-10-22,0.13895158991505308
2011-10-23,0.13895158991505308
2011-10-24,0.12548578223116524
2011-10-25,0.12217052593313271
2011-10-26,0.11170399922851959
2011-10-27,0.10947362057289922
2011-10-28,0.11067784137730197
2011-10-29,0.11067784137730197
2011-10-30,0.11067784137730197
2011-10-31,0.11047224606494033
2011-11-01,0.11041831920606171
2011-11-02,0.1014787384633653
2011-11-03,0.09152848795904389
2011-11-04,0.09178674367316142
2011-11-05,0.09171666078485652
2011-11-06,0.09171666078485652
2011-11-07,0.09114135201048046
2011-11-08,0.09220052297164028
2011-11-09,0.09232002804083828
2011-11-10,0.0937881207923863
2011-11-11,0.09372077556688074
2011-11-12,0.09370075106505937
2011-11-13,0.09370075106505937
2011-11-14,0.09346012139034254
2011-11-15,0.09061573423588265
2011-11-16,0.09144761217389141
2011-11-17,0.09006217512255654
2011-11-18,0.0898738903326044
2011-11-19,0.0898738903326044
2011-11-20,0.0898738903326044
2011-11-21,0.085381640243267
2011-11-22,0.06265031809106403
2011-11-23,0.06267904609199659
2011-11-24,0.06267904609199659
2011-11-25,0.06267904609199659
2011-11-26,0.06267904609199659
2011-11-27,0.06267904609199659
2011-11-28,0.06273983147139073
2011-11-29,0.0626999226464835
2011-11-30,0.06267140364671042
2011-12-01,0.06245508203586825
2011-12-02,0.06252289944183231
2011-12-03,0.06252289944183231
2011-12-04,0.06251437010073357
2011-12-05,0.06252965653075937
2011-12-06,0.062366063854891296
2011-12-07,0.062161134434177034
2011-12-08,0.06156069889620319
2011-12-09,0.06158897725768009
2011-12-10,0.061589442358539026
2011-12-11,0.061589442358539026
2011-12-12,0.06159895004364735
2011-12-13,0.06159031609971577
2011-12-14,0.0618616734461257
2011-12-15,0.06157571582483068
2011-12-16,0.06156975843925849
2011-12-17,0.06156975843925849
2011-12-18,0.06156975843925849
2011-12-19,0.06161786315800821
2011-12-20,0.05971166317237753
2011-12-21,0.05994700833894817
2011-12-22,0.059875316071781315
2011-12-23,0.05987706543686877
2011-12-24,0.05987706543686877
2011-12-25,0.05987706543686877
2011-12-26,0.05987706543686877
2011-12-27,0.05986681840932895
2011-12-28,0.05988265735213805
2011-12-29,0.05988463096050767
2011-12-30,0.05988638991312678
2011-12-31,0.05988638991312678
2012-01-01,0.05988638991312678
2012-01-02,0.059915813433430776
2012-01-03,0.059827476406378644
2012-01-04,0.059090181770238503
2012-01-05,0.05869095350761233
2012-01-06,0.05870767294487367
2012-01-07,0.05870767294487367
2012-01-08,0.05870767294487367
2012-01-09,0.0586144349736919
2012-01-10,0.05861393803029169
2012-01-11,0.058587024522435804
2012-01-12,0.058723624696255694
2012-01-13,0.05872328868562238
2012-01-14,0.05872328868562238
2012-01-15,0.05872328868562238
2012-01-16,0.05872328868562238
2012-01-17,0.058184321618366175
2012-01-18,0.05871550663915004
2012-01-19,0.054923183899745265
2012-01-20,0.05428501105135197
2012-01-21,0.05428501105135197
2012-01-22,0.05428501105135197
2012-01-23,0.054670572101195525
2012-01-24,0.059153123250320405
2012-01-25,0.06498303743206457
2012-01-26,0.06684259957503635
2012-01-27,0.06379574710201141
2012-01-28,0.06373995416930023
2012-01-29,0.06379800065330854
2012-01-30,0.06550679035017892
2012-01-31,0.057440735224641326
2012-02-01,0.05406544831987614
2012-02-02,0.05133225152332055
2012-02-03,0.05117906762948321
2012-02-04,0.05117703286976183
2012-02-05,0.05117703286976183
2012-02-06,0.0494704066633036
2012-02-07,0.03929482768337755
2012-02-08,0.03882978670129744
2012-02-09,0.040320884017648106
2012-02-10,0.04123679611516784
2012-02-11,0.04123464916094122
2012-02-12,0.04123464916094122
2012-02-13,0.041812653015146806
2012-02-14,0.041702673990350325
2012-02-15,0.039913921067372016
2012-02-16,0.038308382390213946
2012-02-17,0.04056206648844807
2012-02-18,0.04168991238056918
2012-02-19,0.04168991238056918
2012-02-20,0.04166193816839514
2012-02-21,0.0421741033938805
2012-02-22,0.04514681981558555
2012-02-23,0.04228926991430648
2012-02-24,0.04187103708348516
2012-02-25,0.04187103708348516
2012-02-26,0.041852330019376716
2012-02-27,0.043352388633468575
2012-02-28,0.042786772816191254
2012-02-29,0.04109931666698263
2012-03-01,0.04121519728186196
2012-03-02,0.04110291781819542
2012-03-03,0.04114455025869779
2012-03-04,0.04114455025869779
2012-03-05,0.0410254459999877
2012-03-06,0.04082894447996299
2012-03-07,0.04061666659061958
2012-03-08,0.04083700233395593
2012-03-09,0.04098566039353435
2012-03-10,0.04098566039353435
2012-03-11,0.04098566039353435
2012-03-12,0.04089038551620239
2012-03-13,0.04091231322104383
2012-03-14,0.04111632909820262
2012-03-15,0.04094085280606197
2012-03-16,0.04055901938064155
2012-03-17,0.04055901938064155
2012-03-18,0.04055901938064155
2012-03-19,0.0402013424262706
2012-03-20,0.03777930232500171
2012-03-21,0.03765927857577389
2012-03-22,0.03808046161793888
2012-03-23,0.03803399636062954
2012-03-24,0.03805420961297745
2012-03-25,0.03805420961297745
2012-03-26,0.03783013582300265
2012-03-27,0.03759785329011667
2012-03-28,0.037251838411299865
2012-03-29,0.0361033309096388
2012-03-30,0.035877160206070347
2012-03-31,0.03589301825705382
2012-04-01,0.03589301825705382
2012-04-02,0.03591857003400234
2012-04-03,0.03592351113278558
2012-04-04,0.03589354273848033
2012-04-05,0.03559445666219685
2012-04-06,0.035588171521505174
2012-04-07,0.035588171521505174
2012-04-08,0.035588171521505174
2012-04-09,0.035566608411597755
2012-04-10,0.03557775462696244
2012-04-11,0.03561076887341308
2012-04-12,0.03610221590587259
2012-04-13,0.03609831962523491
2012-04-14,0.03609831962523491
2012-04-15,0.03609831962523491
2012-04-16,0.03552415920508101
2012-04-17,0.049237472177154684
2012-04-18,0.04934810837546766
2012-04-19,0.04509686831836679
2012-04-20,0.043590087090080054
2012-04-21,0.043590087090080054
2012-04-22,0.04359133189034847
2012-04-23,0.04299140699814541
2012-04-24,0.03827886062330155
2012-04-25,0.04206593077926124
2012-04-26,0.03508823539224126
2012-04-27,0.034425309776025204
2012-04-28,0.034426585356032824
2012-04-29,0.03442505209491231
2012-04-30,0.03356457592878059
2012-05-01,0.029203466326392258
2012-05-02,0.02868816110950756
2012-05-03,0.027961077637321363
2012-05-04,0.03192134278633785
2012-05-05,0.03192134278633785
2012-05-06,0.03192134278633785
2012-05-07,0.03164162483109467
2012-05-08,0.03217428089071972
2012-05-09,0.029875159448116806
2012-05-10,0.032178223407846485
2012-05-11,0.0319289009875261
2012-05-12,0.03192274713745347
2012-05-13,0.03192274713745347
2012-05-14,0.0316352647973237
2012-05-15,0.030459501428000912
2012-05-16,0.030693075446690088
2012-05-17,0.030209334248902486
2012-05-18,0.030269561549888246
2012-05-19,0.030269561549888246
2012-05-20,0.030269561549888246
2012-05-21,0.031147543452490156
2012-05-22,0.029070395429087403
2012-05-23,0.03220578202669944
2012-05-24,0.03261195850623633
2012-05-25,0.03269226997685215
2012-05-26,0.03272842899554185
2012-05-27,0.03272842899554185
2012-05-28,0.03276582392442284
2012-05-29,0.03276956961589783
2012-05-30,0.0325566019527197
2012-05-31,0.03267810136125959
2012-06-01,0.03266516698426214
2012-06-02,0.03266533518589876
2012-06-03,0.03266533518589876
2012-06-04,0.032633137153833536
2012-06-05,0.0326806229290566
2012-06-06,0.0326139342752132
2012-06-07,0.03226084292890419
2012-06-08,0.032212998869636245
2012-06-09,0.032212998869636245
2012-06-10,0.032212998869636245
2012-06-11,0.032177158349514734
2012-06-12,0.032240963693482616
2012-06-13,0.03217680699029679
2012-06-14,0.03208839987699208
2012-06-15,0.03208839987699208
2012-06-16,0.03208839987699208
2012-06-17,0.03208839987699208
2012-06-18,0.02891752613871268
2012-06-19,0.029075384503834956
2012-06-20,0.028347690024510763
2012-06-21,0.027876741309503572
2012-06-22,0.027876741309503572
2012-06-23,0.027876741309503572
2012-06-24,0.027876741309503572
2012-06-25,0.02743775500164425
2012-06-26,0.02733286639877086
2012-06-27,0.026873169775506467
2012-06-28,0.026606635078688434
2012-06-29,0.02706459527344185
2012-06-30,0.02706459527344185
2012-07-01,0.02706459527344185
2012-07-02,0.02706848005887541
2012-07-03,0.027093786062362124
2012-07-04,0.02709843245062471
2012-07-05,0.027072140220035124
2012-07-06,0.027071376286881943
2012-07-07,0.027071376286881943
2012-07-08,0.027071376286881943
2012-07-09,0.026657401796401414
2012-07-10,0.02669295963088958
2012-07-11,0.026754405640453616
2012-07-12,0.02631763857993752
2012-07-13,0.026253201856634156
2012-07-14,0.026253201856634156
2012-07-15,0.026253201856634156
2012-07-16,0.025871603059155035
2012-07-17,0.011511815678384218
2012-07-18,0.010725329041035625
2012-07-19,0.001487006650312539
2012-07-20,0.0017817306462593052
2012-07-21,0.0017817306462593052
2012-07-22,0.0017817306462593052
2012-07-23,-0.000580831587490338
2012-07-24,-0.0001705272059530083
2012-07-25,-0.006745863585158829
2012-07-26,-0.010409860175766394
2012-07-27,-0.010484837900525568
2012-07-28,-0.010484837900525568
2012-07-29,-0.010484837900525568
2012-07-30,-0.01024453183566243
2012-07-31,-0.01392780305714103
2012-08-01,-0.015084206927030275
2012-08-02,-0.013024872099733797
2012-08-03,-0.014089358728018087
2012-08-04,-0.014001988311485358
2012-08-05,-0.014001988311485358
2012-08-06,-0.016540913359902487
2012-08-07,-0.017717284589279236
2012-08-08,-0.02366038383255431
2012-08-09,-0.02340479080159097
2012-08-10,-0.02349364945746435
2012-08-11,-0.02347982827129258
2012-08-12,-0.02347982827129258
2012-08-13,-0.024071986523732103
2012-08-14,-0.024751779077268554
2012-08-15,-0.026887262925467725
2012-08-16,-0.02686372158805239
2012-08-17,-0.026676239645263
2012-08-18,-0.026676239645263
2012-08-19,-0.026676239645263
2012-08-20,-0.026504135036151233
2012-08-21,-0.027279900375221544
2012-08-22,-0.02962653064858356
2012-08-23,-0.028910850545373346
2012-08-24,-0.028923300817595532
2012-08-25,-0.028923300817595532
2012-08-26,-0.028923300817595532
2012-08-27,-0.02882637163448265
2012-08-28,-0.028859525067347902
2012-08-29,-0.028576946562280603
2012-08-30,-0.028431307494052205
2012-08-31,-0.028353712238649798
2012-09-01,-0.028349507338093494
2012-09-02,-0.028349507338093494
2012-09-03,-0.028349507338093494
2012-09-04,-0.028511568626197192
2012-09-05,-0.028135054378013113
2012-09-06,-0.028803740544425804
2012-09-07,-0.02879276196884728
2012-09-08,-0.02879276196884728
2012-09-09,-0.02879276196884728
2012-09-10,-0.028843935173280322
2012-09-11,-0.028748461593241514
2012-09-12,-0.028819998660920554
2012-09-13,-0.028776813913512056
2012-09-14,-0.02944745578714314
2012-09-15,-0.02944745578714314
2012-09-16,-0.02944745578714314
2012-09-17,-0.02944745578714314
2012-09-18,-0.028956628523524208
2012-09-19,-0.02937273258551254
2012-09-20,-0.030045140936593606
2012-09-21,-0.030046745790315965
2012-09-22,-0.030046745790315965
2012-09-23,-0.030046745790315965
2012-09-24,-0.030020237896271174
2012-09-25,-0.029623540187387
2012-09-26,-0.029383461742166217
2012-09-27,-0.02892891926793051
2012-09-28,-0.029584270992306427
2012-09-29,-0.029584270992306427
2012-09-30,-0.029584270992306427
2012-10-01,-0.029586833718122763
2012-10-02,-0.030356676809416228
2012-10-03,-0.02970815935547977
2012-10-04,-0.029697343584685454
2012-10-05,-0.029580576452025165
2012-10-06,-0.029580576452025165
2012-10-07,-0.029580576452025165
2012-10-08,-0.02958152095139266
2012-10-09,-0.029757370700810415
2012-10-10,-0.03031278625153333
2012-10-11,-0.030314597152220846
2012-10-12,-0.029759285384965195
2012-10-13,-0.029759285384965195
2012-10-14,-0.029759285384965195
2012-10-15,-0.029724061028215898
2012-10-16,-0.032276947318700566
2012-10-17,-0.02595895586520569
2012-10-18,-0.024565046641050525
2012-10-19,-0.022742570452841115
2012-10-20,-0.02280460174750709
2012-10-21,-0.02280460174750709
2012-10-22,-0.012568582943978224
2012-10-23,-0.014838820463512592
2012-10-24,-0.015594343335941785
2012-10-25,-0.008131543699821053
2012-10-26,0.00037403621972331713
2012-10-27,0.00037403621972331713
2012-10-28,0.00037403621972331713
2012-10-29,0.0011745640906613009
2012-10-30,0.00926410331841776
2012-10-31,0.012321103675494438
2012-11-01,0.00762520071718642
2012-11-02,0.007420932837330474
2012-11-03,0.007458346100726487
2012-11-04,0.007907216175198517
2012-11-05,0.01052467946546054
2012-11-06,0.015585600474015582
2012-11-07,0.017266197270857653
2012-11-08,0.01562059397051807
2012-11-09,0.016187115405496666
2012-11-10,0.016042040882859432
2012-11-11,0.016042040882859432
2012-11-12,0.01611533051146119
2012-11-13,0.014696970237162876
2012-11-14,0.01440476141346414
2012-11-15,0.013802220996140369
2012-11-16,0.01340850877230082
2012-11-17,0.01340850877230082
2012-11-18,0.01340850877230082
2012-11-19,0.014107376355024348
2012-11-20,0.017386585975365687
2012-11-21,0.017422990505181923
2012-11-22,0.017438213535634794
2012-11-23,0.017436677795536593
2012-11-24,0.017436677795536593
2012-11-25,0.017436677795536593
2012-11-26,0.017533880928538137
2012-11-27,0.01743107613327921
2012-11-28,0.017350302490430902
2012-11-29,0.017523759950001105
2012-11-30,0.017499734621544194
2012-12-01,0.017499734621544194
2012-12-02,0.017499734621544194
2012-12-03,0.017454178056427905
2012-12-04,0.017506970783359277
2012-12-05,0.01768544914040815
2012-12-06,0.01806797665276272
2012-12-07,0.018120454408450337
2012-12-08,0.018096850910810147
2012-12-09,0.018096850910810147
2012-12-10,0.01814611507029462
2012-12-11,0.01815303973382809
2012-12-12,0.017953659050559567
2012-12-13,0.018081734892488655
2012-12-14,0.018101845934530125
2012-12-15,0.0180342193152343
2012-12-16,0.0180342193152343
2012-12-17,0.018600693435624205
2012-12-18,0.020592102400338597
2012-12-19,0.02077097142838724
2012-12-20,0.021384041702582568
2012-12-21,0.02208700415785314
2012-12-22,0.022101583916361633
2012-12-23,0.022125539302867425
2012-12-24,0.022125539302867425
2012-12-25,0.022125539302867425
2012-12-26,0.022126958494355753
2012-12-27,0.022126958494355753
2012-12-28,0.02212702951050538
2012-12-29,0.02212702951050538
2012-12-30,0.02212702951050538
2012-12-31,0.022102709426999656
2013-01-01,0.022102709426999656
2013-01-02,0.022110694547395893
2013-01-03,0.022089597982287268
2013-01-04,0.02252257090290999
2013-01-05,0.02252257090290999
2013-01-06,0.02252257090290999
2013-01-07,0.022290682059725953
2013-01-08,0.023571753150896546
2013-01-09,0.023744741995167296
2013-01-10,0.023718037592358687
2013-01-11,0.02358337215481421
2013-01-12,0.02358337215481421
2013-01-13,0.02358337215481421
2013-01-14,0.02366331826246726
2013-01-15,0.023108796466802417
2013-01-16,0.021785342322700796
2013-01-17,0.026811626032066993
2013-01-18,0.026360672369488913
2013-01-19,0.026360672369488913
2013-01-20,0.026360672369488913
2013-01-21,0.026360672369488913
2013-01-22,0.026566742064588977
2013-01-23,0.03237054430236541
2013-01-24,0.03629198766056252
2013-01-25,0.03530869032110595
2013-01-26,0.03530869032110595
2013-01-27,0.03530869032110595
2013-01-28,0.03511721871870033
2013-01-29,0.04293523279730693
2013-01-30,0.05202514051543572
2013-01-31,0.05704478756131204
2013-02-01,0.05846786479520527
2013-02-02,0.05846786479520527
2013-02-03,0.05846786479520527
2013-02-04,0.05073426591239616
2013-02-05,0.059420926059498
2013-02-06,0.057107442001354425
2013-02-07,0.055885856172328996
2013-02-08,0.05620221899919042
2013-02-09,0.05620262497787265
2013-02-10,0.05620262497787265
2013-02-11,0.05655206699738513
2013-02-12,0.05814792448706152
2013-02-13,0.06060259815289526
2013-02-14,0.05903383235220372
2013-02-15,0.05942901531323175
2013-02-16,0.05942901531323175
2013-02-17,0.05942901531323175
2013-02-18,0.05954289481657815
2013-02-19,0.058794641253994584
2013-02-20,0.05824816168463154
2013-02-21,0.05602055820714935
2013-02-22,0.056328472476736335
2013-02-23,0.056328472476736335
2013-02-24,0.05596934613981985
2013-02-25,0.05491001653179883
2013-02-26,0.053928727095298834
2013-02-27,0.056049610863758925
2013-02-28,0.057181126480986944
2013-03-01,0.057518106494793386
2013-03-02,0.05757058756713129
2013-03-03,0.05757058756713129
2013-03-04,0.05820757371615115
2013-03-05,0.05827988943175333
2013-03-06,0.058045877781305766
2013-03-07,0.05823738274038037
2013-03-08,0.05836174535984617
2013-03-09,0.05836174535984617
2013-03-10,0.05836174535984617
2013-03-11,0.058262465374622874
2013-03-12,0.05997585300548036
2013-03-13,0.060090174449231926
2013-03-14,0.05985336851107448
2013-03-15,0.05993887699250333
2013-03-16,0.05993887699250333
2013-03-17,0.05993887699250333
2013-03-18,0.06014011465199731
2013-03-19,0.06049300183290329
2013-03-20,0.06147990396112557
2013-03-21,0.06186428112169784
2013-03-22,0.061877649478819796
2013-03-23,0.061877649478819796
2013-03-24,0.061877649478819796
2013-03-25,0.06202221726447377
2013-03-26,0.062134960800909855
2013-03-27,0.06263351969854436
2013-03-28,0.06233071307799776
2013-03-29,0.06232034419944443
2013-03-30,0.06232034419944443
2013-03-31,0.06232034419944443
2013-04-01,0.06242816975188181
2013-04-02,0.06237930393314195
2013-04-03,0.06238956871151102
2013-04-04,0.06231459665681127
2013-04-05,0.06229452344547237
2013-04-06,0.06229452344547237
2013-04-07,0.06229452344547237
2013-04-08,0.062082030166798585
2013-04-09,0.06210333279459501
2013-04-10,0.06232812261180842
2013-04-11,0.06244174448659212
2013-04-12,0.06233691659718521
2013-04-13,0.06233691659718521
2013-04-14,0.06233691659718521
2013-04-15,0.062135171106457054
2013-04-16,0.0578473580313732
2013-04-17,0.053020791549355906
2013-04-18,0.05839276707492158
2013-04-19,0.057690890264935124
2013-04-20,0.057690890264935124
2013-04-21,0.057797654933184894
2013-04-22,0.05659261521588932
2013-04-23,0.06098392180071466
2013-04-24,0.05796122771705092
2013-04-25,0.06045256820164191
2013-04-26,0.05777882263081624
2013-04-27,0.0578887658878966
2013-04-28,0.0578887658878966
2013-04-29,0.057411673988094325
2013-04-30,0.05341990844797895
2013-05-01,0.05190267604061494
2013-05-02,0.05791225052080584
2013-05-03,0.0577395085030199
2013-05-04,0.0577395085030199
2013-05-05,0.0577395085030199
2013-05-06,0.057388850233872635
2013-05-07,0.058936671261939466
2013-05-08,0.0601672809156395
2013-05-09,0.057228726698306476
2013-05-10,0.05770517080358073
2013-05-11,0.05769780015472148
2013-05-12,0.05769780015472148
2013-05-13,0.057714093257295485
2013-05-14,0.057796667806673696
2013-05-15,0.055630017321331104
2013-05-16,0.05484933460390562
2013-05-17,0.05489121415434517
2013-05-18,0.05489121415434517
2013-05-19,0.05488745667385064
2013-05-20,0.054856727346195955
2013-05-21,0.06391594454569938
2013-05-22,0.0597696021113403
2013-05-23,0.059171377129732416
2013-05-24,0.05912059963468508
2013-05-25,0.05912059963468508
2013-05-26,0.05912059963468508
2013-05-27,0.05912059963468508
2013-05-28,0.059011826945220225
2013-05-29,0.058935909021804456
2013-05-30,0.059137013008627504
2013-05-31,0.059127778678288445
2013-06-01,0.059127778678288445
2013-06-02,0.059127778678288445
2013-06-03,0.05893264349579619
2013-06-04,0.05890696661581374
2013-06-05,0.05867435281118505
2013-06-06,0.05904372616136344
2013-06-07,0.059087112705026756
2013-06-08,0.059087112705026756
2013-06-09,0.059087112705026756
2013-06-10,0.05953469786406096
2013-06-11,0.05954602862549785
2013-06-12,0.05983116281051504
2013-06-13,0.059847986449045765
2013-06-14,0.059651404801934316
2013-06-15,0.059651404801934316
2013-06-16,0.059651404801934316
2013-06-17,0.059558886881048156
2013-06-18,0.05957456954216078
2013-06-19,0.06002993127388545
2013-06-20,0.06074661462614683
2013-06-21,0.06075438971655789
2013-06-22,0.06075438971655789
2013-06-23,0.06075438971655789
2013-06-24,0.060735417413234405
2013-06-25,0.06052843358984972
2013-06-26,0.06047324301267554
2013-06-27,0.06126104476761185
2013-06-28,0.06146797399905446
2013-06-29,0.061586951487362374
2013-06-30,0.061586951487362374
2013-07-01,0.06163824016364794
2013-07-02,0.06136100000992273
2013-07-03,0.061390309885606786
2013-07-04,0.061390309885606786
2013-07-05,0.061390309885606786
2013-07-06,0.061390309885606786
2013-07-07,0.061390309885606786
2013-07-08,0.0612719339732859
2013-07-09,0.06072378512078158
2013-07-10,0.061042681176352254
2013-07-11,0.06106889337332677
2013-07-12,0.061104700009835256
2013-07-13,0.061104700009835256
2013-07-14,0.061104700009835256
2013-07-15,0.06120416895633962
2013-07-16,0.07414894600035504
2013-07-17,0.07383316241524684
2013-07-18,0.08210856672240707
2013-07-19,0.08277860080763344
2013-07-20,0.08277860080763344
2013-07-21,0.08277860080763344
2013-07-22,0.0828175671955591
2013-07-23,0.07321207574902155
2013-07-24,0.0747476404686267
2013-07-25,0.07598949419101397
2013-07-26,0.07617668660193644
2013-07-27,0.07621182357037037
2013-07-28,0.07621182357037037
2013-07-29,0.07433288459520226
2013-07-30,0.07335834820294185
2013-07-31,0.0749344318840015
2013-08-01,0.0713404022734534
2013-08-02,0.07184195903301216
2013-08-03,0.07184195903301216
2013-08-04,0.07184195903301216
2013-08-05,0.07202198436747076
2013-08-06,0.07349066281691319
2013-08-07,0.07321658748648585
2013-08-08,0.07302076769514354
2013-08-09,0.08285772831926619
2013-08-10,0.08287219896045261
2013-08-11,0.08287219896045261
2013-08-12,0.0826005765327611
2013-08-13,0.08279672134893801
2013-08-14,0.08499360284877189
2013-08-15,0.08617260514083247
2013-08-16,0.08792509717916785
2013-08-17,0.08792509717916785
2013-08-18,0.08792509717916785
2013-08-19,0.08794521959757651
2013-08-20,0.08994532453714488
2013-08-21,0.09047260146710778
2013-08-22,0.09017783318015593
2013-08-23,0.0901170409371177
2013-08-24,0.0901170409371177
2013-08-25,0.0901170409371177
2013-08-26,0.09006722295944791
2013-08-27,0.08981056129310683
2013-08-28,0.09004860112110302
2013-08-29,0.09026121664435349
2013-08-30,0.09024492923521232
2013-08-31,0.09024492923521232
2013-09-01,0.09024492923521232
2013-09-02,0.09024492923521232
2013-09-03,0.09022959544173981
2013-09-04,0.09029435993839696
2013-09-05,0.09036276997293746
2013-09-06,0.0909000890017968
2013-09-07,0.09064659099261574
2013-09-08,0.09064659099261574
2013-09-09,0.09048763900085133
2013-09-10,0.09053133982924932
2013-09-11,0.09046157096698226
2013-09-12,0.0904551300527523
2013-09-13,0.09046734263315148
2013-09-14,0.09046734263315148
2013-09-15,0.09046734263315148
2013-09-16,0.0904528558010913
2013-09-17,0.08980926713158643
2013-09-18,0.09135777337748219
2013-09-19,0.09147343315699596
2013-09-20,0.09147396761925397
2013-09-21,0.09147396761925397
2013-09-22,0.09147396761925397
2013-09-23,0.09144556572497331
2013-09-24,0.09152503108590038
2013-09-25,0.09092877405575894
2013-09-26,0.09041918507690005
2013-09-27,0.08993510840508323
2013-09-28,0.08993510840508323
2013-09-29,0.08993883974281824
2013-09-30,0.08991612132359861
2013-10-01,0.09137389884769798
2013-10-02,0.09050418591176568
2013-10-03,0.08971773323819265
2013-10-04,0.08971759272159074
2013-10-05,0.08971759272159074
2013-10-06,0.08971759272159074
2013-10-07,0.08972253783060946
2013-10-08,0.08989880436101583
2013-10-09,0.09072644704671573
2013-10-10,0.09160125861872359
2013-10-11,0.09117676821530596
2013-10-12,0.09131052724674737
2013-10-13,0.0905536654999679
2013-10-14,0.09055292866610598
2013-10-15,0.08740134520903053
2013-10-16,0.0846977349853717
2013-10-17,0.08113524183702214
2013-10-18,0.08046224334168395
2013-10-19,0.08046224334168395
2013-10-20,0.08046224334168395
2013-10-21,0.08082727128786016
2013-10-22,0.08433811169805017
2013-10-23,0.08487799984940447
2013-10-24,0.0840027225745692
2013-10-25,0.08323537055106467
2013-10-26,0.08323537055106467
2013-10-27,0.08323537055106467
2013-10-28,0.07699124497292553
2013-10-29,0.08064162377239703
2013-10-30,0.0801567301906343
2013-10-31,0.07914281701473458
2013-11-01,0.0776315363146407
2013-11-02,0.07735809078292144
2013-11-03,0.07735809078292144
2013-11-04,0.07625622908198482
2013-11-05,0.07386838526821005
2013-11-06,0.07581386837122861
2013-11-07,0.07700040094491478
2013-11-08,0.0768668298540689
2013-11-09,0.0768668298540689
2013-11-10,0.0768668298540689
2013-11-11,0.07683684371431654
2013-11-12,0.07616248731287345
2013-11-13,0.07658990184368597
2013-11-14,0.07781772242400975
2013-11-15,0.07782644713927822
2013-11-16,0.07782644713927822
2013-11-17,0.07782644713927822
2013-11-18,0.07800795509571978
2013-11-19,0.07960437898612382
2013-11-20,0.08106786213461503
2013-11-21,0.08169903219542163
2013-11-22,0.08164328800292275
2013-11-23,0.08164328800292275
2013-11-24,0.08201501389934318
2013-11-25,0.08177036205136567
2013-11-26,0.08237333446046669
2013-11-27,0.08252153616793412
2013-11-28,0.08252153616793412
2013-11-29,0.08252184878856972
2013-11-30,0.08252184878856972
2013-12-01,0.08252184878856972
2013-12-02,0.0824646334624708
2013-12-03,0.08271740390600946
2013-12-04,0.08277237735100007
2013-12-05,0.0827928885069451
2013-12-06,0.08290819371563773
2013-12-07,0.08290819371563773
2013-12-08,0.08290819371563773
2013-12-09,0.08306604027289466
2013-12-10,0.0830146334250752
2013-12-11,0.08295679562882863
2013-12-12,0.08282958653964201
2013-12-13,0.08279523584125492
2013-12-14,0.08283580632334675
2013-12-15,0.08283580632334675
2013-12-16,0.08284063601013059
2013-12-17,0.0827696247224825
2013-12-18,0.07958235810105574
2013-12-19,0.0791739328369021
2013-12-20,0.07825906901036972
2013-12-21,0.07825906901036972
2013-12-22,0.07825906901036972
2013-12-23,0.0782696447151976
2013-12-24,0.0782696447151976
2013-12-25,0.0782696447151976
2013-12-26,0.0782696447151976
2013-12-27,0.07827172323775389
2013-12-28,0.07827172323775389
2013-12-29,0.07827172323775389
2013-12-30,0.07829349336019109
2013-12-31,0.07830231011769317
2014-01-01,0.07830231011769317
2014-01-02,0.07829496733375985
2014-01-03,0.07829001360276622
2014-01-04,0.07829001360276622
2014-01-05,0.07829001360276622
2014-01-06,0.07825559442711993
2014-01-07,0.07856610082977022
2014-01-08,0.07823369343479758
2014-01-09,0.07781528914925673
2014-01-10,0.07806340811723778
2014-01-11,0.07806340811723778
2014-01-12,0.07806340811723778
2014-01-13,0.07808991750341399
2014-01-14,0.07821491435197303
2014-01-15,0.07840389142018722
2014-01-16,0.07408474324305847
2014-01-17,0.07406145245770479
2014-01-18,0.07406145245770479
2014-01-19,0.07406145245770479
2014-01-20,0.07406145245770479
2014-01-21,0.08121995968458884
2014-01-22,0.07716369058576178
2014-01-23,0.07775509264654379
2014-01-24,0.08141276606814873
2014-01-25,0.08141341828026305
2014-01-26,0.08141341828026305
2014-01-27,0.07612382075906332
2014-01-28,0.06715813789674918
2014-01-29,0.0689824966353203
2014-01-30,0.06258631809188508
2014-01-31,0.0602774067661922
2014-02-01,0.0602774067661922
2014-02-02,0.0602774067661922
2014-02-03,0.06010777901382225
2014-02-04,0.04794042001893528
2014-02-05,0.051219636112215916
2014-02-06,0.05152608334075648
2014-02-07,0.05303094610824299
2014-02-08,0.05303094610824299
2014-02-09,0.05303094610824299
2014-02-10,0.053289058020632885
2014-02-11,0.05447597917768365
2014-02-12,0.05209414286021108
2014-02-13,0.0538521363086959
2014-02-14,0.05424560257538169
2014-02-15,0.05424429471171921
2014-02-16,0.05424429471171921
2014-02-17,0.054239736693331375
2014-02-18,0.058681896405739176
2014-02-19,0.060078390078256216
2014-02-20,0.06036295682741044
2014-02-21,0.058902606528220325
2014-02-22,0.058902606528220325
2014-02-23,0.058902606528220325
2014-02-24,0.059730212088130896
2014-02-25,0.06294371645240338
2014-02-26,0.06283769145802443
2014-02-27,0.06182889056888641
2014-02-28,0.06103487052651224
2014-03-01,0.06104478306216987
2014-03-02,0.06104478306216987
2014-03-03,0.061813591971333404
2014-03-04,0.061747021833142846
2014-03-05,0.061456490597146196
2014-03-06,0.06168764729285647
2014-03-07,0.06172544287466475
2014-03-08,0.06172544287466475
2014-03-09,0.06172544287466475
2014-03-10,0.0616342553288447
2014-03-11,0.06128824270875732
2014-03-12,0.061209289183459026
2014-03-13,0.06141856036731186
2014-03-14,0.06161534293898896
2014-03-15,0.06161534293898896
2014-03-16,0.06161534293898896
2014-03-17,0.061673545676038666
2014-03-18,0.061602856069700174
2014-03-19,0.06085679806225408
2014-03-20,0.06030337344771186
2014-03-21,0.06016899315030577
2014-03-22,0.06016899315030577
2014-03-23,0.06016899315030577
2014-03-24,0.06010190645504032
2014-03-25,0.05959539045586504
2014-03-26,0.05955917883660944
2014-03-27,0.05873025290312439
2014-03-28,0.05897437396263827
2014-03-29,0.05897437396263827
2014-03-30,0.05897244165610016
2014-03-31,0.058906247315657856
2014-04-01,0.05878309132481285
2014-04-02,0.05873606760145966
2014-04-03,0.05874767773786349
2014-04-04,0.05863699389490162
2014-04-05,0.05863699389490162
2014-04-06,0.05863699389490162
2014-04-07,0.05866257850350576
2014-04-08,0.05928651030309928
2014-04-09,0.0589353149619265
2014-04-10,0.05877720066059289
2014-04-11,0.058755895029134475
2014-04-12,0.058755895029134475
2014-04-13,0.058755895029134475
2014-04-14,0.05877579036221858
2014-04-15,0.058925598959851166
2014-04-16,0.058791124936799166
2014-04-17,0.054653205377559244
2014-04-18,0.054653205377559244
2014-04-19,0.054653205377559244
2014-04-20,0.054653205377559244
2014-04-21,0.05446176250641943
2014-04-22,0.056614064840191825
2014-04-23,0.05008654910464072
2014-04-24,0.04617952946655146
2014-04-25,0.047851228621848874
2014-04-26,0.047851228621848874
2014-04-27,0.047851228621848874
2014-04-28,0.04796875363010766
2014-04-29,0.05016397661697747
2014-04-30,0.0505073504926461
2014-05-01,0.04853008614332577
2014-05-02,0.04619414678582423
2014-05-03,0.04622228636951409
2014-05-04,0.04622228636951409
2014-05-05,0.04296849313518747
2014-05-06,0.042141949408443846
2014-05-07,0.042038107331761054
2014-05-08,0.0421649977785683
2014-05-09,0.03928210009150557
2014-05-10,0.039276086169945046
2014-05-11,0.03927601037930262
2014-05-12,0.0483945055607411
2014-05-13,0.04958775138733662
2014-05-14,0.05620630864745757
2014-05-15,0.05607272713025924
2014-05-16,0.055983654887597156
2014-05-17,0.05601595711068841
2014-05-18,0.05601595711068841
2014-05-19,0.05596372428932783
2014-05-20,0.04895848064778563
2014-05-21,0.04912695130447364
2014-05-22,0.04878843533865185
2014-05-23,0.04875125070197095
2014-05-24,0.04865130450127353
2014-05-25,0.04865130450127353
2014-05-26,0.04865130450127353
2014-05-27,0.04868013863393372
2014-05-28,0.04852131942113869
2014-05-29,0.04824744857740981
2014-05-30,0.04827042575476992
2014-05-31,0.04827042575476992
2014-06-01,0.04827042575476992
2014-06-02,0.04822962042025414
2014-06-03,0.04789960217375522
2014-06-04,0.04748252782009521
2014-06-05,0.048058336267152724
2014-06-06,0.04803389552769288
2014-06-07,0.04803992123917511
2014-06-08,0.04803992123917511
2014-06-09,0.04814429059561198
2014-06-10,0.04814162052091331
2014-06-11,0.048318937167487475
2014-06-12,0.04831458940302835
2014-06-13,0.04834228224593251
2014-06-14,0.04834228224593251
2014-06-15,0.04834228224593251
2014-06-16,0.048350644834873835
2014-06-17,0.04824384971874096
2014-06-18,0.047431151342071765
2014-06-19,0.04840334919938516
2014-06-20,0.048284669510639144
2014-06-21,0.04827444231658018
2014-06-22,0.04827444231658018
2014-06-23,0.048077416086111935
2014-06-24,0.04836345864702629
2014-06-25,0.0485606515342063
2014-06-26,0.04836417455577702
2014-06-27,0.04816504203287386
2014-06-28,0.04816504203287386
2014-06-29,0.04816504203287386
2014-06-30,0.04816514492893309
2014-07-01,0.04818183809901799
2014-07-02,0.048175072391932305
2014-07-03,0.048140111279596276
2014-07-04,0.048140111279596276
2014-07-05,0.048140111279596276
2014-07-06,0.048140111279596276
2014-07-07,0.048144806232193194
2014-07-08,0.0482855731012819
2014-07-09,0.04826103043966179
2014-07-10,0.04854214956894487
2014-07-11,0.0485333904278995
2014-07-12,0.0485333904278995
2014-07-13,0.0485333904278995
2014-07-14,0.04853194344415823
2014-07-15,0.04754745712573283
2014-07-16,0.04615158191556956
2014-07-17,0.04355236206157942
2014-07-18,0.04553490007894068
2014-07-19,0.04553490007894068
2014-07-20,0.04553490007894068
2014-07-21,0.04705351127568447
2014-07-22,0.03804249371010915
2014-07-23,0.04399493960792089
2014-07-24,0.04775868104477188
2014-07-25,0.04760052041385965
2014-07-26,0.04760052041385965
2014-07-27,0.04760784444297195
2014-07-28,0.04740538805710082
2014-07-29,0.04944993176013668
2014-07-30,0.051689799560357574
2014-07-31,0.05720526910555712
2014-08-01,0.05490934600158481
2014-08-02,0.05490934600158481
2014-08-03,0.05490934600158481
2014-08-04,0.054896581817879264
2014-08-05,0.054995079705615346
2014-08-06,0.053207172343114895
2014-08-07,0.053169968276838064
2014-08-08,0.05365779473836407
2014-08-09,0.053649249618730854
2014-08-10,0.053649249618730854
2014-08-11,0.04702725405140917
2014-08-12,0.0471825825492771
2014-08-13,0.04806043079218125
2014-08-14,0.04708724224657557
2014-08-15,0.04715863866051451
2014-08-16,0.04715863866051451
2014-08-17,0.04715863866051451
2014-08-18,0.047081770383422095
2014-08-19,0.04801282879793578
2014-08-20,0.0487770125431608
2014-08-21,0.04854324525487752
2014-08-22,0.048589732723242074
2014-08-23,0.048589732723242074
2014-08-24,0.0484921746773721
2014-08-25,0.048432050297061435
2014-08-26,0.046913802910624414
2014-08-27,0.04655703427696434
2014-08-28,0.04767357948840001
2014-08-29,0.04765560156373971
2014-08-30,0.04765560156373971
2014-08-31,0.04765560156373971
2014-09-01,0.04765560156373971
2014-09-02,0.04768598821817038
2014-09-03,0.04796447488886835
2014-09-04,0.04829883358109366
2014-09-05,0.04830286325216804
2014-09-06,0.04830286325216804
2014-09-07,0.04830286325216804
2014-09-08,0.04836409551044918
2014-09-09,0.04863705843465205
2014-09-10,0.04893579938109771
2014-09-11,0.048885341328258614
2014-09-12,0.04889208071724083
2014-09-13,0.04889208071724083
2014-09-14,0.04889208071724083
2014-09-15,0.04889399812279449
2014-09-16,0.049421578975718417
2014-09-17,0.04895351252294833
2014-09-18,0.05325515885911569
2014-09-19,0.053348731983446696
2014-09-20,0.053348731983446696
2014-09-21,0.053348731983446696
2014-09-22,0.05333947570361319
2014-09-23,0.05366424573643225
2014-09-24,0.054443828051761844
2014-09-25,0.05402306908214727
2014-09-26,0.05453316173464029
2014-09-27,0.05453316173464029
2014-09-28,0.05453316173464029
2014-09-29,0.05466739718331137
2014-09-30,0.05452562541564432
2014-10-01,0.054517594564161165
2014-10-02,0.0550138280654473
2014-10-03,0.05501390162216291
2014-10-04,0.05501390162216291
2014-10-05,0.05501390162216291
2014-10-06,0.05501110758381622
2014-10-07,0.054947356379329015
2014-10-08,0.05599335163091124
2014-10-09,0.05423493889042663
2014-10-10,0.05437039054807258
2014-10-11,0.05437039054807258
2014-10-12,0.05437039054807258
2014-10-13,0.05437039054807258
2014-10-14,0.05351110429587003
2014-10-15,0.055017246651110074
2014-10-16,0.05403189313140655
2014-10-17,0.053875398561402
2014-10-18,0.053875398561402
2014-10-19,0.053875398561402
2014-10-20,0.0446796794298725
2014-10-21,0.04586956099614725
2014-10-22,0.04320157323026885
2014-10-23,0.03807871740902713
2014-10-24,0.03663556326401851
2014-10-25,0.03664392861002996
2014-10-26,0.03664392861002996
2014-10-27,0.03205412399611052
2014-10-28,0.029274561823274814
2014-10-29,0.0290233556499897
2014-10-30,0.02735132309275068
2014-10-31,0.026347195519578204
2014-11-01,0.026347195519578204
2014-11-02,0.02602605714935291
2014-11-03,0.02671544977123963
2014-11-04,0.024234689265444143
2014-11-05,0.02110673029391741
2014-11-06,0.019240809049468677
2014-11-07,0.019241681330500082
2014-11-08,0.019275344929757576
2014-11-09,0.019275344929757576
2014-11-10,0.019641230536350918
2014-11-11,0.019827742854040764
2014-11-12,0.021494406840250058
2014-11-13,0.019336953924571798
2014-11-14,0.019742749667214232
2014-11-15,0.019768827480850515
2014-11-16,0.019769136147496758
2014-11-17,0.019567629245773155
2014-11-18,0.017231538641699906
2014-11-19,0.017343980783951052
2014-11-20,0.017502159287056118
2014-11-21,0.017528679316234808
2014-11-22,0.017528679316234808
2014-11-23,0.017528679316234808
2014-11-24,0.017834851379561423
2014-11-25,0.016541747839017518
2014-11-26,0.016621899548270536
2014-11-27,0.016621899548270536
2014-11-28,0.016621899548270536
2014-11-29,0.016621899548270536
2014-11-30,0.016621899548270536
2014-12-01,0.016658251781147992
2014-12-02,0.016487819773253642
2014-12-03,0.01630291057199451
2014-12-04,0.01645250276639576
2014-12-05,0.016398770953749642
2014-12-06,0.016398770953749642
2014-12-07,0.016398770953749642
2014-12-08,0.01638129442025238
2014-12-09,0.01630370453907748
2014-12-10,0.016404961381638827
2014-12-11,0.016273372463021962
2014-12-12,0.01639717393379181
2014-12-13,0.01639717393379181
2014-12-14,0.01639717393379181
2014-12-15,0.016439081179161263
2014-12-16,0.016302819966280913
2014-12-17,0.014015907029361063
2014-12-18,0.014300473306346095
2014-12-19,0.014468899848943506
2014-12-20,0.014468899848943506
2014-12-21,0.014468899848943506
2014-12-22,0.014392551463885184
2014-12-23,0.019744930156672336
2014-12-24,0.01974150873386038
2014-12-25,0.01974150873386038
2014-12-26,0.019744827233005857
2014-12-27,0.019744827233005857
2014-12-28,0.019744827233005857
2014-12-29,0.019744211517787047
2014-12-30,0.019744211517787047
2014-12-31,0.01974268473583307
2015-01-01,0.01974268473583307
2015-01-02,0.01974268473583307
2015-01-03,0.01974268473583307
2015-01-04,0.01974268473583307
2015-01-05,0.019735884997134745
2015-01-06,0.019550325207783548
2015-01-07,0.01934638249024112
2015-01-08,0.019701453466697272
2015-01-09,0.019596447412957074
2015-01-10,0.01959194690496524
2015-01-11,0.01959194690496524
2015-01-12,0.018856287966659613
2015-01-13,0.018991411547329307
2015-01-14,0.01889178083827847
2015-01-15,0.015614499864100573
2015-01-16,0.015614280083549925
2015-01-17,0.015614280083549925
2015-01-18,0.015614280083549925
2015-01-19,0.01561133485343369
2015-01-20,0.012745573348114547
2015-01-21,0.013375729334482944
2015-01-22,0.012561878223182665
2015-01-23,0.01111887327175487
2015-01-24,0.01111887327175487
2015-01-25,0.01111887327175487
2015-01-26,0.007922009747316716
2015-01-27,0.013771690277994075
2015-01-28,0.007319748544519555
2015-01-29,0.008813224908504669
2015-01-30,0.004944387700885677
2015-01-31,0.005106213916423297
2015-02-01,0.005106213916423297
2015-02-02,0.008292491607610142
2015-02-03,0.008462442707146689
2015-02-04,0.014233639426413758
2015-02-05,0.01938445041171155
2015-02-06,0.01810438333307185
2015-02-07,0.018276759362665818
2015-02-08,0.018276759362665818
2015-02-09,0.017292712036135693
2015-02-10,0.013476683745037743
2015-02-11,0.013683608387605517
2015-02-12,0.014267829576215973
2015-02-13,0.013545967902489853
2015-02-14,0.013545967902489853
2015-02-15,0.013545967902489853
2015-02-16,0.01343297289027956
2015-02-17,0.021360564366067702
2015-02-18,0.01966173390903303
2015-02-19,0.015495325559075512
2015-02-20,0.01577270889644744
2015-02-21,0.01577270889644744
2015-02-22,0.01564880952722736
2015-02-23,0.017789905718788912
2015-02-24,0.01854828753285731
2015-02-25,0.01841886034011142
2015-02-26,0.017860399430059237
2015-02-27,0.017221209773431667
2015-02-28,0.017221209773431667
2015-03-01,0.017221209773431667
2015-03-02,0.017130529035767506
2015-03-03,0.014384243461276647
2015-03-04,0.014009225956266746
2015-03-05,0.013569190814394005
2015-03-06,0.013379450043414343
2015-03-07,0.013379450043414343
2015-03-08,0.013379450043414343
2015-03-09,0.013182572338808152
2015-03-10,0.01271022234015673
2015-03-11,0.01267287913009807
2015-03-12,0.012705269793439555
2015-03-13,0.012705317015139439
2015-03-14,0.012705317015139439
2015-03-15,0.012705317015139439
2015-03-16,0.012560326305963931
2015-03-17,0.011463484242865585
2015-03-18,0.012413469590849324
2015-03-19,0.012566146273525813
2015-03-20,0.012705951522764103
2015-03-21,0.012705951522764103
2015-03-22,0.012705951522764103
2015-03-23,0.012702701583358733
2015-03-24,0.012564687641944516
2015-03-25,0.01304199165423281
2015-03-26,0.012790065962243746
2015-03-27,0.012718827363165097
2015-03-28,0.012718827363165097
2015-03-29,0.012718827363165097
2015-03-30,0.01285934977893577
2015-03-31,0.012866206510574907
2015-04-01,0.013255720453906106
2015-04-02,0.01327316908572529
2015-04-03,0.013260758788852467
2015-04-04,0.013260758788852467
2015-04-05,0.013260758788852467
2015-04-06,0.013219822425981853
2015-04-07,0.013175648031773068
2015-04-08,0.012547411706713474
2015-04-09,0.007591361732044444
2015-04-10,0.0075916049666227
2015-04-11,0.0075916049666227
2015-04-12,0.0075916049666227
2015-04-13,0.007547242919961672
2015-04-14,0.006709514638839398
2015-04-15,0.007283029591591772
2015-04-16,0.005229190651874216
2015-04-17,0.004365267823584373
2015-04-18,0.00424307328175999
2015-04-19,0.00424307328175999
2015-04-20,0.006956393292322671
2015-04-21,0.006844777406088465
2015-04-22,0.018570370059459718
2015-04-23,0.022130357763894493
2015-04-24,0.02205532871755822
2015-04-25,0.02205532871755822
2015-04-26,0.02205532871755822
2015-04-27,0.020877550836478465
2015-04-28,0.013752282160695906
2015-04-29,0.015059044171862768
2015-04-30,0.01039599770151245
2015-05-01,0.012386392705728388
2015-05-02,0.013674016294535685
2015-05-03,0.013652238228005764
2015-05-04,0.013104002498272482
2015-05-05,0.011661611659442572
2015-05-06,0.007545639361403067
2015-05-07,0.004159057779265174
2015-05-08,0.003699950560683174
2015-05-09,0.0034490118674077586
2015-05-10,0.0034490118674077586
2015-05-11,0.005502469991818026
2015-05-12,0.005293584252547445
2015-05-13,-0.0005392456083584962
2015-05-14,-0.00032741086175314127
2015-05-15,-0.00023974535366955152
2015-05-16,-0.0002166125751673631
2015-05-17,-0.0002166125751673631
2015-05-18,-0.011170098774256232
2015-05-19,-0.013085452720652868
2015-05-20,-0.013063193574810561
2015-05-21,-0.009797138971721742
2015-05-22,-0.009634195499424236
2015-05-23,-0.009657243852681185
2015-05-24,-0.009657243852681185
2015-05-25,-0.009657243852681185
2015-05-26,-0.009591518675108546
2015-05-27,-0.011045782636979307
2015-05-28,-0.011295534908483562
2015-05-29,-0.011271611199844878
2015-05-30,-0.011271611199844878
2015-05-31,-0.011271611199844878
2015-06-01,-0.011297403006840678
2015-06-02,-0.017338936920450077
2015-06-03,-0.017328874813124173
2015-06-04,-0.01743429500408933
2015-06-05,-0.017443598801824556
2015-06-06,-0.017443598801824556
2015-06-07,-0.017443598801824556
2015-06-08,-0.01787292226231696
2015-06-09,-0.017916781825236927
2015-06-10,-0.017930339056808853
2015-06-11,-0.017994403884833088
2015-06-12,-0.018002044234759373
2015-06-13,-0.018000958543821777
2015-06-14,-0.018000958543821777
2015-06-15,-0.017977648595563056
2015-06-16,-0.01797511059556489
2015-06-17,-0.014114384311758377
2015-06-18,-0.013204355684185987
2015-06-19,-0.013135444296673016
2015-06-20,-0.013135444296673016
2015-06-21,-0.013135444296673016
2015-06-22,-0.013135840561754097
2015-06-23,-0.013032860355562614
2015-06-24,-0.013018432129358604
2015-06-25,-0.012965747552356688
2015-06-26,-0.01296758047979596
2015-06-27,-0.01296758047979596
2015-06-28,-0.01296758047979596
2015-06-29,-0.012955960622656915
2015-06-30,-0.012949543980535494
2015-07-01,-0.012990212370275867
2015-07-02,-0.013063335723882297
2015-07-03,-0.013063335723882297
2015-07-04,-0.013063335723882297
2015-07-05,-0.013063335723882297
2015-07-06,-0.012904789201020228
2015-07-07,-0.012896070405847948
2015-07-08,-0.012886785429993775
2015-07-09,-0.012844175721389295
2015-07-10,-0.01282719693388068
2015-07-11,-0.01282719693388068
2015-07-12,-0.01282719693388068
2015-07-13,-0.013101024444580056
2015-07-14,-0.01313014691809189
2015-07-15,-0.012206531778856777
2015-07-16,-0.010117425807534608
2015-07-17,-0.010484100188635437
2015-07-18,-0.010484100188635437
2015-07-19,-0.010484100188635437
2015-07-20,-0.010659515051373192
2015-07-21,-0.005019620561232396
2015-07-22,-0.004601986481342135
2015-07-23,-0.01306982698345649
2015-07-24,-0.013640003266373157
2015-07-25,-0.013592268802777863
2015-07-26,-0.013592268802777863
2015-07-27,-0.012874048025972251
2015-07-28,-0.013780732153350517
2015-07-29,-0.00889612603201162
2015-07-30,-0.00524272173633511
2015-07-31,-0.0038383574661337017
2015-08-01,-0.0038267413709338616
2015-08-02,-0.003883608952347184
2015-08-03,-0.003926039026546202
2015-08-04,-0.003937775686751688
2015-08-05,-0.0014720261349198127
2015-08-06,-0.0013192443494923767
2015-08-07,0.0022373370132167114
2015-08-08,0.002246561671520375
2015-08-09,0.002246561671520375
2015-08-10,-0.000318089880225525
2015-08-11,-0.0003374103796611738
2015-08-12,0.0020640997032213004
2015-08-13,0.0006484717401800122
2015-08-14,0.00043248505873272336
2015-08-15,0.0004309136414610837
2015-08-16,0.0004309136414610837
2015-08-17,0.0008013407892257796
2015-08-18,0.0016373559426510198
2015-08-19,0.0026875512373265575
2015-08-20,0.0013735105942678238
2015-08-21,0.0013735667108503158
2015-08-22,0.0013735667108503158
2015-08-23,0.0013735667108503158
2015-08-24,0.0013226834983874891
2015-08-25,0.0010531199340706454
2015-08-26,9.708215681869525e-05
2015-08-27,-0.0002219272355432622
2015-08-28,-0.00019987084688555257
2015-08-29,-0.00019987084688555257
2015-08-30,-0.00019987084688555257
2015-08-31,-0.00012272768989518568
2015-09-01,-0.0030537892849719084
2015-09-02,-0.0031522678444607655
2015-09-03,-0.003243141358930557
2015-09-04,-0.00323960741716256
2015-09-05,-0.00323960741716256
2015-09-06,-0.00323960741716256
2015-09-07,-0.00323960741716256
2015-09-08,-0.003614417409459336
2015-09-09,-0.003916230927111131
2015-09-10,-0.0040516995735025985
2015-09-11,-0.0045863842057103366
2015-09-12,-0.0045863842057103366
2015-09-13,-0.0045863842057103366
2015-09-14,-0.00460117530873283
2015-09-15,-0.004580688939481381
2015-09-16,-0.010584985996807461
2015-09-17,-0.011478643263122201
2015-09-18,-0.011493904950128475
2015-09-19,-0.011493904950128475
2015-09-20,-0.011493904950128475
2015-09-21,-0.011592388928699404
2015-09-22,-0.01176634932817866
2015-09-23,-0.011715465005142534
2015-09-24,-0.012459470562068864
2015-09-25,-0.012490149152432073
2015-09-26,-0.012490149152432073
2015-09-27,-0.012490149152432073
2015-09-28,-0.01247925089283708
2015-09-29,-0.012718611232552135
2015-09-30,-0.012662081458229446
2015-10-01,-0.013269990320157521
2015-10-02,-0.01327009061704676
2015-10-03,-0.01327009061704676
2015-10-04,-0.01327009061704676
2015-10-05,-0.013268484477256925
2015-10-06,-0.011248096855566936
2015-10-07,-0.010404071806846549
2015-10-08,-0.011372870180047512
2015-10-09,-0.011368291560176824
2015-10-10,-0.01136651074912931
2015-10-11,-0.011399732998715661
2015-10-12,-0.011424593455521825
2015-10-13,-0.005241746232358624
2015-10-14,-0.005296994908457364
2015-10-15,-0.005790402612978918
2015-10-16,-0.006522122137358255
2015-10-17,-0.006522122137358255
2015-10-18,-0.006522122137358255
2015-10-19,-0.0069044516231240305
2015-10-20,-0.00962320999978139
2015-10-21,-0.015694216364997793
2015-10-22,-0.022097332835774863
2015-10-23,-0.021741723571778948
2015-10-24,-0.021741723571778948
2015-10-25,-0.021741723571778948
2015-10-26,-0.022100255102952993
2015-10-27,-0.017926713716925002
2015-10-28,-0.017274476727864196
2015-10-29,-0.018868074688296432
2015-10-30,-0.014128349141571128
2015-10-31,-0.01292824744952592
2015-11-01,-0.01292824744952592
2015-11-02,-0.012568282598410696
2015-11-03,-0.011334994793081532
2015-11-04,-0.013369224722822648
2015-11-05,-0.01680436028945531
2015-11-06,-0.017202428477599008
2015-11-07,-0.017196229016669062
2015-11-08,-0.017196229016669062
2015-11-09,-0.018961342093322564
2015-11-10,-0.019149771687910766
2015-11-11,-0.019451583958428387
2015-11-12,-0.01890479032573067
2015-11-13,-0.018633958576406595
2015-11-14,-0.0185550221107621
2015-11-15,-0.0185550221107621
2015-11-16,-0.018716354489516585
2015-11-17,-0.018356978357664477
2015-11-18,-0.01815466303030011
2015-11-19,-0.018262634357915197
2015-11-20,-0.01830917542117172
2015-11-21,-0.01830917542117172
2015-11-22,-0.01830917542117172
2015-11-23,-0.017762552514419383
2015-11-24,-0.014556614617387886
2015-11-25,-0.0161887718123791
2015-11-26,-0.0161887718123791
2015-11-27,-0.016193539850043015
2015-11-28,-0.016193539850043015
2015-11-29,-0.016193539850043015
2015-11-30,-0.016349297972141463
2015-12-01,-0.016262173005400227
2015-12-02,-0.01618920836809179
2015-12-03,-0.016182811663320362
2015-12-04,-0.01622759413670083
2015-12-05,-0.01622759413670083
2015-12-06,-0.01622759413670083
2015-12-07,-0.01673684141487275
2015-12-08,-0.01693981564319169
2015-12-09,-0.016962959975105774
2015-12-10,-0.01692674525349913
2015-12-11,-0.016836795404615468
2015-12-12,-0.016836795404615468
2015-12-13,-0.016836795404615468
2015-12-14,-0.016894567350914214
2015-12-15,-0.016853947209530484
2015-12-16,-0.015114664780634834
2015-12-17,-0.015542787672503722
2015-12-18,-0.015931095639362014
2015-12-19,-0.015931095639362014
2015-12-20,-0.015931095639362014
2015-12-21,-0.015773530714302764
2015-12-22,-0.015309098043412961
2015-12-23,-0.015273542172766441
2015-12-24,-0.015305391478727115
2015-12-25,-0.015305391478727115
2015-12-26,-0.015305391478727115
2015-12-27,-0.015305391478727115
2015-12-28,-0.015401393833447519
2015-12-29,-0.01541004188306161
2015-12-30,-0.01541004188306161
2015-12-31,-0.01541004188306161
2016-01-01,-0.01541004188306161
2016-01-02,-0.01541004188306161
2016-01-03,-0.01541004188306161
2016-01-04,-0.01541004188306161
2016-01-05,-0.015385670535853602
2016-01-06,-0.016950490678095176
2016-01-07,-0.02269209107571002
2016-01-08,-0.022811920878722636
2016-01-09,-0.022811920878722636
2016-01-10,-0.022811920878722636
2016-01-11,-0.022408120331329662
2016-01-12,-0.02221272726276191
2016-01-13,-0.022424263585580695
2016-01-14,-0.02010218494082383
2016-01-15,-0.020104999531340595
2016-01-16,-0.020104999531340595
2016-01-17,-0.020104999531340595
2016-01-18,-0.020114266643599832
2016-01-19,-0.02274582848255058
2016-01-20,-0.02299658000643401
2016-01-21,-0.01818420343134286
2016-01-22,-0.01825599440156922
2016-01-23,-0.01825599440156922
2016-01-24,-0.01825599440156922
2016-01-25,-0.012656910806049582
2016-01-26,-0.023141642759488823
2016-01-27,-0.018949517211318545
2016-01-28,-0.014787999679404806
2016-01-29,-0.018815124420935136
2016-01-30,-0.018815124420935136
2016-01-31,-0.018815124420935136
2016-02-01,-0.022525885427972847
2016-02-02,-0.022683330597742857
2016-02-03,-0.03370478966048007
2016-02-04,-0.03457615603446296
2016-02-05,-0.03470577076153225
2016-02-06,-0.03466412423890475
2016-02-07,-0.03466412423890475
2016-02-08,-0.03689758587154324
2016-02-09,-0.03929532695352789
2016-02-10,-0.04049913734345534
2016-02-11,-0.040913535533749545
2016-02-12,-0.040449284928359086
2016-02-13,-0.040449284928359086
2016-02-14,-0.040449284928359086
2016-02-15,-0.04050212994872393
2016-02-16,-0.039439917794129475
2016-02-17,-0.04088420114477764
2016-02-18,-0.042556163511558665
2016-02-19,-0.04286612958225988
2016-02-20,-0.04286612958225988
2016-02-21,-0.04286612958225988
2016-02-22,-0.04852820062041585
2016-02-23,-0.049736208507830004
2016-02-24,-0.04955090858604816
2016-02-25,-0.05513052768872062
2016-02-26,-0.05538524682849999
2016-02-27,-0.0555226672955903
2016-02-28,-0.0555226672955903
2016-02-29,-0.05648367665604892
2016-03-01,-0.06639704066917529
2016-03-02,-0.06653076708537631
2016-03-03,-0.06635980235354477
2016-03-04,-0.06650991748034396
2016-03-05,-0.06650991748034396
2016-03-06,-0.06650991748034396
2016-03-07,-0.06638822499585384
2016-03-08,-0.06687786807977236
2016-03-09,-0.06737537580838227
2016-03-10,-0.06761762321808218
2016-03-11,-0.06814476765968225
2016-03-12,-0.06814476765968225
2016-03-13,-0.06814655423652916
2016-03-14,-0.06819331011811913
2016-03-15,-0.06774395537938538
2016-03-16,-0.06900925222154453
2016-03-17,-0.06924648027822355
2016-03-18,-0.06928372464658306
2016-03-19,-0.06928372464658306
2016-03-20,-0.06928372464658306
2016-03-21,-0.06938537794658883
2016-03-22,-0.06932826915528367
2016-03-23,-0.06947281109735315
2016-03-24,-0.06906505506959637
2016-03-25,-0.06905643479261558
2016-03-26,-0.06905643479261558
2016-03-27,-0.06905643479261558
2016-03-28,-0.06899573165622008
2016-03-29,-0.06894669606607906
2016-03-30,-0.06940482616540189
2016-03-31,-0.0693718257131759
2016-04-01,-0.06946767558425637
2016-04-02,-0.06946767558425637
2016-04-03,-0.06946767558425637
2016-04-04,-0.06946617779873321
2016-04-05,-0.06450387294108584
2016-04-06,-0.06512030088693177
2016-04-07,-0.06422443954751278
2016-04-08,-0.06398520073366443
2016-04-09,-0.06448458356420361
2016-04-10,-0.06448458356420361
2016-04-11,-0.06478630454524847
2016-04-12,-0.06473708979731208
2016-04-13,-0.06483003240265595
2016-04-14,-0.06481163123253986
2016-04-15,-0.06481290479612589
2016-04-16,-0.06481290479612589
2016-04-17,-0.06481290479612589
2016-04-18,-0.061688141170192945
2016-04-19,-0.06491791433029881
2016-04-20,-0.06790498323592542
2016-04-21,-0.06958020394279518
2016-04-22,-0.07085876543175029
2016-04-23,-0.07085876543175029
2016-04-24,-0.07085876543175029
2016-04-25,-0.07223292630492839
2016-04-26,-0.06453598108797787
2016-04-27,-0.06116046380445306
2016-04-28,-0.06568896263537716
2016-04-29,-0.06664173969212461
2016-04-30,-0.06664173969212461
2016-05-01,-0.06664173969212461
2016-05-02,-0.06707938835050042
2016-05-03,-0.06927398357523273
2016-05-04,-0.07624134098289337
2016-05-05,-0.0696374843466836
2016-05-06,-0.06943225083443427
2016-05-07,-0.0694446876206144
2016-05-08,-0.0694036659125693
2016-05-09,-0.07109173476975361
2016-05-10,-0.06988862241811333
2016-05-11,-0.06983276849190678
2016-05-12,-0.0701540555543898
2016-05-13,-0.07028655004058137
2016-05-14,-0.07028655004058137
2016-05-15,-0.07027568353218894
2016-05-16,-0.07012436179418469
2016-05-17,-0.06879115339491904
2016-05-18,-0.06639392488750984
2016-05-19,-0.06655751541646271
2016-05-20,-0.06651573162423896
2016-05-21,-0.06651573162423896
2016-05-22,-0.06651573162423896
2016-05-23,-0.06655048416335052
2016-05-24,-0.06644023085938522
2016-05-25,-0.06684283379596234
2016-05-26,-0.06842011650179003
2016-05-27,-0.06845286281539509
2016-05-28,-0.06845286281539509
2016-05-29,-0.06845286281539509
2016-05-30,-0.06845286281539509
2016-05-31,-0.0645622845830014
2016-06-01,-0.06454840802326234
2016-06-02,-0.06403355851694903
2016-06-03,-0.06403414104467708
2016-06-04,-0.06403414104467708
2016-06-05,-0.06403414104467708
2016-06-06,-0.06405667679213034
2016-06-07,-0.06887782277683863
2016-06-08,-0.0688940306847532
2016-06-09,-0.06984265329435146
2016-06-10,-0.06985229858725506
2016-06-11,-0.06985229858725506
2016-06-12,-0.06985229858725506
2016-06-13,-0.06979043401324303
2016-06-14,-0.06981525237556518
2016-06-15,-0.06980684281456562
2016-06-16,-0.07461983896504254
2016-06-17,-0.07461983896504254
2016-06-18,-0.07461983896504254
2016-06-19,-0.07461983896504254
2016-06-20,-0.07461983896504254
2016-06-21,-0.07471276736798305
2016-06-22,-0.07443326303831233
2016-06-23,-0.07438753647401719
2016-06-24,-0.07438045592818343
2016-06-25,-0.07437912155218274
2016-06-26,-0.07437912155218274
2016-06-27,-0.07438660704120004
2016-06-28,-0.07501806902778974
2016-06-29,-0.07538320441323498
2016-06-30,-0.07463393913678207
2016-07-01,-0.07469268584088751
2016-07-02,-0.07469268584088751
2016-07-03,-0.07469268584088751
2016-07-04,-0.07469268584088751
2016-07-05,-0.0747166084476949
2016-07-06,-0.07523635630683922
2016-07-07,-0.07558889037579908
2016-07-08,-0.07558889037579908
2016-07-09,-0.07558889037579908
2016-07-10,-0.07558889037579908
2016-07-11,-0.07531367417623502
2016-07-12,-0.07507338064039204
2016-07-13,-0.07507377462372145
2016-07-14,-0.0750828511857744
2016-07-15,-0.07497122141294099
2016-07-16,-0.07496925528896681
2016-07-17,-0.07496925528896681
2016-07-18,-0.07469993192671076
2016-07-19,-0.07615736819988028
2016-07-20,-0.08281262667630995
2016-07-21,-0.09107365411172585
2016-07-22,-0.09117170283776621
2016-07-23,-0.09117170283776621
2016-07-24,-0.09117170283776621
2016-07-25,-0.08952982665956166
2016-07-26,-0.09416302912088026
2016-07-27,-0.08861876927411083
2016-07-28,-0.08274202853792856
2016-07-29,-0.08190699156451042
2016-07-30,-0.08193803989641446
2016-07-31,-0.08193803989641446
2016-08-01,-0.08297998810438789
2016-08-02,-0.08676844539206796
2016-08-03,-0.08183288585025339
2016-08-04,-0.08256658135851147
2016-08-05,-0.0821633529658059
2016-08-06,-0.08214725047346316
2016-08-07,-0.08214725047346316
2016-08-08,-0.08276941419866002
2016-08-09,-0.07572807740208298
2016-08-10,-0.07659583455003405
2016-08-11,-0.07583962042419012
2016-08-12,-0.07577626835822715
2016-08-13,-0.07578271451927765
2016-08-14,-0.07578271451927765
2016-08-15,-0.07207771621414139
2016-08-16,-0.07238090103186356
2016-08-17,-0.07598132637869992
2016-08-18,-0.07503868811474512
2016-08-19,-0.07524868495483894
2016-08-20,-0.07524868495483894
2016-08-21,-0.07524868495483894
2016-08-22,-0.07530431406235649
2016-08-23,-0.07484034097034531
2016-08-24,-0.07465888528307363
2016-08-25,-0.07434224326487204
2016-08-26,-0.0743380939343633
2016-08-27,-0.0743380939343633
2016-08-28,-0.0743380939343633
2016-08-29,-0.07437114217509444
2016-08-30,-0.07396265822994419
2016-08-31,-0.07393236720233132
2016-09-01,-0.07410319610907878
2016-09-02,-0.07409650565655879
2016-09-03,-0.07409650565655879
2016-09-04,-0.07409650565655879
2016-09-05,-0.07409650565655879
2016-09-06,-0.0736197410498004
2016-09-07,-0.073568242086411
2016-09-08,-0.07393189999168848
2016-09-09,-0.07386799591139936
2016-09-10,-0.0738557338289032
2016-09-11,-0.0738557338289032
2016-09-12,-0.07386266956240639
2016-09-13,-0.0738696121589012
2016-09-14,-0.0739242779966417
2016-09-15,-0.06709836863937113
2016-09-16,-0.06709887332557951
2016-09-17,-0.06709887332557951
2016-09-18,-0.0670934804137201
2016-09-19,-0.06708735460596216
2016-09-20,-0.06706389016523417
2016-09-21,-0.06650881110531848
2016-09-22,-0.065571018767413
2016-09-23,-0.06557791775004096
2016-09-24,-0.06557791775004096
2016-09-25,-0.06557791775004096
2016-09-26,-0.06582657672352965
2016-09-27,-0.06600116078008156
2016-09-28,-0.06657747995482044
2016-09-29,-0.0666919434134059
2016-09-30,-0.06669393485366348
2016-10-01,-0.06669393485366348
2016-10-02,-0.06669393485366348
2016-10-03,-0.06670534331421152
2016-10-04,-0.06683358701511755
2016-10-05,-0.06692528412356524
2016-10-06,-0.06694307172935743
2016-10-07,-0.06694454396712601
2016-10-08,-0.06694537121964006
2016-10-09,-0.06694537121964006
2016-10-10,-0.06694537121964006
2016-10-11,-0.06668010680703518
2016-10-12,-0.06665854514700686
2016-10-13,-0.06645901818748046
2016-10-14,-0.06648270557989522
2016-10-15,-0.06648270557989522
2016-10-16,-0.06648270557989522
2016-10-17,-0.06751917229422644
2016-10-18,-0.07107377585487218
2016-10-19,-0.06557984312191434
2016-10-20,-0.048298244769642396
2016-10-21,-0.04840527212853829
2016-10-22,-0.04840090027223176
2016-10-23,-0.04827843756988437
2016-10-24,-0.0475888134391792
2016-10-25,-0.03587846505113368
2016-10-26,-0.038863177328678944
2016-10-27,-0.028519511997330493
2016-10-28,-0.029105173711179932
2016-10-29,-0.029105173711179932
2016-10-30,-0.029105173711179932
2016-10-31,-0.027356909397379114
2016-11-01,-0.02500634337686769
2016-11-02,-0.011599572746122888
2016-11-03,-0.007352807116547511
2016-11-04,-0.007561635441577064
2016-11-05,-0.007564428394205125
2016-11-06,-0.007042868718755146
2016-11-07,-0.009522103951455696
2016-11-08,-0.009006630974015772
2016-11-09,-0.008315029918132044
2016-11-10,-0.005687516048925034
2016-11-11,-0.0056280025465411665
2016-11-12,-0.0056280025465411665
2016-11-13,-0.0056280025465411665
2016-11-14,-0.0030966104775193015
2016-11-15,-0.0017500539236140478
2016-11-16,0.0016610180960043852
2016-11-17,0.0015200441309246582
2016-11-18,0.0015784251932979831
2016-11-19,0.0015784251932979831
2016-11-20,0.0015784251932979831
2016-11-21,0.0015995197718619014
2016-11-22,0.0007370352982525308
2016-11-23,0.0005671152865198703
2016-11-24,0.0005671152865198703
2016-11-25,0.0005694685931028065
2016-11-26,0.0005694685931028065
2016-11-27,0.0005694685931028065
2016-11-28,0.000538158464924221
2016-11-29,0.0003196807540142288
2016-11-30,0.0003404719283612856
2016-12-01,-7.164583271046521e-05
2016-12-02,-3.17760126552491e-05
2016-12-03,-3.17760126552491e-05
2016-12-04,-3.17760126552491e-05
2016-12-05,-8.57923268815508e-06
2016-12-06,-2.1941214284337818e-05
2016-12-07,0.0009506683619748824
2016-12-08,0.0015649433828526238
2016-12-09,0.0015720554286389188
2016-12-10,0.0015720554286389188
2016-12-11,0.0015720554286389188
2016-12-12,0.0015844348604643343
2016-12-13,0.001596459106156356
2016-12-14,0.0016696231399357941
2016-12-15,-0.00332294835834146
2016-12-16,-0.003325288504428703
2016-12-17,-0.003325288504428703
2016-12-18,-0.003325288504428703
2016-12-19,-0.003290306753266359
2016-12-20,-0.0023061468930400952
2016-12-21,-0.002774403851229401
2016-12-22,-0.0028775415155759543
2016-12-23,-0.0028778690151650688
2016-12-24,-0.0028778690151650688
2016-12-25,-0.0028778690151650688
2016-12-26,-0.0028778690151650688
2016-12-27,-0.002873270485736934
2016-12-28,-0.0028801979232567776
2016-12-29,-0.0028801979232567776
2016-12-30,-0.002884909208194286
2016-12-31,-0.002884909208194286
2017-01-01,-0.002884909208194286
2017-01-02,-0.002884909208194286
2017-01-03,-0.002884909208194286
2017-01-04,-0.002938037775094937
2017-01-05,-0.0007218221104722256
2017-01-06,-0.0006935047951990292
2017-01-07,-0.0006935047951990292
2017-01-08,-0.0006935047951990292
2017-01-09,-0.0005271035689464743
2017-01-10,-0.0005066497282989468
2017-01-11,-0.0005654514163531132
2017-01-12,-0.0005455021425114781
2017-01-13,-0.000903775779788063
2017-01-14,-0.0008854746079944853
2017-01-15,-0.0008854746079944853
2017-01-16,-0.0008702150509787288
2017-01-17,-0.0014692794884455518
2017-01-18,-0.001179307582427458
2017-01-19,-0.0002479065530457403
2017-01-20,-0.0042647402266415835
2017-01-21,-0.0042647402266415835
2017-01-22,-0.0042647402266415835
2017-01-23,-0.010205961593046764
2017-01-24,-0.004934066892658517
2017-01-25,-0.0030679871830034955
2017-01-26,-0.018936588789450037
2017-01-27,-0.012989577400537633
2017-01-28,-0.012989577400537633
2017-01-29,-0.012989577400537633
2017-01-30,-0.012807776693784079
2017-01-31,-0.010050613111818096
2017-02-01,-0.010655362392137269
2017-02-02,-0.011271740712183287
2017-02-03,-0.009235203795707969
2017-02-04,-0.009235203795707969
2017-02-05,-0.009232294738522162
2017-02-06,-0.007626809112814215
2017-02-07,-0.0008110762157637064
2017-02-08,-0.004508744635455364
2017-02-09,0.0016483782115053192
2017-02-10,0.0027983936149953426
2017-02-11,0.0027039911701045583
2017-02-12,0.0027173077785924704
2017-02-13,0.003524706404512079
2017-02-14,0.002505018106233159
2017-02-15,0.004102111494494132
2017-02-16,0.004248057952247475
2017-02-17,0.0035885884198048057
2017-02-18,0.0035885884198048057
2017-02-19,0.0035885884198048057
2017-02-20,0.0036921395344431396
2017-02-21,0.0025671416825843174
2017-02-22,0.004662928547747303
2017-02-23,0.009973073709871105
2017-02-24,0.009915031730570067
2017-02-25,0.009898741759169383
2017-02-26,0.009898741759169383
2017-02-27,0.013009647274351721
2017-02-28,0.014624722477401653
2017-03-01,0.013016944983175627
2017-03-02,0.012710247875629799
2017-03-03,0.012427848142497533
2017-03-04,0.012427848142497533
2017-03-05,0.012427848142497533
2017-03-06,0.01274339113268863
2017-03-07,0.01276366422328823
2017-03-08,0.013500774760844214
2017-03-09,0.012538354411783192
2017-03-10,0.012568032560691389
2017-03-11,0.012568032560691389
2017-03-12,0.012568032560691389
2017-03-13,0.01260308327905646
2017-03-14,0.011739489138036463
2017-03-15,0.013081286035668382
2017-03-16,0.012949232133976363
2017-03-17,0.013045896653576916
2017-03-18,0.013045896653576916
2017-03-19,0.013045896653576916
2017-03-20,0.01305493201754726
2017-03-21,0.01433615522840781
2017-03-22,0.014188753840486346
2017-03-23,0.014041927730380932
2017-03-24,0.0140674868758639
2017-03-25,0.0140674868758639
2017-03-26,0.0140674868758639
2017-03-27,0.014158175151099517
2017-03-28,0.013942985392871421
2017-03-29,0.014460900760329576
2017-03-30,0.014521310672848342
2017-03-31,0.014551102245976999
2017-04-01,0.014555103470078823
2017-04-02,0.014555103470078823
2017-04-03,0.014554894096012516
2017-04-04,0.014749504951217629
2017-04-05,0.014757510807189123
2017-04-06,0.015390600037504143
2017-04-07,0.015393422386255295
2017-04-08,0.015393422386255295
2017-04-09,0.015393422386255295
2017-04-10,0.015365170712035692
2017-04-11,0.015365715693496318
2017-04-12,0.015345897963880306
2017-04-13,0.015441288689395316
2017-04-14,0.015442780861078864
2017-04-15,0.015442780861078864
2017-04-16,0.015442780861078864
2017-04-17,0.01544733987267266
2017-04-18,0.007352024850319605
2017-04-19,0.001785541172328875
2017-04-20,0.00025828673284333803
2017-04-21,-0.003415297062231315
2017-04-22,-0.003415297062231315
2017-04-23,-0.0035192387266352876
2017-04-24,-0.0016093981440971072
2017-04-25,0.0025058551201520007
2017-04-26,0.004551492865870754
2017-04-27,0.029704622591556484
2017-04-28,0.034029162172420024
2017-04-29,0.034008312478367
2017-04-30,0.034008312478367
2017-05-01,0.03482002613131474
2017-05-02,0.03894841508746527
2017-05-03,0.03840184849175565
2017-05-04,0.048652245681888306
2017-05-05,0.04933114486739809
2017-05-06,0.04933114486739809
2017-05-07,0.04931301119960807
2017-05-08,0.04383798151386542
2017-05-09,0.043032194912025146
2017-05-10,0.04287746517976743
2017-05-11,0.04539042097515433
2017-05-12,0.04605056864849577
2017-05-13,0.04605056864849577
2017-05-14,0.04605056864849577
2017-05-15,0.04614752401105071
2017-05-16,0.046095303151749034
2017-05-17,0.04320566793020064
2017-05-18,0.04539066080070042
2017-05-19,0.04535578423087072
2017-05-20,0.04536034206785855
2017-05-21,0.04548809543699628
2017-05-22,0.04555367133074717
2017-05-23,0.04538967882409195
2017-05-24,0.04518657617037958
2017-05-25,0.046691065402248544
2017-05-26,0.047526747414678994
2017-05-27,0.047526747414678994
2017-05-28,0.047526747414678994
2017-05-29,0.047526747414678994
2017-05-30,0.04856780577034425
2017-05-31,0.04357895002631884
2017-06-01,0.04230577176978034
2017-06-02,0.04218778237900711
2017-06-03,0.04218778237900711
2017-06-04,0.04218778237900711
2017-06-05,0.04218852403136486
2017-06-06,0.04230891978744289
2017-06-07,0.04249174548778334
2017-06-08,0.04253263262769447
2017-06-09,0.04247792301278608
2017-06-10,0.04247792301278608
2017-06-11,0.04247792301278608
2017-06-12,0.042521349118576746
2017-06-13,0.04266499022679482
2017-06-14,0.042622001021544786
2017-06-15,0.04280289687067396
2017-06-16,0.04280289687067396
2017-06-17,0.04280289687067396
2017-06-18,0.04280289687067396
2017-06-19,0.04280488974693397
2017-06-20,0.043368073391460316
2017-06-21,0.04235823430794938
2017-06-22,0.04176438308360653
2017-06-23,0.042330648020780126
2017-06-24,0.042330648020780126
2017-06-25,0.042330648020780126
2017-06-26,0.042296600388378236
2017-06-27,0.042426464202605096
2017-06-28,0.04251768905334341
2017-06-29,0.040624264623894124
2017-06-30,0.04062397257367012
2017-07-01,0.04062397257367012
2017-07-02,0.04062397257367012
2017-07-03,0.04061303533998517
2017-07-04,0.04061303533998517
2017-07-05,0.040620092864186
2017-07-06,0.0406429073330854
2017-07-07,0.0406429073330854
2017-07-08,0.0406429073330854
2017-07-09,0.0406429073330854
2017-07-10,0.0407678195265333
2017-07-11,0.04079834332449006
2017-07-12,0.040832339177560906
2017-07-13,0.04084218420461627
2017-07-14,0.040952843527303884
2017-07-15,0.040952843527303884
2017-07-16,0.040952843527303884
2017-07-17,0.04154871015738837
2017-07-18,0.02637785139916815
2017-07-19,0.030875569883904497
2017-07-20,0.033213126804603865
2017-07-21,0.0344114138107352
2017-07-22,0.0344114138107352
2017-07-23,0.03433112700608176
2017-07-24,0.034120608020304255
2017-07-25,0.04145905666391503
2017-07-26,0.03866969869200121
2017-07-27,0.044201138394042605
2017-07-28,0.039877168301308386
2017-07-29,0.04007518296153578
2017-07-30,0.04007518296153578
2017-07-31,0.04045455608514281
2017-08-01,0.03970158028418669
2017-08-02,0.04480240841585603
2017-08-03,0.05415981269780512
2017-08-04,0.05741805900667418
2017-08-05,0.057415052073330974
2017-08-06,0.05744709832979744
2017-08-07,0.05805510678015935
2017-08-08,0.06325896963996747
2017-08-09,0.059840690535865715
2017-08-10,0.058740624099997474
2017-08-11,0.05871385599173928
2017-08-12,0.05871446200043651
2017-08-13,0.05871596252303957
2017-08-14,0.056656549319362925
2017-08-15,0.05788853332532207
2017-08-16,0.057763378094819684
2017-08-17,0.05785352551853684
2017-08-18,0.05810874983023817
2017-08-19,0.05810874983023817
2017-08-20,0.05810874983023817
2017-08-21,0.05814969306169604
2017-08-22,0.05815083935110921
2017-08-23,0.05937613517795004
2017-08-24,0.06067630234346777
2017-08-25,0.06069733636267216
2017-08-26,0.06069733636267216
2017-08-27,0.06069733636267216
2017-08-28,0.060737665148714814
2017-08-29,0.06064724395720189
2017-08-30,0.059813784747075216
2017-08-31,0.0601018094834711
2017-09-01,0.06009949452379182
2017-09-02,0.06010237349828085
2017-09-03,0.06010237349828085
2017-09-04,0.06010237349828085
2017-09-05,0.06221423094305867
2017-09-06,0.06231613057082863
2017-09-07,0.06228463875309198
2017-09-08,0.0622862170168923
2017-09-09,0.0622862170168923
2017-09-10,0.0622862170168923
2017-09-11,0.062293303250028575
2017-09-12,0.06229281215632598
2017-09-13,0.06230570322853701
2017-09-14,0.05672888916740426
2017-09-15,0.056726030307514996
2017-09-16,0.056726030307514996
2017-09-17,0.05671962696345334
2017-09-18,0.056823283510812006
2017-09-19,0.05713194819540135
2017-09-20,0.05712051763844039
2017-09-21,0.057103289857801
2017-09-22,0.05693263252689151
2017-09-23,0.05693263252689151
2017-09-24,0.05693263252689151
2017-09-25,0.057173925531432745
2017-09-26,0.05840399077511216
2017-09-27,0.0583186904264148
2017-09-28,0.05929528227862679
2017-09-29,0.05929528227862679
2017-09-30,0.05929528227862679
2017-10-01,0.05929528227862679
2017-10-02,0.05931317879127285
2017-10-03,0.05923646427589757
2017-10-04,0.059664893364082205
2017-10-05,0.05945331289549305
2017-10-06,0.05946481686202709
2017-10-07,0.05946481686202709
2017-10-08,0.05946481686202709
2017-10-09,0.05946481686202709
2017-10-10,0.059474286671513665
2017-10-11,0.05945740361628071
2017-10-12,0.059464086279984674
2017-10-13,0.05951112919211554
2017-10-14,0.05951112919211554
2017-10-15,0.05951112919211554
2017-10-16,0.0593468116476088
2017-10-17,0.06640140094947755
2017-10-18,0.06656019534906332
2017-10-19,0.06906147670426366
2017-10-20,0.070837630694631
2017-10-21,0.070837630694631
2017-10-22,0.07084613426726372
2017-10-23,0.07046087403089407
2017-10-24,0.066298041855257
2017-10-25,0.053236407325292445
2017-10-26,0.052087015826457694
2017-10-27,0.05293834427556843
2017-10-28,0.05293834427556843
2017-10-29,0.05293834427556843
2017-10-30,0.05263930338645517
2017-10-31,0.06106241100135401
2017-11-01,0.05222523839352888
2017-11-02,0.05301771262853916
2017-11-03,0.05230410949098929
2017-11-04,0.052297678742521336
2017-11-05,0.05192966278942768
2017-11-06,0.05190414186498993
2017-11-07,0.05111755980096633
2017-11-08,0.05176391662400692
2017-11-09,0.050220621471150695
2017-11-10,0.05021288866909823
2017-11-11,0.05020628329788712
2017-11-12,0.05020628329788712
2017-11-13,0.049232602508596734
2017-11-14,0.048404605703652015
2017-11-15,0.044695721576241576
2017-11-16,0.043811797024695176
2017-11-17,0.04362925670879836
2017-11-18,0.043625007432125384
2017-11-19,0.04359743934039417
2017-11-20,0.043442785628545755
2017-11-21,0.047652650253072304
2017-11-22,0.047576818191411796
2017-11-23,0.047576818191411796
2017-11-24,0.04757670128106417
2017-11-25,0.04757670128106417
2017-11-26,0.04757670128106417
2017-11-27,0.04782773873631174
2017-11-28,0.04794557269904964
2017-11-29,0.048897531139428185
2017-11-30,0.05101362574320789
2017-12-01,0.05096439748603432
2017-12-02,0.05096439748603432
2017-12-03,0.05096439748603432
2017-12-04,0.05100608043566601
2017-12-05,0.05113447882114808
2017-12-06,0.05334793175174224
2017-12-07,0.05321947167333718
2017-12-08,0.05321541462941859
2017-12-09,0.05321541462941859
2017-12-10,0.05321541462941859
2017-12-11,0.05329043202059136
2017-12-12,0.053236984519453356
2017-12-13,0.053204105177941496
2017-12-14,0.06481324972484459
2017-12-15,0.06488846426398887
2017-12-16,0.06471939470983679
2017-12-17,0.06471939470983679
2017-12-18,0.06469225985198879
2017-12-19,0.06485982337154983
2017-12-20,0.06460170239467855
2017-12-21,0.06418978083707483
2017-12-22,0.06419409405197163
2017-12-23,0.06419409405197163
2017-12-24,0.06419409405197163
2017-12-25,0.06419409405197163
2017-12-26,0.06419409405197163
2017-12-27,0.06419409405197163
2017-12-28,0.0642046518491135
2017-12-29,0.06420447413720343
2017-12-30,0.06420447413720343
2017-12-31,0.06420447413720343
2018-01-01,0.06420447413720343
2018-01-02,0.064206086891615
2018-01-03,0.06432233069165783
2018-01-04,0.06401128033041092
2018-01-05,0.0639939668091527
2018-01-06,0.0639939668091527
2018-01-07,0.0639939668091527
2018-01-08,0.06398264300180467
2018-01-09,0.06398652516078318
2018-01-10,0.06402768804264491
2018-01-11,0.06404277276960446
2018-01-12,0.06356092941486047
2018-01-13,0.06356092941486047
2018-01-14,0.06356092941486047
2018-01-15,0.06356092941486047
2018-01-16,0.06365290972618998
2018-01-17,0.06398774638253468
2018-01-18,0.06284728140723694
2018-01-19,0.06234555422029109
2018-01-20,0.06234555422029109
2018-01-21,0.06234555422029109
2018-01-22,0.06242760810929204
2018-01-23,0.06502572569069853
2018-01-24,0.05569155007737625
2018-01-25,0.059252412430305545
2018-01-26,0.05779166684661963
2018-01-27,0.05779166684661963
2018-01-28,0.05779166684661963
2018-01-29,0.058018126620953625
2018-01-30,0.05621646757896204
2018-01-31,0.07520791742586841
2018-02-01,0.07988549709345927
2018-02-02,0.07986489518810402
2018-02-03,0.07986489518810402
2018-02-04,0.07986489518810402
2018-02-05,0.08109730985580144
2018-02-06,0.07938786331175995
2018-02-07,0.07889577330610154
2018-02-08,0.0855966150284817
2018-02-09,0.08606217106498604
2018-02-10,0.08606383154112063
2018-02-11,0.08606383154112063
2018-02-12,0.08382594275954958
2018-02-13,0.0884545126270393
2018-02-14,0.08658584748024678
2018-02-15,0.08662968792818337
2018-02-16,0.08758429654142108
2018-02-17,0.08778277416741997
2018-02-18,0.08778277416741997
2018-02-19,0.0884079225550829
2018-02-20,0.09110232724744227
2018-02-21,0.09130412597947313
2018-02-22,0.0926655043963216
2018-02-23,0.09248682728893409
2018-02-24,0.09263808025791676
2018-02-25,0.09263808025791676
2018-02-26,0.09174194086556686
2018-02-27,0.08636283472232442
2018-02-28,0.08870190771838105
2018-03-01,0.09024148508800778
2018-03-02,0.0910166245286157
2018-03-03,0.0911116295870591
2018-03-04,0.09111349738915053
2018-03-05,0.09128771013659875
2018-03-06,0.09174520285730359
2018-03-07,0.09214436650983293
2018-03-08,0.09089394991156574
2018-03-09,0.09124287475990323
2018-03-10,0.09124270069900486
2018-03-11,0.09124270069900486
2018-03-12,0.09140446616991715
2018-03-13,0.09159457249270586
2018-03-14,0.09172719214720249
2018-03-15,0.0877200031205545
2018-03-16,0.08757354900581249
2018-03-17,0.08757667080682552
2018-03-18,0.08757667080682552
2018-03-19,0.08471844088593294
2018-03-20,0.08422276910889659
2018-03-21,0.08438142102516255
2018-03-22,0.08550871739791055
2018-03-23,0.08550712722285803
2018-03-24,0.08550712722285803
2018-03-25,0.08550712722285803
2018-03-26,0.08551912105420656
2018-03-27,0.08553118076935973
2018-03-28,0.08563146392723575
2018-03-29,0.08625205606823738
2018-03-30,0.08632255984710713
2018-03-31,0.08609309607270021
2018-04-01,0.08609309607270021
2018-04-02,0.08613625066575592
2018-04-03,0.08613552166436977
2018-04-04,0.08592664177936982
2018-04-05,0.0864119869132165
2018-04-06,0.08636391261929588
2018-04-07,0.08636391261929588
2018-04-08,0.08636391261929588
2018-04-09,0.08636630251293109
2018-04-10,0.08639846187992295
2018-04-11,0.08631729290314549
2018-04-12,0.08585471349759999
2018-04-13,0.08573111614711948
2018-04-14,0.08573111614711948
2018-04-15,0.08573111614711948
2018-04-16,0.08574521034845506
2018-04-17,0.09117656492699178
2018-04-18,0.09386025307287493
2018-04-19,0.09189871489392076
2018-04-20,0.09241017917658256
2018-04-21,0.09241017917658256
2018-04-22,0.09241017917658256
2018-04-23,0.08796527049249381
2018-04-24,0.07894586402237436
2018-04-25,0.0793630848283946
2018-04-26,0.05816902978061167
2018-04-27,0.058608474110014575
2018-04-28,0.05860144846658377
2018-04-29,0.05831157612836724
2018-04-30,0.060605345136450994
2018-05-01,0.0525329568143198
2018-05-02,0.07577411692544822
2018-05-03,0.07565835655837394
2018-05-04,0.0722077791378899
2018-05-05,0.0722077791378899
2018-05-06,0.07231818806405399
2018-05-07,0.0721186516706076
2018-05-08,0.07089658846423963
2018-05-09,0.07132108173592155
2018-05-10,0.07285556599188481
2018-05-11,0.07291673312407676
2018-05-12,0.07292541086279325
2018-05-13,0.07292541086279325
2018-05-14,0.07265506769205055
2018-05-15,0.07290782053517608
2018-05-16,0.06867755818895693
2018-05-17,0.06683823505893405
2018-05-18,0.06683689094053946
2018-05-19,0.06683689094053946
2018-05-20,0.06683689094053946
2018-05-21,0.06711938664712847
2018-05-22,0.0675501252408297
2018-05-23,0.06701231222777104
2018-05-24,0.06376648695903109
2018-05-25,0.06371622684164824
2018-05-26,0.06371622684164824
2018-05-27,0.06371622684164824
2018-05-28,0.06371622684164824
2018-05-29,0.06384998075029569
2018-05-30,0.06583566522537931
2018-05-31,0.06739742508180036
2018-06-01,0.06739822220941072
2018-06-02,0.06739822220941072
2018-06-03,0.06739822220941072
2018-06-04,0.06732719425819322
2018-06-05,0.06721691945197761
2018-06-06,0.06767695986390532
2018-06-07,0.06739578241582356
2018-06-08,0.06744147141232548
2018-06-09,0.06744238623001109
2018-06-10,0.06744238623001109
2018-06-11,0.06756612946751073
2018-06-12,0.0679482052068805
2018-06-13,0.06789862975967398
2018-06-14,0.06791611843649825
2018-06-15,0.06784499031102564
2018-06-16,0.06784499031102564
2018-06-17,0.06784499031102564
2018-06-18,0.06784499031102564
2018-06-19,0.06585414476302431
2018-06-20,0.06511372800888648
2018-06-21,0.06509389483432271
2018-06-22,0.06456831344086544
2018-06-23,0.06456831344086544
2018-06-24,0.06456831344086544
2018-06-25,0.06456503312110407
2018-06-26,0.0644977127294526
2018-06-27,0.06465105160383033
2018-06-28,0.06467965114297769
2018-06-29,0.06433616955033172
2018-06-30,0.06433616955033172
2018-07-01,0.06433616955033172
2018-07-02,0.06434035197857013
2018-07-03,0.0644146852480798
2018-07-04,0.0644146852480798
2018-07-05,0.06437485335172366
2018-07-06,0.06437464439827822
2018-07-07,0.06437464439827822
2018-07-08,0.06437464439827822
2018-07-09,0.0643930248883906
2018-07-10,0.06273903980745987
2018-07-11,0.06276459160858083
2018-07-12,0.0627686559623093
2018-07-13,0.06236557779171048
2018-07-14,0.06236557779171048
2018-07-15,0.06236557779171048
2018-07-16,0.06269626093253633
2018-07-17,0.07970913304720084
2018-07-18,0.07477224218795575
2018-07-19,0.07487423008022898
2018-07-20,0.07521377538593921
2018-07-21,0.07521377538593921
2018-07-22,0.07521377538593921
2018-07-23,0.07169533779236681
2018-07-24,0.06998535533294059
2018-07-25,0.05055301693478875
2018-07-26,0.0292227279679238
2018-07-27,0.029367588249488374
2018-07-28,0.029367588249488374
2018-07-29,0.0293706999504606
2018-07-30,0.02861684559005484
2018-07-31,0.021570769870624895
2018-08-01,0.019029439521484726
2018-08-02,0.011356132917090589
2018-08-03,0.006996464856463769
2018-08-04,0.007013805339746604
2018-08-05,0.007013805339746604
2018-08-06,0.007251948263754526
2018-08-07,0.007787321863281349
2018-08-08,0.006986830984118786
2018-08-09,0.006375330480027364
2018-08-10,0.006457531798241822
2018-08-11,0.006457531798241822
2018-08-12,0.006457531798241822
2018-08-13,0.006042000978522699
2018-08-14,0.004130870969864198
2018-08-15,0.002695690089772773
2018-08-16,0.0028876348635213933
2018-08-17,0.0029160292964052204
2018-08-18,0.0029160292964052204
2018-08-19,0.0029160292964052204
2018-08-20,0.00303567531690474
2018-08-21,0.004171730268500706
2018-08-22,0.005043892774140524
2018-08-23,0.005292203276382912
2018-08-24,0.005176062077840715
2018-08-25,0.005176062077840715
2018-08-26,0.005176062077840715
2018-08-27,0.005152486916539134
2018-08-28,0.003338512755084011
2018-08-29,0.003281627027622136
2018-08-30,0.003402757248632593
2018-08-31,0.003403112876781078
2018-09-01,0.003403112876781078
2018-09-02,0.003403112876781078
2018-09-03,0.003403112876781078
2018-09-04,0.003591618709542388
2018-09-05,0.0035141717732560807
2018-09-06,0.0009792814698725838
2018-09-07,0.0009711296633638788
2018-09-08,0.0009711296633638788
2018-09-09,0.0009711296633638788
2018-09-10,0.0009872779090340789
2018-09-11,0.000981369265340426
2018-09-12,0.00099071606684209
2018-09-13,0.00010576076872448326
2018-09-14,0.0001071953305915585
2018-09-15,0.0001071953305915585
2018-09-16,0.0001071953305915585
2018-09-17,-0.006634834047590132
2018-09-18,-0.006638954103050931
2018-09-19,-0.006682985993116897
2018-09-20,-0.0070230061424495505
2018-09-21,-0.0070230061424495505
2018-09-22,-0.0070230061424495505
2018-09-23,-0.0070230061424495505
2018-09-24,-0.006998810936377442
2018-09-25,-0.006849567231383968
2018-09-26,-0.006768479335675592
2018-09-27,-0.006473767225981253
2018-09-28,-0.00644662787046546
2018-09-29,-0.006444551808225674
2018-09-30,-0.006444551808225674
2018-10-01,-0.006440168665487134
2018-10-02,-0.006463938226073829
2018-10-03,-0.005635027732312836
2018-10-04,-0.0057676354492290915
2018-10-05,-0.005767839151087251
2018-10-06,-0.005767839151087251
2018-10-07,-0.005767839151087251
2018-10-08,-0.005762123216568438
2018-10-09,-0.005751968957063869
2018-10-10,-0.005754229292429303
2018-10-11,-0.005759483972775148
2018-10-12,-0.005731677969613047
2018-10-13,-0.005731677969613047
2018-10-14,-0.005878782272807803
2018-10-15,-0.005947318036343074
2018-10-16,-0.007624529054947149
2018-10-17,-0.007569126108270541
2018-10-18,-0.008775452573040132
2018-10-19,-0.007442479888943088
2018-10-20,-0.007442479888943088
2018-10-21,-0.007442479888943088
2018-10-22,-0.0073062499790716995
2018-10-23,-0.0054643560872176256
2018-10-24,-0.011959905057260856
2018-10-25,-0.006059851245593384
2018-10-26,-0.005595140678595012
2018-10-27,-0.005571587008670664
2018-10-28,-0.005177520760422438
2018-10-29,-0.004182028772266921
2018-10-30,-0.0049825803549524705
2018-10-31,-0.00671576820926123
2018-11-01,-0.01648325533055295
2018-11-02,-0.014811541819251817
2018-11-03,-0.014809853597162248
2018-11-04,-0.014809853597162248
2018-11-05,-0.013798460136872581
2018-11-06,-0.014470061709152104
2018-11-07,-0.03448139186127086
2018-11-08,-0.039167966085767114
2018-11-09,-0.03924546597551393
2018-11-10,-0.039380698144508175
2018-11-11,-0.039380698144508175
2018-11-12,-0.03935758844025494
2018-11-13,-0.039633863662551616
2018-11-14,-0.042574485196879785
2018-11-15,-0.04204581543469321
2018-11-16,-0.04255687755209636
2018-11-17,-0.04250366260670224
2018-11-18,-0.04250366260670224
2018-11-19,-0.042662934813549214
2018-11-20,-0.04544565493436026
2018-11-21,-0.04544907258494124
2018-11-22,-0.04544907258494124
2018-11-23,-0.04544907258494124
2018-11-24,-0.04544907258494124
2018-11-25,-0.04544907258494124
2018-11-26,-0.04572343558496794
2018-11-27,-0.04527781657638408
2018-11-28,-0.04554784583285587
2018-11-29,-0.04731051318357038
2018-11-30,-0.048507130937414766
2018-12-01,-0.048507130937414766
2018-12-02,-0.048507130937414766
2018-12-03,-0.04852122161053729
2018-12-04,-0.04750684051513998
2018-12-05,-0.04728263324547277
2018-12-06,-0.04973995999158687
2018-12-07,-0.049773278602699866
2018-12-08,-0.049773278602699866
2018-12-09,-0.049773278602699866
2018-12-10,-0.049808616953688434
2018-12-11,-0.04980770379557764
2018-12-12,-0.049825032587143325
2018-12-13,-0.05073761656553688
2018-12-14,-0.050708310477882934
2018-12-15,-0.050688461810304286
2018-12-16,-0.050688461810304286
2018-12-17,-0.06075125196846798
2018-12-18,-0.060290280434469934
2018-12-19,-0.06011749272311251
2018-12-20,-0.059716184993540034
2018-12-21,-0.05980578060915798
2018-12-22,-0.05980578060915798
2018-12-23,-0.05980578060915798
2018-12-24,-0.05980628213273276
2018-12-25,-0.05980628213273276
2018-12-26,-0.05980628213273276
2018-12-27,-0.05979325022616577
2018-12-28,-0.059793104538442665
2018-12-29,-0.059793104538442665
2018-12-30,-0.059793104538442665
2018-12-31,-0.059793104538442665
2019-01-01,-0.059793104538442665
2019-01-02,-0.059794569908121376
2019-01-03,-0.05973663644389604
2019-01-04,-0.06000278564425243
2019-01-05,-0.06000278564425243
2019-01-06,-0.06000278564425243
2019-01-07,-0.06013195849565167
2019-01-08,-0.06009752939553448
2019-01-09,-0.06064696606202846
2019-01-10,-0.060473173147793435
2019-01-11,-0.0597911768757593
2019-01-12,-0.0597911768757593
2019-01-13,-0.0597911768757593
2019-01-14,-0.059798188209047254
2019-01-15,-0.059798188209047254
2019-01-16,-0.06180208706801493
2019-01-17,-0.06242970669894787
2019-01-18,-0.06053032606280284
2019-01-19,-0.06053032606280284
2019-01-20,-0.06053032606280284
2019-01-21,-0.06051220776185884
2019-01-22,-0.06432043129142939
2019-01-23,-0.06891875129852454
2019-01-24,-0.06785566241730023
2019-01-25,-0.06810115221629098
2019-01-26,-0.06810115221629098
2019-01-27,-0.06810115221629098
2019-01-28,-0.06864317777582096
2019-01-29,-0.05750656727155479
2019-01-30,-0.06266841123512379
2019-01-31,-0.06343542768961485
2019-02-01,-0.06727738669590677
2019-02-02,-0.06727738669590677
2019-02-03,-0.06727738669590677
2019-02-04,-0.06383853842347642
2019-02-05,-0.0690931243147217
2019-02-06,-0.05989945134477237
2019-02-07,-0.07722818162904255
2019-02-08,-0.07928788076542592
2019-02-09,-0.07928788076542592
2019-02-10,-0.07928788076542592
2019-02-11,-0.078218371596534
2019-02-12,-0.0790098411303195
2019-02-13,-0.08529760409011478
2019-02-14,-0.08617893723953185
2019-02-15,-0.08760928174720695
2019-02-16,-0.08760928174720695
2019-02-17,-0.08760928174720695
2019-02-18,-0.08807109750082964
2019-02-19,-0.08977260710666479
2019-02-20,-0.1100892147493262
2019-02-21,-0.11059293323223529
2019-02-22,-0.11085232298137526
2019-02-23,-0.11085232298137526
2019-02-24,-0.11083558526419357
2019-02-25,-0.11136079307019464
2019-02-26,-0.11196506815012097
2019-02-27,-0.11284538754233286
2019-02-28,-0.11230784002590488
2019-03-01,-0.1121318950753667
2019-03-02,-0.1121318950753667
2019-03-03,-0.1121318950753667
2019-03-04,-0.11225604391897559
2019-03-05,-0.11365035847447669
2019-03-06,-0.11374992063175182
2019-03-07,-0.11404555657690796
2019-03-08,-0.11408353038837349
2019-03-09,-0.11404694288183137
2019-03-10,-0.11404694288183137
2019-03-11,-0.11409161942895285
2019-03-12,-0.11393766093011337
2019-03-13,-0.11419409091881827
2019-03-14,-0.11523301214774562
2019-03-15,-0.11521881799390887
2019-03-16,-0.11521420802748306
2019-03-17,-0.11521420802748306
2019-03-18,-0.11523833908652614
2019-03-19,-0.11507158045106547
2019-03-20,-0.11642121447358234
2019-03-21,-0.11635992087915392
2019-03-22,-0.11643571588809465
2019-03-23,-0.11643571588809465
2019-03-24,-0.11643571588809465
2019-03-25,-0.11643308871572422
2019-03-26,-0.11647945917596236
2019-03-27,-0.11639940506702318
2019-03-28,-0.11487585808113043
2019-03-29,-0.11561470306075428
2019-03-30,-0.11561470306075428
2019-03-31,-0.11561470306075428
2019-04-01,-0.11561836090401889
2019-04-02,-0.11538516674256216
2019-04-03,-0.1153225671781366
2019-04-04,-0.11550670463628998
2019-04-05,-0.1155074953299482
2019-04-06,-0.1155074953299482
2019-04-07,-0.1155074953299482
2019-04-08,-0.11563015290524192
2019-04-09,-0.11564396897445273
2019-04-10,-0.11577278976809002
2019-04-11,-0.11542007727973191
2019-04-12,-0.11565991282227372
2019-04-13,-0.11565991282227372
2019-04-14,-0.11565991282227372
2019-04-15,-0.11538975249464456
2019-04-16,-0.11692103772686024
2019-04-17,-0.11475856133830897
2019-04-18,-0.11330861621009514
2019-04-19,-0.11330861621009514
2019-04-20,-0.11330861621009514
2019-04-21,-0.11330861621009514
2019-04-22,-0.11357271219069653
2019-04-23,-0.11227134480225187
2019-04-24,-0.11384143423320447
2019-04-25,-0.1105558326951146
2019-04-26,-0.1136180470166318
2019-04-27,-0.11338016183202937
2019-04-28,-0.11338016183202937
2019-04-29,-0.11089108968194583
2019-04-30,-0.11809963911592392
2019-05-01,-0.12026144483000889
2019-05-02,-0.1230661799040853
2019-05-03,-0.12447074628291865
2019-05-04,-0.12447074628291865
2019-05-05,-0.12528278648068047
2019-05-06,-0.12553364067947015
2019-05-07,-0.12868762753447005
2019-05-08,-0.1354819744447071
2019-05-09,-0.14169535987416504
2019-05-10,-0.1424116804575709
2019-05-11,-0.1424116804575709
2019-05-12,-0.1424116804575709
2019-05-13,-0.14249074305124232
2019-05-14,-0.14228357714005635
2019-05-15,-0.13945090745039068
2019-05-16,-0.13892808772980847
2019-05-17,-0.13888054768380742
2019-05-18,-0.13888054768380742
2019-05-19,-0.13888054768380742
2019-05-20,-0.13898401197727495
2019-05-21,-0.1409338917089591
2019-05-22,-0.14037083691441854
2019-05-23,-0.13773501691729328
2019-05-24,-0.13801293520113733
2019-05-25,-0.13801293520113733
2019-05-26,-0.13801293520113733
2019-05-27,-0.13801293520113733
2019-05-28,-0.13809223383467573
2019-05-29,-0.13922930569036818
2019-05-30,-0.1416112340282223
2019-05-31,-0.14180239279786078
2019-06-01,-0.14180239279786078
2019-06-02,-0.14180239279786078
2019-06-03,-0.1418391847133582
2019-06-04,-0.142356092101122
2019-06-05,-0.14281622607834144
2019-06-06,-0.1431793469018522
2019-06-07,-0.1431723436284874
2019-06-08,-0.1431723436284874
2019-06-09,-0.1431723436284874
2019-06-10,-0.14293656737252702
2019-06-11,-0.14285527592475267
2019-06-12,-0.14308954455725742
2019-06-13,-0.14342360488323314
2019-06-14,-0.14342740117222597
2019-06-15,-0.14342740117222597
2019-06-16,-0.14342740117222597
2019-06-17,-0.14339334863156994
2019-06-18,-0.1433967519831031
2019-06-19,-0.1429846632782955
2019-06-20,-0.14308160507209566
2019-06-21,-0.14311515337493563
2019-06-22,-0.14311515337493563
2019-06-23,-0.14311515337493563
2019-06-24,-0.14311937479972225
2019-06-25,-0.14272716787157325
2019-06-26,-0.14301151517077026
2019-06-27,-0.14285067342621627
2019-06-28,-0.14282639686264853
2019-06-29,-0.14282639686264853
2019-06-30,-0.14282639686264853
2019-07-01,-0.1428275987815918
2019-07-02,-0.14271115884422725
2019-07-03,-0.1426969011924244
2019-07-04,-0.1426969011924244
2019-07-05,-0.1426969011924244
2019-07-06,-0.1426969011924244
2019-07-07,-0.1426969011924244
2019-07-08,-0.14269766429453679
2019-07-09,-0.14268011722912866
2019-07-10,-0.14288095529680123
2019-07-11,-0.14287247616439602
2019-07-12,-0.14311266219995844
2019-07-13,-0.14311266219995844
2019-07-14,-0.14311266219995844
2019-07-15,-0.1431676029329202
2019-07-16,-0.14554245687746614
2019-07-17,-0.1326107563780955
2019-07-18,-0.132756044002728
2019-07-19,-0.13179245079389912
2019-07-20,-0.13179245079389912
2019-07-21,-0.13179245079389912
2019-07-22,-0.1315538222127285
2019-07-23,-0.13344257698576345
2019-07-24,-0.13119481638642294
2019-07-25,-0.10802296129223077
2019-07-26,-0.10772458076962388
2019-07-27,-0.10772219731377675
2019-07-28,-0.10772219731377675
2019-07-29,-0.10757779645059684
2019-07-30,-0.08809214342016158
2019-07-31,-0.08069525469659677
2019-08-01,-0.09313915532657202
2019-08-02,-0.08860073377258348
2019-08-03,-0.08846945578582455
2019-08-04,-0.08846945578582455
2019-08-05,-0.08886651465649886
2019-08-06,-0.07973927099373201
2019-08-07,-0.07721785652901048
2019-08-08,-0.07613746350675021
2019-08-09,-0.07622228101048734
2019-08-10,-0.07648254845302149
2019-08-11,-0.07648254845302149
2019-08-12,-0.07557484997251573
2019-08-13,-0.07563853724067982
2019-08-14,-0.0757716457197849
2019-08-15,-0.07575196917268834
2019-08-16,-0.07576584578919476
2019-08-17,-0.07576584578919476
2019-08-18,-0.07576584578919476
2019-08-19,-0.07572033901232578
2019-08-20,-0.07529349924791295
2019-08-21,-0.07603528143334781
2019-08-22,-0.07649141976619245
2019-08-23,-0.07650013285120161
2019-08-24,-0.07650013285120161
2019-08-25,-0.07650013285120161
2019-08-26,-0.0765581396683318
2019-08-27,-0.07661070957262972
2019-08-28,-0.07673581435433963
2019-08-29,-0.07602479328871214
2019-08-30,-0.07608143859681149
2019-08-31,-0.07608143859681149
2019-09-01,-0.07608143859681149
2019-09-02,-0.07608143859681149
2019-09-03,-0.07582308807774552
2019-09-04,-0.07668565477720146
2019-09-05,-0.07655561431624902
2019-09-06,-0.0766185043502432
2019-09-07,-0.0766185043502432
2019-09-08,-0.0766185043502432
2019-09-09,-0.07661280050900054
2019-09-10,-0.07672800620471476
2019-09-11,-0.07443525106249538
2019-09-12,-0.07233878957362594
2019-09-13,-0.0723326175414567
2019-09-14,-0.0723326175414567
2019-09-15,-0.0723326175414567
2019-09-16,-0.07231968788267673
2019-09-17,-0.07264779087201645
2019-09-18,-0.07259998347869578
2019-09-19,-0.07249525339955576
2019-09-20,-0.07246358317235468
2019-09-21,-0.07246358317235468
2019-09-22,-0.07246358317235468
2019-09-23,-0.0724894950276942
2019-09-24,-0.07262824692105685
2019-09-25,-0.07259376343976454
2019-09-26,-0.07262242420893472
2019-09-27,-0.07262109422840457
2019-09-28,-0.07262109422840457
2019-09-29,-0.07262109422840457
2019-09-30,-0.07276770742642835
2019-10-01,-0.07281317447544189
2019-10-02,-0.07314466399865349
2019-10-03,-0.07158975349989094
2019-10-04,-0.07163389771736883
2019-10-05,-0.07163389771736883
2019-10-06,-0.07163389771736883
2019-10-07,-0.07163389771736883
2019-10-08,-0.07158522715067639
2019-10-09,-0.07157888658964062
2019-10-10,-0.07158785988465544
2019-10-11,-0.0715558163928558
2019-10-12,-0.0715558163928558
2019-10-13,-0.0715558163928558
2019-10-14,-0.0715558163928558
2019-10-15,-0.07309161117518692
2019-10-16,-0.09029764774489701
2019-10-17,-0.08908762165322281
2019-10-18,-0.0895283059899773
2019-10-19,-0.0895283059899773
2019-10-20,-0.0895283059899773
2019-10-21,-0.0895668750400842
2019-10-22,-0.08765058088347155
2019-10-23,-0.08276980153087132
2019-10-24,-0.08606848928312438
2019-10-25,-0.08877388212589454
2019-10-26,-0.08890916588215303
2019-10-27,-0.08963926513589415
2019-10-28,-0.09336163898257399
2019-10-29,-0.09401664571703328
2019-10-30,-0.07978452909088796
2019-10-31,-0.07858689044174771
2019-11-01,-0.0827688509129818
2019-11-02,-0.0827688509129818
2019-11-03,-0.08277190261183065
2019-11-04,-0.08355596371121243
2019-11-05,-0.07864006646630683
2019-11-06,-0.07011185883805582
2019-11-07,-0.06668468058262045
2019-11-08,-0.06633565287222254
2019-11-09,-0.06631497054341562
2019-11-10,-0.06631497054341562
2019-11-11,-0.0665772793695576
2019-11-12,-0.06580386166009167
2019-11-13,-0.06198593312167955
2019-11-14,-0.061655672289114616
2019-11-15,-0.06129357904869692
2019-11-16,-0.06126721456449824
2019-11-17,-0.061268430778695926
2019-11-18,-0.061300173318464046
2019-11-19,-0.061366258849433475
2019-11-20,-0.06109500740099827
2019-11-21,-0.06293731552322057
2019-11-22,-0.06292760356594262
2019-11-23,-0.06292760356594262
2019-11-24,-0.06292760356594262
2019-11-25,-0.06338136631267466
2019-11-26,-0.06268119510694992
2019-11-27,-0.06268437881314048
2019-11-28,-0.06268437881314048
2019-11-29,-0.06266669113713808
2019-11-30,-0.06266669113713808
2019-12-01,-0.06266669113713808
2019-12-02,-0.06263077749283119
2019-12-03,-0.06176827738817092
2019-12-04,-0.06190961037363607
2019-12-05,-0.06163273319922247
2019-12-06,-0.06156786986912055
2019-12-07,-0.06156786986912055
2019-12-08,-0.06156786986912055
2019-12-09,-0.06169128539022273
2019-12-10,-0.06151058500476936
2019-12-11,-0.061630576210504495
2019-12-12,-0.058079049251133386
2019-12-13,-0.05807800041008282
2019-12-14,-0.05807800041008282
2019-12-15,-0.05807800041008282
2019-12-16,-0.05806321734770126
2019-12-17,-0.05895735750519482
2019-12-18,-0.05900453364451186
2019-12-19,-0.0588279172722006
2019-12-20,-0.05907355435641615
2019-12-21,-0.05907355435641615
2019-12-22,-0.05907355435641615
2019-12-23,-0.05907960817472746
2019-12-24,-0.05907960817472746
2019-12-25,-0.05907960817472746
2019-12-26,-0.0590805806333391
2019-12-27,-0.05908137330853713
2019-12-28,-0.05908137330853713
2019-12-29,-0.05908137330853713
2019-12-30,-0.05908137330853713
2019-12-31,-0.05908137330853713
2020-01-01,-0.05908137330853713
2020-01-02,-0.05908790839347866
2020-01-03,-0.05903756469133992
2020-01-04,-0.05903756469133992
2020-01-05,-0.05903756469133992
2020-01-06,-0.058934951010159
2020-01-07,-0.058966508037833765
2020-01-08,-0.05812975003305898
2020-01-09,-0.05845905246728467
2020-01-10,-0.058380455561913625
2020-01-11,-0.058380455561913625
2020-01-12,-0.058380455561913625
2020-01-13,-0.05838516723371423
2020-01-14,-0.05838231922564552
2020-01-15,-0.05851314805395513
2020-01-16,-0.05805480551030573
2020-01-17,-0.05880432489180487
2020-01-18,-0.05880432489180487
2020-01-19,-0.05880432489180487
2020-01-20,-0.05879532544949284
2020-01-21,-0.05955266106612733
2020-01-22,-0.05616595137857683
2020-01-23,-0.05657979672878821
2020-01-24,-0.056537564536184304
2020-01-25,-0.056537564536184304
2020-01-26,-0.056537564536184304
2020-01-27,-0.05674603248304044
2020-01-28,-0.05968999651613993
2020-01-29,-0.058846008298555796
2020-01-30,-0.06497247131490524
2020-01-31,-0.06367072415346364
2020-02-01,-0.06367072415346364
2020-02-02,-0.06367072415346364
2020-02-03,-0.06729966826915812
2020-02-04,-0.059554767350479376
2020-02-05,-0.05750487736643606
2020-02-06,-0.06444955424590937
2020-02-07,-0.06433946962810566
2020-02-08,-0.06434326011235414
2020-02-09,-0.06434326011235414
2020-02-10,-0.0640595803912779
2020-02-11,-0.06196409803309433
2020-02-12,-0.0538055291955134
2020-02-13,-0.05244337082744066
2020-02-14,-0.050801142696053736
2020-02-15,-0.05079222681665918
2020-02-16,-0.05079222681665918
2020-02-17,-0.050752338113493334
2020-02-18,-0.050679612261572804
2020-02-19,-0.049720482608476946
2020-02-20,-0.04914652421445265
2020-02-21,-0.050553919687307824
2020-02-22,-0.050553919687307824
2020-02-23,-0.050553919687307824
2020-02-24,-0.05017051896115565
2020-02-25,-0.05038966241941489
2020-02-26,-0.04997650261005637
2020-02-27,-0.05162879320649494
2020-02-28,-0.05089053826361856
2020-02-29,-0.05089053826361856
2020-03-01,-0.05089053826361856
2020-03-02,-0.050964269582714494
2020-03-03,-0.050543639972240095
2020-03-04,-0.050202096976669774
2020-03-05,-0.04972406684963637
2020-03-06,-0.04972517437100721
2020-03-07,-0.04972517437100721
2020-03-08,-0.04972517437100721
2020-03-09,-0.04955254550484056
2020-03-10,-0.04935175857637408
2020-03-11,-0.049483644116993686
2020-03-12,-0.043119637080402895
2020-03-13,-0.043120849960854524
2020-03-14,-0.04310588913219382
2020-03-15,-0.04310588913219382
2020-03-16,-0.04273485218094175
2020-03-17,-0.042417942120307583
2020-03-18,-0.04252691349809934
2020-03-19,-0.04256938104661856
2020-03-20,-0.04301595850322426
2020-03-21,-0.04301595850322426
2020-03-22,-0.04301595850322426
2020-03-23,-0.043048272801778475
2020-03-24,-0.043889566737373986
2020-03-25,-0.042939493630058445
2020-03-26,-0.04417589730763993
2020-03-27,-0.04416889945372937
2020-03-28,-0.04416982632586097
2020-03-29,-0.04416982632586097
2020-03-30,-0.044225912374105336
2020-03-31,-0.043478995831989664
2020-04-01,-0.04339819763210373
2020-04-02,-0.04331307392332551
2020-04-03,-0.043353227313657094
2020-04-04,-0.043353227313657094
2020-04-05,-0.043353227313657094
2020-04-06,-0.043357208739169484
2020-04-07,-0.04333528274160825
2020-04-08,-0.04345562611582898
2020-04-09,-0.04345557029725178
2020-04-10,-0.04345557029725178
2020-04-11,-0.04345557029725178
2020-04-12,-0.04345557029725178
2020-04-13,-0.043455789574808557
2020-04-14,-0.04181312055918851
2020-04-15,-0.04171063475733372
2020-04-16,-0.041643583835376474
2020-04-17,-0.04236673620145148
2020-04-18,-0.04236673620145148
2020-04-19,-0.04236673620145148
2020-04-20,-0.042341131596761006
2020-04-21,-0.04117162665714569
2020-04-22,-0.04116059923489246
2020-04-23,-0.030336790058022478
2020-04-24,-0.029865663128728515
2020-04-25,-0.029865663128728515
2020-04-26,-0.029865663128728515
2020-04-27,-0.030077530428923027
2020-04-28,-0.04121868963301378
2020-04-29,-0.025032264217098144
2020-04-30,-0.023472260352748853
2020-05-01,-0.0036542974669722117
2020-05-02,-0.021098112808468072
2020-05-03,-0.021098112808468072
2020-05-04,-0.01768485606871739
2020-05-05,-0.008444072924105095
2020-05-06,-0.016956574107023004
2020-05-07,-0.01128287526753824
2020-05-08,-0.010188956632419366
2020-05-09,-0.009588843054441964
2020-05-10,-0.009588843054441964
2020-05-11,-0.006488008557731129
2020-05-12,-0.006387524513797205
2020-05-13,-0.005153144002286947
2020-05-14,-0.003519534191011142
2020-05-15,0.002352570503541873
2020-05-16,0.002352570503541873
2020-05-17,0.002352570503541873
2020-05-18,0.001294470396094427
2020-05-19,0.005462757277167052
2020-05-20,0.006966990422810904
2020-05-21,0.009886484615566848
2020-05-22,0.010133478414833696
2020-05-23,0.010133478414833696
2020-05-24,0.010133478414833696
2020-05-25,0.010133478414833696
2020-05-26,0.010344270696991842
2020-05-27,0.010692731887027351
2020-05-28,0.015167631367112078
2020-05-29,0.015314731331260933
2020-05-30,0.015314731331260933
2020-05-31,0.015314731331260933
2020-06-01,0.01600910709145964
2020-06-02,0.01721424780143299
2020-06-03,0.017914666597909967
2020-06-04,0.021011355150579947
2020-06-05,0.021010836836367508
2020-06-06,0.021010836836367508
2020-06-07,0.021010836836367508
2020-06-08,0.02087982259656873
2020-06-09,0.02228408003253346
2020-06-10,0.022527410445180474
2020-06-11,0.022682840635616985
2020-06-12,0.022747723953342902
2020-06-13,0.022747723953342902
2020-06-14,0.022747723953342902
2020-06-15,0.022769403820623424
2020-06-16,0.034244802231557125
2020-06-17,0.03450843287438987
2020-06-18,0.03464625936449228
2020-06-19,0.03471393135283107
2020-06-20,0.03471393135283107
2020-06-21,0.03471393135283107
2020-06-22,0.03478450804705213
2020-06-23,0.03476535303837758
2020-06-24,0.03477685932054353
2020-06-25,0.03828165841025433
2020-06-26,0.038267770682328894
2020-06-27,0.038267770682328894
2020-06-28,0.038267770682328894
2020-06-29,0.03899335308569607
2020-06-30,0.04130828845990475
2020-07-01,0.0420806393816513
2020-07-02,0.041870580555680714
2020-07-03,0.041870580555680714
2020-07-04,0.041870580555680714
2020-07-05,0.041870580555680714
2020-07-06,0.04186678538607924
2020-07-07,0.041772071630614915
2020-07-08,0.04234322016381076
2020-07-09,0.04234017142129476
2020-07-10,0.04235815334529991
2020-07-11,0.04235815334529991
2020-07-12,0.04235815334529991
2020-07-13,0.042349356947442685
2020-07-14,0.042364289068339334
2020-07-15,0.04290667939644033
2020-07-16,0.04432749172254091
2020-07-17,0.04424638246255208
2020-07-18,0.04424638246255208
2020-07-19,0.04424638246255208
2020-07-20,0.0295087990566667
2020-07-21,0.03038738816070019
2020-07-22,0.030449036403529917
2020-07-23,0.03661523844083292
2020-07-24,0.04449142145363294
2020-07-25,0.04449142145363294
2020-07-26,0.04449142145363294
2020-07-27,0.044385514189455355
2020-07-28,0.06330878818731533
2020-07-29,0.08318513302976505
2020-07-30,0.10058773717376046
2020-07-31,0.10678557202509031
2020-08-01,0.10678557202509031
2020-08-02,0.107090539113464
2020-08-03,0.10824159783429343
2020-08-04,0.12017233803173566
2020-08-05,0.12495126240292054
2020-08-06,0.1149500283554099
2020-08-07,0.1153714966654642
2020-08-08,0.1153714966654642
2020-08-09,0.1153714966654642
2020-08-10,0.11740758153761943
2020-08-11,0.11938513588017852
2020-08-12,0.12214080889708034
2020-08-13,0.12357749603601764
2020-08-14,0.12373931547954942
2020-08-15,0.12373931547954942
2020-08-16,0.12373931547954942
2020-08-17,0.12384473962058129
2020-08-18,0.1280163878836187
2020-08-19,0.12644424459984926
2020-08-20,0.12668284357084336
2020-08-21,0.12689429847262068
2020-08-22,0.12689429847262068
2020-08-23,0.12689429847262068
2020-08-24,0.12803880741628126
2020-08-25,0.13018897019713416
2020-08-26,0.13047649266361327
2020-08-27,0.13141644950794418
2020-08-28,0.13162928953559216
2020-08-29,0.13162928953559216
2020-08-30,0.13162928953559216
2020-08-31,0.13190243424893433
2020-09-01,0.13282853412036544
2020-09-02,0.13302413818103842
2020-09-03,0.13216382321245246
2020-09-04,0.1321645208603217
2020-09-05,0.1321645208603217
2020-09-06,0.1321645208603217
2020-09-07,0.1321645208603217
2020-09-08,0.13151271926125108
2020-09-09,0.1314351904901525
2020-09-10,0.13213778032367496
2020-09-11,0.13214102959795238
2020-09-12,0.13214102959795238
2020-09-13,0.13214102959795238
2020-09-14,0.13211652850486244
2020-09-15,0.13364197654781185
2020-09-16,0.13363287825090642
2020-09-17,0.13373169815123842
2020-09-18,0.1337293275923992
2020-09-19,0.1337293275923992
2020-09-20,0.1337293275923992
2020-09-21,0.13375198304840197
2020-09-22,0.13460703676922825
2020-09-23,0.13492052684200573
2020-09-24,0.13670844980454744
2020-09-25,0.13673380660811119
2020-09-26,0.13673380660811119
2020-09-27,0.13673380660811119
2020-09-28,0.13681971730913922
2020-09-29,0.1363439141316909
2020-09-30,0.13640193633931674
2020-10-01,0.13601328766145526
2020-10-02,0.13601328766145526
2020-10-03,0.13601328766145526
2020-10-04,0.13601328766145526
2020-10-05,0.13601328766145526
2020-10-06,0.1360489388229471
2020-10-07,0.13616603593311427
2020-10-08,0.1361472073336134
2020-10-09,0.1361472073336134
2020-10-10,0.1361472073336134
2020-10-11,0.1361472073336134
2020-10-12,0.13614758815992256
2020-10-13,0.14259439067897883
2020-10-14,0.14319671659352373
2020-10-15,0.14336011351471933
2020-10-16,0.14377071897976812
2020-10-17,0.14377071897976812
2020-10-18,0.14377071897976812
2020-10-19,0.16471557522997027
2020-10-20,0.16346125570630532
2020-10-21,0.1684341560023097
2020-10-22,0.16567450250971216
2020-10-23,0.1662883879589685
2020-10-24,0.1662883879589685
2020-10-25,0.1663434012776417
2020-10-26,0.16741870387205604
2020-10-27,0.16774602305553699
2020-10-28,0.1708627994410712
2020-10-29,0.1659697743270112
2020-10-30,0.1706034955255742
2020-10-31,0.17086825845430442
2020-11-01,0.1707894039165283
2020-11-02,0.1726505087510739
2020-11-03,0.17410270740943168
2020-11-04,0.1768577298867684
2020-11-05,0.17470613322936357
2020-11-06,0.17534158573518321
2020-11-07,0.17661529892424999
2020-11-08,0.17661529892424999
2020-11-09,0.17636658063013955
2020-11-10,0.1769164930319318
2020-11-11,0.17678168626487256
2020-11-12,0.17815369101509115
2020-11-13,0.1785508836343357
2020-11-14,0.1785526113930891
2020-11-15,0.1785526113930891
2020-11-16,0.17855938529381699
2020-11-17,0.17927960073401072
2020-11-18,0.17923738252941068
2020-11-19,0.1783983841061505
2020-11-20,0.17854478157593
2020-11-21,0.17854478157593
2020-11-22,0.17854478157593
2020-11-23,0.17926616236000847
2020-11-24,0.18131792691524584
2020-11-25,0.18147948676365622
2020-11-26,0.18147948676365622
2020-11-27,0.18147948676365622
2020-11-28,0.18147948676365622
2020-11-29,0.18147948676365622
2020-11-30,0.18177383869884278
2020-12-01,0.1829839629893224
2020-12-02,0.18293358852620756
2020-12-03,0.1826325377421889
2020-12-04,0.18324350225801678
2020-12-05,0.18255150014479038
2020-12-06,0.18255150014479038
2020-12-07,0.18292503767457657
2020-12-08,0.18308933523139292
2020-12-09,0.1830426142008048
2020-12-10,0.18065873732406335
2020-12-11,0.18081756937943005
2020-12-12,0.18081756937943005
2020-12-13,0.18081756937943005
2020-12-14,0.18081897480983034
2020-12-15,0.18077683612378537
2020-12-16,0.18083630825314545
2020-12-17,0.18225226783412918
2020-12-18,0.18303980486926874
2020-12-19,0.18303980486926874
2020-12-20,0.18303854151161625
2020-12-21,0.18317308141574618
2020-12-22,0.18290183699083817
2020-12-23,0.18294814405723758
2020-12-24,0.18294814405723758
2020-12-25,0.18294814405723758
2020-12-26,0.18294814405723758
2020-12-27,0.18294814405723758
2020-12-28,0.18291092739121573
2020-12-29,0.1829135353505693
2020-12-30,0.1829147184366131
2020-12-31,0.18291680753385275
2021-01-01,0.18291680753385275
2021-01-02,0.18291680753385275
2021-01-03,0.18291680753385275
2021-01-04,0.18291680753385275
2021-01-05,0.18299698042468648
2021-01-06,0.18268251528186963
2021-01-07,0.1827527107053304
2021-01-08,0.18275360945755237
2021-01-09,0.18275360945755237
2021-01-10,0.18275360945755237
2021-01-11,0.18281472205924576
2021-01-12,0.1828184787869358
2021-01-13,0.18273136564025294
2021-01-14,0.18274089507372282
2021-01-15,0.18273484461840672
2021-01-16,0.18273484461840672
2021-01-17,0.18273484461840672
2021-01-18,0.18292120855870375
2021-01-19,0.18303829303649688
2021-01-20,0.18311084271445344
2021-01-21,0.18683056455560898
2021-01-22,0.18834526763781478
2021-01-23,0.18834526763781478
2021-01-24,0.18834526763781478
2021-01-25,0.18873491324245606
2021-01-26,0.18765437431228982
2021-01-27,0.17771923723060334
2021-01-28,0.1770348997367739
2021-01-29,0.1770679725550921
2021-01-30,0.1770679725550921
2021-01-31,0.1770679725550921
2021-02-01,0.17708323357484024
2021-02-02,0.1835187136159302
2021-02-03,0.1825808246620264
2021-02-04,0.1779378173091315
2021-02-05,0.18494424341391613
2021-02-06,0.18496823161389542
2021-02-07,0.18496823161389542
2021-02-08,0.18211863575546694
2021-02-09,0.17854510921493327
2021-02-10,0.18117241370284276
2021-02-11,0.18386284100964922
2021-02-12,0.1836005220352499
2021-02-13,0.1836231641651862
2021-02-14,0.1836231641651862
2021-02-15,0.18185086610145507
2021-02-16,0.18196129467780597
2021-02-17,0.1823062727710627
2021-02-18,0.1825755164669347
2021-02-19,0.18310704758594198
2021-02-20,0.1830634348254767
2021-02-21,0.18304586157398295
2021-02-22,0.18359641599148246
2021-02-23,0.18084975055798336
2021-02-24,0.17935365401729775
2021-02-25,0.18797812344704679
2021-02-26,0.1885904992379317
2021-02-27,0.1885904992379317
2021-02-28,0.18822414318957326
2021-03-01,0.19161037809903614
2021-03-02,0.19377836628741862
2021-03-03,0.19380252881340265
2021-03-04,0.1945665321147525
2021-03-05,0.1946497847058053
2021-03-06,0.1946497847058053
2021-03-07,0.1946497847058053
2021-03-08,0.1949412532042729
2021-03-09,0.19501974337535266
2021-03-10,0.19600015330862353
2021-03-11,0.19655125197124224
2021-03-12,0.1965876769923791
2021-03-13,0.1965876769923791
2021-03-14,0.1965876769923791
2021-03-15,0.19728479954484168
2021-03-16,0.1976217325886509
2021-03-17,0.197494519765107
2021-03-18,0.1977646764124903
2021-03-19,0.19869763844016508
2021-03-20,0.19869763844016508
2021-03-21,0.19869763844016508
2021-03-22,0.1987607632667856
2021-03-23,0.20095854246921796
2021-03-24,0.20108070318288562
2021-03-25,0.20113474580584856
2021-03-26,0.20125320829484017
2021-03-27,0.20116154931591756
2021-03-28,0.20116154931591756
2021-03-29,0.201334709006999
2021-03-30,0.20155499666434218
2021-03-31,0.20214212376933793
2021-04-01,0.20216263778866272
2021-04-02,0.20216263778866272
2021-04-03,0.20216263778866272
2021-04-04,0.20216263778866272
2021-04-05,0.20216263778866272
2021-04-06,0.20200581667359008
2021-04-07,0.20218604259096584
2021-04-08,0.20237813382948389
2021-04-09,0.20237813382948389
2021-04-10,0.20237813382948389
2021-04-11,0.20237813382948389
2021-04-12,0.20237874609984385
2021-04-13,0.2023966804349715
2021-04-14,0.2025503738240897
2021-04-15,0.2028695448914415
2021-04-16,0.20297745101731413
2021-04-17,0.20297745101731413
2021-04-18,0.20297745101731413
2021-04-19,0.20307457002330054
2021-04-20,0.20468195811354772
2021-04-21,0.20707058720599858
2021-04-22,0.21474034824061894
2021-04-23,0.21414793399281917
2021-04-24,0.21414793399281917
2021-04-25,0.21414793399281917
2021-04-26,0.20834255199283191
2021-04-27,0.20600614956653374
2021-04-28,0.18468468583715936
2021-04-29,0.19165526373361175
2021-04-30,0.19123292515154566
2021-05-01,0.1909236054206127
2021-05-02,0.1909236054206127
2021-05-03,0.191228690609053
2021-05-04,0.2031006015210477
2021-05-05,0.2091314799166255
2021-05-06,0.20955934747812277
2021-05-07,0.20733718341844498
2021-05-08,0.20728992521863643
2021-05-09,0.20728992521863643
2021-05-10,0.20830005931090767
2021-05-11,0.20715323874697722
2021-05-12,0.2078529048300759
2021-05-13,0.20950918820098097
2021-05-14,0.20985163409748409
2021-05-15,0.20989689674299705
2021-05-16,0.209927204082907
2021-05-17,0.21049194515079006
2021-05-18,0.20789768634626227
2021-05-19,0.20339874545780434
2021-05-20,0.20157175470707323
2021-05-21,0.20051274574462608
2021-05-22,0.20051274574462608
2021-05-23,0.20051274574462608
2021-05-24,0.20048398151879354
2021-05-25,0.20012927951094173
2021-05-26,0.1953506252236954
2021-05-27,0.1967201410756232
2021-05-28,0.1965753529228289
2021-05-29,0.1965544150597598
2021-05-30,0.1965544150597598
2021-05-31,0.19655475156494728
2021-06-01,0.19647856728602386
2021-06-02,0.196581809274329
2021-06-03,0.19447811367621304
2021-06-04,0.1944725421810276
2021-06-05,0.1944725421810276
2021-06-06,0.1944725421810276
2021-06-07,0.19456205456542786
2021-06-08,0.19380158167422112
2021-06-09,0.19457247463776306
2021-06-10,0.1941856283777459
2021-06-11,0.19420155938006411
2021-06-12,0.19420155938006411
2021-06-13,0.19420155938006411
2021-06-14,0.19421435921034536
2021-06-15,0.18563082469281866
2021-06-16,0.1856123023003442
2021-06-17,0.18567930075426853
2021-06-18,0.18567930075426853
2021-06-19,0.18567930075426853
2021-06-20,0.18567930075426853
2021-06-21,0.18567930075426853
2021-06-22,0.1876493902171652
2021-06-23,0.18776131822408204
2021-06-24,0.18211353847314826
2021-06-25,0.18217895382189453
2021-06-26,0.18217895382189453
2021-06-27,0.18217895382189453
2021-06-28,0.18201719021577856
2021-06-29,0.18189970674815092
2021-06-30,0.18077338786150787
2021-07-01,0.18077725918727472
2021-07-02,0.1807838310245402
2021-07-03,0.1807838310245402
2021-07-04,0.1807838310245402
2021-07-05,0.1807838310245402
2021-07-06,0.1808098200170225
2021-07-07,0.18046254379057336
2021-07-08,0.18048135224750306
2021-07-09,0.180485922555925
2021-07-10,0.180485922555925
2021-07-11,0.180485922555925
2021-07-12,0.18048390144818716
2021-07-13,0.1805876801158508
2021-07-14,0.18033036848476902
2021-07-15,0.17985275852379567
2021-07-16,0.17962004851617852
2021-07-17,0.17962004851617852
2021-07-18,0.17962004851617852
2021-07-19,0.18100021811334166
2021-07-20,0.18182677840314154
2021-07-21,0.18814197626135476
2021-07-22,0.18341993404028623
2021-07-23,0.18071710382421724
2021-07-24,0.18071710382421724
2021-07-25,0.18071710382421724
2021-07-26,0.17984133569049887
2021-07-27,0.1731766529256813
2021-07-28,0.14574802005964838
2021-07-29,0.137985018310945
2021-07-30,0.1330562878380308
2021-07-31,0.1330562878380308
2021-08-01,0.13375957218243828
2021-08-02,0.13385535747795418
2021-08-03,0.10907378582910177
2021-08-04,0.10224352328303388
2021-08-05,0.0883408692976615
2021-08-06,0.08744313036528917
2021-08-07,0.0874530970116012
2021-08-08,0.0874530970116012
2021-08-09,0.08081861939976576
2021-08-10,0.07759732317551693
2021-08-11,0.08284447004302775
2021-08-12,0.08075552335175029
2021-08-13,0.08062635706313337
2021-08-14,0.08062432260698582
2021-08-15,0.08062432260698582
2021-08-16,0.08100240296377526
2021-08-17,0.07717087587922222
2021-08-18,0.07912635453254646
2021-08-19,0.07909904682418123
2021-08-20,0.079150516906489
2021-08-21,0.07915063301373504
2021-08-22,0.07915063301373504
2021-08-23,0.07895851270081256
2021-08-24,0.07780536726930021
2021-08-25,0.07824003528871448
2021-08-26,0.07619883725364973
2021-08-27,0.07594085821886032
2021-08-28,0.07594085821886032
2021-08-29,0.07594085821886032
2021-08-30,0.07577772015526185
2021-08-31,0.07565134860705669
2021-09-01,0.07546192076633296
2021-09-02,0.07615212890213008
2021-09-03,0.07609391778202812
2021-09-04,0.07609391778202812
2021-09-05,0.07609391778202812
2021-09-06,0.07609391778202812
2021-09-07,0.07609924659691769
2021-09-08,0.07723072406301368
2021-09-09,0.07684497904632548
2021-09-10,0.07683361107386788
2021-09-11,0.07683361107386788
2021-09-12,0.07683361107386788
2021-09-13,0.07522323724335411
2021-09-14,0.0753620656746039
2021-09-15,0.0753620656746039
2021-09-16,0.0753620656746039
2021-09-17,0.07535978564641033
2021-09-18,0.07535978564641033
2021-09-19,0.07535978564641033
2021-09-20,0.07538222495209124
2021-09-21,0.0742731142979951
2021-09-22,0.07414832006725858
2021-09-23,0.06994753421871613
2021-09-24,0.06993478604110681
2021-09-25,0.06993478604110681
2021-09-26,0.06993478604110681
2021-09-27,0.06993430351576713
2021-09-28,0.07137093958699636
2021-09-29,0.07069558604776693
2021-09-30,0.07076272040745657
2021-10-01,0.07076279045905531
2021-10-02,0.07076279045905531
2021-10-03,0.07076279045905531
2021-10-04,0.07075800143652122
2021-10-05,0.0707578839034253
2021-10-06,0.07057825298687681
2021-10-07,0.07054687291563932
2021-10-08,0.07054687291563932
2021-10-09,0.07054687291563932
2021-10-10,0.07054687291563932
2021-10-11,0.07054687291563932
2021-10-12,0.07056631335787866
2021-10-13,0.07025017286872659
2021-10-14,0.06979755848766667
2021-10-15,0.06962331802714528
2021-10-16,0.06962331802714528
2021-10-17,0.06962331802714528
2021-10-18,0.07010239094039639
2021-10-19,0.06635033101031662
2021-10-20,0.061417507594862863
2021-10-21,0.06485995211794404
2021-10-22,0.06368036462284632
2021-10-23,0.06368036462284632
2021-10-24,0.06368036462284632
2021-10-25,0.0597264165295035
2021-10-26,0.05651643892695524
2021-10-27,0.058027503022168414
2021-10-28,0.05520943082070229
2021-10-29,0.057131186843347725
2021-10-30,0.057131186843347725
2021-10-31,0.057131186843347725
2021-11-01,0.05702588052040625
2021-11-02,0.05221864919259622
2021-11-03,0.043656237687564436
2021-11-04,0.04256661746953472
2021-11-05,0.041165628476525606
2021-11-06,0.04106961892482097
2021-11-07,0.04106961892482097
2021-11-08,0.04117039216532681
2021-11-09,0.04014118748099671
2021-11-10,0.039662565899877045
2021-11-11,0.04092365234013817
2021-11-12,0.041259810665869256
2021-11-13,0.04125221014982161
2021-11-14,0.04125221014982161
2021-11-15,0.04104362824102248
2021-11-16,0.04401014144299453
2021-11-17,0.04604288861670769
2021-11-18,0.04645325919918153
2021-11-19,0.046232031283046204
2021-11-20,0.046232031283046204
2021-11-21,0.046232031283046204
2021-11-22,0.04610322860621974
2021-11-23,0.044294343664431635
2021-11-24,0.044434193503647856
2021-11-25,0.044434193503647856
2021-11-26,0.04443640095744117
2021-11-27,0.04443640095744117
2021-11-28,0.04443640095744117
2021-11-29,0.04445051970942049
2021-11-30,0.04206734848885585
2021-12-01,0.040799150398360684
2021-12-02,0.0415885698554761
2021-12-03,0.041575912129241166
2021-12-04,0.041575912129241166
2021-12-05,0.041575912129241166
2021-12-06,0.041499775311959475
2021-12-07,0.04145757558708474
2021-12-08,0.041478344990754756
2021-12-09,0.04022562160113097
2021-12-10,0.04008611526383277
2021-12-11,0.04008611526383277
2021-12-12,0.04008611526383277
2021-12-13,0.040070164067937064
2021-12-14,0.04006936001696082
2021-12-15,0.0399459360097727
2021-12-16,0.038317329228874986
2021-12-17,0.03820298907968511
2021-12-18,0.03820298907968511
2021-12-19,0.03820298907968511
2021-12-20,0.0379450791776057
2021-12-21,0.038021571917303376
2021-12-22,0.0385897603022991
2021-12-23,0.03858615957811207
2021-12-24,0.03858615957811207
2021-12-25,0.03858615957811207
2021-12-26,0.03858615957811207
2021-12-27,0.03858574530856185
2021-12-28,0.03858267797932591
2021-12-29,0.038525903708980014
2021-12-30,0.0385357962393551
2021-12-31,0.0385357962393551
2022-01-01,0.0385357962393551
2022-01-02,0.0385357962393551
2022-01-03,0.0385357962393551
2022-01-04,0.03854241596393049
2022-01-05,0.03846208906236437
2022-01-06,0.03874187034605958
2022-01-07,0.038792117658045244
2022-01-08,0.038792117658045244
2022-01-09,0.038792117658045244
2022-01-10,0.038485243177662554
2022-01-11,0.037462131775272134
2022-01-12,0.037307269485792105
2022-01-13,0.037306212931911276
2022-01-14,0.03730930020369527
2022-01-15,0.03730930020369527
2022-01-16,0.03730930020369527
2022-01-17,0.03730930020369527
2022-01-18,0.037249733025039866
2022-01-19,0.035751698564701506
2022-01-20,0.0350958894786737
2022-01-21,0.03499451896016614
2022-01-22,0.03499451896016614
2022-01-23,0.0350074384496637
2022-01-24,0.03511247425278752
2022-01-25,0.03232260216791949
2022-01-26,0.023953328355151404
2022-01-27,0.028418265199483095
2022-01-28,0.03379540618466659
2022-01-29,0.03379540618466659
2022-01-30,0.03379540618466659
2022-01-31,0.033405426820957596
2022-02-01,0.04388333212707818
2022-02-02,0.030899408333677547
2022-02-03,0.04011040808326727
2022-02-04,0.041366611939621434
2022-02-05,0.041366611939621434
2022-02-06,0.041366611939621434
2022-02-07,0.04228371551855026
2022-02-08,0.046339947883742294
2022-02-09,0.047401272291267116
2022-02-10,0.0441263226968196
2022-02-11,0.04287976320273068
2022-02-12,0.042881558114953755
2022-02-13,0.042881558114953755
2022-02-14,0.04330029764785337
2022-02-15,0.04417372727882651
2022-02-16,0.040180544176018795
2022-02-17,0.04095611284426148
2022-02-18,0.04092862357559213
2022-02-19,0.040927559882760534
2022-02-20,0.040927559882760534
2022-02-21,0.04076604058439126
2022-02-22,0.04222548704696805
2022-02-23,0.03687839111737978
2022-02-24,0.03593465018961384
2022-02-25,0.037646461134576814
2022-02-26,0.03764925832034649
2022-02-27,0.03764925832034649
2022-02-28,0.033975398009744806
2022-03-01,0.02832398586314011
2022-03-02,0.028573655586411117
2022-03-03,0.025603952643907135
2022-03-04,0.025433442019985986
2022-03-05,0.025433442019985986
2022-03-06,0.025433442019985986
2022-03-07,0.025522033143506873
2022-03-08,0.02556557104595769
2022-03-09,0.02511968859013125
2022-03-10,0.02463432569201629
2022-03-11,0.02437296406010958
2022-03-12,0.024375406232019392
2022-03-13,0.024375406232019392
2022-03-14,0.023977330118837292
2022-03-15,0.02364291545857311
2022-03-16,0.023516747367952506
2022-03-17,0.02444588593904573
2022-03-18,0.024572889160972222
2022-03-19,0.024572889160972222
2022-03-20,0.024572889160972222
2022-03-21,0.023858478157826823
2022-03-22,0.023556805575160933
2022-03-23,0.023580337096742232
2022-03-24,0.02437077495598783
2022-03-25,0.024334900144553417
2022-03-26,0.024334900144553417
2022-03-27,0.024334900144553417
2022-03-28,0.024219645559385716
2022-03-29,0.024195783343337274
2022-03-30,0.02419171978825596
2022-03-31,0.023386566356337513
2022-04-01,0.023382184345046353
2022-04-02,0.023391340672003436
2022-04-03,0.023391340672003436
2022-04-04,0.023391278890205758
2022-04-05,0.02374305809635513
2022-04-06,0.023620292811978194
2022-04-07,0.023171764805682615
2022-04-08,0.023157146752345925
2022-04-09,0.023157146752345925
2022-04-10,0.023157146752345925
2022-04-11,0.02316981022438891
2022-04-12,0.023288924721678983
2022-04-13,0.023076336841873824
2022-04-14,0.022911274555885708
2022-04-15,0.022908305127629314
2022-04-16,0.022908305127629314
2022-04-17,0.022908305127629314
2022-04-18,0.022750563094630083
2022-04-19,0.020565008013399444
2022-04-20,0.019583386856269813
2022-04-21,0.022709728682186014
2022-04-22,0.022753280593995617
2022-04-23,0.022753280593995617
2022-04-24,0.022753280593995617
2022-04-25,0.022214759053578614
2022-04-26,0.00043428145117641037
2022-04-27,-0.012228674948230545
2022-04-28,-0.004125904762493304
2022-04-29,-0.0011767507653379639
2022-04-30,-0.0011645989318809224
2022-05-01,-0.0011645989318809224
2022-05-02,-0.0022606264751073857
2022-05-03,-0.005944923973733807
2022-05-04,-0.006712263903037585
2022-05-05,-0.016117074173208068
2022-05-06,-0.012340624337041972
2022-05-07,-0.01239563701929558
2022-05-08,-0.01239563701929558
2022-05-09,-0.014096496933446945
2022-05-10,-0.016629808312205285
2022-05-11,-0.01730275186214192
2022-05-12,-0.018992686083184607
2022-05-13,-0.0192919897621886
2022-05-14,-0.0192693158335836
2022-05-15,-0.019261881520167168
2022-05-16,-0.02014848243083689
2022-05-17,-0.01790371222121867
2022-05-18,-0.01444147494640835
2022-05-19,-0.014511619688631128
2022-05-20,-0.014596278533378082
2022-05-21,-0.014596278533378082
2022-05-22,-0.014596278533378082
2022-05-23,-0.014820883110703509
2022-05-24,-0.014571236803886278
2022-05-25,-0.015709112330996367
2022-05-26,-0.018416604462489716
2022-05-27,-0.018209952550281128
2022-05-28,-0.01857205768149972
2022-05-29,-0.01857205768149972
2022-05-30,-0.01857205768149972
2022-05-31,-0.01958838250994066
2022-06-01,-0.0195881800660328
2022-06-02,-0.019914684780596992
2022-06-03,-0.01991862863707694
2022-06-04,-0.01991862863707694
2022-06-05,-0.01991862863707694
2022-06-06,-0.019900817768312762
2022-06-07,-0.020030106881563037
2022-06-08,-0.01999653422446046
2022-06-09,-0.020002910725312573
2022-06-10,-0.020041058527814903
2022-06-11,-0.020041058527814903
2022-06-12,-0.020041058527814903
2022-06-13,-0.022824655986008135
2022-06-14,-0.02296590465084325
2022-06-15,-0.02296590465084325
2022-06-16,-0.023212696015152412
2022-06-17,-0.02322402246382782
2022-06-18,-0.02322402246382782
2022-06-19,-0.02322402246382782
2022-06-20,-0.023221667804581902
2022-06-21,-0.023200468095255222
2022-06-22,-0.023322799431149788
2022-06-23,-0.02280608804350126
2022-06-24,-0.0231589560110127
2022-06-25,-0.0231589560110127
2022-06-26,-0.0231589560110127
2022-06-27,-0.023798795132968342
2022-06-28,-0.023851176146075237
2022-06-29,-0.02401538201141351
2022-06-30,-0.023802869708055452
2022-07-01,-0.023824273071987645
2022-07-02,-0.023824273071987645
2022-07-03,-0.023824273071987645
2022-07-04,-0.023824273071987645
2022-07-05,-0.023824273071987645
2022-07-06,-0.023826316189387797
2022-07-07,-0.023958381495853498
2022-07-08,-0.02396211697013495
2022-07-09,-0.02396211697013495
2022-07-10,-0.02396211697013495
2022-07-11,-0.023917697929142
2022-07-12,-0.02391662194284938
2022-07-13,-0.02395260864685067
2022-07-14,-0.023151028882738234
2022-07-15,-0.023151028882738234
2022-07-16,-0.023151028882738234
2022-07-17,-0.023151028882738234
2022-07-18,-0.023126213619963698
2022-07-19,-0.02352507396276493
2022-07-20,-0.023728645681287852
2022-07-21,-0.025573881641138163
2022-07-22,-0.025990634440055782
2022-07-23,-0.025556207813188347
2022-07-24,-0.025431344780766363
2022-07-25,-0.02571546924114021
2022-07-26,-0.030395858960845734
2022-07-27,-0.03445562693686244
2022-07-28,-0.04091399378466376
2022-07-29,-0.041818824103103336
2022-07-30,-0.041818824103103336
2022-07-31,-0.041818824103103336
2022-08-01,-0.041750271386975846
2022-08-02,-0.04113298343121485
2022-08-03,-0.043102547049400086
2022-08-04,-0.04051735896431763
2022-08-05,-0.039907163779540955
2022-08-06,-0.03998541086750296
2022-08-07,-0.03998541086750296
2022-08-08,-0.03971707625865839
2022-08-09,-0.04381170941179868
2022-08-10,-0.04321979139219867
2022-08-11,-0.043579133814953264
2022-08-12,-0.04367046828756105
2022-08-13,-0.04365083609450526
2022-08-14,-0.04365083609450526
2022-08-15,-0.04340634191557702
2022-08-16,-0.042613375167496415
2022-08-17,-0.04392331134972849
2022-08-18,-0.043550863860347566
2022-08-19,-0.043579269866710346
2022-08-20,-0.043579269866710346
2022-08-21,-0.043579269866710346
2022-08-22,-0.04381419624377447
2022-08-23,-0.04525935937386838
2022-08-24,-0.04998698174033911
2022-08-25,-0.048542951969279935
2022-08-26,-0.04852643003712376
2022-08-27,-0.04852643003712376
2022-08-28,-0.04852643003712376
2022-08-29,-0.04861656434174488
2022-08-30,-0.04890908491947865
2022-08-31,-0.04949770124048958
2022-09-01,-0.049267984059694125
2022-09-02,-0.04935504906978172
2022-09-03,-0.04935504906978172
2022-09-04,-0.04935504906978172
2022-09-05,-0.04935504906978172
2022-09-06,-0.0493273731227265
2022-09-07,-0.05016305801037246
2022-09-08,-0.05039146814340323
2022-09-09,-0.050577611267122013
2022-09-10,-0.050577611267122013
2022-09-11,-0.050577611267122013
2022-09-12,-0.050559925585709875
2022-09-13,-0.05037299583589028
2022-09-14,-0.050409828892671094
2022-09-15,-0.05035353767483741
2022-09-16,-0.05035199667866663
2022-09-17,-0.05035199667866663
2022-09-18,-0.05035199667866663
2022-09-19,-0.05034993257431419
2022-09-20,-0.050378159382854504
2022-09-21,-0.050420080628950426
2022-09-22,-0.04815814486776293
2022-09-23,-0.04812646864752035
2022-09-24,-0.04812646864752035
2022-09-25,-0.04812646864752035
2022-09-26,-0.048127310300662085
2022-09-27,-0.04886782183634186
2022-09-28,-0.04869936667171859
2022-09-29,-0.05001991452891075
2022-09-30,-0.049677635287980526
2022-10-01,-0.049677635287980526
2022-10-02,-0.049677635287980526
2022-10-03,-0.04969859762422635
2022-10-04,-0.049709016727860766
2022-10-05,-0.049527829199097595
2022-10-06,-0.04926350374917299
2022-10-07,-0.04925289648967246
2022-10-08,-0.04925461794833885
2022-10-09,-0.04925461794833885
2022-10-10,-0.04925461794833885
2022-10-11,-0.04931284388228374
2022-10-12,-0.04934719285497824
2022-10-13,-0.04913625277826461
2022-10-14,-0.04914043546796709
2022-10-15,-0.04914043546796709
2022-10-16,-0.04914043546796709
2022-10-17,-0.049120313559688156
2022-10-18,-0.048171526958445954
2022-10-19,-0.04754175965070817
2022-10-20,-0.045140756337935906
2022-10-21,-0.0448697449344303
2022-10-22,-0.0448697449344303
2022-10-23,-0.0448697449344303
2022-10-24,-0.04499616432784137
2022-10-25,-0.05104802228179828
2022-10-26,-0.048340229405354096
2022-10-27,-0.059113220545792045
2022-10-28,-0.06031248504721376
2022-10-29,-0.06031248504721376
2022-10-30,-0.06031248504721376
2022-10-31,-0.05970827402723122
2022-11-01,-0.06342643015377591
2022-11-02,-0.06443195171636285
2022-11-03,-0.0673581415636394
2022-11-04,-0.06677905515209515
2022-11-05,-0.06678238261480862
2022-11-06,-0.06678238261480862
2022-11-07,-0.06709795471659419
2022-11-08,-0.06683022129957483
2022-11-09,-0.06626980156370044
2022-11-10,-0.07066434893861362
2022-11-11,-0.07056234088603386
2022-11-12,-0.07056339837021874
2022-11-13,-0.07056339837021874
2022-11-14,-0.07230361802439111
2022-11-15,-0.0737012344367709
2022-11-16,-0.07594207150737464
2022-11-17,-0.07545646085784352
2022-11-18,-0.0757012119618461
2022-11-19,-0.0757012119618461
2022-11-20,-0.0757012119618461
2022-11-21,-0.07552127691204147
2022-11-22,-0.0752348074143232
2022-11-23,-0.07521807684263981
2022-11-24,-0.07521807684263981
2022-11-25,-0.07522163538398752
2022-11-26,-0.07522163538398752
2022-11-27,-0.07522163538398752
2022-11-28,-0.07521544710219097
2022-11-29,-0.07540613446715705
2022-11-30,-0.07266236739808785
2022-12-01,-0.07198089834063093
2022-12-02,-0.0720012179569397
2022-12-03,-0.07200843231395138
2022-12-04,-0.07200843231395138
2022-12-05,-0.07199662625981651
2022-12-06,-0.07220220384318121
2022-12-07,-0.07219404245050642
2022-12-08,-0.07144199735731371
2022-12-09,-0.07144559288799734
2022-12-10,-0.07144559288799734
2022-12-11,-0.07144559288799734
2022-12-12,-0.07148873436599656
2022-12-13,-0.07139760044722465
2022-12-14,-0.07139909093251806
2022-12-15,-0.071224294111213
2022-12-16,-0.07089665779162635
2022-12-17,-0.07089665779162635
2022-12-18,-0.07089665779162635
2022-12-19,-0.07086744416547786
2022-12-20,-0.07215275038379243
2022-12-21,-0.07142587732221628
2022-12-22,-0.07187494872766087
2022-12-23,-0.07187586732461626
2022-12-24,-0.07187586732461626
2022-12-25,-0.07187586732461626
2022-12-26,-0.07187586732461626
2022-12-27,-0.07184533346852684
2022-12-28,-0.07179688317867827
2022-12-29,-0.07180412187090746
2022-12-30,-0.07182968540055068
2022-12-31,-0.07182968540055068
2023-01-01,-0.07182968540055068
2023-01-02,-0.07182968540055068
2023-01-03,-0.0718723363732483
2023-01-04,-0.07188162832462497
2023-01-05,-0.0720047315941128
2023-01-06,-0.07197845674104142
2023-01-07,-0.07197845674104142
2023-01-08,-0.07197845674104142
2023-01-09,-0.07218862368393786
2023-01-10,-0.07140663067561182
2023-01-11,-0.07140663067561182
2023-01-12,-0.07159958802676769
2023-01-13,-0.07160010057491306
2023-01-14,-0.07160010057491306
2023-01-15,-0.07160010057491306
2023-01-16,-0.07160010057491306
2023-01-17,-0.07156751906710834
2023-01-18,-0.07052803026544541
2023-01-19,-0.07074781412010356
2023-01-20,-0.0712207207762372
2023-01-21,-0.0712207207762372
2023-01-22,-0.0712207207762372
2023-01-23,-0.07196531449654131
2023-01-24,-0.057025699749631675
2023-01-25,-0.05437712907565351
2023-01-26,-0.05374954639543661
2023-01-27,-0.05324832726247197
2023-01-28,-0.05324832726247197
2023-01-29,-0.05324832726247197
2023-01-30,-0.054144121594461025
2023-01-31,-0.04819139262917538
2023-02-01,-0.041930518897163704
2023-02-02,-0.040566683796918857
2023-02-03,-0.038908915680063605
2023-02-04,-0.038908915680063605
2023-02-05,-0.038908915680063605
2023-02-06,-0.03930126711745152
2023-02-07,-0.03355733647567649
2023-02-08,-0.04034800438277364
2023-02-09,-0.03918192651874486
2023-02-10,-0.03939101252886679
2023-02-11,-0.03939101252886679
2023-02-12,-0.03939101252886679
2023-02-13,-0.03903606703386542
2023-02-14,-0.03578175073938006
2023-02-15,-0.032750400420050174
2023-02-16,-0.034067641667541504
2023-02-17,-0.03417884628309842
2023-02-18,-0.03417884628309842
2023-02-19,-0.03417884628309842
2023-02-20,-0.034032773150786344
2023-02-21,-0.03187511751129857
2023-02-22,-0.02883745972205376
2023-02-23,-0.03122114614676641
2023-02-24,-0.03103742688720801
2023-02-25,-0.03103742688720801
2023-02-26,-0.03103742688720801
2023-02-27,-0.031766777141323366
2023-02-28,-0.03517856830086841
2023-03-01,-0.03418120030707972
2023-03-02,-0.03341637728062086
2023-03-03,-0.03334732253958084
2023-03-04,-0.03334732253958084
2023-03-05,-0.03334732253958084
2023-03-06,-0.03327645090375542
2023-03-07,-0.033021843142857166
2023-03-08,-0.03327041466982017
2023-03-09,-0.03295370636278161
2023-03-10,-0.03288575532453286
2023-03-11,-0.03288480896569257
2023-03-12,-0.03288480896569257
2023-03-13,-0.03338862286201982
2023-03-14,-0.03352665385225695
2023-03-15,-0.033080882491980934
2023-03-16,-0.031864912448265836
2023-03-17,-0.0319343347543839
2023-03-18,-0.0319343347543839
2023-03-19,-0.0319343347543839
2023-03-20,-0.031679348739479196
2023-03-21,-0.03220297519449289
2023-03-22,-0.03196476933104475
2023-03-23,-0.03201348471275178
2023-03-24,-0.0320105878731336
2023-03-25,-0.0320105878731336
2023-03-26,-0.0320105878731336
2023-03-27,-0.03196272549301726
2023-03-28,-0.031838482606587504
2023-03-29,-0.03182927072963271
2023-03-30,-0.03216978679500515
2023-03-31,-0.03192370726487903
2023-04-01,-0.031893122757447934
2023-04-02,-0.031893122757447934
2023-04-03,-0.03188640318037428
2023-04-04,-0.03204151439017511
2023-04-05,-0.0320812491161967
2023-04-06,-0.0316858233860321
2023-04-07,-0.0316858233860321
2023-04-08,-0.0316858233860321
2023-04-09,-0.0316858233860321
2023-04-10,-0.03172909962597992
2023-04-11,-0.03196130275844322
2023-04-12,-0.03198121094190898
2023-04-13,-0.032175313606018
2023-04-14,-0.03214787829280874
2023-04-15,-0.03215944200885168
2023-04-16,-0.03215944200885168
2023-04-17,-0.03231358021477215
2023-04-18,-0.03774678025755285
2023-04-19,-0.037415290138619994
2023-04-20,-0.037876373357711546
2023-04-21,-0.03827763503138992
2023-04-22,-0.03827763503138992
2023-04-23,-0.03827763503138992
2023-04-24,-0.038473766462502
2023-04-25,-0.021615638243484225
2023-04-26,-0.02207014572564714
2023-04-27,-0.010927842975224422
2023-04-28,-0.015938468383955184
2023-04-29,-0.015952207591802825
2023-04-30,-0.015952207591802825
2023-05-01,-0.015799086674772256
2023-05-02,-0.01723608169200086
2023-05-03,-0.017747903990861014
2023-05-04,-0.019127317181755088
2023-05-05,-0.01846861103473485
2023-05-06,-0.01845504441994572
2023-05-07,-0.01845504441994572
2023-05-08,-0.020926986477788234
2023-05-09,-0.021378233290323734
2023-05-10,-0.020112388954012905
2023-05-11,-0.019066527734557748
2023-05-12,-0.022210610547504728
2023-05-13,-0.022245523978457915
2023-05-14,-0.022245523978457915
2023-05-15,-0.021920318595488708
2023-05-16,-0.023379728074652162
2023-05-17,-0.023135630257635764
2023-05-18,-0.022042987233103162
2023-05-19,-0.022030362400263015
2023-05-20,-0.022030362400263015
2023-05-21,-0.022030362400263015
2023-05-22,-0.021922568362167882
2023-05-23,-0.021742922938737697
2023-05-24,-0.020848932813393506
2023-05-25,-0.020086923898341325
2023-05-26,-0.020284205195637672
2023-05-27,-0.020291729967653604
2023-05-28,-0.020291729967653604
2023-05-29,-0.020291729967653604
2023-05-30,-0.020308014482243286
2023-05-31,-0.01981156500530179
2023-06-01,-0.019384684721537426
2023-06-02,-0.019389022159567504
2023-06-03,-0.019389022159567504
2023-06-04,-0.019389022159567504
2023-06-05,-0.019804567046721178
2023-06-06,-0.019586497767457467
2023-06-07,-0.01943169021303781
2023-06-08,-0.019551598680943916
2023-06-09,-0.019542396973176168
2023-06-10,-0.019542396973176168
2023-06-11,-0.019542396973176168
2023-06-12,-0.019582663581920512
2023-06-13,-0.01956480006335637
2023-06-14,-0.0195640064827054
2023-06-15,-0.01953437806139957
2023-06-16,-0.019536703839557967
2023-06-17,-0.019536703839557967
2023-06-18,-0.019536703839557967
2023-06-19,-0.019538075423798484
2023-06-20,-0.019509180703259243
2023-06-21,-0.019504121693745713
2023-06-22,-0.018814565701672725
2023-06-23,-0.018509686832781536
2023-06-24,-0.018509686832781536
2023-06-25,-0.018509686832781536
2023-06-26,-0.018513497239687426
2023-06-27,-0.018524532884031886
2023-06-28,-0.018987089326429674
2023-06-29,-0.018726151780635747
2023-06-30,-0.018962620369202265
2023-07-01,-0.018962620369202265
2023-07-02,-0.018962620369202265
2023-07-03,-0.018962620369202265
2023-07-04,-0.018962620369202265
2023-07-05,-0.018962620369202265
2023-07-06,-0.018985404941008976
2023-07-07,-0.019047061991989356
2023-07-08,-0.019047061991989356
2023-07-09,-0.019047061991989356
2023-07-10,-0.01909993761811779
2023-07-11,-0.0190922843571959
2023-07-12,-0.019116141765386896
2023-07-13,-0.01947797657523942
2023-07-14,-0.019478012628807995
2023-07-15,-0.019478012628807995
2023-07-16,-0.019478012628807995
2023-07-17,-0.019478012628807995
2023-07-18,-0.020227291725908425
2023-07-19,-0.02110637853846442
2023-07-20,-0.022861657615805164
2023-07-21,-0.0228438052743698
2023-07-22,-0.0228438052743698
2023-07-23,-0.0228438052743698
2023-07-24,-0.022333429576738673
2023-07-25,-0.014816845236294895
2023-07-26,-0.00990982455745193
2023-07-27,-0.010576261945273502
2023-07-28,-0.013690112083889816
2023-07-29,-0.013690112083889816
2023-07-30,-0.013690112083889816
2023-07-31,-0.013719100396837103
2023-08-01,-0.007420416108994576
2023-08-02,-0.005921035454671597
2023-08-03,-0.009364992781496384
2023-08-04,-0.009949102943497379
2023-08-05,-0.009882580810127939
2023-08-06,-0.009812586533736734
2023-08-07,-0.0091771094238694
2023-08-08,-0.008999235539989936
2023-08-09,-0.00695991733803758
2023-08-10,-0.006317939656050986
2023-08-11,-0.006053293798506942
2023-08-12,-0.006026476885579557
2023-08-13,-0.006026476885579557
2023-08-14,-0.006013457775038367
2023-08-15,-0.007153475828986067
2023-08-16,-0.005048912958691254
2023-08-17,-0.005174814710575348
2023-08-18,-0.005167908203838278
2023-08-19,-0.005151791178158449
2023-08-20,-0.005151791178158449
2023-08-21,-0.004608096167006637
2023-08-22,-0.0024634413622525164
2023-08-23,-0.00019888264325917948
2023-08-24,0.0001309768854755866
2023-08-25,0.0001213080406607947
2023-08-26,0.0001213080406607947
2023-08-27,0.0001213080406607947
2023-08-28,0.0003422627065565731
2023-08-29,-0.00018398181378143086
2023-08-30,-0.0004934968847758459
2023-08-31,-0.00041765243513469663
2023-09-01,-0.00041496033755206163
2023-09-02,-0.00041496033755206163
2023-09-03,-0.00041496033755206163
2023-09-04,-0.00041496033755206163
2023-09-05,-0.00032848688173103824
2023-09-06,-0.00015056710935090756
2023-09-07,-0.0006835940339926516
2023-09-08,-0.0006936776042177906
2023-09-09,-0.0006936776042177906
2023-09-10,-0.0006936776042177906
2023-09-11,-0.0007182542154104965
2023-09-12,-0.0006586117307390005
2023-09-13,-0.0006947247293908054
2023-09-14,-0.00034877287623047426
2023-09-15,-0.0003643864758029469
2023-09-16,-0.0003643864758029469
2023-09-17,-0.0003643864758029469
2023-09-18,-0.0003502247232792799
2023-09-19,-0.0003097003118573971
2023-09-20,-0.0001823734776332797
2023-09-21,-0.00025716136737663486
2023-09-22,-0.0002569177225545394
2023-09-23,-0.0002569177225545394
2023-09-24,-0.0002569177225545394
2023-09-25,-0.0003442323183027174
2023-09-26,-0.0007652543879412832
2023-09-27,0.0003838135924945085
2023-09-28,0.0004588606267055262
2023-09-29,0.00046065720413990263
2023-09-30,0.00046065720413990263
2023-10-01,0.00046065720413990263
2023-10-02,0.00046065720413990263
2023-10-03,0.0004201875654026299
2023-10-04,0.00019866469571327983
2023-10-05,0.00017790667943229366
2023-10-06,0.0001782624454493842
2023-10-07,0.0001782624454493842
2023-10-08,0.0001782624454493842
2023-10-09,0.0001782624454493842
2023-10-10,0.00019888459195471775
2023-10-11,0.00019630175729212773
2023-10-12,0.0002448195657016594
2023-10-13,0.0002580771212512545
2023-10-14,0.0002580771212512545
2023-10-15,0.0002580771212512545
2023-10-16,0.0002664947255188732
2023-10-17,0.0008897624537247406
2023-10-18,0.0007877996545029298
2023-10-19,0.00025336931948682917
2023-10-20,0.00010110072523472624
2023-10-21,0.00010110072523472624
2023-10-22,0.00010110072523472624
2023-10-23,-0.0005075807462358028
2023-10-24,0.0022377064975100946
2023-10-25,0.006800729862265431
2023-10-26,0.006572412366186997
2023-10-27,-0.002188745921583357
2023-10-28,-0.0022471875178243783
2023-10-29,-0.0022473592269866005
2023-10-30,-0.0020713155649701998
2023-10-31,0.009356626128256051
2023-11-01,0.008457766551959622
2023-11-02,0.01562600220590271
2023-11-03,0.015227249812725718
2023-11-04,0.015276149374039427
2023-11-05,0.015276149374039427
2023-11-06,0.012810293762292257
2023-11-07,0.0161899881340124
2023-11-08,0.01659354949939429
2023-11-09,0.016272117639593908
2023-11-10,0.01646774632818815
2023-11-11,0.01647667356620519
2023-11-12,0.01647667356620519
2023-11-13,0.01587503636075427
2023-11-14,0.0139651016179132
2023-11-15,0.01384221939900021
2023-11-16,0.01400728474808588
2023-11-17,0.014009596539960034
2023-11-18,0.01402127852130608
2023-11-19,0.01402127852130608
2023-11-20,0.013998959175906878
2023-11-21,0.014537674038180848
2023-11-22,0.014601326492088118
2023-11-23,0.014599665694530417
2023-11-24,0.014599665694530417
2023-11-25,0.014599665694530417
2023-11-26,0.014599665694530417
2023-11-27,0.014650851419435673
2023-11-28,0.01463131307521337
2023-11-29,0.014627982266661954
2023-11-30,0.015008061385420435
2023-12-01,0.015014930392464043
2023-12-02,0.015014930392464043
2023-12-03,0.015014930392464043
2023-12-04,0.014975094819722479
2023-12-05,0.016418129781971214
2023-12-06,0.014841590786515813
2023-12-07,0.013610857092556383
2023-12-08,0.01362770459696283
2023-12-09,0.01362770459696283
2023-12-10,0.01362770459696283
2023-12-11,0.013648263679750139
2023-12-12,0.013673874332290836
2023-12-13,0.014073656980660543
2023-12-14,0.014063673325078518
2023-12-15,0.013150191031135572
2023-12-16,0.013150191031135572
2023-12-17,0.013150191031135572
2023-12-18,0.013063395411666123
2023-12-19,0.013805249634198935
2023-12-20,0.012280870396817578
2023-12-21,0.012587698311453455
2023-12-22,0.012590134999009406
2023-12-23,0.012600176237942629
2023-12-24,0.012600176237942629
2023-12-25,0.012600176237942629
2023-12-26,0.012600176237942629
2023-12-27,0.012620621083988537
2023-12-28,0.012620621083988537
2023-12-29,0.012616702511355937
2023-12-30,0.012617987073148207
2023-12-31,0.012617987073148207
2024-01-01,0.012617987073148207
2024-01-02,0.012617987073148207
2024-01-03,0.012555759811114564
2024-01-04,0.012241564189700016
2024-01-05,0.012159278944444685
2024-01-06,0.012159278944444685
2024-01-07,0.012159278944444685
2024-01-08,0.012196526535243057
2024-01-09,0.012207405206378752
2024-01-10,0.012206505728850958
2024-01-11,0.012582958955354773
2024-01-12,0.012583391263294219
2024-01-13,0.012583391263294219
2024-01-14,0.012583391263294219
2024-01-15,0.012583391263294219
2024-01-16,0.012581040390821308
2024-01-17,0.012533367820229513
2024-01-18,0.012554309076606707
2024-01-19,0.013087589179149539
2024-01-20,0.013087589179149539
2024-01-21,0.013087589179149539
2024-01-22,0.013079081857257924
2024-01-23,0.009416595353438861
2024-01-24,0.00837101215011482
2024-01-25,0.009837241879954606
2024-01-26,0.009791900616369809
2024-01-27,0.009767377424897195
2024-01-28,0.009767377424897195
2024-01-29,0.009828291768141373
2024-01-30,-0.016551341589675972
2024-01-31,-0.017306127243839287
2024-02-01,-0.022862875849972153
2024-02-02,-0.02113941401712427
2024-02-03,-0.02113941401712427
2024-02-04,-0.02113941401712427
2024-02-05,-0.02265470188220675
2024-02-06,-0.030519112701749784
2024-02-07,-0.032992542487739196
2024-02-08,-0.0350829861511307
2024-02-09,-0.034665631010585396
2024-02-10,-0.034665631010585396
2024-02-11,-0.034665631010585396
2024-02-12,-0.03487097694301622
2024-02-13,-0.03598841269849873
2024-02-14,-0.03744405909771231
2024-02-15,-0.03926806148310513
2024-02-16,-0.03914775850298313
2024-02-17,-0.03914775850298313
2024-02-18,-0.03914775850298313
2024-02-19,-0.039061729903779874
2024-02-20,-0.03761701270219431
2024-02-21,-0.03307127778516272
2024-02-22,-0.03472483608663213
2024-02-23,-0.03435042926411547
2024-02-24,-0.03446308042265733
2024-02-25,-0.03446308042265733
2024-02-26,-0.03377419750450428
2024-02-27,-0.03412382970889083
2024-02-28,-0.03302410012974566
2024-02-29,-0.03363839113727607
2024-03-01,-0.033588010163998705
2024-03-02,-0.03359104738846086
2024-03-03,-0.03359104738846086
2024-03-04,-0.03428489087815478
2024-03-05,-0.03410985072265649
2024-03-06,-0.03355907275256065
2024-03-07,-0.03627965470958727
2024-03-08,-0.03601239930390954
2024-03-09,-0.03599335253795921
2024-03-10,-0.03599335253795921
2024-03-11,-0.03575512207099585
2024-03-12,-0.035672254339974896
2024-03-13,-0.03579613198836051
2024-03-14,-0.037139930492701034
2024-03-15,-0.03717916246919617
2024-03-16,-0.03718051791801735
2024-03-17,-0.03718051791801735
2024-03-18,-0.03710742262306421
2024-03-19,-0.03710045777452353
2024-03-20,-0.03653375339046072
2024-03-21,-0.037285838479862665
2024-03-22,-0.0372090180650424
2024-03-23,-0.03719693479457986
2024-03-24,-0.03719693479457986
2024-03-25,-0.037211902670380326
2024-03-26,-0.036987794700404475
2024-03-27,-0.036756838852739726
2024-03-28,-0.03649020171179351
2024-03-29,-0.03643151546182721
2024-03-30,-0.036431188667967906
2024-03-31,-0.036431188667967906
2024-04-01,-0.03650469546135682
2024-04-02,-0.03652870257851393
2024-04-03,-0.0362359442087109
2024-04-04,-0.036431663412144655
2024-04-05,-0.03642952169079072
2024-04-06,-0.03642952169079072
2024-04-07,-0.03642952169079072
2024-04-08,-0.03642984954198769
2024-04-09,-0.036352550351758106
2024-04-10,-0.0363552837317368
2024-04-11,-0.03600243074823328
2024-04-12,-0.03606473000781185
2024-04-13,-0.03606473000781185
2024-04-14,-0.03606473000781185
2024-04-15,-0.03606906103972907
2024-04-16,-0.02976133191204311
2024-04-17,-0.029622341410811326
2024-04-18,-0.030512162125078124
2024-04-19,-0.03036360104320479
2024-04-20,-0.03036360104320479
2024-04-21,-0.03036360104320479
2024-04-22,-0.030967477307661473
2024-04-23,-0.02869506351201756
2024-04-24,-0.025987672957014984
2024-04-25,-0.033842200235905895
2024-04-26,-0.03625442884189756
2024-04-27,-0.03618543430062404
2024-04-28,-0.03618543430062404
2024-04-29,-0.03637802147493807
2024-04-30,-0.03450611567526307
2024-05-01,-0.045657073210343624
2024-05-02,-0.058749403047349436
2024-05-03,-0.058280060465583094
2024-05-04,-0.05824644272745649
2024-05-05,-0.05826466435657374
2024-05-06,-0.05692759037368322
2024-05-07,-0.06026326516773184
2024-05-08,-0.06009066895363857
2024-05-09,-0.05744209611433848
2024-05-10,-0.05700868529059766
2024-05-11,-0.056791589445748136
2024-05-12,-0.056791589445748136
2024-05-13,-0.056875954308963195
2024-05-14,-0.05273070085692988
2024-05-15,-0.051025338478697835
2024-05-16,-0.05080853258364493
2024-05-17,-0.050678870535165954
2024-05-18,-0.050678870535165954
2024-05-19,-0.050678870535165954
2024-05-20,-0.050721957285441044
2024-05-21,-0.052487619392872165
2024-05-22,-0.05034066382726732
2024-05-23,-0.05208236206470451
2024-05-24,-0.05196493299678795
2024-05-25,-0.05196493299678795
2024-05-26,-0.05196493299678795
2024-05-27,-0.05196493299678795
2024-05-28,-0.051813692738391204
2024-05-29,-0.05212781887925222
2024-05-30,-0.05181195990874288
2024-05-31,-0.05176387441246555
2024-06-01,-0.05176387441246555
2024-06-02,-0.05176387441246555
2024-06-03,-0.05186242290829324
2024-06-04,-0.05160323181669668
2024-06-05,-0.05212709847609265
2024-06-06,-0.052292025761376815
2024-06-07,-0.052151497087096765
2024-06-08,-0.052151497087096765
2024-06-09,-0.052151497087096765
2024-06-10,-0.05213096393758909
2024-06-11,-0.05218074669759665
2024-06-12,-0.05249442186826292
2024-06-13,-0.052344907677478014
2024-06-14,-0.052332818001925796
2024-06-15,-0.05233153455890682
2024-06-16,-0.05233153455890682
2024-06-17,-0.05235220644245597
2024-06-18,-0.0523786145966082
2024-06-19,-0.0523786145966082
2024-06-20,-0.05382366459467369
2024-06-21,-0.05392263697945454
2024-06-22,-0.05392263697945454
2024-06-23,-0.05392263697945454
2024-06-24,-0.0539041589153989
2024-06-25,-0.0537112948045847
2024-06-26,-0.05385305144850072
2024-06-27,-0.05395026355738608
2024-06-28,-0.05395595238922646
2024-06-29,-0.05395595238922646
2024-06-30,-0.05395595238922646
2024-07-01,-0.05395191011608691
2024-07-02,-0.053921896022576354
2024-07-03,-0.05384301437710093
2024-07-04,-0.05384301437710093
2024-07-05,-0.05384301437710093
2024-07-06,-0.05384301437710093
2024-07-07,-0.05384301437710093
2024-07-08,-0.05384301437710093
2024-07-09,-0.053847212611994655
2024-07-10,-0.05385415832663498
2024-07-11,-0.053682512986805486
2024-07-12,-0.0537313440145305
2024-07-13,-0.05374541408648936
2024-07-14,-0.05374541408648936
2024-07-15,-0.05374466588479343
2024-07-16,-0.05381160097474047
2024-07-17,-0.056961616889741884
2024-07-18,-0.056405842091492686
2024-07-19,-0.05590838637824558
2024-07-20,-0.05590838637824558
2024-07-21,-0.05590838637824558
2024-07-22,-0.057183419601329555
2024-07-23,-0.06234994791238768
2024-07-24,-0.06289676628914476
2024-07-25,-0.06966173743403425
2024-07-26,-0.07141119249341721
2024-07-27,-0.07141119249341721
2024-07-28,-0.07141119249341721
2024-07-29,-0.07179889907034809
2024-07-30,-0.06849359931568932
2024-07-31,-0.07383206687353616
2024-08-01,-0.06966612115044402
2024-08-02,-0.0697869169322739
2024-08-03,-0.06982064209989491
2024-08-04,-0.06982064209989491
2024-08-05,-0.07148507758982725
2024-08-06,-0.07492464066965898
2024-08-07,-0.0800865975708519
2024-08-08,-0.07974411174283402
2024-08-09,-0.07975308713573326
2024-08-10,-0.07972675317993083
2024-08-11,-0.07972675317993083
2024-08-12,-0.07951282447642039
2024-08-13,-0.08086866338696341
2024-08-14,-0.08027656252573334
2024-08-15,-0.07971992547020357
2024-08-16,-0.07971462207783009
2024-08-17,-0.07971462207783009
2024-08-18,-0.07971462207783009
2024-08-19,-0.07926108140457777
2024-08-20,-0.07865602938254701
2024-08-21,-0.07915281743464186
2024-08-22,-0.07980671741137724
2024-08-23,-0.07987087209654964
2024-08-24,-0.07987087209654964
2024-08-25,-0.07987087209654964
2024-08-26,-0.0799299207571843
2024-08-27,-0.07991687095694111
2024-08-28,-0.07802126987478208
2024-08-29,-0.07821279238224021
2024-08-30,-0.07829127190305141
2024-08-31,-0.07829127190305141
2024-09-01,-0.07829127190305141
2024-09-02,-0.07829127190305141
2024-09-03,-0.07890621157836131
2024-09-04,-0.07890745831977541
2024-09-05,-0.08129623826201482
2024-09-06,-0.08126307842155478
2024-09-07,-0.08126307842155478
2024-09-08,-0.08126307842155478
2024-09-09,-0.08116039857774449
2024-09-10,-0.07980415248956818
2024-09-11,-0.07978750634151732
2024-09-12,-0.07981503089790187
2024-09-13,-0.07982924868119035
2024-09-14,-0.07983614469986888
2024-09-15,-0.07983614469986888
2024-09-16,-0.07984602543926134
2024-09-17,-0.07962576547433853
2024-09-18,-0.07960939450680649
2024-09-19,-0.07989286631311077
2024-09-20,-0.07989142939831273
2024-09-21,-0.07989142939831273
2024-09-22,-0.07989142939831273
2024-09-23,-0.07990046210553237
2024-09-24,-0.07971498165114921
2024-09-25,-0.08110756751018444
2024-09-26,-0.08153792813389116
2024-09-27,-0.08153031060640481
2024-09-28,-0.08153031060640481
2024-09-29,-0.08153031060640481
2024-09-30,-0.08152399980372016
2024-10-01,-0.08154006831769234
2024-10-02,-0.0815170536790234
2024-10-03,-0.08156871410408839
2024-10-04,-0.08156592356194325
2024-10-05,-0.08156592356194325
2024-10-06,-0.08156592356194325
2024-10-07,-0.08154727170043252
2024-10-08,-0.08153523442023292
2024-10-09,-0.08152455021764693
2024-10-10,-0.08156371093632475
2024-10-11,-0.08158490344396163
2024-10-12,-0.08158490344396163
2024-10-13,-0.08158490344396163
2024-10-14,-0.08158490344396163
2024-10-15,-0.08374771831347927
2024-10-16,-0.08328740818229252
2024-10-17,-0.08358865337845056
2024-10-18,-0.08379448383011168
2024-10-19,-0.08379448383011168
2024-10-20,-0.08379448383011168
2024-10-21,-0.08424010010099947
2024-10-22,-0.08029906432149814
2024-10-23,-0.08562278364778497
2024-10-24,-0.08264903006873625
2024-10-25,-0.08224211290141725
2024-10-26,-0.0820506336572856
2024-10-27,-0.0820506336572856
2024-10-28,-0.08186191244473506
2024-10-29,-0.09746203007081367
2024-10-30,-0.08991904898199488
2024-10-31,-0.0916872109697705
2024-11-01,-0.09214787691310711
2024-11-02,-0.09214787691310711
2024-11-03,-0.09214787691310711
2024-11-04,-0.09070875372177767
2024-11-05,-0.08922334141023258
2024-11-06,-0.09012419492009427
2024-11-07,-0.0915646711175987
2024-11-08,-0.091678934427051
2024-11-09,-0.09167633436098133
2024-11-10,-0.09167094023590805
2024-11-11,-0.09215496986467009
2024-11-12,-0.08848709883254502
2024-11-13,-0.08633403181178856
2024-11-14,-0.08656614103100746
2024-11-15,-0.08644949589420625
2024-11-16,-0.08644949589420625
2024-11-17,-0.08644949589420625
2024-11-18,-0.08631826772366546
2024-11-19,-0.08578822016391718
2024-11-20,-0.08475140226453648
2024-11-21,-0.08438199165365923
2024-11-22,-0.084370283222715
2024-11-23,-0.084370283222715
2024-11-24,-0.084370283222715
2024-11-25,-0.08445397893026485
2024-11-26,-0.08346554037914289
2024-11-27,-0.08355060783942336
2024-11-28,-0.08355060783942336
2024-11-29,-0.08357232343144672
2024-11-30,-0.08357232343144672
2024-12-01,-0.08357232343144672
2024-12-02,-0.08354583142074523
2024-12-03,-0.08411736177622764
2024-12-04,-0.08347738791847037
2024-12-05,-0.08263406514309879
2024-12-06,-0.08271471280467668
2024-12-07,-0.08262883637775953
2024-12-08,-0.08262883637775953
2024-12-09,-0.083110404990559
2024-12-10,-0.08330627118980483
2024-12-11,-0.08391650615793633
2024-12-12,-0.08372553428462093
2024-12-13,-0.08372216100842544
2024-12-14,-0.08372216100842544
2024-12-15,-0.08372216100842544
2024-12-16,-0.08374123083347673
2024-12-17,-0.08361808234995805
2024-12-18,-0.08294032101049631
2024-12-19,-0.08057094176303126
2024-12-20,-0.08060106547242196
2024-12-21,-0.08060106547242196
2024-12-22,-0.08060106547242196
2024-12-23,-0.08063028166407282
2024-12-24,-0.08062816233556813
2024-12-25,-0.08062816233556813
2024-12-26,-0.0806284577184947
2024-12-27,-0.08065618144094144
2024-12-28,-0.08065618144094144
2024-12-29,-0.08065618144094144
2024-12-30,-0.08063614555958565
2024-12-31,-0.0806360199226086
2025-01-01,-0.0806360199226086
2025-01-02,-0.08062446142283197
2025-01-03,-0.08063449683321045
2025-01-04,-0.08063449683321045
2025-01-05,-0.08063449683321045
2025-01-06,-0.0808671513929955
2025-01-07,-0.08070820835613823
2025-01-08,-0.08063709371917349
2025-01-09,-0.08063706955214633
2025-01-10,-0.08046492197790933
2025-01-11,-0.08047553454545142
2025-01-12,-0.08047553454545142
2025-01-13,-0.0804832231195507
2025-01-14,-0.08049938144527069
2025-01-15,-0.07986827843494049
2025-01-16,-0.08012168247254026
2025-01-17,-0.08006503950981414
2025-01-18,-0.08006503950981414
2025-01-19,-0.08006503950981414
2025-01-20,-0.08004767363152498
2025-01-21,-0.07940915593268827
2025-01-22,-0.07521728785189052
2025-01-23,-0.07560173819221028
2025-01-24,-0.07592990722244364
2025-01-25,-0.07592990722244364
2025-01-26,-0.07592990722244364
2025-01-27,-0.07627740266545391
2025-01-28,-0.06994816606103849
2025-01-29,-0.03979491872961227
2025-01-30,-0.03701485810446725
2025-01-31,-0.038211200445596005
2025-02-01,-0.038211200445596005
2025-02-02,-0.038211200445596005
2025-02-03,-0.03845070547210272
2025-02-04,-0.029980894030568583
2025-02-05,-0.026690959887715637
2025-02-06,-0.03917378022446161
2025-02-07,-0.04026954401879845
2025-02-08,-0.03960751473365487
2025-02-09,-0.039597596106890176
2025-02-10,-0.04054711404387945
2025-02-11,-0.04168792238648922
2025-02-12,-0.04089390731230336
2025-02-13,-0.041992038927722075
2025-02-14,-0.04322799441438974
2025-02-15,-0.04321697769342603
2025-02-16,-0.04321697769342603
2025-02-17,-0.04344123215358098
2025-02-18,-0.0434646325610053
2025-02-19,-0.043950395998273994
2025-02-20,-0.04218238383090123
2025-02-21,-0.04112921315642082
2025-02-22,-0.04139069682790841
2025-02-23,-0.04139069682790841
2025-02-24,-0.040159937980490445
2025-02-25,-0.04083720626521181
2025-02-26,-0.04196557828258618
2025-02-27,-0.044286692180503295
2025-02-28,-0.04358586270794562
2025-03-01,-0.043611070005406205
2025-03-02,-0.043611070005406205
2025-03-03,-0.04336381195142458
2025-03-04,-0.0433199362146689
2025-03-05,-0.04260938212726029
2025-03-06,-0.04132366477488458
2025-03-07,-0.04130795981938762
2025-03-08,-0.04130795981938762
2025-03-09,-0.04130795981938762
2025-03-10,-0.04129510673202952
2025-03-11,-0.04133850355348179
2025-03-12,-0.039823822780159945
2025-03-13,-0.03967105985664354
2025-03-14,-0.03965147917411238
2025-03-15,-0.03961685382109037
2025-03-16,-0.03961685382109037
2025-03-17,-0.03968473969839015
2025-03-18,-0.03960429576653801
2025-03-19,-0.039849406042858804
2025-03-20,-0.03935273420754337
2025-03-21,-0.039346166220853185
2025-03-22,-0.03932287554131686
2025-03-23,-0.03932287554131686
2025-03-24,-0.039330714303080994
2025-03-25,-0.038728871809986964
2025-03-26,-0.03839445437640743
2025-03-27,-0.038357493262576425
2025-03-28,-0.03816105452712393
2025-03-29,-0.03813109997377817
2025-03-30,-0.03813123582467959
2025-03-31,-0.038184723705496526
2025-04-01,-0.03822767006193162
2025-04-02,-0.03785983111716995
2025-04-03,-0.038104186150208275
2025-04-04,-0.03815011844360883
2025-04-05,-0.03815011844360883
2025-04-06,-0.03815011844360883
2025-04-07,-0.038093225264313246
2025-04-08,-0.03803979815775904
2025-04-09,-0.03803302141365272
2025-04-10,-0.03791122737414332
2025-04-11,-0.03790887775121354
2025-04-12,-0.03790887775121354
2025-04-13,-0.03790887775121354
2025-04-14,-0.03791985758900729
2025-04-15,-0.034386042990179
2025-04-16,-0.03383401887492732
2025-04-17,-0.03473840833678388
2025-04-18,-0.034731399850288724
2025-04-19,-0.034731399850288724
2025-04-20,-0.034731399850288724
2025-04-21,-0.0346917042983369
2025-04-22,-0.03820569327411982
2025-04-23,-0.045977805579769604
2025-04-24,-0.04362758871640271
2025-04-25,-0.042268232227655744
2025-04-26,-0.042527101818046975
2025-04-27,-0.042527101818046975
2025-04-28,-0.04234601579262265
2025-04-29,-0.022086335411624525
2025-04-30,-0.02429512121999966
2025-05-01,-0.023508258161309192
2025-05-02,-0.022367076192591595
2025-05-03,-0.022367076192591595
2025-05-04,-0.022367076192591595
2025-05-05,-0.021875616261860964
2025-05-06,-0.0211579534564168
2025-05-07,-0.01805821555650544
2025-05-08,-0.01991435789292406
2025-05-09,-0.01943631106813859
2025-05-10,-0.019406532352290062
2025-05-11,-0.019511024541493227
2025-05-12,-0.019953579984310243
2025-05-13,-0.020370726728629718
2025-05-14,-0.021635503391414734
2025-05-15,-0.022521962985050603
2025-05-16,-0.02247021544578498
2025-05-17,-0.02247021544578498
2025-05-18,-0.02247021544578498
2025-05-19,-0.022486008174639527
2025-05-20,-0.02220733448800305
2025-05-21,-0.02272952776683912
2025-05-22,-0.02258820150848806
2025-05-23,-0.02235407417952573
2025-05-24,-0.02235407417952573
2025-05-25,-0.02235407417952573
2025-05-26,-0.02235407417952573
2025-05-27,-0.02155890430795615
2025-05-28,-0.01889518660783651
2025-05-29,-0.018480154760204925
2025-05-30,-0.01848803755513062
2025-05-31,-0.01848803755513062
2025-06-01,-0.01848803755513062
2025-06-02,-0.018465617351528074
2025-06-03,-0.018356443543698253
2025-06-04,-0.01874950300667122
2025-06-05,-0.0170575651562771
2025-06-06,-0.01702032548883603
2025-06-07,-0.01702032548883603
2025-06-08,-0.01702032548883603
2025-06-09,-0.01701656274561536
2025-06-10,-0.01636091107758142
2025-06-11,-0.01634099935664035
2025-06-12,-0.01634537005670933
2025-06-13,-0.01634064717578454
2025-06-14,-0.01634064717578454
2025-06-15,-0.01634064717578454
2025-06-16,-0.016339118630707916
2025-06-17,-0.016329915671266182
2025-06-18,-0.01639092892641103
2025-06-19,-0.01639092892641103
2025-06-20,-0.0154755132313239
2025-06-21,-0.0154755132313239
2025-06-22,-0.0154755132313239
2025-06-23,-0.015345801150652316
2025-06-24,-0.015953721725901482
2025-06-25,-0.015283991451928713
2025-06-26,-0.015108616600709057
2025-06-27,-0.015116047190301685
2025-06-28,-0.015116729426787878
2025-06-29,-0.015116729426787878
2025-06-30,-0.015118446840160726
2025-07-01,-0.015387621664099127
2025-07-02,-0.015375512469696262
2025-07-03,-0.015375512469696262
2025-07-04,-0.015375512469696262
2025-07-05,-0.015375512469696262
2025-07-06,-0.015375512469696262
2025-07-07,-0.015378646464906054
2025-07-08,-0.015378694435225992
2025-07-09,-0.015515539817533841
2025-07-10,-0.015635533489988473
2025-07-11,-0.01563279017818353
2025-07-12,-0.01563279017818353
2025-07-13,-0.01563279017818353
2025-07-14,-0.015596902029082815
2025-07-15,-0.015595479203080687
2025-07-16,-0.020235176654706866
2025-07-17,-0.018605743016028575
2025-07-18,-0.017598968858351882
2025-07-19,-0.017598968858351882
2025-07-20,-0.017598968858351882
2025-07-21,-0.017733319396995406
2025-07-22,-0.012823175883726723
2025-07-23,-0.0054206229096401826
2025-07-24,-0.0008782425985808251
2025-07-25,-0.0014989869558303948
2025-07-26,-0.0014989869558303948
2025-07-27,-0.0014989869558303948
2025-07-28,-0.001130045054559381
2025-07-29,-0.0005352153849216279
2025-07-30,-0.0072795577538573575
2025-07-31,-0.0007156825002595513
2025-08-01,0.0026555949827267167
2025-08-02,0.002652959847207814
2025-08-03,0.002652959847207814
2025-08-04,0.004770332999984639
2025-08-05,0.011089914103556087
2025-08-06,0.017200781217793448
2025-08-07,0.018918856317344135
2025-08-08,0.018883551841685442
2025-08-09,0.018749894461416394
2025-08-10,0.018694436567580297
2025-08-11,0.019730588284575523
2025-08-12,0.02010471656372359
2025-08-13,0.020472691969426693
2025-08-14,0.019815210024413776
2025-08-15,0.019726372313358942
2025-08-16,0.019708877397313973
2025-08-17,0.019708877397313973
2025-08-18,0.019556185185089836
2025-08-19,0.02319357408931988
2025-08-20,0.0229337946274748
2025-08-21,0.02309068797075975
2025-08-22,0.02322198366519146
2025-08-23,0.02322198366519146
2025-08-24,0.02322198366519146
2025-08-25,0.02326557677956398
2025-08-26,0.02366381164518261
2025-08-27,0.0280101593836819
2025-08-28,0.028774882253397527
2025-08-29,0.028916172736634715
2025-08-30,0.028916172736634715
2025-08-31,0.028916172736634715
2025-09-01,0.028916172736634715
2025-09-02,0.030317834956456347
2025-09-03,0.0321295353316744
2025-09-04,0.03662547634114022
2025-09-05,0.03686421868984424
2025-09-06,0.03686421868984424
2025-09-07,0.03686421868984424
2025-09-08,0.03681967521765506
2025-09-09,0.03096607554599462
2025-09-10,0.03098110737351889
2025-09-11,0.03009720303085439
2025-09-12,0.03054493599707553
2025-09-13,0.03054493599707553
2025-09-14,0.03054493599707553
2025-09-15,0.030571172885761833
2025-09-16,0.0305220946803475
2025-09-17,0.030432554069984574
2025-09-18,0.03127613546876762
2025-09-19,0.03126456175389358
2025-09-20,0.03126456175389358
2025-09-21,0.03126456175389358
2025-09-22,0.031248623900574923
2025-09-23,0.03175818219960469
2025-09-24,0.031962081642104234
2025-09-25,0.032309177907344555
2025-09-26,0.03231655980324488
2025-09-27,0.03231655980324488
2025-09-28,0.03231655980324488
2025-09-29,0.03232176930332553
2025-09-30,0.03261230139893434
2025-10-01,0.03237905650941597
2025-10-02,0.03238030377758405
2025-10-03,0.03238030377758405
2025-10-04,0.03238030377758405
2025-10-05,0.03238030377758405
2025-10-06,0.03235856177578955
2025-10-07,0.03229905263769295
2025-10-08,0.03234592522849855
2025-10-09,0.03227108525639322
2025-10-10,0.03241352908428308
2025-10-11,0.03241352908428308
2025-10-12,0.03241352908428308
2025-10-13,0.03240404216318815
2025-10-14,0.03510016400204963
2025-10-15,0.03495736183788423
2025-10-16,0.03510070477467875
2025-10-17,0.03558072737796403
2025-10-18,0.03558072737796403
2025-10-19,0.03558072737796403
2025-10-20,0.035381397800454906
2025-10-21,0.03642085358896252
2025-10-22,0.036881566187831005
2025-10-23,0.047125104853726674
2025-10-24,0.04723047474949382
2025-10-25,0.04723047474949382
2025-10-26,0.04723047474949382
2025-10-27,0.04714742407861472
2025-10-28,0.046519246584230345
2025-10-29,0.046639743054925464
2025-10-30,0.048500774355491494
2025-10-31,0.05199614743179026
2025-11-01,0.05204354104693931
2025-11-02,0.05204354104693931
2025-11-03,0.05139664269254918
2025-11-04,0.05693018686578766
2025-11-05,0.06118058002277649
2025-11-06,0.06467430507838268
2025-11-07,0.06394943040092849
2025-11-08,0.06399491958468695
2025-11-09,0.06396588304119288
2025-11-10,0.06417632790645911
2025-11-11,0.0666377221501604
2025-11-12,0.06592093869863191
2025-11-13,0.06681830465282745
2025-11-14,0.06740182641585646
2025-11-15,0.06753971601593145
2025-11-16,0.06753971601593145
2025-11-17,0.06750821757932646
2025-11-18,0.06772441251232064
2025-11-19,0.07159579686790796
2025-11-20,0.07024071234631002
2025-11-21,0.070130888374063
2025-11-22,0.070130888374063
2025-11-23,0.070130888374063
2025-11-24,0.06867618919762553
2025-11-25,0.06782334390176259
2025-11-26,0.0678265030954266
2025-11-27,0.0678265030954266
2025-11-28,0.0678265030954266
2025-11-29,0.0678265030954266
2025-11-30,0.0678265030954266
2025-12-01,0.06875138299720529
2025-12-02,0.06947503724306436
2025-12-03,0.06902608255478992
2025-12-04,0.06665715779282388
2025-12-05,0.066721660419512
2025-12-06,0.066721660419512
2025-12-07,0.066721660419512
2025-12-08,0.06673185997375719
2025-12-09,0.0671036794391382
2025-12-10,0.06659679972617782
2025-12-11,0.06773759019276415
2025-12-12,0.06772667088133688
2025-12-13,0.06772667088133688
2025-12-14,0.06772667088133688
2025-12-15,0.06772481750573234
2025-12-16,0.06772486775010966
2025-12-17,0.06772565445447154
2025-12-18,0.06451912657350056
2025-12-19,0.0643591295872048
2025-12-20,0.06436873452647607
2025-12-21,0.06436873452647607
2025-12-22,0.06440177522885837
2025-12-23,0.06449781189786408
2025-12-24,0.06450716284001823
2025-12-25,0.06450716284001823
2025-12-26,0.06450716284001823
2025-12-27,0.06450716284001823
2025-12-28,0.06450716284001823
2025-12-29,0.06451864397170137
2025-12-30,0.06451864397170137
2025-12-31,0.06451911032462365
2026-01-01,0.06451911032462365
2026-01-02,0.06451911032462365
2026-01-03,0.06451911032462365
2026-01-04,0.06451911032462365
2026-01-05,0.06451911032462365
2026-01-06,0.06456025558108935
2026-01-07,0.06485991948507919
2026-01-08,0.06610138288669631
2026-01-09,0.06610024864282615
2026-01-10,0.06610024864282615
2026-01-11,0.06610024864282615
2026-01-12,0.0661004634459712
2026-01-13,0.06608275624089477
2026-01-14,0.06524776911888175
2026-01-15,0.06528037005990517
2026-01-16,0.06528037005990517
2026-01-17,0.06528037005990517
2026-01-18,0.06528037005990517
2026-01-19,0.06526647749386227
2026-01-20,0.06416070096159232
2026-01-21,0.0614554070355271
2026-01-22,0.0669329891504673
2026-01-23,0.06680837834004083
2026-01-24,0.06680837834004083
2026-01-25,0.0665234625236677
2026-01-26,0.06844699105994256
2026-01-27,0.06225828286279289
2026-01-28,0.07175258010172092
2026-01-29,0.08204668576029883
2026-01-30,0.08491569198948778
2026-01-31,0.08491569198948778
2026-02-01,0.08491569198948778
2026-02-02,0.08386929256857356
2026-02-03,0.07682767864926232
2026-02-04,0.09795028697487695
2026-02-05,0.10659186978277058
2026-02-06,0.10662861760963027
2026-02-07,0.10662861760963027
2026-02-08,0.10662861760963027
2026-02-09,0.10524127462657407
2026-02-10,0.1009028018019622
2026-02-11,0.1022317362419678
2026-02-12,0.10476975643252207
2026-02-13,0.10703004987436682
2026-02-14,0.10703997147406685
2026-02-15,0.10703997147406685
2026-02-16,0.10693742136096818
2026-02-17,0.10702584778012514
2026-02-18,0.10924498213995726
2026-02-19,0.11046614846886471
2026-02-20,0.11064228895293748
2026-02-21,0.11062189008885492
2026-02-22,0.11062189008885492
2026-02-23,0.11169578357019727
2026-02-24,0.11543937060974963
2026-02-25,0.11020578810533443
2026-02-26,0.11522205393161111
2026-02-27,0.1159667367579349
2026-02-28,0.11597085691791387
2026-03-01,0.11597085691791387
2026-03-02,0.11693767800758348
2026-03-03,0.11859379939475101
2026-03-04,0.12050763385905472
2026-03-05,0.12044629752060354
2026-03-06,0.12090948355393905
2026-03-07,0.12090948355393905
2026-03-08,0.12090948355393905
2026-03-09,0.1210720121084119
2026-03-10,0.13886632499295049
2026-03-11,0.1322731741612817
2026-03-12,0.1320992399346268
2026-03-13,0.13220158894341005
2026-03-14,0.13220243694062273
2026-03-15,0.13220243694062273
2026-03-16,0.13229980209207937
2026-03-17,0.13218886853697964
2026-03-18,0.13685394376262772
2026-03-19,0.13796551827947878
2026-03-20,0.1380932820104881
2026-03-21,0.13807611398770758
2026-03-22,0.13807611398770758
2026-03-23,0.13805246378196423
2026-03-24,0.13783244722047172
2026-03-25,0.13860286636767039
2026-03-26,0.13707686589828105
2026-03-27,0.1369204846104468
2026-03-28,0.1369204846104468
2026-03-29,0.1369204846104468
2026-03-30,0.13750710474575079
2026-03-31,0.13820641844857762
2026-04-01,0.13813808933089966
2026-04-02,0.13838392911280128
2026-04-03,0.13837937353376684
2026-04-04,0.13837937353376684
2026-04-05,0.13837937353376684
2026-04-06,0.13837937353376684
2026-04-07,0.13835226209913531
2026-04-08,0.1383831476084909
2026-04-09,0.1383053693044387
2026-04-10,0.13840301569735947
2026-04-11,0.13840301569735947
2026-04-12,0.13840301569735947
2026-04-13,0.13847609659033178
2026-04-14,0.13380709520325995
2026-04-15,0.13392383832691546
2026-04-16,0.1337428611820488
2026-04-17,0.1338164046698067
2026-04-18,0.1338164046698067
2026-04-19,0.1338164046698067
2026-04-20,0.1336505326610251
2026-04-21,0.13311078678664168
2026-04-22,0.13521176316032646
2026-04-23,0.14121610082751657
2026-04-24,0.142301816282963
2026-04-25,0.142301816282963
2026-04-26,0.14235811196629689
2026-04-27,0.14073849570280306
2026-04-28,0.13509204038009148
2026-04-29,0.1471065629678978
2026-04-30,0.14118905194292708
2026-05-01,0.13785982659709695
2026-05-02,0.13785982659709695
2026-05-03,0.13785982659709695
2026-05-04,0.1397979344432856
2026-05-05,0.14194355146199933
2026-05-06,0.1365605199510267
2026-05-07,0.14389487328566797
2026-05-08,0.14128954342455446
2026-05-09,0.14128954342455446
2026-05-10,0.14114338974501162
2026-05-11,0.141657383266649
2026-05-12,0.14259236483299387
2026-05-13,0.14795048516299447
2026-05-14,0.14920324783675487
2026-05-15,0.14949487280917384
2026-05-16,0.14949487280917384
2026-05-17,0.1494773064848145
2026-05-18,0.14949731519734355
2026-05-19,0.14878341792951955
2026-05-20,0.15609907213049468
2026-05-21,0.1542430260650829
2026-05-22,0.15396215638066346
2026-05-23,0.15396215638066346
2026-05-24,0.15396215638066346
2026-05-25,0.15396215638066346
2026-05-26,0.15367689339674362
2026-05-27,0.14970195860710045
2026-05-28,0.1501221860172146
2026-05-29,0.15011231884970933
2026-05-30,0.15011231884970933
2026-05-31,0.15011231884970933
2026-06-01,0.15147530124424158
2026-06-02,0.15068820865493504
2026-06-03,0.15243399283556913
2026-06-04,0.15251948878067823
2026-06-05,0.15253763944278176
2026-06-06,0.15253763944278176
2026-06-07,0.15253763944278176
2026-06-08,0.15257975189872575
2026-06-09,0.1526870154255462
2026-06-10,0.15269559058481819
2026-06-11,0.15287702442155005
2026-06-12,0.15287506036651077
2026-06-13,0.15287506036651077
2026-06-14,0.15287506036651077
2026-06-15,0.15287859510088753
2026-06-16,0.1528869377510096
2026-06-17,0.15306834417313842
2026-06-18,0.15294410571627104
2026-06-19,0.15294410571627104
2026-06-20,0.15294410571627104
2026-06-21,0.15294410571627104
2026-06-22,0.15298678403511334
2026-06-23,0.15358490097002653
2026-06-24,0.1625254202666293
2026-06-25,0.16250235729624318
2026-06-26,0.1624888248616494
2026-06-27,0.1624888248616494
2026-06-28,0.1624888248616494
2026-06-29,0.16253516625299191
2026-06-30,0.16272146323581538
2026-07-01,0.1626762507880135
2026-07-02,0.16265962659859112
2026-07-03,0.16265962659859112
2026-07-04,0.16265962659859112
2026-07-05,0.16265962659859112
2026-07-06,0.16265962659859112
2026-07-07,0.16265263424109833
2026-07-08,0.16272089700451042
2026-07-09,0.16270581172379184
2026-07-10,0.1627047973534641
2026-07-11,0.1627047973534641
2026-07-12,0.1627047973534641
2026-07-13,0.1627047973534641
2026-07-14,0.16267090690070907
2026-07-15,0.17170081294524464
2026-07-16,0.16864271207208015
2026-07-17,0.16864120692238127
2026-07-18,0.16864120692238127
2026-07-19,0.16864120692238127
2026-07-20,0.16915677972556864
2026-07-21,0.16661076927189145
2026-07-22,0.21546507382078062
2026-07-23,0.20706728027830446
2026-07-24,0.20740089312089127
2026-07-25,0.20740089312089127
2026-07-26,0.20729365178149894
2026-07-27,0.2077907184698755
2026-07-28,0.2078629278620976
2026-07-29,0.21227171065665185
2026-07-30,0.20202772479887465
2026-07-31,0.2067307498239972
2026-08-01,0.20684812037850908
2026-08-02,0.20684812037850908
2026-08-03,0.21513110401861724
2026-08-04,0.21562047614914004
2026-08-05,0.22071827784651776
2026-08-06,0.22010090607615207
2026-08-07,0.22114388068052415
2026-08-08,0.22114388068052415
2026-08-09,0.22123096131904108
2026-08-10,0.2192928013508202
2026-08-11,0.22161421304848994
2026-08-12,0.22173565309614518
2026-08-13,0.22496712670914443
2026-08-14,0.22504792761318693
2026-08-15,0.22504792761318693
2026-08-16,0.22504792761318693
2026-08-17,0.22493937303663314
2026-08-18,0.22472482955220596
2026-08-19,0.22295188582430692
2026-08-20,0.2230367618616116
2026-08-21,0.22302900705612339
2026-08-22,0.22302900705612339
2026-08-23,0.22302900705612339
2026-08-24,0.22308872135199254
2026-08-25,0.22263041511328296
2026-08-26,0.24333611543973
2026-08-27,0.24218431986942157
2026-08-28,0.24213959945935715
2026-08-29,0.24213959945935715
2026-08-30,0.24213959945935715
2026-08-31,0.24214139228991338
2026-09-01,0.24114273027568522
2026-09-02,0.24095515695525616
2026-09-03,0.24095807170400052
2026-09-04,0.2409533198927738
2026-09-05,0.2409533198927738
2026-09-06,0.2409533198927738
2026-09-07,0.2409533198927738
2026-09-08,0.2376653340656505
2026-09-09,0.23655829183294497
2026-09-10,0.23669134358202748
2026-09-11,0.2367051772279214
2026-09-12,0.2367051772279214
2026-09-13,0.2367051772279214
2026-09-14,0.2366639496960954
2026-09-15,0.23666577661054333
2026-09-16,0.2366735538868614
2026-09-17,0.23668227962126354
2026-09-18,0.2366850460265968
2026-09-19,0.2366850460265968
2026-09-20,0.2366850460265968
2026-09-21,0.2366792356026297
2026-09-22,0.2367051376039142
2026-09-23,0.23671102608227668
2026-09-24,0.23723243298008412
2026-09-25,0.23725198700972272
2026-09-26,0.23725198700972272
2026-09-27,0.23725198700972272
2026-09-28,0.23723701482715187
2026-09-29,0.23689895294620222
2026-09-30,0.24439161674146348
2026-10-01,0.24540736300096122
2026-10-02,0.24540946041078704
